
  ___  ____  ____  ____  ____ ®
 /__    /   ____/   /   ____/      StataNow 19.5
___/   /   /___/   /   /___/       MP—Parallel Edition

 Statistics and Data Science       Copyright 1985-2025 StataCorp LLC
                                   StataCorp
                                   4905 Lakeway Drive
                                   College Station, Texas 77845 USA
                                   800-782-8272        https://www.stata.com
                                   979-696-4600        service@stata.com

Stata license: 4-user 16-core network, expiring 14 Sep 2026
Serial number: 501909301589
  Licensed to: University of Notre Dame
               Notre Dame, IN 46556

Notes:
      1. Stata is running in batch mode.
      2. Unicode is supported; see help unicode_advice.
      3. More than 2 billion observations are allowed; see help obs_advice.
      4. Maximum number of variables is set to 5,000 but can be increased;
          see help set_maxvar.

. do /users/aquisper/proj_bureaucrats_farms/code/_stacked_downup_replication/ex
> ploratory_analysis/protest_original_controls_fe_sweep/_protest_original_contr
> ols_fe_sweep.do 

. *****************************************************************************
> ***
. * Stacked protest sample: 32 FE x 3 control definitions.
. *
. * One invocation receives an FE numlist (normally 1/15 or 16/32) and one
. * control definition. For every FE it estimates:
. *   1. Event study, relative years -8,...,1, omitting -1.
. *   2. DiD interaction post x treat x downup_ac_pop.
. *****************************************************************************
> ***
. 
. version 17

. set processors 5
    The maximum number of processors or cores being used is changed from 16
    to 5.  It can be set to any number between 1 and 16

. args fe_arg control_arg

. 
. local fe_env : environment PROTEST_FE_LIST

. local control_env : environment PROTEST_CONTROL_SAMPLE

. local sample_env : environment ANALYSIS_SAMPLE_SUFFIX

. 
. if "$root" == "" {
.     clear all
.     set more off
.     global location     "shell"
.     global sample       "`sample_env'"
.     global is_rural_var "is_rural"
.     global fe_list      "1/15"
.     global ster_suffix  "_acpop"
.     global shell "/groups/sgulzar/sa_fires/proj_bureaucrats_farms"
.     global dbox  "C:/Users/eunic/Dropbox/sa_fires/proj_bureaucrats_farms"
.     global code_shell "/users/aquisper/proj_bureaucrats_farms/code/_stacked_d
> ownup_replication"
.     global code_dbox "C:/Users/eunic/OneDrive/Documents/GitHub/proj_bureaucra
> ts_farms/code/_stacked_downup_replication"
.     if "$location" == "dbox" {
.         global root "$dbox"
.         global code "$code_dbox"
.     }
.     else {
.         global root "$shell"
.         global code "$code_shell"
.     }
. }

. 
. if "`fe_arg'" != "" global fe_list "`fe_arg'"

. else if "`fe_env'" != "" global fe_list "`fe_env'"

. 
. local control_sample "`control_arg'"

. if "`control_sample'" == "" local control_sample "`control_env'"

. if "`control_sample'" == "" local control_sample "never"

. if !inlist("`control_sample'", "never", "both", "notyet") {
.     display as error "Control sample must be never, both, or notyet."
.     exit 198
. }

. foreach selected_fe of numlist $fe_list {
  2.     if !inrange(`selected_fe', 1, 32) {
  3.         display as error "Every FE id must be from 1 through 32."
  4.         exit 198
  5.     }
  6. }

. 
. global int_data "${root}/data_output/intermediate"

. global tables_root "${code}/../../tables"

. global tables "${tables_root}/exploratory_analysis/protest_original_controls_
> fe_sweep"

. global figures_root "${code}/../../figures"

. global figures "${figures_root}/exploratory_analysis/protest_original_control
> s_fe_sweep"

. if "${sample}" == "_sample" {
.     global tables "${tables}/sample"
.     global figures "${figures}/sample"
. }

. capture mkdir "${tables_root}/exploratory_analysis"

. capture mkdir "${tables}"

. capture mkdir "${figures_root}/exploratory_analysis"

. capture mkdir "${figures}"

. 
. local input_file "${int_data}/stacked_data_protest5km${sample}.csv"

. confirm file "`input_file'"

. import delimited using "`input_file'", clear varnames(1)
(encoding automatically selected: ISO-8859-1)
(22 vars, 257,040,986 obs)

. 
. capture confirm variable relative_year_bin

. if _rc {
.     confirm variable relative_year
.     rename relative_year relative_year_bin
. }

. local required unique_small_grid_id province ac_uq_id count month year ///
>     monthyear downup_ac_pop av_wind_speed wind_direction election_year ///
>     yeargov treat cohort relative_year_bin control_type

. foreach variable of local required {
  2.     confirm variable `variable'
  3. }

. assert control_type == 0 if treat == 1

. assert inlist(control_type, 1, 2) if treat == 0

. 
. gen double countk = count * 1000

. merge m:1 unique_small_grid_id using ///
>     "${int_data}/ghs_grid_classification_2000.dta", ///
>     keep(master match) keepusing(is_rural)

    Result                      Number of obs
    -----------------------------------------
    Not matched                             0
    Matched                       257,040,986  (_merge==3)
    -----------------------------------------

. count if _merge == 1
  0

. display as text "Rows without rural classification: " r(N)
Rows without rural classification: 0

. drop _merge

. keep if ${is_rural_var} == 1
(56,924,924 observations deleted)

. keep if year < 2022 | (year == 2022 & month <= 8)
(36,592,248 observations deleted)

. 
. if "`control_sample'" == "never" {
.     keep if treat == 1 | control_type == 1
(6,699,894 observations deleted)
. }

. else if "`control_sample'" == "notyet" {
.     keep if treat == 1 | control_type == 2
.     display as error "CAUTION: control_type 2 is the legacy partial-zero-spel
> l group."
. }

. 
. gen byte fe_complete = 1

. local complete_vars unique_small_grid_id province ac_uq_id month year ///
>     monthyear election_year yeargov cohort countk downup_ac_pop ///
>     av_wind_speed wind_direction treat relative_year_bin control_type

. foreach variable of local complete_vars {
  2.     replace fe_complete = 0 if missing(`variable')
  3. }
(0 real changes made)
(0 real changes made)
(0 real changes made)
(0 real changes made)
(0 real changes made)
(0 real changes made)
(0 real changes made)
(0 real changes made)
(0 real changes made)
(0 real changes made)
(0 real changes made)
(0 real changes made)
(0 real changes made)
(0 real changes made)
(0 real changes made)
(0 real changes made)

. count if fe_complete == 0
  0

. display as text "Rows removed by common complete-case restriction: " r(N)
Rows removed by common complete-case restriction: 0

. drop if fe_complete == 0
(0 observations deleted)

. drop fe_complete

. 
. egen long unique_small_grid_id_cohort = group(unique_small_grid_id cohort)

. egen long province_cohort = group(province cohort)

. egen long monthyearco = group(month year cohort)

. egen long ac_elec_yr = group(ac_uq_id election_year cohort)

. 
. local fe1  "unique_small_grid_id_cohort"

. local fe2  "unique_small_grid_id_cohort monthyearco"

. local fe3  "unique_small_grid_id_cohort province_cohort#c.monthyear"

. local fe4  "unique_small_grid_id_cohort yeargov"

. local fe5  "unique_small_grid_id_cohort province_cohort#election_year"

. local fe6  "unique_small_grid_id_cohort province_cohort#election_year#yeargov
> "

. local fe7  "unique_small_grid_id_cohort monthyearco province_cohort#c.monthye
> ar"

. local fe8  "unique_small_grid_id_cohort monthyearco yeargov"

. local fe9  "unique_small_grid_id_cohort monthyearco province_cohort#election_
> year"

. local fe10 "unique_small_grid_id_cohort monthyearco province_cohort#election_
> year#yeargov"

. local fe11 "unique_small_grid_id_cohort province_cohort#c.monthyear yeargov"

. local fe12 "unique_small_grid_id_cohort province_cohort#c.monthyear province_
> cohort#election_year"

. local fe13 "unique_small_grid_id_cohort province_cohort#c.monthyear province_
> cohort#election_year#yeargov"

. local fe14 "unique_small_grid_id_cohort yeargov province_cohort#election_year
> "

. local fe15 "unique_small_grid_id_cohort yeargov province_cohort#election_year
> #yeargov"

. local fe16 "unique_small_grid_id_cohort province_cohort#election_year provinc
> e_cohort#election_year#yeargov"

. local fe17 "unique_small_grid_id_cohort monthyearco province_cohort#c.monthye
> ar yeargov"

. local fe18 "unique_small_grid_id_cohort monthyearco province_cohort#c.monthye
> ar province_cohort#election_year"

. local fe19 "unique_small_grid_id_cohort monthyearco province_cohort#c.monthye
> ar province_cohort#election_year#yeargov"

. local fe20 "unique_small_grid_id_cohort monthyearco yeargov province_cohort#e
> lection_year"

. local fe21 "unique_small_grid_id_cohort monthyearco yeargov province_cohort#e
> lection_year#yeargov"

. local fe22 "unique_small_grid_id_cohort monthyearco province_cohort#election_
> year province_cohort#election_year#yeargov"

. local fe23 "unique_small_grid_id_cohort province_cohort#c.monthyear yeargov p
> rovince_cohort#election_year"

. local fe24 "unique_small_grid_id_cohort province_cohort#c.monthyear yeargov p
> rovince_cohort#election_year#yeargov"

. local fe25 "unique_small_grid_id_cohort province_cohort#c.monthyear province_
> cohort#election_year province_cohort#election_year#yeargov"

. local fe26 "unique_small_grid_id_cohort yeargov province_cohort#election_year
>  province_cohort#election_year#yeargov"

. local fe27 "unique_small_grid_id_cohort monthyearco province_cohort#c.monthye
> ar yeargov province_cohort#election_year"

. local fe28 "unique_small_grid_id_cohort monthyearco province_cohort#c.monthye
> ar yeargov province_cohort#election_year#yeargov"

. local fe29 "unique_small_grid_id_cohort monthyearco province_cohort#c.monthye
> ar province_cohort#election_year province_cohort#election_year#yeargov"

. local fe30 "unique_small_grid_id_cohort monthyearco yeargov province_cohort#e
> lection_year province_cohort#election_year#yeargov"

. local fe31 "unique_small_grid_id_cohort province_cohort#c.monthyear yeargov p
> rovince_cohort#election_year province_cohort#election_year#yeargov"

. local fe32 "unique_small_grid_id_cohort monthyearco province_cohort#c.monthye
> ar yeargov province_cohort#election_year province_cohort#election_year#yeargo
> v"

. 
. tempfile full_analysis_sample

. save `full_analysis_sample'
file /tmp/1350675.1.largemem/St2817137.000001 saved as .dta format

. 
. * Prepare the event-study sample once and loop over the requested FEs.
. use `full_analysis_sample', clear

. keep if inrange(relative_year_bin, -8, 1)
(8,652,771 observations deleted)

. quietly summarize relative_year_bin

. assert r(min) == -8

. assert r(max) == 1

. gen int relative_year_bin_aux = relative_year_bin + 9

. local base = 8

. gen byte moderator = 0

. * local moderators_list moderator downup_ac rice_area_aclvl_ahigh rice_harvar
> ea_aclvl_ahigh rice_prod_aclvl_ahigh
. local moderators_list moderator

. count if treat == 1
  973,251

. local event_n_treated = r(N)

. count if treat == 0
  147,197,898

. local event_n_control = r(N)

. egen byte event_tag_ac = tag(ac_uq_id)

. count if event_tag_ac
  808

. local event_numacs = r(N)

. drop event_tag_ac

. quietly summarize countk if treat == 1 & relative_year_bin <= -1

. local event_ymean = r(mean)

. quietly summarize countk if treat == 1 & relative_year_bin <= -1 & moderator 
> == 1

. local event_ymean2 = r(mean)

. 
. foreach mod of local moderators_list {
  2.     replace moderator = `mod'
  3.     local rhs "ib`base'.relative_year_bin_aux##ib0.treat##ib0.`mod' wind_d
> irection av_wind_speed"
  4.     foreach selected_fe of numlist $fe_list {
  5.         local fespec "`fe`selected_fe''"
  6.         local fe_tag : display %02.0f `selected_fe'
  7.         local fe_tag = strtrim("`fe_tag'")
  8.         local prefix "protest_original_fe`fe_tag'_controls_`control_sample
> '"
  9.         display as result "EVENT controls=`control_sample' FE=`selected_fe
> ': `fespec'"
 10.         est clear
 11.         reghdfejl countk `rhs', absorb(`fespec') vce(cluster ac_elec_yr)
 12.         estadd scalar ymean = `event_ymean'
 13.         estadd scalar ymean2 = `event_ymean2'
 14.         estadd scalar acq = `event_numacs'
 15.         estadd scalar fe_id = `selected_fe'
 16.         estadd scalar n_treated = `event_n_treated'
 17.         estadd scalar n_control = `event_n_control'
 18.         estadd local smpl "Rural"
 19.         estadd local fespec "`fespec'"
 20.         estadd local mod "`mod'"
 21.         estadd local controls "`control_sample'"
 22.         est store evreg1
 23.         local event_out "${tables}/`prefix'_event_rural_acpop_all"
 24.         estwrite evreg1 using "`event_out'.ster", replace
 25.         confirm file "`event_out'.ster"
 26.     }
 27. }
(0 real changes made)
EVENT controls=never FE=1: unique_small_grid_id_cohort
(MWFE estimator converged in 1 iterations)

HDFE linear regression with Julia                 Number of obs   =  148171149
Absorbing 1 HDFE group                            F(  20,  45579) =     429.41
Statistics cluster-robust                         Prob > F        =     0.0000
                                                  R-squared       =     0.1014
                                                  Adj R-squared   =     0.0934
Number of clusters (ac_elec_yr) =      45579      Within R-sq.    =     0.0062
                                                  Root MSE        =   832.8484

                        (Std. err. adjusted for 45,579 clusters in ac_elec_yr)
------------------------------------------------------------------------------
             |               Robust
      countk | Coefficient  std. err.      t    P>|t|     [95% conf. interval]
-------------+----------------------------------------------------------------
relative_y~x |
          1  |  -7.068244   .9927261    -7.12   0.000    -9.014003   -5.122485
          2  |  -17.24743   1.007954   -17.11   0.000    -19.22304   -15.27183
          3  |  -9.386071   1.043091    -9.00   0.000    -11.43055   -7.341596
          4  |   14.36044   1.200684    11.96   0.000     12.00707     16.7138
          5  |    1.38574   1.043992     1.33   0.184    -.6605019    3.431981
          6  |   2.211349   .9708265     2.28   0.023     .3085132    4.114184
          7  |  -8.097636   1.110167    -7.29   0.000    -10.27358   -5.921691
          9  |   26.48824   1.161579    22.80   0.000     24.21153    28.76496
         10  |     19.215   1.843318    10.42   0.000     15.60207    22.82793
             |
     1.treat |          0  (omitted)
wind_direc~n |  -.6413184   .0085633   -74.89   0.000    -.6581026   -.6245342
av_wind_sp~d |   63.40678   1.221263    51.92   0.000     61.01309    65.80047
             |
relative_y~x#|
       treat |
        1 1  |   67.34214   11.68634     5.76   0.000     44.43673    90.24754
        2 1  |    51.4438   11.55459     4.45   0.000     28.79663    74.09098
        3 1  |   36.67823   11.39949     3.22   0.001     14.33503    59.02142
        4 1  |    72.2334   13.69133     5.28   0.000     45.39817    99.06862
        5 1  |   47.87348   14.81893     3.23   0.001     18.82813    76.91883
        6 1  |  -10.32688   8.924763    -1.16   0.247    -27.81956    7.165802
        7 1  |  -2.060371   10.83016    -0.19   0.849    -23.28767    19.16692
        9 1  |   57.76544     9.9966     5.78   0.000     38.17194    77.35894
       10 1  |   49.43989   27.15055     1.82   0.069    -3.775621    102.6554
------------------------------------------------------------------------------

added scalar:
              e(ymean) =  439.55556

added scalar:
             e(ymean2) =  .

added scalar:
                e(acq) =  808

added scalar:
              e(fe_id) =  1

added scalar:
          e(n_treated) =  973251

added scalar:
          e(n_control) =  1.472e+08

added macro:
               e(smpl) : "Rural"

added macro:
             e(fespec) : "unique_small_grid_id_cohort"

added macro:
                e(mod) : "moderator"

added macro:
           e(controls) : "never"
(saving evreg1)
(file /users/aquisper/proj_bureaucrats_farms/code/_stacked_downup_replication/.
> ./../tables/exploratory_analysis/protest_original_controls_fe_sweep/protest_o
> riginal_fe01_controls_never_event_rural_acpop_all.ster saved)
EVENT controls=never FE=2: unique_small_grid_id_cohort monthyearco
(MWFE estimator converged in 2 iterations)

HDFE linear regression with Julia                 Number of obs   =  148171149
Absorbing 2 HDFE groups                           F(  11,  45579) =     250.86
Statistics cluster-robust                         Prob > F        =     0.0000
                                                  R-squared       =     0.1329
                                                  Adj R-squared   =     0.1251
Number of clusters (ac_elec_yr) =      45579      Within R-sq.    =     0.0027
                                                  Root MSE        =   818.1303

                        (Std. err. adjusted for 45,579 clusters in ac_elec_yr)
------------------------------------------------------------------------------
             |               Robust
      countk | Coefficient  std. err.      t    P>|t|     [95% conf. interval]
-------------+----------------------------------------------------------------
relative_y~x |
          1  |          0  (omitted)
          2  |          0  (omitted)
          3  |          0  (omitted)
          4  |          0  (omitted)
          5  |          0  (omitted)
          6  |          0  (omitted)
          7  |          0  (omitted)
          9  |          0  (omitted)
         10  |          0  (omitted)
             |
     1.treat |          0  (omitted)
wind_direc~n |  -.2665438   .0061777   -43.15   0.000    -.2786522   -.2544354
av_wind_sp~d |   152.4518   3.271244    46.60   0.000     146.0401    158.8635
             |
relative_y~x#|
       treat |
        1 1  |   59.86775   11.13183     5.38   0.000     38.04918    81.68632
        2 1  |   48.24691   11.02527     4.38   0.000      26.6372    69.85661
        3 1  |   37.37724   10.86031     3.44   0.001     16.09085    58.66363
        4 1  |   60.27813   12.95451     4.65   0.000     34.88708    85.66919
        5 1  |   41.63266   14.02368     2.97   0.003     14.14602    69.11929
        6 1  |  -13.64278    8.46532    -1.61   0.107    -30.23495    2.949379
        7 1  |  -13.07197   9.738075    -1.34   0.179    -32.15876    6.014809
        9 1  |   49.21821   9.762206     5.04   0.000     30.08413    68.35229
       10 1  |   39.71131   25.87705     1.53   0.125    -11.00813    90.43076
------------------------------------------------------------------------------

added scalar:
              e(ymean) =  439.55556

added scalar:
             e(ymean2) =  .

added scalar:
                e(acq) =  808

added scalar:
              e(fe_id) =  2

added scalar:
          e(n_treated) =  973251

added scalar:
          e(n_control) =  1.472e+08

added macro:
               e(smpl) : "Rural"

added macro:
             e(fespec) : "unique_small_grid_id_cohort monthyearco"

added macro:
                e(mod) : "moderator"

added macro:
           e(controls) : "never"
(saving evreg1)
(file /users/aquisper/proj_bureaucrats_farms/code/_stacked_downup_replication/.
> ./../tables/exploratory_analysis/protest_original_controls_fe_sweep/protest_o
> riginal_fe02_controls_never_event_rural_acpop_all.ster saved)
EVENT controls=never FE=3: unique_small_grid_id_cohort province_cohort#c.monthy
> ear
(MWFE estimator converged in 9 iterations)

HDFE linear regression with Julia                 Number of obs   =  148171149
Absorbing 2 HDFE groups                           F(  20,  45579) =     420.07
Statistics cluster-robust                         Prob > F        =     0.0000
                                                  R-squared       =     0.1016
                                                  Adj R-squared   =     0.0936
Number of clusters (ac_elec_yr) =      45579      Within R-sq.    =     0.0062
                                                  Root MSE        =   832.7606

                        (Std. err. adjusted for 45,579 clusters in ac_elec_yr)
------------------------------------------------------------------------------
             |               Robust
      countk | Coefficient  std. err.      t    P>|t|     [95% conf. interval]
-------------+----------------------------------------------------------------
relative_y~x |
          1  |  -131.2724   26.21432    -5.01   0.000    -182.6529   -79.89192
          2  |  -123.9808   22.54605    -5.50   0.000    -168.1714   -79.79015
          3  |  -98.31167   18.76169    -5.24   0.000    -135.0849   -61.53845
          4  |  -56.79654   15.05579    -3.77   0.000    -86.30614   -27.28695
          5  |  -51.98909   11.17565    -4.65   0.000    -73.89355   -30.08464
          6  |  -33.37781   7.478116    -4.46   0.000    -48.03504   -18.72058
          7  |  -25.89042   3.798515    -6.82   0.000    -33.33557   -18.44527
          9  |   44.25568   4.175893    10.60   0.000     36.07086     52.4405
         10  |   54.80879   7.915786     6.92   0.000     39.29372    70.32385
             |
     1.treat |          0  (omitted)
wind_direc~n |  -.6396956   .0085649   -74.69   0.000    -.6564828   -.6229083
av_wind_sp~d |   64.55404   1.249981    51.64   0.000     62.10405    67.00402
             |
relative_y~x#|
       treat |
        1 1  |   27.88052   11.20178     2.49   0.013     5.924847    49.83619
        2 1  |   17.70499   11.43318     1.55   0.121    -4.704219    40.11419
        3 1  |   8.557759   10.98206     0.78   0.436    -12.96724    30.08276
        4 1  |   49.75931   13.47114     3.69   0.000     23.35567    76.16296
        5 1  |   31.01471   14.61477     2.12   0.034     2.369534    59.65988
        6 1  |  -21.58265   8.716655    -2.48   0.013    -38.66744   -4.497867
        7 1  |  -7.671046   10.73369    -0.71   0.475    -28.70925    13.36716
        9 1  |   63.45128   10.07866     6.30   0.000     43.69694    83.20562
       10 1  |   60.21156   26.82619     2.24   0.025     7.631799    112.7913
------------------------------------------------------------------------------

added scalar:
              e(ymean) =  439.55556

added scalar:
             e(ymean2) =  .

added scalar:
                e(acq) =  808

added scalar:
              e(fe_id) =  3

added scalar:
          e(n_treated) =  973251

added scalar:
          e(n_control) =  1.472e+08

added macro:
               e(smpl) : "Rural"

added macro:
             e(fespec) : "unique_small_grid_id_cohort province_cohort#c.monthye
> ar"

added macro:
                e(mod) : "moderator"

added macro:
           e(controls) : "never"
(saving evreg1)
(file /users/aquisper/proj_bureaucrats_farms/code/_stacked_downup_replication/.
> ./../tables/exploratory_analysis/protest_original_controls_fe_sweep/protest_o
> riginal_fe03_controls_never_event_rural_acpop_all.ster saved)
EVENT controls=never FE=4: unique_small_grid_id_cohort yeargov
(MWFE estimator converged in 5 iterations)

HDFE linear regression with Julia                 Number of obs   =  148171149
Absorbing 2 HDFE groups                           F(  20,  45579) =     431.20
Statistics cluster-robust                         Prob > F        =     0.0000
                                                  R-squared       =     0.1014
                                                  Adj R-squared   =     0.0934
Number of clusters (ac_elec_yr) =      45579      Within R-sq.    =     0.0062
                                                  Root MSE        =   832.8217

                        (Std. err. adjusted for 45,579 clusters in ac_elec_yr)
------------------------------------------------------------------------------
             |               Robust
      countk | Coefficient  std. err.      t    P>|t|     [95% conf. interval]
-------------+----------------------------------------------------------------
relative_y~x |
          1  |  -.0584802   1.118638    -0.05   0.958    -2.251029    2.134069
          2  |  -16.08153   1.026707   -15.66   0.000    -18.09389   -14.06916
          3  |  -9.421527   1.048859    -8.98   0.000    -11.47731   -7.365746
          4  |   15.08491   1.235878    12.21   0.000     12.66257    17.50725
          5  |   6.749549   1.099149     6.14   0.000     4.595199    8.903899
          6  |    9.23827   1.069379     8.64   0.000     7.142269    11.33427
          7  |  -6.903566   1.143318    -6.04   0.000    -9.144487   -4.662645
          9  |   27.03163   1.204179    22.45   0.000     24.67142    29.39184
         10  |   22.32638   1.912626    11.67   0.000     18.57761    26.07516
             |
     1.treat |          0  (omitted)
wind_direc~n |  -.6430548   .0085654   -75.08   0.000    -.6598432   -.6262664
av_wind_sp~d |   63.69507   1.223297    52.07   0.000     61.29739    66.09275
             |
relative_y~x#|
       treat |
        1 1  |   65.07511   11.69869     5.56   0.000     42.14549    88.00472
        2 1  |   50.00207   11.55807     4.33   0.000     27.34806    72.65608
        3 1  |   36.67314   11.42009     3.21   0.001     14.28959     59.0567
        4 1  |   71.60787   13.62715     5.25   0.000     44.89843    98.31731
        5 1  |   44.71121   14.68576     3.04   0.002     15.92688    73.49553
        6 1  |  -12.64525   8.881857    -1.42   0.155    -30.05383    4.763329
        7 1  |  -3.487053   10.91236    -0.32   0.749    -24.87545    17.90134
        9 1  |   57.29999   9.985958     5.74   0.000     37.72735    76.87262
       10 1  |   46.46907   27.05305     1.72   0.086    -6.555338    99.49348
------------------------------------------------------------------------------

added scalar:
              e(ymean) =  439.55556

added scalar:
             e(ymean2) =  .

added scalar:
                e(acq) =  808

added scalar:
              e(fe_id) =  4

added scalar:
          e(n_treated) =  973251

added scalar:
          e(n_control) =  1.472e+08

added macro:
               e(smpl) : "Rural"

added macro:
             e(fespec) : "unique_small_grid_id_cohort yeargov"

added macro:
                e(mod) : "moderator"

added macro:
           e(controls) : "never"
(saving evreg1)
(file /users/aquisper/proj_bureaucrats_farms/code/_stacked_downup_replication/.
> ./../tables/exploratory_analysis/protest_original_controls_fe_sweep/protest_o
> riginal_fe04_controls_never_event_rural_acpop_all.ster saved)
EVENT controls=never FE=5: unique_small_grid_id_cohort province_cohort#election
> _year
(MWFE estimator converged in 2 iterations)

HDFE linear regression with Julia                 Number of obs   =  148171149
Absorbing 2 HDFE groups                           F(  20,  45579) =     407.02
Statistics cluster-robust                         Prob > F        =     0.0000
                                                  R-squared       =     0.1020
                                                  Adj R-squared   =     0.0940
Number of clusters (ac_elec_yr) =      45579      Within R-sq.    =     0.0061
                                                  Root MSE        =   832.5674

                        (Std. err. adjusted for 45,579 clusters in ac_elec_yr)
------------------------------------------------------------------------------
             |               Robust
      countk | Coefficient  std. err.      t    P>|t|     [95% conf. interval]
-------------+----------------------------------------------------------------
relative_y~x |
          1  |  -29.39539   1.975412   -14.88   0.000    -33.26723   -25.52355
          2  |  -39.93779   2.051459   -19.47   0.000    -43.95868   -35.91689
          3  |  -31.24571   1.941678   -16.09   0.000    -35.05143      -27.44
          4  |  -3.270947   1.775083    -1.84   0.065    -6.750138    .2082443
          5  |  -7.736762   1.099005    -7.04   0.000    -9.890829   -5.582696
          6  |   -3.31621   .9639937    -3.44   0.001    -5.205653   -1.426767
          7  |  -11.09414   1.120401    -9.90   0.000    -13.29015   -8.898139
          9  |   26.03452   1.269455    20.51   0.000     23.54637    28.52268
         10  |    12.0256   2.574196     4.67   0.000     6.980134    17.07107
             |
     1.treat |          0  (omitted)
wind_direc~n |  -.6394247   .0086294   -74.10   0.000    -.6563384   -.6225109
av_wind_sp~d |   63.43355   1.235402    51.35   0.000     61.01214    65.85496
             |
relative_y~x#|
       treat |
        1 1  |   25.73523   11.14481     2.31   0.021     3.891217    47.57924
        2 1  |   10.23334   11.16261     0.92   0.359    -11.64555    32.11224
        3 1  |   -4.34965   10.95503    -0.40   0.691    -25.82168    17.12238
        4 1  |   33.28387   13.15401     2.53   0.011     7.501795    59.06594
        5 1  |   24.13682   14.00255     1.72   0.085    -3.308399    51.58204
        6 1  |  -24.06498   8.841902    -2.72   0.006    -41.39525   -6.734715
        7 1  |  -12.89921   10.73536    -1.20   0.230    -33.94069    8.142275
        9 1  |    69.5715   9.839881     7.07   0.000     50.28517    88.85782
       10 1  |   109.0834   25.53692     4.27   0.000     59.03066    159.1362
------------------------------------------------------------------------------

added scalar:
              e(ymean) =  439.55556

added scalar:
             e(ymean2) =  .

added scalar:
                e(acq) =  808

added scalar:
              e(fe_id) =  5

added scalar:
          e(n_treated) =  973251

added scalar:
          e(n_control) =  1.472e+08

added macro:
               e(smpl) : "Rural"

added macro:
             e(fespec) : "unique_small_grid_id_cohort province_cohort#election_
> year"

added macro:
                e(mod) : "moderator"

added macro:
           e(controls) : "never"
(saving evreg1)
(file /users/aquisper/proj_bureaucrats_farms/code/_stacked_downup_replication/.
> ./../tables/exploratory_analysis/protest_original_controls_fe_sweep/protest_o
> riginal_fe05_controls_never_event_rural_acpop_all.ster saved)
EVENT controls=never FE=6: unique_small_grid_id_cohort province_cohort#election
> _year#yeargov
(MWFE estimator converged in 2 iterations)

HDFE linear regression with Julia                 Number of obs   =  148171149
Absorbing 2 HDFE groups                           F(  20,  45579) =     380.70
Statistics cluster-robust                         Prob > F        =     0.0000
                                                  R-squared       =     0.1038
                                                  Adj R-squared   =     0.0958
Number of clusters (ac_elec_yr) =      45579      Within R-sq.    =     0.0063
                                                  Root MSE        =   831.7285

                        (Std. err. adjusted for 45,579 clusters in ac_elec_yr)
------------------------------------------------------------------------------
             |               Robust
      countk | Coefficient  std. err.      t    P>|t|     [95% conf. interval]
-------------+----------------------------------------------------------------
relative_y~x |
          1  |   78.53621   15.02048     5.23   0.000     49.09583    107.9766
          2  |   64.05275   13.44745     4.76   0.000     37.69553    90.40998
          3  |   69.65471   11.65704     5.98   0.000     46.80672    92.50269
          4  |   79.63305   10.08613     7.90   0.000     59.86407    99.40203
          5  |   75.00697   7.991031     9.39   0.000     59.34442    90.66952
          6  |   68.76077   5.312252    12.94   0.000     58.34867    79.17287
          7  |   20.64485   2.944166     7.01   0.000     14.87424    26.41546
          9  |    9.65124   3.646665     2.65   0.008     2.503719    16.79876
         10  |  -28.48059   7.085935    -4.02   0.000    -42.36914   -14.59205
             |
     1.treat |          0  (omitted)
wind_direc~n |  -.6499251   .0087331   -74.42   0.000    -.6670422   -.6328081
av_wind_sp~d |   60.15941   1.303889    46.14   0.000     57.60377    62.71505
             |
relative_y~x#|
       treat |
        1 1  |   29.07429   11.04655     2.63   0.008     7.422872    50.72571
        2 1  |   38.40751    10.5383     3.64   0.000     17.75228    59.06275
        3 1  |   40.22989   10.39618     3.87   0.000     19.85321    60.60656
        4 1  |   36.73269   11.67407     3.15   0.002     13.85133    59.61406
        5 1  |    51.1417   12.92774     3.96   0.000     25.80313    76.48027
        6 1  |   19.06689   8.275069     2.30   0.021     2.847619    35.28615
        7 1  |   34.81637   10.17385     3.42   0.001     14.87547    54.75728
        9 1  |   42.25584   9.399236     4.50   0.000     23.83319    60.67849
       10 1  |   98.47491   24.23564     4.06   0.000     50.97267    145.9771
------------------------------------------------------------------------------

added scalar:
              e(ymean) =  439.55556

added scalar:
             e(ymean2) =  .

added scalar:
                e(acq) =  808

added scalar:
              e(fe_id) =  6

added scalar:
          e(n_treated) =  973251

added scalar:
          e(n_control) =  1.472e+08

added macro:
               e(smpl) : "Rural"

added macro:
             e(fespec) : "unique_small_grid_id_cohort province_cohort#election_
> year#yeargov"

added macro:
                e(mod) : "moderator"

added macro:
           e(controls) : "never"
(saving evreg1)
(file /users/aquisper/proj_bureaucrats_farms/code/_stacked_downup_replication/.
> ./../tables/exploratory_analysis/protest_original_controls_fe_sweep/protest_o
> riginal_fe06_controls_never_event_rural_acpop_all.ster saved)
EVENT controls=never FE=7: unique_small_grid_id_cohort monthyearco province_coh
> ort#c.monthyear
(MWFE estimator converged in 11 iterations)

HDFE linear regression with Julia                 Number of obs   =  148171149
Absorbing 3 HDFE groups                           F(  11,  45579) =     244.79
Statistics cluster-robust                         Prob > F        =     0.0000
                                                  R-squared       =     0.1330
                                                  Adj R-squared   =     0.1253
Number of clusters (ac_elec_yr) =      45579      Within R-sq.    =     0.0027
                                                  Root MSE        =   818.0605

                        (Std. err. adjusted for 45,579 clusters in ac_elec_yr)
------------------------------------------------------------------------------
             |               Robust
      countk | Coefficient  std. err.      t    P>|t|     [95% conf. interval]
-------------+----------------------------------------------------------------
relative_y~x |
          1  |          0  (omitted)
          2  |          0  (omitted)
          3  |          0  (omitted)
          4  |          0  (omitted)
          5  |          0  (omitted)
          6  |          0  (omitted)
          7  |          0  (omitted)
          9  |          0  (omitted)
         10  |          0  (omitted)
             |
     1.treat |          0  (omitted)
wind_direc~n |  -.2653644   .0062093   -42.74   0.000    -.2775347   -.2531941
av_wind_sp~d |   152.3884   3.273185    46.56   0.000     145.9729    158.8039
             |
relative_y~x#|
       treat |
        1 1  |   19.86317   10.72424     1.85   0.064    -1.156512    40.88285
        2 1  |   13.99545    10.9216     1.28   0.200    -7.411062    35.40195
        3 1  |    8.84145   10.50565     0.84   0.400    -11.74979    29.43268
        4 1  |     37.434   12.79011     2.93   0.003     12.36519    62.50282
        5 1  |   24.50643    13.8849     1.76   0.078    -2.708195    51.72106
        6 1  |  -25.05816   8.316899    -3.01   0.003    -41.35941   -8.756901
        7 1  |  -18.78474   9.679445    -1.94   0.052    -37.75661    .1871262
        9 1  |   55.11923   9.814962     5.62   0.000     35.88174    74.35671
       10 1  |   51.41771   25.60295     2.01   0.045     1.235511    101.5999
------------------------------------------------------------------------------

added scalar:
              e(ymean) =  439.55556

added scalar:
             e(ymean2) =  .

added scalar:
                e(acq) =  808

added scalar:
              e(fe_id) =  7

added scalar:
          e(n_treated) =  973251

added scalar:
          e(n_control) =  1.472e+08

added macro:
               e(smpl) : "Rural"

added macro:
             e(fespec) : "unique_small_grid_id_cohort monthyearco province_coho
> rt#c.monthyear"

added macro:
                e(mod) : "moderator"

added macro:
           e(controls) : "never"
(saving evreg1)
(file /users/aquisper/proj_bureaucrats_farms/code/_stacked_downup_replication/.
> ./../tables/exploratory_analysis/protest_original_controls_fe_sweep/protest_o
> riginal_fe07_controls_never_event_rural_acpop_all.ster saved)
EVENT controls=never FE=8: unique_small_grid_id_cohort monthyearco yeargov
(MWFE estimator converged in 10 iterations)

HDFE linear regression with Julia                 Number of obs   =  148171149
Absorbing 3 HDFE groups                           F(  11,  45579) =     252.12
Statistics cluster-robust                         Prob > F        =     0.0000
                                                  R-squared       =     0.1329
                                                  Adj R-squared   =     0.1251
Number of clusters (ac_elec_yr) =      45579      Within R-sq.    =     0.0027
                                                  Root MSE        =   818.1237

                        (Std. err. adjusted for 45,579 clusters in ac_elec_yr)
------------------------------------------------------------------------------
             |               Robust
      countk | Coefficient  std. err.      t    P>|t|     [95% conf. interval]
-------------+----------------------------------------------------------------
relative_y~x |
          1  |          0  (omitted)
          2  |          0  (omitted)
          3  |          0  (omitted)
          4  |          0  (omitted)
          5  |          0  (omitted)
          6  |          0  (omitted)
          7  |          0  (omitted)
          9  |          0  (omitted)
         10  |          0  (omitted)
             |
     1.treat |          0  (omitted)
wind_direc~n |  -.2674808   .0061729   -43.33   0.000    -.2795799   -.2553817
av_wind_sp~d |   152.4677   3.270817    46.61   0.000     146.0568    158.8785
             |
relative_y~x#|
       treat |
        1 1  |    57.5455   11.13608     5.17   0.000      35.7186    79.37241
        2 1  |   47.33408   11.02314     4.29   0.000     25.72855    68.93961
        3 1  |   37.37564   10.87112     3.44   0.001     16.06807    58.68322
        4 1  |   59.21551   12.92689     4.58   0.000      33.8786    84.55243
        5 1  |   39.34911   13.97784     2.82   0.005     11.95232    66.74591
        6 1  |  -15.96102    8.42244    -1.90   0.058    -32.46914    .5470974
        7 1  |  -13.97536   9.732991    -1.44   0.151    -33.05218    5.101453
        9 1  |   48.15601   9.776012     4.93   0.000     28.99487    67.31715
       10 1  |   37.63945   25.89646     1.45   0.146    -13.11802    88.39692
------------------------------------------------------------------------------

added scalar:
              e(ymean) =  439.55556

added scalar:
             e(ymean2) =  .

added scalar:
                e(acq) =  808

added scalar:
              e(fe_id) =  8

added scalar:
          e(n_treated) =  973251

added scalar:
          e(n_control) =  1.472e+08

added macro:
               e(smpl) : "Rural"

added macro:
             e(fespec) : "unique_small_grid_id_cohort monthyearco yeargov"

added macro:
                e(mod) : "moderator"

added macro:
           e(controls) : "never"
(saving evreg1)
(file /users/aquisper/proj_bureaucrats_farms/code/_stacked_downup_replication/.
> ./../tables/exploratory_analysis/protest_original_controls_fe_sweep/protest_o
> riginal_fe08_controls_never_event_rural_acpop_all.ster saved)
EVENT controls=never FE=9: unique_small_grid_id_cohort monthyearco province_coh
> ort#election_year
(MWFE estimator converged in 26 iterations)

HDFE linear regression with Julia                 Number of obs   =  148171149
Absorbing 3 HDFE groups                           F(  11,  45579) =     238.40
Statistics cluster-robust                         Prob > F        =     0.0000
                                                  R-squared       =     0.1335
                                                  Adj R-squared   =     0.1257
Number of clusters (ac_elec_yr) =      45579      Within R-sq.    =     0.0026
                                                  Root MSE        =   817.8437

                        (Std. err. adjusted for 45,579 clusters in ac_elec_yr)
------------------------------------------------------------------------------
             |               Robust
      countk | Coefficient  std. err.      t    P>|t|     [95% conf. interval]
-------------+----------------------------------------------------------------
relative_y~x |
          1  |          0  (omitted)
          2  |          0  (omitted)
          3  |          0  (omitted)
          4  |          0  (omitted)
          5  |          0  (omitted)
          6  |          0  (omitted)
          7  |          0  (omitted)
          9  |          0  (omitted)
         10  |          0  (omitted)
             |
     1.treat |          0  (omitted)
wind_direc~n |  -.2568344   .0061586   -41.70   0.000    -.2689054   -.2447634
av_wind_sp~d |   151.9974   3.280445    46.33   0.000     145.5676    158.4271
             |
relative_y~x#|
       treat |
        1 1  |   18.01566   10.67878     1.69   0.092    -2.914915    38.94623
        2 1  |   6.091622   10.71236     0.57   0.570    -14.90477    27.08801
        3 1  |  -4.937424   10.52029    -0.47   0.639    -25.55737    15.68252
        4 1  |   22.21752   12.56968     1.77   0.077     -2.41926     46.8543
        5 1  |   21.61478   13.43871     1.61   0.108    -4.725306    47.95486
        6 1  |  -23.31448   8.412126    -2.77   0.006    -39.80238   -6.826579
        7 1  |  -20.46098   9.755891    -2.10   0.036    -39.58268   -1.339274
        9 1  |   62.92358    9.59792     6.56   0.000      44.1115    81.73565
       10 1  |   102.5269   24.28731     4.22   0.000     54.92335    150.1304
------------------------------------------------------------------------------

added scalar:
              e(ymean) =  439.55556

added scalar:
             e(ymean2) =  .

added scalar:
                e(acq) =  808

added scalar:
              e(fe_id) =  9

added scalar:
          e(n_treated) =  973251

added scalar:
          e(n_control) =  1.472e+08

added macro:
               e(smpl) : "Rural"

added macro:
             e(fespec) : "unique_small_grid_id_cohort monthyearco province_coho
> rt#election_year"

added macro:
                e(mod) : "moderator"

added macro:
           e(controls) : "never"
(saving evreg1)
(file /users/aquisper/proj_bureaucrats_farms/code/_stacked_downup_replication/.
> ./../tables/exploratory_analysis/protest_original_controls_fe_sweep/protest_o
> riginal_fe09_controls_never_event_rural_acpop_all.ster saved)
EVENT controls=never FE=10: unique_small_grid_id_cohort monthyearco province_co
> hort#election_year#yeargov
(MWFE estimator converged in 108 iterations)

HDFE linear regression with Julia                 Number of obs   =  148171149
Absorbing 3 HDFE groups                           F(  11,  45579) =     237.63
Statistics cluster-robust                         Prob > F        =     0.0000
                                                  R-squared       =     0.1358
                                                  Adj R-squared   =     0.1280
Number of clusters (ac_elec_yr) =      45579      Within R-sq.    =     0.0027
                                                  Root MSE        =   816.7663

                        (Std. err. adjusted for 45,579 clusters in ac_elec_yr)
------------------------------------------------------------------------------
             |               Robust
      countk | Coefficient  std. err.      t    P>|t|     [95% conf. interval]
-------------+----------------------------------------------------------------
relative_y~x |
          1  |          0  (omitted)
          2  |          0  (omitted)
          3  |          0  (omitted)
          4  |          0  (omitted)
          5  |          0  (omitted)
          6  |          0  (omitted)
          7  |          0  (omitted)
          9  |          0  (omitted)
         10  |          0  (omitted)
             |
     1.treat |          0  (omitted)
wind_direc~n |  -.2482271   .0060167   -41.26   0.000    -.2600199   -.2364342
av_wind_sp~d |   157.5518   3.412353    46.17   0.000     150.8635      164.24
             |
relative_y~x#|
       treat |
        1 1  |   23.62831   10.58556     2.23   0.026     2.880442    44.37617
        2 1  |   38.80594   10.21569     3.80   0.000     18.78302    58.82885
        3 1  |   41.81354   10.05648     4.16   0.000     22.10269     61.5244
        4 1  |   34.52957   11.27063     3.06   0.002     12.43894    56.62019
        5 1  |   52.03796   12.55117     4.15   0.000     27.43747    76.63846
        6 1  |    20.7217   7.928675     2.61   0.009     5.181368    36.26203
        7 1  |   31.69143   9.222986     3.44   0.001     13.61423    49.76863
        9 1  |   42.25198   9.317142     4.53   0.000     23.99023    60.51372
       10 1  |    102.788   23.01076     4.47   0.000     57.68654    147.8894
------------------------------------------------------------------------------

added scalar:
              e(ymean) =  439.55556

added scalar:
             e(ymean2) =  .

added scalar:
                e(acq) =  808

added scalar:
              e(fe_id) =  10

added scalar:
          e(n_treated) =  973251

added scalar:
          e(n_control) =  1.472e+08

added macro:
               e(smpl) : "Rural"

added macro:
             e(fespec) : "unique_small_grid_id_cohort monthyearco province_coho
> rt#election_year#yeargov"

added macro:
                e(mod) : "moderator"

added macro:
           e(controls) : "never"
(saving evreg1)
(file /users/aquisper/proj_bureaucrats_farms/code/_stacked_downup_replication/.
> ./../tables/exploratory_analysis/protest_original_controls_fe_sweep/protest_o
> riginal_fe10_controls_never_event_rural_acpop_all.ster saved)
EVENT controls=never FE=11: unique_small_grid_id_cohort province_cohort#c.month
> year yeargov
(MWFE estimator converged in 15 iterations)

HDFE linear regression with Julia                 Number of obs   =  148171149
Absorbing 3 HDFE groups                           F(  20,  45579) =     420.57
Statistics cluster-robust                         Prob > F        =     0.0000
                                                  R-squared       =     0.1016
                                                  Adj R-squared   =     0.0936
Number of clusters (ac_elec_yr) =      45579      Within R-sq.    =     0.0063
                                                  Root MSE        =   832.7350

                        (Std. err. adjusted for 45,579 clusters in ac_elec_yr)
------------------------------------------------------------------------------
             |               Robust
      countk | Coefficient  std. err.      t    P>|t|     [95% conf. interval]
-------------+----------------------------------------------------------------
relative_y~x |
          1  |  -127.1735   26.13851    -4.87   0.000    -178.4054   -75.94163
          2  |  -125.7121   22.49201    -5.59   0.000    -169.7968   -81.62737
          3  |  -100.0624   18.74474    -5.34   0.000    -136.8024   -63.32244
          4  |  -56.90062   15.04475    -3.78   0.000    -86.38857   -27.41267
          5  |  -47.40495   11.14095    -4.26   0.000    -69.24139   -25.56852
          6  |  -27.56417   7.424924    -3.71   0.000    -42.11713    -13.0112
          7  |  -25.87804    3.77191    -6.86   0.000    -33.27105   -18.48504
          9  |   45.73079    4.18904    10.92   0.000      37.5202    53.94137
         10  |   59.89364   7.946348     7.54   0.000     44.31867    75.46861
             |
     1.treat |          0  (omitted)
wind_direc~n |  -.6412664   .0085661   -74.86   0.000    -.6580561   -.6244766
av_wind_sp~d |   64.76904   1.251979    51.73   0.000     62.31514    67.22294
             |
relative_y~x#|
       treat |
        1 1  |    25.7051   11.20789     2.29   0.022     3.737453    47.67274
        2 1  |   16.37765   11.43223     1.43   0.152    -6.029703    38.78499
        3 1  |   8.414835   11.01071     0.76   0.445    -13.16633      29.996
        4 1  |   48.76962   13.41311     3.64   0.000     22.47971    75.05953
        5 1  |   27.62348   14.49574     1.91   0.057    -.7884058    56.03536
        6 1  |  -23.69892   8.687278    -2.73   0.006    -40.72612   -6.671717
        7 1  |  -8.877297   10.82371    -0.82   0.412    -30.09195    12.33736
        9 1  |   62.72085   10.08706     6.22   0.000     42.95006    82.49165
       10 1  |   56.36806   26.74548     2.11   0.035     3.946483    108.7896
------------------------------------------------------------------------------

added scalar:
              e(ymean) =  439.55556

added scalar:
             e(ymean2) =  .

added scalar:
                e(acq) =  808

added scalar:
              e(fe_id) =  11

added scalar:
          e(n_treated) =  973251

added scalar:
          e(n_control) =  1.472e+08

added macro:
               e(smpl) : "Rural"

added macro:
             e(fespec) : "unique_small_grid_id_cohort province_cohort#c.monthye
> ar yeargov"

added macro:
                e(mod) : "moderator"

added macro:
           e(controls) : "never"
(saving evreg1)
(file /users/aquisper/proj_bureaucrats_farms/code/_stacked_downup_replication/.
> ./../tables/exploratory_analysis/protest_original_controls_fe_sweep/protest_o
> riginal_fe11_controls_never_event_rural_acpop_all.ster saved)
EVENT controls=never FE=12: unique_small_grid_id_cohort province_cohort#c.month
> year province_cohort#election_year
(MWFE estimator converged in 8 iterations)

HDFE linear regression with Julia                 Number of obs   =  148171149
Absorbing 3 HDFE groups                           F(  20,  45579) =     389.18
Statistics cluster-robust                         Prob > F        =     0.0000
                                                  R-squared       =     0.1024
                                                  Adj R-squared   =     0.0944
Number of clusters (ac_elec_yr) =      45579      Within R-sq.    =     0.0061
                                                  Root MSE        =   832.3837

                        (Std. err. adjusted for 45,579 clusters in ac_elec_yr)
------------------------------------------------------------------------------
             |               Robust
      countk | Coefficient  std. err.      t    P>|t|     [95% conf. interval]
-------------+----------------------------------------------------------------
relative_y~x |
          1  |  -147.0818   26.62267    -5.52   0.000    -199.2627   -94.90098
          2  |  -141.3902   22.93016    -6.17   0.000    -186.3336   -96.44668
          3  |  -118.1808   19.10331    -6.19   0.000    -155.6236   -80.73801
          4  |  -74.13858   15.32391    -4.84   0.000    -104.1737   -44.10348
          5  |  -55.76733   11.31291    -4.93   0.000    -77.94081   -33.59385
          6  |  -34.09979    7.55756    -4.51   0.000    -48.91273   -19.28685
          7  |  -25.43045   3.833797    -6.63   0.000    -32.94476   -17.91615
          9  |    40.3845   4.212115     9.59   0.000     32.12869    48.64032
         10  |    43.6803   8.111337     5.39   0.000     27.78195    59.57865
             |
     1.treat |          0  (omitted)
wind_direc~n |  -.6359347   .0085463   -74.41   0.000    -.6526857   -.6191838
av_wind_sp~d |   64.27281   1.257353    51.12   0.000     61.80838    66.73724
             |
relative_y~x#|
       treat |
        1 1  |   61.90702    11.1532     5.55   0.000     40.04656    83.76747
        2 1  |   31.54607   11.13912     2.83   0.005     9.713206    53.37892
        3 1  |   3.337182   10.86842     0.31   0.759    -17.96509    24.63945
        4 1  |   33.68963   12.38539     2.72   0.007     9.414064     57.9652
        5 1  |   54.14075   13.45325     4.02   0.000     27.77217    80.50933
        6 1  |   5.327303   8.539351     0.62   0.533    -11.40996    22.06457
        7 1  |   1.012595   10.65481     0.10   0.924    -19.87099    21.89618
        9 1  |   60.32877   9.876093     6.11   0.000     40.97147    79.68607
       10 1  |   111.2847   24.83431     4.48   0.000     62.60907    159.9604
------------------------------------------------------------------------------

added scalar:
              e(ymean) =  439.55556

added scalar:
             e(ymean2) =  .

added scalar:
                e(acq) =  808

added scalar:
              e(fe_id) =  12

added scalar:
          e(n_treated) =  973251

added scalar:
          e(n_control) =  1.472e+08

added macro:
               e(smpl) : "Rural"

added macro:
             e(fespec) : "unique_small_grid_id_cohort province_cohort#c.monthye
> ar province_cohort#election_year"

added macro:
                e(mod) : "moderator"

added macro:
           e(controls) : "never"
(saving evreg1)
(file /users/aquisper/proj_bureaucrats_farms/code/_stacked_downup_replication/.
> ./../tables/exploratory_analysis/protest_original_controls_fe_sweep/protest_o
> riginal_fe12_controls_never_event_rural_acpop_all.ster saved)
EVENT controls=never FE=13: unique_small_grid_id_cohort province_cohort#c.month
> year province_cohort#election_year#yeargov
(MWFE estimator converged in 6 iterations)

HDFE linear regression with Julia                 Number of obs   =  148171149
Absorbing 3 HDFE groups                           F(  20,  45579) =     345.93
Statistics cluster-robust                         Prob > F        =     0.0000
                                                  R-squared       =     0.1042
                                                  Adj R-squared   =     0.0962
Number of clusters (ac_elec_yr) =      45579      Within R-sq.    =     0.0062
                                                  Root MSE        =   831.5399

                        (Std. err. adjusted for 45,579 clusters in ac_elec_yr)
------------------------------------------------------------------------------
             |               Robust
      countk | Coefficient  std. err.      t    P>|t|     [95% conf. interval]
-------------+----------------------------------------------------------------
relative_y~x |
          1  |  -238.1943   32.91806    -7.24   0.000    -302.7142   -173.6743
          2  |  -207.4743   28.52694    -7.27   0.000    -263.3876   -151.5611
          3  |  -156.6785   23.97379    -6.54   0.000    -203.6675   -109.6895
          4  |  -101.5226   19.49839    -5.21   0.000    -139.7398   -63.30549
          5  |  -60.98053   14.65489    -4.16   0.000    -89.70434   -32.25672
          6  |    -21.864   9.681269    -2.26   0.024    -40.83945   -2.888562
          7  |  -24.66657   5.025927    -4.91   0.000    -34.51747   -14.81567
          9  |   54.99087   5.822126     9.45   0.000     43.57941    66.40233
         10  |   56.82059   11.16276     5.09   0.000     34.94141    78.69977
             |
     1.treat |          0  (omitted)
wind_direc~n |  -.6615771   .0089272   -74.11   0.000    -.6790745   -.6440796
av_wind_sp~d |   56.75343    1.27112    44.65   0.000     54.26202    59.24485
             |
relative_y~x#|
       treat |
        1 1  |   28.15918   11.16168     2.52   0.012     6.282112    50.03626
        2 1  |   38.29384   10.54819     3.63   0.000     17.61921    58.96846
        3 1  |   40.15026   10.38811     3.87   0.000      19.7894    60.51112
        4 1  |   36.73554   11.72132     3.13   0.002     13.76157    59.70951
        5 1  |   51.06693   13.08867     3.90   0.000     25.41292    76.72094
        6 1  |   18.99164   8.289595     2.29   0.022     2.743898    35.23938
        7 1  |   34.77077   10.11711     3.44   0.001     14.94108    54.60046
        9 1  |   42.12939   9.474152     4.45   0.000      23.5599    60.69888
       10 1  |   99.98385   24.41758     4.09   0.000       52.125    147.8427
------------------------------------------------------------------------------

added scalar:
              e(ymean) =  439.55556

added scalar:
             e(ymean2) =  .

added scalar:
                e(acq) =  808

added scalar:
              e(fe_id) =  13

added scalar:
          e(n_treated) =  973251

added scalar:
          e(n_control) =  1.472e+08

added macro:
               e(smpl) : "Rural"

added macro:
             e(fespec) : "unique_small_grid_id_cohort province_cohort#c.monthye
> ar province_cohort#election_year#yeargov"

added macro:
                e(mod) : "moderator"

added macro:
           e(controls) : "never"
(saving evreg1)
(file /users/aquisper/proj_bureaucrats_farms/code/_stacked_downup_replication/.
> ./../tables/exploratory_analysis/protest_original_controls_fe_sweep/protest_o
> riginal_fe13_controls_never_event_rural_acpop_all.ster saved)
EVENT controls=never FE=14: unique_small_grid_id_cohort yeargov province_cohort
> #election_year
(MWFE estimator converged in 10 iterations)

HDFE linear regression with Julia                 Number of obs   =  148171149
Absorbing 3 HDFE groups                           F(  20,  45579) =     412.24
Statistics cluster-robust                         Prob > F        =     0.0000
                                                  R-squared       =     0.1021
                                                  Adj R-squared   =     0.0941
Number of clusters (ac_elec_yr) =      45579      Within R-sq.    =     0.0062
                                                  Root MSE        =   832.5276

                        (Std. err. adjusted for 45,579 clusters in ac_elec_yr)
------------------------------------------------------------------------------
             |               Robust
      countk | Coefficient  std. err.      t    P>|t|     [95% conf. interval]
-------------+----------------------------------------------------------------
relative_y~x |
          1  |   87.99805   14.49704     6.07   0.000     59.58361    116.4125
          2  |   57.28474   12.54357     4.57   0.000     32.69914    81.87033
          3  |   50.26302   10.50495     4.78   0.000     29.67315     70.8529
          4  |   62.40425   8.512591     7.33   0.000     45.71944    79.08907
          5  |   43.32295   6.197825     6.99   0.000     31.17511    55.47079
          6  |    32.7848   4.154917     7.89   0.000      24.6411    40.92851
          7  |   4.716873   2.238183     2.11   0.035     .3299991    9.103748
          9  |   10.81109   2.545598     4.25   0.000     5.821678     15.8005
         10  |  -15.11326   4.895181    -3.09   0.002    -24.70789   -5.518625
             |
     1.treat |          0  (omitted)
wind_direc~n |  -.6423843   .0086213   -74.51   0.000    -.6592821   -.6254864
av_wind_sp~d |   60.06306   1.300479    46.19   0.000      57.5141    62.61202
             |
relative_y~x#|
       treat |
        1 1  |   25.12712   11.17341     2.25   0.025     3.227048    47.02719
        2 1  |   9.722671   11.18953     0.87   0.385    -12.20899    31.65433
        3 1  |  -4.548853   10.99447    -0.41   0.679    -26.09819    17.00049
        4 1  |   33.04258   13.19995     2.50   0.012     7.170459     58.9147
        5 1  |   22.30867   14.03301     1.59   0.112    -5.196266     49.8136
        6 1  |  -24.82571    8.86601    -2.80   0.005    -42.20324   -7.448191
        7 1  |  -13.41534   10.86272    -1.23   0.217    -34.70644     7.87576
        9 1  |   69.35308   9.882178     7.02   0.000     49.98385     88.7223
       10 1  |   106.5124   25.63668     4.15   0.000     56.26408    156.7607
------------------------------------------------------------------------------

added scalar:
              e(ymean) =  439.55556

added scalar:
             e(ymean2) =  .

added scalar:
                e(acq) =  808

added scalar:
              e(fe_id) =  14

added scalar:
          e(n_treated) =  973251

added scalar:
          e(n_control) =  1.472e+08

added macro:
               e(smpl) : "Rural"

added macro:
             e(fespec) : "unique_small_grid_id_cohort yeargov province_cohort#e
> lection_year"

added macro:
                e(mod) : "moderator"

added macro:
           e(controls) : "never"
(saving evreg1)
(file /users/aquisper/proj_bureaucrats_farms/code/_stacked_downup_replication/.
> ./../tables/exploratory_analysis/protest_original_controls_fe_sweep/protest_o
> riginal_fe14_controls_never_event_rural_acpop_all.ster saved)
EVENT controls=never FE=15: unique_small_grid_id_cohort yeargov province_cohort
> #election_year#yeargov
(MWFE estimator converged in 5 iterations)

HDFE linear regression with Julia                 Number of obs   =  148171149
Absorbing 3 HDFE groups                           F(  20,  45579) =     380.70
Statistics cluster-robust                         Prob > F        =     0.0000
                                                  R-squared       =     0.1038
                                                  Adj R-squared   =     0.0958
Number of clusters (ac_elec_yr) =      45579      Within R-sq.    =     0.0063
                                                  Root MSE        =   831.7285

                        (Std. err. adjusted for 45,579 clusters in ac_elec_yr)
------------------------------------------------------------------------------
             |               Robust
      countk | Coefficient  std. err.      t    P>|t|     [95% conf. interval]
-------------+----------------------------------------------------------------
relative_y~x |
          1  |   78.53621   15.02048     5.23   0.000     49.09583    107.9766
          2  |   64.05275   13.44745     4.76   0.000     37.69552    90.40998
          3  |   69.65471   11.65704     5.98   0.000     46.80672    92.50269
          4  |   79.63305   10.08613     7.90   0.000     59.86407    99.40203
          5  |   75.00697   7.991031     9.39   0.000     59.34442    90.66952
          6  |   68.76077   5.312252    12.94   0.000     58.34867    79.17287
          7  |   20.64485   2.944166     7.01   0.000     14.87424    26.41546
          9  |    9.65124   3.646665     2.65   0.008     2.503719    16.79876
         10  |  -28.48059   7.085935    -4.02   0.000    -42.36914   -14.59205
             |
     1.treat |          0  (omitted)
wind_direc~n |  -.6499251   .0087331   -74.42   0.000    -.6670422   -.6328081
av_wind_sp~d |   60.15941   1.303889    46.14   0.000     57.60377    62.71505
             |
relative_y~x#|
       treat |
        1 1  |   29.07429   11.04655     2.63   0.008     7.422872    50.72571
        2 1  |   38.40751    10.5383     3.64   0.000     17.75228    59.06275
        3 1  |   40.22989   10.39618     3.87   0.000     19.85321    60.60656
        4 1  |   36.73269   11.67407     3.15   0.002     13.85133    59.61406
        5 1  |    51.1417   12.92774     3.96   0.000     25.80313    76.48027
        6 1  |   19.06689   8.275068     2.30   0.021      2.84762    35.28615
        7 1  |   34.81637   10.17385     3.42   0.001     14.87547    54.75728
        9 1  |   42.25584   9.399236     4.50   0.000     23.83319    60.67849
       10 1  |   98.47491   24.23564     4.06   0.000     50.97267    145.9771
------------------------------------------------------------------------------

added scalar:
              e(ymean) =  439.55556

added scalar:
             e(ymean2) =  .

added scalar:
                e(acq) =  808

added scalar:
              e(fe_id) =  15

added scalar:
          e(n_treated) =  973251

added scalar:
          e(n_control) =  1.472e+08

added macro:
               e(smpl) : "Rural"

added macro:
             e(fespec) : "unique_small_grid_id_cohort yeargov province_cohort#e
> lection_year#yeargov"

added macro:
                e(mod) : "moderator"

added macro:
           e(controls) : "never"
(saving evreg1)
(file /users/aquisper/proj_bureaucrats_farms/code/_stacked_downup_replication/.
> ./../tables/exploratory_analysis/protest_original_controls_fe_sweep/protest_o
> riginal_fe15_controls_never_event_rural_acpop_all.ster saved)

. 
. * Reload the prepared full sample once and loop over the DiD specifications.
. use `full_analysis_sample', clear

. gen byte post_ = relative_year_bin >= 0

. gen byte moderator = downup_ac_pop

. local moderators_list downup_ac_pop

. count if treat == 1
  1,015,560

. local did_n_treated = r(N)

. count if treat == 0
  155,808,360

. local did_n_control = r(N)

. egen byte did_tag_ac = tag(ac_uq_id)

. count if did_tag_ac
  808

. local did_numacs = r(N)

. drop did_tag_ac

. quietly summarize countk if treat == 1 & relative_year_bin <= -1

. local did_ymean = r(mean)

. quietly summarize countk if treat == 1 & relative_year_bin <= -1 & moderator 
> == 1

. local did_ymean2 = r(mean)

. 
. foreach mod of local moderators_list {
  2.     local rhs "ib0.post_##ib0.treat##ib0.`mod' wind_direction av_wind_spee
> d"
  3.     foreach selected_fe of numlist $fe_list {
  4.         local fespec "`fe`selected_fe''"
  5.         local fe_tag : display %02.0f `selected_fe'
  6.         local fe_tag = strtrim("`fe_tag'")
  7.         local prefix "protest_original_fe`fe_tag'_controls_`control_sample
> '"
  8.         display as result "DID controls=`control_sample' FE=`selected_fe':
>  `fespec'"
  9.         est clear
 10.         reghdfejl countk `rhs', absorb(`fespec') vce(cluster ac_elec_yr)
 11.         estadd scalar ymean = `did_ymean'
 12.         estadd scalar ymean2 = `did_ymean2'
 13.         estadd scalar acq = `did_numacs'
 14.         estadd scalar fe_id = `selected_fe'
 15.         estadd scalar n_treated = `did_n_treated'
 16.         estadd scalar n_control = `did_n_control'
 17.         estadd local smpl "Rural"
 18.         estadd local fespec "`fespec'"
 19.         estadd local mod "`mod'"
 20.         estadd local controls "`control_sample'"
 21.         est store evreg1
 22.         local did_out "${tables}/`prefix'_did_interaction_rural_acpop_all"
 23.         estwrite evreg1 using "`did_out'.ster", replace
 24.         confirm file "`did_out'.ster"
 25.     }
 26. }
DID controls=never FE=1: unique_small_grid_id_cohort
(MWFE estimator converged in 1 iterations)

HDFE linear regression with Julia                 Number of obs   =  156823920
Absorbing 1 HDFE group                            F(   8,  45579) =     963.50
Statistics cluster-robust                         Prob > F        =     0.0000
                                                  R-squared       =     0.1032
                                                  Adj R-squared   =     0.0957
Number of clusters (ac_elec_yr) =      45579      Within R-sq.    =     0.0061
                                                  Root MSE        =   835.9419

                        (Std. err. adjusted for 45,579 clusters in ac_elec_yr)
------------------------------------------------------------------------------
             |               Robust
      countk | Coefficient  std. err.      t    P>|t|     [95% conf. interval]
-------------+----------------------------------------------------------------
     1.post_ |    25.2869   1.112862    22.72   0.000     23.10567    27.46813
     1.treat |          0  (omitted)
1.downup_a~p |   5.294966   .6594335     8.03   0.000     4.002466    6.587466
wind_direc~n |   -.648511   .0085338   -75.99   0.000    -.6652374   -.6317845
av_wind_sp~d |   61.13065   1.184432    51.61   0.000     58.80915    63.45216
             |
 post_#treat |
        1 1  |   21.25758   15.97189     1.33   0.183    -10.04758    52.56274
             |
       post_#|
downup_ac_~p |
        1 1  |   -.791882    .974629    -0.81   0.417     -2.70217    1.118407
             |
       treat#|
downup_ac_~p |
        1 1  |  -8.539338   19.10863    -0.45   0.655    -45.99256    28.91388
             |
 post_#treat#|
downup_ac_~p |
      1 1 1  |  -13.70949    22.9353    -0.60   0.550    -58.66304    31.24406
------------------------------------------------------------------------------

added scalar:
              e(ymean) =  446.2126

added scalar:
             e(ymean2) =  440.21376

added scalar:
                e(acq) =  808

added scalar:
              e(fe_id) =  1

added scalar:
          e(n_treated) =  1015560

added scalar:
          e(n_control) =  1.558e+08

added macro:
               e(smpl) : "Rural"

added macro:
             e(fespec) : "unique_small_grid_id_cohort"

added macro:
                e(mod) : "downup_ac_pop"

added macro:
           e(controls) : "never"
(saving evreg1)
(file /users/aquisper/proj_bureaucrats_farms/code/_stacked_downup_replication/.
> ./../tables/exploratory_analysis/protest_original_controls_fe_sweep/protest_o
> riginal_fe01_controls_never_did_interaction_rural_acpop_all.ster saved)
DID controls=never FE=2: unique_small_grid_id_cohort monthyearco
(MWFE estimator converged in 2 iterations)

HDFE linear regression with Julia                 Number of obs   =  156823920
Absorbing 2 HDFE groups                           F(   7,  45579) =     395.03
Statistics cluster-robust                         Prob > F        =     0.0000
                                                  R-squared       =     0.1348
                                                  Adj R-squared   =     0.1275
Number of clusters (ac_elec_yr) =      45579      Within R-sq.    =     0.0029
                                                  Root MSE        =   821.1138

                        (Std. err. adjusted for 45,579 clusters in ac_elec_yr)
------------------------------------------------------------------------------
             |               Robust
      countk | Coefficient  std. err.      t    P>|t|     [95% conf. interval]
-------------+----------------------------------------------------------------
     1.post_ |          0  (omitted)
     1.treat |          0  (omitted)
1.downup_a~p |   4.926759   .6507367     7.57   0.000     3.651304    6.202213
wind_direc~n |  -.2836213   .0063264   -44.83   0.000    -.2960212   -.2712214
av_wind_sp~d |   158.4242   3.341081    47.42   0.000     151.8757    164.9728
             |
 post_#treat |
        1 1  |    18.8454    15.4781     1.22   0.223    -11.49194    49.18273
             |
       post_#|
downup_ac_~p |
        1 1  |    .501904   .9559088     0.53   0.600    -1.371693    2.375501
             |
       treat#|
downup_ac_~p |
        1 1  |  -9.858751   18.30715    -0.54   0.590    -45.74106    26.02356
             |
 post_#treat#|
downup_ac_~p |
      1 1 1  |  -16.11077    22.0203    -0.73   0.464    -59.27091    27.04936
------------------------------------------------------------------------------

added scalar:
              e(ymean) =  446.2126

added scalar:
             e(ymean2) =  440.21376

added scalar:
                e(acq) =  808

added scalar:
              e(fe_id) =  2

added scalar:
          e(n_treated) =  1015560

added scalar:
          e(n_control) =  1.558e+08

added macro:
               e(smpl) : "Rural"

added macro:
             e(fespec) : "unique_small_grid_id_cohort monthyearco"

added macro:
                e(mod) : "downup_ac_pop"

added macro:
           e(controls) : "never"
(saving evreg1)
(file /users/aquisper/proj_bureaucrats_farms/code/_stacked_downup_replication/.
> ./../tables/exploratory_analysis/protest_original_controls_fe_sweep/protest_o
> riginal_fe02_controls_never_did_interaction_rural_acpop_all.ster saved)
DID controls=never FE=3: unique_small_grid_id_cohort province_cohort#c.monthyea
> r
(MWFE estimator converged in 4 iterations)

HDFE linear regression with Julia                 Number of obs   =  156823920
Absorbing 2 HDFE groups                           F(   8,  45579) =     970.68
Statistics cluster-robust                         Prob > F        =     0.0000
                                                  R-squared       =     0.1035
                                                  Adj R-squared   =     0.0960
Number of clusters (ac_elec_yr) =      45579      Within R-sq.    =     0.0061
                                                  Root MSE        =   835.8210

                        (Std. err. adjusted for 45,579 clusters in ac_elec_yr)
------------------------------------------------------------------------------
             |               Robust
      countk | Coefficient  std. err.      t    P>|t|     [95% conf. interval]
-------------+----------------------------------------------------------------
     1.post_ |   27.83448   1.328793    20.95   0.000     25.23003    30.43894
     1.treat |          0  (omitted)
1.downup_a~p |   5.190623   .6583029     7.88   0.000     3.900339    6.480908
wind_direc~n |   -.646768   .0085449   -75.69   0.000    -.6635161   -.6300198
av_wind_sp~d |   61.18633   1.185213    51.62   0.000      58.8633    63.50937
             |
 post_#treat |
        1 1  |   62.37957   15.71814     3.97   0.000     31.57175    93.18738
             |
       post_#|
downup_ac_~p |
        1 1  |  -.4227844   .9783244    -0.43   0.666    -2.340316    1.494747
             |
       treat#|
downup_ac_~p |
        1 1  |  -8.381696   19.03571    -0.44   0.660    -45.69199     28.9286
             |
 post_#treat#|
downup_ac_~p |
      1 1 1  |  -14.02771   22.91428    -0.61   0.540    -58.94007    30.88465
------------------------------------------------------------------------------

added scalar:
              e(ymean) =  446.2126

added scalar:
             e(ymean2) =  440.21376

added scalar:
                e(acq) =  808

added scalar:
              e(fe_id) =  3

added scalar:
          e(n_treated) =  1015560

added scalar:
          e(n_control) =  1.558e+08

added macro:
               e(smpl) : "Rural"

added macro:
             e(fespec) : "unique_small_grid_id_cohort province_cohort#c.monthye
> ar"

added macro:
                e(mod) : "downup_ac_pop"

added macro:
           e(controls) : "never"
(saving evreg1)
(file /users/aquisper/proj_bureaucrats_farms/code/_stacked_downup_replication/.
> ./../tables/exploratory_analysis/protest_original_controls_fe_sweep/protest_o
> riginal_fe03_controls_never_did_interaction_rural_acpop_all.ster saved)
DID controls=never FE=4: unique_small_grid_id_cohort yeargov
(MWFE estimator converged in 2 iterations)

HDFE linear regression with Julia                 Number of obs   =  156823920
Absorbing 2 HDFE groups                           F(   8,  45579) =     961.21
Statistics cluster-robust                         Prob > F        =     0.0000
                                                  R-squared       =     0.1033
                                                  Adj R-squared   =     0.0958
Number of clusters (ac_elec_yr) =      45579      Within R-sq.    =     0.0061
                                                  Root MSE        =   835.9145

                        (Std. err. adjusted for 45,579 clusters in ac_elec_yr)
------------------------------------------------------------------------------
             |               Robust
      countk | Coefficient  std. err.      t    P>|t|     [95% conf. interval]
-------------+----------------------------------------------------------------
     1.post_ |   21.37093    1.13811    18.78   0.000     19.14022    23.60164
     1.treat |          0  (omitted)
1.downup_a~p |   5.287049   .6594059     8.02   0.000     3.994603    6.579495
wind_direc~n |  -.6500239   .0085403   -76.11   0.000     -.666763   -.6332848
av_wind_sp~d |   61.42312   1.187485    51.73   0.000     59.09563     63.7506
             |
 post_#treat |
        1 1  |   22.40186   15.89324     1.41   0.159    -8.749137    53.55286
             |
       post_#|
downup_ac_~p |
        1 1  |  -.7286625   .9760286    -0.75   0.455    -2.641694    1.184369
             |
       treat#|
downup_ac_~p |
        1 1  |  -8.591686   19.11016    -0.45   0.653     -46.0479    28.86453
             |
 post_#treat#|
downup_ac_~p |
      1 1 1  |  -13.40827   22.90953    -0.59   0.558    -58.31132    31.49477
------------------------------------------------------------------------------

added scalar:
              e(ymean) =  446.2126

added scalar:
             e(ymean2) =  440.21376

added scalar:
                e(acq) =  808

added scalar:
              e(fe_id) =  4

added scalar:
          e(n_treated) =  1015560

added scalar:
          e(n_control) =  1.558e+08

added macro:
               e(smpl) : "Rural"

added macro:
             e(fespec) : "unique_small_grid_id_cohort yeargov"

added macro:
                e(mod) : "downup_ac_pop"

added macro:
           e(controls) : "never"
(saving evreg1)
(file /users/aquisper/proj_bureaucrats_farms/code/_stacked_downup_replication/.
> ./../tables/exploratory_analysis/protest_original_controls_fe_sweep/protest_o
> riginal_fe04_controls_never_did_interaction_rural_acpop_all.ster saved)
DID controls=never FE=5: unique_small_grid_id_cohort province_cohort#election_y
> ear
(MWFE estimator converged in 2 iterations)

HDFE linear regression with Julia                 Number of obs   =  156823920
Absorbing 2 HDFE groups                           F(   8,  45579) =     953.45
Statistics cluster-robust                         Prob > F        =     0.0000
                                                  R-squared       =     0.1039
                                                  Adj R-squared   =     0.0964
Number of clusters (ac_elec_yr) =      45579      Within R-sq.    =     0.0060
                                                  Root MSE        =   835.6201

                        (Std. err. adjusted for 45,579 clusters in ac_elec_yr)
------------------------------------------------------------------------------
             |               Robust
      countk | Coefficient  std. err.      t    P>|t|     [95% conf. interval]
-------------+----------------------------------------------------------------
     1.post_ |   28.25633   1.385463    20.39   0.000      25.5408    30.97186
     1.treat |          0  (omitted)
1.downup_a~p |   5.104681   .6580978     7.76   0.000     3.814799    6.394563
wind_direc~n |  -.6437896   .0085681   -75.14   0.000    -.6605832    -.626996
av_wind_sp~d |   60.70649   1.187195    51.13   0.000     58.37957    63.03341
             |
 post_#treat |
        1 1  |   84.38809   15.02819     5.62   0.000      54.9326    113.8436
             |
       post_#|
downup_ac_~p |
        1 1  |  -.7567146   .9734034    -0.78   0.437    -2.664601    1.151172
             |
       treat#|
downup_ac_~p |
        1 1  |   -8.21979   19.05455    -0.43   0.666    -45.56701    29.12743
             |
 post_#treat#|
downup_ac_~p |
      1 1 1  |  -13.40057   22.33543    -0.60   0.549    -57.17836    30.37722
------------------------------------------------------------------------------

added scalar:
              e(ymean) =  446.2126

added scalar:
             e(ymean2) =  440.21376

added scalar:
                e(acq) =  808

added scalar:
              e(fe_id) =  5

added scalar:
          e(n_treated) =  1015560

added scalar:
          e(n_control) =  1.558e+08

added macro:
               e(smpl) : "Rural"

added macro:
             e(fespec) : "unique_small_grid_id_cohort province_cohort#election_
> year"

added macro:
                e(mod) : "downup_ac_pop"

added macro:
           e(controls) : "never"
(saving evreg1)
(file /users/aquisper/proj_bureaucrats_farms/code/_stacked_downup_replication/.
> ./../tables/exploratory_analysis/protest_original_controls_fe_sweep/protest_o
> riginal_fe05_controls_never_did_interaction_rural_acpop_all.ster saved)
DID controls=never FE=6: unique_small_grid_id_cohort province_cohort#election_y
> ear#yeargov
(MWFE estimator converged in 2 iterations)

HDFE linear regression with Julia                 Number of obs   =  156823920
Absorbing 2 HDFE groups                           F(   8,  45579) =     934.69
Statistics cluster-robust                         Prob > F        =     0.0000
                                                  R-squared       =     0.1055
                                                  Adj R-squared   =     0.0980
Number of clusters (ac_elec_yr) =      45579      Within R-sq.    =     0.0061
                                                  Root MSE        =   834.8878

                        (Std. err. adjusted for 45,579 clusters in ac_elec_yr)
------------------------------------------------------------------------------
             |               Robust
      countk | Coefficient  std. err.      t    P>|t|     [95% conf. interval]
-------------+----------------------------------------------------------------
     1.post_ |    10.5882   3.620673     2.92   0.003     3.491619    17.68477
     1.treat |          0  (omitted)
1.downup_a~p |   5.137462   .6576392     7.81   0.000     3.848479    6.426446
wind_direc~n |  -.6527248   .0086474   -75.48   0.000    -.6696739   -.6357756
av_wind_sp~d |   61.62364   1.192153    51.69   0.000       59.287    63.96028
             |
 post_#treat |
        1 1  |   38.83889   13.87405     2.80   0.005     11.64553    66.03225
             |
       post_#|
downup_ac_~p |
        1 1  |  -1.271481   .9617894    -1.32   0.186    -3.156604    .6136416
             |
       treat#|
downup_ac_~p |
        1 1  |  -8.283856   18.98157    -0.44   0.663    -45.48803    28.92032
             |
 post_#treat#|
downup_ac_~p |
      1 1 1  |  -11.83595   21.48989    -0.55   0.582    -53.95648    30.28458
------------------------------------------------------------------------------

added scalar:
              e(ymean) =  446.2126

added scalar:
             e(ymean2) =  440.21376

added scalar:
                e(acq) =  808

added scalar:
              e(fe_id) =  6

added scalar:
          e(n_treated) =  1015560

added scalar:
          e(n_control) =  1.558e+08

added macro:
               e(smpl) : "Rural"

added macro:
             e(fespec) : "unique_small_grid_id_cohort province_cohort#election_
> year#yeargov"

added macro:
                e(mod) : "downup_ac_pop"

added macro:
           e(controls) : "never"
(saving evreg1)
(file /users/aquisper/proj_bureaucrats_farms/code/_stacked_downup_replication/.
> ./../tables/exploratory_analysis/protest_original_controls_fe_sweep/protest_o
> riginal_fe06_controls_never_did_interaction_rural_acpop_all.ster saved)
DID controls=never FE=7: unique_small_grid_id_cohort monthyearco province_cohor
> t#c.monthyear
(MWFE estimator converged in 7 iterations)

HDFE linear regression with Julia                 Number of obs   =  156823920
Absorbing 3 HDFE groups                           F(   7,  45579) =     388.22
Statistics cluster-robust                         Prob > F        =     0.0000
                                                  R-squared       =     0.1351
                                                  Adj R-squared   =     0.1278
Number of clusters (ac_elec_yr) =      45579      Within R-sq.    =     0.0029
                                                  Root MSE        =   820.9848

                        (Std. err. adjusted for 45,579 clusters in ac_elec_yr)
------------------------------------------------------------------------------
             |               Robust
      countk | Coefficient  std. err.      t    P>|t|     [95% conf. interval]
-------------+----------------------------------------------------------------
     1.post_ |          0  (omitted)
     1.treat |          0  (omitted)
1.downup_a~p |   4.823773    .649399     7.43   0.000     3.550941    6.096606
wind_direc~n |  -.2807429   .0063618   -44.13   0.000    -.2932122   -.2682736
av_wind_sp~d |   158.5676   3.350541    47.33   0.000     152.0005    165.1347
             |
 post_#treat |
        1 1  |   60.77288   15.23446     3.99   0.000     30.91309    90.63267
             |
       post_#|
downup_ac_~p |
        1 1  |   .8815269   .9587085     0.92   0.358    -.9975571    2.760611
             |
       treat#|
downup_ac_~p |
        1 1  |  -9.700419   18.23181    -0.53   0.595    -45.43505    26.03422
             |
 post_#treat#|
downup_ac_~p |
      1 1 1  |  -16.46141   22.01681    -0.75   0.455    -59.61471    26.69188
------------------------------------------------------------------------------

added scalar:
              e(ymean) =  446.2126

added scalar:
             e(ymean2) =  440.21376

added scalar:
                e(acq) =  808

added scalar:
              e(fe_id) =  7

added scalar:
          e(n_treated) =  1015560

added scalar:
          e(n_control) =  1.558e+08

added macro:
               e(smpl) : "Rural"

added macro:
             e(fespec) : "unique_small_grid_id_cohort monthyearco province_coho
> rt#c.monthyear"

added macro:
                e(mod) : "downup_ac_pop"

added macro:
           e(controls) : "never"
(saving evreg1)
(file /users/aquisper/proj_bureaucrats_farms/code/_stacked_downup_replication/.
> ./../tables/exploratory_analysis/protest_original_controls_fe_sweep/protest_o
> riginal_fe07_controls_never_did_interaction_rural_acpop_all.ster saved)
DID controls=never FE=8: unique_small_grid_id_cohort monthyearco yeargov
(MWFE estimator converged in 7 iterations)

HDFE linear regression with Julia                 Number of obs   =  156823920
Absorbing 3 HDFE groups                           F(   7,  45579) =     397.41
Statistics cluster-robust                         Prob > F        =     0.0000
                                                  R-squared       =     0.1348
                                                  Adj R-squared   =     0.1275
Number of clusters (ac_elec_yr) =      45579      Within R-sq.    =     0.0029
                                                  Root MSE        =   821.1007

                        (Std. err. adjusted for 45,579 clusters in ac_elec_yr)
------------------------------------------------------------------------------
             |               Robust
      countk | Coefficient  std. err.      t    P>|t|     [95% conf. interval]
-------------+----------------------------------------------------------------
     1.post_ |          0  (omitted)
     1.treat |          0  (omitted)
1.downup_a~p |   4.919042   .6506997     7.56   0.000      3.64366    6.194423
wind_direc~n |  -.2859534   .0063331   -45.15   0.000    -.2983663   -.2735405
av_wind_sp~d |    158.586   3.342471    47.45   0.000     152.0347    165.1373
             |
 post_#treat |
        1 1  |   18.43152   15.44156     1.19   0.233    -11.83418    48.69722
             |
       post_#|
downup_ac_~p |
        1 1  |    .534999   .9571318     0.56   0.576    -1.340995    2.410993
             |
       treat#|
downup_ac_~p |
        1 1  |  -9.886025   18.30784    -0.54   0.589    -45.76968    25.99763
             |
 post_#treat#|
downup_ac_~p |
      1 1 1  |  -15.89319   21.99268    -0.72   0.470    -58.99919    27.21281
------------------------------------------------------------------------------

added scalar:
              e(ymean) =  446.2126

added scalar:
             e(ymean2) =  440.21376

added scalar:
                e(acq) =  808

added scalar:
              e(fe_id) =  8

added scalar:
          e(n_treated) =  1015560

added scalar:
          e(n_control) =  1.558e+08

added macro:
               e(smpl) : "Rural"

added macro:
             e(fespec) : "unique_small_grid_id_cohort monthyearco yeargov"

added macro:
                e(mod) : "downup_ac_pop"

added macro:
           e(controls) : "never"
(saving evreg1)
(file /users/aquisper/proj_bureaucrats_farms/code/_stacked_downup_replication/.
> ./../tables/exploratory_analysis/protest_original_controls_fe_sweep/protest_o
> riginal_fe08_controls_never_did_interaction_rural_acpop_all.ster saved)
DID controls=never FE=9: unique_small_grid_id_cohort monthyearco province_cohor
> t#election_year
(MWFE estimator converged in 22 iterations)

HDFE linear regression with Julia                 Number of obs   =  156823920
Absorbing 3 HDFE groups                           F(   7,  45579) =     379.66
Statistics cluster-robust                         Prob > F        =     0.0000
                                                  R-squared       =     0.1355
                                                  Adj R-squared   =     0.1282
Number of clusters (ac_elec_yr) =      45579      Within R-sq.    =     0.0028
                                                  Root MSE        =   820.7635

                        (Std. err. adjusted for 45,579 clusters in ac_elec_yr)
------------------------------------------------------------------------------
             |               Robust
      countk | Coefficient  std. err.      t    P>|t|     [95% conf. interval]
-------------+----------------------------------------------------------------
     1.post_ |          0  (omitted)
     1.treat |          0  (omitted)
1.downup_a~p |    4.75089   .6493372     7.32   0.000     3.478179    6.023602
wind_direc~n |  -.2721679   .0063035   -43.18   0.000     -.284523   -.2598129
av_wind_sp~d |   157.9253   3.353317    47.10   0.000     151.3528    164.4979
             |
 post_#treat |
        1 1  |   83.81405   14.56846     5.75   0.000     55.25963    112.3685
             |
       post_#|
downup_ac_~p |
        1 1  |   .4873889    .951417     0.51   0.608    -1.377404    2.352181
             |
       treat#|
downup_ac_~p |
        1 1  |  -9.512978    18.2512    -0.52   0.602    -45.28562    26.25966
             |
 post_#treat#|
downup_ac_~p |
      1 1 1  |  -16.18743   21.47104    -0.75   0.451    -58.27101    25.89614
------------------------------------------------------------------------------

added scalar:
              e(ymean) =  446.2126

added scalar:
             e(ymean2) =  440.21376

added scalar:
                e(acq) =  808

added scalar:
              e(fe_id) =  9

added scalar:
          e(n_treated) =  1015560

added scalar:
          e(n_control) =  1.558e+08

added macro:
               e(smpl) : "Rural"

added macro:
             e(fespec) : "unique_small_grid_id_cohort monthyearco province_coho
> rt#election_year"

added macro:
                e(mod) : "downup_ac_pop"

added macro:
           e(controls) : "never"
(saving evreg1)
(file /users/aquisper/proj_bureaucrats_farms/code/_stacked_downup_replication/.
> ./../tables/exploratory_analysis/protest_original_controls_fe_sweep/protest_o
> riginal_fe09_controls_never_did_interaction_rural_acpop_all.ster saved)
DID controls=never FE=10: unique_small_grid_id_cohort monthyearco province_coho
> rt#election_year#yeargov
(MWFE estimator converged in 83 iterations)

HDFE linear regression with Julia                 Number of obs   =  156823920
Absorbing 3 HDFE groups                           F(   7,  45579) =     375.80
Statistics cluster-robust                         Prob > F        =     0.0000
                                                  R-squared       =     0.1377
                                                  Adj R-squared   =     0.1305
Number of clusters (ac_elec_yr) =      45579      Within R-sq.    =     0.0029
                                                  Root MSE        =   819.7100

                        (Std. err. adjusted for 45,579 clusters in ac_elec_yr)
------------------------------------------------------------------------------
             |               Robust
      countk | Coefficient  std. err.      t    P>|t|     [95% conf. interval]
-------------+----------------------------------------------------------------
     1.post_ |          0  (omitted)
     1.treat |          0  (omitted)
1.downup_a~p |   4.497462   .6521974     6.90   0.000     3.219145     5.77578
wind_direc~n |  -.2543724   .0060807   -41.83   0.000    -.2662907   -.2424541
av_wind_sp~d |   164.0985   3.504356    46.83   0.000     157.2299    170.9671
             |
 post_#treat |
        1 1  |   42.44802   13.48037     3.15   0.002     16.02628    68.86975
             |
       post_#|
downup_ac_~p |
        1 1  |    .107208   .9371698     0.11   0.909     -1.72966    1.944076
             |
       treat#|
downup_ac_~p |
        1 1  |  -10.46159   18.40751    -0.57   0.570     -46.5406    25.61741
             |
 post_#treat#|
downup_ac_~p |
      1 1 1  |  -14.39091   20.75412    -0.69   0.488    -55.06932    26.28749
------------------------------------------------------------------------------

added scalar:
              e(ymean) =  446.2126

added scalar:
             e(ymean2) =  440.21376

added scalar:
                e(acq) =  808

added scalar:
              e(fe_id) =  10

added scalar:
          e(n_treated) =  1015560

added scalar:
          e(n_control) =  1.558e+08

added macro:
               e(smpl) : "Rural"

added macro:
             e(fespec) : "unique_small_grid_id_cohort monthyearco province_coho
> rt#election_year#yeargov"

added macro:
                e(mod) : "downup_ac_pop"

added macro:
           e(controls) : "never"
(saving evreg1)
(file /users/aquisper/proj_bureaucrats_farms/code/_stacked_downup_replication/.
> ./../tables/exploratory_analysis/protest_original_controls_fe_sweep/protest_o
> riginal_fe10_controls_never_did_interaction_rural_acpop_all.ster saved)
DID controls=never FE=11: unique_small_grid_id_cohort province_cohort#c.monthye
> ar yeargov
(MWFE estimator converged in 9 iterations)

HDFE linear regression with Julia                 Number of obs   =  156823920
Absorbing 3 HDFE groups                           F(   8,  45579) =     966.66
Statistics cluster-robust                         Prob > F        =     0.0000
                                                  R-squared       =     0.1035
                                                  Adj R-squared   =     0.0960
Number of clusters (ac_elec_yr) =      45579      Within R-sq.    =     0.0061
                                                  Root MSE        =   835.7977

                        (Std. err. adjusted for 45,579 clusters in ac_elec_yr)
------------------------------------------------------------------------------
             |               Robust
      countk | Coefficient  std. err.      t    P>|t|     [95% conf. interval]
-------------+----------------------------------------------------------------
     1.post_ |   25.53967   1.368498    18.66   0.000     22.85739    28.22195
     1.treat |          0  (omitted)
1.downup_a~p |   5.188469   .6580679     7.88   0.000     3.898646    6.478293
wind_direc~n |  -.6479195   .0085467   -75.81   0.000    -.6646712   -.6311679
av_wind_sp~d |   61.34697   1.187937    51.64   0.000      59.0186    63.67535
             |
 post_#treat |
        1 1  |   62.80001    15.6571     4.01   0.000     32.11183    93.48818
             |
       post_#|
downup_ac_~p |
        1 1  |  -.3923181   .9792768    -0.40   0.689    -2.311716     1.52708
             |
       treat#|
downup_ac_~p |
        1 1  |  -8.404276   19.03285    -0.44   0.659    -45.70896    28.90041
             |
 post_#treat#|
downup_ac_~p |
      1 1 1  |  -13.88556    22.9006    -0.61   0.544     -58.7711    30.99998
------------------------------------------------------------------------------

added scalar:
              e(ymean) =  446.2126

added scalar:
             e(ymean2) =  440.21376

added scalar:
                e(acq) =  808

added scalar:
              e(fe_id) =  11

added scalar:
          e(n_treated) =  1015560

added scalar:
          e(n_control) =  1.558e+08

added macro:
               e(smpl) : "Rural"

added macro:
             e(fespec) : "unique_small_grid_id_cohort province_cohort#c.monthye
> ar yeargov"

added macro:
                e(mod) : "downup_ac_pop"

added macro:
           e(controls) : "never"
(saving evreg1)
(file /users/aquisper/proj_bureaucrats_farms/code/_stacked_downup_replication/.
> ./../tables/exploratory_analysis/protest_original_controls_fe_sweep/protest_o
> riginal_fe11_controls_never_did_interaction_rural_acpop_all.ster saved)
DID controls=never FE=12: unique_small_grid_id_cohort province_cohort#c.monthye
> ar province_cohort#election_year
(MWFE estimator converged in 8 iterations)

HDFE linear regression with Julia                 Number of obs   =  156823920
Absorbing 3 HDFE groups                           F(   8,  45579) =     939.64
Statistics cluster-robust                         Prob > F        =     0.0000
                                                  R-squared       =     0.1040
                                                  Adj R-squared   =     0.0965
Number of clusters (ac_elec_yr) =      45579      Within R-sq.    =     0.0060
                                                  Root MSE        =   835.5768

                        (Std. err. adjusted for 45,579 clusters in ac_elec_yr)
------------------------------------------------------------------------------
             |               Robust
      countk | Coefficient  std. err.      t    P>|t|     [95% conf. interval]
-------------+----------------------------------------------------------------
     1.post_ |   25.62414   1.530895    16.74   0.000     22.62356    28.62472
     1.treat |          0  (omitted)
1.downup_a~p |   5.115609   .6585467     7.77   0.000     3.824847    6.406371
wind_direc~n |  -.6427065   .0085422   -75.24   0.000    -.6594494   -.6259636
av_wind_sp~d |   60.85591    1.19018    51.13   0.000     58.52314    63.18868
             |
 post_#treat |
        1 1  |   71.32614   14.46741     4.93   0.000     42.96979    99.68249
             |
       post_#|
downup_ac_~p |
        1 1  |  -.8857747   .9689107    -0.91   0.361    -2.784855    1.013306
             |
       treat#|
downup_ac_~p |
        1 1  |  -8.320153   19.07614    -0.44   0.663     -45.7097    29.06939
             |
 post_#treat#|
downup_ac_~p |
      1 1 1  |  -12.82787    22.0982    -0.58   0.562     -56.1407    30.48495
------------------------------------------------------------------------------

added scalar:
              e(ymean) =  446.2126

added scalar:
             e(ymean2) =  440.21376

added scalar:
                e(acq) =  808

added scalar:
              e(fe_id) =  12

added scalar:
          e(n_treated) =  1015560

added scalar:
          e(n_control) =  1.558e+08

added macro:
               e(smpl) : "Rural"

added macro:
             e(fespec) : "unique_small_grid_id_cohort province_cohort#c.monthye
> ar province_cohort#election_year"

added macro:
                e(mod) : "downup_ac_pop"

added macro:
           e(controls) : "never"
(saving evreg1)
(file /users/aquisper/proj_bureaucrats_farms/code/_stacked_downup_replication/.
> ./../tables/exploratory_analysis/protest_original_controls_fe_sweep/protest_o
> riginal_fe12_controls_never_did_interaction_rural_acpop_all.ster saved)
DID controls=never FE=13: unique_small_grid_id_cohort province_cohort#c.monthye
> ar province_cohort#election_year#yeargov
(MWFE estimator converged in 5 iterations)

HDFE linear regression with Julia                 Number of obs   =  156823920
Absorbing 3 HDFE groups                           F(   8,  45579) =     864.73
Statistics cluster-robust                         Prob > F        =     0.0000
                                                  R-squared       =     0.1059
                                                  Adj R-squared   =     0.0984
Number of clusters (ac_elec_yr) =      45579      Within R-sq.    =     0.0061
                                                  Root MSE        =   834.6798

                        (Std. err. adjusted for 45,579 clusters in ac_elec_yr)
------------------------------------------------------------------------------
             |               Robust
      countk | Coefficient  std. err.      t    P>|t|     [95% conf. interval]
-------------+----------------------------------------------------------------
     1.post_ |   39.08786   3.780106    10.34   0.000     31.67879    46.49693
     1.treat |          0  (omitted)
1.downup_a~p |   4.899828   .6634015     7.39   0.000      3.59955    6.200105
wind_direc~n |  -.6694308   .0089372   -74.90   0.000    -.6869479   -.6519137
av_wind_sp~d |   53.87694   1.197181    45.00   0.000     51.53045    56.22343
             |
 post_#treat |
        1 1  |   40.48019   13.93793     2.90   0.004     13.16162    67.79876
             |
       post_#|
downup_ac_~p |
        1 1  |  -1.184534   .9629152    -1.23   0.219    -3.071863    .7027953
             |
       treat#|
downup_ac_~p |
        1 1  |  -7.940272   19.30946    -0.41   0.681    -45.78712    29.90658
             |
 post_#treat#|
downup_ac_~p |
      1 1 1  |  -12.17942   21.73921    -0.56   0.575    -54.78862    30.42978
------------------------------------------------------------------------------

added scalar:
              e(ymean) =  446.2126

added scalar:
             e(ymean2) =  440.21376

added scalar:
                e(acq) =  808

added scalar:
              e(fe_id) =  13

added scalar:
          e(n_treated) =  1015560

added scalar:
          e(n_control) =  1.558e+08

added macro:
               e(smpl) : "Rural"

added macro:
             e(fespec) : "unique_small_grid_id_cohort province_cohort#c.monthye
> ar province_cohort#election_year#yeargov"

added macro:
                e(mod) : "downup_ac_pop"

added macro:
           e(controls) : "never"
(saving evreg1)
(file /users/aquisper/proj_bureaucrats_farms/code/_stacked_downup_replication/.
> ./../tables/exploratory_analysis/protest_original_controls_fe_sweep/protest_o
> riginal_fe13_controls_never_did_interaction_rural_acpop_all.ster saved)
DID controls=never FE=14: unique_small_grid_id_cohort yeargov province_cohort#e
> lection_year
(MWFE estimator converged in 9 iterations)

HDFE linear regression with Julia                 Number of obs   =  156823920
Absorbing 3 HDFE groups                           F(   8,  45579) =     948.15
Statistics cluster-robust                         Prob > F        =     0.0000
                                                  R-squared       =     0.1040
                                                  Adj R-squared   =     0.0965
Number of clusters (ac_elec_yr) =      45579      Within R-sq.    =     0.0060
                                                  Root MSE        =   835.5951

                        (Std. err. adjusted for 45,579 clusters in ac_elec_yr)
------------------------------------------------------------------------------
             |               Robust
      countk | Coefficient  std. err.      t    P>|t|     [95% conf. interval]
-------------+----------------------------------------------------------------
     1.post_ |   19.96411   1.578268    12.65   0.000     16.87068    23.05754
     1.treat |          0  (omitted)
1.downup_a~p |   5.102702   .6581059     7.75   0.000     3.812804    6.392601
wind_direc~n |  -.6458247   .0085745   -75.32   0.000    -.6626309   -.6290185
av_wind_sp~d |   60.75792   1.189079    51.10   0.000     58.42731    63.08853
             |
 post_#treat |
        1 1  |   85.07693     15.005     5.67   0.000     55.66689     114.487
             |
       post_#|
downup_ac_~p |
        1 1  |  -.7518767   .9736396    -0.77   0.440    -2.660226    1.156472
             |
       treat#|
downup_ac_~p |
        1 1  |   -8.24716   19.05434    -0.43   0.665    -45.59398    29.09966
             |
 post_#treat#|
downup_ac_~p |
      1 1 1  |  -13.28465   22.34299    -0.59   0.552    -57.07727    30.50798
------------------------------------------------------------------------------

added scalar:
              e(ymean) =  446.2126

added scalar:
             e(ymean2) =  440.21376

added scalar:
                e(acq) =  808

added scalar:
              e(fe_id) =  14

added scalar:
          e(n_treated) =  1015560

added scalar:
          e(n_control) =  1.558e+08

added macro:
               e(smpl) : "Rural"

added macro:
             e(fespec) : "unique_small_grid_id_cohort yeargov province_cohort#e
> lection_year"

added macro:
                e(mod) : "downup_ac_pop"

added macro:
           e(controls) : "never"
(saving evreg1)
(file /users/aquisper/proj_bureaucrats_farms/code/_stacked_downup_replication/.
> ./../tables/exploratory_analysis/protest_original_controls_fe_sweep/protest_o
> riginal_fe14_controls_never_did_interaction_rural_acpop_all.ster saved)
DID controls=never FE=15: unique_small_grid_id_cohort yeargov province_cohort#e
> lection_year#yeargov
(MWFE estimator converged in 3 iterations)

HDFE linear regression with Julia                 Number of obs   =  156823920
Absorbing 3 HDFE groups                           F(   8,  45579) =     934.69
Statistics cluster-robust                         Prob > F        =     0.0000
                                                  R-squared       =     0.1055
                                                  Adj R-squared   =     0.0980
Number of clusters (ac_elec_yr) =      45579      Within R-sq.    =     0.0061
                                                  Root MSE        =   834.8878

                        (Std. err. adjusted for 45,579 clusters in ac_elec_yr)
------------------------------------------------------------------------------
             |               Robust
      countk | Coefficient  std. err.      t    P>|t|     [95% conf. interval]
-------------+----------------------------------------------------------------
     1.post_ |    10.5882   3.620673     2.92   0.003     3.491619    17.68477
     1.treat |          0  (omitted)
1.downup_a~p |   5.137462   .6576392     7.81   0.000     3.848479    6.426446
wind_direc~n |  -.6527248   .0086474   -75.48   0.000    -.6696739   -.6357756
av_wind_sp~d |   61.62364   1.192153    51.69   0.000       59.287    63.96028
             |
 post_#treat |
        1 1  |   38.83889   13.87405     2.80   0.005     11.64553    66.03225
             |
       post_#|
downup_ac_~p |
        1 1  |  -1.271481   .9617894    -1.32   0.186    -3.156604    .6136416
             |
       treat#|
downup_ac_~p |
        1 1  |  -8.283856   18.98157    -0.44   0.663    -45.48803    28.92032
             |
 post_#treat#|
downup_ac_~p |
      1 1 1  |  -11.83595   21.48989    -0.55   0.582    -53.95648    30.28458
------------------------------------------------------------------------------

added scalar:
              e(ymean) =  446.2126

added scalar:
             e(ymean2) =  440.21376

added scalar:
                e(acq) =  808

added scalar:
              e(fe_id) =  15

added scalar:
          e(n_treated) =  1015560

added scalar:
          e(n_control) =  1.558e+08

added macro:
               e(smpl) : "Rural"

added macro:
             e(fespec) : "unique_small_grid_id_cohort yeargov province_cohort#e
> lection_year#yeargov"

added macro:
                e(mod) : "downup_ac_pop"

added macro:
           e(controls) : "never"
(saving evreg1)
(file /users/aquisper/proj_bureaucrats_farms/code/_stacked_downup_replication/.
> ./../tables/exploratory_analysis/protest_original_controls_fe_sweep/protest_o
> riginal_fe15_controls_never_did_interaction_rural_acpop_all.ster saved)

. 
. display as result "COMPLETED protest STER files: controls=`control_sample', F
> E=$fe_list"
COMPLETED protest STER files: controls=never, FE=1/15

. 
end of do-file
