
  ___  ____  ____  ____  ____ ®
 /__    /   ____/   /   ____/      StataNow 19.5
___/   /   /___/   /   /___/       MP—Parallel Edition

 Statistics and Data Science       Copyright 1985-2025 StataCorp LLC
                                   StataCorp
                                   4905 Lakeway Drive
                                   College Station, Texas 77845 USA
                                   800-782-8272        https://www.stata.com
                                   979-696-4600        service@stata.com

Stata license: 4-user 16-core network, expiring 14 Sep 2026
Serial number: 501909301589
  Licensed to: University of Notre Dame
               Notre Dame, IN 46556

Notes:
      1. Stata is running in batch mode.
      2. Unicode is supported; see help unicode_advice.
      3. More than 2 billion observations are allowed; see help obs_advice.
      4. Maximum number of variables is set to 5,000 but can be increased;
          see help set_maxvar.

. do /users/aquisper/proj_bureaucrats_farms/code/_stacked_downup_replication/ex
> ploratory_analysis/politician_original_controls_fe_sweep/_run_politician_orig
> inal_control_all32.do 

. *****************************************************************************
> ***
. * Original politician dataset: one import, 32 FE loops, one control definitio
> n.
. *
. * One Stata process performs two independent loops and saves every FE result:
. *   1. Event study, relative years -5,...,4, omitting -1.
. *   2. DiD interaction post x treat x downup_ac_pop.
. *****************************************************************************
> ***
. version 17

. clear all

. set more off

. set processors 1
    The maximum number of processors or cores being used is changed from 16
    to 1.  It can be set to any number between 1 and 16

. 
. args control_arg

. local control_env : environment POL_ORIGINAL_CONTROL_SAMPLE

. local sample_env : environment ANALYSIS_SAMPLE_SUFFIX

. local control_sample "`control_arg'"

. if "`control_sample'" == "" local control_sample "`control_env'"

. if "`control_sample'" == "" local control_sample "never"

. if !inlist("`control_sample'", "never", "both", "notyet") {
.     display as error "Control sample must be never, both, or notyet."
.     exit 198
. }

. 
. * Standalone defaults for the five standard parameters.
. global location     "shell"

. global sample       "`sample_env'"

. global is_rural_var "is_rural"

. global fe_list      "1/32"

. global ster_suffix  "_acpop"

. global root "/groups/sgulzar/sa_fires/proj_bureaucrats_farms"

. global code "/users/aquisper/proj_bureaucrats_farms/code/_stacked_downup_repl
> ication"

. global int_data "${root}/data_output/intermediate"

. global tables "${code}/../../tables/exploratory_analysis/politician_original_
> controls_fe_sweep"

. global figures "${code}/../../figures/exploratory_analysis/politician_origina
> l_controls_fe_sweep"

. if "${sample}" == "_sample" {
.     global tables "${tables}/sample"
.     global figures "${figures}/sample"
. }

. capture mkdir "${tables}"

. capture mkdir "${figures}"

. 
. *****************************************************************************
> ***
. * Import and prepare the common sample exactly once.
. *****************************************************************************
> ***
. local input_file "${int_data}/politicians_characteristics${sample}.csv"

. confirm file "`input_file'"

. display as text "Input: `input_file' | controls: `control_sample'"
Input: /groups/sgulzar/sa_fires/proj_bureaucrats_farms/data_output/intermediate
> /politicians_characteristics.csv | controls: never

. import delimited using "`input_file'", clear varnames(1)
(encoding automatically selected: ISO-8859-1)
(22 vars, 42,159,947 obs)

. 
. capture confirm variable relative_year_bin

. if _rc {
.     confirm variable relative_year
.     rename relative_year relative_year_bin
. }

. local required unique_small_grid_id province ac_uq_id count month year ///
>     monthyear downup_ac_pop av_wind_speed wind_direction election_year ///
>     yeargov treat cohort relative_year_bin control_type

. foreach variable of local required {
  2.     capture confirm variable `variable'
  3.     if _rc {
  4.         display as error "Required variable absent: `variable'"
  5.         exit 111
  6.     }
  7. }

. assert control_type == 0 if treat == 1

. assert inlist(control_type, 1, 2) if treat == 0

. 
. gen double countk = count * 1000

. merge m:1 unique_small_grid_id using ///
>     "${int_data}/ghs_grid_classification_2000.dta", ///
>     keep(master match) keepusing(is_rural)

    Result                      Number of obs
    -----------------------------------------
    Not matched                             0
    Matched                        42,159,947  (_merge==3)
    -----------------------------------------

. count if _merge == 1
  0

. display as text "Rows without rural classification: " r(N)
Rows without rural classification: 0

. drop _merge

. keep if ${is_rural_var} == 1
(11,013,790 observations deleted)

. keep if year < 2022 | (year == 2022 & month <= 8)
(5,521,118 observations deleted)

. 
. if "`control_sample'" == "never" {
.     keep if treat == 1 | control_type == 1
(8,350,480 observations deleted)
. }

. else if "`control_sample'" == "notyet" {
.     keep if treat == 1 | control_type == 2
.     display as error "CAUTION: control_type 2 is the legacy partial-zero-spel
> l group."
. }

. 
. gen byte fe_complete = 1

. local complete_vars unique_small_grid_id province ac_uq_id month year ///
>     monthyear election_year yeargov cohort countk downup_ac_pop ///
>     av_wind_speed wind_direction treat relative_year_bin control_type

. foreach variable of local complete_vars {
  2.     replace fe_complete = 0 if missing(`variable')
  3. }
(0 real changes made)
(0 real changes made)
(0 real changes made)
(0 real changes made)
(0 real changes made)
(0 real changes made)
(0 real changes made)
(0 real changes made)
(0 real changes made)
(0 real changes made)
(0 real changes made)
(0 real changes made)
(0 real changes made)
(0 real changes made)
(0 real changes made)
(0 real changes made)

. count if fe_complete == 0
  0

. display as text "Rows removed by common complete-case restriction: " r(N)
Rows removed by common complete-case restriction: 0

. drop if fe_complete == 0
(0 observations deleted)

. drop fe_complete

. 
. egen long unique_small_grid_id_cohort = group(unique_small_grid_id cohort)

. egen long province_cohort = group(province cohort)

. egen long monthyearco = group(month year cohort)

. egen long ac_elec_yr = group(ac_uq_id election_year cohort)

. 
. local fe1  "unique_small_grid_id_cohort"

. local fe2  "unique_small_grid_id_cohort monthyearco"

. local fe3  "unique_small_grid_id_cohort province_cohort#c.monthyear"

. local fe4  "unique_small_grid_id_cohort yeargov"

. local fe5  "unique_small_grid_id_cohort province_cohort#election_year"

. local fe6  "unique_small_grid_id_cohort province_cohort#election_year#yeargov
> "

. local fe7  "unique_small_grid_id_cohort monthyearco province_cohort#c.monthye
> ar"

. local fe8  "unique_small_grid_id_cohort monthyearco yeargov"

. local fe9  "unique_small_grid_id_cohort monthyearco province_cohort#election_
> year"

. local fe10 "unique_small_grid_id_cohort monthyearco province_cohort#election_
> year#yeargov"

. local fe11 "unique_small_grid_id_cohort province_cohort#c.monthyear yeargov"

. local fe12 "unique_small_grid_id_cohort province_cohort#c.monthyear province_
> cohort#election_year"

. local fe13 "unique_small_grid_id_cohort province_cohort#c.monthyear province_
> cohort#election_year#yeargov"

. local fe14 "unique_small_grid_id_cohort yeargov province_cohort#election_year
> "

. local fe15 "unique_small_grid_id_cohort yeargov province_cohort#election_year
> #yeargov"

. local fe16 "unique_small_grid_id_cohort province_cohort#election_year provinc
> e_cohort#election_year#yeargov"

. local fe17 "unique_small_grid_id_cohort monthyearco province_cohort#c.monthye
> ar yeargov"

. local fe18 "unique_small_grid_id_cohort monthyearco province_cohort#c.monthye
> ar province_cohort#election_year"

. local fe19 "unique_small_grid_id_cohort monthyearco province_cohort#c.monthye
> ar province_cohort#election_year#yeargov"

. local fe20 "unique_small_grid_id_cohort monthyearco yeargov province_cohort#e
> lection_year"

. local fe21 "unique_small_grid_id_cohort monthyearco yeargov province_cohort#e
> lection_year#yeargov"

. local fe22 "unique_small_grid_id_cohort monthyearco province_cohort#election_
> year province_cohort#election_year#yeargov"

. local fe23 "unique_small_grid_id_cohort province_cohort#c.monthyear yeargov p
> rovince_cohort#election_year"

. local fe24 "unique_small_grid_id_cohort province_cohort#c.monthyear yeargov p
> rovince_cohort#election_year#yeargov"

. local fe25 "unique_small_grid_id_cohort province_cohort#c.monthyear province_
> cohort#election_year province_cohort#election_year#yeargov"

. local fe26 "unique_small_grid_id_cohort yeargov province_cohort#election_year
>  province_cohort#election_year#yeargov"

. local fe27 "unique_small_grid_id_cohort monthyearco province_cohort#c.monthye
> ar yeargov province_cohort#election_year"

. local fe28 "unique_small_grid_id_cohort monthyearco province_cohort#c.monthye
> ar yeargov province_cohort#election_year#yeargov"

. local fe29 "unique_small_grid_id_cohort monthyearco province_cohort#c.monthye
> ar province_cohort#election_year province_cohort#election_year#yeargov"

. local fe30 "unique_small_grid_id_cohort monthyearco yeargov province_cohort#e
> lection_year province_cohort#election_year#yeargov"

. local fe31 "unique_small_grid_id_cohort province_cohort#c.monthyear yeargov p
> rovince_cohort#election_year province_cohort#election_year#yeargov"

. local fe32 "unique_small_grid_id_cohort monthyearco province_cohort#c.monthye
> ar yeargov province_cohort#election_year province_cohort#election_year#yeargo
> v"

. 
. tempfile full_analysis_sample

. save `full_analysis_sample'
file /tmp/1350674.1.largemem/St2816937.000001 saved as .dta format

. 
. *****************************************************************************
> ***
. * Event-study loop: prepare once, estimate FE 1/32, save each independently.
. *****************************************************************************
> ***
. use `full_analysis_sample', clear

. keep if inrange(relative_year_bin, -5, 4)
(4,823,783 observations deleted)

. quietly summarize relative_year_bin

. assert r(min) == -5

. assert r(max) == 4

. gen int relative_year_bin_aux = relative_year_bin + 6

. local base = 5

. gen byte moderator = 0

. * local moderators_list moderator downup_ac rice_area_aclvl_ahigh rice_harvar
> ea_aclvl_ahigh rice_prod_aclvl_ahigh
. local moderators_list moderator

. 
. count if treat == 1
  3,356,320

. local event_n_treated = r(N)

. count if treat == 0
  9,094,456

. local event_n_control = r(N)

. egen byte event_tag_ac = tag(ac_uq_id)

. count if event_tag_ac
  600

. local event_numacs = r(N)

. drop event_tag_ac

. quietly summarize countk if treat == 1 & relative_year_bin <= -1

. local event_ymean = r(mean)

. quietly summarize countk if treat == 1 & relative_year_bin <= -1 & moderator 
> == 1

. local event_ymean2 = r(mean)

. 
. foreach mod of local moderators_list {
  2.     replace moderator = `mod'
  3.     local event_rhs "ib`base'.relative_year_bin_aux##ib0.treat##ib0.`mod' 
> wind_direction av_wind_speed"
  4.     foreach fe of numlist $fe_list {
  5.         local fespec "`fe`fe''"
  6.         local tag : display %02.0f `fe'
  7.         local tag = strtrim("`tag'")
  8.         local prefix "politician_original_fe`tag'_controls_`control_sample
> '"
  9.         display as result "EVENT controls=`control_sample' FE=`fe'/32: `fe
> spec'"
 10.         est clear
 11.         reghdfejl countk `event_rhs', absorb(`fespec') vce(cluster ac_elec
> _yr)
 12.         estadd scalar ymean = `event_ymean'
 13.         estadd scalar ymean2 = `event_ymean2'
 14.         estadd scalar acq = `event_numacs'
 15.         estadd scalar fe_id = `fe'
 16.         estadd scalar n_treated = `event_n_treated'
 17.         estadd scalar n_control = `event_n_control'
 18.         estadd local smpl "Rural"
 19.         estadd local fespec "`fespec'"
 20.         estadd local mod "`mod'"
 21.         estadd local controls "`control_sample'"
 22.         est store evreg1
 23.         local out "${tables}/`prefix'_event_rural_acpop_all"
 24.         estwrite evreg1 using "`out'.ster", replace
 25.         confirm file "`out'.ster"
 26.     }
 27. }
(0 real changes made)
EVENT controls=never FE=1/32: unique_small_grid_id_cohort
(MWFE estimator converged in 1 iterations)

HDFE linear regression with Julia                 Number of obs   = 12,450,776
Absorbing 1 HDFE group                            F(  20,   4213) =      34.71
Statistics cluster-robust                         Prob > F        =     0.0000
                                                  R-squared       =     0.1077
                                                  Adj R-squared   =     0.0970
Number of clusters (ac_elec_yr) =       4213      Within R-sq.    =     0.0092
                                                  Root MSE        =  1102.2344

                         (Std. err. adjusted for 4,213 clusters in ac_elec_yr)
------------------------------------------------------------------------------
             |               Robust
      countk | Coefficient  std. err.      t    P>|t|     [95% conf. interval]
-------------+----------------------------------------------------------------
relative_y~x |
          1  |   .3594375   6.346253     0.06   0.955    -12.08257    12.80144
          2  |   12.53786   7.945331     1.58   0.115     -3.03918    28.11489
          3  |   3.153804   5.482893     0.58   0.565    -7.595556    13.90316
          4  |  -15.37678   4.580279    -3.36   0.001    -24.35654   -6.397013
          6  |  -6.425732   4.661636    -1.38   0.168      -15.565    2.713532
          7  |  -31.98168   6.066556    -5.27   0.000    -43.87533   -20.08803
          8  |  -4.403914   8.263474    -0.53   0.594    -20.60468    11.79685
          9  |  -30.81659   6.714536    -4.59   0.000    -43.98062   -17.65256
         10  |   6.378582   5.102118     1.25   0.211     -3.62426    16.38142
             |
     1.treat |          0  (omitted)
wind_direc~n |  -1.014371   .0433851   -23.38   0.000    -1.099429   -.9293134
av_wind_sp~d |   118.4972   6.051988    19.58   0.000     106.6321    130.3623
             |
relative_y~x#|
       treat |
        1 1  |  -9.559865   9.013696    -1.06   0.289    -27.23146    8.111732
        2 1  |   -28.3804   9.825718    -2.89   0.004    -47.64399   -9.116812
        3 1  |   .0096884   8.907846     0.00   0.999    -17.45439    17.47376
        4 1  |   6.702495   7.831798     0.86   0.392    -8.651959    22.05695
        6 1  |   9.538576   7.312347     1.30   0.192    -4.797479    23.87463
        7 1  |   33.12743   8.203515     4.04   0.000     17.04422    49.21065
        8 1  |   14.93354   10.43541     1.43   0.152     -5.52536    35.39245
        9 1  |   42.10916   9.623614     4.38   0.000      23.2418    60.97652
       10 1  |   10.88852    9.16864     1.19   0.235    -7.086849    28.86389
------------------------------------------------------------------------------

added scalar:
              e(ymean) =  112.47989

added scalar:
             e(ymean2) =  .

added scalar:
                e(acq) =  600

added scalar:
              e(fe_id) =  1

added scalar:
          e(n_treated) =  3356320

added scalar:
          e(n_control) =  9094456

added macro:
               e(smpl) : "Rural"

added macro:
             e(fespec) : "unique_small_grid_id_cohort"

added macro:
                e(mod) : "moderator"

added macro:
           e(controls) : "never"
(saving evreg1)
(file /users/aquisper/proj_bureaucrats_farms/code/_stacked_downup_replication/.
> ./../tables/exploratory_analysis/politician_original_controls_fe_sweep/politi
> cian_original_fe01_controls_never_event_rural_acpop_all.ster saved)
EVENT controls=never FE=2/32: unique_small_grid_id_cohort monthyearco
(MWFE estimator converged in 2 iterations)

HDFE linear regression with Julia                 Number of obs   = 12,450,776
Absorbing 2 HDFE groups                           F(  11,   4213) =      33.90
Statistics cluster-robust                         Prob > F        =     0.0000
                                                  R-squared       =     0.1786
                                                  Adj R-squared   =     0.1687
Number of clusters (ac_elec_yr) =       4213      Within R-sq.    =     0.0070
                                                  Root MSE        =  1057.5625

                         (Std. err. adjusted for 4,213 clusters in ac_elec_yr)
------------------------------------------------------------------------------
             |               Robust
      countk | Coefficient  std. err.      t    P>|t|     [95% conf. interval]
-------------+----------------------------------------------------------------
relative_y~x |
          1  |          0  (omitted)
          2  |          0  (omitted)
          3  |          0  (omitted)
          4  |          0  (omitted)
          6  |          0  (omitted)
          7  |          0  (omitted)
          8  |          0  (omitted)
          9  |          0  (omitted)
         10  |          0  (omitted)
             |
     1.treat |          0  (omitted)
wind_direc~n |   -.491949   .0320589   -15.35   0.000    -.5548013   -.4290967
av_wind_sp~d |   340.0486   19.25603    17.66   0.000     302.2966    377.8006
             |
relative_y~x#|
       treat |
        1 1  |  -15.76343    9.63291    -1.64   0.102    -34.64901    3.122154
        2 1  |  -22.70805   10.81085    -2.10   0.036      -43.903   -1.513089
        3 1  |   19.98382   7.570246     2.64   0.008     5.142142    34.82549
        4 1  |   11.58103   7.079824     1.64   0.102    -2.299159    25.46122
        6 1  |   25.76481   7.561471     3.41   0.001     10.94034    40.58928
        7 1  |   46.23005   7.801585     5.93   0.000     30.93483    61.52527
        8 1  |   41.25279   9.542179     4.32   0.000     22.54509     59.9605
        9 1  |   43.01852   9.079289     4.74   0.000     25.21833    60.81872
       10 1  |   12.31574   8.449172     1.46   0.145    -4.249094    28.88057
------------------------------------------------------------------------------

added scalar:
              e(ymean) =  112.47989

added scalar:
             e(ymean2) =  .

added scalar:
                e(acq) =  600

added scalar:
              e(fe_id) =  2

added scalar:
          e(n_treated) =  3356320

added scalar:
          e(n_control) =  9094456

added macro:
               e(smpl) : "Rural"

added macro:
             e(fespec) : "unique_small_grid_id_cohort monthyearco"

added macro:
                e(mod) : "moderator"

added macro:
           e(controls) : "never"
(saving evreg1)
(file /users/aquisper/proj_bureaucrats_farms/code/_stacked_downup_replication/.
> ./../tables/exploratory_analysis/politician_original_controls_fe_sweep/politi
> cian_original_fe02_controls_never_event_rural_acpop_all.ster saved)
EVENT controls=never FE=3/32: unique_small_grid_id_cohort province_cohort#c.mon
> thyear
(MWFE estimator converged in 14 iterations)

HDFE linear regression with Julia                 Number of obs   = 12,450,776
Absorbing 2 HDFE groups                           F(  20,   4213) =      35.40
Statistics cluster-robust                         Prob > F        =     0.0000
                                                  R-squared       =     0.1091
                                                  Adj R-squared   =     0.0984
Number of clusters (ac_elec_yr) =       4213      Within R-sq.    =     0.0104
                                                  Root MSE        =  1101.3575

                         (Std. err. adjusted for 4,213 clusters in ac_elec_yr)
------------------------------------------------------------------------------
             |               Robust
      countk | Coefficient  std. err.      t    P>|t|     [95% conf. interval]
-------------+----------------------------------------------------------------
relative_y~x |
          1  |   548.9876   101.0731     5.43   0.000     350.8311    747.1442
          2  |   419.5367    78.5244     5.34   0.000     265.5875    573.4859
          3  |   270.9427   49.71541     5.45   0.000     173.4743    368.4111
          4  |   113.7364   25.00992     4.55   0.000     64.70377     162.769
          6  |   -127.812     23.938    -5.34   0.000    -174.7431   -80.88086
          7  |  -272.9769   52.64253    -5.19   0.000     -376.184   -169.7698
          8  |  -355.9681   77.00703    -4.62   0.000    -506.9425   -204.9937
          9  |  -493.1455   100.6047    -4.90   0.000    -690.3837   -295.9073
         10  |  -572.6696   123.9633    -4.62   0.000    -815.7031   -329.6361
             |
     1.treat |          0  (omitted)
wind_direc~n |  -1.065042   .0478398   -22.26   0.000    -1.158833   -.9712507
av_wind_sp~d |   144.2935   8.487835    17.00   0.000     127.6529    160.9342
             |
relative_y~x#|
       treat |
        1 1  |  -29.54327     11.892    -2.48   0.013    -52.85785   -6.228682
        2 1  |  -41.76372   10.98962    -3.80   0.000    -63.30917   -20.21827
        3 1  |  -10.43622   8.881631    -1.18   0.240     -27.8489    6.976462
        4 1  |   5.091575   7.736475     0.66   0.510      -10.076    20.25915
        6 1  |   13.99258   7.594251     1.84   0.065    -.8961571    28.88132
        7 1  |   37.12707   9.001345     4.12   0.000     19.47969    54.77445
        8 1  |   10.79469   11.12296     0.97   0.332    -11.01218    32.60156
        9 1  |   29.17609   10.90238     2.68   0.007     7.801679    50.55049
       10 1  |  -5.314902   10.56116    -0.50   0.615    -26.02035    15.39055
------------------------------------------------------------------------------

added scalar:
              e(ymean) =  112.47989

added scalar:
             e(ymean2) =  .

added scalar:
                e(acq) =  600

added scalar:
              e(fe_id) =  3

added scalar:
          e(n_treated) =  3356320

added scalar:
          e(n_control) =  9094456

added macro:
               e(smpl) : "Rural"

added macro:
             e(fespec) : "unique_small_grid_id_cohort province_cohort#c.monthye
> ar"

added macro:
                e(mod) : "moderator"

added macro:
           e(controls) : "never"
(saving evreg1)
(file /users/aquisper/proj_bureaucrats_farms/code/_stacked_downup_replication/.
> ./../tables/exploratory_analysis/politician_original_controls_fe_sweep/politi
> cian_original_fe03_controls_never_event_rural_acpop_all.ster saved)
EVENT controls=never FE=4/32: unique_small_grid_id_cohort yeargov
(MWFE estimator converged in 7 iterations)

HDFE linear regression with Julia                 Number of obs   = 12,450,776
Absorbing 2 HDFE groups                           F(  20,   4213) =      35.00
Statistics cluster-robust                         Prob > F        =     0.0000
                                                  R-squared       =     0.1079
                                                  Adj R-squared   =     0.0972
Number of clusters (ac_elec_yr) =       4213      Within R-sq.    =     0.0093
                                                  Root MSE        =  1102.0818

                         (Std. err. adjusted for 4,213 clusters in ac_elec_yr)
------------------------------------------------------------------------------
             |               Robust
      countk | Coefficient  std. err.      t    P>|t|     [95% conf. interval]
-------------+----------------------------------------------------------------
relative_y~x |
          1  |   9.426866    6.30521     1.50   0.135    -2.934671     21.7884
          2  |   25.67822   8.043601     3.19   0.001     9.908525    41.44792
          3  |    17.3792   5.301693     3.28   0.001     6.985088    27.77331
          4  |  -4.533909   4.693331    -0.97   0.334    -13.73531    4.667494
          6  |  -3.015434   4.488944    -0.67   0.502    -11.81613    5.785264
          7  |  -25.63179   6.088198    -4.21   0.000    -37.56787   -13.69571
          8  |    5.26037   8.035898     0.65   0.513    -10.49423    21.01497
          9  |  -22.07481   6.689324    -3.30   0.001    -35.18941   -8.960206
         10  |    4.28934   5.115731     0.84   0.402     -5.74019    14.31887
             |
     1.treat |          0  (omitted)
wind_direc~n |  -1.018811   .0435247   -23.41   0.000    -1.104142   -.9334796
av_wind_sp~d |   119.0277   6.069756    19.61   0.000     107.1278    130.9277
             |
relative_y~x#|
       treat |
        1 1  |   28.60038   9.495129     3.01   0.003     9.984922    47.21584
        2 1  |   23.69316   9.464343     2.50   0.012     5.138061    42.24827
        3 1  |   39.14542   9.570624     4.09   0.000     20.38195    57.90889
        4 1  |   33.96139   8.589887     3.95   0.000     17.12068     50.8021
        6 1  |   53.42119   8.397494     6.36   0.000     36.95768    69.88471
        7 1  |    91.9975    9.72246     9.46   0.000     72.93635    111.0586
        8 1  |   58.66262   10.69764     5.48   0.000      37.6896    79.63564
        9 1  |   71.49344   10.12617     7.06   0.000     51.64081    91.34607
       10 1  |    13.0313    9.18499     1.42   0.156    -4.976127    31.03872
------------------------------------------------------------------------------

added scalar:
              e(ymean) =  112.47989

added scalar:
             e(ymean2) =  .

added scalar:
                e(acq) =  600

added scalar:
              e(fe_id) =  4

added scalar:
          e(n_treated) =  3356320

added scalar:
          e(n_control) =  9094456

added macro:
               e(smpl) : "Rural"

added macro:
             e(fespec) : "unique_small_grid_id_cohort yeargov"

added macro:
                e(mod) : "moderator"

added macro:
           e(controls) : "never"
(saving evreg1)
(file /users/aquisper/proj_bureaucrats_farms/code/_stacked_downup_replication/.
> ./../tables/exploratory_analysis/politician_original_controls_fe_sweep/politi
> cian_original_fe04_controls_never_event_rural_acpop_all.ster saved)
EVENT controls=never FE=5/32: unique_small_grid_id_cohort province_cohort#elect
> ion_year
(MWFE estimator converged in 2 iterations)

HDFE linear regression with Julia                 Number of obs   = 12,450,776
Absorbing 2 HDFE groups                           F(  20,   4213) =      34.60
Statistics cluster-robust                         Prob > F        =     0.0000
                                                  R-squared       =     0.1085
                                                  Adj R-squared   =     0.0978
Number of clusters (ac_elec_yr) =       4213      Within R-sq.    =     0.0089
                                                  Root MSE        =  1101.7086

                         (Std. err. adjusted for 4,213 clusters in ac_elec_yr)
------------------------------------------------------------------------------
             |               Robust
      countk | Coefficient  std. err.      t    P>|t|     [95% conf. interval]
-------------+----------------------------------------------------------------
relative_y~x |
          1  |    1.79148   9.961927     0.18   0.857    -17.73915    21.32211
          2  |   10.40307   10.62696     0.98   0.328    -10.43138    31.23752
          3  |   6.970999   6.103818     1.14   0.253    -4.995702     18.9377
          4  |  -14.28688   4.825719    -2.96   0.003    -23.74783   -4.825924
          6  |   3.838002   4.196899     0.91   0.361    -4.390133    12.06614
          7  |  -14.11081   8.709517    -1.62   0.105    -31.18605    2.964436
          8  |    35.8888   12.62326     2.84   0.004     11.14056    60.63705
          9  |   21.45618   10.59259     2.03   0.043     .6891106    42.22325
         10  |   62.49755   10.94478     5.71   0.000     41.04001    83.95509
             |
     1.treat |          0  (omitted)
wind_direc~n |  -1.000939    .043741   -22.88   0.000    -1.086694   -.9151835
av_wind_sp~d |   119.2602   6.055947    19.69   0.000     107.3874    131.1331
             |
relative_y~x#|
       treat |
        1 1  |  -7.487821   11.80385    -0.63   0.526    -30.62958    15.65394
        2 1  |  -24.07026   12.09313    -1.99   0.047    -47.77917   -.3613419
        3 1  |  -2.881496   9.424556    -0.31   0.760    -21.35859     15.5956
        4 1  |   5.675076   7.963666     0.71   0.476    -9.937909    21.28806
        6 1  |   11.30429   10.05152     1.12   0.261       -8.402    31.01057
        7 1  |   33.51231   8.607431     3.89   0.000     16.63721    50.38742
        8 1  |  -5.113361   9.979515    -0.51   0.608    -24.67847    14.45175
        9 1  |   10.41464   10.25584     1.02   0.310    -9.692214     30.5215
       10 1  |  -24.76704   10.50796    -2.36   0.018    -45.36817   -4.165901
------------------------------------------------------------------------------

added scalar:
              e(ymean) =  112.47989

added scalar:
             e(ymean2) =  .

added scalar:
                e(acq) =  600

added scalar:
              e(fe_id) =  5

added scalar:
          e(n_treated) =  3356320

added scalar:
          e(n_control) =  9094456

added macro:
               e(smpl) : "Rural"

added macro:
             e(fespec) : "unique_small_grid_id_cohort province_cohort#election_
> year"

added macro:
                e(mod) : "moderator"

added macro:
           e(controls) : "never"
(saving evreg1)
(file /users/aquisper/proj_bureaucrats_farms/code/_stacked_downup_replication/.
> ./../tables/exploratory_analysis/politician_original_controls_fe_sweep/politi
> cian_original_fe05_controls_never_event_rural_acpop_all.ster saved)
EVENT controls=never FE=6/32: unique_small_grid_id_cohort province_cohort#elect
> ion_year#yeargov
(MWFE estimator converged in 2 iterations)

HDFE linear regression with Julia                 Number of obs   = 12,450,776
Absorbing 2 HDFE groups                           F(  20,   4213) =      34.10
Statistics cluster-robust                         Prob > F        =     0.0000
                                                  R-squared       =     0.1125
                                                  Adj R-squared   =     0.1018
Number of clusters (ac_elec_yr) =       4213      Within R-sq.    =     0.0101
                                                  Root MSE        =  1099.2514

                         (Std. err. adjusted for 4,213 clusters in ac_elec_yr)
------------------------------------------------------------------------------
             |               Robust
      countk | Coefficient  std. err.      t    P>|t|     [95% conf. interval]
-------------+----------------------------------------------------------------
relative_y~x |
          1  |   390.3551   87.97217     4.44   0.000     217.8833     562.827
          2  |   360.7561   76.99994     4.69   0.000     209.7956    511.7166
          3  |    282.659   47.29674     5.98   0.000     189.9324    375.3855
          4  |   116.6698   24.07548     4.85   0.000     69.46918    163.8704
          6  |  -120.4974   26.33346    -4.58   0.000    -172.1248   -68.86989
          7  |  -270.6652   59.46119    -4.55   0.000    -387.2405   -154.0899
          8  |  -213.1307   80.92502    -2.63   0.008    -371.7864     -54.475
          9  |  -338.7914   92.79785    -3.65   0.000    -520.7241   -156.8587
         10  |  -411.8436   110.6921    -3.72   0.000    -628.8585   -194.8286
             |
     1.treat |          0  (omitted)
wind_direc~n |  -1.042456    .046298   -22.52   0.000    -1.133224   -.9516875
av_wind_sp~d |   122.5764   6.217525    19.71   0.000     110.3868     134.766
             |
relative_y~x#|
       treat |
        1 1  |  -5.918219   8.843647    -0.67   0.503    -23.25643    11.41999
        2 1  |    6.37271   6.851322     0.93   0.352    -7.059493    19.80491
        3 1  |   5.573331   7.219704     0.77   0.440    -8.581094    19.72776
        4 1  |   1.935344   6.946868     0.28   0.781    -11.68418    15.55487
        6 1  |   11.66279   7.328692     1.59   0.112    -2.705308    26.03089
        7 1  |   22.38531   7.443753     3.01   0.003     7.791625    36.97899
        8 1  |   12.81426   8.360829     1.53   0.125    -3.577374    29.20589
        9 1  |   15.48555   9.217813     1.68   0.093    -2.586223    33.55733
       10 1  |   1.846339   9.496199     0.19   0.846    -16.77122     20.4639
------------------------------------------------------------------------------

added scalar:
              e(ymean) =  112.47989

added scalar:
             e(ymean2) =  .

added scalar:
                e(acq) =  600

added scalar:
              e(fe_id) =  6

added scalar:
          e(n_treated) =  3356320

added scalar:
          e(n_control) =  9094456

added macro:
               e(smpl) : "Rural"

added macro:
             e(fespec) : "unique_small_grid_id_cohort province_cohort#election_
> year#yeargov"

added macro:
                e(mod) : "moderator"

added macro:
           e(controls) : "never"
(saving evreg1)
(file /users/aquisper/proj_bureaucrats_farms/code/_stacked_downup_replication/.
> ./../tables/exploratory_analysis/politician_original_controls_fe_sweep/politi
> cian_original_fe06_controls_never_event_rural_acpop_all.ster saved)
EVENT controls=never FE=7/32: unique_small_grid_id_cohort monthyearco province_
> cohort#c.monthyear
(MWFE estimator converged in 22 iterations)

HDFE linear regression with Julia                 Number of obs   = 12,450,776
Absorbing 3 HDFE groups                           F(  11,   4213) =      34.24
Statistics cluster-robust                         Prob > F        =     0.0000
                                                  R-squared       =     0.1789
                                                  Adj R-squared   =     0.1690
Number of clusters (ac_elec_yr) =       4213      Within R-sq.    =     0.0070
                                                  Root MSE        =  1057.3634

                         (Std. err. adjusted for 4,213 clusters in ac_elec_yr)
------------------------------------------------------------------------------
             |               Robust
      countk | Coefficient  std. err.      t    P>|t|     [95% conf. interval]
-------------+----------------------------------------------------------------
relative_y~x |
          1  |          0  (omitted)
          2  |          0  (omitted)
          3  |          0  (omitted)
          4  |          0  (omitted)
          6  |          0  (omitted)
          7  |          0  (omitted)
          8  |          0  (omitted)
          9  |          0  (omitted)
         10  |          0  (omitted)
             |
     1.treat |          0  (omitted)
wind_direc~n |  -.4877943   .0321624   -15.17   0.000    -.5508495   -.4247391
av_wind_sp~d |   341.1975   19.29747    17.68   0.000     303.3643    379.0308
             |
relative_y~x#|
       treat |
        1 1  |  -22.85235   9.829895    -2.32   0.020    -42.12413   -3.580577
        2 1  |  -28.76176   11.50333    -2.50   0.012    -51.31436   -6.209157
        3 1  |   13.75409   7.564796     1.82   0.069    -1.076899    28.58508
        4 1  |   10.84563   7.155971     1.52   0.130    -3.183842    24.87511
        6 1  |   25.21672   7.607612     3.31   0.001     10.30179    40.13165
        7 1  |   43.47998   7.892375     5.51   0.000     28.00677     58.9532
        8 1  |   35.20214   10.07245     3.49   0.000     15.45483    54.94944
        9 1  |   36.48149   10.53865     3.46   0.001     15.82017     57.1428
       10 1  |   4.562619   9.784456     0.47   0.641    -14.62007    23.74531
------------------------------------------------------------------------------

added scalar:
              e(ymean) =  112.47989

added scalar:
             e(ymean2) =  .

added scalar:
                e(acq) =  600

added scalar:
              e(fe_id) =  7

added scalar:
          e(n_treated) =  3356320

added scalar:
          e(n_control) =  9094456

added macro:
               e(smpl) : "Rural"

added macro:
             e(fespec) : "unique_small_grid_id_cohort monthyearco province_coho
> rt#c.monthyear"

added macro:
                e(mod) : "moderator"

added macro:
           e(controls) : "never"
(saving evreg1)
(file /users/aquisper/proj_bureaucrats_farms/code/_stacked_downup_replication/.
> ./../tables/exploratory_analysis/politician_original_controls_fe_sweep/politi
> cian_original_fe07_controls_never_event_rural_acpop_all.ster saved)
EVENT controls=never FE=8/32: unique_small_grid_id_cohort monthyearco yeargov
(MWFE estimator converged in 10 iterations)

HDFE linear regression with Julia                 Number of obs   = 12,450,776
Absorbing 3 HDFE groups                           F(  11,   4213) =      35.30
Statistics cluster-robust                         Prob > F        =     0.0000
                                                  R-squared       =     0.1786
                                                  Adj R-squared   =     0.1688
Number of clusters (ac_elec_yr) =       4213      Within R-sq.    =     0.0070
                                                  Root MSE        =  1057.5140

                         (Std. err. adjusted for 4,213 clusters in ac_elec_yr)
------------------------------------------------------------------------------
             |               Robust
      countk | Coefficient  std. err.      t    P>|t|     [95% conf. interval]
-------------+----------------------------------------------------------------
relative_y~x |
          1  |          0  (omitted)
          2  |          0  (omitted)
          3  |          0  (omitted)
          4  |          0  (omitted)
          6  |          0  (omitted)
          7  |          0  (omitted)
          8  |          0  (omitted)
          9  |          0  (omitted)
         10  |          0  (omitted)
             |
     1.treat |          0  (omitted)
wind_direc~n |  -.4948581   .0321011   -15.42   0.000    -.5577931   -.4319231
av_wind_sp~d |   339.9085   19.24918    17.66   0.000     302.1699     377.647
             |
relative_y~x#|
       treat |
        1 1  |   6.916541   9.933048     0.70   0.486    -12.55747    26.39055
        2 1  |  -.0654204   10.45785    -0.01   0.995    -20.56832    20.43748
        3 1  |   39.59717   8.139076     4.87   0.000     23.64029    55.55405
        4 1  |   20.07409   7.657888     2.62   0.009     5.060589    35.08759
        6 1  |   53.85698   8.280656     6.50   0.000     37.62253    70.09143
        7 1  |   72.43722   9.007682     8.04   0.000     54.77742    90.09703
        8 1  |    61.5435   10.09208     6.10   0.000     41.75771     81.3293
        9 1  |   51.51061   9.310972     5.53   0.000     33.25619    69.76502
       10 1  |   12.74987   8.477913     1.50   0.133     -3.87131    29.37105
------------------------------------------------------------------------------

added scalar:
              e(ymean) =  112.47989

added scalar:
             e(ymean2) =  .

added scalar:
                e(acq) =  600

added scalar:
              e(fe_id) =  8

added scalar:
          e(n_treated) =  3356320

added scalar:
          e(n_control) =  9094456

added macro:
               e(smpl) : "Rural"

added macro:
             e(fespec) : "unique_small_grid_id_cohort monthyearco yeargov"

added macro:
                e(mod) : "moderator"

added macro:
           e(controls) : "never"
(saving evreg1)
(file /users/aquisper/proj_bureaucrats_farms/code/_stacked_downup_replication/.
> ./../tables/exploratory_analysis/politician_original_controls_fe_sweep/politi
> cian_original_fe08_controls_never_event_rural_acpop_all.ster saved)
EVENT controls=never FE=9/32: unique_small_grid_id_cohort monthyearco province_
> cohort#election_year
(MWFE estimator converged in 29 iterations)

HDFE linear regression with Julia                 Number of obs   = 12,450,776
Absorbing 3 HDFE groups                           F(  11,   4213) =      32.46
Statistics cluster-robust                         Prob > F        =     0.0000
                                                  R-squared       =     0.1794
                                                  Adj R-squared   =     0.1696
Number of clusters (ac_elec_yr) =       4213      Within R-sq.    =     0.0068
                                                  Root MSE        =  1057.0020

                         (Std. err. adjusted for 4,213 clusters in ac_elec_yr)
------------------------------------------------------------------------------
             |               Robust
      countk | Coefficient  std. err.      t    P>|t|     [95% conf. interval]
-------------+----------------------------------------------------------------
relative_y~x |
          1  |          0  (omitted)
          2  |          0  (omitted)
          3  |          0  (omitted)
          4  |          0  (omitted)
          6  |          0  (omitted)
          7  |          0  (omitted)
          8  |          0  (omitted)
          9  |          0  (omitted)
         10  |          0  (omitted)
             |
     1.treat |          0  (omitted)
wind_direc~n |  -.4680393   .0319813   -14.63   0.000    -.5307395   -.4053392
av_wind_sp~d |   338.1938   19.26541    17.55   0.000     300.4234    375.9642
             |
relative_y~x#|
       treat |
        1 1  |  -23.40062   10.82016    -2.16   0.031    -44.61383   -2.187398
        2 1  |  -27.22963   12.33449    -2.21   0.027    -51.41173   -3.047539
        3 1  |   14.79987   8.281174     1.79   0.074      -1.4356    31.03534
        4 1  |   7.954703   7.312297     1.09   0.277    -6.381254    22.29066
        6 1  |   .1729041   8.583672     0.02   0.984    -16.65562    17.00143
        7 1  |    26.6577   7.578066     3.52   0.000     11.80069     41.5147
        8 1  |   16.48951   9.189887     1.79   0.073    -1.527516    34.50653
        9 1  |   14.93593   9.687668     1.54   0.123    -4.057008    33.92886
       10 1  |  -16.55845   9.592762    -1.73   0.084    -35.36533    2.248418
------------------------------------------------------------------------------

added scalar:
              e(ymean) =  112.47989

added scalar:
             e(ymean2) =  .

added scalar:
                e(acq) =  600

added scalar:
              e(fe_id) =  9

added scalar:
          e(n_treated) =  3356320

added scalar:
          e(n_control) =  9094456

added macro:
               e(smpl) : "Rural"

added macro:
             e(fespec) : "unique_small_grid_id_cohort monthyearco province_coho
> rt#election_year"

added macro:
                e(mod) : "moderator"

added macro:
           e(controls) : "never"
(saving evreg1)
(file /users/aquisper/proj_bureaucrats_farms/code/_stacked_downup_replication/.
> ./../tables/exploratory_analysis/politician_original_controls_fe_sweep/politi
> cian_original_fe09_controls_never_event_rural_acpop_all.ster saved)
EVENT controls=never FE=10/32: unique_small_grid_id_cohort monthyearco province
> _cohort#election_year#yeargov
(MWFE estimator converged in 112 iterations)

HDFE linear regression with Julia                 Number of obs   = 12,450,776
Absorbing 3 HDFE groups                           F(  11,   4213) =      31.03
Statistics cluster-robust                         Prob > F        =     0.0000
                                                  R-squared       =     0.1847
                                                  Adj R-squared   =     0.1748
Number of clusters (ac_elec_yr) =       4213      Within R-sq.    =     0.0067
                                                  Root MSE        =  1053.6394

                         (Std. err. adjusted for 4,213 clusters in ac_elec_yr)
------------------------------------------------------------------------------
             |               Robust
      countk | Coefficient  std. err.      t    P>|t|     [95% conf. interval]
-------------+----------------------------------------------------------------
relative_y~x |
          1  |          0  (omitted)
          2  |          0  (omitted)
          3  |          0  (omitted)
          4  |          0  (omitted)
          6  |          0  (omitted)
          7  |          0  (omitted)
          8  |          0  (omitted)
          9  |          0  (omitted)
         10  |          0  (omitted)
             |
     1.treat |          0  (omitted)
wind_direc~n |  -.4426298   .0320958   -13.79   0.000    -.5055545   -.3797052
av_wind_sp~d |   337.5539   19.42017    17.38   0.000     299.4801    375.6276
             |
relative_y~x#|
       treat |
        1 1  |  -3.403791   8.763852    -0.39   0.698    -20.58556    13.77798
        2 1  |   5.144622   6.628966     0.78   0.438    -7.851646    18.14089
        3 1  |   5.355492   7.246541     0.74   0.460    -8.851548    19.56253
        4 1  |   .6846261   6.686017     0.10   0.918    -12.42349    13.79275
        6 1  |   10.74057   7.160385     1.50   0.134    -3.297556     24.7787
        7 1  |    19.1907   7.232777     2.65   0.008     5.010648    33.37076
        8 1  |   12.59245   8.339352     1.51   0.131    -3.757079    28.94197
        9 1  |   12.51237   9.047031     1.38   0.167    -5.224583    30.24932
       10 1  |   1.698564    9.42368     0.18   0.857    -16.77682    20.17395
------------------------------------------------------------------------------

added scalar:
              e(ymean) =  112.47989

added scalar:
             e(ymean2) =  .

added scalar:
                e(acq) =  600

added scalar:
              e(fe_id) =  10

added scalar:
          e(n_treated) =  3356320

added scalar:
          e(n_control) =  9094456

added macro:
               e(smpl) : "Rural"

added macro:
             e(fespec) : "unique_small_grid_id_cohort monthyearco province_coho
> rt#election_year#yeargov"

added macro:
                e(mod) : "moderator"

added macro:
           e(controls) : "never"
(saving evreg1)
(file /users/aquisper/proj_bureaucrats_farms/code/_stacked_downup_replication/.
> ./../tables/exploratory_analysis/politician_original_controls_fe_sweep/politi
> cian_original_fe10_controls_never_event_rural_acpop_all.ster saved)
EVENT controls=never FE=11/32: unique_small_grid_id_cohort province_cohort#c.mo
> nthyear yeargov
(MWFE estimator converged in 36 iterations)

HDFE linear regression with Julia                 Number of obs   = 12,450,776
Absorbing 3 HDFE groups                           F(  20,   4213) =      36.16
Statistics cluster-robust                         Prob > F        =     0.0000
                                                  R-squared       =     0.1094
                                                  Adj R-squared   =     0.0987
Number of clusters (ac_elec_yr) =       4213      Within R-sq.    =     0.0105
                                                  Root MSE        =  1101.1935

                         (Std. err. adjusted for 4,213 clusters in ac_elec_yr)
------------------------------------------------------------------------------
             |               Robust
      countk | Coefficient  std. err.      t    P>|t|     [95% conf. interval]
-------------+----------------------------------------------------------------
relative_y~x |
          1  |   556.3694   100.3344     5.55   0.000     359.6611    753.0778
          2  |    431.788   78.15836     5.52   0.000     278.5564    585.0196
          3  |   284.8381   49.73994     5.73   0.000     187.3216    382.3546
          4  |   124.4882   25.04153     4.97   0.000     75.39355    173.5828
          6  |  -123.3307   23.86062    -5.17   0.000    -170.1101   -76.55131
          7  |  -265.1488   52.17304    -5.08   0.000    -367.4355   -162.8622
          8  |  -344.1429   76.09601    -4.52   0.000    -493.3312   -194.9546
          9  |  -481.0247   99.63202    -4.83   0.000     -676.356   -285.6934
         10  |  -571.1512   122.9527    -4.65   0.000    -812.2033   -330.0991
             |
     1.treat |          0  (omitted)
wind_direc~n |  -1.069273   .0479442   -22.30   0.000    -1.163269   -.9752766
av_wind_sp~d |   144.5049   8.472714    17.06   0.000     127.8939    161.1159
             |
relative_y~x#|
       treat |
        1 1  |   1.727829   11.42567     0.15   0.880    -20.67252    24.12817
        2 1  |   5.822624    10.2872     0.57   0.571    -14.34572    25.99097
        3 1  |   24.06411   9.125759     2.64   0.008     6.172812    41.95541
        4 1  |   30.58296   8.583394     3.56   0.000     13.75498    47.41093
        6 1  |   64.75406   8.983123     7.21   0.000      47.1424    82.36571
        7 1  |   103.4075   10.63444     9.72   0.000     82.55837    124.2566
        8 1  |     60.662   11.42395     5.31   0.000     38.26503    83.05897
        9 1  |   65.83954   11.26072     5.85   0.000      43.7626    87.91649
       10 1  |   5.167435   10.69536     0.48   0.629     -15.8011    26.13597
------------------------------------------------------------------------------

added scalar:
              e(ymean) =  112.47989

added scalar:
             e(ymean2) =  .

added scalar:
                e(acq) =  600

added scalar:
              e(fe_id) =  11

added scalar:
          e(n_treated) =  3356320

added scalar:
          e(n_control) =  9094456

added macro:
               e(smpl) : "Rural"

added macro:
             e(fespec) : "unique_small_grid_id_cohort province_cohort#c.monthye
> ar yeargov"

added macro:
                e(mod) : "moderator"

added macro:
           e(controls) : "never"
(saving evreg1)
(file /users/aquisper/proj_bureaucrats_farms/code/_stacked_downup_replication/.
> ./../tables/exploratory_analysis/politician_original_controls_fe_sweep/politi
> cian_original_fe11_controls_never_event_rural_acpop_all.ster saved)
EVENT controls=never FE=12/32: unique_small_grid_id_cohort province_cohort#c.mo
> nthyear province_cohort#election_year
(MWFE estimator converged in 18 iterations)

HDFE linear regression with Julia                 Number of obs   = 12,450,776
Absorbing 3 HDFE groups                           F(  20,   4213) =      34.47
Statistics cluster-robust                         Prob > F        =     0.0000
                                                  R-squared       =     0.1102
                                                  Adj R-squared   =     0.0995
Number of clusters (ac_elec_yr) =       4213      Within R-sq.    =     0.0103
                                                  Root MSE        =  1100.6685

                         (Std. err. adjusted for 4,213 clusters in ac_elec_yr)
------------------------------------------------------------------------------
             |               Robust
      countk | Coefficient  std. err.      t    P>|t|     [95% conf. interval]
-------------+----------------------------------------------------------------
relative_y~x |
          1  |   587.2227   103.2816     5.69   0.000     384.7363    789.7091
          2  |   444.6172    81.4499     5.46   0.000     284.9324    604.3019
          3  |   303.0432   52.33592     5.79   0.000     200.4372    405.6492
          4  |   133.5467   26.27126     5.08   0.000     82.04118    185.0522
          6  |   -155.396   29.56441    -5.26   0.000    -213.3579   -97.43421
          7  |  -303.4695   59.16034    -5.13   0.000    -419.4549    -187.484
          8  |  -370.1516   83.57538    -4.43   0.000    -534.0034   -206.2998
          9  |  -505.7533   107.5398    -4.70   0.000     -716.588   -294.9185
         10  |  -592.3057   131.4312    -4.51   0.000    -849.9802   -334.6311
             |
     1.treat |          0  (omitted)
wind_direc~n |  -1.050704   .0478667   -21.95   0.000    -1.144548     -.95686
av_wind_sp~d |   146.9005   8.583615    17.11   0.000     130.0721    163.7289
             |
relative_y~x#|
       treat |
        1 1  |  -75.04256   16.14235    -4.65   0.000    -106.6901   -43.39504
        2 1  |  -75.79312   14.92474    -5.08   0.000    -105.0535   -46.53276
        3 1  |  -51.43032   10.59061    -4.86   0.000    -72.19351   -30.66713
        4 1  |  -19.55714   7.934965    -2.46   0.014    -35.11385   -4.000421
        6 1  |   -37.7701    12.5334    -3.01   0.003    -62.34217   -13.19802
        7 1  |  -1.596705   9.405828    -0.17   0.865    -20.03709    16.84368
        8 1  |  -37.53219   10.45796    -3.59   0.000    -58.03531   -17.02907
        9 1  |   -12.9564   10.22464    -1.27   0.205    -33.00209    7.089283
       10 1  |  -32.96825   10.22781    -3.22   0.001    -53.02015   -12.91635
------------------------------------------------------------------------------

added scalar:
              e(ymean) =  112.47989

added scalar:
             e(ymean2) =  .

added scalar:
                e(acq) =  600

added scalar:
              e(fe_id) =  12

added scalar:
          e(n_treated) =  3356320

added scalar:
          e(n_control) =  9094456

added macro:
               e(smpl) : "Rural"

added macro:
             e(fespec) : "unique_small_grid_id_cohort province_cohort#c.monthye
> ar province_cohort#election_year"

added macro:
                e(mod) : "moderator"

added macro:
           e(controls) : "never"
(saving evreg1)
(file /users/aquisper/proj_bureaucrats_farms/code/_stacked_downup_replication/.
> ./../tables/exploratory_analysis/politician_original_controls_fe_sweep/politi
> cian_original_fe12_controls_never_event_rural_acpop_all.ster saved)
EVENT controls=never FE=13/32: unique_small_grid_id_cohort province_cohort#c.mo
> nthyear province_cohort#election_year#yeargov
(MWFE estimator converged in 10 iterations)

HDFE linear regression with Julia                 Number of obs   = 12,450,776
Absorbing 3 HDFE groups                           F(  20,   4213) =      30.67
Statistics cluster-robust                         Prob > F        =     0.0000
                                                  R-squared       =     0.1140
                                                  Adj R-squared   =     0.1034
Number of clusters (ac_elec_yr) =       4213      Within R-sq.    =     0.0118
                                                  Root MSE        =  1098.2997

                         (Std. err. adjusted for 4,213 clusters in ac_elec_yr)
------------------------------------------------------------------------------
             |               Robust
      countk | Coefficient  std. err.      t    P>|t|     [95% conf. interval]
-------------+----------------------------------------------------------------
relative_y~x |
          1  |   1257.123   242.8468     5.18   0.000     781.0152    1733.231
          2  |     1013.3   192.1096     5.27   0.000      636.664    1389.936
          3  |   728.6893   124.5293     5.85   0.000     484.5462    972.8324
          4  |   343.8627   62.96683     5.46   0.000     220.4145    467.3109
          6  |  -341.2138   64.29429    -5.31   0.000    -467.2645   -215.1631
          7  |  -713.3266   136.3629    -5.23   0.000    -980.6697   -445.9835
          8  |  -877.0517   196.0916    -4.47   0.000    -1261.495   -492.6089
          9  |  -1231.511   251.4969    -4.90   0.000    -1724.577    -738.444
         10  |  -1533.796   308.7209    -4.97   0.000    -2139.052   -928.5404
             |
     1.treat |          0  (omitted)
wind_direc~n |  -1.112672   .0518099   -21.48   0.000    -1.214247   -1.011097
av_wind_sp~d |    160.904   10.80716    14.89   0.000     139.7163    182.0918
             |
relative_y~x#|
       treat |
        1 1  |  -5.916333   8.901907    -0.66   0.506    -23.36876     11.5361
        2 1  |   6.863302   6.893976     1.00   0.320    -6.652526    20.37913
        3 1  |   5.602691   7.237587     0.77   0.439    -8.586796    19.79218
        4 1  |   2.142519   6.990421     0.31   0.759    -11.56239    15.84743
        6 1  |   11.46919    7.36056     1.56   0.119    -2.961392    25.89976
        7 1  |   22.55054   7.492954     3.01   0.003     7.860404    37.24068
        8 1  |   12.61451   8.385225     1.50   0.133    -3.824951    29.05397
        9 1  |   15.70386   9.251821     1.70   0.090    -2.434582    33.84231
       10 1  |   1.608506   9.510924     0.17   0.866    -17.03792    20.25493
------------------------------------------------------------------------------

added scalar:
              e(ymean) =  112.47989

added scalar:
             e(ymean2) =  .

added scalar:
                e(acq) =  600

added scalar:
              e(fe_id) =  13

added scalar:
          e(n_treated) =  3356320

added scalar:
          e(n_control) =  9094456

added macro:
               e(smpl) : "Rural"

added macro:
             e(fespec) : "unique_small_grid_id_cohort province_cohort#c.monthye
> ar province_cohort#election_year#yeargov"

added macro:
                e(mod) : "moderator"

added macro:
           e(controls) : "never"
(saving evreg1)
(file /users/aquisper/proj_bureaucrats_farms/code/_stacked_downup_replication/.
> ./../tables/exploratory_analysis/politician_original_controls_fe_sweep/politi
> cian_original_fe13_controls_never_event_rural_acpop_all.ster saved)
EVENT controls=never FE=14/32: unique_small_grid_id_cohort yeargov province_coh
> ort#election_year
(MWFE estimator converged in 10 iterations)

HDFE linear regression with Julia                 Number of obs   = 12,450,776
Absorbing 3 HDFE groups                           F(  20,   4213) =      33.57
Statistics cluster-robust                         Prob > F        =     0.0000
                                                  R-squared       =     0.1093
                                                  Adj R-squared   =     0.0986
Number of clusters (ac_elec_yr) =       4213      Within R-sq.    =     0.0097
                                                  Root MSE        =  1101.2066

                         (Std. err. adjusted for 4,213 clusters in ac_elec_yr)
------------------------------------------------------------------------------
             |               Robust
      countk | Coefficient  std. err.      t    P>|t|     [95% conf. interval]
-------------+----------------------------------------------------------------
relative_y~x |
          1  |   383.8401   75.93293     5.05   0.000     234.9715    532.7087
          2  |    301.232   59.86423     5.03   0.000     183.8666    418.5975
          3  |   207.4215   37.50456     5.53   0.000     133.8928    280.9502
          4  |   89.83148   19.13495     4.69   0.000     52.31688    127.3461
          6  |  -90.76474   18.31674    -4.96   0.000    -126.6752   -54.85428
          7  |  -197.6229   40.39403    -4.89   0.000    -276.8165   -118.4293
          8  |  -236.0848   59.21755    -3.99   0.000    -352.1824   -119.9872
          9  |  -345.1285   76.06311    -4.54   0.000    -494.2522   -196.0047
         10  |  -405.9264   93.49072    -4.34   0.000    -589.2175   -222.6353
             |
     1.treat |          0  (omitted)
wind_direc~n |  -1.024927   .0457366   -22.41   0.000    -1.114595    -.935259
av_wind_sp~d |   120.0829   6.103474    19.67   0.000     108.1169    132.0489
             |
relative_y~x#|
       treat |
        1 1  |   11.44599    10.7204     1.07   0.286    -9.571638    32.46363
        2 1  |   22.06819   10.09893     2.19   0.029     2.268963    41.86741
        3 1  |   30.61312   9.960068     3.07   0.002     11.08613     50.1401
        4 1  |   32.23684   8.725578     3.69   0.000      15.1301    49.34357
        6 1  |   31.78364   8.772902     3.62   0.000     14.58412    48.98315
        7 1  |   78.66377   9.677453     8.13   0.000     59.69086    97.63668
        8 1  |    25.7099   10.09461     2.55   0.011     5.919132    45.50067
        9 1  |   32.51358   10.29186     3.16   0.002      12.3361    52.69106
       10 1  |  -31.38206   10.72681    -2.93   0.003    -52.41227   -10.35185
------------------------------------------------------------------------------

added scalar:
              e(ymean) =  112.47989

added scalar:
             e(ymean2) =  .

added scalar:
                e(acq) =  600

added scalar:
              e(fe_id) =  14

added scalar:
          e(n_treated) =  3356320

added scalar:
          e(n_control) =  9094456

added macro:
               e(smpl) : "Rural"

added macro:
             e(fespec) : "unique_small_grid_id_cohort yeargov province_cohort#e
> lection_year"

added macro:
                e(mod) : "moderator"

added macro:
           e(controls) : "never"
(saving evreg1)
(file /users/aquisper/proj_bureaucrats_farms/code/_stacked_downup_replication/.
> ./../tables/exploratory_analysis/politician_original_controls_fe_sweep/politi
> cian_original_fe14_controls_never_event_rural_acpop_all.ster saved)
EVENT controls=never FE=15/32: unique_small_grid_id_cohort yeargov province_coh
> ort#election_year#yeargov
(MWFE estimator converged in 7 iterations)

HDFE linear regression with Julia                 Number of obs   = 12,450,776
Absorbing 3 HDFE groups                           F(  20,   4213) =      34.10
Statistics cluster-robust                         Prob > F        =     0.0000
                                                  R-squared       =     0.1125
                                                  Adj R-squared   =     0.1018
Number of clusters (ac_elec_yr) =       4213      Within R-sq.    =     0.0101
                                                  Root MSE        =  1099.2516

                         (Std. err. adjusted for 4,213 clusters in ac_elec_yr)
------------------------------------------------------------------------------
             |               Robust
      countk | Coefficient  std. err.      t    P>|t|     [95% conf. interval]
-------------+----------------------------------------------------------------
relative_y~x |
          1  |   390.3551   87.97219     4.44   0.000     217.8832     562.827
          2  |   360.7561   76.99996     4.69   0.000     209.7956    511.7166
          3  |    282.659   47.29675     5.98   0.000     189.9324    375.3855
          4  |   116.6698   24.07548     4.85   0.000     69.46917    163.8704
          6  |  -120.4974   26.33346    -4.58   0.000    -172.1248   -68.86988
          7  |  -270.6652    59.4612    -4.55   0.000    -387.2405   -154.0899
          8  |  -213.1307   80.92504    -2.63   0.008    -371.7864   -54.47497
          9  |  -338.7914   92.79787    -3.65   0.000    -520.7242   -156.8587
         10  |  -411.8436   110.6921    -3.72   0.000    -628.8585   -194.8286
             |
     1.treat |          0  (omitted)
wind_direc~n |  -1.042456    .046298   -22.52   0.000    -1.133224   -.9516875
av_wind_sp~d |   122.5764   6.217526    19.71   0.000     110.3868    134.7661
             |
relative_y~x#|
       treat |
        1 1  |  -5.918219   8.843647    -0.67   0.503    -23.25643    11.41999
        2 1  |    6.37271   6.851321     0.93   0.352    -7.059491    19.80491
        3 1  |   5.573331   7.219712     0.77   0.440    -8.581111    19.72777
        4 1  |   1.935344   6.946857     0.28   0.781    -11.68416    15.55485
        6 1  |   11.66279    7.32869     1.59   0.112    -2.705304    26.03089
        7 1  |   22.38531   7.443752     3.01   0.003     7.791627    36.97899
        8 1  |   12.81426   8.360826     1.53   0.125    -3.577369    29.20589
        9 1  |   15.48555   9.217767     1.68   0.093    -2.586131    33.55723
       10 1  |   1.846339   9.496193     0.19   0.846    -16.77121    20.46388
------------------------------------------------------------------------------

added scalar:
              e(ymean) =  112.47989

added scalar:
             e(ymean2) =  .

added scalar:
                e(acq) =  600

added scalar:
              e(fe_id) =  15

added scalar:
          e(n_treated) =  3356320

added scalar:
          e(n_control) =  9094456

added macro:
               e(smpl) : "Rural"

added macro:
             e(fespec) : "unique_small_grid_id_cohort yeargov province_cohort#e
> lection_year#yeargov"

added macro:
                e(mod) : "moderator"

added macro:
           e(controls) : "never"
(saving evreg1)
(file /users/aquisper/proj_bureaucrats_farms/code/_stacked_downup_replication/.
> ./../tables/exploratory_analysis/politician_original_controls_fe_sweep/politi
> cian_original_fe15_controls_never_event_rural_acpop_all.ster saved)
EVENT controls=never FE=16/32: unique_small_grid_id_cohort province_cohort#elec
> tion_year province_cohort#election_year#yeargov
(MWFE estimator converged in 3 iterations)

HDFE linear regression with Julia                 Number of obs   = 12,450,776
Absorbing 3 HDFE groups                           F(  20,   4213) =      34.10
Statistics cluster-robust                         Prob > F        =     0.0000
                                                  R-squared       =     0.1125
                                                  Adj R-squared   =     0.1018
Number of clusters (ac_elec_yr) =       4213      Within R-sq.    =     0.0101
                                                  Root MSE        =  1099.2542

                         (Std. err. adjusted for 4,213 clusters in ac_elec_yr)
------------------------------------------------------------------------------
             |               Robust
      countk | Coefficient  std. err.      t    P>|t|     [95% conf. interval]
-------------+----------------------------------------------------------------
relative_y~x |
          1  |   390.3551    87.9724     4.44   0.000     217.8828    562.8274
          2  |   360.7561   77.00014     4.69   0.000     209.7952    511.7169
          3  |    282.659   47.29686     5.98   0.000     189.9322    375.3857
          4  |   116.6698   24.07554     4.85   0.000     69.46906    163.8706
          6  |  -120.4974   26.33352    -4.58   0.000    -172.1249   -68.86976
          7  |  -270.6652   59.46134    -4.55   0.000    -387.2408   -154.0896
          8  |  -213.1307   80.92523    -2.63   0.008    -371.7868   -54.47459
          9  |  -338.7914   92.79809    -3.65   0.000    -520.7246   -156.8583
         10  |  -411.8436   110.6924    -3.72   0.000     -628.859   -194.8281
             |
     1.treat |          0  (omitted)
wind_direc~n |  -1.042456   .0462981   -22.52   0.000    -1.133225   -.9516872
av_wind_sp~d |   122.5764   6.217541    19.71   0.000     110.3868    134.7661
             |
relative_y~x#|
       treat |
        1 1  |  -5.918219   8.843669    -0.67   0.503    -23.25647    11.42004
        2 1  |    6.37271   6.851339     0.93   0.352    -7.059527    19.80495
        3 1  |   5.573331   7.219722     0.77   0.440    -8.581131    19.72779
        4 1  |   1.935344   6.946886     0.28   0.781    -11.68421     15.5549
        6 1  |   11.66279   7.328711     1.59   0.112    -2.705345    26.03093
        7 1  |   22.38531   7.443772     3.01   0.003     7.791588    36.97902
        8 1  |   12.81426    8.36085     1.53   0.125    -3.577416    29.20593
        9 1  |   15.48555   9.217837     1.68   0.093    -2.586269    33.55737
       10 1  |   1.846339   9.496223     0.19   0.846    -16.77127    20.46394
------------------------------------------------------------------------------

added scalar:
              e(ymean) =  112.47989

added scalar:
             e(ymean2) =  .

added scalar:
                e(acq) =  600

added scalar:
              e(fe_id) =  16

added scalar:
          e(n_treated) =  3356320

added scalar:
          e(n_control) =  9094456

added macro:
               e(smpl) : "Rural"

added macro:
             e(fespec) : "unique_small_grid_id_cohort province_cohort#election_
> year province_cohort#election_year#yeargov"

added macro:
                e(mod) : "moderator"

added macro:
           e(controls) : "never"
(saving evreg1)
(file /users/aquisper/proj_bureaucrats_farms/code/_stacked_downup_replication/.
> ./../tables/exploratory_analysis/politician_original_controls_fe_sweep/politi
> cian_original_fe16_controls_never_event_rural_acpop_all.ster saved)
EVENT controls=never FE=17/32: unique_small_grid_id_cohort monthyearco province
> _cohort#c.monthyear yeargov
(MWFE estimator converged in 52 iterations)

HDFE linear regression with Julia                 Number of obs   = 12,450,776
Absorbing 4 HDFE groups                           F(  11,   4213) =      35.56
Statistics cluster-robust                         Prob > F        =     0.0000
                                                  R-squared       =     0.1790
                                                  Adj R-squared   =     0.1691
Number of clusters (ac_elec_yr) =       4213      Within R-sq.    =     0.0070
                                                  Root MSE        =  1057.3176

                         (Std. err. adjusted for 4,213 clusters in ac_elec_yr)
------------------------------------------------------------------------------
             |               Robust
      countk | Coefficient  std. err.      t    P>|t|     [95% conf. interval]
-------------+----------------------------------------------------------------
relative_y~x |
          1  |          0  (omitted)
          2  |          0  (omitted)
          3  |          0  (omitted)
          4  |          0  (omitted)
          6  |          0  (omitted)
          7  |          0  (omitted)
          8  |          0  (omitted)
          9  |          0  (omitted)
         10  |          0  (omitted)
             |
     1.treat |          0  (omitted)
wind_direc~n |  -.4907475   .0321697   -15.25   0.000    -.5538171   -.4276779
av_wind_sp~d |   341.0034   19.29101    17.68   0.000     303.1828    378.8239
             |
relative_y~x#|
       treat |
        1 1  |  -5.772777   9.767588    -0.59   0.555     -24.9224    13.37685
        2 1  |  -8.047659   11.24931    -0.72   0.474    -30.10223    14.00691
        3 1  |   33.92922   8.044325     4.22   0.000      18.1581    49.70033
        4 1  |   19.45516   7.925258     2.45   0.014     3.917481    34.99285
        6 1  |   58.21815   8.537433     6.82   0.000     41.48028    74.95602
        7 1  |   75.70871   9.230021     8.20   0.000       57.613    93.80442
        8 1  |   61.78919   10.51771     5.87   0.000     41.16893    82.40945
        9 1  |   50.51111   10.89914     4.63   0.000     29.14306    71.87917
       10 1  |   9.840136   10.09556     0.97   0.330    -9.952481    29.63275
------------------------------------------------------------------------------

added scalar:
              e(ymean) =  112.47989

added scalar:
             e(ymean2) =  .

added scalar:
                e(acq) =  600

added scalar:
              e(fe_id) =  17

added scalar:
          e(n_treated) =  3356320

added scalar:
          e(n_control) =  9094456

added macro:
               e(smpl) : "Rural"

added macro:
             e(fespec) : "unique_small_grid_id_cohort monthyearco province_coho
> rt#c.monthyear yeargov"

added macro:
                e(mod) : "moderator"

added macro:
           e(controls) : "never"
(saving evreg1)
(file /users/aquisper/proj_bureaucrats_farms/code/_stacked_downup_replication/.
> ./../tables/exploratory_analysis/politician_original_controls_fe_sweep/politi
> cian_original_fe17_controls_never_event_rural_acpop_all.ster saved)
EVENT controls=never FE=18/32: unique_small_grid_id_cohort monthyearco province
> _cohort#c.monthyear province_cohort#election_year
(MWFE estimator converged in 82 iterations)

HDFE linear regression with Julia                 Number of obs   = 12,450,776
Absorbing 4 HDFE groups                           F(  11,   4213) =      32.61
Statistics cluster-robust                         Prob > F        =     0.0000
                                                  R-squared       =     0.1800
                                                  Adj R-squared   =     0.1701
Number of clusters (ac_elec_yr) =       4213      Within R-sq.    =     0.0068
                                                  Root MSE        =  1056.6319

                         (Std. err. adjusted for 4,213 clusters in ac_elec_yr)
------------------------------------------------------------------------------
             |               Robust
      countk | Coefficient  std. err.      t    P>|t|     [95% conf. interval]
-------------+----------------------------------------------------------------
relative_y~x |
          1  |          0  (omitted)
          2  |          0  (omitted)
          3  |          0  (omitted)
          4  |          0  (omitted)
          6  |          0  (omitted)
          7  |          0  (omitted)
          8  |          0  (omitted)
          9  |          0  (omitted)
         10  |          0  (omitted)
             |
     1.treat |          0  (omitted)
wind_direc~n |  -.4572526   .0315338   -14.50   0.000    -.5190754   -.3954297
av_wind_sp~d |   338.0043   19.24279    17.57   0.000     300.2782    375.7303
             |
relative_y~x#|
       treat |
        1 1  |  -62.32618    13.1797    -4.73   0.000    -88.16534   -36.48703
        2 1  |  -65.60501   14.26898    -4.60   0.000    -93.57973   -37.63029
        3 1  |  -27.92135   8.886747    -3.14   0.002    -45.34406   -10.49864
        4 1  |  -14.19902   7.688447    -1.85   0.065    -29.27243    .8743927
        6 1  |  -34.85387   10.84161    -3.21   0.001    -56.10915   -13.59859
        7 1  |  -3.269036   9.163749    -0.36   0.721    -21.23482    14.69674
        8 1  |  -14.47483   9.204115    -1.57   0.116    -32.51975    3.570084
        9 1  |  -2.760338   9.419056    -0.29   0.769    -21.22665    15.70598
       10 1  |  -17.98661   9.567467    -1.88   0.060    -36.74389    .7706661
------------------------------------------------------------------------------

added scalar:
              e(ymean) =  112.47989

added scalar:
             e(ymean2) =  .

added scalar:
                e(acq) =  600

added scalar:
              e(fe_id) =  18

added scalar:
          e(n_treated) =  3356320

added scalar:
          e(n_control) =  9094456

added macro:
               e(smpl) : "Rural"

added macro:
             e(fespec) : "unique_small_grid_id_cohort monthyearco province_coho
> rt#c.monthyear province_cohort#election_year"

added macro:
                e(mod) : "moderator"

added macro:
           e(controls) : "never"
(saving evreg1)
(file /users/aquisper/proj_bureaucrats_farms/code/_stacked_downup_replication/.
> ./../tables/exploratory_analysis/politician_original_controls_fe_sweep/politi
> cian_original_fe18_controls_never_event_rural_acpop_all.ster saved)
EVENT controls=never FE=19/32: unique_small_grid_id_cohort monthyearco province
> _cohort#c.monthyear province_cohort#election_year#yeargov
(MWFE estimator converged in 198 iterations)

HDFE linear regression with Julia                 Number of obs   = 12,450,776
Absorbing 4 HDFE groups                           F(  11,   4213) =      31.03
Statistics cluster-robust                         Prob > F        =     0.0000
                                                  R-squared       =     0.1847
                                                  Adj R-squared   =     0.1748
Number of clusters (ac_elec_yr) =       4213      Within R-sq.    =     0.0067
                                                  Root MSE        =  1053.6400

                         (Std. err. adjusted for 4,213 clusters in ac_elec_yr)
------------------------------------------------------------------------------
             |               Robust
      countk | Coefficient  std. err.      t    P>|t|     [95% conf. interval]
-------------+----------------------------------------------------------------
relative_y~x |
          1  |          0  (omitted)
          2  |          0  (omitted)
          3  |          0  (omitted)
          4  |          0  (omitted)
          6  |          0  (omitted)
          7  |          0  (omitted)
          8  |          0  (omitted)
          9  |          0  (omitted)
         10  |          0  (omitted)
             |
     1.treat |          0  (omitted)
wind_direc~n |  -.4425981   .0320947   -13.79   0.000    -.5055207   -.3796755
av_wind_sp~d |   337.5568   19.42038    17.38   0.000     299.4826    375.6309
             |
relative_y~x#|
       treat |
        1 1  |    -3.4024   8.763909    -0.39   0.698    -20.58428    13.77948
        2 1  |   5.146657   6.629135     0.78   0.438    -7.849943    18.14326
        3 1  |   5.359495   7.246573     0.74   0.460    -8.847609     19.5666
        4 1  |   .6881231   6.686013     0.10   0.918    -12.41999    13.79623
        6 1  |   10.74451   7.160583     1.50   0.134    -3.294006    24.78303
        7 1  |   19.19472   7.232771     2.65   0.008     5.014674    33.37476
        8 1  |   12.59602    8.33996     1.51   0.131    -3.754703    28.94673
        9 1  |   12.51664   9.047111     1.38   0.167    -5.220463    30.25375
       10 1  |    1.70301   9.423459     0.18   0.857    -16.77194    20.17796
------------------------------------------------------------------------------

added scalar:
              e(ymean) =  112.47989

added scalar:
             e(ymean2) =  .

added scalar:
                e(acq) =  600

added scalar:
              e(fe_id) =  19

added scalar:
          e(n_treated) =  3356320

added scalar:
          e(n_control) =  9094456

added macro:
               e(smpl) : "Rural"

added macro:
             e(fespec) : "unique_small_grid_id_cohort monthyearco province_coho
> rt#c.monthyear province_cohort#election_year#yeargov"

added macro:
                e(mod) : "moderator"

added macro:
           e(controls) : "never"
(saving evreg1)
(file /users/aquisper/proj_bureaucrats_farms/code/_stacked_downup_replication/.
> ./../tables/exploratory_analysis/politician_original_controls_fe_sweep/politi
> cian_original_fe19_controls_never_event_rural_acpop_all.ster saved)
EVENT controls=never FE=20/32: unique_small_grid_id_cohort monthyearco yeargov 
> province_cohort#election_year
(MWFE estimator converged in 42 iterations)

HDFE linear regression with Julia                 Number of obs   = 12,450,776
Absorbing 4 HDFE groups                           F(  11,   4213) =      32.95
Statistics cluster-robust                         Prob > F        =     0.0000
                                                  R-squared       =     0.1812
                                                  Adj R-squared   =     0.1713
Number of clusters (ac_elec_yr) =       4213      Within R-sq.    =     0.0070
                                                  Root MSE        =  1055.8820

                         (Std. err. adjusted for 4,213 clusters in ac_elec_yr)
------------------------------------------------------------------------------
             |               Robust
      countk | Coefficient  std. err.      t    P>|t|     [95% conf. interval]
-------------+----------------------------------------------------------------
relative_y~x |
          1  |          0  (omitted)
          2  |          0  (omitted)
          3  |          0  (omitted)
          4  |          0  (omitted)
          6  |          0  (omitted)
          7  |          0  (omitted)
          8  |          0  (omitted)
          9  |          0  (omitted)
         10  |          0  (omitted)
             |
     1.treat |          0  (omitted)
wind_direc~n |   -.447067    .031967   -13.99   0.000    -.5097392   -.3843949
av_wind_sp~d |   344.5247   19.61395    17.57   0.000      306.071    382.9784
             |
relative_y~x#|
       treat |
        1 1  |     4.9001   10.49117     0.47   0.640    -15.66812    25.46832
        2 1  |   8.103944   11.01576     0.74   0.462    -13.49276    29.70064
        3 1  |   43.39852   8.661209     5.01   0.000     26.41798    60.37905
        4 1  |   25.12038   7.897703     3.18   0.001     9.636721    40.60405
        6 1  |   26.46827   8.119194     3.26   0.001     10.55036    42.38617
        7 1  |   59.28957   8.327365     7.12   0.000     42.96355     75.6156
        8 1  |   39.54674     9.5441     4.14   0.000     20.83527    58.25821
        9 1  |   25.74847   9.768866     2.64   0.008     6.596345     44.9006
       10 1  |  -24.08654   9.856591    -2.44   0.015    -43.41065   -4.762427
------------------------------------------------------------------------------

added scalar:
              e(ymean) =  112.47989

added scalar:
             e(ymean2) =  .

added scalar:
                e(acq) =  600

added scalar:
              e(fe_id) =  20

added scalar:
          e(n_treated) =  3356320

added scalar:
          e(n_control) =  9094456

added macro:
               e(smpl) : "Rural"

added macro:
             e(fespec) : "unique_small_grid_id_cohort monthyearco yeargov provi
> nce_cohort#election_year"

added macro:
                e(mod) : "moderator"

added macro:
           e(controls) : "never"
(saving evreg1)
(file /users/aquisper/proj_bureaucrats_farms/code/_stacked_downup_replication/.
> ./../tables/exploratory_analysis/politician_original_controls_fe_sweep/politi
> cian_original_fe20_controls_never_event_rural_acpop_all.ster saved)
EVENT controls=never FE=21/32: unique_small_grid_id_cohort monthyearco yeargov 
> province_cohort#election_year#yeargov
(MWFE estimator converged in 123 iterations)

HDFE linear regression with Julia                 Number of obs   = 12,450,776
Absorbing 4 HDFE groups                           F(  11,   4213) =      31.03
Statistics cluster-robust                         Prob > F        =     0.0000
                                                  R-squared       =     0.1847
                                                  Adj R-squared   =     0.1748
Number of clusters (ac_elec_yr) =       4213      Within R-sq.    =     0.0067
                                                  Root MSE        =  1053.6396

                         (Std. err. adjusted for 4,213 clusters in ac_elec_yr)
------------------------------------------------------------------------------
             |               Robust
      countk | Coefficient  std. err.      t    P>|t|     [95% conf. interval]
-------------+----------------------------------------------------------------
relative_y~x |
          1  |          0  (omitted)
          2  |          0  (omitted)
          3  |          0  (omitted)
          4  |          0  (omitted)
          6  |          0  (omitted)
          7  |          0  (omitted)
          8  |          0  (omitted)
          9  |          0  (omitted)
         10  |          0  (omitted)
             |
     1.treat |          0  (omitted)
wind_direc~n |  -.4426298   .0320959   -13.79   0.000    -.5055546   -.3797051
av_wind_sp~d |   337.5538   19.42017    17.38   0.000     299.4801    375.6276
             |
relative_y~x#|
       treat |
        1 1  |  -3.403724   8.763826    -0.39   0.698    -20.58544      13.778
        2 1  |   5.144671   6.628821     0.78   0.438    -7.851312    18.14065
        3 1  |    5.35552   7.246512     0.74   0.460    -8.851463     19.5625
        4 1  |   .6846317   6.685908     0.10   0.918    -12.42327    13.79254
        6 1  |   10.74064   7.160414     1.50   0.134    -3.297546    24.77883
        7 1  |   19.19078   7.232751     2.65   0.008     5.010776    33.37078
        8 1  |   12.59255   8.339641     1.51   0.131    -3.757543    28.94264
        9 1  |    12.5125    9.04723     1.38   0.167    -5.224843    30.24984
       10 1  |   1.698685   9.423596     0.18   0.857    -16.77653     20.1739
------------------------------------------------------------------------------

added scalar:
              e(ymean) =  112.47989

added scalar:
             e(ymean2) =  .

added scalar:
                e(acq) =  600

added scalar:
              e(fe_id) =  21

added scalar:
          e(n_treated) =  3356320

added scalar:
          e(n_control) =  9094456

added macro:
               e(smpl) : "Rural"

added macro:
             e(fespec) : "unique_small_grid_id_cohort monthyearco yeargov provi
> nce_cohort#election_year#yeargov"

added macro:
                e(mod) : "moderator"

added macro:
           e(controls) : "never"
(saving evreg1)
(file /users/aquisper/proj_bureaucrats_farms/code/_stacked_downup_replication/.
> ./../tables/exploratory_analysis/politician_original_controls_fe_sweep/politi
> cian_original_fe21_controls_never_event_rural_acpop_all.ster saved)
EVENT controls=never FE=22/32: unique_small_grid_id_cohort monthyearco province
> _cohort#election_year province_cohort#election_year#yeargov
(MWFE estimator converged in 120 iterations)

HDFE linear regression with Julia                 Number of obs   = 12,450,776
Absorbing 4 HDFE groups                           F(  11,   4213) =      31.03
Statistics cluster-robust                         Prob > F        =     0.0000
                                                  R-squared       =     0.1847
                                                  Adj R-squared   =     0.1748
Number of clusters (ac_elec_yr) =       4213      Within R-sq.    =     0.0067
                                                  Root MSE        =  1053.6421

                         (Std. err. adjusted for 4,213 clusters in ac_elec_yr)
------------------------------------------------------------------------------
             |               Robust
      countk | Coefficient  std. err.      t    P>|t|     [95% conf. interval]
-------------+----------------------------------------------------------------
relative_y~x |
          1  |          0  (omitted)
          2  |          0  (omitted)
          3  |          0  (omitted)
          4  |          0  (omitted)
          6  |          0  (omitted)
          7  |          0  (omitted)
          8  |          0  (omitted)
          9  |          0  (omitted)
         10  |          0  (omitted)
             |
     1.treat |          0  (omitted)
wind_direc~n |  -.4426298   .0320957   -13.79   0.000    -.5055544   -.3797053
av_wind_sp~d |   337.5539   19.42014    17.38   0.000     299.4802    375.6276
             |
relative_y~x#|
       treat |
        1 1  |  -3.403995   8.764071    -0.39   0.698    -20.58619     13.7782
        2 1  |   5.144437   6.628542     0.78   0.438    -7.850999    18.13987
        3 1  |   5.355323   7.246238     0.74   0.460    -8.851125    19.56177
        4 1  |   .6844662   6.685826     0.10   0.918    -12.42328    13.79221
        6 1  |   10.74027   7.159584     1.50   0.134    -3.296289    24.77683
        7 1  |   19.19054   7.232242     2.65   0.008     5.011528    33.36954
        8 1  |   12.59228   8.339095     1.51   0.131    -3.756743     28.9413
        9 1  |   12.51219   9.046627     1.38   0.167    -5.223973    30.24835
       10 1  |   1.698377   9.423478     0.18   0.857    -16.77661    20.17336
------------------------------------------------------------------------------

added scalar:
              e(ymean) =  112.47989

added scalar:
             e(ymean2) =  .

added scalar:
                e(acq) =  600

added scalar:
              e(fe_id) =  22

added scalar:
          e(n_treated) =  3356320

added scalar:
          e(n_control) =  9094456

added macro:
               e(smpl) : "Rural"

added macro:
             e(fespec) : "unique_small_grid_id_cohort monthyearco province_coho
> rt#election_year province_cohort#election_year#yeargov"

added macro:
                e(mod) : "moderator"

added macro:
           e(controls) : "never"
(saving evreg1)
(file /users/aquisper/proj_bureaucrats_farms/code/_stacked_downup_replication/.
> ./../tables/exploratory_analysis/politician_original_controls_fe_sweep/politi
> cian_original_fe22_controls_never_event_rural_acpop_all.ster saved)
EVENT controls=never FE=23/32: unique_small_grid_id_cohort province_cohort#c.mo
> nthyear yeargov province_cohort#election_year
(MWFE estimator converged in 48 iterations)

HDFE linear regression with Julia                 Number of obs   = 12,450,776
Absorbing 4 HDFE groups                           F(  20,   4213) =      30.95
Statistics cluster-robust                         Prob > F        =     0.0000
                                                  R-squared       =     0.1103
                                                  Adj R-squared   =     0.0996
Number of clusters (ac_elec_yr) =       4213      Within R-sq.    =     0.0103
                                                  Root MSE        =  1100.6091

                         (Std. err. adjusted for 4,213 clusters in ac_elec_yr)
------------------------------------------------------------------------------
             |               Robust
      countk | Coefficient  std. err.      t    P>|t|     [95% conf. interval]
-------------+----------------------------------------------------------------
relative_y~x |
          1  |   551.0997    89.3729     6.17   0.000     375.8817    726.3177
          2  |   426.4819   71.28608     5.98   0.000     286.7236    566.2402
          3  |   296.1589   45.65441     6.49   0.000     206.6522    385.6656
          4  |   133.3734   23.03566     5.79   0.000     88.21135    178.5354
          6  |  -147.1579   24.87211    -5.92   0.000    -195.9203   -98.39539
          7  |  -277.9618   50.03807    -5.56   0.000    -376.0628   -179.8608
          8  |   -327.471   70.50351    -4.64   0.000     -465.695   -189.2469
          9  |  -449.7012   90.23308    -4.98   0.000    -626.6056   -272.7968
         10  |  -532.3475    110.537    -4.82   0.000    -749.0584   -315.6367
             |
     1.treat |          0  (omitted)
wind_direc~n |  -1.039779   .0464855   -22.37   0.000    -1.130915   -.9486427
av_wind_sp~d |   139.0202   7.701792    18.05   0.000     123.9206    154.1198
             |
relative_y~x#|
       treat |
        1 1  |  -61.86822   13.95256    -4.43   0.000    -89.22259   -34.51385
        2 1  |  -37.44033   12.36094    -3.03   0.002    -61.67429   -13.20637
        3 1  |  -17.99291   9.612273    -1.87   0.061    -36.83803    .8522144
        4 1  |   5.620987   8.347706     0.67   0.501    -10.74492    21.98689
        6 1  |  -27.33255   10.54834    -2.59   0.010    -48.01286   -6.652228
        7 1  |   40.98195   9.584651     4.28   0.000     22.19098    59.77292
        8 1  |  -1.778518   9.884604    -0.18   0.857    -21.15755    17.60052
        9 1  |   10.62466   10.05468     1.06   0.291    -9.087802    30.33713
       10 1  |  -37.05879   10.28903    -3.60   0.000    -57.23072   -16.88686
------------------------------------------------------------------------------

added scalar:
              e(ymean) =  112.47989

added scalar:
             e(ymean2) =  .

added scalar:
                e(acq) =  600

added scalar:
              e(fe_id) =  23

added scalar:
          e(n_treated) =  3356320

added scalar:
          e(n_control) =  9094456

added macro:
               e(smpl) : "Rural"

added macro:
             e(fespec) : "unique_small_grid_id_cohort province_cohort#c.monthye
> ar yeargov province_cohort#election_year"

added macro:
                e(mod) : "moderator"

added macro:
           e(controls) : "never"
(saving evreg1)
(file /users/aquisper/proj_bureaucrats_farms/code/_stacked_downup_replication/.
> ./../tables/exploratory_analysis/politician_original_controls_fe_sweep/politi
> cian_original_fe23_controls_never_event_rural_acpop_all.ster saved)
EVENT controls=never FE=24/32: unique_small_grid_id_cohort province_cohort#c.mo
> nthyear yeargov province_cohort#election_year#yeargov
(MWFE estimator converged in 14 iterations)

HDFE linear regression with Julia                 Number of obs   = 12,450,776
Absorbing 4 HDFE groups                           F(  20,   4213) =      30.67
Statistics cluster-robust                         Prob > F        =     0.0000
                                                  R-squared       =     0.1139
                                                  Adj R-squared   =     0.1032
Number of clusters (ac_elec_yr) =       4213      Within R-sq.    =     0.0116
                                                  Root MSE        =  1098.3989

                         (Std. err. adjusted for 4,213 clusters in ac_elec_yr)
------------------------------------------------------------------------------
             |               Robust
      countk | Coefficient  std. err.      t    P>|t|     [95% conf. interval]
-------------+----------------------------------------------------------------
relative_y~x |
          1  |   1192.303   237.2812     5.02   0.000     727.1072    1657.499
          2  |   963.6467   187.5533     5.14   0.000     595.9434     1331.35
          3  |   696.0813   121.3689     5.74   0.000     458.1342    934.0284
          4  |    327.489   61.36973     5.34   0.000      207.172     447.806
          6  |  -328.9164   63.40511    -5.19   0.000    -453.2238   -204.6089
          7  |  -688.6475   134.5047    -5.12   0.000    -952.3477   -424.9473
          8  |  -839.9908   193.1181    -4.35   0.000    -1218.604   -461.3774
          9  |  -1182.248   247.5198    -4.78   0.000    -1667.518   -696.9789
         10  |  -1472.309    303.766    -4.85   0.000    -2067.851   -876.7679
             |
     1.treat |          0  (omitted)
wind_direc~n |  -1.109271   .0517371   -21.44   0.000    -1.210703   -1.007839
av_wind_sp~d |   159.2139    10.7101    14.87   0.000     138.2165    180.2114
             |
relative_y~x#|
       treat |
        1 1  |  -5.912266   8.898981    -0.66   0.506    -23.35896    11.53443
        2 1  |   6.843886   6.891839     0.99   0.321    -6.667753    20.35552
        3 1  |   5.604755   7.236668     0.77   0.439    -8.582929    19.79244
        4 1  |    2.13613   6.988279     0.31   0.760    -11.56458    15.83684
        6 1  |    11.4813   7.358962     1.56   0.119    -2.946147    25.90874
        7 1  |   22.54557   7.490672     3.01   0.003     7.859905    37.23124
        8 1  |   12.62722   8.384199     1.51   0.132    -3.810228    29.06467
        9 1  |   15.69661   9.250238     1.70   0.090    -2.438736    33.83195
       10 1  |   1.622958   9.509979     0.17   0.865    -17.02162    20.26753
------------------------------------------------------------------------------

added scalar:
              e(ymean) =  112.47989

added scalar:
             e(ymean2) =  .

added scalar:
                e(acq) =  600

added scalar:
              e(fe_id) =  24

added scalar:
          e(n_treated) =  3356320

added scalar:
          e(n_control) =  9094456

added macro:
               e(smpl) : "Rural"

added macro:
             e(fespec) : "unique_small_grid_id_cohort province_cohort#c.monthye
> ar yeargov province_cohort#election_year#yeargov"

added macro:
                e(mod) : "moderator"

added macro:
           e(controls) : "never"
(saving evreg1)
(file /users/aquisper/proj_bureaucrats_farms/code/_stacked_downup_replication/.
> ./../tables/exploratory_analysis/politician_original_controls_fe_sweep/politi
> cian_original_fe24_controls_never_event_rural_acpop_all.ster saved)
EVENT controls=never FE=25/32: unique_small_grid_id_cohort province_cohort#c.mo
> nthyear province_cohort#election_year province_cohort#election_year#yeargov
(MWFE estimator converged in 11 iterations)

HDFE linear regression with Julia                 Number of obs   = 12,450,776
Absorbing 4 HDFE groups                           F(  20,   4213) =      30.71
Statistics cluster-robust                         Prob > F        =     0.0000
                                                  R-squared       =     0.1140
                                                  Adj R-squared   =     0.1034
Number of clusters (ac_elec_yr) =       4213      Within R-sq.    =     0.0118
                                                  Root MSE        =  1098.3134

                         (Std. err. adjusted for 4,213 clusters in ac_elec_yr)
------------------------------------------------------------------------------
             |               Robust
      countk | Coefficient  std. err.      t    P>|t|     [95% conf. interval]
-------------+----------------------------------------------------------------
relative_y~x |
          1  |   1244.546   242.5211     5.13   0.000     769.0768    1720.015
          2  |   1004.872   191.9353     5.24   0.000     628.5773    1381.166
          3  |   723.3579   124.3123     5.82   0.000     479.6403    967.0755
          4  |   341.2358   62.83389     5.43   0.000     218.0483    464.4234
          6  |   -339.671   64.22955    -5.29   0.000    -465.5948   -213.7473
          7  |  -710.2912    136.193    -5.22   0.000    -977.3013   -443.2811
          8  |  -872.5113   195.7576    -4.46   0.000    -1256.299   -488.7233
          9  |  -1225.585   251.1611    -4.88   0.000    -1717.993   -733.1766
         10  |  -1526.483   308.4031    -4.95   0.000    -2131.116   -921.8508
             |
     1.treat |          0  (omitted)
wind_direc~n |  -1.112256   .0518096   -21.47   0.000     -1.21383   -1.010682
av_wind_sp~d |    160.582   10.79386    14.88   0.000     139.4204    181.7437
             |
relative_y~x#|
       treat |
        1 1  |  -5.919821   8.901547    -0.67   0.506    -23.37155     11.5319
        2 1  |   6.856787   6.893725     0.99   0.320    -6.658549    20.37212
        3 1  |   5.599335   7.237489     0.77   0.439    -8.589959    19.78863
        4 1  |   2.138013   6.990184     0.31   0.760    -11.56643    15.84246
        6 1  |   11.46754   7.360328     1.56   0.119    -2.962587    25.89766
        7 1  |   22.54657   7.492695     3.01   0.003     7.856939     37.2362
        8 1  |   12.61271   8.384929     1.50   0.133     -3.82617    29.05159
        9 1  |   15.69941   9.251657     1.70   0.090    -2.438717    33.83753
       10 1  |    1.60694   9.510973     0.17   0.866    -17.03958    20.25346
------------------------------------------------------------------------------

added scalar:
              e(ymean) =  112.47989

added scalar:
             e(ymean2) =  .

added scalar:
                e(acq) =  600

added scalar:
              e(fe_id) =  25

added scalar:
          e(n_treated) =  3356320

added scalar:
          e(n_control) =  9094456

added macro:
               e(smpl) : "Rural"

added macro:
             e(fespec) : "unique_small_grid_id_cohort province_cohort#c.monthye
> ar province_cohort#election_year province_cohort#election_year#yeargov"

added macro:
                e(mod) : "moderator"

added macro:
           e(controls) : "never"
(saving evreg1)
(file /users/aquisper/proj_bureaucrats_farms/code/_stacked_downup_replication/.
> ./../tables/exploratory_analysis/politician_original_controls_fe_sweep/politi
> cian_original_fe25_controls_never_event_rural_acpop_all.ster saved)
EVENT controls=never FE=26/32: unique_small_grid_id_cohort yeargov province_coh
> ort#election_year province_cohort#election_year#yeargov
(MWFE estimator converged in 9 iterations)

HDFE linear regression with Julia                 Number of obs   = 12,450,776
Absorbing 4 HDFE groups                           F(  20,   4213) =      34.10
Statistics cluster-robust                         Prob > F        =     0.0000
                                                  R-squared       =     0.1125
                                                  Adj R-squared   =     0.1018
Number of clusters (ac_elec_yr) =       4213      Within R-sq.    =     0.0101
                                                  Root MSE        =  1099.2544

                         (Std. err. adjusted for 4,213 clusters in ac_elec_yr)
------------------------------------------------------------------------------
             |               Robust
      countk | Coefficient  std. err.      t    P>|t|     [95% conf. interval]
-------------+----------------------------------------------------------------
relative_y~x |
          1  |   390.3551   87.97241     4.44   0.000     217.8828    562.8274
          2  |   360.7561   77.00015     4.69   0.000     209.7952     511.717
          3  |    282.659   47.29687     5.98   0.000     189.9322    375.3858
          4  |   116.6698   24.07554     4.85   0.000     69.46905    163.8706
          6  |  -120.4974   26.33353    -4.58   0.000     -172.125   -68.86975
          7  |  -270.6652   59.46135    -4.55   0.000    -387.2408   -154.0896
          8  |  -213.1307   80.92524    -2.63   0.008    -371.7868   -54.47456
          9  |  -338.7914   92.79811    -3.65   0.000    -520.7247   -156.8582
         10  |  -411.8436   110.6924    -3.72   0.000    -628.8591    -194.828
             |
     1.treat |          0  (omitted)
wind_direc~n |  -1.042456   .0462981   -22.52   0.000    -1.133225   -.9516872
av_wind_sp~d |   122.5764   6.217541    19.71   0.000     110.3868    134.7661
             |
relative_y~x#|
       treat |
        1 1  |  -5.918219   8.843671    -0.67   0.503    -23.25648    11.42004
        2 1  |    6.37271   6.851362     0.93   0.352    -7.059571    19.80499
        3 1  |   5.573331   7.219723     0.77   0.440    -8.581133    19.72779
        4 1  |   1.935344   6.946883     0.28   0.781    -11.68421     15.5549
        6 1  |   11.66279   7.328691     1.59   0.112    -2.705306    26.03089
        7 1  |   22.38531   7.443761     3.01   0.003     7.791611      36.979
        8 1  |   12.81426   8.360851     1.53   0.125    -3.577418    29.20593
        9 1  |   15.48555   9.217846     1.68   0.093    -2.586287    33.55739
       10 1  |   1.846339    9.49623     0.19   0.846    -16.77128    20.46396
------------------------------------------------------------------------------

added scalar:
              e(ymean) =  112.47989

added scalar:
             e(ymean2) =  .

added scalar:
                e(acq) =  600

added scalar:
              e(fe_id) =  26

added scalar:
          e(n_treated) =  3356320

added scalar:
          e(n_control) =  9094456

added macro:
               e(smpl) : "Rural"

added macro:
             e(fespec) : "unique_small_grid_id_cohort yeargov province_cohort#e
> lection_year province_cohort#election_year#yeargov"

added macro:
                e(mod) : "moderator"

added macro:
           e(controls) : "never"
(saving evreg1)
(file /users/aquisper/proj_bureaucrats_farms/code/_stacked_downup_replication/.
> ./../tables/exploratory_analysis/politician_original_controls_fe_sweep/politi
> cian_original_fe26_controls_never_event_rural_acpop_all.ster saved)
EVENT controls=never FE=27/32: unique_small_grid_id_cohort monthyearco province
> _cohort#c.monthyear yeargov province_cohort#election_year
(MWFE estimator converged in 116 iterations)

HDFE linear regression with Julia                 Number of obs   = 12,450,776
Absorbing 5 HDFE groups                           F(  11,   4213) =      33.08
Statistics cluster-robust                         Prob > F        =     0.0000
                                                  R-squared       =     0.1817
                                                  Adj R-squared   =     0.1718
Number of clusters (ac_elec_yr) =       4213      Within R-sq.    =     0.0069
                                                  Root MSE        =  1055.5605

                         (Std. err. adjusted for 4,213 clusters in ac_elec_yr)
------------------------------------------------------------------------------
             |               Robust
      countk | Coefficient  std. err.      t    P>|t|     [95% conf. interval]
-------------+----------------------------------------------------------------
relative_y~x |
          1  |          0  (omitted)
          2  |          0  (omitted)
          3  |          0  (omitted)
          4  |          0  (omitted)
          6  |          0  (omitted)
          7  |          0  (omitted)
          8  |          0  (omitted)
          9  |          0  (omitted)
         10  |          0  (omitted)
             |
     1.treat |          0  (omitted)
wind_direc~n |  -.4352996   .0315266   -13.81   0.000    -.4971085   -.3734908
av_wind_sp~d |   344.0911   19.58824    17.57   0.000     305.6878    382.4944
             |
relative_y~x#|
       treat |
        1 1  |  -20.49943   11.59512    -1.77   0.077    -43.23197    2.233108
        2 1  |  -19.65081   12.21895    -1.61   0.108     -43.6064    4.304775
        3 1  |   22.92687   8.352839     2.74   0.006     6.550904    39.30284
        4 1  |   17.87475   8.159662     2.19   0.029     1.877506    33.87198
        6 1  |   1.940227   9.807379     0.20   0.843    -17.28741    21.16786
        7 1  |   41.08322   9.103546     4.51   0.000     23.23547    58.93097
        8 1  |   31.64247   9.239311     3.42   0.001     13.52855     49.7564
        9 1  |   21.14471    9.82129     2.15   0.031     1.889808    40.39962
       10 1  |  -28.35819   9.949309    -2.85   0.004    -47.86408   -8.852298
------------------------------------------------------------------------------

added scalar:
              e(ymean) =  112.47989

added scalar:
             e(ymean2) =  .

added scalar:
                e(acq) =  600

added scalar:
              e(fe_id) =  27

added scalar:
          e(n_treated) =  3356320

added scalar:
          e(n_control) =  9094456

added macro:
               e(smpl) : "Rural"

added macro:
             e(fespec) : "unique_small_grid_id_cohort monthyearco province_coho
> rt#c.monthyear yeargov province_cohort#election_year"

added macro:
                e(mod) : "moderator"

added macro:
           e(controls) : "never"
(saving evreg1)
(file /users/aquisper/proj_bureaucrats_farms/code/_stacked_downup_replication/.
> ./../tables/exploratory_analysis/politician_original_controls_fe_sweep/politi
> cian_original_fe27_controls_never_event_rural_acpop_all.ster saved)
EVENT controls=never FE=28/32: unique_small_grid_id_cohort monthyearco province
> _cohort#c.monthyear yeargov province_cohort#election_year#yeargov
(MWFE estimator converged in 222 iterations)

HDFE linear regression with Julia                 Number of obs   = 12,450,776
Absorbing 5 HDFE groups                           F(  11,   4213) =      31.03
Statistics cluster-robust                         Prob > F        =     0.0000
                                                  R-squared       =     0.1847
                                                  Adj R-squared   =     0.1748
Number of clusters (ac_elec_yr) =       4213      Within R-sq.    =     0.0067
                                                  Root MSE        =  1053.6402

                         (Std. err. adjusted for 4,213 clusters in ac_elec_yr)
------------------------------------------------------------------------------
             |               Robust
      countk | Coefficient  std. err.      t    P>|t|     [95% conf. interval]
-------------+----------------------------------------------------------------
relative_y~x |
          1  |          0  (omitted)
          2  |          0  (omitted)
          3  |          0  (omitted)
          4  |          0  (omitted)
          6  |          0  (omitted)
          7  |          0  (omitted)
          8  |          0  (omitted)
          9  |          0  (omitted)
         10  |          0  (omitted)
             |
     1.treat |          0  (omitted)
wind_direc~n |  -.4425981   .0320948   -13.79   0.000    -.5055208   -.3796754
av_wind_sp~d |   337.5568   19.42041    17.38   0.000     299.4825     375.631
             |
relative_y~x#|
       treat |
        1 1  |   -3.40208   8.763883    -0.39   0.698    -20.58391    13.77975
        2 1  |   5.147003   6.628976     0.78   0.438    -7.849286    18.14329
        3 1  |   5.359881   7.246556     0.74   0.460     -8.84719    19.56695
        4 1  |    .688374   6.685949     0.10   0.918    -12.41961    13.79636
        6 1  |   10.74485   7.160725     1.50   0.134    -3.293947    24.78364
        7 1  |   19.19511   7.232919     2.65   0.008     5.014773    33.37544
        8 1  |   12.59649   8.340364     1.51   0.131    -3.755019      28.948
        9 1  |   12.51704   9.047475     1.38   0.167    -5.220776    30.25487
       10 1  |   1.703175   9.423329     0.18   0.857    -16.77152    20.17787
------------------------------------------------------------------------------

added scalar:
              e(ymean) =  112.47989

added scalar:
             e(ymean2) =  .

added scalar:
                e(acq) =  600

added scalar:
              e(fe_id) =  28

added scalar:
          e(n_treated) =  3356320

added scalar:
          e(n_control) =  9094456

added macro:
               e(smpl) : "Rural"

added macro:
             e(fespec) : "unique_small_grid_id_cohort monthyearco province_coho
> rt#c.monthyear yeargov province_cohort#election_year#yeargov"

added macro:
                e(mod) : "moderator"

added macro:
           e(controls) : "never"
(saving evreg1)
(file /users/aquisper/proj_bureaucrats_farms/code/_stacked_downup_replication/.
> ./../tables/exploratory_analysis/politician_original_controls_fe_sweep/politi
> cian_original_fe28_controls_never_event_rural_acpop_all.ster saved)
EVENT controls=never FE=29/32: unique_small_grid_id_cohort monthyearco province
> _cohort#c.monthyear province_cohort#election_year province_cohort#election_ye
> ar#yeargov
(MWFE estimator converged in 127 iterations)

HDFE linear regression with Julia                 Number of obs   = 12,450,776
Absorbing 5 HDFE groups                           F(  11,   4213) =      31.03
Statistics cluster-robust                         Prob > F        =     0.0000
                                                  R-squared       =     0.1847
                                                  Adj R-squared   =     0.1748
Number of clusters (ac_elec_yr) =       4213      Within R-sq.    =     0.0067
                                                  Root MSE        =  1053.6428

                         (Std. err. adjusted for 4,213 clusters in ac_elec_yr)
------------------------------------------------------------------------------
             |               Robust
      countk | Coefficient  std. err.      t    P>|t|     [95% conf. interval]
-------------+----------------------------------------------------------------
relative_y~x |
          1  |          0  (omitted)
          2  |          0  (omitted)
          3  |          0  (omitted)
          4  |          0  (omitted)
          6  |          0  (omitted)
          7  |          0  (omitted)
          8  |          0  (omitted)
          9  |          0  (omitted)
         10  |          0  (omitted)
             |
     1.treat |          0  (omitted)
wind_direc~n |   -.442606   .0320951   -13.79   0.000    -.5055293   -.3796828
av_wind_sp~d |    337.556   19.42032    17.38   0.000     299.4819      375.63
             |
relative_y~x#|
       treat |
        1 1  |  -3.402848   8.764209    -0.39   0.698    -20.58532    13.77962
        2 1  |   5.146055   6.628583     0.78   0.438    -7.849462    18.14157
        3 1  |    5.35841   7.246199     0.74   0.460     -8.84796    19.56478
        4 1  |   .6871686   6.685758     0.10   0.918    -12.42044    13.79478
        6 1  |   10.74335   7.159634     1.50   0.134    -3.293305    24.78001
        7 1  |   19.19363   7.232181     2.65   0.008     5.014739    33.37252
        8 1  |   12.59503   8.339394     1.51   0.131    -3.754576    28.94464
        9 1  |   12.51548   9.046411     1.38   0.167    -5.220253    30.25122
       10 1  |   1.701799   9.423371     0.18   0.857    -16.77298    20.17657
------------------------------------------------------------------------------

added scalar:
              e(ymean) =  112.47989

added scalar:
             e(ymean2) =  .

added scalar:
                e(acq) =  600

added scalar:
              e(fe_id) =  29

added scalar:
          e(n_treated) =  3356320

added scalar:
          e(n_control) =  9094456

added macro:
               e(smpl) : "Rural"

added macro:
             e(fespec) : "unique_small_grid_id_cohort monthyearco province_coho
> rt#c.monthyear province_cohort#election_year province_cohort#election_year#ye
> argov"

added macro:
                e(mod) : "moderator"

added macro:
           e(controls) : "never"
(saving evreg1)
(file /users/aquisper/proj_bureaucrats_farms/code/_stacked_downup_replication/.
> ./../tables/exploratory_analysis/politician_original_controls_fe_sweep/politi
> cian_original_fe29_controls_never_event_rural_acpop_all.ster saved)
EVENT controls=never FE=30/32: unique_small_grid_id_cohort monthyearco yeargov 
> province_cohort#election_year province_cohort#election_year#yeargov
(MWFE estimator converged in 130 iterations)

HDFE linear regression with Julia                 Number of obs   = 12,450,776
Absorbing 5 HDFE groups                           F(  11,   4213) =      31.03
Statistics cluster-robust                         Prob > F        =     0.0000
                                                  R-squared       =     0.1847
                                                  Adj R-squared   =     0.1748
Number of clusters (ac_elec_yr) =       4213      Within R-sq.    =     0.0067
                                                  Root MSE        =  1053.6423

                         (Std. err. adjusted for 4,213 clusters in ac_elec_yr)
------------------------------------------------------------------------------
             |               Robust
      countk | Coefficient  std. err.      t    P>|t|     [95% conf. interval]
-------------+----------------------------------------------------------------
relative_y~x |
          1  |          0  (omitted)
          2  |          0  (omitted)
          3  |          0  (omitted)
          4  |          0  (omitted)
          6  |          0  (omitted)
          7  |          0  (omitted)
          8  |          0  (omitted)
          9  |          0  (omitted)
         10  |          0  (omitted)
             |
     1.treat |          0  (omitted)
wind_direc~n |  -.4426298   .0320958   -13.79   0.000    -.5055545   -.3797052
av_wind_sp~d |   337.5539   19.42017    17.38   0.000     299.4801    375.6276
             |
relative_y~x#|
       treat |
        1 1  |  -3.404045   8.764148    -0.39   0.698     -20.5864    13.77831
        2 1  |   5.144387    6.62821     0.78   0.438      -7.8504    18.13917
        3 1  |   5.355262   7.246237     0.74   0.460    -8.851182    19.56171
        4 1  |   .6844234   6.685642     0.10   0.918    -12.42296    13.79181
        6 1  |   10.74023   7.159512     1.50   0.134    -3.296186    24.77665
        7 1  |    19.1905   7.232117     2.65   0.008      5.01174    33.36926
        8 1  |   12.59226   8.338898     1.51   0.131    -3.756374     28.9409
        9 1  |   12.51218   9.046631     1.38   0.167    -5.223984    30.24835
       10 1  |    1.69838   9.423601     0.18   0.857    -16.77685    20.17361
------------------------------------------------------------------------------

added scalar:
              e(ymean) =  112.47989

added scalar:
             e(ymean2) =  .

added scalar:
                e(acq) =  600

added scalar:
              e(fe_id) =  30

added scalar:
          e(n_treated) =  3356320

added scalar:
          e(n_control) =  9094456

added macro:
               e(smpl) : "Rural"

added macro:
             e(fespec) : "unique_small_grid_id_cohort monthyearco yeargov provi
> nce_cohort#election_year province_cohort#election_year#yeargov"

added macro:
                e(mod) : "moderator"

added macro:
           e(controls) : "never"
(saving evreg1)
(file /users/aquisper/proj_bureaucrats_farms/code/_stacked_downup_replication/.
> ./../tables/exploratory_analysis/politician_original_controls_fe_sweep/politi
> cian_original_fe30_controls_never_event_rural_acpop_all.ster saved)
EVENT controls=never FE=31/32: unique_small_grid_id_cohort province_cohort#c.mo
> nthyear yeargov province_cohort#election_year province_cohort#election_year#y
> eargov
(MWFE estimator converged in 19 iterations)

HDFE linear regression with Julia                 Number of obs   = 12,450,776
Absorbing 5 HDFE groups                           F(  20,   4213) =      30.69
Statistics cluster-robust                         Prob > F        =     0.0000
                                                  R-squared       =     0.1139
                                                  Adj R-squared   =     0.1033
Number of clusters (ac_elec_yr) =       4213      Within R-sq.    =     0.0117
                                                  Root MSE        =  1098.3671

                         (Std. err. adjusted for 4,213 clusters in ac_elec_yr)
------------------------------------------------------------------------------
             |               Robust
      countk | Coefficient  std. err.      t    P>|t|     [95% conf. interval]
-------------+----------------------------------------------------------------
relative_y~x |
          1  |   1208.136   238.1808     5.07   0.000     741.1759    1675.096
          2  |   975.1697   188.1762     5.18   0.000     606.2451    1344.094
          3  |   703.8915    121.816     5.78   0.000      465.068     942.715
          4  |   331.5489   61.60011     5.38   0.000     210.7802    452.3176
          6  |  -333.2942   63.65625    -5.24   0.000     -458.094   -208.4944
          7  |  -697.5042   135.0257    -5.17   0.000    -962.2259   -432.7826
          8  |   -853.358    193.926    -4.40   0.000    -1233.555   -473.1608
          9  |   -1200.15   248.5708    -4.83   0.000     -1687.48   -712.8205
         10  |  -1494.766   305.0471    -4.90   0.000    -2092.819    -896.713
             |
     1.treat |          0  (omitted)
wind_direc~n |  -1.111252   .0517735   -21.46   0.000    -1.212755   -1.009748
av_wind_sp~d |   159.6809    10.7159    14.90   0.000     138.6721    180.6897
             |
relative_y~x#|
       treat |
        1 1  |  -5.920404   8.900482    -0.67   0.506    -23.37004    11.52923
        2 1  |   6.848955   6.893153     0.99   0.320    -6.665258    20.36317
        3 1  |   5.600017   7.237205     0.77   0.439    -8.588721    19.78875
        4 1  |   2.135832   6.989556     0.31   0.760    -11.56738    15.83905
        6 1  |   11.47311   7.359821     1.56   0.119     -2.95602    25.90224
        7 1  |   22.54651   7.491932     3.01   0.003     7.858377    37.23465
        8 1  |   12.61799   8.384581     1.50   0.132    -3.820212    29.05619
        9 1  |   15.69818    9.25117     1.70   0.090    -2.438988    33.83535
       10 1  |   1.612891     9.5107     0.17   0.865     -17.0331    20.25888
------------------------------------------------------------------------------

added scalar:
              e(ymean) =  112.47989

added scalar:
             e(ymean2) =  .

added scalar:
                e(acq) =  600

added scalar:
              e(fe_id) =  31

added scalar:
          e(n_treated) =  3356320

added scalar:
          e(n_control) =  9094456

added macro:
               e(smpl) : "Rural"

added macro:
             e(fespec) : "unique_small_grid_id_cohort province_cohort#c.monthye
> ar yeargov province_cohort#election_year province_cohort#election_year#yeargo
> v"

added macro:
                e(mod) : "moderator"

added macro:
           e(controls) : "never"
(saving evreg1)
(file /users/aquisper/proj_bureaucrats_farms/code/_stacked_downup_replication/.
> ./../tables/exploratory_analysis/politician_original_controls_fe_sweep/politi
> cian_original_fe31_controls_never_event_rural_acpop_all.ster saved)
EVENT controls=never FE=32/32: unique_small_grid_id_cohort monthyearco province
> _cohort#c.monthyear yeargov province_cohort#election_year province_cohort#ele
> ction_year#yeargov
(MWFE estimator converged in 137 iterations)

HDFE linear regression with Julia                 Number of obs   = 12,450,776
Absorbing 6 HDFE groups                           F(  11,   4213) =      31.03
Statistics cluster-robust                         Prob > F        =     0.0000
                                                  R-squared       =     0.1847
                                                  Adj R-squared   =     0.1748
Number of clusters (ac_elec_yr) =       4213      Within R-sq.    =     0.0067
                                                  Root MSE        =  1053.6430

                         (Std. err. adjusted for 4,213 clusters in ac_elec_yr)
------------------------------------------------------------------------------
             |               Robust
      countk | Coefficient  std. err.      t    P>|t|     [95% conf. interval]
-------------+----------------------------------------------------------------
relative_y~x |
          1  |          0  (omitted)
          2  |          0  (omitted)
          3  |          0  (omitted)
          4  |          0  (omitted)
          6  |          0  (omitted)
          7  |          0  (omitted)
          8  |          0  (omitted)
          9  |          0  (omitted)
         10  |          0  (omitted)
             |
     1.treat |          0  (omitted)
wind_direc~n |   -.442606   .0320951   -13.79   0.000    -.5055292   -.3796828
av_wind_sp~d |    337.556   19.42033    17.38   0.000     299.4819    375.6301
             |
relative_y~x#|
       treat |
        1 1  |  -3.402785   8.764232    -0.39   0.698     -20.5853    13.77973
        2 1  |   5.146148   6.628144     0.78   0.438    -7.848509    18.14081
        3 1  |   5.358539   7.246184     0.74   0.460    -8.847802    19.56488
        4 1  |   .6872242   6.685488     0.10   0.918    -12.41986    13.79431
        6 1  |   10.74342   7.159466     1.50   0.134    -3.292912    24.77974
        7 1  |   19.19377   7.231959     2.65   0.008     5.015322    33.37223
        8 1  |   12.59525   8.339104     1.51   0.131    -3.753787    28.94429
        9 1  |   12.51563   9.046619     1.38   0.167    -5.220507    30.25178
       10 1  |   1.701775   9.423483     0.18   0.857    -16.77322    20.17677
------------------------------------------------------------------------------

added scalar:
              e(ymean) =  112.47989

added scalar:
             e(ymean2) =  .

added scalar:
                e(acq) =  600

added scalar:
              e(fe_id) =  32

added scalar:
          e(n_treated) =  3356320

added scalar:
          e(n_control) =  9094456

added macro:
               e(smpl) : "Rural"

added macro:
             e(fespec) : "unique_small_grid_id_cohort monthyearco province_coho
> rt#c.monthyear yeargov province_cohort#election_year province_cohort#election
> _year#yeargov"

added macro:
                e(mod) : "moderator"

added macro:
           e(controls) : "never"
(saving evreg1)
(file /users/aquisper/proj_bureaucrats_farms/code/_stacked_downup_replication/.
> ./../tables/exploratory_analysis/politician_original_controls_fe_sweep/politi
> cian_original_fe32_controls_never_event_rural_acpop_all.ster saved)

. 
. *****************************************************************************
> ***
. * DiD loop: reload prepared sample once, estimate FE 1/32, save independently
> .
. *****************************************************************************
> ***
. use `full_analysis_sample', clear

. gen byte post_ = relative_year_bin >= 0

. gen byte moderator = downup_ac_pop

. local moderators_list downup_ac_pop

. count if treat == 1
  3,965,599

. local did_n_treated = r(N)

. count if treat == 0
  13,308,960

. local did_n_control = r(N)

. egen byte did_tag_ac = tag(ac_uq_id)

. count if did_tag_ac
  600

. local did_numacs = r(N)

. drop did_tag_ac

. quietly summarize countk if treat == 1 & relative_year_bin <= -1

. local did_ymean = r(mean)

. quietly summarize countk if treat == 1 & relative_year_bin <= -1 & moderator 
> == 1

. local did_ymean2 = r(mean)

. 
. foreach mod of local moderators_list {
  2.     local did_rhs "ib0.post_##ib0.treat##ib0.`mod' wind_direction av_wind_
> speed"
  3.     foreach fe of numlist $fe_list {
  4.         local fespec "`fe`fe''"
  5.         local tag : display %02.0f `fe'
  6.         local tag = strtrim("`tag'")
  7.         local prefix "politician_original_fe`tag'_controls_`control_sample
> '"
  8.         display as result "DID controls=`control_sample' FE=`fe'/32: `fesp
> ec'"
  9.         est clear
 10.         reghdfejl countk `did_rhs', absorb(`fespec') vce(cluster ac_elec_y
> r)
 11.         estadd scalar ymean = `did_ymean'
 12.         estadd scalar ymean2 = `did_ymean2'
 13.         estadd scalar acq = `did_numacs'
 14.         estadd scalar fe_id = `fe'
 15.         estadd scalar n_treated = `did_n_treated'
 16.         estadd scalar n_control = `did_n_control'
 17.         estadd local smpl "Rural"
 18.         estadd local fespec "`fespec'"
 19.         estadd local mod "`mod'"
 20.         estadd local controls "`control_sample'"
 21.         est store evreg1
 22.         local out "${tables}/`prefix'_did_interaction_rural_acpop_all"
 23.         estwrite evreg1 using "`out'.ster", replace
 24.         confirm file "`out'.ster"
 25.     }
 26. }
DID controls=never FE=1/32: unique_small_grid_id_cohort
(MWFE estimator converged in 1 iterations)

HDFE linear regression with Julia                 Number of obs   = 17,274,559
Absorbing 1 HDFE group                            F(   8,   5589) =     105.76
Statistics cluster-robust                         Prob > F        =     0.0000
                                                  R-squared       =     0.1069
                                                  Adj R-squared   =     0.0992
Number of clusters (ac_elec_yr) =       5590      Within R-sq.    =     0.0090
                                                  Root MSE        =  1119.8732

                         (Std. err. adjusted for 5,590 clusters in ac_elec_yr)
------------------------------------------------------------------------------
             |               Robust
      countk | Coefficient  std. err.      t    P>|t|     [95% conf. interval]
-------------+----------------------------------------------------------------
     1.post_ |   -14.3904   3.775599    -3.81   0.000    -21.79204   -6.988755
     1.treat |          0  (omitted)
1.downup_a~p |   3.818309   2.730803     1.40   0.162    -1.535125    9.171743
wind_direc~n |  -1.030381   .0384103   -26.83   0.000     -1.10568   -.9550813
av_wind_sp~d |   120.0507   5.281699    22.73   0.000     109.6966    130.4049
             |
 post_#treat |
        1 1  |   29.31137   6.247914     4.69   0.000     17.06303    41.55971
             |
       post_#|
downup_ac_~p |
        1 1  |    -.93856   3.488671    -0.27   0.788    -7.777711    5.900591
             |
       treat#|
downup_ac_~p |
        1 1  |  -.3279981   4.890975    -0.07   0.947     -9.91621    9.260214
             |
 post_#treat#|
downup_ac_~p |
      1 1 1  |   .9177465   6.926656     0.13   0.895    -12.66119    14.49668
------------------------------------------------------------------------------

added scalar:
              e(ymean) =  120.68671

added scalar:
             e(ymean2) =  121.71761

added scalar:
                e(acq) =  600

added scalar:
              e(fe_id) =  1

added scalar:
          e(n_treated) =  3965599

added scalar:
          e(n_control) =  13308960

added macro:
               e(smpl) : "Rural"

added macro:
             e(fespec) : "unique_small_grid_id_cohort"

added macro:
                e(mod) : "downup_ac_pop"

added macro:
           e(controls) : "never"
(saving evreg1)
(file /users/aquisper/proj_bureaucrats_farms/code/_stacked_downup_replication/.
> ./../tables/exploratory_analysis/politician_original_controls_fe_sweep/politi
> cian_original_fe01_controls_never_did_interaction_rural_acpop_all.ster saved)
DID controls=never FE=2/32: unique_small_grid_id_cohort monthyearco
(MWFE estimator converged in 7 iterations)

HDFE linear regression with Julia                 Number of obs   = 17,274,559
Absorbing 2 HDFE groups                           F(   7,   5589) =      69.59
Statistics cluster-robust                         Prob > F        =     0.0000
                                                  R-squared       =     0.1809
                                                  Adj R-squared   =     0.1738
Number of clusters (ac_elec_yr) =       5590      Within R-sq.    =     0.0076
                                                  Root MSE        =  1072.5212

                         (Std. err. adjusted for 5,590 clusters in ac_elec_yr)
------------------------------------------------------------------------------
             |               Robust
      countk | Coefficient  std. err.      t    P>|t|     [95% conf. interval]
-------------+----------------------------------------------------------------
     1.post_ |          0  (omitted)
     1.treat |          0  (omitted)
1.downup_a~p |  -.8324207   2.695709    -0.31   0.757    -6.117057    4.452216
wind_direc~n |  -.4962353   .0284126   -17.47   0.000     -.551935   -.4405356
av_wind_sp~d |   364.8578    17.5129    20.83   0.000     330.5258    399.1899
             |
 post_#treat |
        1 1  |   33.42132   6.974998     4.79   0.000     19.74761    47.09503
             |
       post_#|
downup_ac_~p |
        1 1  |   .2569563    3.46483     0.07   0.941    -6.535457     7.04937
             |
       treat#|
downup_ac_~p |
        1 1  |   3.958408   5.115301     0.77   0.439     -6.06957    13.98639
             |
 post_#treat#|
downup_ac_~p |
      1 1 1  |   1.765207   7.411489     0.24   0.812    -12.76419     16.2946
------------------------------------------------------------------------------

added scalar:
              e(ymean) =  120.68671

added scalar:
             e(ymean2) =  121.71761

added scalar:
                e(acq) =  600

added scalar:
              e(fe_id) =  2

added scalar:
          e(n_treated) =  3965599

added scalar:
          e(n_control) =  13308960

added macro:
               e(smpl) : "Rural"

added macro:
             e(fespec) : "unique_small_grid_id_cohort monthyearco"

added macro:
                e(mod) : "downup_ac_pop"

added macro:
           e(controls) : "never"
(saving evreg1)
(file /users/aquisper/proj_bureaucrats_farms/code/_stacked_downup_replication/.
> ./../tables/exploratory_analysis/politician_original_controls_fe_sweep/politi
> cian_original_fe02_controls_never_did_interaction_rural_acpop_all.ster saved)
DID controls=never FE=3/32: unique_small_grid_id_cohort province_cohort#c.month
> year
(MWFE estimator converged in 7 iterations)

HDFE linear regression with Julia                 Number of obs   = 17,274,559
Absorbing 2 HDFE groups                           F(   8,   5589) =     105.27
Statistics cluster-robust                         Prob > F        =     0.0000
                                                  R-squared       =     0.1074
                                                  Adj R-squared   =     0.0997
Number of clusters (ac_elec_yr) =       5590      Within R-sq.    =     0.0089
                                                  Root MSE        =  1119.5417

                         (Std. err. adjusted for 5,590 clusters in ac_elec_yr)
------------------------------------------------------------------------------
             |               Robust
      countk | Coefficient  std. err.      t    P>|t|     [95% conf. interval]
-------------+----------------------------------------------------------------
     1.post_ |  -15.48024   5.335875    -2.90   0.004    -25.94062   -5.019848
     1.treat |          0  (omitted)
1.downup_a~p |   4.327847   2.714192     1.59   0.111    -.9930234    9.648717
wind_direc~n |  -1.025536   .0387518   -26.46   0.000    -1.101505   -.9495674
av_wind_sp~d |   121.3088   5.306476    22.86   0.000     110.9061    131.7116
             |
 post_#treat |
        1 1  |   12.96589   6.319562     2.05   0.040     .5770885    25.35468
             |
       post_#|
downup_ac_~p |
        1 1  |  -2.420261   3.492007    -0.69   0.488    -9.265952     4.42543
             |
       treat#|
downup_ac_~p |
        1 1  |  -.9074647   4.871631    -0.19   0.852    -10.45776    8.642826
             |
 post_#treat#|
downup_ac_~p |
      1 1 1  |   2.598365   6.925772     0.38   0.708    -10.97884    16.17557
------------------------------------------------------------------------------

added scalar:
              e(ymean) =  120.68671

added scalar:
             e(ymean2) =  121.71761

added scalar:
                e(acq) =  600

added scalar:
              e(fe_id) =  3

added scalar:
          e(n_treated) =  3965599

added scalar:
          e(n_control) =  13308960

added macro:
               e(smpl) : "Rural"

added macro:
             e(fespec) : "unique_small_grid_id_cohort province_cohort#c.monthye
> ar"

added macro:
                e(mod) : "downup_ac_pop"

added macro:
           e(controls) : "never"
(saving evreg1)
(file /users/aquisper/proj_bureaucrats_farms/code/_stacked_downup_replication/.
> ./../tables/exploratory_analysis/politician_original_controls_fe_sweep/politi
> cian_original_fe03_controls_never_did_interaction_rural_acpop_all.ster saved)
DID controls=never FE=4/32: unique_small_grid_id_cohort yeargov
(MWFE estimator converged in 5 iterations)

HDFE linear regression with Julia                 Number of obs   = 17,274,559
Absorbing 2 HDFE groups                           F(   8,   5589) =     105.50
Statistics cluster-robust                         Prob > F        =     0.0000
                                                  R-squared       =     0.1071
                                                  Adj R-squared   =     0.0994
Number of clusters (ac_elec_yr) =       5590      Within R-sq.    =     0.0091
                                                  Root MSE        =  1119.7719

                         (Std. err. adjusted for 5,590 clusters in ac_elec_yr)
------------------------------------------------------------------------------
             |               Robust
      countk | Coefficient  std. err.      t    P>|t|     [95% conf. interval]
-------------+----------------------------------------------------------------
     1.post_ |  -18.39722   3.873801    -4.75   0.000    -25.99137   -10.80306
     1.treat |          0  (omitted)
1.downup_a~p |   3.728805   2.731485     1.37   0.172    -1.625966    9.083575
wind_direc~n |  -1.034963   .0385903   -26.82   0.000    -1.110615   -.9593112
av_wind_sp~d |    120.673   5.304853    22.75   0.000     110.2735    131.0726
             |
 post_#treat |
        1 1  |   36.27553   6.296043     5.76   0.000     23.93284    48.61822
             |
       post_#|
downup_ac_~p |
        1 1  |  -.7288511   3.491216    -0.21   0.835    -7.572992     6.11529
             |
       treat#|
downup_ac_~p |
        1 1  |  -.2555926   4.892408    -0.05   0.958    -9.846614    9.335429
             |
 post_#treat#|
downup_ac_~p |
      1 1 1  |   .7539413    6.92999     0.11   0.913    -12.83153    14.33941
------------------------------------------------------------------------------

added scalar:
              e(ymean) =  120.68671

added scalar:
             e(ymean2) =  121.71761

added scalar:
                e(acq) =  600

added scalar:
              e(fe_id) =  4

added scalar:
          e(n_treated) =  3965599

added scalar:
          e(n_control) =  13308960

added macro:
               e(smpl) : "Rural"

added macro:
             e(fespec) : "unique_small_grid_id_cohort yeargov"

added macro:
                e(mod) : "downup_ac_pop"

added macro:
           e(controls) : "never"
(saving evreg1)
(file /users/aquisper/proj_bureaucrats_farms/code/_stacked_downup_replication/.
> ./../tables/exploratory_analysis/politician_original_controls_fe_sweep/politi
> cian_original_fe04_controls_never_did_interaction_rural_acpop_all.ster saved)
DID controls=never FE=5/32: unique_small_grid_id_cohort province_cohort#electio
> n_year
(MWFE estimator converged in 8 iterations)

HDFE linear regression with Julia                 Number of obs   = 17,274,559
Absorbing 2 HDFE groups                           F(   8,   5589) =     102.48
Statistics cluster-robust                         Prob > F        =     0.0000
                                                  R-squared       =     0.1081
                                                  Adj R-squared   =     0.1004
Number of clusters (ac_elec_yr) =       5590      Within R-sq.    =     0.0086
                                                  Root MSE        =  1119.1544

                         (Std. err. adjusted for 5,590 clusters in ac_elec_yr)
------------------------------------------------------------------------------
             |               Robust
      countk | Coefficient  std. err.      t    P>|t|     [95% conf. interval]
-------------+----------------------------------------------------------------
     1.post_ |   6.801769    5.77194     1.18   0.239    -4.513475    18.11701
     1.treat |          0  (omitted)
1.downup_a~p |      4.384    2.71575     1.61   0.107    -.9399251    9.707926
wind_direc~n |  -1.010379   .0388129   -26.03   0.000    -1.086468   -.9342911
av_wind_sp~d |    120.697   5.261485    22.94   0.000     110.3824    131.0115
             |
 post_#treat |
        1 1  |   7.569602   6.348058     1.19   0.233    -4.875058    20.01426
             |
       post_#|
downup_ac_~p |
        1 1  |  -2.878834   3.489182    -0.83   0.409    -9.718987     3.96132
             |
       treat#|
downup_ac_~p |
        1 1  |  -.9461856   4.868009    -0.19   0.846    -10.48938    8.597004
             |
 post_#treat#|
downup_ac_~p |
      1 1 1  |   2.760431   6.915967     0.40   0.690    -10.79755    16.31841
------------------------------------------------------------------------------

added scalar:
              e(ymean) =  120.68671

added scalar:
             e(ymean2) =  121.71761

added scalar:
                e(acq) =  600

added scalar:
              e(fe_id) =  5

added scalar:
          e(n_treated) =  3965599

added scalar:
          e(n_control) =  13308960

added macro:
               e(smpl) : "Rural"

added macro:
             e(fespec) : "unique_small_grid_id_cohort province_cohort#election_
> year"

added macro:
                e(mod) : "downup_ac_pop"

added macro:
           e(controls) : "never"
(saving evreg1)
(file /users/aquisper/proj_bureaucrats_farms/code/_stacked_downup_replication/.
> ./../tables/exploratory_analysis/politician_original_controls_fe_sweep/politi
> cian_original_fe05_controls_never_did_interaction_rural_acpop_all.ster saved)
DID controls=never FE=6/32: unique_small_grid_id_cohort province_cohort#electio
> n_year#yeargov
(MWFE estimator converged in 9 iterations)

HDFE linear regression with Julia                 Number of obs   = 17,274,559
Absorbing 2 HDFE groups                           F(   8,   5589) =     101.67
Statistics cluster-robust                         Prob > F        =     0.0000
                                                  R-squared       =     0.1107
                                                  Adj R-squared   =     0.1030
Number of clusters (ac_elec_yr) =       5590      Within R-sq.    =     0.0089
                                                  Root MSE        =  1117.5041

                         (Std. err. adjusted for 5,590 clusters in ac_elec_yr)
------------------------------------------------------------------------------
             |               Robust
      countk | Coefficient  std. err.      t    P>|t|     [95% conf. interval]
-------------+----------------------------------------------------------------
     1.post_ |   -119.107   26.29338    -4.53   0.000    -170.6522   -67.56175
     1.treat |          0  (omitted)
1.downup_a~p |   4.168922    2.71002     1.54   0.124    -1.143769    9.481613
wind_direc~n |  -1.029369   .0395928   -26.00   0.000    -1.106986   -.9517515
av_wind_sp~d |   125.8281   5.426993    23.19   0.000     115.1891    136.4671
             |
 post_#treat |
        1 1  |   7.768699   6.351727     1.22   0.221    -4.683154    20.22055
             |
       post_#|
downup_ac_~p |
        1 1  |  -2.457765   3.490372    -0.70   0.481    -9.300249     4.38472
             |
       treat#|
downup_ac_~p |
        1 1  |  -.6482676   4.857011    -0.13   0.894     -10.1699     8.87336
             |
 post_#treat#|
downup_ac_~p |
      1 1 1  |   2.302177    6.91652     0.33   0.739    -11.25689    15.86124
------------------------------------------------------------------------------

added scalar:
              e(ymean) =  120.68671

added scalar:
             e(ymean2) =  121.71761

added scalar:
                e(acq) =  600

added scalar:
              e(fe_id) =  6

added scalar:
          e(n_treated) =  3965599

added scalar:
          e(n_control) =  13308960

added macro:
               e(smpl) : "Rural"

added macro:
             e(fespec) : "unique_small_grid_id_cohort province_cohort#election_
> year#yeargov"

added macro:
                e(mod) : "downup_ac_pop"

added macro:
           e(controls) : "never"
(saving evreg1)
(file /users/aquisper/proj_bureaucrats_farms/code/_stacked_downup_replication/.
> ./../tables/exploratory_analysis/politician_original_controls_fe_sweep/politi
> cian_original_fe06_controls_never_did_interaction_rural_acpop_all.ster saved)
DID controls=never FE=7/32: unique_small_grid_id_cohort monthyearco province_co
> hort#c.monthyear
(MWFE estimator converged in 23 iterations)

HDFE linear regression with Julia                 Number of obs   = 17,274,559
Absorbing 3 HDFE groups                           F(   7,   5589) =      68.44
Statistics cluster-robust                         Prob > F        =     0.0000
                                                  R-squared       =     0.1815
                                                  Adj R-squared   =     0.1744
Number of clusters (ac_elec_yr) =       5590      Within R-sq.    =     0.0076
                                                  Root MSE        =  1072.1344

                         (Std. err. adjusted for 5,590 clusters in ac_elec_yr)
------------------------------------------------------------------------------
             |               Robust
      countk | Coefficient  std. err.      t    P>|t|     [95% conf. interval]
-------------+----------------------------------------------------------------
     1.post_ |          0  (omitted)
     1.treat |          0  (omitted)
1.downup_a~p |  -.2779246   2.675198    -0.10   0.917    -5.522352    4.966503
wind_direc~n |  -.4879978   .0286905   -17.01   0.000    -.5442424   -.4317532
av_wind_sp~d |   367.2083   17.61676    20.84   0.000     332.6726     401.744
             |
 post_#treat |
        1 1  |   20.00052   6.882343     2.91   0.004     6.508453    33.49259
             |
       post_#|
downup_ac_~p |
        1 1  |   -1.35319   3.467909    -0.39   0.696     -8.15164    5.445259
             |
       treat#|
downup_ac_~p |
        1 1  |   3.364828    5.09693     0.66   0.509    -6.627135    13.35679
             |
 post_#treat#|
downup_ac_~p |
      1 1 1  |   3.516889   7.415594     0.47   0.635    -11.02056    18.05433
------------------------------------------------------------------------------

added scalar:
              e(ymean) =  120.68671

added scalar:
             e(ymean2) =  121.71761

added scalar:
                e(acq) =  600

added scalar:
              e(fe_id) =  7

added scalar:
          e(n_treated) =  3965599

added scalar:
          e(n_control) =  13308960

added macro:
               e(smpl) : "Rural"

added macro:
             e(fespec) : "unique_small_grid_id_cohort monthyearco province_coho
> rt#c.monthyear"

added macro:
                e(mod) : "downup_ac_pop"

added macro:
           e(controls) : "never"
(saving evreg1)
(file /users/aquisper/proj_bureaucrats_farms/code/_stacked_downup_replication/.
> ./../tables/exploratory_analysis/politician_original_controls_fe_sweep/politi
> cian_original_fe07_controls_never_did_interaction_rural_acpop_all.ster saved)
DID controls=never FE=8/32: unique_small_grid_id_cohort monthyearco yeargov
(MWFE estimator converged in 11 iterations)

HDFE linear regression with Julia                 Number of obs   = 17,274,559
Absorbing 3 HDFE groups                           F(   7,   5589) =      69.79
Statistics cluster-robust                         Prob > F        =     0.0000
                                                  R-squared       =     0.1809
                                                  Adj R-squared   =     0.1738
Number of clusters (ac_elec_yr) =       5590      Within R-sq.    =     0.0076
                                                  Root MSE        =  1072.4879

                         (Std. err. adjusted for 5,590 clusters in ac_elec_yr)
------------------------------------------------------------------------------
             |               Robust
      countk | Coefficient  std. err.      t    P>|t|     [95% conf. interval]
-------------+----------------------------------------------------------------
     1.post_ |          0  (omitted)
     1.treat |          0  (omitted)
1.downup_a~p |  -.8943641    2.69571    -0.33   0.740    -6.179003    4.390275
wind_direc~n |  -.5006016   .0285174   -17.55   0.000    -.5565069   -.4446964
av_wind_sp~d |   364.8998   17.51273    20.84   0.000     330.5681    399.2316
             |
 post_#treat |
        1 1  |   39.71438   7.051904     5.63   0.000     25.88991    53.53885
             |
       post_#|
downup_ac_~p |
        1 1  |   .4212552    3.46712     0.12   0.903    -6.375648    7.218158
             |
       treat#|
downup_ac_~p |
        1 1  |   3.998452    5.11701     0.78   0.435    -6.032876    14.02978
             |
 post_#treat#|
downup_ac_~p |
      1 1 1  |   1.639548   7.416118     0.22   0.825    -12.89892    16.17802
------------------------------------------------------------------------------

added scalar:
              e(ymean) =  120.68671

added scalar:
             e(ymean2) =  121.71761

added scalar:
                e(acq) =  600

added scalar:
              e(fe_id) =  8

added scalar:
          e(n_treated) =  3965599

added scalar:
          e(n_control) =  13308960

added macro:
               e(smpl) : "Rural"

added macro:
             e(fespec) : "unique_small_grid_id_cohort monthyearco yeargov"

added macro:
                e(mod) : "downup_ac_pop"

added macro:
           e(controls) : "never"
(saving evreg1)
(file /users/aquisper/proj_bureaucrats_farms/code/_stacked_downup_replication/.
> ./../tables/exploratory_analysis/politician_original_controls_fe_sweep/politi
> cian_original_fe08_controls_never_did_interaction_rural_acpop_all.ster saved)
DID controls=never FE=9/32: unique_small_grid_id_cohort monthyearco province_co
> hort#election_year
(MWFE estimator converged in 34 iterations)

HDFE linear regression with Julia                 Number of obs   = 17,274,559
Absorbing 3 HDFE groups                           F(   7,   5589) =      66.50
Statistics cluster-robust                         Prob > F        =     0.0000
                                                  R-squared       =     0.1821
                                                  Adj R-squared   =     0.1750
Number of clusters (ac_elec_yr) =       5590      Within R-sq.    =     0.0074
                                                  Root MSE        =  1071.7233

                         (Std. err. adjusted for 5,590 clusters in ac_elec_yr)
------------------------------------------------------------------------------
             |               Robust
      countk | Coefficient  std. err.      t    P>|t|     [95% conf. interval]
-------------+----------------------------------------------------------------
     1.post_ |          0  (omitted)
     1.treat |          0  (omitted)
1.downup_a~p |  -.2582064   2.677533    -0.10   0.923    -5.507211    4.990798
wind_direc~n |    -.46652   .0284465   -16.40   0.000    -.5222863   -.4107538
av_wind_sp~d |   363.5017   17.57788    20.68   0.000     329.0423    397.9612
             |
 post_#treat |
        1 1  |   5.144037   6.600698     0.78   0.436    -7.795895    18.08397
             |
       post_#|
downup_ac_~p |
        1 1  |  -1.836805    3.46407    -0.53   0.596    -8.627729    4.954119
             |
       treat#|
downup_ac_~p |
        1 1  |   3.395356   5.084984     0.67   0.504    -6.573188     13.3639
             |
 post_#treat#|
downup_ac_~p |
      1 1 1  |   3.662167   7.392513     0.50   0.620    -10.83003    18.15436
------------------------------------------------------------------------------

added scalar:
              e(ymean) =  120.68671

added scalar:
             e(ymean2) =  121.71761

added scalar:
                e(acq) =  600

added scalar:
              e(fe_id) =  9

added scalar:
          e(n_treated) =  3965599

added scalar:
          e(n_control) =  13308960

added macro:
               e(smpl) : "Rural"

added macro:
             e(fespec) : "unique_small_grid_id_cohort monthyearco province_coho
> rt#election_year"

added macro:
                e(mod) : "downup_ac_pop"

added macro:
           e(controls) : "never"
(saving evreg1)
(file /users/aquisper/proj_bureaucrats_farms/code/_stacked_downup_replication/.
> ./../tables/exploratory_analysis/politician_original_controls_fe_sweep/politi
> cian_original_fe09_controls_never_did_interaction_rural_acpop_all.ster saved)
DID controls=never FE=10/32: unique_small_grid_id_cohort monthyearco province_c
> ohort#election_year#yeargov
(MWFE estimator converged in 123 iterations)

HDFE linear regression with Julia                 Number of obs   = 17,274,559
Absorbing 3 HDFE groups                           F(   7,   5589) =      64.61
Statistics cluster-robust                         Prob > F        =     0.0000
                                                  R-squared       =     0.1867
                                                  Adj R-squared   =     0.1796
Number of clusters (ac_elec_yr) =       5590      Within R-sq.    =     0.0072
                                                  Root MSE        =  1068.7191

                         (Std. err. adjusted for 5,590 clusters in ac_elec_yr)
------------------------------------------------------------------------------
             |               Robust
      countk | Coefficient  std. err.      t    P>|t|     [95% conf. interval]
-------------+----------------------------------------------------------------
     1.post_ |          0  (omitted)
     1.treat |          0  (omitted)
1.downup_a~p |  -.3903186   2.673073    -0.15   0.884     -5.63058    4.849943
wind_direc~n |  -.4210635   .0283279   -14.86   0.000    -.4765973   -.3655298
av_wind_sp~d |   363.8205   17.68318    20.57   0.000     329.1546    398.4864
             |
 post_#treat |
        1 1  |   5.074419    6.62495     0.77   0.444    -7.913056    18.06189
             |
       post_#|
downup_ac_~p |
        1 1  |  -1.511056   3.459733    -0.44   0.662    -8.293477    5.271366
             |
       treat#|
downup_ac_~p |
        1 1  |   2.581677   5.081919     0.51   0.611    -7.380858    12.54421
             |
 post_#treat#|
downup_ac_~p |
      1 1 1  |   3.791474    7.45917     0.51   0.611     -10.8314    18.41435
------------------------------------------------------------------------------

added scalar:
              e(ymean) =  120.68671

added scalar:
             e(ymean2) =  121.71761

added scalar:
                e(acq) =  600

added scalar:
              e(fe_id) =  10

added scalar:
          e(n_treated) =  3965599

added scalar:
          e(n_control) =  13308960

added macro:
               e(smpl) : "Rural"

added macro:
             e(fespec) : "unique_small_grid_id_cohort monthyearco province_coho
> rt#election_year#yeargov"

added macro:
                e(mod) : "downup_ac_pop"

added macro:
           e(controls) : "never"
(saving evreg1)
(file /users/aquisper/proj_bureaucrats_farms/code/_stacked_downup_replication/.
> ./../tables/exploratory_analysis/politician_original_controls_fe_sweep/politi
> cian_original_fe10_controls_never_did_interaction_rural_acpop_all.ster saved)
DID controls=never FE=11/32: unique_small_grid_id_cohort province_cohort#c.mont
> hyear yeargov
(MWFE estimator converged in 20 iterations)

HDFE linear regression with Julia                 Number of obs   = 17,274,559
Absorbing 3 HDFE groups                           F(   8,   5589) =     105.05
Statistics cluster-robust                         Prob > F        =     0.0000
                                                  R-squared       =     0.1076
                                                  Adj R-squared   =     0.0999
Number of clusters (ac_elec_yr) =       5590      Within R-sq.    =     0.0089
                                                  Root MSE        =  1119.4212

                         (Std. err. adjusted for 5,590 clusters in ac_elec_yr)
------------------------------------------------------------------------------
             |               Robust
      countk | Coefficient  std. err.      t    P>|t|     [95% conf. interval]
-------------+----------------------------------------------------------------
     1.post_ |  -11.30724   5.409686    -2.09   0.037    -21.91232   -.7021504
     1.treat |          0  (omitted)
1.downup_a~p |   4.286137   2.714565     1.58   0.114    -1.035465    9.607738
wind_direc~n |  -1.027614   .0388327   -26.46   0.000    -1.103742   -.9514873
av_wind_sp~d |   121.6178   5.321694    22.85   0.000     111.1852    132.0504
             |
 post_#treat |
        1 1  |   24.65247    6.53809     3.77   0.000     11.83527    37.46966
             |
       post_#|
downup_ac_~p |
        1 1  |  -2.348882    3.49535    -0.67   0.502    -9.201125    4.503361
             |
       treat#|
downup_ac_~p |
        1 1  |  -.8844083   4.873853    -0.18   0.856    -10.43905    8.670236
             |
 post_#treat#|
downup_ac_~p |
      1 1 1  |   2.540972   6.931623     0.37   0.714     -11.0477    16.12965
------------------------------------------------------------------------------

added scalar:
              e(ymean) =  120.68671

added scalar:
             e(ymean2) =  121.71761

added scalar:
                e(acq) =  600

added scalar:
              e(fe_id) =  11

added scalar:
          e(n_treated) =  3965599

added scalar:
          e(n_control) =  13308960

added macro:
               e(smpl) : "Rural"

added macro:
             e(fespec) : "unique_small_grid_id_cohort province_cohort#c.monthye
> ar yeargov"

added macro:
                e(mod) : "downup_ac_pop"

added macro:
           e(controls) : "never"
(saving evreg1)
(file /users/aquisper/proj_bureaucrats_farms/code/_stacked_downup_replication/.
> ./../tables/exploratory_analysis/politician_original_controls_fe_sweep/politi
> cian_original_fe11_controls_never_did_interaction_rural_acpop_all.ster saved)
DID controls=never FE=12/32: unique_small_grid_id_cohort province_cohort#c.mont
> hyear province_cohort#election_year
(MWFE estimator converged in 23 iterations)

HDFE linear regression with Julia                 Number of obs   = 17,274,559
Absorbing 3 HDFE groups                           F(   8,   5589) =     102.15
Statistics cluster-robust                         Prob > F        =     0.0000
                                                  R-squared       =     0.1082
                                                  Adj R-squared   =     0.1005
Number of clusters (ac_elec_yr) =       5590      Within R-sq.    =     0.0086
                                                  Root MSE        =  1119.0381

                         (Std. err. adjusted for 5,590 clusters in ac_elec_yr)
------------------------------------------------------------------------------
             |               Robust
      countk | Coefficient  std. err.      t    P>|t|     [95% conf. interval]
-------------+----------------------------------------------------------------
     1.post_ |  -24.99541    8.04026    -3.11   0.002    -40.75744   -9.233373
     1.treat |          0  (omitted)
1.downup_a~p |   4.327487   2.714909     1.59   0.111    -.9947885    9.649763
wind_direc~n |  -1.014718   .0390411   -25.99   0.000    -1.091253    -.938182
av_wind_sp~d |   122.6169    5.35461    22.90   0.000     112.1198     133.114
             |
 post_#treat |
        1 1  |   7.647393   6.349363     1.20   0.228    -4.799825    20.09461
             |
       post_#|
downup_ac_~p |
        1 1  |  -2.708161   3.489054    -0.78   0.438    -9.548062     4.13174
             |
       treat#|
downup_ac_~p |
        1 1  |  -.8497879    4.86685    -0.17   0.861    -10.39071     8.69113
             |
 post_#treat#|
downup_ac_~p |
      1 1 1  |   2.587217   6.915402     0.37   0.708    -10.96966    16.14409
------------------------------------------------------------------------------

added scalar:
              e(ymean) =  120.68671

added scalar:
             e(ymean2) =  121.71761

added scalar:
                e(acq) =  600

added scalar:
              e(fe_id) =  12

added scalar:
          e(n_treated) =  3965599

added scalar:
          e(n_control) =  13308960

added macro:
               e(smpl) : "Rural"

added macro:
             e(fespec) : "unique_small_grid_id_cohort province_cohort#c.monthye
> ar province_cohort#election_year"

added macro:
                e(mod) : "downup_ac_pop"

added macro:
           e(controls) : "never"
(saving evreg1)
(file /users/aquisper/proj_bureaucrats_farms/code/_stacked_downup_replication/.
> ./../tables/exploratory_analysis/politician_original_controls_fe_sweep/politi
> cian_original_fe12_controls_never_did_interaction_rural_acpop_all.ster saved)
DID controls=never FE=13/32: unique_small_grid_id_cohort province_cohort#c.mont
> hyear province_cohort#election_year#yeargov
(MWFE estimator converged in 19 iterations)

HDFE linear regression with Julia                 Number of obs   = 17,274,559
Absorbing 3 HDFE groups                           F(   8,   5589) =      96.03
Statistics cluster-robust                         Prob > F        =     0.0000
                                                  R-squared       =     0.1107
                                                  Adj R-squared   =     0.1030
Number of clusters (ac_elec_yr) =       5590      Within R-sq.    =     0.0089
                                                  Root MSE        =  1117.5171

                         (Std. err. adjusted for 5,590 clusters in ac_elec_yr)
------------------------------------------------------------------------------
             |               Robust
      countk | Coefficient  std. err.      t    P>|t|     [95% conf. interval]
-------------+----------------------------------------------------------------
     1.post_ |  -131.9427   28.45719    -4.64   0.000    -187.7298   -76.15556
     1.treat |          0  (omitted)
1.downup_a~p |    4.61953    2.72507     1.70   0.090    -.7226656    9.961726
wind_direc~n |  -1.061839   .0410659   -25.86   0.000    -1.142344   -.9813335
av_wind_sp~d |   128.8767   6.104116    21.11   0.000     116.9102    140.8431
             |
 post_#treat |
        1 1  |   7.263783   6.362144     1.14   0.254     -5.20849    19.73606
             |
       post_#|
downup_ac_~p |
        1 1  |  -3.396436   3.532072    -0.96   0.336    -10.32067    3.527797
             |
       treat#|
downup_ac_~p |
        1 1  |   -.904516   4.891831    -0.18   0.853    -10.49441    8.685373
             |
 post_#treat#|
downup_ac_~p |
      1 1 1  |   3.249636   6.959386     0.47   0.641    -10.39346    16.89274
------------------------------------------------------------------------------

added scalar:
              e(ymean) =  120.68671

added scalar:
             e(ymean2) =  121.71761

added scalar:
                e(acq) =  600

added scalar:
              e(fe_id) =  13

added scalar:
          e(n_treated) =  3965599

added scalar:
          e(n_control) =  13308960

added macro:
               e(smpl) : "Rural"

added macro:
             e(fespec) : "unique_small_grid_id_cohort province_cohort#c.monthye
> ar province_cohort#election_year#yeargov"

added macro:
                e(mod) : "downup_ac_pop"

added macro:
           e(controls) : "never"
(saving evreg1)
(file /users/aquisper/proj_bureaucrats_farms/code/_stacked_downup_replication/.
> ./../tables/exploratory_analysis/politician_original_controls_fe_sweep/politi
> cian_original_fe13_controls_never_did_interaction_rural_acpop_all.ster saved)
DID controls=never FE=14/32: unique_small_grid_id_cohort yeargov province_cohor
> t#election_year
(MWFE estimator converged in 11 iterations)

HDFE linear regression with Julia                 Number of obs   = 17,274,559
Absorbing 3 HDFE groups                           F(   8,   5589) =     102.18
Statistics cluster-robust                         Prob > F        =     0.0000
                                                  R-squared       =     0.1082
                                                  Adj R-squared   =     0.1005
Number of clusters (ac_elec_yr) =       5590      Within R-sq.    =     0.0086
                                                  Root MSE        =  1119.0381

                         (Std. err. adjusted for 5,590 clusters in ac_elec_yr)
------------------------------------------------------------------------------
             |               Robust
      countk | Coefficient  std. err.      t    P>|t|     [95% conf. interval]
-------------+----------------------------------------------------------------
     1.post_ |  -12.92574   6.522566    -1.98   0.048     -25.7125   -.1389722
     1.treat |          0  (omitted)
1.downup_a~p |   4.356658   2.716482     1.60   0.109    -.9687029    9.682019
wind_direc~n |  -1.014753   .0390371   -25.99   0.000    -1.091281   -.9382253
av_wind_sp~d |   121.4432   5.288372    22.96   0.000      111.076    131.8105
             |
 post_#treat |
        1 1  |   7.583832   6.348492     1.19   0.232    -4.861679    20.02934
             |
       post_#|
downup_ac_~p |
        1 1  |  -2.822249   3.490667    -0.81   0.419    -9.665312    4.020815
             |
       treat#|
downup_ac_~p |
        1 1  |  -.9198854   4.868327    -0.19   0.850     -10.4637    8.623927
             |
 post_#treat#|
downup_ac_~p |
      1 1 1  |   2.723263   6.915589     0.39   0.694    -10.83398     16.2805
------------------------------------------------------------------------------

added scalar:
              e(ymean) =  120.68671

added scalar:
             e(ymean2) =  121.71761

added scalar:
                e(acq) =  600

added scalar:
              e(fe_id) =  14

added scalar:
          e(n_treated) =  3965599

added scalar:
          e(n_control) =  13308960

added macro:
               e(smpl) : "Rural"

added macro:
             e(fespec) : "unique_small_grid_id_cohort yeargov province_cohort#e
> lection_year"

added macro:
                e(mod) : "downup_ac_pop"

added macro:
           e(controls) : "never"
(saving evreg1)
(file /users/aquisper/proj_bureaucrats_farms/code/_stacked_downup_replication/.
> ./../tables/exploratory_analysis/politician_original_controls_fe_sweep/politi
> cian_original_fe14_controls_never_did_interaction_rural_acpop_all.ster saved)
DID controls=never FE=15/32: unique_small_grid_id_cohort yeargov province_cohor
> t#election_year#yeargov
(MWFE estimator converged in 11 iterations)

HDFE linear regression with Julia                 Number of obs   = 17,274,559
Absorbing 3 HDFE groups                           F(   8,   5589) =     101.67
Statistics cluster-robust                         Prob > F        =     0.0000
                                                  R-squared       =     0.1107
                                                  Adj R-squared   =     0.1030
Number of clusters (ac_elec_yr) =       5590      Within R-sq.    =     0.0089
                                                  Root MSE        =  1117.5043

                         (Std. err. adjusted for 5,590 clusters in ac_elec_yr)
------------------------------------------------------------------------------
             |               Robust
      countk | Coefficient  std. err.      t    P>|t|     [95% conf. interval]
-------------+----------------------------------------------------------------
     1.post_ |   -119.107   26.29338    -4.53   0.000    -170.6522   -67.56174
     1.treat |          0  (omitted)
1.downup_a~p |   4.168922    2.71002     1.54   0.124     -1.14377    9.481614
wind_direc~n |  -1.029369   .0395928   -26.00   0.000    -1.106986   -.9517515
av_wind_sp~d |   125.8281   5.426994    23.19   0.000     115.1891    136.4671
             |
 post_#treat |
        1 1  |   7.768699   6.351725     1.22   0.221    -4.683148    20.22055
             |
       post_#|
downup_ac_~p |
        1 1  |  -2.457765   3.490372    -0.70   0.481     -9.30025    4.384721
             |
       treat#|
downup_ac_~p |
        1 1  |  -.6482676   4.857011    -0.13   0.894     -10.1699    8.873362
             |
 post_#treat#|
downup_ac_~p |
      1 1 1  |   2.302177   6.916521     0.33   0.739    -11.25689    15.86125
------------------------------------------------------------------------------

added scalar:
              e(ymean) =  120.68671

added scalar:
             e(ymean2) =  121.71761

added scalar:
                e(acq) =  600

added scalar:
              e(fe_id) =  15

added scalar:
          e(n_treated) =  3965599

added scalar:
          e(n_control) =  13308960

added macro:
               e(smpl) : "Rural"

added macro:
             e(fespec) : "unique_small_grid_id_cohort yeargov province_cohort#e
> lection_year#yeargov"

added macro:
                e(mod) : "downup_ac_pop"

added macro:
           e(controls) : "never"
(saving evreg1)
(file /users/aquisper/proj_bureaucrats_farms/code/_stacked_downup_replication/.
> ./../tables/exploratory_analysis/politician_original_controls_fe_sweep/politi
> cian_original_fe15_controls_never_did_interaction_rural_acpop_all.ster saved)
DID controls=never FE=16/32: unique_small_grid_id_cohort province_cohort#electi
> on_year province_cohort#election_year#yeargov
(MWFE estimator converged in 9 iterations)

HDFE linear regression with Julia                 Number of obs   = 17,274,559
Absorbing 3 HDFE groups                           F(   8,   5589) =     101.66
Statistics cluster-robust                         Prob > F        =     0.0000
                                                  R-squared       =     0.1107
                                                  Adj R-squared   =     0.1030
Number of clusters (ac_elec_yr) =       5590      Within R-sq.    =     0.0089
                                                  Root MSE        =  1117.5069

                         (Std. err. adjusted for 5,590 clusters in ac_elec_yr)
------------------------------------------------------------------------------
             |               Robust
      countk | Coefficient  std. err.      t    P>|t|     [95% conf. interval]
-------------+----------------------------------------------------------------
     1.post_ |   -119.107   26.29344    -4.53   0.000    -170.6523   -67.56162
     1.treat |          0  (omitted)
1.downup_a~p |   4.168922   2.710026     1.54   0.124    -1.143782    9.481626
wind_direc~n |  -1.029369   .0395929   -26.00   0.000    -1.106986   -.9517513
av_wind_sp~d |   125.8281   5.427007    23.19   0.000      115.189    136.4671
             |
 post_#treat |
        1 1  |   7.768699   6.351741     1.22   0.221    -4.683182    20.22058
             |
       post_#|
downup_ac_~p |
        1 1  |  -2.457765    3.49038    -0.70   0.481    -9.300266    4.384736
             |
       treat#|
downup_ac_~p |
        1 1  |  -.6482676   4.857022    -0.13   0.894    -10.16992    8.873383
             |
 post_#treat#|
downup_ac_~p |
      1 1 1  |   2.302177   6.916535     0.33   0.739    -11.25692    15.86127
------------------------------------------------------------------------------

added scalar:
              e(ymean) =  120.68671

added scalar:
             e(ymean2) =  121.71761

added scalar:
                e(acq) =  600

added scalar:
              e(fe_id) =  16

added scalar:
          e(n_treated) =  3965599

added scalar:
          e(n_control) =  13308960

added macro:
               e(smpl) : "Rural"

added macro:
             e(fespec) : "unique_small_grid_id_cohort province_cohort#election_
> year province_cohort#election_year#yeargov"

added macro:
                e(mod) : "downup_ac_pop"

added macro:
           e(controls) : "never"
(saving evreg1)
(file /users/aquisper/proj_bureaucrats_farms/code/_stacked_downup_replication/.
> ./../tables/exploratory_analysis/politician_original_controls_fe_sweep/politi
> cian_original_fe16_controls_never_did_interaction_rural_acpop_all.ster saved)
DID controls=never FE=17/32: unique_small_grid_id_cohort monthyearco province_c
> ohort#c.monthyear yeargov
(MWFE estimator converged in 34 iterations)

HDFE linear regression with Julia                 Number of obs   = 17,274,559
Absorbing 4 HDFE groups                           F(   7,   5589) =      68.56
Statistics cluster-robust                         Prob > F        =     0.0000
                                                  R-squared       =     0.1816
                                                  Adj R-squared   =     0.1745
Number of clusters (ac_elec_yr) =       5590      Within R-sq.    =     0.0076
                                                  Root MSE        =  1072.0724

                         (Std. err. adjusted for 5,590 clusters in ac_elec_yr)
------------------------------------------------------------------------------
             |               Robust
      countk | Coefficient  std. err.      t    P>|t|     [95% conf. interval]
-------------+----------------------------------------------------------------
     1.post_ |          0  (omitted)
     1.treat |          0  (omitted)
1.downup_a~p |  -.2767413   2.676396    -0.10   0.918    -5.523517    4.970034
wind_direc~n |  -.4913231   .0287683   -17.08   0.000    -.5477201    -.434926
av_wind_sp~d |   366.9763   17.61324    20.84   0.000     332.4475    401.5051
             |
 post_#treat |
        1 1  |   29.69535   7.032068     4.22   0.000     15.90976    43.48093
             |
       post_#|
downup_ac_~p |
        1 1  |  -1.345285   3.470023    -0.39   0.698    -8.147879    5.457309
             |
       treat#|
downup_ac_~p |
        1 1  |   3.315928   5.095976     0.65   0.515    -6.674165    13.30602
             |
 post_#treat#|
downup_ac_~p |
      1 1 1  |   3.601506   7.415197     0.49   0.627    -10.93516    18.13817
------------------------------------------------------------------------------

added scalar:
              e(ymean) =  120.68671

added scalar:
             e(ymean2) =  121.71761

added scalar:
                e(acq) =  600

added scalar:
              e(fe_id) =  17

added scalar:
          e(n_treated) =  3965599

added scalar:
          e(n_control) =  13308960

added macro:
               e(smpl) : "Rural"

added macro:
             e(fespec) : "unique_small_grid_id_cohort monthyearco province_coho
> rt#c.monthyear yeargov"

added macro:
                e(mod) : "downup_ac_pop"

added macro:
           e(controls) : "never"
(saving evreg1)
(file /users/aquisper/proj_bureaucrats_farms/code/_stacked_downup_replication/.
> ./../tables/exploratory_analysis/politician_original_controls_fe_sweep/politi
> cian_original_fe17_controls_never_did_interaction_rural_acpop_all.ster saved)
DID controls=never FE=18/32: unique_small_grid_id_cohort monthyearco province_c
> ohort#c.monthyear province_cohort#election_year
(MWFE estimator converged in 92 iterations)

HDFE linear regression with Julia                 Number of obs   = 17,274,559
Absorbing 4 HDFE groups                           F(   7,   5589) =      66.47
Statistics cluster-robust                         Prob > F        =     0.0000
                                                  R-squared       =     0.1823
                                                  Adj R-squared   =     0.1752
Number of clusters (ac_elec_yr) =       5590      Within R-sq.    =     0.0074
                                                  Root MSE        =  1071.6161

                         (Std. err. adjusted for 5,590 clusters in ac_elec_yr)
------------------------------------------------------------------------------
             |               Robust
      countk | Coefficient  std. err.      t    P>|t|     [95% conf. interval]
-------------+----------------------------------------------------------------
     1.post_ |          0  (omitted)
     1.treat |          0  (omitted)
1.downup_a~p |  -.2500723   2.676787    -0.09   0.926    -5.497615     4.99747
wind_direc~n |  -.4636594   .0283754   -16.34   0.000    -.5192863   -.4080325
av_wind_sp~d |   364.1228   17.60348    20.68   0.000     329.6131    398.6325
             |
 post_#treat |
        1 1  |   5.142706   6.601592     0.78   0.436     -7.79898    18.08439
             |
       post_#|
downup_ac_~p |
        1 1  |  -1.825615   3.462838    -0.53   0.598    -8.614123    4.962893
             |
       treat#|
downup_ac_~p |
        1 1  |    3.38386   5.085201     0.67   0.506    -6.585111    13.35283
             |
 post_#treat#|
downup_ac_~p |
      1 1 1  |    3.66394   7.393553     0.50   0.620     -10.8303    18.15818
------------------------------------------------------------------------------

added scalar:
              e(ymean) =  120.68671

added scalar:
             e(ymean2) =  121.71761

added scalar:
                e(acq) =  600

added scalar:
              e(fe_id) =  18

added scalar:
          e(n_treated) =  3965599

added scalar:
          e(n_control) =  13308960

added macro:
               e(smpl) : "Rural"

added macro:
             e(fespec) : "unique_small_grid_id_cohort monthyearco province_coho
> rt#c.monthyear province_cohort#election_year"

added macro:
                e(mod) : "downup_ac_pop"

added macro:
           e(controls) : "never"
(saving evreg1)
(file /users/aquisper/proj_bureaucrats_farms/code/_stacked_downup_replication/.
> ./../tables/exploratory_analysis/politician_original_controls_fe_sweep/politi
> cian_original_fe18_controls_never_did_interaction_rural_acpop_all.ster saved)
DID controls=never FE=19/32: unique_small_grid_id_cohort monthyearco province_c
> ohort#c.monthyear province_cohort#election_year#yeargov
(MWFE estimator converged in 250 iterations)

HDFE linear regression with Julia                 Number of obs   = 17,274,559
Absorbing 4 HDFE groups                           F(   7,   5589) =      64.61
Statistics cluster-robust                         Prob > F        =     0.0000
                                                  R-squared       =     0.1867
                                                  Adj R-squared   =     0.1796
Number of clusters (ac_elec_yr) =       5590      Within R-sq.    =     0.0072
                                                  Root MSE        =  1068.7194

                         (Std. err. adjusted for 5,590 clusters in ac_elec_yr)
------------------------------------------------------------------------------
             |               Robust
      countk | Coefficient  std. err.      t    P>|t|     [95% conf. interval]
-------------+----------------------------------------------------------------
     1.post_ |          0  (omitted)
     1.treat |          0  (omitted)
1.downup_a~p |   -.390654   2.673069    -0.15   0.884    -5.630907    4.849599
wind_direc~n |  -.4210306   .0283271   -14.86   0.000    -.4765627   -.3654985
av_wind_sp~d |   363.8238   17.68337    20.57   0.000     329.1576    398.4901
             |
 post_#treat |
        1 1  |   5.076536   6.624907     0.77   0.444    -7.910855    18.06393
             |
       post_#|
downup_ac_~p |
        1 1  |  -1.510874   3.459727    -0.44   0.662    -8.293283    5.271536
             |
       treat#|
downup_ac_~p |
        1 1  |   2.582269    5.08187     0.51   0.611     -7.38017    12.54471
             |
 post_#treat#|
downup_ac_~p |
      1 1 1  |   3.790931    7.45911     0.51   0.611    -10.83182    18.41368
------------------------------------------------------------------------------

added scalar:
              e(ymean) =  120.68671

added scalar:
             e(ymean2) =  121.71761

added scalar:
                e(acq) =  600

added scalar:
              e(fe_id) =  19

added scalar:
          e(n_treated) =  3965599

added scalar:
          e(n_control) =  13308960

added macro:
               e(smpl) : "Rural"

added macro:
             e(fespec) : "unique_small_grid_id_cohort monthyearco province_coho
> rt#c.monthyear province_cohort#election_year#yeargov"

added macro:
                e(mod) : "downup_ac_pop"

added macro:
           e(controls) : "never"
(saving evreg1)
(file /users/aquisper/proj_bureaucrats_farms/code/_stacked_downup_replication/.
> ./../tables/exploratory_analysis/politician_original_controls_fe_sweep/politi
> cian_original_fe19_controls_never_did_interaction_rural_acpop_all.ster saved)
DID controls=never FE=20/32: unique_small_grid_id_cohort monthyearco yeargov pr
> ovince_cohort#election_year
(MWFE estimator converged in 47 iterations)

HDFE linear regression with Julia                 Number of obs   = 17,274,559
Absorbing 4 HDFE groups                           F(   7,   5589) =      65.54
Statistics cluster-robust                         Prob > F        =     0.0000
                                                  R-squared       =     0.1839
                                                  Adj R-squared   =     0.1768
Number of clusters (ac_elec_yr) =       5590      Within R-sq.    =     0.0075
                                                  Root MSE        =  1070.5384

                         (Std. err. adjusted for 5,590 clusters in ac_elec_yr)
------------------------------------------------------------------------------
             |               Robust
      countk | Coefficient  std. err.      t    P>|t|     [95% conf. interval]
-------------+----------------------------------------------------------------
     1.post_ |          0  (omitted)
     1.treat |          0  (omitted)
1.downup_a~p |  -.2971415   2.671814    -0.11   0.911    -5.534936    4.940653
wind_direc~n |  -.4413584   .0284548   -15.51   0.000    -.4971408    -.385576
av_wind_sp~d |   369.7904   17.88384    20.68   0.000     334.7312    404.8497
             |
 post_#treat |
        1 1  |   4.842733   6.627581     0.73   0.465    -8.149901    17.83537
             |
       post_#|
downup_ac_~p |
        1 1  |  -1.857851   3.452717    -0.54   0.591    -8.626518    4.910816
             |
       treat#|
downup_ac_~p |
        1 1  |   2.543214   5.113296     0.50   0.619    -7.480833    12.56726
             |
 post_#treat#|
downup_ac_~p |
      1 1 1  |   4.154695   7.460305     0.56   0.578     -10.4704    18.77979
------------------------------------------------------------------------------

added scalar:
              e(ymean) =  120.68671

added scalar:
             e(ymean2) =  121.71761

added scalar:
                e(acq) =  600

added scalar:
              e(fe_id) =  20

added scalar:
          e(n_treated) =  3965599

added scalar:
          e(n_control) =  13308960

added macro:
               e(smpl) : "Rural"

added macro:
             e(fespec) : "unique_small_grid_id_cohort monthyearco yeargov provi
> nce_cohort#election_year"

added macro:
                e(mod) : "downup_ac_pop"

added macro:
           e(controls) : "never"
(saving evreg1)
(file /users/aquisper/proj_bureaucrats_farms/code/_stacked_downup_replication/.
> ./../tables/exploratory_analysis/politician_original_controls_fe_sweep/politi
> cian_original_fe20_controls_never_did_interaction_rural_acpop_all.ster saved)
DID controls=never FE=21/32: unique_small_grid_id_cohort monthyearco yeargov pr
> ovince_cohort#election_year#yeargov
(MWFE estimator converged in 134 iterations)

HDFE linear regression with Julia                 Number of obs   = 17,274,559
Absorbing 4 HDFE groups                           F(   7,   5589) =      64.61
Statistics cluster-robust                         Prob > F        =     0.0000
                                                  R-squared       =     0.1867
                                                  Adj R-squared   =     0.1796
Number of clusters (ac_elec_yr) =       5590      Within R-sq.    =     0.0072
                                                  Root MSE        =  1068.7192

                         (Std. err. adjusted for 5,590 clusters in ac_elec_yr)
------------------------------------------------------------------------------
             |               Robust
      countk | Coefficient  std. err.      t    P>|t|     [95% conf. interval]
-------------+----------------------------------------------------------------
     1.post_ |          0  (omitted)
     1.treat |          0  (omitted)
1.downup_a~p |  -.3903074   2.673077    -0.15   0.884    -5.630576    4.849961
wind_direc~n |  -.4210636    .028328   -14.86   0.000    -.4765975   -.3655297
av_wind_sp~d |   363.8205   17.68319    20.57   0.000     329.1545    398.4864
             |
 post_#treat |
        1 1  |   5.074433   6.624981     0.77   0.444    -7.913103    18.06197
             |
       post_#|
downup_ac_~p |
        1 1  |  -1.511081    3.45974    -0.44   0.662    -8.293517    5.271354
             |
       treat#|
downup_ac_~p |
        1 1  |   2.581699   5.081918     0.51   0.611    -7.380835    12.54423
             |
 post_#treat#|
downup_ac_~p |
      1 1 1  |   3.791473   7.459168     0.51   0.611    -10.83139    18.41434
------------------------------------------------------------------------------

added scalar:
              e(ymean) =  120.68671

added scalar:
             e(ymean2) =  121.71761

added scalar:
                e(acq) =  600

added scalar:
              e(fe_id) =  21

added scalar:
          e(n_treated) =  3965599

added scalar:
          e(n_control) =  13308960

added macro:
               e(smpl) : "Rural"

added macro:
             e(fespec) : "unique_small_grid_id_cohort monthyearco yeargov provi
> nce_cohort#election_year#yeargov"

added macro:
                e(mod) : "downup_ac_pop"

added macro:
           e(controls) : "never"
(saving evreg1)
(file /users/aquisper/proj_bureaucrats_farms/code/_stacked_downup_replication/.
> ./../tables/exploratory_analysis/politician_original_controls_fe_sweep/politi
> cian_original_fe21_controls_never_did_interaction_rural_acpop_all.ster saved)
DID controls=never FE=22/32: unique_small_grid_id_cohort monthyearco province_c
> ohort#election_year province_cohort#election_year#yeargov
(MWFE estimator converged in 133 iterations)

HDFE linear regression with Julia                 Number of obs   = 17,274,559
Absorbing 4 HDFE groups                           F(   7,   5589) =      64.61
Statistics cluster-robust                         Prob > F        =     0.0000
                                                  R-squared       =     0.1867
                                                  Adj R-squared   =     0.1796
Number of clusters (ac_elec_yr) =       5590      Within R-sq.    =     0.0072
                                                  Root MSE        =  1068.7217

                         (Std. err. adjusted for 5,590 clusters in ac_elec_yr)
------------------------------------------------------------------------------
             |               Robust
      countk | Coefficient  std. err.      t    P>|t|     [95% conf. interval]
-------------+----------------------------------------------------------------
     1.post_ |          0  (omitted)
     1.treat |          0  (omitted)
1.downup_a~p |  -.3903038   2.673073    -0.15   0.884    -5.630566    4.849959
wind_direc~n |  -.4210636   .0283281   -14.86   0.000    -.4765977   -.3655294
av_wind_sp~d |   363.8205   17.68326    20.57   0.000     329.1544    398.4865
             |
 post_#treat |
        1 1  |   5.074429   6.624988     0.77   0.444    -7.913121    18.06198
             |
       post_#|
downup_ac_~p |
        1 1  |  -1.511074   3.459731    -0.44   0.662    -8.293491    5.271343
             |
       treat#|
downup_ac_~p |
        1 1  |   2.581671   5.081924     0.51   0.611    -7.380874    12.54422
             |
 post_#treat#|
downup_ac_~p |
      1 1 1  |   3.791489   7.459198     0.51   0.611    -10.83144    18.41441
------------------------------------------------------------------------------

added scalar:
              e(ymean) =  120.68671

added scalar:
             e(ymean2) =  121.71761

added scalar:
                e(acq) =  600

added scalar:
              e(fe_id) =  22

added scalar:
          e(n_treated) =  3965599

added scalar:
          e(n_control) =  13308960

added macro:
               e(smpl) : "Rural"

added macro:
             e(fespec) : "unique_small_grid_id_cohort monthyearco province_coho
> rt#election_year province_cohort#election_year#yeargov"

added macro:
                e(mod) : "downup_ac_pop"

added macro:
           e(controls) : "never"
(saving evreg1)
(file /users/aquisper/proj_bureaucrats_farms/code/_stacked_downup_replication/.
> ./../tables/exploratory_analysis/politician_original_controls_fe_sweep/politi
> cian_original_fe22_controls_never_did_interaction_rural_acpop_all.ster saved)
DID controls=never FE=23/32: unique_small_grid_id_cohort province_cohort#c.mont
> hyear yeargov province_cohort#election_year
(MWFE estimator converged in 52 iterations)

HDFE linear regression with Julia                 Number of obs   = 17,274,559
Absorbing 4 HDFE groups                           F(   8,   5589) =      96.43
Statistics cluster-robust                         Prob > F        =     0.0000
                                                  R-squared       =     0.1084
                                                  Adj R-squared   =     0.1007
Number of clusters (ac_elec_yr) =       5590      Within R-sq.    =     0.0087
                                                  Root MSE        =  1118.9401

                         (Std. err. adjusted for 5,590 clusters in ac_elec_yr)
------------------------------------------------------------------------------
             |               Robust
      countk | Coefficient  std. err.      t    P>|t|     [95% conf. interval]
-------------+----------------------------------------------------------------
     1.post_ |  -29.46189   8.261006    -3.57   0.000    -45.65667   -13.26711
     1.treat |          0  (omitted)
1.downup_a~p |   4.439379   2.713826     1.64   0.102    -.8807742    9.759531
wind_direc~n |  -1.018034   .0388999   -26.17   0.000    -1.094293   -.9417754
av_wind_sp~d |   126.1045   5.967728    21.13   0.000     114.4054    137.8035
             |
 post_#treat |
        1 1  |   7.546269   6.346813     1.19   0.234    -4.895951    19.98849
             |
       post_#|
downup_ac_~p |
        1 1  |  -2.929434   3.492916    -0.84   0.402    -9.776907    3.918038
             |
       treat#|
downup_ac_~p |
        1 1  |  -.7601788   4.869109    -0.16   0.876    -10.30552    8.785167
             |
 post_#treat#|
downup_ac_~p |
      1 1 1  |   2.726656   6.921807     0.39   0.694    -10.84277    16.29609
------------------------------------------------------------------------------

added scalar:
              e(ymean) =  120.68671

added scalar:
             e(ymean2) =  121.71761

added scalar:
                e(acq) =  600

added scalar:
              e(fe_id) =  23

added scalar:
          e(n_treated) =  3965599

added scalar:
          e(n_control) =  13308960

added macro:
               e(smpl) : "Rural"

added macro:
             e(fespec) : "unique_small_grid_id_cohort province_cohort#c.monthye
> ar yeargov province_cohort#election_year"

added macro:
                e(mod) : "downup_ac_pop"

added macro:
           e(controls) : "never"
(saving evreg1)
(file /users/aquisper/proj_bureaucrats_farms/code/_stacked_downup_replication/.
> ./../tables/exploratory_analysis/politician_original_controls_fe_sweep/politi
> cian_original_fe23_controls_never_did_interaction_rural_acpop_all.ster saved)
DID controls=never FE=24/32: unique_small_grid_id_cohort province_cohort#c.mont
> hyear yeargov province_cohort#election_year#yeargov
(MWFE estimator converged in 26 iterations)

HDFE linear regression with Julia                 Number of obs   = 17,274,559
Absorbing 4 HDFE groups                           F(   8,   5589) =      96.01
Statistics cluster-robust                         Prob > F        =     0.0000
                                                  R-squared       =     0.1107
                                                  Adj R-squared   =     0.1030
Number of clusters (ac_elec_yr) =       5590      Within R-sq.    =     0.0089
                                                  Root MSE        =  1117.5231

                         (Std. err. adjusted for 5,590 clusters in ac_elec_yr)
------------------------------------------------------------------------------
             |               Robust
      countk | Coefficient  std. err.      t    P>|t|     [95% conf. interval]
-------------+----------------------------------------------------------------
     1.post_ |  -129.8072   28.45373    -4.56   0.000    -185.5876   -74.02685
     1.treat |          0  (omitted)
1.downup_a~p |   4.807741   2.724014     1.76   0.078    -.5323843    10.14787
wind_direc~n |  -1.061152   .0411012   -25.82   0.000    -1.141727   -.9805781
av_wind_sp~d |   128.9183   6.109607    21.10   0.000     116.9411    140.8955
             |
 post_#treat |
        1 1  |   7.006385   6.362099     1.10   0.271    -5.465801    19.47857
             |
       post_#|
downup_ac_~p |
        1 1  |  -3.902526   3.537646    -1.10   0.270    -10.83769    3.032634
             |
       treat#|
downup_ac_~p |
        1 1  |  -1.066477   4.891677    -0.22   0.827    -10.65606    8.523109
             |
 post_#treat#|
downup_ac_~p |
      1 1 1  |     3.7451   6.962428     0.54   0.591    -9.903965    17.39416
------------------------------------------------------------------------------

added scalar:
              e(ymean) =  120.68671

added scalar:
             e(ymean2) =  121.71761

added scalar:
                e(acq) =  600

added scalar:
              e(fe_id) =  24

added scalar:
          e(n_treated) =  3965599

added scalar:
          e(n_control) =  13308960

added macro:
               e(smpl) : "Rural"

added macro:
             e(fespec) : "unique_small_grid_id_cohort province_cohort#c.monthye
> ar yeargov province_cohort#election_year#yeargov"

added macro:
                e(mod) : "downup_ac_pop"

added macro:
           e(controls) : "never"
(saving evreg1)
(file /users/aquisper/proj_bureaucrats_farms/code/_stacked_downup_replication/.
> ./../tables/exploratory_analysis/politician_original_controls_fe_sweep/politi
> cian_original_fe24_controls_never_did_interaction_rural_acpop_all.ster saved)
DID controls=never FE=25/32: unique_small_grid_id_cohort province_cohort#c.mont
> hyear province_cohort#election_year province_cohort#election_year#yeargov
(MWFE estimator converged in 20 iterations)

HDFE linear regression with Julia                 Number of obs   = 17,274,559
Absorbing 4 HDFE groups                           F(   8,   5589) =      96.11
Statistics cluster-robust                         Prob > F        =     0.0000
                                                  R-squared       =     0.1107
                                                  Adj R-squared   =     0.1030
Number of clusters (ac_elec_yr) =       5590      Within R-sq.    =     0.0089
                                                  Root MSE        =  1117.5204

                         (Std. err. adjusted for 5,590 clusters in ac_elec_yr)
------------------------------------------------------------------------------
             |               Robust
      countk | Coefficient  std. err.      t    P>|t|     [95% conf. interval]
-------------+----------------------------------------------------------------
     1.post_ |  -132.1246   28.44412    -4.65   0.000    -187.8862   -76.36311
     1.treat |          0  (omitted)
1.downup_a~p |    4.66254   2.724641     1.71   0.087    -.6788147    10.00389
wind_direc~n |  -1.061741    .041064   -25.86   0.000    -1.142243   -.9812398
av_wind_sp~d |   128.8784   6.103853    21.11   0.000     116.9125    140.8443
             |
 post_#treat |
        1 1  |    7.19933    6.36318     1.13   0.258    -5.274976    19.67364
             |
       post_#|
downup_ac_~p |
        1 1  |   -3.51765   3.537565    -0.99   0.320    -10.45265    3.417352
             |
       treat#|
downup_ac_~p |
        1 1  |  -.9485054   4.891879    -0.19   0.846    -10.53849    8.641478
             |
 post_#treat#|
downup_ac_~p |
      1 1 1  |   3.372001   6.961847     0.48   0.628    -10.27592    17.01993
------------------------------------------------------------------------------

added scalar:
              e(ymean) =  120.68671

added scalar:
             e(ymean2) =  121.71761

added scalar:
                e(acq) =  600

added scalar:
              e(fe_id) =  25

added scalar:
          e(n_treated) =  3965599

added scalar:
          e(n_control) =  13308960

added macro:
               e(smpl) : "Rural"

added macro:
             e(fespec) : "unique_small_grid_id_cohort province_cohort#c.monthye
> ar province_cohort#election_year province_cohort#election_year#yeargov"

added macro:
                e(mod) : "downup_ac_pop"

added macro:
           e(controls) : "never"
(saving evreg1)
(file /users/aquisper/proj_bureaucrats_farms/code/_stacked_downup_replication/.
> ./../tables/exploratory_analysis/politician_original_controls_fe_sweep/politi
> cian_original_fe25_controls_never_did_interaction_rural_acpop_all.ster saved)
DID controls=never FE=26/32: unique_small_grid_id_cohort yeargov province_cohor
> t#election_year province_cohort#election_year#yeargov
(MWFE estimator converged in 11 iterations)

HDFE linear regression with Julia                 Number of obs   = 17,274,559
Absorbing 4 HDFE groups                           F(   8,   5589) =     101.66
Statistics cluster-robust                         Prob > F        =     0.0000
                                                  R-squared       =     0.1107
                                                  Adj R-squared   =     0.1030
Number of clusters (ac_elec_yr) =       5590      Within R-sq.    =     0.0089
                                                  Root MSE        =  1117.5070

                         (Std. err. adjusted for 5,590 clusters in ac_elec_yr)
------------------------------------------------------------------------------
             |               Robust
      countk | Coefficient  std. err.      t    P>|t|     [95% conf. interval]
-------------+----------------------------------------------------------------
     1.post_ |   -119.107   26.29345    -4.53   0.000    -170.6523   -67.56161
     1.treat |          0  (omitted)
1.downup_a~p |   4.168922   2.710026     1.54   0.124    -1.143782    9.481626
wind_direc~n |  -1.029369   .0395929   -26.00   0.000    -1.106986   -.9517513
av_wind_sp~d |   125.8281   5.427007    23.19   0.000      115.189    136.4671
             |
 post_#treat |
        1 1  |   7.768699   6.351751     1.22   0.221      -4.6832     20.2206
             |
       post_#|
downup_ac_~p |
        1 1  |  -2.457765   3.490381    -0.70   0.481    -9.300267    4.384737
             |
       treat#|
downup_ac_~p |
        1 1  |  -.6482676   4.857024    -0.13   0.894    -10.16992    8.873387
             |
 post_#treat#|
downup_ac_~p |
      1 1 1  |   2.302177   6.916539     0.33   0.739    -11.25693    15.86128
------------------------------------------------------------------------------

added scalar:
              e(ymean) =  120.68671

added scalar:
             e(ymean2) =  121.71761

added scalar:
                e(acq) =  600

added scalar:
              e(fe_id) =  26

added scalar:
          e(n_treated) =  3965599

added scalar:
          e(n_control) =  13308960

added macro:
               e(smpl) : "Rural"

added macro:
             e(fespec) : "unique_small_grid_id_cohort yeargov province_cohort#e
> lection_year province_cohort#election_year#yeargov"

added macro:
                e(mod) : "downup_ac_pop"

added macro:
           e(controls) : "never"
(saving evreg1)
(file /users/aquisper/proj_bureaucrats_farms/code/_stacked_downup_replication/.
> ./../tables/exploratory_analysis/politician_original_controls_fe_sweep/politi
> cian_original_fe26_controls_never_did_interaction_rural_acpop_all.ster saved)
DID controls=never FE=27/32: unique_small_grid_id_cohort monthyearco province_c
> ohort#c.monthyear yeargov province_cohort#election_year
(MWFE estimator converged in 111 iterations)

HDFE linear regression with Julia                 Number of obs   = 17,274,559
Absorbing 5 HDFE groups                           F(   7,   5589) =      65.49
Statistics cluster-robust                         Prob > F        =     0.0000
                                                  R-squared       =     0.1839
                                                  Adj R-squared   =     0.1768
Number of clusters (ac_elec_yr) =       5590      Within R-sq.    =     0.0075
                                                  Root MSE        =  1070.5377

                         (Std. err. adjusted for 5,590 clusters in ac_elec_yr)
------------------------------------------------------------------------------
             |               Robust
      countk | Coefficient  std. err.      t    P>|t|     [95% conf. interval]
-------------+----------------------------------------------------------------
     1.post_ |          0  (omitted)
     1.treat |          0  (omitted)
1.downup_a~p |  -.2809555   2.671453    -0.11   0.916    -5.518042    4.956131
wind_direc~n |  -.4392754   .0284124   -15.46   0.000    -.4949746   -.3835761
av_wind_sp~d |   370.1483   17.90599    20.67   0.000     335.0456     405.251
             |
 post_#treat |
        1 1  |   4.827541   6.627943     0.73   0.466    -8.165802    17.82088
             |
       post_#|
downup_ac_~p |
        1 1  |  -1.889603   3.452577    -0.55   0.584    -8.657995    4.878789
             |
       treat#|
downup_ac_~p |
        1 1  |   2.533871   5.113479     0.50   0.620    -7.490535    12.55828
             |
 post_#treat#|
downup_ac_~p |
      1 1 1  |   4.189497   7.461245     0.56   0.574    -10.43744    18.81644
------------------------------------------------------------------------------

added scalar:
              e(ymean) =  120.68671

added scalar:
             e(ymean2) =  121.71761

added scalar:
                e(acq) =  600

added scalar:
              e(fe_id) =  27

added scalar:
          e(n_treated) =  3965599

added scalar:
          e(n_control) =  13308960

added macro:
               e(smpl) : "Rural"

added macro:
             e(fespec) : "unique_small_grid_id_cohort monthyearco province_coho
> rt#c.monthyear yeargov province_cohort#election_year"

added macro:
                e(mod) : "downup_ac_pop"

added macro:
           e(controls) : "never"
(saving evreg1)
(file /users/aquisper/proj_bureaucrats_farms/code/_stacked_downup_replication/.
> ./../tables/exploratory_analysis/politician_original_controls_fe_sweep/politi
> cian_original_fe27_controls_never_did_interaction_rural_acpop_all.ster saved)
DID controls=never FE=28/32: unique_small_grid_id_cohort monthyearco province_c
> ohort#c.monthyear yeargov province_cohort#election_year#yeargov
(MWFE estimator converged in 216 iterations)

HDFE linear regression with Julia                 Number of obs   = 17,274,559
Absorbing 5 HDFE groups                           F(   7,   5589) =      64.61
Statistics cluster-robust                         Prob > F        =     0.0000
                                                  R-squared       =     0.1867
                                                  Adj R-squared   =     0.1796
Number of clusters (ac_elec_yr) =       5590      Within R-sq.    =     0.0072
                                                  Root MSE        =  1068.7195

                         (Std. err. adjusted for 5,590 clusters in ac_elec_yr)
------------------------------------------------------------------------------
             |               Robust
      countk | Coefficient  std. err.      t    P>|t|     [95% conf. interval]
-------------+----------------------------------------------------------------
     1.post_ |          0  (omitted)
     1.treat |          0  (omitted)
1.downup_a~p |  -.3906448   2.673073    -0.15   0.884    -5.630907    4.849617
wind_direc~n |  -.4210307   .0283271   -14.86   0.000    -.4765628   -.3654986
av_wind_sp~d |   363.8238   17.68342    20.57   0.000     329.1575    398.4902
             |
 post_#treat |
        1 1  |   5.076564   6.624949     0.77   0.444    -7.910911    18.06404
             |
       post_#|
downup_ac_~p |
        1 1  |  -1.510895   3.459737    -0.44   0.662    -8.293323    5.271534
             |
       treat#|
downup_ac_~p |
        1 1  |   2.582289   5.081896     0.51   0.611    -7.380202    12.54478
             |
 post_#treat#|
downup_ac_~p |
      1 1 1  |   3.790926   7.459131     0.51   0.611    -10.83187    18.41372
------------------------------------------------------------------------------

added scalar:
              e(ymean) =  120.68671

added scalar:
             e(ymean2) =  121.71761

added scalar:
                e(acq) =  600

added scalar:
              e(fe_id) =  28

added scalar:
          e(n_treated) =  3965599

added scalar:
          e(n_control) =  13308960

added macro:
               e(smpl) : "Rural"

added macro:
             e(fespec) : "unique_small_grid_id_cohort monthyearco province_coho
> rt#c.monthyear yeargov province_cohort#election_year#yeargov"

added macro:
                e(mod) : "downup_ac_pop"

added macro:
           e(controls) : "never"
(saving evreg1)
(file /users/aquisper/proj_bureaucrats_farms/code/_stacked_downup_replication/.
> ./../tables/exploratory_analysis/politician_original_controls_fe_sweep/politi
> cian_original_fe28_controls_never_did_interaction_rural_acpop_all.ster saved)
DID controls=never FE=29/32: unique_small_grid_id_cohort monthyearco province_c
> ohort#c.monthyear province_cohort#election_year province_cohort#election_year
> #yeargov
(MWFE estimator converged in 140 iterations)

HDFE linear regression with Julia                 Number of obs   = 17,274,559
Absorbing 5 HDFE groups                           F(   7,   5589) =      64.61
Statistics cluster-robust                         Prob > F        =     0.0000
                                                  R-squared       =     0.1867
                                                  Adj R-squared   =     0.1796
Number of clusters (ac_elec_yr) =       5590      Within R-sq.    =     0.0072
                                                  Root MSE        =  1068.7221

                         (Std. err. adjusted for 5,590 clusters in ac_elec_yr)
------------------------------------------------------------------------------
             |               Robust
      countk | Coefficient  std. err.      t    P>|t|     [95% conf. interval]
-------------+----------------------------------------------------------------
     1.post_ |          0  (omitted)
     1.treat |          0  (omitted)
1.downup_a~p |  -.3905566   2.673075    -0.15   0.884    -5.630823     4.84971
wind_direc~n |  -.4210389   .0283274   -14.86   0.000    -.4765716   -.3655062
av_wind_sp~d |   363.8229    17.6834    20.57   0.000     329.1566    398.4893
             |
 post_#treat |
        1 1  |   5.075998   6.624916     0.77   0.444    -7.911411    18.06341
             |
       post_#|
downup_ac_~p |
        1 1  |  -1.510933   3.459735    -0.44   0.662    -8.293358    5.271491
             |
       treat#|
downup_ac_~p |
        1 1  |   2.582101   5.081919     0.51   0.611    -7.380434    12.54464
             |
 post_#treat#|
downup_ac_~p |
      1 1 1  |    3.79109   7.459155     0.51   0.611    -10.83175    18.41393
------------------------------------------------------------------------------

added scalar:
              e(ymean) =  120.68671

added scalar:
             e(ymean2) =  121.71761

added scalar:
                e(acq) =  600

added scalar:
              e(fe_id) =  29

added scalar:
          e(n_treated) =  3965599

added scalar:
          e(n_control) =  13308960

added macro:
               e(smpl) : "Rural"

added macro:
             e(fespec) : "unique_small_grid_id_cohort monthyearco province_coho
> rt#c.monthyear province_cohort#election_year province_cohort#election_year#ye
> argov"

added macro:
                e(mod) : "downup_ac_pop"

added macro:
           e(controls) : "never"
(saving evreg1)
(file /users/aquisper/proj_bureaucrats_farms/code/_stacked_downup_replication/.
> ./../tables/exploratory_analysis/politician_original_controls_fe_sweep/politi
> cian_original_fe29_controls_never_did_interaction_rural_acpop_all.ster saved)
DID controls=never FE=30/32: unique_small_grid_id_cohort monthyearco yeargov pr
> ovince_cohort#election_year province_cohort#election_year#yeargov
(MWFE estimator converged in 141 iterations)

HDFE linear regression with Julia                 Number of obs   = 17,274,559
Absorbing 5 HDFE groups                           F(   7,   5589) =      64.61
Statistics cluster-robust                         Prob > F        =     0.0000
                                                  R-squared       =     0.1867
                                                  Adj R-squared   =     0.1796
Number of clusters (ac_elec_yr) =       5590      Within R-sq.    =     0.0072
                                                  Root MSE        =  1068.7218

                         (Std. err. adjusted for 5,590 clusters in ac_elec_yr)
------------------------------------------------------------------------------
             |               Robust
      countk | Coefficient  std. err.      t    P>|t|     [95% conf. interval]
-------------+----------------------------------------------------------------
     1.post_ |          0  (omitted)
     1.treat |          0  (omitted)
1.downup_a~p |  -.3902888   2.673083    -0.15   0.884     -5.63057    4.849992
wind_direc~n |  -.4210636   .0283282   -14.86   0.000    -.4765978   -.3655294
av_wind_sp~d |   363.8205   17.68325    20.57   0.000     329.1544    398.4865
             |
 post_#treat |
        1 1  |   5.074437      6.625     0.77   0.444    -7.913138    18.06201
             |
       post_#|
downup_ac_~p |
        1 1  |  -1.511108   3.459744    -0.44   0.662    -8.293551    5.271335
             |
       treat#|
downup_ac_~p |
        1 1  |    2.58167   5.081929     0.51   0.611    -7.380886    12.54423
             |
 post_#treat#|
downup_ac_~p |
      1 1 1  |    3.79152   7.459223     0.51   0.611    -10.83146    18.41449
------------------------------------------------------------------------------

added scalar:
              e(ymean) =  120.68671

added scalar:
             e(ymean2) =  121.71761

added scalar:
                e(acq) =  600

added scalar:
              e(fe_id) =  30

added scalar:
          e(n_treated) =  3965599

added scalar:
          e(n_control) =  13308960

added macro:
               e(smpl) : "Rural"

added macro:
             e(fespec) : "unique_small_grid_id_cohort monthyearco yeargov provi
> nce_cohort#election_year province_cohort#election_year#yeargov"

added macro:
                e(mod) : "downup_ac_pop"

added macro:
           e(controls) : "never"
(saving evreg1)
(file /users/aquisper/proj_bureaucrats_farms/code/_stacked_downup_replication/.
> ./../tables/exploratory_analysis/politician_original_controls_fe_sweep/politi
> cian_original_fe30_controls_never_did_interaction_rural_acpop_all.ster saved)
DID controls=never FE=31/32: unique_small_grid_id_cohort province_cohort#c.mont
> hyear yeargov province_cohort#election_year province_cohort#election_year#yea
> rgov
(MWFE estimator converged in 28 iterations)

HDFE linear regression with Julia                 Number of obs   = 17,274,559
Absorbing 5 HDFE groups                           F(   8,   5589) =      96.08
Statistics cluster-robust                         Prob > F        =     0.0000
                                                  R-squared       =     0.1107
                                                  Adj R-squared   =     0.1030
Number of clusters (ac_elec_yr) =       5590      Within R-sq.    =     0.0089
                                                  Root MSE        =  1117.5216

                         (Std. err. adjusted for 5,590 clusters in ac_elec_yr)
------------------------------------------------------------------------------
             |               Robust
      countk | Coefficient  std. err.      t    P>|t|     [95% conf. interval]
-------------+----------------------------------------------------------------
     1.post_ |  -130.8118   28.45959    -4.60   0.000    -186.6036   -75.01996
     1.treat |          0  (omitted)
1.downup_a~p |   4.748308   2.724078     1.74   0.081     -.591943    10.08856
wind_direc~n |  -1.061656   .0410882   -25.84   0.000    -1.142205   -.9811069
av_wind_sp~d |   128.9055   6.106862    21.11   0.000     116.9337    140.8773
             |
 post_#treat |
        1 1  |   7.083326   6.362668     1.11   0.266    -5.389975    19.55663
             |
       post_#|
downup_ac_~p |
        1 1  |   -3.74747   3.537952    -1.06   0.290    -10.68323    3.188291
             |
       treat#|
downup_ac_~p |
        1 1  |  -1.019357   4.891486    -0.21   0.835    -10.60857    8.569855
             |
 post_#treat#|
downup_ac_~p |
      1 1 1  |   3.594927   6.962205     0.52   0.606     -10.0537    17.24355
------------------------------------------------------------------------------

added scalar:
              e(ymean) =  120.68671

added scalar:
             e(ymean2) =  121.71761

added scalar:
                e(acq) =  600

added scalar:
              e(fe_id) =  31

added scalar:
          e(n_treated) =  3965599

added scalar:
          e(n_control) =  13308960

added macro:
               e(smpl) : "Rural"

added macro:
             e(fespec) : "unique_small_grid_id_cohort province_cohort#c.monthye
> ar yeargov province_cohort#election_year province_cohort#election_year#yeargo
> v"

added macro:
                e(mod) : "downup_ac_pop"

added macro:
           e(controls) : "never"
(saving evreg1)
(file /users/aquisper/proj_bureaucrats_farms/code/_stacked_downup_replication/.
> ./../tables/exploratory_analysis/politician_original_controls_fe_sweep/politi
> cian_original_fe31_controls_never_did_interaction_rural_acpop_all.ster saved)
DID controls=never FE=32/32: unique_small_grid_id_cohort monthyearco province_c
> ohort#c.monthyear yeargov province_cohort#election_year province_cohort#elect
> ion_year#yeargov
(MWFE estimator converged in 148 iterations)

HDFE linear regression with Julia                 Number of obs   = 17,274,559
Absorbing 6 HDFE groups                           F(   7,   5589) =      64.61
Statistics cluster-robust                         Prob > F        =     0.0000
                                                  R-squared       =     0.1867
                                                  Adj R-squared   =     0.1796
Number of clusters (ac_elec_yr) =       5590      Within R-sq.    =     0.0072
                                                  Root MSE        =  1068.7223

                         (Std. err. adjusted for 5,590 clusters in ac_elec_yr)
------------------------------------------------------------------------------
             |               Robust
      countk | Coefficient  std. err.      t    P>|t|     [95% conf. interval]
-------------+----------------------------------------------------------------
     1.post_ |          0  (omitted)
     1.treat |          0  (omitted)
1.downup_a~p |    -.39054   2.673086    -0.15   0.884    -5.630826    4.849746
wind_direc~n |  -.4210389   .0283274   -14.86   0.000    -.4765717   -.3655061
av_wind_sp~d |   363.8229    17.6834    20.57   0.000     329.1566    398.4893
             |
 post_#treat |
        1 1  |   5.076015   6.624957     0.77   0.444    -7.911474     18.0635
             |
       post_#|
downup_ac_~p |
        1 1  |  -1.510971   3.459751    -0.44   0.662    -8.293427    5.271484
             |
       treat#|
downup_ac_~p |
        1 1  |   2.582104   5.081943     0.51   0.611    -7.380478    12.54469
             |
 post_#treat#|
downup_ac_~p |
      1 1 1  |   3.791122    7.45918     0.51   0.611    -10.83177    18.41401
------------------------------------------------------------------------------

added scalar:
              e(ymean) =  120.68671

added scalar:
             e(ymean2) =  121.71761

added scalar:
                e(acq) =  600

added scalar:
              e(fe_id) =  32

added scalar:
          e(n_treated) =  3965599

added scalar:
          e(n_control) =  13308960

added macro:
               e(smpl) : "Rural"

added macro:
             e(fespec) : "unique_small_grid_id_cohort monthyearco province_coho
> rt#c.monthyear yeargov province_cohort#election_year province_cohort#election
> _year#yeargov"

added macro:
                e(mod) : "downup_ac_pop"

added macro:
           e(controls) : "never"
(saving evreg1)
(file /users/aquisper/proj_bureaucrats_farms/code/_stacked_downup_replication/.
> ./../tables/exploratory_analysis/politician_original_controls_fe_sweep/politi
> cian_original_fe32_controls_never_did_interaction_rural_acpop_all.ster saved)

. 
. display as result "COMPLETED politician STER files: controls=`control_sample'
> , FE 1/32"
COMPLETED politician STER files: controls=never, FE 1/32

. 
end of do-file
