This is pdfTeX, Version 3.141592653-2.6-1.40.25 (MiKTeX 24.1) (preloaded format=pdflatex 2026.7.19)  12 AUG 2026 06:20
entering extended mode
 restricted \write18 enabled.
 %&-line parsing enabled.
**./politician_original_controls_both_report.tex
(politician_original_controls_both_report.tex
LaTeX2e <2023-11-01> patch level 1
L3 programming layer <2024-01-04>
(C:\Users\eunic\AppData\Local\Programs\MiKTeX\tex/latex/base\article.cls
Document Class: article 2023/05/17 v1.4n Standard LaTeX document class
(C:\Users\eunic\AppData\Local\Programs\MiKTeX\tex/latex/base\size10.clo
File: size10.clo 2023/05/17 v1.4n Standard LaTeX file (size option)
)
\c@part=\count187
\c@section=\count188
\c@subsection=\count189
\c@subsubsection=\count190
\c@paragraph=\count191
\c@subparagraph=\count192
\c@figure=\count193
\c@table=\count194
\abovecaptionskip=\skip48
\belowcaptionskip=\skip49
\bibindent=\dimen140
)
(C:\Users\eunic\AppData\Local\Programs\MiKTeX\tex/latex/geometry\geometry.sty
Package: geometry 2026/03/07 v6.0 Page Geometry

(C:\Users\eunic\AppData\Local\Programs\MiKTeX\tex/latex/graphics\keyval.sty
Package: keyval 2022/05/29 v1.15 key=value parser (DPC)
\KV@toks@=\toks17
)
(C:\Users\eunic\AppData\Local\Programs\MiKTeX\tex/generic/iftex\ifvtex.sty
Package: ifvtex 2019/10/25 v1.7 ifvtex legacy package. Use iftex instead.

(C:\Users\eunic\AppData\Local\Programs\MiKTeX\tex/generic/iftex\iftex.sty
Package: iftex 2022/02/03 v1.0f TeX engine tests
))
\Gm@cnth=\count195
\Gm@cntv=\count196
\c@Gm@tempcnt=\count197
\Gm@bindingoffset=\dimen141
\Gm@wd@mp=\dimen142
\Gm@odd@mp=\dimen143
\Gm@even@mp=\dimen144
\Gm@layoutwidth=\dimen145
\Gm@layoutheight=\dimen146
\Gm@layouthoffset=\dimen147
\Gm@layoutvoffset=\dimen148
\Gm@dimlist=\toks18

(C:\Users\eunic\AppData\Local\Programs\MiKTeX\tex/latex/geometry\geometry.cfg))
(C:\Users\eunic\AppData\Local\Programs\MiKTeX\tex/latex/graphics\graphicx.sty
Package: graphicx 2021/09/16 v1.2d Enhanced LaTeX Graphics (DPC,SPQR)

(C:\Users\eunic\AppData\Local\Programs\MiKTeX\tex/latex/graphics\graphics.sty
Package: graphics 2022/03/10 v1.4e Standard LaTeX Graphics (DPC,SPQR)

(C:\Users\eunic\AppData\Local\Programs\MiKTeX\tex/latex/graphics\trig.sty
Package: trig 2021/08/11 v1.11 sin cos tan (DPC)
)
(C:\Users\eunic\AppData\Local\Programs\MiKTeX\tex/latex/graphics-cfg\graphics.c
fg
File: graphics.cfg 2016/06/04 v1.11 sample graphics configuration
)
Package graphics Info: Driver file: pdftex.def on input line 107.

(C:\Users\eunic\AppData\Local\Programs\MiKTeX\tex/latex/graphics-def\pdftex.def
File: pdftex.def 2022/09/22 v1.2b Graphics/color driver for pdftex
))
\Gin@req@height=\dimen149
\Gin@req@width=\dimen150
)
(C:\Users\eunic\AppData\Local\Programs\MiKTeX\tex/latex/booktabs\booktabs.sty
Package: booktabs 2020/01/12 v1.61803398 Publication quality tables
\heavyrulewidth=\dimen151
\lightrulewidth=\dimen152
\cmidrulewidth=\dimen153
\belowrulesep=\dimen154
\belowbottomsep=\dimen155
\aboverulesep=\dimen156
\abovetopsep=\dimen157
\cmidrulesep=\dimen158
\cmidrulekern=\dimen159
\defaultaddspace=\dimen160
\@cmidla=\count198
\@cmidlb=\count199
\@aboverulesep=\dimen161
\@belowrulesep=\dimen162
\@thisruleclass=\count266
\@lastruleclass=\count267
\@thisrulewidth=\dimen163
)
(C:\Users\eunic\AppData\Local\Programs\MiKTeX\tex/latex/tools\array.sty
Package: array 2023/10/16 v2.5g Tabular extension package (FMi)
\col@sep=\dimen164
\ar@mcellbox=\box51
\extrarowheight=\dimen165
\NC@list=\toks19
\extratabsurround=\skip50
\backup@length=\skip51
\ar@cellbox=\box52
)
(C:\Users\eunic\AppData\Local\Programs\MiKTeX\tex/latex/hyperref\hyperref.sty
Package: hyperref 2023-11-26 v7.01g Hypertext links for LaTeX

(C:\Users\eunic\AppData\Local\Programs\MiKTeX\tex/generic/infwarerr\infwarerr.s
ty
Package: infwarerr 2019/12/03 v1.5 Providing info/warning/error messages (HO)
)
(C:\Users\eunic\AppData\Local\Programs\MiKTeX\tex/latex/kvsetkeys\kvsetkeys.sty
Package: kvsetkeys 2022-10-05 v1.19 Key value parser (HO)
)
(C:\Users\eunic\AppData\Local\Programs\MiKTeX\tex/generic/kvdefinekeys\kvdefine
keys.sty
Package: kvdefinekeys 2019-12-19 v1.6 Define keys (HO)
)
(C:\Users\eunic\AppData\Local\Programs\MiKTeX\tex/generic/pdfescape\pdfescape.s
ty
Package: pdfescape 2019/12/09 v1.15 Implements pdfTeX's escape features (HO)

(C:\Users\eunic\AppData\Local\Programs\MiKTeX\tex/generic/ltxcmds\ltxcmds.sty
Package: ltxcmds 2023-12-04 v1.26 LaTeX kernel commands for general use (HO)
)
(C:\Users\eunic\AppData\Local\Programs\MiKTeX\tex/generic/pdftexcmds\pdftexcmds
.sty
Package: pdftexcmds 2020-06-27 v0.33 Utility functions of pdfTeX for LuaTeX (HO
)
Package pdftexcmds Info: \pdf@primitive is available.
Package pdftexcmds Info: \pdf@ifprimitive is available.
Package pdftexcmds Info: \pdfdraftmode found.
))
(C:\Users\eunic\AppData\Local\Programs\MiKTeX\tex/latex/hycolor\hycolor.sty
Package: hycolor 2020-01-27 v1.10 Color options for hyperref/bookmark (HO)
)
(C:\Users\eunic\AppData\Local\Programs\MiKTeX\tex/latex/letltxmacro\letltxmacro
.sty
Package: letltxmacro 2019/12/03 v1.6 Let assignment for LaTeX macros (HO)
)
(C:\Users\eunic\AppData\Local\Programs\MiKTeX\tex/latex/auxhook\auxhook.sty
Package: auxhook 2019-12-17 v1.6 Hooks for auxiliary files (HO)
)
(C:\Users\eunic\AppData\Local\Programs\MiKTeX\tex/latex/hyperref\nameref.sty
Package: nameref 2023-11-26 v2.56 Cross-referencing by name of section

(C:\Users\eunic\AppData\Local\Programs\MiKTeX\tex/latex/refcount\refcount.sty
Package: refcount 2019/12/15 v3.6 Data extraction from label references (HO)
)
(C:\Users\eunic\AppData\Local\Programs\MiKTeX\tex/generic/gettitlestring\gettit
lestring.sty
Package: gettitlestring 2019/12/15 v1.6 Cleanup title references (HO)

(C:\Users\eunic\AppData\Local\Programs\MiKTeX\tex/latex/kvoptions\kvoptions.sty
Package: kvoptions 2022-06-15 v3.15 Key value format for package options (HO)
))
\c@section@level=\count268
)
(C:\Users\eunic\AppData\Local\Programs\MiKTeX\tex/latex/etoolbox\etoolbox.sty
Package: etoolbox 2020/10/05 v2.5k e-TeX tools for LaTeX (JAW)
\etb@tempcnta=\count269
)
\@linkdim=\dimen166
\Hy@linkcounter=\count270
\Hy@pagecounter=\count271

(C:\Users\eunic\AppData\Local\Programs\MiKTeX\tex/latex/hyperref\pd1enc.def
File: pd1enc.def 2023-11-26 v7.01g Hyperref: PDFDocEncoding definition (HO)
Now handling font encoding PD1 ...
... no UTF-8 mapping file for font encoding PD1
)
(C:\Users\eunic\AppData\Local\Programs\MiKTeX\tex/generic/intcalc\intcalc.sty
Package: intcalc 2019/12/15 v1.3 Expandable calculations with integers (HO)
)
\Hy@SavedSpaceFactor=\count272

(C:\Users\eunic\AppData\Local\Programs\MiKTeX\tex/latex/hyperref\puenc.def
File: puenc.def 2023-11-26 v7.01g Hyperref: PDF Unicode definition (HO)
Now handling font encoding PU ...
... no UTF-8 mapping file for font encoding PU
)
Package hyperref Info: Hyper figures OFF on input line 4181.
Package hyperref Info: Link nesting OFF on input line 4186.
Package hyperref Info: Hyper index ON on input line 4189.
Package hyperref Info: Plain pages OFF on input line 4196.
Package hyperref Info: Backreferencing OFF on input line 4201.
Package hyperref Info: Implicit mode ON; LaTeX internals redefined.
Package hyperref Info: Bookmarks ON on input line 4448.
\c@Hy@tempcnt=\count273

(C:\Users\eunic\AppData\Local\Programs\MiKTeX\tex/latex/url\url.sty
\Urlmuskip=\muskip16
Package: url 2013/09/16  ver 3.4  Verb mode for urls, etc.
)
LaTeX Info: Redefining \url on input line 4786.
\XeTeXLinkMargin=\dimen167

(C:\Users\eunic\AppData\Local\Programs\MiKTeX\tex/generic/bitset\bitset.sty
Package: bitset 2019/12/09 v1.3 Handle bit-vector datatype (HO)

(C:\Users\eunic\AppData\Local\Programs\MiKTeX\tex/generic/bigintcalc\bigintcalc
.sty
Package: bigintcalc 2019/12/15 v1.5 Expandable calculations on big integers (HO
)
))
\Fld@menulength=\count274
\Field@Width=\dimen168
\Fld@charsize=\dimen169
Package hyperref Info: Hyper figures OFF on input line 6065.
Package hyperref Info: Link nesting OFF on input line 6070.
Package hyperref Info: Hyper index ON on input line 6073.
Package hyperref Info: backreferencing OFF on input line 6080.
Package hyperref Info: Link coloring OFF on input line 6085.
Package hyperref Info: Link coloring with OCG OFF on input line 6090.
Package hyperref Info: PDF/A mode OFF on input line 6095.

(C:\Users\eunic\AppData\Local\Programs\MiKTeX\tex/latex/base\atbegshi-ltx.sty
Package: atbegshi-ltx 2021/01/10 v1.0c Emulation of the original atbegshi
package with kernel methods
)
\Hy@abspage=\count275
\c@Item=\count276
\c@Hfootnote=\count277
)
Package hyperref Info: Driver (autodetected): hpdftex.
(C:\Users\eunic\AppData\Local\Programs\MiKTeX\tex/latex/hyperref\hpdftex.def
File: hpdftex.def 2023-11-26 v7.01g Hyperref driver for pdfTeX

(C:\Users\eunic\AppData\Local\Programs\MiKTeX\tex/latex/base\atveryend-ltx.sty
Package: atveryend-ltx 2020/08/19 v1.0a Emulation of the original atveryend pac
kage
with kernel methods
)
\Fld@listcount=\count278
\c@bookmark@seq@number=\count279

(C:\Users\eunic\AppData\Local\Programs\MiKTeX\tex/latex/rerunfilecheck\rerunfil
echeck.sty
Package: rerunfilecheck 2025-06-21 v1.11 Rerun checks for auxiliary files (HO)

(C:\Users\eunic\AppData\Local\Programs\MiKTeX\tex/generic/uniquecounter\uniquec
ounter.sty
Package: uniquecounter 2019/12/15 v1.4 Provide unlimited unique counter (HO)
)
Package uniquecounter Info: New unique counter `rerunfilecheck' on input line 2
84.
)
\Hy@SectionHShift=\skip52
)
(C:\Users\eunic\AppData\Local\Programs\MiKTeX\tex/latex/l3backend\l3backend-pdf
tex.def
File: l3backend-pdftex.def 2024-01-04 L3 backend support: PDF output (pdfTeX)
\l__color_backend_stack_int=\count280
\l__pdf_internal_box=\box53
) (politician_original_controls_both_report.aux)
\openout1 = `politician_original_controls_both_report.aux'.

LaTeX Font Info:    Checking defaults for OML/cmm/m/it on input line 12.
LaTeX Font Info:    ... okay on input line 12.
LaTeX Font Info:    Checking defaults for OMS/cmsy/m/n on input line 12.
LaTeX Font Info:    ... okay on input line 12.
LaTeX Font Info:    Checking defaults for OT1/cmr/m/n on input line 12.
LaTeX Font Info:    ... okay on input line 12.
LaTeX Font Info:    Checking defaults for T1/cmr/m/n on input line 12.
LaTeX Font Info:    ... okay on input line 12.
LaTeX Font Info:    Checking defaults for TS1/cmr/m/n on input line 12.
LaTeX Font Info:    ... okay on input line 12.
LaTeX Font Info:    Checking defaults for OMX/cmex/m/n on input line 12.
LaTeX Font Info:    ... okay on input line 12.
LaTeX Font Info:    Checking defaults for U/cmr/m/n on input line 12.
LaTeX Font Info:    ... okay on input line 12.
LaTeX Font Info:    Checking defaults for PD1/pdf/m/n on input line 12.
LaTeX Font Info:    ... okay on input line 12.
LaTeX Font Info:    Checking defaults for PU/pdf/m/n on input line 12.
LaTeX Font Info:    ... okay on input line 12.

*geometry* driver: auto-detecting
*geometry* detected driver: pdftex
*geometry* verbose mode - [ preamble ] result:
* driver: pdftex
* paper: letterpaper
* layout: <same size as paper>
* layoutoffset:(h,v)=(0.0pt,0.0pt)
* modes: landscape 
* h-part:(L,W,R)=(39.74872pt, 715.47255pt, 39.74872pt)
* v-part:(T,H,B)=(39.74872pt, 534.79756pt, 39.74872pt)
* \paperwidth=794.96999pt
* \paperheight=614.295pt
* \textwidth=715.47255pt
* \textheight=534.79756pt
* \oddsidemargin=-32.52127pt
* \evensidemargin=-32.52127pt
* \topmargin=-69.52127pt
* \headheight=12.0pt
* \headsep=25.0pt
* \topskip=10.0pt
* \footskip=30.0pt
* \marginparwidth=65.0pt
* \marginparsep=11.0pt
* \columnsep=10.0pt
* \skip\footins=9.0pt plus 4.0pt minus 2.0pt
* \hoffset=0.0pt
* \voffset=0.0pt
* \mag=1000
* \@twocolumnfalse
* \@twosidefalse
* \@mparswitchfalse
* \@reversemarginfalse
* (1in=72.27pt=25.4mm, 1cm=28.453pt)


(C:\Users\eunic\AppData\Local\Programs\MiKTeX\tex/context/base/mkii\supp-pdf.mk
ii
[Loading MPS to PDF converter (version 2006.09.02).]
\scratchcounter=\count281
\scratchdimen=\dimen170
\scratchbox=\box54
\nofMPsegments=\count282
\nofMParguments=\count283
\everyMPshowfont=\toks20
\MPscratchCnt=\count284
\MPscratchDim=\dimen171
\MPnumerator=\count285
\makeMPintoPDFobject=\count286
\everyMPtoPDFconversion=\toks21
)
(C:\Users\eunic\AppData\Local\Programs\MiKTeX\tex/latex/epstopdf-pkg\epstopdf-b
ase.sty
Package: epstopdf-base 2020-01-24 v2.11 Base part for package epstopdf
Package epstopdf-base Info: Redefining graphics rule for `.eps' on input line 4
85.

(C:\Users\eunic\AppData\Local\Programs\MiKTeX\tex/latex/00miktex\epstopdf-sys.c
fg
File: epstopdf-sys.cfg 2021/03/18 v2.0 Configuration of epstopdf for MiKTeX
))
Package hyperref Info: Link coloring OFF on input line 12.
 (politician_original_controls_both_report.out)
(politician_original_controls_both_report.out)
\@outlinefile=\write3
\openout3 = `politician_original_controls_both_report.out'.

LaTeX Font Info:    External font `cmex10' loaded for size
(Font)              <12> on input line 14.
LaTeX Font Info:    External font `cmex10' loaded for size
(Font)              <8> on input line 14.
LaTeX Font Info:    External font `cmex10' loaded for size
(Font)              <6> on input line 14.
LaTeX Font Info:    External font `cmex10' loaded for size
(Font)              <9> on input line 15.
LaTeX Font Info:    External font `cmex10' loaded for size
(Font)              <5> on input line 15.

(politician_original_controls_both_report.toc [1

{C:/Users/eunic/AppData/Local/MiKTeX/fonts/map/pdftex/pdftex.map}])
\tf@toc=\write4
\openout4 = `politician_original_controls_both_report.toc'.

 [2]
<C:/Users/eunic/OneDrive/Documents/GitHub/proj_bureaucrats_farms/figures/explor
atory_analysis/politician_original_controls_fe_sweep/politician_original_fe01_c
ontrols_both_event_ori.png, id=183, 578.16pt x 289.08pt>
File: C:/Users/eunic/OneDrive/Documents/GitHub/proj_bureaucrats_farms/figures/e
xploratory_analysis/politician_original_controls_fe_sweep/politician_original_f
e01_controls_both_event_ori.png Graphic file (type png)
<use C:/Users/eunic/OneDrive/Documents/GitHub/proj_bureaucrats_farms/figures/ex
ploratory_analysis/politician_original_controls_fe_sweep/politician_original_fe
01_controls_both_event_ori.png>
Package pdftex.def Info: C:/Users/eunic/OneDrive/Documents/GitHub/proj_bureaucr
ats_farms/figures/exploratory_analysis/politician_original_controls_fe_sweep/po
litician_original_fe01_controls_both_event_ori.png  used on input line 23.
(pdftex.def)             Requested size: 343.42375pt x 171.7114pt.
<C:/Users/eunic/OneDrive/Documents/GitHub/proj_bureaucrats_farms/figures/explor
atory_analysis/politician_original_controls_fe_sweep/politician_original_fe01_c
ontrols_both_event_rotated.png, id=184, 578.16pt x 289.08pt>
File: C:/Users/eunic/OneDrive/Documents/GitHub/proj_bureaucrats_farms/figures/e
xploratory_analysis/politician_original_controls_fe_sweep/politician_original_f
e01_controls_both_event_rotated.png Graphic file (type png)
<use C:/Users/eunic/OneDrive/Documents/GitHub/proj_bureaucrats_farms/figures/ex
ploratory_analysis/politician_original_controls_fe_sweep/politician_original_fe
01_controls_both_event_rotated.png>
Package pdftex.def Info: C:/Users/eunic/OneDrive/Documents/GitHub/proj_bureaucr
ats_farms/figures/exploratory_analysis/politician_original_controls_fe_sweep/po
litician_original_fe01_controls_both_event_rotated.png  used on input line 27.
(pdftex.def)             Requested size: 343.42375pt x 171.7114pt.
LaTeX Font Info:    External font `cmex10' loaded for size
(Font)              <7> on input line 29.
<C:/Users/eunic/OneDrive/Documents/GitHub/proj_bureaucrats_farms/figures/explor
atory_analysis/politician_original_controls_fe_sweep/politician_original_fe01_c
ontrols_both_did_interaction_rural_acpop_all_1.png, id=185, 542.025pt x 325.215
pt>
File: C:/Users/eunic/OneDrive/Documents/GitHub/proj_bureaucrats_farms/figures/e
xploratory_analysis/politician_original_controls_fe_sweep/politician_original_f
e01_controls_both_did_interaction_rural_acpop_all_1.png Graphic file (type png)

<use C:/Users/eunic/OneDrive/Documents/GitHub/proj_bureaucrats_farms/figures/ex
ploratory_analysis/politician_original_controls_fe_sweep/politician_original_fe
01_controls_both_did_interaction_rural_acpop_all_1.png>
Package pdftex.def Info: C:/Users/eunic/OneDrive/Documents/GitHub/proj_bureaucr
ats_farms/figures/exploratory_analysis/politician_original_controls_fe_sweep/po
litician_original_fe01_controls_both_did_interaction_rural_acpop_all_1.png  use
d on input line 30.
(pdftex.def)             Requested size: 386.35037pt x 231.81734pt.
 [3

 <C:/Users/eunic/OneDrive/Documents/GitHub/proj_bureaucrats_farms/figures/explo
ratory_analysis/politician_original_controls_fe_sweep/politician_original_fe01_
controls_both_event_ori.png> <C:/Users/eunic/OneDrive/Documents/GitHub/proj_bur
eaucrats_farms/figures/exploratory_analysis/politician_original_controls_fe_swe
ep/politician_original_fe01_controls_both_event_rotated.png> <C:/Users/eunic/On
eDrive/Documents/GitHub/proj_bureaucrats_farms/figures/exploratory_analysis/pol
itician_original_controls_fe_sweep/politician_original_fe01_controls_both_did_i
nteraction_rural_acpop_all_1.png>]
[4

]
<C:/Users/eunic/OneDrive/Documents/GitHub/proj_bureaucrats_farms/figures/explor
atory_analysis/politician_original_controls_fe_sweep/politician_original_fe02_c
ontrols_both_event_ori.png, id=202, 578.16pt x 289.08pt>
File: C:/Users/eunic/OneDrive/Documents/GitHub/proj_bureaucrats_farms/figures/e
xploratory_analysis/politician_original_controls_fe_sweep/politician_original_f
e02_controls_both_event_ori.png Graphic file (type png)
<use C:/Users/eunic/OneDrive/Documents/GitHub/proj_bureaucrats_farms/figures/ex
ploratory_analysis/politician_original_controls_fe_sweep/politician_original_fe
02_controls_both_event_ori.png>
Package pdftex.def Info: C:/Users/eunic/OneDrive/Documents/GitHub/proj_bureaucr
ats_farms/figures/exploratory_analysis/politician_original_controls_fe_sweep/po
litician_original_fe02_controls_both_event_ori.png  used on input line 63.
(pdftex.def)             Requested size: 343.42375pt x 171.7114pt.
<C:/Users/eunic/OneDrive/Documents/GitHub/proj_bureaucrats_farms/figures/explor
atory_analysis/politician_original_controls_fe_sweep/politician_original_fe02_c
ontrols_both_event_rotated.png, id=203, 578.16pt x 289.08pt>
File: C:/Users/eunic/OneDrive/Documents/GitHub/proj_bureaucrats_farms/figures/e
xploratory_analysis/politician_original_controls_fe_sweep/politician_original_f
e02_controls_both_event_rotated.png Graphic file (type png)
<use C:/Users/eunic/OneDrive/Documents/GitHub/proj_bureaucrats_farms/figures/ex
ploratory_analysis/politician_original_controls_fe_sweep/politician_original_fe
02_controls_both_event_rotated.png>
Package pdftex.def Info: C:/Users/eunic/OneDrive/Documents/GitHub/proj_bureaucr
ats_farms/figures/exploratory_analysis/politician_original_controls_fe_sweep/po
litician_original_fe02_controls_both_event_rotated.png  used on input line 67.
(pdftex.def)             Requested size: 343.42375pt x 171.7114pt.
<C:/Users/eunic/OneDrive/Documents/GitHub/proj_bureaucrats_farms/figures/explor
atory_analysis/politician_original_controls_fe_sweep/politician_original_fe02_c
ontrols_both_did_interaction_rural_acpop_all_1.png, id=204, 542.025pt x 325.215
pt>
File: C:/Users/eunic/OneDrive/Documents/GitHub/proj_bureaucrats_farms/figures/e
xploratory_analysis/politician_original_controls_fe_sweep/politician_original_f
e02_controls_both_did_interaction_rural_acpop_all_1.png Graphic file (type png)

<use C:/Users/eunic/OneDrive/Documents/GitHub/proj_bureaucrats_farms/figures/ex
ploratory_analysis/politician_original_controls_fe_sweep/politician_original_fe
02_controls_both_did_interaction_rural_acpop_all_1.png>
Package pdftex.def Info: C:/Users/eunic/OneDrive/Documents/GitHub/proj_bureaucr
ats_farms/figures/exploratory_analysis/politician_original_controls_fe_sweep/po
litician_original_fe02_controls_both_did_interaction_rural_acpop_all_1.png  use
d on input line 70.
(pdftex.def)             Requested size: 386.35037pt x 231.81734pt.
 [5

 <C:/Users/eunic/OneDrive/Documents/GitHub/proj_bureaucrats_farms/figures/explo
ratory_analysis/politician_original_controls_fe_sweep/politician_original_fe02_
controls_both_event_ori.png> <C:/Users/eunic/OneDrive/Documents/GitHub/proj_bur
eaucrats_farms/figures/exploratory_analysis/politician_original_controls_fe_swe
ep/politician_original_fe02_controls_both_event_rotated.png> <C:/Users/eunic/On
eDrive/Documents/GitHub/proj_bureaucrats_farms/figures/exploratory_analysis/pol
itician_original_controls_fe_sweep/politician_original_fe02_controls_both_did_i
nteraction_rural_acpop_all_1.png>] [6

]
<C:/Users/eunic/OneDrive/Documents/GitHub/proj_bureaucrats_farms/figures/explor
atory_analysis/politician_original_controls_fe_sweep/politician_original_fe03_c
ontrols_both_event_ori.png, id=215, 578.16pt x 289.08pt>
File: C:/Users/eunic/OneDrive/Documents/GitHub/proj_bureaucrats_farms/figures/e
xploratory_analysis/politician_original_controls_fe_sweep/politician_original_f
e03_controls_both_event_ori.png Graphic file (type png)
<use C:/Users/eunic/OneDrive/Documents/GitHub/proj_bureaucrats_farms/figures/ex
ploratory_analysis/politician_original_controls_fe_sweep/politician_original_fe
03_controls_both_event_ori.png>
Package pdftex.def Info: C:/Users/eunic/OneDrive/Documents/GitHub/proj_bureaucr
ats_farms/figures/exploratory_analysis/politician_original_controls_fe_sweep/po
litician_original_fe03_controls_both_event_ori.png  used on input line 103.
(pdftex.def)             Requested size: 343.42375pt x 171.7114pt.
<C:/Users/eunic/OneDrive/Documents/GitHub/proj_bureaucrats_farms/figures/explor
atory_analysis/politician_original_controls_fe_sweep/politician_original_fe03_c
ontrols_both_event_rotated.png, id=216, 578.16pt x 289.08pt>
File: C:/Users/eunic/OneDrive/Documents/GitHub/proj_bureaucrats_farms/figures/e
xploratory_analysis/politician_original_controls_fe_sweep/politician_original_f
e03_controls_both_event_rotated.png Graphic file (type png)
<use C:/Users/eunic/OneDrive/Documents/GitHub/proj_bureaucrats_farms/figures/ex
ploratory_analysis/politician_original_controls_fe_sweep/politician_original_fe
03_controls_both_event_rotated.png>
Package pdftex.def Info: C:/Users/eunic/OneDrive/Documents/GitHub/proj_bureaucr
ats_farms/figures/exploratory_analysis/politician_original_controls_fe_sweep/po
litician_original_fe03_controls_both_event_rotated.png  used on input line 107.

(pdftex.def)             Requested size: 343.42375pt x 171.7114pt.
<C:/Users/eunic/OneDrive/Documents/GitHub/proj_bureaucrats_farms/figures/explor
atory_analysis/politician_original_controls_fe_sweep/politician_original_fe03_c
ontrols_both_did_interaction_rural_acpop_all_1.png, id=217, 542.025pt x 325.215
pt>
File: C:/Users/eunic/OneDrive/Documents/GitHub/proj_bureaucrats_farms/figures/e
xploratory_analysis/politician_original_controls_fe_sweep/politician_original_f
e03_controls_both_did_interaction_rural_acpop_all_1.png Graphic file (type png)

<use C:/Users/eunic/OneDrive/Documents/GitHub/proj_bureaucrats_farms/figures/ex
ploratory_analysis/politician_original_controls_fe_sweep/politician_original_fe
03_controls_both_did_interaction_rural_acpop_all_1.png>
Package pdftex.def Info: C:/Users/eunic/OneDrive/Documents/GitHub/proj_bureaucr
ats_farms/figures/exploratory_analysis/politician_original_controls_fe_sweep/po
litician_original_fe03_controls_both_did_interaction_rural_acpop_all_1.png  use
d on input line 110.
(pdftex.def)             Requested size: 386.35037pt x 231.81734pt.
 [7

 <C:/Users/eunic/OneDrive/Documents/GitHub/proj_bureaucrats_farms/figures/explo
ratory_analysis/politician_original_controls_fe_sweep/politician_original_fe03_
controls_both_event_ori.png> <C:/Users/eunic/OneDrive/Documents/GitHub/proj_bur
eaucrats_farms/figures/exploratory_analysis/politician_original_controls_fe_swe
ep/politician_original_fe03_controls_both_event_rotated.png> <C:/Users/eunic/On
eDrive/Documents/GitHub/proj_bureaucrats_farms/figures/exploratory_analysis/pol
itician_original_controls_fe_sweep/politician_original_fe03_controls_both_did_i
nteraction_rural_acpop_all_1.png>] [8

]
<C:/Users/eunic/OneDrive/Documents/GitHub/proj_bureaucrats_farms/figures/explor
atory_analysis/politician_original_controls_fe_sweep/politician_original_fe04_c
ontrols_both_event_ori.png, id=229, 578.16pt x 289.08pt>
File: C:/Users/eunic/OneDrive/Documents/GitHub/proj_bureaucrats_farms/figures/e
xploratory_analysis/politician_original_controls_fe_sweep/politician_original_f
e04_controls_both_event_ori.png Graphic file (type png)
<use C:/Users/eunic/OneDrive/Documents/GitHub/proj_bureaucrats_farms/figures/ex
ploratory_analysis/politician_original_controls_fe_sweep/politician_original_fe
04_controls_both_event_ori.png>
Package pdftex.def Info: C:/Users/eunic/OneDrive/Documents/GitHub/proj_bureaucr
ats_farms/figures/exploratory_analysis/politician_original_controls_fe_sweep/po
litician_original_fe04_controls_both_event_ori.png  used on input line 143.
(pdftex.def)             Requested size: 343.42375pt x 171.7114pt.
<C:/Users/eunic/OneDrive/Documents/GitHub/proj_bureaucrats_farms/figures/explor
atory_analysis/politician_original_controls_fe_sweep/politician_original_fe04_c
ontrols_both_event_rotated.png, id=230, 578.16pt x 289.08pt>
File: C:/Users/eunic/OneDrive/Documents/GitHub/proj_bureaucrats_farms/figures/e
xploratory_analysis/politician_original_controls_fe_sweep/politician_original_f
e04_controls_both_event_rotated.png Graphic file (type png)
<use C:/Users/eunic/OneDrive/Documents/GitHub/proj_bureaucrats_farms/figures/ex
ploratory_analysis/politician_original_controls_fe_sweep/politician_original_fe
04_controls_both_event_rotated.png>
Package pdftex.def Info: C:/Users/eunic/OneDrive/Documents/GitHub/proj_bureaucr
ats_farms/figures/exploratory_analysis/politician_original_controls_fe_sweep/po
litician_original_fe04_controls_both_event_rotated.png  used on input line 147.

(pdftex.def)             Requested size: 343.42375pt x 171.7114pt.
<C:/Users/eunic/OneDrive/Documents/GitHub/proj_bureaucrats_farms/figures/explor
atory_analysis/politician_original_controls_fe_sweep/politician_original_fe04_c
ontrols_both_did_interaction_rural_acpop_all_1.png, id=231, 542.025pt x 325.215
pt>
File: C:/Users/eunic/OneDrive/Documents/GitHub/proj_bureaucrats_farms/figures/e
xploratory_analysis/politician_original_controls_fe_sweep/politician_original_f
e04_controls_both_did_interaction_rural_acpop_all_1.png Graphic file (type png)

<use C:/Users/eunic/OneDrive/Documents/GitHub/proj_bureaucrats_farms/figures/ex
ploratory_analysis/politician_original_controls_fe_sweep/politician_original_fe
04_controls_both_did_interaction_rural_acpop_all_1.png>
Package pdftex.def Info: C:/Users/eunic/OneDrive/Documents/GitHub/proj_bureaucr
ats_farms/figures/exploratory_analysis/politician_original_controls_fe_sweep/po
litician_original_fe04_controls_both_did_interaction_rural_acpop_all_1.png  use
d on input line 150.
(pdftex.def)             Requested size: 386.35037pt x 231.81734pt.
 [9

 <C:/Users/eunic/OneDrive/Documents/GitHub/proj_bureaucrats_farms/figures/explo
ratory_analysis/politician_original_controls_fe_sweep/politician_original_fe04_
controls_both_event_ori.png> <C:/Users/eunic/OneDrive/Documents/GitHub/proj_bur
eaucrats_farms/figures/exploratory_analysis/politician_original_controls_fe_swe
ep/politician_original_fe04_controls_both_event_rotated.png> <C:/Users/eunic/On
eDrive/Documents/GitHub/proj_bureaucrats_farms/figures/exploratory_analysis/pol
itician_original_controls_fe_sweep/politician_original_fe04_controls_both_did_i
nteraction_rural_acpop_all_1.png>] [10

]
<C:/Users/eunic/OneDrive/Documents/GitHub/proj_bureaucrats_farms/figures/explor
atory_analysis/politician_original_controls_fe_sweep/politician_original_fe05_c
ontrols_both_event_ori.png, id=242, 578.16pt x 289.08pt>
File: C:/Users/eunic/OneDrive/Documents/GitHub/proj_bureaucrats_farms/figures/e
xploratory_analysis/politician_original_controls_fe_sweep/politician_original_f
e05_controls_both_event_ori.png Graphic file (type png)
<use C:/Users/eunic/OneDrive/Documents/GitHub/proj_bureaucrats_farms/figures/ex
ploratory_analysis/politician_original_controls_fe_sweep/politician_original_fe
05_controls_both_event_ori.png>
Package pdftex.def Info: C:/Users/eunic/OneDrive/Documents/GitHub/proj_bureaucr
ats_farms/figures/exploratory_analysis/politician_original_controls_fe_sweep/po
litician_original_fe05_controls_both_event_ori.png  used on input line 183.
(pdftex.def)             Requested size: 343.42375pt x 171.7114pt.
<C:/Users/eunic/OneDrive/Documents/GitHub/proj_bureaucrats_farms/figures/explor
atory_analysis/politician_original_controls_fe_sweep/politician_original_fe05_c
ontrols_both_event_rotated.png, id=243, 578.16pt x 289.08pt>
File: C:/Users/eunic/OneDrive/Documents/GitHub/proj_bureaucrats_farms/figures/e
xploratory_analysis/politician_original_controls_fe_sweep/politician_original_f
e05_controls_both_event_rotated.png Graphic file (type png)
<use C:/Users/eunic/OneDrive/Documents/GitHub/proj_bureaucrats_farms/figures/ex
ploratory_analysis/politician_original_controls_fe_sweep/politician_original_fe
05_controls_both_event_rotated.png>
Package pdftex.def Info: C:/Users/eunic/OneDrive/Documents/GitHub/proj_bureaucr
ats_farms/figures/exploratory_analysis/politician_original_controls_fe_sweep/po
litician_original_fe05_controls_both_event_rotated.png  used on input line 187.

(pdftex.def)             Requested size: 343.42375pt x 171.7114pt.
<C:/Users/eunic/OneDrive/Documents/GitHub/proj_bureaucrats_farms/figures/explor
atory_analysis/politician_original_controls_fe_sweep/politician_original_fe05_c
ontrols_both_did_interaction_rural_acpop_all_1.png, id=244, 542.025pt x 325.215
pt>
File: C:/Users/eunic/OneDrive/Documents/GitHub/proj_bureaucrats_farms/figures/e
xploratory_analysis/politician_original_controls_fe_sweep/politician_original_f
e05_controls_both_did_interaction_rural_acpop_all_1.png Graphic file (type png)

<use C:/Users/eunic/OneDrive/Documents/GitHub/proj_bureaucrats_farms/figures/ex
ploratory_analysis/politician_original_controls_fe_sweep/politician_original_fe
05_controls_both_did_interaction_rural_acpop_all_1.png>
Package pdftex.def Info: C:/Users/eunic/OneDrive/Documents/GitHub/proj_bureaucr
ats_farms/figures/exploratory_analysis/politician_original_controls_fe_sweep/po
litician_original_fe05_controls_both_did_interaction_rural_acpop_all_1.png  use
d on input line 190.
(pdftex.def)             Requested size: 386.35037pt x 231.81734pt.
 [11

 <C:/Users/eunic/OneDrive/Documents/GitHub/proj_bureaucrats_farms/figures/explo
ratory_analysis/politician_original_controls_fe_sweep/politician_original_fe05_
controls_both_event_ori.png> <C:/Users/eunic/OneDrive/Documents/GitHub/proj_bur
eaucrats_farms/figures/exploratory_analysis/politician_original_controls_fe_swe
ep/politician_original_fe05_controls_both_event_rotated.png> <C:/Users/eunic/On
eDrive/Documents/GitHub/proj_bureaucrats_farms/figures/exploratory_analysis/pol
itician_original_controls_fe_sweep/politician_original_fe05_controls_both_did_i
nteraction_rural_acpop_all_1.png>] [12

]
<C:/Users/eunic/OneDrive/Documents/GitHub/proj_bureaucrats_farms/figures/explor
atory_analysis/politician_original_controls_fe_sweep/politician_original_fe06_c
ontrols_both_event_ori.png, id=255, 578.16pt x 289.08pt>
File: C:/Users/eunic/OneDrive/Documents/GitHub/proj_bureaucrats_farms/figures/e
xploratory_analysis/politician_original_controls_fe_sweep/politician_original_f
e06_controls_both_event_ori.png Graphic file (type png)
<use C:/Users/eunic/OneDrive/Documents/GitHub/proj_bureaucrats_farms/figures/ex
ploratory_analysis/politician_original_controls_fe_sweep/politician_original_fe
06_controls_both_event_ori.png>
Package pdftex.def Info: C:/Users/eunic/OneDrive/Documents/GitHub/proj_bureaucr
ats_farms/figures/exploratory_analysis/politician_original_controls_fe_sweep/po
litician_original_fe06_controls_both_event_ori.png  used on input line 223.
(pdftex.def)             Requested size: 343.42375pt x 171.7114pt.
<C:/Users/eunic/OneDrive/Documents/GitHub/proj_bureaucrats_farms/figures/explor
atory_analysis/politician_original_controls_fe_sweep/politician_original_fe06_c
ontrols_both_event_rotated.png, id=256, 578.16pt x 289.08pt>
File: C:/Users/eunic/OneDrive/Documents/GitHub/proj_bureaucrats_farms/figures/e
xploratory_analysis/politician_original_controls_fe_sweep/politician_original_f
e06_controls_both_event_rotated.png Graphic file (type png)
<use C:/Users/eunic/OneDrive/Documents/GitHub/proj_bureaucrats_farms/figures/ex
ploratory_analysis/politician_original_controls_fe_sweep/politician_original_fe
06_controls_both_event_rotated.png>
Package pdftex.def Info: C:/Users/eunic/OneDrive/Documents/GitHub/proj_bureaucr
ats_farms/figures/exploratory_analysis/politician_original_controls_fe_sweep/po
litician_original_fe06_controls_both_event_rotated.png  used on input line 227.

(pdftex.def)             Requested size: 343.42375pt x 171.7114pt.
<C:/Users/eunic/OneDrive/Documents/GitHub/proj_bureaucrats_farms/figures/explor
atory_analysis/politician_original_controls_fe_sweep/politician_original_fe06_c
ontrols_both_did_interaction_rural_acpop_all_1.png, id=257, 542.025pt x 325.215
pt>
File: C:/Users/eunic/OneDrive/Documents/GitHub/proj_bureaucrats_farms/figures/e
xploratory_analysis/politician_original_controls_fe_sweep/politician_original_f
e06_controls_both_did_interaction_rural_acpop_all_1.png Graphic file (type png)

<use C:/Users/eunic/OneDrive/Documents/GitHub/proj_bureaucrats_farms/figures/ex
ploratory_analysis/politician_original_controls_fe_sweep/politician_original_fe
06_controls_both_did_interaction_rural_acpop_all_1.png>
Package pdftex.def Info: C:/Users/eunic/OneDrive/Documents/GitHub/proj_bureaucr
ats_farms/figures/exploratory_analysis/politician_original_controls_fe_sweep/po
litician_original_fe06_controls_both_did_interaction_rural_acpop_all_1.png  use
d on input line 230.
(pdftex.def)             Requested size: 386.35037pt x 231.81734pt.
 [13

 <C:/Users/eunic/OneDrive/Documents/GitHub/proj_bureaucrats_farms/figures/explo
ratory_analysis/politician_original_controls_fe_sweep/politician_original_fe06_
controls_both_event_ori.png> <C:/Users/eunic/OneDrive/Documents/GitHub/proj_bur
eaucrats_farms/figures/exploratory_analysis/politician_original_controls_fe_swe
ep/politician_original_fe06_controls_both_event_rotated.png> <C:/Users/eunic/On
eDrive/Documents/GitHub/proj_bureaucrats_farms/figures/exploratory_analysis/pol
itician_original_controls_fe_sweep/politician_original_fe06_controls_both_did_i
nteraction_rural_acpop_all_1.png>] [14

]
<C:/Users/eunic/OneDrive/Documents/GitHub/proj_bureaucrats_farms/figures/explor
atory_analysis/politician_original_controls_fe_sweep/politician_original_fe07_c
ontrols_both_event_ori.png, id=269, 578.16pt x 289.08pt>
File: C:/Users/eunic/OneDrive/Documents/GitHub/proj_bureaucrats_farms/figures/e
xploratory_analysis/politician_original_controls_fe_sweep/politician_original_f
e07_controls_both_event_ori.png Graphic file (type png)
<use C:/Users/eunic/OneDrive/Documents/GitHub/proj_bureaucrats_farms/figures/ex
ploratory_analysis/politician_original_controls_fe_sweep/politician_original_fe
07_controls_both_event_ori.png>
Package pdftex.def Info: C:/Users/eunic/OneDrive/Documents/GitHub/proj_bureaucr
ats_farms/figures/exploratory_analysis/politician_original_controls_fe_sweep/po
litician_original_fe07_controls_both_event_ori.png  used on input line 263.
(pdftex.def)             Requested size: 343.42375pt x 171.7114pt.
<C:/Users/eunic/OneDrive/Documents/GitHub/proj_bureaucrats_farms/figures/explor
atory_analysis/politician_original_controls_fe_sweep/politician_original_fe07_c
ontrols_both_event_rotated.png, id=270, 578.16pt x 289.08pt>
File: C:/Users/eunic/OneDrive/Documents/GitHub/proj_bureaucrats_farms/figures/e
xploratory_analysis/politician_original_controls_fe_sweep/politician_original_f
e07_controls_both_event_rotated.png Graphic file (type png)
<use C:/Users/eunic/OneDrive/Documents/GitHub/proj_bureaucrats_farms/figures/ex
ploratory_analysis/politician_original_controls_fe_sweep/politician_original_fe
07_controls_both_event_rotated.png>
Package pdftex.def Info: C:/Users/eunic/OneDrive/Documents/GitHub/proj_bureaucr
ats_farms/figures/exploratory_analysis/politician_original_controls_fe_sweep/po
litician_original_fe07_controls_both_event_rotated.png  used on input line 267.

(pdftex.def)             Requested size: 343.42375pt x 171.7114pt.
<C:/Users/eunic/OneDrive/Documents/GitHub/proj_bureaucrats_farms/figures/explor
atory_analysis/politician_original_controls_fe_sweep/politician_original_fe07_c
ontrols_both_did_interaction_rural_acpop_all_1.png, id=271, 542.025pt x 325.215
pt>
File: C:/Users/eunic/OneDrive/Documents/GitHub/proj_bureaucrats_farms/figures/e
xploratory_analysis/politician_original_controls_fe_sweep/politician_original_f
e07_controls_both_did_interaction_rural_acpop_all_1.png Graphic file (type png)

<use C:/Users/eunic/OneDrive/Documents/GitHub/proj_bureaucrats_farms/figures/ex
ploratory_analysis/politician_original_controls_fe_sweep/politician_original_fe
07_controls_both_did_interaction_rural_acpop_all_1.png>
Package pdftex.def Info: C:/Users/eunic/OneDrive/Documents/GitHub/proj_bureaucr
ats_farms/figures/exploratory_analysis/politician_original_controls_fe_sweep/po
litician_original_fe07_controls_both_did_interaction_rural_acpop_all_1.png  use
d on input line 270.
(pdftex.def)             Requested size: 386.35037pt x 231.81734pt.
 [15

 <C:/Users/eunic/OneDrive/Documents/GitHub/proj_bureaucrats_farms/figures/explo
ratory_analysis/politician_original_controls_fe_sweep/politician_original_fe07_
controls_both_event_ori.png> <C:/Users/eunic/OneDrive/Documents/GitHub/proj_bur
eaucrats_farms/figures/exploratory_analysis/politician_original_controls_fe_swe
ep/politician_original_fe07_controls_both_event_rotated.png> <C:/Users/eunic/On
eDrive/Documents/GitHub/proj_bureaucrats_farms/figures/exploratory_analysis/pol
itician_original_controls_fe_sweep/politician_original_fe07_controls_both_did_i
nteraction_rural_acpop_all_1.png>] [16

]
<C:/Users/eunic/OneDrive/Documents/GitHub/proj_bureaucrats_farms/figures/explor
atory_analysis/politician_original_controls_fe_sweep/politician_original_fe08_c
ontrols_both_event_ori.png, id=282, 578.16pt x 289.08pt>
File: C:/Users/eunic/OneDrive/Documents/GitHub/proj_bureaucrats_farms/figures/e
xploratory_analysis/politician_original_controls_fe_sweep/politician_original_f
e08_controls_both_event_ori.png Graphic file (type png)
<use C:/Users/eunic/OneDrive/Documents/GitHub/proj_bureaucrats_farms/figures/ex
ploratory_analysis/politician_original_controls_fe_sweep/politician_original_fe
08_controls_both_event_ori.png>
Package pdftex.def Info: C:/Users/eunic/OneDrive/Documents/GitHub/proj_bureaucr
ats_farms/figures/exploratory_analysis/politician_original_controls_fe_sweep/po
litician_original_fe08_controls_both_event_ori.png  used on input line 303.
(pdftex.def)             Requested size: 343.42375pt x 171.7114pt.
<C:/Users/eunic/OneDrive/Documents/GitHub/proj_bureaucrats_farms/figures/explor
atory_analysis/politician_original_controls_fe_sweep/politician_original_fe08_c
ontrols_both_event_rotated.png, id=283, 578.16pt x 289.08pt>
File: C:/Users/eunic/OneDrive/Documents/GitHub/proj_bureaucrats_farms/figures/e
xploratory_analysis/politician_original_controls_fe_sweep/politician_original_f
e08_controls_both_event_rotated.png Graphic file (type png)
<use C:/Users/eunic/OneDrive/Documents/GitHub/proj_bureaucrats_farms/figures/ex
ploratory_analysis/politician_original_controls_fe_sweep/politician_original_fe
08_controls_both_event_rotated.png>
Package pdftex.def Info: C:/Users/eunic/OneDrive/Documents/GitHub/proj_bureaucr
ats_farms/figures/exploratory_analysis/politician_original_controls_fe_sweep/po
litician_original_fe08_controls_both_event_rotated.png  used on input line 307.

(pdftex.def)             Requested size: 343.42375pt x 171.7114pt.
<C:/Users/eunic/OneDrive/Documents/GitHub/proj_bureaucrats_farms/figures/explor
atory_analysis/politician_original_controls_fe_sweep/politician_original_fe08_c
ontrols_both_did_interaction_rural_acpop_all_1.png, id=284, 542.025pt x 325.215
pt>
File: C:/Users/eunic/OneDrive/Documents/GitHub/proj_bureaucrats_farms/figures/e
xploratory_analysis/politician_original_controls_fe_sweep/politician_original_f
e08_controls_both_did_interaction_rural_acpop_all_1.png Graphic file (type png)

<use C:/Users/eunic/OneDrive/Documents/GitHub/proj_bureaucrats_farms/figures/ex
ploratory_analysis/politician_original_controls_fe_sweep/politician_original_fe
08_controls_both_did_interaction_rural_acpop_all_1.png>
Package pdftex.def Info: C:/Users/eunic/OneDrive/Documents/GitHub/proj_bureaucr
ats_farms/figures/exploratory_analysis/politician_original_controls_fe_sweep/po
litician_original_fe08_controls_both_did_interaction_rural_acpop_all_1.png  use
d on input line 310.
(pdftex.def)             Requested size: 386.35037pt x 231.81734pt.
 [17

 <C:/Users/eunic/OneDrive/Documents/GitHub/proj_bureaucrats_farms/figures/explo
ratory_analysis/politician_original_controls_fe_sweep/politician_original_fe08_
controls_both_event_ori.png> <C:/Users/eunic/OneDrive/Documents/GitHub/proj_bur
eaucrats_farms/figures/exploratory_analysis/politician_original_controls_fe_swe
ep/politician_original_fe08_controls_both_event_rotated.png> <C:/Users/eunic/On
eDrive/Documents/GitHub/proj_bureaucrats_farms/figures/exploratory_analysis/pol
itician_original_controls_fe_sweep/politician_original_fe08_controls_both_did_i
nteraction_rural_acpop_all_1.png>] [18

]
<C:/Users/eunic/OneDrive/Documents/GitHub/proj_bureaucrats_farms/figures/explor
atory_analysis/politician_original_controls_fe_sweep/politician_original_fe09_c
ontrols_both_event_ori.png, id=295, 578.16pt x 289.08pt>
File: C:/Users/eunic/OneDrive/Documents/GitHub/proj_bureaucrats_farms/figures/e
xploratory_analysis/politician_original_controls_fe_sweep/politician_original_f
e09_controls_both_event_ori.png Graphic file (type png)
<use C:/Users/eunic/OneDrive/Documents/GitHub/proj_bureaucrats_farms/figures/ex
ploratory_analysis/politician_original_controls_fe_sweep/politician_original_fe
09_controls_both_event_ori.png>
Package pdftex.def Info: C:/Users/eunic/OneDrive/Documents/GitHub/proj_bureaucr
ats_farms/figures/exploratory_analysis/politician_original_controls_fe_sweep/po
litician_original_fe09_controls_both_event_ori.png  used on input line 343.
(pdftex.def)             Requested size: 343.42375pt x 171.7114pt.
<C:/Users/eunic/OneDrive/Documents/GitHub/proj_bureaucrats_farms/figures/explor
atory_analysis/politician_original_controls_fe_sweep/politician_original_fe09_c
ontrols_both_event_rotated.png, id=296, 578.16pt x 289.08pt>
File: C:/Users/eunic/OneDrive/Documents/GitHub/proj_bureaucrats_farms/figures/e
xploratory_analysis/politician_original_controls_fe_sweep/politician_original_f
e09_controls_both_event_rotated.png Graphic file (type png)
<use C:/Users/eunic/OneDrive/Documents/GitHub/proj_bureaucrats_farms/figures/ex
ploratory_analysis/politician_original_controls_fe_sweep/politician_original_fe
09_controls_both_event_rotated.png>
Package pdftex.def Info: C:/Users/eunic/OneDrive/Documents/GitHub/proj_bureaucr
ats_farms/figures/exploratory_analysis/politician_original_controls_fe_sweep/po
litician_original_fe09_controls_both_event_rotated.png  used on input line 347.

(pdftex.def)             Requested size: 343.42375pt x 171.7114pt.
<C:/Users/eunic/OneDrive/Documents/GitHub/proj_bureaucrats_farms/figures/explor
atory_analysis/politician_original_controls_fe_sweep/politician_original_fe09_c
ontrols_both_did_interaction_rural_acpop_all_1.png, id=297, 542.025pt x 325.215
pt>
File: C:/Users/eunic/OneDrive/Documents/GitHub/proj_bureaucrats_farms/figures/e
xploratory_analysis/politician_original_controls_fe_sweep/politician_original_f
e09_controls_both_did_interaction_rural_acpop_all_1.png Graphic file (type png)

<use C:/Users/eunic/OneDrive/Documents/GitHub/proj_bureaucrats_farms/figures/ex
ploratory_analysis/politician_original_controls_fe_sweep/politician_original_fe
09_controls_both_did_interaction_rural_acpop_all_1.png>
Package pdftex.def Info: C:/Users/eunic/OneDrive/Documents/GitHub/proj_bureaucr
ats_farms/figures/exploratory_analysis/politician_original_controls_fe_sweep/po
litician_original_fe09_controls_both_did_interaction_rural_acpop_all_1.png  use
d on input line 350.
(pdftex.def)             Requested size: 386.35037pt x 231.81734pt.
 [19

 <C:/Users/eunic/OneDrive/Documents/GitHub/proj_bureaucrats_farms/figures/explo
ratory_analysis/politician_original_controls_fe_sweep/politician_original_fe09_
controls_both_event_ori.png> <C:/Users/eunic/OneDrive/Documents/GitHub/proj_bur
eaucrats_farms/figures/exploratory_analysis/politician_original_controls_fe_swe
ep/politician_original_fe09_controls_both_event_rotated.png> <C:/Users/eunic/On
eDrive/Documents/GitHub/proj_bureaucrats_farms/figures/exploratory_analysis/pol
itician_original_controls_fe_sweep/politician_original_fe09_controls_both_did_i
nteraction_rural_acpop_all_1.png>] [20

]
<C:/Users/eunic/OneDrive/Documents/GitHub/proj_bureaucrats_farms/figures/explor
atory_analysis/politician_original_controls_fe_sweep/politician_original_fe10_c
ontrols_both_event_ori.png, id=309, 578.16pt x 289.08pt>
File: C:/Users/eunic/OneDrive/Documents/GitHub/proj_bureaucrats_farms/figures/e
xploratory_analysis/politician_original_controls_fe_sweep/politician_original_f
e10_controls_both_event_ori.png Graphic file (type png)
<use C:/Users/eunic/OneDrive/Documents/GitHub/proj_bureaucrats_farms/figures/ex
ploratory_analysis/politician_original_controls_fe_sweep/politician_original_fe
10_controls_both_event_ori.png>
Package pdftex.def Info: C:/Users/eunic/OneDrive/Documents/GitHub/proj_bureaucr
ats_farms/figures/exploratory_analysis/politician_original_controls_fe_sweep/po
litician_original_fe10_controls_both_event_ori.png  used on input line 383.
(pdftex.def)             Requested size: 343.42375pt x 171.7114pt.
<C:/Users/eunic/OneDrive/Documents/GitHub/proj_bureaucrats_farms/figures/explor
atory_analysis/politician_original_controls_fe_sweep/politician_original_fe10_c
ontrols_both_event_rotated.png, id=310, 578.16pt x 289.08pt>
File: C:/Users/eunic/OneDrive/Documents/GitHub/proj_bureaucrats_farms/figures/e
xploratory_analysis/politician_original_controls_fe_sweep/politician_original_f
e10_controls_both_event_rotated.png Graphic file (type png)
<use C:/Users/eunic/OneDrive/Documents/GitHub/proj_bureaucrats_farms/figures/ex
ploratory_analysis/politician_original_controls_fe_sweep/politician_original_fe
10_controls_both_event_rotated.png>
Package pdftex.def Info: C:/Users/eunic/OneDrive/Documents/GitHub/proj_bureaucr
ats_farms/figures/exploratory_analysis/politician_original_controls_fe_sweep/po
litician_original_fe10_controls_both_event_rotated.png  used on input line 387.

(pdftex.def)             Requested size: 343.42375pt x 171.7114pt.
<C:/Users/eunic/OneDrive/Documents/GitHub/proj_bureaucrats_farms/figures/explor
atory_analysis/politician_original_controls_fe_sweep/politician_original_fe10_c
ontrols_both_did_interaction_rural_acpop_all_1.png, id=311, 542.025pt x 325.215
pt>
File: C:/Users/eunic/OneDrive/Documents/GitHub/proj_bureaucrats_farms/figures/e
xploratory_analysis/politician_original_controls_fe_sweep/politician_original_f
e10_controls_both_did_interaction_rural_acpop_all_1.png Graphic file (type png)

<use C:/Users/eunic/OneDrive/Documents/GitHub/proj_bureaucrats_farms/figures/ex
ploratory_analysis/politician_original_controls_fe_sweep/politician_original_fe
10_controls_both_did_interaction_rural_acpop_all_1.png>
Package pdftex.def Info: C:/Users/eunic/OneDrive/Documents/GitHub/proj_bureaucr
ats_farms/figures/exploratory_analysis/politician_original_controls_fe_sweep/po
litician_original_fe10_controls_both_did_interaction_rural_acpop_all_1.png  use
d on input line 390.
(pdftex.def)             Requested size: 386.35037pt x 231.81734pt.
 [21

 <C:/Users/eunic/OneDrive/Documents/GitHub/proj_bureaucrats_farms/figures/explo
ratory_analysis/politician_original_controls_fe_sweep/politician_original_fe10_
controls_both_event_ori.png> <C:/Users/eunic/OneDrive/Documents/GitHub/proj_bur
eaucrats_farms/figures/exploratory_analysis/politician_original_controls_fe_swe
ep/politician_original_fe10_controls_both_event_rotated.png> <C:/Users/eunic/On
eDrive/Documents/GitHub/proj_bureaucrats_farms/figures/exploratory_analysis/pol
itician_original_controls_fe_sweep/politician_original_fe10_controls_both_did_i
nteraction_rural_acpop_all_1.png>] [22

]
<C:/Users/eunic/OneDrive/Documents/GitHub/proj_bureaucrats_farms/figures/explor
atory_analysis/politician_original_controls_fe_sweep/politician_original_fe11_c
ontrols_both_event_ori.png, id=322, 578.16pt x 289.08pt>
File: C:/Users/eunic/OneDrive/Documents/GitHub/proj_bureaucrats_farms/figures/e
xploratory_analysis/politician_original_controls_fe_sweep/politician_original_f
e11_controls_both_event_ori.png Graphic file (type png)
<use C:/Users/eunic/OneDrive/Documents/GitHub/proj_bureaucrats_farms/figures/ex
ploratory_analysis/politician_original_controls_fe_sweep/politician_original_fe
11_controls_both_event_ori.png>
Package pdftex.def Info: C:/Users/eunic/OneDrive/Documents/GitHub/proj_bureaucr
ats_farms/figures/exploratory_analysis/politician_original_controls_fe_sweep/po
litician_original_fe11_controls_both_event_ori.png  used on input line 423.
(pdftex.def)             Requested size: 343.42375pt x 171.7114pt.
<C:/Users/eunic/OneDrive/Documents/GitHub/proj_bureaucrats_farms/figures/explor
atory_analysis/politician_original_controls_fe_sweep/politician_original_fe11_c
ontrols_both_event_rotated.png, id=323, 578.16pt x 289.08pt>
File: C:/Users/eunic/OneDrive/Documents/GitHub/proj_bureaucrats_farms/figures/e
xploratory_analysis/politician_original_controls_fe_sweep/politician_original_f
e11_controls_both_event_rotated.png Graphic file (type png)
<use C:/Users/eunic/OneDrive/Documents/GitHub/proj_bureaucrats_farms/figures/ex
ploratory_analysis/politician_original_controls_fe_sweep/politician_original_fe
11_controls_both_event_rotated.png>
Package pdftex.def Info: C:/Users/eunic/OneDrive/Documents/GitHub/proj_bureaucr
ats_farms/figures/exploratory_analysis/politician_original_controls_fe_sweep/po
litician_original_fe11_controls_both_event_rotated.png  used on input line 427.

(pdftex.def)             Requested size: 343.42375pt x 171.7114pt.
<C:/Users/eunic/OneDrive/Documents/GitHub/proj_bureaucrats_farms/figures/explor
atory_analysis/politician_original_controls_fe_sweep/politician_original_fe11_c
ontrols_both_did_interaction_rural_acpop_all_1.png, id=324, 542.025pt x 325.215
pt>
File: C:/Users/eunic/OneDrive/Documents/GitHub/proj_bureaucrats_farms/figures/e
xploratory_analysis/politician_original_controls_fe_sweep/politician_original_f
e11_controls_both_did_interaction_rural_acpop_all_1.png Graphic file (type png)

<use C:/Users/eunic/OneDrive/Documents/GitHub/proj_bureaucrats_farms/figures/ex
ploratory_analysis/politician_original_controls_fe_sweep/politician_original_fe
11_controls_both_did_interaction_rural_acpop_all_1.png>
Package pdftex.def Info: C:/Users/eunic/OneDrive/Documents/GitHub/proj_bureaucr
ats_farms/figures/exploratory_analysis/politician_original_controls_fe_sweep/po
litician_original_fe11_controls_both_did_interaction_rural_acpop_all_1.png  use
d on input line 430.
(pdftex.def)             Requested size: 386.35037pt x 231.81734pt.
 [23

 <C:/Users/eunic/OneDrive/Documents/GitHub/proj_bureaucrats_farms/figures/explo
ratory_analysis/politician_original_controls_fe_sweep/politician_original_fe11_
controls_both_event_ori.png> <C:/Users/eunic/OneDrive/Documents/GitHub/proj_bur
eaucrats_farms/figures/exploratory_analysis/politician_original_controls_fe_swe
ep/politician_original_fe11_controls_both_event_rotated.png> <C:/Users/eunic/On
eDrive/Documents/GitHub/proj_bureaucrats_farms/figures/exploratory_analysis/pol
itician_original_controls_fe_sweep/politician_original_fe11_controls_both_did_i
nteraction_rural_acpop_all_1.png>] [24

]
<C:/Users/eunic/OneDrive/Documents/GitHub/proj_bureaucrats_farms/figures/explor
atory_analysis/politician_original_controls_fe_sweep/politician_original_fe12_c
ontrols_both_event_ori.png, id=335, 578.16pt x 289.08pt>
File: C:/Users/eunic/OneDrive/Documents/GitHub/proj_bureaucrats_farms/figures/e
xploratory_analysis/politician_original_controls_fe_sweep/politician_original_f
e12_controls_both_event_ori.png Graphic file (type png)
<use C:/Users/eunic/OneDrive/Documents/GitHub/proj_bureaucrats_farms/figures/ex
ploratory_analysis/politician_original_controls_fe_sweep/politician_original_fe
12_controls_both_event_ori.png>
Package pdftex.def Info: C:/Users/eunic/OneDrive/Documents/GitHub/proj_bureaucr
ats_farms/figures/exploratory_analysis/politician_original_controls_fe_sweep/po
litician_original_fe12_controls_both_event_ori.png  used on input line 463.
(pdftex.def)             Requested size: 343.42375pt x 171.7114pt.
<C:/Users/eunic/OneDrive/Documents/GitHub/proj_bureaucrats_farms/figures/explor
atory_analysis/politician_original_controls_fe_sweep/politician_original_fe12_c
ontrols_both_event_rotated.png, id=336, 578.16pt x 289.08pt>
File: C:/Users/eunic/OneDrive/Documents/GitHub/proj_bureaucrats_farms/figures/e
xploratory_analysis/politician_original_controls_fe_sweep/politician_original_f
e12_controls_both_event_rotated.png Graphic file (type png)
<use C:/Users/eunic/OneDrive/Documents/GitHub/proj_bureaucrats_farms/figures/ex
ploratory_analysis/politician_original_controls_fe_sweep/politician_original_fe
12_controls_both_event_rotated.png>
Package pdftex.def Info: C:/Users/eunic/OneDrive/Documents/GitHub/proj_bureaucr
ats_farms/figures/exploratory_analysis/politician_original_controls_fe_sweep/po
litician_original_fe12_controls_both_event_rotated.png  used on input line 467.

(pdftex.def)             Requested size: 343.42375pt x 171.7114pt.
<C:/Users/eunic/OneDrive/Documents/GitHub/proj_bureaucrats_farms/figures/explor
atory_analysis/politician_original_controls_fe_sweep/politician_original_fe12_c
ontrols_both_did_interaction_rural_acpop_all_1.png, id=337, 542.025pt x 325.215
pt>
File: C:/Users/eunic/OneDrive/Documents/GitHub/proj_bureaucrats_farms/figures/e
xploratory_analysis/politician_original_controls_fe_sweep/politician_original_f
e12_controls_both_did_interaction_rural_acpop_all_1.png Graphic file (type png)

<use C:/Users/eunic/OneDrive/Documents/GitHub/proj_bureaucrats_farms/figures/ex
ploratory_analysis/politician_original_controls_fe_sweep/politician_original_fe
12_controls_both_did_interaction_rural_acpop_all_1.png>
Package pdftex.def Info: C:/Users/eunic/OneDrive/Documents/GitHub/proj_bureaucr
ats_farms/figures/exploratory_analysis/politician_original_controls_fe_sweep/po
litician_original_fe12_controls_both_did_interaction_rural_acpop_all_1.png  use
d on input line 470.
(pdftex.def)             Requested size: 386.35037pt x 231.81734pt.
 [25

 <C:/Users/eunic/OneDrive/Documents/GitHub/proj_bureaucrats_farms/figures/explo
ratory_analysis/politician_original_controls_fe_sweep/politician_original_fe12_
controls_both_event_ori.png> <C:/Users/eunic/OneDrive/Documents/GitHub/proj_bur
eaucrats_farms/figures/exploratory_analysis/politician_original_controls_fe_swe
ep/politician_original_fe12_controls_both_event_rotated.png> <C:/Users/eunic/On
eDrive/Documents/GitHub/proj_bureaucrats_farms/figures/exploratory_analysis/pol
itician_original_controls_fe_sweep/politician_original_fe12_controls_both_did_i
nteraction_rural_acpop_all_1.png>]
[26

]
<C:/Users/eunic/OneDrive/Documents/GitHub/proj_bureaucrats_farms/figures/explor
atory_analysis/politician_original_controls_fe_sweep/politician_original_fe13_c
ontrols_both_event_ori.png, id=349, 578.16pt x 289.08pt>
File: C:/Users/eunic/OneDrive/Documents/GitHub/proj_bureaucrats_farms/figures/e
xploratory_analysis/politician_original_controls_fe_sweep/politician_original_f
e13_controls_both_event_ori.png Graphic file (type png)
<use C:/Users/eunic/OneDrive/Documents/GitHub/proj_bureaucrats_farms/figures/ex
ploratory_analysis/politician_original_controls_fe_sweep/politician_original_fe
13_controls_both_event_ori.png>
Package pdftex.def Info: C:/Users/eunic/OneDrive/Documents/GitHub/proj_bureaucr
ats_farms/figures/exploratory_analysis/politician_original_controls_fe_sweep/po
litician_original_fe13_controls_both_event_ori.png  used on input line 503.
(pdftex.def)             Requested size: 343.42375pt x 171.7114pt.
<C:/Users/eunic/OneDrive/Documents/GitHub/proj_bureaucrats_farms/figures/explor
atory_analysis/politician_original_controls_fe_sweep/politician_original_fe13_c
ontrols_both_event_rotated.png, id=350, 578.16pt x 289.08pt>
File: C:/Users/eunic/OneDrive/Documents/GitHub/proj_bureaucrats_farms/figures/e
xploratory_analysis/politician_original_controls_fe_sweep/politician_original_f
e13_controls_both_event_rotated.png Graphic file (type png)
<use C:/Users/eunic/OneDrive/Documents/GitHub/proj_bureaucrats_farms/figures/ex
ploratory_analysis/politician_original_controls_fe_sweep/politician_original_fe
13_controls_both_event_rotated.png>
Package pdftex.def Info: C:/Users/eunic/OneDrive/Documents/GitHub/proj_bureaucr
ats_farms/figures/exploratory_analysis/politician_original_controls_fe_sweep/po
litician_original_fe13_controls_both_event_rotated.png  used on input line 507.

(pdftex.def)             Requested size: 343.42375pt x 171.7114pt.
<C:/Users/eunic/OneDrive/Documents/GitHub/proj_bureaucrats_farms/figures/explor
atory_analysis/politician_original_controls_fe_sweep/politician_original_fe13_c
ontrols_both_did_interaction_rural_acpop_all_1.png, id=351, 542.025pt x 325.215
pt>
File: C:/Users/eunic/OneDrive/Documents/GitHub/proj_bureaucrats_farms/figures/e
xploratory_analysis/politician_original_controls_fe_sweep/politician_original_f
e13_controls_both_did_interaction_rural_acpop_all_1.png Graphic file (type png)

<use C:/Users/eunic/OneDrive/Documents/GitHub/proj_bureaucrats_farms/figures/ex
ploratory_analysis/politician_original_controls_fe_sweep/politician_original_fe
13_controls_both_did_interaction_rural_acpop_all_1.png>
Package pdftex.def Info: C:/Users/eunic/OneDrive/Documents/GitHub/proj_bureaucr
ats_farms/figures/exploratory_analysis/politician_original_controls_fe_sweep/po
litician_original_fe13_controls_both_did_interaction_rural_acpop_all_1.png  use
d on input line 510.
(pdftex.def)             Requested size: 386.35037pt x 231.81734pt.
 [27

 <C:/Users/eunic/OneDrive/Documents/GitHub/proj_bureaucrats_farms/figures/explo
ratory_analysis/politician_original_controls_fe_sweep/politician_original_fe13_
controls_both_event_ori.png> <C:/Users/eunic/OneDrive/Documents/GitHub/proj_bur
eaucrats_farms/figures/exploratory_analysis/politician_original_controls_fe_swe
ep/politician_original_fe13_controls_both_event_rotated.png> <C:/Users/eunic/On
eDrive/Documents/GitHub/proj_bureaucrats_farms/figures/exploratory_analysis/pol
itician_original_controls_fe_sweep/politician_original_fe13_controls_both_did_i
nteraction_rural_acpop_all_1.png>] [28

]
<C:/Users/eunic/OneDrive/Documents/GitHub/proj_bureaucrats_farms/figures/explor
atory_analysis/politician_original_controls_fe_sweep/politician_original_fe14_c
ontrols_both_event_ori.png, id=362, 578.16pt x 289.08pt>
File: C:/Users/eunic/OneDrive/Documents/GitHub/proj_bureaucrats_farms/figures/e
xploratory_analysis/politician_original_controls_fe_sweep/politician_original_f
e14_controls_both_event_ori.png Graphic file (type png)
<use C:/Users/eunic/OneDrive/Documents/GitHub/proj_bureaucrats_farms/figures/ex
ploratory_analysis/politician_original_controls_fe_sweep/politician_original_fe
14_controls_both_event_ori.png>
Package pdftex.def Info: C:/Users/eunic/OneDrive/Documents/GitHub/proj_bureaucr
ats_farms/figures/exploratory_analysis/politician_original_controls_fe_sweep/po
litician_original_fe14_controls_both_event_ori.png  used on input line 543.
(pdftex.def)             Requested size: 343.42375pt x 171.7114pt.
<C:/Users/eunic/OneDrive/Documents/GitHub/proj_bureaucrats_farms/figures/explor
atory_analysis/politician_original_controls_fe_sweep/politician_original_fe14_c
ontrols_both_event_rotated.png, id=363, 578.16pt x 289.08pt>
File: C:/Users/eunic/OneDrive/Documents/GitHub/proj_bureaucrats_farms/figures/e
xploratory_analysis/politician_original_controls_fe_sweep/politician_original_f
e14_controls_both_event_rotated.png Graphic file (type png)
<use C:/Users/eunic/OneDrive/Documents/GitHub/proj_bureaucrats_farms/figures/ex
ploratory_analysis/politician_original_controls_fe_sweep/politician_original_fe
14_controls_both_event_rotated.png>
Package pdftex.def Info: C:/Users/eunic/OneDrive/Documents/GitHub/proj_bureaucr
ats_farms/figures/exploratory_analysis/politician_original_controls_fe_sweep/po
litician_original_fe14_controls_both_event_rotated.png  used on input line 547.

(pdftex.def)             Requested size: 343.42375pt x 171.7114pt.
<C:/Users/eunic/OneDrive/Documents/GitHub/proj_bureaucrats_farms/figures/explor
atory_analysis/politician_original_controls_fe_sweep/politician_original_fe14_c
ontrols_both_did_interaction_rural_acpop_all_1.png, id=364, 542.025pt x 325.215
pt>
File: C:/Users/eunic/OneDrive/Documents/GitHub/proj_bureaucrats_farms/figures/e
xploratory_analysis/politician_original_controls_fe_sweep/politician_original_f
e14_controls_both_did_interaction_rural_acpop_all_1.png Graphic file (type png)

<use C:/Users/eunic/OneDrive/Documents/GitHub/proj_bureaucrats_farms/figures/ex
ploratory_analysis/politician_original_controls_fe_sweep/politician_original_fe
14_controls_both_did_interaction_rural_acpop_all_1.png>
Package pdftex.def Info: C:/Users/eunic/OneDrive/Documents/GitHub/proj_bureaucr
ats_farms/figures/exploratory_analysis/politician_original_controls_fe_sweep/po
litician_original_fe14_controls_both_did_interaction_rural_acpop_all_1.png  use
d on input line 550.
(pdftex.def)             Requested size: 386.35037pt x 231.81734pt.
 [29

 <C:/Users/eunic/OneDrive/Documents/GitHub/proj_bureaucrats_farms/figures/explo
ratory_analysis/politician_original_controls_fe_sweep/politician_original_fe14_
controls_both_event_ori.png> <C:/Users/eunic/OneDrive/Documents/GitHub/proj_bur
eaucrats_farms/figures/exploratory_analysis/politician_original_controls_fe_swe
ep/politician_original_fe14_controls_both_event_rotated.png> <C:/Users/eunic/On
eDrive/Documents/GitHub/proj_bureaucrats_farms/figures/exploratory_analysis/pol
itician_original_controls_fe_sweep/politician_original_fe14_controls_both_did_i
nteraction_rural_acpop_all_1.png>] [30

]
<C:/Users/eunic/OneDrive/Documents/GitHub/proj_bureaucrats_farms/figures/explor
atory_analysis/politician_original_controls_fe_sweep/politician_original_fe15_c
ontrols_both_event_ori.png, id=375, 578.16pt x 289.08pt>
File: C:/Users/eunic/OneDrive/Documents/GitHub/proj_bureaucrats_farms/figures/e
xploratory_analysis/politician_original_controls_fe_sweep/politician_original_f
e15_controls_both_event_ori.png Graphic file (type png)
<use C:/Users/eunic/OneDrive/Documents/GitHub/proj_bureaucrats_farms/figures/ex
ploratory_analysis/politician_original_controls_fe_sweep/politician_original_fe
15_controls_both_event_ori.png>
Package pdftex.def Info: C:/Users/eunic/OneDrive/Documents/GitHub/proj_bureaucr
ats_farms/figures/exploratory_analysis/politician_original_controls_fe_sweep/po
litician_original_fe15_controls_both_event_ori.png  used on input line 583.
(pdftex.def)             Requested size: 343.42375pt x 171.7114pt.
<C:/Users/eunic/OneDrive/Documents/GitHub/proj_bureaucrats_farms/figures/explor
atory_analysis/politician_original_controls_fe_sweep/politician_original_fe15_c
ontrols_both_event_rotated.png, id=376, 578.16pt x 289.08pt>
File: C:/Users/eunic/OneDrive/Documents/GitHub/proj_bureaucrats_farms/figures/e
xploratory_analysis/politician_original_controls_fe_sweep/politician_original_f
e15_controls_both_event_rotated.png Graphic file (type png)
<use C:/Users/eunic/OneDrive/Documents/GitHub/proj_bureaucrats_farms/figures/ex
ploratory_analysis/politician_original_controls_fe_sweep/politician_original_fe
15_controls_both_event_rotated.png>
Package pdftex.def Info: C:/Users/eunic/OneDrive/Documents/GitHub/proj_bureaucr
ats_farms/figures/exploratory_analysis/politician_original_controls_fe_sweep/po
litician_original_fe15_controls_both_event_rotated.png  used on input line 587.

(pdftex.def)             Requested size: 343.42375pt x 171.7114pt.
<C:/Users/eunic/OneDrive/Documents/GitHub/proj_bureaucrats_farms/figures/explor
atory_analysis/politician_original_controls_fe_sweep/politician_original_fe15_c
ontrols_both_did_interaction_rural_acpop_all_1.png, id=377, 542.025pt x 325.215
pt>
File: C:/Users/eunic/OneDrive/Documents/GitHub/proj_bureaucrats_farms/figures/e
xploratory_analysis/politician_original_controls_fe_sweep/politician_original_f
e15_controls_both_did_interaction_rural_acpop_all_1.png Graphic file (type png)

<use C:/Users/eunic/OneDrive/Documents/GitHub/proj_bureaucrats_farms/figures/ex
ploratory_analysis/politician_original_controls_fe_sweep/politician_original_fe
15_controls_both_did_interaction_rural_acpop_all_1.png>
Package pdftex.def Info: C:/Users/eunic/OneDrive/Documents/GitHub/proj_bureaucr
ats_farms/figures/exploratory_analysis/politician_original_controls_fe_sweep/po
litician_original_fe15_controls_both_did_interaction_rural_acpop_all_1.png  use
d on input line 590.
(pdftex.def)             Requested size: 386.35037pt x 231.81734pt.
 [31

 <C:/Users/eunic/OneDrive/Documents/GitHub/proj_bureaucrats_farms/figures/explo
ratory_analysis/politician_original_controls_fe_sweep/politician_original_fe15_
controls_both_event_ori.png> <C:/Users/eunic/OneDrive/Documents/GitHub/proj_bur
eaucrats_farms/figures/exploratory_analysis/politician_original_controls_fe_swe
ep/politician_original_fe15_controls_both_event_rotated.png> <C:/Users/eunic/On
eDrive/Documents/GitHub/proj_bureaucrats_farms/figures/exploratory_analysis/pol
itician_original_controls_fe_sweep/politician_original_fe15_controls_both_did_i
nteraction_rural_acpop_all_1.png>] [32

]
<C:/Users/eunic/OneDrive/Documents/GitHub/proj_bureaucrats_farms/figures/explor
atory_analysis/politician_original_controls_fe_sweep/politician_original_fe16_c
ontrols_both_event_ori.png, id=389, 578.16pt x 289.08pt>
File: C:/Users/eunic/OneDrive/Documents/GitHub/proj_bureaucrats_farms/figures/e
xploratory_analysis/politician_original_controls_fe_sweep/politician_original_f
e16_controls_both_event_ori.png Graphic file (type png)
<use C:/Users/eunic/OneDrive/Documents/GitHub/proj_bureaucrats_farms/figures/ex
ploratory_analysis/politician_original_controls_fe_sweep/politician_original_fe
16_controls_both_event_ori.png>
Package pdftex.def Info: C:/Users/eunic/OneDrive/Documents/GitHub/proj_bureaucr
ats_farms/figures/exploratory_analysis/politician_original_controls_fe_sweep/po
litician_original_fe16_controls_both_event_ori.png  used on input line 623.
(pdftex.def)             Requested size: 343.42375pt x 171.7114pt.
<C:/Users/eunic/OneDrive/Documents/GitHub/proj_bureaucrats_farms/figures/explor
atory_analysis/politician_original_controls_fe_sweep/politician_original_fe16_c
ontrols_both_event_rotated.png, id=390, 578.16pt x 289.08pt>
File: C:/Users/eunic/OneDrive/Documents/GitHub/proj_bureaucrats_farms/figures/e
xploratory_analysis/politician_original_controls_fe_sweep/politician_original_f
e16_controls_both_event_rotated.png Graphic file (type png)
<use C:/Users/eunic/OneDrive/Documents/GitHub/proj_bureaucrats_farms/figures/ex
ploratory_analysis/politician_original_controls_fe_sweep/politician_original_fe
16_controls_both_event_rotated.png>
Package pdftex.def Info: C:/Users/eunic/OneDrive/Documents/GitHub/proj_bureaucr
ats_farms/figures/exploratory_analysis/politician_original_controls_fe_sweep/po
litician_original_fe16_controls_both_event_rotated.png  used on input line 627.

(pdftex.def)             Requested size: 343.42375pt x 171.7114pt.
<C:/Users/eunic/OneDrive/Documents/GitHub/proj_bureaucrats_farms/figures/explor
atory_analysis/politician_original_controls_fe_sweep/politician_original_fe16_c
ontrols_both_did_interaction_rural_acpop_all_1.png, id=391, 542.025pt x 325.215
pt>
File: C:/Users/eunic/OneDrive/Documents/GitHub/proj_bureaucrats_farms/figures/e
xploratory_analysis/politician_original_controls_fe_sweep/politician_original_f
e16_controls_both_did_interaction_rural_acpop_all_1.png Graphic file (type png)

<use C:/Users/eunic/OneDrive/Documents/GitHub/proj_bureaucrats_farms/figures/ex
ploratory_analysis/politician_original_controls_fe_sweep/politician_original_fe
16_controls_both_did_interaction_rural_acpop_all_1.png>
Package pdftex.def Info: C:/Users/eunic/OneDrive/Documents/GitHub/proj_bureaucr
ats_farms/figures/exploratory_analysis/politician_original_controls_fe_sweep/po
litician_original_fe16_controls_both_did_interaction_rural_acpop_all_1.png  use
d on input line 630.
(pdftex.def)             Requested size: 386.35037pt x 231.81734pt.
 [33

 <C:/Users/eunic/OneDrive/Documents/GitHub/proj_bureaucrats_farms/figures/explo
ratory_analysis/politician_original_controls_fe_sweep/politician_original_fe16_
controls_both_event_ori.png> <C:/Users/eunic/OneDrive/Documents/GitHub/proj_bur
eaucrats_farms/figures/exploratory_analysis/politician_original_controls_fe_swe
ep/politician_original_fe16_controls_both_event_rotated.png> <C:/Users/eunic/On
eDrive/Documents/GitHub/proj_bureaucrats_farms/figures/exploratory_analysis/pol
itician_original_controls_fe_sweep/politician_original_fe16_controls_both_did_i
nteraction_rural_acpop_all_1.png>] [34

]
<C:/Users/eunic/OneDrive/Documents/GitHub/proj_bureaucrats_farms/figures/explor
atory_analysis/politician_original_controls_fe_sweep/politician_original_fe17_c
ontrols_both_event_ori.png, id=402, 578.16pt x 289.08pt>
File: C:/Users/eunic/OneDrive/Documents/GitHub/proj_bureaucrats_farms/figures/e
xploratory_analysis/politician_original_controls_fe_sweep/politician_original_f
e17_controls_both_event_ori.png Graphic file (type png)
<use C:/Users/eunic/OneDrive/Documents/GitHub/proj_bureaucrats_farms/figures/ex
ploratory_analysis/politician_original_controls_fe_sweep/politician_original_fe
17_controls_both_event_ori.png>
Package pdftex.def Info: C:/Users/eunic/OneDrive/Documents/GitHub/proj_bureaucr
ats_farms/figures/exploratory_analysis/politician_original_controls_fe_sweep/po
litician_original_fe17_controls_both_event_ori.png  used on input line 663.
(pdftex.def)             Requested size: 343.42375pt x 171.7114pt.
<C:/Users/eunic/OneDrive/Documents/GitHub/proj_bureaucrats_farms/figures/explor
atory_analysis/politician_original_controls_fe_sweep/politician_original_fe17_c
ontrols_both_event_rotated.png, id=403, 578.16pt x 289.08pt>
File: C:/Users/eunic/OneDrive/Documents/GitHub/proj_bureaucrats_farms/figures/e
xploratory_analysis/politician_original_controls_fe_sweep/politician_original_f
e17_controls_both_event_rotated.png Graphic file (type png)
<use C:/Users/eunic/OneDrive/Documents/GitHub/proj_bureaucrats_farms/figures/ex
ploratory_analysis/politician_original_controls_fe_sweep/politician_original_fe
17_controls_both_event_rotated.png>
Package pdftex.def Info: C:/Users/eunic/OneDrive/Documents/GitHub/proj_bureaucr
ats_farms/figures/exploratory_analysis/politician_original_controls_fe_sweep/po
litician_original_fe17_controls_both_event_rotated.png  used on input line 667.

(pdftex.def)             Requested size: 343.42375pt x 171.7114pt.
<C:/Users/eunic/OneDrive/Documents/GitHub/proj_bureaucrats_farms/figures/explor
atory_analysis/politician_original_controls_fe_sweep/politician_original_fe17_c
ontrols_both_did_interaction_rural_acpop_all_1.png, id=404, 542.025pt x 325.215
pt>
File: C:/Users/eunic/OneDrive/Documents/GitHub/proj_bureaucrats_farms/figures/e
xploratory_analysis/politician_original_controls_fe_sweep/politician_original_f
e17_controls_both_did_interaction_rural_acpop_all_1.png Graphic file (type png)

<use C:/Users/eunic/OneDrive/Documents/GitHub/proj_bureaucrats_farms/figures/ex
ploratory_analysis/politician_original_controls_fe_sweep/politician_original_fe
17_controls_both_did_interaction_rural_acpop_all_1.png>
Package pdftex.def Info: C:/Users/eunic/OneDrive/Documents/GitHub/proj_bureaucr
ats_farms/figures/exploratory_analysis/politician_original_controls_fe_sweep/po
litician_original_fe17_controls_both_did_interaction_rural_acpop_all_1.png  use
d on input line 670.
(pdftex.def)             Requested size: 386.35037pt x 231.81734pt.
 [35

 <C:/Users/eunic/OneDrive/Documents/GitHub/proj_bureaucrats_farms/figures/explo
ratory_analysis/politician_original_controls_fe_sweep/politician_original_fe17_
controls_both_event_ori.png> <C:/Users/eunic/OneDrive/Documents/GitHub/proj_bur
eaucrats_farms/figures/exploratory_analysis/politician_original_controls_fe_swe
ep/politician_original_fe17_controls_both_event_rotated.png> <C:/Users/eunic/On
eDrive/Documents/GitHub/proj_bureaucrats_farms/figures/exploratory_analysis/pol
itician_original_controls_fe_sweep/politician_original_fe17_controls_both_did_i
nteraction_rural_acpop_all_1.png>] [36

]
<C:/Users/eunic/OneDrive/Documents/GitHub/proj_bureaucrats_farms/figures/explor
atory_analysis/politician_original_controls_fe_sweep/politician_original_fe18_c
ontrols_both_event_ori.png, id=415, 578.16pt x 289.08pt>
File: C:/Users/eunic/OneDrive/Documents/GitHub/proj_bureaucrats_farms/figures/e
xploratory_analysis/politician_original_controls_fe_sweep/politician_original_f
e18_controls_both_event_ori.png Graphic file (type png)
<use C:/Users/eunic/OneDrive/Documents/GitHub/proj_bureaucrats_farms/figures/ex
ploratory_analysis/politician_original_controls_fe_sweep/politician_original_fe
18_controls_both_event_ori.png>
Package pdftex.def Info: C:/Users/eunic/OneDrive/Documents/GitHub/proj_bureaucr
ats_farms/figures/exploratory_analysis/politician_original_controls_fe_sweep/po
litician_original_fe18_controls_both_event_ori.png  used on input line 703.
(pdftex.def)             Requested size: 343.42375pt x 171.7114pt.
<C:/Users/eunic/OneDrive/Documents/GitHub/proj_bureaucrats_farms/figures/explor
atory_analysis/politician_original_controls_fe_sweep/politician_original_fe18_c
ontrols_both_event_rotated.png, id=416, 578.16pt x 289.08pt>
File: C:/Users/eunic/OneDrive/Documents/GitHub/proj_bureaucrats_farms/figures/e
xploratory_analysis/politician_original_controls_fe_sweep/politician_original_f
e18_controls_both_event_rotated.png Graphic file (type png)
<use C:/Users/eunic/OneDrive/Documents/GitHub/proj_bureaucrats_farms/figures/ex
ploratory_analysis/politician_original_controls_fe_sweep/politician_original_fe
18_controls_both_event_rotated.png>
Package pdftex.def Info: C:/Users/eunic/OneDrive/Documents/GitHub/proj_bureaucr
ats_farms/figures/exploratory_analysis/politician_original_controls_fe_sweep/po
litician_original_fe18_controls_both_event_rotated.png  used on input line 707.

(pdftex.def)             Requested size: 343.42375pt x 171.7114pt.
<C:/Users/eunic/OneDrive/Documents/GitHub/proj_bureaucrats_farms/figures/explor
atory_analysis/politician_original_controls_fe_sweep/politician_original_fe18_c
ontrols_both_did_interaction_rural_acpop_all_1.png, id=417, 542.025pt x 325.215
pt>
File: C:/Users/eunic/OneDrive/Documents/GitHub/proj_bureaucrats_farms/figures/e
xploratory_analysis/politician_original_controls_fe_sweep/politician_original_f
e18_controls_both_did_interaction_rural_acpop_all_1.png Graphic file (type png)

<use C:/Users/eunic/OneDrive/Documents/GitHub/proj_bureaucrats_farms/figures/ex
ploratory_analysis/politician_original_controls_fe_sweep/politician_original_fe
18_controls_both_did_interaction_rural_acpop_all_1.png>
Package pdftex.def Info: C:/Users/eunic/OneDrive/Documents/GitHub/proj_bureaucr
ats_farms/figures/exploratory_analysis/politician_original_controls_fe_sweep/po
litician_original_fe18_controls_both_did_interaction_rural_acpop_all_1.png  use
d on input line 710.
(pdftex.def)             Requested size: 386.35037pt x 231.81734pt.
 [37

 <C:/Users/eunic/OneDrive/Documents/GitHub/proj_bureaucrats_farms/figures/explo
ratory_analysis/politician_original_controls_fe_sweep/politician_original_fe18_
controls_both_event_ori.png> <C:/Users/eunic/OneDrive/Documents/GitHub/proj_bur
eaucrats_farms/figures/exploratory_analysis/politician_original_controls_fe_swe
ep/politician_original_fe18_controls_both_event_rotated.png> <C:/Users/eunic/On
eDrive/Documents/GitHub/proj_bureaucrats_farms/figures/exploratory_analysis/pol
itician_original_controls_fe_sweep/politician_original_fe18_controls_both_did_i
nteraction_rural_acpop_all_1.png>] [38

]
<C:/Users/eunic/OneDrive/Documents/GitHub/proj_bureaucrats_farms/figures/explor
atory_analysis/politician_original_controls_fe_sweep/politician_original_fe19_c
ontrols_both_event_ori.png, id=429, 578.16pt x 289.08pt>
File: C:/Users/eunic/OneDrive/Documents/GitHub/proj_bureaucrats_farms/figures/e
xploratory_analysis/politician_original_controls_fe_sweep/politician_original_f
e19_controls_both_event_ori.png Graphic file (type png)
<use C:/Users/eunic/OneDrive/Documents/GitHub/proj_bureaucrats_farms/figures/ex
ploratory_analysis/politician_original_controls_fe_sweep/politician_original_fe
19_controls_both_event_ori.png>
Package pdftex.def Info: C:/Users/eunic/OneDrive/Documents/GitHub/proj_bureaucr
ats_farms/figures/exploratory_analysis/politician_original_controls_fe_sweep/po
litician_original_fe19_controls_both_event_ori.png  used on input line 743.
(pdftex.def)             Requested size: 343.42375pt x 171.7114pt.
<C:/Users/eunic/OneDrive/Documents/GitHub/proj_bureaucrats_farms/figures/explor
atory_analysis/politician_original_controls_fe_sweep/politician_original_fe19_c
ontrols_both_event_rotated.png, id=430, 578.16pt x 289.08pt>
File: C:/Users/eunic/OneDrive/Documents/GitHub/proj_bureaucrats_farms/figures/e
xploratory_analysis/politician_original_controls_fe_sweep/politician_original_f
e19_controls_both_event_rotated.png Graphic file (type png)
<use C:/Users/eunic/OneDrive/Documents/GitHub/proj_bureaucrats_farms/figures/ex
ploratory_analysis/politician_original_controls_fe_sweep/politician_original_fe
19_controls_both_event_rotated.png>
Package pdftex.def Info: C:/Users/eunic/OneDrive/Documents/GitHub/proj_bureaucr
ats_farms/figures/exploratory_analysis/politician_original_controls_fe_sweep/po
litician_original_fe19_controls_both_event_rotated.png  used on input line 747.

(pdftex.def)             Requested size: 343.42375pt x 171.7114pt.
<C:/Users/eunic/OneDrive/Documents/GitHub/proj_bureaucrats_farms/figures/explor
atory_analysis/politician_original_controls_fe_sweep/politician_original_fe19_c
ontrols_both_did_interaction_rural_acpop_all_1.png, id=431, 542.025pt x 325.215
pt>
File: C:/Users/eunic/OneDrive/Documents/GitHub/proj_bureaucrats_farms/figures/e
xploratory_analysis/politician_original_controls_fe_sweep/politician_original_f
e19_controls_both_did_interaction_rural_acpop_all_1.png Graphic file (type png)

<use C:/Users/eunic/OneDrive/Documents/GitHub/proj_bureaucrats_farms/figures/ex
ploratory_analysis/politician_original_controls_fe_sweep/politician_original_fe
19_controls_both_did_interaction_rural_acpop_all_1.png>
Package pdftex.def Info: C:/Users/eunic/OneDrive/Documents/GitHub/proj_bureaucr
ats_farms/figures/exploratory_analysis/politician_original_controls_fe_sweep/po
litician_original_fe19_controls_both_did_interaction_rural_acpop_all_1.png  use
d on input line 750.
(pdftex.def)             Requested size: 386.35037pt x 231.81734pt.
 [39

 <C:/Users/eunic/OneDrive/Documents/GitHub/proj_bureaucrats_farms/figures/explo
ratory_analysis/politician_original_controls_fe_sweep/politician_original_fe19_
controls_both_event_ori.png> <C:/Users/eunic/OneDrive/Documents/GitHub/proj_bur
eaucrats_farms/figures/exploratory_analysis/politician_original_controls_fe_swe
ep/politician_original_fe19_controls_both_event_rotated.png> <C:/Users/eunic/On
eDrive/Documents/GitHub/proj_bureaucrats_farms/figures/exploratory_analysis/pol
itician_original_controls_fe_sweep/politician_original_fe19_controls_both_did_i
nteraction_rural_acpop_all_1.png>] [40

]
<C:/Users/eunic/OneDrive/Documents/GitHub/proj_bureaucrats_farms/figures/explor
atory_analysis/politician_original_controls_fe_sweep/politician_original_fe20_c
ontrols_both_event_ori.png, id=442, 578.16pt x 289.08pt>
File: C:/Users/eunic/OneDrive/Documents/GitHub/proj_bureaucrats_farms/figures/e
xploratory_analysis/politician_original_controls_fe_sweep/politician_original_f
e20_controls_both_event_ori.png Graphic file (type png)
<use C:/Users/eunic/OneDrive/Documents/GitHub/proj_bureaucrats_farms/figures/ex
ploratory_analysis/politician_original_controls_fe_sweep/politician_original_fe
20_controls_both_event_ori.png>
Package pdftex.def Info: C:/Users/eunic/OneDrive/Documents/GitHub/proj_bureaucr
ats_farms/figures/exploratory_analysis/politician_original_controls_fe_sweep/po
litician_original_fe20_controls_both_event_ori.png  used on input line 783.
(pdftex.def)             Requested size: 343.42375pt x 171.7114pt.
<C:/Users/eunic/OneDrive/Documents/GitHub/proj_bureaucrats_farms/figures/explor
atory_analysis/politician_original_controls_fe_sweep/politician_original_fe20_c
ontrols_both_event_rotated.png, id=443, 578.16pt x 289.08pt>
File: C:/Users/eunic/OneDrive/Documents/GitHub/proj_bureaucrats_farms/figures/e
xploratory_analysis/politician_original_controls_fe_sweep/politician_original_f
e20_controls_both_event_rotated.png Graphic file (type png)
<use C:/Users/eunic/OneDrive/Documents/GitHub/proj_bureaucrats_farms/figures/ex
ploratory_analysis/politician_original_controls_fe_sweep/politician_original_fe
20_controls_both_event_rotated.png>
Package pdftex.def Info: C:/Users/eunic/OneDrive/Documents/GitHub/proj_bureaucr
ats_farms/figures/exploratory_analysis/politician_original_controls_fe_sweep/po
litician_original_fe20_controls_both_event_rotated.png  used on input line 787.

(pdftex.def)             Requested size: 343.42375pt x 171.7114pt.
<C:/Users/eunic/OneDrive/Documents/GitHub/proj_bureaucrats_farms/figures/explor
atory_analysis/politician_original_controls_fe_sweep/politician_original_fe20_c
ontrols_both_did_interaction_rural_acpop_all_1.png, id=444, 542.025pt x 325.215
pt>
File: C:/Users/eunic/OneDrive/Documents/GitHub/proj_bureaucrats_farms/figures/e
xploratory_analysis/politician_original_controls_fe_sweep/politician_original_f
e20_controls_both_did_interaction_rural_acpop_all_1.png Graphic file (type png)

<use C:/Users/eunic/OneDrive/Documents/GitHub/proj_bureaucrats_farms/figures/ex
ploratory_analysis/politician_original_controls_fe_sweep/politician_original_fe
20_controls_both_did_interaction_rural_acpop_all_1.png>
Package pdftex.def Info: C:/Users/eunic/OneDrive/Documents/GitHub/proj_bureaucr
ats_farms/figures/exploratory_analysis/politician_original_controls_fe_sweep/po
litician_original_fe20_controls_both_did_interaction_rural_acpop_all_1.png  use
d on input line 790.
(pdftex.def)             Requested size: 386.35037pt x 231.81734pt.
 [41

 <C:/Users/eunic/OneDrive/Documents/GitHub/proj_bureaucrats_farms/figures/explo
ratory_analysis/politician_original_controls_fe_sweep/politician_original_fe20_
controls_both_event_ori.png> <C:/Users/eunic/OneDrive/Documents/GitHub/proj_bur
eaucrats_farms/figures/exploratory_analysis/politician_original_controls_fe_swe
ep/politician_original_fe20_controls_both_event_rotated.png> <C:/Users/eunic/On
eDrive/Documents/GitHub/proj_bureaucrats_farms/figures/exploratory_analysis/pol
itician_original_controls_fe_sweep/politician_original_fe20_controls_both_did_i
nteraction_rural_acpop_all_1.png>] [42

]
<C:/Users/eunic/OneDrive/Documents/GitHub/proj_bureaucrats_farms/figures/explor
atory_analysis/politician_original_controls_fe_sweep/politician_original_fe21_c
ontrols_both_event_ori.png, id=455, 578.16pt x 289.08pt>
File: C:/Users/eunic/OneDrive/Documents/GitHub/proj_bureaucrats_farms/figures/e
xploratory_analysis/politician_original_controls_fe_sweep/politician_original_f
e21_controls_both_event_ori.png Graphic file (type png)
<use C:/Users/eunic/OneDrive/Documents/GitHub/proj_bureaucrats_farms/figures/ex
ploratory_analysis/politician_original_controls_fe_sweep/politician_original_fe
21_controls_both_event_ori.png>
Package pdftex.def Info: C:/Users/eunic/OneDrive/Documents/GitHub/proj_bureaucr
ats_farms/figures/exploratory_analysis/politician_original_controls_fe_sweep/po
litician_original_fe21_controls_both_event_ori.png  used on input line 823.
(pdftex.def)             Requested size: 343.42375pt x 171.7114pt.
<C:/Users/eunic/OneDrive/Documents/GitHub/proj_bureaucrats_farms/figures/explor
atory_analysis/politician_original_controls_fe_sweep/politician_original_fe21_c
ontrols_both_event_rotated.png, id=456, 578.16pt x 289.08pt>
File: C:/Users/eunic/OneDrive/Documents/GitHub/proj_bureaucrats_farms/figures/e
xploratory_analysis/politician_original_controls_fe_sweep/politician_original_f
e21_controls_both_event_rotated.png Graphic file (type png)
<use C:/Users/eunic/OneDrive/Documents/GitHub/proj_bureaucrats_farms/figures/ex
ploratory_analysis/politician_original_controls_fe_sweep/politician_original_fe
21_controls_both_event_rotated.png>
Package pdftex.def Info: C:/Users/eunic/OneDrive/Documents/GitHub/proj_bureaucr
ats_farms/figures/exploratory_analysis/politician_original_controls_fe_sweep/po
litician_original_fe21_controls_both_event_rotated.png  used on input line 827.

(pdftex.def)             Requested size: 343.42375pt x 171.7114pt.
<C:/Users/eunic/OneDrive/Documents/GitHub/proj_bureaucrats_farms/figures/explor
atory_analysis/politician_original_controls_fe_sweep/politician_original_fe21_c
ontrols_both_did_interaction_rural_acpop_all_1.png, id=457, 542.025pt x 325.215
pt>
File: C:/Users/eunic/OneDrive/Documents/GitHub/proj_bureaucrats_farms/figures/e
xploratory_analysis/politician_original_controls_fe_sweep/politician_original_f
e21_controls_both_did_interaction_rural_acpop_all_1.png Graphic file (type png)

<use C:/Users/eunic/OneDrive/Documents/GitHub/proj_bureaucrats_farms/figures/ex
ploratory_analysis/politician_original_controls_fe_sweep/politician_original_fe
21_controls_both_did_interaction_rural_acpop_all_1.png>
Package pdftex.def Info: C:/Users/eunic/OneDrive/Documents/GitHub/proj_bureaucr
ats_farms/figures/exploratory_analysis/politician_original_controls_fe_sweep/po
litician_original_fe21_controls_both_did_interaction_rural_acpop_all_1.png  use
d on input line 830.
(pdftex.def)             Requested size: 386.35037pt x 231.81734pt.
 [43

 <C:/Users/eunic/OneDrive/Documents/GitHub/proj_bureaucrats_farms/figures/explo
ratory_analysis/politician_original_controls_fe_sweep/politician_original_fe21_
controls_both_event_ori.png> <C:/Users/eunic/OneDrive/Documents/GitHub/proj_bur
eaucrats_farms/figures/exploratory_analysis/politician_original_controls_fe_swe
ep/politician_original_fe21_controls_both_event_rotated.png> <C:/Users/eunic/On
eDrive/Documents/GitHub/proj_bureaucrats_farms/figures/exploratory_analysis/pol
itician_original_controls_fe_sweep/politician_original_fe21_controls_both_did_i
nteraction_rural_acpop_all_1.png>] [44

]
<C:/Users/eunic/OneDrive/Documents/GitHub/proj_bureaucrats_farms/figures/explor
atory_analysis/politician_original_controls_fe_sweep/politician_original_fe22_c
ontrols_both_event_ori.png, id=469, 578.16pt x 289.08pt>
File: C:/Users/eunic/OneDrive/Documents/GitHub/proj_bureaucrats_farms/figures/e
xploratory_analysis/politician_original_controls_fe_sweep/politician_original_f
e22_controls_both_event_ori.png Graphic file (type png)
<use C:/Users/eunic/OneDrive/Documents/GitHub/proj_bureaucrats_farms/figures/ex
ploratory_analysis/politician_original_controls_fe_sweep/politician_original_fe
22_controls_both_event_ori.png>
Package pdftex.def Info: C:/Users/eunic/OneDrive/Documents/GitHub/proj_bureaucr
ats_farms/figures/exploratory_analysis/politician_original_controls_fe_sweep/po
litician_original_fe22_controls_both_event_ori.png  used on input line 863.
(pdftex.def)             Requested size: 343.42375pt x 171.7114pt.
<C:/Users/eunic/OneDrive/Documents/GitHub/proj_bureaucrats_farms/figures/explor
atory_analysis/politician_original_controls_fe_sweep/politician_original_fe22_c
ontrols_both_event_rotated.png, id=470, 578.16pt x 289.08pt>
File: C:/Users/eunic/OneDrive/Documents/GitHub/proj_bureaucrats_farms/figures/e
xploratory_analysis/politician_original_controls_fe_sweep/politician_original_f
e22_controls_both_event_rotated.png Graphic file (type png)
<use C:/Users/eunic/OneDrive/Documents/GitHub/proj_bureaucrats_farms/figures/ex
ploratory_analysis/politician_original_controls_fe_sweep/politician_original_fe
22_controls_both_event_rotated.png>
Package pdftex.def Info: C:/Users/eunic/OneDrive/Documents/GitHub/proj_bureaucr
ats_farms/figures/exploratory_analysis/politician_original_controls_fe_sweep/po
litician_original_fe22_controls_both_event_rotated.png  used on input line 867.

(pdftex.def)             Requested size: 343.42375pt x 171.7114pt.
<C:/Users/eunic/OneDrive/Documents/GitHub/proj_bureaucrats_farms/figures/explor
atory_analysis/politician_original_controls_fe_sweep/politician_original_fe22_c
ontrols_both_did_interaction_rural_acpop_all_1.png, id=471, 542.025pt x 325.215
pt>
File: C:/Users/eunic/OneDrive/Documents/GitHub/proj_bureaucrats_farms/figures/e
xploratory_analysis/politician_original_controls_fe_sweep/politician_original_f
e22_controls_both_did_interaction_rural_acpop_all_1.png Graphic file (type png)

<use C:/Users/eunic/OneDrive/Documents/GitHub/proj_bureaucrats_farms/figures/ex
ploratory_analysis/politician_original_controls_fe_sweep/politician_original_fe
22_controls_both_did_interaction_rural_acpop_all_1.png>
Package pdftex.def Info: C:/Users/eunic/OneDrive/Documents/GitHub/proj_bureaucr
ats_farms/figures/exploratory_analysis/politician_original_controls_fe_sweep/po
litician_original_fe22_controls_both_did_interaction_rural_acpop_all_1.png  use
d on input line 870.
(pdftex.def)             Requested size: 386.35037pt x 231.81734pt.

[45

 <C:/Users/eunic/OneDrive/Documents/GitHub/proj_bureaucrats_farms/figures/explo
ratory_analysis/politician_original_controls_fe_sweep/politician_original_fe22_
controls_both_event_ori.png> <C:/Users/eunic/OneDrive/Documents/GitHub/proj_bur
eaucrats_farms/figures/exploratory_analysis/politician_original_controls_fe_swe
ep/politician_original_fe22_controls_both_event_rotated.png> <C:/Users/eunic/On
eDrive/Documents/GitHub/proj_bureaucrats_farms/figures/exploratory_analysis/pol
itician_original_controls_fe_sweep/politician_original_fe22_controls_both_did_i
nteraction_rural_acpop_all_1.png>] [46

]
<C:/Users/eunic/OneDrive/Documents/GitHub/proj_bureaucrats_farms/figures/explor
atory_analysis/politician_original_controls_fe_sweep/politician_original_fe23_c
ontrols_both_event_ori.png, id=482, 578.16pt x 289.08pt>
File: C:/Users/eunic/OneDrive/Documents/GitHub/proj_bureaucrats_farms/figures/e
xploratory_analysis/politician_original_controls_fe_sweep/politician_original_f
e23_controls_both_event_ori.png Graphic file (type png)
<use C:/Users/eunic/OneDrive/Documents/GitHub/proj_bureaucrats_farms/figures/ex
ploratory_analysis/politician_original_controls_fe_sweep/politician_original_fe
23_controls_both_event_ori.png>
Package pdftex.def Info: C:/Users/eunic/OneDrive/Documents/GitHub/proj_bureaucr
ats_farms/figures/exploratory_analysis/politician_original_controls_fe_sweep/po
litician_original_fe23_controls_both_event_ori.png  used on input line 903.
(pdftex.def)             Requested size: 343.42375pt x 171.7114pt.
<C:/Users/eunic/OneDrive/Documents/GitHub/proj_bureaucrats_farms/figures/explor
atory_analysis/politician_original_controls_fe_sweep/politician_original_fe23_c
ontrols_both_event_rotated.png, id=483, 578.16pt x 289.08pt>
File: C:/Users/eunic/OneDrive/Documents/GitHub/proj_bureaucrats_farms/figures/e
xploratory_analysis/politician_original_controls_fe_sweep/politician_original_f
e23_controls_both_event_rotated.png Graphic file (type png)
<use C:/Users/eunic/OneDrive/Documents/GitHub/proj_bureaucrats_farms/figures/ex
ploratory_analysis/politician_original_controls_fe_sweep/politician_original_fe
23_controls_both_event_rotated.png>
Package pdftex.def Info: C:/Users/eunic/OneDrive/Documents/GitHub/proj_bureaucr
ats_farms/figures/exploratory_analysis/politician_original_controls_fe_sweep/po
litician_original_fe23_controls_both_event_rotated.png  used on input line 907.

(pdftex.def)             Requested size: 343.42375pt x 171.7114pt.
<C:/Users/eunic/OneDrive/Documents/GitHub/proj_bureaucrats_farms/figures/explor
atory_analysis/politician_original_controls_fe_sweep/politician_original_fe23_c
ontrols_both_did_interaction_rural_acpop_all_1.png, id=484, 542.025pt x 325.215
pt>
File: C:/Users/eunic/OneDrive/Documents/GitHub/proj_bureaucrats_farms/figures/e
xploratory_analysis/politician_original_controls_fe_sweep/politician_original_f
e23_controls_both_did_interaction_rural_acpop_all_1.png Graphic file (type png)

<use C:/Users/eunic/OneDrive/Documents/GitHub/proj_bureaucrats_farms/figures/ex
ploratory_analysis/politician_original_controls_fe_sweep/politician_original_fe
23_controls_both_did_interaction_rural_acpop_all_1.png>
Package pdftex.def Info: C:/Users/eunic/OneDrive/Documents/GitHub/proj_bureaucr
ats_farms/figures/exploratory_analysis/politician_original_controls_fe_sweep/po
litician_original_fe23_controls_both_did_interaction_rural_acpop_all_1.png  use
d on input line 910.
(pdftex.def)             Requested size: 386.35037pt x 231.81734pt.
 [47

 <C:/Users/eunic/OneDrive/Documents/GitHub/proj_bureaucrats_farms/figures/explo
ratory_analysis/politician_original_controls_fe_sweep/politician_original_fe23_
controls_both_event_ori.png> <C:/Users/eunic/OneDrive/Documents/GitHub/proj_bur
eaucrats_farms/figures/exploratory_analysis/politician_original_controls_fe_swe
ep/politician_original_fe23_controls_both_event_rotated.png> <C:/Users/eunic/On
eDrive/Documents/GitHub/proj_bureaucrats_farms/figures/exploratory_analysis/pol
itician_original_controls_fe_sweep/politician_original_fe23_controls_both_did_i
nteraction_rural_acpop_all_1.png>] [48

]
<C:/Users/eunic/OneDrive/Documents/GitHub/proj_bureaucrats_farms/figures/explor
atory_analysis/politician_original_controls_fe_sweep/politician_original_fe24_c
ontrols_both_event_ori.png, id=495, 578.16pt x 289.08pt>
File: C:/Users/eunic/OneDrive/Documents/GitHub/proj_bureaucrats_farms/figures/e
xploratory_analysis/politician_original_controls_fe_sweep/politician_original_f
e24_controls_both_event_ori.png Graphic file (type png)
<use C:/Users/eunic/OneDrive/Documents/GitHub/proj_bureaucrats_farms/figures/ex
ploratory_analysis/politician_original_controls_fe_sweep/politician_original_fe
24_controls_both_event_ori.png>
Package pdftex.def Info: C:/Users/eunic/OneDrive/Documents/GitHub/proj_bureaucr
ats_farms/figures/exploratory_analysis/politician_original_controls_fe_sweep/po
litician_original_fe24_controls_both_event_ori.png  used on input line 943.
(pdftex.def)             Requested size: 343.42375pt x 171.7114pt.
<C:/Users/eunic/OneDrive/Documents/GitHub/proj_bureaucrats_farms/figures/explor
atory_analysis/politician_original_controls_fe_sweep/politician_original_fe24_c
ontrols_both_event_rotated.png, id=496, 578.16pt x 289.08pt>
File: C:/Users/eunic/OneDrive/Documents/GitHub/proj_bureaucrats_farms/figures/e
xploratory_analysis/politician_original_controls_fe_sweep/politician_original_f
e24_controls_both_event_rotated.png Graphic file (type png)
<use C:/Users/eunic/OneDrive/Documents/GitHub/proj_bureaucrats_farms/figures/ex
ploratory_analysis/politician_original_controls_fe_sweep/politician_original_fe
24_controls_both_event_rotated.png>
Package pdftex.def Info: C:/Users/eunic/OneDrive/Documents/GitHub/proj_bureaucr
ats_farms/figures/exploratory_analysis/politician_original_controls_fe_sweep/po
litician_original_fe24_controls_both_event_rotated.png  used on input line 947.

(pdftex.def)             Requested size: 343.42375pt x 171.7114pt.
<C:/Users/eunic/OneDrive/Documents/GitHub/proj_bureaucrats_farms/figures/explor
atory_analysis/politician_original_controls_fe_sweep/politician_original_fe24_c
ontrols_both_did_interaction_rural_acpop_all_1.png, id=497, 542.025pt x 325.215
pt>
File: C:/Users/eunic/OneDrive/Documents/GitHub/proj_bureaucrats_farms/figures/e
xploratory_analysis/politician_original_controls_fe_sweep/politician_original_f
e24_controls_both_did_interaction_rural_acpop_all_1.png Graphic file (type png)

<use C:/Users/eunic/OneDrive/Documents/GitHub/proj_bureaucrats_farms/figures/ex
ploratory_analysis/politician_original_controls_fe_sweep/politician_original_fe
24_controls_both_did_interaction_rural_acpop_all_1.png>
Package pdftex.def Info: C:/Users/eunic/OneDrive/Documents/GitHub/proj_bureaucr
ats_farms/figures/exploratory_analysis/politician_original_controls_fe_sweep/po
litician_original_fe24_controls_both_did_interaction_rural_acpop_all_1.png  use
d on input line 950.
(pdftex.def)             Requested size: 386.35037pt x 231.81734pt.
 [49

 <C:/Users/eunic/OneDrive/Documents/GitHub/proj_bureaucrats_farms/figures/explo
ratory_analysis/politician_original_controls_fe_sweep/politician_original_fe24_
controls_both_event_ori.png> <C:/Users/eunic/OneDrive/Documents/GitHub/proj_bur
eaucrats_farms/figures/exploratory_analysis/politician_original_controls_fe_swe
ep/politician_original_fe24_controls_both_event_rotated.png> <C:/Users/eunic/On
eDrive/Documents/GitHub/proj_bureaucrats_farms/figures/exploratory_analysis/pol
itician_original_controls_fe_sweep/politician_original_fe24_controls_both_did_i
nteraction_rural_acpop_all_1.png>] [50

]
<C:/Users/eunic/OneDrive/Documents/GitHub/proj_bureaucrats_farms/figures/explor
atory_analysis/politician_original_controls_fe_sweep/politician_original_fe25_c
ontrols_both_event_ori.png, id=509, 578.16pt x 289.08pt>
File: C:/Users/eunic/OneDrive/Documents/GitHub/proj_bureaucrats_farms/figures/e
xploratory_analysis/politician_original_controls_fe_sweep/politician_original_f
e25_controls_both_event_ori.png Graphic file (type png)
<use C:/Users/eunic/OneDrive/Documents/GitHub/proj_bureaucrats_farms/figures/ex
ploratory_analysis/politician_original_controls_fe_sweep/politician_original_fe
25_controls_both_event_ori.png>
Package pdftex.def Info: C:/Users/eunic/OneDrive/Documents/GitHub/proj_bureaucr
ats_farms/figures/exploratory_analysis/politician_original_controls_fe_sweep/po
litician_original_fe25_controls_both_event_ori.png  used on input line 983.
(pdftex.def)             Requested size: 343.42375pt x 171.7114pt.
<C:/Users/eunic/OneDrive/Documents/GitHub/proj_bureaucrats_farms/figures/explor
atory_analysis/politician_original_controls_fe_sweep/politician_original_fe25_c
ontrols_both_event_rotated.png, id=510, 578.16pt x 289.08pt>
File: C:/Users/eunic/OneDrive/Documents/GitHub/proj_bureaucrats_farms/figures/e
xploratory_analysis/politician_original_controls_fe_sweep/politician_original_f
e25_controls_both_event_rotated.png Graphic file (type png)
<use C:/Users/eunic/OneDrive/Documents/GitHub/proj_bureaucrats_farms/figures/ex
ploratory_analysis/politician_original_controls_fe_sweep/politician_original_fe
25_controls_both_event_rotated.png>
Package pdftex.def Info: C:/Users/eunic/OneDrive/Documents/GitHub/proj_bureaucr
ats_farms/figures/exploratory_analysis/politician_original_controls_fe_sweep/po
litician_original_fe25_controls_both_event_rotated.png  used on input line 987.

(pdftex.def)             Requested size: 343.42375pt x 171.7114pt.
<C:/Users/eunic/OneDrive/Documents/GitHub/proj_bureaucrats_farms/figures/explor
atory_analysis/politician_original_controls_fe_sweep/politician_original_fe25_c
ontrols_both_did_interaction_rural_acpop_all_1.png, id=511, 542.025pt x 325.215
pt>
File: C:/Users/eunic/OneDrive/Documents/GitHub/proj_bureaucrats_farms/figures/e
xploratory_analysis/politician_original_controls_fe_sweep/politician_original_f
e25_controls_both_did_interaction_rural_acpop_all_1.png Graphic file (type png)

<use C:/Users/eunic/OneDrive/Documents/GitHub/proj_bureaucrats_farms/figures/ex
ploratory_analysis/politician_original_controls_fe_sweep/politician_original_fe
25_controls_both_did_interaction_rural_acpop_all_1.png>
Package pdftex.def Info: C:/Users/eunic/OneDrive/Documents/GitHub/proj_bureaucr
ats_farms/figures/exploratory_analysis/politician_original_controls_fe_sweep/po
litician_original_fe25_controls_both_did_interaction_rural_acpop_all_1.png  use
d on input line 990.
(pdftex.def)             Requested size: 386.35037pt x 231.81734pt.
 [51

 <C:/Users/eunic/OneDrive/Documents/GitHub/proj_bureaucrats_farms/figures/explo
ratory_analysis/politician_original_controls_fe_sweep/politician_original_fe25_
controls_both_event_ori.png> <C:/Users/eunic/OneDrive/Documents/GitHub/proj_bur
eaucrats_farms/figures/exploratory_analysis/politician_original_controls_fe_swe
ep/politician_original_fe25_controls_both_event_rotated.png> <C:/Users/eunic/On
eDrive/Documents/GitHub/proj_bureaucrats_farms/figures/exploratory_analysis/pol
itician_original_controls_fe_sweep/politician_original_fe25_controls_both_did_i
nteraction_rural_acpop_all_1.png>] [52

]
<C:/Users/eunic/OneDrive/Documents/GitHub/proj_bureaucrats_farms/figures/explor
atory_analysis/politician_original_controls_fe_sweep/politician_original_fe26_c
ontrols_both_event_ori.png, id=522, 578.16pt x 289.08pt>
File: C:/Users/eunic/OneDrive/Documents/GitHub/proj_bureaucrats_farms/figures/e
xploratory_analysis/politician_original_controls_fe_sweep/politician_original_f
e26_controls_both_event_ori.png Graphic file (type png)
<use C:/Users/eunic/OneDrive/Documents/GitHub/proj_bureaucrats_farms/figures/ex
ploratory_analysis/politician_original_controls_fe_sweep/politician_original_fe
26_controls_both_event_ori.png>
Package pdftex.def Info: C:/Users/eunic/OneDrive/Documents/GitHub/proj_bureaucr
ats_farms/figures/exploratory_analysis/politician_original_controls_fe_sweep/po
litician_original_fe26_controls_both_event_ori.png  used on input line 1023.
(pdftex.def)             Requested size: 343.42375pt x 171.7114pt.
<C:/Users/eunic/OneDrive/Documents/GitHub/proj_bureaucrats_farms/figures/explor
atory_analysis/politician_original_controls_fe_sweep/politician_original_fe26_c
ontrols_both_event_rotated.png, id=523, 578.16pt x 289.08pt>
File: C:/Users/eunic/OneDrive/Documents/GitHub/proj_bureaucrats_farms/figures/e
xploratory_analysis/politician_original_controls_fe_sweep/politician_original_f
e26_controls_both_event_rotated.png Graphic file (type png)
<use C:/Users/eunic/OneDrive/Documents/GitHub/proj_bureaucrats_farms/figures/ex
ploratory_analysis/politician_original_controls_fe_sweep/politician_original_fe
26_controls_both_event_rotated.png>
Package pdftex.def Info: C:/Users/eunic/OneDrive/Documents/GitHub/proj_bureaucr
ats_farms/figures/exploratory_analysis/politician_original_controls_fe_sweep/po
litician_original_fe26_controls_both_event_rotated.png  used on input line 1027
.
(pdftex.def)             Requested size: 343.42375pt x 171.7114pt.
<C:/Users/eunic/OneDrive/Documents/GitHub/proj_bureaucrats_farms/figures/explor
atory_analysis/politician_original_controls_fe_sweep/politician_original_fe26_c
ontrols_both_did_interaction_rural_acpop_all_1.png, id=524, 542.025pt x 325.215
pt>
File: C:/Users/eunic/OneDrive/Documents/GitHub/proj_bureaucrats_farms/figures/e
xploratory_analysis/politician_original_controls_fe_sweep/politician_original_f
e26_controls_both_did_interaction_rural_acpop_all_1.png Graphic file (type png)

<use C:/Users/eunic/OneDrive/Documents/GitHub/proj_bureaucrats_farms/figures/ex
ploratory_analysis/politician_original_controls_fe_sweep/politician_original_fe
26_controls_both_did_interaction_rural_acpop_all_1.png>
Package pdftex.def Info: C:/Users/eunic/OneDrive/Documents/GitHub/proj_bureaucr
ats_farms/figures/exploratory_analysis/politician_original_controls_fe_sweep/po
litician_original_fe26_controls_both_did_interaction_rural_acpop_all_1.png  use
d on input line 1030.
(pdftex.def)             Requested size: 386.35037pt x 231.81734pt.
 [53

 <C:/Users/eunic/OneDrive/Documents/GitHub/proj_bureaucrats_farms/figures/explo
ratory_analysis/politician_original_controls_fe_sweep/politician_original_fe26_
controls_both_event_ori.png> <C:/Users/eunic/OneDrive/Documents/GitHub/proj_bur
eaucrats_farms/figures/exploratory_analysis/politician_original_controls_fe_swe
ep/politician_original_fe26_controls_both_event_rotated.png> <C:/Users/eunic/On
eDrive/Documents/GitHub/proj_bureaucrats_farms/figures/exploratory_analysis/pol
itician_original_controls_fe_sweep/politician_original_fe26_controls_both_did_i
nteraction_rural_acpop_all_1.png>] [54

]
<C:/Users/eunic/OneDrive/Documents/GitHub/proj_bureaucrats_farms/figures/explor
atory_analysis/politician_original_controls_fe_sweep/politician_original_fe27_c
ontrols_both_event_ori.png, id=535, 578.16pt x 289.08pt>
File: C:/Users/eunic/OneDrive/Documents/GitHub/proj_bureaucrats_farms/figures/e
xploratory_analysis/politician_original_controls_fe_sweep/politician_original_f
e27_controls_both_event_ori.png Graphic file (type png)
<use C:/Users/eunic/OneDrive/Documents/GitHub/proj_bureaucrats_farms/figures/ex
ploratory_analysis/politician_original_controls_fe_sweep/politician_original_fe
27_controls_both_event_ori.png>
Package pdftex.def Info: C:/Users/eunic/OneDrive/Documents/GitHub/proj_bureaucr
ats_farms/figures/exploratory_analysis/politician_original_controls_fe_sweep/po
litician_original_fe27_controls_both_event_ori.png  used on input line 1063.
(pdftex.def)             Requested size: 343.42375pt x 171.7114pt.
<C:/Users/eunic/OneDrive/Documents/GitHub/proj_bureaucrats_farms/figures/explor
atory_analysis/politician_original_controls_fe_sweep/politician_original_fe27_c
ontrols_both_event_rotated.png, id=536, 578.16pt x 289.08pt>
File: C:/Users/eunic/OneDrive/Documents/GitHub/proj_bureaucrats_farms/figures/e
xploratory_analysis/politician_original_controls_fe_sweep/politician_original_f
e27_controls_both_event_rotated.png Graphic file (type png)
<use C:/Users/eunic/OneDrive/Documents/GitHub/proj_bureaucrats_farms/figures/ex
ploratory_analysis/politician_original_controls_fe_sweep/politician_original_fe
27_controls_both_event_rotated.png>
Package pdftex.def Info: C:/Users/eunic/OneDrive/Documents/GitHub/proj_bureaucr
ats_farms/figures/exploratory_analysis/politician_original_controls_fe_sweep/po
litician_original_fe27_controls_both_event_rotated.png  used on input line 1067
.
(pdftex.def)             Requested size: 343.42375pt x 171.7114pt.
<C:/Users/eunic/OneDrive/Documents/GitHub/proj_bureaucrats_farms/figures/explor
atory_analysis/politician_original_controls_fe_sweep/politician_original_fe27_c
ontrols_both_did_interaction_rural_acpop_all_1.png, id=537, 542.025pt x 325.215
pt>
File: C:/Users/eunic/OneDrive/Documents/GitHub/proj_bureaucrats_farms/figures/e
xploratory_analysis/politician_original_controls_fe_sweep/politician_original_f
e27_controls_both_did_interaction_rural_acpop_all_1.png Graphic file (type png)

<use C:/Users/eunic/OneDrive/Documents/GitHub/proj_bureaucrats_farms/figures/ex
ploratory_analysis/politician_original_controls_fe_sweep/politician_original_fe
27_controls_both_did_interaction_rural_acpop_all_1.png>
Package pdftex.def Info: C:/Users/eunic/OneDrive/Documents/GitHub/proj_bureaucr
ats_farms/figures/exploratory_analysis/politician_original_controls_fe_sweep/po
litician_original_fe27_controls_both_did_interaction_rural_acpop_all_1.png  use
d on input line 1070.
(pdftex.def)             Requested size: 386.35037pt x 231.81734pt.
 [55

 <C:/Users/eunic/OneDrive/Documents/GitHub/proj_bureaucrats_farms/figures/explo
ratory_analysis/politician_original_controls_fe_sweep/politician_original_fe27_
controls_both_event_ori.png> <C:/Users/eunic/OneDrive/Documents/GitHub/proj_bur
eaucrats_farms/figures/exploratory_analysis/politician_original_controls_fe_swe
ep/politician_original_fe27_controls_both_event_rotated.png> <C:/Users/eunic/On
eDrive/Documents/GitHub/proj_bureaucrats_farms/figures/exploratory_analysis/pol
itician_original_controls_fe_sweep/politician_original_fe27_controls_both_did_i
nteraction_rural_acpop_all_1.png>] [56

]
<C:/Users/eunic/OneDrive/Documents/GitHub/proj_bureaucrats_farms/figures/explor
atory_analysis/politician_original_controls_fe_sweep/politician_original_fe28_c
ontrols_both_event_ori.png, id=549, 578.16pt x 289.08pt>
File: C:/Users/eunic/OneDrive/Documents/GitHub/proj_bureaucrats_farms/figures/e
xploratory_analysis/politician_original_controls_fe_sweep/politician_original_f
e28_controls_both_event_ori.png Graphic file (type png)
<use C:/Users/eunic/OneDrive/Documents/GitHub/proj_bureaucrats_farms/figures/ex
ploratory_analysis/politician_original_controls_fe_sweep/politician_original_fe
28_controls_both_event_ori.png>
Package pdftex.def Info: C:/Users/eunic/OneDrive/Documents/GitHub/proj_bureaucr
ats_farms/figures/exploratory_analysis/politician_original_controls_fe_sweep/po
litician_original_fe28_controls_both_event_ori.png  used on input line 1103.
(pdftex.def)             Requested size: 343.42375pt x 171.7114pt.
<C:/Users/eunic/OneDrive/Documents/GitHub/proj_bureaucrats_farms/figures/explor
atory_analysis/politician_original_controls_fe_sweep/politician_original_fe28_c
ontrols_both_event_rotated.png, id=550, 578.16pt x 289.08pt>
File: C:/Users/eunic/OneDrive/Documents/GitHub/proj_bureaucrats_farms/figures/e
xploratory_analysis/politician_original_controls_fe_sweep/politician_original_f
e28_controls_both_event_rotated.png Graphic file (type png)
<use C:/Users/eunic/OneDrive/Documents/GitHub/proj_bureaucrats_farms/figures/ex
ploratory_analysis/politician_original_controls_fe_sweep/politician_original_fe
28_controls_both_event_rotated.png>
Package pdftex.def Info: C:/Users/eunic/OneDrive/Documents/GitHub/proj_bureaucr
ats_farms/figures/exploratory_analysis/politician_original_controls_fe_sweep/po
litician_original_fe28_controls_both_event_rotated.png  used on input line 1107
.
(pdftex.def)             Requested size: 343.42375pt x 171.7114pt.
<C:/Users/eunic/OneDrive/Documents/GitHub/proj_bureaucrats_farms/figures/explor
atory_analysis/politician_original_controls_fe_sweep/politician_original_fe28_c
ontrols_both_did_interaction_rural_acpop_all_1.png, id=551, 542.025pt x 325.215
pt>
File: C:/Users/eunic/OneDrive/Documents/GitHub/proj_bureaucrats_farms/figures/e
xploratory_analysis/politician_original_controls_fe_sweep/politician_original_f
e28_controls_both_did_interaction_rural_acpop_all_1.png Graphic file (type png)

<use C:/Users/eunic/OneDrive/Documents/GitHub/proj_bureaucrats_farms/figures/ex
ploratory_analysis/politician_original_controls_fe_sweep/politician_original_fe
28_controls_both_did_interaction_rural_acpop_all_1.png>
Package pdftex.def Info: C:/Users/eunic/OneDrive/Documents/GitHub/proj_bureaucr
ats_farms/figures/exploratory_analysis/politician_original_controls_fe_sweep/po
litician_original_fe28_controls_both_did_interaction_rural_acpop_all_1.png  use
d on input line 1110.
(pdftex.def)             Requested size: 386.35037pt x 231.81734pt.
 [57

 <C:/Users/eunic/OneDrive/Documents/GitHub/proj_bureaucrats_farms/figures/explo
ratory_analysis/politician_original_controls_fe_sweep/politician_original_fe28_
controls_both_event_ori.png> <C:/Users/eunic/OneDrive/Documents/GitHub/proj_bur
eaucrats_farms/figures/exploratory_analysis/politician_original_controls_fe_swe
ep/politician_original_fe28_controls_both_event_rotated.png> <C:/Users/eunic/On
eDrive/Documents/GitHub/proj_bureaucrats_farms/figures/exploratory_analysis/pol
itician_original_controls_fe_sweep/politician_original_fe28_controls_both_did_i
nteraction_rural_acpop_all_1.png>] [58

]
<C:/Users/eunic/OneDrive/Documents/GitHub/proj_bureaucrats_farms/figures/explor
atory_analysis/politician_original_controls_fe_sweep/politician_original_fe29_c
ontrols_both_event_ori.png, id=562, 578.16pt x 289.08pt>
File: C:/Users/eunic/OneDrive/Documents/GitHub/proj_bureaucrats_farms/figures/e
xploratory_analysis/politician_original_controls_fe_sweep/politician_original_f
e29_controls_both_event_ori.png Graphic file (type png)
<use C:/Users/eunic/OneDrive/Documents/GitHub/proj_bureaucrats_farms/figures/ex
ploratory_analysis/politician_original_controls_fe_sweep/politician_original_fe
29_controls_both_event_ori.png>
Package pdftex.def Info: C:/Users/eunic/OneDrive/Documents/GitHub/proj_bureaucr
ats_farms/figures/exploratory_analysis/politician_original_controls_fe_sweep/po
litician_original_fe29_controls_both_event_ori.png  used on input line 1143.
(pdftex.def)             Requested size: 343.42375pt x 171.7114pt.
<C:/Users/eunic/OneDrive/Documents/GitHub/proj_bureaucrats_farms/figures/explor
atory_analysis/politician_original_controls_fe_sweep/politician_original_fe29_c
ontrols_both_event_rotated.png, id=563, 578.16pt x 289.08pt>
File: C:/Users/eunic/OneDrive/Documents/GitHub/proj_bureaucrats_farms/figures/e
xploratory_analysis/politician_original_controls_fe_sweep/politician_original_f
e29_controls_both_event_rotated.png Graphic file (type png)
<use C:/Users/eunic/OneDrive/Documents/GitHub/proj_bureaucrats_farms/figures/ex
ploratory_analysis/politician_original_controls_fe_sweep/politician_original_fe
29_controls_both_event_rotated.png>
Package pdftex.def Info: C:/Users/eunic/OneDrive/Documents/GitHub/proj_bureaucr
ats_farms/figures/exploratory_analysis/politician_original_controls_fe_sweep/po
litician_original_fe29_controls_both_event_rotated.png  used on input line 1147
.
(pdftex.def)             Requested size: 343.42375pt x 171.7114pt.
<C:/Users/eunic/OneDrive/Documents/GitHub/proj_bureaucrats_farms/figures/explor
atory_analysis/politician_original_controls_fe_sweep/politician_original_fe29_c
ontrols_both_did_interaction_rural_acpop_all_1.png, id=564, 542.025pt x 325.215
pt>
File: C:/Users/eunic/OneDrive/Documents/GitHub/proj_bureaucrats_farms/figures/e
xploratory_analysis/politician_original_controls_fe_sweep/politician_original_f
e29_controls_both_did_interaction_rural_acpop_all_1.png Graphic file (type png)

<use C:/Users/eunic/OneDrive/Documents/GitHub/proj_bureaucrats_farms/figures/ex
ploratory_analysis/politician_original_controls_fe_sweep/politician_original_fe
29_controls_both_did_interaction_rural_acpop_all_1.png>
Package pdftex.def Info: C:/Users/eunic/OneDrive/Documents/GitHub/proj_bureaucr
ats_farms/figures/exploratory_analysis/politician_original_controls_fe_sweep/po
litician_original_fe29_controls_both_did_interaction_rural_acpop_all_1.png  use
d on input line 1150.
(pdftex.def)             Requested size: 386.35037pt x 231.81734pt.
 [59

 <C:/Users/eunic/OneDrive/Documents/GitHub/proj_bureaucrats_farms/figures/explo
ratory_analysis/politician_original_controls_fe_sweep/politician_original_fe29_
controls_both_event_ori.png> <C:/Users/eunic/OneDrive/Documents/GitHub/proj_bur
eaucrats_farms/figures/exploratory_analysis/politician_original_controls_fe_swe
ep/politician_original_fe29_controls_both_event_rotated.png> <C:/Users/eunic/On
eDrive/Documents/GitHub/proj_bureaucrats_farms/figures/exploratory_analysis/pol
itician_original_controls_fe_sweep/politician_original_fe29_controls_both_did_i
nteraction_rural_acpop_all_1.png>] [60

]
<C:/Users/eunic/OneDrive/Documents/GitHub/proj_bureaucrats_farms/figures/explor
atory_analysis/politician_original_controls_fe_sweep/politician_original_fe30_c
ontrols_both_event_ori.png, id=575, 578.16pt x 289.08pt>
File: C:/Users/eunic/OneDrive/Documents/GitHub/proj_bureaucrats_farms/figures/e
xploratory_analysis/politician_original_controls_fe_sweep/politician_original_f
e30_controls_both_event_ori.png Graphic file (type png)
<use C:/Users/eunic/OneDrive/Documents/GitHub/proj_bureaucrats_farms/figures/ex
ploratory_analysis/politician_original_controls_fe_sweep/politician_original_fe
30_controls_both_event_ori.png>
Package pdftex.def Info: C:/Users/eunic/OneDrive/Documents/GitHub/proj_bureaucr
ats_farms/figures/exploratory_analysis/politician_original_controls_fe_sweep/po
litician_original_fe30_controls_both_event_ori.png  used on input line 1183.
(pdftex.def)             Requested size: 343.42375pt x 171.7114pt.
<C:/Users/eunic/OneDrive/Documents/GitHub/proj_bureaucrats_farms/figures/explor
atory_analysis/politician_original_controls_fe_sweep/politician_original_fe30_c
ontrols_both_event_rotated.png, id=576, 578.16pt x 289.08pt>
File: C:/Users/eunic/OneDrive/Documents/GitHub/proj_bureaucrats_farms/figures/e
xploratory_analysis/politician_original_controls_fe_sweep/politician_original_f
e30_controls_both_event_rotated.png Graphic file (type png)
<use C:/Users/eunic/OneDrive/Documents/GitHub/proj_bureaucrats_farms/figures/ex
ploratory_analysis/politician_original_controls_fe_sweep/politician_original_fe
30_controls_both_event_rotated.png>
Package pdftex.def Info: C:/Users/eunic/OneDrive/Documents/GitHub/proj_bureaucr
ats_farms/figures/exploratory_analysis/politician_original_controls_fe_sweep/po
litician_original_fe30_controls_both_event_rotated.png  used on input line 1187
.
(pdftex.def)             Requested size: 343.42375pt x 171.7114pt.
<C:/Users/eunic/OneDrive/Documents/GitHub/proj_bureaucrats_farms/figures/explor
atory_analysis/politician_original_controls_fe_sweep/politician_original_fe30_c
ontrols_both_did_interaction_rural_acpop_all_1.png, id=577, 542.025pt x 325.215
pt>
File: C:/Users/eunic/OneDrive/Documents/GitHub/proj_bureaucrats_farms/figures/e
xploratory_analysis/politician_original_controls_fe_sweep/politician_original_f
e30_controls_both_did_interaction_rural_acpop_all_1.png Graphic file (type png)

<use C:/Users/eunic/OneDrive/Documents/GitHub/proj_bureaucrats_farms/figures/ex
ploratory_analysis/politician_original_controls_fe_sweep/politician_original_fe
30_controls_both_did_interaction_rural_acpop_all_1.png>
Package pdftex.def Info: C:/Users/eunic/OneDrive/Documents/GitHub/proj_bureaucr
ats_farms/figures/exploratory_analysis/politician_original_controls_fe_sweep/po
litician_original_fe30_controls_both_did_interaction_rural_acpop_all_1.png  use
d on input line 1190.
(pdftex.def)             Requested size: 386.35037pt x 231.81734pt.
 [61

 <C:/Users/eunic/OneDrive/Documents/GitHub/proj_bureaucrats_farms/figures/explo
ratory_analysis/politician_original_controls_fe_sweep/politician_original_fe30_
controls_both_event_ori.png> <C:/Users/eunic/OneDrive/Documents/GitHub/proj_bur
eaucrats_farms/figures/exploratory_analysis/politician_original_controls_fe_swe
ep/politician_original_fe30_controls_both_event_rotated.png> <C:/Users/eunic/On
eDrive/Documents/GitHub/proj_bureaucrats_farms/figures/exploratory_analysis/pol
itician_original_controls_fe_sweep/politician_original_fe30_controls_both_did_i
nteraction_rural_acpop_all_1.png>] [62

]
<C:/Users/eunic/OneDrive/Documents/GitHub/proj_bureaucrats_farms/figures/explor
atory_analysis/politician_original_controls_fe_sweep/politician_original_fe31_c
ontrols_both_event_ori.png, id=589, 578.16pt x 289.08pt>
File: C:/Users/eunic/OneDrive/Documents/GitHub/proj_bureaucrats_farms/figures/e
xploratory_analysis/politician_original_controls_fe_sweep/politician_original_f
e31_controls_both_event_ori.png Graphic file (type png)
<use C:/Users/eunic/OneDrive/Documents/GitHub/proj_bureaucrats_farms/figures/ex
ploratory_analysis/politician_original_controls_fe_sweep/politician_original_fe
31_controls_both_event_ori.png>
Package pdftex.def Info: C:/Users/eunic/OneDrive/Documents/GitHub/proj_bureaucr
ats_farms/figures/exploratory_analysis/politician_original_controls_fe_sweep/po
litician_original_fe31_controls_both_event_ori.png  used on input line 1223.
(pdftex.def)             Requested size: 343.42375pt x 171.7114pt.
<C:/Users/eunic/OneDrive/Documents/GitHub/proj_bureaucrats_farms/figures/explor
atory_analysis/politician_original_controls_fe_sweep/politician_original_fe31_c
ontrols_both_event_rotated.png, id=590, 578.16pt x 289.08pt>
File: C:/Users/eunic/OneDrive/Documents/GitHub/proj_bureaucrats_farms/figures/e
xploratory_analysis/politician_original_controls_fe_sweep/politician_original_f
e31_controls_both_event_rotated.png Graphic file (type png)
<use C:/Users/eunic/OneDrive/Documents/GitHub/proj_bureaucrats_farms/figures/ex
ploratory_analysis/politician_original_controls_fe_sweep/politician_original_fe
31_controls_both_event_rotated.png>
Package pdftex.def Info: C:/Users/eunic/OneDrive/Documents/GitHub/proj_bureaucr
ats_farms/figures/exploratory_analysis/politician_original_controls_fe_sweep/po
litician_original_fe31_controls_both_event_rotated.png  used on input line 1227
.
(pdftex.def)             Requested size: 343.42375pt x 171.7114pt.
<C:/Users/eunic/OneDrive/Documents/GitHub/proj_bureaucrats_farms/figures/explor
atory_analysis/politician_original_controls_fe_sweep/politician_original_fe31_c
ontrols_both_did_interaction_rural_acpop_all_1.png, id=591, 542.025pt x 325.215
pt>
File: C:/Users/eunic/OneDrive/Documents/GitHub/proj_bureaucrats_farms/figures/e
xploratory_analysis/politician_original_controls_fe_sweep/politician_original_f
e31_controls_both_did_interaction_rural_acpop_all_1.png Graphic file (type png)

<use C:/Users/eunic/OneDrive/Documents/GitHub/proj_bureaucrats_farms/figures/ex
ploratory_analysis/politician_original_controls_fe_sweep/politician_original_fe
31_controls_both_did_interaction_rural_acpop_all_1.png>
Package pdftex.def Info: C:/Users/eunic/OneDrive/Documents/GitHub/proj_bureaucr
ats_farms/figures/exploratory_analysis/politician_original_controls_fe_sweep/po
litician_original_fe31_controls_both_did_interaction_rural_acpop_all_1.png  use
d on input line 1230.
(pdftex.def)             Requested size: 386.35037pt x 231.81734pt.
 [63

 <C:/Users/eunic/OneDrive/Documents/GitHub/proj_bureaucrats_farms/figures/explo
ratory_analysis/politician_original_controls_fe_sweep/politician_original_fe31_
controls_both_event_ori.png> <C:/Users/eunic/OneDrive/Documents/GitHub/proj_bur
eaucrats_farms/figures/exploratory_analysis/politician_original_controls_fe_swe
ep/politician_original_fe31_controls_both_event_rotated.png> <C:/Users/eunic/On
eDrive/Documents/GitHub/proj_bureaucrats_farms/figures/exploratory_analysis/pol
itician_original_controls_fe_sweep/politician_original_fe31_controls_both_did_i
nteraction_rural_acpop_all_1.png>] [64

]
<C:/Users/eunic/OneDrive/Documents/GitHub/proj_bureaucrats_farms/figures/explor
atory_analysis/politician_original_controls_fe_sweep/politician_original_fe32_c
ontrols_both_event_ori.png, id=602, 578.16pt x 289.08pt>
File: C:/Users/eunic/OneDrive/Documents/GitHub/proj_bureaucrats_farms/figures/e
xploratory_analysis/politician_original_controls_fe_sweep/politician_original_f
e32_controls_both_event_ori.png Graphic file (type png)
<use C:/Users/eunic/OneDrive/Documents/GitHub/proj_bureaucrats_farms/figures/ex
ploratory_analysis/politician_original_controls_fe_sweep/politician_original_fe
32_controls_both_event_ori.png>
Package pdftex.def Info: C:/Users/eunic/OneDrive/Documents/GitHub/proj_bureaucr
ats_farms/figures/exploratory_analysis/politician_original_controls_fe_sweep/po
litician_original_fe32_controls_both_event_ori.png  used on input line 1263.
(pdftex.def)             Requested size: 343.42375pt x 171.7114pt.
<C:/Users/eunic/OneDrive/Documents/GitHub/proj_bureaucrats_farms/figures/explor
atory_analysis/politician_original_controls_fe_sweep/politician_original_fe32_c
ontrols_both_event_rotated.png, id=603, 578.16pt x 289.08pt>
File: C:/Users/eunic/OneDrive/Documents/GitHub/proj_bureaucrats_farms/figures/e
xploratory_analysis/politician_original_controls_fe_sweep/politician_original_f
e32_controls_both_event_rotated.png Graphic file (type png)
<use C:/Users/eunic/OneDrive/Documents/GitHub/proj_bureaucrats_farms/figures/ex
ploratory_analysis/politician_original_controls_fe_sweep/politician_original_fe
32_controls_both_event_rotated.png>
Package pdftex.def Info: C:/Users/eunic/OneDrive/Documents/GitHub/proj_bureaucr
ats_farms/figures/exploratory_analysis/politician_original_controls_fe_sweep/po
litician_original_fe32_controls_both_event_rotated.png  used on input line 1267
.
(pdftex.def)             Requested size: 343.42375pt x 171.7114pt.
<C:/Users/eunic/OneDrive/Documents/GitHub/proj_bureaucrats_farms/figures/explor
atory_analysis/politician_original_controls_fe_sweep/politician_original_fe32_c
ontrols_both_did_interaction_rural_acpop_all_1.png, id=604, 542.025pt x 325.215
pt>
File: C:/Users/eunic/OneDrive/Documents/GitHub/proj_bureaucrats_farms/figures/e
xploratory_analysis/politician_original_controls_fe_sweep/politician_original_f
e32_controls_both_did_interaction_rural_acpop_all_1.png Graphic file (type png)

<use C:/Users/eunic/OneDrive/Documents/GitHub/proj_bureaucrats_farms/figures/ex
ploratory_analysis/politician_original_controls_fe_sweep/politician_original_fe
32_controls_both_did_interaction_rural_acpop_all_1.png>
Package pdftex.def Info: C:/Users/eunic/OneDrive/Documents/GitHub/proj_bureaucr
ats_farms/figures/exploratory_analysis/politician_original_controls_fe_sweep/po
litician_original_fe32_controls_both_did_interaction_rural_acpop_all_1.png  use
d on input line 1270.
(pdftex.def)             Requested size: 386.35037pt x 231.81734pt.
 [65

 <C:/Users/eunic/OneDrive/Documents/GitHub/proj_bureaucrats_farms/figures/explo
ratory_analysis/politician_original_controls_fe_sweep/politician_original_fe32_
controls_both_event_ori.png> <C:/Users/eunic/OneDrive/Documents/GitHub/proj_bur
eaucrats_farms/figures/exploratory_analysis/politician_original_controls_fe_swe
ep/politician_original_fe32_controls_both_event_rotated.png> <C:/Users/eunic/On
eDrive/Documents/GitHub/proj_bureaucrats_farms/figures/exploratory_analysis/pol
itician_original_controls_fe_sweep/politician_original_fe32_controls_both_did_i
nteraction_rural_acpop_all_1.png>]
[66

] (politician_original_controls_both_report.aux)
 ***********
LaTeX2e <2023-11-01> patch level 1
L3 programming layer <2024-01-04>
 ***********
Package rerunfilecheck Info: File `politician_original_controls_both_report.out
' has not changed.
(rerunfilecheck)             Checksum: 40C8A74E78244F64E03695510BF820BD;6209.
 ) 
Here is how much of TeX's memory you used:
 9835 strings out of 474486
 278136 string characters out of 5743755
 1935542 words of memory out of 5000000
 31892 multiletter control sequences out of 15000+600000
 564394 words of font info for 58 fonts, out of 8000000 for 9000
 1141 hyphenation exceptions out of 8191
 75i,7n,79p,532b,449s stack positions out of 10000i,1000n,20000p,200000b,200000s
<C:/Users/eunic/AppData/Local/Programs/MiKTeX/fonts/type1/public/amsfonts/cm/
cmbx10.pfb><C:/Users/eunic/AppData/Local/Programs/MiKTeX/fonts/type1/public/ams
fonts/cm/cmbx12.pfb><C:/Users/eunic/AppData/Local/Programs/MiKTeX/fonts/type1/p
ublic/amsfonts/cm/cmbx9.pfb><C:/Users/eunic/AppData/Local/Programs/MiKTeX/fonts
/type1/public/amsfonts/cm/cmitt10.pfb><C:/Users/eunic/AppData/Local/Programs/Mi
KTeX/fonts/type1/public/amsfonts/cm/cmmi7.pfb><C:/Users/eunic/AppData/Local/Pro
grams/MiKTeX/fonts/type1/public/amsfonts/cm/cmr10.pfb><C:/Users/eunic/AppData/L
ocal/Programs/MiKTeX/fonts/type1/public/amsfonts/cm/cmr12.pfb><C:/Users/eunic/A
ppData/Local/Programs/MiKTeX/fonts/type1/public/amsfonts/cm/cmr17.pfb><C:/Users
/eunic/AppData/Local/Programs/MiKTeX/fonts/type1/public/amsfonts/cm/cmr7.pfb><C
:/Users/eunic/AppData/Local/Programs/MiKTeX/fonts/type1/public/amsfonts/cm/cmr9
.pfb><C:/Users/eunic/AppData/Local/Programs/MiKTeX/fonts/type1/public/amsfonts/
cm/cmsy10.pfb><C:/Users/eunic/AppData/Local/Programs/MiKTeX/fonts/type1/public/
amsfonts/cm/cmsy9.pfb><C:/Users/eunic/AppData/Local/Programs/MiKTeX/fonts/type1
/public/amsfonts/cm/cmti10.pfb><C:/Users/eunic/AppData/Local/Programs/MiKTeX/fo
nts/type1/public/amsfonts/cm/cmtt12.pfb><C:/Users/eunic/AppData/Local/Programs/
MiKTeX/fonts/type1/public/amsfonts/cm/cmtt9.pfb>
Output written on politician_original_controls_both_report.pdf (66 pages, 91722
27 bytes).
PDF statistics:
 708 PDF objects out of 1000 (max. 8388607)
 132 named destinations out of 1000 (max. 500000)
 737 words of extra memory for PDF output out of 10000 (max. 10000000)

