This is pdfTeX, Version 3.141592653-2.6-1.40.25 (MiKTeX 24.1) (preloaded format=pdflatex 2026.7.19)  12 AUG 2026 06:21
entering extended mode
 restricted \write18 enabled.
 %&-line parsing enabled.
**./protest_original_controls_never_report.tex
(protest_original_controls_never_report.tex
LaTeX2e <2023-11-01> patch level 1
L3 programming layer <2024-01-04>
(C:\Users\eunic\AppData\Local\Programs\MiKTeX\tex/latex/base\article.cls
Document Class: article 2023/05/17 v1.4n Standard LaTeX document class
(C:\Users\eunic\AppData\Local\Programs\MiKTeX\tex/latex/base\size10.clo
File: size10.clo 2023/05/17 v1.4n Standard LaTeX file (size option)
)
\c@part=\count187
\c@section=\count188
\c@subsection=\count189
\c@subsubsection=\count190
\c@paragraph=\count191
\c@subparagraph=\count192
\c@figure=\count193
\c@table=\count194
\abovecaptionskip=\skip48
\belowcaptionskip=\skip49
\bibindent=\dimen140
)
(C:\Users\eunic\AppData\Local\Programs\MiKTeX\tex/latex/geometry\geometry.sty
Package: geometry 2026/03/07 v6.0 Page Geometry

(C:\Users\eunic\AppData\Local\Programs\MiKTeX\tex/latex/graphics\keyval.sty
Package: keyval 2022/05/29 v1.15 key=value parser (DPC)
\KV@toks@=\toks17
)
(C:\Users\eunic\AppData\Local\Programs\MiKTeX\tex/generic/iftex\ifvtex.sty
Package: ifvtex 2019/10/25 v1.7 ifvtex legacy package. Use iftex instead.

(C:\Users\eunic\AppData\Local\Programs\MiKTeX\tex/generic/iftex\iftex.sty
Package: iftex 2022/02/03 v1.0f TeX engine tests
))
\Gm@cnth=\count195
\Gm@cntv=\count196
\c@Gm@tempcnt=\count197
\Gm@bindingoffset=\dimen141
\Gm@wd@mp=\dimen142
\Gm@odd@mp=\dimen143
\Gm@even@mp=\dimen144
\Gm@layoutwidth=\dimen145
\Gm@layoutheight=\dimen146
\Gm@layouthoffset=\dimen147
\Gm@layoutvoffset=\dimen148
\Gm@dimlist=\toks18

(C:\Users\eunic\AppData\Local\Programs\MiKTeX\tex/latex/geometry\geometry.cfg))
(C:\Users\eunic\AppData\Local\Programs\MiKTeX\tex/latex/graphics\graphicx.sty
Package: graphicx 2021/09/16 v1.2d Enhanced LaTeX Graphics (DPC,SPQR)

(C:\Users\eunic\AppData\Local\Programs\MiKTeX\tex/latex/graphics\graphics.sty
Package: graphics 2022/03/10 v1.4e Standard LaTeX Graphics (DPC,SPQR)

(C:\Users\eunic\AppData\Local\Programs\MiKTeX\tex/latex/graphics\trig.sty
Package: trig 2021/08/11 v1.11 sin cos tan (DPC)
)
(C:\Users\eunic\AppData\Local\Programs\MiKTeX\tex/latex/graphics-cfg\graphics.c
fg
File: graphics.cfg 2016/06/04 v1.11 sample graphics configuration
)
Package graphics Info: Driver file: pdftex.def on input line 107.

(C:\Users\eunic\AppData\Local\Programs\MiKTeX\tex/latex/graphics-def\pdftex.def
File: pdftex.def 2022/09/22 v1.2b Graphics/color driver for pdftex
))
\Gin@req@height=\dimen149
\Gin@req@width=\dimen150
)
(C:\Users\eunic\AppData\Local\Programs\MiKTeX\tex/latex/booktabs\booktabs.sty
Package: booktabs 2020/01/12 v1.61803398 Publication quality tables
\heavyrulewidth=\dimen151
\lightrulewidth=\dimen152
\cmidrulewidth=\dimen153
\belowrulesep=\dimen154
\belowbottomsep=\dimen155
\aboverulesep=\dimen156
\abovetopsep=\dimen157
\cmidrulesep=\dimen158
\cmidrulekern=\dimen159
\defaultaddspace=\dimen160
\@cmidla=\count198
\@cmidlb=\count199
\@aboverulesep=\dimen161
\@belowrulesep=\dimen162
\@thisruleclass=\count266
\@lastruleclass=\count267
\@thisrulewidth=\dimen163
)
(C:\Users\eunic\AppData\Local\Programs\MiKTeX\tex/latex/hyperref\hyperref.sty
Package: hyperref 2023-11-26 v7.01g Hypertext links for LaTeX

(C:\Users\eunic\AppData\Local\Programs\MiKTeX\tex/generic/infwarerr\infwarerr.s
ty
Package: infwarerr 2019/12/03 v1.5 Providing info/warning/error messages (HO)
)
(C:\Users\eunic\AppData\Local\Programs\MiKTeX\tex/latex/kvsetkeys\kvsetkeys.sty
Package: kvsetkeys 2022-10-05 v1.19 Key value parser (HO)
)
(C:\Users\eunic\AppData\Local\Programs\MiKTeX\tex/generic/kvdefinekeys\kvdefine
keys.sty
Package: kvdefinekeys 2019-12-19 v1.6 Define keys (HO)
)
(C:\Users\eunic\AppData\Local\Programs\MiKTeX\tex/generic/pdfescape\pdfescape.s
ty
Package: pdfescape 2019/12/09 v1.15 Implements pdfTeX's escape features (HO)

(C:\Users\eunic\AppData\Local\Programs\MiKTeX\tex/generic/ltxcmds\ltxcmds.sty
Package: ltxcmds 2023-12-04 v1.26 LaTeX kernel commands for general use (HO)
)
(C:\Users\eunic\AppData\Local\Programs\MiKTeX\tex/generic/pdftexcmds\pdftexcmds
.sty
Package: pdftexcmds 2020-06-27 v0.33 Utility functions of pdfTeX for LuaTeX (HO
)
Package pdftexcmds Info: \pdf@primitive is available.
Package pdftexcmds Info: \pdf@ifprimitive is available.
Package pdftexcmds Info: \pdfdraftmode found.
))
(C:\Users\eunic\AppData\Local\Programs\MiKTeX\tex/latex/hycolor\hycolor.sty
Package: hycolor 2020-01-27 v1.10 Color options for hyperref/bookmark (HO)
)
(C:\Users\eunic\AppData\Local\Programs\MiKTeX\tex/latex/letltxmacro\letltxmacro
.sty
Package: letltxmacro 2019/12/03 v1.6 Let assignment for LaTeX macros (HO)
)
(C:\Users\eunic\AppData\Local\Programs\MiKTeX\tex/latex/auxhook\auxhook.sty
Package: auxhook 2019-12-17 v1.6 Hooks for auxiliary files (HO)
)
(C:\Users\eunic\AppData\Local\Programs\MiKTeX\tex/latex/hyperref\nameref.sty
Package: nameref 2023-11-26 v2.56 Cross-referencing by name of section

(C:\Users\eunic\AppData\Local\Programs\MiKTeX\tex/latex/refcount\refcount.sty
Package: refcount 2019/12/15 v3.6 Data extraction from label references (HO)
)
(C:\Users\eunic\AppData\Local\Programs\MiKTeX\tex/generic/gettitlestring\gettit
lestring.sty
Package: gettitlestring 2019/12/15 v1.6 Cleanup title references (HO)

(C:\Users\eunic\AppData\Local\Programs\MiKTeX\tex/latex/kvoptions\kvoptions.sty
Package: kvoptions 2022-06-15 v3.15 Key value format for package options (HO)
))
\c@section@level=\count268
)
(C:\Users\eunic\AppData\Local\Programs\MiKTeX\tex/latex/etoolbox\etoolbox.sty
Package: etoolbox 2020/10/05 v2.5k e-TeX tools for LaTeX (JAW)
\etb@tempcnta=\count269
)
\@linkdim=\dimen164
\Hy@linkcounter=\count270
\Hy@pagecounter=\count271

(C:\Users\eunic\AppData\Local\Programs\MiKTeX\tex/latex/hyperref\pd1enc.def
File: pd1enc.def 2023-11-26 v7.01g Hyperref: PDFDocEncoding definition (HO)
Now handling font encoding PD1 ...
... no UTF-8 mapping file for font encoding PD1
)
(C:\Users\eunic\AppData\Local\Programs\MiKTeX\tex/generic/intcalc\intcalc.sty
Package: intcalc 2019/12/15 v1.3 Expandable calculations with integers (HO)
)
\Hy@SavedSpaceFactor=\count272

(C:\Users\eunic\AppData\Local\Programs\MiKTeX\tex/latex/hyperref\puenc.def
File: puenc.def 2023-11-26 v7.01g Hyperref: PDF Unicode definition (HO)
Now handling font encoding PU ...
... no UTF-8 mapping file for font encoding PU
)
Package hyperref Info: Hyper figures OFF on input line 4181.
Package hyperref Info: Link nesting OFF on input line 4186.
Package hyperref Info: Hyper index ON on input line 4189.
Package hyperref Info: Plain pages OFF on input line 4196.
Package hyperref Info: Backreferencing OFF on input line 4201.
Package hyperref Info: Implicit mode ON; LaTeX internals redefined.
Package hyperref Info: Bookmarks ON on input line 4448.
\c@Hy@tempcnt=\count273

(C:\Users\eunic\AppData\Local\Programs\MiKTeX\tex/latex/url\url.sty
\Urlmuskip=\muskip16
Package: url 2013/09/16  ver 3.4  Verb mode for urls, etc.
)
LaTeX Info: Redefining \url on input line 4786.
\XeTeXLinkMargin=\dimen165

(C:\Users\eunic\AppData\Local\Programs\MiKTeX\tex/generic/bitset\bitset.sty
Package: bitset 2019/12/09 v1.3 Handle bit-vector datatype (HO)

(C:\Users\eunic\AppData\Local\Programs\MiKTeX\tex/generic/bigintcalc\bigintcalc
.sty
Package: bigintcalc 2019/12/15 v1.5 Expandable calculations on big integers (HO
)
))
\Fld@menulength=\count274
\Field@Width=\dimen166
\Fld@charsize=\dimen167
Package hyperref Info: Hyper figures OFF on input line 6065.
Package hyperref Info: Link nesting OFF on input line 6070.
Package hyperref Info: Hyper index ON on input line 6073.
Package hyperref Info: backreferencing OFF on input line 6080.
Package hyperref Info: Link coloring OFF on input line 6085.
Package hyperref Info: Link coloring with OCG OFF on input line 6090.
Package hyperref Info: PDF/A mode OFF on input line 6095.

(C:\Users\eunic\AppData\Local\Programs\MiKTeX\tex/latex/base\atbegshi-ltx.sty
Package: atbegshi-ltx 2021/01/10 v1.0c Emulation of the original atbegshi
package with kernel methods
)
\Hy@abspage=\count275
\c@Item=\count276
\c@Hfootnote=\count277
)
Package hyperref Info: Driver (autodetected): hpdftex.
(C:\Users\eunic\AppData\Local\Programs\MiKTeX\tex/latex/hyperref\hpdftex.def
File: hpdftex.def 2023-11-26 v7.01g Hyperref driver for pdfTeX

(C:\Users\eunic\AppData\Local\Programs\MiKTeX\tex/latex/base\atveryend-ltx.sty
Package: atveryend-ltx 2020/08/19 v1.0a Emulation of the original atveryend pac
kage
with kernel methods
)
\Fld@listcount=\count278
\c@bookmark@seq@number=\count279

(C:\Users\eunic\AppData\Local\Programs\MiKTeX\tex/latex/rerunfilecheck\rerunfil
echeck.sty
Package: rerunfilecheck 2025-06-21 v1.11 Rerun checks for auxiliary files (HO)

(C:\Users\eunic\AppData\Local\Programs\MiKTeX\tex/generic/uniquecounter\uniquec
ounter.sty
Package: uniquecounter 2019/12/15 v1.4 Provide unlimited unique counter (HO)
)
Package uniquecounter Info: New unique counter `rerunfilecheck' on input line 2
84.
)
\Hy@SectionHShift=\skip50
)
(C:\Users\eunic\AppData\Local\Programs\MiKTeX\tex/latex/l3backend\l3backend-pdf
tex.def
File: l3backend-pdftex.def 2024-01-04 L3 backend support: PDF output (pdfTeX)
\l__color_backend_stack_int=\count280
\l__pdf_internal_box=\box51
) (protest_original_controls_never_report.aux)
\openout1 = `protest_original_controls_never_report.aux'.

LaTeX Font Info:    Checking defaults for OML/cmm/m/it on input line 10.
LaTeX Font Info:    ... okay on input line 10.
LaTeX Font Info:    Checking defaults for OMS/cmsy/m/n on input line 10.
LaTeX Font Info:    ... okay on input line 10.
LaTeX Font Info:    Checking defaults for OT1/cmr/m/n on input line 10.
LaTeX Font Info:    ... okay on input line 10.
LaTeX Font Info:    Checking defaults for T1/cmr/m/n on input line 10.
LaTeX Font Info:    ... okay on input line 10.
LaTeX Font Info:    Checking defaults for TS1/cmr/m/n on input line 10.
LaTeX Font Info:    ... okay on input line 10.
LaTeX Font Info:    Checking defaults for OMX/cmex/m/n on input line 10.
LaTeX Font Info:    ... okay on input line 10.
LaTeX Font Info:    Checking defaults for U/cmr/m/n on input line 10.
LaTeX Font Info:    ... okay on input line 10.
LaTeX Font Info:    Checking defaults for PD1/pdf/m/n on input line 10.
LaTeX Font Info:    ... okay on input line 10.
LaTeX Font Info:    Checking defaults for PU/pdf/m/n on input line 10.
LaTeX Font Info:    ... okay on input line 10.

*geometry* driver: auto-detecting
*geometry* detected driver: pdftex
*geometry* verbose mode - [ preamble ] result:
* driver: pdftex
* paper: letterpaper
* layout: <same size as paper>
* layoutoffset:(h,v)=(0.0pt,0.0pt)
* modes: landscape 
* h-part:(L,W,R)=(39.74872pt, 715.47255pt, 39.74872pt)
* v-part:(T,H,B)=(39.74872pt, 534.79756pt, 39.74872pt)
* \paperwidth=794.96999pt
* \paperheight=614.295pt
* \textwidth=715.47255pt
* \textheight=534.79756pt
* \oddsidemargin=-32.52127pt
* \evensidemargin=-32.52127pt
* \topmargin=-69.52127pt
* \headheight=12.0pt
* \headsep=25.0pt
* \topskip=10.0pt
* \footskip=30.0pt
* \marginparwidth=65.0pt
* \marginparsep=11.0pt
* \columnsep=10.0pt
* \skip\footins=9.0pt plus 4.0pt minus 2.0pt
* \hoffset=0.0pt
* \voffset=0.0pt
* \mag=1000
* \@twocolumnfalse
* \@twosidefalse
* \@mparswitchfalse
* \@reversemarginfalse
* (1in=72.27pt=25.4mm, 1cm=28.453pt)


(C:\Users\eunic\AppData\Local\Programs\MiKTeX\tex/context/base/mkii\supp-pdf.mk
ii
[Loading MPS to PDF converter (version 2006.09.02).]
\scratchcounter=\count281
\scratchdimen=\dimen168
\scratchbox=\box52
\nofMPsegments=\count282
\nofMParguments=\count283
\everyMPshowfont=\toks19
\MPscratchCnt=\count284
\MPscratchDim=\dimen169
\MPnumerator=\count285
\makeMPintoPDFobject=\count286
\everyMPtoPDFconversion=\toks20
)
(C:\Users\eunic\AppData\Local\Programs\MiKTeX\tex/latex/epstopdf-pkg\epstopdf-b
ase.sty
Package: epstopdf-base 2020-01-24 v2.11 Base part for package epstopdf
Package epstopdf-base Info: Redefining graphics rule for `.eps' on input line 4
85.

(C:\Users\eunic\AppData\Local\Programs\MiKTeX\tex/latex/00miktex\epstopdf-sys.c
fg
File: epstopdf-sys.cfg 2021/03/18 v2.0 Configuration of epstopdf for MiKTeX
))
Package hyperref Info: Link coloring OFF on input line 10.
 (protest_original_controls_never_report.out)
(protest_original_controls_never_report.out)
\@outlinefile=\write3
\openout3 = `protest_original_controls_never_report.out'.

LaTeX Font Info:    External font `cmex10' loaded for size
(Font)              <12> on input line 12.
LaTeX Font Info:    External font `cmex10' loaded for size
(Font)              <8> on input line 12.
LaTeX Font Info:    External font `cmex10' loaded for size
(Font)              <6> on input line 12.
LaTeX Font Info:    External font `cmex10' loaded for size
(Font)              <9> on input line 12.
LaTeX Font Info:    External font `cmex10' loaded for size
(Font)              <5> on input line 12.

(protest_original_controls_never_report.toc [1

{C:/Users/eunic/AppData/Local/MiKTeX/fonts/map/pdftex/pdftex.map}])
\tf@toc=\write4
\openout4 = `protest_original_controls_never_report.toc'.

 [2]
<C:/Users/eunic/OneDrive/Documents/GitHub/proj_bureaucrats_farms/figures/explor
atory_analysis/protest_original_controls_fe_sweep/protest_original_fe01_control
s_never_event_ori.png, id=181, 578.16pt x 289.08pt>
File: C:/Users/eunic/OneDrive/Documents/GitHub/proj_bureaucrats_farms/figures/e
xploratory_analysis/protest_original_controls_fe_sweep/protest_original_fe01_co
ntrols_never_event_ori.png Graphic file (type png)
<use C:/Users/eunic/OneDrive/Documents/GitHub/proj_bureaucrats_farms/figures/ex
ploratory_analysis/protest_original_controls_fe_sweep/protest_original_fe01_con
trols_never_event_ori.png>
Package pdftex.def Info: C:/Users/eunic/OneDrive/Documents/GitHub/proj_bureaucr
ats_farms/figures/exploratory_analysis/protest_original_controls_fe_sweep/prote
st_original_fe01_controls_never_event_ori.png  used on input line 18.
(pdftex.def)             Requested size: 343.42375pt x 171.7114pt.
<C:/Users/eunic/OneDrive/Documents/GitHub/proj_bureaucrats_farms/figures/explor
atory_analysis/protest_original_controls_fe_sweep/protest_original_fe01_control
s_never_event_rotated.png, id=182, 578.16pt x 289.08pt>
File: C:/Users/eunic/OneDrive/Documents/GitHub/proj_bureaucrats_farms/figures/e
xploratory_analysis/protest_original_controls_fe_sweep/protest_original_fe01_co
ntrols_never_event_rotated.png Graphic file (type png)
<use C:/Users/eunic/OneDrive/Documents/GitHub/proj_bureaucrats_farms/figures/ex
ploratory_analysis/protest_original_controls_fe_sweep/protest_original_fe01_con
trols_never_event_rotated.png>
Package pdftex.def Info: C:/Users/eunic/OneDrive/Documents/GitHub/proj_bureaucr
ats_farms/figures/exploratory_analysis/protest_original_controls_fe_sweep/prote
st_original_fe01_controls_never_event_rotated.png  used on input line 21.
(pdftex.def)             Requested size: 343.42375pt x 171.7114pt.
LaTeX Font Info:    External font `cmex10' loaded for size
(Font)              <7> on input line 23.
<C:/Users/eunic/OneDrive/Documents/GitHub/proj_bureaucrats_farms/figures/explor
atory_analysis/protest_original_controls_fe_sweep/protest_original_fe01_control
s_never_did_interaction_rural_acpop_all_1.png, id=183, 542.025pt x 325.215pt>
File: C:/Users/eunic/OneDrive/Documents/GitHub/proj_bureaucrats_farms/figures/e
xploratory_analysis/protest_original_controls_fe_sweep/protest_original_fe01_co
ntrols_never_did_interaction_rural_acpop_all_1.png Graphic file (type png)
<use C:/Users/eunic/OneDrive/Documents/GitHub/proj_bureaucrats_farms/figures/ex
ploratory_analysis/protest_original_controls_fe_sweep/protest_original_fe01_con
trols_never_did_interaction_rural_acpop_all_1.png>
Package pdftex.def Info: C:/Users/eunic/OneDrive/Documents/GitHub/proj_bureaucr
ats_farms/figures/exploratory_analysis/protest_original_controls_fe_sweep/prote
st_original_fe01_controls_never_did_interaction_rural_acpop_all_1.png  used on 
input line 24.
(pdftex.def)             Requested size: 386.35037pt x 231.81734pt.
 [3

 <C:/Users/eunic/OneDrive/Documents/GitHub/proj_bureaucrats_farms/figures/explo
ratory_analysis/protest_original_controls_fe_sweep/protest_original_fe01_contro
ls_never_event_ori.png> <C:/Users/eunic/OneDrive/Documents/GitHub/proj_bureaucr
ats_farms/figures/exploratory_analysis/protest_original_controls_fe_sweep/prote
st_original_fe01_controls_never_event_rotated.png> <C:/Users/eunic/OneDrive/Doc
uments/GitHub/proj_bureaucrats_farms/figures/exploratory_analysis/protest_origi
nal_controls_fe_sweep/protest_original_fe01_controls_never_did_interaction_rura
l_acpop_all_1.png>] [4

]
<C:/Users/eunic/OneDrive/Documents/GitHub/proj_bureaucrats_farms/figures/explor
atory_analysis/protest_original_controls_fe_sweep/protest_original_fe02_control
s_never_event_ori.png, id=198, 578.16pt x 289.08pt>
File: C:/Users/eunic/OneDrive/Documents/GitHub/proj_bureaucrats_farms/figures/e
xploratory_analysis/protest_original_controls_fe_sweep/protest_original_fe02_co
ntrols_never_event_ori.png Graphic file (type png)
<use C:/Users/eunic/OneDrive/Documents/GitHub/proj_bureaucrats_farms/figures/ex
ploratory_analysis/protest_original_controls_fe_sweep/protest_original_fe02_con
trols_never_event_ori.png>
Package pdftex.def Info: C:/Users/eunic/OneDrive/Documents/GitHub/proj_bureaucr
ats_farms/figures/exploratory_analysis/protest_original_controls_fe_sweep/prote
st_original_fe02_controls_never_event_ori.png  used on input line 53.
(pdftex.def)             Requested size: 343.42375pt x 171.7114pt.
<C:/Users/eunic/OneDrive/Documents/GitHub/proj_bureaucrats_farms/figures/explor
atory_analysis/protest_original_controls_fe_sweep/protest_original_fe02_control
s_never_event_rotated.png, id=199, 578.16pt x 289.08pt>
File: C:/Users/eunic/OneDrive/Documents/GitHub/proj_bureaucrats_farms/figures/e
xploratory_analysis/protest_original_controls_fe_sweep/protest_original_fe02_co
ntrols_never_event_rotated.png Graphic file (type png)
<use C:/Users/eunic/OneDrive/Documents/GitHub/proj_bureaucrats_farms/figures/ex
ploratory_analysis/protest_original_controls_fe_sweep/protest_original_fe02_con
trols_never_event_rotated.png>
Package pdftex.def Info: C:/Users/eunic/OneDrive/Documents/GitHub/proj_bureaucr
ats_farms/figures/exploratory_analysis/protest_original_controls_fe_sweep/prote
st_original_fe02_controls_never_event_rotated.png  used on input line 56.
(pdftex.def)             Requested size: 343.42375pt x 171.7114pt.
<C:/Users/eunic/OneDrive/Documents/GitHub/proj_bureaucrats_farms/figures/explor
atory_analysis/protest_original_controls_fe_sweep/protest_original_fe02_control
s_never_did_interaction_rural_acpop_all_1.png, id=200, 542.025pt x 325.215pt>
File: C:/Users/eunic/OneDrive/Documents/GitHub/proj_bureaucrats_farms/figures/e
xploratory_analysis/protest_original_controls_fe_sweep/protest_original_fe02_co
ntrols_never_did_interaction_rural_acpop_all_1.png Graphic file (type png)
<use C:/Users/eunic/OneDrive/Documents/GitHub/proj_bureaucrats_farms/figures/ex
ploratory_analysis/protest_original_controls_fe_sweep/protest_original_fe02_con
trols_never_did_interaction_rural_acpop_all_1.png>
Package pdftex.def Info: C:/Users/eunic/OneDrive/Documents/GitHub/proj_bureaucr
ats_farms/figures/exploratory_analysis/protest_original_controls_fe_sweep/prote
st_original_fe02_controls_never_did_interaction_rural_acpop_all_1.png  used on 
input line 59.
(pdftex.def)             Requested size: 386.35037pt x 231.81734pt.
 [5

 <C:/Users/eunic/OneDrive/Documents/GitHub/proj_bureaucrats_farms/figures/explo
ratory_analysis/protest_original_controls_fe_sweep/protest_original_fe02_contro
ls_never_event_ori.png> <C:/Users/eunic/OneDrive/Documents/GitHub/proj_bureaucr
ats_farms/figures/exploratory_analysis/protest_original_controls_fe_sweep/prote
st_original_fe02_controls_never_event_rotated.png> <C:/Users/eunic/OneDrive/Doc
uments/GitHub/proj_bureaucrats_farms/figures/exploratory_analysis/protest_origi
nal_controls_fe_sweep/protest_original_fe02_controls_never_did_interaction_rura
l_acpop_all_1.png>] [6

]
<C:/Users/eunic/OneDrive/Documents/GitHub/proj_bureaucrats_farms/figures/explor
atory_analysis/protest_original_controls_fe_sweep/protest_original_fe03_control
s_never_event_ori.png, id=211, 578.16pt x 289.08pt>
File: C:/Users/eunic/OneDrive/Documents/GitHub/proj_bureaucrats_farms/figures/e
xploratory_analysis/protest_original_controls_fe_sweep/protest_original_fe03_co
ntrols_never_event_ori.png Graphic file (type png)
<use C:/Users/eunic/OneDrive/Documents/GitHub/proj_bureaucrats_farms/figures/ex
ploratory_analysis/protest_original_controls_fe_sweep/protest_original_fe03_con
trols_never_event_ori.png>
Package pdftex.def Info: C:/Users/eunic/OneDrive/Documents/GitHub/proj_bureaucr
ats_farms/figures/exploratory_analysis/protest_original_controls_fe_sweep/prote
st_original_fe03_controls_never_event_ori.png  used on input line 88.
(pdftex.def)             Requested size: 343.42375pt x 171.7114pt.
<C:/Users/eunic/OneDrive/Documents/GitHub/proj_bureaucrats_farms/figures/explor
atory_analysis/protest_original_controls_fe_sweep/protest_original_fe03_control
s_never_event_rotated.png, id=212, 578.16pt x 289.08pt>
File: C:/Users/eunic/OneDrive/Documents/GitHub/proj_bureaucrats_farms/figures/e
xploratory_analysis/protest_original_controls_fe_sweep/protest_original_fe03_co
ntrols_never_event_rotated.png Graphic file (type png)
<use C:/Users/eunic/OneDrive/Documents/GitHub/proj_bureaucrats_farms/figures/ex
ploratory_analysis/protest_original_controls_fe_sweep/protest_original_fe03_con
trols_never_event_rotated.png>
Package pdftex.def Info: C:/Users/eunic/OneDrive/Documents/GitHub/proj_bureaucr
ats_farms/figures/exploratory_analysis/protest_original_controls_fe_sweep/prote
st_original_fe03_controls_never_event_rotated.png  used on input line 91.
(pdftex.def)             Requested size: 343.42375pt x 171.7114pt.
<C:/Users/eunic/OneDrive/Documents/GitHub/proj_bureaucrats_farms/figures/explor
atory_analysis/protest_original_controls_fe_sweep/protest_original_fe03_control
s_never_did_interaction_rural_acpop_all_1.png, id=213, 542.025pt x 325.215pt>
File: C:/Users/eunic/OneDrive/Documents/GitHub/proj_bureaucrats_farms/figures/e
xploratory_analysis/protest_original_controls_fe_sweep/protest_original_fe03_co
ntrols_never_did_interaction_rural_acpop_all_1.png Graphic file (type png)
<use C:/Users/eunic/OneDrive/Documents/GitHub/proj_bureaucrats_farms/figures/ex
ploratory_analysis/protest_original_controls_fe_sweep/protest_original_fe03_con
trols_never_did_interaction_rural_acpop_all_1.png>
Package pdftex.def Info: C:/Users/eunic/OneDrive/Documents/GitHub/proj_bureaucr
ats_farms/figures/exploratory_analysis/protest_original_controls_fe_sweep/prote
st_original_fe03_controls_never_did_interaction_rural_acpop_all_1.png  used on 
input line 94.
(pdftex.def)             Requested size: 386.35037pt x 231.81734pt.
 [7

 <C:/Users/eunic/OneDrive/Documents/GitHub/proj_bureaucrats_farms/figures/explo
ratory_analysis/protest_original_controls_fe_sweep/protest_original_fe03_contro
ls_never_event_ori.png> <C:/Users/eunic/OneDrive/Documents/GitHub/proj_bureaucr
ats_farms/figures/exploratory_analysis/protest_original_controls_fe_sweep/prote
st_original_fe03_controls_never_event_rotated.png> <C:/Users/eunic/OneDrive/Doc
uments/GitHub/proj_bureaucrats_farms/figures/exploratory_analysis/protest_origi
nal_controls_fe_sweep/protest_original_fe03_controls_never_did_interaction_rura
l_acpop_all_1.png>] [8

]
<C:/Users/eunic/OneDrive/Documents/GitHub/proj_bureaucrats_farms/figures/explor
atory_analysis/protest_original_controls_fe_sweep/protest_original_fe04_control
s_never_event_ori.png, id=225, 578.16pt x 289.08pt>
File: C:/Users/eunic/OneDrive/Documents/GitHub/proj_bureaucrats_farms/figures/e
xploratory_analysis/protest_original_controls_fe_sweep/protest_original_fe04_co
ntrols_never_event_ori.png Graphic file (type png)
<use C:/Users/eunic/OneDrive/Documents/GitHub/proj_bureaucrats_farms/figures/ex
ploratory_analysis/protest_original_controls_fe_sweep/protest_original_fe04_con
trols_never_event_ori.png>
Package pdftex.def Info: C:/Users/eunic/OneDrive/Documents/GitHub/proj_bureaucr
ats_farms/figures/exploratory_analysis/protest_original_controls_fe_sweep/prote
st_original_fe04_controls_never_event_ori.png  used on input line 123.
(pdftex.def)             Requested size: 343.42375pt x 171.7114pt.
<C:/Users/eunic/OneDrive/Documents/GitHub/proj_bureaucrats_farms/figures/explor
atory_analysis/protest_original_controls_fe_sweep/protest_original_fe04_control
s_never_event_rotated.png, id=226, 578.16pt x 289.08pt>
File: C:/Users/eunic/OneDrive/Documents/GitHub/proj_bureaucrats_farms/figures/e
xploratory_analysis/protest_original_controls_fe_sweep/protest_original_fe04_co
ntrols_never_event_rotated.png Graphic file (type png)
<use C:/Users/eunic/OneDrive/Documents/GitHub/proj_bureaucrats_farms/figures/ex
ploratory_analysis/protest_original_controls_fe_sweep/protest_original_fe04_con
trols_never_event_rotated.png>
Package pdftex.def Info: C:/Users/eunic/OneDrive/Documents/GitHub/proj_bureaucr
ats_farms/figures/exploratory_analysis/protest_original_controls_fe_sweep/prote
st_original_fe04_controls_never_event_rotated.png  used on input line 126.
(pdftex.def)             Requested size: 343.42375pt x 171.7114pt.
<C:/Users/eunic/OneDrive/Documents/GitHub/proj_bureaucrats_farms/figures/explor
atory_analysis/protest_original_controls_fe_sweep/protest_original_fe04_control
s_never_did_interaction_rural_acpop_all_1.png, id=227, 542.025pt x 325.215pt>
File: C:/Users/eunic/OneDrive/Documents/GitHub/proj_bureaucrats_farms/figures/e
xploratory_analysis/protest_original_controls_fe_sweep/protest_original_fe04_co
ntrols_never_did_interaction_rural_acpop_all_1.png Graphic file (type png)
<use C:/Users/eunic/OneDrive/Documents/GitHub/proj_bureaucrats_farms/figures/ex
ploratory_analysis/protest_original_controls_fe_sweep/protest_original_fe04_con
trols_never_did_interaction_rural_acpop_all_1.png>
Package pdftex.def Info: C:/Users/eunic/OneDrive/Documents/GitHub/proj_bureaucr
ats_farms/figures/exploratory_analysis/protest_original_controls_fe_sweep/prote
st_original_fe04_controls_never_did_interaction_rural_acpop_all_1.png  used on 
input line 129.
(pdftex.def)             Requested size: 386.35037pt x 231.81734pt.
 [9

 <C:/Users/eunic/OneDrive/Documents/GitHub/proj_bureaucrats_farms/figures/explo
ratory_analysis/protest_original_controls_fe_sweep/protest_original_fe04_contro
ls_never_event_ori.png> <C:/Users/eunic/OneDrive/Documents/GitHub/proj_bureaucr
ats_farms/figures/exploratory_analysis/protest_original_controls_fe_sweep/prote
st_original_fe04_controls_never_event_rotated.png> <C:/Users/eunic/OneDrive/Doc
uments/GitHub/proj_bureaucrats_farms/figures/exploratory_analysis/protest_origi
nal_controls_fe_sweep/protest_original_fe04_controls_never_did_interaction_rura
l_acpop_all_1.png>] [10

]
<C:/Users/eunic/OneDrive/Documents/GitHub/proj_bureaucrats_farms/figures/explor
atory_analysis/protest_original_controls_fe_sweep/protest_original_fe05_control
s_never_event_ori.png, id=238, 578.16pt x 289.08pt>
File: C:/Users/eunic/OneDrive/Documents/GitHub/proj_bureaucrats_farms/figures/e
xploratory_analysis/protest_original_controls_fe_sweep/protest_original_fe05_co
ntrols_never_event_ori.png Graphic file (type png)
<use C:/Users/eunic/OneDrive/Documents/GitHub/proj_bureaucrats_farms/figures/ex
ploratory_analysis/protest_original_controls_fe_sweep/protest_original_fe05_con
trols_never_event_ori.png>
Package pdftex.def Info: C:/Users/eunic/OneDrive/Documents/GitHub/proj_bureaucr
ats_farms/figures/exploratory_analysis/protest_original_controls_fe_sweep/prote
st_original_fe05_controls_never_event_ori.png  used on input line 158.
(pdftex.def)             Requested size: 343.42375pt x 171.7114pt.
<C:/Users/eunic/OneDrive/Documents/GitHub/proj_bureaucrats_farms/figures/explor
atory_analysis/protest_original_controls_fe_sweep/protest_original_fe05_control
s_never_event_rotated.png, id=239, 578.16pt x 289.08pt>
File: C:/Users/eunic/OneDrive/Documents/GitHub/proj_bureaucrats_farms/figures/e
xploratory_analysis/protest_original_controls_fe_sweep/protest_original_fe05_co
ntrols_never_event_rotated.png Graphic file (type png)
<use C:/Users/eunic/OneDrive/Documents/GitHub/proj_bureaucrats_farms/figures/ex
ploratory_analysis/protest_original_controls_fe_sweep/protest_original_fe05_con
trols_never_event_rotated.png>
Package pdftex.def Info: C:/Users/eunic/OneDrive/Documents/GitHub/proj_bureaucr
ats_farms/figures/exploratory_analysis/protest_original_controls_fe_sweep/prote
st_original_fe05_controls_never_event_rotated.png  used on input line 161.
(pdftex.def)             Requested size: 343.42375pt x 171.7114pt.
<C:/Users/eunic/OneDrive/Documents/GitHub/proj_bureaucrats_farms/figures/explor
atory_analysis/protest_original_controls_fe_sweep/protest_original_fe05_control
s_never_did_interaction_rural_acpop_all_1.png, id=240, 542.025pt x 325.215pt>
File: C:/Users/eunic/OneDrive/Documents/GitHub/proj_bureaucrats_farms/figures/e
xploratory_analysis/protest_original_controls_fe_sweep/protest_original_fe05_co
ntrols_never_did_interaction_rural_acpop_all_1.png Graphic file (type png)
<use C:/Users/eunic/OneDrive/Documents/GitHub/proj_bureaucrats_farms/figures/ex
ploratory_analysis/protest_original_controls_fe_sweep/protest_original_fe05_con
trols_never_did_interaction_rural_acpop_all_1.png>
Package pdftex.def Info: C:/Users/eunic/OneDrive/Documents/GitHub/proj_bureaucr
ats_farms/figures/exploratory_analysis/protest_original_controls_fe_sweep/prote
st_original_fe05_controls_never_did_interaction_rural_acpop_all_1.png  used on 
input line 164.
(pdftex.def)             Requested size: 386.35037pt x 231.81734pt.
 [11

 <C:/Users/eunic/OneDrive/Documents/GitHub/proj_bureaucrats_farms/figures/explo
ratory_analysis/protest_original_controls_fe_sweep/protest_original_fe05_contro
ls_never_event_ori.png> <C:/Users/eunic/OneDrive/Documents/GitHub/proj_bureaucr
ats_farms/figures/exploratory_analysis/protest_original_controls_fe_sweep/prote
st_original_fe05_controls_never_event_rotated.png> <C:/Users/eunic/OneDrive/Doc
uments/GitHub/proj_bureaucrats_farms/figures/exploratory_analysis/protest_origi
nal_controls_fe_sweep/protest_original_fe05_controls_never_did_interaction_rura
l_acpop_all_1.png>] [12

]
<C:/Users/eunic/OneDrive/Documents/GitHub/proj_bureaucrats_farms/figures/explor
atory_analysis/protest_original_controls_fe_sweep/protest_original_fe06_control
s_never_event_ori.png, id=251, 578.16pt x 289.08pt>
File: C:/Users/eunic/OneDrive/Documents/GitHub/proj_bureaucrats_farms/figures/e
xploratory_analysis/protest_original_controls_fe_sweep/protest_original_fe06_co
ntrols_never_event_ori.png Graphic file (type png)
<use C:/Users/eunic/OneDrive/Documents/GitHub/proj_bureaucrats_farms/figures/ex
ploratory_analysis/protest_original_controls_fe_sweep/protest_original_fe06_con
trols_never_event_ori.png>
Package pdftex.def Info: C:/Users/eunic/OneDrive/Documents/GitHub/proj_bureaucr
ats_farms/figures/exploratory_analysis/protest_original_controls_fe_sweep/prote
st_original_fe06_controls_never_event_ori.png  used on input line 193.
(pdftex.def)             Requested size: 343.42375pt x 171.7114pt.
<C:/Users/eunic/OneDrive/Documents/GitHub/proj_bureaucrats_farms/figures/explor
atory_analysis/protest_original_controls_fe_sweep/protest_original_fe06_control
s_never_event_rotated.png, id=252, 578.16pt x 289.08pt>
File: C:/Users/eunic/OneDrive/Documents/GitHub/proj_bureaucrats_farms/figures/e
xploratory_analysis/protest_original_controls_fe_sweep/protest_original_fe06_co
ntrols_never_event_rotated.png Graphic file (type png)
<use C:/Users/eunic/OneDrive/Documents/GitHub/proj_bureaucrats_farms/figures/ex
ploratory_analysis/protest_original_controls_fe_sweep/protest_original_fe06_con
trols_never_event_rotated.png>
Package pdftex.def Info: C:/Users/eunic/OneDrive/Documents/GitHub/proj_bureaucr
ats_farms/figures/exploratory_analysis/protest_original_controls_fe_sweep/prote
st_original_fe06_controls_never_event_rotated.png  used on input line 196.
(pdftex.def)             Requested size: 343.42375pt x 171.7114pt.
<C:/Users/eunic/OneDrive/Documents/GitHub/proj_bureaucrats_farms/figures/explor
atory_analysis/protest_original_controls_fe_sweep/protest_original_fe06_control
s_never_did_interaction_rural_acpop_all_1.png, id=253, 542.025pt x 325.215pt>
File: C:/Users/eunic/OneDrive/Documents/GitHub/proj_bureaucrats_farms/figures/e
xploratory_analysis/protest_original_controls_fe_sweep/protest_original_fe06_co
ntrols_never_did_interaction_rural_acpop_all_1.png Graphic file (type png)
<use C:/Users/eunic/OneDrive/Documents/GitHub/proj_bureaucrats_farms/figures/ex
ploratory_analysis/protest_original_controls_fe_sweep/protest_original_fe06_con
trols_never_did_interaction_rural_acpop_all_1.png>
Package pdftex.def Info: C:/Users/eunic/OneDrive/Documents/GitHub/proj_bureaucr
ats_farms/figures/exploratory_analysis/protest_original_controls_fe_sweep/prote
st_original_fe06_controls_never_did_interaction_rural_acpop_all_1.png  used on 
input line 199.
(pdftex.def)             Requested size: 386.35037pt x 231.81734pt.
 [13

 <C:/Users/eunic/OneDrive/Documents/GitHub/proj_bureaucrats_farms/figures/explo
ratory_analysis/protest_original_controls_fe_sweep/protest_original_fe06_contro
ls_never_event_ori.png> <C:/Users/eunic/OneDrive/Documents/GitHub/proj_bureaucr
ats_farms/figures/exploratory_analysis/protest_original_controls_fe_sweep/prote
st_original_fe06_controls_never_event_rotated.png> <C:/Users/eunic/OneDrive/Doc
uments/GitHub/proj_bureaucrats_farms/figures/exploratory_analysis/protest_origi
nal_controls_fe_sweep/protest_original_fe06_controls_never_did_interaction_rura
l_acpop_all_1.png>] [14

]
<C:/Users/eunic/OneDrive/Documents/GitHub/proj_bureaucrats_farms/figures/explor
atory_analysis/protest_original_controls_fe_sweep/protest_original_fe07_control
s_never_event_ori.png, id=265, 578.16pt x 289.08pt>
File: C:/Users/eunic/OneDrive/Documents/GitHub/proj_bureaucrats_farms/figures/e
xploratory_analysis/protest_original_controls_fe_sweep/protest_original_fe07_co
ntrols_never_event_ori.png Graphic file (type png)
<use C:/Users/eunic/OneDrive/Documents/GitHub/proj_bureaucrats_farms/figures/ex
ploratory_analysis/protest_original_controls_fe_sweep/protest_original_fe07_con
trols_never_event_ori.png>
Package pdftex.def Info: C:/Users/eunic/OneDrive/Documents/GitHub/proj_bureaucr
ats_farms/figures/exploratory_analysis/protest_original_controls_fe_sweep/prote
st_original_fe07_controls_never_event_ori.png  used on input line 228.
(pdftex.def)             Requested size: 343.42375pt x 171.7114pt.
<C:/Users/eunic/OneDrive/Documents/GitHub/proj_bureaucrats_farms/figures/explor
atory_analysis/protest_original_controls_fe_sweep/protest_original_fe07_control
s_never_event_rotated.png, id=266, 578.16pt x 289.08pt>
File: C:/Users/eunic/OneDrive/Documents/GitHub/proj_bureaucrats_farms/figures/e
xploratory_analysis/protest_original_controls_fe_sweep/protest_original_fe07_co
ntrols_never_event_rotated.png Graphic file (type png)
<use C:/Users/eunic/OneDrive/Documents/GitHub/proj_bureaucrats_farms/figures/ex
ploratory_analysis/protest_original_controls_fe_sweep/protest_original_fe07_con
trols_never_event_rotated.png>
Package pdftex.def Info: C:/Users/eunic/OneDrive/Documents/GitHub/proj_bureaucr
ats_farms/figures/exploratory_analysis/protest_original_controls_fe_sweep/prote
st_original_fe07_controls_never_event_rotated.png  used on input line 231.
(pdftex.def)             Requested size: 343.42375pt x 171.7114pt.
<C:/Users/eunic/OneDrive/Documents/GitHub/proj_bureaucrats_farms/figures/explor
atory_analysis/protest_original_controls_fe_sweep/protest_original_fe07_control
s_never_did_interaction_rural_acpop_all_1.png, id=267, 542.025pt x 325.215pt>
File: C:/Users/eunic/OneDrive/Documents/GitHub/proj_bureaucrats_farms/figures/e
xploratory_analysis/protest_original_controls_fe_sweep/protest_original_fe07_co
ntrols_never_did_interaction_rural_acpop_all_1.png Graphic file (type png)
<use C:/Users/eunic/OneDrive/Documents/GitHub/proj_bureaucrats_farms/figures/ex
ploratory_analysis/protest_original_controls_fe_sweep/protest_original_fe07_con
trols_never_did_interaction_rural_acpop_all_1.png>
Package pdftex.def Info: C:/Users/eunic/OneDrive/Documents/GitHub/proj_bureaucr
ats_farms/figures/exploratory_analysis/protest_original_controls_fe_sweep/prote
st_original_fe07_controls_never_did_interaction_rural_acpop_all_1.png  used on 
input line 234.
(pdftex.def)             Requested size: 386.35037pt x 231.81734pt.
 [15

 <C:/Users/eunic/OneDrive/Documents/GitHub/proj_bureaucrats_farms/figures/explo
ratory_analysis/protest_original_controls_fe_sweep/protest_original_fe07_contro
ls_never_event_ori.png> <C:/Users/eunic/OneDrive/Documents/GitHub/proj_bureaucr
ats_farms/figures/exploratory_analysis/protest_original_controls_fe_sweep/prote
st_original_fe07_controls_never_event_rotated.png> <C:/Users/eunic/OneDrive/Doc
uments/GitHub/proj_bureaucrats_farms/figures/exploratory_analysis/protest_origi
nal_controls_fe_sweep/protest_original_fe07_controls_never_did_interaction_rura
l_acpop_all_1.png>] [16

]
<C:/Users/eunic/OneDrive/Documents/GitHub/proj_bureaucrats_farms/figures/explor
atory_analysis/protest_original_controls_fe_sweep/protest_original_fe08_control
s_never_event_ori.png, id=278, 578.16pt x 289.08pt>
File: C:/Users/eunic/OneDrive/Documents/GitHub/proj_bureaucrats_farms/figures/e
xploratory_analysis/protest_original_controls_fe_sweep/protest_original_fe08_co
ntrols_never_event_ori.png Graphic file (type png)
<use C:/Users/eunic/OneDrive/Documents/GitHub/proj_bureaucrats_farms/figures/ex
ploratory_analysis/protest_original_controls_fe_sweep/protest_original_fe08_con
trols_never_event_ori.png>
Package pdftex.def Info: C:/Users/eunic/OneDrive/Documents/GitHub/proj_bureaucr
ats_farms/figures/exploratory_analysis/protest_original_controls_fe_sweep/prote
st_original_fe08_controls_never_event_ori.png  used on input line 263.
(pdftex.def)             Requested size: 343.42375pt x 171.7114pt.
<C:/Users/eunic/OneDrive/Documents/GitHub/proj_bureaucrats_farms/figures/explor
atory_analysis/protest_original_controls_fe_sweep/protest_original_fe08_control
s_never_event_rotated.png, id=279, 578.16pt x 289.08pt>
File: C:/Users/eunic/OneDrive/Documents/GitHub/proj_bureaucrats_farms/figures/e
xploratory_analysis/protest_original_controls_fe_sweep/protest_original_fe08_co
ntrols_never_event_rotated.png Graphic file (type png)
<use C:/Users/eunic/OneDrive/Documents/GitHub/proj_bureaucrats_farms/figures/ex
ploratory_analysis/protest_original_controls_fe_sweep/protest_original_fe08_con
trols_never_event_rotated.png>
Package pdftex.def Info: C:/Users/eunic/OneDrive/Documents/GitHub/proj_bureaucr
ats_farms/figures/exploratory_analysis/protest_original_controls_fe_sweep/prote
st_original_fe08_controls_never_event_rotated.png  used on input line 266.
(pdftex.def)             Requested size: 343.42375pt x 171.7114pt.
<C:/Users/eunic/OneDrive/Documents/GitHub/proj_bureaucrats_farms/figures/explor
atory_analysis/protest_original_controls_fe_sweep/protest_original_fe08_control
s_never_did_interaction_rural_acpop_all_1.png, id=280, 542.025pt x 325.215pt>
File: C:/Users/eunic/OneDrive/Documents/GitHub/proj_bureaucrats_farms/figures/e
xploratory_analysis/protest_original_controls_fe_sweep/protest_original_fe08_co
ntrols_never_did_interaction_rural_acpop_all_1.png Graphic file (type png)
<use C:/Users/eunic/OneDrive/Documents/GitHub/proj_bureaucrats_farms/figures/ex
ploratory_analysis/protest_original_controls_fe_sweep/protest_original_fe08_con
trols_never_did_interaction_rural_acpop_all_1.png>
Package pdftex.def Info: C:/Users/eunic/OneDrive/Documents/GitHub/proj_bureaucr
ats_farms/figures/exploratory_analysis/protest_original_controls_fe_sweep/prote
st_original_fe08_controls_never_did_interaction_rural_acpop_all_1.png  used on 
input line 269.
(pdftex.def)             Requested size: 386.35037pt x 231.81734pt.
 [17

 <C:/Users/eunic/OneDrive/Documents/GitHub/proj_bureaucrats_farms/figures/explo
ratory_analysis/protest_original_controls_fe_sweep/protest_original_fe08_contro
ls_never_event_ori.png> <C:/Users/eunic/OneDrive/Documents/GitHub/proj_bureaucr
ats_farms/figures/exploratory_analysis/protest_original_controls_fe_sweep/prote
st_original_fe08_controls_never_event_rotated.png> <C:/Users/eunic/OneDrive/Doc
uments/GitHub/proj_bureaucrats_farms/figures/exploratory_analysis/protest_origi
nal_controls_fe_sweep/protest_original_fe08_controls_never_did_interaction_rura
l_acpop_all_1.png>] [18

]
<C:/Users/eunic/OneDrive/Documents/GitHub/proj_bureaucrats_farms/figures/explor
atory_analysis/protest_original_controls_fe_sweep/protest_original_fe09_control
s_never_event_ori.png, id=291, 578.16pt x 289.08pt>
File: C:/Users/eunic/OneDrive/Documents/GitHub/proj_bureaucrats_farms/figures/e
xploratory_analysis/protest_original_controls_fe_sweep/protest_original_fe09_co
ntrols_never_event_ori.png Graphic file (type png)
<use C:/Users/eunic/OneDrive/Documents/GitHub/proj_bureaucrats_farms/figures/ex
ploratory_analysis/protest_original_controls_fe_sweep/protest_original_fe09_con
trols_never_event_ori.png>
Package pdftex.def Info: C:/Users/eunic/OneDrive/Documents/GitHub/proj_bureaucr
ats_farms/figures/exploratory_analysis/protest_original_controls_fe_sweep/prote
st_original_fe09_controls_never_event_ori.png  used on input line 298.
(pdftex.def)             Requested size: 343.42375pt x 171.7114pt.
<C:/Users/eunic/OneDrive/Documents/GitHub/proj_bureaucrats_farms/figures/explor
atory_analysis/protest_original_controls_fe_sweep/protest_original_fe09_control
s_never_event_rotated.png, id=292, 578.16pt x 289.08pt>
File: C:/Users/eunic/OneDrive/Documents/GitHub/proj_bureaucrats_farms/figures/e
xploratory_analysis/protest_original_controls_fe_sweep/protest_original_fe09_co
ntrols_never_event_rotated.png Graphic file (type png)
<use C:/Users/eunic/OneDrive/Documents/GitHub/proj_bureaucrats_farms/figures/ex
ploratory_analysis/protest_original_controls_fe_sweep/protest_original_fe09_con
trols_never_event_rotated.png>
Package pdftex.def Info: C:/Users/eunic/OneDrive/Documents/GitHub/proj_bureaucr
ats_farms/figures/exploratory_analysis/protest_original_controls_fe_sweep/prote
st_original_fe09_controls_never_event_rotated.png  used on input line 301.
(pdftex.def)             Requested size: 343.42375pt x 171.7114pt.
<C:/Users/eunic/OneDrive/Documents/GitHub/proj_bureaucrats_farms/figures/explor
atory_analysis/protest_original_controls_fe_sweep/protest_original_fe09_control
s_never_did_interaction_rural_acpop_all_1.png, id=293, 542.025pt x 325.215pt>
File: C:/Users/eunic/OneDrive/Documents/GitHub/proj_bureaucrats_farms/figures/e
xploratory_analysis/protest_original_controls_fe_sweep/protest_original_fe09_co
ntrols_never_did_interaction_rural_acpop_all_1.png Graphic file (type png)
<use C:/Users/eunic/OneDrive/Documents/GitHub/proj_bureaucrats_farms/figures/ex
ploratory_analysis/protest_original_controls_fe_sweep/protest_original_fe09_con
trols_never_did_interaction_rural_acpop_all_1.png>
Package pdftex.def Info: C:/Users/eunic/OneDrive/Documents/GitHub/proj_bureaucr
ats_farms/figures/exploratory_analysis/protest_original_controls_fe_sweep/prote
st_original_fe09_controls_never_did_interaction_rural_acpop_all_1.png  used on 
input line 304.
(pdftex.def)             Requested size: 386.35037pt x 231.81734pt.
 [19

 <C:/Users/eunic/OneDrive/Documents/GitHub/proj_bureaucrats_farms/figures/explo
ratory_analysis/protest_original_controls_fe_sweep/protest_original_fe09_contro
ls_never_event_ori.png> <C:/Users/eunic/OneDrive/Documents/GitHub/proj_bureaucr
ats_farms/figures/exploratory_analysis/protest_original_controls_fe_sweep/prote
st_original_fe09_controls_never_event_rotated.png> <C:/Users/eunic/OneDrive/Doc
uments/GitHub/proj_bureaucrats_farms/figures/exploratory_analysis/protest_origi
nal_controls_fe_sweep/protest_original_fe09_controls_never_did_interaction_rura
l_acpop_all_1.png>] [20

]
<C:/Users/eunic/OneDrive/Documents/GitHub/proj_bureaucrats_farms/figures/explor
atory_analysis/protest_original_controls_fe_sweep/protest_original_fe10_control
s_never_event_ori.png, id=305, 578.16pt x 289.08pt>
File: C:/Users/eunic/OneDrive/Documents/GitHub/proj_bureaucrats_farms/figures/e
xploratory_analysis/protest_original_controls_fe_sweep/protest_original_fe10_co
ntrols_never_event_ori.png Graphic file (type png)
<use C:/Users/eunic/OneDrive/Documents/GitHub/proj_bureaucrats_farms/figures/ex
ploratory_analysis/protest_original_controls_fe_sweep/protest_original_fe10_con
trols_never_event_ori.png>
Package pdftex.def Info: C:/Users/eunic/OneDrive/Documents/GitHub/proj_bureaucr
ats_farms/figures/exploratory_analysis/protest_original_controls_fe_sweep/prote
st_original_fe10_controls_never_event_ori.png  used on input line 333.
(pdftex.def)             Requested size: 343.42375pt x 171.7114pt.
<C:/Users/eunic/OneDrive/Documents/GitHub/proj_bureaucrats_farms/figures/explor
atory_analysis/protest_original_controls_fe_sweep/protest_original_fe10_control
s_never_event_rotated.png, id=306, 578.16pt x 289.08pt>
File: C:/Users/eunic/OneDrive/Documents/GitHub/proj_bureaucrats_farms/figures/e
xploratory_analysis/protest_original_controls_fe_sweep/protest_original_fe10_co
ntrols_never_event_rotated.png Graphic file (type png)
<use C:/Users/eunic/OneDrive/Documents/GitHub/proj_bureaucrats_farms/figures/ex
ploratory_analysis/protest_original_controls_fe_sweep/protest_original_fe10_con
trols_never_event_rotated.png>
Package pdftex.def Info: C:/Users/eunic/OneDrive/Documents/GitHub/proj_bureaucr
ats_farms/figures/exploratory_analysis/protest_original_controls_fe_sweep/prote
st_original_fe10_controls_never_event_rotated.png  used on input line 336.
(pdftex.def)             Requested size: 343.42375pt x 171.7114pt.
<C:/Users/eunic/OneDrive/Documents/GitHub/proj_bureaucrats_farms/figures/explor
atory_analysis/protest_original_controls_fe_sweep/protest_original_fe10_control
s_never_did_interaction_rural_acpop_all_1.png, id=307, 542.025pt x 325.215pt>
File: C:/Users/eunic/OneDrive/Documents/GitHub/proj_bureaucrats_farms/figures/e
xploratory_analysis/protest_original_controls_fe_sweep/protest_original_fe10_co
ntrols_never_did_interaction_rural_acpop_all_1.png Graphic file (type png)
<use C:/Users/eunic/OneDrive/Documents/GitHub/proj_bureaucrats_farms/figures/ex
ploratory_analysis/protest_original_controls_fe_sweep/protest_original_fe10_con
trols_never_did_interaction_rural_acpop_all_1.png>
Package pdftex.def Info: C:/Users/eunic/OneDrive/Documents/GitHub/proj_bureaucr
ats_farms/figures/exploratory_analysis/protest_original_controls_fe_sweep/prote
st_original_fe10_controls_never_did_interaction_rural_acpop_all_1.png  used on 
input line 339.
(pdftex.def)             Requested size: 386.35037pt x 231.81734pt.
 [21

 <C:/Users/eunic/OneDrive/Documents/GitHub/proj_bureaucrats_farms/figures/explo
ratory_analysis/protest_original_controls_fe_sweep/protest_original_fe10_contro
ls_never_event_ori.png> <C:/Users/eunic/OneDrive/Documents/GitHub/proj_bureaucr
ats_farms/figures/exploratory_analysis/protest_original_controls_fe_sweep/prote
st_original_fe10_controls_never_event_rotated.png> <C:/Users/eunic/OneDrive/Doc
uments/GitHub/proj_bureaucrats_farms/figures/exploratory_analysis/protest_origi
nal_controls_fe_sweep/protest_original_fe10_controls_never_did_interaction_rura
l_acpop_all_1.png>] [22

]
<C:/Users/eunic/OneDrive/Documents/GitHub/proj_bureaucrats_farms/figures/explor
atory_analysis/protest_original_controls_fe_sweep/protest_original_fe11_control
s_never_event_ori.png, id=318, 578.16pt x 289.08pt>
File: C:/Users/eunic/OneDrive/Documents/GitHub/proj_bureaucrats_farms/figures/e
xploratory_analysis/protest_original_controls_fe_sweep/protest_original_fe11_co
ntrols_never_event_ori.png Graphic file (type png)
<use C:/Users/eunic/OneDrive/Documents/GitHub/proj_bureaucrats_farms/figures/ex
ploratory_analysis/protest_original_controls_fe_sweep/protest_original_fe11_con
trols_never_event_ori.png>
Package pdftex.def Info: C:/Users/eunic/OneDrive/Documents/GitHub/proj_bureaucr
ats_farms/figures/exploratory_analysis/protest_original_controls_fe_sweep/prote
st_original_fe11_controls_never_event_ori.png  used on input line 368.
(pdftex.def)             Requested size: 343.42375pt x 171.7114pt.
<C:/Users/eunic/OneDrive/Documents/GitHub/proj_bureaucrats_farms/figures/explor
atory_analysis/protest_original_controls_fe_sweep/protest_original_fe11_control
s_never_event_rotated.png, id=319, 578.16pt x 289.08pt>
File: C:/Users/eunic/OneDrive/Documents/GitHub/proj_bureaucrats_farms/figures/e
xploratory_analysis/protest_original_controls_fe_sweep/protest_original_fe11_co
ntrols_never_event_rotated.png Graphic file (type png)
<use C:/Users/eunic/OneDrive/Documents/GitHub/proj_bureaucrats_farms/figures/ex
ploratory_analysis/protest_original_controls_fe_sweep/protest_original_fe11_con
trols_never_event_rotated.png>
Package pdftex.def Info: C:/Users/eunic/OneDrive/Documents/GitHub/proj_bureaucr
ats_farms/figures/exploratory_analysis/protest_original_controls_fe_sweep/prote
st_original_fe11_controls_never_event_rotated.png  used on input line 371.
(pdftex.def)             Requested size: 343.42375pt x 171.7114pt.
<C:/Users/eunic/OneDrive/Documents/GitHub/proj_bureaucrats_farms/figures/explor
atory_analysis/protest_original_controls_fe_sweep/protest_original_fe11_control
s_never_did_interaction_rural_acpop_all_1.png, id=320, 542.025pt x 325.215pt>
File: C:/Users/eunic/OneDrive/Documents/GitHub/proj_bureaucrats_farms/figures/e
xploratory_analysis/protest_original_controls_fe_sweep/protest_original_fe11_co
ntrols_never_did_interaction_rural_acpop_all_1.png Graphic file (type png)
<use C:/Users/eunic/OneDrive/Documents/GitHub/proj_bureaucrats_farms/figures/ex
ploratory_analysis/protest_original_controls_fe_sweep/protest_original_fe11_con
trols_never_did_interaction_rural_acpop_all_1.png>
Package pdftex.def Info: C:/Users/eunic/OneDrive/Documents/GitHub/proj_bureaucr
ats_farms/figures/exploratory_analysis/protest_original_controls_fe_sweep/prote
st_original_fe11_controls_never_did_interaction_rural_acpop_all_1.png  used on 
input line 374.
(pdftex.def)             Requested size: 386.35037pt x 231.81734pt.

[23

 <C:/Users/eunic/OneDrive/Documents/GitHub/proj_bureaucrats_farms/figures/explo
ratory_analysis/protest_original_controls_fe_sweep/protest_original_fe11_contro
ls_never_event_ori.png> <C:/Users/eunic/OneDrive/Documents/GitHub/proj_bureaucr
ats_farms/figures/exploratory_analysis/protest_original_controls_fe_sweep/prote
st_original_fe11_controls_never_event_rotated.png> <C:/Users/eunic/OneDrive/Doc
uments/GitHub/proj_bureaucrats_farms/figures/exploratory_analysis/protest_origi
nal_controls_fe_sweep/protest_original_fe11_controls_never_did_interaction_rura
l_acpop_all_1.png>] [24

]
<C:/Users/eunic/OneDrive/Documents/GitHub/proj_bureaucrats_farms/figures/explor
atory_analysis/protest_original_controls_fe_sweep/protest_original_fe12_control
s_never_event_ori.png, id=331, 578.16pt x 289.08pt>
File: C:/Users/eunic/OneDrive/Documents/GitHub/proj_bureaucrats_farms/figures/e
xploratory_analysis/protest_original_controls_fe_sweep/protest_original_fe12_co
ntrols_never_event_ori.png Graphic file (type png)
<use C:/Users/eunic/OneDrive/Documents/GitHub/proj_bureaucrats_farms/figures/ex
ploratory_analysis/protest_original_controls_fe_sweep/protest_original_fe12_con
trols_never_event_ori.png>
Package pdftex.def Info: C:/Users/eunic/OneDrive/Documents/GitHub/proj_bureaucr
ats_farms/figures/exploratory_analysis/protest_original_controls_fe_sweep/prote
st_original_fe12_controls_never_event_ori.png  used on input line 403.
(pdftex.def)             Requested size: 343.42375pt x 171.7114pt.
<C:/Users/eunic/OneDrive/Documents/GitHub/proj_bureaucrats_farms/figures/explor
atory_analysis/protest_original_controls_fe_sweep/protest_original_fe12_control
s_never_event_rotated.png, id=332, 578.16pt x 289.08pt>
File: C:/Users/eunic/OneDrive/Documents/GitHub/proj_bureaucrats_farms/figures/e
xploratory_analysis/protest_original_controls_fe_sweep/protest_original_fe12_co
ntrols_never_event_rotated.png Graphic file (type png)
<use C:/Users/eunic/OneDrive/Documents/GitHub/proj_bureaucrats_farms/figures/ex
ploratory_analysis/protest_original_controls_fe_sweep/protest_original_fe12_con
trols_never_event_rotated.png>
Package pdftex.def Info: C:/Users/eunic/OneDrive/Documents/GitHub/proj_bureaucr
ats_farms/figures/exploratory_analysis/protest_original_controls_fe_sweep/prote
st_original_fe12_controls_never_event_rotated.png  used on input line 406.
(pdftex.def)             Requested size: 343.42375pt x 171.7114pt.
<C:/Users/eunic/OneDrive/Documents/GitHub/proj_bureaucrats_farms/figures/explor
atory_analysis/protest_original_controls_fe_sweep/protest_original_fe12_control
s_never_did_interaction_rural_acpop_all_1.png, id=333, 542.025pt x 325.215pt>
File: C:/Users/eunic/OneDrive/Documents/GitHub/proj_bureaucrats_farms/figures/e
xploratory_analysis/protest_original_controls_fe_sweep/protest_original_fe12_co
ntrols_never_did_interaction_rural_acpop_all_1.png Graphic file (type png)
<use C:/Users/eunic/OneDrive/Documents/GitHub/proj_bureaucrats_farms/figures/ex
ploratory_analysis/protest_original_controls_fe_sweep/protest_original_fe12_con
trols_never_did_interaction_rural_acpop_all_1.png>
Package pdftex.def Info: C:/Users/eunic/OneDrive/Documents/GitHub/proj_bureaucr
ats_farms/figures/exploratory_analysis/protest_original_controls_fe_sweep/prote
st_original_fe12_controls_never_did_interaction_rural_acpop_all_1.png  used on 
input line 409.
(pdftex.def)             Requested size: 386.35037pt x 231.81734pt.
 [25

 <C:/Users/eunic/OneDrive/Documents/GitHub/proj_bureaucrats_farms/figures/explo
ratory_analysis/protest_original_controls_fe_sweep/protest_original_fe12_contro
ls_never_event_ori.png> <C:/Users/eunic/OneDrive/Documents/GitHub/proj_bureaucr
ats_farms/figures/exploratory_analysis/protest_original_controls_fe_sweep/prote
st_original_fe12_controls_never_event_rotated.png> <C:/Users/eunic/OneDrive/Doc
uments/GitHub/proj_bureaucrats_farms/figures/exploratory_analysis/protest_origi
nal_controls_fe_sweep/protest_original_fe12_controls_never_did_interaction_rura
l_acpop_all_1.png>] [26

]
<C:/Users/eunic/OneDrive/Documents/GitHub/proj_bureaucrats_farms/figures/explor
atory_analysis/protest_original_controls_fe_sweep/protest_original_fe13_control
s_never_event_ori.png, id=345, 578.16pt x 289.08pt>
File: C:/Users/eunic/OneDrive/Documents/GitHub/proj_bureaucrats_farms/figures/e
xploratory_analysis/protest_original_controls_fe_sweep/protest_original_fe13_co
ntrols_never_event_ori.png Graphic file (type png)
<use C:/Users/eunic/OneDrive/Documents/GitHub/proj_bureaucrats_farms/figures/ex
ploratory_analysis/protest_original_controls_fe_sweep/protest_original_fe13_con
trols_never_event_ori.png>
Package pdftex.def Info: C:/Users/eunic/OneDrive/Documents/GitHub/proj_bureaucr
ats_farms/figures/exploratory_analysis/protest_original_controls_fe_sweep/prote
st_original_fe13_controls_never_event_ori.png  used on input line 438.
(pdftex.def)             Requested size: 343.42375pt x 171.7114pt.
<C:/Users/eunic/OneDrive/Documents/GitHub/proj_bureaucrats_farms/figures/explor
atory_analysis/protest_original_controls_fe_sweep/protest_original_fe13_control
s_never_event_rotated.png, id=346, 578.16pt x 289.08pt>
File: C:/Users/eunic/OneDrive/Documents/GitHub/proj_bureaucrats_farms/figures/e
xploratory_analysis/protest_original_controls_fe_sweep/protest_original_fe13_co
ntrols_never_event_rotated.png Graphic file (type png)
<use C:/Users/eunic/OneDrive/Documents/GitHub/proj_bureaucrats_farms/figures/ex
ploratory_analysis/protest_original_controls_fe_sweep/protest_original_fe13_con
trols_never_event_rotated.png>
Package pdftex.def Info: C:/Users/eunic/OneDrive/Documents/GitHub/proj_bureaucr
ats_farms/figures/exploratory_analysis/protest_original_controls_fe_sweep/prote
st_original_fe13_controls_never_event_rotated.png  used on input line 441.
(pdftex.def)             Requested size: 343.42375pt x 171.7114pt.
<C:/Users/eunic/OneDrive/Documents/GitHub/proj_bureaucrats_farms/figures/explor
atory_analysis/protest_original_controls_fe_sweep/protest_original_fe13_control
s_never_did_interaction_rural_acpop_all_1.png, id=347, 542.025pt x 325.215pt>
File: C:/Users/eunic/OneDrive/Documents/GitHub/proj_bureaucrats_farms/figures/e
xploratory_analysis/protest_original_controls_fe_sweep/protest_original_fe13_co
ntrols_never_did_interaction_rural_acpop_all_1.png Graphic file (type png)
<use C:/Users/eunic/OneDrive/Documents/GitHub/proj_bureaucrats_farms/figures/ex
ploratory_analysis/protest_original_controls_fe_sweep/protest_original_fe13_con
trols_never_did_interaction_rural_acpop_all_1.png>
Package pdftex.def Info: C:/Users/eunic/OneDrive/Documents/GitHub/proj_bureaucr
ats_farms/figures/exploratory_analysis/protest_original_controls_fe_sweep/prote
st_original_fe13_controls_never_did_interaction_rural_acpop_all_1.png  used on 
input line 444.
(pdftex.def)             Requested size: 386.35037pt x 231.81734pt.
 [27

 <C:/Users/eunic/OneDrive/Documents/GitHub/proj_bureaucrats_farms/figures/explo
ratory_analysis/protest_original_controls_fe_sweep/protest_original_fe13_contro
ls_never_event_ori.png> <C:/Users/eunic/OneDrive/Documents/GitHub/proj_bureaucr
ats_farms/figures/exploratory_analysis/protest_original_controls_fe_sweep/prote
st_original_fe13_controls_never_event_rotated.png> <C:/Users/eunic/OneDrive/Doc
uments/GitHub/proj_bureaucrats_farms/figures/exploratory_analysis/protest_origi
nal_controls_fe_sweep/protest_original_fe13_controls_never_did_interaction_rura
l_acpop_all_1.png>]
[28

]
<C:/Users/eunic/OneDrive/Documents/GitHub/proj_bureaucrats_farms/figures/explor
atory_analysis/protest_original_controls_fe_sweep/protest_original_fe14_control
s_never_event_ori.png, id=358, 578.16pt x 289.08pt>
File: C:/Users/eunic/OneDrive/Documents/GitHub/proj_bureaucrats_farms/figures/e
xploratory_analysis/protest_original_controls_fe_sweep/protest_original_fe14_co
ntrols_never_event_ori.png Graphic file (type png)
<use C:/Users/eunic/OneDrive/Documents/GitHub/proj_bureaucrats_farms/figures/ex
ploratory_analysis/protest_original_controls_fe_sweep/protest_original_fe14_con
trols_never_event_ori.png>
Package pdftex.def Info: C:/Users/eunic/OneDrive/Documents/GitHub/proj_bureaucr
ats_farms/figures/exploratory_analysis/protest_original_controls_fe_sweep/prote
st_original_fe14_controls_never_event_ori.png  used on input line 473.
(pdftex.def)             Requested size: 343.42375pt x 171.7114pt.
<C:/Users/eunic/OneDrive/Documents/GitHub/proj_bureaucrats_farms/figures/explor
atory_analysis/protest_original_controls_fe_sweep/protest_original_fe14_control
s_never_event_rotated.png, id=359, 578.16pt x 289.08pt>
File: C:/Users/eunic/OneDrive/Documents/GitHub/proj_bureaucrats_farms/figures/e
xploratory_analysis/protest_original_controls_fe_sweep/protest_original_fe14_co
ntrols_never_event_rotated.png Graphic file (type png)
<use C:/Users/eunic/OneDrive/Documents/GitHub/proj_bureaucrats_farms/figures/ex
ploratory_analysis/protest_original_controls_fe_sweep/protest_original_fe14_con
trols_never_event_rotated.png>
Package pdftex.def Info: C:/Users/eunic/OneDrive/Documents/GitHub/proj_bureaucr
ats_farms/figures/exploratory_analysis/protest_original_controls_fe_sweep/prote
st_original_fe14_controls_never_event_rotated.png  used on input line 476.
(pdftex.def)             Requested size: 343.42375pt x 171.7114pt.
<C:/Users/eunic/OneDrive/Documents/GitHub/proj_bureaucrats_farms/figures/explor
atory_analysis/protest_original_controls_fe_sweep/protest_original_fe14_control
s_never_did_interaction_rural_acpop_all_1.png, id=360, 542.025pt x 325.215pt>
File: C:/Users/eunic/OneDrive/Documents/GitHub/proj_bureaucrats_farms/figures/e
xploratory_analysis/protest_original_controls_fe_sweep/protest_original_fe14_co
ntrols_never_did_interaction_rural_acpop_all_1.png Graphic file (type png)
<use C:/Users/eunic/OneDrive/Documents/GitHub/proj_bureaucrats_farms/figures/ex
ploratory_analysis/protest_original_controls_fe_sweep/protest_original_fe14_con
trols_never_did_interaction_rural_acpop_all_1.png>
Package pdftex.def Info: C:/Users/eunic/OneDrive/Documents/GitHub/proj_bureaucr
ats_farms/figures/exploratory_analysis/protest_original_controls_fe_sweep/prote
st_original_fe14_controls_never_did_interaction_rural_acpop_all_1.png  used on 
input line 479.
(pdftex.def)             Requested size: 386.35037pt x 231.81734pt.
 [29

 <C:/Users/eunic/OneDrive/Documents/GitHub/proj_bureaucrats_farms/figures/explo
ratory_analysis/protest_original_controls_fe_sweep/protest_original_fe14_contro
ls_never_event_ori.png> <C:/Users/eunic/OneDrive/Documents/GitHub/proj_bureaucr
ats_farms/figures/exploratory_analysis/protest_original_controls_fe_sweep/prote
st_original_fe14_controls_never_event_rotated.png> <C:/Users/eunic/OneDrive/Doc
uments/GitHub/proj_bureaucrats_farms/figures/exploratory_analysis/protest_origi
nal_controls_fe_sweep/protest_original_fe14_controls_never_did_interaction_rura
l_acpop_all_1.png>] [30

]
<C:/Users/eunic/OneDrive/Documents/GitHub/proj_bureaucrats_farms/figures/explor
atory_analysis/protest_original_controls_fe_sweep/protest_original_fe15_control
s_never_event_ori.png, id=371, 578.16pt x 289.08pt>
File: C:/Users/eunic/OneDrive/Documents/GitHub/proj_bureaucrats_farms/figures/e
xploratory_analysis/protest_original_controls_fe_sweep/protest_original_fe15_co
ntrols_never_event_ori.png Graphic file (type png)
<use C:/Users/eunic/OneDrive/Documents/GitHub/proj_bureaucrats_farms/figures/ex
ploratory_analysis/protest_original_controls_fe_sweep/protest_original_fe15_con
trols_never_event_ori.png>
Package pdftex.def Info: C:/Users/eunic/OneDrive/Documents/GitHub/proj_bureaucr
ats_farms/figures/exploratory_analysis/protest_original_controls_fe_sweep/prote
st_original_fe15_controls_never_event_ori.png  used on input line 508.
(pdftex.def)             Requested size: 343.42375pt x 171.7114pt.
<C:/Users/eunic/OneDrive/Documents/GitHub/proj_bureaucrats_farms/figures/explor
atory_analysis/protest_original_controls_fe_sweep/protest_original_fe15_control
s_never_event_rotated.png, id=372, 578.16pt x 289.08pt>
File: C:/Users/eunic/OneDrive/Documents/GitHub/proj_bureaucrats_farms/figures/e
xploratory_analysis/protest_original_controls_fe_sweep/protest_original_fe15_co
ntrols_never_event_rotated.png Graphic file (type png)
<use C:/Users/eunic/OneDrive/Documents/GitHub/proj_bureaucrats_farms/figures/ex
ploratory_analysis/protest_original_controls_fe_sweep/protest_original_fe15_con
trols_never_event_rotated.png>
Package pdftex.def Info: C:/Users/eunic/OneDrive/Documents/GitHub/proj_bureaucr
ats_farms/figures/exploratory_analysis/protest_original_controls_fe_sweep/prote
st_original_fe15_controls_never_event_rotated.png  used on input line 511.
(pdftex.def)             Requested size: 343.42375pt x 171.7114pt.
<C:/Users/eunic/OneDrive/Documents/GitHub/proj_bureaucrats_farms/figures/explor
atory_analysis/protest_original_controls_fe_sweep/protest_original_fe15_control
s_never_did_interaction_rural_acpop_all_1.png, id=373, 542.025pt x 325.215pt>
File: C:/Users/eunic/OneDrive/Documents/GitHub/proj_bureaucrats_farms/figures/e
xploratory_analysis/protest_original_controls_fe_sweep/protest_original_fe15_co
ntrols_never_did_interaction_rural_acpop_all_1.png Graphic file (type png)
<use C:/Users/eunic/OneDrive/Documents/GitHub/proj_bureaucrats_farms/figures/ex
ploratory_analysis/protest_original_controls_fe_sweep/protest_original_fe15_con
trols_never_did_interaction_rural_acpop_all_1.png>
Package pdftex.def Info: C:/Users/eunic/OneDrive/Documents/GitHub/proj_bureaucr
ats_farms/figures/exploratory_analysis/protest_original_controls_fe_sweep/prote
st_original_fe15_controls_never_did_interaction_rural_acpop_all_1.png  used on 
input line 514.
(pdftex.def)             Requested size: 386.35037pt x 231.81734pt.
 [31

 <C:/Users/eunic/OneDrive/Documents/GitHub/proj_bureaucrats_farms/figures/explo
ratory_analysis/protest_original_controls_fe_sweep/protest_original_fe15_contro
ls_never_event_ori.png> <C:/Users/eunic/OneDrive/Documents/GitHub/proj_bureaucr
ats_farms/figures/exploratory_analysis/protest_original_controls_fe_sweep/prote
st_original_fe15_controls_never_event_rotated.png> <C:/Users/eunic/OneDrive/Doc
uments/GitHub/proj_bureaucrats_farms/figures/exploratory_analysis/protest_origi
nal_controls_fe_sweep/protest_original_fe15_controls_never_did_interaction_rura
l_acpop_all_1.png>] [32

]
<C:/Users/eunic/OneDrive/Documents/GitHub/proj_bureaucrats_farms/figures/explor
atory_analysis/protest_original_controls_fe_sweep/protest_original_fe16_control
s_never_event_ori.png, id=385, 578.16pt x 289.08pt>
File: C:/Users/eunic/OneDrive/Documents/GitHub/proj_bureaucrats_farms/figures/e
xploratory_analysis/protest_original_controls_fe_sweep/protest_original_fe16_co
ntrols_never_event_ori.png Graphic file (type png)
<use C:/Users/eunic/OneDrive/Documents/GitHub/proj_bureaucrats_farms/figures/ex
ploratory_analysis/protest_original_controls_fe_sweep/protest_original_fe16_con
trols_never_event_ori.png>
Package pdftex.def Info: C:/Users/eunic/OneDrive/Documents/GitHub/proj_bureaucr
ats_farms/figures/exploratory_analysis/protest_original_controls_fe_sweep/prote
st_original_fe16_controls_never_event_ori.png  used on input line 543.
(pdftex.def)             Requested size: 343.42375pt x 171.7114pt.
<C:/Users/eunic/OneDrive/Documents/GitHub/proj_bureaucrats_farms/figures/explor
atory_analysis/protest_original_controls_fe_sweep/protest_original_fe16_control
s_never_event_rotated.png, id=386, 578.16pt x 289.08pt>
File: C:/Users/eunic/OneDrive/Documents/GitHub/proj_bureaucrats_farms/figures/e
xploratory_analysis/protest_original_controls_fe_sweep/protest_original_fe16_co
ntrols_never_event_rotated.png Graphic file (type png)
<use C:/Users/eunic/OneDrive/Documents/GitHub/proj_bureaucrats_farms/figures/ex
ploratory_analysis/protest_original_controls_fe_sweep/protest_original_fe16_con
trols_never_event_rotated.png>
Package pdftex.def Info: C:/Users/eunic/OneDrive/Documents/GitHub/proj_bureaucr
ats_farms/figures/exploratory_analysis/protest_original_controls_fe_sweep/prote
st_original_fe16_controls_never_event_rotated.png  used on input line 546.
(pdftex.def)             Requested size: 343.42375pt x 171.7114pt.
<C:/Users/eunic/OneDrive/Documents/GitHub/proj_bureaucrats_farms/figures/explor
atory_analysis/protest_original_controls_fe_sweep/protest_original_fe16_control
s_never_did_interaction_rural_acpop_all_1.png, id=387, 542.025pt x 325.215pt>
File: C:/Users/eunic/OneDrive/Documents/GitHub/proj_bureaucrats_farms/figures/e
xploratory_analysis/protest_original_controls_fe_sweep/protest_original_fe16_co
ntrols_never_did_interaction_rural_acpop_all_1.png Graphic file (type png)
<use C:/Users/eunic/OneDrive/Documents/GitHub/proj_bureaucrats_farms/figures/ex
ploratory_analysis/protest_original_controls_fe_sweep/protest_original_fe16_con
trols_never_did_interaction_rural_acpop_all_1.png>
Package pdftex.def Info: C:/Users/eunic/OneDrive/Documents/GitHub/proj_bureaucr
ats_farms/figures/exploratory_analysis/protest_original_controls_fe_sweep/prote
st_original_fe16_controls_never_did_interaction_rural_acpop_all_1.png  used on 
input line 549.
(pdftex.def)             Requested size: 386.35037pt x 231.81734pt.
 [33

 <C:/Users/eunic/OneDrive/Documents/GitHub/proj_bureaucrats_farms/figures/explo
ratory_analysis/protest_original_controls_fe_sweep/protest_original_fe16_contro
ls_never_event_ori.png> <C:/Users/eunic/OneDrive/Documents/GitHub/proj_bureaucr
ats_farms/figures/exploratory_analysis/protest_original_controls_fe_sweep/prote
st_original_fe16_controls_never_event_rotated.png> <C:/Users/eunic/OneDrive/Doc
uments/GitHub/proj_bureaucrats_farms/figures/exploratory_analysis/protest_origi
nal_controls_fe_sweep/protest_original_fe16_controls_never_did_interaction_rura
l_acpop_all_1.png>] [34

]
<C:/Users/eunic/OneDrive/Documents/GitHub/proj_bureaucrats_farms/figures/explor
atory_analysis/protest_original_controls_fe_sweep/protest_original_fe17_control
s_never_event_ori.png, id=398, 578.16pt x 289.08pt>
File: C:/Users/eunic/OneDrive/Documents/GitHub/proj_bureaucrats_farms/figures/e
xploratory_analysis/protest_original_controls_fe_sweep/protest_original_fe17_co
ntrols_never_event_ori.png Graphic file (type png)
<use C:/Users/eunic/OneDrive/Documents/GitHub/proj_bureaucrats_farms/figures/ex
ploratory_analysis/protest_original_controls_fe_sweep/protest_original_fe17_con
trols_never_event_ori.png>
Package pdftex.def Info: C:/Users/eunic/OneDrive/Documents/GitHub/proj_bureaucr
ats_farms/figures/exploratory_analysis/protest_original_controls_fe_sweep/prote
st_original_fe17_controls_never_event_ori.png  used on input line 578.
(pdftex.def)             Requested size: 343.42375pt x 171.7114pt.
<C:/Users/eunic/OneDrive/Documents/GitHub/proj_bureaucrats_farms/figures/explor
atory_analysis/protest_original_controls_fe_sweep/protest_original_fe17_control
s_never_event_rotated.png, id=399, 578.16pt x 289.08pt>
File: C:/Users/eunic/OneDrive/Documents/GitHub/proj_bureaucrats_farms/figures/e
xploratory_analysis/protest_original_controls_fe_sweep/protest_original_fe17_co
ntrols_never_event_rotated.png Graphic file (type png)
<use C:/Users/eunic/OneDrive/Documents/GitHub/proj_bureaucrats_farms/figures/ex
ploratory_analysis/protest_original_controls_fe_sweep/protest_original_fe17_con
trols_never_event_rotated.png>
Package pdftex.def Info: C:/Users/eunic/OneDrive/Documents/GitHub/proj_bureaucr
ats_farms/figures/exploratory_analysis/protest_original_controls_fe_sweep/prote
st_original_fe17_controls_never_event_rotated.png  used on input line 581.
(pdftex.def)             Requested size: 343.42375pt x 171.7114pt.
<C:/Users/eunic/OneDrive/Documents/GitHub/proj_bureaucrats_farms/figures/explor
atory_analysis/protest_original_controls_fe_sweep/protest_original_fe17_control
s_never_did_interaction_rural_acpop_all_1.png, id=400, 542.025pt x 325.215pt>
File: C:/Users/eunic/OneDrive/Documents/GitHub/proj_bureaucrats_farms/figures/e
xploratory_analysis/protest_original_controls_fe_sweep/protest_original_fe17_co
ntrols_never_did_interaction_rural_acpop_all_1.png Graphic file (type png)
<use C:/Users/eunic/OneDrive/Documents/GitHub/proj_bureaucrats_farms/figures/ex
ploratory_analysis/protest_original_controls_fe_sweep/protest_original_fe17_con
trols_never_did_interaction_rural_acpop_all_1.png>
Package pdftex.def Info: C:/Users/eunic/OneDrive/Documents/GitHub/proj_bureaucr
ats_farms/figures/exploratory_analysis/protest_original_controls_fe_sweep/prote
st_original_fe17_controls_never_did_interaction_rural_acpop_all_1.png  used on 
input line 584.
(pdftex.def)             Requested size: 386.35037pt x 231.81734pt.
 [35

 <C:/Users/eunic/OneDrive/Documents/GitHub/proj_bureaucrats_farms/figures/explo
ratory_analysis/protest_original_controls_fe_sweep/protest_original_fe17_contro
ls_never_event_ori.png> <C:/Users/eunic/OneDrive/Documents/GitHub/proj_bureaucr
ats_farms/figures/exploratory_analysis/protest_original_controls_fe_sweep/prote
st_original_fe17_controls_never_event_rotated.png> <C:/Users/eunic/OneDrive/Doc
uments/GitHub/proj_bureaucrats_farms/figures/exploratory_analysis/protest_origi
nal_controls_fe_sweep/protest_original_fe17_controls_never_did_interaction_rura
l_acpop_all_1.png>] [36

]
<C:/Users/eunic/OneDrive/Documents/GitHub/proj_bureaucrats_farms/figures/explor
atory_analysis/protest_original_controls_fe_sweep/protest_original_fe18_control
s_never_event_ori.png, id=411, 578.16pt x 289.08pt>
File: C:/Users/eunic/OneDrive/Documents/GitHub/proj_bureaucrats_farms/figures/e
xploratory_analysis/protest_original_controls_fe_sweep/protest_original_fe18_co
ntrols_never_event_ori.png Graphic file (type png)
<use C:/Users/eunic/OneDrive/Documents/GitHub/proj_bureaucrats_farms/figures/ex
ploratory_analysis/protest_original_controls_fe_sweep/protest_original_fe18_con
trols_never_event_ori.png>
Package pdftex.def Info: C:/Users/eunic/OneDrive/Documents/GitHub/proj_bureaucr
ats_farms/figures/exploratory_analysis/protest_original_controls_fe_sweep/prote
st_original_fe18_controls_never_event_ori.png  used on input line 613.
(pdftex.def)             Requested size: 343.42375pt x 171.7114pt.
<C:/Users/eunic/OneDrive/Documents/GitHub/proj_bureaucrats_farms/figures/explor
atory_analysis/protest_original_controls_fe_sweep/protest_original_fe18_control
s_never_event_rotated.png, id=412, 578.16pt x 289.08pt>
File: C:/Users/eunic/OneDrive/Documents/GitHub/proj_bureaucrats_farms/figures/e
xploratory_analysis/protest_original_controls_fe_sweep/protest_original_fe18_co
ntrols_never_event_rotated.png Graphic file (type png)
<use C:/Users/eunic/OneDrive/Documents/GitHub/proj_bureaucrats_farms/figures/ex
ploratory_analysis/protest_original_controls_fe_sweep/protest_original_fe18_con
trols_never_event_rotated.png>
Package pdftex.def Info: C:/Users/eunic/OneDrive/Documents/GitHub/proj_bureaucr
ats_farms/figures/exploratory_analysis/protest_original_controls_fe_sweep/prote
st_original_fe18_controls_never_event_rotated.png  used on input line 616.
(pdftex.def)             Requested size: 343.42375pt x 171.7114pt.
<C:/Users/eunic/OneDrive/Documents/GitHub/proj_bureaucrats_farms/figures/explor
atory_analysis/protest_original_controls_fe_sweep/protest_original_fe18_control
s_never_did_interaction_rural_acpop_all_1.png, id=413, 542.025pt x 325.215pt>
File: C:/Users/eunic/OneDrive/Documents/GitHub/proj_bureaucrats_farms/figures/e
xploratory_analysis/protest_original_controls_fe_sweep/protest_original_fe18_co
ntrols_never_did_interaction_rural_acpop_all_1.png Graphic file (type png)
<use C:/Users/eunic/OneDrive/Documents/GitHub/proj_bureaucrats_farms/figures/ex
ploratory_analysis/protest_original_controls_fe_sweep/protest_original_fe18_con
trols_never_did_interaction_rural_acpop_all_1.png>
Package pdftex.def Info: C:/Users/eunic/OneDrive/Documents/GitHub/proj_bureaucr
ats_farms/figures/exploratory_analysis/protest_original_controls_fe_sweep/prote
st_original_fe18_controls_never_did_interaction_rural_acpop_all_1.png  used on 
input line 619.
(pdftex.def)             Requested size: 386.35037pt x 231.81734pt.
 [37

 <C:/Users/eunic/OneDrive/Documents/GitHub/proj_bureaucrats_farms/figures/explo
ratory_analysis/protest_original_controls_fe_sweep/protest_original_fe18_contro
ls_never_event_ori.png> <C:/Users/eunic/OneDrive/Documents/GitHub/proj_bureaucr
ats_farms/figures/exploratory_analysis/protest_original_controls_fe_sweep/prote
st_original_fe18_controls_never_event_rotated.png> <C:/Users/eunic/OneDrive/Doc
uments/GitHub/proj_bureaucrats_farms/figures/exploratory_analysis/protest_origi
nal_controls_fe_sweep/protest_original_fe18_controls_never_did_interaction_rura
l_acpop_all_1.png>] [38

]
<C:/Users/eunic/OneDrive/Documents/GitHub/proj_bureaucrats_farms/figures/explor
atory_analysis/protest_original_controls_fe_sweep/protest_original_fe19_control
s_never_event_ori.png, id=425, 578.16pt x 289.08pt>
File: C:/Users/eunic/OneDrive/Documents/GitHub/proj_bureaucrats_farms/figures/e
xploratory_analysis/protest_original_controls_fe_sweep/protest_original_fe19_co
ntrols_never_event_ori.png Graphic file (type png)
<use C:/Users/eunic/OneDrive/Documents/GitHub/proj_bureaucrats_farms/figures/ex
ploratory_analysis/protest_original_controls_fe_sweep/protest_original_fe19_con
trols_never_event_ori.png>
Package pdftex.def Info: C:/Users/eunic/OneDrive/Documents/GitHub/proj_bureaucr
ats_farms/figures/exploratory_analysis/protest_original_controls_fe_sweep/prote
st_original_fe19_controls_never_event_ori.png  used on input line 648.
(pdftex.def)             Requested size: 343.42375pt x 171.7114pt.
<C:/Users/eunic/OneDrive/Documents/GitHub/proj_bureaucrats_farms/figures/explor
atory_analysis/protest_original_controls_fe_sweep/protest_original_fe19_control
s_never_event_rotated.png, id=426, 578.16pt x 289.08pt>
File: C:/Users/eunic/OneDrive/Documents/GitHub/proj_bureaucrats_farms/figures/e
xploratory_analysis/protest_original_controls_fe_sweep/protest_original_fe19_co
ntrols_never_event_rotated.png Graphic file (type png)
<use C:/Users/eunic/OneDrive/Documents/GitHub/proj_bureaucrats_farms/figures/ex
ploratory_analysis/protest_original_controls_fe_sweep/protest_original_fe19_con
trols_never_event_rotated.png>
Package pdftex.def Info: C:/Users/eunic/OneDrive/Documents/GitHub/proj_bureaucr
ats_farms/figures/exploratory_analysis/protest_original_controls_fe_sweep/prote
st_original_fe19_controls_never_event_rotated.png  used on input line 651.
(pdftex.def)             Requested size: 343.42375pt x 171.7114pt.
<C:/Users/eunic/OneDrive/Documents/GitHub/proj_bureaucrats_farms/figures/explor
atory_analysis/protest_original_controls_fe_sweep/protest_original_fe19_control
s_never_did_interaction_rural_acpop_all_1.png, id=427, 542.025pt x 325.215pt>
File: C:/Users/eunic/OneDrive/Documents/GitHub/proj_bureaucrats_farms/figures/e
xploratory_analysis/protest_original_controls_fe_sweep/protest_original_fe19_co
ntrols_never_did_interaction_rural_acpop_all_1.png Graphic file (type png)
<use C:/Users/eunic/OneDrive/Documents/GitHub/proj_bureaucrats_farms/figures/ex
ploratory_analysis/protest_original_controls_fe_sweep/protest_original_fe19_con
trols_never_did_interaction_rural_acpop_all_1.png>
Package pdftex.def Info: C:/Users/eunic/OneDrive/Documents/GitHub/proj_bureaucr
ats_farms/figures/exploratory_analysis/protest_original_controls_fe_sweep/prote
st_original_fe19_controls_never_did_interaction_rural_acpop_all_1.png  used on 
input line 654.
(pdftex.def)             Requested size: 386.35037pt x 231.81734pt.
 [39

 <C:/Users/eunic/OneDrive/Documents/GitHub/proj_bureaucrats_farms/figures/explo
ratory_analysis/protest_original_controls_fe_sweep/protest_original_fe19_contro
ls_never_event_ori.png> <C:/Users/eunic/OneDrive/Documents/GitHub/proj_bureaucr
ats_farms/figures/exploratory_analysis/protest_original_controls_fe_sweep/prote
st_original_fe19_controls_never_event_rotated.png> <C:/Users/eunic/OneDrive/Doc
uments/GitHub/proj_bureaucrats_farms/figures/exploratory_analysis/protest_origi
nal_controls_fe_sweep/protest_original_fe19_controls_never_did_interaction_rura
l_acpop_all_1.png>] [40

]
<C:/Users/eunic/OneDrive/Documents/GitHub/proj_bureaucrats_farms/figures/explor
atory_analysis/protest_original_controls_fe_sweep/protest_original_fe20_control
s_never_event_ori.png, id=438, 578.16pt x 289.08pt>
File: C:/Users/eunic/OneDrive/Documents/GitHub/proj_bureaucrats_farms/figures/e
xploratory_analysis/protest_original_controls_fe_sweep/protest_original_fe20_co
ntrols_never_event_ori.png Graphic file (type png)
<use C:/Users/eunic/OneDrive/Documents/GitHub/proj_bureaucrats_farms/figures/ex
ploratory_analysis/protest_original_controls_fe_sweep/protest_original_fe20_con
trols_never_event_ori.png>
Package pdftex.def Info: C:/Users/eunic/OneDrive/Documents/GitHub/proj_bureaucr
ats_farms/figures/exploratory_analysis/protest_original_controls_fe_sweep/prote
st_original_fe20_controls_never_event_ori.png  used on input line 683.
(pdftex.def)             Requested size: 343.42375pt x 171.7114pt.
<C:/Users/eunic/OneDrive/Documents/GitHub/proj_bureaucrats_farms/figures/explor
atory_analysis/protest_original_controls_fe_sweep/protest_original_fe20_control
s_never_event_rotated.png, id=439, 578.16pt x 289.08pt>
File: C:/Users/eunic/OneDrive/Documents/GitHub/proj_bureaucrats_farms/figures/e
xploratory_analysis/protest_original_controls_fe_sweep/protest_original_fe20_co
ntrols_never_event_rotated.png Graphic file (type png)
<use C:/Users/eunic/OneDrive/Documents/GitHub/proj_bureaucrats_farms/figures/ex
ploratory_analysis/protest_original_controls_fe_sweep/protest_original_fe20_con
trols_never_event_rotated.png>
Package pdftex.def Info: C:/Users/eunic/OneDrive/Documents/GitHub/proj_bureaucr
ats_farms/figures/exploratory_analysis/protest_original_controls_fe_sweep/prote
st_original_fe20_controls_never_event_rotated.png  used on input line 686.
(pdftex.def)             Requested size: 343.42375pt x 171.7114pt.
<C:/Users/eunic/OneDrive/Documents/GitHub/proj_bureaucrats_farms/figures/explor
atory_analysis/protest_original_controls_fe_sweep/protest_original_fe20_control
s_never_did_interaction_rural_acpop_all_1.png, id=440, 542.025pt x 325.215pt>
File: C:/Users/eunic/OneDrive/Documents/GitHub/proj_bureaucrats_farms/figures/e
xploratory_analysis/protest_original_controls_fe_sweep/protest_original_fe20_co
ntrols_never_did_interaction_rural_acpop_all_1.png Graphic file (type png)
<use C:/Users/eunic/OneDrive/Documents/GitHub/proj_bureaucrats_farms/figures/ex
ploratory_analysis/protest_original_controls_fe_sweep/protest_original_fe20_con
trols_never_did_interaction_rural_acpop_all_1.png>
Package pdftex.def Info: C:/Users/eunic/OneDrive/Documents/GitHub/proj_bureaucr
ats_farms/figures/exploratory_analysis/protest_original_controls_fe_sweep/prote
st_original_fe20_controls_never_did_interaction_rural_acpop_all_1.png  used on 
input line 689.
(pdftex.def)             Requested size: 386.35037pt x 231.81734pt.
 [41

 <C:/Users/eunic/OneDrive/Documents/GitHub/proj_bureaucrats_farms/figures/explo
ratory_analysis/protest_original_controls_fe_sweep/protest_original_fe20_contro
ls_never_event_ori.png> <C:/Users/eunic/OneDrive/Documents/GitHub/proj_bureaucr
ats_farms/figures/exploratory_analysis/protest_original_controls_fe_sweep/prote
st_original_fe20_controls_never_event_rotated.png> <C:/Users/eunic/OneDrive/Doc
uments/GitHub/proj_bureaucrats_farms/figures/exploratory_analysis/protest_origi
nal_controls_fe_sweep/protest_original_fe20_controls_never_did_interaction_rura
l_acpop_all_1.png>] [42

]
<C:/Users/eunic/OneDrive/Documents/GitHub/proj_bureaucrats_farms/figures/explor
atory_analysis/protest_original_controls_fe_sweep/protest_original_fe21_control
s_never_event_ori.png, id=451, 578.16pt x 289.08pt>
File: C:/Users/eunic/OneDrive/Documents/GitHub/proj_bureaucrats_farms/figures/e
xploratory_analysis/protest_original_controls_fe_sweep/protest_original_fe21_co
ntrols_never_event_ori.png Graphic file (type png)
<use C:/Users/eunic/OneDrive/Documents/GitHub/proj_bureaucrats_farms/figures/ex
ploratory_analysis/protest_original_controls_fe_sweep/protest_original_fe21_con
trols_never_event_ori.png>
Package pdftex.def Info: C:/Users/eunic/OneDrive/Documents/GitHub/proj_bureaucr
ats_farms/figures/exploratory_analysis/protest_original_controls_fe_sweep/prote
st_original_fe21_controls_never_event_ori.png  used on input line 718.
(pdftex.def)             Requested size: 343.42375pt x 171.7114pt.
<C:/Users/eunic/OneDrive/Documents/GitHub/proj_bureaucrats_farms/figures/explor
atory_analysis/protest_original_controls_fe_sweep/protest_original_fe21_control
s_never_event_rotated.png, id=452, 578.16pt x 289.08pt>
File: C:/Users/eunic/OneDrive/Documents/GitHub/proj_bureaucrats_farms/figures/e
xploratory_analysis/protest_original_controls_fe_sweep/protest_original_fe21_co
ntrols_never_event_rotated.png Graphic file (type png)
<use C:/Users/eunic/OneDrive/Documents/GitHub/proj_bureaucrats_farms/figures/ex
ploratory_analysis/protest_original_controls_fe_sweep/protest_original_fe21_con
trols_never_event_rotated.png>
Package pdftex.def Info: C:/Users/eunic/OneDrive/Documents/GitHub/proj_bureaucr
ats_farms/figures/exploratory_analysis/protest_original_controls_fe_sweep/prote
st_original_fe21_controls_never_event_rotated.png  used on input line 721.
(pdftex.def)             Requested size: 343.42375pt x 171.7114pt.
<C:/Users/eunic/OneDrive/Documents/GitHub/proj_bureaucrats_farms/figures/explor
atory_analysis/protest_original_controls_fe_sweep/protest_original_fe21_control
s_never_did_interaction_rural_acpop_all_1.png, id=453, 542.025pt x 325.215pt>
File: C:/Users/eunic/OneDrive/Documents/GitHub/proj_bureaucrats_farms/figures/e
xploratory_analysis/protest_original_controls_fe_sweep/protest_original_fe21_co
ntrols_never_did_interaction_rural_acpop_all_1.png Graphic file (type png)
<use C:/Users/eunic/OneDrive/Documents/GitHub/proj_bureaucrats_farms/figures/ex
ploratory_analysis/protest_original_controls_fe_sweep/protest_original_fe21_con
trols_never_did_interaction_rural_acpop_all_1.png>
Package pdftex.def Info: C:/Users/eunic/OneDrive/Documents/GitHub/proj_bureaucr
ats_farms/figures/exploratory_analysis/protest_original_controls_fe_sweep/prote
st_original_fe21_controls_never_did_interaction_rural_acpop_all_1.png  used on 
input line 724.
(pdftex.def)             Requested size: 386.35037pt x 231.81734pt.
 [43

 <C:/Users/eunic/OneDrive/Documents/GitHub/proj_bureaucrats_farms/figures/explo
ratory_analysis/protest_original_controls_fe_sweep/protest_original_fe21_contro
ls_never_event_ori.png> <C:/Users/eunic/OneDrive/Documents/GitHub/proj_bureaucr
ats_farms/figures/exploratory_analysis/protest_original_controls_fe_sweep/prote
st_original_fe21_controls_never_event_rotated.png> <C:/Users/eunic/OneDrive/Doc
uments/GitHub/proj_bureaucrats_farms/figures/exploratory_analysis/protest_origi
nal_controls_fe_sweep/protest_original_fe21_controls_never_did_interaction_rura
l_acpop_all_1.png>] [44

]
<C:/Users/eunic/OneDrive/Documents/GitHub/proj_bureaucrats_farms/figures/explor
atory_analysis/protest_original_controls_fe_sweep/protest_original_fe22_control
s_never_event_ori.png, id=465, 578.16pt x 289.08pt>
File: C:/Users/eunic/OneDrive/Documents/GitHub/proj_bureaucrats_farms/figures/e
xploratory_analysis/protest_original_controls_fe_sweep/protest_original_fe22_co
ntrols_never_event_ori.png Graphic file (type png)
<use C:/Users/eunic/OneDrive/Documents/GitHub/proj_bureaucrats_farms/figures/ex
ploratory_analysis/protest_original_controls_fe_sweep/protest_original_fe22_con
trols_never_event_ori.png>
Package pdftex.def Info: C:/Users/eunic/OneDrive/Documents/GitHub/proj_bureaucr
ats_farms/figures/exploratory_analysis/protest_original_controls_fe_sweep/prote
st_original_fe22_controls_never_event_ori.png  used on input line 753.
(pdftex.def)             Requested size: 343.42375pt x 171.7114pt.
<C:/Users/eunic/OneDrive/Documents/GitHub/proj_bureaucrats_farms/figures/explor
atory_analysis/protest_original_controls_fe_sweep/protest_original_fe22_control
s_never_event_rotated.png, id=466, 578.16pt x 289.08pt>
File: C:/Users/eunic/OneDrive/Documents/GitHub/proj_bureaucrats_farms/figures/e
xploratory_analysis/protest_original_controls_fe_sweep/protest_original_fe22_co
ntrols_never_event_rotated.png Graphic file (type png)
<use C:/Users/eunic/OneDrive/Documents/GitHub/proj_bureaucrats_farms/figures/ex
ploratory_analysis/protest_original_controls_fe_sweep/protest_original_fe22_con
trols_never_event_rotated.png>
Package pdftex.def Info: C:/Users/eunic/OneDrive/Documents/GitHub/proj_bureaucr
ats_farms/figures/exploratory_analysis/protest_original_controls_fe_sweep/prote
st_original_fe22_controls_never_event_rotated.png  used on input line 756.
(pdftex.def)             Requested size: 343.42375pt x 171.7114pt.
<C:/Users/eunic/OneDrive/Documents/GitHub/proj_bureaucrats_farms/figures/explor
atory_analysis/protest_original_controls_fe_sweep/protest_original_fe22_control
s_never_did_interaction_rural_acpop_all_1.png, id=467, 542.025pt x 325.215pt>
File: C:/Users/eunic/OneDrive/Documents/GitHub/proj_bureaucrats_farms/figures/e
xploratory_analysis/protest_original_controls_fe_sweep/protest_original_fe22_co
ntrols_never_did_interaction_rural_acpop_all_1.png Graphic file (type png)
<use C:/Users/eunic/OneDrive/Documents/GitHub/proj_bureaucrats_farms/figures/ex
ploratory_analysis/protest_original_controls_fe_sweep/protest_original_fe22_con
trols_never_did_interaction_rural_acpop_all_1.png>
Package pdftex.def Info: C:/Users/eunic/OneDrive/Documents/GitHub/proj_bureaucr
ats_farms/figures/exploratory_analysis/protest_original_controls_fe_sweep/prote
st_original_fe22_controls_never_did_interaction_rural_acpop_all_1.png  used on 
input line 759.
(pdftex.def)             Requested size: 386.35037pt x 231.81734pt.
 [45

 <C:/Users/eunic/OneDrive/Documents/GitHub/proj_bureaucrats_farms/figures/explo
ratory_analysis/protest_original_controls_fe_sweep/protest_original_fe22_contro
ls_never_event_ori.png> <C:/Users/eunic/OneDrive/Documents/GitHub/proj_bureaucr
ats_farms/figures/exploratory_analysis/protest_original_controls_fe_sweep/prote
st_original_fe22_controls_never_event_rotated.png> <C:/Users/eunic/OneDrive/Doc
uments/GitHub/proj_bureaucrats_farms/figures/exploratory_analysis/protest_origi
nal_controls_fe_sweep/protest_original_fe22_controls_never_did_interaction_rura
l_acpop_all_1.png>] [46

]
<C:/Users/eunic/OneDrive/Documents/GitHub/proj_bureaucrats_farms/figures/explor
atory_analysis/protest_original_controls_fe_sweep/protest_original_fe23_control
s_never_event_ori.png, id=478, 578.16pt x 289.08pt>
File: C:/Users/eunic/OneDrive/Documents/GitHub/proj_bureaucrats_farms/figures/e
xploratory_analysis/protest_original_controls_fe_sweep/protest_original_fe23_co
ntrols_never_event_ori.png Graphic file (type png)
<use C:/Users/eunic/OneDrive/Documents/GitHub/proj_bureaucrats_farms/figures/ex
ploratory_analysis/protest_original_controls_fe_sweep/protest_original_fe23_con
trols_never_event_ori.png>
Package pdftex.def Info: C:/Users/eunic/OneDrive/Documents/GitHub/proj_bureaucr
ats_farms/figures/exploratory_analysis/protest_original_controls_fe_sweep/prote
st_original_fe23_controls_never_event_ori.png  used on input line 788.
(pdftex.def)             Requested size: 343.42375pt x 171.7114pt.
<C:/Users/eunic/OneDrive/Documents/GitHub/proj_bureaucrats_farms/figures/explor
atory_analysis/protest_original_controls_fe_sweep/protest_original_fe23_control
s_never_event_rotated.png, id=479, 578.16pt x 289.08pt>
File: C:/Users/eunic/OneDrive/Documents/GitHub/proj_bureaucrats_farms/figures/e
xploratory_analysis/protest_original_controls_fe_sweep/protest_original_fe23_co
ntrols_never_event_rotated.png Graphic file (type png)
<use C:/Users/eunic/OneDrive/Documents/GitHub/proj_bureaucrats_farms/figures/ex
ploratory_analysis/protest_original_controls_fe_sweep/protest_original_fe23_con
trols_never_event_rotated.png>
Package pdftex.def Info: C:/Users/eunic/OneDrive/Documents/GitHub/proj_bureaucr
ats_farms/figures/exploratory_analysis/protest_original_controls_fe_sweep/prote
st_original_fe23_controls_never_event_rotated.png  used on input line 791.
(pdftex.def)             Requested size: 343.42375pt x 171.7114pt.
<C:/Users/eunic/OneDrive/Documents/GitHub/proj_bureaucrats_farms/figures/explor
atory_analysis/protest_original_controls_fe_sweep/protest_original_fe23_control
s_never_did_interaction_rural_acpop_all_1.png, id=480, 542.025pt x 325.215pt>
File: C:/Users/eunic/OneDrive/Documents/GitHub/proj_bureaucrats_farms/figures/e
xploratory_analysis/protest_original_controls_fe_sweep/protest_original_fe23_co
ntrols_never_did_interaction_rural_acpop_all_1.png Graphic file (type png)
<use C:/Users/eunic/OneDrive/Documents/GitHub/proj_bureaucrats_farms/figures/ex
ploratory_analysis/protest_original_controls_fe_sweep/protest_original_fe23_con
trols_never_did_interaction_rural_acpop_all_1.png>
Package pdftex.def Info: C:/Users/eunic/OneDrive/Documents/GitHub/proj_bureaucr
ats_farms/figures/exploratory_analysis/protest_original_controls_fe_sweep/prote
st_original_fe23_controls_never_did_interaction_rural_acpop_all_1.png  used on 
input line 794.
(pdftex.def)             Requested size: 386.35037pt x 231.81734pt.
 [47

 <C:/Users/eunic/OneDrive/Documents/GitHub/proj_bureaucrats_farms/figures/explo
ratory_analysis/protest_original_controls_fe_sweep/protest_original_fe23_contro
ls_never_event_ori.png> <C:/Users/eunic/OneDrive/Documents/GitHub/proj_bureaucr
ats_farms/figures/exploratory_analysis/protest_original_controls_fe_sweep/prote
st_original_fe23_controls_never_event_rotated.png> <C:/Users/eunic/OneDrive/Doc
uments/GitHub/proj_bureaucrats_farms/figures/exploratory_analysis/protest_origi
nal_controls_fe_sweep/protest_original_fe23_controls_never_did_interaction_rura
l_acpop_all_1.png>] [48

]
<C:/Users/eunic/OneDrive/Documents/GitHub/proj_bureaucrats_farms/figures/explor
atory_analysis/protest_original_controls_fe_sweep/protest_original_fe24_control
s_never_event_ori.png, id=491, 578.16pt x 289.08pt>
File: C:/Users/eunic/OneDrive/Documents/GitHub/proj_bureaucrats_farms/figures/e
xploratory_analysis/protest_original_controls_fe_sweep/protest_original_fe24_co
ntrols_never_event_ori.png Graphic file (type png)
<use C:/Users/eunic/OneDrive/Documents/GitHub/proj_bureaucrats_farms/figures/ex
ploratory_analysis/protest_original_controls_fe_sweep/protest_original_fe24_con
trols_never_event_ori.png>
Package pdftex.def Info: C:/Users/eunic/OneDrive/Documents/GitHub/proj_bureaucr
ats_farms/figures/exploratory_analysis/protest_original_controls_fe_sweep/prote
st_original_fe24_controls_never_event_ori.png  used on input line 823.
(pdftex.def)             Requested size: 343.42375pt x 171.7114pt.
<C:/Users/eunic/OneDrive/Documents/GitHub/proj_bureaucrats_farms/figures/explor
atory_analysis/protest_original_controls_fe_sweep/protest_original_fe24_control
s_never_event_rotated.png, id=492, 578.16pt x 289.08pt>
File: C:/Users/eunic/OneDrive/Documents/GitHub/proj_bureaucrats_farms/figures/e
xploratory_analysis/protest_original_controls_fe_sweep/protest_original_fe24_co
ntrols_never_event_rotated.png Graphic file (type png)
<use C:/Users/eunic/OneDrive/Documents/GitHub/proj_bureaucrats_farms/figures/ex
ploratory_analysis/protest_original_controls_fe_sweep/protest_original_fe24_con
trols_never_event_rotated.png>
Package pdftex.def Info: C:/Users/eunic/OneDrive/Documents/GitHub/proj_bureaucr
ats_farms/figures/exploratory_analysis/protest_original_controls_fe_sweep/prote
st_original_fe24_controls_never_event_rotated.png  used on input line 826.
(pdftex.def)             Requested size: 343.42375pt x 171.7114pt.
<C:/Users/eunic/OneDrive/Documents/GitHub/proj_bureaucrats_farms/figures/explor
atory_analysis/protest_original_controls_fe_sweep/protest_original_fe24_control
s_never_did_interaction_rural_acpop_all_1.png, id=493, 542.025pt x 325.215pt>
File: C:/Users/eunic/OneDrive/Documents/GitHub/proj_bureaucrats_farms/figures/e
xploratory_analysis/protest_original_controls_fe_sweep/protest_original_fe24_co
ntrols_never_did_interaction_rural_acpop_all_1.png Graphic file (type png)
<use C:/Users/eunic/OneDrive/Documents/GitHub/proj_bureaucrats_farms/figures/ex
ploratory_analysis/protest_original_controls_fe_sweep/protest_original_fe24_con
trols_never_did_interaction_rural_acpop_all_1.png>
Package pdftex.def Info: C:/Users/eunic/OneDrive/Documents/GitHub/proj_bureaucr
ats_farms/figures/exploratory_analysis/protest_original_controls_fe_sweep/prote
st_original_fe24_controls_never_did_interaction_rural_acpop_all_1.png  used on 
input line 829.
(pdftex.def)             Requested size: 386.35037pt x 231.81734pt.
 [49

 <C:/Users/eunic/OneDrive/Documents/GitHub/proj_bureaucrats_farms/figures/explo
ratory_analysis/protest_original_controls_fe_sweep/protest_original_fe24_contro
ls_never_event_ori.png> <C:/Users/eunic/OneDrive/Documents/GitHub/proj_bureaucr
ats_farms/figures/exploratory_analysis/protest_original_controls_fe_sweep/prote
st_original_fe24_controls_never_event_rotated.png> <C:/Users/eunic/OneDrive/Doc
uments/GitHub/proj_bureaucrats_farms/figures/exploratory_analysis/protest_origi
nal_controls_fe_sweep/protest_original_fe24_controls_never_did_interaction_rura
l_acpop_all_1.png>] [50

]
<C:/Users/eunic/OneDrive/Documents/GitHub/proj_bureaucrats_farms/figures/explor
atory_analysis/protest_original_controls_fe_sweep/protest_original_fe25_control
s_never_event_ori.png, id=505, 578.16pt x 289.08pt>
File: C:/Users/eunic/OneDrive/Documents/GitHub/proj_bureaucrats_farms/figures/e
xploratory_analysis/protest_original_controls_fe_sweep/protest_original_fe25_co
ntrols_never_event_ori.png Graphic file (type png)
<use C:/Users/eunic/OneDrive/Documents/GitHub/proj_bureaucrats_farms/figures/ex
ploratory_analysis/protest_original_controls_fe_sweep/protest_original_fe25_con
trols_never_event_ori.png>
Package pdftex.def Info: C:/Users/eunic/OneDrive/Documents/GitHub/proj_bureaucr
ats_farms/figures/exploratory_analysis/protest_original_controls_fe_sweep/prote
st_original_fe25_controls_never_event_ori.png  used on input line 858.
(pdftex.def)             Requested size: 343.42375pt x 171.7114pt.
<C:/Users/eunic/OneDrive/Documents/GitHub/proj_bureaucrats_farms/figures/explor
atory_analysis/protest_original_controls_fe_sweep/protest_original_fe25_control
s_never_event_rotated.png, id=506, 578.16pt x 289.08pt>
File: C:/Users/eunic/OneDrive/Documents/GitHub/proj_bureaucrats_farms/figures/e
xploratory_analysis/protest_original_controls_fe_sweep/protest_original_fe25_co
ntrols_never_event_rotated.png Graphic file (type png)
<use C:/Users/eunic/OneDrive/Documents/GitHub/proj_bureaucrats_farms/figures/ex
ploratory_analysis/protest_original_controls_fe_sweep/protest_original_fe25_con
trols_never_event_rotated.png>
Package pdftex.def Info: C:/Users/eunic/OneDrive/Documents/GitHub/proj_bureaucr
ats_farms/figures/exploratory_analysis/protest_original_controls_fe_sweep/prote
st_original_fe25_controls_never_event_rotated.png  used on input line 861.
(pdftex.def)             Requested size: 343.42375pt x 171.7114pt.
<C:/Users/eunic/OneDrive/Documents/GitHub/proj_bureaucrats_farms/figures/explor
atory_analysis/protest_original_controls_fe_sweep/protest_original_fe25_control
s_never_did_interaction_rural_acpop_all_1.png, id=507, 542.025pt x 325.215pt>
File: C:/Users/eunic/OneDrive/Documents/GitHub/proj_bureaucrats_farms/figures/e
xploratory_analysis/protest_original_controls_fe_sweep/protest_original_fe25_co
ntrols_never_did_interaction_rural_acpop_all_1.png Graphic file (type png)
<use C:/Users/eunic/OneDrive/Documents/GitHub/proj_bureaucrats_farms/figures/ex
ploratory_analysis/protest_original_controls_fe_sweep/protest_original_fe25_con
trols_never_did_interaction_rural_acpop_all_1.png>
Package pdftex.def Info: C:/Users/eunic/OneDrive/Documents/GitHub/proj_bureaucr
ats_farms/figures/exploratory_analysis/protest_original_controls_fe_sweep/prote
st_original_fe25_controls_never_did_interaction_rural_acpop_all_1.png  used on 
input line 864.
(pdftex.def)             Requested size: 386.35037pt x 231.81734pt.

[51

 <C:/Users/eunic/OneDrive/Documents/GitHub/proj_bureaucrats_farms/figures/explo
ratory_analysis/protest_original_controls_fe_sweep/protest_original_fe25_contro
ls_never_event_ori.png> <C:/Users/eunic/OneDrive/Documents/GitHub/proj_bureaucr
ats_farms/figures/exploratory_analysis/protest_original_controls_fe_sweep/prote
st_original_fe25_controls_never_event_rotated.png> <C:/Users/eunic/OneDrive/Doc
uments/GitHub/proj_bureaucrats_farms/figures/exploratory_analysis/protest_origi
nal_controls_fe_sweep/protest_original_fe25_controls_never_did_interaction_rura
l_acpop_all_1.png>] [52

]
<C:/Users/eunic/OneDrive/Documents/GitHub/proj_bureaucrats_farms/figures/explor
atory_analysis/protest_original_controls_fe_sweep/protest_original_fe26_control
s_never_event_ori.png, id=518, 578.16pt x 289.08pt>
File: C:/Users/eunic/OneDrive/Documents/GitHub/proj_bureaucrats_farms/figures/e
xploratory_analysis/protest_original_controls_fe_sweep/protest_original_fe26_co
ntrols_never_event_ori.png Graphic file (type png)
<use C:/Users/eunic/OneDrive/Documents/GitHub/proj_bureaucrats_farms/figures/ex
ploratory_analysis/protest_original_controls_fe_sweep/protest_original_fe26_con
trols_never_event_ori.png>
Package pdftex.def Info: C:/Users/eunic/OneDrive/Documents/GitHub/proj_bureaucr
ats_farms/figures/exploratory_analysis/protest_original_controls_fe_sweep/prote
st_original_fe26_controls_never_event_ori.png  used on input line 893.
(pdftex.def)             Requested size: 343.42375pt x 171.7114pt.
<C:/Users/eunic/OneDrive/Documents/GitHub/proj_bureaucrats_farms/figures/explor
atory_analysis/protest_original_controls_fe_sweep/protest_original_fe26_control
s_never_event_rotated.png, id=519, 578.16pt x 289.08pt>
File: C:/Users/eunic/OneDrive/Documents/GitHub/proj_bureaucrats_farms/figures/e
xploratory_analysis/protest_original_controls_fe_sweep/protest_original_fe26_co
ntrols_never_event_rotated.png Graphic file (type png)
<use C:/Users/eunic/OneDrive/Documents/GitHub/proj_bureaucrats_farms/figures/ex
ploratory_analysis/protest_original_controls_fe_sweep/protest_original_fe26_con
trols_never_event_rotated.png>
Package pdftex.def Info: C:/Users/eunic/OneDrive/Documents/GitHub/proj_bureaucr
ats_farms/figures/exploratory_analysis/protest_original_controls_fe_sweep/prote
st_original_fe26_controls_never_event_rotated.png  used on input line 896.
(pdftex.def)             Requested size: 343.42375pt x 171.7114pt.
<C:/Users/eunic/OneDrive/Documents/GitHub/proj_bureaucrats_farms/figures/explor
atory_analysis/protest_original_controls_fe_sweep/protest_original_fe26_control
s_never_did_interaction_rural_acpop_all_1.png, id=520, 542.025pt x 325.215pt>
File: C:/Users/eunic/OneDrive/Documents/GitHub/proj_bureaucrats_farms/figures/e
xploratory_analysis/protest_original_controls_fe_sweep/protest_original_fe26_co
ntrols_never_did_interaction_rural_acpop_all_1.png Graphic file (type png)
<use C:/Users/eunic/OneDrive/Documents/GitHub/proj_bureaucrats_farms/figures/ex
ploratory_analysis/protest_original_controls_fe_sweep/protest_original_fe26_con
trols_never_did_interaction_rural_acpop_all_1.png>
Package pdftex.def Info: C:/Users/eunic/OneDrive/Documents/GitHub/proj_bureaucr
ats_farms/figures/exploratory_analysis/protest_original_controls_fe_sweep/prote
st_original_fe26_controls_never_did_interaction_rural_acpop_all_1.png  used on 
input line 899.
(pdftex.def)             Requested size: 386.35037pt x 231.81734pt.
 [53

 <C:/Users/eunic/OneDrive/Documents/GitHub/proj_bureaucrats_farms/figures/explo
ratory_analysis/protest_original_controls_fe_sweep/protest_original_fe26_contro
ls_never_event_ori.png> <C:/Users/eunic/OneDrive/Documents/GitHub/proj_bureaucr
ats_farms/figures/exploratory_analysis/protest_original_controls_fe_sweep/prote
st_original_fe26_controls_never_event_rotated.png> <C:/Users/eunic/OneDrive/Doc
uments/GitHub/proj_bureaucrats_farms/figures/exploratory_analysis/protest_origi
nal_controls_fe_sweep/protest_original_fe26_controls_never_did_interaction_rura
l_acpop_all_1.png>] [54

]
<C:/Users/eunic/OneDrive/Documents/GitHub/proj_bureaucrats_farms/figures/explor
atory_analysis/protest_original_controls_fe_sweep/protest_original_fe27_control
s_never_event_ori.png, id=531, 578.16pt x 289.08pt>
File: C:/Users/eunic/OneDrive/Documents/GitHub/proj_bureaucrats_farms/figures/e
xploratory_analysis/protest_original_controls_fe_sweep/protest_original_fe27_co
ntrols_never_event_ori.png Graphic file (type png)
<use C:/Users/eunic/OneDrive/Documents/GitHub/proj_bureaucrats_farms/figures/ex
ploratory_analysis/protest_original_controls_fe_sweep/protest_original_fe27_con
trols_never_event_ori.png>
Package pdftex.def Info: C:/Users/eunic/OneDrive/Documents/GitHub/proj_bureaucr
ats_farms/figures/exploratory_analysis/protest_original_controls_fe_sweep/prote
st_original_fe27_controls_never_event_ori.png  used on input line 928.
(pdftex.def)             Requested size: 343.42375pt x 171.7114pt.
<C:/Users/eunic/OneDrive/Documents/GitHub/proj_bureaucrats_farms/figures/explor
atory_analysis/protest_original_controls_fe_sweep/protest_original_fe27_control
s_never_event_rotated.png, id=532, 578.16pt x 289.08pt>
File: C:/Users/eunic/OneDrive/Documents/GitHub/proj_bureaucrats_farms/figures/e
xploratory_analysis/protest_original_controls_fe_sweep/protest_original_fe27_co
ntrols_never_event_rotated.png Graphic file (type png)
<use C:/Users/eunic/OneDrive/Documents/GitHub/proj_bureaucrats_farms/figures/ex
ploratory_analysis/protest_original_controls_fe_sweep/protest_original_fe27_con
trols_never_event_rotated.png>
Package pdftex.def Info: C:/Users/eunic/OneDrive/Documents/GitHub/proj_bureaucr
ats_farms/figures/exploratory_analysis/protest_original_controls_fe_sweep/prote
st_original_fe27_controls_never_event_rotated.png  used on input line 931.
(pdftex.def)             Requested size: 343.42375pt x 171.7114pt.
<C:/Users/eunic/OneDrive/Documents/GitHub/proj_bureaucrats_farms/figures/explor
atory_analysis/protest_original_controls_fe_sweep/protest_original_fe27_control
s_never_did_interaction_rural_acpop_all_1.png, id=533, 542.025pt x 325.215pt>
File: C:/Users/eunic/OneDrive/Documents/GitHub/proj_bureaucrats_farms/figures/e
xploratory_analysis/protest_original_controls_fe_sweep/protest_original_fe27_co
ntrols_never_did_interaction_rural_acpop_all_1.png Graphic file (type png)
<use C:/Users/eunic/OneDrive/Documents/GitHub/proj_bureaucrats_farms/figures/ex
ploratory_analysis/protest_original_controls_fe_sweep/protest_original_fe27_con
trols_never_did_interaction_rural_acpop_all_1.png>
Package pdftex.def Info: C:/Users/eunic/OneDrive/Documents/GitHub/proj_bureaucr
ats_farms/figures/exploratory_analysis/protest_original_controls_fe_sweep/prote
st_original_fe27_controls_never_did_interaction_rural_acpop_all_1.png  used on 
input line 934.
(pdftex.def)             Requested size: 386.35037pt x 231.81734pt.
 [55

 <C:/Users/eunic/OneDrive/Documents/GitHub/proj_bureaucrats_farms/figures/explo
ratory_analysis/protest_original_controls_fe_sweep/protest_original_fe27_contro
ls_never_event_ori.png> <C:/Users/eunic/OneDrive/Documents/GitHub/proj_bureaucr
ats_farms/figures/exploratory_analysis/protest_original_controls_fe_sweep/prote
st_original_fe27_controls_never_event_rotated.png> <C:/Users/eunic/OneDrive/Doc
uments/GitHub/proj_bureaucrats_farms/figures/exploratory_analysis/protest_origi
nal_controls_fe_sweep/protest_original_fe27_controls_never_did_interaction_rura
l_acpop_all_1.png>]
[56

]
<C:/Users/eunic/OneDrive/Documents/GitHub/proj_bureaucrats_farms/figures/explor
atory_analysis/protest_original_controls_fe_sweep/protest_original_fe28_control
s_never_event_ori.png, id=545, 578.16pt x 289.08pt>
File: C:/Users/eunic/OneDrive/Documents/GitHub/proj_bureaucrats_farms/figures/e
xploratory_analysis/protest_original_controls_fe_sweep/protest_original_fe28_co
ntrols_never_event_ori.png Graphic file (type png)
<use C:/Users/eunic/OneDrive/Documents/GitHub/proj_bureaucrats_farms/figures/ex
ploratory_analysis/protest_original_controls_fe_sweep/protest_original_fe28_con
trols_never_event_ori.png>
Package pdftex.def Info: C:/Users/eunic/OneDrive/Documents/GitHub/proj_bureaucr
ats_farms/figures/exploratory_analysis/protest_original_controls_fe_sweep/prote
st_original_fe28_controls_never_event_ori.png  used on input line 963.
(pdftex.def)             Requested size: 343.42375pt x 171.7114pt.
<C:/Users/eunic/OneDrive/Documents/GitHub/proj_bureaucrats_farms/figures/explor
atory_analysis/protest_original_controls_fe_sweep/protest_original_fe28_control
s_never_event_rotated.png, id=546, 578.16pt x 289.08pt>
File: C:/Users/eunic/OneDrive/Documents/GitHub/proj_bureaucrats_farms/figures/e
xploratory_analysis/protest_original_controls_fe_sweep/protest_original_fe28_co
ntrols_never_event_rotated.png Graphic file (type png)
<use C:/Users/eunic/OneDrive/Documents/GitHub/proj_bureaucrats_farms/figures/ex
ploratory_analysis/protest_original_controls_fe_sweep/protest_original_fe28_con
trols_never_event_rotated.png>
Package pdftex.def Info: C:/Users/eunic/OneDrive/Documents/GitHub/proj_bureaucr
ats_farms/figures/exploratory_analysis/protest_original_controls_fe_sweep/prote
st_original_fe28_controls_never_event_rotated.png  used on input line 966.
(pdftex.def)             Requested size: 343.42375pt x 171.7114pt.
<C:/Users/eunic/OneDrive/Documents/GitHub/proj_bureaucrats_farms/figures/explor
atory_analysis/protest_original_controls_fe_sweep/protest_original_fe28_control
s_never_did_interaction_rural_acpop_all_1.png, id=547, 542.025pt x 325.215pt>
File: C:/Users/eunic/OneDrive/Documents/GitHub/proj_bureaucrats_farms/figures/e
xploratory_analysis/protest_original_controls_fe_sweep/protest_original_fe28_co
ntrols_never_did_interaction_rural_acpop_all_1.png Graphic file (type png)
<use C:/Users/eunic/OneDrive/Documents/GitHub/proj_bureaucrats_farms/figures/ex
ploratory_analysis/protest_original_controls_fe_sweep/protest_original_fe28_con
trols_never_did_interaction_rural_acpop_all_1.png>
Package pdftex.def Info: C:/Users/eunic/OneDrive/Documents/GitHub/proj_bureaucr
ats_farms/figures/exploratory_analysis/protest_original_controls_fe_sweep/prote
st_original_fe28_controls_never_did_interaction_rural_acpop_all_1.png  used on 
input line 969.
(pdftex.def)             Requested size: 386.35037pt x 231.81734pt.
 [57

 <C:/Users/eunic/OneDrive/Documents/GitHub/proj_bureaucrats_farms/figures/explo
ratory_analysis/protest_original_controls_fe_sweep/protest_original_fe28_contro
ls_never_event_ori.png> <C:/Users/eunic/OneDrive/Documents/GitHub/proj_bureaucr
ats_farms/figures/exploratory_analysis/protest_original_controls_fe_sweep/prote
st_original_fe28_controls_never_event_rotated.png> <C:/Users/eunic/OneDrive/Doc
uments/GitHub/proj_bureaucrats_farms/figures/exploratory_analysis/protest_origi
nal_controls_fe_sweep/protest_original_fe28_controls_never_did_interaction_rura
l_acpop_all_1.png>] [58

]
<C:/Users/eunic/OneDrive/Documents/GitHub/proj_bureaucrats_farms/figures/explor
atory_analysis/protest_original_controls_fe_sweep/protest_original_fe29_control
s_never_event_ori.png, id=558, 578.16pt x 289.08pt>
File: C:/Users/eunic/OneDrive/Documents/GitHub/proj_bureaucrats_farms/figures/e
xploratory_analysis/protest_original_controls_fe_sweep/protest_original_fe29_co
ntrols_never_event_ori.png Graphic file (type png)
<use C:/Users/eunic/OneDrive/Documents/GitHub/proj_bureaucrats_farms/figures/ex
ploratory_analysis/protest_original_controls_fe_sweep/protest_original_fe29_con
trols_never_event_ori.png>
Package pdftex.def Info: C:/Users/eunic/OneDrive/Documents/GitHub/proj_bureaucr
ats_farms/figures/exploratory_analysis/protest_original_controls_fe_sweep/prote
st_original_fe29_controls_never_event_ori.png  used on input line 998.
(pdftex.def)             Requested size: 343.42375pt x 171.7114pt.
<C:/Users/eunic/OneDrive/Documents/GitHub/proj_bureaucrats_farms/figures/explor
atory_analysis/protest_original_controls_fe_sweep/protest_original_fe29_control
s_never_event_rotated.png, id=559, 578.16pt x 289.08pt>
File: C:/Users/eunic/OneDrive/Documents/GitHub/proj_bureaucrats_farms/figures/e
xploratory_analysis/protest_original_controls_fe_sweep/protest_original_fe29_co
ntrols_never_event_rotated.png Graphic file (type png)
<use C:/Users/eunic/OneDrive/Documents/GitHub/proj_bureaucrats_farms/figures/ex
ploratory_analysis/protest_original_controls_fe_sweep/protest_original_fe29_con
trols_never_event_rotated.png>
Package pdftex.def Info: C:/Users/eunic/OneDrive/Documents/GitHub/proj_bureaucr
ats_farms/figures/exploratory_analysis/protest_original_controls_fe_sweep/prote
st_original_fe29_controls_never_event_rotated.png  used on input line 1001.
(pdftex.def)             Requested size: 343.42375pt x 171.7114pt.
<C:/Users/eunic/OneDrive/Documents/GitHub/proj_bureaucrats_farms/figures/explor
atory_analysis/protest_original_controls_fe_sweep/protest_original_fe29_control
s_never_did_interaction_rural_acpop_all_1.png, id=560, 542.025pt x 325.215pt>
File: C:/Users/eunic/OneDrive/Documents/GitHub/proj_bureaucrats_farms/figures/e
xploratory_analysis/protest_original_controls_fe_sweep/protest_original_fe29_co
ntrols_never_did_interaction_rural_acpop_all_1.png Graphic file (type png)
<use C:/Users/eunic/OneDrive/Documents/GitHub/proj_bureaucrats_farms/figures/ex
ploratory_analysis/protest_original_controls_fe_sweep/protest_original_fe29_con
trols_never_did_interaction_rural_acpop_all_1.png>
Package pdftex.def Info: C:/Users/eunic/OneDrive/Documents/GitHub/proj_bureaucr
ats_farms/figures/exploratory_analysis/protest_original_controls_fe_sweep/prote
st_original_fe29_controls_never_did_interaction_rural_acpop_all_1.png  used on 
input line 1004.
(pdftex.def)             Requested size: 386.35037pt x 231.81734pt.
 [59

 <C:/Users/eunic/OneDrive/Documents/GitHub/proj_bureaucrats_farms/figures/explo
ratory_analysis/protest_original_controls_fe_sweep/protest_original_fe29_contro
ls_never_event_ori.png> <C:/Users/eunic/OneDrive/Documents/GitHub/proj_bureaucr
ats_farms/figures/exploratory_analysis/protest_original_controls_fe_sweep/prote
st_original_fe29_controls_never_event_rotated.png> <C:/Users/eunic/OneDrive/Doc
uments/GitHub/proj_bureaucrats_farms/figures/exploratory_analysis/protest_origi
nal_controls_fe_sweep/protest_original_fe29_controls_never_did_interaction_rura
l_acpop_all_1.png>] [60

]
<C:/Users/eunic/OneDrive/Documents/GitHub/proj_bureaucrats_farms/figures/explor
atory_analysis/protest_original_controls_fe_sweep/protest_original_fe30_control
s_never_event_ori.png, id=571, 578.16pt x 289.08pt>
File: C:/Users/eunic/OneDrive/Documents/GitHub/proj_bureaucrats_farms/figures/e
xploratory_analysis/protest_original_controls_fe_sweep/protest_original_fe30_co
ntrols_never_event_ori.png Graphic file (type png)
<use C:/Users/eunic/OneDrive/Documents/GitHub/proj_bureaucrats_farms/figures/ex
ploratory_analysis/protest_original_controls_fe_sweep/protest_original_fe30_con
trols_never_event_ori.png>
Package pdftex.def Info: C:/Users/eunic/OneDrive/Documents/GitHub/proj_bureaucr
ats_farms/figures/exploratory_analysis/protest_original_controls_fe_sweep/prote
st_original_fe30_controls_never_event_ori.png  used on input line 1033.
(pdftex.def)             Requested size: 343.42375pt x 171.7114pt.
<C:/Users/eunic/OneDrive/Documents/GitHub/proj_bureaucrats_farms/figures/explor
atory_analysis/protest_original_controls_fe_sweep/protest_original_fe30_control
s_never_event_rotated.png, id=572, 578.16pt x 289.08pt>
File: C:/Users/eunic/OneDrive/Documents/GitHub/proj_bureaucrats_farms/figures/e
xploratory_analysis/protest_original_controls_fe_sweep/protest_original_fe30_co
ntrols_never_event_rotated.png Graphic file (type png)
<use C:/Users/eunic/OneDrive/Documents/GitHub/proj_bureaucrats_farms/figures/ex
ploratory_analysis/protest_original_controls_fe_sweep/protest_original_fe30_con
trols_never_event_rotated.png>
Package pdftex.def Info: C:/Users/eunic/OneDrive/Documents/GitHub/proj_bureaucr
ats_farms/figures/exploratory_analysis/protest_original_controls_fe_sweep/prote
st_original_fe30_controls_never_event_rotated.png  used on input line 1036.
(pdftex.def)             Requested size: 343.42375pt x 171.7114pt.
<C:/Users/eunic/OneDrive/Documents/GitHub/proj_bureaucrats_farms/figures/explor
atory_analysis/protest_original_controls_fe_sweep/protest_original_fe30_control
s_never_did_interaction_rural_acpop_all_1.png, id=573, 542.025pt x 325.215pt>
File: C:/Users/eunic/OneDrive/Documents/GitHub/proj_bureaucrats_farms/figures/e
xploratory_analysis/protest_original_controls_fe_sweep/protest_original_fe30_co
ntrols_never_did_interaction_rural_acpop_all_1.png Graphic file (type png)
<use C:/Users/eunic/OneDrive/Documents/GitHub/proj_bureaucrats_farms/figures/ex
ploratory_analysis/protest_original_controls_fe_sweep/protest_original_fe30_con
trols_never_did_interaction_rural_acpop_all_1.png>
Package pdftex.def Info: C:/Users/eunic/OneDrive/Documents/GitHub/proj_bureaucr
ats_farms/figures/exploratory_analysis/protest_original_controls_fe_sweep/prote
st_original_fe30_controls_never_did_interaction_rural_acpop_all_1.png  used on 
input line 1039.
(pdftex.def)             Requested size: 386.35037pt x 231.81734pt.
 [61

 <C:/Users/eunic/OneDrive/Documents/GitHub/proj_bureaucrats_farms/figures/explo
ratory_analysis/protest_original_controls_fe_sweep/protest_original_fe30_contro
ls_never_event_ori.png> <C:/Users/eunic/OneDrive/Documents/GitHub/proj_bureaucr
ats_farms/figures/exploratory_analysis/protest_original_controls_fe_sweep/prote
st_original_fe30_controls_never_event_rotated.png> <C:/Users/eunic/OneDrive/Doc
uments/GitHub/proj_bureaucrats_farms/figures/exploratory_analysis/protest_origi
nal_controls_fe_sweep/protest_original_fe30_controls_never_did_interaction_rura
l_acpop_all_1.png>] [62

]
<C:/Users/eunic/OneDrive/Documents/GitHub/proj_bureaucrats_farms/figures/explor
atory_analysis/protest_original_controls_fe_sweep/protest_original_fe31_control
s_never_event_ori.png, id=585, 578.16pt x 289.08pt>
File: C:/Users/eunic/OneDrive/Documents/GitHub/proj_bureaucrats_farms/figures/e
xploratory_analysis/protest_original_controls_fe_sweep/protest_original_fe31_co
ntrols_never_event_ori.png Graphic file (type png)
<use C:/Users/eunic/OneDrive/Documents/GitHub/proj_bureaucrats_farms/figures/ex
ploratory_analysis/protest_original_controls_fe_sweep/protest_original_fe31_con
trols_never_event_ori.png>
Package pdftex.def Info: C:/Users/eunic/OneDrive/Documents/GitHub/proj_bureaucr
ats_farms/figures/exploratory_analysis/protest_original_controls_fe_sweep/prote
st_original_fe31_controls_never_event_ori.png  used on input line 1068.
(pdftex.def)             Requested size: 343.42375pt x 171.7114pt.
<C:/Users/eunic/OneDrive/Documents/GitHub/proj_bureaucrats_farms/figures/explor
atory_analysis/protest_original_controls_fe_sweep/protest_original_fe31_control
s_never_event_rotated.png, id=586, 578.16pt x 289.08pt>
File: C:/Users/eunic/OneDrive/Documents/GitHub/proj_bureaucrats_farms/figures/e
xploratory_analysis/protest_original_controls_fe_sweep/protest_original_fe31_co
ntrols_never_event_rotated.png Graphic file (type png)
<use C:/Users/eunic/OneDrive/Documents/GitHub/proj_bureaucrats_farms/figures/ex
ploratory_analysis/protest_original_controls_fe_sweep/protest_original_fe31_con
trols_never_event_rotated.png>
Package pdftex.def Info: C:/Users/eunic/OneDrive/Documents/GitHub/proj_bureaucr
ats_farms/figures/exploratory_analysis/protest_original_controls_fe_sweep/prote
st_original_fe31_controls_never_event_rotated.png  used on input line 1071.
(pdftex.def)             Requested size: 343.42375pt x 171.7114pt.
<C:/Users/eunic/OneDrive/Documents/GitHub/proj_bureaucrats_farms/figures/explor
atory_analysis/protest_original_controls_fe_sweep/protest_original_fe31_control
s_never_did_interaction_rural_acpop_all_1.png, id=587, 542.025pt x 325.215pt>
File: C:/Users/eunic/OneDrive/Documents/GitHub/proj_bureaucrats_farms/figures/e
xploratory_analysis/protest_original_controls_fe_sweep/protest_original_fe31_co
ntrols_never_did_interaction_rural_acpop_all_1.png Graphic file (type png)
<use C:/Users/eunic/OneDrive/Documents/GitHub/proj_bureaucrats_farms/figures/ex
ploratory_analysis/protest_original_controls_fe_sweep/protest_original_fe31_con
trols_never_did_interaction_rural_acpop_all_1.png>
Package pdftex.def Info: C:/Users/eunic/OneDrive/Documents/GitHub/proj_bureaucr
ats_farms/figures/exploratory_analysis/protest_original_controls_fe_sweep/prote
st_original_fe31_controls_never_did_interaction_rural_acpop_all_1.png  used on 
input line 1074.
(pdftex.def)             Requested size: 386.35037pt x 231.81734pt.
 [63

 <C:/Users/eunic/OneDrive/Documents/GitHub/proj_bureaucrats_farms/figures/explo
ratory_analysis/protest_original_controls_fe_sweep/protest_original_fe31_contro
ls_never_event_ori.png> <C:/Users/eunic/OneDrive/Documents/GitHub/proj_bureaucr
ats_farms/figures/exploratory_analysis/protest_original_controls_fe_sweep/prote
st_original_fe31_controls_never_event_rotated.png> <C:/Users/eunic/OneDrive/Doc
uments/GitHub/proj_bureaucrats_farms/figures/exploratory_analysis/protest_origi
nal_controls_fe_sweep/protest_original_fe31_controls_never_did_interaction_rura
l_acpop_all_1.png>] [64

]
<C:/Users/eunic/OneDrive/Documents/GitHub/proj_bureaucrats_farms/figures/explor
atory_analysis/protest_original_controls_fe_sweep/protest_original_fe32_control
s_never_event_ori.png, id=598, 578.16pt x 289.08pt>
File: C:/Users/eunic/OneDrive/Documents/GitHub/proj_bureaucrats_farms/figures/e
xploratory_analysis/protest_original_controls_fe_sweep/protest_original_fe32_co
ntrols_never_event_ori.png Graphic file (type png)
<use C:/Users/eunic/OneDrive/Documents/GitHub/proj_bureaucrats_farms/figures/ex
ploratory_analysis/protest_original_controls_fe_sweep/protest_original_fe32_con
trols_never_event_ori.png>
Package pdftex.def Info: C:/Users/eunic/OneDrive/Documents/GitHub/proj_bureaucr
ats_farms/figures/exploratory_analysis/protest_original_controls_fe_sweep/prote
st_original_fe32_controls_never_event_ori.png  used on input line 1103.
(pdftex.def)             Requested size: 343.42375pt x 171.7114pt.
<C:/Users/eunic/OneDrive/Documents/GitHub/proj_bureaucrats_farms/figures/explor
atory_analysis/protest_original_controls_fe_sweep/protest_original_fe32_control
s_never_event_rotated.png, id=599, 578.16pt x 289.08pt>
File: C:/Users/eunic/OneDrive/Documents/GitHub/proj_bureaucrats_farms/figures/e
xploratory_analysis/protest_original_controls_fe_sweep/protest_original_fe32_co
ntrols_never_event_rotated.png Graphic file (type png)
<use C:/Users/eunic/OneDrive/Documents/GitHub/proj_bureaucrats_farms/figures/ex
ploratory_analysis/protest_original_controls_fe_sweep/protest_original_fe32_con
trols_never_event_rotated.png>
Package pdftex.def Info: C:/Users/eunic/OneDrive/Documents/GitHub/proj_bureaucr
ats_farms/figures/exploratory_analysis/protest_original_controls_fe_sweep/prote
st_original_fe32_controls_never_event_rotated.png  used on input line 1106.
(pdftex.def)             Requested size: 343.42375pt x 171.7114pt.
<C:/Users/eunic/OneDrive/Documents/GitHub/proj_bureaucrats_farms/figures/explor
atory_analysis/protest_original_controls_fe_sweep/protest_original_fe32_control
s_never_did_interaction_rural_acpop_all_1.png, id=600, 542.025pt x 325.215pt>
File: C:/Users/eunic/OneDrive/Documents/GitHub/proj_bureaucrats_farms/figures/e
xploratory_analysis/protest_original_controls_fe_sweep/protest_original_fe32_co
ntrols_never_did_interaction_rural_acpop_all_1.png Graphic file (type png)
<use C:/Users/eunic/OneDrive/Documents/GitHub/proj_bureaucrats_farms/figures/ex
ploratory_analysis/protest_original_controls_fe_sweep/protest_original_fe32_con
trols_never_did_interaction_rural_acpop_all_1.png>
Package pdftex.def Info: C:/Users/eunic/OneDrive/Documents/GitHub/proj_bureaucr
ats_farms/figures/exploratory_analysis/protest_original_controls_fe_sweep/prote
st_original_fe32_controls_never_did_interaction_rural_acpop_all_1.png  used on 
input line 1109.
(pdftex.def)             Requested size: 386.35037pt x 231.81734pt.
 [65

 <C:/Users/eunic/OneDrive/Documents/GitHub/proj_bureaucrats_farms/figures/explo
ratory_analysis/protest_original_controls_fe_sweep/protest_original_fe32_contro
ls_never_event_ori.png> <C:/Users/eunic/OneDrive/Documents/GitHub/proj_bureaucr
ats_farms/figures/exploratory_analysis/protest_original_controls_fe_sweep/prote
st_original_fe32_controls_never_event_rotated.png> <C:/Users/eunic/OneDrive/Doc
uments/GitHub/proj_bureaucrats_farms/figures/exploratory_analysis/protest_origi
nal_controls_fe_sweep/protest_original_fe32_controls_never_did_interaction_rura
l_acpop_all_1.png>] [66

]
(protest_original_controls_never_report.aux)
 ***********
LaTeX2e <2023-11-01> patch level 1
L3 programming layer <2024-01-04>
 ***********
Package rerunfilecheck Info: File `protest_original_controls_never_report.out' 
has not changed.
(rerunfilecheck)             Checksum: 40C8A74E78244F64E03695510BF820BD;6209.
 ) 
Here is how much of TeX's memory you used:
 9762 strings out of 474486
 273646 string characters out of 5743755
 1935542 words of memory out of 5000000
 31826 multiletter control sequences out of 15000+600000
 563544 words of font info for 54 fonts, out of 8000000 for 9000
 1141 hyphenation exceptions out of 8191
 75i,7n,79p,517b,449s stack positions out of 10000i,1000n,20000p,200000b,200000s
<C:/Users/eunic/AppData/Local/Programs/MiKTeX/fonts/type1/public/amsfonts/cm/
cmbx10.pfb><C:/Users/eunic/AppData/Local/Programs/MiKTeX/fonts/type1/public/ams
fonts/cm/cmbx12.pfb><C:/Users/eunic/AppData/Local/Programs/MiKTeX/fonts/type1/p
ublic/amsfonts/cm/cmbx9.pfb><C:/Users/eunic/AppData/Local/Programs/MiKTeX/fonts
/type1/public/amsfonts/cm/cmmi7.pfb><C:/Users/eunic/AppData/Local/Programs/MiKT
eX/fonts/type1/public/amsfonts/cm/cmr10.pfb><C:/Users/eunic/AppData/Local/Progr
ams/MiKTeX/fonts/type1/public/amsfonts/cm/cmr12.pfb><C:/Users/eunic/AppData/Loc
al/Programs/MiKTeX/fonts/type1/public/amsfonts/cm/cmr17.pfb><C:/Users/eunic/App
Data/Local/Programs/MiKTeX/fonts/type1/public/amsfonts/cm/cmr7.pfb><C:/Users/eu
nic/AppData/Local/Programs/MiKTeX/fonts/type1/public/amsfonts/cm/cmr9.pfb><C:/U
sers/eunic/AppData/Local/Programs/MiKTeX/fonts/type1/public/amsfonts/cm/cmsy10.
pfb><C:/Users/eunic/AppData/Local/Programs/MiKTeX/fonts/type1/public/amsfonts/c
m/cmsy9.pfb>
Output written on protest_original_controls_never_report.pdf (66 pages, 9082510
 bytes).
PDF statistics:
 688 PDF objects out of 1000 (max. 8388607)
 132 named destinations out of 1000 (max. 500000)
 737 words of extra memory for PDF output out of 10000 (max. 10000000)

