
  ___  ____  ____  ____  ____ ®
 /__    /   ____/   /   ____/      StataNow 19.5
___/   /   /___/   /   /___/       MP—Parallel Edition

 Statistics and Data Science       Copyright 1985-2025 StataCorp LLC
                                   StataCorp
                                   4905 Lakeway Drive
                                   College Station, Texas 77845 USA
                                   800-782-8272        https://www.stata.com
                                   979-696-4600        service@stata.com

Stata license: 4-user 16-core network, expiring 14 Sep 2026
Serial number: 501909301589
  Licensed to: University of Notre Dame
               Notre Dame, IN 46556

Notes:
      1. Stata is running in batch mode.
      2. Unicode is supported; see help unicode_advice.
      3. More than 2 billion observations are allowed; see help obs_advice.
      4. Maximum number of variables is set to 5,000 but can be increased;
          see help set_maxvar.

. do /users/aquisper/proj_bureaucrats_farms/code/_stacked_downup_replication/ex
> ploratory_analysis/protest_original_controls_fe_sweep/_protest_original_contr
> ols_fe_sweep.do 

. *****************************************************************************
> ***
. * Stacked protest sample: 32 FE x 3 control definitions.
. *
. * One invocation receives an FE numlist (normally 1/15 or 16/32) and one
. * control definition. For every FE it estimates:
. *   1. Event study, relative years -8,...,1, omitting -1.
. *   2. DiD interaction post x treat x downup_ac_pop.
. *****************************************************************************
> ***
. 
. version 17

. set processors 5
    The maximum number of processors or cores being used is changed from 16
    to 5.  It can be set to any number between 1 and 16

. args fe_arg control_arg

. 
. local fe_env : environment PROTEST_FE_LIST

. local control_env : environment PROTEST_CONTROL_SAMPLE

. local sample_env : environment ANALYSIS_SAMPLE_SUFFIX

. 
. if "$root" == "" {
.     clear all
.     set more off
.     global location     "shell"
.     global sample       "`sample_env'"
.     global is_rural_var "is_rural"
.     global fe_list      "1/15"
.     global ster_suffix  "_acpop"
.     global shell "/groups/sgulzar/sa_fires/proj_bureaucrats_farms"
.     global dbox  "C:/Users/eunic/Dropbox/sa_fires/proj_bureaucrats_farms"
.     global code_shell "/users/aquisper/proj_bureaucrats_farms/code/_stacked_d
> ownup_replication"
.     global code_dbox "C:/Users/eunic/OneDrive/Documents/GitHub/proj_bureaucra
> ts_farms/code/_stacked_downup_replication"
.     if "$location" == "dbox" {
.         global root "$dbox"
.         global code "$code_dbox"
.     }
.     else {
.         global root "$shell"
.         global code "$code_shell"
.     }
. }

. 
. if "`fe_arg'" != "" global fe_list "`fe_arg'"

. else if "`fe_env'" != "" global fe_list "`fe_env'"

. 
. local control_sample "`control_arg'"

. if "`control_sample'" == "" local control_sample "`control_env'"

. if "`control_sample'" == "" local control_sample "never"

. if !inlist("`control_sample'", "never", "both", "notyet") {
.     display as error "Control sample must be never, both, or notyet."
.     exit 198
. }

. foreach selected_fe of numlist $fe_list {
  2.     if !inrange(`selected_fe', 1, 32) {
  3.         display as error "Every FE id must be from 1 through 32."
  4.         exit 198
  5.     }
  6. }

. 
. global int_data "${root}/data_output/intermediate"

. global tables_root "${code}/../../tables"

. global tables "${tables_root}/exploratory_analysis/protest_original_controls_
> fe_sweep"

. global figures_root "${code}/../../figures"

. global figures "${figures_root}/exploratory_analysis/protest_original_control
> s_fe_sweep"

. if "${sample}" == "_sample" {
.     global tables "${tables}/sample"
.     global figures "${figures}/sample"
. }

. capture mkdir "${tables_root}/exploratory_analysis"

. capture mkdir "${tables}"

. capture mkdir "${figures_root}/exploratory_analysis"

. capture mkdir "${figures}"

. 
. local input_file "${int_data}/stacked_data_protest5km${sample}.csv"

. confirm file "`input_file'"

. import delimited using "`input_file'", clear varnames(1)
(encoding automatically selected: ISO-8859-1)
(22 vars, 257,040,986 obs)

. 
. capture confirm variable relative_year_bin

. if _rc {
.     confirm variable relative_year
.     rename relative_year relative_year_bin
. }

. local required unique_small_grid_id province ac_uq_id count month year ///
>     monthyear downup_ac_pop av_wind_speed wind_direction election_year ///
>     yeargov treat cohort relative_year_bin control_type

. foreach variable of local required {
  2.     confirm variable `variable'
  3. }

. assert control_type == 0 if treat == 1

. assert inlist(control_type, 1, 2) if treat == 0

. 
. gen double countk = count * 1000

. merge m:1 unique_small_grid_id using ///
>     "${int_data}/ghs_grid_classification_2000.dta", ///
>     keep(master match) keepusing(is_rural)

    Result                      Number of obs
    -----------------------------------------
    Not matched                             0
    Matched                       257,040,986  (_merge==3)
    -----------------------------------------

. count if _merge == 1
  0

. display as text "Rows without rural classification: " r(N)
Rows without rural classification: 0

. drop _merge

. keep if ${is_rural_var} == 1
(56,924,924 observations deleted)

. keep if year < 2022 | (year == 2022 & month <= 8)
(36,592,248 observations deleted)

. 
. if "`control_sample'" == "never" {
.     keep if treat == 1 | control_type == 1
. }

. else if "`control_sample'" == "notyet" {
.     keep if treat == 1 | control_type == 2
(155,808,360 observations deleted)
.     display as error "CAUTION: control_type 2 is the legacy partial-zero-spel
> l group."
CAUTION: control_type 2 is the legacy partial-zero-spell group.
. }

. 
. gen byte fe_complete = 1

. local complete_vars unique_small_grid_id province ac_uq_id month year ///
>     monthyear election_year yeargov cohort countk downup_ac_pop ///
>     av_wind_speed wind_direction treat relative_year_bin control_type

. foreach variable of local complete_vars {
  2.     replace fe_complete = 0 if missing(`variable')
  3. }
(0 real changes made)
(0 real changes made)
(0 real changes made)
(0 real changes made)
(0 real changes made)
(0 real changes made)
(0 real changes made)
(0 real changes made)
(0 real changes made)
(0 real changes made)
(0 real changes made)
(0 real changes made)
(0 real changes made)
(0 real changes made)
(0 real changes made)
(0 real changes made)

. count if fe_complete == 0
  0

. display as text "Rows removed by common complete-case restriction: " r(N)
Rows removed by common complete-case restriction: 0

. drop if fe_complete == 0
(0 observations deleted)

. drop fe_complete

. 
. egen long unique_small_grid_id_cohort = group(unique_small_grid_id cohort)

. egen long province_cohort = group(province cohort)

. egen long monthyearco = group(month year cohort)

. egen long ac_elec_yr = group(ac_uq_id election_year cohort)

. 
. local fe1  "unique_small_grid_id_cohort"

. local fe2  "unique_small_grid_id_cohort monthyearco"

. local fe3  "unique_small_grid_id_cohort province_cohort#c.monthyear"

. local fe4  "unique_small_grid_id_cohort yeargov"

. local fe5  "unique_small_grid_id_cohort province_cohort#election_year"

. local fe6  "unique_small_grid_id_cohort province_cohort#election_year#yeargov
> "

. local fe7  "unique_small_grid_id_cohort monthyearco province_cohort#c.monthye
> ar"

. local fe8  "unique_small_grid_id_cohort monthyearco yeargov"

. local fe9  "unique_small_grid_id_cohort monthyearco province_cohort#election_
> year"

. local fe10 "unique_small_grid_id_cohort monthyearco province_cohort#election_
> year#yeargov"

. local fe11 "unique_small_grid_id_cohort province_cohort#c.monthyear yeargov"

. local fe12 "unique_small_grid_id_cohort province_cohort#c.monthyear province_
> cohort#election_year"

. local fe13 "unique_small_grid_id_cohort province_cohort#c.monthyear province_
> cohort#election_year#yeargov"

. local fe14 "unique_small_grid_id_cohort yeargov province_cohort#election_year
> "

. local fe15 "unique_small_grid_id_cohort yeargov province_cohort#election_year
> #yeargov"

. local fe16 "unique_small_grid_id_cohort province_cohort#election_year provinc
> e_cohort#election_year#yeargov"

. local fe17 "unique_small_grid_id_cohort monthyearco province_cohort#c.monthye
> ar yeargov"

. local fe18 "unique_small_grid_id_cohort monthyearco province_cohort#c.monthye
> ar province_cohort#election_year"

. local fe19 "unique_small_grid_id_cohort monthyearco province_cohort#c.monthye
> ar province_cohort#election_year#yeargov"

. local fe20 "unique_small_grid_id_cohort monthyearco yeargov province_cohort#e
> lection_year"

. local fe21 "unique_small_grid_id_cohort monthyearco yeargov province_cohort#e
> lection_year#yeargov"

. local fe22 "unique_small_grid_id_cohort monthyearco province_cohort#election_
> year province_cohort#election_year#yeargov"

. local fe23 "unique_small_grid_id_cohort province_cohort#c.monthyear yeargov p
> rovince_cohort#election_year"

. local fe24 "unique_small_grid_id_cohort province_cohort#c.monthyear yeargov p
> rovince_cohort#election_year#yeargov"

. local fe25 "unique_small_grid_id_cohort province_cohort#c.monthyear province_
> cohort#election_year province_cohort#election_year#yeargov"

. local fe26 "unique_small_grid_id_cohort yeargov province_cohort#election_year
>  province_cohort#election_year#yeargov"

. local fe27 "unique_small_grid_id_cohort monthyearco province_cohort#c.monthye
> ar yeargov province_cohort#election_year"

. local fe28 "unique_small_grid_id_cohort monthyearco province_cohort#c.monthye
> ar yeargov province_cohort#election_year#yeargov"

. local fe29 "unique_small_grid_id_cohort monthyearco province_cohort#c.monthye
> ar province_cohort#election_year province_cohort#election_year#yeargov"

. local fe30 "unique_small_grid_id_cohort monthyearco yeargov province_cohort#e
> lection_year province_cohort#election_year#yeargov"

. local fe31 "unique_small_grid_id_cohort province_cohort#c.monthyear yeargov p
> rovince_cohort#election_year province_cohort#election_year#yeargov"

. local fe32 "unique_small_grid_id_cohort monthyearco province_cohort#c.monthye
> ar yeargov province_cohort#election_year province_cohort#election_year#yeargo
> v"

. 
. tempfile full_analysis_sample

. save `full_analysis_sample'
file /tmp/1350684.1.largemem/St2818986.000001 saved as .dta format

. 
. * Prepare the event-study sample once and loop over the requested FEs.
. use `full_analysis_sample', clear

. keep if inrange(relative_year_bin, -8, 1)
(200,399 observations deleted)

. quietly summarize relative_year_bin

. assert r(min) == -8

. assert r(max) == 1

. gen int relative_year_bin_aux = relative_year_bin + 9

. local base = 8

. gen byte moderator = 0

. * local moderators_list moderator downup_ac rice_area_aclvl_ahigh rice_harvar
> ea_aclvl_ahigh rice_prod_aclvl_ahigh
. local moderators_list moderator

. count if treat == 1
  973,251

. local event_n_treated = r(N)

. count if treat == 0
  6,541,804

. local event_n_control = r(N)

. egen byte event_tag_ac = tag(ac_uq_id)

. count if event_tag_ac
  407

. local event_numacs = r(N)

. drop event_tag_ac

. quietly summarize countk if treat == 1 & relative_year_bin <= -1

. local event_ymean = r(mean)

. quietly summarize countk if treat == 1 & relative_year_bin <= -1 & moderator 
> == 1

. local event_ymean2 = r(mean)

. 
. foreach mod of local moderators_list {
  2.     replace moderator = `mod'
  3.     local rhs "ib`base'.relative_year_bin_aux##ib0.treat##ib0.`mod' wind_d
> irection av_wind_speed"
  4.     foreach selected_fe of numlist $fe_list {
  5.         local fespec "`fe`selected_fe''"
  6.         local fe_tag : display %02.0f `selected_fe'
  7.         local fe_tag = strtrim("`fe_tag'")
  8.         local prefix "protest_original_fe`fe_tag'_controls_`control_sample
> '"
  9.         display as result "EVENT controls=`control_sample' FE=`selected_fe
> ': `fespec'"
 10.         est clear
 11.         reghdfejl countk `rhs', absorb(`fespec') vce(cluster ac_elec_yr)
 12.         estadd scalar ymean = `event_ymean'
 13.         estadd scalar ymean2 = `event_ymean2'
 14.         estadd scalar acq = `event_numacs'
 15.         estadd scalar fe_id = `selected_fe'
 16.         estadd scalar n_treated = `event_n_treated'
 17.         estadd scalar n_control = `event_n_control'
 18.         estadd local smpl "Rural"
 19.         estadd local fespec "`fespec'"
 20.         estadd local mod "`mod'"
 21.         estadd local controls "`control_sample'"
 22.         est store evreg1
 23.         local event_out "${tables}/`prefix'_event_rural_acpop_all"
 24.         estwrite evreg1 using "`event_out'.ster", replace
 25.         confirm file "`event_out'.ster"
 26.     }
 27. }
(0 real changes made)
EVENT controls=notyet FE=16: unique_small_grid_id_cohort province_cohort#electi
> on_year province_cohort#election_year#yeargov
(MWFE estimator converged in 10 iterations)

HDFE linear regression with Julia                 Number of obs   =  7,515,055
Absorbing 3 HDFE groups                           F(  20,   9935) =     189.18
Statistics cluster-robust                         Prob > F        =     0.0000
                                                  R-squared       =     0.0992
                                                  Adj R-squared   =     0.0903
Number of clusters (ac_elec_yr) =       9935      Within R-sq.    =     0.0223
                                                  Root MSE        =  1655.9379

                         (Std. err. adjusted for 9,935 clusters in ac_elec_yr)
------------------------------------------------------------------------------
             |               Robust
      countk | Coefficient  std. err.      t    P>|t|     [95% conf. interval]
-------------+----------------------------------------------------------------
relative_y~x |
          1  |  -501.1572    92.7696    -5.40   0.000    -683.0044     -319.31
          2  |   -494.791   80.18968    -6.17   0.000     -651.979   -337.6029
          3  |  -412.8724   65.50417    -6.30   0.000    -541.2739    -284.471
          4  |  -247.5598   55.10782    -4.49   0.000    -355.5823   -139.5373
          5  |  -127.8814   46.68024    -2.74   0.006    -219.3841   -36.37868
          6  |  -40.03305   30.55093    -1.31   0.190    -99.91907    19.85297
          7  |    1.41156   14.92803     0.09   0.925     -27.8504    30.67352
          9  |   136.8183   22.91475     5.97   0.000     91.90076    181.7359
         10  |   233.4157   34.92782     6.68   0.000     164.9501    301.8813
             |
     1.treat |          0  (omitted)
wind_direc~n |  -2.519577   .0425162   -59.26   0.000    -2.602917   -2.436236
av_wind_sp~d |   178.7954    11.7542    15.21   0.000     155.7548     201.836
             |
relative_y~x#|
       treat |
        1 1  |  -16.91111   13.59522    -1.24   0.214    -43.56051    9.738284
        2 1  |  -24.67918   12.55994    -1.96   0.049    -49.29921   -.0591627
        3 1  |  -11.16682   12.55546    -0.89   0.374    -35.77806    13.44443
        4 1  |  -.1013875    13.0556    -0.01   0.994    -25.69301    25.49024
        5 1  |   8.689972   14.14189     0.61   0.539    -19.03099    36.41094
        6 1  |  -7.353669   9.816668    -0.75   0.454    -26.59633    11.88899
        7 1  |   .0407401   11.99024     0.00   0.997    -23.46257    23.54405
        9 1  |    186.551   16.42655    11.36   0.000     154.3516    218.7503
       10 1  |   456.7367   51.09018     8.94   0.000     356.5896    556.8838
------------------------------------------------------------------------------

added scalar:
              e(ymean) =  439.55556

added scalar:
             e(ymean2) =  .

added scalar:
                e(acq) =  407

added scalar:
              e(fe_id) =  16

added scalar:
          e(n_treated) =  973251

added scalar:
          e(n_control) =  6541804

added macro:
               e(smpl) : "Rural"

added macro:
             e(fespec) : "unique_small_grid_id_cohort province_cohort#election_
> year province_cohort#election_year#yeargov"

added macro:
                e(mod) : "moderator"

added macro:
           e(controls) : "notyet"
(saving evreg1)
(file /users/aquisper/proj_bureaucrats_farms/code/_stacked_downup_replication/.
> ./../tables/exploratory_analysis/protest_original_controls_fe_sweep/protest_o
> riginal_fe16_controls_notyet_event_rural_acpop_all.ster saved)
EVENT controls=notyet FE=17: unique_small_grid_id_cohort monthyearco province_c
> ohort#c.monthyear yeargov
(MWFE estimator converged in 46 iterations)

HDFE linear regression with Julia                 Number of obs   =  7,515,055
Absorbing 4 HDFE groups                           F(  11,   9935) =     144.13
Statistics cluster-robust                         Prob > F        =     0.0000
                                                  R-squared       =     0.2818
                                                  Adj R-squared   =     0.2745
Number of clusters (ac_elec_yr) =       9935      Within R-sq.    =     0.0033
                                                  Root MSE        =  1478.7346

                         (Std. err. adjusted for 9,935 clusters in ac_elec_yr)
------------------------------------------------------------------------------
             |               Robust
      countk | Coefficient  std. err.      t    P>|t|     [95% conf. interval]
-------------+----------------------------------------------------------------
relative_y~x |
          1  |          0  (omitted)
          2  |          0  (omitted)
          3  |          0  (omitted)
          4  |          0  (omitted)
          5  |          0  (omitted)
          6  |          0  (omitted)
          7  |          0  (omitted)
          9  |          0  (omitted)
         10  |          0  (omitted)
             |
     1.treat |          0  (omitted)
wind_direc~n |  -1.178173      .0345   -34.15   0.000      -1.2458   -1.110546
av_wind_sp~d |   318.7314   17.97442    17.73   0.000     283.4979    353.9649
             |
relative_y~x#|
       treat |
        1 1  |   5.954548   11.53828     0.52   0.606    -16.66281    28.57191
        2 1  |  -18.70495   11.68103    -1.60   0.109    -41.60213    4.192237
        3 1  |    4.06631   11.52614     0.35   0.724    -18.52726    26.65988
        4 1  |   -8.69345   11.76735    -0.74   0.460    -31.75984    14.37294
        5 1  |   27.59869   12.60079     2.19   0.029     2.898587    52.29879
        6 1  |   12.63495   8.472065     1.49   0.136    -3.972019    29.24191
        7 1  |   30.01927   9.635793     3.12   0.002     11.13116    48.90738
        9 1  |   184.7401    18.2405    10.13   0.000      148.985    220.4951
       10 1  |   710.5149   110.3096     6.44   0.000     494.2858     926.744
------------------------------------------------------------------------------

added scalar:
              e(ymean) =  439.55556

added scalar:
             e(ymean2) =  .

added scalar:
                e(acq) =  407

added scalar:
              e(fe_id) =  17

added scalar:
          e(n_treated) =  973251

added scalar:
          e(n_control) =  6541804

added macro:
               e(smpl) : "Rural"

added macro:
             e(fespec) : "unique_small_grid_id_cohort monthyearco province_coho
> rt#c.monthyear yeargov"

added macro:
                e(mod) : "moderator"

added macro:
           e(controls) : "notyet"
(saving evreg1)
(file /users/aquisper/proj_bureaucrats_farms/code/_stacked_downup_replication/.
> ./../tables/exploratory_analysis/protest_original_controls_fe_sweep/protest_o
> riginal_fe17_controls_notyet_event_rural_acpop_all.ster saved)
EVENT controls=notyet FE=18: unique_small_grid_id_cohort monthyearco province_c
> ohort#c.monthyear province_cohort#election_year
(MWFE estimator converged in 95 iterations)

HDFE linear regression with Julia                 Number of obs   =  7,515,055
Absorbing 4 HDFE groups                           F(  11,   9935) =     143.22
Statistics cluster-robust                         Prob > F        =     0.0000
                                                  R-squared       =     0.2818
                                                  Adj R-squared   =     0.2745
Number of clusters (ac_elec_yr) =       9935      Within R-sq.    =     0.0032
                                                  Root MSE        =  1478.7565

                         (Std. err. adjusted for 9,935 clusters in ac_elec_yr)
------------------------------------------------------------------------------
             |               Robust
      countk | Coefficient  std. err.      t    P>|t|     [95% conf. interval]
-------------+----------------------------------------------------------------
relative_y~x |
          1  |          0  (omitted)
          2  |          0  (omitted)
          3  |          0  (omitted)
          4  |          0  (omitted)
          5  |          0  (omitted)
          6  |          0  (omitted)
          7  |          0  (omitted)
          9  |          0  (omitted)
         10  |          0  (omitted)
             |
     1.treat |          0  (omitted)
wind_direc~n |  -1.167932   .0344932   -33.86   0.000    -1.235546   -1.100318
av_wind_sp~d |   317.5036   17.93854    17.70   0.000     282.3404    352.6668
             |
relative_y~x#|
       treat |
        1 1  |   1.807539   11.75606     0.15   0.878    -21.23672     24.8518
        2 1  |  -19.04168   11.90722    -1.60   0.110    -42.38224     4.29888
        3 1  |   2.893772   11.80225     0.25   0.806    -20.24103    26.02857
        4 1  |  -14.14062   11.97124    -1.18   0.238    -37.60669    9.325444
        5 1  |    22.5466   12.55616     1.80   0.073     -2.06603    47.15923
        6 1  |   11.55061   8.770954     1.32   0.188    -5.642236    28.74346
        7 1  |   32.39241   9.848767     3.29   0.001     13.08683    51.69799
        9 1  |    169.529   18.56582     9.13   0.000     133.1363    205.9218
       10 1  |   702.4357   110.1479     6.38   0.000     486.5234     918.348
------------------------------------------------------------------------------

added scalar:
              e(ymean) =  439.55556

added scalar:
             e(ymean2) =  .

added scalar:
                e(acq) =  407

added scalar:
              e(fe_id) =  18

added scalar:
          e(n_treated) =  973251

added scalar:
          e(n_control) =  6541804

added macro:
               e(smpl) : "Rural"

added macro:
             e(fespec) : "unique_small_grid_id_cohort monthyearco province_coho
> rt#c.monthyear province_cohort#election_year"

added macro:
                e(mod) : "moderator"

added macro:
           e(controls) : "notyet"
(saving evreg1)
(file /users/aquisper/proj_bureaucrats_farms/code/_stacked_downup_replication/.
> ./../tables/exploratory_analysis/protest_original_controls_fe_sweep/protest_o
> riginal_fe18_controls_notyet_event_rural_acpop_all.ster saved)
EVENT controls=notyet FE=19: unique_small_grid_id_cohort monthyearco province_c
> ohort#c.monthyear province_cohort#election_year#yeargov
(MWFE estimator converged in 157 iterations)

HDFE linear regression with Julia                 Number of obs   =  7,515,055
Absorbing 4 HDFE groups                           F(  11,   9935) =     135.36
Statistics cluster-robust                         Prob > F        =     0.0000
                                                  R-squared       =     0.2841
                                                  Adj R-squared   =     0.2768
Number of clusters (ac_elec_yr) =       9935      Within R-sq.    =     0.0031
                                                  Root MSE        =  1476.4424

                         (Std. err. adjusted for 9,935 clusters in ac_elec_yr)
------------------------------------------------------------------------------
             |               Robust
      countk | Coefficient  std. err.      t    P>|t|     [95% conf. interval]
-------------+----------------------------------------------------------------
relative_y~x |
          1  |          0  (omitted)
          2  |          0  (omitted)
          3  |          0  (omitted)
          4  |          0  (omitted)
          5  |          0  (omitted)
          6  |          0  (omitted)
          7  |          0  (omitted)
          9  |          0  (omitted)
         10  |          0  (omitted)
             |
     1.treat |          0  (omitted)
wind_direc~n |  -1.160481   .0356292   -32.57   0.000    -1.230321    -1.09064
av_wind_sp~d |    308.087   17.78355    17.32   0.000     273.2276    342.9463
             |
relative_y~x#|
       treat |
        1 1  |  -4.970983   11.94676    -0.42   0.677    -28.38905    18.44708
        2 1  |  -7.175559   11.83194    -0.61   0.544    -30.36856    16.01744
        3 1  |   3.335261    11.5684     0.29   0.773    -19.34115    26.01168
        4 1  |  -.1967896   11.56765    -0.02   0.986    -22.87173    22.47815
        5 1  |   26.28909   12.77018     2.06   0.040     1.256945    51.32124
        6 1  |   13.54666   8.812137     1.54   0.124    -3.726917    30.82024
        7 1  |    27.1932   9.826461     2.77   0.006      7.93134    46.45505
        9 1  |    183.094   18.38616     9.96   0.000     147.0534    219.1346
       10 1  |   799.8366   113.5865     7.04   0.000      577.184    1022.489
------------------------------------------------------------------------------

added scalar:
              e(ymean) =  439.55556

added scalar:
             e(ymean2) =  .

added scalar:
                e(acq) =  407

added scalar:
              e(fe_id) =  19

added scalar:
          e(n_treated) =  973251

added scalar:
          e(n_control) =  6541804

added macro:
               e(smpl) : "Rural"

added macro:
             e(fespec) : "unique_small_grid_id_cohort monthyearco province_coho
> rt#c.monthyear province_cohort#election_year#yeargov"

added macro:
                e(mod) : "moderator"

added macro:
           e(controls) : "notyet"
(saving evreg1)
(file /users/aquisper/proj_bureaucrats_farms/code/_stacked_downup_replication/.
> ./../tables/exploratory_analysis/protest_original_controls_fe_sweep/protest_o
> riginal_fe19_controls_notyet_event_rural_acpop_all.ster saved)
EVENT controls=notyet FE=20: unique_small_grid_id_cohort monthyearco yeargov pr
> ovince_cohort#election_year
(MWFE estimator converged in 53 iterations)

HDFE linear regression with Julia                 Number of obs   =  7,515,055
Absorbing 4 HDFE groups                           F(  11,   9935) =     142.89
Statistics cluster-robust                         Prob > F        =     0.0000
                                                  R-squared       =     0.2820
                                                  Adj R-squared   =     0.2747
Number of clusters (ac_elec_yr) =       9935      Within R-sq.    =     0.0033
                                                  Root MSE        =  1478.5459

                         (Std. err. adjusted for 9,935 clusters in ac_elec_yr)
------------------------------------------------------------------------------
             |               Robust
      countk | Coefficient  std. err.      t    P>|t|     [95% conf. interval]
-------------+----------------------------------------------------------------
relative_y~x |
          1  |          0  (omitted)
          2  |          0  (omitted)
          3  |          0  (omitted)
          4  |          0  (omitted)
          5  |          0  (omitted)
          6  |          0  (omitted)
          7  |          0  (omitted)
          9  |          0  (omitted)
         10  |          0  (omitted)
             |
     1.treat |          0  (omitted)
wind_direc~n |  -1.168984   .0346027   -33.78   0.000    -1.236812   -1.101156
av_wind_sp~d |   319.2669   17.93371    17.80   0.000     284.1132    354.4206
             |
relative_y~x#|
       treat |
        1 1  |   12.61111   11.47668     1.10   0.272    -9.885505    35.10773
        2 1  |  -14.75956   11.74574    -1.26   0.209     -37.7836    8.264482
        3 1  |   6.726185   11.69073     0.58   0.565    -16.19002    29.64239
        4 1  |  -4.736564   11.67765    -0.41   0.685    -27.62712      18.154
        5 1  |   33.79338   12.47457     2.71   0.007     9.340698    58.24607
        6 1  |   17.89684   8.614603     2.08   0.038     1.010467     34.7832
        7 1  |   32.52457   9.775991     3.33   0.001     13.36165     51.6875
        9 1  |    176.725   18.43719     9.59   0.000     140.5843    212.8656
       10 1  |   696.5132   110.5819     6.30   0.000     479.7503    913.2761
------------------------------------------------------------------------------

added scalar:
              e(ymean) =  439.55556

added scalar:
             e(ymean2) =  .

added scalar:
                e(acq) =  407

added scalar:
              e(fe_id) =  20

added scalar:
          e(n_treated) =  973251

added scalar:
          e(n_control) =  6541804

added macro:
               e(smpl) : "Rural"

added macro:
             e(fespec) : "unique_small_grid_id_cohort monthyearco yeargov provi
> nce_cohort#election_year"

added macro:
                e(mod) : "moderator"

added macro:
           e(controls) : "notyet"
(saving evreg1)
(file /users/aquisper/proj_bureaucrats_farms/code/_stacked_downup_replication/.
> ./../tables/exploratory_analysis/protest_original_controls_fe_sweep/protest_o
> riginal_fe20_controls_notyet_event_rural_acpop_all.ster saved)
EVENT controls=notyet FE=21: unique_small_grid_id_cohort monthyearco yeargov pr
> ovince_cohort#election_year#yeargov
(MWFE estimator converged in 131 iterations)

HDFE linear regression with Julia                 Number of obs   =  7,515,055
Absorbing 4 HDFE groups                           F(  11,   9935) =     135.36
Statistics cluster-robust                         Prob > F        =     0.0000
                                                  R-squared       =     0.2841
                                                  Adj R-squared   =     0.2768
Number of clusters (ac_elec_yr) =       9935      Within R-sq.    =     0.0031
                                                  Root MSE        =  1476.4361

                         (Std. err. adjusted for 9,935 clusters in ac_elec_yr)
------------------------------------------------------------------------------
             |               Robust
      countk | Coefficient  std. err.      t    P>|t|     [95% conf. interval]
-------------+----------------------------------------------------------------
relative_y~x |
          1  |          0  (omitted)
          2  |          0  (omitted)
          3  |          0  (omitted)
          4  |          0  (omitted)
          5  |          0  (omitted)
          6  |          0  (omitted)
          7  |          0  (omitted)
          9  |          0  (omitted)
         10  |          0  (omitted)
             |
     1.treat |          0  (omitted)
wind_direc~n |  -1.160507   .0356292   -32.57   0.000    -1.230347   -1.090666
av_wind_sp~d |   308.0813   17.78319    17.32   0.000     273.2227      342.94
             |
relative_y~x#|
       treat |
        1 1  |  -4.977738   11.94674    -0.42   0.677    -28.39577    18.44029
        2 1  |  -7.181792   11.83193    -0.61   0.544    -30.37477    16.01119
        3 1  |   3.329035   11.56841     0.29   0.774    -19.34739    26.00546
        4 1  |  -.2029972   11.56751    -0.02   0.986    -22.87767    22.47168
        5 1  |   26.28273   12.77043     2.06   0.040     1.250103    51.31535
        6 1  |   13.54024   8.812172     1.54   0.124      -3.7334    30.81389
        7 1  |   27.18689   9.826527     2.77   0.006     7.924909    46.44888
        9 1  |   183.0885   18.38624     9.96   0.000     147.0478    219.1293
       10 1  |   799.8394   113.5865     7.04   0.000     577.1869    1022.492
------------------------------------------------------------------------------

added scalar:
              e(ymean) =  439.55556

added scalar:
             e(ymean2) =  .

added scalar:
                e(acq) =  407

added scalar:
              e(fe_id) =  21

added scalar:
          e(n_treated) =  973251

added scalar:
          e(n_control) =  6541804

added macro:
               e(smpl) : "Rural"

added macro:
             e(fespec) : "unique_small_grid_id_cohort monthyearco yeargov provi
> nce_cohort#election_year#yeargov"

added macro:
                e(mod) : "moderator"

added macro:
           e(controls) : "notyet"
(saving evreg1)
(file /users/aquisper/proj_bureaucrats_farms/code/_stacked_downup_replication/.
> ./../tables/exploratory_analysis/protest_original_controls_fe_sweep/protest_o
> riginal_fe21_controls_notyet_event_rural_acpop_all.ster saved)
EVENT controls=notyet FE=22: unique_small_grid_id_cohort monthyearco province_c
> ohort#election_year province_cohort#election_year#yeargov
(MWFE estimator converged in 131 iterations)

HDFE linear regression with Julia                 Number of obs   =  7,515,055
Absorbing 4 HDFE groups                           F(  11,   9935) =     135.36
Statistics cluster-robust                         Prob > F        =     0.0000
                                                  R-squared       =     0.2841
                                                  Adj R-squared   =     0.2768
Number of clusters (ac_elec_yr) =       9935      Within R-sq.    =     0.0031
                                                  Root MSE        =  1476.4567

                         (Std. err. adjusted for 9,935 clusters in ac_elec_yr)
------------------------------------------------------------------------------
             |               Robust
      countk | Coefficient  std. err.      t    P>|t|     [95% conf. interval]
-------------+----------------------------------------------------------------
relative_y~x |
          1  |          0  (omitted)
          2  |          0  (omitted)
          3  |          0  (omitted)
          4  |          0  (omitted)
          5  |          0  (omitted)
          6  |          0  (omitted)
          7  |          0  (omitted)
          9  |          0  (omitted)
         10  |          0  (omitted)
             |
     1.treat |          0  (omitted)
wind_direc~n |  -1.160507   .0356297   -32.57   0.000    -1.230348   -1.090665
av_wind_sp~d |   308.0813   17.78346    17.32   0.000     273.2221    342.9405
             |
relative_y~x#|
       treat |
        1 1  |  -4.977692   11.94685    -0.42   0.677    -28.39593    18.44055
        2 1  |   -7.18177   11.83194    -0.61   0.544    -30.37478    16.01124
        3 1  |   3.329052    11.5685     0.29   0.774    -19.34756    26.00566
        4 1  |  -.2029192   11.56764    -0.02   0.986    -22.87783    22.47199
        5 1  |   26.28283   12.77056     2.06   0.040     1.249945    51.31571
        6 1  |   13.54028   8.812264     1.54   0.124    -3.733542    30.81411
        7 1  |   27.18694   9.826732     2.77   0.006     7.924551    46.44933
        9 1  |   183.0886   18.38649     9.96   0.000     147.0474    219.1299
       10 1  |   799.8395    113.587     7.04   0.000      577.186    1022.493
------------------------------------------------------------------------------

added scalar:
              e(ymean) =  439.55556

added scalar:
             e(ymean2) =  .

added scalar:
                e(acq) =  407

added scalar:
              e(fe_id) =  22

added scalar:
          e(n_treated) =  973251

added scalar:
          e(n_control) =  6541804

added macro:
               e(smpl) : "Rural"

added macro:
             e(fespec) : "unique_small_grid_id_cohort monthyearco province_coho
> rt#election_year province_cohort#election_year#yeargov"

added macro:
                e(mod) : "moderator"

added macro:
           e(controls) : "notyet"
(saving evreg1)
(file /users/aquisper/proj_bureaucrats_farms/code/_stacked_downup_replication/.
> ./../tables/exploratory_analysis/protest_original_controls_fe_sweep/protest_o
> riginal_fe22_controls_notyet_event_rural_acpop_all.ster saved)
EVENT controls=notyet FE=23: unique_small_grid_id_cohort province_cohort#c.mont
> hyear yeargov province_cohort#election_year
(MWFE estimator converged in 51 iterations)

HDFE linear regression with Julia                 Number of obs   =  7,515,055
Absorbing 4 HDFE groups                           F(  20,   9935) =     190.03
Statistics cluster-robust                         Prob > F        =     0.0000
                                                  R-squared       =     0.0968
                                                  Adj R-squared   =     0.0878
Number of clusters (ac_elec_yr) =       9935      Within R-sq.    =     0.0220
                                                  Root MSE        =  1658.1548

                         (Std. err. adjusted for 9,935 clusters in ac_elec_yr)
------------------------------------------------------------------------------
             |               Robust
      countk | Coefficient  std. err.      t    P>|t|     [95% conf. interval]
-------------+----------------------------------------------------------------
relative_y~x |
          1  |  -1045.366   140.3794    -7.45   0.000    -1320.539   -770.1942
          2  |  -980.0421   122.1776    -8.02   0.000    -1219.535   -740.5492
          3  |  -859.4145   100.4042    -8.56   0.000    -1056.227   -662.6019
          4  |  -615.7314    81.9799    -7.51   0.000    -776.4286   -455.0342
          5  |  -433.5336   58.81106    -7.37   0.000    -548.8152    -318.252
          6  |  -328.5676   40.05047    -8.20   0.000    -407.0746   -250.0605
          7  |  -183.0882    19.7732    -9.26   0.000    -221.8477   -144.3288
          9  |   147.8482   24.05544     6.15   0.000     100.6946    195.0017
         10  |   150.6613   40.22845     3.75   0.000     71.80534    229.5172
             |
     1.treat |          0  (omitted)
wind_direc~n |  -2.476594   .0418353   -59.20   0.000    -2.558599   -2.394588
av_wind_sp~d |   143.2841   10.77785    13.29   0.000     122.1574    164.4109
             |
relative_y~x#|
       treat |
        1 1  |  -13.70151   12.99216    -1.05   0.292    -39.16878    11.76576
        2 1  |  -22.91493   12.65615    -1.81   0.070    -47.72355    1.893694
        3 1  |  -6.445078   12.47237    -0.52   0.605    -30.89345     18.0033
        4 1  |   21.43922   13.04369     1.64   0.100    -4.129058     47.0075
        5 1  |  -4.912337   13.98249    -0.35   0.725    -32.32084    22.49617
        6 1  |   1.384554   9.357409     0.15   0.882    -16.95786    19.72697
        7 1  |   6.550799   11.07324     0.59   0.554    -15.15499    28.25659
        9 1  |    110.398    15.6062     7.07   0.000     79.80669    140.9893
       10 1  |   331.5172   40.00419     8.29   0.000     253.1009    409.9336
------------------------------------------------------------------------------

added scalar:
              e(ymean) =  439.55556

added scalar:
             e(ymean2) =  .

added scalar:
                e(acq) =  407

added scalar:
              e(fe_id) =  23

added scalar:
          e(n_treated) =  973251

added scalar:
          e(n_control) =  6541804

added macro:
               e(smpl) : "Rural"

added macro:
             e(fespec) : "unique_small_grid_id_cohort province_cohort#c.monthye
> ar yeargov province_cohort#election_year"

added macro:
                e(mod) : "moderator"

added macro:
           e(controls) : "notyet"
(saving evreg1)
(file /users/aquisper/proj_bureaucrats_farms/code/_stacked_downup_replication/.
> ./../tables/exploratory_analysis/protest_original_controls_fe_sweep/protest_o
> riginal_fe23_controls_notyet_event_rural_acpop_all.ster saved)
EVENT controls=notyet FE=24: unique_small_grid_id_cohort province_cohort#c.mont
> hyear yeargov province_cohort#election_year#yeargov
(MWFE estimator converged in 32 iterations)

HDFE linear regression with Julia                 Number of obs   =  7,515,055
Absorbing 4 HDFE groups                           F(  20,   9935) =     182.21
Statistics cluster-robust                         Prob > F        =     0.0000
                                                  R-squared       =     0.1026
                                                  Adj R-squared   =     0.0937
Number of clusters (ac_elec_yr) =       9935      Within R-sq.    =     0.0260
                                                  Root MSE        =  1652.8356

                         (Std. err. adjusted for 9,935 clusters in ac_elec_yr)
------------------------------------------------------------------------------
             |               Robust
      countk | Coefficient  std. err.      t    P>|t|     [95% conf. interval]
-------------+----------------------------------------------------------------
relative_y~x |
          1  |  -2088.997   207.9673   -10.04   0.000    -2496.655   -1681.339
          2  |  -1861.114   178.9336   -10.40   0.000     -2211.86   -1510.368
          3  |  -1552.883   146.4791   -10.60   0.000    -1840.012   -1265.754
          4  |   -1156.78   116.9483    -9.89   0.000    -1386.022   -927.5373
          5  |  -816.3123    86.8126    -9.40   0.000    -986.4826   -646.1419
          6  |  -499.2676   57.42549    -8.69   0.000    -611.8332    -386.702
          7  |   -230.365   28.03565    -8.22   0.000    -285.3205   -175.4094
          9  |   336.8207   34.59245     9.74   0.000     269.0125    404.6289
         10  |   579.3071   55.08457    10.52   0.000     471.3301     687.284
             |
     1.treat |          0  (omitted)
wind_direc~n |  -2.769881    .047735   -58.03   0.000    -2.863452   -2.676311
av_wind_sp~d |   169.3766   11.79787    14.36   0.000     146.2504    192.5028
             |
relative_y~x#|
       treat |
        1 1  |  -7.909483   13.72739    -0.58   0.565    -34.81796    18.99899
        2 1  |  -14.99388   12.59946    -1.19   0.234    -39.69138    9.703621
        3 1  |  -.3858165   12.54465    -0.03   0.975    -24.97588    24.20425
        4 1  |   9.848767   13.16896     0.75   0.455    -15.96506    35.66259
        5 1  |   19.46446   14.27518     1.36   0.173    -8.517799    47.44671
        6 1  |   2.190486   9.824261     0.22   0.824    -17.06706    21.44803
        7 1  |   10.88885   11.76168     0.93   0.355    -12.16642    33.94413
        9 1  |   243.7895   17.14137    14.22   0.000     210.1889    277.3901
       10 1  |   613.3162   54.70684    11.21   0.000     506.0797    720.5527
------------------------------------------------------------------------------

added scalar:
              e(ymean) =  439.55556

added scalar:
             e(ymean2) =  .

added scalar:
                e(acq) =  407

added scalar:
              e(fe_id) =  24

added scalar:
          e(n_treated) =  973251

added scalar:
          e(n_control) =  6541804

added macro:
               e(smpl) : "Rural"

added macro:
             e(fespec) : "unique_small_grid_id_cohort province_cohort#c.monthye
> ar yeargov province_cohort#election_year#yeargov"

added macro:
                e(mod) : "moderator"

added macro:
           e(controls) : "notyet"
(saving evreg1)
(file /users/aquisper/proj_bureaucrats_farms/code/_stacked_downup_replication/.
> ./../tables/exploratory_analysis/protest_original_controls_fe_sweep/protest_o
> riginal_fe24_controls_notyet_event_rural_acpop_all.ster saved)
EVENT controls=notyet FE=25: unique_small_grid_id_cohort province_cohort#c.mont
> hyear province_cohort#election_year province_cohort#election_year#yeargov
(MWFE estimator converged in 31 iterations)

HDFE linear regression with Julia                 Number of obs   =  7,515,055
Absorbing 4 HDFE groups                           F(  20,   9935) =     181.97
Statistics cluster-robust                         Prob > F        =     0.0000
                                                  R-squared       =     0.1026
                                                  Adj R-squared   =     0.0936
Number of clusters (ac_elec_yr) =       9935      Within R-sq.    =     0.0259
                                                  Root MSE        =  1652.8817

                         (Std. err. adjusted for 9,935 clusters in ac_elec_yr)
------------------------------------------------------------------------------
             |               Robust
      countk | Coefficient  std. err.      t    P>|t|     [95% conf. interval]
-------------+----------------------------------------------------------------
relative_y~x |
          1  |  -2083.498   208.5806    -9.99   0.000    -2492.358   -1674.637
          2  |  -1856.675    179.476   -10.34   0.000    -2208.484   -1504.866
          3  |  -1549.118   146.9358   -10.54   0.000    -1837.142   -1261.094
          4  |  -1153.694   117.3148    -9.83   0.000    -1383.655   -923.7335
          5  |  -813.8677   87.08481    -9.35   0.000    -984.5716   -643.1638
          6  |  -497.4984   57.60099    -8.64   0.000     -610.408   -384.5887
          7  |  -229.2766    28.1223    -8.15   0.000     -284.402   -174.1511
          9  |   338.4188   34.64726     9.77   0.000     270.5031    406.3344
         10  |   579.3871   55.24602    10.49   0.000     471.0937    687.6805
             |
     1.treat |          0  (omitted)
wind_direc~n |  -2.768898   .0477278   -58.01   0.000    -2.862454   -2.675341
av_wind_sp~d |   169.4654   11.80716    14.35   0.000     146.3209    192.6098
             |
relative_y~x#|
       treat |
        1 1  |  -15.43358    13.7133    -1.13   0.260    -42.31443    11.44727
        2 1  |  -18.81089   12.62289    -1.49   0.136    -43.55432    5.932542
        3 1  |   -4.09884   12.55342    -0.33   0.744    -28.70608     20.5084
        4 1  |   6.142144   13.12149     0.47   0.640    -19.57864    31.86293
        5 1  |   15.75477   14.23476     1.11   0.268    -12.14825    43.65779
        6 1  |  -1.511332   9.790866    -0.15   0.877    -20.70341    17.68075
        7 1  |   7.285736   11.71399     0.62   0.534    -15.67605    30.24752
        9 1  |    236.245    17.1797    13.75   0.000     202.5693    269.9207
       10 1  |   611.4385   54.78548    11.16   0.000     504.0478    718.8291
------------------------------------------------------------------------------

added scalar:
              e(ymean) =  439.55556

added scalar:
             e(ymean2) =  .

added scalar:
                e(acq) =  407

added scalar:
              e(fe_id) =  25

added scalar:
          e(n_treated) =  973251

added scalar:
          e(n_control) =  6541804

added macro:
               e(smpl) : "Rural"

added macro:
             e(fespec) : "unique_small_grid_id_cohort province_cohort#c.monthye
> ar province_cohort#election_year province_cohort#election_year#yeargov"

added macro:
                e(mod) : "moderator"

added macro:
           e(controls) : "notyet"
(saving evreg1)
(file /users/aquisper/proj_bureaucrats_farms/code/_stacked_downup_replication/.
> ./../tables/exploratory_analysis/protest_original_controls_fe_sweep/protest_o
> riginal_fe25_controls_notyet_event_rural_acpop_all.ster saved)
EVENT controls=notyet FE=26: unique_small_grid_id_cohort yeargov province_cohor
> t#election_year province_cohort#election_year#yeargov
(MWFE estimator converged in 12 iterations)

HDFE linear regression with Julia                 Number of obs   =  7,515,055
Absorbing 4 HDFE groups                           F(  20,   9935) =     189.18
Statistics cluster-robust                         Prob > F        =     0.0000
                                                  R-squared       =     0.0992
                                                  Adj R-squared   =     0.0903
Number of clusters (ac_elec_yr) =       9935      Within R-sq.    =     0.0223
                                                  Root MSE        =  1655.9385

                         (Std. err. adjusted for 9,935 clusters in ac_elec_yr)
------------------------------------------------------------------------------
             |               Robust
      countk | Coefficient  std. err.      t    P>|t|     [95% conf. interval]
-------------+----------------------------------------------------------------
relative_y~x |
          1  |  -501.1572   92.76959    -5.40   0.000    -683.0044     -319.31
          2  |   -494.791   80.18966    -6.17   0.000     -651.979    -337.603
          3  |  -412.8724   65.50415    -6.30   0.000    -541.2739    -284.471
          4  |  -247.5598   55.10779    -4.49   0.000    -355.5823   -139.5374
          5  |  -127.8814   46.68022    -2.74   0.006    -219.3841   -36.37873
          6  |  -40.03305   30.55092    -1.31   0.190    -99.91905    19.85294
          7  |    1.41156   14.92802     0.09   0.925    -27.85039    30.67351
          9  |   136.8183   22.91476     5.97   0.000     91.90074    181.7359
         10  |   233.4157   34.92782     6.68   0.000     164.9501    301.8813
             |
     1.treat |          0  (omitted)
wind_direc~n |  -2.519577   .0425162   -59.26   0.000    -2.602917   -2.436236
av_wind_sp~d |   178.7954    11.7542    15.21   0.000     155.7548     201.836
             |
relative_y~x#|
       treat |
        1 1  |  -16.91111   13.59523    -1.24   0.214    -43.56052    9.738291
        2 1  |  -24.67918   12.55992    -1.96   0.049    -49.29918   -.0591908
        3 1  |  -11.16682   12.55545    -0.89   0.374    -35.77804    13.44441
        4 1  |  -.1013874    13.0556    -0.01   0.994      -25.693    25.49023
        5 1  |   8.689972   14.14186     0.61   0.539    -19.03094    36.41088
        6 1  |  -7.353669   9.816702    -0.75   0.454     -26.5964    11.88906
        7 1  |   .0407402   11.99026     0.00   0.997    -23.46259    23.54407
        9 1  |    186.551   16.42655    11.36   0.000     154.3516    218.7503
       10 1  |   456.7367   51.09014     8.94   0.000     356.5896    556.8837
------------------------------------------------------------------------------

added scalar:
              e(ymean) =  439.55556

added scalar:
             e(ymean2) =  .

added scalar:
                e(acq) =  407

added scalar:
              e(fe_id) =  26

added scalar:
          e(n_treated) =  973251

added scalar:
          e(n_control) =  6541804

added macro:
               e(smpl) : "Rural"

added macro:
             e(fespec) : "unique_small_grid_id_cohort yeargov province_cohort#e
> lection_year province_cohort#election_year#yeargov"

added macro:
                e(mod) : "moderator"

added macro:
           e(controls) : "notyet"
(saving evreg1)
(file /users/aquisper/proj_bureaucrats_farms/code/_stacked_downup_replication/.
> ./../tables/exploratory_analysis/protest_original_controls_fe_sweep/protest_o
> riginal_fe26_controls_notyet_event_rural_acpop_all.ster saved)
EVENT controls=notyet FE=27: unique_small_grid_id_cohort monthyearco province_c
> ohort#c.monthyear yeargov province_cohort#election_year
(MWFE estimator converged in 116 iterations)

HDFE linear regression with Julia                 Number of obs   =  7,515,055
Absorbing 5 HDFE groups                           F(  11,   9935) =     142.27
Statistics cluster-robust                         Prob > F        =     0.0000
                                                  R-squared       =     0.2820
                                                  Adj R-squared   =     0.2747
Number of clusters (ac_elec_yr) =       9935      Within R-sq.    =     0.0032
                                                  Root MSE        =  1478.5707

                         (Std. err. adjusted for 9,935 clusters in ac_elec_yr)
------------------------------------------------------------------------------
             |               Robust
      countk | Coefficient  std. err.      t    P>|t|     [95% conf. interval]
-------------+----------------------------------------------------------------
relative_y~x |
          1  |          0  (omitted)
          2  |          0  (omitted)
          3  |          0  (omitted)
          4  |          0  (omitted)
          5  |          0  (omitted)
          6  |          0  (omitted)
          7  |          0  (omitted)
          9  |          0  (omitted)
         10  |          0  (omitted)
             |
     1.treat |          0  (omitted)
wind_direc~n |  -1.161627   .0345808   -33.59   0.000    -1.229412   -1.093842
av_wind_sp~d |   319.1533   17.93115    17.80   0.000     284.0046    354.3019
             |
relative_y~x#|
       treat |
        1 1  |   1.420115   11.66727     0.12   0.903    -21.45011    24.29034
        2 1  |  -21.83467   11.86737    -1.84   0.066    -45.09712    1.427778
        3 1  |   2.850837   11.72338     0.24   0.808    -20.12937    25.83104
        4 1  |  -15.01391   11.90625    -1.26   0.207    -38.35258    8.324764
        5 1  |   23.94463   12.58667     1.90   0.057    -.7277941    48.61705
        6 1  |   10.22801   8.707388     1.17   0.240    -6.840238    27.29626
        7 1  |    28.9031   9.772982     2.96   0.003      9.74607    48.06012
        9 1  |   170.6733   18.45397     9.25   0.000     134.4998    206.8468
       10 1  |   701.5118   110.5696     6.34   0.000      484.773    918.2506
------------------------------------------------------------------------------

added scalar:
              e(ymean) =  439.55556

added scalar:
             e(ymean2) =  .

added scalar:
                e(acq) =  407

added scalar:
              e(fe_id) =  27

added scalar:
          e(n_treated) =  973251

added scalar:
          e(n_control) =  6541804

added macro:
               e(smpl) : "Rural"

added macro:
             e(fespec) : "unique_small_grid_id_cohort monthyearco province_coho
> rt#c.monthyear yeargov province_cohort#election_year"

added macro:
                e(mod) : "moderator"

added macro:
           e(controls) : "notyet"
(saving evreg1)
(file /users/aquisper/proj_bureaucrats_farms/code/_stacked_downup_replication/.
> ./../tables/exploratory_analysis/protest_original_controls_fe_sweep/protest_o
> riginal_fe27_controls_notyet_event_rural_acpop_all.ster saved)
EVENT controls=notyet FE=28: unique_small_grid_id_cohort monthyearco province_c
> ohort#c.monthyear yeargov province_cohort#election_year#yeargov
(MWFE estimator converged in 140 iterations)

HDFE linear regression with Julia                 Number of obs   =  7,515,055
Absorbing 5 HDFE groups                           F(  11,   9935) =     135.36
Statistics cluster-robust                         Prob > F        =     0.0000
                                                  R-squared       =     0.2841
                                                  Adj R-squared   =     0.2768
Number of clusters (ac_elec_yr) =       9935      Within R-sq.    =     0.0031
                                                  Root MSE        =  1476.4430

                         (Std. err. adjusted for 9,935 clusters in ac_elec_yr)
------------------------------------------------------------------------------
             |               Robust
      countk | Coefficient  std. err.      t    P>|t|     [95% conf. interval]
-------------+----------------------------------------------------------------
relative_y~x |
          1  |          0  (omitted)
          2  |          0  (omitted)
          3  |          0  (omitted)
          4  |          0  (omitted)
          5  |          0  (omitted)
          6  |          0  (omitted)
          7  |          0  (omitted)
          9  |          0  (omitted)
         10  |          0  (omitted)
             |
     1.treat |          0  (omitted)
wind_direc~n |  -1.160481   .0356293   -32.57   0.000    -1.230322    -1.09064
av_wind_sp~d |   308.0872   17.78354    17.32   0.000     273.2278    342.9465
             |
relative_y~x#|
       treat |
        1 1  |   -4.97086   11.94672    -0.42   0.677    -28.38886    18.44714
        2 1  |  -7.175401   11.83186    -0.61   0.544    -30.36826    16.01745
        3 1  |   3.335386   11.56833     0.29   0.773    -19.34088    26.01165
        4 1  |  -.1966796   11.56748    -0.02   0.986    -22.87128    22.47792
        5 1  |   26.28904   12.77041     2.06   0.040     1.256456    51.32163
        6 1  |   13.54665   8.812162     1.54   0.124    -3.726971    30.82028
        7 1  |   27.19319   9.826478     2.77   0.006     7.931301    46.45508
        9 1  |    183.094   18.38603     9.96   0.000     147.0537    219.1344
       10 1  |   799.8366   113.5863     7.04   0.000     577.1844    1022.489
------------------------------------------------------------------------------

added scalar:
              e(ymean) =  439.55556

added scalar:
             e(ymean2) =  .

added scalar:
                e(acq) =  407

added scalar:
              e(fe_id) =  28

added scalar:
          e(n_treated) =  973251

added scalar:
          e(n_control) =  6541804

added macro:
               e(smpl) : "Rural"

added macro:
             e(fespec) : "unique_small_grid_id_cohort monthyearco province_coho
> rt#c.monthyear yeargov province_cohort#election_year#yeargov"

added macro:
                e(mod) : "moderator"

added macro:
           e(controls) : "notyet"
(saving evreg1)
(file /users/aquisper/proj_bureaucrats_farms/code/_stacked_downup_replication/.
> ./../tables/exploratory_analysis/protest_original_controls_fe_sweep/protest_o
> riginal_fe28_controls_notyet_event_rural_acpop_all.ster saved)
EVENT controls=notyet FE=29: unique_small_grid_id_cohort monthyearco province_c
> ohort#c.monthyear province_cohort#election_year province_cohort#election_year
> #yeargov
(MWFE estimator converged in 140 iterations)

HDFE linear regression with Julia                 Number of obs   =  7,515,055
Absorbing 5 HDFE groups                           F(  11,   9935) =     135.35
Statistics cluster-robust                         Prob > F        =     0.0000
                                                  R-squared       =     0.2841
                                                  Adj R-squared   =     0.2768
Number of clusters (ac_elec_yr) =       9935      Within R-sq.    =     0.0031
                                                  Root MSE        =  1476.4636

                         (Std. err. adjusted for 9,935 clusters in ac_elec_yr)
------------------------------------------------------------------------------
             |               Robust
      countk | Coefficient  std. err.      t    P>|t|     [95% conf. interval]
-------------+----------------------------------------------------------------
relative_y~x |
          1  |          0  (omitted)
          2  |          0  (omitted)
          3  |          0  (omitted)
          4  |          0  (omitted)
          5  |          0  (omitted)
          6  |          0  (omitted)
          7  |          0  (omitted)
          9  |          0  (omitted)
         10  |          0  (omitted)
             |
     1.treat |          0  (omitted)
wind_direc~n |  -1.160487   .0356299   -32.57   0.000    -1.230329   -1.090645
av_wind_sp~d |   308.0855   17.78375    17.32   0.000     273.2257    342.9453
             |
relative_y~x#|
       treat |
        1 1  |  -4.972489   11.94681    -0.42   0.677    -28.39066    18.44569
        2 1  |   -7.17695   11.83187    -0.61   0.544    -30.36981    16.01591
        3 1  |   3.333853   11.56844     0.29   0.773    -19.34263    26.01034
        4 1  |   -.198178   11.56757    -0.02   0.986    -22.87297    22.47661
        5 1  |   26.28762   12.77075     2.06   0.040     1.254359    51.32088
        6 1  |   13.54514   8.812275     1.54   0.124    -3.728705    30.81899
        7 1  |   27.19171   9.826712     2.77   0.006     7.929365    46.45406
        9 1  |   183.0927   18.38634     9.96   0.000     147.0517    219.1336
       10 1  |   799.8374   113.5874     7.04   0.000     577.1831    1022.492
------------------------------------------------------------------------------

added scalar:
              e(ymean) =  439.55556

added scalar:
             e(ymean2) =  .

added scalar:
                e(acq) =  407

added scalar:
              e(fe_id) =  29

added scalar:
          e(n_treated) =  973251

added scalar:
          e(n_control) =  6541804

added macro:
               e(smpl) : "Rural"

added macro:
             e(fespec) : "unique_small_grid_id_cohort monthyearco province_coho
> rt#c.monthyear province_cohort#election_year province_cohort#election_year#ye
> argov"

added macro:
                e(mod) : "moderator"

added macro:
           e(controls) : "notyet"
(saving evreg1)
(file /users/aquisper/proj_bureaucrats_farms/code/_stacked_downup_replication/.
> ./../tables/exploratory_analysis/protest_original_controls_fe_sweep/protest_o
> riginal_fe29_controls_notyet_event_rural_acpop_all.ster saved)
EVENT controls=notyet FE=30: unique_small_grid_id_cohort monthyearco yeargov pr
> ovince_cohort#election_year province_cohort#election_year#yeargov
(MWFE estimator converged in 136 iterations)

HDFE linear regression with Julia                 Number of obs   =  7,515,055
Absorbing 5 HDFE groups                           F(  11,   9935) =     135.36
Statistics cluster-robust                         Prob > F        =     0.0000
                                                  R-squared       =     0.2841
                                                  Adj R-squared   =     0.2768
Number of clusters (ac_elec_yr) =       9935      Within R-sq.    =     0.0031
                                                  Root MSE        =  1476.4572

                         (Std. err. adjusted for 9,935 clusters in ac_elec_yr)
------------------------------------------------------------------------------
             |               Robust
      countk | Coefficient  std. err.      t    P>|t|     [95% conf. interval]
-------------+----------------------------------------------------------------
relative_y~x |
          1  |          0  (omitted)
          2  |          0  (omitted)
          3  |          0  (omitted)
          4  |          0  (omitted)
          5  |          0  (omitted)
          6  |          0  (omitted)
          7  |          0  (omitted)
          9  |          0  (omitted)
         10  |          0  (omitted)
             |
     1.treat |          0  (omitted)
wind_direc~n |  -1.160507   .0356298   -32.57   0.000    -1.230348   -1.090665
av_wind_sp~d |   308.0813   17.78343    17.32   0.000     273.2222    342.9405
             |
relative_y~x#|
       treat |
        1 1  |    -4.9776    11.9468    -0.42   0.677    -28.39576    18.44056
        2 1  |  -7.181659   11.83187    -0.61   0.544    -30.37453    16.01121
        3 1  |   3.329141   11.56842     0.29   0.774    -19.34732     26.0056
        4 1  |  -.2028447   11.56752    -0.02   0.986    -22.87754    22.47185
        5 1  |   26.28283   12.77058     2.06   0.040     1.249906    51.31575
        6 1  |   13.54028   8.812235     1.54   0.124    -3.733487    30.81405
        7 1  |   27.18695   9.826753     2.77   0.006     7.924523    46.44938
        9 1  |   183.0886   18.38634     9.96   0.000     147.0476    219.1295
       10 1  |   799.8396   113.5871     7.04   0.000     577.1858    1022.493
------------------------------------------------------------------------------

added scalar:
              e(ymean) =  439.55556

added scalar:
             e(ymean2) =  .

added scalar:
                e(acq) =  407

added scalar:
              e(fe_id) =  30

added scalar:
          e(n_treated) =  973251

added scalar:
          e(n_control) =  6541804

added macro:
               e(smpl) : "Rural"

added macro:
             e(fespec) : "unique_small_grid_id_cohort monthyearco yeargov provi
> nce_cohort#election_year province_cohort#election_year#yeargov"

added macro:
                e(mod) : "moderator"

added macro:
           e(controls) : "notyet"
(saving evreg1)
(file /users/aquisper/proj_bureaucrats_farms/code/_stacked_downup_replication/.
> ./../tables/exploratory_analysis/protest_original_controls_fe_sweep/protest_o
> riginal_fe30_controls_notyet_event_rural_acpop_all.ster saved)
EVENT controls=notyet FE=31: unique_small_grid_id_cohort province_cohort#c.mont
> hyear yeargov province_cohort#election_year province_cohort#election_year#yea
> rgov
(MWFE estimator converged in 36 iterations)

HDFE linear regression with Julia                 Number of obs   =  7,515,055
Absorbing 5 HDFE groups                           F(  20,   9935) =     182.28
Statistics cluster-robust                         Prob > F        =     0.0000
                                                  R-squared       =     0.1026
                                                  Adj R-squared   =     0.0936
Number of clusters (ac_elec_yr) =       9935      Within R-sq.    =     0.0260
                                                  Root MSE        =  1652.8697

                         (Std. err. adjusted for 9,935 clusters in ac_elec_yr)
------------------------------------------------------------------------------
             |               Robust
      countk | Coefficient  std. err.      t    P>|t|     [95% conf. interval]
-------------+----------------------------------------------------------------
relative_y~x |
          1  |  -2090.619   208.3509   -10.03   0.000    -2499.029   -1682.209
          2  |  -1862.453   179.2676   -10.39   0.000    -2213.854   -1511.053
          3  |  -1554.007   146.7604   -10.59   0.000    -1841.687   -1266.326
          4  |    -1157.7    117.174    -9.88   0.000    -1387.385   -928.0153
          5  |       -817   86.97624    -9.39   0.000     -987.491   -646.5089
          6  |  -499.7522   57.53611    -8.69   0.000    -612.5346   -386.9697
          7  |  -230.6401   28.09513    -8.21   0.000    -285.7122   -175.5679
          9  |   336.6513   34.62636     9.72   0.000     268.7766     404.526
         10  |   577.4444   55.14064    10.47   0.000     469.3575    685.5312
             |
     1.treat |          0  (omitted)
wind_direc~n |  -2.769079   .0477114   -58.04   0.000    -2.862603   -2.675555
av_wind_sp~d |   169.9556   11.77051    14.44   0.000      146.883    193.0282
             |
relative_y~x#|
       treat |
        1 1  |  -6.568964   13.73274    -0.48   0.632    -33.48792       20.35
        2 1  |  -14.22076   12.60559    -1.13   0.259    -38.93026    10.48875
        3 1  |   .3679911   12.54851     0.03   0.977    -24.22963    24.96561
        4 1  |   10.60445   13.16989     0.81   0.421     -15.2112     36.4201
        5 1  |   20.21741   14.27526     1.42   0.157    -7.764998    48.19982
        6 1  |   2.946795   9.825524     0.30   0.764    -16.31323    22.20682
        7 1  |    11.6183   11.76549     0.99   0.323    -11.44445    34.68105
        9 1  |   243.5129   17.14291    14.20   0.000     209.9093    277.1165
       10 1  |   612.6585   54.73906    11.19   0.000     505.3589    719.9582
------------------------------------------------------------------------------

added scalar:
              e(ymean) =  439.55556

added scalar:
             e(ymean2) =  .

added scalar:
                e(acq) =  407

added scalar:
              e(fe_id) =  31

added scalar:
          e(n_treated) =  973251

added scalar:
          e(n_control) =  6541804

added macro:
               e(smpl) : "Rural"

added macro:
             e(fespec) : "unique_small_grid_id_cohort province_cohort#c.monthye
> ar yeargov province_cohort#election_year province_cohort#election_year#yeargo
> v"

added macro:
                e(mod) : "moderator"

added macro:
           e(controls) : "notyet"
(saving evreg1)
(file /users/aquisper/proj_bureaucrats_farms/code/_stacked_downup_replication/.
> ./../tables/exploratory_analysis/protest_original_controls_fe_sweep/protest_o
> riginal_fe31_controls_notyet_event_rural_acpop_all.ster saved)
EVENT controls=notyet FE=32: unique_small_grid_id_cohort monthyearco province_c
> ohort#c.monthyear yeargov province_cohort#election_year province_cohort#elect
> ion_year#yeargov
(MWFE estimator converged in 145 iterations)

HDFE linear regression with Julia                 Number of obs   =  7,515,055
Absorbing 6 HDFE groups                           F(  11,   9935) =     135.35
Statistics cluster-robust                         Prob > F        =     0.0000
                                                  R-squared       =     0.2841
                                                  Adj R-squared   =     0.2768
Number of clusters (ac_elec_yr) =       9935      Within R-sq.    =     0.0031
                                                  Root MSE        =  1476.4641

                         (Std. err. adjusted for 9,935 clusters in ac_elec_yr)
------------------------------------------------------------------------------
             |               Robust
      countk | Coefficient  std. err.      t    P>|t|     [95% conf. interval]
-------------+----------------------------------------------------------------
relative_y~x |
          1  |          0  (omitted)
          2  |          0  (omitted)
          3  |          0  (omitted)
          4  |          0  (omitted)
          5  |          0  (omitted)
          6  |          0  (omitted)
          7  |          0  (omitted)
          9  |          0  (omitted)
         10  |          0  (omitted)
             |
     1.treat |          0  (omitted)
wind_direc~n |  -1.160487   .0356299   -32.57   0.000    -1.230329   -1.090646
av_wind_sp~d |   308.0856   17.78371    17.32   0.000     273.2259    342.9453
             |
relative_y~x#|
       treat |
        1 1  |  -4.972445   11.94682    -0.42   0.677    -28.39064    18.44575
        2 1  |  -7.176854   11.83176    -0.61   0.544    -30.36951     16.0158
        3 1  |   3.333922   11.56839     0.29   0.773    -19.34247    26.01032
        4 1  |  -.1981063   11.56748    -0.02   0.986    -22.87272     22.4765
        5 1  |   26.28754   12.77074     2.06   0.040     1.254302    51.32077
        6 1  |   13.54509   8.812308     1.54   0.124    -3.728817      30.819
        7 1  |   27.19166   9.826821     2.77   0.006       7.9291    46.45422
        9 1  |   183.0926   18.38633     9.96   0.000     147.0517    219.1336
       10 1  |   799.8374    113.587     7.04   0.000     577.1839    1022.491
------------------------------------------------------------------------------

added scalar:
              e(ymean) =  439.55556

added scalar:
             e(ymean2) =  .

added scalar:
                e(acq) =  407

added scalar:
              e(fe_id) =  32

added scalar:
          e(n_treated) =  973251

added scalar:
          e(n_control) =  6541804

added macro:
               e(smpl) : "Rural"

added macro:
             e(fespec) : "unique_small_grid_id_cohort monthyearco province_coho
> rt#c.monthyear yeargov province_cohort#election_year province_cohort#election
> _year#yeargov"

added macro:
                e(mod) : "moderator"

added macro:
           e(controls) : "notyet"
(saving evreg1)
(file /users/aquisper/proj_bureaucrats_farms/code/_stacked_downup_replication/.
> ./../tables/exploratory_analysis/protest_original_controls_fe_sweep/protest_o
> riginal_fe32_controls_notyet_event_rural_acpop_all.ster saved)

. 
. * Reload the prepared full sample once and loop over the DiD specifications.
. use `full_analysis_sample', clear

. gen byte post_ = relative_year_bin >= 0

. gen byte moderator = downup_ac_pop

. local moderators_list downup_ac_pop

. count if treat == 1
  1,015,560

. local did_n_treated = r(N)

. count if treat == 0
  6,699,894

. local did_n_control = r(N)

. egen byte did_tag_ac = tag(ac_uq_id)

. count if did_tag_ac
  407

. local did_numacs = r(N)

. drop did_tag_ac

. quietly summarize countk if treat == 1 & relative_year_bin <= -1

. local did_ymean = r(mean)

. quietly summarize countk if treat == 1 & relative_year_bin <= -1 & moderator 
> == 1

. local did_ymean2 = r(mean)

. 
. foreach mod of local moderators_list {
  2.     local rhs "ib0.post_##ib0.treat##ib0.`mod' wind_direction av_wind_spee
> d"
  3.     foreach selected_fe of numlist $fe_list {
  4.         local fespec "`fe`selected_fe''"
  5.         local fe_tag : display %02.0f `selected_fe'
  6.         local fe_tag = strtrim("`fe_tag'")
  7.         local prefix "protest_original_fe`fe_tag'_controls_`control_sample
> '"
  8.         display as result "DID controls=`control_sample' FE=`selected_fe':
>  `fespec'"
  9.         est clear
 10.         reghdfejl countk `rhs', absorb(`fespec') vce(cluster ac_elec_yr)
 11.         estadd scalar ymean = `did_ymean'
 12.         estadd scalar ymean2 = `did_ymean2'
 13.         estadd scalar acq = `did_numacs'
 14.         estadd scalar fe_id = `selected_fe'
 15.         estadd scalar n_treated = `did_n_treated'
 16.         estadd scalar n_control = `did_n_control'
 17.         estadd local smpl "Rural"
 18.         estadd local fespec "`fespec'"
 19.         estadd local mod "`mod'"
 20.         estadd local controls "`control_sample'"
 21.         est store evreg1
 22.         local did_out "${tables}/`prefix'_did_interaction_rural_acpop_all"
 23.         estwrite evreg1 using "`did_out'.ster", replace
 24.         confirm file "`did_out'.ster"
 25.     }
 26. }
DID controls=notyet FE=16: unique_small_grid_id_cohort province_cohort#election
> _year province_cohort#election_year#yeargov
(MWFE estimator converged in 11 iterations)

HDFE linear regression with Julia                 Number of obs   =  7,715,454
Absorbing 3 HDFE groups                           F(   8,   9935) =     447.23
Statistics cluster-robust                         Prob > F        =     0.0000
                                                  R-squared       =     0.0993
                                                  Adj R-squared   =     0.0906
Number of clusters (ac_elec_yr) =       9935      Within R-sq.    =     0.0213
                                                  Root MSE        =  1674.2711

                         (Std. err. adjusted for 9,935 clusters in ac_elec_yr)
------------------------------------------------------------------------------
             |               Robust
      countk | Coefficient  std. err.      t    P>|t|     [95% conf. interval]
-------------+----------------------------------------------------------------
     1.post_ |   131.5087   24.27411     5.42   0.000     83.92648    179.0909
     1.treat |          0  (omitted)
1.downup_a~p |  -24.23951   5.922436    -4.09   0.000    -35.84869   -12.63034
wind_direc~n |  -2.531695   .0428726   -59.05   0.000    -2.615734   -2.447656
av_wind_sp~d |   153.9361   9.304685    16.54   0.000     135.6971    172.1752
             |
 post_#treat |
        1 1  |   248.8391   21.18675    11.75   0.000     207.3088    290.3694
             |
       post_#|
downup_ac_~p |
        1 1  |  -16.60099   12.80538    -1.30   0.195    -41.70212    8.500149
             |
       treat#|
downup_ac_~p |
        1 1  |   15.66992   16.52841     0.95   0.343    -16.72912    48.06897
             |
 post_#treat#|
downup_ac_~p |
      1 1 1  |    8.30057   23.37601     0.36   0.723    -37.52115    54.12229
------------------------------------------------------------------------------

added scalar:
              e(ymean) =  446.2126

added scalar:
             e(ymean2) =  440.21376

added scalar:
                e(acq) =  407

added scalar:
              e(fe_id) =  16

added scalar:
          e(n_treated) =  1015560

added scalar:
          e(n_control) =  6699894

added macro:
               e(smpl) : "Rural"

added macro:
             e(fespec) : "unique_small_grid_id_cohort province_cohort#election_
> year province_cohort#election_year#yeargov"

added macro:
                e(mod) : "downup_ac_pop"

added macro:
           e(controls) : "notyet"
(saving evreg1)
(file /users/aquisper/proj_bureaucrats_farms/code/_stacked_downup_replication/.
> ./../tables/exploratory_analysis/protest_original_controls_fe_sweep/protest_o
> riginal_fe16_controls_notyet_did_interaction_rural_acpop_all.ster saved)
DID controls=notyet FE=17: unique_small_grid_id_cohort monthyearco province_coh
> ort#c.monthyear yeargov
(MWFE estimator converged in 45 iterations)

HDFE linear regression with Julia                 Number of obs   =  7,715,454
Absorbing 4 HDFE groups                           F(   7,   9935) =     229.91
Statistics cluster-robust                         Prob > F        =     0.0000
                                                  R-squared       =     0.2830
                                                  Adj R-squared   =     0.2759
Number of clusters (ac_elec_yr) =       9935      Within R-sq.    =     0.0034
                                                  Root MSE        =  1493.9891

                         (Std. err. adjusted for 9,935 clusters in ac_elec_yr)
------------------------------------------------------------------------------
             |               Robust
      countk | Coefficient  std. err.      t    P>|t|     [95% conf. interval]
-------------+----------------------------------------------------------------
     1.post_ |          0  (omitted)
     1.treat |          0  (omitted)
1.downup_a~p |   -26.8925   5.642823    -4.77   0.000    -37.95358   -15.83142
wind_direc~n |  -1.190472   .0345147   -34.49   0.000    -1.258128   -1.122816
av_wind_sp~d |   334.6713   18.22726    18.36   0.000     298.9422    370.4004
             |
 post_#treat |
        1 1  |   197.2219   20.06524     9.83   0.000       157.89    236.5539
             |
       post_#|
downup_ac_~p |
        1 1  |  -27.94105   12.48489    -2.24   0.025    -52.41396    -3.46814
             |
       treat#|
downup_ac_~p |
        1 1  |   15.81722   15.28468     1.03   0.301    -14.14386     45.7783
             |
 post_#treat#|
downup_ac_~p |
      1 1 1  |   12.72776   22.04355     0.58   0.564    -30.48208    55.93759
------------------------------------------------------------------------------

added scalar:
              e(ymean) =  446.2126

added scalar:
             e(ymean2) =  440.21376

added scalar:
                e(acq) =  407

added scalar:
              e(fe_id) =  17

added scalar:
          e(n_treated) =  1015560

added scalar:
          e(n_control) =  6699894

added macro:
               e(smpl) : "Rural"

added macro:
             e(fespec) : "unique_small_grid_id_cohort monthyearco province_coho
> rt#c.monthyear yeargov"

added macro:
                e(mod) : "downup_ac_pop"

added macro:
           e(controls) : "notyet"
(saving evreg1)
(file /users/aquisper/proj_bureaucrats_farms/code/_stacked_downup_replication/.
> ./../tables/exploratory_analysis/protest_original_controls_fe_sweep/protest_o
> riginal_fe17_controls_notyet_did_interaction_rural_acpop_all.ster saved)
DID controls=notyet FE=18: unique_small_grid_id_cohort monthyearco province_coh
> ort#c.monthyear province_cohort#election_year
(MWFE estimator converged in 101 iterations)

HDFE linear regression with Julia                 Number of obs   =  7,715,454
Absorbing 4 HDFE groups                           F(   7,   9935) =     230.71
Statistics cluster-robust                         Prob > F        =     0.0000
                                                  R-squared       =     0.2829
                                                  Adj R-squared   =     0.2758
Number of clusters (ac_elec_yr) =       9935      Within R-sq.    =     0.0034
                                                  Root MSE        =  1494.0584

                         (Std. err. adjusted for 9,935 clusters in ac_elec_yr)
------------------------------------------------------------------------------
             |               Robust
      countk | Coefficient  std. err.      t    P>|t|     [95% conf. interval]
-------------+----------------------------------------------------------------
     1.post_ |          0  (omitted)
     1.treat |          0  (omitted)
1.downup_a~p |  -26.85514   5.640297    -4.76   0.000    -37.91127   -15.79902
wind_direc~n |  -1.190149   .0345738   -34.42   0.000     -1.25792   -1.122377
av_wind_sp~d |   333.2139   18.17465    18.33   0.000     297.5879    368.8399
             |
 post_#treat |
        1 1  |    190.391   20.11111     9.47   0.000     150.9692    229.8129
             |
       post_#|
downup_ac_~p |
        1 1  |  -28.94026   12.47963    -2.32   0.020    -53.40287   -4.477647
             |
       treat#|
downup_ac_~p |
        1 1  |   16.32192   15.28335     1.07   0.286    -13.63655    46.28038
             |
 post_#treat#|
downup_ac_~p |
      1 1 1  |   13.73305   21.88292     0.63   0.530    -29.16191      56.628
------------------------------------------------------------------------------

added scalar:
              e(ymean) =  446.2126

added scalar:
             e(ymean2) =  440.21376

added scalar:
                e(acq) =  407

added scalar:
              e(fe_id) =  18

added scalar:
          e(n_treated) =  1015560

added scalar:
          e(n_control) =  6699894

added macro:
               e(smpl) : "Rural"

added macro:
             e(fespec) : "unique_small_grid_id_cohort monthyearco province_coho
> rt#c.monthyear province_cohort#election_year"

added macro:
                e(mod) : "downup_ac_pop"

added macro:
           e(controls) : "notyet"
(saving evreg1)
(file /users/aquisper/proj_bureaucrats_farms/code/_stacked_downup_replication/.
> ./../tables/exploratory_analysis/protest_original_controls_fe_sweep/protest_o
> riginal_fe18_controls_notyet_did_interaction_rural_acpop_all.ster saved)
DID controls=notyet FE=19: unique_small_grid_id_cohort monthyearco province_coh
> ort#c.monthyear province_cohort#election_year#yeargov
(MWFE estimator converged in 163 iterations)

HDFE linear regression with Julia                 Number of obs   =  7,715,454
Absorbing 4 HDFE groups                           F(   7,   9935) =     212.96
Statistics cluster-robust                         Prob > F        =     0.0000
                                                  R-squared       =     0.2851
                                                  Adj R-squared   =     0.2779
Number of clusters (ac_elec_yr) =       9935      Within R-sq.    =     0.0032
                                                  Root MSE        =  1491.8878

                         (Std. err. adjusted for 9,935 clusters in ac_elec_yr)
------------------------------------------------------------------------------
             |               Robust
      countk | Coefficient  std. err.      t    P>|t|     [95% conf. interval]
-------------+----------------------------------------------------------------
     1.post_ |          0  (omitted)
     1.treat |          0  (omitted)
1.downup_a~p |  -27.28621    5.67714    -4.81   0.000    -38.41455   -16.15786
wind_direc~n |  -1.165983   .0359488   -32.43   0.000     -1.23645   -1.095516
av_wind_sp~d |   328.0959   18.13584    18.09   0.000      292.546    363.6458
             |
 post_#treat |
        1 1  |   202.5504   19.89955    10.18   0.000     163.5433    241.5576
             |
       post_#|
downup_ac_~p |
        1 1  |  -26.44876   12.17036    -2.17   0.030    -50.30513     -2.5924
             |
       treat#|
downup_ac_~p |
        1 1  |   14.06247   15.28153     0.92   0.357    -15.89243    44.01737
             |
 post_#treat#|
downup_ac_~p |
      1 1 1  |    18.5052   20.53544     0.90   0.368    -21.74843    58.75883
------------------------------------------------------------------------------

added scalar:
              e(ymean) =  446.2126

added scalar:
             e(ymean2) =  440.21376

added scalar:
                e(acq) =  407

added scalar:
              e(fe_id) =  19

added scalar:
          e(n_treated) =  1015560

added scalar:
          e(n_control) =  6699894

added macro:
               e(smpl) : "Rural"

added macro:
             e(fespec) : "unique_small_grid_id_cohort monthyearco province_coho
> rt#c.monthyear province_cohort#election_year#yeargov"

added macro:
                e(mod) : "downup_ac_pop"

added macro:
           e(controls) : "notyet"
(saving evreg1)
(file /users/aquisper/proj_bureaucrats_farms/code/_stacked_downup_replication/.
> ./../tables/exploratory_analysis/protest_original_controls_fe_sweep/protest_o
> riginal_fe19_controls_notyet_did_interaction_rural_acpop_all.ster saved)
DID controls=notyet FE=20: unique_small_grid_id_cohort monthyearco yeargov prov
> ince_cohort#election_year
(MWFE estimator converged in 52 iterations)

HDFE linear regression with Julia                 Number of obs   =  7,715,454
Absorbing 4 HDFE groups                           F(   7,   9935) =     228.54
Statistics cluster-robust                         Prob > F        =     0.0000
                                                  R-squared       =     0.2832
                                                  Adj R-squared   =     0.2761
Number of clusters (ac_elec_yr) =       9935      Within R-sq.    =     0.0034
                                                  Root MSE        =  1493.7946

                         (Std. err. adjusted for 9,935 clusters in ac_elec_yr)
------------------------------------------------------------------------------
             |               Robust
      countk | Coefficient  std. err.      t    P>|t|     [95% conf. interval]
-------------+----------------------------------------------------------------
     1.post_ |          0  (omitted)
     1.treat |          0  (omitted)
1.downup_a~p |  -27.74893   5.710517    -4.86   0.000     -38.9427   -16.55516
wind_direc~n |  -1.183211   .0346367   -34.16   0.000    -1.251106   -1.115316
av_wind_sp~d |   334.6114   18.17645    18.41   0.000     298.9819    370.2409
             |
 post_#treat |
        1 1  |   191.1895   20.14648     9.49   0.000     151.6983    230.6806
             |
       post_#|
downup_ac_~p |
        1 1  |   -27.8825   12.43327    -2.24   0.025    -52.25424   -3.510767
             |
       treat#|
downup_ac_~p |
        1 1  |     16.451   15.44825     1.06   0.287     -13.8307    46.73269
             |
 post_#treat#|
downup_ac_~p |
      1 1 1  |   13.57871   21.79032     0.62   0.533    -29.13473    56.29216
------------------------------------------------------------------------------

added scalar:
              e(ymean) =  446.2126

added scalar:
             e(ymean2) =  440.21376

added scalar:
                e(acq) =  407

added scalar:
              e(fe_id) =  20

added scalar:
          e(n_treated) =  1015560

added scalar:
          e(n_control) =  6699894

added macro:
               e(smpl) : "Rural"

added macro:
             e(fespec) : "unique_small_grid_id_cohort monthyearco yeargov provi
> nce_cohort#election_year"

added macro:
                e(mod) : "downup_ac_pop"

added macro:
           e(controls) : "notyet"
(saving evreg1)
(file /users/aquisper/proj_bureaucrats_farms/code/_stacked_downup_replication/.
> ./../tables/exploratory_analysis/protest_original_controls_fe_sweep/protest_o
> riginal_fe20_controls_notyet_did_interaction_rural_acpop_all.ster saved)
DID controls=notyet FE=21: unique_small_grid_id_cohort monthyearco yeargov prov
> ince_cohort#election_year#yeargov
(MWFE estimator converged in 138 iterations)

HDFE linear regression with Julia                 Number of obs   =  7,715,454
Absorbing 4 HDFE groups                           F(   7,   9935) =     212.96
Statistics cluster-robust                         Prob > F        =     0.0000
                                                  R-squared       =     0.2851
                                                  Adj R-squared   =     0.2779
Number of clusters (ac_elec_yr) =       9935      Within R-sq.    =     0.0032
                                                  Root MSE        =  1491.8815

                         (Std. err. adjusted for 9,935 clusters in ac_elec_yr)
------------------------------------------------------------------------------
             |               Robust
      countk | Coefficient  std. err.      t    P>|t|     [95% conf. interval]
-------------+----------------------------------------------------------------
     1.post_ |          0  (omitted)
     1.treat |          0  (omitted)
1.downup_a~p |  -27.28606   5.677193    -4.81   0.000    -38.41451   -16.15761
wind_direc~n |  -1.166009   .0359488   -32.44   0.000    -1.236476   -1.095542
av_wind_sp~d |   328.0905    18.1355    18.09   0.000     292.5412    363.6398
             |
 post_#treat |
        1 1  |   202.5501   19.89949    10.18   0.000     163.5431    241.5571
             |
       post_#|
downup_ac_~p |
        1 1  |  -26.44924   12.17034    -2.17   0.030    -50.30557   -2.592915
             |
       treat#|
downup_ac_~p |
        1 1  |   14.06079   15.28184     0.92   0.358    -15.89471    44.01629
             |
 post_#treat#|
downup_ac_~p |
      1 1 1  |    18.5069   20.53542     0.90   0.367    -21.74669    58.76049
------------------------------------------------------------------------------

added scalar:
              e(ymean) =  446.2126

added scalar:
             e(ymean2) =  440.21376

added scalar:
                e(acq) =  407

added scalar:
              e(fe_id) =  21

added scalar:
          e(n_treated) =  1015560

added scalar:
          e(n_control) =  6699894

added macro:
               e(smpl) : "Rural"

added macro:
             e(fespec) : "unique_small_grid_id_cohort monthyearco yeargov provi
> nce_cohort#election_year#yeargov"

added macro:
                e(mod) : "downup_ac_pop"

added macro:
           e(controls) : "notyet"
(saving evreg1)
(file /users/aquisper/proj_bureaucrats_farms/code/_stacked_downup_replication/.
> ./../tables/exploratory_analysis/protest_original_controls_fe_sweep/protest_o
> riginal_fe21_controls_notyet_did_interaction_rural_acpop_all.ster saved)
DID controls=notyet FE=22: unique_small_grid_id_cohort monthyearco province_coh
> ort#election_year province_cohort#election_year#yeargov
(MWFE estimator converged in 138 iterations)

HDFE linear regression with Julia                 Number of obs   =  7,715,454
Absorbing 4 HDFE groups                           F(   7,   9935) =     212.96
Statistics cluster-robust                         Prob > F        =     0.0000
                                                  R-squared       =     0.2851
                                                  Adj R-squared   =     0.2779
Number of clusters (ac_elec_yr) =       9935      Within R-sq.    =     0.0032
                                                  Root MSE        =  1491.9018

                         (Std. err. adjusted for 9,935 clusters in ac_elec_yr)
------------------------------------------------------------------------------
             |               Robust
      countk | Coefficient  std. err.      t    P>|t|     [95% conf. interval]
-------------+----------------------------------------------------------------
     1.post_ |          0  (omitted)
     1.treat |          0  (omitted)
1.downup_a~p |  -27.28607   5.677289    -4.81   0.000    -38.41471   -16.15743
wind_direc~n |  -1.166009   .0359494   -32.43   0.000    -1.236477    -1.09554
av_wind_sp~d |   328.0905   18.13574    18.09   0.000     292.5408    363.6402
             |
 post_#treat |
        1 1  |   202.5502   19.89957    10.18   0.000      163.543    241.5574
             |
       post_#|
downup_ac_~p |
        1 1  |  -26.44921   12.17046    -2.17   0.030    -50.30578   -2.592633
             |
       treat#|
downup_ac_~p |
        1 1  |   14.06079   15.28207     0.92   0.358    -15.89516    44.01675
             |
 post_#treat#|
downup_ac_~p |
      1 1 1  |   18.50685   20.53595     0.90   0.368    -21.74777    58.76147
------------------------------------------------------------------------------

added scalar:
              e(ymean) =  446.2126

added scalar:
             e(ymean2) =  440.21376

added scalar:
                e(acq) =  407

added scalar:
              e(fe_id) =  22

added scalar:
          e(n_treated) =  1015560

added scalar:
          e(n_control) =  6699894

added macro:
               e(smpl) : "Rural"

added macro:
             e(fespec) : "unique_small_grid_id_cohort monthyearco province_coho
> rt#election_year province_cohort#election_year#yeargov"

added macro:
                e(mod) : "downup_ac_pop"

added macro:
           e(controls) : "notyet"
(saving evreg1)
(file /users/aquisper/proj_bureaucrats_farms/code/_stacked_downup_replication/.
> ./../tables/exploratory_analysis/protest_original_controls_fe_sweep/protest_o
> riginal_fe22_controls_notyet_did_interaction_rural_acpop_all.ster saved)
DID controls=notyet FE=23: unique_small_grid_id_cohort province_cohort#c.monthy
> ear yeargov province_cohort#election_year
(MWFE estimator converged in 59 iterations)

HDFE linear regression with Julia                 Number of obs   =  7,715,454
Absorbing 4 HDFE groups                           F(   8,   9935) =     444.75
Statistics cluster-robust                         Prob > F        =     0.0000
                                                  R-squared       =     0.0967
                                                  Adj R-squared   =     0.0880
Number of clusters (ac_elec_yr) =       9935      Within R-sq.    =     0.0206
                                                  Root MSE        =  1676.6770

                         (Std. err. adjusted for 9,935 clusters in ac_elec_yr)
------------------------------------------------------------------------------
             |               Robust
      countk | Coefficient  std. err.      t    P>|t|     [95% conf. interval]
-------------+----------------------------------------------------------------
     1.post_ |   85.63378   15.46795     5.54   0.000     55.31345    115.9541
     1.treat |          0  (omitted)
1.downup_a~p |  -23.75179   5.938619    -4.00   0.000    -35.39269   -12.11089
wind_direc~n |  -2.488865   .0423179   -58.81   0.000    -2.571817   -2.405914
av_wind_sp~d |   117.8714    9.69178    12.16   0.000     98.87358    136.8693
             |
 post_#treat |
        1 1  |   121.9051   20.22318     6.03   0.000      82.2636    161.5467
             |
       post_#|
downup_ac_~p |
        1 1  |  -31.23337   12.91681    -2.42   0.016    -56.55294   -5.913805
             |
       treat#|
downup_ac_~p |
        1 1  |   15.93796   16.65474     0.96   0.339    -16.70871    48.58464
             |
 post_#treat#|
downup_ac_~p |
      1 1 1  |   19.38941   24.18801     0.80   0.423      -28.024    66.80282
------------------------------------------------------------------------------

added scalar:
              e(ymean) =  446.2126

added scalar:
             e(ymean2) =  440.21376

added scalar:
                e(acq) =  407

added scalar:
              e(fe_id) =  23

added scalar:
          e(n_treated) =  1015560

added scalar:
          e(n_control) =  6699894

added macro:
               e(smpl) : "Rural"

added macro:
             e(fespec) : "unique_small_grid_id_cohort province_cohort#c.monthye
> ar yeargov province_cohort#election_year"

added macro:
                e(mod) : "downup_ac_pop"

added macro:
           e(controls) : "notyet"
(saving evreg1)
(file /users/aquisper/proj_bureaucrats_farms/code/_stacked_downup_replication/.
> ./../tables/exploratory_analysis/protest_original_controls_fe_sweep/protest_o
> riginal_fe23_controls_notyet_did_interaction_rural_acpop_all.ster saved)
DID controls=notyet FE=24: unique_small_grid_id_cohort province_cohort#c.monthy
> ear yeargov province_cohort#election_year#yeargov
(MWFE estimator converged in 31 iterations)

HDFE linear regression with Julia                 Number of obs   =  7,715,454
Absorbing 4 HDFE groups                           F(   8,   9935) =     453.15
Statistics cluster-robust                         Prob > F        =     0.0000
                                                  R-squared       =     0.1012
                                                  Adj R-squared   =     0.0925
Number of clusters (ac_elec_yr) =       9935      Within R-sq.    =     0.0234
                                                  Root MSE        =  1672.4914

                         (Std. err. adjusted for 9,935 clusters in ac_elec_yr)
------------------------------------------------------------------------------
             |               Robust
      countk | Coefficient  std. err.      t    P>|t|     [95% conf. interval]
-------------+----------------------------------------------------------------
     1.post_ |   183.8548   25.11685     7.32   0.000     134.6207    233.0889
     1.treat |          0  (omitted)
1.downup_a~p |  -21.77655   5.921521    -3.68   0.000    -33.38393   -10.16917
wind_direc~n |  -2.770235   .0467633   -59.24   0.000      -2.8619   -2.678569
av_wind_sp~d |   129.0033   10.09238    12.78   0.000     109.2202    148.7864
             |
 post_#treat |
        1 1  |   288.3933   21.92379    13.15   0.000     245.4182    331.3683
             |
       post_#|
downup_ac_~p |
        1 1  |  -19.68985   12.91058    -1.53   0.127     -44.9972      5.6175
             |
       treat#|
downup_ac_~p |
        1 1  |   15.45625   16.54082     0.93   0.350    -16.96711    47.87961
             |
 post_#treat#|
downup_ac_~p |
      1 1 1  |   9.056377   23.52514     0.38   0.700    -37.05766    55.17042
------------------------------------------------------------------------------

added scalar:
              e(ymean) =  446.2126

added scalar:
             e(ymean2) =  440.21376

added scalar:
                e(acq) =  407

added scalar:
              e(fe_id) =  24

added scalar:
          e(n_treated) =  1015560

added scalar:
          e(n_control) =  6699894

added macro:
               e(smpl) : "Rural"

added macro:
             e(fespec) : "unique_small_grid_id_cohort province_cohort#c.monthye
> ar yeargov province_cohort#election_year#yeargov"

added macro:
                e(mod) : "downup_ac_pop"

added macro:
           e(controls) : "notyet"
(saving evreg1)
(file /users/aquisper/proj_bureaucrats_farms/code/_stacked_downup_replication/.
> ./../tables/exploratory_analysis/protest_original_controls_fe_sweep/protest_o
> riginal_fe24_controls_notyet_did_interaction_rural_acpop_all.ster saved)
DID controls=notyet FE=25: unique_small_grid_id_cohort province_cohort#c.monthy
> ear province_cohort#election_year province_cohort#election_year#yeargov
(MWFE estimator converged in 31 iterations)

HDFE linear regression with Julia                 Number of obs   =  7,715,454
Absorbing 4 HDFE groups                           F(   8,   9935) =     452.78
Statistics cluster-robust                         Prob > F        =     0.0000
                                                  R-squared       =     0.1012
                                                  Adj R-squared   =     0.0925
Number of clusters (ac_elec_yr) =       9935      Within R-sq.    =     0.0234
                                                  Root MSE        =  1672.5304

                         (Std. err. adjusted for 9,935 clusters in ac_elec_yr)
------------------------------------------------------------------------------
             |               Robust
      countk | Coefficient  std. err.      t    P>|t|     [95% conf. interval]
-------------+----------------------------------------------------------------
     1.post_ |   181.9635    25.1296     7.24   0.000     132.7044    231.2227
     1.treat |          0  (omitted)
1.downup_a~p |  -21.96859   5.921014    -3.71   0.000    -33.57498   -10.36221
wind_direc~n |  -2.768884   .0467544   -59.22   0.000    -2.860532   -2.677236
av_wind_sp~d |   129.3068   10.07928    12.83   0.000     109.5494    149.0643
             |
 post_#treat |
        1 1  |   296.0329   21.87877    13.53   0.000     253.1461    338.9198
             |
       post_#|
downup_ac_~p |
        1 1  |  -15.31271   12.91219    -1.19   0.236    -40.62322    9.997799
             |
       treat#|
downup_ac_~p |
        1 1  |   17.53383   16.54379     1.06   0.289    -14.89534    49.96301
             |
 post_#treat#|
downup_ac_~p |
      1 1 1  |  -6.672127   23.52906    -0.28   0.777    -52.79385     39.4496
------------------------------------------------------------------------------

added scalar:
              e(ymean) =  446.2126

added scalar:
             e(ymean2) =  440.21376

added scalar:
                e(acq) =  407

added scalar:
              e(fe_id) =  25

added scalar:
          e(n_treated) =  1015560

added scalar:
          e(n_control) =  6699894

added macro:
               e(smpl) : "Rural"

added macro:
             e(fespec) : "unique_small_grid_id_cohort province_cohort#c.monthye
> ar province_cohort#election_year province_cohort#election_year#yeargov"

added macro:
                e(mod) : "downup_ac_pop"

added macro:
           e(controls) : "notyet"
(saving evreg1)
(file /users/aquisper/proj_bureaucrats_farms/code/_stacked_downup_replication/.
> ./../tables/exploratory_analysis/protest_original_controls_fe_sweep/protest_o
> riginal_fe25_controls_notyet_did_interaction_rural_acpop_all.ster saved)
DID controls=notyet FE=26: unique_small_grid_id_cohort yeargov province_cohort#
> election_year province_cohort#election_year#yeargov
(MWFE estimator converged in 12 iterations)

HDFE linear regression with Julia                 Number of obs   =  7,715,454
Absorbing 4 HDFE groups                           F(   8,   9935) =     447.23
Statistics cluster-robust                         Prob > F        =     0.0000
                                                  R-squared       =     0.0993
                                                  Adj R-squared   =     0.0906
Number of clusters (ac_elec_yr) =       9935      Within R-sq.    =     0.0213
                                                  Root MSE        =  1674.2717

                         (Std. err. adjusted for 9,935 clusters in ac_elec_yr)
------------------------------------------------------------------------------
             |               Robust
      countk | Coefficient  std. err.      t    P>|t|     [95% conf. interval]
-------------+----------------------------------------------------------------
     1.post_ |   131.5087   24.27412     5.42   0.000     83.92646    179.0909
     1.treat |          0  (omitted)
1.downup_a~p |  -24.23951   5.922438    -4.09   0.000    -35.84869   -12.63033
wind_direc~n |  -2.531695   .0428726   -59.05   0.000    -2.615734   -2.447656
av_wind_sp~d |   153.9361    9.30469    16.54   0.000     135.6971    172.1752
             |
 post_#treat |
        1 1  |   248.8391   21.18669    11.75   0.000     207.3089    290.3693
             |
       post_#|
downup_ac_~p |
        1 1  |  -16.60099   12.80538    -1.30   0.195    -41.70213    8.500155
             |
       treat#|
downup_ac_~p |
        1 1  |   15.66992   16.52841     0.95   0.343    -16.72912    48.06897
             |
 post_#treat#|
downup_ac_~p |
      1 1 1  |    8.30057   23.37599     0.36   0.723     -37.5211    54.12224
------------------------------------------------------------------------------

added scalar:
              e(ymean) =  446.2126

added scalar:
             e(ymean2) =  440.21376

added scalar:
                e(acq) =  407

added scalar:
              e(fe_id) =  26

added scalar:
          e(n_treated) =  1015560

added scalar:
          e(n_control) =  6699894

added macro:
               e(smpl) : "Rural"

added macro:
             e(fespec) : "unique_small_grid_id_cohort yeargov province_cohort#e
> lection_year province_cohort#election_year#yeargov"

added macro:
                e(mod) : "downup_ac_pop"

added macro:
           e(controls) : "notyet"
(saving evreg1)
(file /users/aquisper/proj_bureaucrats_farms/code/_stacked_downup_replication/.
> ./../tables/exploratory_analysis/protest_original_controls_fe_sweep/protest_o
> riginal_fe26_controls_notyet_did_interaction_rural_acpop_all.ster saved)
DID controls=notyet FE=27: unique_small_grid_id_cohort monthyearco province_coh
> ort#c.monthyear yeargov province_cohort#election_year
(MWFE estimator converged in 120 iterations)

HDFE linear regression with Julia                 Number of obs   =  7,715,454
Absorbing 5 HDFE groups                           F(   7,   9935) =     228.55
Statistics cluster-robust                         Prob > F        =     0.0000
                                                  R-squared       =     0.2832
                                                  Adj R-squared   =     0.2761
Number of clusters (ac_elec_yr) =       9935      Within R-sq.    =     0.0034
                                                  Root MSE        =  1493.8120

                         (Std. err. adjusted for 9,935 clusters in ac_elec_yr)
------------------------------------------------------------------------------
             |               Robust
      countk | Coefficient  std. err.      t    P>|t|     [95% conf. interval]
-------------+----------------------------------------------------------------
     1.post_ |          0  (omitted)
     1.treat |          0  (omitted)
1.downup_a~p |  -27.73282   5.710805    -4.86   0.000    -38.92716   -16.53849
wind_direc~n |  -1.179406   .0346245   -34.06   0.000    -1.247277   -1.111535
av_wind_sp~d |   334.5332   18.17471    18.41   0.000     298.9071    370.1593
             |
 post_#treat |
        1 1  |   192.8207   20.13498     9.58   0.000     153.3521    232.2894
             |
       post_#|
downup_ac_~p |
        1 1  |  -28.02228   12.44377    -2.25   0.024    -52.41459   -3.629962
             |
       treat#|
downup_ac_~p |
        1 1  |   16.40751   15.44893     1.06   0.288    -13.87552    46.69055
             |
 post_#treat#|
downup_ac_~p |
      1 1 1  |   13.97643   21.80564     0.64   0.522    -28.76704     56.7199
------------------------------------------------------------------------------

added scalar:
              e(ymean) =  446.2126

added scalar:
             e(ymean2) =  440.21376

added scalar:
                e(acq) =  407

added scalar:
              e(fe_id) =  27

added scalar:
          e(n_treated) =  1015560

added scalar:
          e(n_control) =  6699894

added macro:
               e(smpl) : "Rural"

added macro:
             e(fespec) : "unique_small_grid_id_cohort monthyearco province_coho
> rt#c.monthyear yeargov province_cohort#election_year"

added macro:
                e(mod) : "downup_ac_pop"

added macro:
           e(controls) : "notyet"
(saving evreg1)
(file /users/aquisper/proj_bureaucrats_farms/code/_stacked_downup_replication/.
> ./../tables/exploratory_analysis/protest_original_controls_fe_sweep/protest_o
> riginal_fe27_controls_notyet_did_interaction_rural_acpop_all.ster saved)
DID controls=notyet FE=28: unique_small_grid_id_cohort monthyearco province_coh
> ort#c.monthyear yeargov province_cohort#election_year#yeargov
(MWFE estimator converged in 149 iterations)

HDFE linear regression with Julia                 Number of obs   =  7,715,454
Absorbing 5 HDFE groups                           F(   7,   9935) =     212.96
Statistics cluster-robust                         Prob > F        =     0.0000
                                                  R-squared       =     0.2851
                                                  Adj R-squared   =     0.2779
Number of clusters (ac_elec_yr) =       9935      Within R-sq.    =     0.0032
                                                  Root MSE        =  1491.8883

                         (Std. err. adjusted for 9,935 clusters in ac_elec_yr)
------------------------------------------------------------------------------
             |               Robust
      countk | Coefficient  std. err.      t    P>|t|     [95% conf. interval]
-------------+----------------------------------------------------------------
     1.post_ |          0  (omitted)
     1.treat |          0  (omitted)
1.downup_a~p |  -27.28621   5.677171    -4.81   0.000    -38.41461    -16.1578
wind_direc~n |  -1.165983   .0359489   -32.43   0.000     -1.23645   -1.095516
av_wind_sp~d |   328.0961   18.13585    18.09   0.000     292.5462    363.6461
             |
 post_#treat |
        1 1  |   202.5504   19.89955    10.18   0.000     163.5433    241.5576
             |
       post_#|
downup_ac_~p |
        1 1  |  -26.44877   12.17037    -2.17   0.030    -50.30516   -2.592379
             |
       treat#|
downup_ac_~p |
        1 1  |   14.06247   15.28167     0.92   0.357    -15.89271    44.01765
             |
 post_#treat#|
downup_ac_~p |
      1 1 1  |   18.50518   20.53549     0.90   0.368    -21.74854     58.7589
------------------------------------------------------------------------------

added scalar:
              e(ymean) =  446.2126

added scalar:
             e(ymean2) =  440.21376

added scalar:
                e(acq) =  407

added scalar:
              e(fe_id) =  28

added scalar:
          e(n_treated) =  1015560

added scalar:
          e(n_control) =  6699894

added macro:
               e(smpl) : "Rural"

added macro:
             e(fespec) : "unique_small_grid_id_cohort monthyearco province_coho
> rt#c.monthyear yeargov province_cohort#election_year#yeargov"

added macro:
                e(mod) : "downup_ac_pop"

added macro:
           e(controls) : "notyet"
(saving evreg1)
(file /users/aquisper/proj_bureaucrats_farms/code/_stacked_downup_replication/.
> ./../tables/exploratory_analysis/protest_original_controls_fe_sweep/protest_o
> riginal_fe28_controls_notyet_did_interaction_rural_acpop_all.ster saved)
DID controls=notyet FE=29: unique_small_grid_id_cohort monthyearco province_coh
> ort#c.monthyear province_cohort#election_year province_cohort#election_year#y
> eargov
(MWFE estimator converged in 148 iterations)

HDFE linear regression with Julia                 Number of obs   =  7,715,454
Absorbing 5 HDFE groups                           F(   7,   9935) =     212.95
Statistics cluster-robust                         Prob > F        =     0.0000
                                                  R-squared       =     0.2851
                                                  Adj R-squared   =     0.2779
Number of clusters (ac_elec_yr) =       9935      Within R-sq.    =     0.0032
                                                  Root MSE        =  1491.9087

                         (Std. err. adjusted for 9,935 clusters in ac_elec_yr)
------------------------------------------------------------------------------
             |               Robust
      countk | Coefficient  std. err.      t    P>|t|     [95% conf. interval]
-------------+----------------------------------------------------------------
     1.post_ |          0  (omitted)
     1.treat |          0  (omitted)
1.downup_a~p |  -27.28618   5.677286    -4.81   0.000    -38.41482   -16.15755
wind_direc~n |   -1.16599   .0359495   -32.43   0.000    -1.236458   -1.095521
av_wind_sp~d |   328.0945   18.13605    18.09   0.000     292.5441    363.6448
             |
 post_#treat |
        1 1  |   202.5503   19.89963    10.18   0.000      163.543    241.5576
             |
       post_#|
downup_ac_~p |
        1 1  |  -26.44885   12.17048    -2.17   0.030    -50.30545   -2.592248
             |
       treat#|
downup_ac_~p |
        1 1  |   14.06204   15.28201     0.92   0.358    -15.89379    44.01787
             |
 post_#treat#|
downup_ac_~p |
      1 1 1  |   18.50557   20.53599     0.90   0.368    -21.74914    58.76028
------------------------------------------------------------------------------

added scalar:
              e(ymean) =  446.2126

added scalar:
             e(ymean2) =  440.21376

added scalar:
                e(acq) =  407

added scalar:
              e(fe_id) =  29

added scalar:
          e(n_treated) =  1015560

added scalar:
          e(n_control) =  6699894

added macro:
               e(smpl) : "Rural"

added macro:
             e(fespec) : "unique_small_grid_id_cohort monthyearco province_coho
> rt#c.monthyear province_cohort#election_year province_cohort#election_year#ye
> argov"

added macro:
                e(mod) : "downup_ac_pop"

added macro:
           e(controls) : "notyet"
(saving evreg1)
(file /users/aquisper/proj_bureaucrats_farms/code/_stacked_downup_replication/.
> ./../tables/exploratory_analysis/protest_original_controls_fe_sweep/protest_o
> riginal_fe29_controls_notyet_did_interaction_rural_acpop_all.ster saved)
DID controls=notyet FE=30: unique_small_grid_id_cohort monthyearco yeargov prov
> ince_cohort#election_year province_cohort#election_year#yeargov
(MWFE estimator converged in 143 iterations)

HDFE linear regression with Julia                 Number of obs   =  7,715,454
Absorbing 5 HDFE groups                           F(   7,   9935) =     212.96
Statistics cluster-robust                         Prob > F        =     0.0000
                                                  R-squared       =     0.2851
                                                  Adj R-squared   =     0.2779
Number of clusters (ac_elec_yr) =       9935      Within R-sq.    =     0.0032
                                                  Root MSE        =  1491.9023

                         (Std. err. adjusted for 9,935 clusters in ac_elec_yr)
------------------------------------------------------------------------------
             |               Robust
      countk | Coefficient  std. err.      t    P>|t|     [95% conf. interval]
-------------+----------------------------------------------------------------
     1.post_ |          0  (omitted)
     1.treat |          0  (omitted)
1.downup_a~p |  -27.28606   5.677311    -4.81   0.000    -38.41474   -16.15738
wind_direc~n |  -1.166009   .0359494   -32.43   0.000    -1.236477    -1.09554
av_wind_sp~d |   328.0905   18.13571    18.09   0.000     292.5408    363.6402
             |
 post_#treat |
        1 1  |   202.5501   19.89968    10.18   0.000     163.5427    241.5576
             |
       post_#|
downup_ac_~p |
        1 1  |  -26.44923   12.17047    -2.17   0.030    -50.30581   -2.592646
             |
       treat#|
downup_ac_~p |
        1 1  |   14.06078   15.28221     0.92   0.358    -15.89544    44.01701
             |
 post_#treat#|
downup_ac_~p |
      1 1 1  |   18.50682   20.53606     0.90   0.368    -21.74801    58.76166
------------------------------------------------------------------------------

added scalar:
              e(ymean) =  446.2126

added scalar:
             e(ymean2) =  440.21376

added scalar:
                e(acq) =  407

added scalar:
              e(fe_id) =  30

added scalar:
          e(n_treated) =  1015560

added scalar:
          e(n_control) =  6699894

added macro:
               e(smpl) : "Rural"

added macro:
             e(fespec) : "unique_small_grid_id_cohort monthyearco yeargov provi
> nce_cohort#election_year province_cohort#election_year#yeargov"

added macro:
                e(mod) : "downup_ac_pop"

added macro:
           e(controls) : "notyet"
(saving evreg1)
(file /users/aquisper/proj_bureaucrats_farms/code/_stacked_downup_replication/.
> ./../tables/exploratory_analysis/protest_original_controls_fe_sweep/protest_o
> riginal_fe30_controls_notyet_did_interaction_rural_acpop_all.ster saved)
DID controls=notyet FE=31: unique_small_grid_id_cohort province_cohort#c.monthy
> ear yeargov province_cohort#election_year province_cohort#election_year#yearg
> ov
(MWFE estimator converged in 36 iterations)

HDFE linear regression with Julia                 Number of obs   =  7,715,454
Absorbing 5 HDFE groups                           F(   8,   9935) =     453.37
Statistics cluster-robust                         Prob > F        =     0.0000
                                                  R-squared       =     0.1012
                                                  Adj R-squared   =     0.0925
Number of clusters (ac_elec_yr) =       9935      Within R-sq.    =     0.0234
                                                  Root MSE        =  1672.5365

                         (Std. err. adjusted for 9,935 clusters in ac_elec_yr)
------------------------------------------------------------------------------
             |               Robust
      countk | Coefficient  std. err.      t    P>|t|     [95% conf. interval]
-------------+----------------------------------------------------------------
     1.post_ |   180.8819   25.12182     7.20   0.000      131.638    230.1257
     1.treat |          0  (omitted)
1.downup_a~p |  -22.07958   5.918409    -3.73   0.000    -33.68086   -10.47829
wind_direc~n |  -2.768913    .046719   -59.27   0.000    -2.860492   -2.677334
av_wind_sp~d |   128.9969   10.08879    12.79   0.000     109.2209     148.773
             |
 post_#treat |
        1 1  |   294.0758   21.87099    13.45   0.000     251.2042    336.9474
             |
       post_#|
downup_ac_~p |
        1 1  |  -14.80986   12.90913    -1.15   0.251    -40.11437    10.49465
             |
       treat#|
downup_ac_~p |
        1 1  |   17.77536   16.53189     1.08   0.282     -14.6305    50.18122
             |
 post_#treat#|
downup_ac_~p |
      1 1 1  |  -8.075741   23.52557    -0.34   0.731    -54.19062    38.03914
------------------------------------------------------------------------------

added scalar:
              e(ymean) =  446.2126

added scalar:
             e(ymean2) =  440.21376

added scalar:
                e(acq) =  407

added scalar:
              e(fe_id) =  31

added scalar:
          e(n_treated) =  1015560

added scalar:
          e(n_control) =  6699894

added macro:
               e(smpl) : "Rural"

added macro:
             e(fespec) : "unique_small_grid_id_cohort province_cohort#c.monthye
> ar yeargov province_cohort#election_year province_cohort#election_year#yeargo
> v"

added macro:
                e(mod) : "downup_ac_pop"

added macro:
           e(controls) : "notyet"
(saving evreg1)
(file /users/aquisper/proj_bureaucrats_farms/code/_stacked_downup_replication/.
> ./../tables/exploratory_analysis/protest_original_controls_fe_sweep/protest_o
> riginal_fe31_controls_notyet_did_interaction_rural_acpop_all.ster saved)
DID controls=notyet FE=32: unique_small_grid_id_cohort monthyearco province_coh
> ort#c.monthyear yeargov province_cohort#election_year province_cohort#electio
> n_year#yeargov
(MWFE estimator converged in 154 iterations)

HDFE linear regression with Julia                 Number of obs   =  7,715,454
Absorbing 6 HDFE groups                           F(   7,   9935) =     212.95
Statistics cluster-robust                         Prob > F        =     0.0000
                                                  R-squared       =     0.2851
                                                  Adj R-squared   =     0.2779
Number of clusters (ac_elec_yr) =       9935      Within R-sq.    =     0.0032
                                                  Root MSE        =  1491.9092

                         (Std. err. adjusted for 9,935 clusters in ac_elec_yr)
------------------------------------------------------------------------------
             |               Robust
      countk | Coefficient  std. err.      t    P>|t|     [95% conf. interval]
-------------+----------------------------------------------------------------
     1.post_ |          0  (omitted)
     1.treat |          0  (omitted)
1.downup_a~p |  -27.28619   5.677298    -4.81   0.000    -38.41485   -16.15754
wind_direc~n |   -1.16599   .0359495   -32.43   0.000    -1.236458   -1.095521
av_wind_sp~d |   328.0946   18.13604    18.09   0.000     292.5442    363.6449
             |
 post_#treat |
        1 1  |   202.5503   19.89957    10.18   0.000     163.5431    241.5575
             |
       post_#|
downup_ac_~p |
        1 1  |  -26.44889   12.17041    -2.17   0.030    -50.30535   -2.592426
             |
       treat#|
downup_ac_~p |
        1 1  |   14.06203   15.28208     0.92   0.358    -15.89395    44.01802
             |
 post_#treat#|
downup_ac_~p |
      1 1 1  |    18.5056     20.536     0.90   0.368    -21.74913    58.76032
------------------------------------------------------------------------------

added scalar:
              e(ymean) =  446.2126

added scalar:
             e(ymean2) =  440.21376

added scalar:
                e(acq) =  407

added scalar:
              e(fe_id) =  32

added scalar:
          e(n_treated) =  1015560

added scalar:
          e(n_control) =  6699894

added macro:
               e(smpl) : "Rural"

added macro:
             e(fespec) : "unique_small_grid_id_cohort monthyearco province_coho
> rt#c.monthyear yeargov province_cohort#election_year province_cohort#election
> _year#yeargov"

added macro:
                e(mod) : "downup_ac_pop"

added macro:
           e(controls) : "notyet"
(saving evreg1)
(file /users/aquisper/proj_bureaucrats_farms/code/_stacked_downup_replication/.
> ./../tables/exploratory_analysis/protest_original_controls_fe_sweep/protest_o
> riginal_fe32_controls_notyet_did_interaction_rural_acpop_all.ster saved)

. 
. display as result "COMPLETED protest STER files: controls=`control_sample', F
> E=$fe_list"
COMPLETED protest STER files: controls=notyet, FE=16/32

. 
end of do-file
