fe_id,control_sample,version,time,beta,se,lower,upper
1,never,original,-5,-9.55986480949642,9.0136959611351,-27.2267088933212,8.10697927432837
1,never,original,-4,-28.3803990015439,9.8257177366022,-47.6388057652842,-9.12199223780361
1,never,original,-3,0.009688357561942,8.90784614369655,-17.4496900840833,17.4690667992072
1,never,original,-2,6.70249509822039,7.83179848873289,-8.64782993969607,22.0528201361369
1,never,original,-1,0,0,0,0
1,never,original,0,9.5385764648882,7.31234700036288,-4.79362365582304,23.8707765855995
1,never,original,1,33.1274340009383,8.20351498319875,17.0485446338687,49.2063233680078
1,never,original,2,14.9335448549641,10.4354095510559,-5.51985786510544,35.3869475750337
1,never,original,3,42.1091578107139,9.62361418535594,23.2468740074162,60.9714416140115
1,never,original,4,10.8885200167115,9.16864021270407,-7.08201480018842,28.8590548336115
1,never,rotated,-5,5.99463978107333,9.0136959611351,-11.6722043027515,23.6614838648981
1,never,rotated,-4,-16.7145205586166,9.8257177366022,-35.9729273223569,2.54388620512371
1,never,rotated,-3,7.78694065284682,8.90784614369655,-9.67243778879843,25.2463190944921
1,never,rotated,-2,10.5911212458628,7.83179848873289,-4.75920379205363,25.9414462837793
1,never,rotated,-1,0,0,0,0
1,never,rotated,0,5.64995031724576,7.31234700036288,-8.68224980346548,19.982150437957
1,never,rotated,1,25.3501817056534,8.20351498319875,9.27129233858386,41.4290710727229
1,never,rotated,2,3.26766641203681,10.4354095510559,-17.1857363080328,23.7210691321064
1,never,rotated,3,26.5546532201441,9.62361418535594,7.69236941684646,45.4169370234418
1,never,rotated,4,-8.55461072150064,9.16864021270407,-26.5251455384006,9.41592409539933
2,never,original,-5,-15.7634271266094,9.63290961627492,-34.6439299745083,3.11707572128941
2,never,original,-4,-22.708046171765,10.8108454518121,-43.8973032573167,-1.51878908621332
2,never,original,-3,19.9838165018331,7.57024643429297,5.14613349061891,34.8214995130474
2,never,original,-2,11.5810293952322,7.07982416110467,-2.29542596053292,25.4574847509974
2,never,original,-1,0,0,0,0
2,never,original,0,25.7648105086176,7.56147123852997,10.9443268810989,40.5852941361364
2,never,original,1,46.2300498063045,7.80158456391627,30.9389440610287,61.5211555515804
2,never,original,2,41.2527944723055,9.54217929518763,22.5501230537378,59.9554658908733
2,never,original,3,43.0185214180448,9.07928917355247,25.2231146378819,60.8139281982076
2,never,original,4,12.3157378354994,8.44917228513547,-4.24463984336615,28.8761155143649
2,never,rotated,-5,-5.14620251023153,9.63290961627492,-24.0267053581304,13.7343003376673
2,never,rotated,-4,-14.7451277094816,10.8108454518121,-35.9343847950333,6.44412937607011
2,never,rotated,-3,25.2924288100221,7.57024643429297,10.4547457988079,40.1301118212363
2,never,rotated,-2,14.2353355493267,7.07982416110467,0.358880193561559,28.1117909050919
2,never,rotated,-1,0,0,0,0
2,never,rotated,0,23.1105043545231,7.56147123852997,8.2900207270044,37.9309879820419
2,never,rotated,1,40.9214374981156,7.80158456391627,25.6303317528397,56.2125432433915
2,never,rotated,2,33.2898760100221,9.54217929518763,14.5872045914543,51.9925474285899
2,never,rotated,3,32.4012968016669,9.07928917355247,14.605890021504,50.1967035818297
2,never,rotated,4,-0.955792934973012,8.44917228513547,-17.5161706138385,15.6045847438925
3,never,original,-5,-29.543266217669,11.8919973479461,-52.8515810196433,-6.23495141569461
3,never,original,-4,-41.7637204436157,10.9896185183734,-63.3033727396276,-20.2240681476038
3,never,original,-3,-10.4362181765705,8.88163119279418,-27.8442153144471,6.97177896130606
3,never,original,-2,5.09157533851956,7.73647541499814,-10.0719164748768,20.2550671519159
3,never,original,-1,0,0,0,0
3,never,original,0,13.9925795447345,7.59425142671099,-0.892153251619032,28.877312341088
3,never,original,1,37.1270690937959,9.00134494614687,19.484432999348,54.7697051882438
3,never,original,2,10.7946878734299,11.1229617229058,-11.0063171034655,32.5956928503253
3,never,original,3,29.1760868237973,10.9023775566943,7.80742681267637,50.5447468349182
3,never,original,4,-5.31490196473218,10.5611641538746,-26.0147837063265,15.3849797768621
3,never,rotated,-5,5.02274541115031,11.8919973479461,-18.285569390824,28.3310602131247
3,never,rotated,-4,-15.8392117220013,10.9896185183734,-37.3788640180132,5.70044057401062
3,never,rotated,-3,6.8467876378391,8.88163119279418,-10.5612095000375,24.2547847757157
3,never,rotated,-2,13.7330782457244,7.73647541499814,-1.43041356767199,28.8965700591207
3,never,rotated,-1,0,0,0,0
3,never,rotated,0,5.35107663752968,7.59425142671099,-9.53365615882385,20.2358094338832
3,never,rotated,1,19.8440632793863,9.00134494614687,2.2014271849384,37.4866993738341
3,never,rotated,2,-15.1298208481845,11.1229617229058,-36.9308258250799,6.67118412871085
3,never,rotated,3,-5.389924805022,10.9023775566943,-26.7585848161429,15.9787352060989
3,never,rotated,4,-48.5224165007563,10.5611641538746,-69.2222982423506,-27.822534759162
4,never,original,-5,28.6003814558137,9.49512928804491,9.98992805124564,47.2108348603817
4,never,original,-4,23.6931642255953,9.46434342356352,5.14305111541078,42.2432773357798
4,never,original,-3,39.1454209513437,9.57062377782095,20.3869983468146,57.9038435558728
4,never,original,-2,33.961392846174,8.5898873110725,17.1252137164719,50.7975719758762
4,never,original,-1,0,0,0,0
4,never,original,0,53.4211945010593,8.39749401178129,36.9621062379679,69.8802827641506
4,never,original,1,91.9974992350817,9.7224603727131,72.9414769045641,111.053521565599
4,never,original,2,58.6626164259928,10.6976432182208,37.6952357182801,79.6299971337055
4,never,original,3,71.4934380975411,10.1261692230349,51.6461464203927,91.3407297746896
4,never,original,4,13.0312969836619,9.18499040067141,-4.97128420165405,31.0338781689779
4,never,rotated,-5,-11.0973856440399,9.49512928804491,-29.707839048608,7.51306776052812
4,never,rotated,-4,-6.08016109929492,9.46434342356352,-24.6302742094794,12.4699520108896
4,never,rotated,-3,19.2965374014169,9.57062377782095,0.538114796887822,38.0549600059459
4,never,rotated,-2,24.0369510712107,8.5898873110725,7.20077194150855,40.8731302009127
4,never,rotated,-1,0,0,0,0
4,never,rotated,0,63.3456362760227,8.39749401178129,46.8865480129313,79.804724539114
4,never,rotated,1,111.846382785009,9.7224603727131,92.7903604544908,130.902405115526
4,never,rotated,2,88.435941750883,10.6976432182208,67.4685610431703,109.403322458596
4,never,rotated,3,111.191205197395,10.1261692230349,91.3439135202463,131.038496874543
4,never,rotated,4,62.6535058584789,9.18499040067141,44.6509246731629,80.6560870437949
5,never,original,-5,-7.48782126225238,11.803845321854,-30.6233580930863,15.6477155685815
5,never,original,-4,-24.070257232764,12.0931324214237,-47.7727967787544,-0.367717686773528
5,never,original,-3,-2.88149556177394,9.42455562979904,-21.3536245961801,15.5906334726322
5,never,original,-2,5.67507575980778,7.96366612726913,-9.93370984963972,21.2838613692553
5,never,original,-1,0,0,0,0
5,never,original,0,11.3042869021319,10.0515242187191,-8.39670056655751,31.0052743708213
5,never,original,1,33.512314842335,8.60743087851393,16.6417503204477,50.3828793642223
5,never,original,2,-5.11336051725152,9.97951491395916,-24.6732097486115,14.4464887141084
5,never,original,3,10.4146441574803,10.255842323536,-9.68680679665039,30.5160951116109
5,never,original,4,-24.7670375041408,10.507957407839,-45.3626340235052,-4.17144098477631
5,never,rotated,-5,6.14550835255315,11.803845321854,-16.9900284782807,29.281045183387
5,never,rotated,-4,-13.8452600216598,12.0931324214237,-37.5477995676502,9.85727952433062
5,never,rotated,-3,3.93516924562883,9.42455562979904,-14.5369597887773,22.4072982800349
5,never,rotated,-2,9.08340816350917,7.96366612726913,-6.52537744593833,24.6921937729567
5,never,rotated,-1,0,0,0,0
5,never,rotated,0,7.89595449843053,10.0515242187191,-11.8050329702589,27.5969419671199
5,never,rotated,1,26.6956500349322,8.60743087851393,9.82508551304491,43.5662145568195
5,never,rotated,2,-15.3383577283557,9.97951491395916,-34.8982069597156,4.22149150300428
5,never,rotated,3,-3.21868545732527,10.255842323536,-23.3201364114559,16.8827654968054
5,never,rotated,4,-41.8086995226477,10.507957407839,-62.4042960420121,-21.2131030032832
6,never,original,-5,-5.91821877406529,8.84364666142932,-23.2517662304668,11.4153286823362
6,never,original,-4,6.3727101451297,6.85132168728188,-7.0558803619428,19.8013006522022
6,never,original,-3,5.57333102846753,7.21970357437412,-8.57728797730575,19.7239500342408
6,never,original,-2,1.93534367406521,6.94686778128783,-11.6805171772589,15.5512045253894
6,never,original,-1,0,0,0,0
6,never,original,0,11.6627920684938,7.32869214248745,-2.70144453078166,26.0270286677692
6,never,original,1,22.3853062631703,7.44375343931485,7.79554952211322,36.9750630042274
6,never,original,2,12.8142586441534,8.36082879830349,-3.57296580052144,29.2014830888282
6,never,original,3,15.4855517603481,9.21781348223739,-2.58136266483714,33.5524661855334
6,never,original,4,1.84633890794716,9.49619885627066,-16.7662108503433,20.4588886662377
6,never,rotated,-5,-7.05518691674905,8.84364666142932,-24.3887343731505,10.2783605396524
6,never,rotated,-4,5.51998403811687,6.85132168728188,-7.90860646895562,18.9485745451894
6,never,rotated,-3,5.00484695712565,7.21970357437412,-9.14577204864763,19.1554659628989
6,never,rotated,-2,1.65110163839427,6.94686778128783,-11.9647592129299,15.2669624897184
6,never,rotated,-1,0,0,0,0
6,never,rotated,0,11.9470341041647,7.32869214248745,-2.41720249511071,26.3112707034401
6,never,rotated,1,22.9537903345122,7.44375343931485,8.3640335934551,37.5435470755693
6,never,rotated,2,13.6669847511662,8.36082879830349,-2.72023969350862,30.0542091958411
6,never,rotated,3,16.6225199030319,9.21781348223739,-1.44439452215337,34.6894343282172
6,never,rotated,4,3.26754908630186,9.49619885627066,-15.3450006719886,21.8800988445924
7,never,original,-5,-22.8523535609411,9.82989513893814,-42.1189480332599,-3.58575908862239
7,never,original,-4,-28.7617581936477,11.5033348389724,-51.3082944780335,-6.21522190926178
7,never,original,-3,13.7540891832624,7.5647956180037,-1.07291022802484,28.5810885945497
7,never,original,-2,10.8456344807726,7.15597106906622,-3.18006881459716,24.8713377761424
7,never,original,-1,0,0,0,0
7,never,original,0,25.2167164156802,7.60761155742488,10.3057977631275,40.127635068233
7,never,original,1,43.4799827479736,7.89237468318677,28.0109283689275,58.9490371270196
7,never,original,2,35.2021381699278,10.0724459794001,15.4601440503037,54.944132289552
7,never,original,3,36.481485041839,10.5386534934341,15.8257241947081,57.13724588897
7,never,original,4,4.56261872140571,9.78445646325774,-14.6149159465795,23.7401533893909
7,never,rotated,-5,-4.27357009728647,9.82989513893814,-23.5401645696052,14.9930243750323
7,never,rotated,-4,-14.8276705959066,11.5033348389724,-37.3742068802925,7.71886568847923
7,never,rotated,-3,23.0434809150898,7.5647956180037,8.2164815038025,37.870480326377
7,never,rotated,-2,15.4903303466863,7.15597106906622,1.46462705131651,29.5160336420561
7,never,rotated,-1,0,0,0,0
7,never,rotated,0,20.5720205497666,7.60761155742488,5.66110189721381,35.4829392023193
7,never,rotated,1,34.1905910161462,7.89237468318677,18.7215366371002,49.6596453951923
7,never,rotated,2,21.2680505721868,10.0724459794001,1.52605645256266,41.0100446918109
7,never,rotated,3,17.9027015781844,10.5386534934341,-2.75305926894658,38.5584624253153
7,never,rotated,4,-18.6608606081626,9.78445646325774,-37.8383952761478,0.516674059822542
8,never,original,-5,6.91654127212774,9.93304801704457,-12.5522328412796,26.3853153855351
8,never,original,-4,-0.0654204010436796,10.4578500358042,-20.5628064712199,20.4319656691325
8,never,original,-3,39.5971673753552,8.13907583746928,23.6445787339154,55.549756016795
8,never,original,-2,20.0740870531185,7.65788828593066,5.06462601269441,35.0835480935426
8,never,original,-1,0,0,0,0
8,never,original,0,53.8569765967096,8.28065582460176,37.6268911804901,70.087062012929
8,never,original,1,72.4372247074827,9.00768245505767,54.7821670955697,90.0922823193958
8,never,original,2,61.5435042283308,10.092080738769,41.7630259803435,81.3239824763181
8,never,original,3,51.5106056770879,9.31097177520707,33.2611009976821,69.7601103564938
8,never,original,4,12.7498686936318,8.47791250007419,-3.86683980651365,29.3665771937772
8,never,rotated,-5,-9.98190215310011,9.93304801704457,-29.4506762665075,9.48687196030726
8,never,rotated,-4,-12.7392529699646,10.4578500358042,-33.2366390401408,7.75813310021163
8,never,rotated,-3,31.1479456627413,8.13907583746928,15.1953570213015,47.1005343041811
8,never,rotated,-2,15.8494761968115,7.65788828593066,0.840015156387452,30.8589372372356
8,never,rotated,-1,0,0,0,0
8,never,rotated,0,58.0815874530165,8.28065582460176,41.8515020367971,74.311672869236
8,never,rotated,1,80.8864464200967,9.00768245505767,63.2313888081836,98.5415040320097
8,never,rotated,2,74.2173367972517,10.092080738769,54.4368585492644,93.997815045239
8,never,rotated,3,68.4090491023158,9.31097177520707,50.1595444229099,86.6585537817216
8,never,rotated,4,33.8729229751666,8.47791250007419,17.2562144750212,50.489631475312
9,never,original,-5,-23.4006156656843,10.8201598695315,-44.608129009966,-2.19310232140252
9,never,original,-4,-27.2296328246871,12.3344850117347,-51.4052234476872,-3.05404220168697
9,never,original,-3,14.7998679705793,8.28117435589866,-1.43123376698205,31.0309697081407
9,never,original,-2,7.95470300070533,7.31229674870979,-6.37739862676585,22.2868046281765
9,never,original,-1,0,0,0,0
9,never,original,0,0.172904083237237,8.58367230499613,-16.6510936345552,16.9969018010297
9,never,original,1,26.6576955900318,7.57806606301526,11.8046861065219,41.5107050735417
9,never,original,2,16.4895079565004,9.18988713830723,-1.52267083458172,34.5016867475826
9,never,original,3,14.9359278224324,9.68766757085438,-4.05190061644215,33.923756261307
9,never,original,4,-16.558453803646,9.59276226782596,-35.3602678485849,2.2433602412929
9,never,rotated,-5,-5.03569270635969,10.8201598695315,-26.2432060506414,16.171820637922
9,never,rotated,-4,-13.4559406051936,12.3344850117347,-37.6315312281937,10.7196500178065
9,never,rotated,-3,23.9823294502416,8.28117435589866,7.75122771268023,40.213431187803
9,never,rotated,-2,12.5459337405365,7.31229674870979,-1.78616788693471,26.8780353680077
9,never,rotated,-1,0,0,0,0
9,never,rotated,0,-4.41832665659391,8.58367230499613,-21.2423243743863,12.4056710611985
9,never,rotated,1,17.4752341103695,7.57806606301526,2.62222462685962,32.3282435938794
9,never,rotated,2,2.71581573700702,9.18988713830723,-15.2963630540751,20.7279945280892
9,never,rotated,3,-3.42899513689214,9.68766757085438,-22.4168235757667,15.5588333019824
9,never,rotated,4,-39.5146075028017,9.59276226782596,-58.3164215477406,-20.7127934578628
10,never,original,-5,-3.40379112413578,8.76385203871008,-20.5809411200075,13.773358871736
10,never,original,-4,5.1446220829561,6.62896569830158,-7.84815068571499,18.1373948516272
10,never,original,-3,5.35549241916186,7.24654092888143,-8.84772780144574,19.5587126397695
10,never,original,-2,0.68462606990529,6.68601733567536,-12.4199679080184,13.789220047829
10,never,original,-1,0,0,0,0
10,never,original,0,10.7405740947837,7.16038505924809,-3.29378062134253,24.77492881091
10,never,original,1,19.1907037991303,7.23277671813111,5.01446143159327,33.3669461666672
10,never,original,2,12.5924476645993,8.33935185292442,-3.75268196713258,28.9375772963311
10,never,original,3,12.5123669772399,9.04703091563683,-5.21981361740827,30.2445475718881
10,never,original,4,1.6985642921098,9.42368031495448,-16.771849125201,20.1689777094206
10,never,rotated,-5,-5.16569947887634,8.76385203871008,-22.3428494747481,12.0114505169954
10,never,rotated,-4,3.82319081690068,6.62896569830158,-9.16958195177041,16.8159635855718
10,never,rotated,-3,4.47453824179158,7.24654092888143,-9.72868197881602,18.6777584623992
10,never,rotated,-2,0.244148981220149,6.68601733567536,-12.8604449967035,13.3487429591438
10,never,rotated,-1,0,0,0,0
10,never,rotated,0,11.1810511834689,7.16038505924809,-2.85330353265739,25.2154058995951
10,never,rotated,1,20.0716579765005,7.23277671813111,5.89541560896356,34.2479003440375
10,never,rotated,2,13.9138789306547,8.33935185292442,-2.43125070107716,30.2590085623866
10,never,rotated,3,14.2742753319805,9.04703091563683,-3.45790526266771,32.0064559266287
10,never,rotated,4,3.9009497355355,9.42368031495448,-14.5694636817753,22.3713631528463
11,never,original,-5,1.72782900246865,11.4256735137428,-20.6664910844672,24.1221490894045
11,never,original,-4,5.82262414067513,10.2872026825601,-14.3402931171427,25.985541398493
11,never,original,-3,24.0641113261228,9.12575941897477,6.17762286493222,41.9505997873133
11,never,original,-2,30.5829557677611,8.58339365330085,13.7595042072914,47.4064073282308
11,never,original,-1,0,0,0,0
11,never,original,0,64.7540570739668,8.98312250398657,47.1471369661531,82.3609771817804
11,never,original,1,103.407475046599,10.6344403942558,82.5639718738571,124.25097821934
11,never,original,2,60.6619998608218,11.423952079935,38.2710537841492,83.0529459374944
11,never,original,3,65.8395423849149,11.2607185761873,43.7685339755877,87.9105507942421
11,never,original,4,5.16743508932088,10.6953566422369,-15.7954639294634,26.1303341081052
11,never,rotated,-5,-12.0175532444522,11.4256735137428,-34.411873331388,10.3767668424836
11,never,rotated,-4,-4.48641254451553,10.2872026825601,-24.6493298023333,15.6765047133023
11,never,rotated,-3,17.1914202026623,9.12575941897477,-0.69506825852822,35.0779086638529
11,never,rotated,-2,27.1466102060309,8.58339365330085,10.3231586455612,43.9700617665006
11,never,rotated,-1,0,0,0,0
11,never,rotated,0,68.190402635697,8.98312250398657,50.5834825278833,85.7973227435106
11,never,rotated,1,110.280166170059,10.6344403942558,89.4366629973176,131.1236693428
11,never,rotated,2,70.9710365460125,11.423952079935,48.5800904693399,93.361982622685
11,never,rotated,3,79.5849246318358,11.2607185761873,57.5139162225086,101.655933041163
11,never,rotated,4,22.349162897972,10.6953566422369,1.38626387918766,43.3120619167563
12,never,original,-5,-75.0425568979561,16.1423503909775,-106.681563664272,-43.4035501316402
12,never,original,-4,-75.79311848437,14.9247410652937,-105.045610972346,-46.5406259963944
12,never,original,-3,-51.4303222756501,10.5906149489486,-72.1879275755894,-30.6727169757109
12,never,original,-2,-19.5571363951388,7.93496528288248,-35.1096683495885,-4.00460444068912
12,never,original,-1,0,0,0,0
12,never,original,0,-37.7700984404548,12.5334012911248,-62.3355649710594,-13.2046319098501
12,never,original,1,-1.59670470967583,9.40582770335937,-20.0321270082602,16.8387175889085
12,never,original,2,-37.5321875552824,10.4579621264101,-58.0297933230462,-17.0345817875186
12,never,original,3,-12.9564047980598,10.2246411659268,-32.9967014832763,7.08389188715664
12,never,original,4,-32.9682509439982,10.2278102924922,-53.0147591172829,-12.9217427707136
12,never,rotated,-5,11.6197583008937,16.1423503909775,-20.0192484654222,43.2587650672096
12,never,rotated,-4,-10.7963820852327,14.9247410652937,-40.0488745732083,18.456110402743
12,never,rotated,-3,-8.09916467622523,10.5906149489486,-28.8567699761645,12.658440623714
12,never,rotated,-2,2.10844240457365,7.93496528288248,-13.444089549876,17.6609743590233
12,never,rotated,-1,0,0,0,0
12,never,rotated,0,-59.4356772401672,12.5334012911248,-84.0011437707718,-34.8702107095626
12,never,rotated,1,-44.9278623091007,9.40582770335937,-63.3632846076851,-26.4924400105163
12,never,rotated,2,-102.52892395442,10.4579621264101,-123.026529722184,-82.031318186656
12,never,rotated,3,-99.6187199969096,10.2246411659268,-119.659016682126,-79.5784233116931
12,never,rotated,4,-141.29614494256,10.2278102924922,-161.342653115845,-121.249636769276
13,never,original,-5,-5.91633311618714,8.90190696625525,-23.3640707700474,11.5314045376732
13,never,original,-4,6.86330214215502,6.89397610318022,-6.6488910200782,20.3754953043882
13,never,original,-3,5.60269112979076,7.23758743319671,-8.58298023927479,19.7883624988563
13,never,original,-2,2.14251868386393,6.99042070635797,-11.5587059005977,15.8437432683255
13,never,original,-1,0,0,0,0
13,never,original,0,11.4691858318796,7.36055979003093,-2.95751135658101,25.8958830203402
13,never,original,1,22.5505441956114,7.49295415626565,7.86435404933076,37.2367343418921
13,never,original,2,12.6145114052464,8.38522543335514,-3.82053044412972,29.0495532546224
13,never,original,3,15.7038643920353,9.25182059961524,-2.42970398321059,33.8374327672812
13,never,original,4,1.60850608548742,9.51092376083783,-17.0329044857547,20.2499166567296
13,never,rotated,-5,-7.2859964368754,8.90190696625525,-24.7337340907357,10.1617412169849
13,never,rotated,-4,5.83605465163883,6.89397610318022,-7.6761385105944,19.348247813872
13,never,rotated,-3,4.91785946944663,7.23758743319671,-9.26781189961892,19.1035308385122
13,never,rotated,-2,1.80010285369186,6.99042070635797,-11.9011217307698,15.5013274381535
13,never,rotated,-1,0,0,0,0
13,never,rotated,0,11.8116016620517,7.36055979003093,-2.61509552640895,26.2382988505123
13,never,rotated,1,23.2353758559556,7.49295415626565,8.54918570967489,37.9215660022363
13,never,rotated,2,13.6417588957626,8.38522543335514,-2.79328295361352,30.0768007451386
13,never,rotated,3,17.0735277127236,9.25182059961524,-1.06004066252233,35.2070960879694
13,never,rotated,4,3.32058523634775,9.51092376083783,-15.3208253348944,21.9619958075899
14,never,original,-5,11.4459949771867,10.7203982760314,-9.56598564383486,32.4579755982083
14,never,original,-4,22.0681870370715,10.0989284795101,2.27428721723167,41.8620868569114
14,never,original,-3,30.6131153327986,9.96006845227194,11.0913811663456,50.1348494992517
14,never,original,-2,32.2368367198398,8.72557848222708,15.1347028946748,49.3389705450049
14,never,original,-1,0,0,0,0
14,never,original,0,31.7836363492549,8.77290248323161,14.588747482121,48.9785252163889
14,never,original,1,78.6637677009019,9.67745305451044,59.6959597140614,97.6315756877424
14,never,original,2,25.7098985757791,10.094614646572,5.9244538684979,45.4953432830602
14,never,original,3,32.5135827005162,10.2918649910236,12.34152731811,52.6856380829223
14,never,original,4,-31.382060969779,10.726814483436,-52.4066173573136,-10.3575045822444
14,never,rotated,-5,-15.9475528101998,10.7203982760314,-36.9595334312213,5.06442781082179
14,never,rotated,-4,1.52302619653168,10.0989284795101,-18.2708736233082,21.3169260163716
14,never,rotated,-3,16.9163414391054,9.96006845227194,-2.6053927273476,36.4380756055584
14,never,rotated,-2,25.3884497729932,8.72557848222708,8.28631594782814,42.4905835981583
14,never,rotated,-1,0,0,0,0
14,never,rotated,0,38.6320232961016,8.77290248323161,21.4371344289676,55.8269121632355
14,never,rotated,1,92.3605415945951,9.67745305451044,73.3927336077547,111.328349581436
14,never,rotated,2,46.2550594163189,10.094614646572,26.4696147090378,66.0405041236001
14,never,rotated,3,59.9071304879026,10.2918649910236,39.7350751054965,80.0791858703088
14,never,rotated,4,2.85987376445409,10.726814483436,-18.1646826230805,23.8844301519887
15,never,original,-5,-5.91821878918689,8.84364661564274,-23.2517661558467,11.4153285774729
15,never,original,-4,6.37271014458943,6.85132109533707,-7.05587920227123,19.8012994914501
15,never,original,-3,5.57333101879428,7.21971227991047,-8.57730504983023,19.7239670874188
15,never,original,-2,1.93534367032363,6.94685702032824,-11.6804960895197,15.551183430167
15,never,original,-1,0,0,0,0
15,never,original,0,11.6627920650267,7.32869010883856,-2.70144054829688,26.0270246783503
15,never,original,1,22.3853062639118,7.44375245245047,7.79555145710886,36.9750610707147
15,never,original,2,12.8142586339523,8.36082640820381,-3.57296112612719,29.2014783940318
15,never,original,3,15.4855517599892,9.21776658332067,-2.58127074331936,33.5523742632977
15,never,original,4,1.84633891556438,9.49619310871844,-16.7661995775238,20.4588774086525
15,never,rotated,-5,-7.05518692051128,8.84364661564274,-24.3887342871711,10.2783604461485
15,never,rotated,-4,5.51998404609614,6.85132109533707,-7.90860530076453,18.9485733929568
15,never,rotated,-3,5.00484695313209,7.21971227991047,-9.14578911549243,19.1554830217566
15,never,rotated,-2,1.65110163749253,6.94685702032824,-11.9647381223508,15.2669413973359
15,never,rotated,-1,0,0,0,0
15,never,rotated,0,11.9470340978578,7.32869010883856,-2.41719851546578,26.3112667111814
15,never,rotated,1,22.953790329574,7.44375245245047,8.36403552277106,37.5435451363769
15,never,rotated,2,13.6669847324456,8.36082640820381,-2.7202350276339,30.054204492525
15,never,rotated,3,16.6225198913135,9.21776658332067,-1.44430261199497,34.689342394622
15,never,rotated,4,3.26754907971986,9.49619310871844,-15.3449894133683,21.880087572808
16,never,original,-5,-5.91821877405976,8.84366930454737,-23.2518106109726,11.4153730628531
16,never,original,-4,6.37271014512881,6.85133922929044,-7.05591474428045,19.8013350345381
16,never,original,-3,5.57333102848362,7.21972205957224,-8.57732420827796,19.7239862652452
16,never,original,-2,1.93534367407736,6.94688556793486,-11.680552039075,15.5512393872297
16,never,original,-1,0,0,0,0
16,never,original,0,11.6627920684999,7.32871090672134,-2.70148130867397,26.0270654456737
16,never,original,1,22.3853062631769,7.44377249813084,7.79551216684046,36.9751003595133
16,never,original,2,12.8142586441607,8.36085020522915,-3.57300775808841,29.2015250464099
16,never,original,3,15.4855517603566,9.21783708337015,-2.58140892304894,33.5525124437621
16,never,original,4,1.84633890795602,9.49622317021542,-16.7662585056662,20.4589363215782
16,never,rotated,-5,-7.05518691675202,8.84366930454737,-24.3887787536649,10.2784049201608
16,never,rotated,-4,5.51998403810961,6.85133922929044,-7.90864085129965,18.9486089275189
16,never,rotated,-3,5.00484695713748,7.21972205957224,-9.1458082796241,19.1555021938991
16,never,rotated,-2,1.65110163840429,6.94688556793486,-11.964794074748,15.2669973515566
16,never,rotated,-1,0,0,0,0
16,never,rotated,0,11.9470341041729,7.32871090672134,-2.4172392730009,26.3113074813467
16,never,rotated,1,22.953790334523,7.44377249813084,8.3639962381866,37.5435844308595
16,never,rotated,2,13.6669847511799,8.36085020522915,-2.72028165106921,30.0542511534291
16,never,rotated,3,16.6225199030488,9.21783708337015,-1.44444078035667,34.6894805864543
16,never,rotated,4,3.26754908632135,9.49622317021542,-15.3450483273009,21.8801464999436
17,never,original,-5,-5.77277677102149,9.76758840630508,-24.9172500473795,13.3716965053365
17,never,original,-4,-8.04765919513516,11.2493053712708,-30.0962977228259,14.0009793325556
17,never,original,-3,33.9292159023661,8.04432515353881,18.16233860143,49.6960932033022
17,never,original,-2,19.4551645749174,7.92525786210048,3.92165916520042,34.9886699846343
17,never,original,-1,0,0,0,0
17,never,original,0,58.2181490791703,8.53743266373818,41.4847810582435,74.9515171000972
17,never,original,1,75.7087078420744,9.23002122859268,57.6178662340328,93.7995494501161
17,never,original,2,61.7891922357276,10.5177109977613,41.1744786801153,82.4039057913398
17,never,original,3,50.5111120690669,10.8991377566876,29.1488020659591,71.8734220721746
17,never,original,4,9.84013590927012,10.0955582580158,-9.94715827644078,29.627430094981
17,never,rotated,-5,-11.1167116657092,9.76758840630508,-30.2611849420672,8.02776161064872
17,never,rotated,-4,-12.055610366151,11.2493053712708,-34.1042488938417,9.99302816153977
17,never,rotated,-3,31.2572484550222,8.04432515353881,15.4903711540862,47.0241257559583
17,never,rotated,-2,18.1191808512454,7.92525786210048,2.58567544152849,33.6526862609624
17,never,rotated,-1,0,0,0,0
17,never,rotated,0,59.5541328028423,8.53743266373818,42.8207647819155,76.2875008237691
17,never,rotated,1,78.3806752894183,9.23002122859268,60.2898336813766,96.4715168974599
17,never,rotated,2,65.7971434067434,10.5177109977613,45.1824298511311,86.4118569623556
17,never,rotated,3,55.8550469637546,10.8991377566876,34.4927369606469,77.2173569668624
17,never,rotated,4,16.5200545276298,10.0955582580158,-3.26723965808109,36.3073487133407
18,never,original,-5,-62.3261849163083,13.1796954918666,-88.1583880803668,-36.4939817522498
18,never,original,-4,-65.605009409088,14.2689792210592,-93.5722086823641,-37.637810135812
18,never,original,-3,-27.921351521184,8.88674658240394,-45.3393748226957,-10.5033282196723
18,never,original,-2,-14.199017684482,7.68844736287911,-29.268374515725,0.870339146761095
18,never,original,-1,0,0,0,0
18,never,original,0,-34.8538717071854,10.8416132932427,-56.1034337619411,-13.6043096524297
18,never,original,1,-3.26903635909019,9.16374861273471,-21.2299836400502,14.6919109218698
18,never,original,2,-14.4748341787494,9.20411514387237,-32.5148998607392,3.56523150324047
18,never,original,3,-2.76033793837253,9.41905558159237,-21.2216868782936,15.7010110015485
18,never,original,4,-17.9866143238206,9.56746744291997,-36.7388505119437,0.765621864302567
18,never,rotated,-5,6.49534689960467,13.1796954918666,-19.3368562644539,32.3275500636632
18,never,rotated,-4,-13.9888605471533,14.2689792210592,-41.9560598204294,13.9783387261228
18,never,rotated,-3,6.48941438677249,8.88674658240394,-10.9286089147392,23.9074376882842
18,never,rotated,-2,3.00636526949628,7.68844736287911,-12.0629915617468,18.0757221007393
18,never,rotated,-1,0,0,0,0
18,never,rotated,0,-52.0592546611637,10.8416132932427,-73.3088167159194,-30.809692606408
18,never,rotated,1,-37.6798022670467,9.16374861273471,-55.6407495480067,-19.7188549860866
18,never,rotated,2,-66.0909830406841,9.20411514387237,-84.131048722674,-48.0509173586943
18,never,rotated,3,-71.5818697542855,9.41905558159237,-90.0432186942066,-53.1205208143645
18,never,rotated,4,-104.013529093712,9.56746744291997,-122.765765281835,-85.2612929055887
19,never,original,-5,-3.40239966337072,8.7639092657398,-20.5796618242207,13.7748624974793
19,never,original,-4,5.14665719088013,6.62913524406199,-7.84644788748138,18.1397622692416
19,never,original,-3,5.35949525994473,7.24657343268181,-8.84378866811163,19.5627791880011
19,never,original,-2,0.688123119508941,6.68601271820355,-12.41646180817,13.7927080471879
19,never,original,-1,0,0,0,0
19,never,original,0,10.7445120525038,7.16058302396165,-3.29023067446104,24.7792547794686
19,never,original,1,19.1947174250019,7.23277066203411,5.01848692741502,33.3709479225887
19,never,original,2,12.5960152603297,8.33995985136829,-3.75030604835213,28.9423365690116
19,never,original,3,12.5166442638379,9.04711093165811,-5.21569316221195,30.2489816898878
19,never,original,4,1.70301044050254,9.42345876276961,-16.7669687345259,20.172989615531
19,never,rotated,-5,-5.16739787117817,8.7639092657398,-22.3446600320282,12.0098642896718
19,never,rotated,-4,3.82290853502454,6.62913524406199,-9.17019654333697,16.816013613386
19,never,rotated,-3,4.476996156041,7.24657343268181,-9.72628777201535,18.6802800840974
19,never,rotated,-2,0.246873567557076,6.68601271820355,-12.8577113601219,13.351458495236
19,never,rotated,-1,0,0,0,0
19,never,rotated,0,11.1857616044557,7.16058302396165,-2.84898112250917,25.2205043314205
19,never,rotated,1,20.0772165289056,7.23277066203411,5.90098603131875,34.2534470264925
19,never,rotated,2,13.9197639161853,8.33995985136829,-2.42655739249654,30.2660852248672
19,never,rotated,3,14.2816424716454,9.04711093165811,-3.4506949544045,32.0139798976953
19,never,rotated,4,3.90925820026186,9.42345876276961,-14.5607209747666,22.3792373752903
20,never,original,-5,4.90009973358939,10.4911655599591,-15.6625847639304,25.4627842311092
20,never,original,-4,8.10394404099434,11.015761551345,-13.4869485996419,29.6948366816306
20,never,original,-3,43.3985156302551,8.66120912150126,26.4225457521127,60.3744855083976
20,never,original,-2,25.1203835559619,7.8977032980883,9.64088509170885,40.599882020215
20,never,original,-1,0,0,0,0
20,never,original,0,26.4682652947521,8.1191942573045,10.5546445504353,42.3818860390689
20,never,original,1,59.2895740917843,8.32736524896103,42.9679382038206,75.6112099797479
20,never,original,2,39.5467372128633,9.54410010598061,20.8403010051413,58.2531734205853
20,never,original,3,25.7484735168164,9.76886617743638,6.60149580904113,44.8954512245917
20,never,original,4,-24.086540632427,9.85659051184746,-43.405458035648,-4.76762322920594
20,never,rotated,-5,-15.877186382919,10.4911655599591,-36.4398708804388,4.68549811460082
20,never,rotated,-4,-7.47902054638694,11.015761551345,-29.0699131870232,14.1118720942493
20,never,rotated,-3,33.009872572001,8.66120912150126,16.0339026938585,49.9858424501434
20,never,rotated,-2,19.9260620268348,7.8977032980883,4.44656356258176,35.4055604910879
20,never,rotated,-1,0,0,0,0
20,never,rotated,0,31.6625868238792,8.1191942573045,15.7489660795623,47.576207568196
20,never,rotated,1,69.6782171500385,8.32736524896103,53.3565812620748,85.9998530380021
20,never,rotated,2,55.1297018002446,9.54410010598061,36.4232655925226,73.8361380079666
20,never,rotated,3,46.5257596333248,9.76886617743638,27.3787819255495,65.6727373411001
20,never,rotated,4,1.88506701320851,9.85659051184746,-17.4338503900125,21.2039844164295
21,never,original,-5,-3.40372448527974,8.7638260440837,-20.5808235316838,13.7733745611243
21,never,original,-4,5.14467093714988,6.62882067756465,-7.84781759087684,18.1371594651766
21,never,original,-3,5.35551975622437,7.24651151746511,-8.84764281800724,19.558682330456
21,never,original,-2,0.684631708906747,6.68590757271227,-12.4197471336093,13.7890105514228
21,never,original,-1,0,0,0,0
21,never,original,0,10.7406397892761,7.16041364884992,-3.29377096246973,24.775050541022
21,never,original,1,19.1907802946563,7.23275056616856,5.01458918496596,33.3669714043467
21,never,original,2,12.5925495584094,8.33964081557277,-3.75314644011328,28.938245556932
21,never,original,3,12.5124971143043,9.04722992705487,-5.22007354272322,30.2450677713319
21,never,original,4,1.69868465072239,9.42359635495914,-16.7715642049975,20.1689335064423
21,never,rotated,-5,-5.16569596417123,8.7638260440837,-22.3427950105753,12.0114030822328
21,never,rotated,-4,3.82319232798126,6.62882067756465,-9.16929620004546,16.815680856008
21,never,rotated,-3,4.47453401677863,7.24651151746511,-9.72862855745299,18.6776965910102
21,never,rotated,-2,0.244138839183874,6.68590757271227,-12.8602400033322,13.3485176816999
21,never,rotated,-1,0,0,0,0
21,never,rotated,0,11.181132658999,7.16041364884992,-2.85327809274686,25.2155434107448
21,never,rotated,1,20.0717660341021,7.23275056616856,5.8955749244117,34.2479571437925
21,never,rotated,2,13.914028167578,8.33964081557277,-2.43166783094467,30.2597241661006
21,never,rotated,3,14.2744685931958,9.04722992705487,-3.45810206383173,32.0070392502234
21,never,rotated,4,3.90114899933675,9.42359635495914,-14.5690998563832,22.3713978550567
22,never,original,-5,-3.40399478108634,8.76407080392926,-20.5815735567877,13.773583994615
22,never,original,-4,5.14443737823775,6.62854186093434,-7.84750466919356,18.1363794256691
22,never,original,-3,5.35532268260547,7.24623822550913,-8.84730423939243,19.5579496046034
22,never,original,-2,0.684466187034809,6.68582618993614,-12.41975314524,13.7886855193096
22,never,original,-1,0,0,0,0
22,never,original,0,10.7402702875539,7.15958403738592,-3.29251442572255,24.7730550008303
22,never,original,1,19.1905364562435,7.23224231859294,5.0153415118013,33.3657314006856
22,never,original,2,12.5922789917899,8.33909458778533,-3.75234640026935,28.9369043838492
22,never,original,3,12.5121866721749,9.04662747964051,-5.2192031879205,30.2435765322703
22,never,original,4,1.69837686077913,9.42347794969488,-16.7716399206228,20.1683936421811
22,never,rotated,-5,-5.16565405610149,8.76407080392926,-22.3432328318028,12.0119247195999
22,never,rotated,-4,3.82319292197638,6.62854186093434,-9.16874912545492,16.8151349694077
22,never,rotated,-3,4.4744930450979,7.24623822550913,-9.72813387690001,18.6771199670958
22,never,rotated,-2,0.244051368281021,6.68582618993614,-12.8601679639938,13.3482707005559
22,never,rotated,-1,0,0,0,0
22,never,rotated,0,11.1806851063076,7.15958403738592,-2.85209960696876,25.213469819584
22,never,rotated,1,20.071366093751,7.23224231859294,5.89617114930887,34.2465610381932
22,never,rotated,2,13.9135234480513,8.33909458778533,-2.43110194400799,30.2581488401105
22,never,rotated,3,14.2738459471901,9.04662747964051,-3.45754391290534,32.0052358072855
22,never,rotated,4,3.90045095454807,9.42347794969488,-14.5695658268539,22.37046773595
23,never,original,-5,-61.8682176717102,13.9525586576917,-89.2152326407859,-34.5212027026346
23,never,original,-4,-37.4403288442279,12.3609412428542,-61.667773680222,-13.2128840082337
23,never,original,-3,-17.9929075905441,9.61227251378143,-36.8329617175557,0.847146536467484
23,never,original,-2,5.62098744945144,8.34770619222087,-10.7405166873015,21.9824915862043
23,never,original,-1,0,0,0,0
23,never,original,0,-27.332545416394,10.5483447063836,-48.0073010409058,-6.65778979188213
23,never,original,1,40.9819497810125,9.58465100555493,22.1960338101249,59.7678657519002
23,never,original,2,-1.7785177317716,9.88460373860021,-21.152341059428,17.5953055958848
23,never,original,3,10.6246645981844,10.0546761563598,-9.08250066828077,30.3318298646496
23,never,original,4,-37.0587911733435,10.2890320249901,-57.225293942324,-16.892288404363
23,never,rotated,-5,-9.84705967822205,13.9525586576917,-37.1940746472977,17.4999552908536
23,never,rotated,-4,1.57553965088826,12.3609412428542,-22.6519051851059,25.8029844868824
23,never,rotated,-3,8.01767140619998,9.61227251378143,-10.8223827208116,26.8577255332116
23,never,rotated,-2,18.6262769478235,8.34770619222087,2.26477281107057,34.9877810845764
23,never,rotated,-1,0,0,0,0
23,never,rotated,0,-40.337834914766,10.5483447063836,-61.0125905392778,-19.6630792902542
23,never,rotated,1,14.9713707842684,9.58465100555493,-3.81454518661921,33.7572867551561
23,never,rotated,2,-40.7943862268877,9.88460373860021,-60.1682095545442,-21.4205628992313
23,never,rotated,3,-41.3964933953038,10.0546761563598,-61.1036586617689,-21.6893281288386
23,never,rotated,4,-102.085238665204,10.2890320249901,-122.251741434184,-81.9187358962232
24,never,original,-5,-5.91226619876487,8.89898129199758,-23.3542695310801,11.5297371335504
24,never,original,-4,6.84388592620187,6.89183929024185,-6.66411908267215,20.3518909350759
24,never,original,-3,5.60475529240535,7.23666759538367,-8.57911319454664,19.7886237793573
24,never,original,-2,2.1361295267493,6.98827908783946,-11.560897485416,15.8331565389146
24,never,original,-1,0,0,0,0
24,never,original,0,11.4812985549003,7.35896188858868,-2.94226674673355,25.9048638565341
24,never,original,1,22.5455720259278,7.49067225052518,7.86385441489848,37.2272896369572
24,never,original,2,12.6272213451901,8.38419862531589,-3.8058079604291,29.0602506508092
24,never,original,3,15.69660846663,9.25023833525864,-2.43385867047695,33.8270756037369
24,never,original,4,1.62295772045776,9.50997922042825,-17.0166015515816,20.2625169924971
24,never,rotated,-5,-7.27603061144569,8.89898129199758,-24.7180339437609,10.1659727208696
24,never,rotated,-4,5.82106261669126,6.89183929024185,-7.68694239218277,19.3290676255653
24,never,rotated,-3,4.92287308606494,7.23666759538367,-9.26099540088705,19.1067415730169
24,never,rotated,-2,1.7951884235791,6.98827908783946,-11.9018385885862,15.4922154357444
24,never,rotated,-1,0,0,0,0
24,never,rotated,0,11.8222396580705,7.35896188858868,-2.60132564356335,26.2458049597043
24,never,rotated,1,23.2274542322682,7.49067225052518,8.54573662123888,37.9091718432976
24,never,rotated,2,13.6500446547007,8.38419862531589,-2.78298465091848,30.0830739603198
24,never,rotated,3,17.0603728793108,9.25023833525864,-1.07009425779614,35.1908400164177
24,never,rotated,4,3.32766323630879,9.50997922042825,-15.3118960357306,21.9672225083482
25,never,original,-5,-5.9198214348809,8.90154662656383,-23.366852822946,11.5272099531842
25,never,original,-4,6.85678662278743,6.89372524111158,-6.65491484979128,20.3684880953661
25,never,original,-3,5.59933545213117,7.23748909464532,-8.58614317337365,19.784814077636
25,never,original,-2,2.13801294224734,6.9901840249346,-11.5627477466245,15.8387736311192
25,never,original,-1,0,0,0,0
25,never,original,0,11.4675359304379,7.36032756015558,-2.95870608746709,25.8937779483428
25,never,original,1,22.546571593626,7.49269495341428,7.86088948493399,37.232253702318
25,never,original,2,12.6127115362017,8.38492877851602,-3.8217488696897,29.0471719420931
25,never,original,3,15.6994080687034,9.25165691480375,-2.43383948431196,33.8326556217187
25,never,original,4,1.60694039108392,9.51097297531102,-17.0345666405257,20.2484474226935
25,never,rotated,-5,-7.28352249826068,8.90154662656383,-24.7305538863258,10.1635088898044
25,never,rotated,-4,5.83401082525259,6.89372524111158,-7.67769064732611,19.3457122978313
25,never,rotated,-3,4.91748492044128,7.23748909464532,-9.26799370506354,19.1029635459461
25,never,rotated,-2,1.79708767640239,6.9901840249346,-11.9036730124694,15.4978483652742
25,never,rotated,-1,0,0,0,0
25,never,rotated,0,11.8084611962828,7.36032756015558,-2.61778082162214,26.2347032141877
25,never,rotated,1,23.2284221253159,7.49269495341428,8.54274001662388,37.9141042340079
25,never,rotated,2,13.6354873337365,8.38492877851602,-2.79897307215487,30.0699477396279
25,never,rotated,3,17.0631091320832,9.25165691480375,-1.07013842093219,35.1963566850985
25,never,rotated,4,3.31156672030864,9.51097297531102,-15.329940311301,21.9530737519182
26,never,original,-5,-5.91821877333966,8.84367086434505,-23.2518136674559,11.4153761207766
26,never,original,-4,6.37271014643156,6.85136165652843,-7.05595870036417,19.8013789932273
26,never,original,-3,5.57333102949939,7.2197231254536,-8.57732629638967,19.7239883553884
26,never,original,-2,1.93534367539578,6.94688343092333,-11.680547849214,15.5512352000055
26,never,original,-1,0,0,0,0
26,never,original,0,11.6627920696522,7.32869077693208,-2.7014418531347,26.027025992439
26,never,original,1,22.3853062649873,7.44376077736357,7.79553514135467,36.9750773886199
26,never,original,2,12.8142586448012,8.36085112179723,-3.57300955392135,29.2015268435238
26,never,original,3,15.4855517626693,9.21784618239259,-2.58142675482015,33.5525302801588
26,never,original,4,1.84633890876147,9.496230073691,-16.7662720356729,20.4589498531958
26,never,rotated,-5,-7.05518691738373,8.84367086434505,-24.3887818115,10.2784079767326
26,never,rotated,-4,5.5199840383985,6.85136165652843,-7.90868480839723,18.9486528851942
26,never,rotated,-3,5.00484695747735,7.2197231254536,-9.14581036841171,19.1555042833664
26,never,rotated,-2,1.65110163938476,6.94688343092333,-11.964789885225,15.2669931639945
26,never,rotated,-1,0,0,0,0
26,never,rotated,0,11.9470341056632,7.32869077693208,-2.41719981712368,26.3112680284501
26,never,rotated,1,22.9537903370093,7.44376077736357,8.36401921337671,37.5435614606419
26,never,rotated,2,13.6669847528343,8.36085112179723,-2.72028344588829,30.0542529515568
26,never,rotated,3,16.6225199067134,9.21784618239259,-1.44445861077607,34.6894984242029
26,never,rotated,4,3.26754908881656,9.496230073691,-15.3450618556178,21.8801600332509
27,never,original,-5,-20.4994320015728,11.5951155514616,-43.2258584824375,2.22699447929197
27,never,original,-4,-19.6508127783287,12.2189516529545,-43.5999580181196,4.29833246146217
27,never,original,-3,22.9268726098654,8.35283927157405,6.5553076375803,39.2984375821506
27,never,original,-2,17.8747452703759,8.15966197699595,1.88180779546381,33.867682745288
27,never,original,-1,0,0,0,0
27,never,original,0,1.94022668408855,9.80737920346406,-17.282236554701,21.1626899228781
27,never,original,1,41.0832155794752,9.1035459159513,23.2402655842107,58.9261655747398
27,never,original,2,31.6424744315831,9.23931119990851,13.5334244797624,49.7515243834038
27,never,original,3,21.1447139692552,9.82128989122041,1.89498578246323,40.3944421560472
27,never,original,4,-28.3581901878001,9.94930945341285,-47.8588367164893,-8.85754365911089
27,never,rotated,-5,-10.20320855475,11.5951155514616,-32.9296350356148,12.5232179261147
27,never,rotated,-4,-11.9286451932117,12.2189516529545,-35.8777904330025,12.0205000465792
27,never,rotated,-3,28.0749843332768,8.35283927157405,11.7034193609917,44.4465493055619
27,never,rotated,-2,20.4488011320816,8.15966197699595,4.45586365716949,36.4417386069936
27,never,rotated,-1,0,0,0,0
27,never,rotated,0,-0.633829177617128,9.80737920346406,-19.8562924164067,18.5886340611724
27,never,rotated,1,35.9351038560639,9.1035459159513,18.0921538607993,53.7780538513284
27,never,rotated,2,23.9203068464661,9.23931119990851,5.81125689464538,42.0293567982867
27,never,rotated,3,10.8484905224325,9.82128989122041,-8.40123766435949,30.0982187092245
27,never,rotated,4,-41.2284694963285,9.94930945341285,-60.7291160250177,-21.7278229676393
28,never,original,-5,-3.40208031387109,8.76388276184189,-20.5792905270812,13.775129899339
28,never,original,-4,5.14700323330638,6.62897645809518,-7.84579062456017,18.1397970911729
28,never,original,-3,5.35988132838045,7.24655638657355,-8.84336918930369,19.5631318460646
28,never,original,-2,0.688373980936006,6.68594901398868,-12.4160860864818,13.7928340483538
28,never,original,-1,0,0,0,0
28,never,original,0,10.7448485741055,7.1607246096897,-3.29017166088631,24.7798688090973
28,never,original,1,19.1951073018135,7.23291891386846,5.01858623063131,33.3716283729957
28,never,original,2,12.5964923612425,8.34036425699266,-3.75062158246307,28.9436063049482
28,never,original,3,12.5170447075521,9.04747501990479,-5.2160063314613,30.2500957465655
28,never,original,4,1.70317546798157,9.42332873881275,-16.7665488600914,20.1728997960546
28,never,rotated,-5,-5.16752365815532,8.76388276184189,-22.3447338713654,12.0096865550548
28,never,rotated,-4,3.82292072509321,6.62897645809518,-9.16987313277333,16.8157145829598
28,never,rotated,-3,4.47715965623834,7.24655638657355,-9.72609086144581,18.6804101739225
28,never,rotated,-2,0.247013144864949,6.68594901398868,-12.8574469225529,13.3514732122828
28,never,rotated,-1,0,0,0,0
28,never,rotated,0,11.1862094101766,7.1607246096897,-2.84881082481526,25.2212296451684
28,never,rotated,1,20.0778289739556,7.23291891386846,5.90130790277343,34.2543500451378
28,never,rotated,2,13.9205748694557,8.34036425699266,-2.4265390742499,30.2676888131613
28,never,rotated,3,14.2824880518363,9.04747501990479,-3.45056298717707,32.0155390908497
28,never,rotated,4,3.90997964833685,9.42332873881275,-14.5597446797362,22.3797039764098
29,never,original,-5,-3.40284829961937,8.764209082113,-20.5806981005608,13.7750015013221
29,never,original,-4,5.14605539686082,6.62858284978283,-7.84596698871353,18.1380777824352
29,never,original,-3,5.35841046564723,7.24619881513916,-8.84413921202553,19.56096014332
29,never,original,-2,0.687168583117641,6.68575798413897,-12.4169170657947,13.79125423203
29,never,original,-1,0,0,0,0
29,never,original,0,10.7433514512737,7.15963363019563,-3.28953046390978,24.7762333664571
29,never,original,1,19.1936269198384,7.23218117170495,5.01855182329664,33.3687020163801
29,never,original,2,12.5950331887564,8.33939396202185,-3.75017897680646,28.9402453543192
29,never,original,3,12.5154822007887,9.04641110705592,-5.21548356904094,30.2464479706183
29,never,original,4,1.70179900522813,9.42337103647198,-16.7680082262569,20.1716062367132
29,never,rotated,-5,-5.16694996715498,8.764209082113,-22.3447997680965,12.0108998337865
29,never,rotated,-4,3.82297914620911,6.62858284978283,-9.16904323936524,16.8150015317835
29,never,rotated,-3,4.47635963187942,7.24619881513916,-9.72619004579334,18.6789093095522
29,never,rotated,-2,0.246143166233738,6.68575798413897,-12.8579424826786,13.3502288151461
29,never,rotated,-1,0,0,0,0
29,never,rotated,0,11.1843768681576,7.15963363019563,-2.84850504702587,25.217258783341
29,never,rotated,1,20.0756777536062,7.23218117170495,5.90060265706445,34.2507528501479
29,never,rotated,2,13.9181094394081,8.33939396202185,-2.42710272615475,30.2633216049709
29,never,rotated,3,14.2795838683243,9.04641110705592,-3.45138190150533,32.0105496381539
29,never,rotated,4,3.90692608964765,9.42337103647198,-14.5628811418374,22.3767333211327
30,never,original,-5,-3.40404465506998,8.76414798952437,-20.5817747145377,13.7736854043978
30,never,original,-4,5.14438676663167,6.62821043998405,-7.84690569573707,18.1356792290004
30,never,original,-3,5.35526235242308,7.24623654018973,-8.84736126634879,19.557885971195
30,never,original,-2,0.684423440839858,6.68564178244112,-12.4194344527447,13.7882813344244
30,never,original,-1,0,0,0,0
30,never,original,0,10.7402313546469,7.15951178605346,-3.29241174601791,24.7728744553117
30,never,original,1,19.1905014744702,7.23211677875208,5.0155525881161,33.3654503608242
30,never,original,2,12.5922624132224,8.33889781600465,-3.75197730614675,28.9365021325915
30,never,original,3,12.5121824033616,9.04663082875656,-5.21921402100127,30.2435788277245
30,never,original,4,1.69838023594133,9.42360141057639,-16.7718785287884,20.1686390006711
30,never,rotated,-5,-5.16563529844346,8.76414798952437,-22.3433653579112,12.0120947610243
30,never,rotated,-4,3.82319378410156,6.62821043998405,-9.16809867826718,16.8144862464703
30,never,rotated,-3,4.47446703073634,7.24623654018973,-9.72815658803553,18.6770906495082
30,never,rotated,-2,0.244025779996487,6.68564178244112,-12.8598321135881,13.3478836735811
30,never,rotated,-1,0,0,0,0
30,never,rotated,0,11.1806290154903,7.15951178605346,-2.85201408517454,25.213272116155
30,never,rotated,1,20.0712967961569,7.23211677875208,5.89634790980284,34.246245682511
30,never,rotated,2,13.9134553957525,8.33889781600465,-2.43078432361664,30.2576951151216
30,never,rotated,3,14.2737730467351,9.04663082875656,-3.45762337762779,32.005169471098
30,never,rotated,4,3.90036854015818,9.42360141057639,-14.5698902245716,22.3706273048879
31,never,original,-5,-5.92040353196622,8.90048161234502,-23.3653474921625,11.52454042823
31,never,original,-4,6.84895530562576,6.89315280721392,-6.66162419651352,20.359534807765
31,never,original,-3,5.60001720470633,7.23720517329531,-8.58490493495247,19.7849393443651
31,never,original,-2,2.13583161218279,6.98955578111282,-11.5636977187983,15.8353609431639
31,never,original,-1,0,0,0,0
31,never,original,0,11.4731099370956,7.35982123595011,-2.95213968536658,25.8983595595579
31,never,original,1,22.5465140668473,7.4919322665816,7.86232682434737,37.2307013093472
31,never,original,2,12.6179878503472,8.38458108555975,-3.81579107734993,29.0517667780443
31,never,original,3,15.6981815011992,9.25116954096519,-2.43411079909257,33.830473801491
31,never,original,4,1.61289086268892,9.51070011228322,-17.0280813573862,20.253863082764
31,never,rotated,-5,-7.2805525733806,8.90048161234502,-24.7254965335768,10.1643913868156
31,never,rotated,-4,5.82884352456497,6.89315280721392,-7.68173597757431,19.3394230267043
31,never,rotated,-3,4.91994268399914,7.23720517329531,-9.26497945565966,19.104864823658
31,never,rotated,-2,1.7957943518292,6.98955578111282,-11.9037349791519,15.4953236828103
31,never,rotated,-1,0,0,0,0
31,never,rotated,0,11.8131471974492,7.35982123595011,-2.61210242501298,26.2383968199115
31,never,rotated,1,23.2265885875545,7.4919322665816,8.54240134505456,37.9107758300544
31,never,rotated,2,13.638099631408,8.38458108555975,-2.79567929628915,30.0718785591051
31,never,rotated,3,17.0583305426136,9.25116954096519,-1.07396175767819,35.1906228429053
31,never,rotated,4,3.31307716445689,9.51070011228322,-15.3278950556182,21.954049384532
32,never,original,-5,-3.40278466472509,8.76423154737258,-20.5806784975753,13.7751091681252
32,never,original,-4,5.14614803916435,6.62814417263531,-7.84501453920087,18.1373106175296
32,never,original,-3,5.3585390816774,7.24618418103195,-8.84398191314522,19.5610600765
32,never,original,-2,0.687224236471307,6.68548845515797,-12.4163331356383,13.7907816085809
32,never,original,-1,0,0,0,0
32,never,original,0,10.7434160220625,7.15946611542425,-3.28913756416903,24.775969608294
32,never,original,1,19.193774969766,7.23195918451512,5.01913496811632,33.3684149714156
32,never,original,2,12.5952524082352,8.33910350960225,-3.74939047058516,28.9398952870556
32,never,original,3,12.5156348880588,9.04661854998383,-5.21573746990947,30.2470072460272
32,never,original,4,1.70177526912002,9.42348274110044,-16.7682509034368,20.1718014416769
32,never,rotated,-5,-5.1669990458476,8.76423154737258,-22.3448928786979,12.0108947870027
32,never,rotated,-4,3.82298725332247,6.62814417263531,-9.16817532504275,16.8141498316877
32,never,rotated,-3,4.47643189111615,7.24618418103195,-9.72608910370647,18.6789528859388
32,never,rotated,-2,0.246170641190681,6.68548845515797,-12.8573867309189,13.3497280133003
32,never,rotated,-1,0,0,0,0
32,never,rotated,0,11.1844696173431,7.15946611542425,-2.84808396888841,25.2170232035747
32,never,rotated,1,20.0758821603272,7.23195918451512,5.90124215867757,34.2505221619768
32,never,rotated,2,13.9184131940771,8.33910350960225,-2.42622968474328,30.2630560728975
32,never,rotated,3,14.2798492691813,9.04661854998383,-3.45152308878696,32.0112216271497
32,never,rotated,4,3.90704324552315,9.42348274110044,-14.5629829270337,22.37706941808
1,both,original,-5,-16.1400571722744,8.15071835900152,-32.1154651559174,-0.164649188631397
1,both,original,-4,-41.3566513424181,8.1758745819881,-57.3813655231148,-25.3319371617215
1,both,original,-3,-5.09323791382783,7.79091674627608,-20.3634347365289,10.1769589088733
1,both,original,-2,-2.02512787136664,6.82303123093213,-15.3982690839936,11.3480133412603
1,both,original,-1,0,0,0,0
1,both,original,0,4.20282839718497,6.2639458065458,-8.07450538364481,16.4801621780147
1,both,original,1,19.6875597606071,6.61407546970261,6.72397183998998,32.6511476812242
1,both,original,2,8.48389067644198,8.40187165296087,-7.98377776336133,24.9515591162453
1,both,original,3,30.0368186206863,8.36285141674018,13.6456298438755,46.4280073974971
1,both,original,4,8.03384902747704,8.52082507700259,-8.66696812344805,24.7346661784021
1,both,rotated,-5,10.6388476831089,8.15071835900152,-5.33656030053412,26.6142556667518
1,both,rotated,-4,-21.2724727008807,8.1758745819881,-37.2971868815774,-5.24775852018404
1,both,rotated,-3,8.29621451386378,7.79091674627608,-6.97398230883733,23.5664113365649
1,both,rotated,-2,4.66959834247917,6.82303123093213,-8.70354287014781,18.0427395551061
1,both,rotated,-1,0,0,0,0
1,both,rotated,0,-2.49189781666084,6.2639458065458,-14.7692315974906,9.78543596416894
1,both,rotated,1,6.29810733291549,6.61407546970261,-6.66548058770163,19.2616952535326
1,both,rotated,2,-11.6002879650954,8.40187165296087,-28.0679564048988,4.86738047470787
1,both,rotated,3,3.25791376530307,8.36285141674018,-13.1332750115077,19.6491025421138
1,both,rotated,4,-25.439782041752,8.52082507700259,-42.1405991926771,-8.73896489082691
2,both,original,-5,-11.4009284935406,8.5771176991443,-28.2120791838635,5.4102221967822
2,both,original,-4,-17.9661803660499,8.09626026043289,-33.8348504764984,-2.09751025560144
2,both,original,-3,20.8898332694628,6.99948518437897,7.17084230808003,34.6088242308456
2,both,original,-2,9.7420263035137,6.27202343877564,-2.55113963648656,22.035192243514
2,both,original,-1,0,0,0,0
2,both,original,0,21.3545467505959,6.39827601390555,8.81392576334101,33.8951677378508
2,both,original,1,37.9984274512793,6.48606545703178,25.285739155497,50.7111157470616
2,both,original,2,39.3192287744979,8.0905772776301,23.4616973103429,55.1767602386529
2,both,original,3,43.9201379792923,7.982501476765,28.2744350848329,59.5658408737517
2,both,original,4,21.1723898028982,8.0212058635651,5.45082631031064,36.8939532954858
2,both,rotated,-5,-5.00352019622424,8.5771176991443,-21.8146708865471,11.8076304940986
2,both,rotated,-4,-13.1681241430626,8.09626026043289,-29.0367942535111,2.70054596738586
2,both,rotated,-3,24.088537418121,6.99948518437897,10.3695464567382,37.8075283795038
2,both,rotated,-2,11.3413783778428,6.27202343877564,-0.951787562157463,23.6345443178431
2,both,rotated,-1,0,0,0,0
2,both,rotated,0,19.7551946762668,6.39827601390555,7.21457368901191,32.2958156635217
2,both,rotated,1,34.7997233026211,6.48606545703178,22.0870350068388,47.5124115984034
2,both,rotated,2,34.5211725515106,8.0905772776301,18.6636410873556,50.3787040156656
2,both,rotated,3,37.5227296819759,7.982501476765,21.8770267875165,53.1684325764353
2,both,rotated,4,13.1756294312528,8.0212058635651,-2.54593406133485,28.8971929238404
3,both,original,-5,-30.0557826582105,9.97998018869112,-49.6165438280451,-10.4950214883759
3,both,original,-4,-48.7742572493419,8.83587773799733,-66.0925776158167,-31.4559368828671
3,both,original,-3,-10.4593142894557,7.89595867810648,-25.9353932985444,5.01676471963299
3,both,original,-2,-2.67062537563417,6.82130826173203,-16.0403895686289,10.6991388173606
3,both,original,-1,0,0,0,0
3,both,original,0,8.65168250366218,6.47901546920493,-4.04718781597949,21.3505528233039
3,both,original,1,23.4636688495286,7.07273235828606,9.6011134272879,37.3262242717693
3,both,original,2,6.66076925348115,8.71150832652914,-10.413787066516,23.7353255734783
3,both,original,3,24.7682087699511,9.08029624043296,6.97082813870247,42.5655894011997
3,both,original,4,0.970426995411622,9.15222204578038,-16.9679282143179,18.9087822051412
3,both,rotated,-5,8.62890485317793,9.97998018869112,-10.9318563166567,28.1896660230125
3,both,rotated,-4,-19.7607416158005,8.83587773799733,-37.0790619822753,-2.44242124932577
3,both,rotated,-3,8.8830294662385,7.89595867810648,-6.5930495428502,24.3591084753272
3,both,rotated,-2,7.00054650221294,6.82130826173203,-6.36921769078184,20.3703106952077
3,both,rotated,-1,0,0,0,0
3,both,rotated,0,-1.01948937418493,6.47901546920493,-13.7183596938266,11.6793809454567
3,both,rotated,1,4.12132509383437,7.07273235828606,-9.74123032840632,17.9838805160751
3,both,rotated,2,-22.3527463800602,8.71150832652914,-39.4273027000573,-5.27819006006306
3,both,rotated,3,-13.9164787414374,9.08029624043296,-31.713859372686,3.88090188981125
3,both,rotated,4,-47.3854323938239,9.15222204578038,-65.3237876035535,-29.4470771840944
4,both,original,-5,19.6296705245842,8.21425655289828,3.52972768090358,35.7296133682648
4,both,original,-4,3.56933629579142,7.9056194326952,-11.9256777922912,19.064350383874
4,both,original,-3,24.3190826076318,8.23386002711556,8.18071695448531,40.4574482607783
4,both,original,-2,19.5696634209557,7.32923615178348,5.20436056346005,33.9349662784513
4,both,original,-1,0,0,0,0
4,both,original,0,48.3030960925503,6.97821318968746,34.6257982407629,61.9803939443377
4,both,original,1,75.0416787571348,7.76402339773226,59.8241928975795,90.25916461669
4,both,original,2,48.1542641292664,8.80752353555806,30.8915179995726,65.4170102589602
4,both,original,3,59.4706698928231,8.73564396673759,42.3488077180175,76.5925320676288
4,both,original,4,19.7813601107653,8.60868265339536,2.90834211011039,36.6543781114202
4,both,rotated,-5,-1.36159875833984,8.21425655289828,-17.4615416020205,14.7383440853408
4,both,rotated,-4,-12.1741156664016,7.9056194326952,-27.6691297544842,3.32089842168097
4,both,rotated,-3,13.8234479661698,8.23386002711556,-2.31491768697672,29.9618136193163
4,both,rotated,-2,14.3218461002247,7.32923615178348,-0.0434567572709614,28.6871489577203
4,both,rotated,-1,0,0,0,0
4,both,rotated,0,53.5509134132813,6.97821318968746,39.8736155614939,67.2282112650688
4,both,rotated,1,85.5373133985968,7.76402339773226,70.3198275390416,100.754799258152
4,both,rotated,2,63.8977160914595,8.80752353555806,46.6349699617657,81.1604622211532
4,both,rotated,3,80.4619391757472,8.73564396673759,63.3400770009415,97.5838013505529
4,both,rotated,4,46.0204467144204,8.60868265339536,29.1474287137655,62.8934647150753
5,both,original,-5,-14.3709112341711,9.86923794584503,-33.7146176080273,4.97279513968519
5,both,original,-4,-38.6624686568197,9.47241748111793,-57.2284069198108,-20.0965303938285
5,both,original,-3,-6.94477610795252,8.02622769070495,-22.6761823817342,8.78663016582917
5,both,original,-2,-3.0652550716829,6.85367868130642,-16.4984652870435,10.3679551436777
5,both,original,-1,0,0,0,0
5,both,original,0,3.72022249684439,7.58643623739764,-11.149192528455,18.5896375221438
5,both,original,1,20.4782434650759,7.1296823833806,6.50406599364988,34.4524209365018
5,both,original,2,-3.65560920800171,8.11015913177472,-19.5515211062802,12.2403026902767
5,both,original,3,7.77477516351713,9.00539169321192,-9.87579255517823,25.4253428822125
5,both,original,4,-17.2777813313488,9.37575885054779,-35.6542686784225,1.09870601572482
5,both,rotated,-5,11.0192031917931,9.86923794584503,-8.32450318206318,30.3629095656494
5,both,rotated,-4,-19.6198828373465,9.47241748111793,-38.1858211003377,-1.05394457435539
5,both,rotated,-3,5.75028110502956,8.02622769070495,-9.98112516875213,21.4816873788113
5,both,rotated,-2,3.28227353480815,6.85367868130642,-10.1509366805524,16.7154837501687
5,both,rotated,-1,0,0,0,0
5,both,rotated,0,-2.62730610964665,7.58643623739764,-17.496721134946,12.2421089156527
5,both,rotated,1,7.78318625209378,7.1296823833806,-6.1909912193322,21.7573637235198
5,both,rotated,2,-22.6981950274748,8.11015913177472,-38.5941069257533,-6.80228312919639
5,both,rotated,3,-17.615339262447,9.00539169321192,-35.2659069811424,0.0352284562483227
5,both,rotated,4,-49.0154243638041,9.37575885054779,-67.3919117108777,-30.6389370167304
6,both,original,-5,-6.16320181087097,7.83888916655008,-21.5274245773091,9.20102095556719
6,both,original,-4,2.98618910816873,5.99348106814774,-8.76103378540084,14.7334120017383
6,both,original,-3,4.63898785388617,6.64412193796239,-8.38349114452011,17.6614668522924
6,both,original,-2,1.66336883360834,6.10552185015417,-10.3034539926938,13.6301916599105
6,both,original,-1,0,0,0,0
6,both,original,0,12.7518097334448,6.34752902617651,0.310652842138795,25.1929666247507
6,both,original,1,18.3304069871291,6.75069185712679,5.09905094716055,31.5617630270976
6,both,original,2,14.613351976465,7.41019432722342,0.089371095107067,29.1373328578229
6,both,original,3,15.6053816674531,8.18522840724297,-0.437666010743151,31.6484293456493
6,both,original,4,10.2906059266543,8.73547366144291,-6.83092244977378,27.4121343030824
6,both,rotated,-5,-5.52948242719137,7.83888916655008,-20.8937051936295,9.83474033924679
6,both,rotated,-4,3.46147864592843,5.99348106814774,-8.28574424764114,15.208701539498
6,both,rotated,-3,4.95584754572597,6.64412193796239,-8.06663145268031,17.9783265441322
6,both,rotated,-2,1.82179867952824,6.10552185015417,-10.1450241467739,13.7886215058304
6,both,rotated,-1,0,0,0,0
6,both,rotated,0,12.5933798875249,6.34752902617651,0.152222996218894,25.0345367788308
6,both,rotated,1,18.0135472952893,6.75069185712679,4.78219125532074,31.2449033352578
6,both,rotated,2,14.1380624387053,7.41019432722342,-0.385918442652635,28.6620433200632
6,both,rotated,3,14.9716622837735,8.18522840724297,-1.07138539442275,31.0147099619697
6,both,rotated,4,9.49845669705483,8.73547366144291,-7.62307167937328,26.6199850734829
7,both,original,-5,-15.9454935524217,8.37216952845581,-32.354945828195,0.463958723351716
7,both,original,-4,-22.457521396323,8.72683851886664,-39.5621248933016,-5.35291789934437
7,both,original,-3,15.832792844267,7.13430490350181,1.8495552334035,29.8160304551306
7,both,original,-2,8.55820455382819,6.39700073119612,-3.9799168793162,21.0963259869726
7,both,original,-1,0,0,0,0
7,both,original,0,21.3952740131262,6.38314271269866,8.88431429623683,33.9062337300156
7,both,original,1,37.1025987603862,6.45938821145761,24.4421978659293,49.7629996548431
7,both,original,2,36.137436592249,8.17900317006315,20.1065903789252,52.1682828055727
7,both,original,3,40.4219644927205,9.10965080125589,22.567048922259,58.2768800631821
7,both,original,4,16.3668705193679,8.91841297784429,-1.11321891720687,33.8469599559427
7,both,rotated,-5,-3.82139379824922,8.37216952845581,-20.2308460740226,12.5880584775242
7,both,rotated,-4,-13.3644465806936,8.72683851886664,-30.4690500776723,3.74015691628496
7,both,rotated,-3,21.8948427213533,7.13430490350181,7.91160511048972,35.8780803322168
7,both,rotated,-2,11.5892294923713,6.39700073119612,-0.948891940773089,24.1273509255157
7,both,rotated,-1,0,0,0,0
7,both,rotated,0,18.3642490745831,6.38314271269866,5.85328935769372,30.8752087914725
7,both,rotated,1,31.0405488833,6.45938821145761,18.3801479888431,43.7009497777569
7,both,rotated,2,27.0443617766196,8.17900317006315,11.0135155632959,43.0752079899434
7,both,rotated,3,28.2978647385481,9.10965080125589,10.4429491680865,46.1527803090096
7,both,rotated,4,1.21174582665238,8.91841297784429,-16.2683436099224,18.6918352632272
8,both,original,-5,6.32464187467618,8.66498264010597,-10.6587240999315,23.3080078492839
8,both,original,-4,1.04890046327259,8.08275913040459,-14.7933074323204,16.8911083588656
8,both,original,-3,30.1268676890049,7.30894025656128,15.8013447861448,44.452390591865
8,both,original,-2,13.7050329502725,6.6307243185897,0.708813285836651,26.7012526147083
8,both,original,-1,0,0,0,0
8,both,original,0,44.6200422727525,6.90061072437038,31.0948452529865,58.1452392925185
8,both,original,1,61.2740084927913,7.32438462904812,46.918214619857,75.6298023657256
8,both,original,2,50.6801033387112,8.46892920055326,34.0810021056268,67.2792045717956
8,both,original,3,51.0154271858941,8.17476396916832,34.9928898063241,67.037964565464
8,both,original,4,25.3777341195482,8.12741447621503,9.44800174616674,41.3074664929296
8,both,rotated,-5,-7.32922975423112,8.66498264010597,-24.3125957288388,9.65413622037659
8,both,rotated,-4,-9.19150325840789,8.08275913040459,-25.0337111540009,6.65070463718512
8,both,rotated,-3,23.2999318745513,7.30894025656128,8.97440897169115,37.6254547774114
8,both,rotated,-2,10.2915650430456,6.6307243185897,-2.70465462139017,23.2877847074814
8,both,rotated,-1,0,0,0,0
8,both,rotated,0,48.0335101799793,6.90061072437038,34.5083131602134,61.5587071997453
8,both,rotated,1,68.100944307245,7.32438462904812,53.7451504343107,82.4567381801793
8,both,rotated,2,60.9205070603916,8.46892920055326,44.3214058273072,77.519608293476
8,both,rotated,3,64.6692988148013,8.17476396916832,48.6467614352314,80.6918361943712
8,both,rotated,4,42.4450736556823,8.12741447621503,26.5153412823009,58.3748060290638
9,both,original,-5,-15.526138556509,9.32461137097422,-33.8023768436184,2.7500997306005
9,both,original,-4,-20.9420539685381,9.06070060227807,-38.7010271490031,-3.18308078807308
9,both,original,-3,17.4905332742505,7.52707102351503,2.73747406816106,32.24359248034
9,both,original,-2,7.59427286293035,6.3600060038142,-4.87133890454548,20.0598846304062
9,both,original,-1,0,0,0,0
9,both,original,0,4.65229925836609,6.83031074928525,-8.73510981023301,18.0397083269652
9,both,original,1,23.5238397689382,6.61917424753852,10.5502582437627,36.4974212941137
9,both,original,2,20.2375062725105,7.74811259302573,5.05120559018011,35.423806954841
9,both,original,3,22.3323581278667,8.58607312590354,5.50365480109577,39.1610614546376
9,both,original,4,-1.60846481371523,8.80929805431439,-18.8746890001714,15.657759372741
9,both,rotated,-5,-4.54542166047979,9.32461137097422,-22.8216599475893,13.7308166266297
9,both,rotated,-4,-12.7065162965162,9.06070060227807,-30.4654894769813,5.0524568839488
9,both,rotated,-3,22.9808917222651,7.52707102351503,8.22783251617564,37.7339509283545
9,both,rotated,-2,10.3394520869376,6.3600060038142,-2.12615968053818,22.8050638544135
9,both,rotated,-1,0,0,0,0
9,both,rotated,0,1.90712003435879,6.83031074928525,-11.4802890342403,15.2945291029579
9,both,rotated,1,18.0334813209236,6.61917424753852,5.05989979574807,31.0070628460991
9,both,rotated,2,12.0019686004887,7.74811259302573,-3.18433208184177,27.1882692828191
9,both,rotated,3,11.3516412318375,8.58607312590354,-5.4770620949334,28.1803445586085
9,both,rotated,4,-15.3343609337517,8.80929805431439,-32.6005851202079,1.93186325270451
10,both,original,-5,-2.77517093986677,7.79294388120943,-18.0493409470373,12.4989990673037
10,both,original,-4,2.76337493318015,5.83027162222856,-8.66395744638783,14.1907073127481
10,both,original,-3,5.1995605073016,6.65649474416034,-7.84716919125266,18.2462902058559
10,both,original,-2,0.907228958323611,5.89862163109431,-10.6540694386212,12.4685273552685
10,both,original,-1,0,0,0,0
10,both,original,0,12.082739757242,6.22838331397635,-0.124891538151648,24.2903710526357
10,both,original,1,16.5594949642908,6.60106636038485,3.62140489793652,29.4975850306451
10,both,original,2,14.9251495047447,7.43899621864224,0.344716916205908,29.5055820932835
10,both,original,3,15.3174785833552,8.0806264644088,-0.520549286886059,31.1555064535964
10,both,original,4,10.4921675629653,8.62703406404808,-6.41681920256895,27.4011543284995
10,both,rotated,-5,-3.90794307493346,7.79294388120943,-19.1821130821039,11.366226932237
10,both,rotated,-4,1.91379583188013,5.83027162222856,-9.51353654768785,13.3411282114481
10,both,rotated,-3,4.63317443976825,6.65649474416034,-8.41355525878601,17.6799041383225
10,both,rotated,-2,0.624035924556938,5.89862163109431,-10.9372624723879,12.1853343215018
10,both,rotated,-1,0,0,0,0
10,both,rotated,0,12.3659327910087,6.22838331397635,0.158301495615024,24.5735640864023
10,both,rotated,1,17.1258810318242,6.60106636038485,4.18779096546987,30.0639710981785
10,both,rotated,2,15.7747286060447,7.43899621864224,1.19429601750593,30.3551611945835
10,both,rotated,3,16.4502507184219,8.0806264644088,0.612222848180632,32.2882785886631
10,both,rotated,4,11.9081327317986,8.62703406404808,-5.00085403373559,28.8171194973329
11,both,original,-5,-3.01334900072526,9.84098280547949,-22.3016752994651,16.2749772980145
11,both,original,-4,-10.94147254139,8.7831305399259,-28.1564083996448,6.27346331686472
11,both,original,-3,12.8840790393861,8.26590010366979,-3.3170851638067,29.0852432425789
11,both,original,-2,15.7643579355327,7.41927704782073,1.22257492180404,30.3061409492613
11,both,original,-1,0,0,0,0
11,both,original,0,51.9178260019081,7.25150453246875,37.7048771182693,66.1307748855468
11,both,original,1,77.6968450861949,8.02332242696132,61.9711331293507,93.4225570430391
11,both,original,2,45.549294888586,8.8869365377171,28.1308992746605,62.9676905025115
11,both,original,3,54.9258469065734,9.59811727490939,36.113537047751,73.7381567653958
11,both,original,4,15.5724774257602,9.56545061055682,-3.17580577093118,34.3207606224516
11,both,rotated,-5,-2.56730931902309,9.84098280547949,-21.8556356177629,16.7210169797167
11,both,rotated,-4,-10.6069427801134,8.7831305399259,-27.8218786383682,6.60799307814135
11,both,rotated,-3,13.1070988802372,8.26590010366979,-3.09406532295561,29.30826308343
11,both,rotated,-2,15.8758678559582,7.41927704782073,1.33408484222959,30.4176508696869
11,both,rotated,-1,0,0,0,0
11,both,rotated,0,51.8063160814825,7.25150453246875,37.5933671978438,66.0192649651213
11,both,rotated,1,77.4738252453438,8.02332242696132,61.7481132884996,93.199537202188
11,both,rotated,2,45.2147651273094,8.8869365377171,27.7963695133839,62.6331607412349
11,both,rotated,3,54.4798072248713,9.59811727490939,35.6674973660489,73.2921170836937
11,both,rotated,4,15.0149278236325,9.56545061055682,-3.7333553730589,33.7632110203239
12,both,original,-5,-63.3056178998073,12.5915895255735,-87.9851333699314,-38.6261024296832
12,both,original,-4,-77.3531902515314,11.2290379007657,-99.3621045370322,-55.3442759660306
12,both,original,-3,-44.6232651962753,8.78198308231125,-61.8359520376054,-27.4105783549453
12,both,original,-2,-22.1838128888017,6.85260713457514,-35.614922872569,-8.75270290503446
12,both,original,-1,0,0,0,0
12,both,original,0,-33.461771810738,8.77138407773181,-50.6536846030924,-16.2698590183837
12,both,original,1,-5.83449105558642,7.57378209426542,-20.6791039603467,9.01012184917381
12,both,original,2,-28.7065384617094,8.50685548373615,-45.3799752098322,-12.0331017135865
12,both,original,3,-9.68552802091855,8.88977619646287,-27.1094893659858,7.73843332414867
12,both,original,4,-22.0745594667984,8.91903790023769,-39.5558737512643,-4.59324518233252
12,both,rotated,-5,16.2560335182161,12.5915895255735,-8.42348195190798,40.9355489883403
12,both,rotated,-4,-17.6819516880138,11.2290379007657,-39.6908659735146,4.326962597487
12,both,rotated,-3,-4.84243948726363,8.78198308231125,-22.0551263285937,12.3702473540664
12,both,rotated,-2,-2.29340003429587,6.85260713457514,-15.7245100180631,11.1377099494714
12,both,rotated,-1,0,0,0,0
12,both,rotated,0,-53.3521846652439,8.77138407773181,-70.5440974575982,-36.1602718728895
12,both,rotated,1,-45.6153167645981,7.57378209426542,-60.4599296693584,-30.7707038598379
12,both,rotated,2,-88.377777025227,8.50685548373615,-105.05121377335,-71.7043402771041
12,both,rotated,3,-89.247179438942,8.88977619646287,-106.671140784009,-71.8232180938747
12,both,rotated,4,-121.526623739328,8.91903790023769,-139.007938023794,-104.045309454862
13,both,original,-5,-6.19658880919227,7.87619376466921,-21.6339285879439,9.24075096955938
13,both,original,-4,3.24635312160573,6.02130308840485,-8.55540093166777,15.0481071748792
13,both,original,-3,4.57666262197039,6.65482020661906,-8.46678498300297,17.6201102269437
13,both,original,-2,1.79441919823963,6.13796282440892,-10.2359879376018,13.8248263340811
13,both,original,-1,0,0,0,0
13,both,original,0,12.6448012721841,6.37062483231573,0.158376600845298,25.1312259435229
13,both,original,1,18.4457170758166,6.78265423145566,5.15171478216349,31.7397193694697
13,both,original,2,14.5701668216292,7.42223595092327,0.0225843578195484,29.1177492854388
13,both,original,3,15.6746112416914,8.21081307132641,-0.418582378108347,31.7678048614912
13,both,original,4,10.2354526312379,8.75625544437921,-6.92680803974536,27.3977133022211
13,both,rotated,-5,-5.64998195188941,7.87619376466921,-21.0873217306411,9.78735782686224
13,both,rotated,-4,3.65630826458288,6.02130308840485,-8.14544578869062,15.4580623178564
13,both,rotated,-3,4.84996605062182,6.65482020661906,-8.19348155435153,17.8934136555952
13,both,rotated,-2,1.93107091256535,6.13796282440892,-10.0993362232761,13.9614780484068
13,both,rotated,-1,0,0,0,0
13,both,rotated,0,12.5081495578584,6.37062483231573,0.021724886519582,24.9945742291972
13,both,rotated,1,18.1724136471652,6.78265423145566,4.87841135351206,31.4664159408182
13,both,rotated,2,14.160211678652,7.42223595092327,-0.3873707851576,28.7077941424616
13,both,rotated,3,15.1280043843886,8.21081307132641,-0.965189235411213,31.2211980041883
13,both,rotated,4,9.55219405960931,8.75625544437921,-7.61006661137394,26.7144547305926
14,both,original,-5,8.11455501736916,9.02449214612391,-9.57344958903371,25.802559623772
14,both,original,-4,3.37888765136775,8.25545175533645,-12.8017977890917,19.5595730918272
14,both,original,-3,19.8223122063627,8.45241923318759,3.25557050931503,36.3890539034104
14,both,original,-2,17.8112675210159,7.39068027288829,3.32553418615485,32.2970008558769
14,both,original,-1,0,0,0,0
14,both,original,0,24.2761077932446,6.94076077201257,10.6722166801,37.8799989063892
14,both,original,1,55.0430488198634,7.59076844338504,40.1651426708287,69.9209549688981
14,both,original,2,16.4762397009842,8.23179931437772,0.341913044803878,32.6105663571645
14,both,original,3,26.6036021429702,9.06096054614767,8.84411947252074,44.3630848134196
14,both,original,4,-14.7102326087521,9.44406551038888,-33.2206010091143,3.80013579161014
14,both,rotated,-5,-5.22554831027367,9.02449214612391,-22.9135529166765,12.4624562961292
14,both,rotated,-4,-6.62618984436437,8.25545175533645,-22.8068752848238,9.55449559609506
14,both,rotated,-3,13.1522605425413,8.45241923318759,-3.41448115450638,29.719002239589
14,both,rotated,-2,14.4762416891052,7.39068027288829,-0.00949164575585115,28.9619750239662
14,both,rotated,-1,0,0,0,0
14,both,rotated,0,27.6111336251553,6.94076077201257,14.0072425120107,41.2150247382999
14,both,rotated,1,61.7131004836848,7.59076844338504,46.8351943346501,76.5910066327195
14,both,rotated,2,26.4813171967163,8.23179931437772,10.346990540536,42.6156438528967
14,both,rotated,3,39.943705470613,9.06096054614767,22.1842228001636,57.7031881410624
14,both,rotated,4,1.96489655080146,9.44406551038888,-16.5454718495608,20.4752649511637
15,both,original,-5,-6.16320186289739,7.83889331414417,-21.52743275862,9.20102903282518
15,both,original,-4,2.98618905666827,5.99347815540727,-8.76102812792998,14.7334062412665
15,both,original,-3,4.63898780196992,6.64412352159203,-8.38349430035047,17.6614699042903
15,both,original,-2,1.66336877696602,6.10552166662678,-10.3034536896225,13.6301912435545
15,both,original,-1,0,0,0,0
15,both,original,0,12.7518096769915,6.3475280665424,0.310654666568418,25.1929646874146
15,both,original,1,18.330406924427,6.75067987886291,5.09907436185572,31.5617394869983
15,both,original,2,14.6133519089959,7.41018200723995,0.0893951748055741,29.1373086431862
15,both,original,3,15.6053815779044,8.18522313562121,-0.437655767913164,31.648418923722
15,both,original,4,10.2906058563453,8.73546444863312,-6.83090446297562,27.4121161756662
15,both,rotated,-5,-5.52948240947354,7.83889331414417,-20.8937133051961,9.83474848624904
15,both,rotated,-4,3.46147864673616,5.99347815540727,-8.28573853786209,15.2086958313344
15,both,rotated,-3,4.95584752868184,6.64412352159203,-8.06663457363854,17.9783296310022
15,both,rotated,-2,1.82179864032198,6.10552166662678,-10.1450238262665,13.7886211069105
15,both,rotated,-1,0,0,0,0
15,both,rotated,0,12.5933798136356,6.3475280665424,0.152224803212455,25.0345348240587
15,both,rotated,1,18.0135471977151,6.75067987886291,4.7822146351438,31.2448797602864
15,both,rotated,2,14.138062318928,7.41018200723995,-0.385894415262316,28.6620190531183
15,both,rotated,3,14.9716621244806,8.18522313562121,-1.07137522133702,31.0146994702981
15,both,rotated,4,9.49845653956547,8.73546444863312,-7.62305377975544,26.6199668588864
16,both,original,-5,-6.16320181728938,7.83890321831351,-21.5274521251839,9.20104849060509
16,both,original,-4,2.98618910314099,5.99349076334809,-8.76105279302127,14.7334309993032
16,both,original,-3,4.63898784910784,6.64413288382683,-8.38351260319274,17.6614883014084
16,both,original,-2,1.66336882899347,6.1055310058809,-10.3034719425331,13.63020960052
16,both,original,-1,0,0,0,0
16,both,original,0,12.7518097299469,6.34754268502578,0.310626067296331,25.1929933925974
16,both,original,1,18.3304069834331,6.75070391629308,5.09902730749868,31.5617866593676
16,both,original,2,14.6133519728578,7.41020372701144,0.0893526679153904,29.1373512778003
16,both,original,3,15.6053816638674,8.18524037737366,-0.437689475784969,31.6484528035198
16,both,original,4,10.290605923067,8.73548877281971,-6.83095207165967,27.4121639177936
16,both,rotated,-5,-5.52948242628599,7.83890321831351,-20.8937327341805,9.83476788160848
16,both,rotated,-4,3.46147864639353,5.99349076334809,-8.28576324976872,15.2087205425558
16,both,rotated,-3,4.95584754460953,6.64413288382683,-8.06665290769105,17.9783479969101
16,both,rotated,-2,1.82179867674432,6.1055310058809,-10.1450420947822,13.7886394482709
16,both,rotated,-1,0,0,0,0
16,both,rotated,0,12.593379882196,6.34754268502578,0.152196219545484,25.0345635448465
16,both,rotated,1,18.0135472879314,6.75070391629308,4.78216761199698,31.2449269638659
16,both,rotated,2,14.1380624296053,7.41020372701144,-0.385936875337153,28.6620617345477
16,both,rotated,3,14.971662272864,8.18524037737366,-1.07140886678836,31.0147334125164
16,both,rotated,4,9.49845668431273,8.73548877281971,-7.62310131041391,26.6200146790394
17,both,original,-5,-3.16916776568073,8.39451879074164,-19.6224245955344,13.2840890641729
17,both,original,-4,-5.78428422608941,8.7007268213409,-22.8377087959176,11.2691403437388
17,both,original,-3,24.6743811163305,7.37203489153966,10.2251927289128,39.1235695037482
17,both,original,-2,11.8234108760466,6.82541305032752,-1.55439870259535,25.2012204546885
17,both,original,-1,0,0,0,0
17,both,original,0,46.6161190009418,7.0423523325573,32.8131084291295,60.4191295727541
17,both,original,1,62.8915837039752,7.34918907267404,48.4871731215341,77.2959942864163
17,both,original,2,50.2414522401979,8.5413912622854,33.5003253661185,66.9825791142773
17,both,original,3,49.6505816474076,9.24978949692561,31.5209942334334,67.7801690613818
17,both,original,4,22.4037951797317,9.03216024620986,4.70076109716041,40.1068292623031
17,both,rotated,-5,-7.32152101470959,8.39451879074164,-23.7747778445632,9.13173581514403
17,both,rotated,-4,-8.89854916286105,8.7007268213409,-25.9519737326892,8.15487540696711
17,both,rotated,-3,22.5982044918161,7.37203489153966,8.14901610439835,37.0473928792338
17,both,rotated,-2,10.7853225637894,6.82541305032752,-2.59248701485257,24.1631321424313
17,both,rotated,-1,0,0,0,0
17,both,rotated,0,47.654207313199,7.0423523325573,33.8511967413867,61.4572178850113
17,both,rotated,1,64.9677603284896,7.34918907267404,50.5633497460485,79.3721709109308
17,both,rotated,2,53.3557171769695,8.5413912622854,36.6145903028902,70.0968440510489
17,both,rotated,3,53.8029348964364,9.24978949692561,35.6733474824622,71.9325223104106
17,both,rotated,4,27.5942367410178,9.03216024620986,9.89120265844648,45.2972708235891
18,both,original,-5,-43.3928308905545,10.0294441980416,-63.050541518716,-23.735120262393
18,both,original,-4,-50.3699460739319,9.94243862490846,-69.8571257787525,-30.8827663691113
18,both,original,-3,-16.8841492472691,8.0487563774652,-32.6597117471009,-1.1085867474373
18,both,original,-2,-10.4071451396028,6.64925953230015,-23.4396938229111,2.62540354370555
18,both,original,-1,0,0,0,0
18,both,original,0,-23.0638027293075,7.79459166543919,-38.3412023935683,-7.78640306504667
18,both,original,1,0.72178604205996,7.39489474099562,-13.7722076502914,15.2157797344114
18,both,original,2,-2.4645340008815,7.74613492004227,-17.6469584441644,12.7178904424014
18,both,original,3,8.86969251888042,8.41080565732611,-7.61548656947874,25.3548716072396
18,both,original,4,-3.43846932789997,8.63446461454405,-20.3620199724063,13.4850813166064
18,both,rotated,-5,5.78804983186613,10.0294441980416,-13.8696607962954,25.4457604600276
18,both,rotated,-4,-13.4842855321165,9.94243862490846,-32.971465236937,6.00289417270413
18,both,rotated,-3,7.70629111394122,8.0487563774652,-8.06927138589057,23.481853613773
18,both,rotated,-2,1.8880750410024,6.64925953230015,-11.1444736423059,14.9206237243107
18,both,rotated,-1,0,0,0,0
18,both,rotated,0,-35.3590229099126,7.79459166543919,-50.6364225741734,-20.0816232456518
18,both,rotated,1,-23.8686543191503,7.39489474099562,-38.3626480115017,-9.37466062679893
18,both,rotated,2,-39.3501945426969,7.74613492004227,-54.5326189859798,-24.1677700994141
18,both,rotated,3,-40.3111882035402,8.41080565732611,-56.7963672918993,-23.826009115181
18,both,rotated,4,-64.9145702309257,8.63446461454405,-81.838120875432,-47.9910195864194
19,both,original,-5,-2.77255954470829,7.79295814879698,-18.0467575163504,12.5016384269338
19,both,original,-4,2.76644310430269,5.83028860230547,-8.66092255621602,14.1938087648214
19,both,original,-3,5.20408917061174,6.65645698471384,-7.84256651942739,18.2507448606509
19,both,original,-2,0.911288878761905,5.89859158115429,-10.6499506203005,12.4725283778243
19,both,original,-1,0,0,0,0
19,both,original,0,12.0872160410938,6.22849266524113,-0.120629582778831,24.2950616649664
19,both,original,1,16.5640596277961,6.60108174037888,3.6259394166535,29.5021798389387
19,both,original,2,14.9294649195154,7.43920508907763,0.348622944923267,29.5103068941076
19,both,original,3,15.3222196414466,8.08072641010741,-0.516004122363979,31.1604434052571
19,both,original,4,10.4969327659024,8.6269374795708,-6.41186469405638,27.4057302258611
19,both,rotated,-5,-3.90970065858299,7.79295814879698,-19.1838986302251,11.3644973130591
19,both,rotated,-4,1.91358726889666,5.83028860230547,-9.51377839162205,13.3409529294154
19,both,rotated,-3,4.63551861367438,6.65645698471384,-8.41113707636475,17.6821743037135
19,both,rotated,-2,0.627003600293228,5.89859158115429,-10.9342358987692,12.1882430993556
19,both,rotated,-1,0,0,0,0
19,both,rotated,0,12.3715013195625,6.22849266524113,0.163655695689846,24.5793469434351
19,both,rotated,1,17.1326301847335,6.60108174037888,4.19450997359086,30.0707503958761
19,both,rotated,2,15.7823207549215,7.43920508907763,1.2014787803293,30.3631627295136
19,both,rotated,3,16.4593607553213,8.08072641010741,0.621136991510728,32.2975845191318
19,both,rotated,4,11.9183591582458,8.6269374795708,-4.990438301713,28.8271566182045
20,both,original,-5,5.63405467770204,9.01948642682559,-12.0441387188761,23.3122480742802
20,both,original,-4,6.44511934818034,8.49003306693751,-10.1953454630172,23.0855841593779
20,both,original,-3,33.8208671022623,7.74286103699823,18.6448594697457,48.9968747347788
20,both,original,-2,18.1770093825072,6.75550549989299,4.93621860271694,31.4178001622975
20,both,original,-1,0,0,0,0
20,both,original,0,23.1747689859767,6.63323109099372,10.173636047629,36.1759019243244
20,both,original,1,45.6438359654755,6.99210335269096,31.9393133942012,59.3483585367498
20,both,original,2,29.9936111854866,7.94484581652134,14.4217133851048,45.5655089858685
20,both,original,3,29.2752248983865,8.66261239301946,12.2965046080684,46.2539451887046
20,both,original,4,-2.01118859891684,8.9665507785499,-19.5856281248746,15.563250927041
20,both,rotated,-5,-11.3913213679487,9.01948642682559,-29.0695147645269,6.28687202862942
20,both,rotated,-4,-6.32391268605775,8.49003306693751,-22.9643774972553,10.3165521251398
20,both,rotated,-3,25.3081790794369,7.74286103699823,10.1321714469203,40.4841867119534
20,both,rotated,-2,13.9206653710945,6.75550549989299,0.679874591304239,27.1614561508848
20,both,rotated,-1,0,0,0,0
20,both,rotated,0,27.4311129973894,6.63323109099372,14.4299800590417,40.4322459357371
20,both,rotated,1,54.1565239883009,6.99210335269096,40.4520014170266,67.8610465595752
20,both,rotated,2,42.7626432197247,7.94484581652134,27.1907454193429,58.3345410201065
20,both,rotated,3,46.3006009440373,8.66261239301946,29.3218806537191,63.2793212343554
20,both,rotated,4,19.2705314581466,8.9665507785499,1.69609193218884,36.8449709841044
21,both,original,-5,-2.77518914007143,7.79298789849772,-18.049445421127,12.4990671409841
21,both,original,-4,2.76335316775486,5.83020194613092,-8.66384264666174,14.1905489821715
21,both,original,-3,5.19953047343639,6.6564967171196,-7.84720309211802,18.2462640389908
21,both,original,-2,0.907200153433435,5.89854315901342,-10.6539444382329,12.4683447450997
21,both,original,-1,0,0,0,0
21,both,original,0,12.0827515385019,6.22831396920388,-0.124743841137725,24.2902469181415
21,both,original,1,16.5595176810381,6.6010172747221,3.6215238225828,29.4975115394934
21,both,original,2,14.9251809581202,7.43895612700767,0.344826949185199,29.5055349670553
21,both,original,3,15.3175193984574,8.08063513921755,-0.520525474409011,31.1555642713238
21,both,original,4,10.4922023685822,8.62708994830924,-6.41689393010389,27.4012986672683
21,both,rotated,-5,-3.90793101250944,7.79298789849772,-19.182187293565,11.3663252685461
21,both,rotated,-4,1.91379676342635,5.83020194613092,-9.51339905099025,13.340992577843
21,both,rotated,-3,4.63315953721738,6.6564967171196,-8.41357402833702,17.6798931027718
21,both,rotated,-2,0.624014685323932,5.89854315901342,-10.9371299063424,12.1851592769902
21,both,rotated,-1,0,0,0,0
21,both,rotated,0,12.3659370066114,6.22831396920388,0.158441626971777,24.573432386251
21,both,rotated,1,17.1258886172571,6.6010172747221,4.18789475880181,30.0638824757124
21,both,rotated,2,15.7747373624487,7.43895612700767,1.19438335351371,30.3550913713838
21,both,rotated,3,16.4502612708954,8.08063513921755,0.612216398028998,32.2883061437618
21,both,rotated,4,11.9081297091297,8.62708994830924,-5.00096658955638,28.8172260078158
22,both,original,-5,-2.77535318211636,7.79333475149642,-18.0502892950493,12.4995829308166
22,both,original,-4,2.76321057748019,5.83037503063749,-8.66432448256929,14.1907456375297
22,both,original,-3,5.19936885185965,6.65672370646306,-7.84780961280795,18.2465473165272
22,both,original,-2,0.907058473634219,5.89833669959373,-10.6536814575695,12.4677984048379
22,both,original,-1,0,0,0,0
22,both,original,0,12.0824807249413,6.22794808678308,-0.124297525153557,24.2892589750361
22,both,original,1,16.5593583398909,6.60070486394507,3.62197680655857,29.4967398732233
22,both,original,2,14.9250034265092,7.43842059806133,0.345699054309021,29.5043077987094
22,both,original,3,15.3173137990031,8.0802693379027,-0.520014103286236,31.1546417012923
22,both,original,4,10.4919764770526,8.62718293658948,-6.41730207866274,27.401255032768
22,both,rotated,-5,-3.90788853962684,7.79333475149642,-19.1828246525598,11.3670475733061
22,both,rotated,-4,1.91380905934732,5.83037503063749,-9.51372600070215,13.3413441193968
22,both,rotated,-3,4.6331011731044,6.65672370646306,-8.41407729156319,17.680279637772
22,both,rotated,-2,0.623924634256598,5.89833669959373,-10.9368152969471,12.1846645654603
22,both,rotated,-1,0,0,0,0
22,both,rotated,0,12.3656145643189,6.22794808678308,0.158836314224065,24.5723928144137
22,both,rotated,1,17.1256260186462,6.60070486394507,4.18824448531382,30.0630075519785
22,both,rotated,2,15.7744049446421,7.43842059806133,1.19510057244189,30.3537093168423
22,both,rotated,3,16.4498491565135,8.0802693379027,0.61252125422425,32.2871770588028
22,both,rotated,4,11.9076456739408,8.62718293658948,-5.00163288177463,28.8169242296561
23,both,original,-5,-49.1193431222054,11.1563609956123,-70.9858106736055,-27.2528755708054
23,both,original,-4,-44.5599097445106,9.9300628733117,-64.0228329762015,-25.0969865128196
23,both,original,-3,-18.3012334681515,8.51036383109906,-34.9815465771057,-1.62092035919734
23,both,original,-2,-1.74770781990006,7.24001178630373,-15.9381309210554,12.4427152812553
23,both,original,-1,0,0,0,0
23,both,original,0,-23.0458022827768,7.89793369064822,-38.5257523164473,-7.56585224910629
23,both,original,1,26.0012428633707,7.62397172523125,11.0582582819174,40.9442274448239
23,both,original,2,-3.92266135083958,8.32299501915592,-20.2357315883852,12.390408886706
23,both,original,3,9.5574838630337,8.85714341749413,-7.8025172352548,26.9174849613222
23,both,original,4,-19.2761466248407,8.91749877490052,-36.7544442236457,-1.79784902603564
23,both,rotated,-5,0.0149604082687639,11.1563609956123,-21.8515071431313,21.8814279596688
23,both,rotated,-4,-7.70918209665491,9.9300628733117,-27.1721053283458,11.753741135036
23,both,rotated,-3,6.26591829708559,8.51036383109906,-10.4143948118686,22.9462314060398
23,both,rotated,-2,10.5358680627185,7.24001178630373,-3.65455503843682,24.7262911638738
23,both,rotated,-1,0,0,0,0
23,both,rotated,0,-35.3293781653953,7.89793369064822,-50.8093281990658,-19.8494281317248
23,both,rotated,1,1.43409109813359,7.62397172523125,-13.5088934833197,16.3770756795868
23,both,rotated,2,-40.7733889986952,8.32299501915592,-57.0864592362408,-24.4603187611496
23,both,rotated,3,-39.5768196674405,8.85714341749413,-56.936820765729,-22.216818569152
23,both,rotated,4,-80.6940260379334,8.91749877490052,-98.1723236367384,-63.2157284391284
24,both,original,-5,-6.18763058320967,7.87469334928205,-21.6220295478025,9.24676838138314
24,both,original,-4,3.24037094760942,6.01995202645333,-8.5587350242391,15.0394769194579
24,both,original,-3,4.58152681514122,6.65426452642638,-8.46083165665448,17.6238852869369
24,both,original,-2,1.791289256522,6.13645884095281,-10.2361700717455,13.8187485847895
24,both,original,-1,0,0,0,0
24,both,original,0,12.6488564192045,6.36954269829533,0.164552730545692,25.1331601078634
24,both,original,1,18.4413473459002,6.78132250903903,5.14995522818366,31.7327394636167
24,both,original,2,14.574118178028,7.42176315737619,0.0274623895707133,29.1207739664854
24,both,original,3,15.6742131012653,8.20971411439036,-0.416826562939805,31.7652527654704
24,both,original,4,10.2395547234521,8.75526229775598,-6.9207593801496,27.3998688270538
24,both,rotated,-5,-5.64428836944888,7.87469334928205,-21.0786873340417,9.79011059514394
24,both,rotated,-4,3.64787760793002,6.01995202645333,-8.1512283639185,15.4469835797785
24,both,rotated,-3,4.85319792202162,6.65426452642638,-8.18916054977408,17.8955563938173
24,both,rotated,-2,1.9271248099622,6.13645884095281,-10.1003345183053,13.9545841382297
24,both,rotated,-1,0,0,0,0
24,both,rotated,0,12.5130208657643,6.36954269829533,0.0287171771054915,24.9973245544232
24,both,rotated,1,18.1696762390198,6.78132250903903,4.87828412130326,31.4610683567363
24,both,rotated,2,14.1666115177074,7.42176315737619,-0.380044270749886,28.7132673061648
24,both,rotated,3,15.1308708875045,8.20971411439036,-0.960168776700604,31.2219105517096
24,both,rotated,4,9.56037695625112,8.75526229775598,-7.5999371473506,26.7206910598528
25,both,original,-5,-6.19808618667561,7.87623210238023,-21.6355011073409,9.23932873398963
25,both,original,-4,3.2439561694125,6.02125499113431,-8.55770361321076,15.0456159520358
25,both,original,-3,4.57395688199873,6.65483015606224,-8.46951022388325,17.6174239878807
25,both,original,-2,1.79154445882981,6.13791805966019,-10.2387749381042,13.8218638557638
25,both,original,-1,0,0,0,0
25,both,original,0,12.6415139903676,6.37056217165452,0.155212133924781,25.1278158468105
25,both,original,1,18.4423458939098,6.78267757842929,5.14829784018834,31.7363939476312
25,both,original,2,14.567308670539,7.42215608540135,0.0198827431523636,29.1147345979256
25,both,original,3,15.6717007712428,8.21079181282671,-0.421451181897536,31.7648527243832
25,both,original,4,10.2325199796228,8.75630968511995,-6.92984700321228,27.3948869624579
25,both,rotated,-5,-5.64861711792392,7.87623210238023,-21.0860320385892,9.78879780274132
25,both,rotated,-4,3.65605797097627,6.02125499113431,-8.14560181164699,15.4577177535995
25,both,rotated,-3,4.84869141637457,6.65483015606224,-8.19477568950741,17.8921585222566
25,both,rotated,-2,1.92891172601773,6.13791805966019,-10.1014076709162,13.9592311229517
25,both,rotated,-1,0,0,0,0
25,both,rotated,0,12.5041467231797,6.37056217165452,0.0178448667368585,24.9904485796226
25,both,rotated,1,18.1676113595339,6.78267757842929,4.8735633058125,31.4616594132553
25,both,rotated,2,14.1552068689752,7.42215608540135,-0.392219058411405,28.7026327963619
25,both,rotated,3,15.1222317024911,8.21079181282671,-0.970920250649225,31.2153836556315
25,both,rotated,4,9.54568364368322,8.75630968511995,-7.61668333915189,26.7080506265183
26,both,original,-5,-6.16320182387868,7.83889933488151,-21.5274445202464,9.20104087248908
26,both,original,-4,2.98618909121012,5.99349931363712,-8.76106956351863,14.7334477459389
26,both,original,-3,4.63898783669312,6.6441374521297,-8.38352156948108,17.6614972428673
26,both,original,-2,1.66336880587905,6.10553364316109,-10.3034771347167,13.6302147464748
26,both,original,-1,0,0,0,0
26,both,original,0,12.7518097125101,6.34753854102488,0.310634172101347,25.1929852529189
26,both,original,1,18.3304069596316,6.75069676845135,5.09904129346696,31.5617726257963
26,both,original,2,14.6133519485948,7.41019899186629,0.0893619245368846,29.1373419726527
26,both,original,3,15.6053816353006,8.18523718368885,-0.437683244729527,31.6484465153308
26,both,original,4,10.2906058938797,8.73549230228229,-6.83095901859362,27.412170806353
26,both,rotated,-5,-5.52948241819614,7.83889933488151,-20.8937251145639,9.83476027817163
26,both,rotated,-4,3.46147864547203,5.99349931363712,-8.28578000925672,15.2087373002008
26,both,rotated,-3,4.9558475395344,6.6441374521297,-8.06666186663981,17.9783569457086
26,both,rotated,-2,1.82179865729968,6.10553364316109,-10.145047283296,13.7886445978954
26,both,rotated,-1,0,0,0,0
26,both,rotated,0,12.5933798610895,6.34753854102488,0.152204320680712,25.0345554014982
26,both,rotated,1,18.0135472567903,6.75069676845135,4.78218159062569,31.244912922955
26,both,rotated,2,14.1380623943329,7.41019899186629,-0.385927629725021,28.6620524183908
26,both,rotated,3,14.9716622296181,8.18523718368885,-1.07140265041207,31.0147271096482
26,both,rotated,4,9.49845663677649,8.73549230228229,-7.6231082756968,26.6200215492498
27,both,original,-5,-14.6515647420138,9.61047435125959,-33.4880944704826,4.18496498645504
27,both,original,-4,-14.5374745777821,9.32028875876125,-32.8052405449542,3.73029138938992
27,both,original,-3,18.5769854636293,8.0247838851771,2.84840904868221,34.3055618785765
27,both,original,-2,13.0157157136466,6.9679926990283,-0.641549976448882,26.672981403742
27,both,original,-1,0,0,0,0
27,both,original,0,3.12126459977672,7.46322190340344,-11.506650330894,17.7491795304475
27,both,original,1,31.9110949537515,7.52718337402721,17.1578155406582,46.6643743668448
27,both,original,2,24.7384591143313,7.92685743624146,9.20181853929805,40.2750996893646
27,both,original,3,26.4961263761883,8.75002361178462,9.34608009709048,43.6461726552862
27,both,original,4,-3.3822270878384,8.97751871749295,-20.9781637741246,14.2137095984478
27,both,rotated,-5,-7.71169860061427,9.61047435125959,-26.5482283290831,11.1248311278545
27,both,rotated,-4,-9.33257497173251,9.32028875876125,-27.6003409389046,8.93519099543954
27,both,rotated,-3,22.0469185343291,8.0247838851771,6.31834211938196,37.7754949492762
27,both,rotated,-2,14.7506822489965,6.9679926990283,1.09341655890099,28.4079479390919
27,both,rotated,-1,0,0,0,0
27,both,rotated,0,1.38629806442684,7.46322190340344,-13.2416168662439,16.0142129950976
27,both,rotated,1,28.4411618830518,7.52718337402721,13.6878824699584,43.1944412961451
27,both,rotated,2,19.5335595082817,7.92685743624146,3.99691893324843,35.070200083315
27,both,rotated,3,19.5562602347888,8.75002361178462,2.40621395569099,36.7063065138867
27,both,rotated,4,-12.0570597645878,8.97751871749295,-29.652996450874,5.53887692169842
28,both,original,-5,-2.77233981615069,7.79295416858583,-18.0465299865789,12.5018503542775
28,both,original,-4,2.76669275133835,5.83021438020827,-8.66052743386986,14.1939129365466
28,both,original,-3,5.20425175885949,6.65645273764252,-7.84239560691985,18.2508991246388
28,both,original,-2,0.911368378323986,5.89853419251785,-10.649758639011,12.472495395659
28,both,original,-1,0,0,0,0
28,both,original,0,12.0874608492976,6.22845221759409,-0.120305497186859,24.295227195782
28,both,original,1,16.5643477173433,6.60110632475748,3.62617932081862,29.5025161138679
28,both,original,2,14.9296796630835,7.43917357167549,0.348899462599544,29.5104598635675
28,both,original,3,15.3223658030188,8.0808047004303,-0.516011409824593,31.1607430158622
28,both,original,4,10.4969936873342,8.62703607626682,-6.41199702214878,27.4059843968172
28,both,rotated,-5,-3.90975193421139,7.79295416858583,-19.1839421046396,11.3644382362168
28,both,rotated,-4,1.91363366279282,5.83021438020827,-9.51358652241538,13.340853848001
28,both,rotated,-3,4.63554569982914,6.65645273764252,-8.4111016659502,17.6821930656085
28,both,rotated,-2,0.627015348808812,5.89853419251785,-10.9341116685262,12.1881423661438
28,both,rotated,-1,0,0,0,0
28,both,rotated,0,12.3718138788127,6.22845221759409,0.164047532328315,24.5795802252972
28,both,rotated,1,17.1330537763736,6.60110632475748,4.19488537984897,30.0712221728983
28,both,rotated,2,15.782738751629,7.43917357167549,1.20195855114507,30.363518952113
28,both,rotated,3,16.4597779210795,8.0808047004303,0.621400708236106,32.2981551339229
28,both,rotated,4,11.9187588349101,8.62703607626682,-4.99023187457291,28.827749544393
29,both,original,-5,-2.77338201986629,7.79344520410762,-18.0485346199172,12.5017705801847
29,both,original,-4,2.76552992611101,5.83034992902706,-8.66195593478202,14.1930157870041
29,both,original,-3,5.20278456290262,6.65672782313581,-7.84440197044356,18.2499710962488
29,both,original,-2,0.910123701328367,5.89822873811433,-10.6504046253757,12.4706520280325
29,both,original,-1,0,0,0,0
29,both,original,0,12.0858411033846,6.22791512885079,-0.120872549162954,24.2925547559321
29,both,original,1,16.5627997489126,6.60060864330246,3.62560680803979,29.4999926897855
29,both,original,2,14.9282511206231,7.43850432133809,0.348782650800423,29.5077195904457
29,both,original,3,15.3208833988451,8.08029613425548,-0.516497024295591,31.1582638219859
29,both,original,4,10.4955635341223,8.62708492936273,-6.41352292742869,27.4046499956732
29,both,rotated,-5,-3.90921595666649,7.79344520410762,-19.1843685567174,11.3659366433845
29,both,rotated,-4,1.91365447351086,5.83034992902706,-9.51383138738217,13.3411403344039
29,both,rotated,-3,4.63486759450252,6.65672782313581,-8.41231893884366,17.6820541278487
29,both,rotated,-2,0.626165217128317,5.89822873811433,-10.9343631095758,12.1866935438324
29,both,rotated,-1,0,0,0,0
29,both,rotated,0,12.3697995875846,6.22791512885079,0.163085935037097,24.5765132401322
29,both,rotated,1,17.1307167173127,6.60060864330246,4.1935237764399,30.0679096581856
29,both,rotated,2,15.7801265732232,7.43850432133809,1.20065810340057,30.3595950430459
29,both,rotated,3,16.4567173356453,8.08029613425548,0.619336912504609,32.2940977587861
29,both,rotated,4,11.9153559551225,8.62708492936273,-4.99373050642844,28.8244424166734
30,both,original,-5,-2.77533884186287,7.79339211122187,-18.0503873798577,12.499709696132
30,both,original,-4,2.76323799064065,5.83030592845143,-8.66416162912416,14.1906376104055
30,both,original,-3,5.19938464661921,6.65681572255264,-7.84797416958397,18.2467434628224
30,both,original,-2,0.907089623361168,5.8981756940372,-10.6533347369517,12.4675139836741
30,both,original,-1,0,0,0,0
30,both,original,0,12.0825718380845,6.2277796237239,-0.123876224414342,24.2890199005834
30,both,original,1,16.5594279427635,6.60080812242967,3.62184402280129,29.4970118627256
30,both,original,2,14.9250901951098,7.4382290219412,0.346161312105062,29.5040190781146
30,both,original,3,15.3173967261122,8.08045646790021,-0.520297950972227,31.1550914031966
30,both,original,4,10.4920877625356,8.62718323505383,-6.41719137816991,27.4013669032411
30,both,rotated,-5,-3.90790117800555,7.79339211122187,-19.1829497160004,11.3671473599893
30,both,rotated,-4,1.91381623853364,5.83030592845143,-9.51358338123116,13.3412158582985
30,both,rotated,-3,4.63310347854788,6.65681572255264,-8.41425533765531,17.6804622947511
30,both,rotated,-2,0.623949039325499,5.8981756940372,-10.9364753209874,12.1843733996384
30,both,rotated,-1,0,0,0,0
30,both,rotated,0,12.3657124221202,6.2277796237239,0.159264359621327,24.572160484619
30,both,rotated,1,17.1257091108348,6.60080812242967,4.18812519087263,30.0632930307969
30,both,rotated,2,15.7745119472168,7.4382290219412,1.19558306421207,30.3534408302216
30,both,rotated,3,16.4499590622549,8.08045646790021,0.61226438517045,32.2876537393393
30,both,rotated,4,11.9077906827139,8.62718323505383,-5.00148845799157,28.8170698234194
31,both,original,-5,-6.19638334885247,7.87612774079992,-21.6335937208203,9.24082702311536
31,both,original,-4,3.24411455370121,6.02116115385415,-8.55736130785292,15.0455904152553
31,both,original,-3,4.57445142401765,6.65478799542219,-8.46893304700984,17.6178358950451
31,both,original,-2,1.79145967426667,6.13780032130978,-10.2386289555005,13.8215483040338
31,both,original,-1,0,0,0,0
31,both,original,0,12.6414896820749,6.37047883979652,0.155351156073673,25.1276282080761
31,both,original,1,18.4418459974162,6.78260280397744,5.14794450162044,31.735747493212
31,both,original,2,14.567699903997,7.42212006155956,0.0203445833402487,29.1150552246537
31,both,original,3,15.6718311954489,8.21073685112535,-0.42121303275675,31.7648754236546
31,both,original,4,10.2328574062656,8.75626530351966,-6.92942258863297,27.3951374011641
31,both,rotated,-5,-5.6480063872519,7.87612774079992,-21.0852167592197,9.78920398471594
31,both,rotated,-4,3.65539727490164,6.02116115385415,-8.14607858665249,15.4568731364558
31,both,rotated,-3,4.84863990481794,6.65478799542219,-8.19474456620955,17.8920243758454
31,both,rotated,-2,1.92855391466681,6.13780032130978,-10.1015347151004,13.958642544434
31,both,rotated,-1,0,0,0,0
31,both,rotated,0,12.5043954416747,6.37047883979652,0.0182569156735291,24.9905339676759
31,both,rotated,1,18.1676575166159,6.78260280397744,4.87375602082015,31.4615590124117
31,both,rotated,2,14.1564171827966,7.42212006155956,-0.39093813786018,28.7037725034533
31,both,rotated,3,15.1234542338484,8.21073685112535,-0.969589994357323,31.216498462054
31,both,rotated,4,9.54738620426485,8.75626530351966,-7.61489379063369,26.7096661991634
32,both,original,-5,-2.7732095376995,7.79356311088067,-18.0485932350256,12.5021741596266
32,both,original,-4,2.76574438132845,5.83030806799696,-8.66165943194559,14.1931481946025
32,both,original,-3,5.20292255012653,6.65684660155345,-7.84449678891822,18.2503418891713
32,both,original,-2,0.910217451829366,5.89808182567734,-10.6500229264982,12.4704578301569
32,both,original,-1,0,0,0,0
32,both,original,0,12.0860906693105,6.22771931196697,-0.120239182144793,24.2924205207657
32,both,original,1,16.5630625502994,6.60079781608863,3.62549883076567,29.5006262698331
32,both,original,2,14.92848150801,7.43829694355264,0.349419498646856,29.5075435173732
32,both,original,3,15.3210613869475,8.08058680336713,-0.516888747652118,31.159011521547
32,both,original,4,10.4956813069205,8.62712933170101,-6.41349218321346,27.4048547970545
32,both,rotated,-5,-3.90927054373547,7.79356311088067,-19.1846542410616,11.3661131535906
32,both,rotated,-4,1.91369862680147,5.83030806799696,-9.51370518647257,13.3411024400755
32,both,rotated,-3,4.63489204710854,6.65684660155345,-8.41252729193621,17.6823113861533
32,both,rotated,-2,0.626202200320373,5.89808182567734,-10.9340381780072,12.186442578648
32,both,rotated,-1,0,0,0,0
32,both,rotated,0,12.3701059208195,6.22771931196697,0.1637760693642,24.5764357722747
32,both,rotated,1,17.1310930533174,6.60079781608863,4.19352933378366,30.0686567728511
32,both,rotated,2,15.780527262537,7.43829694355264,1.20146525317383,30.3595892719002
32,both,rotated,3,16.4571223929834,8.08058680336713,0.619172258383856,32.295072527583
32,both,rotated,4,11.9157575644655,8.62712933170101,-4.99341592566849,28.8249310545995
1,notyet,original,-5,-20.8064103383011,10.7720878434054,-41.9197025113756,0.30688183477341
1,notyet,original,-4,-57.4342505488488,10.3348529300855,-77.6905622918164,-37.1779388058813
1,notyet,original,-3,-7.68868948678763,8.06984520457381,-23.5055860877523,8.12820711417705
1,notyet,original,-2,-9.66790949166408,6.79779319040888,-22.9915841448655,3.65576516153732
1,notyet,original,-1,0,0,0,0
1,notyet,original,0,-0.376525571040216,6.50454958552827,-13.1254427586756,12.3723916165952
1,notyet,original,1,7.03237660946314,6.91624335610796,-6.52346036850847,20.5882135874347
1,notyet,original,2,1.94242914165348,9.2710075487108,-16.2287456538197,20.1136039371266
1,notyet,original,3,16.4786798800639,9.59563303316144,-2.32876086493254,35.2861206250603
1,notyet,original,4,8.44627466364154,9.79406639246198,-10.7500954655839,27.642644792867
1,notyet,rotated,-5,16.6034138570309,10.7720878434054,-4.50987831604357,37.7167060301054
1,notyet,rotated,-4,-29.3768824023498,10.3348529300855,-49.6331941453174,-9.12057065938224
1,notyet,rotated,-3,11.0162226108784,8.06984520457381,-4.80067399008629,26.8331192118431
1,notyet,rotated,-2,-0.315453442831075,6.79779319040888,-13.6391280960325,13.0082212103703
1,notyet,rotated,-1,0,0,0,0
1,notyet,rotated,0,-9.72898161987322,6.50454958552827,-22.4778988075086,3.01993556776219
1,notyet,rotated,1,-11.6725354882029,6.91624335610796,-25.2283724661745,1.88330148976872
1,notyet,rotated,2,-26.1149390048456,9.2710075487108,-44.2861138003187,-7.94376420937238
1,notyet,rotated,3,-20.9311443152681,9.59563303316144,-39.7385850602646,-2.12370357027172
1,notyet,rotated,4,-38.3160055805235,9.79406639246198,-57.512375709749,-19.119635451298
2,notyet,original,-5,-7.93810139282338,10.3227023114318,-28.1705979232296,12.2943951375829
2,notyet,original,-4,-25.9784617200895,9.09719891984388,-43.8089716029835,-8.14795183719551
2,notyet,original,-3,21.4408307355821,8.31069826574599,5.15186213471997,37.7297993364442
2,notyet,original,-2,8.12705086443257,6.84967107423732,-5.29830444107258,21.5524061699377
2,notyet,original,-1,0,0,0,0
2,notyet,original,0,12.9440227065613,6.88432832654148,-0.549260813459991,26.4373062265826
2,notyet,original,1,28.4839682770725,7.62361153344578,13.5416896715188,43.4262468826263
2,notyet,original,2,28.745944202942,9.99047606672331,9.16461111216436,48.3272772937197
2,notyet,original,3,37.7956690096227,10.1126313954525,17.9749114745357,57.6164265447096
2,notyet,original,4,29.3383981573114,9.79041350453924,10.1491876884145,48.5276086262083
2,notyet,rotated,-5,-0.114224273361341,10.3227023114318,-20.3467208037676,20.1182722570449
2,notyet,rotated,-4,-20.110553880493,9.09719891984388,-37.941063763387,-2.28004399759898
2,notyet,rotated,-3,25.3527692953131,8.31069826574599,9.06380069445099,41.6417378961752
2,notyet,rotated,-2,10.0830201442981,6.84967107423732,-3.34233516120707,23.5083754498032
2,notyet,rotated,-1,0,0,0,0
2,notyet,rotated,0,10.9880534266958,6.88432832654148,-2.5052300933255,24.4813369467171
2,notyet,rotated,1,24.5720297173415,7.62361153344578,9.62975111178777,39.5143083228952
2,notyet,rotated,2,22.8780363633455,9.99047606672331,3.29670327256783,42.4593694541232
2,notyet,rotated,3,29.9717918901606,10.1126313954525,10.1510343550737,49.7925494252475
2,notyet,rotated,4,19.5585517579839,9.79041350453924,0.369341289086968,38.7477622268808
3,notyet,original,-5,-38.4766363908494,14.2241065473251,-66.3558852236067,-10.5973875580921
3,notyet,original,-4,-66.4705887647189,12.2256200123781,-90.43280398898,-42.5083735404578
3,notyet,original,-3,-13.3374751406167,8.96368497462323,-30.9062976908783,4.23134740964479
3,notyet,original,-2,-12.3577936807389,6.84498153967017,-25.7739574984925,1.05837013701461
3,notyet,original,-1,0,0,0,0
3,notyet,original,0,6.08500424479408,7.05001125335862,-7.7330178117888,19.903026301377
3,notyet,original,1,17.3444131854762,8.45394299267438,0.774684919834403,33.914141451118
3,notyet,original,2,12.0749847991152,10.9686298011681,-9.4235296111744,33.5734992094047
3,notyet,original,3,28.3465000334458,10.756454151346,7.26384989680777,49.4291501700839
3,notyet,original,4,20.6547544951947,10.9081188978752,-0.725158544640699,42.0346675350301
3,notyet,rotated,-5,13.8368377184208,14.2241065473251,-14.0424111143364,41.7160865511781
3,notyet,rotated,-4,-27.2354831827662,12.2256200123781,-51.1976984070274,-3.27326795850509
3,notyet,rotated,-3,12.8192619140184,8.96368497462323,-4.74956063624314,30.3880844642799
3,notyet,rotated,-2,0.720574846578634,6.84498153967017,-12.6955889711749,14.1367386643322
3,notyet,rotated,-1,0,0,0,0
3,notyet,rotated,0,-6.99336428252347,7.05001125335862,-20.8113863391064,6.82465777405941
3,notyet,rotated,1,-8.81232386915893,8.45394299267438,-25.3820521348007,7.75740439648285
3,notyet,rotated,2,-27.1601207828375,10.9686298011681,-48.6586351931271,-5.66160637254794
3,notyet,rotated,3,-23.9669740758244,10.756454151346,-45.0496242124625,-2.88432393918631
3,notyet,rotated,4,-44.7370881413931,10.9081188978752,-66.1170011812285,-23.3571751015577
4,notyet,original,-5,8.64279884148289,10.2486368214474,-11.444529328554,28.7301270115198
4,notyet,original,-4,-25.7727252930953,9.68841353471062,-44.7620158211281,-6.78343476506247
4,notyet,original,-3,5.35551920372127,8.9826409379657,-12.2504570346915,22.9614954421341
4,notyet,original,-2,4.71759307524231,7.51982099636887,-10.0212560776407,19.4564422281253
4,notyet,original,-1,0,0,0,0
4,notyet,original,0,40.4713309228664,8.40481545608516,23.9978926289395,56.9447692167933
4,notyet,original,1,53.9622184458623,9.86235480406036,34.632003029904,73.2924338618206
4,notyet,original,2,33.907231969824,10.9530235230812,12.4393058645848,55.3751580750633
4,notyet,original,3,44.5452429918412,10.9061148381491,23.1692579090689,65.9212280746136
4,notyet,original,4,29.1285789469757,10.5181082567707,8.51308676370514,49.7440711302463
4,notyet,rotated,-5,12.2852453789055,10.2486368214474,-7.80208279113144,32.3725735489424
4,notyet,rotated,-4,-23.0408903900283,9.68841353471062,-42.0301809180612,-4.05159986199552
4,notyet,rotated,-3,7.17674247243257,8.9826409379657,-10.4292337659802,24.7827187108454
4,notyet,rotated,-2,5.62820470959796,7.51982099636887,-9.11064444328503,20.367053862481
4,notyet,rotated,-1,0,0,0,0
4,notyet,rotated,0,39.5607192885107,8.40481545608516,23.0872809945838,56.0341575824376
4,notyet,rotated,1,52.140995177151,9.86235480406036,32.8107797611927,71.4712105931093
4,notyet,rotated,2,31.1753970667571,10.9530235230812,9.70747096151787,52.6433231719963
4,notyet,rotated,3,40.9027964544187,10.9061148381491,19.5268113716463,62.278781537191
4,notyet,rotated,4,24.5755207751975,10.5181082567707,3.96002859192689,45.191012958468
5,notyet,original,-5,-18.4127166159344,13.1028312633329,-44.0942658920669,7.26883266019821
5,notyet,original,-4,-57.0965524538906,11.8495039877003,-80.3215802697833,-33.871524637998
5,notyet,original,-3,-7.43010789154434,8.31378321110496,-23.7251229853101,8.86490720222138
5,notyet,original,-2,-10.3883691655596,6.82719189861725,-23.7696652868494,2.99292695573021
5,notyet,original,-1,0,0,0,0
5,notyet,original,0,5.73265895161953,10.7207674065958,-15.2800451653082,26.7453630685473
5,notyet,original,1,16.9425356662925,10.3375197657127,-3.31900307450434,37.2040744070894
5,notyet,original,2,7.75621789605428,11.57507661498,-14.9309322693065,30.443368061415
5,notyet,original,3,14.4928983752209,11.4785377772401,-8.00503566816978,36.9908324186115
5,notyet,original,4,3.87357872260327,11.5658885508341,-18.7955628370315,26.542720282238
5,notyet,rotated,-5,17.6124978872733,13.1028312633329,-8.06905138885925,43.2940471634059
5,notyet,rotated,-4,-30.0776415764849,11.8495039877003,-53.3026693923775,-6.8526137605922
5,notyet,rotated,-3,10.5824993600595,8.31378321110496,-5.71251573370621,26.8775144538252
5,notyet,rotated,-2,-1.38206553975768,6.82719189861725,-14.7633616610475,11.9992305815321
5,notyet,rotated,-1,0,0,0,0
5,notyet,rotated,0,-3.27364467418239,10.7207674065958,-24.2863487911102,17.7390594427454
5,notyet,rotated,1,-1.07007158531131,10.3375197657127,-21.3316103261082,19.1914671554856
5,notyet,rotated,2,-19.2626929813515,11.57507661498,-41.9498431467123,3.42445718400928
5,notyet,rotated,3,-21.5323161279868,11.4785377772401,-44.0302501713775,0.965617915403829
5,notyet,rotated,4,-41.1579394064063,11.5658885508341,-63.8270809660411,-18.4887978467716
6,notyet,original,-5,-9.1467893224388,10.6346138707623,-29.9906325091329,11.6970538642553
6,notyet,original,-4,-7.26173891311042,8.07980216214933,-23.0981511509231,8.57467332470228
6,notyet,original,-3,1.43158442863597,9.94094909443495,-18.0526757964565,20.9158446537285
6,notyet,original,-2,0.398809171592022,7.40124091617516,-14.1076230241113,14.9052413672953
6,notyet,original,-1,0,0,0,0
6,notyet,original,0,19.6726392100511,9.95040372808335,0.169847903007685,39.1754305170944
6,notyet,original,1,22.7580853564115,10.9741753760332,1.24870161938647,44.2674690934364
6,notyet,original,2,23.259430701978,11.7063224851926,0.315038631000554,46.2038227729555
6,notyet,original,3,25.6838387563222,12.1441409782258,1.88132243899964,49.4863550736448
6,notyet,original,4,24.3169788715944,12.1011719588663,0.598681832216418,48.0352759109724
6,notyet,rotated,-5,-1.79873652240913,10.6346138707623,-22.6425797091032,19.0451066642849
6,notyet,rotated,-4,-1.75069931308817,8.07980216214933,-17.5871115509009,14.0857129247245
6,notyet,rotated,-3,5.1056108286508,9.94094909443495,-14.3786493964417,24.5898710537433
6,notyet,rotated,-2,2.23582237159944,7.40124091617516,-12.2706098241039,16.7422545673028
6,notyet,rotated,-1,0,0,0,0
6,notyet,rotated,0,17.8356260100436,9.95040372808335,-1.66716529699973,37.338417317087
6,notyet,rotated,1,19.0840589563966,10.9741753760332,-2.42532478062836,40.5934426934216
6,notyet,rotated,2,17.7483911019558,11.7063224851926,-5.19600096902169,40.6927831729332
6,notyet,rotated,3,18.3357859562925,12.1441409782258,-5.46673036103003,42.1383022736151
6,notyet,rotated,4,15.1319128715573,12.1011719588663,-8.58638416782066,38.8502099109353
7,notyet,original,-5,-15.7285488609305,12.0389163798647,-39.3248249654653,7.86772724360424
7,notyet,original,-4,-32.2225478314844,10.4247521271023,-52.6550620006049,-11.7900336623638
7,notyet,original,-3,16.1813408792072,9.12602465919494,-1.70566745281485,34.0683492112293
7,notyet,original,-2,4.94296296184245,6.7498023814876,-8.28664970587325,18.1725756295581
7,notyet,original,-1,0,0,0,0
7,notyet,original,0,16.1508913256224,7.55969078095324,1.33389739495408,30.9678852562908
7,notyet,original,1,34.8500176995934,8.64487968376271,17.9060535194185,51.7939818797683
7,notyet,original,2,36.9141319558601,11.3388471219102,14.6899915969162,59.138272314804
7,notyet,original,3,46.9151186708731,11.5420799951637,24.2926418803522,69.5375954613939
7,notyet,original,4,38.5978153475288,11.2277682787855,16.5913895211091,60.6042411739485
7,notyet,rotated,-5,0.574943701458571,12.0389163798647,-23.0213324030762,24.1712198059934
7,notyet,rotated,-4,-19.9949284096925,10.4247521271023,-40.427442578813,0.437585759428004
7,notyet,rotated,-3,24.3330871604018,9.12602465919494,6.4460788283797,42.2200954924239
7,notyet,rotated,-2,9.01883610243972,6.7498023814876,-4.21077656527598,22.2484487701554
7,notyet,rotated,-1,0,0,0,0
7,notyet,rotated,0,12.0750181850251,7.55969078095324,-2.7419757456432,26.8920121156935
7,notyet,rotated,1,26.6982714183989,8.64487968376271,9.75430723822394,43.6422355985738
7,notyet,rotated,2,24.6865125340683,11.3388471219102,2.46237217512435,46.9106528930122
7,notyet,rotated,3,30.611626108484,11.5420799951637,7.98914931796309,53.2341028990048
7,notyet,rotated,4,18.2184496445424,11.2277682787855,-3.78797618187725,40.2248754709621
8,notyet,original,-5,5.42560335829565,10.3363959086782,-14.8337326227137,25.684939339305
8,notyet,original,-4,-10.0168316116404,9.00564266265618,-27.6678912304465,7.63422800716568
8,notyet,original,-3,16.3071827713285,8.91356340533922,-1.16340150313637,33.7777670457934
8,notyet,original,-2,5.8872207489753,7.28723533656837,-8.3957605106987,20.1702020086493
8,notyet,original,-1,0,0,0,0
8,notyet,original,0,32.9122000552999,8.56554967239821,16.1237226973994,49.7006774132004
8,notyet,original,1,51.9969053624343,9.93405574843782,32.5261560954962,71.4676546293724
8,notyet,original,2,32.6033434830412,11.1258781997303,10.7966222115698,54.4100647545126
8,notyet,original,3,43.657018963931,10.9018940487277,22.2893066284247,65.0247312994373
8,notyet,original,4,37.1870672430818,10.3642478345924,16.8731414872807,57.5009929988828
8,notyet,rotated,-5,1.40513603964317,10.3363959086782,-18.8541999413662,21.6644720206525
8,notyet,rotated,-4,-13.0321821006298,9.00564266265618,-30.6832417194359,4.61887751817632
8,notyet,rotated,-3,14.2969491120023,8.91356340533922,-3.17363516246261,31.7675333864671
8,notyet,rotated,-2,4.88210391931218,7.28723533656837,-9.40087734036182,19.1650851789862
8,notyet,rotated,-1,0,0,0,0
8,notyet,rotated,0,33.917316884963,8.56554967239821,17.1288395270625,50.7057942428635
8,notyet,rotated,1,54.0071390217605,9.93405574843782,34.5363897548224,73.4778882886987
8,notyet,rotated,2,35.6186939720306,11.1258781997303,13.8119727005591,57.425415243502
8,notyet,rotated,3,47.6774862825834,10.9018940487277,26.3097739470771,69.0451986180897
8,notyet,rotated,4,42.2126513913974,10.3642478345924,21.8987256355963,62.5265771471984
9,notyet,original,-5,-7.55845874723963,12.1821271015326,-31.4354278662436,16.3185103717644
9,notyet,original,-4,-27.2038862808065,10.6035217738897,-47.9867889576303,-6.42098360398277
9,notyet,original,-3,20.366290661411,9.13859466550407,2.45464511702304,38.277936205799
9,notyet,original,-2,6.97004875437913,6.91841418899152,-6.59004305604424,20.5301405648025
9,notyet,original,-1,0,0,0,0
9,notyet,original,0,12.2720565181752,10.4617713248228,-8.23301527847744,32.7771283148278
9,notyet,original,1,29.9448343178496,10.4674920977227,9.42854980631306,50.4611188293861
9,notyet,original,2,29.6272618783604,11.727240890687,6.64186973261394,52.612654024107
9,notyet,original,3,36.4815149634814,11.7795878179312,13.3935228403363,59.5695070866266
9,notyet,original,4,26.4312967001161,11.5242414627754,3.84378343307638,49.0188099671559
9,notyet,rotated,-5,0.993923086650623,12.1821271015326,-22.8830460323534,24.8708922056546
9,notyet,rotated,-4,-20.7895999053888,10.6035217738897,-41.5725025822126,-0.00669722856507349
9,notyet,rotated,-3,24.6424815783562,9.13859466550407,6.73083603396817,42.5541271227441
9,notyet,rotated,-2,9.10814421285169,6.91841418899152,-4.45194759757168,22.6682360232751
9,notyet,rotated,-1,0,0,0,0
9,notyet,rotated,0,10.1339610597026,10.4617713248228,-10.37111073695,30.6390328563552
9,notyet,rotated,1,25.6686434009045,10.4674920977227,5.15235888936793,46.184927912441
9,notyet,rotated,2,23.2129755029428,11.727240890687,0.227583357196245,46.1983676486893
9,notyet,rotated,3,27.9291331295912,11.7795878179312,4.84114100644601,51.0171252527363
9,notyet,rotated,4,15.7408194077533,11.5242414627754,-6.84669385928644,38.3283326747931
10,notyet,original,-5,-5.36129294455798,10.637671426878,-26.2111289412389,15.4885430521229
10,notyet,original,-4,-6.15271415490853,7.92785085657211,-21.6913018337899,9.38587352397281
10,notyet,original,-3,2.96441396446217,9.94421590842651,-16.5262492160538,22.4550771449781
10,notyet,original,-2,0.314841662224845,7.19261605770219,-13.7826858108714,14.4123691353211
10,notyet,original,-1,0,0,0,0
10,notyet,original,0,19.6914365250735,9.80844232849685,0.466889561219663,38.9159834889273
10,notyet,original,1,22.7735673492479,10.8142956737899,1.5775478286197,43.9695868698761
10,notyet,original,2,24.0249694437359,11.705963572673,1.08128084129685,46.968658046175
10,notyet,original,3,27.4221413789272,12.0310209541912,3.8413403087125,51.0029424491418
10,notyet,original,4,25.1803753833214,11.9336826313234,1.79035742592765,48.5703933407152
10,notyet,rotated,-5,-0.873340324316866,10.637671426878,-21.7231763209978,19.9764956723641
10,notyet,rotated,-4,-2.7867496897277,7.92785085657211,-18.325337368609,12.7518379891536
10,notyet,rotated,-3,5.20839027458272,9.94421590842651,-14.2822729059332,24.6990534550987
10,notyet,rotated,-2,1.43682981728512,7.19261605770219,-12.6606976558112,15.5343572903814
10,notyet,rotated,-1,0,0,0,0
10,notyet,rotated,0,18.5694483700132,9.80844232849685,-0.655098593840613,37.793995333867
10,notyet,rotated,1,20.5295910391273,10.8142956737899,-0.666428481500855,41.7256105597555
10,notyet,rotated,2,20.6590049785551,11.705963572673,-2.28468362388399,43.6026935809942
10,notyet,rotated,3,22.9341887586861,12.0310209541912,-0.646612311528607,46.5149898289007
10,notyet,rotated,4,19.5704346080201,11.9336826313234,-3.81958334937374,42.9604525654139
11,notyet,original,-5,-13.8225987183882,13.4009639341472,-40.0884880293168,12.4432905925404
11,notyet,original,-4,-38.0888589938852,11.4251248713432,-60.4821037417179,-15.6956142460525
11,notyet,original,-3,-1.42641678714877,9.49853945101905,-20.0435541111461,17.1907205368486
11,notyet,original,-2,0.544681546202336,7.45507434369164,-14.0672641674333,15.1566272598379
11,notyet,original,-1,0,0,0,0
11,notyet,original,0,41.8414366336843,8.77677751223972,24.6389527096945,59.0439205576742
11,notyet,original,1,59.3753342706974,10.6281819636606,38.5440976219227,80.2065709194721
11,notyet,original,2,40.8796887917958,12.1571304255594,17.0517131576994,64.7076644258922
11,notyet,original,3,53.8232247847135,11.8301234383096,30.6361828456266,77.0102667238003
11,notyet,original,4,38.7993427725516,11.4528242628021,16.3518072174594,61.2468783276438
11,notyet,rotated,-5,9.09275113271894,13.4009639341472,-17.1731381782096,35.3586404436475
11,notyet,rotated,-4,-20.9023466055548,11.4251248713432,-43.2955913533875,1.49089814227787
11,notyet,rotated,-3,10.0312581384048,9.49853945101905,-8.58587918559254,28.6483954624021
11,notyet,rotated,-2,6.27351900897912,7.45507434369164,-8.33842670465649,20.8854647226147
11,notyet,rotated,-1,0,0,0,0
11,notyet,rotated,0,36.1125991709076,8.77677751223972,18.9101152469177,53.3150830948974
11,notyet,rotated,1,47.9176593451438,10.6281819636606,27.0864226963691,68.7488959939186
11,notyet,rotated,2,23.6931764034655,12.1571304255594,-0.134799230630943,47.5211520375619
11,notyet,rotated,3,30.9078749336064,11.8301234383096,7.72083299451952,54.0949168726932
11,notyet,rotated,4,10.1551554586677,11.4528242628021,-12.2923800964245,32.6026910137599
12,notyet,original,-5,-60.5092740972068,18.3753277034872,-96.5249163960417,-24.493631798372
12,notyet,original,-4,-98.3255624021752,17.6426333335537,-132.905123735941,-63.7460010684099
12,notyet,original,-3,-44.9013421610334,11.6797987171337,-67.7937476466154,-22.0089366754514
12,notyet,original,-2,-29.499488116273,7.67160932018875,-44.535842383843,-14.4631338487031
12,notyet,original,-1,0,0,0,0
12,notyet,original,0,-34.2694067580315,13.7505779415496,-61.2205395234687,-7.31827399259423
12,notyet,original,1,-8.64738050443652,11.5178322683403,-31.2223317503836,13.9275707415105
12,notyet,original,2,-13.5757223191486,12.4997004672251,-38.0751352349098,10.9236905966126
12,notyet,original,3,-1.15489113933275,12.1766649541686,-25.0211544495032,22.7113721708377
12,notyet,original,4,-0.497162889780552,12.029136645787,-24.074270715523,23.0799449359619
12,notyet,rotated,-5,26.9995200406189,18.3753277034872,-9.016122258216,63.0151623394538
12,notyet,rotated,-4,-32.6939667988059,17.6426333335537,-67.2735281325713,1.88559453495939
12,notyet,rotated,-3,-1.14694509212053,11.6797987171337,-24.0393505777025,21.7454603934615
12,notyet,rotated,-2,-7.62228958181659,7.67160932018875,-22.6586438493865,7.41406468575336
12,notyet,rotated,-1,0,0,0,0
12,notyet,rotated,0,-56.1466052924879,13.7505779415496,-83.0977380579252,-29.1954725270507
12,notyet,rotated,1,-52.4017775733494,11.5178322683403,-74.9767288192964,-29.8268263274023
12,notyet,rotated,2,-79.2073179225179,12.4997004672251,-103.706730838279,-54.7079050067567
12,notyet,rotated,3,-88.6636852771584,12.1766649541686,-112.529948587329,-64.797421966988
12,notyet,rotated,4,-109.883155562063,12.029136645787,-133.460263387805,-86.3060477363202
13,notyet,original,-5,-9.22623084708545,10.6488446832426,-30.0979664262409,11.64550473207
13,notyet,original,-4,-7.28274436619192,8.09272846864399,-23.1444921647341,8.5790034323503
13,notyet,original,-3,1.33335058631722,9.94344535392115,-18.1558023073682,20.8225034800027
13,notyet,original,-2,0.439619693911215,7.42249675083355,-14.1084739377225,14.987713325545
13,notyet,original,-1,0,0,0,0
13,notyet,original,0,19.6939359871211,9.96646506901563,0.15966445185045,39.2282075223917
13,notyet,original,1,22.825648138518,10.9892564574397,1.28670548193611,44.3645907950999
13,notyet,original,2,23.3127420502287,11.7121731421588,0.356882691597416,46.2686014088599
13,notyet,original,3,25.6764083537191,12.1590000335817,1.84476828789891,49.5080484195393
13,notyet,original,4,24.3626105207871,12.1175677417186,0.612177747018638,48.1130432945556
13,notyet,rotated,-5,-1.8066527643692,10.6488446832426,-22.6783883435246,19.0650828147862
13,notyet,rotated,-4,-1.71806080415473,8.09272846864399,-17.579808602697,14.1436869943875
13,notyet,rotated,-3,5.04313962767535,9.94344535392115,-14.4460132660101,24.5322925213608
13,notyet,rotated,-2,2.29451421459028,7.42249675083355,-12.2535794170435,16.842607846224
13,notyet,rotated,-1,0,0,0,0
13,notyet,rotated,0,17.839041466442,9.96646506901563,-1.69523006882861,37.3733130017127
13,notyet,rotated,1,19.1158590971599,10.9892564574397,-2.42308355942202,40.6548017537418
13,notyet,rotated,2,17.7480584881915,11.7121731421588,-5.20780087043978,40.7039178468227
13,notyet,rotated,3,18.2568302710028,12.1590000335817,-5.57480979481735,42.088470336823
13,notyet,rotated,4,15.0881379173918,12.1175677417186,-8.66229485637668,38.8385706911602
14,notyet,original,-5,3.69705308394476,11.6434255683616,-19.1240610300439,26.5181671979335
14,notyet,original,-4,-25.450276605773,9.94369011356229,-44.939909228355,-5.96064398319087
14,notyet,original,-3,5.76967714565282,9.17902848277825,-12.2212186805926,23.7605729718982
14,notyet,original,-2,2.85053823048591,7.57672431550519,-11.9998414279043,17.7009178888761
14,notyet,original,-1,0,0,0,0
14,notyet,original,0,23.2815650838717,10.1563828018534,3.37505479223912,43.1880753755044
14,notyet,original,1,37.6973116821728,11.0299671552654,16.0785760578527,59.316047306493
14,notyet,original,2,14.2120887403529,12.2573712128503,-9.81235883683358,38.2365363175394
14,notyet,original,3,26.8310995981537,11.9479317470876,3.41315337386202,50.2490458224453
14,notyet,original,4,10.6767108566187,11.7618628325772,-12.3765402952327,33.72996200847
14,notyet,rotated,-5,9.98674974524453,11.6434255683616,-12.8343643687442,32.8078638592332
14,notyet,rotated,-4,-20.7330041097981,9.94369011356229,-40.2226367323802,-1.24337148721604
14,notyet,rotated,-3,8.9145254763027,9.17902848277825,-9.07637034994266,26.9054213025481
14,notyet,rotated,-2,4.42296239581085,7.57672431550519,-10.4274172625793,19.273342054201
14,notyet,rotated,-1,0,0,0,0
14,notyet,rotated,0,21.7091409185468,10.1563828018534,1.80263062691418,41.6156512101794
14,notyet,rotated,1,34.552463351523,11.0299671552654,12.9337277272028,56.1711989758431
14,notyet,rotated,2,9.49481624437809,12.2573712128503,-14.5296313328084,33.5192638215646
14,notyet,rotated,3,20.5414029368539,11.9479317470876,-2.87654328743775,43.9593491611455
14,notyet,rotated,4,2.81459002999397,11.7618628325772,-20.2386611218574,25.8678411818453
15,notyet,original,-5,-9.1467894583867,10.6346299061034,-29.9906640743493,11.6970851575759
15,notyet,original,-4,-7.26173928812151,8.07978089165351,-23.0981098357624,8.57463125951938
15,notyet,original,-3,1.43158410240483,9.94095832077515,-18.0526942063145,20.9158624111241
15,notyet,original,-2,0.398808861889259,7.4012328473154,-14.1076075188489,14.9052252426275
15,notyet,original,-1,0,0,0,0
15,notyet,original,0,19.6726388631723,9.95027992552487,0.170090209143506,39.175187517201
15,notyet,original,1,22.7580849685609,10.9739708260547,1.24910214949382,44.2670677876281
15,notyet,original,2,23.2594301209909,11.7061506570903,0.315374833093959,46.2034854088878
15,notyet,original,3,25.6838382542526,12.1439946273966,1.88160878455521,49.4860677239501
15,notyet,original,4,24.3169783877393,12.1010550335315,0.598910522017519,48.035046253461
15,notyet,rotated,-5,-1.79873630755838,10.6346299061034,-22.642610923521,19.0451383084043
15,notyet,rotated,-4,-1.75069942500027,8.07978089165351,-17.5870699726412,14.0856711226406
15,notyet,rotated,-3,5.10561067781899,9.94095832077515,-14.3786676309003,24.5898889865383
15,notyet,rotated,-2,2.23582214959634,7.4012328473154,-12.2705942311419,16.7422385303345
15,notyet,rotated,-1,0,0,0,0
15,notyet,rotated,0,17.8356255754652,9.95027992552487,-1.66692307856357,37.3381742294939
15,notyet,rotated,1,19.0840583931468,10.9739708260547,-2.42492442592035,40.5930412122139
15,notyet,rotated,2,17.7483902578696,11.7061506570903,-5.19566503002728,40.6924455457666
15,notyet,rotated,3,18.3357851034243,12.1439946273966,-5.46644436627311,42.1380145731217
15,notyet,rotated,4,15.1319119492039,12.1010550335315,-8.58615591651788,38.8499798149256
16,notyet,original,-5,-9.14678933782453,10.6346338358033,-29.990671655999,11.69709298035
16,notyet,original,-4,-7.26173891680508,8.07981949911875,-23.0981851350778,8.57470730146768
16,notyet,original,-3,1.43158442496731,9.9409749322106,-18.0527264421655,20.9158952921001
16,notyet,original,-2,0.398809168176447,7.40126091785963,-14.1076622308284,14.9052805671813
16,notyet,original,-1,0,0,0,0
16,notyet,original,0,19.6726392042926,9.95041843748619,0.169819066819681,39.1754593417656
16,notyet,original,1,22.7580853519685,10.9741854168052,1.2486819350304,44.2674887689067
16,notyet,original,2,23.2594306975346,11.706338718268,0.31500680972923,46.2038545853399
16,notyet,original,3,25.6838387518738,12.1441593341213,1.88128645699607,49.4863910467516
16,notyet,original,4,24.3169788671937,12.101195673676,0.598635346788768,48.0353223875987
16,notyet,rotated,-5,-1.79873652667756,10.6346338358033,-22.6426188448521,19.0451457914969
16,notyet,rotated,-4,-1.75069930844485,8.07981949911875,-17.5871455267176,14.0857469098279
16,notyet,rotated,-3,5.1056108305408,9.9409749322106,-14.378700036592,24.5899216976736
16,notyet,rotated,-2,2.23582237096319,7.40126091785963,-12.2706490280417,16.7422937699681
16,notyet,rotated,-1,0,0,0,0
16,notyet,rotated,0,17.8356260015059,9.95041843748619,-1.66719413596706,37.3384461389788
16,notyet,rotated,1,19.0840589463951,10.9741854168052,-2.42534447054308,40.5934623633332
16,notyet,rotated,2,17.7483910891743,11.706338718268,-5.196032798631,40.6928149769797
16,notyet,rotated,3,18.3357859407269,12.1441593341213,-5.4667663541509,42.1383382356046
16,notyet,rotated,4,15.13191285326,12.101195673676,-8.58643066714494,38.850256373665
17,notyet,original,-5,-4.01751774009545,11.7921010104677,-27.1300357206121,19.0950002404212
17,notyet,original,-4,-17.1890055455951,10.0042476684874,-36.7973309758304,2.41931988464031
17,notyet,original,-3,11.3662148812134,9.55562083768443,-7.36280196064807,30.0952317230749
17,notyet,original,-2,2.24996957340563,7.18502903750867,-11.8326873401114,16.3326264869226
17,notyet,original,-1,0,0,0,0
17,notyet,original,0,37.1250872750205,9.17955482945956,19.1331598092798,55.1170147407612
17,notyet,original,1,58.8956650685207,10.7547724621755,37.8163110426567,79.9750190943847
17,notyet,original,2,41.4496783659586,12.2204886942315,17.4975205252648,65.4018362066523
17,notyet,original,3,52.9856953430168,12.1374037555297,29.1963839821786,76.775006703855
17,notyet,original,4,46.3689417878177,11.5291526998111,23.771802496188,68.9660810794474
17,notyet,rotated,-5,1.66977402808249,11.7921010104677,-21.4427439524342,24.7822920085992
17,notyet,rotated,-4,-12.9235367194616,10.0042476684874,-32.531862149697,6.68478871077376
17,notyet,rotated,-3,14.2098607653024,9.55562083768443,-4.51915607655911,32.9388776071639
17,notyet,rotated,-2,3.67179251545011,7.18502903750867,-10.4108643980669,17.7544494289671
17,notyet,rotated,-1,0,0,0,0
17,notyet,rotated,0,35.703264332976,9.17955482945956,17.7113368672353,53.6951917987167
17,notyet,rotated,1,56.0520191844318,10.7547724621755,34.9726651585678,77.1313732102957
17,notyet,rotated,2,37.1842095398251,12.2204886942315,13.2320516991314,61.1363673805188
17,notyet,rotated,3,47.2984035748388,12.1374037555297,23.5090922140007,71.087714935677
17,notyet,rotated,4,39.2598270775953,11.5291526998111,16.6626877859656,61.856966369225
18,notyet,original,-5,-28.5652975710726,15.4708802928306,-58.8882229450206,1.75762780287532
18,notyet,original,-4,-53.0159104833211,14.3702178451086,-81.1815374597339,-24.8502835069082
18,notyet,original,-3,-8.48362247800275,11.7722342114817,-31.5572015325069,14.5899565765014
18,notyet,original,-2,-8.69704355342735,7.48077521801003,-23.359362980727,5.96527587387232
18,notyet,original,-1,0,0,0,0
18,notyet,original,0,-13.7624149967938,12.6843035791563,-38.6236500119402,11.0988200183527
18,notyet,original,1,13.0537576188027,11.6718667682031,-9.82310124687535,35.9306164844807
18,notyet,original,2,12.4967335937226,12.2017154745418,-11.4186287363794,36.4120959238246
18,notyet,original,3,23.0018359820329,11.8552420472358,-0.234438430549229,46.2381103946151
18,notyet,original,4,22.0231811261196,11.8470723289892,-1.19708063869917,45.2434428909384
18,notyet,rotated,-5,11.2977971280856,15.4708802928306,-19.0251282458624,41.6207225020335
18,notyet,rotated,-4,-23.1185894589524,14.3702178451086,-51.2842164353653,5.04703751746049
18,notyet,rotated,-3,11.4479248715764,11.7722342114817,-11.6256541829278,34.5215039260805
18,notyet,rotated,-2,1.26873012136221,7.48077521801003,-13.3935893059375,15.9310495486619
18,notyet,rotated,-1,0,0,0,0
18,notyet,rotated,0,-23.7281886715833,12.6843035791563,-48.5894236867297,1.13304634356311
18,notyet,rotated,1,-6.87778973077643,11.6718667682031,-29.7546485964545,15.9990691349016
18,notyet,rotated,2,-17.400587430646,12.2017154745418,-41.315949760748,6.51477489945596
18,notyet,rotated,3,-16.8612587171253,11.8552420472358,-40.0975331297074,6.37501569545688
18,notyet,rotated,4,-27.8056872478281,11.8470723289892,-51.0259490126469,-4.58542548300931
19,notyet,original,-5,-5.35614737360992,10.6374425060853,-26.2055346855371,15.4932399383173
19,notyet,original,-4,-6.14711889625572,7.92766822540441,-21.6853486180484,9.39111082553693
19,notyet,original,-3,2.97123610891859,9.94393609924201,-16.5188786455958,22.4613508634329
19,notyet,original,-2,0.32109822443849,7.19260333496896,-13.7764043121007,14.4186007609777
19,notyet,original,-1,0,0,0,0
19,notyet,original,0,19.6982787917633,9.80831451732302,0.473982337810163,38.9225752457164
19,notyet,original,1,22.780594813249,10.8142169088144,1.58472967197271,43.9764599545253
19,notyet,original,2,24.0316683860046,11.7060352611269,1.08783927419595,46.9754974978133
19,notyet,original,3,27.4289816568851,12.0310218582882,3.84817881464022,51.0097844991299
19,notyet,original,4,25.1871606953462,11.9337421516658,1.79702607808114,48.5772953126113
19,notyet,rotated,-5,-0.875830608152432,10.6374425060853,-21.7252179200796,19.9735567037747
19,notyet,rotated,-4,-2.7868813221626,7.92766822540441,-18.3251110439552,12.7513483996301
19,notyet,rotated,-3,5.21139449164733,9.94393609924201,-14.278720262867,24.7015092461617
19,notyet,rotated,-2,1.44117741580286,7.19260333496896,-12.6563251207363,15.538679952342
19,notyet,rotated,-1,0,0,0,0
19,notyet,rotated,0,18.5781996003989,9.80831451732302,-0.646096853554209,37.8024960543521
19,notyet,rotated,1,20.5404364305203,10.8142169088144,-0.655428710756034,41.7363015717966
19,notyet,rotated,2,20.6714308119115,11.7060352611269,-2.27239829989716,43.6152599237202
19,notyet,rotated,3,22.9486648914276,12.0310218582882,-0.63213795081727,46.5294677336724
19,notyet,rotated,4,19.5867647385243,11.9337421516658,-3.80336987874072,42.9768993557894
20,notyet,original,-5,8.13200633389714,11.4952627344287,-14.3987086255831,30.6627212933774
20,notyet,original,-4,-7.2289324221605,9.57750288651361,-26.0008380797272,11.5429732354062
20,notyet,original,-3,19.1001083040129,9.53879468210551,0.404070727086069,37.7961458809397
20,notyet,original,-2,8.35252733865996,7.40319905252051,-6.15774280428024,22.8627974816002
20,notyet,original,-1,0,0,0,0
20,notyet,original,0,22.9636753701863,10.1478036098227,3.07398029493387,42.8533704454387
20,notyet,original,1,42.420686630628,11.0806196868675,20.7026720443677,64.1387012168883
20,notyet,original,2,24.1094140836905,12.1506825293686,0.294076326128142,47.9247518412529
20,notyet,original,3,36.5629609102143,12.0435813628239,12.9575414390795,60.1683803813492
20,notyet,original,4,28.0602908241912,11.569697763196,5.38368320832703,50.7368984400553
20,notyet,rotated,-5,0.479476731791439,11.4952627344287,-22.0512382276888,23.0101916912717
20,notyet,rotated,-4,-12.9683296237398,9.57750288651361,-31.7402352813065,5.8035760338269
20,notyet,rotated,-3,15.27384350296,9.53879468210551,-3.42219407396678,33.9698810798868
20,notyet,rotated,-2,6.43939493813354,7.40319905252051,-8.07087520480667,20.9496650810737
20,notyet,rotated,-1,0,0,0,0
20,notyet,rotated,0,24.8768077707127,10.1478036098227,4.98711269546029,44.7665028459651
20,notyet,rotated,1,46.2469514316809,11.0806196868675,24.5289368454205,67.9649660179412
20,notyet,rotated,2,29.8488112852698,12.1506825293686,6.03347352770742,53.6641490428321
20,notyet,rotated,3,44.2154905123201,12.0435813628239,20.6100710411852,67.8209099834549
20,notyet,rotated,4,37.6259528268233,11.569697763196,14.9493452109591,60.3025604426874
21,notyet,original,-5,-5.36132569570859,10.6374024249825,-26.2106344486743,15.4879830572571
21,notyet,original,-4,-6.15277028787322,7.92771771834078,-21.6910970158212,9.38555644007472
21,notyet,original,-3,2.96439529492311,9.94404259083163,-16.5259281831069,22.4547187729531
21,notyet,original,-2,0.31483295201066,7.19279050604639,-13.7830364398403,14.4127023438616
21,notyet,original,-1,0,0,0,0
21,notyet,original,0,19.6917503331375,9.80861603717904,0.46686290026658,38.9166377660084
21,notyet,original,1,22.7738866945952,10.8144523900594,1.57756001007875,43.9702133791116
21,notyet,original,2,24.0253145827584,11.7061114765376,1.08133608874458,46.9692930767722
21,notyet,original,3,27.4225127691071,12.031161151906,3.84143691137131,51.003588626843
21,notyet,original,4,25.1805685715217,11.9338045644194,1.79031162525963,48.5708255177838
21,notyet,rotated,-5,-0.873327015095641,10.6374024249825,-21.7226357680613,19.97598173787
21,notyet,rotated,-4,-2.7867712774135,7.92771771834078,-18.3250980053614,12.7515554505344
21,notyet,rotated,-3,5.20839463522959,9.94404259083163,-14.2819288428004,24.6987181132596
21,notyet,rotated,-2,1.4368326221639,7.19279050604639,-12.661036769687,15.5347020140148
21,notyet,rotated,-1,0,0,0,0
21,notyet,rotated,0,18.5697506629843,9.80861603717904,-0.655136769886656,37.7946380958552
21,notyet,rotated,1,20.5298873542887,10.8144523900594,-0.666439330227732,41.7262140388051
21,notyet,rotated,2,20.6593155722987,11.7061114765376,-2.28466292171513,43.6032940663124
21,notyet,rotated,3,22.9345140884942,12.031161151906,-0.646561769241647,46.51558994623
21,notyet,rotated,4,19.5705702207555,11.9338045644194,-3.81968672550656,42.9608271670176
22,notyet,original,-5,-5.36232631196863,10.6377790464942,-26.2123732430972,15.48772061916
22,notyet,original,-4,-6.15386286741272,7.92810676580844,-21.6929521283973,9.38522639357181
22,notyet,original,-3,2.96313878314183,9.94435417343145,-16.5277953967838,22.4540729630675
22,notyet,original,-2,0.313684995192155,7.19261720071736,-13.7838447182139,14.4112147085982
22,notyet,original,-1,0,0,0,0
22,notyet,original,0,19.6898521005154,9.8087126438379,0.464775318593141,38.9149288824377
22,notyet,original,1,22.7714005708157,10.813923675355,1.57611016711991,43.9666909745116
22,notyet,original,2,24.0231910784865,11.7070961881741,1.07728254966516,46.9690996073078
22,notyet,original,3,27.4208913165791,12.0310252279737,3.84008186975076,51.0017007634075
22,notyet,original,4,25.1789640729693,11.9339614649686,1.78839960163076,48.5695285443078
22,notyet,rotated,-5,-0.872868806817048,10.6377790464942,-21.7229157379456,19.9771781243115
22,notyet,rotated,-4,-2.78676973854903,7.92810676580844,-18.3258589995336,12.7523195224355
22,notyet,rotated,-3,5.20786753571762,9.94435417343145,-14.283066644208,24.6988017156433
22,notyet,rotated,-2,1.43604937148005,7.19261720071736,-12.661480341926,15.5335790848861
22,notyet,rotated,-1,0,0,0,0
22,notyet,rotated,0,18.5674877242275,9.8087126438379,-0.657589057694754,37.7925645061498
22,notyet,rotated,1,20.5266718182399,10.813923675355,-0.668618585455882,41.7219622219358
22,notyet,rotated,2,20.6560979496228,11.7070961881741,-2.28981057919852,43.6020064784441
22,notyet,rotated,3,22.9314338114275,12.0310252279737,-0.649375635400823,46.5122432582559
22,notyet,rotated,4,19.5671421915298,11.9339614649686,-3.82342227980872,42.9577066628683
23,notyet,original,-5,-36.6793560422409,15.8773016974951,-67.7988673693313,-5.55984471515047
23,notyet,original,-4,-62.9498676747375,14.7857315336021,-91.9299014805976,-33.9698338688773
23,notyet,original,-3,-22.9653483817256,11.1925738154578,-44.9027930600229,-1.0279037034282
23,notyet,original,-2,-12.6466251782299,7.90159175597622,-28.1337450199433,2.84049466348347
23,notyet,original,-1,0,0,0,0
23,notyet,original,0,-15.9266638536395,12.1480865102637,-39.7369134137563,7.88358570647728
23,notyet,original,1,16.398774561753,11.5718835142075,-6.28211712609365,39.0796662495996
23,notyet,original,2,0.887001697870031,12.6931640864119,-23.9915999114974,25.7656033072374
23,notyet,original,3,14.3101063451749,12.218342384268,-9.63784472799026,38.2580574183401
23,notyet,original,4,7.54237160185711,11.9820606126644,-15.9424671989652,31.0272104026794
23,notyet,rotated,-5,15.8732238424067,15.8773016974951,-15.2462874846837,46.9927351694971
23,notyet,rotated,-4,-23.5354327612518,14.7857315336021,-52.5154665671119,5.44460104460841
23,notyet,rotated,-3,3.31094156059825,11.1925738154578,-18.6265031176991,25.2483862388956
23,notyet,rotated,-2,0.49151979293198,7.90159175597622,-14.9956000487814,15.9786396346454
23,notyet,rotated,-1,0,0,0,0
23,notyet,rotated,0,-29.0648088248014,12.1480865102637,-52.8750583849182,-5.25455926468462
23,notyet,rotated,1,-9.87751538057083,11.5718835142075,-32.5584070684175,12.8033763072758
23,notyet,rotated,2,-38.5274332156157,12.6931640864119,-63.406034824983,-13.6488316062483
23,notyet,rotated,3,-38.2424735394727,12.218342384268,-62.1904246126379,-14.2945224663075
23,notyet,rotated,4,-58.1483532539524,11.9820606126644,-81.6331920547747,-34.6635144531301
24,notyet,original,-5,-9.22474459570352,10.6479662443677,-30.0947584346643,11.6452692432573
24,notyet,original,-4,-7.28230068728817,8.09200385209386,-23.1426282373921,8.5780268628158
24,notyet,original,-3,1.33914118269397,9.94321349147372,-18.1495572605945,20.8278396259825
24,notyet,original,-2,0.436757444325037,7.42122362591269,-14.1088408624638,14.9823557511139
24,notyet,original,-1,0,0,0,0
24,notyet,original,0,19.692431991979,9.96537640281609,0.160294242459472,39.2245697414985
24,notyet,original,1,22.8206763271171,10.9882911070859,1.28362575722866,44.3577268970055
24,notyet,original,2,23.3078922062602,11.7116813284718,0.352996802455579,46.2627876100649
24,notyet,original,3,25.6749887057238,12.1579594339985,1.84538821508682,49.5045891963608
24,notyet,original,4,24.3582111512565,12.1166223277947,0.609631388778755,48.1067909137342
24,notyet,rotated,-5,-1.8072991777081,10.6479662443677,-22.6773130166689,19.0627146612527
24,notyet,rotated,-4,-1.71921662379161,8.09200385209386,-17.5795441738956,14.1411109263124
24,notyet,rotated,-3,5.04786389169167,9.94321349147372,-14.4408345515968,24.5365623349802
24,notyet,rotated,-2,2.29111879882389,7.42122362591269,-12.254479507965,16.8367171056128
24,notyet,rotated,-1,0,0,0,0
24,notyet,rotated,0,17.8380706374801,9.96537640281609,-1.69406711203938,37.3702083869997
24,notyet,rotated,1,19.1119536181194,10.9882911070859,-2.42509695176905,40.6490041880078
24,notyet,rotated,2,17.7448081427637,11.7116813284718,-5.21008726104098,40.6997035465683
24,notyet,rotated,3,18.2575432877284,12.1579594339985,-5.57205720290859,42.0871437783654
24,notyet,rotated,4,15.0864043787622,12.1166223277947,-8.66217538371551,38.8349841412399
25,notyet,original,-5,-9.23294361677866,10.6492850880143,-30.1055423892867,11.6396551557294
25,notyet,original,-4,-7.28987417539888,8.09305666914606,-23.1522652469252,8.5725168961274
25,notyet,original,-3,1.32378748106073,9.94374291581015,-18.1659486339272,20.8135235960486
25,notyet,original,-2,0.43342866045929,7.42301709093322,-14.1156848377698,14.9825421586884
25,notyet,original,-1,0,0,0,0
25,notyet,original,0,19.6869366649777,9.96687861866998,0.151854572384561,39.2220187575709
25,notyet,original,1,22.8201272029768,10.9897866316933,1.28014540485797,44.3601090010956
25,notyet,original,2,23.3074626770853,11.7123242254686,0.3513071951668,46.2636181590037
25,notyet,original,3,25.6698915081545,12.1594666687873,1.83733683733129,49.5024461789777
25,notyet,original,4,24.3571493622976,12.1181721942549,0.605531861557918,48.1087668630373
25,notyet,rotated,-5,-1.80355783401459,10.6492850880143,-22.6761566065226,19.0690409384935
25,notyet,rotated,-4,-1.71783483832583,8.09305666914606,-17.5802259098521,14.1445562332005
25,notyet,rotated,-3,5.03848037244276,9.94374291581015,-14.4512557425451,24.5282164874306
25,notyet,rotated,-2,2.29077510615031,7.42301709093322,-12.2583383920788,16.8398886043794
25,notyet,rotated,-1,0,0,0,0
25,notyet,rotated,0,17.8295902192867,9.96687861866998,-1.70549187330646,37.3646723118799
25,notyet,rotated,1,19.1054343115948,10.9897866316933,-2.43454748652406,40.6454161097136
25,notyet,rotated,2,17.7354233400122,11.7123242254686,-5.22073214190625,40.6915788219307
25,notyet,rotated,3,18.2405057253904,12.1594666687873,-5.59204894543278,42.0730603962136
25,notyet,rotated,4,15.0704171338425,12.1181721942549,-8.68120036689717,38.8220346345822
26,notyet,original,-5,-9.14678933024973,10.6346647876883,-29.9907323141188,11.6971536536193
26,notyet,original,-4,-7.26173922768762,8.07979869177278,-23.0981446635623,8.57466620818702
26,notyet,original,-3,1.43158405039752,9.94096552369513,-18.0527083760449,20.91587647684
26,notyet,original,-2,0.398808870342995,7.40125930157765,-14.1076593607492,14.9052771014352
26,notyet,original,-1,0,0,0,0
26,notyet,original,0,19.6726389340796,9.95041021608176,0.169834910559306,39.1754429575998
26,notyet,original,1,22.7580850450204,10.9741461437375,1.24875860329495,44.2674114867459
26,notyet,original,2,23.2594301619848,11.7063087104302,0.31506508954147,46.203795234428
26,notyet,original,3,25.683838218472,12.1441468556856,1.88131038132826,49.4863660556158
26,notyet,original,4,24.3169783801844,12.101183530288,0.598658660819915,48.0352980995489
26,notyet,rotated,-5,-1.79873625919323,10.6346647876883,-22.6426792430623,19.0452067246758
26,notyet,rotated,-4,-1.75069942439525,8.07979869177278,-17.5871048602699,14.0857060114794
26,notyet,rotated,-3,5.10561058592577,9.94096552369513,-14.3786818405167,24.5899030123682
26,notyet,rotated,-2,2.23582213810712,7.40125930157765,-12.2706460929851,16.7422903691993
26,notyet,rotated,-1,0,0,0,0
26,notyet,rotated,0,17.8356256663154,9.95041021608176,-1.66717835720482,37.3384296898357
26,notyet,rotated,1,19.0840585094922,10.9741461437375,-2.4252679322333,40.5933849512176
26,notyet,rotated,2,17.7483903586924,11.7063087104302,-5.1959747137509,40.6927554311357
26,notyet,rotated,3,18.3357851474155,12.1441468556856,-5.46674268972824,42.1383129845593
26,notyet,rotated,4,15.1319120413638,12.101183530288,-8.58640767800071,38.8502317607282
27,notyet,original,-5,-3.77109165889123,13.9445554786641,-31.1024203970729,23.5602370792904
27,notyet,original,-4,-19.8847955497718,12.2998055079972,-43.9924143454462,4.22282324590263
27,notyet,original,-3,10.0019806517772,11.1927259778924,-11.9357622648919,31.9397235684463
27,notyet,original,-2,3.67632855213292,7.58842656754656,-11.1969875202583,18.5496446245242
27,notyet,original,-1,0,0,0,0
27,notyet,original,0,5.7463592066156,11.4339405106426,-16.664164194244,28.1568826074752
27,notyet,original,1,34.6705367429324,11.7534875853326,11.6337010756806,57.7073724101842
27,notyet,original,2,20.0195457324885,12.3653126374159,-4.21646703684668,44.2555585018237
27,notyet,original,3,30.971362955436,11.9838097177876,7.48309590857227,54.4596300022998
27,notyet,original,4,24.7019078049448,11.7489551856318,1.67395564110647,47.7298599687831
27,notyet,rotated,-5,3.03670346500117,13.9445554786641,-24.2946252731805,30.3680322031828
27,notyet,rotated,-4,-14.7789492068525,12.2998055079972,-38.8865680025269,9.32866958882193
27,notyet,rotated,-3,13.4058782137234,11.1927259778924,-8.5318647029457,35.3436211303925
27,notyet,rotated,-2,5.37827733310603,7.58842656754656,-9.49503873928524,20.2515934054973
27,notyet,rotated,-1,0,0,0,0
27,notyet,rotated,0,4.0444104256425,11.4339405106426,-18.3661129752171,26.4549338265021
27,notyet,rotated,1,31.2666391809862,11.7534875853326,8.22980351373436,54.303474848238
27,notyet,rotated,2,14.9136993895692,12.3653126374159,-9.32231337976598,39.1497121589044
27,notyet,rotated,3,24.1635678315436,11.9838097177876,0.675300784679866,47.6518348784074
27,notyet,rotated,4,16.1921639000793,11.7489551856318,-6.83578826375904,39.2201160639176
28,notyet,original,-5,-5.35554013646801,10.6371777593106,-26.2044085447167,15.4933282717807
28,notyet,original,-4,-6.14649682222809,7.92754430835962,-21.6844836666129,9.39149002215676
28,notyet,original,-3,2.97159760516373,9.94385986562985,-16.5183677314708,22.4615629417982
28,notyet,original,-2,0.321475149195813,7.1927643269481,-13.7763429316225,14.4192932300141
28,notyet,original,-1,0,0,0,0
28,notyet,original,0,19.6994091383064,9.80857166591763,0.474608673107838,38.924209603505
28,notyet,original,1,22.7818550316319,10.8143538821031,1.58572142270984,43.9779886405539
28,notyet,original,2,24.0326538343765,11.7062200314127,1.08846257280761,46.9768450959454
28,notyet,original,3,27.4300286879709,12.0311309904345,3.84901194671934,51.0110454292224
28,notyet,original,4,25.1878854633273,11.933576387702,1.79807574343132,48.5776951832233
28,notyet,rotated,-5,-0.875942716063605,10.6371777593106,-21.7248111243123,19.9729256921851
28,notyet,rotated,-4,-2.78679875692479,7.92754430835962,-18.3247856013096,12.7511880874601
28,notyet,rotated,-3,5.21139631536593,9.94385986562985,-14.2785690212686,24.7013616520004
28,notyet,rotated,-2,1.44137450429691,7.1927643269481,-12.6564435765214,15.5391925851152
28,notyet,rotated,-1,0,0,0,0
28,notyet,rotated,0,18.5795097832053,9.80857166591763,-0.645290681993263,37.8043102484039
28,notyet,rotated,1,20.5420563214297,10.8143538821031,-0.654077287492363,41.7381899303517
28,notyet,rotated,2,20.6729557690732,11.7062200314127,-2.27123549249569,43.6171470306421
28,notyet,rotated,3,22.9504312675665,12.0311309904345,-0.630585473685063,46.531448008818
28,notyet,rotated,4,19.5883886878218,11.933576387702,-3.80142103207418,42.9781984077178
29,notyet,original,-5,-5.35887819645283,10.6377767307762,-26.2089205887741,15.4911641958685
29,notyet,original,-4,-6.15016984345058,7.92805094888127,-21.6891497032579,9.3888100163567
29,notyet,original,-3,2.96774732103777,9.94427581757903,-16.5230332814171,22.4585279234927
29,notyet,original,-2,0.317926840257631,7.1926385553936,-13.7796447283138,14.4154984088291
29,notyet,original,-1,0,0,0,0
29,notyet,original,0,19.6943918957578,9.80868498384671,0.469369327418285,38.9194144640974
29,notyet,original,1,22.7759036220917,10.8138008848067,1.58085388787057,43.9709533563129
29,notyet,original,2,24.0275643264551,11.7072125856555,1.08142765857023,46.97370099434
29,notyet,original,3,27.4257225828601,12.0309633479749,3.84503442082926,51.006410744891
29,notyet,original,4,25.1835708450622,11.9340176581678,1.79289623505323,48.5742454550711
29,notyet,rotated,-5,-0.874531418608844,10.6377767307762,-21.7245738109301,19.9755109737125
29,notyet,rotated,-4,-2.78690976006759,7.92805094888127,-18.3258896198749,12.7520700997397
29,notyet,rotated,-3,5.20992070995976,9.94427581757903,-14.2808598924951,24.7007013124147
29,notyet,rotated,-2,1.43901353471863,7.1926385553936,-12.6585580338528,15.5365851032901
29,notyet,rotated,-1,0,0,0,0
29,notyet,rotated,0,18.5733052012968,9.80868498384671,-0.651717367042711,37.7983277696364
29,notyet,rotated,1,20.5337302331697,10.8138008848067,-0.661319501051427,41.7287799673909
29,notyet,rotated,2,20.6643042430721,11.7072125856555,-2.28183242481276,43.610440910957
29,notyet,rotated,3,22.9413758050161,12.0309633479749,-0.639312357014727,46.522063967047
29,notyet,rotated,4,19.5781373727572,11.9340176581678,-3.81253723725175,42.9688119827661
30,notyet,original,-5,-5.36190667942309,10.6369416751555,-26.210312362728,15.4864990038818
30,notyet,original,-4,-6.15359604265876,7.92762820943401,-21.6917473331494,9.38455524783191
30,notyet,original,-3,2.96332251487972,9.94381378769579,-16.526552509004,22.4531975387635
30,notyet,original,-2,0.31380100547748,7.1930965449806,-13.7846682226845,14.4122702336395
30,notyet,original,-1,0,0,0,0
30,notyet,original,0,19.6902794331719,9.80881948480885,0.464993242946598,38.9155656233973
30,notyet,original,1,22.771765777287,10.8141952702537,1.57594304758974,43.9675885069843
30,notyet,original,2,24.0239216567964,11.7072330151455,1.07774494711114,46.9700983664816
30,notyet,original,3,27.4216630727189,12.0312841601613,3.84034611880271,51.0029800266351
30,notyet,original,4,25.1794383434498,11.9338871386422,1.78901955171111,48.5698571351884
30,notyet,rotated,-5,-0.872844171365526,10.6369416751555,-21.7212498546704,19.9755615119393
30,notyet,rotated,-4,-2.78679916161558,7.92762820943401,-18.3249504521062,12.7513521288751
30,notyet,rotated,-3,5.2078537689085,9.94381378769579,-14.2820212549753,24.6977287927923
30,notyet,rotated,-2,1.43606663249187,7.1930965449806,-12.6624025956701,15.5345358606539
30,notyet,rotated,-1,0,0,0,0
30,notyet,rotated,0,18.5680138061576,9.80881948480885,-0.657272384067792,37.7932999963829
30,notyet,rotated,1,20.5272345232582,10.8141952702537,-0.66858820643904,41.7230572529555
30,notyet,rotated,2,20.6571247757532,11.7072330151455,-2.28905193393204,43.6033014854384
30,notyet,rotated,3,22.9326005646613,12.0312841601613,-0.648716389254854,46.5139175185775
30,notyet,rotated,4,19.5681102083778,11.9338871386422,-3.82230858336084,42.9585290001165
31,notyet,original,-5,-9.22849760536349,10.6488277708226,-30.1002000361758,11.6432048254488
31,notyet,original,-4,-7.28891750737516,8.09249641327821,-23.1502104774005,8.57237546265013
31,notyet,original,-3,1.32807432332996,9.94349605766191,-18.1611779496874,20.8173265963473
31,notyet,original,-2,0.431313690473496,7.42198857533972,-14.1157839171923,14.9784112981393
31,notyet,original,-1,0,0,0,0
31,notyet,original,0,19.6856447278765,9.96607210631722,0.152143399494729,39.2191460562583
31,notyet,original,1,22.8169811046815,10.9890733960433,1.27839724843665,44.3555649609264
31,notyet,original,2,23.305198750214,11.7120403725304,0.34959962005443,46.2607978803735
31,notyet,original,3,25.6705235871878,12.1587533838984,1.83936695474702,49.5016802196286
31,notyet,original,4,24.3552218038122,12.1174269813135,0.605064920437684,48.1053786871867
31,notyet,rotated,-5,-1.80272685783736,10.6488277708226,-22.6744292886497,19.068975572975
31,notyet,rotated,-4,-1.71958944673056,8.09249641327821,-17.5808824167559,14.1417035232947
31,notyet,rotated,-3,5.04095969709303,9.94349605766191,-14.4482925759243,24.5302119701104
31,notyet,rotated,-2,2.28775637735503,7.42198857533972,-12.2593412303108,16.8348539850209
31,notyet,rotated,-1,0,0,0,0
31,notyet,rotated,0,17.829202040995,9.96607210631722,-1.70429928738681,37.3627033693767
31,notyet,rotated,1,19.1040957309185,10.9890733960433,-2.43448812532642,40.6426795871633
31,notyet,rotated,2,17.7358706895693,11.7120403725304,-5.21972844059017,40.6914698197289
31,notyet,rotated,3,18.2447528396617,12.1587533838984,-5.58640379277912,42.0759094721025
31,notyet,rotated,4,15.0730083694045,12.1174269813135,-8.67714851396999,38.8231652527791
32,notyet,original,-5,-5.35786121812514,10.6366771397186,-26.2057484119735,15.4900259757233
32,notyet,original,-4,-6.14924832367151,7.92744573250845,-21.6870419593881,9.38854531204505
32,notyet,original,-3,2.96831692967639,9.94351361510114,-16.5209697559218,22.4576036152746
32,notyet,original,-2,0.318386952951453,7.19316997263635,-13.7802261934158,14.4170000993187
32,notyet,original,-1,0,0,0,0
32,notyet,original,0,19.6954279689811,9.80879953879579,0.470180872941398,38.9206750650209
32,notyet,original,1,22.7769499363213,10.8141481218503,1.58121961749473,43.9726802551478
32,notyet,original,2,24.0287912702382,11.7073670738196,1.08235180555185,46.9752307349246
32,notyet,original,3,27.4270087889556,12.0313480448988,3.84556662095405,51.0084509569572
32,notyet,original,4,25.1844629515088,11.9338631807743,1.79409111719119,48.5748347858265
32,notyet,rotated,-5,-0.874638680630358,10.6366771397186,-21.7225258744787,19.973248513218
32,notyet,rotated,-4,-2.78683142055043,7.92744573250845,-18.324625056267,12.7509622151661
32,notyet,rotated,-3,5.20992819842378,9.94351361510114,-14.2793584871745,24.699214884022
32,notyet,rotated,-2,1.43919258732515,7.19316997263635,-12.6594205590421,15.5378057336924
32,notyet,rotated,-1,0,0,0,0
32,notyet,rotated,0,18.5746223346074,9.80879953879579,-0.650624761432297,37.7998694306472
32,notyet,rotated,1,20.5353386675739,10.8141481218503,-0.66039165125266,41.7310689864004
32,notyet,rotated,2,20.6663743671172,11.7073670738196,-2.28006509756924,43.6128138318036
32,notyet,rotated,3,22.9437862514609,12.0313480448988,-0.637655916540727,46.5252284194625
32,notyet,rotated,4,19.5804347796403,11.9338631807743,-3.80993705467728,42.970806613958
