
  ___  ____  ____  ____  ____ ®
 /__    /   ____/   /   ____/      StataNow 19.5
___/   /   /___/   /   /___/       MP—Parallel Edition

 Statistics and Data Science       Copyright 1985-2025 StataCorp LLC
                                   StataCorp
                                   4905 Lakeway Drive
                                   College Station, Texas 77845 USA
                                   800-782-8272        https://www.stata.com
                                   979-696-4600        service@stata.com

Stata license: 4-user 16-core network, expiring 14 Sep 2026
Serial number: 501909301589
  Licensed to: University of Notre Dame
               Notre Dame, IN 46556

Notes:
      1. Stata is running in batch mode.
      2. Unicode is supported; see help unicode_advice.
      3. More than 2 billion observations are allowed; see help obs_advice.
      4. Maximum number of variables is set to 5,000 but can be increased;
          see help set_maxvar.

. do /users/aquisper/proj_bureaucrats_farms/code/_stacked_downup_replication/ex
> ploratory_analysis/politician_original_controls_fe_sweep/_postprocess_politic
> ian_original_controls.do 

. *****************************************************************************
> ***
. * Read politician .ster files only; export CSVs and DiD interaction plots.
. * No analysis dataset is loaded, so estsave_csv may safely replace memory.
. *****************************************************************************
> ***
. version 17

. clear all

. set more off

. global root "/groups/sgulzar/sa_fires/proj_bureaucrats_farms"

. global code "/users/aquisper/proj_bureaucrats_farms/code/_stacked_downup_repl
> ication"

. local sample_env : environment ANALYSIS_SAMPLE_SUFFIX

. local controls_env : environment POSTPROCESS_CONTROLS

. global sample "`sample_env'"

. local controls_list = subinstr("`controls_env'", ",", " ", .)

. local controls_list = subinstr("`controls_list'", ":", " ", .)

. if "`controls_list'" == "" local controls_list "never both notyet"

. global tables "${code}/../../tables/exploratory_analysis/politician_original_
> controls_fe_sweep"

. global figures "${code}/../../figures/exploratory_analysis/politician_origina
> l_controls_fe_sweep"

. if "${sample}" == "_sample" {
.     global tables "${tables}/sample"
.     global figures "${figures}/sample"
. }

. capture mkdir "${figures}"

. capture program drop estsave_csv

. quietly do "${code}/estsave_csv.ado"

. quietly do "${code}/interaction_graph.ado"

. 
. foreach controls of local controls_list {
  2.     if !inlist("`controls'", "never", "both", "notyet") {
  3.         display as error "POSTPROCESS_CONTROLS contains an invalid control
>  group: `controls'"
  4.         exit 198
  5.     }
  6.     forvalues fe = 1/32 {
  7.         local tag : display %02.0f `fe'
  8.         local tag = strtrim("`tag'")
  9.         local prefix "politician_original_fe`tag'_controls_`controls'"
 10. 
.         local event "${tables}/`prefix'_event_rural_acpop_all"
 11.         confirm file "`event'.ster"
 12.         est clear
 13.         estread using "`event'.ster"
 14.         quietly estimates dir
 15.         local names `r(names)'
 16.         estsave_csv `names' using "`event'.csv", replace
 17.         confirm file "`event'_scalars.csv"
 18. 
.         local did "${tables}/`prefix'_did_interaction_rural_acpop_all"
 19.         confirm file "`did'.ster"
 20.         est clear
 21.         estread using "`did'.ster"
 22.         quietly estimates dir
 23.         local names `r(names)'
 24.         estsave_csv `names' using "`did'.csv", replace
 25.         confirm file "`did'_scalars.csv"
 26. 
.         est clear
 27.         interaction_graph using "`did'.ster", estimates(1) ///
>             output("${figures}/`prefix'_did_interaction_rural_acpop_all") ///
>             type(politician) modvar(downup_ac_pop)
 28.         confirm file "${figures}/`prefix'_did_interaction_rural_acpop_all_
> 1.png"
 29.     }
 30. }

-------------------------------------------------------------------------------
             |           Dependent  Number of        
        Name | Command    variable     param.  Title 
-------------+-----------------------------------------------------------------
      evreg1 | reghdfejl    countk         21  HDFE linear regression with
             |                                 Julia
-------------------------------------------------------------------------------
(21 missing values generated)
(21 missing values generated)
(21 missing values generated)
(21 missing values generated)
(21 missing values generated)
(21 missing values generated)
(21 missing values generated)
(21 missing values generated)
(21 missing values generated)
(21 missing values generated)
(21 missing values generated)
(21 missing values generated)
(21 missing values generated)
(21 missing values generated)
(21 missing values generated)
(21 missing values generated)
(21 missing values generated)
(21 missing values generated)
(21 missing values generated)
(21 missing values generated)
(21 missing values generated)
(21 missing values generated)
(21 missing values generated)
Estimates exported to /users/aquisper/proj_bureaucrats_farms/code/_stacked_down
> up_replication/../../tables/exploratory_analysis/politician_original_controls
> _fe_sweep/politician_original_fe01_controls_never_event_rural_acpop_all.csv

-------------------------------------------------------------------------------
             |           Dependent  Number of        
        Name | Command    variable     param.  Title 
-------------+-----------------------------------------------------------------
      evreg1 | reghdfejl    countk          9  HDFE linear regression with
             |                                 Julia
-------------------------------------------------------------------------------
(9 missing values generated)
(9 missing values generated)
(9 missing values generated)
(9 missing values generated)
(9 missing values generated)
(9 missing values generated)
(9 missing values generated)
(9 missing values generated)
(9 missing values generated)
(9 missing values generated)
(9 missing values generated)
Estimates exported to /users/aquisper/proj_bureaucrats_farms/code/_stacked_down
> up_replication/../../tables/exploratory_analysis/politician_original_controls
> _fe_sweep/politician_original_fe01_controls_never_did_interaction_rural_acpop
> _all.csv

-------------------------------------------------------------------------------
             |           Dependent  Number of        
        Name | Command    variable     param.  Title 
-------------+-----------------------------------------------------------------
      evreg1 | reghdfejl    countk          9  HDFE linear regression with
             |                                 Julia
-------------------------------------------------------------------------------
(results evreg1 are active now)
number of observations will be reset to 4
Press any key to continue, or Break to abort
Number of observations (_N) was 0, now 4.
(4 missing values generated)
(1 real change made)
(1 real change made)
(1 real change made)
(1 real change made)
Number of observations (_N) was 4, now 5.
(1 real change made)
(1 real change made)
(1 real change made)
file /users/aquisper/proj_bureaucrats_farms/code/_stacked_downup_replication/..
> /../figures/exploratory_analysis/politician_original_controls_fe_sweep/politi
> cian_original_fe01_controls_never_did_interaction_rural_acpop_all_1.png writt
> en in PNG format
Exported: /users/aquisper/proj_bureaucrats_farms/code/_stacked_downup_replicati
> on/../../figures/exploratory_analysis/politician_original_controls_fe_sweep/p
> olitician_original_fe01_controls_never_did_interaction_rural_acpop_all_1.png

-------------------------------------------------------------------------------
             |           Dependent  Number of        
        Name | Command    variable     param.  Title 
-------------+-----------------------------------------------------------------
      evreg1 | reghdfejl    countk         21  HDFE linear regression with
             |                                 Julia
-------------------------------------------------------------------------------
(21 missing values generated)
(21 missing values generated)
(21 missing values generated)
(21 missing values generated)
(21 missing values generated)
(21 missing values generated)
(21 missing values generated)
(21 missing values generated)
(21 missing values generated)
(21 missing values generated)
(21 missing values generated)
(21 missing values generated)
(21 missing values generated)
(21 missing values generated)
(21 missing values generated)
(21 missing values generated)
(21 missing values generated)
(21 missing values generated)
(21 missing values generated)
(21 missing values generated)
(21 missing values generated)
(21 missing values generated)
(21 missing values generated)
Estimates exported to /users/aquisper/proj_bureaucrats_farms/code/_stacked_down
> up_replication/../../tables/exploratory_analysis/politician_original_controls
> _fe_sweep/politician_original_fe02_controls_never_event_rural_acpop_all.csv

-------------------------------------------------------------------------------
             |           Dependent  Number of        
        Name | Command    variable     param.  Title 
-------------+-----------------------------------------------------------------
      evreg1 | reghdfejl    countk          9  HDFE linear regression with
             |                                 Julia
-------------------------------------------------------------------------------
(9 missing values generated)
(9 missing values generated)
(9 missing values generated)
(9 missing values generated)
(9 missing values generated)
(9 missing values generated)
(9 missing values generated)
(9 missing values generated)
(9 missing values generated)
(9 missing values generated)
(9 missing values generated)
Estimates exported to /users/aquisper/proj_bureaucrats_farms/code/_stacked_down
> up_replication/../../tables/exploratory_analysis/politician_original_controls
> _fe_sweep/politician_original_fe02_controls_never_did_interaction_rural_acpop
> _all.csv

-------------------------------------------------------------------------------
             |           Dependent  Number of        
        Name | Command    variable     param.  Title 
-------------+-----------------------------------------------------------------
      evreg1 | reghdfejl    countk          9  HDFE linear regression with
             |                                 Julia
-------------------------------------------------------------------------------
(results evreg1 are active now)
number of observations will be reset to 4
Press any key to continue, or Break to abort
Number of observations (_N) was 0, now 4.
(4 missing values generated)
(1 real change made)
(1 real change made)
(1 real change made)
(1 real change made)
Number of observations (_N) was 4, now 5.
(1 real change made)
(1 real change made)
(1 real change made)
(file /users/aquisper/proj_bureaucrats_farms/code/_stacked_downup_replication/.
> ./../figures/exploratory_analysis/politician_original_controls_fe_sweep/polit
> ician_original_fe02_controls_never_did_interaction_rural_acpop_all_1.png not 
> found)
file /users/aquisper/proj_bureaucrats_farms/code/_stacked_downup_replication/..
> /../figures/exploratory_analysis/politician_original_controls_fe_sweep/politi
> cian_original_fe02_controls_never_did_interaction_rural_acpop_all_1.png writt
> en in PNG format
Exported: /users/aquisper/proj_bureaucrats_farms/code/_stacked_downup_replicati
> on/../../figures/exploratory_analysis/politician_original_controls_fe_sweep/p
> olitician_original_fe02_controls_never_did_interaction_rural_acpop_all_1.png

-------------------------------------------------------------------------------
             |           Dependent  Number of        
        Name | Command    variable     param.  Title 
-------------+-----------------------------------------------------------------
      evreg1 | reghdfejl    countk         21  HDFE linear regression with
             |                                 Julia
-------------------------------------------------------------------------------
(21 missing values generated)
(21 missing values generated)
(21 missing values generated)
(21 missing values generated)
(21 missing values generated)
(21 missing values generated)
(21 missing values generated)
(21 missing values generated)
(21 missing values generated)
(21 missing values generated)
(21 missing values generated)
(21 missing values generated)
(21 missing values generated)
(21 missing values generated)
(21 missing values generated)
(21 missing values generated)
(21 missing values generated)
(21 missing values generated)
(21 missing values generated)
(21 missing values generated)
(21 missing values generated)
(21 missing values generated)
(21 missing values generated)
Estimates exported to /users/aquisper/proj_bureaucrats_farms/code/_stacked_down
> up_replication/../../tables/exploratory_analysis/politician_original_controls
> _fe_sweep/politician_original_fe03_controls_never_event_rural_acpop_all.csv

-------------------------------------------------------------------------------
             |           Dependent  Number of        
        Name | Command    variable     param.  Title 
-------------+-----------------------------------------------------------------
      evreg1 | reghdfejl    countk          9  HDFE linear regression with
             |                                 Julia
-------------------------------------------------------------------------------
(9 missing values generated)
(9 missing values generated)
(9 missing values generated)
(9 missing values generated)
(9 missing values generated)
(9 missing values generated)
(9 missing values generated)
(9 missing values generated)
(9 missing values generated)
(9 missing values generated)
(9 missing values generated)
Estimates exported to /users/aquisper/proj_bureaucrats_farms/code/_stacked_down
> up_replication/../../tables/exploratory_analysis/politician_original_controls
> _fe_sweep/politician_original_fe03_controls_never_did_interaction_rural_acpop
> _all.csv

-------------------------------------------------------------------------------
             |           Dependent  Number of        
        Name | Command    variable     param.  Title 
-------------+-----------------------------------------------------------------
      evreg1 | reghdfejl    countk          9  HDFE linear regression with
             |                                 Julia
-------------------------------------------------------------------------------
(results evreg1 are active now)
number of observations will be reset to 4
Press any key to continue, or Break to abort
Number of observations (_N) was 0, now 4.
(4 missing values generated)
(1 real change made)
(1 real change made)
(1 real change made)
(1 real change made)
Number of observations (_N) was 4, now 5.
(1 real change made)
(1 real change made)
(1 real change made)
(file /users/aquisper/proj_bureaucrats_farms/code/_stacked_downup_replication/.
> ./../figures/exploratory_analysis/politician_original_controls_fe_sweep/polit
> ician_original_fe03_controls_never_did_interaction_rural_acpop_all_1.png not 
> found)
file /users/aquisper/proj_bureaucrats_farms/code/_stacked_downup_replication/..
> /../figures/exploratory_analysis/politician_original_controls_fe_sweep/politi
> cian_original_fe03_controls_never_did_interaction_rural_acpop_all_1.png writt
> en in PNG format
Exported: /users/aquisper/proj_bureaucrats_farms/code/_stacked_downup_replicati
> on/../../figures/exploratory_analysis/politician_original_controls_fe_sweep/p
> olitician_original_fe03_controls_never_did_interaction_rural_acpop_all_1.png

-------------------------------------------------------------------------------
             |           Dependent  Number of        
        Name | Command    variable     param.  Title 
-------------+-----------------------------------------------------------------
      evreg1 | reghdfejl    countk         21  HDFE linear regression with
             |                                 Julia
-------------------------------------------------------------------------------
(21 missing values generated)
(21 missing values generated)
(21 missing values generated)
(21 missing values generated)
(21 missing values generated)
(21 missing values generated)
(21 missing values generated)
(21 missing values generated)
(21 missing values generated)
(21 missing values generated)
(21 missing values generated)
(21 missing values generated)
(21 missing values generated)
(21 missing values generated)
(21 missing values generated)
(21 missing values generated)
(21 missing values generated)
(21 missing values generated)
(21 missing values generated)
(21 missing values generated)
(21 missing values generated)
(21 missing values generated)
(21 missing values generated)
Estimates exported to /users/aquisper/proj_bureaucrats_farms/code/_stacked_down
> up_replication/../../tables/exploratory_analysis/politician_original_controls
> _fe_sweep/politician_original_fe04_controls_never_event_rural_acpop_all.csv

-------------------------------------------------------------------------------
             |           Dependent  Number of        
        Name | Command    variable     param.  Title 
-------------+-----------------------------------------------------------------
      evreg1 | reghdfejl    countk          9  HDFE linear regression with
             |                                 Julia
-------------------------------------------------------------------------------
(9 missing values generated)
(9 missing values generated)
(9 missing values generated)
(9 missing values generated)
(9 missing values generated)
(9 missing values generated)
(9 missing values generated)
(9 missing values generated)
(9 missing values generated)
(9 missing values generated)
(9 missing values generated)
Estimates exported to /users/aquisper/proj_bureaucrats_farms/code/_stacked_down
> up_replication/../../tables/exploratory_analysis/politician_original_controls
> _fe_sweep/politician_original_fe04_controls_never_did_interaction_rural_acpop
> _all.csv

-------------------------------------------------------------------------------
             |           Dependent  Number of        
        Name | Command    variable     param.  Title 
-------------+-----------------------------------------------------------------
      evreg1 | reghdfejl    countk          9  HDFE linear regression with
             |                                 Julia
-------------------------------------------------------------------------------
(results evreg1 are active now)
number of observations will be reset to 4
Press any key to continue, or Break to abort
Number of observations (_N) was 0, now 4.
(4 missing values generated)
(1 real change made)
(1 real change made)
(1 real change made)
(1 real change made)
Number of observations (_N) was 4, now 5.
(1 real change made)
(1 real change made)
(1 real change made)
(file /users/aquisper/proj_bureaucrats_farms/code/_stacked_downup_replication/.
> ./../figures/exploratory_analysis/politician_original_controls_fe_sweep/polit
> ician_original_fe04_controls_never_did_interaction_rural_acpop_all_1.png not 
> found)
file /users/aquisper/proj_bureaucrats_farms/code/_stacked_downup_replication/..
> /../figures/exploratory_analysis/politician_original_controls_fe_sweep/politi
> cian_original_fe04_controls_never_did_interaction_rural_acpop_all_1.png writt
> en in PNG format
Exported: /users/aquisper/proj_bureaucrats_farms/code/_stacked_downup_replicati
> on/../../figures/exploratory_analysis/politician_original_controls_fe_sweep/p
> olitician_original_fe04_controls_never_did_interaction_rural_acpop_all_1.png

-------------------------------------------------------------------------------
             |           Dependent  Number of        
        Name | Command    variable     param.  Title 
-------------+-----------------------------------------------------------------
      evreg1 | reghdfejl    countk         21  HDFE linear regression with
             |                                 Julia
-------------------------------------------------------------------------------
(21 missing values generated)
(21 missing values generated)
(21 missing values generated)
(21 missing values generated)
(21 missing values generated)
(21 missing values generated)
(21 missing values generated)
(21 missing values generated)
(21 missing values generated)
(21 missing values generated)
(21 missing values generated)
(21 missing values generated)
(21 missing values generated)
(21 missing values generated)
(21 missing values generated)
(21 missing values generated)
(21 missing values generated)
(21 missing values generated)
(21 missing values generated)
(21 missing values generated)
(21 missing values generated)
(21 missing values generated)
(21 missing values generated)
Estimates exported to /users/aquisper/proj_bureaucrats_farms/code/_stacked_down
> up_replication/../../tables/exploratory_analysis/politician_original_controls
> _fe_sweep/politician_original_fe05_controls_never_event_rural_acpop_all.csv

-------------------------------------------------------------------------------
             |           Dependent  Number of        
        Name | Command    variable     param.  Title 
-------------+-----------------------------------------------------------------
      evreg1 | reghdfejl    countk          9  HDFE linear regression with
             |                                 Julia
-------------------------------------------------------------------------------
(9 missing values generated)
(9 missing values generated)
(9 missing values generated)
(9 missing values generated)
(9 missing values generated)
(9 missing values generated)
(9 missing values generated)
(9 missing values generated)
(9 missing values generated)
(9 missing values generated)
(9 missing values generated)
Estimates exported to /users/aquisper/proj_bureaucrats_farms/code/_stacked_down
> up_replication/../../tables/exploratory_analysis/politician_original_controls
> _fe_sweep/politician_original_fe05_controls_never_did_interaction_rural_acpop
> _all.csv

-------------------------------------------------------------------------------
             |           Dependent  Number of        
        Name | Command    variable     param.  Title 
-------------+-----------------------------------------------------------------
      evreg1 | reghdfejl    countk          9  HDFE linear regression with
             |                                 Julia
-------------------------------------------------------------------------------
(results evreg1 are active now)
number of observations will be reset to 4
Press any key to continue, or Break to abort
Number of observations (_N) was 0, now 4.
(4 missing values generated)
(1 real change made)
(1 real change made)
(1 real change made)
(1 real change made)
Number of observations (_N) was 4, now 5.
(1 real change made)
(1 real change made)
(1 real change made)
(file /users/aquisper/proj_bureaucrats_farms/code/_stacked_downup_replication/.
> ./../figures/exploratory_analysis/politician_original_controls_fe_sweep/polit
> ician_original_fe05_controls_never_did_interaction_rural_acpop_all_1.png not 
> found)
file /users/aquisper/proj_bureaucrats_farms/code/_stacked_downup_replication/..
> /../figures/exploratory_analysis/politician_original_controls_fe_sweep/politi
> cian_original_fe05_controls_never_did_interaction_rural_acpop_all_1.png writt
> en in PNG format
Exported: /users/aquisper/proj_bureaucrats_farms/code/_stacked_downup_replicati
> on/../../figures/exploratory_analysis/politician_original_controls_fe_sweep/p
> olitician_original_fe05_controls_never_did_interaction_rural_acpop_all_1.png

-------------------------------------------------------------------------------
             |           Dependent  Number of        
        Name | Command    variable     param.  Title 
-------------+-----------------------------------------------------------------
      evreg1 | reghdfejl    countk         21  HDFE linear regression with
             |                                 Julia
-------------------------------------------------------------------------------
(21 missing values generated)
(21 missing values generated)
(21 missing values generated)
(21 missing values generated)
(21 missing values generated)
(21 missing values generated)
(21 missing values generated)
(21 missing values generated)
(21 missing values generated)
(21 missing values generated)
(21 missing values generated)
(21 missing values generated)
(21 missing values generated)
(21 missing values generated)
(21 missing values generated)
(21 missing values generated)
(21 missing values generated)
(21 missing values generated)
(21 missing values generated)
(21 missing values generated)
(21 missing values generated)
(21 missing values generated)
(21 missing values generated)
Estimates exported to /users/aquisper/proj_bureaucrats_farms/code/_stacked_down
> up_replication/../../tables/exploratory_analysis/politician_original_controls
> _fe_sweep/politician_original_fe06_controls_never_event_rural_acpop_all.csv

-------------------------------------------------------------------------------
             |           Dependent  Number of        
        Name | Command    variable     param.  Title 
-------------+-----------------------------------------------------------------
      evreg1 | reghdfejl    countk          9  HDFE linear regression with
             |                                 Julia
-------------------------------------------------------------------------------
(9 missing values generated)
(9 missing values generated)
(9 missing values generated)
(9 missing values generated)
(9 missing values generated)
(9 missing values generated)
(9 missing values generated)
(9 missing values generated)
(9 missing values generated)
(9 missing values generated)
(9 missing values generated)
Estimates exported to /users/aquisper/proj_bureaucrats_farms/code/_stacked_down
> up_replication/../../tables/exploratory_analysis/politician_original_controls
> _fe_sweep/politician_original_fe06_controls_never_did_interaction_rural_acpop
> _all.csv

-------------------------------------------------------------------------------
             |           Dependent  Number of        
        Name | Command    variable     param.  Title 
-------------+-----------------------------------------------------------------
      evreg1 | reghdfejl    countk          9  HDFE linear regression with
             |                                 Julia
-------------------------------------------------------------------------------
(results evreg1 are active now)
number of observations will be reset to 4
Press any key to continue, or Break to abort
Number of observations (_N) was 0, now 4.
(4 missing values generated)
(1 real change made)
(1 real change made)
(1 real change made)
(1 real change made)
Number of observations (_N) was 4, now 5.
(1 real change made)
(1 real change made)
(1 real change made)
(file /users/aquisper/proj_bureaucrats_farms/code/_stacked_downup_replication/.
> ./../figures/exploratory_analysis/politician_original_controls_fe_sweep/polit
> ician_original_fe06_controls_never_did_interaction_rural_acpop_all_1.png not 
> found)
file /users/aquisper/proj_bureaucrats_farms/code/_stacked_downup_replication/..
> /../figures/exploratory_analysis/politician_original_controls_fe_sweep/politi
> cian_original_fe06_controls_never_did_interaction_rural_acpop_all_1.png writt
> en in PNG format
Exported: /users/aquisper/proj_bureaucrats_farms/code/_stacked_downup_replicati
> on/../../figures/exploratory_analysis/politician_original_controls_fe_sweep/p
> olitician_original_fe06_controls_never_did_interaction_rural_acpop_all_1.png

-------------------------------------------------------------------------------
             |           Dependent  Number of        
        Name | Command    variable     param.  Title 
-------------+-----------------------------------------------------------------
      evreg1 | reghdfejl    countk         21  HDFE linear regression with
             |                                 Julia
-------------------------------------------------------------------------------
(21 missing values generated)
(21 missing values generated)
(21 missing values generated)
(21 missing values generated)
(21 missing values generated)
(21 missing values generated)
(21 missing values generated)
(21 missing values generated)
(21 missing values generated)
(21 missing values generated)
(21 missing values generated)
(21 missing values generated)
(21 missing values generated)
(21 missing values generated)
(21 missing values generated)
(21 missing values generated)
(21 missing values generated)
(21 missing values generated)
(21 missing values generated)
(21 missing values generated)
(21 missing values generated)
(21 missing values generated)
(21 missing values generated)
Estimates exported to /users/aquisper/proj_bureaucrats_farms/code/_stacked_down
> up_replication/../../tables/exploratory_analysis/politician_original_controls
> _fe_sweep/politician_original_fe07_controls_never_event_rural_acpop_all.csv

-------------------------------------------------------------------------------
             |           Dependent  Number of        
        Name | Command    variable     param.  Title 
-------------+-----------------------------------------------------------------
      evreg1 | reghdfejl    countk          9  HDFE linear regression with
             |                                 Julia
-------------------------------------------------------------------------------
(9 missing values generated)
(9 missing values generated)
(9 missing values generated)
(9 missing values generated)
(9 missing values generated)
(9 missing values generated)
(9 missing values generated)
(9 missing values generated)
(9 missing values generated)
(9 missing values generated)
(9 missing values generated)
Estimates exported to /users/aquisper/proj_bureaucrats_farms/code/_stacked_down
> up_replication/../../tables/exploratory_analysis/politician_original_controls
> _fe_sweep/politician_original_fe07_controls_never_did_interaction_rural_acpop
> _all.csv

-------------------------------------------------------------------------------
             |           Dependent  Number of        
        Name | Command    variable     param.  Title 
-------------+-----------------------------------------------------------------
      evreg1 | reghdfejl    countk          9  HDFE linear regression with
             |                                 Julia
-------------------------------------------------------------------------------
(results evreg1 are active now)
number of observations will be reset to 4
Press any key to continue, or Break to abort
Number of observations (_N) was 0, now 4.
(4 missing values generated)
(1 real change made)
(1 real change made)
(1 real change made)
(1 real change made)
Number of observations (_N) was 4, now 5.
(1 real change made)
(1 real change made)
(1 real change made)
(file /users/aquisper/proj_bureaucrats_farms/code/_stacked_downup_replication/.
> ./../figures/exploratory_analysis/politician_original_controls_fe_sweep/polit
> ician_original_fe07_controls_never_did_interaction_rural_acpop_all_1.png not 
> found)
file /users/aquisper/proj_bureaucrats_farms/code/_stacked_downup_replication/..
> /../figures/exploratory_analysis/politician_original_controls_fe_sweep/politi
> cian_original_fe07_controls_never_did_interaction_rural_acpop_all_1.png writt
> en in PNG format
Exported: /users/aquisper/proj_bureaucrats_farms/code/_stacked_downup_replicati
> on/../../figures/exploratory_analysis/politician_original_controls_fe_sweep/p
> olitician_original_fe07_controls_never_did_interaction_rural_acpop_all_1.png

-------------------------------------------------------------------------------
             |           Dependent  Number of        
        Name | Command    variable     param.  Title 
-------------+-----------------------------------------------------------------
      evreg1 | reghdfejl    countk         21  HDFE linear regression with
             |                                 Julia
-------------------------------------------------------------------------------
(21 missing values generated)
(21 missing values generated)
(21 missing values generated)
(21 missing values generated)
(21 missing values generated)
(21 missing values generated)
(21 missing values generated)
(21 missing values generated)
(21 missing values generated)
(21 missing values generated)
(21 missing values generated)
(21 missing values generated)
(21 missing values generated)
(21 missing values generated)
(21 missing values generated)
(21 missing values generated)
(21 missing values generated)
(21 missing values generated)
(21 missing values generated)
(21 missing values generated)
(21 missing values generated)
(21 missing values generated)
(21 missing values generated)
Estimates exported to /users/aquisper/proj_bureaucrats_farms/code/_stacked_down
> up_replication/../../tables/exploratory_analysis/politician_original_controls
> _fe_sweep/politician_original_fe08_controls_never_event_rural_acpop_all.csv

-------------------------------------------------------------------------------
             |           Dependent  Number of        
        Name | Command    variable     param.  Title 
-------------+-----------------------------------------------------------------
      evreg1 | reghdfejl    countk          9  HDFE linear regression with
             |                                 Julia
-------------------------------------------------------------------------------
(9 missing values generated)
(9 missing values generated)
(9 missing values generated)
(9 missing values generated)
(9 missing values generated)
(9 missing values generated)
(9 missing values generated)
(9 missing values generated)
(9 missing values generated)
(9 missing values generated)
(9 missing values generated)
Estimates exported to /users/aquisper/proj_bureaucrats_farms/code/_stacked_down
> up_replication/../../tables/exploratory_analysis/politician_original_controls
> _fe_sweep/politician_original_fe08_controls_never_did_interaction_rural_acpop
> _all.csv

-------------------------------------------------------------------------------
             |           Dependent  Number of        
        Name | Command    variable     param.  Title 
-------------+-----------------------------------------------------------------
      evreg1 | reghdfejl    countk          9  HDFE linear regression with
             |                                 Julia
-------------------------------------------------------------------------------
(results evreg1 are active now)
number of observations will be reset to 4
Press any key to continue, or Break to abort
Number of observations (_N) was 0, now 4.
(4 missing values generated)
(1 real change made)
(1 real change made)
(1 real change made)
(1 real change made)
Number of observations (_N) was 4, now 5.
(1 real change made)
(1 real change made)
(1 real change made)
(file /users/aquisper/proj_bureaucrats_farms/code/_stacked_downup_replication/.
> ./../figures/exploratory_analysis/politician_original_controls_fe_sweep/polit
> ician_original_fe08_controls_never_did_interaction_rural_acpop_all_1.png not 
> found)
file /users/aquisper/proj_bureaucrats_farms/code/_stacked_downup_replication/..
> /../figures/exploratory_analysis/politician_original_controls_fe_sweep/politi
> cian_original_fe08_controls_never_did_interaction_rural_acpop_all_1.png writt
> en in PNG format
Exported: /users/aquisper/proj_bureaucrats_farms/code/_stacked_downup_replicati
> on/../../figures/exploratory_analysis/politician_original_controls_fe_sweep/p
> olitician_original_fe08_controls_never_did_interaction_rural_acpop_all_1.png

-------------------------------------------------------------------------------
             |           Dependent  Number of        
        Name | Command    variable     param.  Title 
-------------+-----------------------------------------------------------------
      evreg1 | reghdfejl    countk         21  HDFE linear regression with
             |                                 Julia
-------------------------------------------------------------------------------
(21 missing values generated)
(21 missing values generated)
(21 missing values generated)
(21 missing values generated)
(21 missing values generated)
(21 missing values generated)
(21 missing values generated)
(21 missing values generated)
(21 missing values generated)
(21 missing values generated)
(21 missing values generated)
(21 missing values generated)
(21 missing values generated)
(21 missing values generated)
(21 missing values generated)
(21 missing values generated)
(21 missing values generated)
(21 missing values generated)
(21 missing values generated)
(21 missing values generated)
(21 missing values generated)
(21 missing values generated)
(21 missing values generated)
Estimates exported to /users/aquisper/proj_bureaucrats_farms/code/_stacked_down
> up_replication/../../tables/exploratory_analysis/politician_original_controls
> _fe_sweep/politician_original_fe09_controls_never_event_rural_acpop_all.csv

-------------------------------------------------------------------------------
             |           Dependent  Number of        
        Name | Command    variable     param.  Title 
-------------+-----------------------------------------------------------------
      evreg1 | reghdfejl    countk          9  HDFE linear regression with
             |                                 Julia
-------------------------------------------------------------------------------
(9 missing values generated)
(9 missing values generated)
(9 missing values generated)
(9 missing values generated)
(9 missing values generated)
(9 missing values generated)
(9 missing values generated)
(9 missing values generated)
(9 missing values generated)
(9 missing values generated)
(9 missing values generated)
Estimates exported to /users/aquisper/proj_bureaucrats_farms/code/_stacked_down
> up_replication/../../tables/exploratory_analysis/politician_original_controls
> _fe_sweep/politician_original_fe09_controls_never_did_interaction_rural_acpop
> _all.csv

-------------------------------------------------------------------------------
             |           Dependent  Number of        
        Name | Command    variable     param.  Title 
-------------+-----------------------------------------------------------------
      evreg1 | reghdfejl    countk          9  HDFE linear regression with
             |                                 Julia
-------------------------------------------------------------------------------
(results evreg1 are active now)
number of observations will be reset to 4
Press any key to continue, or Break to abort
Number of observations (_N) was 0, now 4.
(4 missing values generated)
(1 real change made)
(1 real change made)
(1 real change made)
(1 real change made)
Number of observations (_N) was 4, now 5.
(1 real change made)
(1 real change made)
(1 real change made)
(file /users/aquisper/proj_bureaucrats_farms/code/_stacked_downup_replication/.
> ./../figures/exploratory_analysis/politician_original_controls_fe_sweep/polit
> ician_original_fe09_controls_never_did_interaction_rural_acpop_all_1.png not 
> found)
file /users/aquisper/proj_bureaucrats_farms/code/_stacked_downup_replication/..
> /../figures/exploratory_analysis/politician_original_controls_fe_sweep/politi
> cian_original_fe09_controls_never_did_interaction_rural_acpop_all_1.png writt
> en in PNG format
Exported: /users/aquisper/proj_bureaucrats_farms/code/_stacked_downup_replicati
> on/../../figures/exploratory_analysis/politician_original_controls_fe_sweep/p
> olitician_original_fe09_controls_never_did_interaction_rural_acpop_all_1.png

-------------------------------------------------------------------------------
             |           Dependent  Number of        
        Name | Command    variable     param.  Title 
-------------+-----------------------------------------------------------------
      evreg1 | reghdfejl    countk         21  HDFE linear regression with
             |                                 Julia
-------------------------------------------------------------------------------
(21 missing values generated)
(21 missing values generated)
(21 missing values generated)
(21 missing values generated)
(21 missing values generated)
(21 missing values generated)
(21 missing values generated)
(21 missing values generated)
(21 missing values generated)
(21 missing values generated)
(21 missing values generated)
(21 missing values generated)
(21 missing values generated)
(21 missing values generated)
(21 missing values generated)
(21 missing values generated)
(21 missing values generated)
(21 missing values generated)
(21 missing values generated)
(21 missing values generated)
(21 missing values generated)
(21 missing values generated)
(21 missing values generated)
Estimates exported to /users/aquisper/proj_bureaucrats_farms/code/_stacked_down
> up_replication/../../tables/exploratory_analysis/politician_original_controls
> _fe_sweep/politician_original_fe10_controls_never_event_rural_acpop_all.csv

-------------------------------------------------------------------------------
             |           Dependent  Number of        
        Name | Command    variable     param.  Title 
-------------+-----------------------------------------------------------------
      evreg1 | reghdfejl    countk          9  HDFE linear regression with
             |                                 Julia
-------------------------------------------------------------------------------
(9 missing values generated)
(9 missing values generated)
(9 missing values generated)
(9 missing values generated)
(9 missing values generated)
(9 missing values generated)
(9 missing values generated)
(9 missing values generated)
(9 missing values generated)
(9 missing values generated)
(9 missing values generated)
Estimates exported to /users/aquisper/proj_bureaucrats_farms/code/_stacked_down
> up_replication/../../tables/exploratory_analysis/politician_original_controls
> _fe_sweep/politician_original_fe10_controls_never_did_interaction_rural_acpop
> _all.csv

-------------------------------------------------------------------------------
             |           Dependent  Number of        
        Name | Command    variable     param.  Title 
-------------+-----------------------------------------------------------------
      evreg1 | reghdfejl    countk          9  HDFE linear regression with
             |                                 Julia
-------------------------------------------------------------------------------
(results evreg1 are active now)
number of observations will be reset to 4
Press any key to continue, or Break to abort
Number of observations (_N) was 0, now 4.
(4 missing values generated)
(1 real change made)
(1 real change made)
(1 real change made)
(1 real change made)
Number of observations (_N) was 4, now 5.
(1 real change made)
(1 real change made)
(1 real change made)
(file /users/aquisper/proj_bureaucrats_farms/code/_stacked_downup_replication/.
> ./../figures/exploratory_analysis/politician_original_controls_fe_sweep/polit
> ician_original_fe10_controls_never_did_interaction_rural_acpop_all_1.png not 
> found)
file /users/aquisper/proj_bureaucrats_farms/code/_stacked_downup_replication/..
> /../figures/exploratory_analysis/politician_original_controls_fe_sweep/politi
> cian_original_fe10_controls_never_did_interaction_rural_acpop_all_1.png writt
> en in PNG format
Exported: /users/aquisper/proj_bureaucrats_farms/code/_stacked_downup_replicati
> on/../../figures/exploratory_analysis/politician_original_controls_fe_sweep/p
> olitician_original_fe10_controls_never_did_interaction_rural_acpop_all_1.png

-------------------------------------------------------------------------------
             |           Dependent  Number of        
        Name | Command    variable     param.  Title 
-------------+-----------------------------------------------------------------
      evreg1 | reghdfejl    countk         21  HDFE linear regression with
             |                                 Julia
-------------------------------------------------------------------------------
(21 missing values generated)
(21 missing values generated)
(21 missing values generated)
(21 missing values generated)
(21 missing values generated)
(21 missing values generated)
(21 missing values generated)
(21 missing values generated)
(21 missing values generated)
(21 missing values generated)
(21 missing values generated)
(21 missing values generated)
(21 missing values generated)
(21 missing values generated)
(21 missing values generated)
(21 missing values generated)
(21 missing values generated)
(21 missing values generated)
(21 missing values generated)
(21 missing values generated)
(21 missing values generated)
(21 missing values generated)
(21 missing values generated)
Estimates exported to /users/aquisper/proj_bureaucrats_farms/code/_stacked_down
> up_replication/../../tables/exploratory_analysis/politician_original_controls
> _fe_sweep/politician_original_fe11_controls_never_event_rural_acpop_all.csv

-------------------------------------------------------------------------------
             |           Dependent  Number of        
        Name | Command    variable     param.  Title 
-------------+-----------------------------------------------------------------
      evreg1 | reghdfejl    countk          9  HDFE linear regression with
             |                                 Julia
-------------------------------------------------------------------------------
(9 missing values generated)
(9 missing values generated)
(9 missing values generated)
(9 missing values generated)
(9 missing values generated)
(9 missing values generated)
(9 missing values generated)
(9 missing values generated)
(9 missing values generated)
(9 missing values generated)
(9 missing values generated)
Estimates exported to /users/aquisper/proj_bureaucrats_farms/code/_stacked_down
> up_replication/../../tables/exploratory_analysis/politician_original_controls
> _fe_sweep/politician_original_fe11_controls_never_did_interaction_rural_acpop
> _all.csv

-------------------------------------------------------------------------------
             |           Dependent  Number of        
        Name | Command    variable     param.  Title 
-------------+-----------------------------------------------------------------
      evreg1 | reghdfejl    countk          9  HDFE linear regression with
             |                                 Julia
-------------------------------------------------------------------------------
(results evreg1 are active now)
number of observations will be reset to 4
Press any key to continue, or Break to abort
Number of observations (_N) was 0, now 4.
(4 missing values generated)
(1 real change made)
(1 real change made)
(1 real change made)
(1 real change made)
Number of observations (_N) was 4, now 5.
(1 real change made)
(1 real change made)
(1 real change made)
(file /users/aquisper/proj_bureaucrats_farms/code/_stacked_downup_replication/.
> ./../figures/exploratory_analysis/politician_original_controls_fe_sweep/polit
> ician_original_fe11_controls_never_did_interaction_rural_acpop_all_1.png not 
> found)
file /users/aquisper/proj_bureaucrats_farms/code/_stacked_downup_replication/..
> /../figures/exploratory_analysis/politician_original_controls_fe_sweep/politi
> cian_original_fe11_controls_never_did_interaction_rural_acpop_all_1.png writt
> en in PNG format
Exported: /users/aquisper/proj_bureaucrats_farms/code/_stacked_downup_replicati
> on/../../figures/exploratory_analysis/politician_original_controls_fe_sweep/p
> olitician_original_fe11_controls_never_did_interaction_rural_acpop_all_1.png

-------------------------------------------------------------------------------
             |           Dependent  Number of        
        Name | Command    variable     param.  Title 
-------------+-----------------------------------------------------------------
      evreg1 | reghdfejl    countk         21  HDFE linear regression with
             |                                 Julia
-------------------------------------------------------------------------------
(21 missing values generated)
(21 missing values generated)
(21 missing values generated)
(21 missing values generated)
(21 missing values generated)
(21 missing values generated)
(21 missing values generated)
(21 missing values generated)
(21 missing values generated)
(21 missing values generated)
(21 missing values generated)
(21 missing values generated)
(21 missing values generated)
(21 missing values generated)
(21 missing values generated)
(21 missing values generated)
(21 missing values generated)
(21 missing values generated)
(21 missing values generated)
(21 missing values generated)
(21 missing values generated)
(21 missing values generated)
(21 missing values generated)
Estimates exported to /users/aquisper/proj_bureaucrats_farms/code/_stacked_down
> up_replication/../../tables/exploratory_analysis/politician_original_controls
> _fe_sweep/politician_original_fe12_controls_never_event_rural_acpop_all.csv

-------------------------------------------------------------------------------
             |           Dependent  Number of        
        Name | Command    variable     param.  Title 
-------------+-----------------------------------------------------------------
      evreg1 | reghdfejl    countk          9  HDFE linear regression with
             |                                 Julia
-------------------------------------------------------------------------------
(9 missing values generated)
(9 missing values generated)
(9 missing values generated)
(9 missing values generated)
(9 missing values generated)
(9 missing values generated)
(9 missing values generated)
(9 missing values generated)
(9 missing values generated)
(9 missing values generated)
(9 missing values generated)
Estimates exported to /users/aquisper/proj_bureaucrats_farms/code/_stacked_down
> up_replication/../../tables/exploratory_analysis/politician_original_controls
> _fe_sweep/politician_original_fe12_controls_never_did_interaction_rural_acpop
> _all.csv

-------------------------------------------------------------------------------
             |           Dependent  Number of        
        Name | Command    variable     param.  Title 
-------------+-----------------------------------------------------------------
      evreg1 | reghdfejl    countk          9  HDFE linear regression with
             |                                 Julia
-------------------------------------------------------------------------------
(results evreg1 are active now)
number of observations will be reset to 4
Press any key to continue, or Break to abort
Number of observations (_N) was 0, now 4.
(4 missing values generated)
(1 real change made)
(1 real change made)
(1 real change made)
(1 real change made)
Number of observations (_N) was 4, now 5.
(1 real change made)
(1 real change made)
(1 real change made)
(file /users/aquisper/proj_bureaucrats_farms/code/_stacked_downup_replication/.
> ./../figures/exploratory_analysis/politician_original_controls_fe_sweep/polit
> ician_original_fe12_controls_never_did_interaction_rural_acpop_all_1.png not 
> found)
file /users/aquisper/proj_bureaucrats_farms/code/_stacked_downup_replication/..
> /../figures/exploratory_analysis/politician_original_controls_fe_sweep/politi
> cian_original_fe12_controls_never_did_interaction_rural_acpop_all_1.png writt
> en in PNG format
Exported: /users/aquisper/proj_bureaucrats_farms/code/_stacked_downup_replicati
> on/../../figures/exploratory_analysis/politician_original_controls_fe_sweep/p
> olitician_original_fe12_controls_never_did_interaction_rural_acpop_all_1.png

-------------------------------------------------------------------------------
             |           Dependent  Number of        
        Name | Command    variable     param.  Title 
-------------+-----------------------------------------------------------------
      evreg1 | reghdfejl    countk         21  HDFE linear regression with
             |                                 Julia
-------------------------------------------------------------------------------
(21 missing values generated)
(21 missing values generated)
(21 missing values generated)
(21 missing values generated)
(21 missing values generated)
(21 missing values generated)
(21 missing values generated)
(21 missing values generated)
(21 missing values generated)
(21 missing values generated)
(21 missing values generated)
(21 missing values generated)
(21 missing values generated)
(21 missing values generated)
(21 missing values generated)
(21 missing values generated)
(21 missing values generated)
(21 missing values generated)
(21 missing values generated)
(21 missing values generated)
(21 missing values generated)
(21 missing values generated)
(21 missing values generated)
Estimates exported to /users/aquisper/proj_bureaucrats_farms/code/_stacked_down
> up_replication/../../tables/exploratory_analysis/politician_original_controls
> _fe_sweep/politician_original_fe13_controls_never_event_rural_acpop_all.csv

-------------------------------------------------------------------------------
             |           Dependent  Number of        
        Name | Command    variable     param.  Title 
-------------+-----------------------------------------------------------------
      evreg1 | reghdfejl    countk          9  HDFE linear regression with
             |                                 Julia
-------------------------------------------------------------------------------
(9 missing values generated)
(9 missing values generated)
(9 missing values generated)
(9 missing values generated)
(9 missing values generated)
(9 missing values generated)
(9 missing values generated)
(9 missing values generated)
(9 missing values generated)
(9 missing values generated)
(9 missing values generated)
Estimates exported to /users/aquisper/proj_bureaucrats_farms/code/_stacked_down
> up_replication/../../tables/exploratory_analysis/politician_original_controls
> _fe_sweep/politician_original_fe13_controls_never_did_interaction_rural_acpop
> _all.csv

-------------------------------------------------------------------------------
             |           Dependent  Number of        
        Name | Command    variable     param.  Title 
-------------+-----------------------------------------------------------------
      evreg1 | reghdfejl    countk          9  HDFE linear regression with
             |                                 Julia
-------------------------------------------------------------------------------
(results evreg1 are active now)
number of observations will be reset to 4
Press any key to continue, or Break to abort
Number of observations (_N) was 0, now 4.
(4 missing values generated)
(1 real change made)
(1 real change made)
(1 real change made)
(1 real change made)
Number of observations (_N) was 4, now 5.
(1 real change made)
(1 real change made)
(1 real change made)
(file /users/aquisper/proj_bureaucrats_farms/code/_stacked_downup_replication/.
> ./../figures/exploratory_analysis/politician_original_controls_fe_sweep/polit
> ician_original_fe13_controls_never_did_interaction_rural_acpop_all_1.png not 
> found)
file /users/aquisper/proj_bureaucrats_farms/code/_stacked_downup_replication/..
> /../figures/exploratory_analysis/politician_original_controls_fe_sweep/politi
> cian_original_fe13_controls_never_did_interaction_rural_acpop_all_1.png writt
> en in PNG format
Exported: /users/aquisper/proj_bureaucrats_farms/code/_stacked_downup_replicati
> on/../../figures/exploratory_analysis/politician_original_controls_fe_sweep/p
> olitician_original_fe13_controls_never_did_interaction_rural_acpop_all_1.png

-------------------------------------------------------------------------------
             |           Dependent  Number of        
        Name | Command    variable     param.  Title 
-------------+-----------------------------------------------------------------
      evreg1 | reghdfejl    countk         21  HDFE linear regression with
             |                                 Julia
-------------------------------------------------------------------------------
(21 missing values generated)
(21 missing values generated)
(21 missing values generated)
(21 missing values generated)
(21 missing values generated)
(21 missing values generated)
(21 missing values generated)
(21 missing values generated)
(21 missing values generated)
(21 missing values generated)
(21 missing values generated)
(21 missing values generated)
(21 missing values generated)
(21 missing values generated)
(21 missing values generated)
(21 missing values generated)
(21 missing values generated)
(21 missing values generated)
(21 missing values generated)
(21 missing values generated)
(21 missing values generated)
(21 missing values generated)
(21 missing values generated)
Estimates exported to /users/aquisper/proj_bureaucrats_farms/code/_stacked_down
> up_replication/../../tables/exploratory_analysis/politician_original_controls
> _fe_sweep/politician_original_fe14_controls_never_event_rural_acpop_all.csv

-------------------------------------------------------------------------------
             |           Dependent  Number of        
        Name | Command    variable     param.  Title 
-------------+-----------------------------------------------------------------
      evreg1 | reghdfejl    countk          9  HDFE linear regression with
             |                                 Julia
-------------------------------------------------------------------------------
(9 missing values generated)
(9 missing values generated)
(9 missing values generated)
(9 missing values generated)
(9 missing values generated)
(9 missing values generated)
(9 missing values generated)
(9 missing values generated)
(9 missing values generated)
(9 missing values generated)
(9 missing values generated)
Estimates exported to /users/aquisper/proj_bureaucrats_farms/code/_stacked_down
> up_replication/../../tables/exploratory_analysis/politician_original_controls
> _fe_sweep/politician_original_fe14_controls_never_did_interaction_rural_acpop
> _all.csv

-------------------------------------------------------------------------------
             |           Dependent  Number of        
        Name | Command    variable     param.  Title 
-------------+-----------------------------------------------------------------
      evreg1 | reghdfejl    countk          9  HDFE linear regression with
             |                                 Julia
-------------------------------------------------------------------------------
(results evreg1 are active now)
number of observations will be reset to 4
Press any key to continue, or Break to abort
Number of observations (_N) was 0, now 4.
(4 missing values generated)
(1 real change made)
(1 real change made)
(1 real change made)
(1 real change made)
Number of observations (_N) was 4, now 5.
(1 real change made)
(1 real change made)
(1 real change made)
(file /users/aquisper/proj_bureaucrats_farms/code/_stacked_downup_replication/.
> ./../figures/exploratory_analysis/politician_original_controls_fe_sweep/polit
> ician_original_fe14_controls_never_did_interaction_rural_acpop_all_1.png not 
> found)
file /users/aquisper/proj_bureaucrats_farms/code/_stacked_downup_replication/..
> /../figures/exploratory_analysis/politician_original_controls_fe_sweep/politi
> cian_original_fe14_controls_never_did_interaction_rural_acpop_all_1.png writt
> en in PNG format
Exported: /users/aquisper/proj_bureaucrats_farms/code/_stacked_downup_replicati
> on/../../figures/exploratory_analysis/politician_original_controls_fe_sweep/p
> olitician_original_fe14_controls_never_did_interaction_rural_acpop_all_1.png

-------------------------------------------------------------------------------
             |           Dependent  Number of        
        Name | Command    variable     param.  Title 
-------------+-----------------------------------------------------------------
      evreg1 | reghdfejl    countk         21  HDFE linear regression with
             |                                 Julia
-------------------------------------------------------------------------------
(21 missing values generated)
(21 missing values generated)
(21 missing values generated)
(21 missing values generated)
(21 missing values generated)
(21 missing values generated)
(21 missing values generated)
(21 missing values generated)
(21 missing values generated)
(21 missing values generated)
(21 missing values generated)
(21 missing values generated)
(21 missing values generated)
(21 missing values generated)
(21 missing values generated)
(21 missing values generated)
(21 missing values generated)
(21 missing values generated)
(21 missing values generated)
(21 missing values generated)
(21 missing values generated)
(21 missing values generated)
(21 missing values generated)
Estimates exported to /users/aquisper/proj_bureaucrats_farms/code/_stacked_down
> up_replication/../../tables/exploratory_analysis/politician_original_controls
> _fe_sweep/politician_original_fe15_controls_never_event_rural_acpop_all.csv

-------------------------------------------------------------------------------
             |           Dependent  Number of        
        Name | Command    variable     param.  Title 
-------------+-----------------------------------------------------------------
      evreg1 | reghdfejl    countk          9  HDFE linear regression with
             |                                 Julia
-------------------------------------------------------------------------------
(9 missing values generated)
(9 missing values generated)
(9 missing values generated)
(9 missing values generated)
(9 missing values generated)
(9 missing values generated)
(9 missing values generated)
(9 missing values generated)
(9 missing values generated)
(9 missing values generated)
(9 missing values generated)
Estimates exported to /users/aquisper/proj_bureaucrats_farms/code/_stacked_down
> up_replication/../../tables/exploratory_analysis/politician_original_controls
> _fe_sweep/politician_original_fe15_controls_never_did_interaction_rural_acpop
> _all.csv

-------------------------------------------------------------------------------
             |           Dependent  Number of        
        Name | Command    variable     param.  Title 
-------------+-----------------------------------------------------------------
      evreg1 | reghdfejl    countk          9  HDFE linear regression with
             |                                 Julia
-------------------------------------------------------------------------------
(results evreg1 are active now)
number of observations will be reset to 4
Press any key to continue, or Break to abort
Number of observations (_N) was 0, now 4.
(4 missing values generated)
(1 real change made)
(1 real change made)
(1 real change made)
(1 real change made)
Number of observations (_N) was 4, now 5.
(1 real change made)
(1 real change made)
(1 real change made)
(file /users/aquisper/proj_bureaucrats_farms/code/_stacked_downup_replication/.
> ./../figures/exploratory_analysis/politician_original_controls_fe_sweep/polit
> ician_original_fe15_controls_never_did_interaction_rural_acpop_all_1.png not 
> found)
file /users/aquisper/proj_bureaucrats_farms/code/_stacked_downup_replication/..
> /../figures/exploratory_analysis/politician_original_controls_fe_sweep/politi
> cian_original_fe15_controls_never_did_interaction_rural_acpop_all_1.png writt
> en in PNG format
Exported: /users/aquisper/proj_bureaucrats_farms/code/_stacked_downup_replicati
> on/../../figures/exploratory_analysis/politician_original_controls_fe_sweep/p
> olitician_original_fe15_controls_never_did_interaction_rural_acpop_all_1.png

-------------------------------------------------------------------------------
             |           Dependent  Number of        
        Name | Command    variable     param.  Title 
-------------+-----------------------------------------------------------------
      evreg1 | reghdfejl    countk         21  HDFE linear regression with
             |                                 Julia
-------------------------------------------------------------------------------
(21 missing values generated)
(21 missing values generated)
(21 missing values generated)
(21 missing values generated)
(21 missing values generated)
(21 missing values generated)
(21 missing values generated)
(21 missing values generated)
(21 missing values generated)
(21 missing values generated)
(21 missing values generated)
(21 missing values generated)
(21 missing values generated)
(21 missing values generated)
(21 missing values generated)
(21 missing values generated)
(21 missing values generated)
(21 missing values generated)
(21 missing values generated)
(21 missing values generated)
(21 missing values generated)
(21 missing values generated)
(21 missing values generated)
Estimates exported to /users/aquisper/proj_bureaucrats_farms/code/_stacked_down
> up_replication/../../tables/exploratory_analysis/politician_original_controls
> _fe_sweep/politician_original_fe16_controls_never_event_rural_acpop_all.csv

-------------------------------------------------------------------------------
             |           Dependent  Number of        
        Name | Command    variable     param.  Title 
-------------+-----------------------------------------------------------------
      evreg1 | reghdfejl    countk          9  HDFE linear regression with
             |                                 Julia
-------------------------------------------------------------------------------
(9 missing values generated)
(9 missing values generated)
(9 missing values generated)
(9 missing values generated)
(9 missing values generated)
(9 missing values generated)
(9 missing values generated)
(9 missing values generated)
(9 missing values generated)
(9 missing values generated)
(9 missing values generated)
Estimates exported to /users/aquisper/proj_bureaucrats_farms/code/_stacked_down
> up_replication/../../tables/exploratory_analysis/politician_original_controls
> _fe_sweep/politician_original_fe16_controls_never_did_interaction_rural_acpop
> _all.csv

-------------------------------------------------------------------------------
             |           Dependent  Number of        
        Name | Command    variable     param.  Title 
-------------+-----------------------------------------------------------------
      evreg1 | reghdfejl    countk          9  HDFE linear regression with
             |                                 Julia
-------------------------------------------------------------------------------
(results evreg1 are active now)
number of observations will be reset to 4
Press any key to continue, or Break to abort
Number of observations (_N) was 0, now 4.
(4 missing values generated)
(1 real change made)
(1 real change made)
(1 real change made)
(1 real change made)
Number of observations (_N) was 4, now 5.
(1 real change made)
(1 real change made)
(1 real change made)
(file /users/aquisper/proj_bureaucrats_farms/code/_stacked_downup_replication/.
> ./../figures/exploratory_analysis/politician_original_controls_fe_sweep/polit
> ician_original_fe16_controls_never_did_interaction_rural_acpop_all_1.png not 
> found)
file /users/aquisper/proj_bureaucrats_farms/code/_stacked_downup_replication/..
> /../figures/exploratory_analysis/politician_original_controls_fe_sweep/politi
> cian_original_fe16_controls_never_did_interaction_rural_acpop_all_1.png writt
> en in PNG format
Exported: /users/aquisper/proj_bureaucrats_farms/code/_stacked_downup_replicati
> on/../../figures/exploratory_analysis/politician_original_controls_fe_sweep/p
> olitician_original_fe16_controls_never_did_interaction_rural_acpop_all_1.png

-------------------------------------------------------------------------------
             |           Dependent  Number of        
        Name | Command    variable     param.  Title 
-------------+-----------------------------------------------------------------
      evreg1 | reghdfejl    countk         21  HDFE linear regression with
             |                                 Julia
-------------------------------------------------------------------------------
(21 missing values generated)
(21 missing values generated)
(21 missing values generated)
(21 missing values generated)
(21 missing values generated)
(21 missing values generated)
(21 missing values generated)
(21 missing values generated)
(21 missing values generated)
(21 missing values generated)
(21 missing values generated)
(21 missing values generated)
(21 missing values generated)
(21 missing values generated)
(21 missing values generated)
(21 missing values generated)
(21 missing values generated)
(21 missing values generated)
(21 missing values generated)
(21 missing values generated)
(21 missing values generated)
(21 missing values generated)
(21 missing values generated)
Estimates exported to /users/aquisper/proj_bureaucrats_farms/code/_stacked_down
> up_replication/../../tables/exploratory_analysis/politician_original_controls
> _fe_sweep/politician_original_fe17_controls_never_event_rural_acpop_all.csv

-------------------------------------------------------------------------------
             |           Dependent  Number of        
        Name | Command    variable     param.  Title 
-------------+-----------------------------------------------------------------
      evreg1 | reghdfejl    countk          9  HDFE linear regression with
             |                                 Julia
-------------------------------------------------------------------------------
(9 missing values generated)
(9 missing values generated)
(9 missing values generated)
(9 missing values generated)
(9 missing values generated)
(9 missing values generated)
(9 missing values generated)
(9 missing values generated)
(9 missing values generated)
(9 missing values generated)
(9 missing values generated)
Estimates exported to /users/aquisper/proj_bureaucrats_farms/code/_stacked_down
> up_replication/../../tables/exploratory_analysis/politician_original_controls
> _fe_sweep/politician_original_fe17_controls_never_did_interaction_rural_acpop
> _all.csv

-------------------------------------------------------------------------------
             |           Dependent  Number of        
        Name | Command    variable     param.  Title 
-------------+-----------------------------------------------------------------
      evreg1 | reghdfejl    countk          9  HDFE linear regression with
             |                                 Julia
-------------------------------------------------------------------------------
(results evreg1 are active now)
number of observations will be reset to 4
Press any key to continue, or Break to abort
Number of observations (_N) was 0, now 4.
(4 missing values generated)
(1 real change made)
(1 real change made)
(1 real change made)
(1 real change made)
Number of observations (_N) was 4, now 5.
(1 real change made)
(1 real change made)
(1 real change made)
(file /users/aquisper/proj_bureaucrats_farms/code/_stacked_downup_replication/.
> ./../figures/exploratory_analysis/politician_original_controls_fe_sweep/polit
> ician_original_fe17_controls_never_did_interaction_rural_acpop_all_1.png not 
> found)
file /users/aquisper/proj_bureaucrats_farms/code/_stacked_downup_replication/..
> /../figures/exploratory_analysis/politician_original_controls_fe_sweep/politi
> cian_original_fe17_controls_never_did_interaction_rural_acpop_all_1.png writt
> en in PNG format
Exported: /users/aquisper/proj_bureaucrats_farms/code/_stacked_downup_replicati
> on/../../figures/exploratory_analysis/politician_original_controls_fe_sweep/p
> olitician_original_fe17_controls_never_did_interaction_rural_acpop_all_1.png

-------------------------------------------------------------------------------
             |           Dependent  Number of        
        Name | Command    variable     param.  Title 
-------------+-----------------------------------------------------------------
      evreg1 | reghdfejl    countk         21  HDFE linear regression with
             |                                 Julia
-------------------------------------------------------------------------------
(21 missing values generated)
(21 missing values generated)
(21 missing values generated)
(21 missing values generated)
(21 missing values generated)
(21 missing values generated)
(21 missing values generated)
(21 missing values generated)
(21 missing values generated)
(21 missing values generated)
(21 missing values generated)
(21 missing values generated)
(21 missing values generated)
(21 missing values generated)
(21 missing values generated)
(21 missing values generated)
(21 missing values generated)
(21 missing values generated)
(21 missing values generated)
(21 missing values generated)
(21 missing values generated)
(21 missing values generated)
(21 missing values generated)
Estimates exported to /users/aquisper/proj_bureaucrats_farms/code/_stacked_down
> up_replication/../../tables/exploratory_analysis/politician_original_controls
> _fe_sweep/politician_original_fe18_controls_never_event_rural_acpop_all.csv

-------------------------------------------------------------------------------
             |           Dependent  Number of        
        Name | Command    variable     param.  Title 
-------------+-----------------------------------------------------------------
      evreg1 | reghdfejl    countk          9  HDFE linear regression with
             |                                 Julia
-------------------------------------------------------------------------------
(9 missing values generated)
(9 missing values generated)
(9 missing values generated)
(9 missing values generated)
(9 missing values generated)
(9 missing values generated)
(9 missing values generated)
(9 missing values generated)
(9 missing values generated)
(9 missing values generated)
(9 missing values generated)
Estimates exported to /users/aquisper/proj_bureaucrats_farms/code/_stacked_down
> up_replication/../../tables/exploratory_analysis/politician_original_controls
> _fe_sweep/politician_original_fe18_controls_never_did_interaction_rural_acpop
> _all.csv

-------------------------------------------------------------------------------
             |           Dependent  Number of        
        Name | Command    variable     param.  Title 
-------------+-----------------------------------------------------------------
      evreg1 | reghdfejl    countk          9  HDFE linear regression with
             |                                 Julia
-------------------------------------------------------------------------------
(results evreg1 are active now)
number of observations will be reset to 4
Press any key to continue, or Break to abort
Number of observations (_N) was 0, now 4.
(4 missing values generated)
(1 real change made)
(1 real change made)
(1 real change made)
(1 real change made)
Number of observations (_N) was 4, now 5.
(1 real change made)
(1 real change made)
(1 real change made)
(file /users/aquisper/proj_bureaucrats_farms/code/_stacked_downup_replication/.
> ./../figures/exploratory_analysis/politician_original_controls_fe_sweep/polit
> ician_original_fe18_controls_never_did_interaction_rural_acpop_all_1.png not 
> found)
file /users/aquisper/proj_bureaucrats_farms/code/_stacked_downup_replication/..
> /../figures/exploratory_analysis/politician_original_controls_fe_sweep/politi
> cian_original_fe18_controls_never_did_interaction_rural_acpop_all_1.png writt
> en in PNG format
Exported: /users/aquisper/proj_bureaucrats_farms/code/_stacked_downup_replicati
> on/../../figures/exploratory_analysis/politician_original_controls_fe_sweep/p
> olitician_original_fe18_controls_never_did_interaction_rural_acpop_all_1.png

-------------------------------------------------------------------------------
             |           Dependent  Number of        
        Name | Command    variable     param.  Title 
-------------+-----------------------------------------------------------------
      evreg1 | reghdfejl    countk         21  HDFE linear regression with
             |                                 Julia
-------------------------------------------------------------------------------
(21 missing values generated)
(21 missing values generated)
(21 missing values generated)
(21 missing values generated)
(21 missing values generated)
(21 missing values generated)
(21 missing values generated)
(21 missing values generated)
(21 missing values generated)
(21 missing values generated)
(21 missing values generated)
(21 missing values generated)
(21 missing values generated)
(21 missing values generated)
(21 missing values generated)
(21 missing values generated)
(21 missing values generated)
(21 missing values generated)
(21 missing values generated)
(21 missing values generated)
(21 missing values generated)
(21 missing values generated)
(21 missing values generated)
Estimates exported to /users/aquisper/proj_bureaucrats_farms/code/_stacked_down
> up_replication/../../tables/exploratory_analysis/politician_original_controls
> _fe_sweep/politician_original_fe19_controls_never_event_rural_acpop_all.csv

-------------------------------------------------------------------------------
             |           Dependent  Number of        
        Name | Command    variable     param.  Title 
-------------+-----------------------------------------------------------------
      evreg1 | reghdfejl    countk          9  HDFE linear regression with
             |                                 Julia
-------------------------------------------------------------------------------
(9 missing values generated)
(9 missing values generated)
(9 missing values generated)
(9 missing values generated)
(9 missing values generated)
(9 missing values generated)
(9 missing values generated)
(9 missing values generated)
(9 missing values generated)
(9 missing values generated)
(9 missing values generated)
Estimates exported to /users/aquisper/proj_bureaucrats_farms/code/_stacked_down
> up_replication/../../tables/exploratory_analysis/politician_original_controls
> _fe_sweep/politician_original_fe19_controls_never_did_interaction_rural_acpop
> _all.csv

-------------------------------------------------------------------------------
             |           Dependent  Number of        
        Name | Command    variable     param.  Title 
-------------+-----------------------------------------------------------------
      evreg1 | reghdfejl    countk          9  HDFE linear regression with
             |                                 Julia
-------------------------------------------------------------------------------
(results evreg1 are active now)
number of observations will be reset to 4
Press any key to continue, or Break to abort
Number of observations (_N) was 0, now 4.
(4 missing values generated)
(1 real change made)
(1 real change made)
(1 real change made)
(1 real change made)
Number of observations (_N) was 4, now 5.
(1 real change made)
(1 real change made)
(1 real change made)
(file /users/aquisper/proj_bureaucrats_farms/code/_stacked_downup_replication/.
> ./../figures/exploratory_analysis/politician_original_controls_fe_sweep/polit
> ician_original_fe19_controls_never_did_interaction_rural_acpop_all_1.png not 
> found)
file /users/aquisper/proj_bureaucrats_farms/code/_stacked_downup_replication/..
> /../figures/exploratory_analysis/politician_original_controls_fe_sweep/politi
> cian_original_fe19_controls_never_did_interaction_rural_acpop_all_1.png writt
> en in PNG format
Exported: /users/aquisper/proj_bureaucrats_farms/code/_stacked_downup_replicati
> on/../../figures/exploratory_analysis/politician_original_controls_fe_sweep/p
> olitician_original_fe19_controls_never_did_interaction_rural_acpop_all_1.png

-------------------------------------------------------------------------------
             |           Dependent  Number of        
        Name | Command    variable     param.  Title 
-------------+-----------------------------------------------------------------
      evreg1 | reghdfejl    countk         21  HDFE linear regression with
             |                                 Julia
-------------------------------------------------------------------------------
(21 missing values generated)
(21 missing values generated)
(21 missing values generated)
(21 missing values generated)
(21 missing values generated)
(21 missing values generated)
(21 missing values generated)
(21 missing values generated)
(21 missing values generated)
(21 missing values generated)
(21 missing values generated)
(21 missing values generated)
(21 missing values generated)
(21 missing values generated)
(21 missing values generated)
(21 missing values generated)
(21 missing values generated)
(21 missing values generated)
(21 missing values generated)
(21 missing values generated)
(21 missing values generated)
(21 missing values generated)
(21 missing values generated)
Estimates exported to /users/aquisper/proj_bureaucrats_farms/code/_stacked_down
> up_replication/../../tables/exploratory_analysis/politician_original_controls
> _fe_sweep/politician_original_fe20_controls_never_event_rural_acpop_all.csv

-------------------------------------------------------------------------------
             |           Dependent  Number of        
        Name | Command    variable     param.  Title 
-------------+-----------------------------------------------------------------
      evreg1 | reghdfejl    countk          9  HDFE linear regression with
             |                                 Julia
-------------------------------------------------------------------------------
(9 missing values generated)
(9 missing values generated)
(9 missing values generated)
(9 missing values generated)
(9 missing values generated)
(9 missing values generated)
(9 missing values generated)
(9 missing values generated)
(9 missing values generated)
(9 missing values generated)
(9 missing values generated)
Estimates exported to /users/aquisper/proj_bureaucrats_farms/code/_stacked_down
> up_replication/../../tables/exploratory_analysis/politician_original_controls
> _fe_sweep/politician_original_fe20_controls_never_did_interaction_rural_acpop
> _all.csv

-------------------------------------------------------------------------------
             |           Dependent  Number of        
        Name | Command    variable     param.  Title 
-------------+-----------------------------------------------------------------
      evreg1 | reghdfejl    countk          9  HDFE linear regression with
             |                                 Julia
-------------------------------------------------------------------------------
(results evreg1 are active now)
number of observations will be reset to 4
Press any key to continue, or Break to abort
Number of observations (_N) was 0, now 4.
(4 missing values generated)
(1 real change made)
(1 real change made)
(1 real change made)
(1 real change made)
Number of observations (_N) was 4, now 5.
(1 real change made)
(1 real change made)
(1 real change made)
(file /users/aquisper/proj_bureaucrats_farms/code/_stacked_downup_replication/.
> ./../figures/exploratory_analysis/politician_original_controls_fe_sweep/polit
> ician_original_fe20_controls_never_did_interaction_rural_acpop_all_1.png not 
> found)
file /users/aquisper/proj_bureaucrats_farms/code/_stacked_downup_replication/..
> /../figures/exploratory_analysis/politician_original_controls_fe_sweep/politi
> cian_original_fe20_controls_never_did_interaction_rural_acpop_all_1.png writt
> en in PNG format
Exported: /users/aquisper/proj_bureaucrats_farms/code/_stacked_downup_replicati
> on/../../figures/exploratory_analysis/politician_original_controls_fe_sweep/p
> olitician_original_fe20_controls_never_did_interaction_rural_acpop_all_1.png

-------------------------------------------------------------------------------
             |           Dependent  Number of        
        Name | Command    variable     param.  Title 
-------------+-----------------------------------------------------------------
      evreg1 | reghdfejl    countk         21  HDFE linear regression with
             |                                 Julia
-------------------------------------------------------------------------------
(21 missing values generated)
(21 missing values generated)
(21 missing values generated)
(21 missing values generated)
(21 missing values generated)
(21 missing values generated)
(21 missing values generated)
(21 missing values generated)
(21 missing values generated)
(21 missing values generated)
(21 missing values generated)
(21 missing values generated)
(21 missing values generated)
(21 missing values generated)
(21 missing values generated)
(21 missing values generated)
(21 missing values generated)
(21 missing values generated)
(21 missing values generated)
(21 missing values generated)
(21 missing values generated)
(21 missing values generated)
(21 missing values generated)
Estimates exported to /users/aquisper/proj_bureaucrats_farms/code/_stacked_down
> up_replication/../../tables/exploratory_analysis/politician_original_controls
> _fe_sweep/politician_original_fe21_controls_never_event_rural_acpop_all.csv

-------------------------------------------------------------------------------
             |           Dependent  Number of        
        Name | Command    variable     param.  Title 
-------------+-----------------------------------------------------------------
      evreg1 | reghdfejl    countk          9  HDFE linear regression with
             |                                 Julia
-------------------------------------------------------------------------------
(9 missing values generated)
(9 missing values generated)
(9 missing values generated)
(9 missing values generated)
(9 missing values generated)
(9 missing values generated)
(9 missing values generated)
(9 missing values generated)
(9 missing values generated)
(9 missing values generated)
(9 missing values generated)
Estimates exported to /users/aquisper/proj_bureaucrats_farms/code/_stacked_down
> up_replication/../../tables/exploratory_analysis/politician_original_controls
> _fe_sweep/politician_original_fe21_controls_never_did_interaction_rural_acpop
> _all.csv

-------------------------------------------------------------------------------
             |           Dependent  Number of        
        Name | Command    variable     param.  Title 
-------------+-----------------------------------------------------------------
      evreg1 | reghdfejl    countk          9  HDFE linear regression with
             |                                 Julia
-------------------------------------------------------------------------------
(results evreg1 are active now)
number of observations will be reset to 4
Press any key to continue, or Break to abort
Number of observations (_N) was 0, now 4.
(4 missing values generated)
(1 real change made)
(1 real change made)
(1 real change made)
(1 real change made)
Number of observations (_N) was 4, now 5.
(1 real change made)
(1 real change made)
(1 real change made)
(file /users/aquisper/proj_bureaucrats_farms/code/_stacked_downup_replication/.
> ./../figures/exploratory_analysis/politician_original_controls_fe_sweep/polit
> ician_original_fe21_controls_never_did_interaction_rural_acpop_all_1.png not 
> found)
file /users/aquisper/proj_bureaucrats_farms/code/_stacked_downup_replication/..
> /../figures/exploratory_analysis/politician_original_controls_fe_sweep/politi
> cian_original_fe21_controls_never_did_interaction_rural_acpop_all_1.png writt
> en in PNG format
Exported: /users/aquisper/proj_bureaucrats_farms/code/_stacked_downup_replicati
> on/../../figures/exploratory_analysis/politician_original_controls_fe_sweep/p
> olitician_original_fe21_controls_never_did_interaction_rural_acpop_all_1.png

-------------------------------------------------------------------------------
             |           Dependent  Number of        
        Name | Command    variable     param.  Title 
-------------+-----------------------------------------------------------------
      evreg1 | reghdfejl    countk         21  HDFE linear regression with
             |                                 Julia
-------------------------------------------------------------------------------
(21 missing values generated)
(21 missing values generated)
(21 missing values generated)
(21 missing values generated)
(21 missing values generated)
(21 missing values generated)
(21 missing values generated)
(21 missing values generated)
(21 missing values generated)
(21 missing values generated)
(21 missing values generated)
(21 missing values generated)
(21 missing values generated)
(21 missing values generated)
(21 missing values generated)
(21 missing values generated)
(21 missing values generated)
(21 missing values generated)
(21 missing values generated)
(21 missing values generated)
(21 missing values generated)
(21 missing values generated)
(21 missing values generated)
Estimates exported to /users/aquisper/proj_bureaucrats_farms/code/_stacked_down
> up_replication/../../tables/exploratory_analysis/politician_original_controls
> _fe_sweep/politician_original_fe22_controls_never_event_rural_acpop_all.csv

-------------------------------------------------------------------------------
             |           Dependent  Number of        
        Name | Command    variable     param.  Title 
-------------+-----------------------------------------------------------------
      evreg1 | reghdfejl    countk          9  HDFE linear regression with
             |                                 Julia
-------------------------------------------------------------------------------
(9 missing values generated)
(9 missing values generated)
(9 missing values generated)
(9 missing values generated)
(9 missing values generated)
(9 missing values generated)
(9 missing values generated)
(9 missing values generated)
(9 missing values generated)
(9 missing values generated)
(9 missing values generated)
Estimates exported to /users/aquisper/proj_bureaucrats_farms/code/_stacked_down
> up_replication/../../tables/exploratory_analysis/politician_original_controls
> _fe_sweep/politician_original_fe22_controls_never_did_interaction_rural_acpop
> _all.csv

-------------------------------------------------------------------------------
             |           Dependent  Number of        
        Name | Command    variable     param.  Title 
-------------+-----------------------------------------------------------------
      evreg1 | reghdfejl    countk          9  HDFE linear regression with
             |                                 Julia
-------------------------------------------------------------------------------
(results evreg1 are active now)
number of observations will be reset to 4
Press any key to continue, or Break to abort
Number of observations (_N) was 0, now 4.
(4 missing values generated)
(1 real change made)
(1 real change made)
(1 real change made)
(1 real change made)
Number of observations (_N) was 4, now 5.
(1 real change made)
(1 real change made)
(1 real change made)
(file /users/aquisper/proj_bureaucrats_farms/code/_stacked_downup_replication/.
> ./../figures/exploratory_analysis/politician_original_controls_fe_sweep/polit
> ician_original_fe22_controls_never_did_interaction_rural_acpop_all_1.png not 
> found)
file /users/aquisper/proj_bureaucrats_farms/code/_stacked_downup_replication/..
> /../figures/exploratory_analysis/politician_original_controls_fe_sweep/politi
> cian_original_fe22_controls_never_did_interaction_rural_acpop_all_1.png writt
> en in PNG format
Exported: /users/aquisper/proj_bureaucrats_farms/code/_stacked_downup_replicati
> on/../../figures/exploratory_analysis/politician_original_controls_fe_sweep/p
> olitician_original_fe22_controls_never_did_interaction_rural_acpop_all_1.png

-------------------------------------------------------------------------------
             |           Dependent  Number of        
        Name | Command    variable     param.  Title 
-------------+-----------------------------------------------------------------
      evreg1 | reghdfejl    countk         21  HDFE linear regression with
             |                                 Julia
-------------------------------------------------------------------------------
(21 missing values generated)
(21 missing values generated)
(21 missing values generated)
(21 missing values generated)
(21 missing values generated)
(21 missing values generated)
(21 missing values generated)
(21 missing values generated)
(21 missing values generated)
(21 missing values generated)
(21 missing values generated)
(21 missing values generated)
(21 missing values generated)
(21 missing values generated)
(21 missing values generated)
(21 missing values generated)
(21 missing values generated)
(21 missing values generated)
(21 missing values generated)
(21 missing values generated)
(21 missing values generated)
(21 missing values generated)
(21 missing values generated)
Estimates exported to /users/aquisper/proj_bureaucrats_farms/code/_stacked_down
> up_replication/../../tables/exploratory_analysis/politician_original_controls
> _fe_sweep/politician_original_fe23_controls_never_event_rural_acpop_all.csv

-------------------------------------------------------------------------------
             |           Dependent  Number of        
        Name | Command    variable     param.  Title 
-------------+-----------------------------------------------------------------
      evreg1 | reghdfejl    countk          9  HDFE linear regression with
             |                                 Julia
-------------------------------------------------------------------------------
(9 missing values generated)
(9 missing values generated)
(9 missing values generated)
(9 missing values generated)
(9 missing values generated)
(9 missing values generated)
(9 missing values generated)
(9 missing values generated)
(9 missing values generated)
(9 missing values generated)
(9 missing values generated)
Estimates exported to /users/aquisper/proj_bureaucrats_farms/code/_stacked_down
> up_replication/../../tables/exploratory_analysis/politician_original_controls
> _fe_sweep/politician_original_fe23_controls_never_did_interaction_rural_acpop
> _all.csv

-------------------------------------------------------------------------------
             |           Dependent  Number of        
        Name | Command    variable     param.  Title 
-------------+-----------------------------------------------------------------
      evreg1 | reghdfejl    countk          9  HDFE linear regression with
             |                                 Julia
-------------------------------------------------------------------------------
(results evreg1 are active now)
number of observations will be reset to 4
Press any key to continue, or Break to abort
Number of observations (_N) was 0, now 4.
(4 missing values generated)
(1 real change made)
(1 real change made)
(1 real change made)
(1 real change made)
Number of observations (_N) was 4, now 5.
(1 real change made)
(1 real change made)
(1 real change made)
(file /users/aquisper/proj_bureaucrats_farms/code/_stacked_downup_replication/.
> ./../figures/exploratory_analysis/politician_original_controls_fe_sweep/polit
> ician_original_fe23_controls_never_did_interaction_rural_acpop_all_1.png not 
> found)
file /users/aquisper/proj_bureaucrats_farms/code/_stacked_downup_replication/..
> /../figures/exploratory_analysis/politician_original_controls_fe_sweep/politi
> cian_original_fe23_controls_never_did_interaction_rural_acpop_all_1.png writt
> en in PNG format
Exported: /users/aquisper/proj_bureaucrats_farms/code/_stacked_downup_replicati
> on/../../figures/exploratory_analysis/politician_original_controls_fe_sweep/p
> olitician_original_fe23_controls_never_did_interaction_rural_acpop_all_1.png

-------------------------------------------------------------------------------
             |           Dependent  Number of        
        Name | Command    variable     param.  Title 
-------------+-----------------------------------------------------------------
      evreg1 | reghdfejl    countk         21  HDFE linear regression with
             |                                 Julia
-------------------------------------------------------------------------------
(21 missing values generated)
(21 missing values generated)
(21 missing values generated)
(21 missing values generated)
(21 missing values generated)
(21 missing values generated)
(21 missing values generated)
(21 missing values generated)
(21 missing values generated)
(21 missing values generated)
(21 missing values generated)
(21 missing values generated)
(21 missing values generated)
(21 missing values generated)
(21 missing values generated)
(21 missing values generated)
(21 missing values generated)
(21 missing values generated)
(21 missing values generated)
(21 missing values generated)
(21 missing values generated)
(21 missing values generated)
(21 missing values generated)
Estimates exported to /users/aquisper/proj_bureaucrats_farms/code/_stacked_down
> up_replication/../../tables/exploratory_analysis/politician_original_controls
> _fe_sweep/politician_original_fe24_controls_never_event_rural_acpop_all.csv

-------------------------------------------------------------------------------
             |           Dependent  Number of        
        Name | Command    variable     param.  Title 
-------------+-----------------------------------------------------------------
      evreg1 | reghdfejl    countk          9  HDFE linear regression with
             |                                 Julia
-------------------------------------------------------------------------------
(9 missing values generated)
(9 missing values generated)
(9 missing values generated)
(9 missing values generated)
(9 missing values generated)
(9 missing values generated)
(9 missing values generated)
(9 missing values generated)
(9 missing values generated)
(9 missing values generated)
(9 missing values generated)
Estimates exported to /users/aquisper/proj_bureaucrats_farms/code/_stacked_down
> up_replication/../../tables/exploratory_analysis/politician_original_controls
> _fe_sweep/politician_original_fe24_controls_never_did_interaction_rural_acpop
> _all.csv

-------------------------------------------------------------------------------
             |           Dependent  Number of        
        Name | Command    variable     param.  Title 
-------------+-----------------------------------------------------------------
      evreg1 | reghdfejl    countk          9  HDFE linear regression with
             |                                 Julia
-------------------------------------------------------------------------------
(results evreg1 are active now)
number of observations will be reset to 4
Press any key to continue, or Break to abort
Number of observations (_N) was 0, now 4.
(4 missing values generated)
(1 real change made)
(1 real change made)
(1 real change made)
(1 real change made)
Number of observations (_N) was 4, now 5.
(1 real change made)
(1 real change made)
(1 real change made)
(file /users/aquisper/proj_bureaucrats_farms/code/_stacked_downup_replication/.
> ./../figures/exploratory_analysis/politician_original_controls_fe_sweep/polit
> ician_original_fe24_controls_never_did_interaction_rural_acpop_all_1.png not 
> found)
file /users/aquisper/proj_bureaucrats_farms/code/_stacked_downup_replication/..
> /../figures/exploratory_analysis/politician_original_controls_fe_sweep/politi
> cian_original_fe24_controls_never_did_interaction_rural_acpop_all_1.png writt
> en in PNG format
Exported: /users/aquisper/proj_bureaucrats_farms/code/_stacked_downup_replicati
> on/../../figures/exploratory_analysis/politician_original_controls_fe_sweep/p
> olitician_original_fe24_controls_never_did_interaction_rural_acpop_all_1.png

-------------------------------------------------------------------------------
             |           Dependent  Number of        
        Name | Command    variable     param.  Title 
-------------+-----------------------------------------------------------------
      evreg1 | reghdfejl    countk         21  HDFE linear regression with
             |                                 Julia
-------------------------------------------------------------------------------
(21 missing values generated)
(21 missing values generated)
(21 missing values generated)
(21 missing values generated)
(21 missing values generated)
(21 missing values generated)
(21 missing values generated)
(21 missing values generated)
(21 missing values generated)
(21 missing values generated)
(21 missing values generated)
(21 missing values generated)
(21 missing values generated)
(21 missing values generated)
(21 missing values generated)
(21 missing values generated)
(21 missing values generated)
(21 missing values generated)
(21 missing values generated)
(21 missing values generated)
(21 missing values generated)
(21 missing values generated)
(21 missing values generated)
Estimates exported to /users/aquisper/proj_bureaucrats_farms/code/_stacked_down
> up_replication/../../tables/exploratory_analysis/politician_original_controls
> _fe_sweep/politician_original_fe25_controls_never_event_rural_acpop_all.csv

-------------------------------------------------------------------------------
             |           Dependent  Number of        
        Name | Command    variable     param.  Title 
-------------+-----------------------------------------------------------------
      evreg1 | reghdfejl    countk          9  HDFE linear regression with
             |                                 Julia
-------------------------------------------------------------------------------
(9 missing values generated)
(9 missing values generated)
(9 missing values generated)
(9 missing values generated)
(9 missing values generated)
(9 missing values generated)
(9 missing values generated)
(9 missing values generated)
(9 missing values generated)
(9 missing values generated)
(9 missing values generated)
Estimates exported to /users/aquisper/proj_bureaucrats_farms/code/_stacked_down
> up_replication/../../tables/exploratory_analysis/politician_original_controls
> _fe_sweep/politician_original_fe25_controls_never_did_interaction_rural_acpop
> _all.csv

-------------------------------------------------------------------------------
             |           Dependent  Number of        
        Name | Command    variable     param.  Title 
-------------+-----------------------------------------------------------------
      evreg1 | reghdfejl    countk          9  HDFE linear regression with
             |                                 Julia
-------------------------------------------------------------------------------
(results evreg1 are active now)
number of observations will be reset to 4
Press any key to continue, or Break to abort
Number of observations (_N) was 0, now 4.
(4 missing values generated)
(1 real change made)
(1 real change made)
(1 real change made)
(1 real change made)
Number of observations (_N) was 4, now 5.
(1 real change made)
(1 real change made)
(1 real change made)
(file /users/aquisper/proj_bureaucrats_farms/code/_stacked_downup_replication/.
> ./../figures/exploratory_analysis/politician_original_controls_fe_sweep/polit
> ician_original_fe25_controls_never_did_interaction_rural_acpop_all_1.png not 
> found)
file /users/aquisper/proj_bureaucrats_farms/code/_stacked_downup_replication/..
> /../figures/exploratory_analysis/politician_original_controls_fe_sweep/politi
> cian_original_fe25_controls_never_did_interaction_rural_acpop_all_1.png writt
> en in PNG format
Exported: /users/aquisper/proj_bureaucrats_farms/code/_stacked_downup_replicati
> on/../../figures/exploratory_analysis/politician_original_controls_fe_sweep/p
> olitician_original_fe25_controls_never_did_interaction_rural_acpop_all_1.png

-------------------------------------------------------------------------------
             |           Dependent  Number of        
        Name | Command    variable     param.  Title 
-------------+-----------------------------------------------------------------
      evreg1 | reghdfejl    countk         21  HDFE linear regression with
             |                                 Julia
-------------------------------------------------------------------------------
(21 missing values generated)
(21 missing values generated)
(21 missing values generated)
(21 missing values generated)
(21 missing values generated)
(21 missing values generated)
(21 missing values generated)
(21 missing values generated)
(21 missing values generated)
(21 missing values generated)
(21 missing values generated)
(21 missing values generated)
(21 missing values generated)
(21 missing values generated)
(21 missing values generated)
(21 missing values generated)
(21 missing values generated)
(21 missing values generated)
(21 missing values generated)
(21 missing values generated)
(21 missing values generated)
(21 missing values generated)
(21 missing values generated)
Estimates exported to /users/aquisper/proj_bureaucrats_farms/code/_stacked_down
> up_replication/../../tables/exploratory_analysis/politician_original_controls
> _fe_sweep/politician_original_fe26_controls_never_event_rural_acpop_all.csv

-------------------------------------------------------------------------------
             |           Dependent  Number of        
        Name | Command    variable     param.  Title 
-------------+-----------------------------------------------------------------
      evreg1 | reghdfejl    countk          9  HDFE linear regression with
             |                                 Julia
-------------------------------------------------------------------------------
(9 missing values generated)
(9 missing values generated)
(9 missing values generated)
(9 missing values generated)
(9 missing values generated)
(9 missing values generated)
(9 missing values generated)
(9 missing values generated)
(9 missing values generated)
(9 missing values generated)
(9 missing values generated)
Estimates exported to /users/aquisper/proj_bureaucrats_farms/code/_stacked_down
> up_replication/../../tables/exploratory_analysis/politician_original_controls
> _fe_sweep/politician_original_fe26_controls_never_did_interaction_rural_acpop
> _all.csv

-------------------------------------------------------------------------------
             |           Dependent  Number of        
        Name | Command    variable     param.  Title 
-------------+-----------------------------------------------------------------
      evreg1 | reghdfejl    countk          9  HDFE linear regression with
             |                                 Julia
-------------------------------------------------------------------------------
(results evreg1 are active now)
number of observations will be reset to 4
Press any key to continue, or Break to abort
Number of observations (_N) was 0, now 4.
(4 missing values generated)
(1 real change made)
(1 real change made)
(1 real change made)
(1 real change made)
Number of observations (_N) was 4, now 5.
(1 real change made)
(1 real change made)
(1 real change made)
(file /users/aquisper/proj_bureaucrats_farms/code/_stacked_downup_replication/.
> ./../figures/exploratory_analysis/politician_original_controls_fe_sweep/polit
> ician_original_fe26_controls_never_did_interaction_rural_acpop_all_1.png not 
> found)
file /users/aquisper/proj_bureaucrats_farms/code/_stacked_downup_replication/..
> /../figures/exploratory_analysis/politician_original_controls_fe_sweep/politi
> cian_original_fe26_controls_never_did_interaction_rural_acpop_all_1.png writt
> en in PNG format
Exported: /users/aquisper/proj_bureaucrats_farms/code/_stacked_downup_replicati
> on/../../figures/exploratory_analysis/politician_original_controls_fe_sweep/p
> olitician_original_fe26_controls_never_did_interaction_rural_acpop_all_1.png

-------------------------------------------------------------------------------
             |           Dependent  Number of        
        Name | Command    variable     param.  Title 
-------------+-----------------------------------------------------------------
      evreg1 | reghdfejl    countk         21  HDFE linear regression with
             |                                 Julia
-------------------------------------------------------------------------------
(21 missing values generated)
(21 missing values generated)
(21 missing values generated)
(21 missing values generated)
(21 missing values generated)
(21 missing values generated)
(21 missing values generated)
(21 missing values generated)
(21 missing values generated)
(21 missing values generated)
(21 missing values generated)
(21 missing values generated)
(21 missing values generated)
(21 missing values generated)
(21 missing values generated)
(21 missing values generated)
(21 missing values generated)
(21 missing values generated)
(21 missing values generated)
(21 missing values generated)
(21 missing values generated)
(21 missing values generated)
(21 missing values generated)
Estimates exported to /users/aquisper/proj_bureaucrats_farms/code/_stacked_down
> up_replication/../../tables/exploratory_analysis/politician_original_controls
> _fe_sweep/politician_original_fe27_controls_never_event_rural_acpop_all.csv

-------------------------------------------------------------------------------
             |           Dependent  Number of        
        Name | Command    variable     param.  Title 
-------------+-----------------------------------------------------------------
      evreg1 | reghdfejl    countk          9  HDFE linear regression with
             |                                 Julia
-------------------------------------------------------------------------------
(9 missing values generated)
(9 missing values generated)
(9 missing values generated)
(9 missing values generated)
(9 missing values generated)
(9 missing values generated)
(9 missing values generated)
(9 missing values generated)
(9 missing values generated)
(9 missing values generated)
(9 missing values generated)
Estimates exported to /users/aquisper/proj_bureaucrats_farms/code/_stacked_down
> up_replication/../../tables/exploratory_analysis/politician_original_controls
> _fe_sweep/politician_original_fe27_controls_never_did_interaction_rural_acpop
> _all.csv

-------------------------------------------------------------------------------
             |           Dependent  Number of        
        Name | Command    variable     param.  Title 
-------------+-----------------------------------------------------------------
      evreg1 | reghdfejl    countk          9  HDFE linear regression with
             |                                 Julia
-------------------------------------------------------------------------------
(results evreg1 are active now)
number of observations will be reset to 4
Press any key to continue, or Break to abort
Number of observations (_N) was 0, now 4.
(4 missing values generated)
(1 real change made)
(1 real change made)
(1 real change made)
(1 real change made)
Number of observations (_N) was 4, now 5.
(1 real change made)
(1 real change made)
(1 real change made)
(file /users/aquisper/proj_bureaucrats_farms/code/_stacked_downup_replication/.
> ./../figures/exploratory_analysis/politician_original_controls_fe_sweep/polit
> ician_original_fe27_controls_never_did_interaction_rural_acpop_all_1.png not 
> found)
file /users/aquisper/proj_bureaucrats_farms/code/_stacked_downup_replication/..
> /../figures/exploratory_analysis/politician_original_controls_fe_sweep/politi
> cian_original_fe27_controls_never_did_interaction_rural_acpop_all_1.png writt
> en in PNG format
Exported: /users/aquisper/proj_bureaucrats_farms/code/_stacked_downup_replicati
> on/../../figures/exploratory_analysis/politician_original_controls_fe_sweep/p
> olitician_original_fe27_controls_never_did_interaction_rural_acpop_all_1.png

-------------------------------------------------------------------------------
             |           Dependent  Number of        
        Name | Command    variable     param.  Title 
-------------+-----------------------------------------------------------------
      evreg1 | reghdfejl    countk         21  HDFE linear regression with
             |                                 Julia
-------------------------------------------------------------------------------
(21 missing values generated)
(21 missing values generated)
(21 missing values generated)
(21 missing values generated)
(21 missing values generated)
(21 missing values generated)
(21 missing values generated)
(21 missing values generated)
(21 missing values generated)
(21 missing values generated)
(21 missing values generated)
(21 missing values generated)
(21 missing values generated)
(21 missing values generated)
(21 missing values generated)
(21 missing values generated)
(21 missing values generated)
(21 missing values generated)
(21 missing values generated)
(21 missing values generated)
(21 missing values generated)
(21 missing values generated)
(21 missing values generated)
Estimates exported to /users/aquisper/proj_bureaucrats_farms/code/_stacked_down
> up_replication/../../tables/exploratory_analysis/politician_original_controls
> _fe_sweep/politician_original_fe28_controls_never_event_rural_acpop_all.csv

-------------------------------------------------------------------------------
             |           Dependent  Number of        
        Name | Command    variable     param.  Title 
-------------+-----------------------------------------------------------------
      evreg1 | reghdfejl    countk          9  HDFE linear regression with
             |                                 Julia
-------------------------------------------------------------------------------
(9 missing values generated)
(9 missing values generated)
(9 missing values generated)
(9 missing values generated)
(9 missing values generated)
(9 missing values generated)
(9 missing values generated)
(9 missing values generated)
(9 missing values generated)
(9 missing values generated)
(9 missing values generated)
Estimates exported to /users/aquisper/proj_bureaucrats_farms/code/_stacked_down
> up_replication/../../tables/exploratory_analysis/politician_original_controls
> _fe_sweep/politician_original_fe28_controls_never_did_interaction_rural_acpop
> _all.csv

-------------------------------------------------------------------------------
             |           Dependent  Number of        
        Name | Command    variable     param.  Title 
-------------+-----------------------------------------------------------------
      evreg1 | reghdfejl    countk          9  HDFE linear regression with
             |                                 Julia
-------------------------------------------------------------------------------
(results evreg1 are active now)
number of observations will be reset to 4
Press any key to continue, or Break to abort
Number of observations (_N) was 0, now 4.
(4 missing values generated)
(1 real change made)
(1 real change made)
(1 real change made)
(1 real change made)
Number of observations (_N) was 4, now 5.
(1 real change made)
(1 real change made)
(1 real change made)
(file /users/aquisper/proj_bureaucrats_farms/code/_stacked_downup_replication/.
> ./../figures/exploratory_analysis/politician_original_controls_fe_sweep/polit
> ician_original_fe28_controls_never_did_interaction_rural_acpop_all_1.png not 
> found)
file /users/aquisper/proj_bureaucrats_farms/code/_stacked_downup_replication/..
> /../figures/exploratory_analysis/politician_original_controls_fe_sweep/politi
> cian_original_fe28_controls_never_did_interaction_rural_acpop_all_1.png writt
> en in PNG format
Exported: /users/aquisper/proj_bureaucrats_farms/code/_stacked_downup_replicati
> on/../../figures/exploratory_analysis/politician_original_controls_fe_sweep/p
> olitician_original_fe28_controls_never_did_interaction_rural_acpop_all_1.png

-------------------------------------------------------------------------------
             |           Dependent  Number of        
        Name | Command    variable     param.  Title 
-------------+-----------------------------------------------------------------
      evreg1 | reghdfejl    countk         21  HDFE linear regression with
             |                                 Julia
-------------------------------------------------------------------------------
(21 missing values generated)
(21 missing values generated)
(21 missing values generated)
(21 missing values generated)
(21 missing values generated)
(21 missing values generated)
(21 missing values generated)
(21 missing values generated)
(21 missing values generated)
(21 missing values generated)
(21 missing values generated)
(21 missing values generated)
(21 missing values generated)
(21 missing values generated)
(21 missing values generated)
(21 missing values generated)
(21 missing values generated)
(21 missing values generated)
(21 missing values generated)
(21 missing values generated)
(21 missing values generated)
(21 missing values generated)
(21 missing values generated)
Estimates exported to /users/aquisper/proj_bureaucrats_farms/code/_stacked_down
> up_replication/../../tables/exploratory_analysis/politician_original_controls
> _fe_sweep/politician_original_fe29_controls_never_event_rural_acpop_all.csv

-------------------------------------------------------------------------------
             |           Dependent  Number of        
        Name | Command    variable     param.  Title 
-------------+-----------------------------------------------------------------
      evreg1 | reghdfejl    countk          9  HDFE linear regression with
             |                                 Julia
-------------------------------------------------------------------------------
(9 missing values generated)
(9 missing values generated)
(9 missing values generated)
(9 missing values generated)
(9 missing values generated)
(9 missing values generated)
(9 missing values generated)
(9 missing values generated)
(9 missing values generated)
(9 missing values generated)
(9 missing values generated)
Estimates exported to /users/aquisper/proj_bureaucrats_farms/code/_stacked_down
> up_replication/../../tables/exploratory_analysis/politician_original_controls
> _fe_sweep/politician_original_fe29_controls_never_did_interaction_rural_acpop
> _all.csv

-------------------------------------------------------------------------------
             |           Dependent  Number of        
        Name | Command    variable     param.  Title 
-------------+-----------------------------------------------------------------
      evreg1 | reghdfejl    countk          9  HDFE linear regression with
             |                                 Julia
-------------------------------------------------------------------------------
(results evreg1 are active now)
number of observations will be reset to 4
Press any key to continue, or Break to abort
Number of observations (_N) was 0, now 4.
(4 missing values generated)
(1 real change made)
(1 real change made)
(1 real change made)
(1 real change made)
Number of observations (_N) was 4, now 5.
(1 real change made)
(1 real change made)
(1 real change made)
(file /users/aquisper/proj_bureaucrats_farms/code/_stacked_downup_replication/.
> ./../figures/exploratory_analysis/politician_original_controls_fe_sweep/polit
> ician_original_fe29_controls_never_did_interaction_rural_acpop_all_1.png not 
> found)
file /users/aquisper/proj_bureaucrats_farms/code/_stacked_downup_replication/..
> /../figures/exploratory_analysis/politician_original_controls_fe_sweep/politi
> cian_original_fe29_controls_never_did_interaction_rural_acpop_all_1.png writt
> en in PNG format
Exported: /users/aquisper/proj_bureaucrats_farms/code/_stacked_downup_replicati
> on/../../figures/exploratory_analysis/politician_original_controls_fe_sweep/p
> olitician_original_fe29_controls_never_did_interaction_rural_acpop_all_1.png

-------------------------------------------------------------------------------
             |           Dependent  Number of        
        Name | Command    variable     param.  Title 
-------------+-----------------------------------------------------------------
      evreg1 | reghdfejl    countk         21  HDFE linear regression with
             |                                 Julia
-------------------------------------------------------------------------------
(21 missing values generated)
(21 missing values generated)
(21 missing values generated)
(21 missing values generated)
(21 missing values generated)
(21 missing values generated)
(21 missing values generated)
(21 missing values generated)
(21 missing values generated)
(21 missing values generated)
(21 missing values generated)
(21 missing values generated)
(21 missing values generated)
(21 missing values generated)
(21 missing values generated)
(21 missing values generated)
(21 missing values generated)
(21 missing values generated)
(21 missing values generated)
(21 missing values generated)
(21 missing values generated)
(21 missing values generated)
(21 missing values generated)
Estimates exported to /users/aquisper/proj_bureaucrats_farms/code/_stacked_down
> up_replication/../../tables/exploratory_analysis/politician_original_controls
> _fe_sweep/politician_original_fe30_controls_never_event_rural_acpop_all.csv

-------------------------------------------------------------------------------
             |           Dependent  Number of        
        Name | Command    variable     param.  Title 
-------------+-----------------------------------------------------------------
      evreg1 | reghdfejl    countk          9  HDFE linear regression with
             |                                 Julia
-------------------------------------------------------------------------------
(9 missing values generated)
(9 missing values generated)
(9 missing values generated)
(9 missing values generated)
(9 missing values generated)
(9 missing values generated)
(9 missing values generated)
(9 missing values generated)
(9 missing values generated)
(9 missing values generated)
(9 missing values generated)
Estimates exported to /users/aquisper/proj_bureaucrats_farms/code/_stacked_down
> up_replication/../../tables/exploratory_analysis/politician_original_controls
> _fe_sweep/politician_original_fe30_controls_never_did_interaction_rural_acpop
> _all.csv

-------------------------------------------------------------------------------
             |           Dependent  Number of        
        Name | Command    variable     param.  Title 
-------------+-----------------------------------------------------------------
      evreg1 | reghdfejl    countk          9  HDFE linear regression with
             |                                 Julia
-------------------------------------------------------------------------------
(results evreg1 are active now)
number of observations will be reset to 4
Press any key to continue, or Break to abort
Number of observations (_N) was 0, now 4.
(4 missing values generated)
(1 real change made)
(1 real change made)
(1 real change made)
(1 real change made)
Number of observations (_N) was 4, now 5.
(1 real change made)
(1 real change made)
(1 real change made)
(file /users/aquisper/proj_bureaucrats_farms/code/_stacked_downup_replication/.
> ./../figures/exploratory_analysis/politician_original_controls_fe_sweep/polit
> ician_original_fe30_controls_never_did_interaction_rural_acpop_all_1.png not 
> found)
file /users/aquisper/proj_bureaucrats_farms/code/_stacked_downup_replication/..
> /../figures/exploratory_analysis/politician_original_controls_fe_sweep/politi
> cian_original_fe30_controls_never_did_interaction_rural_acpop_all_1.png writt
> en in PNG format
Exported: /users/aquisper/proj_bureaucrats_farms/code/_stacked_downup_replicati
> on/../../figures/exploratory_analysis/politician_original_controls_fe_sweep/p
> olitician_original_fe30_controls_never_did_interaction_rural_acpop_all_1.png

-------------------------------------------------------------------------------
             |           Dependent  Number of        
        Name | Command    variable     param.  Title 
-------------+-----------------------------------------------------------------
      evreg1 | reghdfejl    countk         21  HDFE linear regression with
             |                                 Julia
-------------------------------------------------------------------------------
(21 missing values generated)
(21 missing values generated)
(21 missing values generated)
(21 missing values generated)
(21 missing values generated)
(21 missing values generated)
(21 missing values generated)
(21 missing values generated)
(21 missing values generated)
(21 missing values generated)
(21 missing values generated)
(21 missing values generated)
(21 missing values generated)
(21 missing values generated)
(21 missing values generated)
(21 missing values generated)
(21 missing values generated)
(21 missing values generated)
(21 missing values generated)
(21 missing values generated)
(21 missing values generated)
(21 missing values generated)
(21 missing values generated)
Estimates exported to /users/aquisper/proj_bureaucrats_farms/code/_stacked_down
> up_replication/../../tables/exploratory_analysis/politician_original_controls
> _fe_sweep/politician_original_fe31_controls_never_event_rural_acpop_all.csv

-------------------------------------------------------------------------------
             |           Dependent  Number of        
        Name | Command    variable     param.  Title 
-------------+-----------------------------------------------------------------
      evreg1 | reghdfejl    countk          9  HDFE linear regression with
             |                                 Julia
-------------------------------------------------------------------------------
(9 missing values generated)
(9 missing values generated)
(9 missing values generated)
(9 missing values generated)
(9 missing values generated)
(9 missing values generated)
(9 missing values generated)
(9 missing values generated)
(9 missing values generated)
(9 missing values generated)
(9 missing values generated)
Estimates exported to /users/aquisper/proj_bureaucrats_farms/code/_stacked_down
> up_replication/../../tables/exploratory_analysis/politician_original_controls
> _fe_sweep/politician_original_fe31_controls_never_did_interaction_rural_acpop
> _all.csv

-------------------------------------------------------------------------------
             |           Dependent  Number of        
        Name | Command    variable     param.  Title 
-------------+-----------------------------------------------------------------
      evreg1 | reghdfejl    countk          9  HDFE linear regression with
             |                                 Julia
-------------------------------------------------------------------------------
(results evreg1 are active now)
number of observations will be reset to 4
Press any key to continue, or Break to abort
Number of observations (_N) was 0, now 4.
(4 missing values generated)
(1 real change made)
(1 real change made)
(1 real change made)
(1 real change made)
Number of observations (_N) was 4, now 5.
(1 real change made)
(1 real change made)
(1 real change made)
(file /users/aquisper/proj_bureaucrats_farms/code/_stacked_downup_replication/.
> ./../figures/exploratory_analysis/politician_original_controls_fe_sweep/polit
> ician_original_fe31_controls_never_did_interaction_rural_acpop_all_1.png not 
> found)
file /users/aquisper/proj_bureaucrats_farms/code/_stacked_downup_replication/..
> /../figures/exploratory_analysis/politician_original_controls_fe_sweep/politi
> cian_original_fe31_controls_never_did_interaction_rural_acpop_all_1.png writt
> en in PNG format
Exported: /users/aquisper/proj_bureaucrats_farms/code/_stacked_downup_replicati
> on/../../figures/exploratory_analysis/politician_original_controls_fe_sweep/p
> olitician_original_fe31_controls_never_did_interaction_rural_acpop_all_1.png

-------------------------------------------------------------------------------
             |           Dependent  Number of        
        Name | Command    variable     param.  Title 
-------------+-----------------------------------------------------------------
      evreg1 | reghdfejl    countk         21  HDFE linear regression with
             |                                 Julia
-------------------------------------------------------------------------------
(21 missing values generated)
(21 missing values generated)
(21 missing values generated)
(21 missing values generated)
(21 missing values generated)
(21 missing values generated)
(21 missing values generated)
(21 missing values generated)
(21 missing values generated)
(21 missing values generated)
(21 missing values generated)
(21 missing values generated)
(21 missing values generated)
(21 missing values generated)
(21 missing values generated)
(21 missing values generated)
(21 missing values generated)
(21 missing values generated)
(21 missing values generated)
(21 missing values generated)
(21 missing values generated)
(21 missing values generated)
(21 missing values generated)
Estimates exported to /users/aquisper/proj_bureaucrats_farms/code/_stacked_down
> up_replication/../../tables/exploratory_analysis/politician_original_controls
> _fe_sweep/politician_original_fe32_controls_never_event_rural_acpop_all.csv

-------------------------------------------------------------------------------
             |           Dependent  Number of        
        Name | Command    variable     param.  Title 
-------------+-----------------------------------------------------------------
      evreg1 | reghdfejl    countk          9  HDFE linear regression with
             |                                 Julia
-------------------------------------------------------------------------------
(9 missing values generated)
(9 missing values generated)
(9 missing values generated)
(9 missing values generated)
(9 missing values generated)
(9 missing values generated)
(9 missing values generated)
(9 missing values generated)
(9 missing values generated)
(9 missing values generated)
(9 missing values generated)
Estimates exported to /users/aquisper/proj_bureaucrats_farms/code/_stacked_down
> up_replication/../../tables/exploratory_analysis/politician_original_controls
> _fe_sweep/politician_original_fe32_controls_never_did_interaction_rural_acpop
> _all.csv

-------------------------------------------------------------------------------
             |           Dependent  Number of        
        Name | Command    variable     param.  Title 
-------------+-----------------------------------------------------------------
      evreg1 | reghdfejl    countk          9  HDFE linear regression with
             |                                 Julia
-------------------------------------------------------------------------------
(results evreg1 are active now)
number of observations will be reset to 4
Press any key to continue, or Break to abort
Number of observations (_N) was 0, now 4.
(4 missing values generated)
(1 real change made)
(1 real change made)
(1 real change made)
(1 real change made)
Number of observations (_N) was 4, now 5.
(1 real change made)
(1 real change made)
(1 real change made)
(file /users/aquisper/proj_bureaucrats_farms/code/_stacked_downup_replication/.
> ./../figures/exploratory_analysis/politician_original_controls_fe_sweep/polit
> ician_original_fe32_controls_never_did_interaction_rural_acpop_all_1.png not 
> found)
file /users/aquisper/proj_bureaucrats_farms/code/_stacked_downup_replication/..
> /../figures/exploratory_analysis/politician_original_controls_fe_sweep/politi
> cian_original_fe32_controls_never_did_interaction_rural_acpop_all_1.png writt
> en in PNG format
Exported: /users/aquisper/proj_bureaucrats_farms/code/_stacked_downup_replicati
> on/../../figures/exploratory_analysis/politician_original_controls_fe_sweep/p
> olitician_original_fe32_controls_never_did_interaction_rural_acpop_all_1.png

-------------------------------------------------------------------------------
             |           Dependent  Number of        
        Name | Command    variable     param.  Title 
-------------+-----------------------------------------------------------------
      evreg1 | reghdfejl    countk         21  HDFE linear regression with
             |                                 Julia
-------------------------------------------------------------------------------
(21 missing values generated)
(21 missing values generated)
(21 missing values generated)
(21 missing values generated)
(21 missing values generated)
(21 missing values generated)
(21 missing values generated)
(21 missing values generated)
(21 missing values generated)
(21 missing values generated)
(21 missing values generated)
(21 missing values generated)
(21 missing values generated)
(21 missing values generated)
(21 missing values generated)
(21 missing values generated)
(21 missing values generated)
(21 missing values generated)
(21 missing values generated)
(21 missing values generated)
(21 missing values generated)
(21 missing values generated)
(21 missing values generated)
Estimates exported to /users/aquisper/proj_bureaucrats_farms/code/_stacked_down
> up_replication/../../tables/exploratory_analysis/politician_original_controls
> _fe_sweep/politician_original_fe01_controls_both_event_rural_acpop_all.csv

-------------------------------------------------------------------------------
             |           Dependent  Number of        
        Name | Command    variable     param.  Title 
-------------+-----------------------------------------------------------------
      evreg1 | reghdfejl    countk          9  HDFE linear regression with
             |                                 Julia
-------------------------------------------------------------------------------
(9 missing values generated)
(9 missing values generated)
(9 missing values generated)
(9 missing values generated)
(9 missing values generated)
(9 missing values generated)
(9 missing values generated)
(9 missing values generated)
(9 missing values generated)
(9 missing values generated)
(9 missing values generated)
Estimates exported to /users/aquisper/proj_bureaucrats_farms/code/_stacked_down
> up_replication/../../tables/exploratory_analysis/politician_original_controls
> _fe_sweep/politician_original_fe01_controls_both_did_interaction_rural_acpop_
> all.csv

-------------------------------------------------------------------------------
             |           Dependent  Number of        
        Name | Command    variable     param.  Title 
-------------+-----------------------------------------------------------------
      evreg1 | reghdfejl    countk          9  HDFE linear regression with
             |                                 Julia
-------------------------------------------------------------------------------
(results evreg1 are active now)
number of observations will be reset to 4
Press any key to continue, or Break to abort
Number of observations (_N) was 0, now 4.
(4 missing values generated)
(1 real change made)
(1 real change made)
(1 real change made)
(1 real change made)
Number of observations (_N) was 4, now 5.
(1 real change made)
(1 real change made)
(1 real change made)
file /users/aquisper/proj_bureaucrats_farms/code/_stacked_downup_replication/..
> /../figures/exploratory_analysis/politician_original_controls_fe_sweep/politi
> cian_original_fe01_controls_both_did_interaction_rural_acpop_all_1.png writte
> n in PNG format
Exported: /users/aquisper/proj_bureaucrats_farms/code/_stacked_downup_replicati
> on/../../figures/exploratory_analysis/politician_original_controls_fe_sweep/p
> olitician_original_fe01_controls_both_did_interaction_rural_acpop_all_1.png

-------------------------------------------------------------------------------
             |           Dependent  Number of        
        Name | Command    variable     param.  Title 
-------------+-----------------------------------------------------------------
      evreg1 | reghdfejl    countk         21  HDFE linear regression with
             |                                 Julia
-------------------------------------------------------------------------------
(21 missing values generated)
(21 missing values generated)
(21 missing values generated)
(21 missing values generated)
(21 missing values generated)
(21 missing values generated)
(21 missing values generated)
(21 missing values generated)
(21 missing values generated)
(21 missing values generated)
(21 missing values generated)
(21 missing values generated)
(21 missing values generated)
(21 missing values generated)
(21 missing values generated)
(21 missing values generated)
(21 missing values generated)
(21 missing values generated)
(21 missing values generated)
(21 missing values generated)
(21 missing values generated)
(21 missing values generated)
(21 missing values generated)
Estimates exported to /users/aquisper/proj_bureaucrats_farms/code/_stacked_down
> up_replication/../../tables/exploratory_analysis/politician_original_controls
> _fe_sweep/politician_original_fe02_controls_both_event_rural_acpop_all.csv

-------------------------------------------------------------------------------
             |           Dependent  Number of        
        Name | Command    variable     param.  Title 
-------------+-----------------------------------------------------------------
      evreg1 | reghdfejl    countk          9  HDFE linear regression with
             |                                 Julia
-------------------------------------------------------------------------------
(9 missing values generated)
(9 missing values generated)
(9 missing values generated)
(9 missing values generated)
(9 missing values generated)
(9 missing values generated)
(9 missing values generated)
(9 missing values generated)
(9 missing values generated)
(9 missing values generated)
(9 missing values generated)
Estimates exported to /users/aquisper/proj_bureaucrats_farms/code/_stacked_down
> up_replication/../../tables/exploratory_analysis/politician_original_controls
> _fe_sweep/politician_original_fe02_controls_both_did_interaction_rural_acpop_
> all.csv

-------------------------------------------------------------------------------
             |           Dependent  Number of        
        Name | Command    variable     param.  Title 
-------------+-----------------------------------------------------------------
      evreg1 | reghdfejl    countk          9  HDFE linear regression with
             |                                 Julia
-------------------------------------------------------------------------------
(results evreg1 are active now)
number of observations will be reset to 4
Press any key to continue, or Break to abort
Number of observations (_N) was 0, now 4.
(4 missing values generated)
(1 real change made)
(1 real change made)
(1 real change made)
(1 real change made)
Number of observations (_N) was 4, now 5.
(1 real change made)
(1 real change made)
(1 real change made)
(file /users/aquisper/proj_bureaucrats_farms/code/_stacked_downup_replication/.
> ./../figures/exploratory_analysis/politician_original_controls_fe_sweep/polit
> ician_original_fe02_controls_both_did_interaction_rural_acpop_all_1.png not f
> ound)
file /users/aquisper/proj_bureaucrats_farms/code/_stacked_downup_replication/..
> /../figures/exploratory_analysis/politician_original_controls_fe_sweep/politi
> cian_original_fe02_controls_both_did_interaction_rural_acpop_all_1.png writte
> n in PNG format
Exported: /users/aquisper/proj_bureaucrats_farms/code/_stacked_downup_replicati
> on/../../figures/exploratory_analysis/politician_original_controls_fe_sweep/p
> olitician_original_fe02_controls_both_did_interaction_rural_acpop_all_1.png

-------------------------------------------------------------------------------
             |           Dependent  Number of        
        Name | Command    variable     param.  Title 
-------------+-----------------------------------------------------------------
      evreg1 | reghdfejl    countk         21  HDFE linear regression with
             |                                 Julia
-------------------------------------------------------------------------------
(21 missing values generated)
(21 missing values generated)
(21 missing values generated)
(21 missing values generated)
(21 missing values generated)
(21 missing values generated)
(21 missing values generated)
(21 missing values generated)
(21 missing values generated)
(21 missing values generated)
(21 missing values generated)
(21 missing values generated)
(21 missing values generated)
(21 missing values generated)
(21 missing values generated)
(21 missing values generated)
(21 missing values generated)
(21 missing values generated)
(21 missing values generated)
(21 missing values generated)
(21 missing values generated)
(21 missing values generated)
(21 missing values generated)
Estimates exported to /users/aquisper/proj_bureaucrats_farms/code/_stacked_down
> up_replication/../../tables/exploratory_analysis/politician_original_controls
> _fe_sweep/politician_original_fe03_controls_both_event_rural_acpop_all.csv

-------------------------------------------------------------------------------
             |           Dependent  Number of        
        Name | Command    variable     param.  Title 
-------------+-----------------------------------------------------------------
      evreg1 | reghdfejl    countk          9  HDFE linear regression with
             |                                 Julia
-------------------------------------------------------------------------------
(9 missing values generated)
(9 missing values generated)
(9 missing values generated)
(9 missing values generated)
(9 missing values generated)
(9 missing values generated)
(9 missing values generated)
(9 missing values generated)
(9 missing values generated)
(9 missing values generated)
(9 missing values generated)
Estimates exported to /users/aquisper/proj_bureaucrats_farms/code/_stacked_down
> up_replication/../../tables/exploratory_analysis/politician_original_controls
> _fe_sweep/politician_original_fe03_controls_both_did_interaction_rural_acpop_
> all.csv

-------------------------------------------------------------------------------
             |           Dependent  Number of        
        Name | Command    variable     param.  Title 
-------------+-----------------------------------------------------------------
      evreg1 | reghdfejl    countk          9  HDFE linear regression with
             |                                 Julia
-------------------------------------------------------------------------------
(results evreg1 are active now)
number of observations will be reset to 4
Press any key to continue, or Break to abort
Number of observations (_N) was 0, now 4.
(4 missing values generated)
(1 real change made)
(1 real change made)
(1 real change made)
(1 real change made)
Number of observations (_N) was 4, now 5.
(1 real change made)
(1 real change made)
(1 real change made)
(file /users/aquisper/proj_bureaucrats_farms/code/_stacked_downup_replication/.
> ./../figures/exploratory_analysis/politician_original_controls_fe_sweep/polit
> ician_original_fe03_controls_both_did_interaction_rural_acpop_all_1.png not f
> ound)
file /users/aquisper/proj_bureaucrats_farms/code/_stacked_downup_replication/..
> /../figures/exploratory_analysis/politician_original_controls_fe_sweep/politi
> cian_original_fe03_controls_both_did_interaction_rural_acpop_all_1.png writte
> n in PNG format
Exported: /users/aquisper/proj_bureaucrats_farms/code/_stacked_downup_replicati
> on/../../figures/exploratory_analysis/politician_original_controls_fe_sweep/p
> olitician_original_fe03_controls_both_did_interaction_rural_acpop_all_1.png

-------------------------------------------------------------------------------
             |           Dependent  Number of        
        Name | Command    variable     param.  Title 
-------------+-----------------------------------------------------------------
      evreg1 | reghdfejl    countk         21  HDFE linear regression with
             |                                 Julia
-------------------------------------------------------------------------------
(21 missing values generated)
(21 missing values generated)
(21 missing values generated)
(21 missing values generated)
(21 missing values generated)
(21 missing values generated)
(21 missing values generated)
(21 missing values generated)
(21 missing values generated)
(21 missing values generated)
(21 missing values generated)
(21 missing values generated)
(21 missing values generated)
(21 missing values generated)
(21 missing values generated)
(21 missing values generated)
(21 missing values generated)
(21 missing values generated)
(21 missing values generated)
(21 missing values generated)
(21 missing values generated)
(21 missing values generated)
(21 missing values generated)
Estimates exported to /users/aquisper/proj_bureaucrats_farms/code/_stacked_down
> up_replication/../../tables/exploratory_analysis/politician_original_controls
> _fe_sweep/politician_original_fe04_controls_both_event_rural_acpop_all.csv

-------------------------------------------------------------------------------
             |           Dependent  Number of        
        Name | Command    variable     param.  Title 
-------------+-----------------------------------------------------------------
      evreg1 | reghdfejl    countk          9  HDFE linear regression with
             |                                 Julia
-------------------------------------------------------------------------------
(9 missing values generated)
(9 missing values generated)
(9 missing values generated)
(9 missing values generated)
(9 missing values generated)
(9 missing values generated)
(9 missing values generated)
(9 missing values generated)
(9 missing values generated)
(9 missing values generated)
(9 missing values generated)
Estimates exported to /users/aquisper/proj_bureaucrats_farms/code/_stacked_down
> up_replication/../../tables/exploratory_analysis/politician_original_controls
> _fe_sweep/politician_original_fe04_controls_both_did_interaction_rural_acpop_
> all.csv

-------------------------------------------------------------------------------
             |           Dependent  Number of        
        Name | Command    variable     param.  Title 
-------------+-----------------------------------------------------------------
      evreg1 | reghdfejl    countk          9  HDFE linear regression with
             |                                 Julia
-------------------------------------------------------------------------------
(results evreg1 are active now)
number of observations will be reset to 4
Press any key to continue, or Break to abort
Number of observations (_N) was 0, now 4.
(4 missing values generated)
(1 real change made)
(1 real change made)
(1 real change made)
(1 real change made)
Number of observations (_N) was 4, now 5.
(1 real change made)
(1 real change made)
(1 real change made)
(file /users/aquisper/proj_bureaucrats_farms/code/_stacked_downup_replication/.
> ./../figures/exploratory_analysis/politician_original_controls_fe_sweep/polit
> ician_original_fe04_controls_both_did_interaction_rural_acpop_all_1.png not f
> ound)
file /users/aquisper/proj_bureaucrats_farms/code/_stacked_downup_replication/..
> /../figures/exploratory_analysis/politician_original_controls_fe_sweep/politi
> cian_original_fe04_controls_both_did_interaction_rural_acpop_all_1.png writte
> n in PNG format
Exported: /users/aquisper/proj_bureaucrats_farms/code/_stacked_downup_replicati
> on/../../figures/exploratory_analysis/politician_original_controls_fe_sweep/p
> olitician_original_fe04_controls_both_did_interaction_rural_acpop_all_1.png

-------------------------------------------------------------------------------
             |           Dependent  Number of        
        Name | Command    variable     param.  Title 
-------------+-----------------------------------------------------------------
      evreg1 | reghdfejl    countk         21  HDFE linear regression with
             |                                 Julia
-------------------------------------------------------------------------------
(21 missing values generated)
(21 missing values generated)
(21 missing values generated)
(21 missing values generated)
(21 missing values generated)
(21 missing values generated)
(21 missing values generated)
(21 missing values generated)
(21 missing values generated)
(21 missing values generated)
(21 missing values generated)
(21 missing values generated)
(21 missing values generated)
(21 missing values generated)
(21 missing values generated)
(21 missing values generated)
(21 missing values generated)
(21 missing values generated)
(21 missing values generated)
(21 missing values generated)
(21 missing values generated)
(21 missing values generated)
(21 missing values generated)
Estimates exported to /users/aquisper/proj_bureaucrats_farms/code/_stacked_down
> up_replication/../../tables/exploratory_analysis/politician_original_controls
> _fe_sweep/politician_original_fe05_controls_both_event_rural_acpop_all.csv

-------------------------------------------------------------------------------
             |           Dependent  Number of        
        Name | Command    variable     param.  Title 
-------------+-----------------------------------------------------------------
      evreg1 | reghdfejl    countk          9  HDFE linear regression with
             |                                 Julia
-------------------------------------------------------------------------------
(9 missing values generated)
(9 missing values generated)
(9 missing values generated)
(9 missing values generated)
(9 missing values generated)
(9 missing values generated)
(9 missing values generated)
(9 missing values generated)
(9 missing values generated)
(9 missing values generated)
(9 missing values generated)
Estimates exported to /users/aquisper/proj_bureaucrats_farms/code/_stacked_down
> up_replication/../../tables/exploratory_analysis/politician_original_controls
> _fe_sweep/politician_original_fe05_controls_both_did_interaction_rural_acpop_
> all.csv

-------------------------------------------------------------------------------
             |           Dependent  Number of        
        Name | Command    variable     param.  Title 
-------------+-----------------------------------------------------------------
      evreg1 | reghdfejl    countk          9  HDFE linear regression with
             |                                 Julia
-------------------------------------------------------------------------------
(results evreg1 are active now)
number of observations will be reset to 4
Press any key to continue, or Break to abort
Number of observations (_N) was 0, now 4.
(4 missing values generated)
(1 real change made)
(1 real change made)
(1 real change made)
(1 real change made)
Number of observations (_N) was 4, now 5.
(1 real change made)
(1 real change made)
(1 real change made)
(file /users/aquisper/proj_bureaucrats_farms/code/_stacked_downup_replication/.
> ./../figures/exploratory_analysis/politician_original_controls_fe_sweep/polit
> ician_original_fe05_controls_both_did_interaction_rural_acpop_all_1.png not f
> ound)
file /users/aquisper/proj_bureaucrats_farms/code/_stacked_downup_replication/..
> /../figures/exploratory_analysis/politician_original_controls_fe_sweep/politi
> cian_original_fe05_controls_both_did_interaction_rural_acpop_all_1.png writte
> n in PNG format
Exported: /users/aquisper/proj_bureaucrats_farms/code/_stacked_downup_replicati
> on/../../figures/exploratory_analysis/politician_original_controls_fe_sweep/p
> olitician_original_fe05_controls_both_did_interaction_rural_acpop_all_1.png

-------------------------------------------------------------------------------
             |           Dependent  Number of        
        Name | Command    variable     param.  Title 
-------------+-----------------------------------------------------------------
      evreg1 | reghdfejl    countk         21  HDFE linear regression with
             |                                 Julia
-------------------------------------------------------------------------------
(21 missing values generated)
(21 missing values generated)
(21 missing values generated)
(21 missing values generated)
(21 missing values generated)
(21 missing values generated)
(21 missing values generated)
(21 missing values generated)
(21 missing values generated)
(21 missing values generated)
(21 missing values generated)
(21 missing values generated)
(21 missing values generated)
(21 missing values generated)
(21 missing values generated)
(21 missing values generated)
(21 missing values generated)
(21 missing values generated)
(21 missing values generated)
(21 missing values generated)
(21 missing values generated)
(21 missing values generated)
(21 missing values generated)
Estimates exported to /users/aquisper/proj_bureaucrats_farms/code/_stacked_down
> up_replication/../../tables/exploratory_analysis/politician_original_controls
> _fe_sweep/politician_original_fe06_controls_both_event_rural_acpop_all.csv

-------------------------------------------------------------------------------
             |           Dependent  Number of        
        Name | Command    variable     param.  Title 
-------------+-----------------------------------------------------------------
      evreg1 | reghdfejl    countk          9  HDFE linear regression with
             |                                 Julia
-------------------------------------------------------------------------------
(9 missing values generated)
(9 missing values generated)
(9 missing values generated)
(9 missing values generated)
(9 missing values generated)
(9 missing values generated)
(9 missing values generated)
(9 missing values generated)
(9 missing values generated)
(9 missing values generated)
(9 missing values generated)
Estimates exported to /users/aquisper/proj_bureaucrats_farms/code/_stacked_down
> up_replication/../../tables/exploratory_analysis/politician_original_controls
> _fe_sweep/politician_original_fe06_controls_both_did_interaction_rural_acpop_
> all.csv

-------------------------------------------------------------------------------
             |           Dependent  Number of        
        Name | Command    variable     param.  Title 
-------------+-----------------------------------------------------------------
      evreg1 | reghdfejl    countk          9  HDFE linear regression with
             |                                 Julia
-------------------------------------------------------------------------------
(results evreg1 are active now)
number of observations will be reset to 4
Press any key to continue, or Break to abort
Number of observations (_N) was 0, now 4.
(4 missing values generated)
(1 real change made)
(1 real change made)
(1 real change made)
(1 real change made)
Number of observations (_N) was 4, now 5.
(1 real change made)
(1 real change made)
(1 real change made)
(file /users/aquisper/proj_bureaucrats_farms/code/_stacked_downup_replication/.
> ./../figures/exploratory_analysis/politician_original_controls_fe_sweep/polit
> ician_original_fe06_controls_both_did_interaction_rural_acpop_all_1.png not f
> ound)
file /users/aquisper/proj_bureaucrats_farms/code/_stacked_downup_replication/..
> /../figures/exploratory_analysis/politician_original_controls_fe_sweep/politi
> cian_original_fe06_controls_both_did_interaction_rural_acpop_all_1.png writte
> n in PNG format
Exported: /users/aquisper/proj_bureaucrats_farms/code/_stacked_downup_replicati
> on/../../figures/exploratory_analysis/politician_original_controls_fe_sweep/p
> olitician_original_fe06_controls_both_did_interaction_rural_acpop_all_1.png

-------------------------------------------------------------------------------
             |           Dependent  Number of        
        Name | Command    variable     param.  Title 
-------------+-----------------------------------------------------------------
      evreg1 | reghdfejl    countk         21  HDFE linear regression with
             |                                 Julia
-------------------------------------------------------------------------------
(21 missing values generated)
(21 missing values generated)
(21 missing values generated)
(21 missing values generated)
(21 missing values generated)
(21 missing values generated)
(21 missing values generated)
(21 missing values generated)
(21 missing values generated)
(21 missing values generated)
(21 missing values generated)
(21 missing values generated)
(21 missing values generated)
(21 missing values generated)
(21 missing values generated)
(21 missing values generated)
(21 missing values generated)
(21 missing values generated)
(21 missing values generated)
(21 missing values generated)
(21 missing values generated)
(21 missing values generated)
(21 missing values generated)
Estimates exported to /users/aquisper/proj_bureaucrats_farms/code/_stacked_down
> up_replication/../../tables/exploratory_analysis/politician_original_controls
> _fe_sweep/politician_original_fe07_controls_both_event_rural_acpop_all.csv

-------------------------------------------------------------------------------
             |           Dependent  Number of        
        Name | Command    variable     param.  Title 
-------------+-----------------------------------------------------------------
      evreg1 | reghdfejl    countk          9  HDFE linear regression with
             |                                 Julia
-------------------------------------------------------------------------------
(9 missing values generated)
(9 missing values generated)
(9 missing values generated)
(9 missing values generated)
(9 missing values generated)
(9 missing values generated)
(9 missing values generated)
(9 missing values generated)
(9 missing values generated)
(9 missing values generated)
(9 missing values generated)
Estimates exported to /users/aquisper/proj_bureaucrats_farms/code/_stacked_down
> up_replication/../../tables/exploratory_analysis/politician_original_controls
> _fe_sweep/politician_original_fe07_controls_both_did_interaction_rural_acpop_
> all.csv

-------------------------------------------------------------------------------
             |           Dependent  Number of        
        Name | Command    variable     param.  Title 
-------------+-----------------------------------------------------------------
      evreg1 | reghdfejl    countk          9  HDFE linear regression with
             |                                 Julia
-------------------------------------------------------------------------------
(results evreg1 are active now)
number of observations will be reset to 4
Press any key to continue, or Break to abort
Number of observations (_N) was 0, now 4.
(4 missing values generated)
(1 real change made)
(1 real change made)
(1 real change made)
(1 real change made)
Number of observations (_N) was 4, now 5.
(1 real change made)
(1 real change made)
(1 real change made)
(file /users/aquisper/proj_bureaucrats_farms/code/_stacked_downup_replication/.
> ./../figures/exploratory_analysis/politician_original_controls_fe_sweep/polit
> ician_original_fe07_controls_both_did_interaction_rural_acpop_all_1.png not f
> ound)
file /users/aquisper/proj_bureaucrats_farms/code/_stacked_downup_replication/..
> /../figures/exploratory_analysis/politician_original_controls_fe_sweep/politi
> cian_original_fe07_controls_both_did_interaction_rural_acpop_all_1.png writte
> n in PNG format
Exported: /users/aquisper/proj_bureaucrats_farms/code/_stacked_downup_replicati
> on/../../figures/exploratory_analysis/politician_original_controls_fe_sweep/p
> olitician_original_fe07_controls_both_did_interaction_rural_acpop_all_1.png

-------------------------------------------------------------------------------
             |           Dependent  Number of        
        Name | Command    variable     param.  Title 
-------------+-----------------------------------------------------------------
      evreg1 | reghdfejl    countk         21  HDFE linear regression with
             |                                 Julia
-------------------------------------------------------------------------------
(21 missing values generated)
(21 missing values generated)
(21 missing values generated)
(21 missing values generated)
(21 missing values generated)
(21 missing values generated)
(21 missing values generated)
(21 missing values generated)
(21 missing values generated)
(21 missing values generated)
(21 missing values generated)
(21 missing values generated)
(21 missing values generated)
(21 missing values generated)
(21 missing values generated)
(21 missing values generated)
(21 missing values generated)
(21 missing values generated)
(21 missing values generated)
(21 missing values generated)
(21 missing values generated)
(21 missing values generated)
(21 missing values generated)
Estimates exported to /users/aquisper/proj_bureaucrats_farms/code/_stacked_down
> up_replication/../../tables/exploratory_analysis/politician_original_controls
> _fe_sweep/politician_original_fe08_controls_both_event_rural_acpop_all.csv

-------------------------------------------------------------------------------
             |           Dependent  Number of        
        Name | Command    variable     param.  Title 
-------------+-----------------------------------------------------------------
      evreg1 | reghdfejl    countk          9  HDFE linear regression with
             |                                 Julia
-------------------------------------------------------------------------------
(9 missing values generated)
(9 missing values generated)
(9 missing values generated)
(9 missing values generated)
(9 missing values generated)
(9 missing values generated)
(9 missing values generated)
(9 missing values generated)
(9 missing values generated)
(9 missing values generated)
(9 missing values generated)
Estimates exported to /users/aquisper/proj_bureaucrats_farms/code/_stacked_down
> up_replication/../../tables/exploratory_analysis/politician_original_controls
> _fe_sweep/politician_original_fe08_controls_both_did_interaction_rural_acpop_
> all.csv

-------------------------------------------------------------------------------
             |           Dependent  Number of        
        Name | Command    variable     param.  Title 
-------------+-----------------------------------------------------------------
      evreg1 | reghdfejl    countk          9  HDFE linear regression with
             |                                 Julia
-------------------------------------------------------------------------------
(results evreg1 are active now)
number of observations will be reset to 4
Press any key to continue, or Break to abort
Number of observations (_N) was 0, now 4.
(4 missing values generated)
(1 real change made)
(1 real change made)
(1 real change made)
(1 real change made)
Number of observations (_N) was 4, now 5.
(1 real change made)
(1 real change made)
(1 real change made)
(file /users/aquisper/proj_bureaucrats_farms/code/_stacked_downup_replication/.
> ./../figures/exploratory_analysis/politician_original_controls_fe_sweep/polit
> ician_original_fe08_controls_both_did_interaction_rural_acpop_all_1.png not f
> ound)
file /users/aquisper/proj_bureaucrats_farms/code/_stacked_downup_replication/..
> /../figures/exploratory_analysis/politician_original_controls_fe_sweep/politi
> cian_original_fe08_controls_both_did_interaction_rural_acpop_all_1.png writte
> n in PNG format
Exported: /users/aquisper/proj_bureaucrats_farms/code/_stacked_downup_replicati
> on/../../figures/exploratory_analysis/politician_original_controls_fe_sweep/p
> olitician_original_fe08_controls_both_did_interaction_rural_acpop_all_1.png

-------------------------------------------------------------------------------
             |           Dependent  Number of        
        Name | Command    variable     param.  Title 
-------------+-----------------------------------------------------------------
      evreg1 | reghdfejl    countk         21  HDFE linear regression with
             |                                 Julia
-------------------------------------------------------------------------------
(21 missing values generated)
(21 missing values generated)
(21 missing values generated)
(21 missing values generated)
(21 missing values generated)
(21 missing values generated)
(21 missing values generated)
(21 missing values generated)
(21 missing values generated)
(21 missing values generated)
(21 missing values generated)
(21 missing values generated)
(21 missing values generated)
(21 missing values generated)
(21 missing values generated)
(21 missing values generated)
(21 missing values generated)
(21 missing values generated)
(21 missing values generated)
(21 missing values generated)
(21 missing values generated)
(21 missing values generated)
(21 missing values generated)
Estimates exported to /users/aquisper/proj_bureaucrats_farms/code/_stacked_down
> up_replication/../../tables/exploratory_analysis/politician_original_controls
> _fe_sweep/politician_original_fe09_controls_both_event_rural_acpop_all.csv

-------------------------------------------------------------------------------
             |           Dependent  Number of        
        Name | Command    variable     param.  Title 
-------------+-----------------------------------------------------------------
      evreg1 | reghdfejl    countk          9  HDFE linear regression with
             |                                 Julia
-------------------------------------------------------------------------------
(9 missing values generated)
(9 missing values generated)
(9 missing values generated)
(9 missing values generated)
(9 missing values generated)
(9 missing values generated)
(9 missing values generated)
(9 missing values generated)
(9 missing values generated)
(9 missing values generated)
(9 missing values generated)
Estimates exported to /users/aquisper/proj_bureaucrats_farms/code/_stacked_down
> up_replication/../../tables/exploratory_analysis/politician_original_controls
> _fe_sweep/politician_original_fe09_controls_both_did_interaction_rural_acpop_
> all.csv

-------------------------------------------------------------------------------
             |           Dependent  Number of        
        Name | Command    variable     param.  Title 
-------------+-----------------------------------------------------------------
      evreg1 | reghdfejl    countk          9  HDFE linear regression with
             |                                 Julia
-------------------------------------------------------------------------------
(results evreg1 are active now)
number of observations will be reset to 4
Press any key to continue, or Break to abort
Number of observations (_N) was 0, now 4.
(4 missing values generated)
(1 real change made)
(1 real change made)
(1 real change made)
(1 real change made)
Number of observations (_N) was 4, now 5.
(1 real change made)
(1 real change made)
(1 real change made)
(file /users/aquisper/proj_bureaucrats_farms/code/_stacked_downup_replication/.
> ./../figures/exploratory_analysis/politician_original_controls_fe_sweep/polit
> ician_original_fe09_controls_both_did_interaction_rural_acpop_all_1.png not f
> ound)
file /users/aquisper/proj_bureaucrats_farms/code/_stacked_downup_replication/..
> /../figures/exploratory_analysis/politician_original_controls_fe_sweep/politi
> cian_original_fe09_controls_both_did_interaction_rural_acpop_all_1.png writte
> n in PNG format
Exported: /users/aquisper/proj_bureaucrats_farms/code/_stacked_downup_replicati
> on/../../figures/exploratory_analysis/politician_original_controls_fe_sweep/p
> olitician_original_fe09_controls_both_did_interaction_rural_acpop_all_1.png

-------------------------------------------------------------------------------
             |           Dependent  Number of        
        Name | Command    variable     param.  Title 
-------------+-----------------------------------------------------------------
      evreg1 | reghdfejl    countk         21  HDFE linear regression with
             |                                 Julia
-------------------------------------------------------------------------------
(21 missing values generated)
(21 missing values generated)
(21 missing values generated)
(21 missing values generated)
(21 missing values generated)
(21 missing values generated)
(21 missing values generated)
(21 missing values generated)
(21 missing values generated)
(21 missing values generated)
(21 missing values generated)
(21 missing values generated)
(21 missing values generated)
(21 missing values generated)
(21 missing values generated)
(21 missing values generated)
(21 missing values generated)
(21 missing values generated)
(21 missing values generated)
(21 missing values generated)
(21 missing values generated)
(21 missing values generated)
(21 missing values generated)
Estimates exported to /users/aquisper/proj_bureaucrats_farms/code/_stacked_down
> up_replication/../../tables/exploratory_analysis/politician_original_controls
> _fe_sweep/politician_original_fe10_controls_both_event_rural_acpop_all.csv

-------------------------------------------------------------------------------
             |           Dependent  Number of        
        Name | Command    variable     param.  Title 
-------------+-----------------------------------------------------------------
      evreg1 | reghdfejl    countk          9  HDFE linear regression with
             |                                 Julia
-------------------------------------------------------------------------------
(9 missing values generated)
(9 missing values generated)
(9 missing values generated)
(9 missing values generated)
(9 missing values generated)
(9 missing values generated)
(9 missing values generated)
(9 missing values generated)
(9 missing values generated)
(9 missing values generated)
(9 missing values generated)
Estimates exported to /users/aquisper/proj_bureaucrats_farms/code/_stacked_down
> up_replication/../../tables/exploratory_analysis/politician_original_controls
> _fe_sweep/politician_original_fe10_controls_both_did_interaction_rural_acpop_
> all.csv

-------------------------------------------------------------------------------
             |           Dependent  Number of        
        Name | Command    variable     param.  Title 
-------------+-----------------------------------------------------------------
      evreg1 | reghdfejl    countk          9  HDFE linear regression with
             |                                 Julia
-------------------------------------------------------------------------------
(results evreg1 are active now)
number of observations will be reset to 4
Press any key to continue, or Break to abort
Number of observations (_N) was 0, now 4.
(4 missing values generated)
(1 real change made)
(1 real change made)
(1 real change made)
(1 real change made)
Number of observations (_N) was 4, now 5.
(1 real change made)
(1 real change made)
(1 real change made)
(file /users/aquisper/proj_bureaucrats_farms/code/_stacked_downup_replication/.
> ./../figures/exploratory_analysis/politician_original_controls_fe_sweep/polit
> ician_original_fe10_controls_both_did_interaction_rural_acpop_all_1.png not f
> ound)
file /users/aquisper/proj_bureaucrats_farms/code/_stacked_downup_replication/..
> /../figures/exploratory_analysis/politician_original_controls_fe_sweep/politi
> cian_original_fe10_controls_both_did_interaction_rural_acpop_all_1.png writte
> n in PNG format
Exported: /users/aquisper/proj_bureaucrats_farms/code/_stacked_downup_replicati
> on/../../figures/exploratory_analysis/politician_original_controls_fe_sweep/p
> olitician_original_fe10_controls_both_did_interaction_rural_acpop_all_1.png

-------------------------------------------------------------------------------
             |           Dependent  Number of        
        Name | Command    variable     param.  Title 
-------------+-----------------------------------------------------------------
      evreg1 | reghdfejl    countk         21  HDFE linear regression with
             |                                 Julia
-------------------------------------------------------------------------------
(21 missing values generated)
(21 missing values generated)
(21 missing values generated)
(21 missing values generated)
(21 missing values generated)
(21 missing values generated)
(21 missing values generated)
(21 missing values generated)
(21 missing values generated)
(21 missing values generated)
(21 missing values generated)
(21 missing values generated)
(21 missing values generated)
(21 missing values generated)
(21 missing values generated)
(21 missing values generated)
(21 missing values generated)
(21 missing values generated)
(21 missing values generated)
(21 missing values generated)
(21 missing values generated)
(21 missing values generated)
(21 missing values generated)
Estimates exported to /users/aquisper/proj_bureaucrats_farms/code/_stacked_down
> up_replication/../../tables/exploratory_analysis/politician_original_controls
> _fe_sweep/politician_original_fe11_controls_both_event_rural_acpop_all.csv

-------------------------------------------------------------------------------
             |           Dependent  Number of        
        Name | Command    variable     param.  Title 
-------------+-----------------------------------------------------------------
      evreg1 | reghdfejl    countk          9  HDFE linear regression with
             |                                 Julia
-------------------------------------------------------------------------------
(9 missing values generated)
(9 missing values generated)
(9 missing values generated)
(9 missing values generated)
(9 missing values generated)
(9 missing values generated)
(9 missing values generated)
(9 missing values generated)
(9 missing values generated)
(9 missing values generated)
(9 missing values generated)
Estimates exported to /users/aquisper/proj_bureaucrats_farms/code/_stacked_down
> up_replication/../../tables/exploratory_analysis/politician_original_controls
> _fe_sweep/politician_original_fe11_controls_both_did_interaction_rural_acpop_
> all.csv

-------------------------------------------------------------------------------
             |           Dependent  Number of        
        Name | Command    variable     param.  Title 
-------------+-----------------------------------------------------------------
      evreg1 | reghdfejl    countk          9  HDFE linear regression with
             |                                 Julia
-------------------------------------------------------------------------------
(results evreg1 are active now)
number of observations will be reset to 4
Press any key to continue, or Break to abort
Number of observations (_N) was 0, now 4.
(4 missing values generated)
(1 real change made)
(1 real change made)
(1 real change made)
(1 real change made)
Number of observations (_N) was 4, now 5.
(1 real change made)
(1 real change made)
(1 real change made)
(file /users/aquisper/proj_bureaucrats_farms/code/_stacked_downup_replication/.
> ./../figures/exploratory_analysis/politician_original_controls_fe_sweep/polit
> ician_original_fe11_controls_both_did_interaction_rural_acpop_all_1.png not f
> ound)
file /users/aquisper/proj_bureaucrats_farms/code/_stacked_downup_replication/..
> /../figures/exploratory_analysis/politician_original_controls_fe_sweep/politi
> cian_original_fe11_controls_both_did_interaction_rural_acpop_all_1.png writte
> n in PNG format
Exported: /users/aquisper/proj_bureaucrats_farms/code/_stacked_downup_replicati
> on/../../figures/exploratory_analysis/politician_original_controls_fe_sweep/p
> olitician_original_fe11_controls_both_did_interaction_rural_acpop_all_1.png

-------------------------------------------------------------------------------
             |           Dependent  Number of        
        Name | Command    variable     param.  Title 
-------------+-----------------------------------------------------------------
      evreg1 | reghdfejl    countk         21  HDFE linear regression with
             |                                 Julia
-------------------------------------------------------------------------------
(21 missing values generated)
(21 missing values generated)
(21 missing values generated)
(21 missing values generated)
(21 missing values generated)
(21 missing values generated)
(21 missing values generated)
(21 missing values generated)
(21 missing values generated)
(21 missing values generated)
(21 missing values generated)
(21 missing values generated)
(21 missing values generated)
(21 missing values generated)
(21 missing values generated)
(21 missing values generated)
(21 missing values generated)
(21 missing values generated)
(21 missing values generated)
(21 missing values generated)
(21 missing values generated)
(21 missing values generated)
(21 missing values generated)
Estimates exported to /users/aquisper/proj_bureaucrats_farms/code/_stacked_down
> up_replication/../../tables/exploratory_analysis/politician_original_controls
> _fe_sweep/politician_original_fe12_controls_both_event_rural_acpop_all.csv

-------------------------------------------------------------------------------
             |           Dependent  Number of        
        Name | Command    variable     param.  Title 
-------------+-----------------------------------------------------------------
      evreg1 | reghdfejl    countk          9  HDFE linear regression with
             |                                 Julia
-------------------------------------------------------------------------------
(9 missing values generated)
(9 missing values generated)
(9 missing values generated)
(9 missing values generated)
(9 missing values generated)
(9 missing values generated)
(9 missing values generated)
(9 missing values generated)
(9 missing values generated)
(9 missing values generated)
(9 missing values generated)
Estimates exported to /users/aquisper/proj_bureaucrats_farms/code/_stacked_down
> up_replication/../../tables/exploratory_analysis/politician_original_controls
> _fe_sweep/politician_original_fe12_controls_both_did_interaction_rural_acpop_
> all.csv

-------------------------------------------------------------------------------
             |           Dependent  Number of        
        Name | Command    variable     param.  Title 
-------------+-----------------------------------------------------------------
      evreg1 | reghdfejl    countk          9  HDFE linear regression with
             |                                 Julia
-------------------------------------------------------------------------------
(results evreg1 are active now)
number of observations will be reset to 4
Press any key to continue, or Break to abort
Number of observations (_N) was 0, now 4.
(4 missing values generated)
(1 real change made)
(1 real change made)
(1 real change made)
(1 real change made)
Number of observations (_N) was 4, now 5.
(1 real change made)
(1 real change made)
(1 real change made)
(file /users/aquisper/proj_bureaucrats_farms/code/_stacked_downup_replication/.
> ./../figures/exploratory_analysis/politician_original_controls_fe_sweep/polit
> ician_original_fe12_controls_both_did_interaction_rural_acpop_all_1.png not f
> ound)
file /users/aquisper/proj_bureaucrats_farms/code/_stacked_downup_replication/..
> /../figures/exploratory_analysis/politician_original_controls_fe_sweep/politi
> cian_original_fe12_controls_both_did_interaction_rural_acpop_all_1.png writte
> n in PNG format
Exported: /users/aquisper/proj_bureaucrats_farms/code/_stacked_downup_replicati
> on/../../figures/exploratory_analysis/politician_original_controls_fe_sweep/p
> olitician_original_fe12_controls_both_did_interaction_rural_acpop_all_1.png

-------------------------------------------------------------------------------
             |           Dependent  Number of        
        Name | Command    variable     param.  Title 
-------------+-----------------------------------------------------------------
      evreg1 | reghdfejl    countk         21  HDFE linear regression with
             |                                 Julia
-------------------------------------------------------------------------------
(21 missing values generated)
(21 missing values generated)
(21 missing values generated)
(21 missing values generated)
(21 missing values generated)
(21 missing values generated)
(21 missing values generated)
(21 missing values generated)
(21 missing values generated)
(21 missing values generated)
(21 missing values generated)
(21 missing values generated)
(21 missing values generated)
(21 missing values generated)
(21 missing values generated)
(21 missing values generated)
(21 missing values generated)
(21 missing values generated)
(21 missing values generated)
(21 missing values generated)
(21 missing values generated)
(21 missing values generated)
(21 missing values generated)
Estimates exported to /users/aquisper/proj_bureaucrats_farms/code/_stacked_down
> up_replication/../../tables/exploratory_analysis/politician_original_controls
> _fe_sweep/politician_original_fe13_controls_both_event_rural_acpop_all.csv

-------------------------------------------------------------------------------
             |           Dependent  Number of        
        Name | Command    variable     param.  Title 
-------------+-----------------------------------------------------------------
      evreg1 | reghdfejl    countk          9  HDFE linear regression with
             |                                 Julia
-------------------------------------------------------------------------------
(9 missing values generated)
(9 missing values generated)
(9 missing values generated)
(9 missing values generated)
(9 missing values generated)
(9 missing values generated)
(9 missing values generated)
(9 missing values generated)
(9 missing values generated)
(9 missing values generated)
(9 missing values generated)
Estimates exported to /users/aquisper/proj_bureaucrats_farms/code/_stacked_down
> up_replication/../../tables/exploratory_analysis/politician_original_controls
> _fe_sweep/politician_original_fe13_controls_both_did_interaction_rural_acpop_
> all.csv

-------------------------------------------------------------------------------
             |           Dependent  Number of        
        Name | Command    variable     param.  Title 
-------------+-----------------------------------------------------------------
      evreg1 | reghdfejl    countk          9  HDFE linear regression with
             |                                 Julia
-------------------------------------------------------------------------------
(results evreg1 are active now)
number of observations will be reset to 4
Press any key to continue, or Break to abort
Number of observations (_N) was 0, now 4.
(4 missing values generated)
(1 real change made)
(1 real change made)
(1 real change made)
(1 real change made)
Number of observations (_N) was 4, now 5.
(1 real change made)
(1 real change made)
(1 real change made)
(file /users/aquisper/proj_bureaucrats_farms/code/_stacked_downup_replication/.
> ./../figures/exploratory_analysis/politician_original_controls_fe_sweep/polit
> ician_original_fe13_controls_both_did_interaction_rural_acpop_all_1.png not f
> ound)
file /users/aquisper/proj_bureaucrats_farms/code/_stacked_downup_replication/..
> /../figures/exploratory_analysis/politician_original_controls_fe_sweep/politi
> cian_original_fe13_controls_both_did_interaction_rural_acpop_all_1.png writte
> n in PNG format
Exported: /users/aquisper/proj_bureaucrats_farms/code/_stacked_downup_replicati
> on/../../figures/exploratory_analysis/politician_original_controls_fe_sweep/p
> olitician_original_fe13_controls_both_did_interaction_rural_acpop_all_1.png

-------------------------------------------------------------------------------
             |           Dependent  Number of        
        Name | Command    variable     param.  Title 
-------------+-----------------------------------------------------------------
      evreg1 | reghdfejl    countk         21  HDFE linear regression with
             |                                 Julia
-------------------------------------------------------------------------------
(21 missing values generated)
(21 missing values generated)
(21 missing values generated)
(21 missing values generated)
(21 missing values generated)
(21 missing values generated)
(21 missing values generated)
(21 missing values generated)
(21 missing values generated)
(21 missing values generated)
(21 missing values generated)
(21 missing values generated)
(21 missing values generated)
(21 missing values generated)
(21 missing values generated)
(21 missing values generated)
(21 missing values generated)
(21 missing values generated)
(21 missing values generated)
(21 missing values generated)
(21 missing values generated)
(21 missing values generated)
(21 missing values generated)
Estimates exported to /users/aquisper/proj_bureaucrats_farms/code/_stacked_down
> up_replication/../../tables/exploratory_analysis/politician_original_controls
> _fe_sweep/politician_original_fe14_controls_both_event_rural_acpop_all.csv

-------------------------------------------------------------------------------
             |           Dependent  Number of        
        Name | Command    variable     param.  Title 
-------------+-----------------------------------------------------------------
      evreg1 | reghdfejl    countk          9  HDFE linear regression with
             |                                 Julia
-------------------------------------------------------------------------------
(9 missing values generated)
(9 missing values generated)
(9 missing values generated)
(9 missing values generated)
(9 missing values generated)
(9 missing values generated)
(9 missing values generated)
(9 missing values generated)
(9 missing values generated)
(9 missing values generated)
(9 missing values generated)
Estimates exported to /users/aquisper/proj_bureaucrats_farms/code/_stacked_down
> up_replication/../../tables/exploratory_analysis/politician_original_controls
> _fe_sweep/politician_original_fe14_controls_both_did_interaction_rural_acpop_
> all.csv

-------------------------------------------------------------------------------
             |           Dependent  Number of        
        Name | Command    variable     param.  Title 
-------------+-----------------------------------------------------------------
      evreg1 | reghdfejl    countk          9  HDFE linear regression with
             |                                 Julia
-------------------------------------------------------------------------------
(results evreg1 are active now)
number of observations will be reset to 4
Press any key to continue, or Break to abort
Number of observations (_N) was 0, now 4.
(4 missing values generated)
(1 real change made)
(1 real change made)
(1 real change made)
(1 real change made)
Number of observations (_N) was 4, now 5.
(1 real change made)
(1 real change made)
(1 real change made)
(file /users/aquisper/proj_bureaucrats_farms/code/_stacked_downup_replication/.
> ./../figures/exploratory_analysis/politician_original_controls_fe_sweep/polit
> ician_original_fe14_controls_both_did_interaction_rural_acpop_all_1.png not f
> ound)
file /users/aquisper/proj_bureaucrats_farms/code/_stacked_downup_replication/..
> /../figures/exploratory_analysis/politician_original_controls_fe_sweep/politi
> cian_original_fe14_controls_both_did_interaction_rural_acpop_all_1.png writte
> n in PNG format
Exported: /users/aquisper/proj_bureaucrats_farms/code/_stacked_downup_replicati
> on/../../figures/exploratory_analysis/politician_original_controls_fe_sweep/p
> olitician_original_fe14_controls_both_did_interaction_rural_acpop_all_1.png

-------------------------------------------------------------------------------
             |           Dependent  Number of        
        Name | Command    variable     param.  Title 
-------------+-----------------------------------------------------------------
      evreg1 | reghdfejl    countk         21  HDFE linear regression with
             |                                 Julia
-------------------------------------------------------------------------------
(21 missing values generated)
(21 missing values generated)
(21 missing values generated)
(21 missing values generated)
(21 missing values generated)
(21 missing values generated)
(21 missing values generated)
(21 missing values generated)
(21 missing values generated)
(21 missing values generated)
(21 missing values generated)
(21 missing values generated)
(21 missing values generated)
(21 missing values generated)
(21 missing values generated)
(21 missing values generated)
(21 missing values generated)
(21 missing values generated)
(21 missing values generated)
(21 missing values generated)
(21 missing values generated)
(21 missing values generated)
(21 missing values generated)
Estimates exported to /users/aquisper/proj_bureaucrats_farms/code/_stacked_down
> up_replication/../../tables/exploratory_analysis/politician_original_controls
> _fe_sweep/politician_original_fe15_controls_both_event_rural_acpop_all.csv

-------------------------------------------------------------------------------
             |           Dependent  Number of        
        Name | Command    variable     param.  Title 
-------------+-----------------------------------------------------------------
      evreg1 | reghdfejl    countk          9  HDFE linear regression with
             |                                 Julia
-------------------------------------------------------------------------------
(9 missing values generated)
(9 missing values generated)
(9 missing values generated)
(9 missing values generated)
(9 missing values generated)
(9 missing values generated)
(9 missing values generated)
(9 missing values generated)
(9 missing values generated)
(9 missing values generated)
(9 missing values generated)
Estimates exported to /users/aquisper/proj_bureaucrats_farms/code/_stacked_down
> up_replication/../../tables/exploratory_analysis/politician_original_controls
> _fe_sweep/politician_original_fe15_controls_both_did_interaction_rural_acpop_
> all.csv

-------------------------------------------------------------------------------
             |           Dependent  Number of        
        Name | Command    variable     param.  Title 
-------------+-----------------------------------------------------------------
      evreg1 | reghdfejl    countk          9  HDFE linear regression with
             |                                 Julia
-------------------------------------------------------------------------------
(results evreg1 are active now)
number of observations will be reset to 4
Press any key to continue, or Break to abort
Number of observations (_N) was 0, now 4.
(4 missing values generated)
(1 real change made)
(1 real change made)
(1 real change made)
(1 real change made)
Number of observations (_N) was 4, now 5.
(1 real change made)
(1 real change made)
(1 real change made)
(file /users/aquisper/proj_bureaucrats_farms/code/_stacked_downup_replication/.
> ./../figures/exploratory_analysis/politician_original_controls_fe_sweep/polit
> ician_original_fe15_controls_both_did_interaction_rural_acpop_all_1.png not f
> ound)
file /users/aquisper/proj_bureaucrats_farms/code/_stacked_downup_replication/..
> /../figures/exploratory_analysis/politician_original_controls_fe_sweep/politi
> cian_original_fe15_controls_both_did_interaction_rural_acpop_all_1.png writte
> n in PNG format
Exported: /users/aquisper/proj_bureaucrats_farms/code/_stacked_downup_replicati
> on/../../figures/exploratory_analysis/politician_original_controls_fe_sweep/p
> olitician_original_fe15_controls_both_did_interaction_rural_acpop_all_1.png

-------------------------------------------------------------------------------
             |           Dependent  Number of        
        Name | Command    variable     param.  Title 
-------------+-----------------------------------------------------------------
      evreg1 | reghdfejl    countk         21  HDFE linear regression with
             |                                 Julia
-------------------------------------------------------------------------------
(21 missing values generated)
(21 missing values generated)
(21 missing values generated)
(21 missing values generated)
(21 missing values generated)
(21 missing values generated)
(21 missing values generated)
(21 missing values generated)
(21 missing values generated)
(21 missing values generated)
(21 missing values generated)
(21 missing values generated)
(21 missing values generated)
(21 missing values generated)
(21 missing values generated)
(21 missing values generated)
(21 missing values generated)
(21 missing values generated)
(21 missing values generated)
(21 missing values generated)
(21 missing values generated)
(21 missing values generated)
(21 missing values generated)
Estimates exported to /users/aquisper/proj_bureaucrats_farms/code/_stacked_down
> up_replication/../../tables/exploratory_analysis/politician_original_controls
> _fe_sweep/politician_original_fe16_controls_both_event_rural_acpop_all.csv

-------------------------------------------------------------------------------
             |           Dependent  Number of        
        Name | Command    variable     param.  Title 
-------------+-----------------------------------------------------------------
      evreg1 | reghdfejl    countk          9  HDFE linear regression with
             |                                 Julia
-------------------------------------------------------------------------------
(9 missing values generated)
(9 missing values generated)
(9 missing values generated)
(9 missing values generated)
(9 missing values generated)
(9 missing values generated)
(9 missing values generated)
(9 missing values generated)
(9 missing values generated)
(9 missing values generated)
(9 missing values generated)
Estimates exported to /users/aquisper/proj_bureaucrats_farms/code/_stacked_down
> up_replication/../../tables/exploratory_analysis/politician_original_controls
> _fe_sweep/politician_original_fe16_controls_both_did_interaction_rural_acpop_
> all.csv

-------------------------------------------------------------------------------
             |           Dependent  Number of        
        Name | Command    variable     param.  Title 
-------------+-----------------------------------------------------------------
      evreg1 | reghdfejl    countk          9  HDFE linear regression with
             |                                 Julia
-------------------------------------------------------------------------------
(results evreg1 are active now)
number of observations will be reset to 4
Press any key to continue, or Break to abort
Number of observations (_N) was 0, now 4.
(4 missing values generated)
(1 real change made)
(1 real change made)
(1 real change made)
(1 real change made)
Number of observations (_N) was 4, now 5.
(1 real change made)
(1 real change made)
(1 real change made)
(file /users/aquisper/proj_bureaucrats_farms/code/_stacked_downup_replication/.
> ./../figures/exploratory_analysis/politician_original_controls_fe_sweep/polit
> ician_original_fe16_controls_both_did_interaction_rural_acpop_all_1.png not f
> ound)
file /users/aquisper/proj_bureaucrats_farms/code/_stacked_downup_replication/..
> /../figures/exploratory_analysis/politician_original_controls_fe_sweep/politi
> cian_original_fe16_controls_both_did_interaction_rural_acpop_all_1.png writte
> n in PNG format
Exported: /users/aquisper/proj_bureaucrats_farms/code/_stacked_downup_replicati
> on/../../figures/exploratory_analysis/politician_original_controls_fe_sweep/p
> olitician_original_fe16_controls_both_did_interaction_rural_acpop_all_1.png

-------------------------------------------------------------------------------
             |           Dependent  Number of        
        Name | Command    variable     param.  Title 
-------------+-----------------------------------------------------------------
      evreg1 | reghdfejl    countk         21  HDFE linear regression with
             |                                 Julia
-------------------------------------------------------------------------------
(21 missing values generated)
(21 missing values generated)
(21 missing values generated)
(21 missing values generated)
(21 missing values generated)
(21 missing values generated)
(21 missing values generated)
(21 missing values generated)
(21 missing values generated)
(21 missing values generated)
(21 missing values generated)
(21 missing values generated)
(21 missing values generated)
(21 missing values generated)
(21 missing values generated)
(21 missing values generated)
(21 missing values generated)
(21 missing values generated)
(21 missing values generated)
(21 missing values generated)
(21 missing values generated)
(21 missing values generated)
(21 missing values generated)
Estimates exported to /users/aquisper/proj_bureaucrats_farms/code/_stacked_down
> up_replication/../../tables/exploratory_analysis/politician_original_controls
> _fe_sweep/politician_original_fe17_controls_both_event_rural_acpop_all.csv

-------------------------------------------------------------------------------
             |           Dependent  Number of        
        Name | Command    variable     param.  Title 
-------------+-----------------------------------------------------------------
      evreg1 | reghdfejl    countk          9  HDFE linear regression with
             |                                 Julia
-------------------------------------------------------------------------------
(9 missing values generated)
(9 missing values generated)
(9 missing values generated)
(9 missing values generated)
(9 missing values generated)
(9 missing values generated)
(9 missing values generated)
(9 missing values generated)
(9 missing values generated)
(9 missing values generated)
(9 missing values generated)
Estimates exported to /users/aquisper/proj_bureaucrats_farms/code/_stacked_down
> up_replication/../../tables/exploratory_analysis/politician_original_controls
> _fe_sweep/politician_original_fe17_controls_both_did_interaction_rural_acpop_
> all.csv

-------------------------------------------------------------------------------
             |           Dependent  Number of        
        Name | Command    variable     param.  Title 
-------------+-----------------------------------------------------------------
      evreg1 | reghdfejl    countk          9  HDFE linear regression with
             |                                 Julia
-------------------------------------------------------------------------------
(results evreg1 are active now)
number of observations will be reset to 4
Press any key to continue, or Break to abort
Number of observations (_N) was 0, now 4.
(4 missing values generated)
(1 real change made)
(1 real change made)
(1 real change made)
(1 real change made)
Number of observations (_N) was 4, now 5.
(1 real change made)
(1 real change made)
(1 real change made)
(file /users/aquisper/proj_bureaucrats_farms/code/_stacked_downup_replication/.
> ./../figures/exploratory_analysis/politician_original_controls_fe_sweep/polit
> ician_original_fe17_controls_both_did_interaction_rural_acpop_all_1.png not f
> ound)
file /users/aquisper/proj_bureaucrats_farms/code/_stacked_downup_replication/..
> /../figures/exploratory_analysis/politician_original_controls_fe_sweep/politi
> cian_original_fe17_controls_both_did_interaction_rural_acpop_all_1.png writte
> n in PNG format
Exported: /users/aquisper/proj_bureaucrats_farms/code/_stacked_downup_replicati
> on/../../figures/exploratory_analysis/politician_original_controls_fe_sweep/p
> olitician_original_fe17_controls_both_did_interaction_rural_acpop_all_1.png

-------------------------------------------------------------------------------
             |           Dependent  Number of        
        Name | Command    variable     param.  Title 
-------------+-----------------------------------------------------------------
      evreg1 | reghdfejl    countk         21  HDFE linear regression with
             |                                 Julia
-------------------------------------------------------------------------------
(21 missing values generated)
(21 missing values generated)
(21 missing values generated)
(21 missing values generated)
(21 missing values generated)
(21 missing values generated)
(21 missing values generated)
(21 missing values generated)
(21 missing values generated)
(21 missing values generated)
(21 missing values generated)
(21 missing values generated)
(21 missing values generated)
(21 missing values generated)
(21 missing values generated)
(21 missing values generated)
(21 missing values generated)
(21 missing values generated)
(21 missing values generated)
(21 missing values generated)
(21 missing values generated)
(21 missing values generated)
(21 missing values generated)
Estimates exported to /users/aquisper/proj_bureaucrats_farms/code/_stacked_down
> up_replication/../../tables/exploratory_analysis/politician_original_controls
> _fe_sweep/politician_original_fe18_controls_both_event_rural_acpop_all.csv

-------------------------------------------------------------------------------
             |           Dependent  Number of        
        Name | Command    variable     param.  Title 
-------------+-----------------------------------------------------------------
      evreg1 | reghdfejl    countk          9  HDFE linear regression with
             |                                 Julia
-------------------------------------------------------------------------------
(9 missing values generated)
(9 missing values generated)
(9 missing values generated)
(9 missing values generated)
(9 missing values generated)
(9 missing values generated)
(9 missing values generated)
(9 missing values generated)
(9 missing values generated)
(9 missing values generated)
(9 missing values generated)
Estimates exported to /users/aquisper/proj_bureaucrats_farms/code/_stacked_down
> up_replication/../../tables/exploratory_analysis/politician_original_controls
> _fe_sweep/politician_original_fe18_controls_both_did_interaction_rural_acpop_
> all.csv

-------------------------------------------------------------------------------
             |           Dependent  Number of        
        Name | Command    variable     param.  Title 
-------------+-----------------------------------------------------------------
      evreg1 | reghdfejl    countk          9  HDFE linear regression with
             |                                 Julia
-------------------------------------------------------------------------------
(results evreg1 are active now)
number of observations will be reset to 4
Press any key to continue, or Break to abort
Number of observations (_N) was 0, now 4.
(4 missing values generated)
(1 real change made)
(1 real change made)
(1 real change made)
(1 real change made)
Number of observations (_N) was 4, now 5.
(1 real change made)
(1 real change made)
(1 real change made)
(file /users/aquisper/proj_bureaucrats_farms/code/_stacked_downup_replication/.
> ./../figures/exploratory_analysis/politician_original_controls_fe_sweep/polit
> ician_original_fe18_controls_both_did_interaction_rural_acpop_all_1.png not f
> ound)
file /users/aquisper/proj_bureaucrats_farms/code/_stacked_downup_replication/..
> /../figures/exploratory_analysis/politician_original_controls_fe_sweep/politi
> cian_original_fe18_controls_both_did_interaction_rural_acpop_all_1.png writte
> n in PNG format
Exported: /users/aquisper/proj_bureaucrats_farms/code/_stacked_downup_replicati
> on/../../figures/exploratory_analysis/politician_original_controls_fe_sweep/p
> olitician_original_fe18_controls_both_did_interaction_rural_acpop_all_1.png

-------------------------------------------------------------------------------
             |           Dependent  Number of        
        Name | Command    variable     param.  Title 
-------------+-----------------------------------------------------------------
      evreg1 | reghdfejl    countk         21  HDFE linear regression with
             |                                 Julia
-------------------------------------------------------------------------------
(21 missing values generated)
(21 missing values generated)
(21 missing values generated)
(21 missing values generated)
(21 missing values generated)
(21 missing values generated)
(21 missing values generated)
(21 missing values generated)
(21 missing values generated)
(21 missing values generated)
(21 missing values generated)
(21 missing values generated)
(21 missing values generated)
(21 missing values generated)
(21 missing values generated)
(21 missing values generated)
(21 missing values generated)
(21 missing values generated)
(21 missing values generated)
(21 missing values generated)
(21 missing values generated)
(21 missing values generated)
(21 missing values generated)
Estimates exported to /users/aquisper/proj_bureaucrats_farms/code/_stacked_down
> up_replication/../../tables/exploratory_analysis/politician_original_controls
> _fe_sweep/politician_original_fe19_controls_both_event_rural_acpop_all.csv

-------------------------------------------------------------------------------
             |           Dependent  Number of        
        Name | Command    variable     param.  Title 
-------------+-----------------------------------------------------------------
      evreg1 | reghdfejl    countk          9  HDFE linear regression with
             |                                 Julia
-------------------------------------------------------------------------------
(9 missing values generated)
(9 missing values generated)
(9 missing values generated)
(9 missing values generated)
(9 missing values generated)
(9 missing values generated)
(9 missing values generated)
(9 missing values generated)
(9 missing values generated)
(9 missing values generated)
(9 missing values generated)
Estimates exported to /users/aquisper/proj_bureaucrats_farms/code/_stacked_down
> up_replication/../../tables/exploratory_analysis/politician_original_controls
> _fe_sweep/politician_original_fe19_controls_both_did_interaction_rural_acpop_
> all.csv

-------------------------------------------------------------------------------
             |           Dependent  Number of        
        Name | Command    variable     param.  Title 
-------------+-----------------------------------------------------------------
      evreg1 | reghdfejl    countk          9  HDFE linear regression with
             |                                 Julia
-------------------------------------------------------------------------------
(results evreg1 are active now)
number of observations will be reset to 4
Press any key to continue, or Break to abort
Number of observations (_N) was 0, now 4.
(4 missing values generated)
(1 real change made)
(1 real change made)
(1 real change made)
(1 real change made)
Number of observations (_N) was 4, now 5.
(1 real change made)
(1 real change made)
(1 real change made)
(file /users/aquisper/proj_bureaucrats_farms/code/_stacked_downup_replication/.
> ./../figures/exploratory_analysis/politician_original_controls_fe_sweep/polit
> ician_original_fe19_controls_both_did_interaction_rural_acpop_all_1.png not f
> ound)
file /users/aquisper/proj_bureaucrats_farms/code/_stacked_downup_replication/..
> /../figures/exploratory_analysis/politician_original_controls_fe_sweep/politi
> cian_original_fe19_controls_both_did_interaction_rural_acpop_all_1.png writte
> n in PNG format
Exported: /users/aquisper/proj_bureaucrats_farms/code/_stacked_downup_replicati
> on/../../figures/exploratory_analysis/politician_original_controls_fe_sweep/p
> olitician_original_fe19_controls_both_did_interaction_rural_acpop_all_1.png

-------------------------------------------------------------------------------
             |           Dependent  Number of        
        Name | Command    variable     param.  Title 
-------------+-----------------------------------------------------------------
      evreg1 | reghdfejl    countk         21  HDFE linear regression with
             |                                 Julia
-------------------------------------------------------------------------------
(21 missing values generated)
(21 missing values generated)
(21 missing values generated)
(21 missing values generated)
(21 missing values generated)
(21 missing values generated)
(21 missing values generated)
(21 missing values generated)
(21 missing values generated)
(21 missing values generated)
(21 missing values generated)
(21 missing values generated)
(21 missing values generated)
(21 missing values generated)
(21 missing values generated)
(21 missing values generated)
(21 missing values generated)
(21 missing values generated)
(21 missing values generated)
(21 missing values generated)
(21 missing values generated)
(21 missing values generated)
(21 missing values generated)
Estimates exported to /users/aquisper/proj_bureaucrats_farms/code/_stacked_down
> up_replication/../../tables/exploratory_analysis/politician_original_controls
> _fe_sweep/politician_original_fe20_controls_both_event_rural_acpop_all.csv

-------------------------------------------------------------------------------
             |           Dependent  Number of        
        Name | Command    variable     param.  Title 
-------------+-----------------------------------------------------------------
      evreg1 | reghdfejl    countk          9  HDFE linear regression with
             |                                 Julia
-------------------------------------------------------------------------------
(9 missing values generated)
(9 missing values generated)
(9 missing values generated)
(9 missing values generated)
(9 missing values generated)
(9 missing values generated)
(9 missing values generated)
(9 missing values generated)
(9 missing values generated)
(9 missing values generated)
(9 missing values generated)
Estimates exported to /users/aquisper/proj_bureaucrats_farms/code/_stacked_down
> up_replication/../../tables/exploratory_analysis/politician_original_controls
> _fe_sweep/politician_original_fe20_controls_both_did_interaction_rural_acpop_
> all.csv

-------------------------------------------------------------------------------
             |           Dependent  Number of        
        Name | Command    variable     param.  Title 
-------------+-----------------------------------------------------------------
      evreg1 | reghdfejl    countk          9  HDFE linear regression with
             |                                 Julia
-------------------------------------------------------------------------------
(results evreg1 are active now)
number of observations will be reset to 4
Press any key to continue, or Break to abort
Number of observations (_N) was 0, now 4.
(4 missing values generated)
(1 real change made)
(1 real change made)
(1 real change made)
(1 real change made)
Number of observations (_N) was 4, now 5.
(1 real change made)
(1 real change made)
(1 real change made)
(file /users/aquisper/proj_bureaucrats_farms/code/_stacked_downup_replication/.
> ./../figures/exploratory_analysis/politician_original_controls_fe_sweep/polit
> ician_original_fe20_controls_both_did_interaction_rural_acpop_all_1.png not f
> ound)
file /users/aquisper/proj_bureaucrats_farms/code/_stacked_downup_replication/..
> /../figures/exploratory_analysis/politician_original_controls_fe_sweep/politi
> cian_original_fe20_controls_both_did_interaction_rural_acpop_all_1.png writte
> n in PNG format
Exported: /users/aquisper/proj_bureaucrats_farms/code/_stacked_downup_replicati
> on/../../figures/exploratory_analysis/politician_original_controls_fe_sweep/p
> olitician_original_fe20_controls_both_did_interaction_rural_acpop_all_1.png

-------------------------------------------------------------------------------
             |           Dependent  Number of        
        Name | Command    variable     param.  Title 
-------------+-----------------------------------------------------------------
      evreg1 | reghdfejl    countk         21  HDFE linear regression with
             |                                 Julia
-------------------------------------------------------------------------------
(21 missing values generated)
(21 missing values generated)
(21 missing values generated)
(21 missing values generated)
(21 missing values generated)
(21 missing values generated)
(21 missing values generated)
(21 missing values generated)
(21 missing values generated)
(21 missing values generated)
(21 missing values generated)
(21 missing values generated)
(21 missing values generated)
(21 missing values generated)
(21 missing values generated)
(21 missing values generated)
(21 missing values generated)
(21 missing values generated)
(21 missing values generated)
(21 missing values generated)
(21 missing values generated)
(21 missing values generated)
(21 missing values generated)
Estimates exported to /users/aquisper/proj_bureaucrats_farms/code/_stacked_down
> up_replication/../../tables/exploratory_analysis/politician_original_controls
> _fe_sweep/politician_original_fe21_controls_both_event_rural_acpop_all.csv

-------------------------------------------------------------------------------
             |           Dependent  Number of        
        Name | Command    variable     param.  Title 
-------------+-----------------------------------------------------------------
      evreg1 | reghdfejl    countk          9  HDFE linear regression with
             |                                 Julia
-------------------------------------------------------------------------------
(9 missing values generated)
(9 missing values generated)
(9 missing values generated)
(9 missing values generated)
(9 missing values generated)
(9 missing values generated)
(9 missing values generated)
(9 missing values generated)
(9 missing values generated)
(9 missing values generated)
(9 missing values generated)
Estimates exported to /users/aquisper/proj_bureaucrats_farms/code/_stacked_down
> up_replication/../../tables/exploratory_analysis/politician_original_controls
> _fe_sweep/politician_original_fe21_controls_both_did_interaction_rural_acpop_
> all.csv

-------------------------------------------------------------------------------
             |           Dependent  Number of        
        Name | Command    variable     param.  Title 
-------------+-----------------------------------------------------------------
      evreg1 | reghdfejl    countk          9  HDFE linear regression with
             |                                 Julia
-------------------------------------------------------------------------------
(results evreg1 are active now)
number of observations will be reset to 4
Press any key to continue, or Break to abort
Number of observations (_N) was 0, now 4.
(4 missing values generated)
(1 real change made)
(1 real change made)
(1 real change made)
(1 real change made)
Number of observations (_N) was 4, now 5.
(1 real change made)
(1 real change made)
(1 real change made)
(file /users/aquisper/proj_bureaucrats_farms/code/_stacked_downup_replication/.
> ./../figures/exploratory_analysis/politician_original_controls_fe_sweep/polit
> ician_original_fe21_controls_both_did_interaction_rural_acpop_all_1.png not f
> ound)
file /users/aquisper/proj_bureaucrats_farms/code/_stacked_downup_replication/..
> /../figures/exploratory_analysis/politician_original_controls_fe_sweep/politi
> cian_original_fe21_controls_both_did_interaction_rural_acpop_all_1.png writte
> n in PNG format
Exported: /users/aquisper/proj_bureaucrats_farms/code/_stacked_downup_replicati
> on/../../figures/exploratory_analysis/politician_original_controls_fe_sweep/p
> olitician_original_fe21_controls_both_did_interaction_rural_acpop_all_1.png

-------------------------------------------------------------------------------
             |           Dependent  Number of        
        Name | Command    variable     param.  Title 
-------------+-----------------------------------------------------------------
      evreg1 | reghdfejl    countk         21  HDFE linear regression with
             |                                 Julia
-------------------------------------------------------------------------------
(21 missing values generated)
(21 missing values generated)
(21 missing values generated)
(21 missing values generated)
(21 missing values generated)
(21 missing values generated)
(21 missing values generated)
(21 missing values generated)
(21 missing values generated)
(21 missing values generated)
(21 missing values generated)
(21 missing values generated)
(21 missing values generated)
(21 missing values generated)
(21 missing values generated)
(21 missing values generated)
(21 missing values generated)
(21 missing values generated)
(21 missing values generated)
(21 missing values generated)
(21 missing values generated)
(21 missing values generated)
(21 missing values generated)
Estimates exported to /users/aquisper/proj_bureaucrats_farms/code/_stacked_down
> up_replication/../../tables/exploratory_analysis/politician_original_controls
> _fe_sweep/politician_original_fe22_controls_both_event_rural_acpop_all.csv

-------------------------------------------------------------------------------
             |           Dependent  Number of        
        Name | Command    variable     param.  Title 
-------------+-----------------------------------------------------------------
      evreg1 | reghdfejl    countk          9  HDFE linear regression with
             |                                 Julia
-------------------------------------------------------------------------------
(9 missing values generated)
(9 missing values generated)
(9 missing values generated)
(9 missing values generated)
(9 missing values generated)
(9 missing values generated)
(9 missing values generated)
(9 missing values generated)
(9 missing values generated)
(9 missing values generated)
(9 missing values generated)
Estimates exported to /users/aquisper/proj_bureaucrats_farms/code/_stacked_down
> up_replication/../../tables/exploratory_analysis/politician_original_controls
> _fe_sweep/politician_original_fe22_controls_both_did_interaction_rural_acpop_
> all.csv

-------------------------------------------------------------------------------
             |           Dependent  Number of        
        Name | Command    variable     param.  Title 
-------------+-----------------------------------------------------------------
      evreg1 | reghdfejl    countk          9  HDFE linear regression with
             |                                 Julia
-------------------------------------------------------------------------------
(results evreg1 are active now)
number of observations will be reset to 4
Press any key to continue, or Break to abort
Number of observations (_N) was 0, now 4.
(4 missing values generated)
(1 real change made)
(1 real change made)
(1 real change made)
(1 real change made)
Number of observations (_N) was 4, now 5.
(1 real change made)
(1 real change made)
(1 real change made)
(file /users/aquisper/proj_bureaucrats_farms/code/_stacked_downup_replication/.
> ./../figures/exploratory_analysis/politician_original_controls_fe_sweep/polit
> ician_original_fe22_controls_both_did_interaction_rural_acpop_all_1.png not f
> ound)
file /users/aquisper/proj_bureaucrats_farms/code/_stacked_downup_replication/..
> /../figures/exploratory_analysis/politician_original_controls_fe_sweep/politi
> cian_original_fe22_controls_both_did_interaction_rural_acpop_all_1.png writte
> n in PNG format
Exported: /users/aquisper/proj_bureaucrats_farms/code/_stacked_downup_replicati
> on/../../figures/exploratory_analysis/politician_original_controls_fe_sweep/p
> olitician_original_fe22_controls_both_did_interaction_rural_acpop_all_1.png

-------------------------------------------------------------------------------
             |           Dependent  Number of        
        Name | Command    variable     param.  Title 
-------------+-----------------------------------------------------------------
      evreg1 | reghdfejl    countk         21  HDFE linear regression with
             |                                 Julia
-------------------------------------------------------------------------------
(21 missing values generated)
(21 missing values generated)
(21 missing values generated)
(21 missing values generated)
(21 missing values generated)
(21 missing values generated)
(21 missing values generated)
(21 missing values generated)
(21 missing values generated)
(21 missing values generated)
(21 missing values generated)
(21 missing values generated)
(21 missing values generated)
(21 missing values generated)
(21 missing values generated)
(21 missing values generated)
(21 missing values generated)
(21 missing values generated)
(21 missing values generated)
(21 missing values generated)
(21 missing values generated)
(21 missing values generated)
(21 missing values generated)
Estimates exported to /users/aquisper/proj_bureaucrats_farms/code/_stacked_down
> up_replication/../../tables/exploratory_analysis/politician_original_controls
> _fe_sweep/politician_original_fe23_controls_both_event_rural_acpop_all.csv

-------------------------------------------------------------------------------
             |           Dependent  Number of        
        Name | Command    variable     param.  Title 
-------------+-----------------------------------------------------------------
      evreg1 | reghdfejl    countk          9  HDFE linear regression with
             |                                 Julia
-------------------------------------------------------------------------------
(9 missing values generated)
(9 missing values generated)
(9 missing values generated)
(9 missing values generated)
(9 missing values generated)
(9 missing values generated)
(9 missing values generated)
(9 missing values generated)
(9 missing values generated)
(9 missing values generated)
(9 missing values generated)
Estimates exported to /users/aquisper/proj_bureaucrats_farms/code/_stacked_down
> up_replication/../../tables/exploratory_analysis/politician_original_controls
> _fe_sweep/politician_original_fe23_controls_both_did_interaction_rural_acpop_
> all.csv

-------------------------------------------------------------------------------
             |           Dependent  Number of        
        Name | Command    variable     param.  Title 
-------------+-----------------------------------------------------------------
      evreg1 | reghdfejl    countk          9  HDFE linear regression with
             |                                 Julia
-------------------------------------------------------------------------------
(results evreg1 are active now)
number of observations will be reset to 4
Press any key to continue, or Break to abort
Number of observations (_N) was 0, now 4.
(4 missing values generated)
(1 real change made)
(1 real change made)
(1 real change made)
(1 real change made)
Number of observations (_N) was 4, now 5.
(1 real change made)
(1 real change made)
(1 real change made)
(file /users/aquisper/proj_bureaucrats_farms/code/_stacked_downup_replication/.
> ./../figures/exploratory_analysis/politician_original_controls_fe_sweep/polit
> ician_original_fe23_controls_both_did_interaction_rural_acpop_all_1.png not f
> ound)
file /users/aquisper/proj_bureaucrats_farms/code/_stacked_downup_replication/..
> /../figures/exploratory_analysis/politician_original_controls_fe_sweep/politi
> cian_original_fe23_controls_both_did_interaction_rural_acpop_all_1.png writte
> n in PNG format
Exported: /users/aquisper/proj_bureaucrats_farms/code/_stacked_downup_replicati
> on/../../figures/exploratory_analysis/politician_original_controls_fe_sweep/p
> olitician_original_fe23_controls_both_did_interaction_rural_acpop_all_1.png

-------------------------------------------------------------------------------
             |           Dependent  Number of        
        Name | Command    variable     param.  Title 
-------------+-----------------------------------------------------------------
      evreg1 | reghdfejl    countk         21  HDFE linear regression with
             |                                 Julia
-------------------------------------------------------------------------------
(21 missing values generated)
(21 missing values generated)
(21 missing values generated)
(21 missing values generated)
(21 missing values generated)
(21 missing values generated)
(21 missing values generated)
(21 missing values generated)
(21 missing values generated)
(21 missing values generated)
(21 missing values generated)
(21 missing values generated)
(21 missing values generated)
(21 missing values generated)
(21 missing values generated)
(21 missing values generated)
(21 missing values generated)
(21 missing values generated)
(21 missing values generated)
(21 missing values generated)
(21 missing values generated)
(21 missing values generated)
(21 missing values generated)
Estimates exported to /users/aquisper/proj_bureaucrats_farms/code/_stacked_down
> up_replication/../../tables/exploratory_analysis/politician_original_controls
> _fe_sweep/politician_original_fe24_controls_both_event_rural_acpop_all.csv

-------------------------------------------------------------------------------
             |           Dependent  Number of        
        Name | Command    variable     param.  Title 
-------------+-----------------------------------------------------------------
      evreg1 | reghdfejl    countk          9  HDFE linear regression with
             |                                 Julia
-------------------------------------------------------------------------------
(9 missing values generated)
(9 missing values generated)
(9 missing values generated)
(9 missing values generated)
(9 missing values generated)
(9 missing values generated)
(9 missing values generated)
(9 missing values generated)
(9 missing values generated)
(9 missing values generated)
(9 missing values generated)
Estimates exported to /users/aquisper/proj_bureaucrats_farms/code/_stacked_down
> up_replication/../../tables/exploratory_analysis/politician_original_controls
> _fe_sweep/politician_original_fe24_controls_both_did_interaction_rural_acpop_
> all.csv

-------------------------------------------------------------------------------
             |           Dependent  Number of        
        Name | Command    variable     param.  Title 
-------------+-----------------------------------------------------------------
      evreg1 | reghdfejl    countk          9  HDFE linear regression with
             |                                 Julia
-------------------------------------------------------------------------------
(results evreg1 are active now)
number of observations will be reset to 4
Press any key to continue, or Break to abort
Number of observations (_N) was 0, now 4.
(4 missing values generated)
(1 real change made)
(1 real change made)
(1 real change made)
(1 real change made)
Number of observations (_N) was 4, now 5.
(1 real change made)
(1 real change made)
(1 real change made)
(file /users/aquisper/proj_bureaucrats_farms/code/_stacked_downup_replication/.
> ./../figures/exploratory_analysis/politician_original_controls_fe_sweep/polit
> ician_original_fe24_controls_both_did_interaction_rural_acpop_all_1.png not f
> ound)
file /users/aquisper/proj_bureaucrats_farms/code/_stacked_downup_replication/..
> /../figures/exploratory_analysis/politician_original_controls_fe_sweep/politi
> cian_original_fe24_controls_both_did_interaction_rural_acpop_all_1.png writte
> n in PNG format
Exported: /users/aquisper/proj_bureaucrats_farms/code/_stacked_downup_replicati
> on/../../figures/exploratory_analysis/politician_original_controls_fe_sweep/p
> olitician_original_fe24_controls_both_did_interaction_rural_acpop_all_1.png

-------------------------------------------------------------------------------
             |           Dependent  Number of        
        Name | Command    variable     param.  Title 
-------------+-----------------------------------------------------------------
      evreg1 | reghdfejl    countk         21  HDFE linear regression with
             |                                 Julia
-------------------------------------------------------------------------------
(21 missing values generated)
(21 missing values generated)
(21 missing values generated)
(21 missing values generated)
(21 missing values generated)
(21 missing values generated)
(21 missing values generated)
(21 missing values generated)
(21 missing values generated)
(21 missing values generated)
(21 missing values generated)
(21 missing values generated)
(21 missing values generated)
(21 missing values generated)
(21 missing values generated)
(21 missing values generated)
(21 missing values generated)
(21 missing values generated)
(21 missing values generated)
(21 missing values generated)
(21 missing values generated)
(21 missing values generated)
(21 missing values generated)
Estimates exported to /users/aquisper/proj_bureaucrats_farms/code/_stacked_down
> up_replication/../../tables/exploratory_analysis/politician_original_controls
> _fe_sweep/politician_original_fe25_controls_both_event_rural_acpop_all.csv

-------------------------------------------------------------------------------
             |           Dependent  Number of        
        Name | Command    variable     param.  Title 
-------------+-----------------------------------------------------------------
      evreg1 | reghdfejl    countk          9  HDFE linear regression with
             |                                 Julia
-------------------------------------------------------------------------------
(9 missing values generated)
(9 missing values generated)
(9 missing values generated)
(9 missing values generated)
(9 missing values generated)
(9 missing values generated)
(9 missing values generated)
(9 missing values generated)
(9 missing values generated)
(9 missing values generated)
(9 missing values generated)
Estimates exported to /users/aquisper/proj_bureaucrats_farms/code/_stacked_down
> up_replication/../../tables/exploratory_analysis/politician_original_controls
> _fe_sweep/politician_original_fe25_controls_both_did_interaction_rural_acpop_
> all.csv

-------------------------------------------------------------------------------
             |           Dependent  Number of        
        Name | Command    variable     param.  Title 
-------------+-----------------------------------------------------------------
      evreg1 | reghdfejl    countk          9  HDFE linear regression with
             |                                 Julia
-------------------------------------------------------------------------------
(results evreg1 are active now)
number of observations will be reset to 4
Press any key to continue, or Break to abort
Number of observations (_N) was 0, now 4.
(4 missing values generated)
(1 real change made)
(1 real change made)
(1 real change made)
(1 real change made)
Number of observations (_N) was 4, now 5.
(1 real change made)
(1 real change made)
(1 real change made)
(file /users/aquisper/proj_bureaucrats_farms/code/_stacked_downup_replication/.
> ./../figures/exploratory_analysis/politician_original_controls_fe_sweep/polit
> ician_original_fe25_controls_both_did_interaction_rural_acpop_all_1.png not f
> ound)
file /users/aquisper/proj_bureaucrats_farms/code/_stacked_downup_replication/..
> /../figures/exploratory_analysis/politician_original_controls_fe_sweep/politi
> cian_original_fe25_controls_both_did_interaction_rural_acpop_all_1.png writte
> n in PNG format
Exported: /users/aquisper/proj_bureaucrats_farms/code/_stacked_downup_replicati
> on/../../figures/exploratory_analysis/politician_original_controls_fe_sweep/p
> olitician_original_fe25_controls_both_did_interaction_rural_acpop_all_1.png

-------------------------------------------------------------------------------
             |           Dependent  Number of        
        Name | Command    variable     param.  Title 
-------------+-----------------------------------------------------------------
      evreg1 | reghdfejl    countk         21  HDFE linear regression with
             |                                 Julia
-------------------------------------------------------------------------------
(21 missing values generated)
(21 missing values generated)
(21 missing values generated)
(21 missing values generated)
(21 missing values generated)
(21 missing values generated)
(21 missing values generated)
(21 missing values generated)
(21 missing values generated)
(21 missing values generated)
(21 missing values generated)
(21 missing values generated)
(21 missing values generated)
(21 missing values generated)
(21 missing values generated)
(21 missing values generated)
(21 missing values generated)
(21 missing values generated)
(21 missing values generated)
(21 missing values generated)
(21 missing values generated)
(21 missing values generated)
(21 missing values generated)
Estimates exported to /users/aquisper/proj_bureaucrats_farms/code/_stacked_down
> up_replication/../../tables/exploratory_analysis/politician_original_controls
> _fe_sweep/politician_original_fe26_controls_both_event_rural_acpop_all.csv

-------------------------------------------------------------------------------
             |           Dependent  Number of        
        Name | Command    variable     param.  Title 
-------------+-----------------------------------------------------------------
      evreg1 | reghdfejl    countk          9  HDFE linear regression with
             |                                 Julia
-------------------------------------------------------------------------------
(9 missing values generated)
(9 missing values generated)
(9 missing values generated)
(9 missing values generated)
(9 missing values generated)
(9 missing values generated)
(9 missing values generated)
(9 missing values generated)
(9 missing values generated)
(9 missing values generated)
(9 missing values generated)
Estimates exported to /users/aquisper/proj_bureaucrats_farms/code/_stacked_down
> up_replication/../../tables/exploratory_analysis/politician_original_controls
> _fe_sweep/politician_original_fe26_controls_both_did_interaction_rural_acpop_
> all.csv

-------------------------------------------------------------------------------
             |           Dependent  Number of        
        Name | Command    variable     param.  Title 
-------------+-----------------------------------------------------------------
      evreg1 | reghdfejl    countk          9  HDFE linear regression with
             |                                 Julia
-------------------------------------------------------------------------------
(results evreg1 are active now)
number of observations will be reset to 4
Press any key to continue, or Break to abort
Number of observations (_N) was 0, now 4.
(4 missing values generated)
(1 real change made)
(1 real change made)
(1 real change made)
(1 real change made)
Number of observations (_N) was 4, now 5.
(1 real change made)
(1 real change made)
(1 real change made)
(file /users/aquisper/proj_bureaucrats_farms/code/_stacked_downup_replication/.
> ./../figures/exploratory_analysis/politician_original_controls_fe_sweep/polit
> ician_original_fe26_controls_both_did_interaction_rural_acpop_all_1.png not f
> ound)
file /users/aquisper/proj_bureaucrats_farms/code/_stacked_downup_replication/..
> /../figures/exploratory_analysis/politician_original_controls_fe_sweep/politi
> cian_original_fe26_controls_both_did_interaction_rural_acpop_all_1.png writte
> n in PNG format
Exported: /users/aquisper/proj_bureaucrats_farms/code/_stacked_downup_replicati
> on/../../figures/exploratory_analysis/politician_original_controls_fe_sweep/p
> olitician_original_fe26_controls_both_did_interaction_rural_acpop_all_1.png

-------------------------------------------------------------------------------
             |           Dependent  Number of        
        Name | Command    variable     param.  Title 
-------------+-----------------------------------------------------------------
      evreg1 | reghdfejl    countk         21  HDFE linear regression with
             |                                 Julia
-------------------------------------------------------------------------------
(21 missing values generated)
(21 missing values generated)
(21 missing values generated)
(21 missing values generated)
(21 missing values generated)
(21 missing values generated)
(21 missing values generated)
(21 missing values generated)
(21 missing values generated)
(21 missing values generated)
(21 missing values generated)
(21 missing values generated)
(21 missing values generated)
(21 missing values generated)
(21 missing values generated)
(21 missing values generated)
(21 missing values generated)
(21 missing values generated)
(21 missing values generated)
(21 missing values generated)
(21 missing values generated)
(21 missing values generated)
(21 missing values generated)
Estimates exported to /users/aquisper/proj_bureaucrats_farms/code/_stacked_down
> up_replication/../../tables/exploratory_analysis/politician_original_controls
> _fe_sweep/politician_original_fe27_controls_both_event_rural_acpop_all.csv

-------------------------------------------------------------------------------
             |           Dependent  Number of        
        Name | Command    variable     param.  Title 
-------------+-----------------------------------------------------------------
      evreg1 | reghdfejl    countk          9  HDFE linear regression with
             |                                 Julia
-------------------------------------------------------------------------------
(9 missing values generated)
(9 missing values generated)
(9 missing values generated)
(9 missing values generated)
(9 missing values generated)
(9 missing values generated)
(9 missing values generated)
(9 missing values generated)
(9 missing values generated)
(9 missing values generated)
(9 missing values generated)
Estimates exported to /users/aquisper/proj_bureaucrats_farms/code/_stacked_down
> up_replication/../../tables/exploratory_analysis/politician_original_controls
> _fe_sweep/politician_original_fe27_controls_both_did_interaction_rural_acpop_
> all.csv

-------------------------------------------------------------------------------
             |           Dependent  Number of        
        Name | Command    variable     param.  Title 
-------------+-----------------------------------------------------------------
      evreg1 | reghdfejl    countk          9  HDFE linear regression with
             |                                 Julia
-------------------------------------------------------------------------------
(results evreg1 are active now)
number of observations will be reset to 4
Press any key to continue, or Break to abort
Number of observations (_N) was 0, now 4.
(4 missing values generated)
(1 real change made)
(1 real change made)
(1 real change made)
(1 real change made)
Number of observations (_N) was 4, now 5.
(1 real change made)
(1 real change made)
(1 real change made)
(file /users/aquisper/proj_bureaucrats_farms/code/_stacked_downup_replication/.
> ./../figures/exploratory_analysis/politician_original_controls_fe_sweep/polit
> ician_original_fe27_controls_both_did_interaction_rural_acpop_all_1.png not f
> ound)
file /users/aquisper/proj_bureaucrats_farms/code/_stacked_downup_replication/..
> /../figures/exploratory_analysis/politician_original_controls_fe_sweep/politi
> cian_original_fe27_controls_both_did_interaction_rural_acpop_all_1.png writte
> n in PNG format
Exported: /users/aquisper/proj_bureaucrats_farms/code/_stacked_downup_replicati
> on/../../figures/exploratory_analysis/politician_original_controls_fe_sweep/p
> olitician_original_fe27_controls_both_did_interaction_rural_acpop_all_1.png

-------------------------------------------------------------------------------
             |           Dependent  Number of        
        Name | Command    variable     param.  Title 
-------------+-----------------------------------------------------------------
      evreg1 | reghdfejl    countk         21  HDFE linear regression with
             |                                 Julia
-------------------------------------------------------------------------------
(21 missing values generated)
(21 missing values generated)
(21 missing values generated)
(21 missing values generated)
(21 missing values generated)
(21 missing values generated)
(21 missing values generated)
(21 missing values generated)
(21 missing values generated)
(21 missing values generated)
(21 missing values generated)
(21 missing values generated)
(21 missing values generated)
(21 missing values generated)
(21 missing values generated)
(21 missing values generated)
(21 missing values generated)
(21 missing values generated)
(21 missing values generated)
(21 missing values generated)
(21 missing values generated)
(21 missing values generated)
(21 missing values generated)
Estimates exported to /users/aquisper/proj_bureaucrats_farms/code/_stacked_down
> up_replication/../../tables/exploratory_analysis/politician_original_controls
> _fe_sweep/politician_original_fe28_controls_both_event_rural_acpop_all.csv

-------------------------------------------------------------------------------
             |           Dependent  Number of        
        Name | Command    variable     param.  Title 
-------------+-----------------------------------------------------------------
      evreg1 | reghdfejl    countk          9  HDFE linear regression with
             |                                 Julia
-------------------------------------------------------------------------------
(9 missing values generated)
(9 missing values generated)
(9 missing values generated)
(9 missing values generated)
(9 missing values generated)
(9 missing values generated)
(9 missing values generated)
(9 missing values generated)
(9 missing values generated)
(9 missing values generated)
(9 missing values generated)
Estimates exported to /users/aquisper/proj_bureaucrats_farms/code/_stacked_down
> up_replication/../../tables/exploratory_analysis/politician_original_controls
> _fe_sweep/politician_original_fe28_controls_both_did_interaction_rural_acpop_
> all.csv

-------------------------------------------------------------------------------
             |           Dependent  Number of        
        Name | Command    variable     param.  Title 
-------------+-----------------------------------------------------------------
      evreg1 | reghdfejl    countk          9  HDFE linear regression with
             |                                 Julia
-------------------------------------------------------------------------------
(results evreg1 are active now)
number of observations will be reset to 4
Press any key to continue, or Break to abort
Number of observations (_N) was 0, now 4.
(4 missing values generated)
(1 real change made)
(1 real change made)
(1 real change made)
(1 real change made)
Number of observations (_N) was 4, now 5.
(1 real change made)
(1 real change made)
(1 real change made)
(file /users/aquisper/proj_bureaucrats_farms/code/_stacked_downup_replication/.
> ./../figures/exploratory_analysis/politician_original_controls_fe_sweep/polit
> ician_original_fe28_controls_both_did_interaction_rural_acpop_all_1.png not f
> ound)
file /users/aquisper/proj_bureaucrats_farms/code/_stacked_downup_replication/..
> /../figures/exploratory_analysis/politician_original_controls_fe_sweep/politi
> cian_original_fe28_controls_both_did_interaction_rural_acpop_all_1.png writte
> n in PNG format
Exported: /users/aquisper/proj_bureaucrats_farms/code/_stacked_downup_replicati
> on/../../figures/exploratory_analysis/politician_original_controls_fe_sweep/p
> olitician_original_fe28_controls_both_did_interaction_rural_acpop_all_1.png

-------------------------------------------------------------------------------
             |           Dependent  Number of        
        Name | Command    variable     param.  Title 
-------------+-----------------------------------------------------------------
      evreg1 | reghdfejl    countk         21  HDFE linear regression with
             |                                 Julia
-------------------------------------------------------------------------------
(21 missing values generated)
(21 missing values generated)
(21 missing values generated)
(21 missing values generated)
(21 missing values generated)
(21 missing values generated)
(21 missing values generated)
(21 missing values generated)
(21 missing values generated)
(21 missing values generated)
(21 missing values generated)
(21 missing values generated)
(21 missing values generated)
(21 missing values generated)
(21 missing values generated)
(21 missing values generated)
(21 missing values generated)
(21 missing values generated)
(21 missing values generated)
(21 missing values generated)
(21 missing values generated)
(21 missing values generated)
(21 missing values generated)
Estimates exported to /users/aquisper/proj_bureaucrats_farms/code/_stacked_down
> up_replication/../../tables/exploratory_analysis/politician_original_controls
> _fe_sweep/politician_original_fe29_controls_both_event_rural_acpop_all.csv

-------------------------------------------------------------------------------
             |           Dependent  Number of        
        Name | Command    variable     param.  Title 
-------------+-----------------------------------------------------------------
      evreg1 | reghdfejl    countk          9  HDFE linear regression with
             |                                 Julia
-------------------------------------------------------------------------------
(9 missing values generated)
(9 missing values generated)
(9 missing values generated)
(9 missing values generated)
(9 missing values generated)
(9 missing values generated)
(9 missing values generated)
(9 missing values generated)
(9 missing values generated)
(9 missing values generated)
(9 missing values generated)
Estimates exported to /users/aquisper/proj_bureaucrats_farms/code/_stacked_down
> up_replication/../../tables/exploratory_analysis/politician_original_controls
> _fe_sweep/politician_original_fe29_controls_both_did_interaction_rural_acpop_
> all.csv

-------------------------------------------------------------------------------
             |           Dependent  Number of        
        Name | Command    variable     param.  Title 
-------------+-----------------------------------------------------------------
      evreg1 | reghdfejl    countk          9  HDFE linear regression with
             |                                 Julia
-------------------------------------------------------------------------------
(results evreg1 are active now)
number of observations will be reset to 4
Press any key to continue, or Break to abort
Number of observations (_N) was 0, now 4.
(4 missing values generated)
(1 real change made)
(1 real change made)
(1 real change made)
(1 real change made)
Number of observations (_N) was 4, now 5.
(1 real change made)
(1 real change made)
(1 real change made)
(file /users/aquisper/proj_bureaucrats_farms/code/_stacked_downup_replication/.
> ./../figures/exploratory_analysis/politician_original_controls_fe_sweep/polit
> ician_original_fe29_controls_both_did_interaction_rural_acpop_all_1.png not f
> ound)
file /users/aquisper/proj_bureaucrats_farms/code/_stacked_downup_replication/..
> /../figures/exploratory_analysis/politician_original_controls_fe_sweep/politi
> cian_original_fe29_controls_both_did_interaction_rural_acpop_all_1.png writte
> n in PNG format
Exported: /users/aquisper/proj_bureaucrats_farms/code/_stacked_downup_replicati
> on/../../figures/exploratory_analysis/politician_original_controls_fe_sweep/p
> olitician_original_fe29_controls_both_did_interaction_rural_acpop_all_1.png

-------------------------------------------------------------------------------
             |           Dependent  Number of        
        Name | Command    variable     param.  Title 
-------------+-----------------------------------------------------------------
      evreg1 | reghdfejl    countk         21  HDFE linear regression with
             |                                 Julia
-------------------------------------------------------------------------------
(21 missing values generated)
(21 missing values generated)
(21 missing values generated)
(21 missing values generated)
(21 missing values generated)
(21 missing values generated)
(21 missing values generated)
(21 missing values generated)
(21 missing values generated)
(21 missing values generated)
(21 missing values generated)
(21 missing values generated)
(21 missing values generated)
(21 missing values generated)
(21 missing values generated)
(21 missing values generated)
(21 missing values generated)
(21 missing values generated)
(21 missing values generated)
(21 missing values generated)
(21 missing values generated)
(21 missing values generated)
(21 missing values generated)
Estimates exported to /users/aquisper/proj_bureaucrats_farms/code/_stacked_down
> up_replication/../../tables/exploratory_analysis/politician_original_controls
> _fe_sweep/politician_original_fe30_controls_both_event_rural_acpop_all.csv

-------------------------------------------------------------------------------
             |           Dependent  Number of        
        Name | Command    variable     param.  Title 
-------------+-----------------------------------------------------------------
      evreg1 | reghdfejl    countk          9  HDFE linear regression with
             |                                 Julia
-------------------------------------------------------------------------------
(9 missing values generated)
(9 missing values generated)
(9 missing values generated)
(9 missing values generated)
(9 missing values generated)
(9 missing values generated)
(9 missing values generated)
(9 missing values generated)
(9 missing values generated)
(9 missing values generated)
(9 missing values generated)
Estimates exported to /users/aquisper/proj_bureaucrats_farms/code/_stacked_down
> up_replication/../../tables/exploratory_analysis/politician_original_controls
> _fe_sweep/politician_original_fe30_controls_both_did_interaction_rural_acpop_
> all.csv

-------------------------------------------------------------------------------
             |           Dependent  Number of        
        Name | Command    variable     param.  Title 
-------------+-----------------------------------------------------------------
      evreg1 | reghdfejl    countk          9  HDFE linear regression with
             |                                 Julia
-------------------------------------------------------------------------------
(results evreg1 are active now)
number of observations will be reset to 4
Press any key to continue, or Break to abort
Number of observations (_N) was 0, now 4.
(4 missing values generated)
(1 real change made)
(1 real change made)
(1 real change made)
(1 real change made)
Number of observations (_N) was 4, now 5.
(1 real change made)
(1 real change made)
(1 real change made)
(file /users/aquisper/proj_bureaucrats_farms/code/_stacked_downup_replication/.
> ./../figures/exploratory_analysis/politician_original_controls_fe_sweep/polit
> ician_original_fe30_controls_both_did_interaction_rural_acpop_all_1.png not f
> ound)
file /users/aquisper/proj_bureaucrats_farms/code/_stacked_downup_replication/..
> /../figures/exploratory_analysis/politician_original_controls_fe_sweep/politi
> cian_original_fe30_controls_both_did_interaction_rural_acpop_all_1.png writte
> n in PNG format
Exported: /users/aquisper/proj_bureaucrats_farms/code/_stacked_downup_replicati
> on/../../figures/exploratory_analysis/politician_original_controls_fe_sweep/p
> olitician_original_fe30_controls_both_did_interaction_rural_acpop_all_1.png

-------------------------------------------------------------------------------
             |           Dependent  Number of        
        Name | Command    variable     param.  Title 
-------------+-----------------------------------------------------------------
      evreg1 | reghdfejl    countk         21  HDFE linear regression with
             |                                 Julia
-------------------------------------------------------------------------------
(21 missing values generated)
(21 missing values generated)
(21 missing values generated)
(21 missing values generated)
(21 missing values generated)
(21 missing values generated)
(21 missing values generated)
(21 missing values generated)
(21 missing values generated)
(21 missing values generated)
(21 missing values generated)
(21 missing values generated)
(21 missing values generated)
(21 missing values generated)
(21 missing values generated)
(21 missing values generated)
(21 missing values generated)
(21 missing values generated)
(21 missing values generated)
(21 missing values generated)
(21 missing values generated)
(21 missing values generated)
(21 missing values generated)
Estimates exported to /users/aquisper/proj_bureaucrats_farms/code/_stacked_down
> up_replication/../../tables/exploratory_analysis/politician_original_controls
> _fe_sweep/politician_original_fe31_controls_both_event_rural_acpop_all.csv

-------------------------------------------------------------------------------
             |           Dependent  Number of        
        Name | Command    variable     param.  Title 
-------------+-----------------------------------------------------------------
      evreg1 | reghdfejl    countk          9  HDFE linear regression with
             |                                 Julia
-------------------------------------------------------------------------------
(9 missing values generated)
(9 missing values generated)
(9 missing values generated)
(9 missing values generated)
(9 missing values generated)
(9 missing values generated)
(9 missing values generated)
(9 missing values generated)
(9 missing values generated)
(9 missing values generated)
(9 missing values generated)
Estimates exported to /users/aquisper/proj_bureaucrats_farms/code/_stacked_down
> up_replication/../../tables/exploratory_analysis/politician_original_controls
> _fe_sweep/politician_original_fe31_controls_both_did_interaction_rural_acpop_
> all.csv

-------------------------------------------------------------------------------
             |           Dependent  Number of        
        Name | Command    variable     param.  Title 
-------------+-----------------------------------------------------------------
      evreg1 | reghdfejl    countk          9  HDFE linear regression with
             |                                 Julia
-------------------------------------------------------------------------------
(results evreg1 are active now)
number of observations will be reset to 4
Press any key to continue, or Break to abort
Number of observations (_N) was 0, now 4.
(4 missing values generated)
(1 real change made)
(1 real change made)
(1 real change made)
(1 real change made)
Number of observations (_N) was 4, now 5.
(1 real change made)
(1 real change made)
(1 real change made)
(file /users/aquisper/proj_bureaucrats_farms/code/_stacked_downup_replication/.
> ./../figures/exploratory_analysis/politician_original_controls_fe_sweep/polit
> ician_original_fe31_controls_both_did_interaction_rural_acpop_all_1.png not f
> ound)
file /users/aquisper/proj_bureaucrats_farms/code/_stacked_downup_replication/..
> /../figures/exploratory_analysis/politician_original_controls_fe_sweep/politi
> cian_original_fe31_controls_both_did_interaction_rural_acpop_all_1.png writte
> n in PNG format
Exported: /users/aquisper/proj_bureaucrats_farms/code/_stacked_downup_replicati
> on/../../figures/exploratory_analysis/politician_original_controls_fe_sweep/p
> olitician_original_fe31_controls_both_did_interaction_rural_acpop_all_1.png

-------------------------------------------------------------------------------
             |           Dependent  Number of        
        Name | Command    variable     param.  Title 
-------------+-----------------------------------------------------------------
      evreg1 | reghdfejl    countk         21  HDFE linear regression with
             |                                 Julia
-------------------------------------------------------------------------------
(21 missing values generated)
(21 missing values generated)
(21 missing values generated)
(21 missing values generated)
(21 missing values generated)
(21 missing values generated)
(21 missing values generated)
(21 missing values generated)
(21 missing values generated)
(21 missing values generated)
(21 missing values generated)
(21 missing values generated)
(21 missing values generated)
(21 missing values generated)
(21 missing values generated)
(21 missing values generated)
(21 missing values generated)
(21 missing values generated)
(21 missing values generated)
(21 missing values generated)
(21 missing values generated)
(21 missing values generated)
(21 missing values generated)
Estimates exported to /users/aquisper/proj_bureaucrats_farms/code/_stacked_down
> up_replication/../../tables/exploratory_analysis/politician_original_controls
> _fe_sweep/politician_original_fe32_controls_both_event_rural_acpop_all.csv

-------------------------------------------------------------------------------
             |           Dependent  Number of        
        Name | Command    variable     param.  Title 
-------------+-----------------------------------------------------------------
      evreg1 | reghdfejl    countk          9  HDFE linear regression with
             |                                 Julia
-------------------------------------------------------------------------------
(9 missing values generated)
(9 missing values generated)
(9 missing values generated)
(9 missing values generated)
(9 missing values generated)
(9 missing values generated)
(9 missing values generated)
(9 missing values generated)
(9 missing values generated)
(9 missing values generated)
(9 missing values generated)
Estimates exported to /users/aquisper/proj_bureaucrats_farms/code/_stacked_down
> up_replication/../../tables/exploratory_analysis/politician_original_controls
> _fe_sweep/politician_original_fe32_controls_both_did_interaction_rural_acpop_
> all.csv

-------------------------------------------------------------------------------
             |           Dependent  Number of        
        Name | Command    variable     param.  Title 
-------------+-----------------------------------------------------------------
      evreg1 | reghdfejl    countk          9  HDFE linear regression with
             |                                 Julia
-------------------------------------------------------------------------------
(results evreg1 are active now)
number of observations will be reset to 4
Press any key to continue, or Break to abort
Number of observations (_N) was 0, now 4.
(4 missing values generated)
(1 real change made)
(1 real change made)
(1 real change made)
(1 real change made)
Number of observations (_N) was 4, now 5.
(1 real change made)
(1 real change made)
(1 real change made)
(file /users/aquisper/proj_bureaucrats_farms/code/_stacked_downup_replication/.
> ./../figures/exploratory_analysis/politician_original_controls_fe_sweep/polit
> ician_original_fe32_controls_both_did_interaction_rural_acpop_all_1.png not f
> ound)
file /users/aquisper/proj_bureaucrats_farms/code/_stacked_downup_replication/..
> /../figures/exploratory_analysis/politician_original_controls_fe_sweep/politi
> cian_original_fe32_controls_both_did_interaction_rural_acpop_all_1.png writte
> n in PNG format
Exported: /users/aquisper/proj_bureaucrats_farms/code/_stacked_downup_replicati
> on/../../figures/exploratory_analysis/politician_original_controls_fe_sweep/p
> olitician_original_fe32_controls_both_did_interaction_rural_acpop_all_1.png

-------------------------------------------------------------------------------
             |           Dependent  Number of        
        Name | Command    variable     param.  Title 
-------------+-----------------------------------------------------------------
      evreg1 | reghdfejl    countk         21  HDFE linear regression with
             |                                 Julia
-------------------------------------------------------------------------------
(21 missing values generated)
(21 missing values generated)
(21 missing values generated)
(21 missing values generated)
(21 missing values generated)
(21 missing values generated)
(21 missing values generated)
(21 missing values generated)
(21 missing values generated)
(21 missing values generated)
(21 missing values generated)
(21 missing values generated)
(21 missing values generated)
(21 missing values generated)
(21 missing values generated)
(21 missing values generated)
(21 missing values generated)
(21 missing values generated)
(21 missing values generated)
(21 missing values generated)
(21 missing values generated)
(21 missing values generated)
(21 missing values generated)
Estimates exported to /users/aquisper/proj_bureaucrats_farms/code/_stacked_down
> up_replication/../../tables/exploratory_analysis/politician_original_controls
> _fe_sweep/politician_original_fe01_controls_notyet_event_rural_acpop_all.csv

-------------------------------------------------------------------------------
             |           Dependent  Number of        
        Name | Command    variable     param.  Title 
-------------+-----------------------------------------------------------------
      evreg1 | reghdfejl    countk          9  HDFE linear regression with
             |                                 Julia
-------------------------------------------------------------------------------
(9 missing values generated)
(9 missing values generated)
(9 missing values generated)
(9 missing values generated)
(9 missing values generated)
(9 missing values generated)
(9 missing values generated)
(9 missing values generated)
(9 missing values generated)
(9 missing values generated)
(9 missing values generated)
Estimates exported to /users/aquisper/proj_bureaucrats_farms/code/_stacked_down
> up_replication/../../tables/exploratory_analysis/politician_original_controls
> _fe_sweep/politician_original_fe01_controls_notyet_did_interaction_rural_acpo
> p_all.csv

-------------------------------------------------------------------------------
             |           Dependent  Number of        
        Name | Command    variable     param.  Title 
-------------+-----------------------------------------------------------------
      evreg1 | reghdfejl    countk          9  HDFE linear regression with
             |                                 Julia
-------------------------------------------------------------------------------
(results evreg1 are active now)
number of observations will be reset to 4
Press any key to continue, or Break to abort
Number of observations (_N) was 0, now 4.
(4 missing values generated)
(1 real change made)
(1 real change made)
(1 real change made)
(1 real change made)
Number of observations (_N) was 4, now 5.
(1 real change made)
(1 real change made)
(1 real change made)
file /users/aquisper/proj_bureaucrats_farms/code/_stacked_downup_replication/..
> /../figures/exploratory_analysis/politician_original_controls_fe_sweep/politi
> cian_original_fe01_controls_notyet_did_interaction_rural_acpop_all_1.png writ
> ten in PNG format
Exported: /users/aquisper/proj_bureaucrats_farms/code/_stacked_downup_replicati
> on/../../figures/exploratory_analysis/politician_original_controls_fe_sweep/p
> olitician_original_fe01_controls_notyet_did_interaction_rural_acpop_all_1.png

-------------------------------------------------------------------------------
             |           Dependent  Number of        
        Name | Command    variable     param.  Title 
-------------+-----------------------------------------------------------------
      evreg1 | reghdfejl    countk         21  HDFE linear regression with
             |                                 Julia
-------------------------------------------------------------------------------
(21 missing values generated)
(21 missing values generated)
(21 missing values generated)
(21 missing values generated)
(21 missing values generated)
(21 missing values generated)
(21 missing values generated)
(21 missing values generated)
(21 missing values generated)
(21 missing values generated)
(21 missing values generated)
(21 missing values generated)
(21 missing values generated)
(21 missing values generated)
(21 missing values generated)
(21 missing values generated)
(21 missing values generated)
(21 missing values generated)
(21 missing values generated)
(21 missing values generated)
(21 missing values generated)
(21 missing values generated)
(21 missing values generated)
Estimates exported to /users/aquisper/proj_bureaucrats_farms/code/_stacked_down
> up_replication/../../tables/exploratory_analysis/politician_original_controls
> _fe_sweep/politician_original_fe02_controls_notyet_event_rural_acpop_all.csv

-------------------------------------------------------------------------------
             |           Dependent  Number of        
        Name | Command    variable     param.  Title 
-------------+-----------------------------------------------------------------
      evreg1 | reghdfejl    countk          9  HDFE linear regression with
             |                                 Julia
-------------------------------------------------------------------------------
(9 missing values generated)
(9 missing values generated)
(9 missing values generated)
(9 missing values generated)
(9 missing values generated)
(9 missing values generated)
(9 missing values generated)
(9 missing values generated)
(9 missing values generated)
(9 missing values generated)
(9 missing values generated)
Estimates exported to /users/aquisper/proj_bureaucrats_farms/code/_stacked_down
> up_replication/../../tables/exploratory_analysis/politician_original_controls
> _fe_sweep/politician_original_fe02_controls_notyet_did_interaction_rural_acpo
> p_all.csv

-------------------------------------------------------------------------------
             |           Dependent  Number of        
        Name | Command    variable     param.  Title 
-------------+-----------------------------------------------------------------
      evreg1 | reghdfejl    countk          9  HDFE linear regression with
             |                                 Julia
-------------------------------------------------------------------------------
(results evreg1 are active now)
number of observations will be reset to 4
Press any key to continue, or Break to abort
Number of observations (_N) was 0, now 4.
(4 missing values generated)
(1 real change made)
(1 real change made)
(1 real change made)
(1 real change made)
Number of observations (_N) was 4, now 5.
(1 real change made)
(1 real change made)
(1 real change made)
(file /users/aquisper/proj_bureaucrats_farms/code/_stacked_downup_replication/.
> ./../figures/exploratory_analysis/politician_original_controls_fe_sweep/polit
> ician_original_fe02_controls_notyet_did_interaction_rural_acpop_all_1.png not
>  found)
file /users/aquisper/proj_bureaucrats_farms/code/_stacked_downup_replication/..
> /../figures/exploratory_analysis/politician_original_controls_fe_sweep/politi
> cian_original_fe02_controls_notyet_did_interaction_rural_acpop_all_1.png writ
> ten in PNG format
Exported: /users/aquisper/proj_bureaucrats_farms/code/_stacked_downup_replicati
> on/../../figures/exploratory_analysis/politician_original_controls_fe_sweep/p
> olitician_original_fe02_controls_notyet_did_interaction_rural_acpop_all_1.png

-------------------------------------------------------------------------------
             |           Dependent  Number of        
        Name | Command    variable     param.  Title 
-------------+-----------------------------------------------------------------
      evreg1 | reghdfejl    countk         21  HDFE linear regression with
             |                                 Julia
-------------------------------------------------------------------------------
(21 missing values generated)
(21 missing values generated)
(21 missing values generated)
(21 missing values generated)
(21 missing values generated)
(21 missing values generated)
(21 missing values generated)
(21 missing values generated)
(21 missing values generated)
(21 missing values generated)
(21 missing values generated)
(21 missing values generated)
(21 missing values generated)
(21 missing values generated)
(21 missing values generated)
(21 missing values generated)
(21 missing values generated)
(21 missing values generated)
(21 missing values generated)
(21 missing values generated)
(21 missing values generated)
(21 missing values generated)
(21 missing values generated)
Estimates exported to /users/aquisper/proj_bureaucrats_farms/code/_stacked_down
> up_replication/../../tables/exploratory_analysis/politician_original_controls
> _fe_sweep/politician_original_fe03_controls_notyet_event_rural_acpop_all.csv

-------------------------------------------------------------------------------
             |           Dependent  Number of        
        Name | Command    variable     param.  Title 
-------------+-----------------------------------------------------------------
      evreg1 | reghdfejl    countk          9  HDFE linear regression with
             |                                 Julia
-------------------------------------------------------------------------------
(9 missing values generated)
(9 missing values generated)
(9 missing values generated)
(9 missing values generated)
(9 missing values generated)
(9 missing values generated)
(9 missing values generated)
(9 missing values generated)
(9 missing values generated)
(9 missing values generated)
(9 missing values generated)
Estimates exported to /users/aquisper/proj_bureaucrats_farms/code/_stacked_down
> up_replication/../../tables/exploratory_analysis/politician_original_controls
> _fe_sweep/politician_original_fe03_controls_notyet_did_interaction_rural_acpo
> p_all.csv

-------------------------------------------------------------------------------
             |           Dependent  Number of        
        Name | Command    variable     param.  Title 
-------------+-----------------------------------------------------------------
      evreg1 | reghdfejl    countk          9  HDFE linear regression with
             |                                 Julia
-------------------------------------------------------------------------------
(results evreg1 are active now)
number of observations will be reset to 4
Press any key to continue, or Break to abort
Number of observations (_N) was 0, now 4.
(4 missing values generated)
(1 real change made)
(1 real change made)
(1 real change made)
(1 real change made)
Number of observations (_N) was 4, now 5.
(1 real change made)
(1 real change made)
(1 real change made)
(file /users/aquisper/proj_bureaucrats_farms/code/_stacked_downup_replication/.
> ./../figures/exploratory_analysis/politician_original_controls_fe_sweep/polit
> ician_original_fe03_controls_notyet_did_interaction_rural_acpop_all_1.png not
>  found)
file /users/aquisper/proj_bureaucrats_farms/code/_stacked_downup_replication/..
> /../figures/exploratory_analysis/politician_original_controls_fe_sweep/politi
> cian_original_fe03_controls_notyet_did_interaction_rural_acpop_all_1.png writ
> ten in PNG format
Exported: /users/aquisper/proj_bureaucrats_farms/code/_stacked_downup_replicati
> on/../../figures/exploratory_analysis/politician_original_controls_fe_sweep/p
> olitician_original_fe03_controls_notyet_did_interaction_rural_acpop_all_1.png

-------------------------------------------------------------------------------
             |           Dependent  Number of        
        Name | Command    variable     param.  Title 
-------------+-----------------------------------------------------------------
      evreg1 | reghdfejl    countk         21  HDFE linear regression with
             |                                 Julia
-------------------------------------------------------------------------------
(21 missing values generated)
(21 missing values generated)
(21 missing values generated)
(21 missing values generated)
(21 missing values generated)
(21 missing values generated)
(21 missing values generated)
(21 missing values generated)
(21 missing values generated)
(21 missing values generated)
(21 missing values generated)
(21 missing values generated)
(21 missing values generated)
(21 missing values generated)
(21 missing values generated)
(21 missing values generated)
(21 missing values generated)
(21 missing values generated)
(21 missing values generated)
(21 missing values generated)
(21 missing values generated)
(21 missing values generated)
(21 missing values generated)
Estimates exported to /users/aquisper/proj_bureaucrats_farms/code/_stacked_down
> up_replication/../../tables/exploratory_analysis/politician_original_controls
> _fe_sweep/politician_original_fe04_controls_notyet_event_rural_acpop_all.csv

-------------------------------------------------------------------------------
             |           Dependent  Number of        
        Name | Command    variable     param.  Title 
-------------+-----------------------------------------------------------------
      evreg1 | reghdfejl    countk          9  HDFE linear regression with
             |                                 Julia
-------------------------------------------------------------------------------
(9 missing values generated)
(9 missing values generated)
(9 missing values generated)
(9 missing values generated)
(9 missing values generated)
(9 missing values generated)
(9 missing values generated)
(9 missing values generated)
(9 missing values generated)
(9 missing values generated)
(9 missing values generated)
Estimates exported to /users/aquisper/proj_bureaucrats_farms/code/_stacked_down
> up_replication/../../tables/exploratory_analysis/politician_original_controls
> _fe_sweep/politician_original_fe04_controls_notyet_did_interaction_rural_acpo
> p_all.csv

-------------------------------------------------------------------------------
             |           Dependent  Number of        
        Name | Command    variable     param.  Title 
-------------+-----------------------------------------------------------------
      evreg1 | reghdfejl    countk          9  HDFE linear regression with
             |                                 Julia
-------------------------------------------------------------------------------
(results evreg1 are active now)
number of observations will be reset to 4
Press any key to continue, or Break to abort
Number of observations (_N) was 0, now 4.
(4 missing values generated)
(1 real change made)
(1 real change made)
(1 real change made)
(1 real change made)
Number of observations (_N) was 4, now 5.
(1 real change made)
(1 real change made)
(1 real change made)
(file /users/aquisper/proj_bureaucrats_farms/code/_stacked_downup_replication/.
> ./../figures/exploratory_analysis/politician_original_controls_fe_sweep/polit
> ician_original_fe04_controls_notyet_did_interaction_rural_acpop_all_1.png not
>  found)
file /users/aquisper/proj_bureaucrats_farms/code/_stacked_downup_replication/..
> /../figures/exploratory_analysis/politician_original_controls_fe_sweep/politi
> cian_original_fe04_controls_notyet_did_interaction_rural_acpop_all_1.png writ
> ten in PNG format
Exported: /users/aquisper/proj_bureaucrats_farms/code/_stacked_downup_replicati
> on/../../figures/exploratory_analysis/politician_original_controls_fe_sweep/p
> olitician_original_fe04_controls_notyet_did_interaction_rural_acpop_all_1.png

-------------------------------------------------------------------------------
             |           Dependent  Number of        
        Name | Command    variable     param.  Title 
-------------+-----------------------------------------------------------------
      evreg1 | reghdfejl    countk         21  HDFE linear regression with
             |                                 Julia
-------------------------------------------------------------------------------
(21 missing values generated)
(21 missing values generated)
(21 missing values generated)
(21 missing values generated)
(21 missing values generated)
(21 missing values generated)
(21 missing values generated)
(21 missing values generated)
(21 missing values generated)
(21 missing values generated)
(21 missing values generated)
(21 missing values generated)
(21 missing values generated)
(21 missing values generated)
(21 missing values generated)
(21 missing values generated)
(21 missing values generated)
(21 missing values generated)
(21 missing values generated)
(21 missing values generated)
(21 missing values generated)
(21 missing values generated)
(21 missing values generated)
Estimates exported to /users/aquisper/proj_bureaucrats_farms/code/_stacked_down
> up_replication/../../tables/exploratory_analysis/politician_original_controls
> _fe_sweep/politician_original_fe05_controls_notyet_event_rural_acpop_all.csv

-------------------------------------------------------------------------------
             |           Dependent  Number of        
        Name | Command    variable     param.  Title 
-------------+-----------------------------------------------------------------
      evreg1 | reghdfejl    countk          9  HDFE linear regression with
             |                                 Julia
-------------------------------------------------------------------------------
(9 missing values generated)
(9 missing values generated)
(9 missing values generated)
(9 missing values generated)
(9 missing values generated)
(9 missing values generated)
(9 missing values generated)
(9 missing values generated)
(9 missing values generated)
(9 missing values generated)
(9 missing values generated)
Estimates exported to /users/aquisper/proj_bureaucrats_farms/code/_stacked_down
> up_replication/../../tables/exploratory_analysis/politician_original_controls
> _fe_sweep/politician_original_fe05_controls_notyet_did_interaction_rural_acpo
> p_all.csv

-------------------------------------------------------------------------------
             |           Dependent  Number of        
        Name | Command    variable     param.  Title 
-------------+-----------------------------------------------------------------
      evreg1 | reghdfejl    countk          9  HDFE linear regression with
             |                                 Julia
-------------------------------------------------------------------------------
(results evreg1 are active now)
number of observations will be reset to 4
Press any key to continue, or Break to abort
Number of observations (_N) was 0, now 4.
(4 missing values generated)
(1 real change made)
(1 real change made)
(1 real change made)
(1 real change made)
Number of observations (_N) was 4, now 5.
(1 real change made)
(1 real change made)
(1 real change made)
(file /users/aquisper/proj_bureaucrats_farms/code/_stacked_downup_replication/.
> ./../figures/exploratory_analysis/politician_original_controls_fe_sweep/polit
> ician_original_fe05_controls_notyet_did_interaction_rural_acpop_all_1.png not
>  found)
file /users/aquisper/proj_bureaucrats_farms/code/_stacked_downup_replication/..
> /../figures/exploratory_analysis/politician_original_controls_fe_sweep/politi
> cian_original_fe05_controls_notyet_did_interaction_rural_acpop_all_1.png writ
> ten in PNG format
Exported: /users/aquisper/proj_bureaucrats_farms/code/_stacked_downup_replicati
> on/../../figures/exploratory_analysis/politician_original_controls_fe_sweep/p
> olitician_original_fe05_controls_notyet_did_interaction_rural_acpop_all_1.png

-------------------------------------------------------------------------------
             |           Dependent  Number of        
        Name | Command    variable     param.  Title 
-------------+-----------------------------------------------------------------
      evreg1 | reghdfejl    countk         21  HDFE linear regression with
             |                                 Julia
-------------------------------------------------------------------------------
(21 missing values generated)
(21 missing values generated)
(21 missing values generated)
(21 missing values generated)
(21 missing values generated)
(21 missing values generated)
(21 missing values generated)
(21 missing values generated)
(21 missing values generated)
(21 missing values generated)
(21 missing values generated)
(21 missing values generated)
(21 missing values generated)
(21 missing values generated)
(21 missing values generated)
(21 missing values generated)
(21 missing values generated)
(21 missing values generated)
(21 missing values generated)
(21 missing values generated)
(21 missing values generated)
(21 missing values generated)
(21 missing values generated)
Estimates exported to /users/aquisper/proj_bureaucrats_farms/code/_stacked_down
> up_replication/../../tables/exploratory_analysis/politician_original_controls
> _fe_sweep/politician_original_fe06_controls_notyet_event_rural_acpop_all.csv

-------------------------------------------------------------------------------
             |           Dependent  Number of        
        Name | Command    variable     param.  Title 
-------------+-----------------------------------------------------------------
      evreg1 | reghdfejl    countk          9  HDFE linear regression with
             |                                 Julia
-------------------------------------------------------------------------------
(9 missing values generated)
(9 missing values generated)
(9 missing values generated)
(9 missing values generated)
(9 missing values generated)
(9 missing values generated)
(9 missing values generated)
(9 missing values generated)
(9 missing values generated)
(9 missing values generated)
(9 missing values generated)
Estimates exported to /users/aquisper/proj_bureaucrats_farms/code/_stacked_down
> up_replication/../../tables/exploratory_analysis/politician_original_controls
> _fe_sweep/politician_original_fe06_controls_notyet_did_interaction_rural_acpo
> p_all.csv

-------------------------------------------------------------------------------
             |           Dependent  Number of        
        Name | Command    variable     param.  Title 
-------------+-----------------------------------------------------------------
      evreg1 | reghdfejl    countk          9  HDFE linear regression with
             |                                 Julia
-------------------------------------------------------------------------------
(results evreg1 are active now)
number of observations will be reset to 4
Press any key to continue, or Break to abort
Number of observations (_N) was 0, now 4.
(4 missing values generated)
(1 real change made)
(1 real change made)
(1 real change made)
(1 real change made)
Number of observations (_N) was 4, now 5.
(1 real change made)
(1 real change made)
(1 real change made)
(file /users/aquisper/proj_bureaucrats_farms/code/_stacked_downup_replication/.
> ./../figures/exploratory_analysis/politician_original_controls_fe_sweep/polit
> ician_original_fe06_controls_notyet_did_interaction_rural_acpop_all_1.png not
>  found)
file /users/aquisper/proj_bureaucrats_farms/code/_stacked_downup_replication/..
> /../figures/exploratory_analysis/politician_original_controls_fe_sweep/politi
> cian_original_fe06_controls_notyet_did_interaction_rural_acpop_all_1.png writ
> ten in PNG format
Exported: /users/aquisper/proj_bureaucrats_farms/code/_stacked_downup_replicati
> on/../../figures/exploratory_analysis/politician_original_controls_fe_sweep/p
> olitician_original_fe06_controls_notyet_did_interaction_rural_acpop_all_1.png

-------------------------------------------------------------------------------
             |           Dependent  Number of        
        Name | Command    variable     param.  Title 
-------------+-----------------------------------------------------------------
      evreg1 | reghdfejl    countk         21  HDFE linear regression with
             |                                 Julia
-------------------------------------------------------------------------------
(21 missing values generated)
(21 missing values generated)
(21 missing values generated)
(21 missing values generated)
(21 missing values generated)
(21 missing values generated)
(21 missing values generated)
(21 missing values generated)
(21 missing values generated)
(21 missing values generated)
(21 missing values generated)
(21 missing values generated)
(21 missing values generated)
(21 missing values generated)
(21 missing values generated)
(21 missing values generated)
(21 missing values generated)
(21 missing values generated)
(21 missing values generated)
(21 missing values generated)
(21 missing values generated)
(21 missing values generated)
(21 missing values generated)
Estimates exported to /users/aquisper/proj_bureaucrats_farms/code/_stacked_down
> up_replication/../../tables/exploratory_analysis/politician_original_controls
> _fe_sweep/politician_original_fe07_controls_notyet_event_rural_acpop_all.csv

-------------------------------------------------------------------------------
             |           Dependent  Number of        
        Name | Command    variable     param.  Title 
-------------+-----------------------------------------------------------------
      evreg1 | reghdfejl    countk          9  HDFE linear regression with
             |                                 Julia
-------------------------------------------------------------------------------
(9 missing values generated)
(9 missing values generated)
(9 missing values generated)
(9 missing values generated)
(9 missing values generated)
(9 missing values generated)
(9 missing values generated)
(9 missing values generated)
(9 missing values generated)
(9 missing values generated)
(9 missing values generated)
Estimates exported to /users/aquisper/proj_bureaucrats_farms/code/_stacked_down
> up_replication/../../tables/exploratory_analysis/politician_original_controls
> _fe_sweep/politician_original_fe07_controls_notyet_did_interaction_rural_acpo
> p_all.csv

-------------------------------------------------------------------------------
             |           Dependent  Number of        
        Name | Command    variable     param.  Title 
-------------+-----------------------------------------------------------------
      evreg1 | reghdfejl    countk          9  HDFE linear regression with
             |                                 Julia
-------------------------------------------------------------------------------
(results evreg1 are active now)
number of observations will be reset to 4
Press any key to continue, or Break to abort
Number of observations (_N) was 0, now 4.
(4 missing values generated)
(1 real change made)
(1 real change made)
(1 real change made)
(1 real change made)
Number of observations (_N) was 4, now 5.
(1 real change made)
(1 real change made)
(1 real change made)
(file /users/aquisper/proj_bureaucrats_farms/code/_stacked_downup_replication/.
> ./../figures/exploratory_analysis/politician_original_controls_fe_sweep/polit
> ician_original_fe07_controls_notyet_did_interaction_rural_acpop_all_1.png not
>  found)
file /users/aquisper/proj_bureaucrats_farms/code/_stacked_downup_replication/..
> /../figures/exploratory_analysis/politician_original_controls_fe_sweep/politi
> cian_original_fe07_controls_notyet_did_interaction_rural_acpop_all_1.png writ
> ten in PNG format
Exported: /users/aquisper/proj_bureaucrats_farms/code/_stacked_downup_replicati
> on/../../figures/exploratory_analysis/politician_original_controls_fe_sweep/p
> olitician_original_fe07_controls_notyet_did_interaction_rural_acpop_all_1.png

-------------------------------------------------------------------------------
             |           Dependent  Number of        
        Name | Command    variable     param.  Title 
-------------+-----------------------------------------------------------------
      evreg1 | reghdfejl    countk         21  HDFE linear regression with
             |                                 Julia
-------------------------------------------------------------------------------
(21 missing values generated)
(21 missing values generated)
(21 missing values generated)
(21 missing values generated)
(21 missing values generated)
(21 missing values generated)
(21 missing values generated)
(21 missing values generated)
(21 missing values generated)
(21 missing values generated)
(21 missing values generated)
(21 missing values generated)
(21 missing values generated)
(21 missing values generated)
(21 missing values generated)
(21 missing values generated)
(21 missing values generated)
(21 missing values generated)
(21 missing values generated)
(21 missing values generated)
(21 missing values generated)
(21 missing values generated)
(21 missing values generated)
Estimates exported to /users/aquisper/proj_bureaucrats_farms/code/_stacked_down
> up_replication/../../tables/exploratory_analysis/politician_original_controls
> _fe_sweep/politician_original_fe08_controls_notyet_event_rural_acpop_all.csv

-------------------------------------------------------------------------------
             |           Dependent  Number of        
        Name | Command    variable     param.  Title 
-------------+-----------------------------------------------------------------
      evreg1 | reghdfejl    countk          9  HDFE linear regression with
             |                                 Julia
-------------------------------------------------------------------------------
(9 missing values generated)
(9 missing values generated)
(9 missing values generated)
(9 missing values generated)
(9 missing values generated)
(9 missing values generated)
(9 missing values generated)
(9 missing values generated)
(9 missing values generated)
(9 missing values generated)
(9 missing values generated)
Estimates exported to /users/aquisper/proj_bureaucrats_farms/code/_stacked_down
> up_replication/../../tables/exploratory_analysis/politician_original_controls
> _fe_sweep/politician_original_fe08_controls_notyet_did_interaction_rural_acpo
> p_all.csv

-------------------------------------------------------------------------------
             |           Dependent  Number of        
        Name | Command    variable     param.  Title 
-------------+-----------------------------------------------------------------
      evreg1 | reghdfejl    countk          9  HDFE linear regression with
             |                                 Julia
-------------------------------------------------------------------------------
(results evreg1 are active now)
number of observations will be reset to 4
Press any key to continue, or Break to abort
Number of observations (_N) was 0, now 4.
(4 missing values generated)
(1 real change made)
(1 real change made)
(1 real change made)
(1 real change made)
Number of observations (_N) was 4, now 5.
(1 real change made)
(1 real change made)
(1 real change made)
(file /users/aquisper/proj_bureaucrats_farms/code/_stacked_downup_replication/.
> ./../figures/exploratory_analysis/politician_original_controls_fe_sweep/polit
> ician_original_fe08_controls_notyet_did_interaction_rural_acpop_all_1.png not
>  found)
file /users/aquisper/proj_bureaucrats_farms/code/_stacked_downup_replication/..
> /../figures/exploratory_analysis/politician_original_controls_fe_sweep/politi
> cian_original_fe08_controls_notyet_did_interaction_rural_acpop_all_1.png writ
> ten in PNG format
Exported: /users/aquisper/proj_bureaucrats_farms/code/_stacked_downup_replicati
> on/../../figures/exploratory_analysis/politician_original_controls_fe_sweep/p
> olitician_original_fe08_controls_notyet_did_interaction_rural_acpop_all_1.png

-------------------------------------------------------------------------------
             |           Dependent  Number of        
        Name | Command    variable     param.  Title 
-------------+-----------------------------------------------------------------
      evreg1 | reghdfejl    countk         21  HDFE linear regression with
             |                                 Julia
-------------------------------------------------------------------------------
(21 missing values generated)
(21 missing values generated)
(21 missing values generated)
(21 missing values generated)
(21 missing values generated)
(21 missing values generated)
(21 missing values generated)
(21 missing values generated)
(21 missing values generated)
(21 missing values generated)
(21 missing values generated)
(21 missing values generated)
(21 missing values generated)
(21 missing values generated)
(21 missing values generated)
(21 missing values generated)
(21 missing values generated)
(21 missing values generated)
(21 missing values generated)
(21 missing values generated)
(21 missing values generated)
(21 missing values generated)
(21 missing values generated)
Estimates exported to /users/aquisper/proj_bureaucrats_farms/code/_stacked_down
> up_replication/../../tables/exploratory_analysis/politician_original_controls
> _fe_sweep/politician_original_fe09_controls_notyet_event_rural_acpop_all.csv

-------------------------------------------------------------------------------
             |           Dependent  Number of        
        Name | Command    variable     param.  Title 
-------------+-----------------------------------------------------------------
      evreg1 | reghdfejl    countk          9  HDFE linear regression with
             |                                 Julia
-------------------------------------------------------------------------------
(9 missing values generated)
(9 missing values generated)
(9 missing values generated)
(9 missing values generated)
(9 missing values generated)
(9 missing values generated)
(9 missing values generated)
(9 missing values generated)
(9 missing values generated)
(9 missing values generated)
(9 missing values generated)
Estimates exported to /users/aquisper/proj_bureaucrats_farms/code/_stacked_down
> up_replication/../../tables/exploratory_analysis/politician_original_controls
> _fe_sweep/politician_original_fe09_controls_notyet_did_interaction_rural_acpo
> p_all.csv

-------------------------------------------------------------------------------
             |           Dependent  Number of        
        Name | Command    variable     param.  Title 
-------------+-----------------------------------------------------------------
      evreg1 | reghdfejl    countk          9  HDFE linear regression with
             |                                 Julia
-------------------------------------------------------------------------------
(results evreg1 are active now)
number of observations will be reset to 4
Press any key to continue, or Break to abort
Number of observations (_N) was 0, now 4.
(4 missing values generated)
(1 real change made)
(1 real change made)
(1 real change made)
(1 real change made)
Number of observations (_N) was 4, now 5.
(1 real change made)
(1 real change made)
(1 real change made)
(file /users/aquisper/proj_bureaucrats_farms/code/_stacked_downup_replication/.
> ./../figures/exploratory_analysis/politician_original_controls_fe_sweep/polit
> ician_original_fe09_controls_notyet_did_interaction_rural_acpop_all_1.png not
>  found)
file /users/aquisper/proj_bureaucrats_farms/code/_stacked_downup_replication/..
> /../figures/exploratory_analysis/politician_original_controls_fe_sweep/politi
> cian_original_fe09_controls_notyet_did_interaction_rural_acpop_all_1.png writ
> ten in PNG format
Exported: /users/aquisper/proj_bureaucrats_farms/code/_stacked_downup_replicati
> on/../../figures/exploratory_analysis/politician_original_controls_fe_sweep/p
> olitician_original_fe09_controls_notyet_did_interaction_rural_acpop_all_1.png

-------------------------------------------------------------------------------
             |           Dependent  Number of        
        Name | Command    variable     param.  Title 
-------------+-----------------------------------------------------------------
      evreg1 | reghdfejl    countk         21  HDFE linear regression with
             |                                 Julia
-------------------------------------------------------------------------------
(21 missing values generated)
(21 missing values generated)
(21 missing values generated)
(21 missing values generated)
(21 missing values generated)
(21 missing values generated)
(21 missing values generated)
(21 missing values generated)
(21 missing values generated)
(21 missing values generated)
(21 missing values generated)
(21 missing values generated)
(21 missing values generated)
(21 missing values generated)
(21 missing values generated)
(21 missing values generated)
(21 missing values generated)
(21 missing values generated)
(21 missing values generated)
(21 missing values generated)
(21 missing values generated)
(21 missing values generated)
(21 missing values generated)
Estimates exported to /users/aquisper/proj_bureaucrats_farms/code/_stacked_down
> up_replication/../../tables/exploratory_analysis/politician_original_controls
> _fe_sweep/politician_original_fe10_controls_notyet_event_rural_acpop_all.csv

-------------------------------------------------------------------------------
             |           Dependent  Number of        
        Name | Command    variable     param.  Title 
-------------+-----------------------------------------------------------------
      evreg1 | reghdfejl    countk          9  HDFE linear regression with
             |                                 Julia
-------------------------------------------------------------------------------
(9 missing values generated)
(9 missing values generated)
(9 missing values generated)
(9 missing values generated)
(9 missing values generated)
(9 missing values generated)
(9 missing values generated)
(9 missing values generated)
(9 missing values generated)
(9 missing values generated)
(9 missing values generated)
Estimates exported to /users/aquisper/proj_bureaucrats_farms/code/_stacked_down
> up_replication/../../tables/exploratory_analysis/politician_original_controls
> _fe_sweep/politician_original_fe10_controls_notyet_did_interaction_rural_acpo
> p_all.csv

-------------------------------------------------------------------------------
             |           Dependent  Number of        
        Name | Command    variable     param.  Title 
-------------+-----------------------------------------------------------------
      evreg1 | reghdfejl    countk          9  HDFE linear regression with
             |                                 Julia
-------------------------------------------------------------------------------
(results evreg1 are active now)
number of observations will be reset to 4
Press any key to continue, or Break to abort
Number of observations (_N) was 0, now 4.
(4 missing values generated)
(1 real change made)
(1 real change made)
(1 real change made)
(1 real change made)
Number of observations (_N) was 4, now 5.
(1 real change made)
(1 real change made)
(1 real change made)
(file /users/aquisper/proj_bureaucrats_farms/code/_stacked_downup_replication/.
> ./../figures/exploratory_analysis/politician_original_controls_fe_sweep/polit
> ician_original_fe10_controls_notyet_did_interaction_rural_acpop_all_1.png not
>  found)
file /users/aquisper/proj_bureaucrats_farms/code/_stacked_downup_replication/..
> /../figures/exploratory_analysis/politician_original_controls_fe_sweep/politi
> cian_original_fe10_controls_notyet_did_interaction_rural_acpop_all_1.png writ
> ten in PNG format
Exported: /users/aquisper/proj_bureaucrats_farms/code/_stacked_downup_replicati
> on/../../figures/exploratory_analysis/politician_original_controls_fe_sweep/p
> olitician_original_fe10_controls_notyet_did_interaction_rural_acpop_all_1.png

-------------------------------------------------------------------------------
             |           Dependent  Number of        
        Name | Command    variable     param.  Title 
-------------+-----------------------------------------------------------------
      evreg1 | reghdfejl    countk         21  HDFE linear regression with
             |                                 Julia
-------------------------------------------------------------------------------
(21 missing values generated)
(21 missing values generated)
(21 missing values generated)
(21 missing values generated)
(21 missing values generated)
(21 missing values generated)
(21 missing values generated)
(21 missing values generated)
(21 missing values generated)
(21 missing values generated)
(21 missing values generated)
(21 missing values generated)
(21 missing values generated)
(21 missing values generated)
(21 missing values generated)
(21 missing values generated)
(21 missing values generated)
(21 missing values generated)
(21 missing values generated)
(21 missing values generated)
(21 missing values generated)
(21 missing values generated)
(21 missing values generated)
Estimates exported to /users/aquisper/proj_bureaucrats_farms/code/_stacked_down
> up_replication/../../tables/exploratory_analysis/politician_original_controls
> _fe_sweep/politician_original_fe11_controls_notyet_event_rural_acpop_all.csv

-------------------------------------------------------------------------------
             |           Dependent  Number of        
        Name | Command    variable     param.  Title 
-------------+-----------------------------------------------------------------
      evreg1 | reghdfejl    countk          9  HDFE linear regression with
             |                                 Julia
-------------------------------------------------------------------------------
(9 missing values generated)
(9 missing values generated)
(9 missing values generated)
(9 missing values generated)
(9 missing values generated)
(9 missing values generated)
(9 missing values generated)
(9 missing values generated)
(9 missing values generated)
(9 missing values generated)
(9 missing values generated)
Estimates exported to /users/aquisper/proj_bureaucrats_farms/code/_stacked_down
> up_replication/../../tables/exploratory_analysis/politician_original_controls
> _fe_sweep/politician_original_fe11_controls_notyet_did_interaction_rural_acpo
> p_all.csv

-------------------------------------------------------------------------------
             |           Dependent  Number of        
        Name | Command    variable     param.  Title 
-------------+-----------------------------------------------------------------
      evreg1 | reghdfejl    countk          9  HDFE linear regression with
             |                                 Julia
-------------------------------------------------------------------------------
(results evreg1 are active now)
number of observations will be reset to 4
Press any key to continue, or Break to abort
Number of observations (_N) was 0, now 4.
(4 missing values generated)
(1 real change made)
(1 real change made)
(1 real change made)
(1 real change made)
Number of observations (_N) was 4, now 5.
(1 real change made)
(1 real change made)
(1 real change made)
(file /users/aquisper/proj_bureaucrats_farms/code/_stacked_downup_replication/.
> ./../figures/exploratory_analysis/politician_original_controls_fe_sweep/polit
> ician_original_fe11_controls_notyet_did_interaction_rural_acpop_all_1.png not
>  found)
file /users/aquisper/proj_bureaucrats_farms/code/_stacked_downup_replication/..
> /../figures/exploratory_analysis/politician_original_controls_fe_sweep/politi
> cian_original_fe11_controls_notyet_did_interaction_rural_acpop_all_1.png writ
> ten in PNG format
Exported: /users/aquisper/proj_bureaucrats_farms/code/_stacked_downup_replicati
> on/../../figures/exploratory_analysis/politician_original_controls_fe_sweep/p
> olitician_original_fe11_controls_notyet_did_interaction_rural_acpop_all_1.png

-------------------------------------------------------------------------------
             |           Dependent  Number of        
        Name | Command    variable     param.  Title 
-------------+-----------------------------------------------------------------
      evreg1 | reghdfejl    countk         21  HDFE linear regression with
             |                                 Julia
-------------------------------------------------------------------------------
(21 missing values generated)
(21 missing values generated)
(21 missing values generated)
(21 missing values generated)
(21 missing values generated)
(21 missing values generated)
(21 missing values generated)
(21 missing values generated)
(21 missing values generated)
(21 missing values generated)
(21 missing values generated)
(21 missing values generated)
(21 missing values generated)
(21 missing values generated)
(21 missing values generated)
(21 missing values generated)
(21 missing values generated)
(21 missing values generated)
(21 missing values generated)
(21 missing values generated)
(21 missing values generated)
(21 missing values generated)
(21 missing values generated)
Estimates exported to /users/aquisper/proj_bureaucrats_farms/code/_stacked_down
> up_replication/../../tables/exploratory_analysis/politician_original_controls
> _fe_sweep/politician_original_fe12_controls_notyet_event_rural_acpop_all.csv

-------------------------------------------------------------------------------
             |           Dependent  Number of        
        Name | Command    variable     param.  Title 
-------------+-----------------------------------------------------------------
      evreg1 | reghdfejl    countk          9  HDFE linear regression with
             |                                 Julia
-------------------------------------------------------------------------------
(9 missing values generated)
(9 missing values generated)
(9 missing values generated)
(9 missing values generated)
(9 missing values generated)
(9 missing values generated)
(9 missing values generated)
(9 missing values generated)
(9 missing values generated)
(9 missing values generated)
(9 missing values generated)
Estimates exported to /users/aquisper/proj_bureaucrats_farms/code/_stacked_down
> up_replication/../../tables/exploratory_analysis/politician_original_controls
> _fe_sweep/politician_original_fe12_controls_notyet_did_interaction_rural_acpo
> p_all.csv

-------------------------------------------------------------------------------
             |           Dependent  Number of        
        Name | Command    variable     param.  Title 
-------------+-----------------------------------------------------------------
      evreg1 | reghdfejl    countk          9  HDFE linear regression with
             |                                 Julia
-------------------------------------------------------------------------------
(results evreg1 are active now)
number of observations will be reset to 4
Press any key to continue, or Break to abort
Number of observations (_N) was 0, now 4.
(4 missing values generated)
(1 real change made)
(1 real change made)
(1 real change made)
(1 real change made)
Number of observations (_N) was 4, now 5.
(1 real change made)
(1 real change made)
(1 real change made)
(file /users/aquisper/proj_bureaucrats_farms/code/_stacked_downup_replication/.
> ./../figures/exploratory_analysis/politician_original_controls_fe_sweep/polit
> ician_original_fe12_controls_notyet_did_interaction_rural_acpop_all_1.png not
>  found)
file /users/aquisper/proj_bureaucrats_farms/code/_stacked_downup_replication/..
> /../figures/exploratory_analysis/politician_original_controls_fe_sweep/politi
> cian_original_fe12_controls_notyet_did_interaction_rural_acpop_all_1.png writ
> ten in PNG format
Exported: /users/aquisper/proj_bureaucrats_farms/code/_stacked_downup_replicati
> on/../../figures/exploratory_analysis/politician_original_controls_fe_sweep/p
> olitician_original_fe12_controls_notyet_did_interaction_rural_acpop_all_1.png

-------------------------------------------------------------------------------
             |           Dependent  Number of        
        Name | Command    variable     param.  Title 
-------------+-----------------------------------------------------------------
      evreg1 | reghdfejl    countk         21  HDFE linear regression with
             |                                 Julia
-------------------------------------------------------------------------------
(21 missing values generated)
(21 missing values generated)
(21 missing values generated)
(21 missing values generated)
(21 missing values generated)
(21 missing values generated)
(21 missing values generated)
(21 missing values generated)
(21 missing values generated)
(21 missing values generated)
(21 missing values generated)
(21 missing values generated)
(21 missing values generated)
(21 missing values generated)
(21 missing values generated)
(21 missing values generated)
(21 missing values generated)
(21 missing values generated)
(21 missing values generated)
(21 missing values generated)
(21 missing values generated)
(21 missing values generated)
(21 missing values generated)
Estimates exported to /users/aquisper/proj_bureaucrats_farms/code/_stacked_down
> up_replication/../../tables/exploratory_analysis/politician_original_controls
> _fe_sweep/politician_original_fe13_controls_notyet_event_rural_acpop_all.csv

-------------------------------------------------------------------------------
             |           Dependent  Number of        
        Name | Command    variable     param.  Title 
-------------+-----------------------------------------------------------------
      evreg1 | reghdfejl    countk          9  HDFE linear regression with
             |                                 Julia
-------------------------------------------------------------------------------
(9 missing values generated)
(9 missing values generated)
(9 missing values generated)
(9 missing values generated)
(9 missing values generated)
(9 missing values generated)
(9 missing values generated)
(9 missing values generated)
(9 missing values generated)
(9 missing values generated)
(9 missing values generated)
Estimates exported to /users/aquisper/proj_bureaucrats_farms/code/_stacked_down
> up_replication/../../tables/exploratory_analysis/politician_original_controls
> _fe_sweep/politician_original_fe13_controls_notyet_did_interaction_rural_acpo
> p_all.csv

-------------------------------------------------------------------------------
             |           Dependent  Number of        
        Name | Command    variable     param.  Title 
-------------+-----------------------------------------------------------------
      evreg1 | reghdfejl    countk          9  HDFE linear regression with
             |                                 Julia
-------------------------------------------------------------------------------
(results evreg1 are active now)
number of observations will be reset to 4
Press any key to continue, or Break to abort
Number of observations (_N) was 0, now 4.
(4 missing values generated)
(1 real change made)
(1 real change made)
(1 real change made)
(1 real change made)
Number of observations (_N) was 4, now 5.
(1 real change made)
(1 real change made)
(1 real change made)
(file /users/aquisper/proj_bureaucrats_farms/code/_stacked_downup_replication/.
> ./../figures/exploratory_analysis/politician_original_controls_fe_sweep/polit
> ician_original_fe13_controls_notyet_did_interaction_rural_acpop_all_1.png not
>  found)
file /users/aquisper/proj_bureaucrats_farms/code/_stacked_downup_replication/..
> /../figures/exploratory_analysis/politician_original_controls_fe_sweep/politi
> cian_original_fe13_controls_notyet_did_interaction_rural_acpop_all_1.png writ
> ten in PNG format
Exported: /users/aquisper/proj_bureaucrats_farms/code/_stacked_downup_replicati
> on/../../figures/exploratory_analysis/politician_original_controls_fe_sweep/p
> olitician_original_fe13_controls_notyet_did_interaction_rural_acpop_all_1.png

-------------------------------------------------------------------------------
             |           Dependent  Number of        
        Name | Command    variable     param.  Title 
-------------+-----------------------------------------------------------------
      evreg1 | reghdfejl    countk         21  HDFE linear regression with
             |                                 Julia
-------------------------------------------------------------------------------
(21 missing values generated)
(21 missing values generated)
(21 missing values generated)
(21 missing values generated)
(21 missing values generated)
(21 missing values generated)
(21 missing values generated)
(21 missing values generated)
(21 missing values generated)
(21 missing values generated)
(21 missing values generated)
(21 missing values generated)
(21 missing values generated)
(21 missing values generated)
(21 missing values generated)
(21 missing values generated)
(21 missing values generated)
(21 missing values generated)
(21 missing values generated)
(21 missing values generated)
(21 missing values generated)
(21 missing values generated)
(21 missing values generated)
Estimates exported to /users/aquisper/proj_bureaucrats_farms/code/_stacked_down
> up_replication/../../tables/exploratory_analysis/politician_original_controls
> _fe_sweep/politician_original_fe14_controls_notyet_event_rural_acpop_all.csv

-------------------------------------------------------------------------------
             |           Dependent  Number of        
        Name | Command    variable     param.  Title 
-------------+-----------------------------------------------------------------
      evreg1 | reghdfejl    countk          9  HDFE linear regression with
             |                                 Julia
-------------------------------------------------------------------------------
(9 missing values generated)
(9 missing values generated)
(9 missing values generated)
(9 missing values generated)
(9 missing values generated)
(9 missing values generated)
(9 missing values generated)
(9 missing values generated)
(9 missing values generated)
(9 missing values generated)
(9 missing values generated)
Estimates exported to /users/aquisper/proj_bureaucrats_farms/code/_stacked_down
> up_replication/../../tables/exploratory_analysis/politician_original_controls
> _fe_sweep/politician_original_fe14_controls_notyet_did_interaction_rural_acpo
> p_all.csv

-------------------------------------------------------------------------------
             |           Dependent  Number of        
        Name | Command    variable     param.  Title 
-------------+-----------------------------------------------------------------
      evreg1 | reghdfejl    countk          9  HDFE linear regression with
             |                                 Julia
-------------------------------------------------------------------------------
(results evreg1 are active now)
number of observations will be reset to 4
Press any key to continue, or Break to abort
Number of observations (_N) was 0, now 4.
(4 missing values generated)
(1 real change made)
(1 real change made)
(1 real change made)
(1 real change made)
Number of observations (_N) was 4, now 5.
(1 real change made)
(1 real change made)
(1 real change made)
(file /users/aquisper/proj_bureaucrats_farms/code/_stacked_downup_replication/.
> ./../figures/exploratory_analysis/politician_original_controls_fe_sweep/polit
> ician_original_fe14_controls_notyet_did_interaction_rural_acpop_all_1.png not
>  found)
file /users/aquisper/proj_bureaucrats_farms/code/_stacked_downup_replication/..
> /../figures/exploratory_analysis/politician_original_controls_fe_sweep/politi
> cian_original_fe14_controls_notyet_did_interaction_rural_acpop_all_1.png writ
> ten in PNG format
Exported: /users/aquisper/proj_bureaucrats_farms/code/_stacked_downup_replicati
> on/../../figures/exploratory_analysis/politician_original_controls_fe_sweep/p
> olitician_original_fe14_controls_notyet_did_interaction_rural_acpop_all_1.png

-------------------------------------------------------------------------------
             |           Dependent  Number of        
        Name | Command    variable     param.  Title 
-------------+-----------------------------------------------------------------
      evreg1 | reghdfejl    countk         21  HDFE linear regression with
             |                                 Julia
-------------------------------------------------------------------------------
(21 missing values generated)
(21 missing values generated)
(21 missing values generated)
(21 missing values generated)
(21 missing values generated)
(21 missing values generated)
(21 missing values generated)
(21 missing values generated)
(21 missing values generated)
(21 missing values generated)
(21 missing values generated)
(21 missing values generated)
(21 missing values generated)
(21 missing values generated)
(21 missing values generated)
(21 missing values generated)
(21 missing values generated)
(21 missing values generated)
(21 missing values generated)
(21 missing values generated)
(21 missing values generated)
(21 missing values generated)
(21 missing values generated)
Estimates exported to /users/aquisper/proj_bureaucrats_farms/code/_stacked_down
> up_replication/../../tables/exploratory_analysis/politician_original_controls
> _fe_sweep/politician_original_fe15_controls_notyet_event_rural_acpop_all.csv

-------------------------------------------------------------------------------
             |           Dependent  Number of        
        Name | Command    variable     param.  Title 
-------------+-----------------------------------------------------------------
      evreg1 | reghdfejl    countk          9  HDFE linear regression with
             |                                 Julia
-------------------------------------------------------------------------------
(9 missing values generated)
(9 missing values generated)
(9 missing values generated)
(9 missing values generated)
(9 missing values generated)
(9 missing values generated)
(9 missing values generated)
(9 missing values generated)
(9 missing values generated)
(9 missing values generated)
(9 missing values generated)
Estimates exported to /users/aquisper/proj_bureaucrats_farms/code/_stacked_down
> up_replication/../../tables/exploratory_analysis/politician_original_controls
> _fe_sweep/politician_original_fe15_controls_notyet_did_interaction_rural_acpo
> p_all.csv

-------------------------------------------------------------------------------
             |           Dependent  Number of        
        Name | Command    variable     param.  Title 
-------------+-----------------------------------------------------------------
      evreg1 | reghdfejl    countk          9  HDFE linear regression with
             |                                 Julia
-------------------------------------------------------------------------------
(results evreg1 are active now)
number of observations will be reset to 4
Press any key to continue, or Break to abort
Number of observations (_N) was 0, now 4.
(4 missing values generated)
(1 real change made)
(1 real change made)
(1 real change made)
(1 real change made)
Number of observations (_N) was 4, now 5.
(1 real change made)
(1 real change made)
(1 real change made)
(file /users/aquisper/proj_bureaucrats_farms/code/_stacked_downup_replication/.
> ./../figures/exploratory_analysis/politician_original_controls_fe_sweep/polit
> ician_original_fe15_controls_notyet_did_interaction_rural_acpop_all_1.png not
>  found)
file /users/aquisper/proj_bureaucrats_farms/code/_stacked_downup_replication/..
> /../figures/exploratory_analysis/politician_original_controls_fe_sweep/politi
> cian_original_fe15_controls_notyet_did_interaction_rural_acpop_all_1.png writ
> ten in PNG format
Exported: /users/aquisper/proj_bureaucrats_farms/code/_stacked_downup_replicati
> on/../../figures/exploratory_analysis/politician_original_controls_fe_sweep/p
> olitician_original_fe15_controls_notyet_did_interaction_rural_acpop_all_1.png

-------------------------------------------------------------------------------
             |           Dependent  Number of        
        Name | Command    variable     param.  Title 
-------------+-----------------------------------------------------------------
      evreg1 | reghdfejl    countk         21  HDFE linear regression with
             |                                 Julia
-------------------------------------------------------------------------------
(21 missing values generated)
(21 missing values generated)
(21 missing values generated)
(21 missing values generated)
(21 missing values generated)
(21 missing values generated)
(21 missing values generated)
(21 missing values generated)
(21 missing values generated)
(21 missing values generated)
(21 missing values generated)
(21 missing values generated)
(21 missing values generated)
(21 missing values generated)
(21 missing values generated)
(21 missing values generated)
(21 missing values generated)
(21 missing values generated)
(21 missing values generated)
(21 missing values generated)
(21 missing values generated)
(21 missing values generated)
(21 missing values generated)
Estimates exported to /users/aquisper/proj_bureaucrats_farms/code/_stacked_down
> up_replication/../../tables/exploratory_analysis/politician_original_controls
> _fe_sweep/politician_original_fe16_controls_notyet_event_rural_acpop_all.csv

-------------------------------------------------------------------------------
             |           Dependent  Number of        
        Name | Command    variable     param.  Title 
-------------+-----------------------------------------------------------------
      evreg1 | reghdfejl    countk          9  HDFE linear regression with
             |                                 Julia
-------------------------------------------------------------------------------
(9 missing values generated)
(9 missing values generated)
(9 missing values generated)
(9 missing values generated)
(9 missing values generated)
(9 missing values generated)
(9 missing values generated)
(9 missing values generated)
(9 missing values generated)
(9 missing values generated)
(9 missing values generated)
Estimates exported to /users/aquisper/proj_bureaucrats_farms/code/_stacked_down
> up_replication/../../tables/exploratory_analysis/politician_original_controls
> _fe_sweep/politician_original_fe16_controls_notyet_did_interaction_rural_acpo
> p_all.csv

-------------------------------------------------------------------------------
             |           Dependent  Number of        
        Name | Command    variable     param.  Title 
-------------+-----------------------------------------------------------------
      evreg1 | reghdfejl    countk          9  HDFE linear regression with
             |                                 Julia
-------------------------------------------------------------------------------
(results evreg1 are active now)
number of observations will be reset to 4
Press any key to continue, or Break to abort
Number of observations (_N) was 0, now 4.
(4 missing values generated)
(1 real change made)
(1 real change made)
(1 real change made)
(1 real change made)
Number of observations (_N) was 4, now 5.
(1 real change made)
(1 real change made)
(1 real change made)
(file /users/aquisper/proj_bureaucrats_farms/code/_stacked_downup_replication/.
> ./../figures/exploratory_analysis/politician_original_controls_fe_sweep/polit
> ician_original_fe16_controls_notyet_did_interaction_rural_acpop_all_1.png not
>  found)
file /users/aquisper/proj_bureaucrats_farms/code/_stacked_downup_replication/..
> /../figures/exploratory_analysis/politician_original_controls_fe_sweep/politi
> cian_original_fe16_controls_notyet_did_interaction_rural_acpop_all_1.png writ
> ten in PNG format
Exported: /users/aquisper/proj_bureaucrats_farms/code/_stacked_downup_replicati
> on/../../figures/exploratory_analysis/politician_original_controls_fe_sweep/p
> olitician_original_fe16_controls_notyet_did_interaction_rural_acpop_all_1.png

-------------------------------------------------------------------------------
             |           Dependent  Number of        
        Name | Command    variable     param.  Title 
-------------+-----------------------------------------------------------------
      evreg1 | reghdfejl    countk         21  HDFE linear regression with
             |                                 Julia
-------------------------------------------------------------------------------
(21 missing values generated)
(21 missing values generated)
(21 missing values generated)
(21 missing values generated)
(21 missing values generated)
(21 missing values generated)
(21 missing values generated)
(21 missing values generated)
(21 missing values generated)
(21 missing values generated)
(21 missing values generated)
(21 missing values generated)
(21 missing values generated)
(21 missing values generated)
(21 missing values generated)
(21 missing values generated)
(21 missing values generated)
(21 missing values generated)
(21 missing values generated)
(21 missing values generated)
(21 missing values generated)
(21 missing values generated)
(21 missing values generated)
Estimates exported to /users/aquisper/proj_bureaucrats_farms/code/_stacked_down
> up_replication/../../tables/exploratory_analysis/politician_original_controls
> _fe_sweep/politician_original_fe17_controls_notyet_event_rural_acpop_all.csv

-------------------------------------------------------------------------------
             |           Dependent  Number of        
        Name | Command    variable     param.  Title 
-------------+-----------------------------------------------------------------
      evreg1 | reghdfejl    countk          9  HDFE linear regression with
             |                                 Julia
-------------------------------------------------------------------------------
(9 missing values generated)
(9 missing values generated)
(9 missing values generated)
(9 missing values generated)
(9 missing values generated)
(9 missing values generated)
(9 missing values generated)
(9 missing values generated)
(9 missing values generated)
(9 missing values generated)
(9 missing values generated)
Estimates exported to /users/aquisper/proj_bureaucrats_farms/code/_stacked_down
> up_replication/../../tables/exploratory_analysis/politician_original_controls
> _fe_sweep/politician_original_fe17_controls_notyet_did_interaction_rural_acpo
> p_all.csv

-------------------------------------------------------------------------------
             |           Dependent  Number of        
        Name | Command    variable     param.  Title 
-------------+-----------------------------------------------------------------
      evreg1 | reghdfejl    countk          9  HDFE linear regression with
             |                                 Julia
-------------------------------------------------------------------------------
(results evreg1 are active now)
number of observations will be reset to 4
Press any key to continue, or Break to abort
Number of observations (_N) was 0, now 4.
(4 missing values generated)
(1 real change made)
(1 real change made)
(1 real change made)
(1 real change made)
Number of observations (_N) was 4, now 5.
(1 real change made)
(1 real change made)
(1 real change made)
(file /users/aquisper/proj_bureaucrats_farms/code/_stacked_downup_replication/.
> ./../figures/exploratory_analysis/politician_original_controls_fe_sweep/polit
> ician_original_fe17_controls_notyet_did_interaction_rural_acpop_all_1.png not
>  found)
file /users/aquisper/proj_bureaucrats_farms/code/_stacked_downup_replication/..
> /../figures/exploratory_analysis/politician_original_controls_fe_sweep/politi
> cian_original_fe17_controls_notyet_did_interaction_rural_acpop_all_1.png writ
> ten in PNG format
Exported: /users/aquisper/proj_bureaucrats_farms/code/_stacked_downup_replicati
> on/../../figures/exploratory_analysis/politician_original_controls_fe_sweep/p
> olitician_original_fe17_controls_notyet_did_interaction_rural_acpop_all_1.png

-------------------------------------------------------------------------------
             |           Dependent  Number of        
        Name | Command    variable     param.  Title 
-------------+-----------------------------------------------------------------
      evreg1 | reghdfejl    countk         21  HDFE linear regression with
             |                                 Julia
-------------------------------------------------------------------------------
(21 missing values generated)
(21 missing values generated)
(21 missing values generated)
(21 missing values generated)
(21 missing values generated)
(21 missing values generated)
(21 missing values generated)
(21 missing values generated)
(21 missing values generated)
(21 missing values generated)
(21 missing values generated)
(21 missing values generated)
(21 missing values generated)
(21 missing values generated)
(21 missing values generated)
(21 missing values generated)
(21 missing values generated)
(21 missing values generated)
(21 missing values generated)
(21 missing values generated)
(21 missing values generated)
(21 missing values generated)
(21 missing values generated)
Estimates exported to /users/aquisper/proj_bureaucrats_farms/code/_stacked_down
> up_replication/../../tables/exploratory_analysis/politician_original_controls
> _fe_sweep/politician_original_fe18_controls_notyet_event_rural_acpop_all.csv

-------------------------------------------------------------------------------
             |           Dependent  Number of        
        Name | Command    variable     param.  Title 
-------------+-----------------------------------------------------------------
      evreg1 | reghdfejl    countk          9  HDFE linear regression with
             |                                 Julia
-------------------------------------------------------------------------------
(9 missing values generated)
(9 missing values generated)
(9 missing values generated)
(9 missing values generated)
(9 missing values generated)
(9 missing values generated)
(9 missing values generated)
(9 missing values generated)
(9 missing values generated)
(9 missing values generated)
(9 missing values generated)
Estimates exported to /users/aquisper/proj_bureaucrats_farms/code/_stacked_down
> up_replication/../../tables/exploratory_analysis/politician_original_controls
> _fe_sweep/politician_original_fe18_controls_notyet_did_interaction_rural_acpo
> p_all.csv

-------------------------------------------------------------------------------
             |           Dependent  Number of        
        Name | Command    variable     param.  Title 
-------------+-----------------------------------------------------------------
      evreg1 | reghdfejl    countk          9  HDFE linear regression with
             |                                 Julia
-------------------------------------------------------------------------------
(results evreg1 are active now)
number of observations will be reset to 4
Press any key to continue, or Break to abort
Number of observations (_N) was 0, now 4.
(4 missing values generated)
(1 real change made)
(1 real change made)
(1 real change made)
(1 real change made)
Number of observations (_N) was 4, now 5.
(1 real change made)
(1 real change made)
(1 real change made)
(file /users/aquisper/proj_bureaucrats_farms/code/_stacked_downup_replication/.
> ./../figures/exploratory_analysis/politician_original_controls_fe_sweep/polit
> ician_original_fe18_controls_notyet_did_interaction_rural_acpop_all_1.png not
>  found)
file /users/aquisper/proj_bureaucrats_farms/code/_stacked_downup_replication/..
> /../figures/exploratory_analysis/politician_original_controls_fe_sweep/politi
> cian_original_fe18_controls_notyet_did_interaction_rural_acpop_all_1.png writ
> ten in PNG format
Exported: /users/aquisper/proj_bureaucrats_farms/code/_stacked_downup_replicati
> on/../../figures/exploratory_analysis/politician_original_controls_fe_sweep/p
> olitician_original_fe18_controls_notyet_did_interaction_rural_acpop_all_1.png

-------------------------------------------------------------------------------
             |           Dependent  Number of        
        Name | Command    variable     param.  Title 
-------------+-----------------------------------------------------------------
      evreg1 | reghdfejl    countk         21  HDFE linear regression with
             |                                 Julia
-------------------------------------------------------------------------------
(21 missing values generated)
(21 missing values generated)
(21 missing values generated)
(21 missing values generated)
(21 missing values generated)
(21 missing values generated)
(21 missing values generated)
(21 missing values generated)
(21 missing values generated)
(21 missing values generated)
(21 missing values generated)
(21 missing values generated)
(21 missing values generated)
(21 missing values generated)
(21 missing values generated)
(21 missing values generated)
(21 missing values generated)
(21 missing values generated)
(21 missing values generated)
(21 missing values generated)
(21 missing values generated)
(21 missing values generated)
(21 missing values generated)
Estimates exported to /users/aquisper/proj_bureaucrats_farms/code/_stacked_down
> up_replication/../../tables/exploratory_analysis/politician_original_controls
> _fe_sweep/politician_original_fe19_controls_notyet_event_rural_acpop_all.csv

-------------------------------------------------------------------------------
             |           Dependent  Number of        
        Name | Command    variable     param.  Title 
-------------+-----------------------------------------------------------------
      evreg1 | reghdfejl    countk          9  HDFE linear regression with
             |                                 Julia
-------------------------------------------------------------------------------
(9 missing values generated)
(9 missing values generated)
(9 missing values generated)
(9 missing values generated)
(9 missing values generated)
(9 missing values generated)
(9 missing values generated)
(9 missing values generated)
(9 missing values generated)
(9 missing values generated)
(9 missing values generated)
Estimates exported to /users/aquisper/proj_bureaucrats_farms/code/_stacked_down
> up_replication/../../tables/exploratory_analysis/politician_original_controls
> _fe_sweep/politician_original_fe19_controls_notyet_did_interaction_rural_acpo
> p_all.csv

-------------------------------------------------------------------------------
             |           Dependent  Number of        
        Name | Command    variable     param.  Title 
-------------+-----------------------------------------------------------------
      evreg1 | reghdfejl    countk          9  HDFE linear regression with
             |                                 Julia
-------------------------------------------------------------------------------
(results evreg1 are active now)
number of observations will be reset to 4
Press any key to continue, or Break to abort
Number of observations (_N) was 0, now 4.
(4 missing values generated)
(1 real change made)
(1 real change made)
(1 real change made)
(1 real change made)
Number of observations (_N) was 4, now 5.
(1 real change made)
(1 real change made)
(1 real change made)
(file /users/aquisper/proj_bureaucrats_farms/code/_stacked_downup_replication/.
> ./../figures/exploratory_analysis/politician_original_controls_fe_sweep/polit
> ician_original_fe19_controls_notyet_did_interaction_rural_acpop_all_1.png not
>  found)
file /users/aquisper/proj_bureaucrats_farms/code/_stacked_downup_replication/..
> /../figures/exploratory_analysis/politician_original_controls_fe_sweep/politi
> cian_original_fe19_controls_notyet_did_interaction_rural_acpop_all_1.png writ
> ten in PNG format
Exported: /users/aquisper/proj_bureaucrats_farms/code/_stacked_downup_replicati
> on/../../figures/exploratory_analysis/politician_original_controls_fe_sweep/p
> olitician_original_fe19_controls_notyet_did_interaction_rural_acpop_all_1.png

-------------------------------------------------------------------------------
             |           Dependent  Number of        
        Name | Command    variable     param.  Title 
-------------+-----------------------------------------------------------------
      evreg1 | reghdfejl    countk         21  HDFE linear regression with
             |                                 Julia
-------------------------------------------------------------------------------
(21 missing values generated)
(21 missing values generated)
(21 missing values generated)
(21 missing values generated)
(21 missing values generated)
(21 missing values generated)
(21 missing values generated)
(21 missing values generated)
(21 missing values generated)
(21 missing values generated)
(21 missing values generated)
(21 missing values generated)
(21 missing values generated)
(21 missing values generated)
(21 missing values generated)
(21 missing values generated)
(21 missing values generated)
(21 missing values generated)
(21 missing values generated)
(21 missing values generated)
(21 missing values generated)
(21 missing values generated)
(21 missing values generated)
Estimates exported to /users/aquisper/proj_bureaucrats_farms/code/_stacked_down
> up_replication/../../tables/exploratory_analysis/politician_original_controls
> _fe_sweep/politician_original_fe20_controls_notyet_event_rural_acpop_all.csv

-------------------------------------------------------------------------------
             |           Dependent  Number of        
        Name | Command    variable     param.  Title 
-------------+-----------------------------------------------------------------
      evreg1 | reghdfejl    countk          9  HDFE linear regression with
             |                                 Julia
-------------------------------------------------------------------------------
(9 missing values generated)
(9 missing values generated)
(9 missing values generated)
(9 missing values generated)
(9 missing values generated)
(9 missing values generated)
(9 missing values generated)
(9 missing values generated)
(9 missing values generated)
(9 missing values generated)
(9 missing values generated)
Estimates exported to /users/aquisper/proj_bureaucrats_farms/code/_stacked_down
> up_replication/../../tables/exploratory_analysis/politician_original_controls
> _fe_sweep/politician_original_fe20_controls_notyet_did_interaction_rural_acpo
> p_all.csv

-------------------------------------------------------------------------------
             |           Dependent  Number of        
        Name | Command    variable     param.  Title 
-------------+-----------------------------------------------------------------
      evreg1 | reghdfejl    countk          9  HDFE linear regression with
             |                                 Julia
-------------------------------------------------------------------------------
(results evreg1 are active now)
number of observations will be reset to 4
Press any key to continue, or Break to abort
Number of observations (_N) was 0, now 4.
(4 missing values generated)
(1 real change made)
(1 real change made)
(1 real change made)
(1 real change made)
Number of observations (_N) was 4, now 5.
(1 real change made)
(1 real change made)
(1 real change made)
(file /users/aquisper/proj_bureaucrats_farms/code/_stacked_downup_replication/.
> ./../figures/exploratory_analysis/politician_original_controls_fe_sweep/polit
> ician_original_fe20_controls_notyet_did_interaction_rural_acpop_all_1.png not
>  found)
file /users/aquisper/proj_bureaucrats_farms/code/_stacked_downup_replication/..
> /../figures/exploratory_analysis/politician_original_controls_fe_sweep/politi
> cian_original_fe20_controls_notyet_did_interaction_rural_acpop_all_1.png writ
> ten in PNG format
Exported: /users/aquisper/proj_bureaucrats_farms/code/_stacked_downup_replicati
> on/../../figures/exploratory_analysis/politician_original_controls_fe_sweep/p
> olitician_original_fe20_controls_notyet_did_interaction_rural_acpop_all_1.png

-------------------------------------------------------------------------------
             |           Dependent  Number of        
        Name | Command    variable     param.  Title 
-------------+-----------------------------------------------------------------
      evreg1 | reghdfejl    countk         21  HDFE linear regression with
             |                                 Julia
-------------------------------------------------------------------------------
(21 missing values generated)
(21 missing values generated)
(21 missing values generated)
(21 missing values generated)
(21 missing values generated)
(21 missing values generated)
(21 missing values generated)
(21 missing values generated)
(21 missing values generated)
(21 missing values generated)
(21 missing values generated)
(21 missing values generated)
(21 missing values generated)
(21 missing values generated)
(21 missing values generated)
(21 missing values generated)
(21 missing values generated)
(21 missing values generated)
(21 missing values generated)
(21 missing values generated)
(21 missing values generated)
(21 missing values generated)
(21 missing values generated)
Estimates exported to /users/aquisper/proj_bureaucrats_farms/code/_stacked_down
> up_replication/../../tables/exploratory_analysis/politician_original_controls
> _fe_sweep/politician_original_fe21_controls_notyet_event_rural_acpop_all.csv

-------------------------------------------------------------------------------
             |           Dependent  Number of        
        Name | Command    variable     param.  Title 
-------------+-----------------------------------------------------------------
      evreg1 | reghdfejl    countk          9  HDFE linear regression with
             |                                 Julia
-------------------------------------------------------------------------------
(9 missing values generated)
(9 missing values generated)
(9 missing values generated)
(9 missing values generated)
(9 missing values generated)
(9 missing values generated)
(9 missing values generated)
(9 missing values generated)
(9 missing values generated)
(9 missing values generated)
(9 missing values generated)
Estimates exported to /users/aquisper/proj_bureaucrats_farms/code/_stacked_down
> up_replication/../../tables/exploratory_analysis/politician_original_controls
> _fe_sweep/politician_original_fe21_controls_notyet_did_interaction_rural_acpo
> p_all.csv

-------------------------------------------------------------------------------
             |           Dependent  Number of        
        Name | Command    variable     param.  Title 
-------------+-----------------------------------------------------------------
      evreg1 | reghdfejl    countk          9  HDFE linear regression with
             |                                 Julia
-------------------------------------------------------------------------------
(results evreg1 are active now)
number of observations will be reset to 4
Press any key to continue, or Break to abort
Number of observations (_N) was 0, now 4.
(4 missing values generated)
(1 real change made)
(1 real change made)
(1 real change made)
(1 real change made)
Number of observations (_N) was 4, now 5.
(1 real change made)
(1 real change made)
(1 real change made)
(file /users/aquisper/proj_bureaucrats_farms/code/_stacked_downup_replication/.
> ./../figures/exploratory_analysis/politician_original_controls_fe_sweep/polit
> ician_original_fe21_controls_notyet_did_interaction_rural_acpop_all_1.png not
>  found)
file /users/aquisper/proj_bureaucrats_farms/code/_stacked_downup_replication/..
> /../figures/exploratory_analysis/politician_original_controls_fe_sweep/politi
> cian_original_fe21_controls_notyet_did_interaction_rural_acpop_all_1.png writ
> ten in PNG format
Exported: /users/aquisper/proj_bureaucrats_farms/code/_stacked_downup_replicati
> on/../../figures/exploratory_analysis/politician_original_controls_fe_sweep/p
> olitician_original_fe21_controls_notyet_did_interaction_rural_acpop_all_1.png

-------------------------------------------------------------------------------
             |           Dependent  Number of        
        Name | Command    variable     param.  Title 
-------------+-----------------------------------------------------------------
      evreg1 | reghdfejl    countk         21  HDFE linear regression with
             |                                 Julia
-------------------------------------------------------------------------------
(21 missing values generated)
(21 missing values generated)
(21 missing values generated)
(21 missing values generated)
(21 missing values generated)
(21 missing values generated)
(21 missing values generated)
(21 missing values generated)
(21 missing values generated)
(21 missing values generated)
(21 missing values generated)
(21 missing values generated)
(21 missing values generated)
(21 missing values generated)
(21 missing values generated)
(21 missing values generated)
(21 missing values generated)
(21 missing values generated)
(21 missing values generated)
(21 missing values generated)
(21 missing values generated)
(21 missing values generated)
(21 missing values generated)
Estimates exported to /users/aquisper/proj_bureaucrats_farms/code/_stacked_down
> up_replication/../../tables/exploratory_analysis/politician_original_controls
> _fe_sweep/politician_original_fe22_controls_notyet_event_rural_acpop_all.csv

-------------------------------------------------------------------------------
             |           Dependent  Number of        
        Name | Command    variable     param.  Title 
-------------+-----------------------------------------------------------------
      evreg1 | reghdfejl    countk          9  HDFE linear regression with
             |                                 Julia
-------------------------------------------------------------------------------
(9 missing values generated)
(9 missing values generated)
(9 missing values generated)
(9 missing values generated)
(9 missing values generated)
(9 missing values generated)
(9 missing values generated)
(9 missing values generated)
(9 missing values generated)
(9 missing values generated)
(9 missing values generated)
Estimates exported to /users/aquisper/proj_bureaucrats_farms/code/_stacked_down
> up_replication/../../tables/exploratory_analysis/politician_original_controls
> _fe_sweep/politician_original_fe22_controls_notyet_did_interaction_rural_acpo
> p_all.csv

-------------------------------------------------------------------------------
             |           Dependent  Number of        
        Name | Command    variable     param.  Title 
-------------+-----------------------------------------------------------------
      evreg1 | reghdfejl    countk          9  HDFE linear regression with
             |                                 Julia
-------------------------------------------------------------------------------
(results evreg1 are active now)
number of observations will be reset to 4
Press any key to continue, or Break to abort
Number of observations (_N) was 0, now 4.
(4 missing values generated)
(1 real change made)
(1 real change made)
(1 real change made)
(1 real change made)
Number of observations (_N) was 4, now 5.
(1 real change made)
(1 real change made)
(1 real change made)
(file /users/aquisper/proj_bureaucrats_farms/code/_stacked_downup_replication/.
> ./../figures/exploratory_analysis/politician_original_controls_fe_sweep/polit
> ician_original_fe22_controls_notyet_did_interaction_rural_acpop_all_1.png not
>  found)
file /users/aquisper/proj_bureaucrats_farms/code/_stacked_downup_replication/..
> /../figures/exploratory_analysis/politician_original_controls_fe_sweep/politi
> cian_original_fe22_controls_notyet_did_interaction_rural_acpop_all_1.png writ
> ten in PNG format
Exported: /users/aquisper/proj_bureaucrats_farms/code/_stacked_downup_replicati
> on/../../figures/exploratory_analysis/politician_original_controls_fe_sweep/p
> olitician_original_fe22_controls_notyet_did_interaction_rural_acpop_all_1.png

-------------------------------------------------------------------------------
             |           Dependent  Number of        
        Name | Command    variable     param.  Title 
-------------+-----------------------------------------------------------------
      evreg1 | reghdfejl    countk         21  HDFE linear regression with
             |                                 Julia
-------------------------------------------------------------------------------
(21 missing values generated)
(21 missing values generated)
(21 missing values generated)
(21 missing values generated)
(21 missing values generated)
(21 missing values generated)
(21 missing values generated)
(21 missing values generated)
(21 missing values generated)
(21 missing values generated)
(21 missing values generated)
(21 missing values generated)
(21 missing values generated)
(21 missing values generated)
(21 missing values generated)
(21 missing values generated)
(21 missing values generated)
(21 missing values generated)
(21 missing values generated)
(21 missing values generated)
(21 missing values generated)
(21 missing values generated)
(21 missing values generated)
Estimates exported to /users/aquisper/proj_bureaucrats_farms/code/_stacked_down
> up_replication/../../tables/exploratory_analysis/politician_original_controls
> _fe_sweep/politician_original_fe23_controls_notyet_event_rural_acpop_all.csv

-------------------------------------------------------------------------------
             |           Dependent  Number of        
        Name | Command    variable     param.  Title 
-------------+-----------------------------------------------------------------
      evreg1 | reghdfejl    countk          9  HDFE linear regression with
             |                                 Julia
-------------------------------------------------------------------------------
(9 missing values generated)
(9 missing values generated)
(9 missing values generated)
(9 missing values generated)
(9 missing values generated)
(9 missing values generated)
(9 missing values generated)
(9 missing values generated)
(9 missing values generated)
(9 missing values generated)
(9 missing values generated)
Estimates exported to /users/aquisper/proj_bureaucrats_farms/code/_stacked_down
> up_replication/../../tables/exploratory_analysis/politician_original_controls
> _fe_sweep/politician_original_fe23_controls_notyet_did_interaction_rural_acpo
> p_all.csv

-------------------------------------------------------------------------------
             |           Dependent  Number of        
        Name | Command    variable     param.  Title 
-------------+-----------------------------------------------------------------
      evreg1 | reghdfejl    countk          9  HDFE linear regression with
             |                                 Julia
-------------------------------------------------------------------------------
(results evreg1 are active now)
number of observations will be reset to 4
Press any key to continue, or Break to abort
Number of observations (_N) was 0, now 4.
(4 missing values generated)
(1 real change made)
(1 real change made)
(1 real change made)
(1 real change made)
Number of observations (_N) was 4, now 5.
(1 real change made)
(1 real change made)
(1 real change made)
(file /users/aquisper/proj_bureaucrats_farms/code/_stacked_downup_replication/.
> ./../figures/exploratory_analysis/politician_original_controls_fe_sweep/polit
> ician_original_fe23_controls_notyet_did_interaction_rural_acpop_all_1.png not
>  found)
file /users/aquisper/proj_bureaucrats_farms/code/_stacked_downup_replication/..
> /../figures/exploratory_analysis/politician_original_controls_fe_sweep/politi
> cian_original_fe23_controls_notyet_did_interaction_rural_acpop_all_1.png writ
> ten in PNG format
Exported: /users/aquisper/proj_bureaucrats_farms/code/_stacked_downup_replicati
> on/../../figures/exploratory_analysis/politician_original_controls_fe_sweep/p
> olitician_original_fe23_controls_notyet_did_interaction_rural_acpop_all_1.png

-------------------------------------------------------------------------------
             |           Dependent  Number of        
        Name | Command    variable     param.  Title 
-------------+-----------------------------------------------------------------
      evreg1 | reghdfejl    countk         21  HDFE linear regression with
             |                                 Julia
-------------------------------------------------------------------------------
(21 missing values generated)
(21 missing values generated)
(21 missing values generated)
(21 missing values generated)
(21 missing values generated)
(21 missing values generated)
(21 missing values generated)
(21 missing values generated)
(21 missing values generated)
(21 missing values generated)
(21 missing values generated)
(21 missing values generated)
(21 missing values generated)
(21 missing values generated)
(21 missing values generated)
(21 missing values generated)
(21 missing values generated)
(21 missing values generated)
(21 missing values generated)
(21 missing values generated)
(21 missing values generated)
(21 missing values generated)
(21 missing values generated)
Estimates exported to /users/aquisper/proj_bureaucrats_farms/code/_stacked_down
> up_replication/../../tables/exploratory_analysis/politician_original_controls
> _fe_sweep/politician_original_fe24_controls_notyet_event_rural_acpop_all.csv

-------------------------------------------------------------------------------
             |           Dependent  Number of        
        Name | Command    variable     param.  Title 
-------------+-----------------------------------------------------------------
      evreg1 | reghdfejl    countk          9  HDFE linear regression with
             |                                 Julia
-------------------------------------------------------------------------------
(9 missing values generated)
(9 missing values generated)
(9 missing values generated)
(9 missing values generated)
(9 missing values generated)
(9 missing values generated)
(9 missing values generated)
(9 missing values generated)
(9 missing values generated)
(9 missing values generated)
(9 missing values generated)
Estimates exported to /users/aquisper/proj_bureaucrats_farms/code/_stacked_down
> up_replication/../../tables/exploratory_analysis/politician_original_controls
> _fe_sweep/politician_original_fe24_controls_notyet_did_interaction_rural_acpo
> p_all.csv

-------------------------------------------------------------------------------
             |           Dependent  Number of        
        Name | Command    variable     param.  Title 
-------------+-----------------------------------------------------------------
      evreg1 | reghdfejl    countk          9  HDFE linear regression with
             |                                 Julia
-------------------------------------------------------------------------------
(results evreg1 are active now)
number of observations will be reset to 4
Press any key to continue, or Break to abort
Number of observations (_N) was 0, now 4.
(4 missing values generated)
(1 real change made)
(1 real change made)
(1 real change made)
(1 real change made)
Number of observations (_N) was 4, now 5.
(1 real change made)
(1 real change made)
(1 real change made)
(file /users/aquisper/proj_bureaucrats_farms/code/_stacked_downup_replication/.
> ./../figures/exploratory_analysis/politician_original_controls_fe_sweep/polit
> ician_original_fe24_controls_notyet_did_interaction_rural_acpop_all_1.png not
>  found)
file /users/aquisper/proj_bureaucrats_farms/code/_stacked_downup_replication/..
> /../figures/exploratory_analysis/politician_original_controls_fe_sweep/politi
> cian_original_fe24_controls_notyet_did_interaction_rural_acpop_all_1.png writ
> ten in PNG format
Exported: /users/aquisper/proj_bureaucrats_farms/code/_stacked_downup_replicati
> on/../../figures/exploratory_analysis/politician_original_controls_fe_sweep/p
> olitician_original_fe24_controls_notyet_did_interaction_rural_acpop_all_1.png

-------------------------------------------------------------------------------
             |           Dependent  Number of        
        Name | Command    variable     param.  Title 
-------------+-----------------------------------------------------------------
      evreg1 | reghdfejl    countk         21  HDFE linear regression with
             |                                 Julia
-------------------------------------------------------------------------------
(21 missing values generated)
(21 missing values generated)
(21 missing values generated)
(21 missing values generated)
(21 missing values generated)
(21 missing values generated)
(21 missing values generated)
(21 missing values generated)
(21 missing values generated)
(21 missing values generated)
(21 missing values generated)
(21 missing values generated)
(21 missing values generated)
(21 missing values generated)
(21 missing values generated)
(21 missing values generated)
(21 missing values generated)
(21 missing values generated)
(21 missing values generated)
(21 missing values generated)
(21 missing values generated)
(21 missing values generated)
(21 missing values generated)
Estimates exported to /users/aquisper/proj_bureaucrats_farms/code/_stacked_down
> up_replication/../../tables/exploratory_analysis/politician_original_controls
> _fe_sweep/politician_original_fe25_controls_notyet_event_rural_acpop_all.csv

-------------------------------------------------------------------------------
             |           Dependent  Number of        
        Name | Command    variable     param.  Title 
-------------+-----------------------------------------------------------------
      evreg1 | reghdfejl    countk          9  HDFE linear regression with
             |                                 Julia
-------------------------------------------------------------------------------
(9 missing values generated)
(9 missing values generated)
(9 missing values generated)
(9 missing values generated)
(9 missing values generated)
(9 missing values generated)
(9 missing values generated)
(9 missing values generated)
(9 missing values generated)
(9 missing values generated)
(9 missing values generated)
Estimates exported to /users/aquisper/proj_bureaucrats_farms/code/_stacked_down
> up_replication/../../tables/exploratory_analysis/politician_original_controls
> _fe_sweep/politician_original_fe25_controls_notyet_did_interaction_rural_acpo
> p_all.csv

-------------------------------------------------------------------------------
             |           Dependent  Number of        
        Name | Command    variable     param.  Title 
-------------+-----------------------------------------------------------------
      evreg1 | reghdfejl    countk          9  HDFE linear regression with
             |                                 Julia
-------------------------------------------------------------------------------
(results evreg1 are active now)
number of observations will be reset to 4
Press any key to continue, or Break to abort
Number of observations (_N) was 0, now 4.
(4 missing values generated)
(1 real change made)
(1 real change made)
(1 real change made)
(1 real change made)
Number of observations (_N) was 4, now 5.
(1 real change made)
(1 real change made)
(1 real change made)
(file /users/aquisper/proj_bureaucrats_farms/code/_stacked_downup_replication/.
> ./../figures/exploratory_analysis/politician_original_controls_fe_sweep/polit
> ician_original_fe25_controls_notyet_did_interaction_rural_acpop_all_1.png not
>  found)
file /users/aquisper/proj_bureaucrats_farms/code/_stacked_downup_replication/..
> /../figures/exploratory_analysis/politician_original_controls_fe_sweep/politi
> cian_original_fe25_controls_notyet_did_interaction_rural_acpop_all_1.png writ
> ten in PNG format
Exported: /users/aquisper/proj_bureaucrats_farms/code/_stacked_downup_replicati
> on/../../figures/exploratory_analysis/politician_original_controls_fe_sweep/p
> olitician_original_fe25_controls_notyet_did_interaction_rural_acpop_all_1.png

-------------------------------------------------------------------------------
             |           Dependent  Number of        
        Name | Command    variable     param.  Title 
-------------+-----------------------------------------------------------------
      evreg1 | reghdfejl    countk         21  HDFE linear regression with
             |                                 Julia
-------------------------------------------------------------------------------
(21 missing values generated)
(21 missing values generated)
(21 missing values generated)
(21 missing values generated)
(21 missing values generated)
(21 missing values generated)
(21 missing values generated)
(21 missing values generated)
(21 missing values generated)
(21 missing values generated)
(21 missing values generated)
(21 missing values generated)
(21 missing values generated)
(21 missing values generated)
(21 missing values generated)
(21 missing values generated)
(21 missing values generated)
(21 missing values generated)
(21 missing values generated)
(21 missing values generated)
(21 missing values generated)
(21 missing values generated)
(21 missing values generated)
Estimates exported to /users/aquisper/proj_bureaucrats_farms/code/_stacked_down
> up_replication/../../tables/exploratory_analysis/politician_original_controls
> _fe_sweep/politician_original_fe26_controls_notyet_event_rural_acpop_all.csv

-------------------------------------------------------------------------------
             |           Dependent  Number of        
        Name | Command    variable     param.  Title 
-------------+-----------------------------------------------------------------
      evreg1 | reghdfejl    countk          9  HDFE linear regression with
             |                                 Julia
-------------------------------------------------------------------------------
(9 missing values generated)
(9 missing values generated)
(9 missing values generated)
(9 missing values generated)
(9 missing values generated)
(9 missing values generated)
(9 missing values generated)
(9 missing values generated)
(9 missing values generated)
(9 missing values generated)
(9 missing values generated)
Estimates exported to /users/aquisper/proj_bureaucrats_farms/code/_stacked_down
> up_replication/../../tables/exploratory_analysis/politician_original_controls
> _fe_sweep/politician_original_fe26_controls_notyet_did_interaction_rural_acpo
> p_all.csv

-------------------------------------------------------------------------------
             |           Dependent  Number of        
        Name | Command    variable     param.  Title 
-------------+-----------------------------------------------------------------
      evreg1 | reghdfejl    countk          9  HDFE linear regression with
             |                                 Julia
-------------------------------------------------------------------------------
(results evreg1 are active now)
number of observations will be reset to 4
Press any key to continue, or Break to abort
Number of observations (_N) was 0, now 4.
(4 missing values generated)
(1 real change made)
(1 real change made)
(1 real change made)
(1 real change made)
Number of observations (_N) was 4, now 5.
(1 real change made)
(1 real change made)
(1 real change made)
(file /users/aquisper/proj_bureaucrats_farms/code/_stacked_downup_replication/.
> ./../figures/exploratory_analysis/politician_original_controls_fe_sweep/polit
> ician_original_fe26_controls_notyet_did_interaction_rural_acpop_all_1.png not
>  found)
file /users/aquisper/proj_bureaucrats_farms/code/_stacked_downup_replication/..
> /../figures/exploratory_analysis/politician_original_controls_fe_sweep/politi
> cian_original_fe26_controls_notyet_did_interaction_rural_acpop_all_1.png writ
> ten in PNG format
Exported: /users/aquisper/proj_bureaucrats_farms/code/_stacked_downup_replicati
> on/../../figures/exploratory_analysis/politician_original_controls_fe_sweep/p
> olitician_original_fe26_controls_notyet_did_interaction_rural_acpop_all_1.png

-------------------------------------------------------------------------------
             |           Dependent  Number of        
        Name | Command    variable     param.  Title 
-------------+-----------------------------------------------------------------
      evreg1 | reghdfejl    countk         21  HDFE linear regression with
             |                                 Julia
-------------------------------------------------------------------------------
(21 missing values generated)
(21 missing values generated)
(21 missing values generated)
(21 missing values generated)
(21 missing values generated)
(21 missing values generated)
(21 missing values generated)
(21 missing values generated)
(21 missing values generated)
(21 missing values generated)
(21 missing values generated)
(21 missing values generated)
(21 missing values generated)
(21 missing values generated)
(21 missing values generated)
(21 missing values generated)
(21 missing values generated)
(21 missing values generated)
(21 missing values generated)
(21 missing values generated)
(21 missing values generated)
(21 missing values generated)
(21 missing values generated)
Estimates exported to /users/aquisper/proj_bureaucrats_farms/code/_stacked_down
> up_replication/../../tables/exploratory_analysis/politician_original_controls
> _fe_sweep/politician_original_fe27_controls_notyet_event_rural_acpop_all.csv

-------------------------------------------------------------------------------
             |           Dependent  Number of        
        Name | Command    variable     param.  Title 
-------------+-----------------------------------------------------------------
      evreg1 | reghdfejl    countk          9  HDFE linear regression with
             |                                 Julia
-------------------------------------------------------------------------------
(9 missing values generated)
(9 missing values generated)
(9 missing values generated)
(9 missing values generated)
(9 missing values generated)
(9 missing values generated)
(9 missing values generated)
(9 missing values generated)
(9 missing values generated)
(9 missing values generated)
(9 missing values generated)
Estimates exported to /users/aquisper/proj_bureaucrats_farms/code/_stacked_down
> up_replication/../../tables/exploratory_analysis/politician_original_controls
> _fe_sweep/politician_original_fe27_controls_notyet_did_interaction_rural_acpo
> p_all.csv

-------------------------------------------------------------------------------
             |           Dependent  Number of        
        Name | Command    variable     param.  Title 
-------------+-----------------------------------------------------------------
      evreg1 | reghdfejl    countk          9  HDFE linear regression with
             |                                 Julia
-------------------------------------------------------------------------------
(results evreg1 are active now)
number of observations will be reset to 4
Press any key to continue, or Break to abort
Number of observations (_N) was 0, now 4.
(4 missing values generated)
(1 real change made)
(1 real change made)
(1 real change made)
(1 real change made)
Number of observations (_N) was 4, now 5.
(1 real change made)
(1 real change made)
(1 real change made)
(file /users/aquisper/proj_bureaucrats_farms/code/_stacked_downup_replication/.
> ./../figures/exploratory_analysis/politician_original_controls_fe_sweep/polit
> ician_original_fe27_controls_notyet_did_interaction_rural_acpop_all_1.png not
>  found)
file /users/aquisper/proj_bureaucrats_farms/code/_stacked_downup_replication/..
> /../figures/exploratory_analysis/politician_original_controls_fe_sweep/politi
> cian_original_fe27_controls_notyet_did_interaction_rural_acpop_all_1.png writ
> ten in PNG format
Exported: /users/aquisper/proj_bureaucrats_farms/code/_stacked_downup_replicati
> on/../../figures/exploratory_analysis/politician_original_controls_fe_sweep/p
> olitician_original_fe27_controls_notyet_did_interaction_rural_acpop_all_1.png

-------------------------------------------------------------------------------
             |           Dependent  Number of        
        Name | Command    variable     param.  Title 
-------------+-----------------------------------------------------------------
      evreg1 | reghdfejl    countk         21  HDFE linear regression with
             |                                 Julia
-------------------------------------------------------------------------------
(21 missing values generated)
(21 missing values generated)
(21 missing values generated)
(21 missing values generated)
(21 missing values generated)
(21 missing values generated)
(21 missing values generated)
(21 missing values generated)
(21 missing values generated)
(21 missing values generated)
(21 missing values generated)
(21 missing values generated)
(21 missing values generated)
(21 missing values generated)
(21 missing values generated)
(21 missing values generated)
(21 missing values generated)
(21 missing values generated)
(21 missing values generated)
(21 missing values generated)
(21 missing values generated)
(21 missing values generated)
(21 missing values generated)
Estimates exported to /users/aquisper/proj_bureaucrats_farms/code/_stacked_down
> up_replication/../../tables/exploratory_analysis/politician_original_controls
> _fe_sweep/politician_original_fe28_controls_notyet_event_rural_acpop_all.csv

-------------------------------------------------------------------------------
             |           Dependent  Number of        
        Name | Command    variable     param.  Title 
-------------+-----------------------------------------------------------------
      evreg1 | reghdfejl    countk          9  HDFE linear regression with
             |                                 Julia
-------------------------------------------------------------------------------
(9 missing values generated)
(9 missing values generated)
(9 missing values generated)
(9 missing values generated)
(9 missing values generated)
(9 missing values generated)
(9 missing values generated)
(9 missing values generated)
(9 missing values generated)
(9 missing values generated)
(9 missing values generated)
Estimates exported to /users/aquisper/proj_bureaucrats_farms/code/_stacked_down
> up_replication/../../tables/exploratory_analysis/politician_original_controls
> _fe_sweep/politician_original_fe28_controls_notyet_did_interaction_rural_acpo
> p_all.csv

-------------------------------------------------------------------------------
             |           Dependent  Number of        
        Name | Command    variable     param.  Title 
-------------+-----------------------------------------------------------------
      evreg1 | reghdfejl    countk          9  HDFE linear regression with
             |                                 Julia
-------------------------------------------------------------------------------
(results evreg1 are active now)
number of observations will be reset to 4
Press any key to continue, or Break to abort
Number of observations (_N) was 0, now 4.
(4 missing values generated)
(1 real change made)
(1 real change made)
(1 real change made)
(1 real change made)
Number of observations (_N) was 4, now 5.
(1 real change made)
(1 real change made)
(1 real change made)
(file /users/aquisper/proj_bureaucrats_farms/code/_stacked_downup_replication/.
> ./../figures/exploratory_analysis/politician_original_controls_fe_sweep/polit
> ician_original_fe28_controls_notyet_did_interaction_rural_acpop_all_1.png not
>  found)
file /users/aquisper/proj_bureaucrats_farms/code/_stacked_downup_replication/..
> /../figures/exploratory_analysis/politician_original_controls_fe_sweep/politi
> cian_original_fe28_controls_notyet_did_interaction_rural_acpop_all_1.png writ
> ten in PNG format
Exported: /users/aquisper/proj_bureaucrats_farms/code/_stacked_downup_replicati
> on/../../figures/exploratory_analysis/politician_original_controls_fe_sweep/p
> olitician_original_fe28_controls_notyet_did_interaction_rural_acpop_all_1.png

-------------------------------------------------------------------------------
             |           Dependent  Number of        
        Name | Command    variable     param.  Title 
-------------+-----------------------------------------------------------------
      evreg1 | reghdfejl    countk         21  HDFE linear regression with
             |                                 Julia
-------------------------------------------------------------------------------
(21 missing values generated)
(21 missing values generated)
(21 missing values generated)
(21 missing values generated)
(21 missing values generated)
(21 missing values generated)
(21 missing values generated)
(21 missing values generated)
(21 missing values generated)
(21 missing values generated)
(21 missing values generated)
(21 missing values generated)
(21 missing values generated)
(21 missing values generated)
(21 missing values generated)
(21 missing values generated)
(21 missing values generated)
(21 missing values generated)
(21 missing values generated)
(21 missing values generated)
(21 missing values generated)
(21 missing values generated)
(21 missing values generated)
Estimates exported to /users/aquisper/proj_bureaucrats_farms/code/_stacked_down
> up_replication/../../tables/exploratory_analysis/politician_original_controls
> _fe_sweep/politician_original_fe29_controls_notyet_event_rural_acpop_all.csv

-------------------------------------------------------------------------------
             |           Dependent  Number of        
        Name | Command    variable     param.  Title 
-------------+-----------------------------------------------------------------
      evreg1 | reghdfejl    countk          9  HDFE linear regression with
             |                                 Julia
-------------------------------------------------------------------------------
(9 missing values generated)
(9 missing values generated)
(9 missing values generated)
(9 missing values generated)
(9 missing values generated)
(9 missing values generated)
(9 missing values generated)
(9 missing values generated)
(9 missing values generated)
(9 missing values generated)
(9 missing values generated)
Estimates exported to /users/aquisper/proj_bureaucrats_farms/code/_stacked_down
> up_replication/../../tables/exploratory_analysis/politician_original_controls
> _fe_sweep/politician_original_fe29_controls_notyet_did_interaction_rural_acpo
> p_all.csv

-------------------------------------------------------------------------------
             |           Dependent  Number of        
        Name | Command    variable     param.  Title 
-------------+-----------------------------------------------------------------
      evreg1 | reghdfejl    countk          9  HDFE linear regression with
             |                                 Julia
-------------------------------------------------------------------------------
(results evreg1 are active now)
number of observations will be reset to 4
Press any key to continue, or Break to abort
Number of observations (_N) was 0, now 4.
(4 missing values generated)
(1 real change made)
(1 real change made)
(1 real change made)
(1 real change made)
Number of observations (_N) was 4, now 5.
(1 real change made)
(1 real change made)
(1 real change made)
(file /users/aquisper/proj_bureaucrats_farms/code/_stacked_downup_replication/.
> ./../figures/exploratory_analysis/politician_original_controls_fe_sweep/polit
> ician_original_fe29_controls_notyet_did_interaction_rural_acpop_all_1.png not
>  found)
file /users/aquisper/proj_bureaucrats_farms/code/_stacked_downup_replication/..
> /../figures/exploratory_analysis/politician_original_controls_fe_sweep/politi
> cian_original_fe29_controls_notyet_did_interaction_rural_acpop_all_1.png writ
> ten in PNG format
Exported: /users/aquisper/proj_bureaucrats_farms/code/_stacked_downup_replicati
> on/../../figures/exploratory_analysis/politician_original_controls_fe_sweep/p
> olitician_original_fe29_controls_notyet_did_interaction_rural_acpop_all_1.png

-------------------------------------------------------------------------------
             |           Dependent  Number of        
        Name | Command    variable     param.  Title 
-------------+-----------------------------------------------------------------
      evreg1 | reghdfejl    countk         21  HDFE linear regression with
             |                                 Julia
-------------------------------------------------------------------------------
(21 missing values generated)
(21 missing values generated)
(21 missing values generated)
(21 missing values generated)
(21 missing values generated)
(21 missing values generated)
(21 missing values generated)
(21 missing values generated)
(21 missing values generated)
(21 missing values generated)
(21 missing values generated)
(21 missing values generated)
(21 missing values generated)
(21 missing values generated)
(21 missing values generated)
(21 missing values generated)
(21 missing values generated)
(21 missing values generated)
(21 missing values generated)
(21 missing values generated)
(21 missing values generated)
(21 missing values generated)
(21 missing values generated)
Estimates exported to /users/aquisper/proj_bureaucrats_farms/code/_stacked_down
> up_replication/../../tables/exploratory_analysis/politician_original_controls
> _fe_sweep/politician_original_fe30_controls_notyet_event_rural_acpop_all.csv

-------------------------------------------------------------------------------
             |           Dependent  Number of        
        Name | Command    variable     param.  Title 
-------------+-----------------------------------------------------------------
      evreg1 | reghdfejl    countk          9  HDFE linear regression with
             |                                 Julia
-------------------------------------------------------------------------------
(9 missing values generated)
(9 missing values generated)
(9 missing values generated)
(9 missing values generated)
(9 missing values generated)
(9 missing values generated)
(9 missing values generated)
(9 missing values generated)
(9 missing values generated)
(9 missing values generated)
(9 missing values generated)
Estimates exported to /users/aquisper/proj_bureaucrats_farms/code/_stacked_down
> up_replication/../../tables/exploratory_analysis/politician_original_controls
> _fe_sweep/politician_original_fe30_controls_notyet_did_interaction_rural_acpo
> p_all.csv

-------------------------------------------------------------------------------
             |           Dependent  Number of        
        Name | Command    variable     param.  Title 
-------------+-----------------------------------------------------------------
      evreg1 | reghdfejl    countk          9  HDFE linear regression with
             |                                 Julia
-------------------------------------------------------------------------------
(results evreg1 are active now)
number of observations will be reset to 4
Press any key to continue, or Break to abort
Number of observations (_N) was 0, now 4.
(4 missing values generated)
(1 real change made)
(1 real change made)
(1 real change made)
(1 real change made)
Number of observations (_N) was 4, now 5.
(1 real change made)
(1 real change made)
(1 real change made)
(file /users/aquisper/proj_bureaucrats_farms/code/_stacked_downup_replication/.
> ./../figures/exploratory_analysis/politician_original_controls_fe_sweep/polit
> ician_original_fe30_controls_notyet_did_interaction_rural_acpop_all_1.png not
>  found)
file /users/aquisper/proj_bureaucrats_farms/code/_stacked_downup_replication/..
> /../figures/exploratory_analysis/politician_original_controls_fe_sweep/politi
> cian_original_fe30_controls_notyet_did_interaction_rural_acpop_all_1.png writ
> ten in PNG format
Exported: /users/aquisper/proj_bureaucrats_farms/code/_stacked_downup_replicati
> on/../../figures/exploratory_analysis/politician_original_controls_fe_sweep/p
> olitician_original_fe30_controls_notyet_did_interaction_rural_acpop_all_1.png

-------------------------------------------------------------------------------
             |           Dependent  Number of        
        Name | Command    variable     param.  Title 
-------------+-----------------------------------------------------------------
      evreg1 | reghdfejl    countk         21  HDFE linear regression with
             |                                 Julia
-------------------------------------------------------------------------------
(21 missing values generated)
(21 missing values generated)
(21 missing values generated)
(21 missing values generated)
(21 missing values generated)
(21 missing values generated)
(21 missing values generated)
(21 missing values generated)
(21 missing values generated)
(21 missing values generated)
(21 missing values generated)
(21 missing values generated)
(21 missing values generated)
(21 missing values generated)
(21 missing values generated)
(21 missing values generated)
(21 missing values generated)
(21 missing values generated)
(21 missing values generated)
(21 missing values generated)
(21 missing values generated)
(21 missing values generated)
(21 missing values generated)
Estimates exported to /users/aquisper/proj_bureaucrats_farms/code/_stacked_down
> up_replication/../../tables/exploratory_analysis/politician_original_controls
> _fe_sweep/politician_original_fe31_controls_notyet_event_rural_acpop_all.csv

-------------------------------------------------------------------------------
             |           Dependent  Number of        
        Name | Command    variable     param.  Title 
-------------+-----------------------------------------------------------------
      evreg1 | reghdfejl    countk          9  HDFE linear regression with
             |                                 Julia
-------------------------------------------------------------------------------
(9 missing values generated)
(9 missing values generated)
(9 missing values generated)
(9 missing values generated)
(9 missing values generated)
(9 missing values generated)
(9 missing values generated)
(9 missing values generated)
(9 missing values generated)
(9 missing values generated)
(9 missing values generated)
Estimates exported to /users/aquisper/proj_bureaucrats_farms/code/_stacked_down
> up_replication/../../tables/exploratory_analysis/politician_original_controls
> _fe_sweep/politician_original_fe31_controls_notyet_did_interaction_rural_acpo
> p_all.csv

-------------------------------------------------------------------------------
             |           Dependent  Number of        
        Name | Command    variable     param.  Title 
-------------+-----------------------------------------------------------------
      evreg1 | reghdfejl    countk          9  HDFE linear regression with
             |                                 Julia
-------------------------------------------------------------------------------
(results evreg1 are active now)
number of observations will be reset to 4
Press any key to continue, or Break to abort
Number of observations (_N) was 0, now 4.
(4 missing values generated)
(1 real change made)
(1 real change made)
(1 real change made)
(1 real change made)
Number of observations (_N) was 4, now 5.
(1 real change made)
(1 real change made)
(1 real change made)
(file /users/aquisper/proj_bureaucrats_farms/code/_stacked_downup_replication/.
> ./../figures/exploratory_analysis/politician_original_controls_fe_sweep/polit
> ician_original_fe31_controls_notyet_did_interaction_rural_acpop_all_1.png not
>  found)
file /users/aquisper/proj_bureaucrats_farms/code/_stacked_downup_replication/..
> /../figures/exploratory_analysis/politician_original_controls_fe_sweep/politi
> cian_original_fe31_controls_notyet_did_interaction_rural_acpop_all_1.png writ
> ten in PNG format
Exported: /users/aquisper/proj_bureaucrats_farms/code/_stacked_downup_replicati
> on/../../figures/exploratory_analysis/politician_original_controls_fe_sweep/p
> olitician_original_fe31_controls_notyet_did_interaction_rural_acpop_all_1.png

-------------------------------------------------------------------------------
             |           Dependent  Number of        
        Name | Command    variable     param.  Title 
-------------+-----------------------------------------------------------------
      evreg1 | reghdfejl    countk         21  HDFE linear regression with
             |                                 Julia
-------------------------------------------------------------------------------
(21 missing values generated)
(21 missing values generated)
(21 missing values generated)
(21 missing values generated)
(21 missing values generated)
(21 missing values generated)
(21 missing values generated)
(21 missing values generated)
(21 missing values generated)
(21 missing values generated)
(21 missing values generated)
(21 missing values generated)
(21 missing values generated)
(21 missing values generated)
(21 missing values generated)
(21 missing values generated)
(21 missing values generated)
(21 missing values generated)
(21 missing values generated)
(21 missing values generated)
(21 missing values generated)
(21 missing values generated)
(21 missing values generated)
Estimates exported to /users/aquisper/proj_bureaucrats_farms/code/_stacked_down
> up_replication/../../tables/exploratory_analysis/politician_original_controls
> _fe_sweep/politician_original_fe32_controls_notyet_event_rural_acpop_all.csv

-------------------------------------------------------------------------------
             |           Dependent  Number of        
        Name | Command    variable     param.  Title 
-------------+-----------------------------------------------------------------
      evreg1 | reghdfejl    countk          9  HDFE linear regression with
             |                                 Julia
-------------------------------------------------------------------------------
(9 missing values generated)
(9 missing values generated)
(9 missing values generated)
(9 missing values generated)
(9 missing values generated)
(9 missing values generated)
(9 missing values generated)
(9 missing values generated)
(9 missing values generated)
(9 missing values generated)
(9 missing values generated)
Estimates exported to /users/aquisper/proj_bureaucrats_farms/code/_stacked_down
> up_replication/../../tables/exploratory_analysis/politician_original_controls
> _fe_sweep/politician_original_fe32_controls_notyet_did_interaction_rural_acpo
> p_all.csv

-------------------------------------------------------------------------------
             |           Dependent  Number of        
        Name | Command    variable     param.  Title 
-------------+-----------------------------------------------------------------
      evreg1 | reghdfejl    countk          9  HDFE linear regression with
             |                                 Julia
-------------------------------------------------------------------------------
(results evreg1 are active now)
number of observations will be reset to 4
Press any key to continue, or Break to abort
Number of observations (_N) was 0, now 4.
(4 missing values generated)
(1 real change made)
(1 real change made)
(1 real change made)
(1 real change made)
Number of observations (_N) was 4, now 5.
(1 real change made)
(1 real change made)
(1 real change made)
(file /users/aquisper/proj_bureaucrats_farms/code/_stacked_downup_replication/.
> ./../figures/exploratory_analysis/politician_original_controls_fe_sweep/polit
> ician_original_fe32_controls_notyet_did_interaction_rural_acpop_all_1.png not
>  found)
file /users/aquisper/proj_bureaucrats_farms/code/_stacked_downup_replication/..
> /../figures/exploratory_analysis/politician_original_controls_fe_sweep/politi
> cian_original_fe32_controls_notyet_did_interaction_rural_acpop_all_1.png writ
> ten in PNG format
Exported: /users/aquisper/proj_bureaucrats_farms/code/_stacked_downup_replicati
> on/../../figures/exploratory_analysis/politician_original_controls_fe_sweep/p
> olitician_original_fe32_controls_notyet_did_interaction_rural_acpop_all_1.png

. display as result "COMPLETED politician CSV and interaction-plot postprocessi
> ng"
COMPLETED politician CSV and interaction-plot postprocessing

. 
end of do-file
