This is pdfTeX, Version 3.141592653-2.6-1.40.25 (MiKTeX 24.1) (preloaded format=pdflatex 2026.7.19)  11 AUG 2026 11:08
entering extended mode
 restricted \write18 enabled.
 %&-line parsing enabled.
**./tables/exploratory_analysis/politician_byprov_fe_sweep/politician_byprov_fe
_sweep_report.tex

(tables/exploratory_analysis/politician_byprov_fe_sweep/politician_byprov_fe_sw
eep_report.tex
LaTeX2e <2023-11-01> patch level 1
L3 programming layer <2024-01-04>
(C:\Users\eunic\AppData\Local\Programs\MiKTeX\tex/latex/base\article.cls
Document Class: article 2023/05/17 v1.4n Standard LaTeX document class
(C:\Users\eunic\AppData\Local\Programs\MiKTeX\tex/latex/base\size10.clo
File: size10.clo 2023/05/17 v1.4n Standard LaTeX file (size option)
)
\c@part=\count187
\c@section=\count188
\c@subsection=\count189
\c@subsubsection=\count190
\c@paragraph=\count191
\c@subparagraph=\count192
\c@figure=\count193
\c@table=\count194
\abovecaptionskip=\skip48
\belowcaptionskip=\skip49
\bibindent=\dimen140
)
(C:\Users\eunic\AppData\Local\Programs\MiKTeX\tex/latex/geometry\geometry.sty
Package: geometry 2026/03/07 v6.0 Page Geometry

(C:\Users\eunic\AppData\Local\Programs\MiKTeX\tex/latex/graphics\keyval.sty
Package: keyval 2022/05/29 v1.15 key=value parser (DPC)
\KV@toks@=\toks17
)
(C:\Users\eunic\AppData\Local\Programs\MiKTeX\tex/generic/iftex\ifvtex.sty
Package: ifvtex 2019/10/25 v1.7 ifvtex legacy package. Use iftex instead.

(C:\Users\eunic\AppData\Local\Programs\MiKTeX\tex/generic/iftex\iftex.sty
Package: iftex 2022/02/03 v1.0f TeX engine tests
))
\Gm@cnth=\count195
\Gm@cntv=\count196
\c@Gm@tempcnt=\count197
\Gm@bindingoffset=\dimen141
\Gm@wd@mp=\dimen142
\Gm@odd@mp=\dimen143
\Gm@even@mp=\dimen144
\Gm@layoutwidth=\dimen145
\Gm@layoutheight=\dimen146
\Gm@layouthoffset=\dimen147
\Gm@layoutvoffset=\dimen148
\Gm@dimlist=\toks18

(C:\Users\eunic\AppData\Local\Programs\MiKTeX\tex/latex/geometry\geometry.cfg))
(C:\Users\eunic\AppData\Local\Programs\MiKTeX\tex/latex/graphics\graphicx.sty
Package: graphicx 2021/09/16 v1.2d Enhanced LaTeX Graphics (DPC,SPQR)

(C:\Users\eunic\AppData\Local\Programs\MiKTeX\tex/latex/graphics\graphics.sty
Package: graphics 2022/03/10 v1.4e Standard LaTeX Graphics (DPC,SPQR)

(C:\Users\eunic\AppData\Local\Programs\MiKTeX\tex/latex/graphics\trig.sty
Package: trig 2021/08/11 v1.11 sin cos tan (DPC)
)
(C:\Users\eunic\AppData\Local\Programs\MiKTeX\tex/latex/graphics-cfg\graphics.c
fg
File: graphics.cfg 2016/06/04 v1.11 sample graphics configuration
)
Package graphics Info: Driver file: pdftex.def on input line 107.

(C:\Users\eunic\AppData\Local\Programs\MiKTeX\tex/latex/graphics-def\pdftex.def
File: pdftex.def 2022/09/22 v1.2b Graphics/color driver for pdftex
))
\Gin@req@height=\dimen149
\Gin@req@width=\dimen150
)
(C:\Users\eunic\AppData\Local\Programs\MiKTeX\tex/latex/booktabs\booktabs.sty
Package: booktabs 2020/01/12 v1.61803398 Publication quality tables
\heavyrulewidth=\dimen151
\lightrulewidth=\dimen152
\cmidrulewidth=\dimen153
\belowrulesep=\dimen154
\belowbottomsep=\dimen155
\aboverulesep=\dimen156
\abovetopsep=\dimen157
\cmidrulesep=\dimen158
\cmidrulekern=\dimen159
\defaultaddspace=\dimen160
\@cmidla=\count198
\@cmidlb=\count199
\@aboverulesep=\dimen161
\@belowrulesep=\dimen162
\@thisruleclass=\count266
\@lastruleclass=\count267
\@thisrulewidth=\dimen163
)
(C:\Users\eunic\AppData\Local\Programs\MiKTeX\tex/latex/tools\array.sty
Package: array 2023/10/16 v2.5g Tabular extension package (FMi)
\col@sep=\dimen164
\ar@mcellbox=\box51
\extrarowheight=\dimen165
\NC@list=\toks19
\extratabsurround=\skip50
\backup@length=\skip51
\ar@cellbox=\box52
)
(C:\Users\eunic\AppData\Local\Programs\MiKTeX\tex/latex/hyperref\hyperref.sty
Package: hyperref 2023-11-26 v7.01g Hypertext links for LaTeX

(C:\Users\eunic\AppData\Local\Programs\MiKTeX\tex/generic/infwarerr\infwarerr.s
ty
Package: infwarerr 2019/12/03 v1.5 Providing info/warning/error messages (HO)
)
(C:\Users\eunic\AppData\Local\Programs\MiKTeX\tex/latex/kvsetkeys\kvsetkeys.sty
Package: kvsetkeys 2022-10-05 v1.19 Key value parser (HO)
)
(C:\Users\eunic\AppData\Local\Programs\MiKTeX\tex/generic/kvdefinekeys\kvdefine
keys.sty
Package: kvdefinekeys 2019-12-19 v1.6 Define keys (HO)
)
(C:\Users\eunic\AppData\Local\Programs\MiKTeX\tex/generic/pdfescape\pdfescape.s
ty
Package: pdfescape 2019/12/09 v1.15 Implements pdfTeX's escape features (HO)

(C:\Users\eunic\AppData\Local\Programs\MiKTeX\tex/generic/ltxcmds\ltxcmds.sty
Package: ltxcmds 2023-12-04 v1.26 LaTeX kernel commands for general use (HO)
)
(C:\Users\eunic\AppData\Local\Programs\MiKTeX\tex/generic/pdftexcmds\pdftexcmds
.sty
Package: pdftexcmds 2020-06-27 v0.33 Utility functions of pdfTeX for LuaTeX (HO
)
Package pdftexcmds Info: \pdf@primitive is available.
Package pdftexcmds Info: \pdf@ifprimitive is available.
Package pdftexcmds Info: \pdfdraftmode found.
))
(C:\Users\eunic\AppData\Local\Programs\MiKTeX\tex/latex/hycolor\hycolor.sty
Package: hycolor 2020-01-27 v1.10 Color options for hyperref/bookmark (HO)
)
(C:\Users\eunic\AppData\Local\Programs\MiKTeX\tex/latex/letltxmacro\letltxmacro
.sty
Package: letltxmacro 2019/12/03 v1.6 Let assignment for LaTeX macros (HO)
)
(C:\Users\eunic\AppData\Local\Programs\MiKTeX\tex/latex/auxhook\auxhook.sty
Package: auxhook 2019-12-17 v1.6 Hooks for auxiliary files (HO)
)
(C:\Users\eunic\AppData\Local\Programs\MiKTeX\tex/latex/hyperref\nameref.sty
Package: nameref 2023-11-26 v2.56 Cross-referencing by name of section

(C:\Users\eunic\AppData\Local\Programs\MiKTeX\tex/latex/refcount\refcount.sty
Package: refcount 2019/12/15 v3.6 Data extraction from label references (HO)
)
(C:\Users\eunic\AppData\Local\Programs\MiKTeX\tex/generic/gettitlestring\gettit
lestring.sty
Package: gettitlestring 2019/12/15 v1.6 Cleanup title references (HO)

(C:\Users\eunic\AppData\Local\Programs\MiKTeX\tex/latex/kvoptions\kvoptions.sty
Package: kvoptions 2022-06-15 v3.15 Key value format for package options (HO)
))
\c@section@level=\count268
)
(C:\Users\eunic\AppData\Local\Programs\MiKTeX\tex/latex/etoolbox\etoolbox.sty
Package: etoolbox 2020/10/05 v2.5k e-TeX tools for LaTeX (JAW)
\etb@tempcnta=\count269
)
\@linkdim=\dimen166
\Hy@linkcounter=\count270
\Hy@pagecounter=\count271

(C:\Users\eunic\AppData\Local\Programs\MiKTeX\tex/latex/hyperref\pd1enc.def
File: pd1enc.def 2023-11-26 v7.01g Hyperref: PDFDocEncoding definition (HO)
Now handling font encoding PD1 ...
... no UTF-8 mapping file for font encoding PD1
)
(C:\Users\eunic\AppData\Local\Programs\MiKTeX\tex/generic/intcalc\intcalc.sty
Package: intcalc 2019/12/15 v1.3 Expandable calculations with integers (HO)
)
\Hy@SavedSpaceFactor=\count272

(C:\Users\eunic\AppData\Local\Programs\MiKTeX\tex/latex/hyperref\puenc.def
File: puenc.def 2023-11-26 v7.01g Hyperref: PDF Unicode definition (HO)
Now handling font encoding PU ...
... no UTF-8 mapping file for font encoding PU
)
Package hyperref Info: Hyper figures OFF on input line 4181.
Package hyperref Info: Link nesting OFF on input line 4186.
Package hyperref Info: Hyper index ON on input line 4189.
Package hyperref Info: Plain pages OFF on input line 4196.
Package hyperref Info: Backreferencing OFF on input line 4201.
Package hyperref Info: Implicit mode ON; LaTeX internals redefined.
Package hyperref Info: Bookmarks ON on input line 4448.
\c@Hy@tempcnt=\count273

(C:\Users\eunic\AppData\Local\Programs\MiKTeX\tex/latex/url\url.sty
\Urlmuskip=\muskip16
Package: url 2013/09/16  ver 3.4  Verb mode for urls, etc.
)
LaTeX Info: Redefining \url on input line 4786.
\XeTeXLinkMargin=\dimen167

(C:\Users\eunic\AppData\Local\Programs\MiKTeX\tex/generic/bitset\bitset.sty
Package: bitset 2019/12/09 v1.3 Handle bit-vector datatype (HO)

(C:\Users\eunic\AppData\Local\Programs\MiKTeX\tex/generic/bigintcalc\bigintcalc
.sty
Package: bigintcalc 2019/12/15 v1.5 Expandable calculations on big integers (HO
)
))
\Fld@menulength=\count274
\Field@Width=\dimen168
\Fld@charsize=\dimen169
Package hyperref Info: Hyper figures OFF on input line 6065.
Package hyperref Info: Link nesting OFF on input line 6070.
Package hyperref Info: Hyper index ON on input line 6073.
Package hyperref Info: backreferencing OFF on input line 6080.
Package hyperref Info: Link coloring OFF on input line 6085.
Package hyperref Info: Link coloring with OCG OFF on input line 6090.
Package hyperref Info: PDF/A mode OFF on input line 6095.

(C:\Users\eunic\AppData\Local\Programs\MiKTeX\tex/latex/base\atbegshi-ltx.sty
Package: atbegshi-ltx 2021/01/10 v1.0c Emulation of the original atbegshi
package with kernel methods
)
\Hy@abspage=\count275
\c@Item=\count276
\c@Hfootnote=\count277
)
Package hyperref Info: Driver (autodetected): hpdftex.
(C:\Users\eunic\AppData\Local\Programs\MiKTeX\tex/latex/hyperref\hpdftex.def
File: hpdftex.def 2023-11-26 v7.01g Hyperref driver for pdfTeX

(C:\Users\eunic\AppData\Local\Programs\MiKTeX\tex/latex/base\atveryend-ltx.sty
Package: atveryend-ltx 2020/08/19 v1.0a Emulation of the original atveryend pac
kage
with kernel methods
)
\Fld@listcount=\count278
\c@bookmark@seq@number=\count279

(C:\Users\eunic\AppData\Local\Programs\MiKTeX\tex/latex/rerunfilecheck\rerunfil
echeck.sty
Package: rerunfilecheck 2025-06-21 v1.11 Rerun checks for auxiliary files (HO)

(C:\Users\eunic\AppData\Local\Programs\MiKTeX\tex/generic/uniquecounter\uniquec
ounter.sty
Package: uniquecounter 2019/12/15 v1.4 Provide unlimited unique counter (HO)
)
Package uniquecounter Info: New unique counter `rerunfilecheck' on input line 2
84.
)
\Hy@SectionHShift=\skip52
)
(C:\Users\eunic\AppData\Local\Programs\MiKTeX\tex/latex/xcolor\xcolor.sty
Package: xcolor 2023/11/15 v3.01 LaTeX color extensions (UK)

(C:\Users\eunic\AppData\Local\Programs\MiKTeX\tex/latex/graphics-cfg\color.cfg
File: color.cfg 2016/01/02 v1.6 sample color configuration
)
Package xcolor Info: Driver file: pdftex.def on input line 274.
(C:\Users\eunic\AppData\Local\Programs\MiKTeX\tex/latex/graphics\mathcolor.ltx)
Package xcolor Info: Model `cmy' substituted by `cmy0' on input line 1350.
Package xcolor Info: Model `hsb' substituted by `rgb' on input line 1354.
Package xcolor Info: Model `RGB' extended on input line 1366.
Package xcolor Info: Model `HTML' substituted by `rgb' on input line 1368.
Package xcolor Info: Model `Hsb' substituted by `hsb' on input line 1369.
Package xcolor Info: Model `tHsb' substituted by `hsb' on input line 1370.
Package xcolor Info: Model `HSB' substituted by `hsb' on input line 1371.
Package xcolor Info: Model `Gray' substituted by `gray' on input line 1372.
Package xcolor Info: Model `wave' substituted by `hsb' on input line 1373.
)
(C:\Users\eunic\AppData\Local\Programs\MiKTeX\tex/latex/l3backend\l3backend-pdf
tex.def
File: l3backend-pdftex.def 2024-01-04 L3 backend support: PDF output (pdfTeX)
\l__color_backend_stack_int=\count280
\l__pdf_internal_box=\box53
)
(C:\Users\eunic\OneDrive\Documents\GitHub\proj_bureaucrats_farms\output\pdf\pol
itician_byprov_fe_sweep_report.aux)
\openout1 = `politician_byprov_fe_sweep_report.aux'.

LaTeX Font Info:    Checking defaults for OML/cmm/m/it on input line 13.
LaTeX Font Info:    ... okay on input line 13.
LaTeX Font Info:    Checking defaults for OMS/cmsy/m/n on input line 13.
LaTeX Font Info:    ... okay on input line 13.
LaTeX Font Info:    Checking defaults for OT1/cmr/m/n on input line 13.
LaTeX Font Info:    ... okay on input line 13.
LaTeX Font Info:    Checking defaults for T1/cmr/m/n on input line 13.
LaTeX Font Info:    ... okay on input line 13.
LaTeX Font Info:    Checking defaults for TS1/cmr/m/n on input line 13.
LaTeX Font Info:    ... okay on input line 13.
LaTeX Font Info:    Checking defaults for OMX/cmex/m/n on input line 13.
LaTeX Font Info:    ... okay on input line 13.
LaTeX Font Info:    Checking defaults for U/cmr/m/n on input line 13.
LaTeX Font Info:    ... okay on input line 13.
LaTeX Font Info:    Checking defaults for PD1/pdf/m/n on input line 13.
LaTeX Font Info:    ... okay on input line 13.
LaTeX Font Info:    Checking defaults for PU/pdf/m/n on input line 13.
LaTeX Font Info:    ... okay on input line 13.

*geometry* driver: auto-detecting
*geometry* detected driver: pdftex
*geometry* verbose mode - [ preamble ] result:
* driver: pdftex
* paper: letterpaper
* layout: <same size as paper>
* layoutoffset:(h,v)=(0.0pt,0.0pt)
* modes: landscape 
* h-part:(L,W,R)=(39.74872pt, 715.47255pt, 39.74872pt)
* v-part:(T,H,B)=(39.74872pt, 534.79756pt, 39.74872pt)
* \paperwidth=794.96999pt
* \paperheight=614.295pt
* \textwidth=715.47255pt
* \textheight=534.79756pt
* \oddsidemargin=-32.52127pt
* \evensidemargin=-32.52127pt
* \topmargin=-69.52127pt
* \headheight=12.0pt
* \headsep=25.0pt
* \topskip=10.0pt
* \footskip=30.0pt
* \marginparwidth=65.0pt
* \marginparsep=11.0pt
* \columnsep=10.0pt
* \skip\footins=9.0pt plus 4.0pt minus 2.0pt
* \hoffset=0.0pt
* \voffset=0.0pt
* \mag=1000
* \@twocolumnfalse
* \@twosidefalse
* \@mparswitchfalse
* \@reversemarginfalse
* (1in=72.27pt=25.4mm, 1cm=28.453pt)


(C:\Users\eunic\AppData\Local\Programs\MiKTeX\tex/context/base/mkii\supp-pdf.mk
ii
[Loading MPS to PDF converter (version 2006.09.02).]
\scratchcounter=\count281
\scratchdimen=\dimen170
\scratchbox=\box54
\nofMPsegments=\count282
\nofMParguments=\count283
\everyMPshowfont=\toks20
\MPscratchCnt=\count284
\MPscratchDim=\dimen171
\MPnumerator=\count285
\makeMPintoPDFobject=\count286
\everyMPtoPDFconversion=\toks21
)
(C:\Users\eunic\AppData\Local\Programs\MiKTeX\tex/latex/epstopdf-pkg\epstopdf-b
ase.sty
Package: epstopdf-base 2020-01-24 v2.11 Base part for package epstopdf
Package epstopdf-base Info: Redefining graphics rule for `.eps' on input line 4
85.

(C:\Users\eunic\AppData\Local\Programs\MiKTeX\tex/latex/00miktex\epstopdf-sys.c
fg
File: epstopdf-sys.cfg 2021/03/18 v2.0 Configuration of epstopdf for MiKTeX
))
Package hyperref Info: Link coloring OFF on input line 13.

(C:\Users\eunic\OneDrive\Documents\GitHub\proj_bureaucrats_farms\output\pdf\pol
itician_byprov_fe_sweep_report.out)
(C:\Users\eunic\OneDrive\Documents\GitHub\proj_bureaucrats_farms\output\pdf\pol
itician_byprov_fe_sweep_report.out)
\@outlinefile=\write3
\openout3 = `politician_byprov_fe_sweep_report.out'.

LaTeX Font Info:    External font `cmex10' loaded for size
(Font)              <12> on input line 15.
LaTeX Font Info:    External font `cmex10' loaded for size
(Font)              <8> on input line 15.
LaTeX Font Info:    External font `cmex10' loaded for size
(Font)              <6> on input line 15.
LaTeX Font Info:    External font `cmex10' loaded for size
(Font)              <9> on input line 16.
LaTeX Font Info:    External font `cmex10' loaded for size
(Font)              <5> on input line 16.

(C:\Users\eunic\OneDrive\Documents\GitHub\proj_bureaucrats_farms\output\pdf\pol
itician_byprov_fe_sweep_report.toc [1

{C:/Users/eunic/AppData/Local/MiKTeX/fonts/map/pdftex/pdftex.map}])
\tf@toc=\write4
\openout4 = `politician_byprov_fe_sweep_report.toc'.

 [2]
<C:/Users/eunic/OneDrive/Documents/GitHub/proj_bureaucrats_farms/figures/explor
atory_analysis/politician_byprov_fe_sweep/politician_byprov_fe01_rural_acpop_al
l_baseline_ori.png, id=183, 578.16pt x 289.08pt>
File: C:/Users/eunic/OneDrive/Documents/GitHub/proj_bureaucrats_farms/figures/e
xploratory_analysis/politician_byprov_fe_sweep/politician_byprov_fe01_rural_acp
op_all_baseline_ori.png Graphic file (type png)
<use C:/Users/eunic/OneDrive/Documents/GitHub/proj_bureaucrats_farms/figures/ex
ploratory_analysis/politician_byprov_fe_sweep/politician_byprov_fe01_rural_acpo
p_all_baseline_ori.png>
Package pdftex.def Info: C:/Users/eunic/OneDrive/Documents/GitHub/proj_bureaucr
ats_farms/figures/exploratory_analysis/politician_byprov_fe_sweep/politician_by
prov_fe01_rural_acpop_all_baseline_ori.png  used on input line 25.
(pdftex.def)             Requested size: 343.42375pt x 171.7114pt.
<C:/Users/eunic/OneDrive/Documents/GitHub/proj_bureaucrats_farms/figures/explor
atory_analysis/politician_byprov_fe_sweep/politician_byprov_fe01_rural_acpop_al
l_baseline_rotated.png, id=184, 578.16pt x 289.08pt>
File: C:/Users/eunic/OneDrive/Documents/GitHub/proj_bureaucrats_farms/figures/e
xploratory_analysis/politician_byprov_fe_sweep/politician_byprov_fe01_rural_acp
op_all_baseline_rotated.png Graphic file (type png)
<use C:/Users/eunic/OneDrive/Documents/GitHub/proj_bureaucrats_farms/figures/ex
ploratory_analysis/politician_byprov_fe_sweep/politician_byprov_fe01_rural_acpo
p_all_baseline_rotated.png>
Package pdftex.def Info: C:/Users/eunic/OneDrive/Documents/GitHub/proj_bureaucr
ats_farms/figures/exploratory_analysis/politician_byprov_fe_sweep/politician_by
prov_fe01_rural_acpop_all_baseline_rotated.png  used on input line 29.
(pdftex.def)             Requested size: 343.42375pt x 171.7114pt.
LaTeX Font Info:    External font `cmex10' loaded for size
(Font)              <7> on input line 31.
<C:/Users/eunic/OneDrive/Documents/GitHub/proj_bureaucrats_farms/figures/explor
atory_analysis/politician_byprov_fe_sweep/politician_byprov_fe01_did_interactio
n_rural_acpop_all_1.png, id=185, 960.58875pt x 640.3925pt>
File: C:/Users/eunic/OneDrive/Documents/GitHub/proj_bureaucrats_farms/figures/e
xploratory_analysis/politician_byprov_fe_sweep/politician_byprov_fe01_did_inter
action_rural_acpop_all_1.png Graphic file (type png)
<use C:/Users/eunic/OneDrive/Documents/GitHub/proj_bureaucrats_farms/figures/ex
ploratory_analysis/politician_byprov_fe_sweep/politician_byprov_fe01_did_intera
ction_rural_acpop_all_1.png>
Package pdftex.def Info: C:/Users/eunic/OneDrive/Documents/GitHub/proj_bureaucr
ats_farms/figures/exploratory_analysis/politician_byprov_fe_sweep/politician_by
prov_fe01_did_interaction_rural_acpop_all_1.png  used on input line 32.
(pdftex.def)             Requested size: 386.35037pt x 257.56934pt.
 [3

 <C:/Users/eunic/OneDrive/Documents/GitHub/proj_bureaucrats_farms/figures/explo
ratory_analysis/politician_byprov_fe_sweep/politician_byprov_fe01_rural_acpop_a
ll_baseline_ori.png> <C:/Users/eunic/OneDrive/Documents/GitHub/proj_bureaucrats
_farms/figures/exploratory_analysis/politician_byprov_fe_sweep/politician_bypro
v_fe01_rural_acpop_all_baseline_rotated.png> <C:/Users/eunic/OneDrive/Documents
/GitHub/proj_bureaucrats_farms/figures/exploratory_analysis/politician_byprov_f
e_sweep/politician_byprov_fe01_did_interaction_rural_acpop_all_1.png (PNG copy)
>] [4

]
<C:/Users/eunic/OneDrive/Documents/GitHub/proj_bureaucrats_farms/figures/explor
atory_analysis/politician_byprov_fe_sweep/politician_byprov_fe02_rural_acpop_al
l_baseline_ori.png, id=200, 578.16pt x 289.08pt>
File: C:/Users/eunic/OneDrive/Documents/GitHub/proj_bureaucrats_farms/figures/e
xploratory_analysis/politician_byprov_fe_sweep/politician_byprov_fe02_rural_acp
op_all_baseline_ori.png Graphic file (type png)
<use C:/Users/eunic/OneDrive/Documents/GitHub/proj_bureaucrats_farms/figures/ex
ploratory_analysis/politician_byprov_fe_sweep/politician_byprov_fe02_rural_acpo
p_all_baseline_ori.png>
Package pdftex.def Info: C:/Users/eunic/OneDrive/Documents/GitHub/proj_bureaucr
ats_farms/figures/exploratory_analysis/politician_byprov_fe_sweep/politician_by
prov_fe02_rural_acpop_all_baseline_ori.png  used on input line 65.
(pdftex.def)             Requested size: 343.42375pt x 171.7114pt.
<C:/Users/eunic/OneDrive/Documents/GitHub/proj_bureaucrats_farms/figures/explor
atory_analysis/politician_byprov_fe_sweep/politician_byprov_fe02_rural_acpop_al
l_baseline_rotated.png, id=201, 578.16pt x 289.08pt>
File: C:/Users/eunic/OneDrive/Documents/GitHub/proj_bureaucrats_farms/figures/e
xploratory_analysis/politician_byprov_fe_sweep/politician_byprov_fe02_rural_acp
op_all_baseline_rotated.png Graphic file (type png)
<use C:/Users/eunic/OneDrive/Documents/GitHub/proj_bureaucrats_farms/figures/ex
ploratory_analysis/politician_byprov_fe_sweep/politician_byprov_fe02_rural_acpo
p_all_baseline_rotated.png>
Package pdftex.def Info: C:/Users/eunic/OneDrive/Documents/GitHub/proj_bureaucr
ats_farms/figures/exploratory_analysis/politician_byprov_fe_sweep/politician_by
prov_fe02_rural_acpop_all_baseline_rotated.png  used on input line 69.
(pdftex.def)             Requested size: 343.42375pt x 171.7114pt.
<C:/Users/eunic/OneDrive/Documents/GitHub/proj_bureaucrats_farms/figures/explor
atory_analysis/politician_byprov_fe_sweep/politician_byprov_fe02_did_interactio
n_rural_acpop_all_1.png, id=202, 960.58875pt x 640.3925pt>
File: C:/Users/eunic/OneDrive/Documents/GitHub/proj_bureaucrats_farms/figures/e
xploratory_analysis/politician_byprov_fe_sweep/politician_byprov_fe02_did_inter
action_rural_acpop_all_1.png Graphic file (type png)
<use C:/Users/eunic/OneDrive/Documents/GitHub/proj_bureaucrats_farms/figures/ex
ploratory_analysis/politician_byprov_fe_sweep/politician_byprov_fe02_did_intera
ction_rural_acpop_all_1.png>
Package pdftex.def Info: C:/Users/eunic/OneDrive/Documents/GitHub/proj_bureaucr
ats_farms/figures/exploratory_analysis/politician_byprov_fe_sweep/politician_by
prov_fe02_did_interaction_rural_acpop_all_1.png  used on input line 72.
(pdftex.def)             Requested size: 386.35037pt x 257.56934pt.
 [5

 <C:/Users/eunic/OneDrive/Documents/GitHub/proj_bureaucrats_farms/figures/explo
ratory_analysis/politician_byprov_fe_sweep/politician_byprov_fe02_rural_acpop_a
ll_baseline_ori.png> <C:/Users/eunic/OneDrive/Documents/GitHub/proj_bureaucrats
_farms/figures/exploratory_analysis/politician_byprov_fe_sweep/politician_bypro
v_fe02_rural_acpop_all_baseline_rotated.png> <C:/Users/eunic/OneDrive/Documents
/GitHub/proj_bureaucrats_farms/figures/exploratory_analysis/politician_byprov_f
e_sweep/politician_byprov_fe02_did_interaction_rural_acpop_all_1.png (PNG copy)
>] [6

]
<C:/Users/eunic/OneDrive/Documents/GitHub/proj_bureaucrats_farms/figures/explor
atory_analysis/politician_byprov_fe_sweep/politician_byprov_fe03_rural_acpop_al
l_baseline_ori.png, id=212, 578.16pt x 289.08pt>
File: C:/Users/eunic/OneDrive/Documents/GitHub/proj_bureaucrats_farms/figures/e
xploratory_analysis/politician_byprov_fe_sweep/politician_byprov_fe03_rural_acp
op_all_baseline_ori.png Graphic file (type png)
<use C:/Users/eunic/OneDrive/Documents/GitHub/proj_bureaucrats_farms/figures/ex
ploratory_analysis/politician_byprov_fe_sweep/politician_byprov_fe03_rural_acpo
p_all_baseline_ori.png>
Package pdftex.def Info: C:/Users/eunic/OneDrive/Documents/GitHub/proj_bureaucr
ats_farms/figures/exploratory_analysis/politician_byprov_fe_sweep/politician_by
prov_fe03_rural_acpop_all_baseline_ori.png  used on input line 105.
(pdftex.def)             Requested size: 343.42375pt x 171.7114pt.
<C:/Users/eunic/OneDrive/Documents/GitHub/proj_bureaucrats_farms/figures/explor
atory_analysis/politician_byprov_fe_sweep/politician_byprov_fe03_rural_acpop_al
l_baseline_rotated.png, id=213, 578.16pt x 289.08pt>
File: C:/Users/eunic/OneDrive/Documents/GitHub/proj_bureaucrats_farms/figures/e
xploratory_analysis/politician_byprov_fe_sweep/politician_byprov_fe03_rural_acp
op_all_baseline_rotated.png Graphic file (type png)
<use C:/Users/eunic/OneDrive/Documents/GitHub/proj_bureaucrats_farms/figures/ex
ploratory_analysis/politician_byprov_fe_sweep/politician_byprov_fe03_rural_acpo
p_all_baseline_rotated.png>
Package pdftex.def Info: C:/Users/eunic/OneDrive/Documents/GitHub/proj_bureaucr
ats_farms/figures/exploratory_analysis/politician_byprov_fe_sweep/politician_by
prov_fe03_rural_acpop_all_baseline_rotated.png  used on input line 109.
(pdftex.def)             Requested size: 343.42375pt x 171.7114pt.
<C:/Users/eunic/OneDrive/Documents/GitHub/proj_bureaucrats_farms/figures/explor
atory_analysis/politician_byprov_fe_sweep/politician_byprov_fe03_did_interactio
n_rural_acpop_all_1.png, id=214, 960.58875pt x 640.3925pt>
File: C:/Users/eunic/OneDrive/Documents/GitHub/proj_bureaucrats_farms/figures/e
xploratory_analysis/politician_byprov_fe_sweep/politician_byprov_fe03_did_inter
action_rural_acpop_all_1.png Graphic file (type png)
<use C:/Users/eunic/OneDrive/Documents/GitHub/proj_bureaucrats_farms/figures/ex
ploratory_analysis/politician_byprov_fe_sweep/politician_byprov_fe03_did_intera
ction_rural_acpop_all_1.png>
Package pdftex.def Info: C:/Users/eunic/OneDrive/Documents/GitHub/proj_bureaucr
ats_farms/figures/exploratory_analysis/politician_byprov_fe_sweep/politician_by
prov_fe03_did_interaction_rural_acpop_all_1.png  used on input line 112.
(pdftex.def)             Requested size: 386.35037pt x 257.56934pt.
 [7

 <C:/Users/eunic/OneDrive/Documents/GitHub/proj_bureaucrats_farms/figures/explo
ratory_analysis/politician_byprov_fe_sweep/politician_byprov_fe03_rural_acpop_a
ll_baseline_ori.png> <C:/Users/eunic/OneDrive/Documents/GitHub/proj_bureaucrats
_farms/figures/exploratory_analysis/politician_byprov_fe_sweep/politician_bypro
v_fe03_rural_acpop_all_baseline_rotated.png> <C:/Users/eunic/OneDrive/Documents
/GitHub/proj_bureaucrats_farms/figures/exploratory_analysis/politician_byprov_f
e_sweep/politician_byprov_fe03_did_interaction_rural_acpop_all_1.png (PNG copy)
>] [8

]
<C:/Users/eunic/OneDrive/Documents/GitHub/proj_bureaucrats_farms/figures/explor
atory_analysis/politician_byprov_fe_sweep/politician_byprov_fe04_rural_acpop_al
l_baseline_ori.png, id=225, 578.16pt x 289.08pt>
File: C:/Users/eunic/OneDrive/Documents/GitHub/proj_bureaucrats_farms/figures/e
xploratory_analysis/politician_byprov_fe_sweep/politician_byprov_fe04_rural_acp
op_all_baseline_ori.png Graphic file (type png)
<use C:/Users/eunic/OneDrive/Documents/GitHub/proj_bureaucrats_farms/figures/ex
ploratory_analysis/politician_byprov_fe_sweep/politician_byprov_fe04_rural_acpo
p_all_baseline_ori.png>
Package pdftex.def Info: C:/Users/eunic/OneDrive/Documents/GitHub/proj_bureaucr
ats_farms/figures/exploratory_analysis/politician_byprov_fe_sweep/politician_by
prov_fe04_rural_acpop_all_baseline_ori.png  used on input line 145.
(pdftex.def)             Requested size: 343.42375pt x 171.7114pt.
<C:/Users/eunic/OneDrive/Documents/GitHub/proj_bureaucrats_farms/figures/explor
atory_analysis/politician_byprov_fe_sweep/politician_byprov_fe04_rural_acpop_al
l_baseline_rotated.png, id=226, 578.16pt x 289.08pt>
File: C:/Users/eunic/OneDrive/Documents/GitHub/proj_bureaucrats_farms/figures/e
xploratory_analysis/politician_byprov_fe_sweep/politician_byprov_fe04_rural_acp
op_all_baseline_rotated.png Graphic file (type png)
<use C:/Users/eunic/OneDrive/Documents/GitHub/proj_bureaucrats_farms/figures/ex
ploratory_analysis/politician_byprov_fe_sweep/politician_byprov_fe04_rural_acpo
p_all_baseline_rotated.png>
Package pdftex.def Info: C:/Users/eunic/OneDrive/Documents/GitHub/proj_bureaucr
ats_farms/figures/exploratory_analysis/politician_byprov_fe_sweep/politician_by
prov_fe04_rural_acpop_all_baseline_rotated.png  used on input line 149.
(pdftex.def)             Requested size: 343.42375pt x 171.7114pt.
<C:/Users/eunic/OneDrive/Documents/GitHub/proj_bureaucrats_farms/figures/explor
atory_analysis/politician_byprov_fe_sweep/politician_byprov_fe04_did_interactio
n_rural_acpop_all_1.png, id=227, 960.58875pt x 640.3925pt>
File: C:/Users/eunic/OneDrive/Documents/GitHub/proj_bureaucrats_farms/figures/e
xploratory_analysis/politician_byprov_fe_sweep/politician_byprov_fe04_did_inter
action_rural_acpop_all_1.png Graphic file (type png)
<use C:/Users/eunic/OneDrive/Documents/GitHub/proj_bureaucrats_farms/figures/ex
ploratory_analysis/politician_byprov_fe_sweep/politician_byprov_fe04_did_intera
ction_rural_acpop_all_1.png>
Package pdftex.def Info: C:/Users/eunic/OneDrive/Documents/GitHub/proj_bureaucr
ats_farms/figures/exploratory_analysis/politician_byprov_fe_sweep/politician_by
prov_fe04_did_interaction_rural_acpop_all_1.png  used on input line 152.
(pdftex.def)             Requested size: 386.35037pt x 257.56934pt.
 [9

 <C:/Users/eunic/OneDrive/Documents/GitHub/proj_bureaucrats_farms/figures/explo
ratory_analysis/politician_byprov_fe_sweep/politician_byprov_fe04_rural_acpop_a
ll_baseline_ori.png> <C:/Users/eunic/OneDrive/Documents/GitHub/proj_bureaucrats
_farms/figures/exploratory_analysis/politician_byprov_fe_sweep/politician_bypro
v_fe04_rural_acpop_all_baseline_rotated.png> <C:/Users/eunic/OneDrive/Documents
/GitHub/proj_bureaucrats_farms/figures/exploratory_analysis/politician_byprov_f
e_sweep/politician_byprov_fe04_did_interaction_rural_acpop_all_1.png (PNG copy)
>] [10

]
<C:/Users/eunic/OneDrive/Documents/GitHub/proj_bureaucrats_farms/figures/explor
atory_analysis/politician_byprov_fe_sweep/politician_byprov_fe05_rural_acpop_al
l_baseline_ori.png, id=237, 578.16pt x 289.08pt>
File: C:/Users/eunic/OneDrive/Documents/GitHub/proj_bureaucrats_farms/figures/e
xploratory_analysis/politician_byprov_fe_sweep/politician_byprov_fe05_rural_acp
op_all_baseline_ori.png Graphic file (type png)
<use C:/Users/eunic/OneDrive/Documents/GitHub/proj_bureaucrats_farms/figures/ex
ploratory_analysis/politician_byprov_fe_sweep/politician_byprov_fe05_rural_acpo
p_all_baseline_ori.png>
Package pdftex.def Info: C:/Users/eunic/OneDrive/Documents/GitHub/proj_bureaucr
ats_farms/figures/exploratory_analysis/politician_byprov_fe_sweep/politician_by
prov_fe05_rural_acpop_all_baseline_ori.png  used on input line 185.
(pdftex.def)             Requested size: 343.42375pt x 171.7114pt.
<C:/Users/eunic/OneDrive/Documents/GitHub/proj_bureaucrats_farms/figures/explor
atory_analysis/politician_byprov_fe_sweep/politician_byprov_fe05_rural_acpop_al
l_baseline_rotated.png, id=238, 578.16pt x 289.08pt>
File: C:/Users/eunic/OneDrive/Documents/GitHub/proj_bureaucrats_farms/figures/e
xploratory_analysis/politician_byprov_fe_sweep/politician_byprov_fe05_rural_acp
op_all_baseline_rotated.png Graphic file (type png)
<use C:/Users/eunic/OneDrive/Documents/GitHub/proj_bureaucrats_farms/figures/ex
ploratory_analysis/politician_byprov_fe_sweep/politician_byprov_fe05_rural_acpo
p_all_baseline_rotated.png>
Package pdftex.def Info: C:/Users/eunic/OneDrive/Documents/GitHub/proj_bureaucr
ats_farms/figures/exploratory_analysis/politician_byprov_fe_sweep/politician_by
prov_fe05_rural_acpop_all_baseline_rotated.png  used on input line 189.
(pdftex.def)             Requested size: 343.42375pt x 171.7114pt.
<C:/Users/eunic/OneDrive/Documents/GitHub/proj_bureaucrats_farms/figures/explor
atory_analysis/politician_byprov_fe_sweep/politician_byprov_fe05_did_interactio
n_rural_acpop_all_1.png, id=239, 960.58875pt x 640.3925pt>
File: C:/Users/eunic/OneDrive/Documents/GitHub/proj_bureaucrats_farms/figures/e
xploratory_analysis/politician_byprov_fe_sweep/politician_byprov_fe05_did_inter
action_rural_acpop_all_1.png Graphic file (type png)
<use C:/Users/eunic/OneDrive/Documents/GitHub/proj_bureaucrats_farms/figures/ex
ploratory_analysis/politician_byprov_fe_sweep/politician_byprov_fe05_did_intera
ction_rural_acpop_all_1.png>
Package pdftex.def Info: C:/Users/eunic/OneDrive/Documents/GitHub/proj_bureaucr
ats_farms/figures/exploratory_analysis/politician_byprov_fe_sweep/politician_by
prov_fe05_did_interaction_rural_acpop_all_1.png  used on input line 192.
(pdftex.def)             Requested size: 386.35037pt x 257.56934pt.
 [11

 <C:/Users/eunic/OneDrive/Documents/GitHub/proj_bureaucrats_farms/figures/explo
ratory_analysis/politician_byprov_fe_sweep/politician_byprov_fe05_rural_acpop_a
ll_baseline_ori.png> <C:/Users/eunic/OneDrive/Documents/GitHub/proj_bureaucrats
_farms/figures/exploratory_analysis/politician_byprov_fe_sweep/politician_bypro
v_fe05_rural_acpop_all_baseline_rotated.png> <C:/Users/eunic/OneDrive/Documents
/GitHub/proj_bureaucrats_farms/figures/exploratory_analysis/politician_byprov_f
e_sweep/politician_byprov_fe05_did_interaction_rural_acpop_all_1.png (PNG copy)
>]
[12

]
<C:/Users/eunic/OneDrive/Documents/GitHub/proj_bureaucrats_farms/figures/explor
atory_analysis/politician_byprov_fe_sweep/politician_byprov_fe06_rural_acpop_al
l_baseline_ori.png, id=249, 578.16pt x 289.08pt>
File: C:/Users/eunic/OneDrive/Documents/GitHub/proj_bureaucrats_farms/figures/e
xploratory_analysis/politician_byprov_fe_sweep/politician_byprov_fe06_rural_acp
op_all_baseline_ori.png Graphic file (type png)
<use C:/Users/eunic/OneDrive/Documents/GitHub/proj_bureaucrats_farms/figures/ex
ploratory_analysis/politician_byprov_fe_sweep/politician_byprov_fe06_rural_acpo
p_all_baseline_ori.png>
Package pdftex.def Info: C:/Users/eunic/OneDrive/Documents/GitHub/proj_bureaucr
ats_farms/figures/exploratory_analysis/politician_byprov_fe_sweep/politician_by
prov_fe06_rural_acpop_all_baseline_ori.png  used on input line 225.
(pdftex.def)             Requested size: 343.42375pt x 171.7114pt.
<C:/Users/eunic/OneDrive/Documents/GitHub/proj_bureaucrats_farms/figures/explor
atory_analysis/politician_byprov_fe_sweep/politician_byprov_fe06_rural_acpop_al
l_baseline_rotated.png, id=250, 578.16pt x 289.08pt>
File: C:/Users/eunic/OneDrive/Documents/GitHub/proj_bureaucrats_farms/figures/e
xploratory_analysis/politician_byprov_fe_sweep/politician_byprov_fe06_rural_acp
op_all_baseline_rotated.png Graphic file (type png)
<use C:/Users/eunic/OneDrive/Documents/GitHub/proj_bureaucrats_farms/figures/ex
ploratory_analysis/politician_byprov_fe_sweep/politician_byprov_fe06_rural_acpo
p_all_baseline_rotated.png>
Package pdftex.def Info: C:/Users/eunic/OneDrive/Documents/GitHub/proj_bureaucr
ats_farms/figures/exploratory_analysis/politician_byprov_fe_sweep/politician_by
prov_fe06_rural_acpop_all_baseline_rotated.png  used on input line 229.
(pdftex.def)             Requested size: 343.42375pt x 171.7114pt.
<C:/Users/eunic/OneDrive/Documents/GitHub/proj_bureaucrats_farms/figures/explor
atory_analysis/politician_byprov_fe_sweep/politician_byprov_fe06_did_interactio
n_rural_acpop_all_1.png, id=251, 960.58875pt x 640.3925pt>
File: C:/Users/eunic/OneDrive/Documents/GitHub/proj_bureaucrats_farms/figures/e
xploratory_analysis/politician_byprov_fe_sweep/politician_byprov_fe06_did_inter
action_rural_acpop_all_1.png Graphic file (type png)
<use C:/Users/eunic/OneDrive/Documents/GitHub/proj_bureaucrats_farms/figures/ex
ploratory_analysis/politician_byprov_fe_sweep/politician_byprov_fe06_did_intera
ction_rural_acpop_all_1.png>
Package pdftex.def Info: C:/Users/eunic/OneDrive/Documents/GitHub/proj_bureaucr
ats_farms/figures/exploratory_analysis/politician_byprov_fe_sweep/politician_by
prov_fe06_did_interaction_rural_acpop_all_1.png  used on input line 232.
(pdftex.def)             Requested size: 386.35037pt x 257.56934pt.
 [13

 <C:/Users/eunic/OneDrive/Documents/GitHub/proj_bureaucrats_farms/figures/explo
ratory_analysis/politician_byprov_fe_sweep/politician_byprov_fe06_rural_acpop_a
ll_baseline_ori.png> <C:/Users/eunic/OneDrive/Documents/GitHub/proj_bureaucrats
_farms/figures/exploratory_analysis/politician_byprov_fe_sweep/politician_bypro
v_fe06_rural_acpop_all_baseline_rotated.png> <C:/Users/eunic/OneDrive/Documents
/GitHub/proj_bureaucrats_farms/figures/exploratory_analysis/politician_byprov_f
e_sweep/politician_byprov_fe06_did_interaction_rural_acpop_all_1.png (PNG copy)
>] [14

]
<C:/Users/eunic/OneDrive/Documents/GitHub/proj_bureaucrats_farms/figures/explor
atory_analysis/politician_byprov_fe_sweep/politician_byprov_fe07_rural_acpop_al
l_baseline_ori.png, id=262, 578.16pt x 289.08pt>
File: C:/Users/eunic/OneDrive/Documents/GitHub/proj_bureaucrats_farms/figures/e
xploratory_analysis/politician_byprov_fe_sweep/politician_byprov_fe07_rural_acp
op_all_baseline_ori.png Graphic file (type png)
<use C:/Users/eunic/OneDrive/Documents/GitHub/proj_bureaucrats_farms/figures/ex
ploratory_analysis/politician_byprov_fe_sweep/politician_byprov_fe07_rural_acpo
p_all_baseline_ori.png>
Package pdftex.def Info: C:/Users/eunic/OneDrive/Documents/GitHub/proj_bureaucr
ats_farms/figures/exploratory_analysis/politician_byprov_fe_sweep/politician_by
prov_fe07_rural_acpop_all_baseline_ori.png  used on input line 265.
(pdftex.def)             Requested size: 343.42375pt x 171.7114pt.
<C:/Users/eunic/OneDrive/Documents/GitHub/proj_bureaucrats_farms/figures/explor
atory_analysis/politician_byprov_fe_sweep/politician_byprov_fe07_rural_acpop_al
l_baseline_rotated.png, id=263, 578.16pt x 289.08pt>
File: C:/Users/eunic/OneDrive/Documents/GitHub/proj_bureaucrats_farms/figures/e
xploratory_analysis/politician_byprov_fe_sweep/politician_byprov_fe07_rural_acp
op_all_baseline_rotated.png Graphic file (type png)
<use C:/Users/eunic/OneDrive/Documents/GitHub/proj_bureaucrats_farms/figures/ex
ploratory_analysis/politician_byprov_fe_sweep/politician_byprov_fe07_rural_acpo
p_all_baseline_rotated.png>
Package pdftex.def Info: C:/Users/eunic/OneDrive/Documents/GitHub/proj_bureaucr
ats_farms/figures/exploratory_analysis/politician_byprov_fe_sweep/politician_by
prov_fe07_rural_acpop_all_baseline_rotated.png  used on input line 269.
(pdftex.def)             Requested size: 343.42375pt x 171.7114pt.
<C:/Users/eunic/OneDrive/Documents/GitHub/proj_bureaucrats_farms/figures/explor
atory_analysis/politician_byprov_fe_sweep/politician_byprov_fe07_did_interactio
n_rural_acpop_all_1.png, id=264, 960.58875pt x 640.3925pt>
File: C:/Users/eunic/OneDrive/Documents/GitHub/proj_bureaucrats_farms/figures/e
xploratory_analysis/politician_byprov_fe_sweep/politician_byprov_fe07_did_inter
action_rural_acpop_all_1.png Graphic file (type png)
<use C:/Users/eunic/OneDrive/Documents/GitHub/proj_bureaucrats_farms/figures/ex
ploratory_analysis/politician_byprov_fe_sweep/politician_byprov_fe07_did_intera
ction_rural_acpop_all_1.png>
Package pdftex.def Info: C:/Users/eunic/OneDrive/Documents/GitHub/proj_bureaucr
ats_farms/figures/exploratory_analysis/politician_byprov_fe_sweep/politician_by
prov_fe07_did_interaction_rural_acpop_all_1.png  used on input line 272.
(pdftex.def)             Requested size: 386.35037pt x 257.56934pt.
 [15

 <C:/Users/eunic/OneDrive/Documents/GitHub/proj_bureaucrats_farms/figures/explo
ratory_analysis/politician_byprov_fe_sweep/politician_byprov_fe07_rural_acpop_a
ll_baseline_ori.png> <C:/Users/eunic/OneDrive/Documents/GitHub/proj_bureaucrats
_farms/figures/exploratory_analysis/politician_byprov_fe_sweep/politician_bypro
v_fe07_rural_acpop_all_baseline_rotated.png> <C:/Users/eunic/OneDrive/Documents
/GitHub/proj_bureaucrats_farms/figures/exploratory_analysis/politician_byprov_f
e_sweep/politician_byprov_fe07_did_interaction_rural_acpop_all_1.png (PNG copy)
>] [16

]
<C:/Users/eunic/OneDrive/Documents/GitHub/proj_bureaucrats_farms/figures/explor
atory_analysis/politician_byprov_fe_sweep/politician_byprov_fe08_rural_acpop_al
l_baseline_ori.png, id=274, 578.16pt x 289.08pt>
File: C:/Users/eunic/OneDrive/Documents/GitHub/proj_bureaucrats_farms/figures/e
xploratory_analysis/politician_byprov_fe_sweep/politician_byprov_fe08_rural_acp
op_all_baseline_ori.png Graphic file (type png)
<use C:/Users/eunic/OneDrive/Documents/GitHub/proj_bureaucrats_farms/figures/ex
ploratory_analysis/politician_byprov_fe_sweep/politician_byprov_fe08_rural_acpo
p_all_baseline_ori.png>
Package pdftex.def Info: C:/Users/eunic/OneDrive/Documents/GitHub/proj_bureaucr
ats_farms/figures/exploratory_analysis/politician_byprov_fe_sweep/politician_by
prov_fe08_rural_acpop_all_baseline_ori.png  used on input line 305.
(pdftex.def)             Requested size: 343.42375pt x 171.7114pt.
<C:/Users/eunic/OneDrive/Documents/GitHub/proj_bureaucrats_farms/figures/explor
atory_analysis/politician_byprov_fe_sweep/politician_byprov_fe08_rural_acpop_al
l_baseline_rotated.png, id=275, 578.16pt x 289.08pt>
File: C:/Users/eunic/OneDrive/Documents/GitHub/proj_bureaucrats_farms/figures/e
xploratory_analysis/politician_byprov_fe_sweep/politician_byprov_fe08_rural_acp
op_all_baseline_rotated.png Graphic file (type png)
<use C:/Users/eunic/OneDrive/Documents/GitHub/proj_bureaucrats_farms/figures/ex
ploratory_analysis/politician_byprov_fe_sweep/politician_byprov_fe08_rural_acpo
p_all_baseline_rotated.png>
Package pdftex.def Info: C:/Users/eunic/OneDrive/Documents/GitHub/proj_bureaucr
ats_farms/figures/exploratory_analysis/politician_byprov_fe_sweep/politician_by
prov_fe08_rural_acpop_all_baseline_rotated.png  used on input line 309.
(pdftex.def)             Requested size: 343.42375pt x 171.7114pt.
<C:/Users/eunic/OneDrive/Documents/GitHub/proj_bureaucrats_farms/figures/explor
atory_analysis/politician_byprov_fe_sweep/politician_byprov_fe08_did_interactio
n_rural_acpop_all_1.png, id=276, 960.58875pt x 640.3925pt>
File: C:/Users/eunic/OneDrive/Documents/GitHub/proj_bureaucrats_farms/figures/e
xploratory_analysis/politician_byprov_fe_sweep/politician_byprov_fe08_did_inter
action_rural_acpop_all_1.png Graphic file (type png)
<use C:/Users/eunic/OneDrive/Documents/GitHub/proj_bureaucrats_farms/figures/ex
ploratory_analysis/politician_byprov_fe_sweep/politician_byprov_fe08_did_intera
ction_rural_acpop_all_1.png>
Package pdftex.def Info: C:/Users/eunic/OneDrive/Documents/GitHub/proj_bureaucr
ats_farms/figures/exploratory_analysis/politician_byprov_fe_sweep/politician_by
prov_fe08_did_interaction_rural_acpop_all_1.png  used on input line 312.
(pdftex.def)             Requested size: 386.35037pt x 257.56934pt.
 [17

 <C:/Users/eunic/OneDrive/Documents/GitHub/proj_bureaucrats_farms/figures/explo
ratory_analysis/politician_byprov_fe_sweep/politician_byprov_fe08_rural_acpop_a
ll_baseline_ori.png> <C:/Users/eunic/OneDrive/Documents/GitHub/proj_bureaucrats
_farms/figures/exploratory_analysis/politician_byprov_fe_sweep/politician_bypro
v_fe08_rural_acpop_all_baseline_rotated.png> <C:/Users/eunic/OneDrive/Documents
/GitHub/proj_bureaucrats_farms/figures/exploratory_analysis/politician_byprov_f
e_sweep/politician_byprov_fe08_did_interaction_rural_acpop_all_1.png (PNG copy)
>] [18

]
<C:/Users/eunic/OneDrive/Documents/GitHub/proj_bureaucrats_farms/figures/explor
atory_analysis/politician_byprov_fe_sweep/politician_byprov_fe09_rural_acpop_al
l_baseline_ori.png, id=286, 578.16pt x 289.08pt>
File: C:/Users/eunic/OneDrive/Documents/GitHub/proj_bureaucrats_farms/figures/e
xploratory_analysis/politician_byprov_fe_sweep/politician_byprov_fe09_rural_acp
op_all_baseline_ori.png Graphic file (type png)
<use C:/Users/eunic/OneDrive/Documents/GitHub/proj_bureaucrats_farms/figures/ex
ploratory_analysis/politician_byprov_fe_sweep/politician_byprov_fe09_rural_acpo
p_all_baseline_ori.png>
Package pdftex.def Info: C:/Users/eunic/OneDrive/Documents/GitHub/proj_bureaucr
ats_farms/figures/exploratory_analysis/politician_byprov_fe_sweep/politician_by
prov_fe09_rural_acpop_all_baseline_ori.png  used on input line 345.
(pdftex.def)             Requested size: 343.42375pt x 171.7114pt.
<C:/Users/eunic/OneDrive/Documents/GitHub/proj_bureaucrats_farms/figures/explor
atory_analysis/politician_byprov_fe_sweep/politician_byprov_fe09_rural_acpop_al
l_baseline_rotated.png, id=287, 578.16pt x 289.08pt>
File: C:/Users/eunic/OneDrive/Documents/GitHub/proj_bureaucrats_farms/figures/e
xploratory_analysis/politician_byprov_fe_sweep/politician_byprov_fe09_rural_acp
op_all_baseline_rotated.png Graphic file (type png)
<use C:/Users/eunic/OneDrive/Documents/GitHub/proj_bureaucrats_farms/figures/ex
ploratory_analysis/politician_byprov_fe_sweep/politician_byprov_fe09_rural_acpo
p_all_baseline_rotated.png>
Package pdftex.def Info: C:/Users/eunic/OneDrive/Documents/GitHub/proj_bureaucr
ats_farms/figures/exploratory_analysis/politician_byprov_fe_sweep/politician_by
prov_fe09_rural_acpop_all_baseline_rotated.png  used on input line 349.
(pdftex.def)             Requested size: 343.42375pt x 171.7114pt.
<C:/Users/eunic/OneDrive/Documents/GitHub/proj_bureaucrats_farms/figures/explor
atory_analysis/politician_byprov_fe_sweep/politician_byprov_fe09_did_interactio
n_rural_acpop_all_1.png, id=288, 960.58875pt x 640.3925pt>
File: C:/Users/eunic/OneDrive/Documents/GitHub/proj_bureaucrats_farms/figures/e
xploratory_analysis/politician_byprov_fe_sweep/politician_byprov_fe09_did_inter
action_rural_acpop_all_1.png Graphic file (type png)
<use C:/Users/eunic/OneDrive/Documents/GitHub/proj_bureaucrats_farms/figures/ex
ploratory_analysis/politician_byprov_fe_sweep/politician_byprov_fe09_did_intera
ction_rural_acpop_all_1.png>
Package pdftex.def Info: C:/Users/eunic/OneDrive/Documents/GitHub/proj_bureaucr
ats_farms/figures/exploratory_analysis/politician_byprov_fe_sweep/politician_by
prov_fe09_did_interaction_rural_acpop_all_1.png  used on input line 352.
(pdftex.def)             Requested size: 386.35037pt x 257.56934pt.
 [19

 <C:/Users/eunic/OneDrive/Documents/GitHub/proj_bureaucrats_farms/figures/explo
ratory_analysis/politician_byprov_fe_sweep/politician_byprov_fe09_rural_acpop_a
ll_baseline_ori.png> <C:/Users/eunic/OneDrive/Documents/GitHub/proj_bureaucrats
_farms/figures/exploratory_analysis/politician_byprov_fe_sweep/politician_bypro
v_fe09_rural_acpop_all_baseline_rotated.png> <C:/Users/eunic/OneDrive/Documents
/GitHub/proj_bureaucrats_farms/figures/exploratory_analysis/politician_byprov_f
e_sweep/politician_byprov_fe09_did_interaction_rural_acpop_all_1.png (PNG copy)
>] [20

]
<C:/Users/eunic/OneDrive/Documents/GitHub/proj_bureaucrats_farms/figures/explor
atory_analysis/politician_byprov_fe_sweep/politician_byprov_fe10_rural_acpop_al
l_baseline_ori.png, id=299, 578.16pt x 289.08pt>
File: C:/Users/eunic/OneDrive/Documents/GitHub/proj_bureaucrats_farms/figures/e
xploratory_analysis/politician_byprov_fe_sweep/politician_byprov_fe10_rural_acp
op_all_baseline_ori.png Graphic file (type png)
<use C:/Users/eunic/OneDrive/Documents/GitHub/proj_bureaucrats_farms/figures/ex
ploratory_analysis/politician_byprov_fe_sweep/politician_byprov_fe10_rural_acpo
p_all_baseline_ori.png>
Package pdftex.def Info: C:/Users/eunic/OneDrive/Documents/GitHub/proj_bureaucr
ats_farms/figures/exploratory_analysis/politician_byprov_fe_sweep/politician_by
prov_fe10_rural_acpop_all_baseline_ori.png  used on input line 385.
(pdftex.def)             Requested size: 343.42375pt x 171.7114pt.
<C:/Users/eunic/OneDrive/Documents/GitHub/proj_bureaucrats_farms/figures/explor
atory_analysis/politician_byprov_fe_sweep/politician_byprov_fe10_rural_acpop_al
l_baseline_rotated.png, id=300, 578.16pt x 289.08pt>
File: C:/Users/eunic/OneDrive/Documents/GitHub/proj_bureaucrats_farms/figures/e
xploratory_analysis/politician_byprov_fe_sweep/politician_byprov_fe10_rural_acp
op_all_baseline_rotated.png Graphic file (type png)
<use C:/Users/eunic/OneDrive/Documents/GitHub/proj_bureaucrats_farms/figures/ex
ploratory_analysis/politician_byprov_fe_sweep/politician_byprov_fe10_rural_acpo
p_all_baseline_rotated.png>
Package pdftex.def Info: C:/Users/eunic/OneDrive/Documents/GitHub/proj_bureaucr
ats_farms/figures/exploratory_analysis/politician_byprov_fe_sweep/politician_by
prov_fe10_rural_acpop_all_baseline_rotated.png  used on input line 389.
(pdftex.def)             Requested size: 343.42375pt x 171.7114pt.
<C:/Users/eunic/OneDrive/Documents/GitHub/proj_bureaucrats_farms/figures/explor
atory_analysis/politician_byprov_fe_sweep/politician_byprov_fe10_did_interactio
n_rural_acpop_all_1.png, id=301, 960.58875pt x 640.3925pt>
File: C:/Users/eunic/OneDrive/Documents/GitHub/proj_bureaucrats_farms/figures/e
xploratory_analysis/politician_byprov_fe_sweep/politician_byprov_fe10_did_inter
action_rural_acpop_all_1.png Graphic file (type png)
<use C:/Users/eunic/OneDrive/Documents/GitHub/proj_bureaucrats_farms/figures/ex
ploratory_analysis/politician_byprov_fe_sweep/politician_byprov_fe10_did_intera
ction_rural_acpop_all_1.png>
Package pdftex.def Info: C:/Users/eunic/OneDrive/Documents/GitHub/proj_bureaucr
ats_farms/figures/exploratory_analysis/politician_byprov_fe_sweep/politician_by
prov_fe10_did_interaction_rural_acpop_all_1.png  used on input line 392.
(pdftex.def)             Requested size: 386.35037pt x 257.56934pt.
 [21

 <C:/Users/eunic/OneDrive/Documents/GitHub/proj_bureaucrats_farms/figures/explo
ratory_analysis/politician_byprov_fe_sweep/politician_byprov_fe10_rural_acpop_a
ll_baseline_ori.png> <C:/Users/eunic/OneDrive/Documents/GitHub/proj_bureaucrats
_farms/figures/exploratory_analysis/politician_byprov_fe_sweep/politician_bypro
v_fe10_rural_acpop_all_baseline_rotated.png> <C:/Users/eunic/OneDrive/Documents
/GitHub/proj_bureaucrats_farms/figures/exploratory_analysis/politician_byprov_f
e_sweep/politician_byprov_fe10_did_interaction_rural_acpop_all_1.png (PNG copy)
>] [22

]
<C:/Users/eunic/OneDrive/Documents/GitHub/proj_bureaucrats_farms/figures/explor
atory_analysis/politician_byprov_fe_sweep/politician_byprov_fe11_rural_acpop_al
l_baseline_ori.png, id=311, 578.16pt x 289.08pt>
File: C:/Users/eunic/OneDrive/Documents/GitHub/proj_bureaucrats_farms/figures/e
xploratory_analysis/politician_byprov_fe_sweep/politician_byprov_fe11_rural_acp
op_all_baseline_ori.png Graphic file (type png)
<use C:/Users/eunic/OneDrive/Documents/GitHub/proj_bureaucrats_farms/figures/ex
ploratory_analysis/politician_byprov_fe_sweep/politician_byprov_fe11_rural_acpo
p_all_baseline_ori.png>
Package pdftex.def Info: C:/Users/eunic/OneDrive/Documents/GitHub/proj_bureaucr
ats_farms/figures/exploratory_analysis/politician_byprov_fe_sweep/politician_by
prov_fe11_rural_acpop_all_baseline_ori.png  used on input line 425.
(pdftex.def)             Requested size: 343.42375pt x 171.7114pt.
<C:/Users/eunic/OneDrive/Documents/GitHub/proj_bureaucrats_farms/figures/explor
atory_analysis/politician_byprov_fe_sweep/politician_byprov_fe11_rural_acpop_al
l_baseline_rotated.png, id=312, 578.16pt x 289.08pt>
File: C:/Users/eunic/OneDrive/Documents/GitHub/proj_bureaucrats_farms/figures/e
xploratory_analysis/politician_byprov_fe_sweep/politician_byprov_fe11_rural_acp
op_all_baseline_rotated.png Graphic file (type png)
<use C:/Users/eunic/OneDrive/Documents/GitHub/proj_bureaucrats_farms/figures/ex
ploratory_analysis/politician_byprov_fe_sweep/politician_byprov_fe11_rural_acpo
p_all_baseline_rotated.png>
Package pdftex.def Info: C:/Users/eunic/OneDrive/Documents/GitHub/proj_bureaucr
ats_farms/figures/exploratory_analysis/politician_byprov_fe_sweep/politician_by
prov_fe11_rural_acpop_all_baseline_rotated.png  used on input line 429.
(pdftex.def)             Requested size: 343.42375pt x 171.7114pt.
<C:/Users/eunic/OneDrive/Documents/GitHub/proj_bureaucrats_farms/figures/explor
atory_analysis/politician_byprov_fe_sweep/politician_byprov_fe11_did_interactio
n_rural_acpop_all_1.png, id=313, 960.58875pt x 640.3925pt>
File: C:/Users/eunic/OneDrive/Documents/GitHub/proj_bureaucrats_farms/figures/e
xploratory_analysis/politician_byprov_fe_sweep/politician_byprov_fe11_did_inter
action_rural_acpop_all_1.png Graphic file (type png)
<use C:/Users/eunic/OneDrive/Documents/GitHub/proj_bureaucrats_farms/figures/ex
ploratory_analysis/politician_byprov_fe_sweep/politician_byprov_fe11_did_intera
ction_rural_acpop_all_1.png>
Package pdftex.def Info: C:/Users/eunic/OneDrive/Documents/GitHub/proj_bureaucr
ats_farms/figures/exploratory_analysis/politician_byprov_fe_sweep/politician_by
prov_fe11_did_interaction_rural_acpop_all_1.png  used on input line 432.
(pdftex.def)             Requested size: 386.35037pt x 257.56934pt.
 [23

 <C:/Users/eunic/OneDrive/Documents/GitHub/proj_bureaucrats_farms/figures/explo
ratory_analysis/politician_byprov_fe_sweep/politician_byprov_fe11_rural_acpop_a
ll_baseline_ori.png> <C:/Users/eunic/OneDrive/Documents/GitHub/proj_bureaucrats
_farms/figures/exploratory_analysis/politician_byprov_fe_sweep/politician_bypro
v_fe11_rural_acpop_all_baseline_rotated.png> <C:/Users/eunic/OneDrive/Documents
/GitHub/proj_bureaucrats_farms/figures/exploratory_analysis/politician_byprov_f
e_sweep/politician_byprov_fe11_did_interaction_rural_acpop_all_1.png (PNG copy)
>] [24

]
<C:/Users/eunic/OneDrive/Documents/GitHub/proj_bureaucrats_farms/figures/explor
atory_analysis/politician_byprov_fe_sweep/politician_byprov_fe12_rural_acpop_al
l_baseline_ori.png, id=323, 578.16pt x 289.08pt>
File: C:/Users/eunic/OneDrive/Documents/GitHub/proj_bureaucrats_farms/figures/e
xploratory_analysis/politician_byprov_fe_sweep/politician_byprov_fe12_rural_acp
op_all_baseline_ori.png Graphic file (type png)
<use C:/Users/eunic/OneDrive/Documents/GitHub/proj_bureaucrats_farms/figures/ex
ploratory_analysis/politician_byprov_fe_sweep/politician_byprov_fe12_rural_acpo
p_all_baseline_ori.png>
Package pdftex.def Info: C:/Users/eunic/OneDrive/Documents/GitHub/proj_bureaucr
ats_farms/figures/exploratory_analysis/politician_byprov_fe_sweep/politician_by
prov_fe12_rural_acpop_all_baseline_ori.png  used on input line 465.
(pdftex.def)             Requested size: 343.42375pt x 171.7114pt.
<C:/Users/eunic/OneDrive/Documents/GitHub/proj_bureaucrats_farms/figures/explor
atory_analysis/politician_byprov_fe_sweep/politician_byprov_fe12_rural_acpop_al
l_baseline_rotated.png, id=324, 578.16pt x 289.08pt>
File: C:/Users/eunic/OneDrive/Documents/GitHub/proj_bureaucrats_farms/figures/e
xploratory_analysis/politician_byprov_fe_sweep/politician_byprov_fe12_rural_acp
op_all_baseline_rotated.png Graphic file (type png)
<use C:/Users/eunic/OneDrive/Documents/GitHub/proj_bureaucrats_farms/figures/ex
ploratory_analysis/politician_byprov_fe_sweep/politician_byprov_fe12_rural_acpo
p_all_baseline_rotated.png>
Package pdftex.def Info: C:/Users/eunic/OneDrive/Documents/GitHub/proj_bureaucr
ats_farms/figures/exploratory_analysis/politician_byprov_fe_sweep/politician_by
prov_fe12_rural_acpop_all_baseline_rotated.png  used on input line 469.
(pdftex.def)             Requested size: 343.42375pt x 171.7114pt.
<C:/Users/eunic/OneDrive/Documents/GitHub/proj_bureaucrats_farms/figures/explor
atory_analysis/politician_byprov_fe_sweep/politician_byprov_fe12_did_interactio
n_rural_acpop_all_1.png, id=325, 960.58875pt x 640.3925pt>
File: C:/Users/eunic/OneDrive/Documents/GitHub/proj_bureaucrats_farms/figures/e
xploratory_analysis/politician_byprov_fe_sweep/politician_byprov_fe12_did_inter
action_rural_acpop_all_1.png Graphic file (type png)
<use C:/Users/eunic/OneDrive/Documents/GitHub/proj_bureaucrats_farms/figures/ex
ploratory_analysis/politician_byprov_fe_sweep/politician_byprov_fe12_did_intera
ction_rural_acpop_all_1.png>
Package pdftex.def Info: C:/Users/eunic/OneDrive/Documents/GitHub/proj_bureaucr
ats_farms/figures/exploratory_analysis/politician_byprov_fe_sweep/politician_by
prov_fe12_did_interaction_rural_acpop_all_1.png  used on input line 472.
(pdftex.def)             Requested size: 386.35037pt x 257.56934pt.
 [25

 <C:/Users/eunic/OneDrive/Documents/GitHub/proj_bureaucrats_farms/figures/explo
ratory_analysis/politician_byprov_fe_sweep/politician_byprov_fe12_rural_acpop_a
ll_baseline_ori.png> <C:/Users/eunic/OneDrive/Documents/GitHub/proj_bureaucrats
_farms/figures/exploratory_analysis/politician_byprov_fe_sweep/politician_bypro
v_fe12_rural_acpop_all_baseline_rotated.png> <C:/Users/eunic/OneDrive/Documents
/GitHub/proj_bureaucrats_farms/figures/exploratory_analysis/politician_byprov_f
e_sweep/politician_byprov_fe12_did_interaction_rural_acpop_all_1.png (PNG copy)
>]
[26

]
<C:/Users/eunic/OneDrive/Documents/GitHub/proj_bureaucrats_farms/figures/explor
atory_analysis/politician_byprov_fe_sweep/politician_byprov_fe13_rural_acpop_al
l_baseline_ori.png, id=336, 578.16pt x 289.08pt>
File: C:/Users/eunic/OneDrive/Documents/GitHub/proj_bureaucrats_farms/figures/e
xploratory_analysis/politician_byprov_fe_sweep/politician_byprov_fe13_rural_acp
op_all_baseline_ori.png Graphic file (type png)
<use C:/Users/eunic/OneDrive/Documents/GitHub/proj_bureaucrats_farms/figures/ex
ploratory_analysis/politician_byprov_fe_sweep/politician_byprov_fe13_rural_acpo
p_all_baseline_ori.png>
Package pdftex.def Info: C:/Users/eunic/OneDrive/Documents/GitHub/proj_bureaucr
ats_farms/figures/exploratory_analysis/politician_byprov_fe_sweep/politician_by
prov_fe13_rural_acpop_all_baseline_ori.png  used on input line 505.
(pdftex.def)             Requested size: 343.42375pt x 171.7114pt.
<C:/Users/eunic/OneDrive/Documents/GitHub/proj_bureaucrats_farms/figures/explor
atory_analysis/politician_byprov_fe_sweep/politician_byprov_fe13_rural_acpop_al
l_baseline_rotated.png, id=337, 578.16pt x 289.08pt>
File: C:/Users/eunic/OneDrive/Documents/GitHub/proj_bureaucrats_farms/figures/e
xploratory_analysis/politician_byprov_fe_sweep/politician_byprov_fe13_rural_acp
op_all_baseline_rotated.png Graphic file (type png)
<use C:/Users/eunic/OneDrive/Documents/GitHub/proj_bureaucrats_farms/figures/ex
ploratory_analysis/politician_byprov_fe_sweep/politician_byprov_fe13_rural_acpo
p_all_baseline_rotated.png>
Package pdftex.def Info: C:/Users/eunic/OneDrive/Documents/GitHub/proj_bureaucr
ats_farms/figures/exploratory_analysis/politician_byprov_fe_sweep/politician_by
prov_fe13_rural_acpop_all_baseline_rotated.png  used on input line 509.
(pdftex.def)             Requested size: 343.42375pt x 171.7114pt.
<C:/Users/eunic/OneDrive/Documents/GitHub/proj_bureaucrats_farms/figures/explor
atory_analysis/politician_byprov_fe_sweep/politician_byprov_fe13_did_interactio
n_rural_acpop_all_1.png, id=338, 960.58875pt x 640.3925pt>
File: C:/Users/eunic/OneDrive/Documents/GitHub/proj_bureaucrats_farms/figures/e
xploratory_analysis/politician_byprov_fe_sweep/politician_byprov_fe13_did_inter
action_rural_acpop_all_1.png Graphic file (type png)
<use C:/Users/eunic/OneDrive/Documents/GitHub/proj_bureaucrats_farms/figures/ex
ploratory_analysis/politician_byprov_fe_sweep/politician_byprov_fe13_did_intera
ction_rural_acpop_all_1.png>
Package pdftex.def Info: C:/Users/eunic/OneDrive/Documents/GitHub/proj_bureaucr
ats_farms/figures/exploratory_analysis/politician_byprov_fe_sweep/politician_by
prov_fe13_did_interaction_rural_acpop_all_1.png  used on input line 512.
(pdftex.def)             Requested size: 386.35037pt x 257.56934pt.
 [27

 <C:/Users/eunic/OneDrive/Documents/GitHub/proj_bureaucrats_farms/figures/explo
ratory_analysis/politician_byprov_fe_sweep/politician_byprov_fe13_rural_acpop_a
ll_baseline_ori.png> <C:/Users/eunic/OneDrive/Documents/GitHub/proj_bureaucrats
_farms/figures/exploratory_analysis/politician_byprov_fe_sweep/politician_bypro
v_fe13_rural_acpop_all_baseline_rotated.png> <C:/Users/eunic/OneDrive/Documents
/GitHub/proj_bureaucrats_farms/figures/exploratory_analysis/politician_byprov_f
e_sweep/politician_byprov_fe13_did_interaction_rural_acpop_all_1.png (PNG copy)
>] [28

]
<C:/Users/eunic/OneDrive/Documents/GitHub/proj_bureaucrats_farms/figures/explor
atory_analysis/politician_byprov_fe_sweep/politician_byprov_fe14_rural_acpop_al
l_baseline_ori.png, id=348, 578.16pt x 289.08pt>
File: C:/Users/eunic/OneDrive/Documents/GitHub/proj_bureaucrats_farms/figures/e
xploratory_analysis/politician_byprov_fe_sweep/politician_byprov_fe14_rural_acp
op_all_baseline_ori.png Graphic file (type png)
<use C:/Users/eunic/OneDrive/Documents/GitHub/proj_bureaucrats_farms/figures/ex
ploratory_analysis/politician_byprov_fe_sweep/politician_byprov_fe14_rural_acpo
p_all_baseline_ori.png>
Package pdftex.def Info: C:/Users/eunic/OneDrive/Documents/GitHub/proj_bureaucr
ats_farms/figures/exploratory_analysis/politician_byprov_fe_sweep/politician_by
prov_fe14_rural_acpop_all_baseline_ori.png  used on input line 545.
(pdftex.def)             Requested size: 343.42375pt x 171.7114pt.
<C:/Users/eunic/OneDrive/Documents/GitHub/proj_bureaucrats_farms/figures/explor
atory_analysis/politician_byprov_fe_sweep/politician_byprov_fe14_rural_acpop_al
l_baseline_rotated.png, id=349, 578.16pt x 289.08pt>
File: C:/Users/eunic/OneDrive/Documents/GitHub/proj_bureaucrats_farms/figures/e
xploratory_analysis/politician_byprov_fe_sweep/politician_byprov_fe14_rural_acp
op_all_baseline_rotated.png Graphic file (type png)
<use C:/Users/eunic/OneDrive/Documents/GitHub/proj_bureaucrats_farms/figures/ex
ploratory_analysis/politician_byprov_fe_sweep/politician_byprov_fe14_rural_acpo
p_all_baseline_rotated.png>
Package pdftex.def Info: C:/Users/eunic/OneDrive/Documents/GitHub/proj_bureaucr
ats_farms/figures/exploratory_analysis/politician_byprov_fe_sweep/politician_by
prov_fe14_rural_acpop_all_baseline_rotated.png  used on input line 549.
(pdftex.def)             Requested size: 343.42375pt x 171.7114pt.
<C:/Users/eunic/OneDrive/Documents/GitHub/proj_bureaucrats_farms/figures/explor
atory_analysis/politician_byprov_fe_sweep/politician_byprov_fe14_did_interactio
n_rural_acpop_all_1.png, id=350, 960.58875pt x 640.3925pt>
File: C:/Users/eunic/OneDrive/Documents/GitHub/proj_bureaucrats_farms/figures/e
xploratory_analysis/politician_byprov_fe_sweep/politician_byprov_fe14_did_inter
action_rural_acpop_all_1.png Graphic file (type png)
<use C:/Users/eunic/OneDrive/Documents/GitHub/proj_bureaucrats_farms/figures/ex
ploratory_analysis/politician_byprov_fe_sweep/politician_byprov_fe14_did_intera
ction_rural_acpop_all_1.png>
Package pdftex.def Info: C:/Users/eunic/OneDrive/Documents/GitHub/proj_bureaucr
ats_farms/figures/exploratory_analysis/politician_byprov_fe_sweep/politician_by
prov_fe14_did_interaction_rural_acpop_all_1.png  used on input line 552.
(pdftex.def)             Requested size: 386.35037pt x 257.56934pt.
 [29

 <C:/Users/eunic/OneDrive/Documents/GitHub/proj_bureaucrats_farms/figures/explo
ratory_analysis/politician_byprov_fe_sweep/politician_byprov_fe14_rural_acpop_a
ll_baseline_ori.png> <C:/Users/eunic/OneDrive/Documents/GitHub/proj_bureaucrats
_farms/figures/exploratory_analysis/politician_byprov_fe_sweep/politician_bypro
v_fe14_rural_acpop_all_baseline_rotated.png> <C:/Users/eunic/OneDrive/Documents
/GitHub/proj_bureaucrats_farms/figures/exploratory_analysis/politician_byprov_f
e_sweep/politician_byprov_fe14_did_interaction_rural_acpop_all_1.png (PNG copy)
>] [30

]
<C:/Users/eunic/OneDrive/Documents/GitHub/proj_bureaucrats_farms/figures/explor
atory_analysis/politician_byprov_fe_sweep/politician_byprov_fe15_rural_acpop_al
l_baseline_ori.png, id=360, 578.16pt x 289.08pt>
File: C:/Users/eunic/OneDrive/Documents/GitHub/proj_bureaucrats_farms/figures/e
xploratory_analysis/politician_byprov_fe_sweep/politician_byprov_fe15_rural_acp
op_all_baseline_ori.png Graphic file (type png)
<use C:/Users/eunic/OneDrive/Documents/GitHub/proj_bureaucrats_farms/figures/ex
ploratory_analysis/politician_byprov_fe_sweep/politician_byprov_fe15_rural_acpo
p_all_baseline_ori.png>
Package pdftex.def Info: C:/Users/eunic/OneDrive/Documents/GitHub/proj_bureaucr
ats_farms/figures/exploratory_analysis/politician_byprov_fe_sweep/politician_by
prov_fe15_rural_acpop_all_baseline_ori.png  used on input line 585.
(pdftex.def)             Requested size: 343.42375pt x 171.7114pt.
<C:/Users/eunic/OneDrive/Documents/GitHub/proj_bureaucrats_farms/figures/explor
atory_analysis/politician_byprov_fe_sweep/politician_byprov_fe15_rural_acpop_al
l_baseline_rotated.png, id=361, 578.16pt x 289.08pt>
File: C:/Users/eunic/OneDrive/Documents/GitHub/proj_bureaucrats_farms/figures/e
xploratory_analysis/politician_byprov_fe_sweep/politician_byprov_fe15_rural_acp
op_all_baseline_rotated.png Graphic file (type png)
<use C:/Users/eunic/OneDrive/Documents/GitHub/proj_bureaucrats_farms/figures/ex
ploratory_analysis/politician_byprov_fe_sweep/politician_byprov_fe15_rural_acpo
p_all_baseline_rotated.png>
Package pdftex.def Info: C:/Users/eunic/OneDrive/Documents/GitHub/proj_bureaucr
ats_farms/figures/exploratory_analysis/politician_byprov_fe_sweep/politician_by
prov_fe15_rural_acpop_all_baseline_rotated.png  used on input line 589.
(pdftex.def)             Requested size: 343.42375pt x 171.7114pt.
<C:/Users/eunic/OneDrive/Documents/GitHub/proj_bureaucrats_farms/figures/explor
atory_analysis/politician_byprov_fe_sweep/politician_byprov_fe15_did_interactio
n_rural_acpop_all_1.png, id=362, 960.58875pt x 640.3925pt>
File: C:/Users/eunic/OneDrive/Documents/GitHub/proj_bureaucrats_farms/figures/e
xploratory_analysis/politician_byprov_fe_sweep/politician_byprov_fe15_did_inter
action_rural_acpop_all_1.png Graphic file (type png)
<use C:/Users/eunic/OneDrive/Documents/GitHub/proj_bureaucrats_farms/figures/ex
ploratory_analysis/politician_byprov_fe_sweep/politician_byprov_fe15_did_intera
ction_rural_acpop_all_1.png>
Package pdftex.def Info: C:/Users/eunic/OneDrive/Documents/GitHub/proj_bureaucr
ats_farms/figures/exploratory_analysis/politician_byprov_fe_sweep/politician_by
prov_fe15_did_interaction_rural_acpop_all_1.png  used on input line 592.
(pdftex.def)             Requested size: 386.35037pt x 257.56934pt.
 [31

 <C:/Users/eunic/OneDrive/Documents/GitHub/proj_bureaucrats_farms/figures/explo
ratory_analysis/politician_byprov_fe_sweep/politician_byprov_fe15_rural_acpop_a
ll_baseline_ori.png> <C:/Users/eunic/OneDrive/Documents/GitHub/proj_bureaucrats
_farms/figures/exploratory_analysis/politician_byprov_fe_sweep/politician_bypro
v_fe15_rural_acpop_all_baseline_rotated.png> <C:/Users/eunic/OneDrive/Documents
/GitHub/proj_bureaucrats_farms/figures/exploratory_analysis/politician_byprov_f
e_sweep/politician_byprov_fe15_did_interaction_rural_acpop_all_1.png (PNG copy)
>] [32

]
<C:/Users/eunic/OneDrive/Documents/GitHub/proj_bureaucrats_farms/figures/explor
atory_analysis/politician_byprov_fe_sweep/politician_byprov_fe16_rural_acpop_al
l_baseline_ori.png, id=373, 578.16pt x 289.08pt>
File: C:/Users/eunic/OneDrive/Documents/GitHub/proj_bureaucrats_farms/figures/e
xploratory_analysis/politician_byprov_fe_sweep/politician_byprov_fe16_rural_acp
op_all_baseline_ori.png Graphic file (type png)
<use C:/Users/eunic/OneDrive/Documents/GitHub/proj_bureaucrats_farms/figures/ex
ploratory_analysis/politician_byprov_fe_sweep/politician_byprov_fe16_rural_acpo
p_all_baseline_ori.png>
Package pdftex.def Info: C:/Users/eunic/OneDrive/Documents/GitHub/proj_bureaucr
ats_farms/figures/exploratory_analysis/politician_byprov_fe_sweep/politician_by
prov_fe16_rural_acpop_all_baseline_ori.png  used on input line 625.
(pdftex.def)             Requested size: 343.42375pt x 171.7114pt.
<C:/Users/eunic/OneDrive/Documents/GitHub/proj_bureaucrats_farms/figures/explor
atory_analysis/politician_byprov_fe_sweep/politician_byprov_fe16_rural_acpop_al
l_baseline_rotated.png, id=374, 578.16pt x 289.08pt>
File: C:/Users/eunic/OneDrive/Documents/GitHub/proj_bureaucrats_farms/figures/e
xploratory_analysis/politician_byprov_fe_sweep/politician_byprov_fe16_rural_acp
op_all_baseline_rotated.png Graphic file (type png)
<use C:/Users/eunic/OneDrive/Documents/GitHub/proj_bureaucrats_farms/figures/ex
ploratory_analysis/politician_byprov_fe_sweep/politician_byprov_fe16_rural_acpo
p_all_baseline_rotated.png>
Package pdftex.def Info: C:/Users/eunic/OneDrive/Documents/GitHub/proj_bureaucr
ats_farms/figures/exploratory_analysis/politician_byprov_fe_sweep/politician_by
prov_fe16_rural_acpop_all_baseline_rotated.png  used on input line 629.
(pdftex.def)             Requested size: 343.42375pt x 171.7114pt.
<C:/Users/eunic/OneDrive/Documents/GitHub/proj_bureaucrats_farms/figures/explor
atory_analysis/politician_byprov_fe_sweep/politician_byprov_fe16_did_interactio
n_rural_acpop_all_1.png, id=375, 960.58875pt x 640.3925pt>
File: C:/Users/eunic/OneDrive/Documents/GitHub/proj_bureaucrats_farms/figures/e
xploratory_analysis/politician_byprov_fe_sweep/politician_byprov_fe16_did_inter
action_rural_acpop_all_1.png Graphic file (type png)
<use C:/Users/eunic/OneDrive/Documents/GitHub/proj_bureaucrats_farms/figures/ex
ploratory_analysis/politician_byprov_fe_sweep/politician_byprov_fe16_did_intera
ction_rural_acpop_all_1.png>
Package pdftex.def Info: C:/Users/eunic/OneDrive/Documents/GitHub/proj_bureaucr
ats_farms/figures/exploratory_analysis/politician_byprov_fe_sweep/politician_by
prov_fe16_did_interaction_rural_acpop_all_1.png  used on input line 632.
(pdftex.def)             Requested size: 386.35037pt x 257.56934pt.
 [33

 <C:/Users/eunic/OneDrive/Documents/GitHub/proj_bureaucrats_farms/figures/explo
ratory_analysis/politician_byprov_fe_sweep/politician_byprov_fe16_rural_acpop_a
ll_baseline_ori.png> <C:/Users/eunic/OneDrive/Documents/GitHub/proj_bureaucrats
_farms/figures/exploratory_analysis/politician_byprov_fe_sweep/politician_bypro
v_fe16_rural_acpop_all_baseline_rotated.png> <C:/Users/eunic/OneDrive/Documents
/GitHub/proj_bureaucrats_farms/figures/exploratory_analysis/politician_byprov_f
e_sweep/politician_byprov_fe16_did_interaction_rural_acpop_all_1.png (PNG copy)
>] [34

]
<C:/Users/eunic/OneDrive/Documents/GitHub/proj_bureaucrats_farms/figures/explor
atory_analysis/politician_byprov_fe_sweep/politician_byprov_fe17_rural_acpop_al
l_baseline_ori.png, id=385, 578.16pt x 289.08pt>
File: C:/Users/eunic/OneDrive/Documents/GitHub/proj_bureaucrats_farms/figures/e
xploratory_analysis/politician_byprov_fe_sweep/politician_byprov_fe17_rural_acp
op_all_baseline_ori.png Graphic file (type png)
<use C:/Users/eunic/OneDrive/Documents/GitHub/proj_bureaucrats_farms/figures/ex
ploratory_analysis/politician_byprov_fe_sweep/politician_byprov_fe17_rural_acpo
p_all_baseline_ori.png>
Package pdftex.def Info: C:/Users/eunic/OneDrive/Documents/GitHub/proj_bureaucr
ats_farms/figures/exploratory_analysis/politician_byprov_fe_sweep/politician_by
prov_fe17_rural_acpop_all_baseline_ori.png  used on input line 665.
(pdftex.def)             Requested size: 343.42375pt x 171.7114pt.
<C:/Users/eunic/OneDrive/Documents/GitHub/proj_bureaucrats_farms/figures/explor
atory_analysis/politician_byprov_fe_sweep/politician_byprov_fe17_rural_acpop_al
l_baseline_rotated.png, id=386, 578.16pt x 289.08pt>
File: C:/Users/eunic/OneDrive/Documents/GitHub/proj_bureaucrats_farms/figures/e
xploratory_analysis/politician_byprov_fe_sweep/politician_byprov_fe17_rural_acp
op_all_baseline_rotated.png Graphic file (type png)
<use C:/Users/eunic/OneDrive/Documents/GitHub/proj_bureaucrats_farms/figures/ex
ploratory_analysis/politician_byprov_fe_sweep/politician_byprov_fe17_rural_acpo
p_all_baseline_rotated.png>
Package pdftex.def Info: C:/Users/eunic/OneDrive/Documents/GitHub/proj_bureaucr
ats_farms/figures/exploratory_analysis/politician_byprov_fe_sweep/politician_by
prov_fe17_rural_acpop_all_baseline_rotated.png  used on input line 669.
(pdftex.def)             Requested size: 343.42375pt x 171.7114pt.
<C:/Users/eunic/OneDrive/Documents/GitHub/proj_bureaucrats_farms/figures/explor
atory_analysis/politician_byprov_fe_sweep/politician_byprov_fe17_did_interactio
n_rural_acpop_all_1.png, id=387, 960.58875pt x 640.3925pt>
File: C:/Users/eunic/OneDrive/Documents/GitHub/proj_bureaucrats_farms/figures/e
xploratory_analysis/politician_byprov_fe_sweep/politician_byprov_fe17_did_inter
action_rural_acpop_all_1.png Graphic file (type png)
<use C:/Users/eunic/OneDrive/Documents/GitHub/proj_bureaucrats_farms/figures/ex
ploratory_analysis/politician_byprov_fe_sweep/politician_byprov_fe17_did_intera
ction_rural_acpop_all_1.png>
Package pdftex.def Info: C:/Users/eunic/OneDrive/Documents/GitHub/proj_bureaucr
ats_farms/figures/exploratory_analysis/politician_byprov_fe_sweep/politician_by
prov_fe17_did_interaction_rural_acpop_all_1.png  used on input line 672.
(pdftex.def)             Requested size: 386.35037pt x 257.56934pt.
 [35

 <C:/Users/eunic/OneDrive/Documents/GitHub/proj_bureaucrats_farms/figures/explo
ratory_analysis/politician_byprov_fe_sweep/politician_byprov_fe17_rural_acpop_a
ll_baseline_ori.png> <C:/Users/eunic/OneDrive/Documents/GitHub/proj_bureaucrats
_farms/figures/exploratory_analysis/politician_byprov_fe_sweep/politician_bypro
v_fe17_rural_acpop_all_baseline_rotated.png> <C:/Users/eunic/OneDrive/Documents
/GitHub/proj_bureaucrats_farms/figures/exploratory_analysis/politician_byprov_f
e_sweep/politician_byprov_fe17_did_interaction_rural_acpop_all_1.png (PNG copy)
>] [36

]
<C:/Users/eunic/OneDrive/Documents/GitHub/proj_bureaucrats_farms/figures/explor
atory_analysis/politician_byprov_fe_sweep/politician_byprov_fe18_rural_acpop_al
l_baseline_ori.png, id=397, 578.16pt x 289.08pt>
File: C:/Users/eunic/OneDrive/Documents/GitHub/proj_bureaucrats_farms/figures/e
xploratory_analysis/politician_byprov_fe_sweep/politician_byprov_fe18_rural_acp
op_all_baseline_ori.png Graphic file (type png)
<use C:/Users/eunic/OneDrive/Documents/GitHub/proj_bureaucrats_farms/figures/ex
ploratory_analysis/politician_byprov_fe_sweep/politician_byprov_fe18_rural_acpo
p_all_baseline_ori.png>
Package pdftex.def Info: C:/Users/eunic/OneDrive/Documents/GitHub/proj_bureaucr
ats_farms/figures/exploratory_analysis/politician_byprov_fe_sweep/politician_by
prov_fe18_rural_acpop_all_baseline_ori.png  used on input line 705.
(pdftex.def)             Requested size: 343.42375pt x 171.7114pt.
<C:/Users/eunic/OneDrive/Documents/GitHub/proj_bureaucrats_farms/figures/explor
atory_analysis/politician_byprov_fe_sweep/politician_byprov_fe18_rural_acpop_al
l_baseline_rotated.png, id=398, 578.16pt x 289.08pt>
File: C:/Users/eunic/OneDrive/Documents/GitHub/proj_bureaucrats_farms/figures/e
xploratory_analysis/politician_byprov_fe_sweep/politician_byprov_fe18_rural_acp
op_all_baseline_rotated.png Graphic file (type png)
<use C:/Users/eunic/OneDrive/Documents/GitHub/proj_bureaucrats_farms/figures/ex
ploratory_analysis/politician_byprov_fe_sweep/politician_byprov_fe18_rural_acpo
p_all_baseline_rotated.png>
Package pdftex.def Info: C:/Users/eunic/OneDrive/Documents/GitHub/proj_bureaucr
ats_farms/figures/exploratory_analysis/politician_byprov_fe_sweep/politician_by
prov_fe18_rural_acpop_all_baseline_rotated.png  used on input line 709.
(pdftex.def)             Requested size: 343.42375pt x 171.7114pt.
<C:/Users/eunic/OneDrive/Documents/GitHub/proj_bureaucrats_farms/figures/explor
atory_analysis/politician_byprov_fe_sweep/politician_byprov_fe18_did_interactio
n_rural_acpop_all_1.png, id=399, 960.58875pt x 640.3925pt>
File: C:/Users/eunic/OneDrive/Documents/GitHub/proj_bureaucrats_farms/figures/e
xploratory_analysis/politician_byprov_fe_sweep/politician_byprov_fe18_did_inter
action_rural_acpop_all_1.png Graphic file (type png)
<use C:/Users/eunic/OneDrive/Documents/GitHub/proj_bureaucrats_farms/figures/ex
ploratory_analysis/politician_byprov_fe_sweep/politician_byprov_fe18_did_intera
ction_rural_acpop_all_1.png>
Package pdftex.def Info: C:/Users/eunic/OneDrive/Documents/GitHub/proj_bureaucr
ats_farms/figures/exploratory_analysis/politician_byprov_fe_sweep/politician_by
prov_fe18_did_interaction_rural_acpop_all_1.png  used on input line 712.
(pdftex.def)             Requested size: 386.35037pt x 257.56934pt.
 [37

 <C:/Users/eunic/OneDrive/Documents/GitHub/proj_bureaucrats_farms/figures/explo
ratory_analysis/politician_byprov_fe_sweep/politician_byprov_fe18_rural_acpop_a
ll_baseline_ori.png> <C:/Users/eunic/OneDrive/Documents/GitHub/proj_bureaucrats
_farms/figures/exploratory_analysis/politician_byprov_fe_sweep/politician_bypro
v_fe18_rural_acpop_all_baseline_rotated.png> <C:/Users/eunic/OneDrive/Documents
/GitHub/proj_bureaucrats_farms/figures/exploratory_analysis/politician_byprov_f
e_sweep/politician_byprov_fe18_did_interaction_rural_acpop_all_1.png (PNG copy)
>] [38

]
<C:/Users/eunic/OneDrive/Documents/GitHub/proj_bureaucrats_farms/figures/explor
atory_analysis/politician_byprov_fe_sweep/politician_byprov_fe19_rural_acpop_al
l_baseline_ori.png, id=410, 578.16pt x 289.08pt>
File: C:/Users/eunic/OneDrive/Documents/GitHub/proj_bureaucrats_farms/figures/e
xploratory_analysis/politician_byprov_fe_sweep/politician_byprov_fe19_rural_acp
op_all_baseline_ori.png Graphic file (type png)
<use C:/Users/eunic/OneDrive/Documents/GitHub/proj_bureaucrats_farms/figures/ex
ploratory_analysis/politician_byprov_fe_sweep/politician_byprov_fe19_rural_acpo
p_all_baseline_ori.png>
Package pdftex.def Info: C:/Users/eunic/OneDrive/Documents/GitHub/proj_bureaucr
ats_farms/figures/exploratory_analysis/politician_byprov_fe_sweep/politician_by
prov_fe19_rural_acpop_all_baseline_ori.png  used on input line 745.
(pdftex.def)             Requested size: 343.42375pt x 171.7114pt.
<C:/Users/eunic/OneDrive/Documents/GitHub/proj_bureaucrats_farms/figures/explor
atory_analysis/politician_byprov_fe_sweep/politician_byprov_fe19_rural_acpop_al
l_baseline_rotated.png, id=411, 578.16pt x 289.08pt>
File: C:/Users/eunic/OneDrive/Documents/GitHub/proj_bureaucrats_farms/figures/e
xploratory_analysis/politician_byprov_fe_sweep/politician_byprov_fe19_rural_acp
op_all_baseline_rotated.png Graphic file (type png)
<use C:/Users/eunic/OneDrive/Documents/GitHub/proj_bureaucrats_farms/figures/ex
ploratory_analysis/politician_byprov_fe_sweep/politician_byprov_fe19_rural_acpo
p_all_baseline_rotated.png>
Package pdftex.def Info: C:/Users/eunic/OneDrive/Documents/GitHub/proj_bureaucr
ats_farms/figures/exploratory_analysis/politician_byprov_fe_sweep/politician_by
prov_fe19_rural_acpop_all_baseline_rotated.png  used on input line 749.
(pdftex.def)             Requested size: 343.42375pt x 171.7114pt.
<C:/Users/eunic/OneDrive/Documents/GitHub/proj_bureaucrats_farms/figures/explor
atory_analysis/politician_byprov_fe_sweep/politician_byprov_fe19_did_interactio
n_rural_acpop_all_1.png, id=412, 960.58875pt x 640.3925pt>
File: C:/Users/eunic/OneDrive/Documents/GitHub/proj_bureaucrats_farms/figures/e
xploratory_analysis/politician_byprov_fe_sweep/politician_byprov_fe19_did_inter
action_rural_acpop_all_1.png Graphic file (type png)
<use C:/Users/eunic/OneDrive/Documents/GitHub/proj_bureaucrats_farms/figures/ex
ploratory_analysis/politician_byprov_fe_sweep/politician_byprov_fe19_did_intera
ction_rural_acpop_all_1.png>
Package pdftex.def Info: C:/Users/eunic/OneDrive/Documents/GitHub/proj_bureaucr
ats_farms/figures/exploratory_analysis/politician_byprov_fe_sweep/politician_by
prov_fe19_did_interaction_rural_acpop_all_1.png  used on input line 752.
(pdftex.def)             Requested size: 386.35037pt x 257.56934pt.
 [39

 <C:/Users/eunic/OneDrive/Documents/GitHub/proj_bureaucrats_farms/figures/explo
ratory_analysis/politician_byprov_fe_sweep/politician_byprov_fe19_rural_acpop_a
ll_baseline_ori.png> <C:/Users/eunic/OneDrive/Documents/GitHub/proj_bureaucrats
_farms/figures/exploratory_analysis/politician_byprov_fe_sweep/politician_bypro
v_fe19_rural_acpop_all_baseline_rotated.png> <C:/Users/eunic/OneDrive/Documents
/GitHub/proj_bureaucrats_farms/figures/exploratory_analysis/politician_byprov_f
e_sweep/politician_byprov_fe19_did_interaction_rural_acpop_all_1.png (PNG copy)
>]
[40

]
<C:/Users/eunic/OneDrive/Documents/GitHub/proj_bureaucrats_farms/figures/explor
atory_analysis/politician_byprov_fe_sweep/politician_byprov_fe20_rural_acpop_al
l_baseline_ori.png, id=422, 578.16pt x 289.08pt>
File: C:/Users/eunic/OneDrive/Documents/GitHub/proj_bureaucrats_farms/figures/e
xploratory_analysis/politician_byprov_fe_sweep/politician_byprov_fe20_rural_acp
op_all_baseline_ori.png Graphic file (type png)
<use C:/Users/eunic/OneDrive/Documents/GitHub/proj_bureaucrats_farms/figures/ex
ploratory_analysis/politician_byprov_fe_sweep/politician_byprov_fe20_rural_acpo
p_all_baseline_ori.png>
Package pdftex.def Info: C:/Users/eunic/OneDrive/Documents/GitHub/proj_bureaucr
ats_farms/figures/exploratory_analysis/politician_byprov_fe_sweep/politician_by
prov_fe20_rural_acpop_all_baseline_ori.png  used on input line 785.
(pdftex.def)             Requested size: 343.42375pt x 171.7114pt.
<C:/Users/eunic/OneDrive/Documents/GitHub/proj_bureaucrats_farms/figures/explor
atory_analysis/politician_byprov_fe_sweep/politician_byprov_fe20_rural_acpop_al
l_baseline_rotated.png, id=423, 578.16pt x 289.08pt>
File: C:/Users/eunic/OneDrive/Documents/GitHub/proj_bureaucrats_farms/figures/e
xploratory_analysis/politician_byprov_fe_sweep/politician_byprov_fe20_rural_acp
op_all_baseline_rotated.png Graphic file (type png)
<use C:/Users/eunic/OneDrive/Documents/GitHub/proj_bureaucrats_farms/figures/ex
ploratory_analysis/politician_byprov_fe_sweep/politician_byprov_fe20_rural_acpo
p_all_baseline_rotated.png>
Package pdftex.def Info: C:/Users/eunic/OneDrive/Documents/GitHub/proj_bureaucr
ats_farms/figures/exploratory_analysis/politician_byprov_fe_sweep/politician_by
prov_fe20_rural_acpop_all_baseline_rotated.png  used on input line 789.
(pdftex.def)             Requested size: 343.42375pt x 171.7114pt.
<C:/Users/eunic/OneDrive/Documents/GitHub/proj_bureaucrats_farms/figures/explor
atory_analysis/politician_byprov_fe_sweep/politician_byprov_fe20_did_interactio
n_rural_acpop_all_1.png, id=424, 960.58875pt x 640.3925pt>
File: C:/Users/eunic/OneDrive/Documents/GitHub/proj_bureaucrats_farms/figures/e
xploratory_analysis/politician_byprov_fe_sweep/politician_byprov_fe20_did_inter
action_rural_acpop_all_1.png Graphic file (type png)
<use C:/Users/eunic/OneDrive/Documents/GitHub/proj_bureaucrats_farms/figures/ex
ploratory_analysis/politician_byprov_fe_sweep/politician_byprov_fe20_did_intera
ction_rural_acpop_all_1.png>
Package pdftex.def Info: C:/Users/eunic/OneDrive/Documents/GitHub/proj_bureaucr
ats_farms/figures/exploratory_analysis/politician_byprov_fe_sweep/politician_by
prov_fe20_did_interaction_rural_acpop_all_1.png  used on input line 792.
(pdftex.def)             Requested size: 386.35037pt x 257.56934pt.
 [41

 <C:/Users/eunic/OneDrive/Documents/GitHub/proj_bureaucrats_farms/figures/explo
ratory_analysis/politician_byprov_fe_sweep/politician_byprov_fe20_rural_acpop_a
ll_baseline_ori.png> <C:/Users/eunic/OneDrive/Documents/GitHub/proj_bureaucrats
_farms/figures/exploratory_analysis/politician_byprov_fe_sweep/politician_bypro
v_fe20_rural_acpop_all_baseline_rotated.png> <C:/Users/eunic/OneDrive/Documents
/GitHub/proj_bureaucrats_farms/figures/exploratory_analysis/politician_byprov_f
e_sweep/politician_byprov_fe20_did_interaction_rural_acpop_all_1.png (PNG copy)
>] [42

]
<C:/Users/eunic/OneDrive/Documents/GitHub/proj_bureaucrats_farms/figures/explor
atory_analysis/politician_byprov_fe_sweep/politician_byprov_fe21_rural_acpop_al
l_baseline_ori.png, id=434, 578.16pt x 289.08pt>
File: C:/Users/eunic/OneDrive/Documents/GitHub/proj_bureaucrats_farms/figures/e
xploratory_analysis/politician_byprov_fe_sweep/politician_byprov_fe21_rural_acp
op_all_baseline_ori.png Graphic file (type png)
<use C:/Users/eunic/OneDrive/Documents/GitHub/proj_bureaucrats_farms/figures/ex
ploratory_analysis/politician_byprov_fe_sweep/politician_byprov_fe21_rural_acpo
p_all_baseline_ori.png>
Package pdftex.def Info: C:/Users/eunic/OneDrive/Documents/GitHub/proj_bureaucr
ats_farms/figures/exploratory_analysis/politician_byprov_fe_sweep/politician_by
prov_fe21_rural_acpop_all_baseline_ori.png  used on input line 825.
(pdftex.def)             Requested size: 343.42375pt x 171.7114pt.
<C:/Users/eunic/OneDrive/Documents/GitHub/proj_bureaucrats_farms/figures/explor
atory_analysis/politician_byprov_fe_sweep/politician_byprov_fe21_rural_acpop_al
l_baseline_rotated.png, id=435, 578.16pt x 289.08pt>
File: C:/Users/eunic/OneDrive/Documents/GitHub/proj_bureaucrats_farms/figures/e
xploratory_analysis/politician_byprov_fe_sweep/politician_byprov_fe21_rural_acp
op_all_baseline_rotated.png Graphic file (type png)
<use C:/Users/eunic/OneDrive/Documents/GitHub/proj_bureaucrats_farms/figures/ex
ploratory_analysis/politician_byprov_fe_sweep/politician_byprov_fe21_rural_acpo
p_all_baseline_rotated.png>
Package pdftex.def Info: C:/Users/eunic/OneDrive/Documents/GitHub/proj_bureaucr
ats_farms/figures/exploratory_analysis/politician_byprov_fe_sweep/politician_by
prov_fe21_rural_acpop_all_baseline_rotated.png  used on input line 829.
(pdftex.def)             Requested size: 343.42375pt x 171.7114pt.
<C:/Users/eunic/OneDrive/Documents/GitHub/proj_bureaucrats_farms/figures/explor
atory_analysis/politician_byprov_fe_sweep/politician_byprov_fe21_did_interactio
n_rural_acpop_all_1.png, id=436, 960.58875pt x 640.3925pt>
File: C:/Users/eunic/OneDrive/Documents/GitHub/proj_bureaucrats_farms/figures/e
xploratory_analysis/politician_byprov_fe_sweep/politician_byprov_fe21_did_inter
action_rural_acpop_all_1.png Graphic file (type png)
<use C:/Users/eunic/OneDrive/Documents/GitHub/proj_bureaucrats_farms/figures/ex
ploratory_analysis/politician_byprov_fe_sweep/politician_byprov_fe21_did_intera
ction_rural_acpop_all_1.png>
Package pdftex.def Info: C:/Users/eunic/OneDrive/Documents/GitHub/proj_bureaucr
ats_farms/figures/exploratory_analysis/politician_byprov_fe_sweep/politician_by
prov_fe21_did_interaction_rural_acpop_all_1.png  used on input line 832.
(pdftex.def)             Requested size: 386.35037pt x 257.56934pt.
 [43

 <C:/Users/eunic/OneDrive/Documents/GitHub/proj_bureaucrats_farms/figures/explo
ratory_analysis/politician_byprov_fe_sweep/politician_byprov_fe21_rural_acpop_a
ll_baseline_ori.png> <C:/Users/eunic/OneDrive/Documents/GitHub/proj_bureaucrats
_farms/figures/exploratory_analysis/politician_byprov_fe_sweep/politician_bypro
v_fe21_rural_acpop_all_baseline_rotated.png> <C:/Users/eunic/OneDrive/Documents
/GitHub/proj_bureaucrats_farms/figures/exploratory_analysis/politician_byprov_f
e_sweep/politician_byprov_fe21_did_interaction_rural_acpop_all_1.png (PNG copy)
>] [44

]
<C:/Users/eunic/OneDrive/Documents/GitHub/proj_bureaucrats_farms/figures/explor
atory_analysis/politician_byprov_fe_sweep/politician_byprov_fe22_rural_acpop_al
l_baseline_ori.png, id=447, 578.16pt x 289.08pt>
File: C:/Users/eunic/OneDrive/Documents/GitHub/proj_bureaucrats_farms/figures/e
xploratory_analysis/politician_byprov_fe_sweep/politician_byprov_fe22_rural_acp
op_all_baseline_ori.png Graphic file (type png)
<use C:/Users/eunic/OneDrive/Documents/GitHub/proj_bureaucrats_farms/figures/ex
ploratory_analysis/politician_byprov_fe_sweep/politician_byprov_fe22_rural_acpo
p_all_baseline_ori.png>
Package pdftex.def Info: C:/Users/eunic/OneDrive/Documents/GitHub/proj_bureaucr
ats_farms/figures/exploratory_analysis/politician_byprov_fe_sweep/politician_by
prov_fe22_rural_acpop_all_baseline_ori.png  used on input line 865.
(pdftex.def)             Requested size: 343.42375pt x 171.7114pt.
<C:/Users/eunic/OneDrive/Documents/GitHub/proj_bureaucrats_farms/figures/explor
atory_analysis/politician_byprov_fe_sweep/politician_byprov_fe22_rural_acpop_al
l_baseline_rotated.png, id=448, 578.16pt x 289.08pt>
File: C:/Users/eunic/OneDrive/Documents/GitHub/proj_bureaucrats_farms/figures/e
xploratory_analysis/politician_byprov_fe_sweep/politician_byprov_fe22_rural_acp
op_all_baseline_rotated.png Graphic file (type png)
<use C:/Users/eunic/OneDrive/Documents/GitHub/proj_bureaucrats_farms/figures/ex
ploratory_analysis/politician_byprov_fe_sweep/politician_byprov_fe22_rural_acpo
p_all_baseline_rotated.png>
Package pdftex.def Info: C:/Users/eunic/OneDrive/Documents/GitHub/proj_bureaucr
ats_farms/figures/exploratory_analysis/politician_byprov_fe_sweep/politician_by
prov_fe22_rural_acpop_all_baseline_rotated.png  used on input line 869.
(pdftex.def)             Requested size: 343.42375pt x 171.7114pt.
<C:/Users/eunic/OneDrive/Documents/GitHub/proj_bureaucrats_farms/figures/explor
atory_analysis/politician_byprov_fe_sweep/politician_byprov_fe22_did_interactio
n_rural_acpop_all_1.png, id=449, 960.58875pt x 640.3925pt>
File: C:/Users/eunic/OneDrive/Documents/GitHub/proj_bureaucrats_farms/figures/e
xploratory_analysis/politician_byprov_fe_sweep/politician_byprov_fe22_did_inter
action_rural_acpop_all_1.png Graphic file (type png)
<use C:/Users/eunic/OneDrive/Documents/GitHub/proj_bureaucrats_farms/figures/ex
ploratory_analysis/politician_byprov_fe_sweep/politician_byprov_fe22_did_intera
ction_rural_acpop_all_1.png>
Package pdftex.def Info: C:/Users/eunic/OneDrive/Documents/GitHub/proj_bureaucr
ats_farms/figures/exploratory_analysis/politician_byprov_fe_sweep/politician_by
prov_fe22_did_interaction_rural_acpop_all_1.png  used on input line 872.
(pdftex.def)             Requested size: 386.35037pt x 257.56934pt.
 [45

 <C:/Users/eunic/OneDrive/Documents/GitHub/proj_bureaucrats_farms/figures/explo
ratory_analysis/politician_byprov_fe_sweep/politician_byprov_fe22_rural_acpop_a
ll_baseline_ori.png> <C:/Users/eunic/OneDrive/Documents/GitHub/proj_bureaucrats
_farms/figures/exploratory_analysis/politician_byprov_fe_sweep/politician_bypro
v_fe22_rural_acpop_all_baseline_rotated.png> <C:/Users/eunic/OneDrive/Documents
/GitHub/proj_bureaucrats_farms/figures/exploratory_analysis/politician_byprov_f
e_sweep/politician_byprov_fe22_did_interaction_rural_acpop_all_1.png (PNG copy)
>] [46

]
<C:/Users/eunic/OneDrive/Documents/GitHub/proj_bureaucrats_farms/figures/explor
atory_analysis/politician_byprov_fe_sweep/politician_byprov_fe23_rural_acpop_al
l_baseline_ori.png, id=459, 578.16pt x 289.08pt>
File: C:/Users/eunic/OneDrive/Documents/GitHub/proj_bureaucrats_farms/figures/e
xploratory_analysis/politician_byprov_fe_sweep/politician_byprov_fe23_rural_acp
op_all_baseline_ori.png Graphic file (type png)
<use C:/Users/eunic/OneDrive/Documents/GitHub/proj_bureaucrats_farms/figures/ex
ploratory_analysis/politician_byprov_fe_sweep/politician_byprov_fe23_rural_acpo
p_all_baseline_ori.png>
Package pdftex.def Info: C:/Users/eunic/OneDrive/Documents/GitHub/proj_bureaucr
ats_farms/figures/exploratory_analysis/politician_byprov_fe_sweep/politician_by
prov_fe23_rural_acpop_all_baseline_ori.png  used on input line 905.
(pdftex.def)             Requested size: 343.42375pt x 171.7114pt.
<C:/Users/eunic/OneDrive/Documents/GitHub/proj_bureaucrats_farms/figures/explor
atory_analysis/politician_byprov_fe_sweep/politician_byprov_fe23_rural_acpop_al
l_baseline_rotated.png, id=460, 578.16pt x 289.08pt>
File: C:/Users/eunic/OneDrive/Documents/GitHub/proj_bureaucrats_farms/figures/e
xploratory_analysis/politician_byprov_fe_sweep/politician_byprov_fe23_rural_acp
op_all_baseline_rotated.png Graphic file (type png)
<use C:/Users/eunic/OneDrive/Documents/GitHub/proj_bureaucrats_farms/figures/ex
ploratory_analysis/politician_byprov_fe_sweep/politician_byprov_fe23_rural_acpo
p_all_baseline_rotated.png>
Package pdftex.def Info: C:/Users/eunic/OneDrive/Documents/GitHub/proj_bureaucr
ats_farms/figures/exploratory_analysis/politician_byprov_fe_sweep/politician_by
prov_fe23_rural_acpop_all_baseline_rotated.png  used on input line 909.
(pdftex.def)             Requested size: 343.42375pt x 171.7114pt.
<C:/Users/eunic/OneDrive/Documents/GitHub/proj_bureaucrats_farms/figures/explor
atory_analysis/politician_byprov_fe_sweep/politician_byprov_fe23_did_interactio
n_rural_acpop_all_1.png, id=461, 960.58875pt x 640.3925pt>
File: C:/Users/eunic/OneDrive/Documents/GitHub/proj_bureaucrats_farms/figures/e
xploratory_analysis/politician_byprov_fe_sweep/politician_byprov_fe23_did_inter
action_rural_acpop_all_1.png Graphic file (type png)
<use C:/Users/eunic/OneDrive/Documents/GitHub/proj_bureaucrats_farms/figures/ex
ploratory_analysis/politician_byprov_fe_sweep/politician_byprov_fe23_did_intera
ction_rural_acpop_all_1.png>
Package pdftex.def Info: C:/Users/eunic/OneDrive/Documents/GitHub/proj_bureaucr
ats_farms/figures/exploratory_analysis/politician_byprov_fe_sweep/politician_by
prov_fe23_did_interaction_rural_acpop_all_1.png  used on input line 912.
(pdftex.def)             Requested size: 386.35037pt x 257.56934pt.
 [47

 <C:/Users/eunic/OneDrive/Documents/GitHub/proj_bureaucrats_farms/figures/explo
ratory_analysis/politician_byprov_fe_sweep/politician_byprov_fe23_rural_acpop_a
ll_baseline_ori.png> <C:/Users/eunic/OneDrive/Documents/GitHub/proj_bureaucrats
_farms/figures/exploratory_analysis/politician_byprov_fe_sweep/politician_bypro
v_fe23_rural_acpop_all_baseline_rotated.png> <C:/Users/eunic/OneDrive/Documents
/GitHub/proj_bureaucrats_farms/figures/exploratory_analysis/politician_byprov_f
e_sweep/politician_byprov_fe23_did_interaction_rural_acpop_all_1.png (PNG copy)
>] [48

]
<C:/Users/eunic/OneDrive/Documents/GitHub/proj_bureaucrats_farms/figures/explor
atory_analysis/politician_byprov_fe_sweep/politician_byprov_fe24_rural_acpop_al
l_baseline_ori.png, id=471, 578.16pt x 289.08pt>
File: C:/Users/eunic/OneDrive/Documents/GitHub/proj_bureaucrats_farms/figures/e
xploratory_analysis/politician_byprov_fe_sweep/politician_byprov_fe24_rural_acp
op_all_baseline_ori.png Graphic file (type png)
<use C:/Users/eunic/OneDrive/Documents/GitHub/proj_bureaucrats_farms/figures/ex
ploratory_analysis/politician_byprov_fe_sweep/politician_byprov_fe24_rural_acpo
p_all_baseline_ori.png>
Package pdftex.def Info: C:/Users/eunic/OneDrive/Documents/GitHub/proj_bureaucr
ats_farms/figures/exploratory_analysis/politician_byprov_fe_sweep/politician_by
prov_fe24_rural_acpop_all_baseline_ori.png  used on input line 945.
(pdftex.def)             Requested size: 343.42375pt x 171.7114pt.
<C:/Users/eunic/OneDrive/Documents/GitHub/proj_bureaucrats_farms/figures/explor
atory_analysis/politician_byprov_fe_sweep/politician_byprov_fe24_rural_acpop_al
l_baseline_rotated.png, id=472, 578.16pt x 289.08pt>
File: C:/Users/eunic/OneDrive/Documents/GitHub/proj_bureaucrats_farms/figures/e
xploratory_analysis/politician_byprov_fe_sweep/politician_byprov_fe24_rural_acp
op_all_baseline_rotated.png Graphic file (type png)
<use C:/Users/eunic/OneDrive/Documents/GitHub/proj_bureaucrats_farms/figures/ex
ploratory_analysis/politician_byprov_fe_sweep/politician_byprov_fe24_rural_acpo
p_all_baseline_rotated.png>
Package pdftex.def Info: C:/Users/eunic/OneDrive/Documents/GitHub/proj_bureaucr
ats_farms/figures/exploratory_analysis/politician_byprov_fe_sweep/politician_by
prov_fe24_rural_acpop_all_baseline_rotated.png  used on input line 949.
(pdftex.def)             Requested size: 343.42375pt x 171.7114pt.
<C:/Users/eunic/OneDrive/Documents/GitHub/proj_bureaucrats_farms/figures/explor
atory_analysis/politician_byprov_fe_sweep/politician_byprov_fe24_did_interactio
n_rural_acpop_all_1.png, id=473, 960.58875pt x 640.3925pt>
File: C:/Users/eunic/OneDrive/Documents/GitHub/proj_bureaucrats_farms/figures/e
xploratory_analysis/politician_byprov_fe_sweep/politician_byprov_fe24_did_inter
action_rural_acpop_all_1.png Graphic file (type png)
<use C:/Users/eunic/OneDrive/Documents/GitHub/proj_bureaucrats_farms/figures/ex
ploratory_analysis/politician_byprov_fe_sweep/politician_byprov_fe24_did_intera
ction_rural_acpop_all_1.png>
Package pdftex.def Info: C:/Users/eunic/OneDrive/Documents/GitHub/proj_bureaucr
ats_farms/figures/exploratory_analysis/politician_byprov_fe_sweep/politician_by
prov_fe24_did_interaction_rural_acpop_all_1.png  used on input line 952.
(pdftex.def)             Requested size: 386.35037pt x 257.56934pt.
 [49

 <C:/Users/eunic/OneDrive/Documents/GitHub/proj_bureaucrats_farms/figures/explo
ratory_analysis/politician_byprov_fe_sweep/politician_byprov_fe24_rural_acpop_a
ll_baseline_ori.png> <C:/Users/eunic/OneDrive/Documents/GitHub/proj_bureaucrats
_farms/figures/exploratory_analysis/politician_byprov_fe_sweep/politician_bypro
v_fe24_rural_acpop_all_baseline_rotated.png> <C:/Users/eunic/OneDrive/Documents
/GitHub/proj_bureaucrats_farms/figures/exploratory_analysis/politician_byprov_f
e_sweep/politician_byprov_fe24_did_interaction_rural_acpop_all_1.png (PNG copy)
>] [50

]
<C:/Users/eunic/OneDrive/Documents/GitHub/proj_bureaucrats_farms/figures/explor
atory_analysis/politician_byprov_fe_sweep/politician_byprov_fe25_rural_acpop_al
l_baseline_ori.png, id=484, 578.16pt x 289.08pt>
File: C:/Users/eunic/OneDrive/Documents/GitHub/proj_bureaucrats_farms/figures/e
xploratory_analysis/politician_byprov_fe_sweep/politician_byprov_fe25_rural_acp
op_all_baseline_ori.png Graphic file (type png)
<use C:/Users/eunic/OneDrive/Documents/GitHub/proj_bureaucrats_farms/figures/ex
ploratory_analysis/politician_byprov_fe_sweep/politician_byprov_fe25_rural_acpo
p_all_baseline_ori.png>
Package pdftex.def Info: C:/Users/eunic/OneDrive/Documents/GitHub/proj_bureaucr
ats_farms/figures/exploratory_analysis/politician_byprov_fe_sweep/politician_by
prov_fe25_rural_acpop_all_baseline_ori.png  used on input line 985.
(pdftex.def)             Requested size: 343.42375pt x 171.7114pt.
<C:/Users/eunic/OneDrive/Documents/GitHub/proj_bureaucrats_farms/figures/explor
atory_analysis/politician_byprov_fe_sweep/politician_byprov_fe25_rural_acpop_al
l_baseline_rotated.png, id=485, 578.16pt x 289.08pt>
File: C:/Users/eunic/OneDrive/Documents/GitHub/proj_bureaucrats_farms/figures/e
xploratory_analysis/politician_byprov_fe_sweep/politician_byprov_fe25_rural_acp
op_all_baseline_rotated.png Graphic file (type png)
<use C:/Users/eunic/OneDrive/Documents/GitHub/proj_bureaucrats_farms/figures/ex
ploratory_analysis/politician_byprov_fe_sweep/politician_byprov_fe25_rural_acpo
p_all_baseline_rotated.png>
Package pdftex.def Info: C:/Users/eunic/OneDrive/Documents/GitHub/proj_bureaucr
ats_farms/figures/exploratory_analysis/politician_byprov_fe_sweep/politician_by
prov_fe25_rural_acpop_all_baseline_rotated.png  used on input line 989.
(pdftex.def)             Requested size: 343.42375pt x 171.7114pt.
<C:/Users/eunic/OneDrive/Documents/GitHub/proj_bureaucrats_farms/figures/explor
atory_analysis/politician_byprov_fe_sweep/politician_byprov_fe25_did_interactio
n_rural_acpop_all_1.png, id=486, 960.58875pt x 640.3925pt>
File: C:/Users/eunic/OneDrive/Documents/GitHub/proj_bureaucrats_farms/figures/e
xploratory_analysis/politician_byprov_fe_sweep/politician_byprov_fe25_did_inter
action_rural_acpop_all_1.png Graphic file (type png)
<use C:/Users/eunic/OneDrive/Documents/GitHub/proj_bureaucrats_farms/figures/ex
ploratory_analysis/politician_byprov_fe_sweep/politician_byprov_fe25_did_intera
ction_rural_acpop_all_1.png>
Package pdftex.def Info: C:/Users/eunic/OneDrive/Documents/GitHub/proj_bureaucr
ats_farms/figures/exploratory_analysis/politician_byprov_fe_sweep/politician_by
prov_fe25_did_interaction_rural_acpop_all_1.png  used on input line 992.
(pdftex.def)             Requested size: 386.35037pt x 257.56934pt.
 [51

 <C:/Users/eunic/OneDrive/Documents/GitHub/proj_bureaucrats_farms/figures/explo
ratory_analysis/politician_byprov_fe_sweep/politician_byprov_fe25_rural_acpop_a
ll_baseline_ori.png> <C:/Users/eunic/OneDrive/Documents/GitHub/proj_bureaucrats
_farms/figures/exploratory_analysis/politician_byprov_fe_sweep/politician_bypro
v_fe25_rural_acpop_all_baseline_rotated.png> <C:/Users/eunic/OneDrive/Documents
/GitHub/proj_bureaucrats_farms/figures/exploratory_analysis/politician_byprov_f
e_sweep/politician_byprov_fe25_did_interaction_rural_acpop_all_1.png (PNG copy)
>] [52

]
<C:/Users/eunic/OneDrive/Documents/GitHub/proj_bureaucrats_farms/figures/explor
atory_analysis/politician_byprov_fe_sweep/politician_byprov_fe26_rural_acpop_al
l_baseline_ori.png, id=496, 578.16pt x 289.08pt>
File: C:/Users/eunic/OneDrive/Documents/GitHub/proj_bureaucrats_farms/figures/e
xploratory_analysis/politician_byprov_fe_sweep/politician_byprov_fe26_rural_acp
op_all_baseline_ori.png Graphic file (type png)
<use C:/Users/eunic/OneDrive/Documents/GitHub/proj_bureaucrats_farms/figures/ex
ploratory_analysis/politician_byprov_fe_sweep/politician_byprov_fe26_rural_acpo
p_all_baseline_ori.png>
Package pdftex.def Info: C:/Users/eunic/OneDrive/Documents/GitHub/proj_bureaucr
ats_farms/figures/exploratory_analysis/politician_byprov_fe_sweep/politician_by
prov_fe26_rural_acpop_all_baseline_ori.png  used on input line 1025.
(pdftex.def)             Requested size: 343.42375pt x 171.7114pt.
<C:/Users/eunic/OneDrive/Documents/GitHub/proj_bureaucrats_farms/figures/explor
atory_analysis/politician_byprov_fe_sweep/politician_byprov_fe26_rural_acpop_al
l_baseline_rotated.png, id=497, 578.16pt x 289.08pt>
File: C:/Users/eunic/OneDrive/Documents/GitHub/proj_bureaucrats_farms/figures/e
xploratory_analysis/politician_byprov_fe_sweep/politician_byprov_fe26_rural_acp
op_all_baseline_rotated.png Graphic file (type png)
<use C:/Users/eunic/OneDrive/Documents/GitHub/proj_bureaucrats_farms/figures/ex
ploratory_analysis/politician_byprov_fe_sweep/politician_byprov_fe26_rural_acpo
p_all_baseline_rotated.png>
Package pdftex.def Info: C:/Users/eunic/OneDrive/Documents/GitHub/proj_bureaucr
ats_farms/figures/exploratory_analysis/politician_byprov_fe_sweep/politician_by
prov_fe26_rural_acpop_all_baseline_rotated.png  used on input line 1029.
(pdftex.def)             Requested size: 343.42375pt x 171.7114pt.
<C:/Users/eunic/OneDrive/Documents/GitHub/proj_bureaucrats_farms/figures/explor
atory_analysis/politician_byprov_fe_sweep/politician_byprov_fe26_did_interactio
n_rural_acpop_all_1.png, id=498, 960.58875pt x 640.3925pt>
File: C:/Users/eunic/OneDrive/Documents/GitHub/proj_bureaucrats_farms/figures/e
xploratory_analysis/politician_byprov_fe_sweep/politician_byprov_fe26_did_inter
action_rural_acpop_all_1.png Graphic file (type png)
<use C:/Users/eunic/OneDrive/Documents/GitHub/proj_bureaucrats_farms/figures/ex
ploratory_analysis/politician_byprov_fe_sweep/politician_byprov_fe26_did_intera
ction_rural_acpop_all_1.png>
Package pdftex.def Info: C:/Users/eunic/OneDrive/Documents/GitHub/proj_bureaucr
ats_farms/figures/exploratory_analysis/politician_byprov_fe_sweep/politician_by
prov_fe26_did_interaction_rural_acpop_all_1.png  used on input line 1032.
(pdftex.def)             Requested size: 386.35037pt x 257.56934pt.
 [53

 <C:/Users/eunic/OneDrive/Documents/GitHub/proj_bureaucrats_farms/figures/explo
ratory_analysis/politician_byprov_fe_sweep/politician_byprov_fe26_rural_acpop_a
ll_baseline_ori.png> <C:/Users/eunic/OneDrive/Documents/GitHub/proj_bureaucrats
_farms/figures/exploratory_analysis/politician_byprov_fe_sweep/politician_bypro
v_fe26_rural_acpop_all_baseline_rotated.png> <C:/Users/eunic/OneDrive/Documents
/GitHub/proj_bureaucrats_farms/figures/exploratory_analysis/politician_byprov_f
e_sweep/politician_byprov_fe26_did_interaction_rural_acpop_all_1.png (PNG copy)
>]
[54

]
<C:/Users/eunic/OneDrive/Documents/GitHub/proj_bureaucrats_farms/figures/explor
atory_analysis/politician_byprov_fe_sweep/politician_byprov_fe27_rural_acpop_al
l_baseline_ori.png, id=508, 578.16pt x 289.08pt>
File: C:/Users/eunic/OneDrive/Documents/GitHub/proj_bureaucrats_farms/figures/e
xploratory_analysis/politician_byprov_fe_sweep/politician_byprov_fe27_rural_acp
op_all_baseline_ori.png Graphic file (type png)
<use C:/Users/eunic/OneDrive/Documents/GitHub/proj_bureaucrats_farms/figures/ex
ploratory_analysis/politician_byprov_fe_sweep/politician_byprov_fe27_rural_acpo
p_all_baseline_ori.png>
Package pdftex.def Info: C:/Users/eunic/OneDrive/Documents/GitHub/proj_bureaucr
ats_farms/figures/exploratory_analysis/politician_byprov_fe_sweep/politician_by
prov_fe27_rural_acpop_all_baseline_ori.png  used on input line 1065.
(pdftex.def)             Requested size: 343.42375pt x 171.7114pt.
<C:/Users/eunic/OneDrive/Documents/GitHub/proj_bureaucrats_farms/figures/explor
atory_analysis/politician_byprov_fe_sweep/politician_byprov_fe27_rural_acpop_al
l_baseline_rotated.png, id=509, 578.16pt x 289.08pt>
File: C:/Users/eunic/OneDrive/Documents/GitHub/proj_bureaucrats_farms/figures/e
xploratory_analysis/politician_byprov_fe_sweep/politician_byprov_fe27_rural_acp
op_all_baseline_rotated.png Graphic file (type png)
<use C:/Users/eunic/OneDrive/Documents/GitHub/proj_bureaucrats_farms/figures/ex
ploratory_analysis/politician_byprov_fe_sweep/politician_byprov_fe27_rural_acpo
p_all_baseline_rotated.png>
Package pdftex.def Info: C:/Users/eunic/OneDrive/Documents/GitHub/proj_bureaucr
ats_farms/figures/exploratory_analysis/politician_byprov_fe_sweep/politician_by
prov_fe27_rural_acpop_all_baseline_rotated.png  used on input line 1069.
(pdftex.def)             Requested size: 343.42375pt x 171.7114pt.
<C:/Users/eunic/OneDrive/Documents/GitHub/proj_bureaucrats_farms/figures/explor
atory_analysis/politician_byprov_fe_sweep/politician_byprov_fe27_did_interactio
n_rural_acpop_all_1.png, id=510, 960.58875pt x 640.3925pt>
File: C:/Users/eunic/OneDrive/Documents/GitHub/proj_bureaucrats_farms/figures/e
xploratory_analysis/politician_byprov_fe_sweep/politician_byprov_fe27_did_inter
action_rural_acpop_all_1.png Graphic file (type png)
<use C:/Users/eunic/OneDrive/Documents/GitHub/proj_bureaucrats_farms/figures/ex
ploratory_analysis/politician_byprov_fe_sweep/politician_byprov_fe27_did_intera
ction_rural_acpop_all_1.png>
Package pdftex.def Info: C:/Users/eunic/OneDrive/Documents/GitHub/proj_bureaucr
ats_farms/figures/exploratory_analysis/politician_byprov_fe_sweep/politician_by
prov_fe27_did_interaction_rural_acpop_all_1.png  used on input line 1072.
(pdftex.def)             Requested size: 386.35037pt x 257.56934pt.
 [55

 <C:/Users/eunic/OneDrive/Documents/GitHub/proj_bureaucrats_farms/figures/explo
ratory_analysis/politician_byprov_fe_sweep/politician_byprov_fe27_rural_acpop_a
ll_baseline_ori.png> <C:/Users/eunic/OneDrive/Documents/GitHub/proj_bureaucrats
_farms/figures/exploratory_analysis/politician_byprov_fe_sweep/politician_bypro
v_fe27_rural_acpop_all_baseline_rotated.png> <C:/Users/eunic/OneDrive/Documents
/GitHub/proj_bureaucrats_farms/figures/exploratory_analysis/politician_byprov_f
e_sweep/politician_byprov_fe27_did_interaction_rural_acpop_all_1.png (PNG copy)
>] [56

]
<C:/Users/eunic/OneDrive/Documents/GitHub/proj_bureaucrats_farms/figures/explor
atory_analysis/politician_byprov_fe_sweep/politician_byprov_fe28_rural_acpop_al
l_baseline_ori.png, id=521, 578.16pt x 289.08pt>
File: C:/Users/eunic/OneDrive/Documents/GitHub/proj_bureaucrats_farms/figures/e
xploratory_analysis/politician_byprov_fe_sweep/politician_byprov_fe28_rural_acp
op_all_baseline_ori.png Graphic file (type png)
<use C:/Users/eunic/OneDrive/Documents/GitHub/proj_bureaucrats_farms/figures/ex
ploratory_analysis/politician_byprov_fe_sweep/politician_byprov_fe28_rural_acpo
p_all_baseline_ori.png>
Package pdftex.def Info: C:/Users/eunic/OneDrive/Documents/GitHub/proj_bureaucr
ats_farms/figures/exploratory_analysis/politician_byprov_fe_sweep/politician_by
prov_fe28_rural_acpop_all_baseline_ori.png  used on input line 1105.
(pdftex.def)             Requested size: 343.42375pt x 171.7114pt.
<C:/Users/eunic/OneDrive/Documents/GitHub/proj_bureaucrats_farms/figures/explor
atory_analysis/politician_byprov_fe_sweep/politician_byprov_fe28_rural_acpop_al
l_baseline_rotated.png, id=522, 578.16pt x 289.08pt>
File: C:/Users/eunic/OneDrive/Documents/GitHub/proj_bureaucrats_farms/figures/e
xploratory_analysis/politician_byprov_fe_sweep/politician_byprov_fe28_rural_acp
op_all_baseline_rotated.png Graphic file (type png)
<use C:/Users/eunic/OneDrive/Documents/GitHub/proj_bureaucrats_farms/figures/ex
ploratory_analysis/politician_byprov_fe_sweep/politician_byprov_fe28_rural_acpo
p_all_baseline_rotated.png>
Package pdftex.def Info: C:/Users/eunic/OneDrive/Documents/GitHub/proj_bureaucr
ats_farms/figures/exploratory_analysis/politician_byprov_fe_sweep/politician_by
prov_fe28_rural_acpop_all_baseline_rotated.png  used on input line 1109.
(pdftex.def)             Requested size: 343.42375pt x 171.7114pt.
<C:/Users/eunic/OneDrive/Documents/GitHub/proj_bureaucrats_farms/figures/explor
atory_analysis/politician_byprov_fe_sweep/politician_byprov_fe28_did_interactio
n_rural_acpop_all_1.png, id=523, 960.58875pt x 640.3925pt>
File: C:/Users/eunic/OneDrive/Documents/GitHub/proj_bureaucrats_farms/figures/e
xploratory_analysis/politician_byprov_fe_sweep/politician_byprov_fe28_did_inter
action_rural_acpop_all_1.png Graphic file (type png)
<use C:/Users/eunic/OneDrive/Documents/GitHub/proj_bureaucrats_farms/figures/ex
ploratory_analysis/politician_byprov_fe_sweep/politician_byprov_fe28_did_intera
ction_rural_acpop_all_1.png>
Package pdftex.def Info: C:/Users/eunic/OneDrive/Documents/GitHub/proj_bureaucr
ats_farms/figures/exploratory_analysis/politician_byprov_fe_sweep/politician_by
prov_fe28_did_interaction_rural_acpop_all_1.png  used on input line 1112.
(pdftex.def)             Requested size: 386.35037pt x 257.56934pt.
 [57

 <C:/Users/eunic/OneDrive/Documents/GitHub/proj_bureaucrats_farms/figures/explo
ratory_analysis/politician_byprov_fe_sweep/politician_byprov_fe28_rural_acpop_a
ll_baseline_ori.png> <C:/Users/eunic/OneDrive/Documents/GitHub/proj_bureaucrats
_farms/figures/exploratory_analysis/politician_byprov_fe_sweep/politician_bypro
v_fe28_rural_acpop_all_baseline_rotated.png> <C:/Users/eunic/OneDrive/Documents
/GitHub/proj_bureaucrats_farms/figures/exploratory_analysis/politician_byprov_f
e_sweep/politician_byprov_fe28_did_interaction_rural_acpop_all_1.png (PNG copy)
>] [58

]
<C:/Users/eunic/OneDrive/Documents/GitHub/proj_bureaucrats_farms/figures/explor
atory_analysis/politician_byprov_fe_sweep/politician_byprov_fe29_rural_acpop_al
l_baseline_ori.png, id=533, 578.16pt x 289.08pt>
File: C:/Users/eunic/OneDrive/Documents/GitHub/proj_bureaucrats_farms/figures/e
xploratory_analysis/politician_byprov_fe_sweep/politician_byprov_fe29_rural_acp
op_all_baseline_ori.png Graphic file (type png)
<use C:/Users/eunic/OneDrive/Documents/GitHub/proj_bureaucrats_farms/figures/ex
ploratory_analysis/politician_byprov_fe_sweep/politician_byprov_fe29_rural_acpo
p_all_baseline_ori.png>
Package pdftex.def Info: C:/Users/eunic/OneDrive/Documents/GitHub/proj_bureaucr
ats_farms/figures/exploratory_analysis/politician_byprov_fe_sweep/politician_by
prov_fe29_rural_acpop_all_baseline_ori.png  used on input line 1145.
(pdftex.def)             Requested size: 343.42375pt x 171.7114pt.
<C:/Users/eunic/OneDrive/Documents/GitHub/proj_bureaucrats_farms/figures/explor
atory_analysis/politician_byprov_fe_sweep/politician_byprov_fe29_rural_acpop_al
l_baseline_rotated.png, id=534, 578.16pt x 289.08pt>
File: C:/Users/eunic/OneDrive/Documents/GitHub/proj_bureaucrats_farms/figures/e
xploratory_analysis/politician_byprov_fe_sweep/politician_byprov_fe29_rural_acp
op_all_baseline_rotated.png Graphic file (type png)
<use C:/Users/eunic/OneDrive/Documents/GitHub/proj_bureaucrats_farms/figures/ex
ploratory_analysis/politician_byprov_fe_sweep/politician_byprov_fe29_rural_acpo
p_all_baseline_rotated.png>
Package pdftex.def Info: C:/Users/eunic/OneDrive/Documents/GitHub/proj_bureaucr
ats_farms/figures/exploratory_analysis/politician_byprov_fe_sweep/politician_by
prov_fe29_rural_acpop_all_baseline_rotated.png  used on input line 1149.
(pdftex.def)             Requested size: 343.42375pt x 171.7114pt.
<C:/Users/eunic/OneDrive/Documents/GitHub/proj_bureaucrats_farms/figures/explor
atory_analysis/politician_byprov_fe_sweep/politician_byprov_fe29_did_interactio
n_rural_acpop_all_1.png, id=535, 960.58875pt x 640.3925pt>
File: C:/Users/eunic/OneDrive/Documents/GitHub/proj_bureaucrats_farms/figures/e
xploratory_analysis/politician_byprov_fe_sweep/politician_byprov_fe29_did_inter
action_rural_acpop_all_1.png Graphic file (type png)
<use C:/Users/eunic/OneDrive/Documents/GitHub/proj_bureaucrats_farms/figures/ex
ploratory_analysis/politician_byprov_fe_sweep/politician_byprov_fe29_did_intera
ction_rural_acpop_all_1.png>
Package pdftex.def Info: C:/Users/eunic/OneDrive/Documents/GitHub/proj_bureaucr
ats_farms/figures/exploratory_analysis/politician_byprov_fe_sweep/politician_by
prov_fe29_did_interaction_rural_acpop_all_1.png  used on input line 1152.
(pdftex.def)             Requested size: 386.35037pt x 257.56934pt.
 [59

 <C:/Users/eunic/OneDrive/Documents/GitHub/proj_bureaucrats_farms/figures/explo
ratory_analysis/politician_byprov_fe_sweep/politician_byprov_fe29_rural_acpop_a
ll_baseline_ori.png> <C:/Users/eunic/OneDrive/Documents/GitHub/proj_bureaucrats
_farms/figures/exploratory_analysis/politician_byprov_fe_sweep/politician_bypro
v_fe29_rural_acpop_all_baseline_rotated.png> <C:/Users/eunic/OneDrive/Documents
/GitHub/proj_bureaucrats_farms/figures/exploratory_analysis/politician_byprov_f
e_sweep/politician_byprov_fe29_did_interaction_rural_acpop_all_1.png (PNG copy)
>] [60

]
<C:/Users/eunic/OneDrive/Documents/GitHub/proj_bureaucrats_farms/figures/explor
atory_analysis/politician_byprov_fe_sweep/politician_byprov_fe30_rural_acpop_al
l_baseline_ori.png, id=545, 578.16pt x 289.08pt>
File: C:/Users/eunic/OneDrive/Documents/GitHub/proj_bureaucrats_farms/figures/e
xploratory_analysis/politician_byprov_fe_sweep/politician_byprov_fe30_rural_acp
op_all_baseline_ori.png Graphic file (type png)
<use C:/Users/eunic/OneDrive/Documents/GitHub/proj_bureaucrats_farms/figures/ex
ploratory_analysis/politician_byprov_fe_sweep/politician_byprov_fe30_rural_acpo
p_all_baseline_ori.png>
Package pdftex.def Info: C:/Users/eunic/OneDrive/Documents/GitHub/proj_bureaucr
ats_farms/figures/exploratory_analysis/politician_byprov_fe_sweep/politician_by
prov_fe30_rural_acpop_all_baseline_ori.png  used on input line 1185.
(pdftex.def)             Requested size: 343.42375pt x 171.7114pt.
<C:/Users/eunic/OneDrive/Documents/GitHub/proj_bureaucrats_farms/figures/explor
atory_analysis/politician_byprov_fe_sweep/politician_byprov_fe30_rural_acpop_al
l_baseline_rotated.png, id=546, 578.16pt x 289.08pt>
File: C:/Users/eunic/OneDrive/Documents/GitHub/proj_bureaucrats_farms/figures/e
xploratory_analysis/politician_byprov_fe_sweep/politician_byprov_fe30_rural_acp
op_all_baseline_rotated.png Graphic file (type png)
<use C:/Users/eunic/OneDrive/Documents/GitHub/proj_bureaucrats_farms/figures/ex
ploratory_analysis/politician_byprov_fe_sweep/politician_byprov_fe30_rural_acpo
p_all_baseline_rotated.png>
Package pdftex.def Info: C:/Users/eunic/OneDrive/Documents/GitHub/proj_bureaucr
ats_farms/figures/exploratory_analysis/politician_byprov_fe_sweep/politician_by
prov_fe30_rural_acpop_all_baseline_rotated.png  used on input line 1189.
(pdftex.def)             Requested size: 343.42375pt x 171.7114pt.
<C:/Users/eunic/OneDrive/Documents/GitHub/proj_bureaucrats_farms/figures/explor
atory_analysis/politician_byprov_fe_sweep/politician_byprov_fe30_did_interactio
n_rural_acpop_all_1.png, id=547, 960.58875pt x 640.3925pt>
File: C:/Users/eunic/OneDrive/Documents/GitHub/proj_bureaucrats_farms/figures/e
xploratory_analysis/politician_byprov_fe_sweep/politician_byprov_fe30_did_inter
action_rural_acpop_all_1.png Graphic file (type png)
<use C:/Users/eunic/OneDrive/Documents/GitHub/proj_bureaucrats_farms/figures/ex
ploratory_analysis/politician_byprov_fe_sweep/politician_byprov_fe30_did_intera
ction_rural_acpop_all_1.png>
Package pdftex.def Info: C:/Users/eunic/OneDrive/Documents/GitHub/proj_bureaucr
ats_farms/figures/exploratory_analysis/politician_byprov_fe_sweep/politician_by
prov_fe30_did_interaction_rural_acpop_all_1.png  used on input line 1192.
(pdftex.def)             Requested size: 386.35037pt x 257.56934pt.
 [61

 <C:/Users/eunic/OneDrive/Documents/GitHub/proj_bureaucrats_farms/figures/explo
ratory_analysis/politician_byprov_fe_sweep/politician_byprov_fe30_rural_acpop_a
ll_baseline_ori.png> <C:/Users/eunic/OneDrive/Documents/GitHub/proj_bureaucrats
_farms/figures/exploratory_analysis/politician_byprov_fe_sweep/politician_bypro
v_fe30_rural_acpop_all_baseline_rotated.png> <C:/Users/eunic/OneDrive/Documents
/GitHub/proj_bureaucrats_farms/figures/exploratory_analysis/politician_byprov_f
e_sweep/politician_byprov_fe30_did_interaction_rural_acpop_all_1.png (PNG copy)
>] [62

]
<C:/Users/eunic/OneDrive/Documents/GitHub/proj_bureaucrats_farms/figures/explor
atory_analysis/politician_byprov_fe_sweep/politician_byprov_fe31_rural_acpop_al
l_baseline_ori.png, id=558, 578.16pt x 289.08pt>
File: C:/Users/eunic/OneDrive/Documents/GitHub/proj_bureaucrats_farms/figures/e
xploratory_analysis/politician_byprov_fe_sweep/politician_byprov_fe31_rural_acp
op_all_baseline_ori.png Graphic file (type png)
<use C:/Users/eunic/OneDrive/Documents/GitHub/proj_bureaucrats_farms/figures/ex
ploratory_analysis/politician_byprov_fe_sweep/politician_byprov_fe31_rural_acpo
p_all_baseline_ori.png>
Package pdftex.def Info: C:/Users/eunic/OneDrive/Documents/GitHub/proj_bureaucr
ats_farms/figures/exploratory_analysis/politician_byprov_fe_sweep/politician_by
prov_fe31_rural_acpop_all_baseline_ori.png  used on input line 1225.
(pdftex.def)             Requested size: 343.42375pt x 171.7114pt.
<C:/Users/eunic/OneDrive/Documents/GitHub/proj_bureaucrats_farms/figures/explor
atory_analysis/politician_byprov_fe_sweep/politician_byprov_fe31_rural_acpop_al
l_baseline_rotated.png, id=559, 578.16pt x 289.08pt>
File: C:/Users/eunic/OneDrive/Documents/GitHub/proj_bureaucrats_farms/figures/e
xploratory_analysis/politician_byprov_fe_sweep/politician_byprov_fe31_rural_acp
op_all_baseline_rotated.png Graphic file (type png)
<use C:/Users/eunic/OneDrive/Documents/GitHub/proj_bureaucrats_farms/figures/ex
ploratory_analysis/politician_byprov_fe_sweep/politician_byprov_fe31_rural_acpo
p_all_baseline_rotated.png>
Package pdftex.def Info: C:/Users/eunic/OneDrive/Documents/GitHub/proj_bureaucr
ats_farms/figures/exploratory_analysis/politician_byprov_fe_sweep/politician_by
prov_fe31_rural_acpop_all_baseline_rotated.png  used on input line 1229.
(pdftex.def)             Requested size: 343.42375pt x 171.7114pt.
<C:/Users/eunic/OneDrive/Documents/GitHub/proj_bureaucrats_farms/figures/explor
atory_analysis/politician_byprov_fe_sweep/politician_byprov_fe31_did_interactio
n_rural_acpop_all_1.png, id=560, 960.58875pt x 640.3925pt>
File: C:/Users/eunic/OneDrive/Documents/GitHub/proj_bureaucrats_farms/figures/e
xploratory_analysis/politician_byprov_fe_sweep/politician_byprov_fe31_did_inter
action_rural_acpop_all_1.png Graphic file (type png)
<use C:/Users/eunic/OneDrive/Documents/GitHub/proj_bureaucrats_farms/figures/ex
ploratory_analysis/politician_byprov_fe_sweep/politician_byprov_fe31_did_intera
ction_rural_acpop_all_1.png>
Package pdftex.def Info: C:/Users/eunic/OneDrive/Documents/GitHub/proj_bureaucr
ats_farms/figures/exploratory_analysis/politician_byprov_fe_sweep/politician_by
prov_fe31_did_interaction_rural_acpop_all_1.png  used on input line 1232.
(pdftex.def)             Requested size: 386.35037pt x 257.56934pt.
 [63

 <C:/Users/eunic/OneDrive/Documents/GitHub/proj_bureaucrats_farms/figures/explo
ratory_analysis/politician_byprov_fe_sweep/politician_byprov_fe31_rural_acpop_a
ll_baseline_ori.png> <C:/Users/eunic/OneDrive/Documents/GitHub/proj_bureaucrats
_farms/figures/exploratory_analysis/politician_byprov_fe_sweep/politician_bypro
v_fe31_rural_acpop_all_baseline_rotated.png> <C:/Users/eunic/OneDrive/Documents
/GitHub/proj_bureaucrats_farms/figures/exploratory_analysis/politician_byprov_f
e_sweep/politician_byprov_fe31_did_interaction_rural_acpop_all_1.png (PNG copy)
>] [64

]
<C:/Users/eunic/OneDrive/Documents/GitHub/proj_bureaucrats_farms/figures/explor
atory_analysis/politician_byprov_fe_sweep/politician_byprov_fe32_rural_acpop_al
l_baseline_ori.png, id=570, 578.16pt x 289.08pt>
File: C:/Users/eunic/OneDrive/Documents/GitHub/proj_bureaucrats_farms/figures/e
xploratory_analysis/politician_byprov_fe_sweep/politician_byprov_fe32_rural_acp
op_all_baseline_ori.png Graphic file (type png)
<use C:/Users/eunic/OneDrive/Documents/GitHub/proj_bureaucrats_farms/figures/ex
ploratory_analysis/politician_byprov_fe_sweep/politician_byprov_fe32_rural_acpo
p_all_baseline_ori.png>
Package pdftex.def Info: C:/Users/eunic/OneDrive/Documents/GitHub/proj_bureaucr
ats_farms/figures/exploratory_analysis/politician_byprov_fe_sweep/politician_by
prov_fe32_rural_acpop_all_baseline_ori.png  used on input line 1265.
(pdftex.def)             Requested size: 343.42375pt x 171.7114pt.
<C:/Users/eunic/OneDrive/Documents/GitHub/proj_bureaucrats_farms/figures/explor
atory_analysis/politician_byprov_fe_sweep/politician_byprov_fe32_rural_acpop_al
l_baseline_rotated.png, id=571, 578.16pt x 289.08pt>
File: C:/Users/eunic/OneDrive/Documents/GitHub/proj_bureaucrats_farms/figures/e
xploratory_analysis/politician_byprov_fe_sweep/politician_byprov_fe32_rural_acp
op_all_baseline_rotated.png Graphic file (type png)
<use C:/Users/eunic/OneDrive/Documents/GitHub/proj_bureaucrats_farms/figures/ex
ploratory_analysis/politician_byprov_fe_sweep/politician_byprov_fe32_rural_acpo
p_all_baseline_rotated.png>
Package pdftex.def Info: C:/Users/eunic/OneDrive/Documents/GitHub/proj_bureaucr
ats_farms/figures/exploratory_analysis/politician_byprov_fe_sweep/politician_by
prov_fe32_rural_acpop_all_baseline_rotated.png  used on input line 1269.
(pdftex.def)             Requested size: 343.42375pt x 171.7114pt.
<C:/Users/eunic/OneDrive/Documents/GitHub/proj_bureaucrats_farms/figures/explor
atory_analysis/politician_byprov_fe_sweep/politician_byprov_fe32_did_interactio
n_rural_acpop_all_1.png, id=572, 960.58875pt x 640.3925pt>
File: C:/Users/eunic/OneDrive/Documents/GitHub/proj_bureaucrats_farms/figures/e
xploratory_analysis/politician_byprov_fe_sweep/politician_byprov_fe32_did_inter
action_rural_acpop_all_1.png Graphic file (type png)
<use C:/Users/eunic/OneDrive/Documents/GitHub/proj_bureaucrats_farms/figures/ex
ploratory_analysis/politician_byprov_fe_sweep/politician_byprov_fe32_did_intera
ction_rural_acpop_all_1.png>
Package pdftex.def Info: C:/Users/eunic/OneDrive/Documents/GitHub/proj_bureaucr
ats_farms/figures/exploratory_analysis/politician_byprov_fe_sweep/politician_by
prov_fe32_did_interaction_rural_acpop_all_1.png  used on input line 1272.
(pdftex.def)             Requested size: 386.35037pt x 257.56934pt.
 [65

 <C:/Users/eunic/OneDrive/Documents/GitHub/proj_bureaucrats_farms/figures/explo
ratory_analysis/politician_byprov_fe_sweep/politician_byprov_fe32_rural_acpop_a
ll_baseline_ori.png> <C:/Users/eunic/OneDrive/Documents/GitHub/proj_bureaucrats
_farms/figures/exploratory_analysis/politician_byprov_fe_sweep/politician_bypro
v_fe32_rural_acpop_all_baseline_rotated.png> <C:/Users/eunic/OneDrive/Documents
/GitHub/proj_bureaucrats_farms/figures/exploratory_analysis/politician_byprov_f
e_sweep/politician_byprov_fe32_did_interaction_rural_acpop_all_1.png (PNG copy)
>] [66

] [67

]
(C:\Users\eunic\OneDrive\Documents\GitHub\proj_bureaucrats_farms\output\pdf\pol
itician_byprov_fe_sweep_report.aux)
 ***********
LaTeX2e <2023-11-01> patch level 1
L3 programming layer <2024-01-04>
 ***********
Package rerunfilecheck Info: File `politician_byprov_fe_sweep_report.out' has n
ot changed.
(rerunfilecheck)             Checksum: 40C8A74E78244F64E03695510BF820BD;6209.
 ) 
Here is how much of TeX's memory you used:
 10317 strings out of 474486
 276185 string characters out of 5743755
 1936542 words of memory out of 5000000
 32361 multiletter control sequences out of 15000+600000
 564394 words of font info for 58 fonts, out of 8000000 for 9000
 1141 hyphenation exceptions out of 8191
 75i,7n,79p,550b,450s stack positions out of 10000i,1000n,20000p,200000b,200000s
<C:/Users/eunic/AppData/Local/Programs/MiKTeX/fonts/type1/public/amsfonts/cm/
cmbx10.pfb><C:/Users/eunic/AppData/Local/Programs/MiKTeX/fonts/type1/public/ams
fonts/cm/cmbx12.pfb><C:/Users/eunic/AppData/Local/Programs/MiKTeX/fonts/type1/p
ublic/amsfonts/cm/cmbx9.pfb><C:/Users/eunic/AppData/Local/Programs/MiKTeX/fonts
/type1/public/amsfonts/cm/cmitt10.pfb><C:/Users/eunic/AppData/Local/Programs/Mi
KTeX/fonts/type1/public/amsfonts/cm/cmmi7.pfb><C:/Users/eunic/AppData/Local/Pro
grams/MiKTeX/fonts/type1/public/amsfonts/cm/cmr10.pfb><C:/Users/eunic/AppData/L
ocal/Programs/MiKTeX/fonts/type1/public/amsfonts/cm/cmr12.pfb><C:/Users/eunic/A
ppData/Local/Programs/MiKTeX/fonts/type1/public/amsfonts/cm/cmr17.pfb><C:/Users
/eunic/AppData/Local/Programs/MiKTeX/fonts/type1/public/amsfonts/cm/cmr7.pfb><C
:/Users/eunic/AppData/Local/Programs/MiKTeX/fonts/type1/public/amsfonts/cm/cmr9
.pfb><C:/Users/eunic/AppData/Local/Programs/MiKTeX/fonts/type1/public/amsfonts/
cm/cmsy10.pfb><C:/Users/eunic/AppData/Local/Programs/MiKTeX/fonts/type1/public/
amsfonts/cm/cmsy9.pfb><C:/Users/eunic/AppData/Local/Programs/MiKTeX/fonts/type1
/public/amsfonts/cm/cmti10.pfb><C:/Users/eunic/AppData/Local/Programs/MiKTeX/fo
nts/type1/public/amsfonts/cm/cmtt12.pfb><C:/Users/eunic/AppData/Local/Programs/
MiKTeX/fonts/type1/public/amsfonts/cm/cmtt9.pfb>
Output written on C:\Users\eunic\OneDrive\Documents\GitHub\proj_bureaucrats_far
ms\output\pdf\politician_byprov_fe_sweep_report.pdf (67 pages, 9964578 bytes).
PDF statistics:
 682 PDF objects out of 1000 (max. 8388607)
 134 named destinations out of 1000 (max. 500000)
 737 words of extra memory for PDF output out of 10000 (max. 10000000)

