fe_id,control_sample,version,time,beta,se,lower,upper
1,never,original,-8,35.2015695922672,42.8586704364447,-48.8014244631644,119.204563647699
1,never,original,-7,93.5032977628143,47.5475447997898,0.310109955226238,186.696485570402
1,never,original,-6,98.8943488894285,48.5676122093215,3.70182895915831,194.086868819699
1,never,original,-5,114.011082399414,58.5981241233939,-0.841240882437603,228.863405681266
1,never,original,-4,47.2437326158501,45.4578865800363,-41.8537250810211,136.341190312721
1,never,original,-3,29.8825588615101,42.748335561749,-53.904178839518,113.669296562538
1,never,original,-2,-21.3934242708419,53.3045191879927,-125.870281879308,83.0834333376237
1,never,original,-1,0,0,0,0
1,never,original,0,85.0147383820736,41.1816606400541,4.29868352756748,165.73079323658
1,never,original,1,-17.5002048967869,72.7427137132161,-160.07592377469,125.075513981117
1,never,rotated,-8,-61.7009173610971,42.8586704364447,-145.703911416529,22.3020766943344
1,never,rotated,-7,10.4440232313592,47.5475447997898,-82.7491645762288,103.637211038947
1,never,rotated,-6,29.6782867798826,48.5676122093215,-65.5142331503876,124.870806710153
1,never,rotated,-5,58.6382327117777,58.5981241233939,-56.2140905700743,173.49055599363
1,never,rotated,-4,5.7140953501226,45.4578865800363,-83.3833623467486,94.8115530469938
1,never,rotated,-3,2.19613401769175,42.748335561749,-81.5906036833363,85.9828717187198
1,never,rotated,-2,-35.2366366927511,53.3045191879927,-139.713494301217,69.2402209157145
1,never,rotated,-1,0,0,0,0
1,never,rotated,0,98.8579508039828,41.1816606400541,18.1418959494767,179.574005658489
1,never,rotated,1,10.1862199470314,72.7427137132161,-132.389498930872,152.761938824935
2,never,original,-8,31.7892251569256,42.0650999361862,-50.6583707179994,114.236821031851
2,never,original,-7,94.2572187466576,46.7915727847979,2.54573608845371,185.968701404862
2,never,original,-6,100.912242702338,48.3238024222354,6.19758995475627,195.626895449919
2,never,original,-5,103.525195540261,57.1851064149212,-8.55761303298469,215.608004113507
2,never,original,-4,46.3049041400982,44.0128069513929,-39.9601974846319,132.570005764828
2,never,original,-3,31.0300708090805,42.358637470564,-51.992858633225,114.053000251386
2,never,original,-2,-25.8481344958663,51.7276105248991,-127.234251124669,75.5379821329359
2,never,original,-1,0,0,0,0
2,never,original,0,78.5755177510558,40.9847964644276,-1.75468331922237,158.905718821334
2,never,original,1,-22.470894517021,70.5285518928572,-160.706856227021,115.765067192979
2,never,rotated,-8,-62.3036050327617,42.0650999361862,-144.751200907687,20.1439908421633
2,never,rotated,-7,13.6062214412113,46.7915727847979,-78.1052612169926,105.317704099415
2,never,rotated,-6,33.7030782811325,48.3238024222354,-61.011574466449,128.417731028714
2,never,rotated,-5,49.7578640032967,57.1851064149212,-62.3249445699489,161.840672576542
2,never,rotated,-4,5.9794054873751,44.0128069513929,-80.285696137355,92.2445071121053
2,never,rotated,-3,4.14640504059838,42.358637470564,-78.8765244017071,87.1693344829038
2,never,rotated,-2,-39.2899673801074,51.7276105248991,-140.67608400891,62.0961492486948
2,never,rotated,-1,0,0,0,0
2,never,rotated,0,92.0173506352969,40.9847964644276,11.6871495650187,172.347551705575
2,never,rotated,1,4.41277125146113,70.5285518928572,-133.823190458539,142.648732961461
3,never,original,-8,-8.77849959198972,42.9438418011299,-92.9484295222043,75.3914303382248
3,never,original,-7,56.0626766490476,47.7306293326118,-37.4893568428715,149.614710140967
3,never,original,-6,67.6895735089129,48.3237758675957,-27.0250271915747,162.4041742094
3,never,original,-5,89.0867699179445,58.4921011467015,-25.5577483295904,203.731288165479
3,never,original,-4,28.543267448662,45.4147068326906,-60.4695579434115,117.556092840736
3,never,original,-3,17.3953318445692,42.332462827294,-65.576295296927,100.366958986065
3,never,original,-2,-27.6086339726768,53.2624436896408,-132.003023604373,76.7857556590192
3,never,original,-1,0,0,0,0
3,never,original,0,91.3215946343176,41.0276685345332,10.9073643066324,171.735824962003
3,never,original,1,-6.97972835394937,72.7955623070065,-149.659030475682,135.699573767783
3,never,rotated,-8,-61.9051666934471,42.9438418011299,-146.075096623662,22.2647632367675
3,never,rotated,-7,10.525533419227,47.7306293326118,-83.0265000726921,104.077566911146
3,never,rotated,-6,29.741954150729,48.3237758675957,-64.9726465497585,124.456554851217
3,never,rotated,-5,58.7286744313974,58.4921011467015,-55.9158438161375,173.373192678932
3,never,rotated,-4,5.7746958337517,45.4147068326906,-83.2381295583218,94.7875212258252
3,never,rotated,-3,2.2162841012957,42.332462827294,-80.7553430402005,85.1879112427919
3,never,rotated,-2,-35.1981578443136,53.2624436896408,-139.59254747601,69.1962317873824
3,never,rotated,-1,0,0,0,0
3,never,rotated,0,98.9111185059544,41.0276685345332,18.4968881782692,179.32534883364
3,never,rotated,1,8.19931938932417,72.7955623070065,-134.479982732409,150.878621511057
4,never,original,-8,32.2483246435056,42.8850151389264,-51.8063050287903,116.302954315801
4,never,original,-7,91.3409004531324,47.4938119134387,-1.74697089720738,184.428771803472
4,never,original,-6,98.8921386040196,48.5865603261465,3.66248036477236,194.121796843267
4,never,original,-5,112.185550579242,58.4021925897483,-2.28274689666502,226.653848055148
4,never,original,-4,43.119408632664,45.0897678160999,-45.2565362868918,131.49535355222
4,never,original,-3,26.8351923485177,42.793082039453,-57.0392484488103,110.709633145846
4,never,original,-2,-23.5400286850724,53.3179812813454,-128.043271996509,80.9632146263644
4,never,original,-1,0,0,0,0
4,never,original,0,83.3542080078479,41.1652786863489,2.67026178260404,164.038154233092
4,never,original,1,-21.9955041706573,72.4965523109911,-164.0887467002,120.097738358885
4,never,rotated,-8,-61.5754329800121,42.8850151389264,-145.630062652308,22.4791966922838
4,never,rotated,-7,10.9205367758316,47.4938119134387,-82.1673345745082,104.008408126171
4,never,rotated,-6,31.8751688729355,48.5865603261465,-63.3544893663117,127.104827112183
4,never,rotated,-5,58.5719747943744,58.4021925897483,-55.8963226815323,173.040272270281
4,never,rotated,-4,2.90922679401355,45.0897678160999,-85.4667181255422,91.2851717135693
4,never,rotated,-3,0.0284044560841017,42.793082039453,-83.8460363412439,83.9028452534121
4,never,rotated,-2,-36.9434226312892,53.3179812813454,-141.446665942726,67.5598206801477
4,never,rotated,-1,0,0,0,0
4,never,rotated,0,96.7576019540647,41.1652786863489,16.0736557288209,177.441548179309
4,never,rotated,1,4.81128372177636,72.4965523109911,-137.281958807766,146.904526251319
5,never,original,-8,-14.0947575442338,42.5245012048903,-97.4427799058188,69.2532648173512
5,never,original,-7,45.3293866533859,47.1497805568914,-47.0841832381213,137.742956544893
5,never,original,-6,50.9502515255349,48.3101271861663,-43.737597759351,145.638100810421
5,never,original,-5,68.529315164574,57.3515471455299,-43.8797172406646,180.938347569812
5,never,original,-4,22.4417644158663,43.8136489359923,-63.4329874986787,108.316516330411
5,never,original,-3,14.4511017215444,42.7395277013868,-69.3183725731738,98.2205760162626
5,never,original,-2,-32.4767952221631,52.7002398454919,-135.769265319327,70.815674875001
5,never,original,-1,0,0,0,0
5,never,original,0,99.0956683486918,40.2337701231125,20.2374789073913,177.953857789992
5,never,original,1,58.709877860471,69.3420567640853,-77.2005533971362,194.620309118078
5,never,rotated,-8,-52.3913693874925,42.5245012048903,-135.739391749077,30.9566529740925
5,never,rotated,-7,12.5037193591642,47.1497805568914,-79.909850532343,104.917289250671
5,never,rotated,-6,23.5955287803501,48.3101271861663,-71.0923205045358,118.283378065236
5,never,rotated,-5,46.6455369684261,57.3515471455299,-65.7634954368124,159.054569373665
5,never,rotated,-4,6.02893076875538,43.8136489359923,-79.8458211457896,91.9036826833003
5,never,rotated,-3,3.50921262347047,42.7395277013868,-80.2602616712477,87.2786869181887
5,never,rotated,-2,-37.9477397712,52.7002398454919,-141.240209868364,65.344730325964
5,never,rotated,-1,0,0,0,0
5,never,rotated,0,104.566612897729,40.2337701231125,25.7084234564283,183.424802339029
5,never,rotated,1,69.6517669585449,69.3420567640853,-66.2586642990622,205.562198216152
6,never,original,-8,3.15985117556516,44.1028106479672,-83.2816576944506,89.6013600455809
6,never,original,-7,76.679273295425,45.7055523897529,-12.9036093884907,166.262155979341
6,never,original,-6,93.4724888233879,47.5602287797138,0.25444041514875,186.690537231627
6,never,original,-5,61.9366976124137,53.9244346641125,-43.7551943292468,167.628589554074
6,never,original,-4,48.4765224144541,40.8252754864036,-31.5410175388971,128.494062367805
6,never,original,-3,56.1137872937698,44.4045130473479,-30.9190582790321,143.146632866572
6,never,original,-2,24.5271072748405,50.8467594570928,-75.1325412610613,124.186755810742
6,never,original,-1,0,0,0,0
6,never,original,0,66.7091353960404,41.8277573465118,-15.2732690031227,148.691539795204
6,never,original,1,42.4114392474566,67.6319695297122,-90.1472210307793,174.970099525693
6,never,rotated,-8,-70.814552908127,44.1028106479672,-157.256061778143,15.6269559618888
6,never,rotated,-7,13.2726412236889,45.7055523897529,-76.3102414602268,102.855523907605
6,never,rotated,-6,40.6336287636078,47.5602287797138,-52.5844196446314,133.851677171847
6,never,rotated,-5,19.6656095645896,53.9244346641125,-86.0262823770708,125.35750150625
6,never,rotated,-4,16.773206378586,40.8252754864036,-63.2443335747651,96.7907463319372
6,never,rotated,-3,34.9782432698577,44.4045130473479,-52.0546023029441,122.01108884266
6,never,rotated,-2,13.9593352628845,50.8467594570928,-85.7003132730174,113.618983798786
6,never,rotated,-1,0,0,0,0
6,never,rotated,0,77.2769074079965,41.8277573465118,-4.70549699116668,159.25931180716
6,never,rotated,1,63.5469832713687,67.6319695297122,-69.0116770068673,196.105643549605
7,never,original,-8,-13.6453909471899,42.140484332537,-96.2407402389623,68.9499583445825
7,never,original,-7,55.4204055742078,46.9299267994917,-36.5622509527959,147.403062101211
7,never,original,-6,68.6429304541875,48.1103303939334,-25.653317117922,162.939178026297
7,never,original,-5,77.6656727199565,57.1523080440289,-34.3528510463402,189.684196486253
7,never,original,-4,26.890852853887,44.0173915999679,-59.3832346820501,113.164940389824
7,never,original,-3,18.0526260170176,42.029368577426,-64.3249363947373,100.430188428772
7,never,original,-2,-32.4024277722511,51.6737245416914,-133.682927873966,68.8780723294641
7,never,original,-1,0,0,0,0
7,never,original,0,85.1496598931218,40.8648350804385,5.05458313546239,165.244736650781
7,never,original,1,-10.2439368509481,70.5300082150686,-148.482752952482,127.994879250586
7,never,rotated,-8,-62.4082620866462,42.140484332537,-145.003611378419,20.1870872051262
7,never,rotated,-7,13.6236588832452,46.9299267994917,-78.3589976437584,105.606315410249
7,never,rotated,-6,33.8123082117188,48.1103303939334,-60.4839393603908,128.108555783828
7,never,rotated,-5,49.8011749259814,57.1523080440289,-62.2173488403152,161.819698692278
7,never,rotated,-4,5.99247950840569,44.0173915999679,-80.2816080275313,92.2665670443427
7,never,rotated,-3,4.12037712003006,42.029368577426,-78.2571852917248,86.4979395317849
7,never,rotated,-2,-39.3685522207448,51.6737245416914,-140.64905232246,61.9119478809704
7,never,rotated,-1,0,0,0,0
7,never,rotated,0,92.1157843416155,40.8648350804385,12.0207075839562,172.210861099275
7,never,rotated,1,3.68831204603945,70.5300082150686,-134.550504055495,141.927128147574
8,never,original,-8,29.3600046270053,42.0549348969251,-53.0676677709679,111.787677024978
8,never,original,-7,93.7325157312182,46.772407473663,2.05859708283874,185.406434379598
8,never,original,-6,100.910697300113,48.3308945464857,6.1821439890012,195.639250611225
8,never,original,-5,101.804066000272,57.0963423017182,-10.104764911096,213.712896911639
8,never,original,-4,43.3737619315856,43.808317568075,-42.4905405018414,129.238064365013
8,never,original,-3,28.5706883685491,42.3526704449197,-54.4405457034935,111.581922440592
8,never,original,-2,-26.3603496216879,51.6646099772765,-127.62298517715,74.902285933774
8,never,original,-1,0,0,0,0
8,never,original,0,76.8482462208647,41.0878518132086,-3.68394333302405,157.380435774754
8,never,original,1,-25.2712839360997,70.4848546687431,-163.421599086836,112.879031214637
8,never,rotated,-8,-62.669354882403,42.0549348969251,-145.097027280376,19.7583175155701
8,never,rotated,-7,14.8502075802968,46.772407473663,-76.8237110680826,106.524126228676
8,never,rotated,-6,35.1754405076787,48.3308945464857,-59.5531128034333,129.903993818791
8,never,rotated,-5,49.2158605663241,57.0963423017182,-62.6929703450436,161.124691477692
8,never,rotated,-4,3.93260785612488,43.808317568075,-81.9316945773021,89.7969102895519
8,never,rotated,-3,2.27658565157534,42.3526704449197,-80.7346484204673,85.2878197236179
8,never,rotated,-2,-39.5074009801748,51.6646099772765,-140.770036535637,61.7552345752871
8,never,rotated,-1,0,0,0,0
8,never,rotated,0,89.9952975793516,41.0878518132086,9.46310802546284,170.52748713324
8,never,rotated,1,1.02281878087412,70.4848546687431,-137.127496369862,139.173133931611
9,never,original,-8,-17.7837695942417,41.8756831451295,-99.8601085586955,64.2925693702121
9,never,original,-7,44.6350097035189,46.5492551655622,-46.6015304209831,135.871549828021
9,never,original,-6,50.8539845052331,48.1266668010434,-43.4742824248119,145.182251435278
9,never,original,-5,58.2658072895552,56.3900320740778,-52.2586555756373,168.790270154748
9,never,original,-4,24.7849009754735,42.9007135011534,-59.300497486787,108.870299437734
9,never,original,-3,19.8331373237524,42.4007619894691,-63.272356175607,102.938630823112
9,never,original,-2,-34.309001071756,51.4484953583942,-135.148051974209,66.5300498306967
9,never,original,-1,0,0,0,0
9,never,original,0,95.5606032331655,40.0300719575808,17.1016621963072,174.019544270024
9,never,original,1,58.9343579764597,67.1526631717603,-72.6848618401905,190.55357779311
9,never,rotated,-8,-53.3022095566406,41.8756831451295,-135.378548521094,28.7741294078132
9,never,rotated,-7,14.1906325928913,46.5492551655622,-77.0459075316107,105.427172717393
9,never,rotated,-6,25.4836702463768,48.1266668010434,-68.8445966836682,119.811937176422
9,never,rotated,-5,37.9695558824701,56.3900320740778,-72.5549069827224,148.494018747663
9,never,rotated,-4,9.56271242015971,42.9007135011534,-74.5226860421009,93.6481108824203
9,never,rotated,-3,9.68501162020984,42.4007619894691,-73.4204818791496,92.7905051195692
9,never,rotated,-2,-39.3830639235272,51.4484953583942,-140.22211482598,61.4559869789254
9,never,rotated,-1,0,0,0,0
9,never,rotated,0,100.634666084937,40.0300719575808,22.1757250480785,179.093607121795
9,never,rotated,1,69.0824836800022,67.1526631717603,-62.536736136648,200.701703496652
10,never,original,-8,-1.32512888364288,43.3472571750454,-86.2857529467318,83.6354951794461
10,never,original,-7,79.4997048444537,45.3340755892054,-9.35508331038888,168.354492999296
10,never,original,-6,96.8065744443397,47.5338238911464,3.64027961769267,189.972869270987
10,never,original,-5,60.8855128814927,53.3738026585776,-43.7271403293193,165.498166092305
10,never,original,-4,53.9225698565894,40.2775510942364,-25.0214302881139,132.866570001293
10,never,original,-3,61.5237882003359,44.0192155683314,-24.7538743135936,147.801450714265
10,never,original,-2,26.8750699686271,49.6573058148211,-70.4532494284222,124.203389365676
10,never,original,-1,0,0,0,0
10,never,original,0,70.0947639192511,41.6606560536671,-11.5601219459364,151.749649784439
10,never,original,1,56.4483059255524,65.67644137271,-72.2775191649592,185.174131016064
10,never,rotated,-8,-76.6745092120408,43.3472571750454,-161.63513327513,8.28611485104815
10,never,rotated,-7,14.914521705827,45.3340755892054,-73.9402664490157,103.76930986067
10,never,rotated,-6,42.985588495484,47.5338238911464,-50.180706331163,136.151883322131
10,never,rotated,-5,17.8287241224082,53.3738026585776,-86.7839290884038,122.44137733322
10,never,rotated,-4,21.629978287276,40.2775510942364,-57.3140218574273,100.573978431979
10,never,rotated,-3,39.9953938207936,44.0192155683314,-46.2822686931358,126.273056334723
10,never,rotated,-2,16.110872778856,49.6573058148211,-81.2174466181933,113.439192175905
10,never,rotated,-1,0,0,0,0
10,never,rotated,0,80.8589611090222,41.6606560536671,-0.79592475616532,162.51384697421
10,never,rotated,1,77.9767003050947,65.67644137271,-50.749124785417,206.702525395606
11,never,original,-8,-11.7726936472847,42.9591679597476,-95.9726628483899,72.4272755538205
11,never,original,-7,53.8534576937467,47.6598083555596,-39.5597666831502,147.266682070644
11,never,original,-6,67.3639068620169,48.3170042057248,-27.3374213812038,162.065235105238
11,never,original,-5,86.6937934107421,58.3109030263588,-27.5955765209212,200.983163342405
11,never,original,-4,24.1659940730884,45.0578149308047,-64.1473231912888,112.479311337466
11,never,original,-3,14.617905963159,42.3778591775082,-68.442698024757,97.678509951075
11,never,original,-2,-29.508132353714,53.3071222691021,-133.990092001154,74.9738272937262
11,never,original,-1,0,0,0,0
11,never,original,0,89.3823799901675,41.0466807215776,8.93088577587537,169.83387420446
11,never,original,1,-12.2339478877095,72.5393822847832,-154.411137165884,129.943241390466
11,never,rotated,-8,-61.5993066661052,42.9591679597476,-145.79927586721,22.600662535
11,never,rotated,-7,11.1449322490435,47.6598083555596,-82.2682921278534,104.55815662594
11,never,rotated,-6,31.7734689914309,48.3170042057248,-62.9278592517898,126.474797234652
11,never,rotated,-5,58.2214431142732,58.3109030263588,-56.06792681739,172.510813045936
11,never,rotated,-4,2.81173135073674,45.0578149308047,-85.5015859136404,91.1250486151139
11,never,rotated,-3,0.381730814924572,42.3778591775082,-82.6788731729914,83.4423348028406
11,never,rotated,-2,-36.6262199278312,53.3071222691021,-141.108179575271,67.855739719609
11,never,rotated,-1,0,0,0,0
11,never,rotated,0,96.5004675642847,41.0466807215776,16.0489733499926,176.951961778577
11,never,rotated,1,2.00222726052495,72.5393822847832,-140.17496201765,144.1794165387
12,never,original,-8,35.6599949338735,42.4411081137865,-47.5245769691481,118.844566836895
12,never,original,-7,74.7438264136238,47.1567656688388,-17.6834342973003,167.171087124548
12,never,original,-6,59.079907828618,48.2041993146119,-35.4003228280212,153.560138485257
12,never,original,-5,67.2043479849259,55.3207577842889,-41.2243372722804,175.633033242132
12,never,original,-4,61.9307373129792,42.021735658177,-20.4318645770477,144.293339203006
12,never,original,-3,57.7106170341841,42.8145201118905,-26.2058423851213,141.62707645349
12,never,original,-2,-10.453222525704,52.3255819298064,-113.011363108125,92.1049180567166
12,never,original,-1,0,0,0,0
12,never,original,0,87.0001573729113,40.1587387542734,8.28902941453551,165.711285331287
12,never,original,1,58.6685069102055,68.403858507904,-75.4030557652864,192.740069585697
12,never,rotated,-8,-41.9930089452892,42.4411081137865,-125.177580848311,41.1915629577324
12,never,rotated,-7,8.18410880291299,47.1567656688388,-84.2431519080111,100.611369513837
12,never,rotated,-6,3.61347648635899,48.2041993146119,-90.8667541702802,98.0937071429982
12,never,rotated,-5,22.8312029111187,55.3207577842889,-85.5974823460876,131.259888168325
12,never,rotated,-4,28.6508785076238,42.021735658177,-53.7117233824031,111.013480397651
12,never,rotated,-3,35.5240444972805,42.8145201118905,-48.3924149220249,119.440503916586
12,never,rotated,-2,-21.5465087941558,52.3255819298064,-124.104649376576,81.0116317882648
12,never,rotated,-1,0,0,0,0
12,never,rotated,0,98.0934436413631,40.1587387542734,19.3823156829873,176.804571599739
12,never,rotated,1,80.8550794471091,68.403858507904,-53.2164832283828,214.926642122601
13,never,original,-8,4.43976146914779,44.2770181981022,-82.3431941991326,91.2227171374282
13,never,original,-7,76.6205228775826,45.6786075276048,-12.9095478765227,166.150593631688
13,never,original,-6,93.4175285188116,47.5831645193725,0.154526060841604,186.680530976782
13,never,original,-5,61.9308687374952,53.8827908449198,-43.6794013185475,167.541138793538
13,never,original,-4,48.4111326705485,40.8651309792015,-31.6845240486865,128.506789389783
13,never,original,-3,56.0456843754136,44.4246185754597,-31.0265680324875,143.117936783315
13,never,original,-2,24.4779248402879,50.6961587459394,-74.8865463017532,123.842395982329
13,never,original,-1,0,0,0,0
13,never,original,0,65.8242236909896,41.7912328494639,-16.0865926939596,147.735040075939
13,never,original,1,41.3979376664785,68.045646126389,-91.971528741244,174.767404074201
13,never,rotated,-8,-69.9310023656687,44.2770181981022,-156.713958033949,16.8519533026117
13,never,rotated,-7,12.8741538763114,45.6786075276048,-76.6559168777939,102.404224630417
13,never,rotated,-6,40.2955543510856,47.5831645193725,-52.9674481068845,133.558556809056
13,never,rotated,-5,19.4332894033144,53.8827908449198,-86.1769806527283,125.043559459357
13,never,rotated,-4,16.5379481699128,40.8651309792015,-63.5577085493221,96.6336048891478
13,never,rotated,-3,34.7968947083231,44.4246185754597,-52.2753576995779,121.869147116224
13,never,rotated,-2,13.8535300067427,50.6961587459394,-85.5109411352984,113.218001148784
13,never,rotated,-1,0,0,0,0
13,never,rotated,0,76.4486185245348,41.7912328494639,-5.46219786041438,158.359434909484
13,never,rotated,1,62.6467273335689,68.045646126389,-70.7227390741535,196.016193741291
14,never,original,-8,-15.1494799070678,42.5680633986076,-98.5828841683387,68.2839243542032
14,never,original,-7,43.9858153903088,47.1501548410091,-48.428488098069,136.400118878687
14,never,original,-6,50.6507309939202,48.3443067556774,-44.1041102472075,145.405572235048
14,never,original,-5,67.3447337073606,57.5075008362625,-45.3699679317139,180.059435346435
14,never,original,-4,19.8391589554792,43.7795295950902,-65.9687190508975,105.647036961856
14,never,original,-3,13.2896262883853,42.8132390963379,-70.624322340437,97.2035749172077
14,never,original,-2,-33.7446039831091,52.8597075447676,-137.349630770854,69.8604228046354
14,never,original,-1,0,0,0,0
14,never,original,0,98.1498251002711,40.344623956281,19.0743621459603,177.225288054582
14,never,original,1,55.2572152609053,69.4183529361143,-80.8027564938787,191.317187015689
14,never,rotated,-8,-51.7921423196438,42.5680633986076,-135.225546580915,31.6412619416271
14,never,rotated,-7,12.5778190366722,47.1501548410091,-79.8364844517056,104.99212252505
14,never,rotated,-6,24.4774006992231,48.3443067556774,-70.2774405419047,119.232241940351
14,never,rotated,-5,46.4060694716029,57.5075008362625,-66.3086321674717,159.120771110677
14,never,rotated,-4,4.13516077866085,43.7795295950902,-81.6727172277158,89.9430387850375
14,never,rotated,-3,2.82029417050648,42.8132390963379,-81.0936544583159,86.7342427993289
14,never,rotated,-2,-38.9792700420485,52.8597075447676,-142.584296829793,64.625756745696
14,never,rotated,-1,0,0,0,0
14,never,rotated,0,103.38449115921,40.344623956281,24.3090282048997,182.459954113521
14,never,rotated,1,65.7265473787841,69.4183529361143,-70.3334243759998,201.786519133568
15,never,original,-8,3.15985117612765,44.1028849415506,-83.2818033093116,89.6015056615669
15,never,original,-7,76.6792732960759,45.705630206519,-12.9037619087013,166.262308500853
15,never,original,-6,93.4724888243773,47.5603093335536,0.254282530612272,186.690695118142
15,never,original,-5,61.93669761291,53.9245269348476,-43.7553751793914,167.628770405211
15,never,original,-4,48.4765224150916,40.8253467164739,-31.5411571491972,128.49420197938
15,never,original,-3,56.1137872943211,44.4045865408801,-30.9192023258039,143.146776914446
15,never,original,-2,24.5271072754845,50.8468462340386,-75.1327113432311,124.1869258942
15,never,original,-1,0,0,0,0
15,never,original,0,66.7091353965346,41.8278275521607,-15.2734066057004,148.69167739877
15,never,original,1,42.4114392478496,67.6320849195721,-90.1474471945118,174.970325690211
15,never,rotated,-8,-70.8145529084862,44.1028849415506,-157.256207393925,15.6271015769531
15,never,rotated,-7,13.2726412235497,45.705630206519,-76.3103939812275,102.855676428327
15,never,rotated,-6,40.6336287639389,47.5603093335536,-52.5845775298262,133.851835057704
15,never,rotated,-5,19.6656095645592,53.9245269348476,-86.0264632277421,125.357682356861
15,never,rotated,-4,16.7732063788286,40.8253467164739,-63.2444731854603,96.7908859431174
15,never,rotated,-3,34.9782432701458,44.4045865408801,-52.0547463499793,122.011232890271
15,never,rotated,-2,13.9593352633968,50.8468462340386,-85.7004833553188,113.619153882112
15,never,rotated,-1,0,0,0,0
15,never,rotated,0,77.2769074086222,41.8278275521607,-4.70563459361271,159.259449410857
15,never,rotated,1,63.546983272025,67.6320849195721,-69.0119031703364,196.105869714386
16,never,original,-8,3.15985117557657,44.1062429865331,-83.2883850780284,89.6080874291815
16,never,original,-7,76.6792732954228,45.7091094630495,-12.9105812521542,166.269127843
16,never,original,-6,93.4724888233868,47.5639301947707,0.247185641636179,186.697792005137
16,never,original,-5,61.9366976124092,53.9286313788756,-43.7634198901871,167.636815115005
16,never,original,-4,48.4765224144494,40.8284527480177,-31.5472449716654,128.500289800564
16,never,original,-3,56.113787293763,44.4079688661555,-30.9258316839017,143.153406271428
16,never,original,-2,24.5271072748307,50.8507166491804,-75.1402973575629,124.194511907224
16,never,original,-1,0,0,0,0
16,never,original,0,66.709135396036,41.831012627129,-15.2796493531368,148.697920145209
16,never,original,1,42.4114392474304,67.6372330449821,-90.1575375207345,174.980416015595
16,never,rotated,-8,-70.8145529081159,44.1062429865331,-157.262789161721,15.6336833454891
16,never,rotated,-7,13.2726412236865,45.7091094630495,-76.3172133238905,102.862495771263
16,never,rotated,-6,40.6336287636065,47.5639301947707,-52.5916744181441,133.858931945357
16,never,rotated,-5,19.6656095645849,53.9286313788756,-86.0345079380113,125.365727067181
16,never,rotated,-4,16.7732063785812,40.8284527480177,-63.2505610075336,96.7969737646959
16,never,rotated,-3,34.9782432698509,44.4079688661555,-52.0613757078138,122.017862247516
16,never,rotated,-2,13.9593352628746,50.8507166491804,-85.708069369519,113.626739895268
16,never,rotated,-1,0,0,0,0
16,never,rotated,0,77.276907407992,41.831012627129,-4.71187734118074,159.265692157165
16,never,rotated,1,63.5469832713426,67.6372330449821,-69.0219934968224,196.115960039508
17,never,original,-8,-15.6752268842306,42.1284114148078,-98.2469132572539,66.8964594887927
17,never,original,-7,55.2479368638496,46.9203771121252,-36.7160022759158,147.211876003615
17,never,original,-6,68.24307860871,48.108174454203,-26.0489433215279,162.535100538948
17,never,original,-5,75.2419667435902,57.1064334898255,-36.6866428964678,187.170576383648
17,never,original,-4,23.9031283683783,43.8242291816394,-61.9923608276351,109.798617564392
17,never,original,-3,16.3709127434665,42.022393583513,-65.992978680219,98.7348041671519
17,never,original,-2,-32.2485526823077,51.673811638194,-133.529223493168,69.0321181285526
17,never,original,-1,0,0,0,0
17,never,original,0,83.0010440333169,41.0018143437738,2.63748791952027,163.364600147114
17,never,original,1,-13.3040739659078,70.4943170425225,-151.472935369252,124.864787437436
17,never,rotated,-8,-62.4825744302883,42.1284114148078,-145.054260803312,20.089111942735
17,never,rotated,-7,15.127353252943,46.9203771121252,-76.8365858868224,107.091292392708
17,never,rotated,-6,34.8092589329545,48.108174454203,-59.4827629972834,129.101280863192
17,never,rotated,-5,48.4949110029858,57.1064334898255,-63.4336986370722,160.423520643044
17,never,rotated,-4,3.84283656292496,43.8242291816394,-82.0526526330884,89.7383257589383
17,never,rotated,-3,2.99738487316428,42.022393583513,-79.3665065505212,85.3612762968498
17,never,rotated,-2,-38.9353166174588,51.673811638194,-140.215987428319,62.3453541934015
17,never,rotated,-1,0,0,0,0
17,never,rotated,0,89.687807968468,41.0018143437738,9.32425185467136,170.051364082265
17,never,rotated,1,0.0694539043943649,70.4943170425225,-138.09940749895,138.238315307739
18,never,original,-8,31.522360461799,41.9634677041078,-50.7260362382522,113.77075716185
18,never,original,-7,73.6539985092453,46.5780973616755,-17.6390723196388,164.947069338129
18,never,original,-6,60.9242430286088,48.081281898752,-33.3150694929451,155.163555550163
18,never,original,-5,60.7624456204775,55.1907068888379,-47.4113398816447,168.9362311226
18,never,original,-4,63.3857722231012,41.7002827022453,-18.3467818732995,145.118326319502
18,never,original,-3,58.2913654516947,42.5189783121312,-25.0458320400825,141.628562943472
18,never,original,-2,-15.914905973329,51.1863058671649,-116.240065472972,84.4102535263143
18,never,original,-1,0,0,0,0
18,never,original,0,83.6088567468354,39.8591787310723,5.48486643393368,161.732847059737
18,never,original,1,58.4491469981631,66.3279325270492,-71.5536007548533,188.45189475118
18,never,rotated,-8,-43.5314722138201,41.9634677041078,-125.779868913871,38.7169244862311
18,never,rotated,-7,9.32214193014319,46.5780973616755,-81.9709288987409,100.615212759027
18,never,rotated,-6,7.31436254602367,48.081281898752,-86.9249499755301,101.553675067577
18,never,rotated,-5,17.8745412344094,55.1907068888379,-90.2992442677128,126.048326736532
18,never,rotated,-4,31.2198439335502,41.7002827022453,-50.5127101628505,112.952398029951
18,never,rotated,-3,36.8474132586606,42.5189783121312,-46.4897842331165,120.184610750438
18,never,rotated,-2,-26.636882069846,51.1863058671649,-126.962041569489,73.6882774297972
18,never,rotated,-1,0,0,0,0
18,never,rotated,0,94.3308328433524,39.8591787310723,16.2068425304507,172.454823156254
18,never,rotated,1,79.8930991911972,66.3279325270492,-50.1096485618193,209.895846944214
19,never,original,-8,-1.33130093783788,43.3480953077456,-86.2935677410193,83.6309658653435
19,never,original,-7,79.4881846711383,45.3350761749302,-9.36856463172492,168.344933974001
19,never,original,-6,96.7949781160879,47.5349169908869,3.62654081394957,189.963415418226
19,never,original,-5,60.8738188491995,53.3746029067371,-43.7404028480051,165.488040546404
19,never,original,-4,53.9110015775833,40.2780436969261,-25.0339640683918,132.855967223558
19,never,original,-3,61.5122229491694,44.0203151743688,-24.7675947925935,147.792040690932
19,never,original,-2,26.8635678355989,49.658377353296,-70.4668517768613,124.193987448059
19,never,original,-1,0,0,0,0
19,never,original,0,70.0816417473162,41.6613879035528,-11.5746785436472,151.73796203828
19,never,original,1,56.4295023792798,65.6778766262062,-72.2991358080843,185.158140566644
19,never,rotated,-8,-76.6663602331324,43.3480953077456,-161.628627036314,8.29590657004901
19,never,rotated,-7,14.915276703743,45.3350761749302,-73.9414725991202,103.772026006606
19,never,rotated,-6,42.9842214765919,47.5349169908869,-50.1842158255465,136.15265877873
19,never,rotated,-5,17.8252135376026,53.3746029067371,-86.789008159602,122.439435234807
19,never,rotated,-4,21.6245475938857,40.2780436969261,-57.3204180520895,100.569513239861
19,never,rotated,-3,39.9879202933709,44.0203151743688,-46.291897448392,126.267738035134
19,never,rotated,-2,16.1014165076997,49.658377353296,-81.2290031047605,113.43183612016
19,never,rotated,-1,0,0,0,0
19,never,rotated,0,80.8437930752154,41.6613879035528,-0.812527215747963,162.500113366179
19,never,rotated,1,77.9538050350783,65.6778766262062,-50.7748331522859,206.682443222442
20,never,original,-8,-21.3901213153624,41.8407469102125,-103.397985259379,60.617742628654
20,never,original,-7,43.9336505790259,46.5983011543692,-47.3990196835377,135.266320841589
20,never,original,-6,51.0650494574576,48.1965933746026,-43.4002735567635,145.530372471679
20,never,original,-5,55.7272878191322,56.4277008354381,-54.8710058183266,166.325581456591
20,never,original,-4,20.7357856665927,42.7569750258095,-63.067885383994,104.539456717179
20,never,original,-3,16.492558432427,42.4212150964485,-66.653023156612,99.6381400214661
20,never,original,-2,-35.3073568194015,51.4522661183618,-136.153798411391,65.5390847725876
20,never,original,-1,0,0,0,0
20,never,original,0,92.7925420705302,40.2491576326313,13.9041931105729,171.680891030488
20,never,original,1,54.3079819208192,67.3782372179988,-77.7533630264584,186.369326868097
20,never,rotated,-8,-53.9896498091457,41.8407469102125,-135.997513753162,28.0182141348707
20,never,rotated,-7,15.9911975843545,46.5983011543692,-75.3414726782091,107.323867846918
20,never,rotated,-6,27.7796719618981,48.1965933746026,-66.685651052323,122.244994976119
20,never,rotated,-5,37.0989858226846,56.4277008354381,-73.4993078147742,147.697279460143
20,never,rotated,-4,6.76455916925696,42.7569750258095,-77.0391118813297,90.5682302198436
20,never,rotated,-3,7.17840743420322,42.4212150964485,-75.9671741548358,90.3239890232422
20,never,rotated,-2,-39.9644323185134,51.4522661183618,-140.810873910503,60.8820092734757
20,never,rotated,-1,0,0,0,0
20,never,rotated,0,97.4496175696421,40.2491576326313,18.5612686096848,176.337966529599
20,never,rotated,1,63.622132919043,67.3782372179988,-68.4392120282346,195.683477866321
21,never,original,-8,-1.32515519112439,43.3473485819151,-86.285958411678,83.6356480294292
21,never,original,-7,79.4996831582239,45.3341631399567,-9.3552765960912,168.354642912539
21,never,original,-6,96.8065637482772,47.5338130597176,3.64029015123077,189.972837345324
21,never,original,-5,60.8855060067956,53.3740033003056,-43.7275404618033,165.498552475395
21,never,original,-4,53.9225439340887,40.2775233482675,-25.0214018285156,132.866489696693
21,never,original,-3,61.523781464489,44.0193562811054,-24.7541568464777,147.801719775456
21,never,original,-2,26.8750691375231,49.6573939689462,-70.4534230416116,124.203561316658
21,never,original,-1,0,0,0,0
21,never,original,0,70.0947217197285,41.6607882813605,-11.5604233117381,151.749866751195
21,never,original,1,56.4482303436945,65.6765428649227,-72.2777936715539,185.174254358943
21,never,rotated,-8,-76.6745111535648,43.3473485819151,-161.635314374118,8.28629206698878
21,never,rotated,-7,14.9145209047035,45.3341631399567,-73.9404388496116,103.769480659019
21,never,rotated,-6,42.9855952036769,47.5338130597176,-50.1806783933695,136.151868800723
21,never,rotated,-5,17.8287311711154,53.3740033003056,-86.7843152974835,122.441777639714
21,never,rotated,-4,21.6299628073285,40.2775233482675,-57.3139829552758,100.573908569933
21,never,rotated,-3,39.9953940466489,44.0193562811054,-46.2825442643178,126.273332357616
21,never,rotated,-2,16.110875428603,49.6573939689462,-81.2176167505316,113.439367607738
21,never,rotated,-1,0,0,0,0
21,never,rotated,0,80.8589154286486,41.6607882813605,-0.796229602818059,162.514060460115
21,never,rotated,1,77.9766177615346,65.6765428649227,-50.7494062537138,206.702641776783
22,never,original,-8,-1.32510467816399,43.3505119425825,-86.2921080856257,83.6418987292977
22,never,original,-7,79.4997386865795,45.3376463146783,-9.36204809018993,168.361525463349
22,never,original,-6,96.8066467050564,47.5373155636874,3.63350820022899,189.979785209884
22,never,original,-5,60.8855968958251,53.3784471156059,-43.7361594507625,165.507353242413
22,never,original,-4,53.9226120660443,40.2803416716473,-25.0268576103844,132.872081742473
22,never,original,-3,61.5237954749616,44.0225876443104,-24.7604763078868,147.80806725781
22,never,original,-2,26.8750954677011,49.6610086286738,-70.4604814444995,124.210672379902
22,never,original,-1,0,0,0,0
22,never,original,0,70.0946853385431,41.6640128991862,-11.5667799438617,151.756150620948
22,never,original,1,56.4482372093466,65.6817871830192,-72.2880656693709,185.184540088064
22,never,rotated,-8,-76.6745468329974,43.3505119425825,-161.641550240459,8.29245657446428
22,never,rotated,-7,14.9145025538652,45.3376463146783,-73.9472842229043,103.776289330635
22,never,rotated,-6,42.9856165944611,47.5373155636874,-50.1875219103663,136.158755099288
22,never,rotated,-5,17.8287728073488,53.3784471156059,-86.7929835392388,122.450529153936
22,never,rotated,-4,21.6299939996871,40.2803416716473,-57.3194756767416,100.579463676116
22,never,rotated,-3,39.9953834307235,44.0225876443104,-46.2888883521249,126.279655213572
22,never,rotated,-2,16.110889445582,49.6610086286738,-81.2246874666186,113.446466357783
22,never,rotated,-1,0,0,0,0
22,never,rotated,0,80.8588913606622,41.6640128991862,-0.802573921742692,162.520356643067
22,never,rotated,1,77.9766492535848,65.6817871830192,-50.7596536251328,206.712952132302
23,never,original,-8,31.8129700381957,42.4755255364781,-51.4390600133014,115.065000089693
23,never,original,-7,71.0965961414068,47.1393037253814,-21.2964391603408,163.489631443154
23,never,original,-6,56.1465926489832,48.228707485421,-38.381674022442,150.674859320408
23,never,original,-5,62.930778830179,55.3669692380818,-45.5884808764613,171.450038536819
23,never,original,-4,56.3604119035624,41.9665920193514,-25.8941084543664,138.614932261491
23,never,original,-3,54.1962792002054,42.8815349286627,-29.8515292599735,138.244087660384
23,never,original,-2,-13.3151539766521,52.4596704811861,-116.136108119777,89.5058001664727
23,never,original,-1,0,0,0,0
23,never,original,0,82.9700977894983,40.2473513070907,4.08528922760048,161.854906351396
23,never,original,1,49.0205740430994,68.3271837609233,-84.9007061283103,182.941854214509
23,never,rotated,-8,-40.4812842525987,42.4755255364781,-123.733314304096,42.7707457988983
23,never,rotated,-7,9.13009246358301,47.1393037253814,-83.2629428381645,101.523127765331
23,never,rotated,-6,4.50783958413002,48.228707485421,-90.0204270872951,99.0361062555552
23,never,rotated,-5,21.6197763782965,55.3669692380818,-86.8994833283438,130.139036084937
23,never,rotated,-4,25.3771600646505,41.9665920193514,-56.8773602932783,107.631680422579
23,never,rotated,-3,33.5407779742641,42.8815349286627,-50.5070304859147,117.588586434443
23,never,rotated,-2,-23.6429045896227,52.4596704811861,-126.463858732747,79.1780495535021
23,never,rotated,-1,0,0,0,0
23,never,rotated,0,93.297848402469,40.2473513070907,14.4130398405711,172.182656964367
23,never,rotated,1,69.6760752690406,68.3271837609233,-64.2452049023691,203.59735544045
24,never,original,-8,8.27861649236028,44.1155347789983,-78.1878316744763,94.7450646591969
24,never,original,-7,76.5830599763215,45.6610412692216,-12.9125809113528,166.078700863996
24,never,original,-6,93.3517383101164,47.529486166806,0.193945423176714,186.509531197056
24,never,original,-5,61.8620295386549,53.9155887738854,-43.8125244581604,167.53658353547
24,never,original,-4,48.3458297254466,40.8171316422413,-31.6557482933463,128.34740774424
24,never,original,-3,55.9800871835586,44.4378201365716,-31.1180402841218,143.078214651239
24,never,original,-2,24.4121870882904,50.7345556595134,-75.0275420043559,123.851916180937
24,never,original,-1,0,0,0,0
24,never,original,0,64.5990693465593,41.8971062295217,-17.5192588633033,146.717397556422
24,never,original,1,36.0691272949655,67.8083128410733,-96.8351658735381,168.973420463469
24,never,rotated,-8,-67.3746502897097,44.1155347789983,-153.841098456546,19.0917978771269
24,never,rotated,-7,11.7374027345472,45.6610412692216,-77.7582381531271,101.233043622222
24,never,rotated,-6,39.3136906086378,47.529486166806,-53.8441022783019,132.471483495578
24,never,rotated,-5,18.631591377472,53.9155887738854,-87.0429626193433,124.306145374287
24,never,rotated,-4,15.9230011045595,40.8171316422413,-64.0785769142335,95.9245791233525
24,never,rotated,-3,34.3648681029672,44.4378201365716,-52.7332593647132,121.462995570648
24,never,rotated,-2,13.6045775479947,50.7345556595134,-85.8351515446516,113.044306640641
24,never,rotated,-1,0,0,0,0
24,never,rotated,0,75.406678886855,41.8971062295217,-6.71164932300756,157.525007096718
24,never,rotated,1,57.684346375557,67.8083128410733,-75.2199467929467,190.588639544061
25,never,original,-8,10.905779520726,44.0481889839107,-75.428670887739,97.240229929191
25,never,original,-7,79.3202399605534,45.5981982571111,-10.0522286233844,168.692708544491
25,never,original,-6,96.0902023971607,47.4797245364398,3.02994230573866,189.150462488583
25,never,original,-5,64.6026709520178,53.9171314355864,-41.0749066617315,170.280248565767
25,never,original,-4,51.0837715112479,40.756788820125,-28.799534576197,130.967077598693
25,never,original,-3,58.7181414238471,44.3561714248075,-28.2199545687755,145.65623741647
25,never,original,-2,27.1312759460852,50.6760854803893,-72.1938515954778,126.456403487648
25,never,original,-1,0,0,0,0
25,never,original,0,67.3940578462084,41.8347866247844,-14.602123938369,149.390239630786
25,never,original,1,44.0952581798342,67.6162520842178,-88.4325959052326,176.623112264901
25,never,rotated,-8,-68.541343755764,44.0481889839107,-154.875794164229,17.793106652701
25,never,rotated,-7,11.222705723562,45.5981982571111,-78.1497628603759,100.5951743075
25,never,rotated,-6,39.3422571996678,47.4797245364398,-53.7180028917542,132.40251729109
25,never,rotated,-5,19.2043147940235,53.9171314355864,-86.4732628197258,124.881892407773
25,never,rotated,-4,17.0350043927522,40.756788820125,-62.8483016946928,96.9183104801972
25,never,rotated,-3,36.01896334485,44.3561714248075,-50.9191326477726,122.957059337473
25,never,rotated,-2,15.7816869065866,50.6760854803893,-83.5434406349764,115.10681444815
25,never,rotated,-1,0,0,0,0
25,never,rotated,0,78.7436468857069,41.8347866247844,-3.25253489887041,160.739828670284
25,never,rotated,1,66.7944362588314,67.6162520842178,-65.7334178262355,199.322290343898
26,never,original,-8,3.15985119893929,44.1063190505075,-83.2885341400554,89.608236537934
26,never,original,-7,76.6792733159651,45.7091875029993,-12.9107341899135,166.269280821844
26,never,original,-6,93.4724888638685,47.5640031969679,0.247042597811387,186.697935129926
26,never,original,-5,61.9366976430994,53.9287309092997,-43.763614939128,167.637010225327
26,never,original,-4,48.4765224520273,40.8285166231554,-31.5473701293573,128.500415033412
26,never,original,-3,56.1137873055122,44.4080361278007,-30.9259635049772,143.153538116002
26,never,original,-2,24.5271073030633,50.8508085975891,-75.1404775482112,124.194692154338
26,never,original,-1,0,0,0,0
26,never,original,0,66.7091354184842,41.831087082307,-15.2797952628374,148.698066099806
26,never,original,1,42.41143926216,67.6373488905919,-90.1577645634002,174.98064308772
26,never,rotated,-8,-70.8145529235745,44.1063190505075,-157.262938262569,15.6338324154202
26,never,rotated,-7,13.2726412109533,45.7091875029993,-76.3173662949253,102.862648716832
26,never,rotated,-6,40.6336287763587,47.5640031969679,-52.5918174896985,133.859075042416
26,never,rotated,-5,19.6656095730915,53.9287309092997,-86.0347030091358,125.365922155319
26,never,rotated,-4,16.7732063995214,40.8285166231554,-63.2506861818631,96.7970989809059
26,never,rotated,-3,34.9782432705083,44.4080361278007,-52.0615075399811,122.017994080998
26,never,rotated,-2,13.9593352855613,50.8508085975891,-85.7082495657132,113.626920136836
26,never,rotated,-1,0,0,0,0
26,never,rotated,0,77.2769074359862,41.831087082307,-4.71202324533547,159.265838117308
26,never,rotated,1,63.546983297164,67.6373488905919,-69.0222205283963,196.116187122724
27,never,original,-8,22.4655925002664,42.3819257030787,-60.6029818777679,105.534166878301
27,never,original,-7,66.5704184949488,46.7903323835324,-25.1386329767747,158.279469966672
27,never,original,-6,58.8061337389334,48.1888105776686,-35.643934993297,153.256202471164
27,never,original,-5,55.0064809718836,56.3282804138524,-55.3969486392672,165.409910583034
27,never,original,-4,54.6951922067633,42.8538865765507,-29.298425483276,138.688809896803
27,never,original,-3,50.5384166394175,42.6400154481958,-33.0360136390464,134.112846917881
27,never,original,-2,-20.2803133612365,51.6431501018218,-121.500887560807,80.9402608383342
27,never,original,-1,0,0,0,0
27,never,original,0,78.4849060074728,40.0737098127291,-0.059565225476149,157.029377240422
27,never,original,1,53.3597685145052,66.9922735499771,-77.9450876434499,184.66462467246
27,never,rotated,-8,-43.315424879316,42.3819257030787,-126.38399925735,39.7531494987182
27,never,rotated,-7,10.1866893124496,46.7903323835324,-81.5223621592739,101.895740784173
27,never,rotated,-6,11.8196927535174,48.1888105776686,-82.6303759787129,106.269761485748
27,never,rotated,-5,17.4173281835508,56.3282804138524,-92.9861014276,127.820757794702
27,never,rotated,-4,26.5033276155137,42.8538865765507,-57.4902900745256,110.496945305553
27,never,rotated,-3,31.7438402452511,42.6400154481958,-51.8305900332128,115.318270523715
27,never,rotated,-2,-29.6776015583197,51.6431501018218,-130.89817575789,71.542972641251
27,never,rotated,-1,0,0,0,0
27,never,rotated,0,87.882194204556,40.0737098127291,9.33772297160704,166.426665437505
27,never,rotated,1,72.1543449086716,66.9922735499771,-59.1505112492835,203.459201066627
28,never,original,-8,-1.33135564614473,43.3483032267745,-86.2940299706228,83.6313186783334
28,never,original,-7,79.4881378661383,45.3352976872144,-9.36904560080195,168.345321333079
28,never,original,-6,96.7949608910858,47.5348327899022,3.62668862287758,189.963233159294
28,never,original,-5,60.873830163986,53.375061736727,-43.7412908399988,165.488951167971
28,never,original,-4,53.9109679599212,40.2777976749958,-25.0335154830705,132.855451402913
28,never,original,-3,61.5121947036766,44.0205602750954,-24.7681034355103,147.792492842863
28,never,original,-2,26.8635217412888,49.6585081986748,-70.4671543281137,124.194197810691
28,never,original,-1,0,0,0,0
28,never,original,0,70.0815291402538,41.6616263255474,-11.5752584578191,151.738316738327
28,never,original,1,56.4293409363609,65.6781923128241,-72.2999159967744,185.158597869496
28,never,rotated,-8,-76.6663695368245,43.3483032267745,-161.629043861303,8.29630478765361
28,never,rotated,-7,14.9152688169842,45.3352976872144,-73.941914649956,103.772452283924
28,never,rotated,-6,42.9842366834574,47.5348327899022,-50.1840355847508,136.152508951666
28,never,rotated,-5,17.8252507978833,53.375061736727,-86.7898702061016,122.440371801868
28,never,rotated,-4,21.6245334353441,40.2777976749958,-57.3199500076476,100.569016878336
28,never,rotated,-3,39.9879050206252,44.0205602750954,-46.2923931185617,126.268203159812
28,never,rotated,-2,16.1013768997631,49.6585081986748,-81.2292991696394,113.432052969166
28,never,rotated,-1,0,0,0,0
28,never,rotated,0,80.8436739817795,41.6616263255474,-0.813113616293421,162.500461579852
28,never,rotated,1,77.9536306194123,65.6781923128241,-50.775626313723,206.682887552548
29,never,original,-8,-1.32974459281866,43.3514633146177,-86.2986126894693,83.639123503832
29,never,original,-7,79.4910517464563,45.3387125629983,-9.37282487702038,168.354928369933
29,never,original,-6,96.7979047677818,47.5384225993097,3.62259647313492,189.973213062429
29,never,original,-5,60.8767785527879,53.3793260946975,-43.7467005928193,165.500257698395
29,never,original,-4,53.9138790682425,40.2809737515211,-25.0368294847389,132.864587621224
29,never,original,-3,61.5150652141172,44.0236906472205,-24.7713684544349,147.801498882669
29,never,original,-2,26.8664329229262,49.6620950792715,-70.471273432446,124.204139278298
29,never,original,-1,0,0,0,0
29,never,original,0,70.0848031856929,41.6647951183216,-11.5781952462176,151.747801617603
29,never,original,1,56.4340577291153,65.6833403413365,-72.3052893399042,185.173404798135
29,never,rotated,-8,-76.6683914395664,43.3514633146177,-161.637259536217,8.30047665708419
29,never,rotated,-7,14.9150687349582,45.3387125629983,-73.9488078885185,103.778945358435
29,never,rotated,-6,42.9845855915334,47.5384225993097,-50.1907227031135,136.15989388618
29,never,rotated,-5,17.8261232117891,53.3793260946975,-86.797355933818,122.449602357396
29,never,rotated,-4,21.6258875624935,40.2809737515211,-57.3248209904879,100.576596115475
29,never,rotated,-3,39.9897375436179,44.0236906472205,-46.2966961249343,126.27617121217
29,never,rotated,-2,16.1037690876765,49.6620950792715,-81.2339372676957,113.441475443049
29,never,rotated,-1,0,0,0,0
29,never,rotated,0,80.8474670209426,41.6647951183216,-0.815531410967878,162.510465452853
29,never,rotated,1,77.9593853996147,65.6833403413365,-50.7799616694048,206.698732468634
30,never,original,-8,-1.32512601741075,43.3506177374826,-86.2923367828766,83.6420847480551
30,never,original,-7,79.4997356979432,45.3377076607371,-9.36217131710156,168.361642712988
30,never,original,-6,96.8066605007964,47.537423700473,3.63331004786934,189.980010953723
30,never,original,-5,60.8856099197791,53.3788342075335,-43.7369051269865,165.508124966545
30,never,original,-4,53.9225806667455,40.280165257514,-25.026543237982,132.871704571473
30,never,original,-3,61.5238066505598,44.0226425685281,-24.7605727837553,147.808186084875
30,never,original,-2,26.8750907170768,49.6611606645691,-70.4607841854787,124.210965619632
30,never,original,-1,0,0,0,0
30,never,original,0,70.0946384074874,41.6640673728927,-11.5669336433823,151.756210458357
30,never,original,1,56.4481357235561,65.6819008259611,-72.2883898953276,185.18466134244
30,never,rotated,-8,-76.6745620307765,43.3506177374826,-161.641772796242,8.29264873468932
30,never,rotated,-7,14.914504829344,45.3377076607371,-73.9474021857008,103.776411844389
30,never,rotated,-6,42.9856347769637,47.537423700473,-50.1877156759633,136.158985229891
30,never,rotated,-5,17.8287893407129,53.3788342075335,-86.7937257060527,122.451304387479
30,never,rotated,-4,21.6299652324459,40.280165257514,-57.3191586722816,100.579089137173
30,never,rotated,-3,39.9953963610268,44.0226425685281,-46.2889830732884,126.279775795342
30,never,rotated,-2,16.1108855723103,49.6611606645691,-81.2249893302452,113.446760474866
30,never,rotated,-1,0,0,0,0
30,never,rotated,0,80.8588435522539,41.6640673728927,-0.802728498615807,162.520415603124
30,never,rotated,1,77.9765460130892,65.6819008259611,-50.7599796057945,206.713071631973
31,never,original,-8,8.22237362461151,44.1199969710562,-78.2528204386586,94.6975676878816
31,never,original,-7,76.5707646876722,45.6648064318845,-12.9322559188214,166.073785294166
31,never,original,-6,93.3399390629011,47.5332398329477,0.17478899032362,186.505089135479
31,never,original,-5,61.851209114665,53.923458058711,-43.8387686804085,167.541186909738
31,never,original,-4,48.3337654875788,40.821228135862,-31.6758416587107,128.343372633868
31,never,original,-3,55.9683075229142,44.4412518888048,-31.1365461791433,143.073161224972
31,never,original,-2,24.4005103131004,50.7389661820451,-75.0478634037079,123.848884029909
31,never,original,-1,0,0,0,0
31,never,original,0,64.5337769937165,41.9034760507362,-17.5970360657265,146.664590053159
31,never,original,1,36.2179321342051,67.8174747479123,-96.704318371703,169.140182640113
31,never,rotated,-8,-67.3988342300457,44.1199969710562,-153.874028293316,19.0763598332244
31,never,rotated,-7,11.7525865265374,45.6648064318845,-77.7504340799562,101.255607133031
31,never,rotated,-6,39.3247905952888,47.5332398329477,-53.8403594772887,132.489940667866
31,never,rotated,-5,18.6390903405752,53.923458058711,-87.0508874544983,124.329068135649
31,never,rotated,-4,15.9246764070115,40.821228135862,-64.0849307392781,95.934283553301
31,never,rotated,-3,34.3622481358693,44.4412518888048,-52.7426055661882,121.467101837927
31,never,rotated,-2,13.5974806195779,50.7389661820451,-85.8508930972304,113.045854336386
31,never,rotated,-1,0,0,0,0
31,never,rotated,0,75.3368066872389,41.9034760507362,-6.79400637220408,157.467619746682
31,never,rotated,1,57.82399152125,67.8174747479123,-75.0982589846581,190.746242027158
32,never,original,-8,-1.32978515271477,43.3515031960807,-86.2987314170329,83.6391611116034
32,never,original,-7,79.4910275402833,45.3387698949863,-9.37296145388976,168.355016534456
32,never,original,-6,96.797898425739,47.5384774008869,3.62248272000078,189.973314131477
32,never,original,-5,60.876784290449,53.379700107493,-43.7474279202372,165.500996501135
32,never,original,-4,53.9138375574482,40.2808070955277,-25.036544349786,132.864219464682
32,never,original,-3,61.5150556416773,44.0237676672809,-24.7715289861933,147.801640269548
32,never,original,-2,26.8664121549076,49.6622573121361,-70.471612176879,124.204436486694
32,never,original,-1,0,0,0,0
32,never,original,0,70.0847497408808,41.6648807810477,-11.5784165899727,151.747916071734
32,never,original,1,56.4339684288903,65.683516791347,-72.3057244821499,185.17366133993
32,never,rotated,-8,-76.6684018814045,43.3515031960807,-161.637348145723,8.30054438291367
32,never,rotated,-7,14.9150703442636,45.3387698949863,-73.9489186499095,103.779059338437
32,never,rotated,-6,42.9846007623892,47.5384774008869,-50.190814943349,136.160016468127
32,never,rotated,-5,17.8261461597691,53.379700107493,-86.798066050917,122.450358370455
32,never,rotated,-4,21.6258589594383,40.2808070955277,-57.3245229477959,100.576240866673
32,never,rotated,-3,39.9897365763374,44.0237676672809,-46.2968480515332,126.276321204208
32,never,rotated,-2,16.1037526222377,49.6622573121361,-81.234271709549,113.441776954024
32,never,rotated,-1,0,0,0,0
32,never,rotated,0,80.8474092735508,41.6648807810477,-0.815757057302733,162.510575604404
32,never,rotated,1,77.9592874942302,65.683516791347,-50.7804054168099,206.69898040527
1,both,original,-8,31.1635756729568,42.8704377168662,-52.8624822521011,115.189633598015
1,both,original,-7,89.0614764992968,47.5572254976223,-4.15068547604275,182.273638474636
1,both,original,-6,96.7388930887848,48.5366260688227,1.60710599389226,191.870680183677
1,both,original,-5,112.428202312698,58.5450717870093,-2.32013838984066,227.176543015236
1,both,original,-4,42.1922215935578,45.4265615183126,-46.8438389823348,131.22828216945
1,both,original,-3,29.9793049650462,42.7701518240632,-53.8501926101176,113.80880254021
1,both,original,-2,-22.3545631065519,53.2928739348006,-126.808596018761,82.0994698056573
1,both,original,-1,0,0,0,0
1,both,original,0,83.5129147697396,41.1823017156405,2.79560340708424,164.230226132395
1,both,original,1,-18.2663553880301,72.5743585402745,-160.512098126968,123.979387350908
1,both,rotated,-8,-61.3415180773136,42.8704377168662,-145.367576002371,22.6845398477442
1,both,rotated,-7,9.77139614192227,47.5572254976223,-83.4407658334173,102.983558117262
1,both,rotated,-6,30.663826124306,48.5366260688227,-64.4679609705866,125.795613219199
1,both,rotated,-5,59.5681487411146,58.5450717870093,-55.1801919614237,174.316489443653
1,both,rotated,-4,2.54718141487048,45.4265615183126,-86.4888791610221,91.5832419907631
1,both,rotated,-3,3.54927817925469,42.7701518240632,-80.2802193959091,87.3787757544185
1,both,rotated,-2,-35.5695764994476,53.2928739348006,-140.023609411657,68.8844564127615
1,both,rotated,-1,0,0,0,0
1,both,rotated,0,96.7279281626354,41.1823017156405,16.01061679998,177.445239525291
1,both,rotated,1,8.16367139776141,72.5743585402745,-134.082071341177,150.409414136699
2,both,original,-8,29.8392222577185,41.9227302730403,-52.3293290774406,112.007773592878
2,both,original,-7,91.6719042057858,46.6136352551545,0.309179105683043,183.034629305889
2,both,original,-6,99.8311011245069,48.1849660117696,5.38856774143849,194.273634507575
2,both,original,-5,102.415619790072,57.0433740593187,-9.38939336619235,214.220632946337
2,both,original,-4,43.6457772297598,43.5929471380601,-41.796399160838,129.087953620358
2,both,original,-3,33.0122245580015,42.2529377862773,-49.803533503102,115.827982619105
2,both,original,-2,-25.0566366986618,51.5814330253794,-126.156245428405,76.0429720310818
2,both,original,-1,0,0,0,0
2,both,original,0,78.1203257313909,40.7461996028472,-1.7422254901897,157.982876952971
2,both,original,1,-21.7009140185721,70.2904870589959,-159.470268654204,116.06844061706
2,both,rotated,-8,-62.1422332386909,41.9227302730403,-144.31078457385,20.0263180964681
2,both,rotated,-7,12.8306566374349,46.6136352551545,-78.5320684626679,104.193381737538
2,both,rotated,-6,34.1300614842144,48.1849660117696,-60.3124718988539,128.572594867283
2,both,rotated,-5,49.8547880778383,57.0433740593187,-61.9502250784263,161.659801234103
2,both,rotated,-4,4.22515344558439,43.5929471380601,-81.2170229450135,89.6673298361823
2,both,rotated,-3,6.73180870188453,42.2529377862773,-76.083949359219,89.547566762988
2,both,rotated,-2,-38.1968446267203,51.5814330253794,-139.296453356464,62.9027641030233
2,both,rotated,-1,0,0,0,0
2,both,rotated,0,91.2605336594493,40.7461996028472,11.3979824378688,171.12308488103
2,both,rotated,1,4.57950183754484,70.2904870589959,-133.189852798087,142.348856473177
3,both,original,-8,-17.9069475506966,42.8781525905686,-101.948126628211,66.1342315268177
3,both,original,-7,47.2010112546508,47.4900352368697,-45.8794578096138,140.281480318915
3,both,original,-6,61.8899959302151,48.1360254122622,-32.4566138778188,156.236605738249
3,both,original,-5,84.5123890105661,58.2694767675552,-29.6957854538421,198.720563474974
3,both,original,-4,21.2807910116786,45.3235201174908,-67.5533084186033,110.114890441961
3,both,original,-3,16.0454866703074,42.295900789465,-66.854478877044,98.9454522176588
3,both,original,-2,-29.3458607985796,53.2197415093564,-133.656554156918,74.964832559759
3,both,original,-1,0,0,0,0
3,both,original,0,91.464284542314,41.0337886635022,11.0380587618496,171.890510322778
3,both,original,1,-2.85768827279499,72.4882594929463,-144.93467687897,139.21930033338
3,both,rotated,-8,-61.5041703478686,42.8781525905686,-145.545349425383,22.5370087296458
3,both,rotated,-7,9.8319631427891,47.4900352368697,-83.2485059214755,102.912432207054
3,both,rotated,-6,30.7491225036637,48.1360254122622,-63.5974873043702,125.095732311698
3,both,rotated,-5,59.599690269325,58.2694767675552,-54.6084841950832,173.807864733733
3,both,rotated,-4,2.59626695574775,45.3235201174908,-86.2378324745342,91.4303663860297
3,both,rotated,-3,3.58913729968686,42.295900789465,-79.3108282476645,86.4891028470382
3,both,rotated,-2,-35.5740354838899,53.2197415093564,-139.884728842229,68.7366578744488
3,both,rotated,-1,0,0,0,0
3,both,rotated,0,97.6924592276243,41.0337886635022,17.2662334471599,178.118685008089
3,both,rotated,1,9.59866109782558,72.4882594929463,-132.478327508349,151.675649704
4,both,original,-8,27.7126960235391,42.8962396167958,-56.3639336253807,111.789325672459
4,both,original,-7,86.5048535466151,47.4956122558951,-6.58654647493935,179.59625356817
4,both,original,-6,96.7373527054762,48.5575632916506,1.56452865384107,191.910176757111
4,both,original,-5,110.511410856423,58.3141599299436,-3.78434260626622,224.807164319113
4,both,original,-4,37.8587386389506,45.013909119238,-50.3685232347557,126.086000512657
4,both,original,-3,26.4411459769052,42.8205265776215,-57.4870861152329,110.369378069043
4,both,original,-2,-24.8932480531212,53.2892158080464,-129.340111036892,79.5536149306497
4,both,original,-1,0,0,0,0
4,both,original,0,81.7816048651309,41.1576255720125,1.1126587439864,162.450550986275
4,both,original,1,-23.0597948632811,72.2886807973247,-164.745609226037,118.626019499475
4,both,rotated,-8,-61.3030869872149,42.8962396167958,-145.379716636135,22.7735426617049
4,both,rotated,-7,10.2056109659689,47.4956122558951,-82.8857890555856,103.297010987523
4,both,rotated,-6,33.1546505549377,48.5575632916506,-62.0181734966975,128.327474606573
4,both,rotated,-5,59.6452491359924,58.3141599299436,-54.6505043266971,173.941002598682
4,both,rotated,-4,-0.290882651372486,45.013909119238,-88.5181445250789,87.9363792223339
4,both,rotated,-3,1.00806511668975,42.8205265776215,-82.9201669754483,84.9362972088278
4,both,rotated,-2,-37.6097884832289,53.2892158080464,-142.056651467,66.837074500542
4,both,rotated,-1,0,0,0,0
4,both,rotated,0,94.4981452952386,41.1576255720125,13.8291991740941,175.167091416383
4,both,rotated,1,2.3732859969343,72.2886807973247,-139.312528365822,144.059100359691
5,both,original,-8,-21.7015289250422,42.4946365259916,-104.991016515986,61.5879586659014
5,both,original,-7,37.2090853248367,46.8728181599662,-54.661638268697,129.07980891837
5,both,original,-6,45.5010792452668,48.1107616138415,-48.7960135178626,139.798172008396
5,both,original,-5,63.5572109975381,57.1904252656025,-48.5360225230428,175.650444518119
5,both,original,-4,16.1137406228462,43.5902978924376,-69.3232432463315,101.550724492024
5,both,original,-3,13.7317866478812,42.7801222081782,-70.1172528801482,97.5808261759105
5,both,original,-2,-33.861137925871,52.6314362235553,-137.018752924039,69.2964770722973
5,both,original,-1,0,0,0,0
5,both,original,0,98.0731138592379,40.2841720991837,19.1161365448378,177.030091173638
5,both,original,1,57.8140814403675,69.3077174019678,-78.0290446674893,193.657207548224
5,both,rotated,-8,-51.4526142714742,42.4946365259916,-134.742101862418,31.8368733194694
5,both,rotated,-7,11.7081550278949,46.8728181599662,-80.1625685656388,103.578878621429
5,both,rotated,-6,24.2503039978154,48.1107616138415,-70.046788765314,118.547396760945
5,both,rotated,-5,46.5565907995769,57.1904252656025,-65.536642721004,158.649824320158
5,both,rotated,-4,3.3632754743753,43.5902978924376,-82.0737083948024,88.800259343553
5,both,rotated,-3,5.23147654890059,42.7801222081782,-78.6175629791287,89.0805160769299
5,both,rotated,-2,-38.1112929753613,52.6314362235553,-141.26890797353,65.046322022807
5,both,rotated,-1,0,0,0,0
5,both,rotated,0,102.323268908728,40.2841720991837,23.3662915943281,181.280246223128
5,both,rotated,1,66.3143915393481,69.3077174019678,-69.5287345685088,202.157517647205
6,both,original,-8,0.15796453931943,44.1406716895445,-86.3577519721877,86.6736810508266
6,both,original,-7,70.2765582807881,45.486659437698,-18.8772942170999,159.430410778676
6,both,original,-6,92.334577333173,47.4613793787084,-0.6897262490955,185.358880915441
6,both,original,-5,64.6655159664226,53.9316578133381,-41.0405333477202,170.371565280565
6,both,original,-4,47.5759177430275,40.910913810752,-32.6094733260463,127.761308812101
6,both,original,-3,58.8073911072469,44.0607761015059,-27.5517300517046,145.166512266198
6,both,original,-2,20.767443167559,50.7242175937955,-78.6520233162802,120.186909651398
6,both,original,-1,0,0,0,0
6,both,original,0,76.8596031011934,41.6654821905412,-4.80474199226738,158.523948194654
6,both,original,1,52.4390897794724,68.4162385113744,-81.6567377028214,186.534917261766
6,both,rotated,-8,-71.0525369908133,44.1406716895445,-157.568253502321,15.4631795206938
6,both,rotated,-7,9.23898554067431,45.486659437698,-79.9148669572137,98.3928380385623
6,both,rotated,-6,41.4699333830782,47.4613793787084,-51.5543701991903,134.494236965347
6,both,rotated,-5,23.9738008063467,53.9316578133381,-81.7322485077961,129.679850120489
6,both,rotated,-4,17.0571313729706,40.910913810752,-63.1282596961032,97.2425224420445
6,both,rotated,-3,38.461533527209,44.0607761015059,-47.8975876317425,124.820654686161
6,both,rotated,-2,10.5945143775401,50.7242175937955,-88.8249521062992,110.013980861379
6,both,rotated,-1,0,0,0,0
6,both,rotated,0,87.0325318912123,41.6654821905412,5.36818679775159,168.696876984673
6,both,rotated,1,72.7849473595103,68.4162385113744,-61.3108801227835,206.880774841804
7,both,original,-8,-20.9326065994235,41.9786905105925,-103.210840000185,61.3456268013377
7,both,original,-7,48.1005034085392,46.5499810924072,-43.1374595325789,139.338466349657
7,both,original,-6,63.5184903911737,47.8918979810737,-30.3496296517308,157.386610434078
7,both,original,-5,73.3473333523982,56.9601350594759,-38.2945313641745,184.989198068971
7,both,original,-4,21.8658453666257,43.6217180117298,-63.6327219363646,107.364412669616
7,both,original,-3,18.5053699151942,41.9240816349567,-63.6658300893208,100.676569919709
7,both,original,-2,-32.3006134057019,51.553448188318,-133.345371854805,68.7441450434014
7,both,original,-1,0,0,0,0
7,both,original,0,86.2518513898713,40.6192930772625,6.63803695843673,165.865665821306
7,both,original,1,-4.1180375573039,70.2450092596932,-141.798255706302,133.562180591695
7,both,rotated,-8,-62.1008177066883,41.9786905105925,-144.379051107449,20.1774156940729
7,both,rotated,-7,12.8134653165979,46.5499810924072,-78.4244976245201,104.051428257716
7,both,rotated,-6,34.112625314556,47.8918979810737,-59.7554947283485,127.98074535746
7,both,rotated,-5,49.8226412911041,56.9601350594759,-61.8192234254687,161.464506007677
7,both,rotated,-4,4.22232632065512,43.6217180117298,-81.2762409823352,89.7208936236455
7,both,rotated,-3,6.74302388454714,41.9240816349567,-75.4281761199679,88.9142238890622
7,both,rotated,-2,-38.1817864210254,51.553448188318,-139.226544870129,62.8629720280778
7,both,rotated,-1,0,0,0,0
7,both,rotated,0,92.1330244051948,40.6192930772625,12.5192099737603,171.746838836629
7,both,rotated,1,7.64430847334318,70.2450092596932,-130.035909675655,145.324526622342
8,both,original,-8,27.0080914084394,41.9185941420025,-55.1523531098855,109.168535926764
8,both,original,-7,90.7914592721066,46.5957888511409,-0.536286876129609,182.119205420343
8,both,original,-6,99.8300638922365,48.1966970432509,5.36453768746468,194.295590097008
8,both,original,-5,100.937921250105,56.9434369537173,-10.6712151791806,212.547057679391
8,both,original,-4,40.4315558366521,43.3834123005004,-44.5999322723286,125.463043945633
8,both,original,-3,30.1504218997442,42.2571143340366,-52.6735221949675,112.974365994456
8,both,original,-2,-25.9228026811996,51.498346606805,-126.859562030537,75.0139566681382
8,both,original,-1,0,0,0,0
8,both,original,0,76.65273732404,40.8376879869736,-3.38913113042834,156.694605778508
8,both,original,1,-24.7922314170891,70.251086915616,-162.484361771697,112.899898937518
8,both,rotated,-8,-62.6109140206388,41.9185941420025,-144.771358538964,19.5495304976861
8,both,rotated,-7,13.9751689043253,46.5957888511409,-77.3525772439109,105.302915052561
8,both,rotated,-6,35.8164885857521,48.1966970432509,-58.6490376190198,130.282014790524
8,both,rotated,-5,49.7270610049178,56.9434369537173,-61.8820754243682,161.336197434204
8,both,rotated,-4,2.02341065276143,43.3834123005004,-83.0080774562193,87.0548987617421
8,both,rotated,-3,4.54499177715045,42.2571143340366,-78.2789523175613,87.3689358718622
8,both,rotated,-2,-38.7255177424965,51.498346606805,-139.662277091834,62.2112416068413
8,both,rotated,-1,0,0,0,0
8,both,rotated,0,89.4554523853369,40.8376879869736,9.41358393086854,169.497320839805
8,both,rotated,1,0.81319870550465,70.251086915616,-136.878931649103,138.505329060112
9,both,original,-8,-23.8385367893118,41.7464502243066,-105.661579228953,57.9845056503291
9,both,original,-7,37.6939509256901,46.144296118946,-52.748869467444,128.136771318824
9,both,original,-6,45.5550476223087,47.8769821871737,-48.2838374645517,139.393932709169
9,both,original,-5,53.456052574097,56.2355819113019,-56.7656879720547,163.677793120249
9,both,original,-4,21.1290389813469,42.4763130917946,-62.1245346785705,104.382612641264
9,both,original,-3,21.9468717029299,42.3016093984679,-60.9642827180672,104.858026123927
9,both,original,-2,-33.4431778448084,51.3032869041053,-133.997620176855,67.1112644872381
9,both,original,-1,0,0,0,0
9,both,original,0,96.1177965462585,39.8008499857668,18.1081305741556,174.127462518361
9,both,original,1,61.1423723332157,67.086499291511,-70.3471662781459,192.631910944577
9,both,rotated,-8,-52.5750907364109,41.7464502243066,-134.398133176052,29.24795170323
9,both,rotated,-7,13.0626189710338,46.144296118946,-77.3802014221004,103.505439364168
9,both,rotated,-6,25.028937660095,47.8769821871737,-68.8099474267654,118.867822746955
9,both,rotated,-5,37.0351646043261,56.2355819113019,-73.1865759418256,147.256905150478
9,both,rotated,-4,8.81337300401872,42.4763130917946,-74.4402006558987,92.0669466639361
9,both,rotated,-3,13.7364277180445,42.3016093984679,-69.1747267029527,96.6475821390416
9,both,rotated,-2,-37.5483998372511,51.3032869041053,-138.102842169298,63.0060424947953
9,both,rotated,-1,0,0,0,0
9,both,rotated,0,100.223018538701,39.8008499857668,22.2133525665983,178.232684510804
9,both,rotated,1,69.3528163181011,67.086499291511,-62.1367222932605,200.842354929463
10,both,original,-8,-6.0292087754441,43.1640973980974,-90.630839675715,78.5724221248268
10,both,original,-7,73.1463566466323,45.000124957064,-15.0538882692132,161.346601562478
10,both,original,-6,95.4981232957637,47.3523371624683,2.68754245732573,188.308704134202
10,both,original,-5,62.8918535963448,53.386900136771,-41.7464706717263,167.530177864416
10,both,original,-4,53.4766411737866,40.1461345380578,-25.2097825208066,132.16306486838
10,both,original,-3,64.1958675512016,43.575614259993,-21.2123363983845,149.604071500788
10,both,original,-2,23.6356151792868,49.3547976038355,-73.0997881242307,120.371018482804
10,both,original,-1,0,0,0,0
10,both,original,0,81.7511656660107,41.2957312599975,0.811532396415657,162.690798935606
10,both,original,1,67.6020570101641,66.269928519302,-62.2870028876677,197.491116907996
10,both,rotated,-8,-77.9386579313907,43.1640973980974,-162.540288831662,6.66297296888023
10,both,rotated,-7,11.5096859415352,45.000124957064,-76.6905589743103,99.7099308573806
10,both,rotated,-6,44.1342310415161,47.3523371624683,-48.6763497969218,136.944811879954
10,both,rotated,-5,21.8007397929468,53.386900136771,-82.8375844751244,126.439064061018
10,both,rotated,-4,22.6583058212381,40.1461345380578,-56.0281178733552,101.344729515831
10,both,rotated,-3,43.6503106495026,43.575614259993,-41.7578933000836,129.058514599089
10,both,rotated,-2,13.3628367284373,49.3547976038355,-83.3725665750802,110.098240031955
10,both,rotated,-1,0,0,0,0
10,both,rotated,0,92.0239441168602,41.2957312599975,11.0843108472652,172.963577386455
10,both,rotated,1,88.1476139118631,66.269928519302,-41.7414459859687,218.036673809695
11,both,original,-8,-21.3146945632494,42.8977214557589,-105.394228616537,62.764839490038
11,both,original,-7,44.7588407837759,47.4101953169942,-48.1651420375328,137.682823605084
11,both,original,-6,61.7405169567922,48.1347144320033,-32.6035233299342,156.084557243519
11,both,original,-5,82.1408339016562,58.0562506419358,-31.649417356538,195.93108515985
11,both,original,-4,16.6097199393716,44.9198090262198,-71.4331057520193,104.652545630762
11,both,original,-3,12.612240142092,42.3447633973081,-70.3834961166319,95.6079764008158
11,both,original,-2,-31.7115996937193,53.2462530373989,-136.074255647021,72.6510562595825
11,both,original,-1,0,0,0,0
11,both,original,0,89.3069456725452,41.0493188747095,8.85028067811454,169.763610666976
11,both,original,1,-8.81746029516773,72.1851921308902,-150.300436871713,132.665516281377
11,both,rotated,-8,-61.3126017412031,42.8977214557589,-145.392135794491,22.7669323120843
11,both,rotated,-7,10.4749203455298,47.4101953169942,-82.4490624757788,103.398903166838
11,both,rotated,-6,33.1705832582538,48.1347144320033,-61.1734570284726,127.51462354498
11,both,rotated,-5,59.2848869428255,58.0562506419358,-54.5053643153687,173.07513820102
11,both,rotated,-4,-0.532240279751462,44.9198090262198,-88.5750659711423,87.5105854116393
11,both,rotated,-3,1.18426666267662,42.3447633973081,-81.8114695960473,84.1800029214005
11,both,rotated,-2,-37.425586433427,53.2462530373989,-141.788242386729,66.9370695198749
11,both,rotated,-1,0,0,0,0
11,both,rotated,0,95.0209324122529,41.0493188747095,14.5642674178222,175.477597406684
11,both,rotated,1,2.61051318424761,72.1851921308902,-138.872463392297,144.093489760792
12,both,original,-8,21.1351905323903,42.3137672663038,-61.7997933095652,104.070174374346
12,both,original,-7,63.0795593994969,46.8914274778156,-28.8276384570217,154.986757256016
12,both,original,-6,53.0002398376808,47.9350254447248,-40.9524100339798,146.952889709341
12,both,original,-5,64.5912700588897,55.3281121797481,-43.8518298134166,173.034369931196
12,both,original,-4,51.7827562412828,42.1076235647087,-30.7481859455463,134.313698428112
12,both,original,-3,50.3111881523778,42.525544758669,-33.0388795746135,133.661255879369
12,both,original,-2,-14.9188413130115,52.1935343219488,-117.218168584031,87.3804859580083
12,both,original,-1,0,0,0,0
12,both,original,0,88.3551191738158,40.2385713946574,9.4875192402873,167.222719107344
12,both,original,1,60.4064534607114,68.7704183137325,-74.3835664342042,195.196473355627
12,both,rotated,-8,-43.4068981307731,42.3137672663038,-126.341881972729,39.5280857111824
12,both,rotated,-7,7.75776911678539,46.8914274778156,-84.1494287397332,99.664966973304
12,both,rotated,-6,6.8987479354212,47.9350254447248,-87.0539019362394,100.851397807082
12,both,rotated,-5,27.710076537082,55.3281121797481,-80.7330233352243,136.153176409388
12,both,rotated,-4,24.1218610999271,42.1076235647087,-58.409081086902,106.652803286756
12,both,rotated,-3,31.870591391474,42.525544758669,-51.4794763355174,115.220659118465
12,both,rotated,-2,-24.1391396934634,52.1935343219488,-126.438466964483,78.1601875775563
12,both,rotated,-1,0,0,0,0
12,both,rotated,0,97.5754175542677,40.2385713946574,18.7078176207392,176.443017487796
12,both,rotated,1,78.8470502216152,68.7704183137325,-55.9429696733004,213.637070116531
13,both,original,-8,5.24572788652383,44.1675170732061,-81.3226055769601,91.8140613500078
13,both,original,-7,70.4327094369944,45.4390731808408,-18.6278739974536,159.493292871442
13,both,original,-6,92.491114869888,47.4230077891971,-0.457980396938211,185.440210136714
13,both,original,-5,64.9132181998061,53.9512570063598,-40.8312455326592,170.657681932271
13,both,original,-4,47.7109790270264,40.9219412549602,-32.4960258326956,127.917983886748
13,both,original,-3,58.9391435272948,44.0912767134169,-27.4797588310022,145.358045885592
13,both,original,-2,20.9301903365905,50.603738001091,-78.2531361455479,120.113516818729
13,both,original,-1,0,0,0,0
13,both,original,0,75.4304041213209,41.7815368587827,-6.46140812189319,157.322216364535
13,both,original,1,47.2234955523109,68.6906813567335,-87.4102399068867,181.857231011509
13,both,rotated,-8,-67.922582785904,44.1675170732061,-154.490916249388,18.6457506775799
13,both,rotated,-7,7.71701457491343,45.4390731808408,-81.3435688595346,96.7775980093614
13,both,rotated,-6,40.2280358181538,47.4230077891971,-52.7210594486724,133.17713108498
13,both,rotated,-5,23.1027549584187,53.9512570063598,-82.6417087740466,128.847218690884
13,both,rotated,-4,16.3531315959859,40.9219412549602,-63.8538732637361,96.5601364557079
13,both,rotated,-3,38.0339119066011,44.0912767134169,-48.3849904516959,124.452814264898
13,both,rotated,-2,10.4775745262437,50.603738001091,-88.7057519558947,109.660901008382
13,both,rotated,-1,0,0,0,0
13,both,rotated,0,85.8830199316678,41.7815368587827,3.99120768845364,167.774832174882
13,both,rotated,1,68.1287271730046,68.6906813567335,-66.5050082861931,202.762462632202
14,both,original,-8,-22.4314407411842,42.5409678663768,-105.811737759283,60.9488562769143
14,both,original,-7,35.9529072783606,46.8733801805591,-55.9189178755352,127.824732432256
14,both,original,-6,45.3399858335539,48.145220518658,-49.0246463830157,139.704618050123
14,both,original,-5,62.8119179097839,57.3324427052388,-49.5596697924842,175.183505612052
14,both,original,-4,13.9562717651104,43.577033010356,-71.4547129351874,99.3672564654082
14,both,original,-3,12.8239124443118,42.852477497025,-71.1669434498572,96.8147683384808
14,both,original,-2,-35.1199930435622,52.7991391240095,-138.606305726621,68.3663196394965
14,both,original,-1,0,0,0,0
14,both,original,0,97.366731449556,40.3672822795779,18.2468581815834,176.486604717529
14,both,original,1,54.5555831647519,69.3790127970494,-81.4272819174649,190.538448246969
14,both,rotated,-8,-50.8835210626428,42.5409678663768,-134.263818080741,32.4967759554558
14,both,rotated,-7,11.5654098599675,46.8733801805591,-80.3064152939282,103.437235013863
14,both,rotated,-6,25.0170713182263,48.145220518658,-69.3475608983433,119.381703534796
14,both,rotated,-5,46.5535862975219,57.3324427052388,-65.8180014047462,158.92517399979
14,both,rotated,-4,1.76252305591387,43.577033010356,-83.648461644384,87.1735077562117
14,both,rotated,-3,4.69474663818075,42.852477497025,-79.2961092559883,88.6856025323498
14,both,rotated,-2,-39.1845759466277,52.7991391240095,-142.670888629686,64.301736736431
14,both,rotated,-1,0,0,0,0
14,both,rotated,0,101.431314352621,40.3672822795779,22.3114410846489,180.551187620594
14,both,rotated,1,62.684748970883,69.3790127970494,-73.2981161113338,198.6676140531
15,both,original,-8,0.157964528505101,44.140769815978,-86.3579443108118,86.673873367822
15,both,original,-7,70.2765582706715,45.4867506219241,-18.8774729482998,159.430589489643
15,both,original,-6,92.3345773225821,47.4614762012039,-0.689916031777429,185.359070676942
15,both,original,-5,64.6655159561523,53.9317385566539,-41.0406916148894,170.371723527194
15,both,original,-4,47.5759177328552,40.910978237523,-32.6095996126898,127.7614350784
15,both,original,-3,58.8073910965515,44.060856036217,-27.5518867344339,145.166668927537
15,both,original,-2,20.7674431574969,50.7243106113714,-78.6522056407911,120.187091955785
15,both,original,-1,0,0,0,0
15,both,original,0,76.8596030947795,41.6655616891814,-4.80489781601608,158.524104005575
15,both,original,1,52.4390897793673,68.4163605373349,-81.6569768738091,186.535156432544
15,both,rotated,-8,-71.0525369870074,44.140769815978,-157.568445826324,15.4633718523095
15,both,rotated,-7,9.23898554308932,45.4867506219241,-79.9150456758819,98.3930167620605
15,both,rotated,-6,41.4699333829304,47.4614762012039,-51.5545599714292,134.49442673729
15,both,rotated,-5,23.9738008044308,53.9317385566539,-81.7324067666108,129.680008375472
15,both,rotated,-4,17.0571313690641,40.910978237523,-63.1283859764809,97.2426487146092
15,both,rotated,-3,38.4615335206908,44.060856036217,-47.8977443102946,124.820811351676
15,both,rotated,-2,10.5945143695665,50.7243106113714,-88.8251344287215,110.014163167855
15,both,rotated,-1,0,0,0,0
15,both,rotated,0,87.0325318827099,41.6655616891814,5.36803097191428,168.697032793505
15,both,rotated,1,72.7849473552281,68.4163605373349,-61.3111192979484,206.881014008404
16,both,original,-8,0.15796454521135,44.143957036424,-86.3641912461797,86.6801203366024
16,both,original,-7,70.276558286666,45.4900493957636,-18.8839385290307,159.437055102363
16,both,original,-6,92.3345773391487,47.464924793829,-0.696675256756166,185.365829935054
16,both,original,-5,64.6655159722115,53.9356654630901,-41.0483883354451,170.379420279868
16,both,original,-4,47.5759177470423,40.9139642314032,-32.6154521465079,127.767287640592
16,both,original,-3,58.8073911082421,44.0640625511438,-27.5581714919998,145.172953708484
16,both,original,-2,20.7674431679826,50.7279840633434,-78.6594055961704,120.194291932136
16,both,original,-1,0,0,0,0
16,both,original,0,76.8596031101568,41.6685770604009,-4.810807928229,158.530014148543
16,both,original,1,52.4390898030918,68.4213243112594,-81.6667058469767,186.54488545316
16,both,rotated,-8,-71.0525369921216,44.143957036424,-157.574692783513,15.4696187992694
16,both,rotated,-7,9.23898554038061,45.4900493957636,-79.9215112753161,98.3994823560773
16,both,rotated,-6,41.4699333839109,47.464924793829,-51.561319211994,134.501185979816
16,both,rotated,-5,23.9738008080212,53.9356654630901,-81.7401034996353,129.687705115678
16,both,rotated,-4,17.0571313738996,40.9139642314032,-63.1342385196506,97.2485012674498
16,both,rotated,-3,38.461533526147,44.0640625511438,-47.9040290740949,124.827096126389
16,both,rotated,-2,10.594514376935,50.7279840633434,-88.832334387218,110.021363141088
16,both,rotated,-1,0,0,0,0
16,both,rotated,0,87.0325319012044,41.6685770604009,5.36212086281856,168.70294293959
16,both,rotated,1,72.7849473851869,68.4213243112594,-61.3208482648816,206.890743035255
17,both,original,-8,-23.4200130164522,41.9617931831093,-105.665127655346,58.8251016224421
17,both,original,-7,47.4659068775591,46.5211677091352,-43.7155818323459,138.647395587464
17,both,original,-6,63.214002762126,47.8939324701908,-30.6581048794479,157.0861104037
17,both,original,-5,71.2474719577349,56.8964287942532,-40.2695284790014,182.764472394471
17,both,original,-4,18.5438360462903,43.4082052786644,-66.536246299892,103.623918392473
17,both,original,-3,16.215389056156,41.9258397948943,-65.9592569418368,98.3900350541489
17,both,original,-2,-32.6481981207869,51.5128739932209,-133.6134311475,68.3170349059261
17,both,original,-1,0,0,0,0
17,both,original,0,84.4142526134942,40.7421928606329,4.55955460665369,164.268950620335
17,both,original,1,-7.74368991510486,70.2038120414636,-145.343161516373,129.855781686164
17,both,rotated,-8,-62.2864800125599,41.9617931831093,-144.531594651454,19.9586346263344
17,both,rotated,-7,14.1517923094667,46.5211677091352,-77.0296964004382,105.333281019372
17,both,rotated,-6,35.4522406220491,47.8939324701908,-58.4198670195249,129.324348263623
17,both,rotated,-5,49.0380622456733,56.8964287942532,-62.478938191063,160.55506268241
17,both,rotated,-4,1.88677876224412,43.4082052786644,-83.1933035839381,86.9668611084264
17,both,rotated,-3,5.11068420012523,41.9258397948943,-77.0639617978676,87.2853301981181
17,both,rotated,-2,-38.2005505488023,51.5128739932209,-139.165783575515,62.7646824779107
17,both,rotated,-1,0,0,0,0
17,both,rotated,0,89.9666050415096,40.7421928606329,10.1119070346691,169.82130304835
17,both,rotated,1,3.36101494092592,70.2038120414636,-134.238456660343,140.960486542195
18,both,original,-8,15.8293497951987,41.7687912193414,-66.0374809947104,97.6961805851078
18,both,original,-7,59.9187242890837,46.1411502812683,-30.5179302622023,150.35537884037
18,both,original,-6,53.795970989455,47.811903188347,-39.9153592597052,147.507301238615
18,both,original,-5,57.0166709900058,55.3352348201707,-51.4403892575289,165.47373123754
18,both,original,-4,53.4784391699184,41.6408875973233,-28.1377005208354,135.094578860672
18,both,original,-3,50.3207291236217,42.2457858212692,-32.4810110860658,133.122469333309
18,both,original,-2,-21.0578349096924,51.0247190877411,-121.066284321665,78.9506145022801
18,both,original,-1,0,0,0,0
18,both,original,0,84.4875862690724,39.6615557321125,6.75093703413189,162.224235504013
18,both,original,1,60.51761624015,66.544368740025,-69.9093464902991,190.944578970599
18,both,rotated,-8,-44.5398139075762,41.7687912193414,-126.406644697485,37.3270168823329
18,both,rotated,-7,8.17372682956239,46.1411502812683,-82.2629277217236,98.6103813808483
18,both,rotated,-6,10.6751397731872,47.811903188347,-83.036190475973,104.386470022347
18,both,rotated,-5,22.5200060169916,55.3352348201707,-85.9370542305431,130.977066264526
18,both,rotated,-4,27.6059404401578,41.6408875973233,-54.010199250596,109.222080130912
18,both,rotated,-3,33.0723966371146,42.2457858212692,-49.7293435725729,115.874136846802
18,both,rotated,-2,-29.682001152946,51.0247190877411,-129.690450564919,70.3264482590266
18,both,rotated,-1,0,0,0,0
18,both,rotated,0,93.1117525123259,39.6615557321125,15.3751032773854,170.848401747266
18,both,rotated,1,77.7659487266571,66.544368740025,-52.661014003792,208.192911457106
19,both,original,-8,-6.03543050567366,43.165002986598,-90.6388363594057,78.5679753480584
19,both,original,-7,73.1350824597857,45.0012020449934,-15.0672735484012,161.337438467973
19,both,original,-6,95.4867871246396,47.3533928942871,2.67413705183684,188.299437197442
19,both,original,-5,62.8804079985749,53.3879151733908,-41.7599057412709,167.520721738421
19,both,original,-4,53.4653301237552,40.1465142609306,-25.2218378276687,132.152498075179
19,both,original,-3,64.1845654782747,43.5767175560701,-21.2258009316226,149.594931888172
19,both,original,-2,23.6243534265584,49.355903358137,-73.1132171553901,120.361924008507
19,both,original,-1,0,0,0,0
19,both,original,0,81.7373977765047,41.2964590675659,0.796338004075537,162.678457548934
19,both,original,1,67.5826072783846,66.2713700046944,-62.3092779308165,197.474492487586
19,both,rotated,-8,-77.9308066852172,43.165002986598,-162.534212538949,6.67259916851491
19,both,rotated,-7,11.5104743058913,45.0012020449934,-76.6918817022957,99.7128303140783
19,both,rotated,-6,44.1329469963942,47.3533928942871,-48.6797030764085,136.945597069197
19,both,rotated,-5,21.7973358959786,53.3879151733908,-82.8429778438672,126.437649635825
19,both,rotated,-4,22.653026046808,40.1465142609306,-56.0341419046159,101.340193998232
19,both,rotated,-3,43.6430294269766,43.5767175560701,-41.7673369829208,129.053395836874
19,both,rotated,-2,13.3535854009093,49.355903358137,-83.3839851810392,110.091155982858
19,both,rotated,-1,0,0,0,0
19,both,rotated,0,92.0081658021538,41.2964590675659,11.0671060297246,172.949225574583
19,both,rotated,1,88.1241433296828,66.2713700046944,-41.7677418795183,218.016028538884
20,both,original,-8,-27.5677238659199,41.7108173806359,-109.320925931966,54.1854782001264
20,both,original,-7,36.8228932022089,46.2067017277014,-53.7422421840858,127.388028588504
20,both,original,-6,45.8796726890744,47.9567189203012,-48.115496394716,139.874841772865
20,both,original,-5,51.3933077824276,56.2773856495401,-58.9103680906711,161.696983655526
20,both,original,-4,16.9506576907821,42.3432741600738,-66.0421596629626,99.9434750445267
20,both,original,-3,18.2492552279524,42.3389282194554,-64.7350440821801,101.233554538085
20,both,original,-2,-34.7691650142718,51.2910492607212,-135.299621565285,65.7612915367417
20,both,original,-1,0,0,0,0
20,both,original,0,93.6299651595431,40.0133537174214,15.203791873397,172.056138445689
20,both,original,1,55.7992189561507,67.3159780224825,-76.140097967915,187.738535880216
20,both,rotated,-8,-53.3435341279637,41.7108173806359,-135.09673619401,28.4096679380827
20,both,rotated,-7,14.7293415490285,46.2067017277014,-75.8357938372662,105.294476935323
20,both,rotated,-6,27.4683796447574,47.9567189203012,-66.526789439033,121.463548728548
20,both,rotated,-5,36.664273346974,56.2773856495401,-73.6394025261247,146.967949220073
20,both,rotated,-4,5.90388186419188,42.3432741600738,-77.0889354895528,88.8966992179365
20,both,rotated,-3,10.8847380102256,42.3389282194554,-72.0995612999069,93.8690373203582
20,both,rotated,-2,-38.4514236231352,51.2910492607212,-138.981880174149,62.0790329278783
20,both,rotated,-1,0,0,0,0
20,both,rotated,0,97.3122237684064,40.0133537174214,18.8860504822604,175.738397054552
20,both,rotated,1,63.1637361738775,67.3159780224825,-68.7755807501882,195.103053097943
21,both,original,-8,-6.02923095382158,43.164237420106,-90.6311362972294,78.5726743895862
21,both,original,-7,73.1463397283003,45.0003121564497,-15.0542720983412,161.346951554942
21,both,original,-6,95.4981228130657,47.3523108289084,2.68759358840521,188.308652037726
21,both,original,-5,62.8918627198671,53.387276834443,-41.7471998756413,167.530925315375
21,both,original,-4,53.476622529039,40.1459824738834,-25.2095031197726,132.16274817785
21,both,original,-3,64.1958705279388,43.5758557045314,-21.2128066529427,149.60454770882
21,both,original,-2,23.6356086662183,49.3550230146535,-73.1002364425026,120.371453774939
21,both,original,-1,0,0,0,0
21,both,original,0,81.7510771346375,41.2959389069953,0.811036876926806,162.691117392348
21,both,original,1,67.601934417217,66.2701311489404,-62.2875226347062,197.49139146914
21,both,rotated,-8,-77.9386661511746,43.164237420106,-162.540571494582,6.66323919223319
21,both,rotated,-7,11.509680987712,45.0003121564497,-76.6909308389295,99.7102928143535
21,both,rotated,-6,44.1342405292421,47.3523108289084,-48.6762886954184,136.944769753903
21,both,rotated,-5,21.8007568928082,53.387276834443,-82.8383057027002,126.439819488317
21,both,rotated,-4,22.6582931587448,40.1459824738834,-56.0278324900667,101.344418807556
21,both,rotated,-3,43.6503176144093,43.5758557045314,-41.7583595664722,129.058994795291
21,both,rotated,-2,13.3628322094536,49.3550230146535,-83.3730128992673,110.098677318175
21,both,rotated,-1,0,0,0,0
21,both,rotated,0,92.0238535914023,41.2959389069953,11.0838133336915,172.963893849113
21,both,rotated,1,88.1474873307464,66.2701311489404,-41.7419697211768,218.03694438267
22,both,original,-8,-6.02922577298908,43.1672561548949,-90.6370478365831,78.5785962906049
22,both,original,-7,73.1463471112494,45.0035208434639,-15.0605537419399,161.353247964439
22,both,original,-6,95.4981507188964,47.355652253287,2.6810723024538,188.315229135339
22,both,original,-5,62.8918996383163,53.3914867957142,-41.7554144812834,167.539213757916
22,both,original,-4,53.4766538541111,40.1486841576497,-25.2147670948823,132.168074803104
22,both,original,-3,64.1958479702698,43.5788087264452,-21.2186171335628,149.610313074102
22,both,original,-2,23.6356157629566,49.3583087981924,-73.1066694815005,120.377901007414
22,both,original,-1,0,0,0,0
22,both,original,0,81.7510495354651,41.2989628377788,0.805082373418614,162.697016697512
22,both,original,1,67.6019497660972,66.2749673882947,-62.2969863149605,197.500885847155
22,both,rotated,-8,-77.9386821564965,43.1672561548949,-162.546504220091,6.66913990709746
22,both,rotated,-7,11.5096702111002,45.0035208434639,-76.6972306420891,99.7165710642895
22,both,rotated,-6,44.1342533021053,47.355652253287,-48.6828251143373,136.951331718548
22,both,rotated,-5,21.8007817048835,53.3914867957142,-82.8465324147163,126.448095824483
22,both,rotated,-4,22.6583154040364,40.1486841576497,-56.033105544957,101.34973635303
22,both,rotated,-3,43.6502890035534,43.5788087264452,-41.7641761002792,129.064754107386
22,both,rotated,-2,13.3628362795983,49.3583087981924,-83.3794489648587,110.105121524055
22,both,rotated,-1,0,0,0,0
22,both,rotated,0,92.0238290188234,41.2989628377788,11.0778618567768,172.96979618087
22,both,rotated,1,88.1475087328136,66.2749673882947,-41.7514273482441,218.046444813871
23,both,original,-8,17.4159097694377,42.3313051233181,-65.5534482722657,100.385267811141
23,both,original,-7,59.2330059874154,46.8627527724724,-32.6179894466305,151.084001421461
23,both,original,-6,50.0171526266454,47.9534669979923,-43.9716426894196,144.00594794271
23,both,original,-5,60.1041437695991,55.2967110248467,-48.2774098391004,168.485697378299
23,both,original,-4,46.1589473779158,41.9844685334704,-36.1306109476862,128.448505703518
23,both,original,-3,46.7192750087593,42.5954199493906,-36.7677480920462,130.206298109565
23,both,original,-2,-18.3209241016557,52.2943287991319,-120.817808547954,84.1759603446428
23,both,original,-1,0,0,0,0
23,both,original,0,83.7970757996274,40.3292434009992,4.75175873366904,162.842392865586
23,both,original,1,48.2712105742371,68.6147713864555,-86.2137413432157,182.75616249169
23,both,rotated,-8,-41.6544007591518,42.3313051233181,-124.623758800855,41.3149572825517
23,both,rotated,-7,8.60131124862438,46.8627527724724,-83.2496841854215,100.45230668267
23,both,rotated,-6,7.82407367765286,47.9534669979923,-86.1647216384121,101.812868993718
23,both,rotated,-5,26.3496806104051,55.2967110248467,-82.0318729982944,134.731234219105
23,both,rotated,-4,20.8431000085203,41.9844685334704,-61.4464583170817,103.132658334122
23,both,rotated,-3,29.8420434291623,42.5954199493906,-53.6449796716433,113.329066529968
23,both,rotated,-2,-26.7595398914542,52.2943287991319,-129.256424337753,75.7373445548443
23,both,rotated,-1,0,0,0,0
23,both,rotated,0,92.2356915894259,40.3292434009992,13.1903745234675,171.281008655384
23,both,rotated,1,65.1484421538341,68.6147713864555,-69.3365097636187,199.633394071287
24,both,original,-8,4.97771911370442,44.1668187782705,-81.5892456917057,91.5446839191146
24,both,original,-7,70.1474810303479,45.4402145539473,-18.9153394953888,159.210301556085
24,both,original,-6,92.2058473346694,47.4240896410422,-0.745368361773217,185.157063031112
24,both,original,-5,64.6288063906583,53.9498078868252,-41.112817067519,170.370429848836
24,both,original,-4,47.4253681033122,40.9212124273634,-32.78020825432,127.630944460944
24,both,original,-3,58.6544358981688,44.0925143970588,-27.7668923200664,145.075764116404
24,both,original,-2,20.6462687562316,50.6041545739794,-78.537874208768,119.830411721231
24,both,original,-1,0,0,0,0
24,both,original,0,74.9566869683666,41.7748402451474,-6.92199991212232,156.835373848856
24,both,original,1,46.6943965690903,68.680890705822,-87.9201492143208,181.308942352501
24,both,rotated,-8,-67.7975122401208,44.1668187782705,-154.364477045531,18.7694525652894
24,both,rotated,-7,7.76871129849771,45.4402145539473,-81.294109227239,96.8315318242344
24,both,rotated,-6,40.2235392247943,47.4240896410422,-52.7276764716484,133.174754921237
24,both,rotated,-5,23.0429599027582,53.9498078868252,-82.6986635554191,128.784583360935
24,both,rotated,-4,16.2359832373871,40.9212124273634,-63.9695931202451,96.4415595950193
24,both,rotated,-3,37.8615126542188,44.0925143970588,-48.5598155640165,124.282840872454
24,both,rotated,-2,10.2498071342566,50.6041545739794,-88.9343358307431,109.433950099256
24,both,rotated,-1,0,0,0,0
24,both,rotated,0,85.3531485903416,41.7748402451474,3.47446170985272,167.231835470831
24,both,rotated,1,67.4873198130404,68.680890705822,-67.1272259703708,202.101865596451
25,both,original,-8,4.93303679034847,44.1675642232433,-81.6353890872084,91.5014626679054
25,both,original,-7,70.1410639989219,45.445128722226,-18.9313882966411,159.213516294485
25,both,original,-6,92.2016343083718,47.4283427498478,-0.75791748132994,185.161186098074
25,both,original,-5,64.6312187189775,53.9463497763335,-41.1036268426362,170.366064280591
25,both,original,-4,47.4196568283871,40.9214978627301,-32.7864789825638,127.625792639338
25,both,original,-3,58.6481648064958,44.0949722554745,-27.7779808142343,145.074310427226
25,both,original,-2,20.6426849564566,50.6119081519217,-78.5566550213099,119.842024934223
25,both,original,-1,0,0,0,0
25,both,original,0,74.9192214253645,41.7702454544752,-6.95045966540691,156.788902516136
25,both,original,1,46.7145612758439,68.6667413402223,-87.8722517509917,181.30137430268
25,both,rotated,-8,-67.822396859569,44.1675642232433,-154.390822737126,18.7460290179879
25,both,rotated,-7,7.77926372756409,45.445128722226,-81.293188567999,96.8517160231271
25,both,rotated,-6,40.2334674155736,47.4283427498478,-52.7260843741281,133.193019205275
25,both,rotated,-5,23.0566852047389,53.9463497763335,-82.6781603568747,128.791530766353
25,both,rotated,-4,16.2387566927082,40.9214978627301,-63.9673791182427,96.4448925036591
25,both,rotated,-3,37.8608980493765,44.0949722554745,-48.5652475713535,124.287043670107
25,both,rotated,-2,10.249051577897,50.6119081519217,-88.9502883998695,109.448391555663
25,both,rotated,-1,0,0,0,0
25,both,rotated,0,85.3128548039242,41.7702454544752,3.44317371315273,167.182535894696
25,both,rotated,1,67.5018280329632,68.6667413402223,-67.0849849938725,202.088641059799
26,both,original,-8,0.157964232262359,44.1440764449893,-86.3644255999166,86.6803540644414
26,both,original,-7,70.2765579271687,45.4901662571982,-18.8841679369399,159.437283791277
26,both,original,-6,92.3345770005486,47.4650120293409,-0.696846576959601,185.366000578057
26,both,original,-5,64.6655156412264,53.9357961937716,-41.0486448985659,170.379676181019
26,both,original,-4,47.5759174043663,40.9140208414234,-32.6155634448236,127.767398253556
26,both,original,-3,58.8073908028136,44.064095565591,-27.5582365057447,145.173018111372
26,both,original,-2,20.7674428590675,50.7281120540922,-78.6596567669532,120.194542485088
26,both,original,-1,0,0,0,0
26,both,original,0,76.8596028443752,41.6687505686154,-4.81114827011101,158.530353958861
26,both,original,1,52.4390895476396,68.4216091329188,-81.6672643528812,186.54544344816
26,both,rotated,-8,-71.0525368394522,44.1440764449893,-157.574926671631,15.4698529927269
26,both,rotated,-7,9.23898557998479,45.4901662571982,-79.9217402841237,98.3997114440933
26,both,rotated,-6,41.4699333778953,47.4650120293409,-51.5614901996128,134.501356955404
26,both,rotated,-5,23.9738007431038,53.9357961937716,-81.7403597966885,129.687961282896
26,both,rotated,-4,17.0571312307743,40.9140208414234,-63.1343496184155,97.2486120799642
26,both,rotated,-3,38.4615333537523,44.064095565591,-47.904093954806,124.827160662311
26,both,rotated,-2,10.5945141345368,50.7281120540922,-88.8325854914838,110.021613760557
26,both,rotated,-1,0,0,0,0
26,both,rotated,0,87.0325315689058,41.6687505686154,5.36178045441965,168.703282683392
26,both,rotated,1,72.7849469967009,68.4216091329188,-61.32140690382,206.891300897222
27,both,original,-8,5.02924348271467,42.2193725720439,-77.7207267584914,87.7792137239208
27,both,original,-7,49.1383649712254,46.3307730759475,-41.6699502576316,139.946680200082
27,both,original,-6,50.8409321643304,47.959352620318,-43.1593989714929,144.841263300154
27,both,original,-5,51.2230293100751,56.4773871914112,-59.4726495850909,161.918708205241
27,both,original,-4,42.0586182720843,42.7648492848388,-41.7604863261998,125.877722870368
27,both,original,-3,41.8454711055184,42.514032197404,-41.4820320013935,125.17297421243
27,both,original,-2,-26.7420263955805,51.4937354020432,-127.669747783585,74.1856949924241
27,both,original,-1,0,0,0,0
27,both,original,0,80.5915038852009,39.8997521597706,2.38798965205059,158.795018118351
27,both,original,1,54.6862449275742,67.1481895239907,-76.9242065394476,186.296696394596
27,both,rotated,-8,-43.5835786622862,42.2193725720439,-126.333548903492,39.16639157892
27,both,rotated,-7,7.47023170408182,46.3307730759475,-83.3380835247752,98.2785469329388
27,both,rotated,-6,16.1174877750441,47.959352620318,-77.8828433607792,110.117818910867
27,both,rotated,-5,23.4442737986461,56.4773871914112,-87.25140509652,134.139952693812
27,both,rotated,-4,21.2245516385125,42.7648492848388,-62.5945529597716,105.043656236797
27,both,rotated,-3,27.9560933498039,42.514032197404,-55.371409757108,111.283596456716
27,both,rotated,-2,-33.6867152734378,51.4937354020432,-134.614436661442,67.2410061145669
27,both,rotated,-1,0,0,0,0
27,both,rotated,0,87.5361927630582,39.8997521597706,9.33267852990785,165.739706996209
27,both,rotated,1,68.5756226832888,67.1481895239907,-63.0348287837331,200.186074150311
28,both,original,-8,-6.03546486905922,43.1651550802496,-90.6391688263485,78.5682390882301
28,both,original,-7,73.1350478282172,45.0013676174516,-15.067632701988,161.337728358422
28,both,original,-6,95.4867784853407,47.3533409371313,2.67423024856332,188.299326722118
28,both,original,-5,62.880413577568,53.3882738082395,-41.7606030865813,167.521430241717
28,both,original,-4,53.4653050243648,40.1463395971269,-25.2215205860039,132.152130634733
28,both,original,-3,64.1845563244306,43.5768700758134,-21.2261090241637,149.595221673025
28,both,original,-2,23.6243236831071,49.3560609528424,-73.1135557844639,120.362203150678
28,both,original,-1,0,0,0,0
28,both,original,0,81.7373026828538,41.2966532842615,0.795862245701358,162.678743120006
28,both,original,1,67.5824776649976,66.2716355726363,-62.3099280573695,197.474883387365
28,both,rotated,-8,-77.9308114204556,43.1651550802496,-162.534515377745,6.67289253683371
28,both,rotated,-7,11.5104650698774,45.0013676174516,-76.6922154603277,99.7131456000826
28,both,rotated,-6,44.1329595200576,47.3533409371313,-48.6795887167198,136.945507756835
28,both,rotated,-5,21.7973584053416,53.3882738082395,-82.8436582588078,126.438375069491
28,both,rotated,-4,22.6530136451949,40.1463395971269,-56.0338119651737,101.339839255564
28,both,rotated,-3,43.6430287383173,43.5768700758134,-41.7676366102769,129.053694086912
28,both,rotated,-2,13.3535598900505,49.3560609528424,-83.3843195775205,110.091439357622
28,both,rotated,-1,0,0,0,0
28,both,rotated,0,92.0080664759104,41.2966532842615,11.066626038758,172.949506913063
28,both,rotated,1,88.1240052511109,66.2716355726363,-41.7684004712563,218.016410973478
29,both,original,-8,-6.03390867761838,43.168122625731,-90.6434290240511,78.5756116688144
29,both,original,-7,73.1378410725949,45.0045412556438,-15.0710597884671,161.346741933657
29,both,original,-6,95.4895940664982,47.3566919136385,2.6704779157667,188.30871021723
29,both,original,-5,62.8832560790501,53.392447351011,-41.7659407289316,167.532452887032
29,both,original,-4,53.4681062342249,40.1492217035031,-25.2243683046413,132.160580773091
29,both,original,-3,64.1873012342401,43.5798375894845,-21.2291804411495,149.60378290963
29,both,original,-2,23.6271110695108,49.3593607894921,-73.1172360778938,120.371458216915
29,both,original,-1,0,0,0,0
29,both,original,0,81.7406893890684,41.2997251457914,0.793228103317162,162.68815067482
29,both,original,1,67.5873039366815,66.2763998236169,-62.3144397176076,197.489047590971
29,both,rotated,-8,-77.9327443066983,43.168122625731,-162.542264653131,6.67677603973449
29,both,rotated,-7,11.5102676762407,45.0045412556438,-76.6986331848212,99.7191685373026
29,both,rotated,-6,44.1332829028697,47.3566919136385,-48.6858332478618,136.952399053601
29,both,rotated,-5,21.7982071481473,53.392447351011,-82.8509896598344,126.447403956129
29,both,rotated,-4,22.6543195360478,40.1492217035031,-56.0381550028184,101.346794074914
29,both,rotated,-3,43.6447767687887,43.5798375894845,-41.7717049066009,129.061258444178
29,both,rotated,-2,13.3558488367851,49.3593607894921,-83.3884983106195,110.10019598419
29,both,rotated,-1,0,0,0,0
29,both,rotated,0,92.0119516217941,41.2997251457914,11.0644903360429,172.959412907545
29,both,rotated,1,88.1298284021329,66.2763998236169,-41.7719152521562,218.031572056422
30,both,original,-8,-6.029253084751,43.1673059085983,-90.6371726656036,78.5786664961016
30,both,original,-7,73.1463342700049,45.003573033328,-15.0606688753181,161.353337415328
30,both,original,-6,95.4981489492665,47.3557302556032,2.68091764828422,188.315380250249
30,both,original,-5,62.8919009151984,53.3917131638877,-41.7558568860215,167.539658716418
30,both,original,-4,53.4766121785266,40.1484946449318,-25.2144373255398,132.167661682593
30,both,original,-3,64.195856401346,43.5788596407299,-21.2187084944846,149.610421297177
30,both,original,-2,23.6356061507621,49.3584119931803,-73.1068813558713,120.378093657396
30,both,original,-1,0,0,0,0
30,both,original,0,81.7509836233605,41.2990222998033,0.804899915745949,162.697067330975
30,both,original,1,67.6018669732126,66.2751636825924,-62.2974538446686,197.501187791094
30,both,rotated,-8,-77.9386899808976,43.1673059085983,-162.54660956175,6.66922959995497
30,both,rotated,-7,11.5096740733078,45.003573033328,-76.6973290720152,99.7166772186308
30,both,rotated,-6,44.1342654520189,47.3557302556032,-48.6829658489634,136.951496753001
30,both,rotated,-5,21.8007941174003,53.3917131638877,-82.8469636838196,126.44855191862
30,both,rotated,-4,22.658282080178,40.1484946449318,-56.0327674238884,101.349331584244
30,both,rotated,-3,43.650303002447,43.5788596407299,-41.7642618933836,129.064867898278
30,both,rotated,-2,13.3628294513126,49.3584119931803,-83.3796580553208,110.105316957946
30,both,rotated,-1,0,0,0,0
30,both,rotated,0,92.02376032281,41.2990222998033,11.0776766151955,172.969844030425
30,both,rotated,1,88.1474203721116,66.2751636825924,-41.7519004457695,218.046741189993
31,both,original,-8,5.30813605252758,44.1668991324107,-81.2589862469973,91.8752583520525
31,both,original,-7,70.4521109841042,45.4423256716942,-18.6148473324165,159.519069300625
31,both,original,-6,92.5107249796129,47.4267652269152,-0.445734865140878,185.467184824367
31,both,original,-5,64.934169420047,53.9467763001578,-40.8015121282623,170.669850968356
31,both,original,-4,47.7303111177104,40.921791389708,-32.4764000061173,127.937022241538
31,both,original,-3,58.958208527674,44.094636293544,-27.4672786076723,145.38369566302
31,both,original,-2,20.9498556442272,50.6075189227782,-78.2408814444181,120.140592732872
31,both,original,-1,0,0,0,0
31,both,original,0,75.5738161995059,41.7766915172341,-6.30849917427298,157.456131573285
31,both,original,1,46.8872352972846,68.6744828263423,-87.7147510423463,181.489221636916
31,both,rotated,-8,-67.9027202926363,44.1668991324107,-154.469842592161,18.6644020068886
31,both,rotated,-7,7.69994840253516,45.4423256716942,-81.3670099139855,96.7669067190558
31,both,rotated,-6,40.2172561616387,47.4267652269152,-52.7392036831151,133.173716006392
31,both,rotated,-5,23.0993943656677,53.9467763001578,-82.6362871826416,128.835075913977
31,both,rotated,-4,16.3542298269258,40.921791389708,-63.8524812969018,96.5609409507535
31,both,rotated,-3,38.0408210004843,44.094636293544,-48.384666134862,124.466308135831
31,both,rotated,-2,10.4911618806323,50.6075189227782,-88.699575208013,109.681898969278
31,both,rotated,-1,0,0,0,0
31,both,rotated,0,86.0325099631008,41.7766915172341,4.15019458932186,167.91482533688
31,both,rotated,1,67.8046228244743,68.6744828263423,-66.7973635151566,202.406609164105
32,both,original,-8,-6.033884009914,43.1682209249171,-90.6435970227515,78.5758290029235
32,both,original,-7,73.1378764924154,45.0045860980771,-15.0711122598157,161.346865244646
32,both,original,-6,95.48965145814,47.356811813364,2.67030030394659,188.309002612333
32,both,original,-5,62.8833274181811,53.3929024824503,-41.7667614474214,167.533416283784
32,both,original,-4,53.4681156298513,40.1488948967812,-25.2237183678399,132.159949627543
32,both,original,-3,64.1873616411059,43.5798475308304,-21.2291395193216,149.603862801533
32,both,original,-2,23.627143250078,49.3595136685986,-73.1175035403751,120.371790040531
32,both,original,-1,0,0,0,0
32,both,original,0,81.7406576406715,41.299652685903,0.793338376301591,162.687976905041
32,both,original,1,67.587214033156,66.2767294715104,-62.3151757310043,197.489603797316
32,both,rotated,-8,-77.9327765734321,43.1682209249171,-162.54248958627,6.67693643940537
32,both,rotated,-7,11.5102542951141,45.0045860980771,-76.6987344571169,99.7192430473451
32,both,rotated,-6,44.1332996270556,47.356811813364,-48.6860515271378,136.952650781249
32,both,rotated,-5,21.7982459533136,53.3929024824503,-82.8518429122889,126.448334818916
32,both,rotated,-4,22.6543045312007,40.1488948967812,-56.0375294664905,101.346138528892
32,both,rotated,-3,43.6448209086721,43.5798475308304,-41.7716802517554,129.0613220691
32,both,rotated,-2,13.3558728838611,49.3595136685986,-83.388773906592,110.100519674314
32,both,rotated,-1,0,0,0,0
32,both,rotated,0,92.0119280068883,41.299652685903,11.0646087425185,172.959247271258
32,both,rotated,1,88.1297547655898,66.2767294715104,-41.7726349985706,218.03214452975
1,notyet,original,-8,-53.1853997831419,46.1311203481586,-143.602395665533,37.2315960992491
1,notyet,original,-7,1.04539507147286,50.5878399107429,-98.1067711535832,100.197561296529
1,notyet,original,-6,73.5701542490573,50.4087179018872,-25.2309328386417,172.371241336756
1,notyet,original,-5,65.6832357930605,59.8986115629496,-51.7180428703206,183.084514456442
1,notyet,original,-4,-59.6355511786986,48.2318394022298,-154.169956407069,34.8988540496717
1,notyet,original,-3,32.6647348126612,45.9497241657627,-57.3967245522336,122.726194177556
1,notyet,original,-2,-39.733952481917,55.5598003256916,-148.631161120272,69.1632561564385
1,notyet,original,-1,0,0,0,0
1,notyet,original,0,71.2108477387904,51.3375172077126,-29.4106859883264,171.832381465907
1,notyet,original,1,174.243128710023,99.2826963237747,-20.3509560845758,368.837213504621
1,notyet,rotated,-8,-58.747757281726,46.1311203481586,-149.164753164117,31.669238600665
1,notyet,rotated,-7,-3.72233992731352,50.5878399107429,-102.87450615237,95.4298262977425
1,notyet,rotated,-6,69.5970417500686,50.4087179018872,-29.2040453376303,168.398128837768
1,notyet,rotated,-5,62.5047457938696,59.8986115629496,-54.8965328695115,179.906024457251
1,notyet,rotated,-4,-62.0194186780918,48.2318394022298,-156.553823906462,32.5149865502785
1,notyet,rotated,-3,31.0754898130658,45.9497241657627,-58.9859695518291,121.136949177961
1,notyet,rotated,-2,-40.5285749817147,55.5598003256916,-149.42578362007,68.3686336566408
1,notyet,rotated,-1,0,0,0,0
1,notyet,rotated,0,72.0054702385881,51.3375172077126,-28.6160634885286,172.627003965705
1,notyet,rotated,1,175.832373709618,99.2826963237747,-18.7617110849804,370.426458504216
2,notyet,original,-8,11.1971918727104,46.7027233048664,-80.3401458048278,102.734529550248
2,notyet,original,-7,55.6567795590179,49.9573245776073,-42.2595766130924,153.573135731128
2,notyet,original,-6,120.215862258503,49.7835476426131,22.6401088789814,217.791615638025
2,notyet,original,-5,65.4604357116089,55.0912436510168,-42.5184018443841,173.439273267602
2,notyet,original,-4,45.5981615992565,46.287543665371,-45.1254239848707,136.321747183384
2,notyet,original,-3,101.865304651774,46.3583317449049,11.0029744317598,192.727634871787
2,notyet,original,-2,9.84278994481808,54.5867170443666,-97.1471754621404,116.832755351777
2,notyet,original,-1,0,0,0,0
2,notyet,original,0,153.818525483788,65.2366395249586,25.9547120148691,281.682338952707
2,notyet,original,1,496.187674377786,206.20852810684,92.0189592883796,900.356389467192
2,notyet,rotated,-8,-70.0833060596979,46.7027233048664,-161.620643737236,21.4540316178402
2,notyet,rotated,-7,-14.0122186687606,49.9573245776073,-111.928574840871,83.9041375033496
2,notyet,rotated,-6,62.1583637353544,49.7835476426131,-35.4173896441673,159.734117114876
2,notyet,rotated,-5,19.0144368930898,55.0912436510168,-88.9644006629031,126.993274449083
2,notyet,rotated,-4,10.7636624853673,46.287543665371,-79.95992309876,101.487248069494
2,notyet,rotated,-3,78.642305242514,46.3583317449049,-12.2200249774997,169.504635462528
2,notyet,rotated,-2,-1.76870975981167,54.5867170443666,-108.75867516677,105.221255647147
2,notyet,rotated,-1,0,0,0,0
2,notyet,rotated,0,165.430025188418,65.2366395249586,37.5662117194988,293.293838657337
2,notyet,rotated,1,519.410673787045,206.20852810684,115.241958697639,923.579388876452
3,notyet,original,-8,-44.5563909143782,48.2348716493088,-139.096739347023,49.9839575182671
3,notyet,original,-7,15.1980843321218,50.7696014204652,-84.3103344519899,114.706503116233
3,notyet,original,-6,85.3086281548752,50.346541473655,-13.3705931334885,183.987849443239
3,notyet,original,-5,74.8360401690525,58.0390019264279,-38.9204036067462,188.592483944851
3,notyet,original,-4,-52.5772672625222,46.7696069417863,-144.245696868423,39.091162343379
3,notyet,original,-3,37.6430416347468,45.2151666680238,-50.97868503458,126.264768304074
3,notyet,original,-2,-37.2575531149706,54.8941125816727,-144.850013775049,70.3349075451078
3,notyet,original,-1,0,0,0,0
3,notyet,original,0,120.728270302545,51.3984592387612,19.9872901945732,221.469250410517
3,notyet,original,1,257.350550494104,98.817164101804,63.6689088545685,451.03219213364
3,notyet,rotated,-8,-63.8302808848595,48.2348716493088,-158.370629317505,30.7100675477858
3,notyet,rotated,-7,-1.32239278543363,50.7696014204652,-100.830811569545,98.1860259986781
3,notyet,rotated,-6,71.5415638902457,50.346541473655,-27.137657398118,170.220785178609
3,notyet,rotated,-5,63.8223887573489,58.0390019264279,-49.9340550184498,177.578832533148
3,notyet,rotated,-4,-60.8375058212998,46.7696069417863,-152.505935427201,30.8309237846013
3,notyet,rotated,-3,32.136215928895,45.2151666680238,-56.4855107404318,120.757942598222
3,notyet,rotated,-2,-40.0109659678965,54.8941125816727,-147.603426627975,67.5814946921819
3,notyet,rotated,-1,0,0,0,0
3,notyet,rotated,0,123.481683155471,51.3984592387612,22.7407030474992,224.222663263443
3,notyet,rotated,1,262.857376199956,98.817164101804,69.1757345604203,456.539017839492
4,notyet,original,-8,-62.6601700036265,46.1985259688668,-153.209280902605,27.8889408953524
4,notyet,original,-7,-0.840354133626828,50.2684607338677,-99.3665371720075,97.6858289047539
4,notyet,original,-6,73.6696748411851,50.4219558825135,-25.1573586885414,172.496708370912
4,notyet,original,-5,65.0404864362119,58.7397911587171,-50.0895042348737,180.170477107297
4,notyet,original,-4,-50.8548347621407,46.4999589675366,-141.994754338512,40.285084814231
4,notyet,original,-3,22.8708774183369,46.3531706989818,-67.9813371516674,113.723091988341
4,notyet,original,-2,-41.4977654144749,55.0398310249858,-149.375834223447,66.3803033944974
4,notyet,original,-1,0,0,0,0
4,notyet,original,0,67.1860706543097,51.8098130904874,-34.3611630030456,168.733304311665
4,notyet,original,1,211.535853743908,98.6371980437235,18.2069455782095,404.864761909606
4,notyet,rotated,-8,-64.4864945165967,46.1985259688668,-155.035605415576,26.0626163823822
4,notyet,rotated,-7,-2.40577514474412,50.2684607338677,-100.931958183125,96.1204078936366
4,notyet,rotated,-6,72.3651573319207,50.4219558825135,-26.4618761978058,171.192190861647
4,notyet,rotated,-5,63.9968724288003,58.7397911587171,-51.1331182422852,179.126863099886
4,notyet,rotated,-4,-51.6375452676994,46.4999589675366,-142.777464844071,39.5023743086723
4,notyet,rotated,-3,22.3490704146312,46.3531706989818,-68.5031441553732,113.201284984636
4,notyet,rotated,-2,-41.7586689163278,55.0398310249858,-149.6367377253,66.1193998926445
4,notyet,rotated,-1,0,0,0,0
4,notyet,rotated,0,67.4469741561626,51.8098130904874,-34.1002595011927,168.994207813518
4,notyet,rotated,1,212.057660747613,98.6371980437235,18.7287525819153,405.386568913312
5,notyet,original,-8,-59.8200647720624,47.8801923905595,-153.665241857559,34.0251123134341
5,notyet,original,-7,-2.76726428722173,50.5098006012565,-101.766473465684,96.231944891241
5,notyet,original,-6,67.0512304864694,50.9545370401208,-32.8196621121674,166.922123085106
5,notyet,original,-5,70.9425090293713,58.6266389596509,-43.9657033315445,185.850721390287
5,notyet,original,-4,-42.65085718552,45.8848304151667,-132.585124799247,47.2834104282067
5,notyet,original,-3,19.723201299007,47.4201108523472,-73.2202159715934,112.666618569607
5,notyet,original,-2,-43.2213994873251,54.3571080063537,-149.761331179778,63.3185322051282
5,notyet,original,-1,0,0,0,0
5,notyet,original,0,95.28148922373,52.8561792075395,-8.31662202304736,198.879600470507
5,notyet,original,1,299.059048519544,108.531983158174,86.3363615295233,511.781735509565
5,notyet,rotated,-8,-62.4177938208721,47.8801923905595,-156.262970906369,31.4273832646244
5,notyet,rotated,-7,-4.99388918620145,50.5098006012565,-103.993098364664,94.0053199922613
5,notyet,rotated,-6,65.1957097373197,50.9545370401208,-34.6751828613172,165.066602335956
5,notyet,rotated,-5,69.4580924300514,58.6266389596509,-45.4501199308643,184.366304790967
5,notyet,rotated,-4,-43.7641696350099,45.8848304151667,-133.698437248737,46.1700979787168
5,notyet,rotated,-3,18.9809929993471,47.4201108523472,-73.9624242712534,111.924410269948
5,notyet,rotated,-2,-43.592503637155,54.3571080063537,-150.132435329608,62.9474280552982
5,notyet,rotated,-1,0,0,0,0
5,notyet,rotated,0,95.6525933735599,52.8561792075395,-7.9455178732174,199.250704620337
5,notyet,rotated,1,299.801256819204,108.531983158174,87.0785698291832,512.523943809225
6,notyet,original,-8,-20.6432059359389,52.8964888313965,-124.320324045476,83.0339121735983
6,notyet,original,-7,25.088310320651,50.8162055981029,-74.5114526516306,124.688073292933
6,notyet,original,-6,94.9188920387124,52.1849509707176,-7.36361186389399,197.201395941319
6,notyet,original,-5,60.4833223560235,57.1156401980797,-51.4633324322128,172.42997714426
6,notyet,original,-4,4.8921607829659,47.9004005401897,-88.9926242758058,98.7769458417376
6,notyet,original,-3,56.4455483481516,49.780061442993,-41.1233720801147,154.014468776418
6,notyet,original,-2,-36.6621912967992,55.8841344356058,-146.195094790587,72.8707121969883
6,notyet,original,-1,0,0,0,0
6,notyet,original,0,203.099584725747,62.8944881974507,79.8263878587434,326.37278159275
6,notyet,original,1,426.412941117367,147.34510725284,137.6165309018,715.209351332933
6,notyet,rotated,-8,-61.3162338228585,52.8964888313965,-164.993351932396,42.3608842866787
6,notyet,rotated,-7,-9.77428501099431,50.8162055981029,-109.374047983276,89.8254779612873
6,notyet,rotated,-6,65.8667292623413,52.1849509707176,-36.4157746402651,168.149233164948
6,notyet,rotated,-5,37.2415921349266,57.1156401980797,-74.7050626533097,149.188246923163
6,notyet,rotated,-4,-12.5391368828568,47.9004005401897,-106.423921941628,81.3456481759149
6,notyet,rotated,-3,44.8246832376032,49.780061442993,-52.7442371906632,142.393603665869
6,notyet,rotated,-2,-42.4726238520734,55.8841344356058,-152.005527345861,67.060279641714
6,notyet,rotated,-1,0,0,0,0
6,notyet,rotated,0,208.910017281021,62.8944881974507,85.6368204140176,332.183214148024
6,notyet,rotated,1,438.033806227915,147.34510725284,149.237396012349,726.830216443481
7,notyet,original,-8,-6.46383716357738,48.7964956900998,-102.104968716173,89.1772943890182
7,notyet,original,-7,40.40744288983,50.9927034893031,-59.5382559492041,140.353141728864
7,notyet,original,-6,107.517723360133,50.8781532150277,7.79654305867879,207.238903661587
7,notyet,original,-5,55.2859244443911,55.7592489889794,-54.0022035740084,164.574052462791
7,notyet,original,-4,37.9828436028027,46.8604197246939,-53.8635790575973,129.829266263203
7,notyet,original,-3,96.7848831406538,46.3145501367332,6.00836487265661,187.561401408651
7,notyet,original,-2,7.32110582491657,54.7934683631014,-100.074092166762,114.716303816595
7,notyet,original,-1,0,0,0,0
7,notyet,original,0,165.765337303599,65.7874634464389,36.8219089485792,294.70876565862
7,notyet,original,1,531.949110560183,206.036284467095,128.117993004677,935.780228115689
7,notyet,rotated,-8,-70.0023128979174,48.7964956900998,-165.643444450513,25.6388186546782
7,notyet,rotated,-7,-14.0541077396043,50.9927034893031,-113.999806578638,85.8915910994297
7,notyet,rotated,-6,62.1330978356045,50.8781532150277,-37.5880824658498,161.854278137059
7,notyet,rotated,-5,18.9782240247683,55.7592489889794,-90.3099039936313,128.266352043168
7,notyet,rotated,-4,10.7520682880855,46.8604197246939,-81.0943543723145,102.598490948486
7,notyet,rotated,-3,78.6310329308423,46.3145501367332,-12.1454853371548,169.407551198839
7,notyet,rotated,-2,-1.75581927998915,54.7934683631014,-109.151017271668,105.63937871169
7,notyet,rotated,-1,0,0,0,0
7,notyet,rotated,0,174.842262408505,65.7874634464389,45.8988340534849,303.785690763525
7,notyet,rotated,1,550.102960769995,206.036284467095,146.271843214488,953.934078325501
8,notyet,original,-8,4.82622582062503,46.8766250929234,-87.0519593615048,96.7044110027548
8,notyet,original,-7,49.9672754457676,49.9122626298751,-47.8607593087875,147.795310200323
8,notyet,original,-6,120.23243141075,49.8236895424051,22.5779999076364,217.886862913865
8,notyet,original,-5,66.6172389103769,54.898844756178,-40.9844968117319,174.218974632486
8,notyet,original,-4,44.527583538953,45.9929347602111,-45.6185685910607,134.673735668967
8,notyet,original,-3,95.6327426973611,46.5225275871149,4.44858862661602,186.816896768106
8,notyet,original,-2,4.17132339972181,54.0011102720522,-101.670852733501,110.013499532944
8,notyet,original,-1,0,0,0,0
8,notyet,original,0,158.098430069336,65.030848768525,30.6379664830269,285.558893655645
8,notyet,original,1,508.772103280772,206.701341314285,103.637474304773,913.906732256771
8,notyet,rotated,-8,-71.6856694556522,46.8766250929234,-163.563854637782,20.1925157264777
8,notyet,rotated,-7,-15.6143490767557,49.9122626298751,-113.442383831311,82.2136856777994
8,notyet,rotated,-6,65.5810776419811,49.8236895424051,-32.073353861133,163.235509145095
8,notyet,rotated,-5,22.8961558953613,54.898844756178,-84.7055798267475,130.49789161747
8,notyet,rotated,-4,11.7367712776914,45.9929347602111,-78.4093808523224,101.882923407705
8,notyet,rotated,-3,73.7722011898534,46.5225275871149,-17.4119528808917,164.956355260598
8,notyet,rotated,-2,-6.75894735403207,54.0011102720522,-112.601123487254,99.0832287791903
8,notyet,rotated,-1,0,0,0,0
8,notyet,rotated,0,169.02870082309,65.030848768525,41.5682372367808,296.489164409399
8,notyet,rotated,1,530.63264478828,206.701341314285,125.498015812281,935.767273764279
9,notyet,original,-8,-1.35405682699393,48.2350543349705,-95.8947633235362,93.1866496695483
9,notyet,original,-7,43.1808362655129,50.5156300007589,-55.8297985359744,142.191471067
9,notyet,original,-6,108.794323606655,50.845139984351,9.13784923732703,208.450797975983
9,notyet,original,-5,58.4311965789494,55.8461381236636,-51.0272341434313,167.88962730133
9,notyet,original,-4,42.3410727537937,46.3127904742853,-48.4319965758054,133.114142083393
9,notyet,original,-3,101.55673957367,46.7465405661277,9.93352006405935,193.17995908328
9,notyet,original,-2,6.84957339520692,54.3767213782612,-99.7288005061851,113.427947296599
9,notyet,original,-1,0,0,0,0
9,notyet,original,0,162.989147890588,66.0483874733474,33.5343084428271,292.443987338349
9,notyet,original,1,531.505279487857,208.841938614471,122.175079803494,940.835479172219
9,notyet,rotated,-8,-69.5685215748499,48.2350543349705,-164.109228071392,24.9721849216923
9,notyet,rotated,-7,-15.2887049469351,50.5156300007589,-114.299339748422,83.7219298545523
9,notyet,rotated,-6,60.069705929615,50.845139984351,-39.586768439713,159.726180298943
9,notyet,rotated,-5,19.4515024373174,55.8461381236636,-90.0069282850633,128.909933159698
9,notyet,rotated,-4,13.1063021475697,46.3127904742853,-77.6667671820294,103.879371477169
9,notyet,rotated,-3,82.0668925028536,46.7465405661277,-9.55632700675665,173.690112012464
9,notyet,rotated,-2,-2.89535014020108,54.3767213782612,-109.473724041593,103.683023761191
9,notyet,rotated,-1,0,0,0,0
9,notyet,rotated,0,172.734071425996,66.0483874733474,43.2792319782351,302.188910873757
9,notyet,rotated,1,550.995126558673,208.841938614471,141.66492687431,960.325326243035
10,notyet,original,-8,-21.9965434799128,51.0900077299773,-122.132958630668,78.1398716708426
10,notyet,original,-7,42.8026991657398,51.0553361535618,-57.2657596952413,142.871158026721
10,notyet,original,-6,104.333134600626,52.7638632172216,0.915962694871538,207.75030650638
10,notyet,original,-5,36.9475910234133,57.7611291888024,-76.2642221866394,150.159404233466
10,notyet,original,-4,32.8194641880134,49.3265623885386,-63.8605980935223,129.499526469549
10,notyet,original,-3,89.7182032285425,49.9378347279227,-8.15995283818602,187.596359295271
10,notyet,original,-2,-14.082056464286,55.9282705237829,-123.7014666909,95.5373537623285
10,notyet,original,-1,0,0,0,0
10,notyet,original,0,175.622178004522,68.9040535996479,40.570232949212,310.674123059832
10,notyet,original,1,616.804082754928,210.961243027318,203.320046421385,1030.28811908847
10,notyet,rotated,-8,-73.8020019943464,51.0900077299773,-173.938417145102,26.334413156409
10,notyet,rotated,-7,-1.60197956091751,51.0553361535618,-101.670438421899,98.4664793000636
10,notyet,rotated,-6,67.3292356617448,52.7638632172216,-36.0879362440096,170.746407567499
10,notyet,rotated,-5,7.34447187230841,57.7611291888024,-105.867341337744,120.556285082361
10,notyet,rotated,-4,10.6171248246847,49.3265623885386,-86.062937456851,107.29718710622
10,notyet,rotated,-3,74.91664365299,49.9378347279227,-22.9615124137385,172.794799719719
10,notyet,rotated,-2,-21.4828362520622,55.9282705237829,-131.102246478677,88.1365739745523
10,notyet,rotated,-1,0,0,0,0
10,notyet,rotated,0,183.022957792298,68.9040535996479,47.9710127369883,318.074902847608
10,notyet,rotated,1,631.60564233048,210.961243027318,218.121605996937,1045.08967866402
11,notyet,original,-8,-49.5669359616506,48.2081942473525,-144.054996686461,44.9211247631602
11,notyet,original,-7,18.4723915277829,50.7863215544912,-81.0687987190198,118.013581774586
11,notyet,original,-6,89.9444854297346,50.7295996286802,-9.48552984247853,189.374500701948
11,notyet,original,-5,79.5918737448342,57.191502628055,-32.5034714061537,191.687218895822
11,notyet,original,-4,-40.0401670723246,45.1706411109525,-128.574623649791,48.4942895051423
11,notyet,original,-3,27.7728412552189,45.7997904932419,-61.9947481115353,117.540430621973
11,notyet,original,-2,-38.3788053399148,54.37498848008,-144.953782760872,68.196172081042
11,notyet,original,-1,0,0,0,0
11,notyet,original,0,118.936170662652,51.8704378564147,17.2701124640793,220.602228861225
11,notyet,original,1,300.195510565557,99.0070683681711,106.141656563942,494.249364567173
11,notyet,rotated,-8,-71.0170407374857,48.2081942473525,-165.505101462297,23.4710199873251
11,notyet,rotated,-7,0.0865874342099624,50.7863215544912,-99.4546028125927,99.6277776810127
11,notyet,rotated,-6,74.6229820184238,50.7295996286802,-24.8070332537893,174.052997290637
11,notyet,rotated,-5,67.3346710157855,57.191502628055,-44.7606741352023,179.430016166773
11,notyet,rotated,-4,-49.2330691191111,45.1706411109525,-137.767525696578,39.3013874583558
11,notyet,rotated,-3,21.6442398906945,45.7997904932419,-68.1233494760596,111.411829257449
11,notyet,rotated,-2,-41.443106022177,54.37498848008,-148.018083443134,65.1318713987799
11,notyet,rotated,-1,0,0,0,0
11,notyet,rotated,0,122.000471344914,51.8704378564147,20.3344131463414,223.666529543487
11,notyet,rotated,1,306.324111930082,99.0070683681711,112.270257928466,500.377965931697
12,notyet,original,-8,-28.9588946908276,47.6747652561828,-122.401434592946,64.4836452112907
12,notyet,original,-7,19.9004000353267,50.1462742040039,-78.3862974045209,118.187097475174
12,notyet,original,-6,75.3474903993858,50.278940664276,-23.1992333025951,173.894214101367
12,notyet,original,-5,75.0075459040882,57.1684226070819,-37.0425624057924,187.057654213969
12,notyet,original,-4,-24.7213987228566,44.9965032580052,-112.914545108547,63.4717476628336
12,notyet,original,-3,49.9762331775786,45.7054207308016,-39.6063914547924,139.55885780995
12,notyet,original,-2,-29.6009537031559,53.4077598309376,-134.280162971794,75.0782555654818
12,notyet,original,-1,0,0,0,0
12,notyet,original,0,129.409563743932,53.5637866370708,24.4245419352734,234.394585552591
12,notyet,original,1,337.367158081896,111.740734521471,118.355318419813,556.378997743978
12,notyet,rotated,-8,-58.4411491644716,47.6747652561828,-151.88368906659,35.0013907376466
12,notyet,rotated,-7,-5.3701037992253,50.1462742040039,-103.656801239073,92.9165936406224
12,notyet,rotated,-6,54.2887372039258,50.278940664276,-44.2579864980552,152.835460905907
12,notyet,rotated,-5,58.1605433477202,57.1684226070819,-53.8895649621604,170.210651657601
12,notyet,rotated,-4,-37.3566506401326,44.9965032580052,-125.549797025823,50.8364957455576
12,notyet,rotated,-3,41.5527318993946,45.7054207308016,-48.0298927329764,131.135356531766
12,notyet,rotated,-2,-33.8127043422479,53.4077598309376,-138.491913610886,70.8665049263898
12,notyet,rotated,-1,0,0,0,0
12,notyet,rotated,0,133.621314383024,53.5637866370708,28.6362925743654,238.606336191683
12,notyet,rotated,1,345.79065936008,111.740734521471,126.778819697997,564.802499022162
13,notyet,original,-8,-16.9768339592289,53.4138084356559,-121.667898493114,87.7142305746567
13,notyet,original,-7,32.3084103847493,50.9852446086769,-67.6226690482574,132.239489817756
13,notyet,original,-6,103.714758660815,52.2921039499147,1.2222349189818,206.207282402647
13,notyet,original,-5,68.4482782725687,57.914140175296,-45.0634364710114,181.959993016149
13,notyet,original,-4,12.7760551616506,48.2173010151211,-81.7298548279867,107.281965151288
13,notyet,original,-3,63.4422374962361,49.6886552328042,-33.9475267600601,160.832001752532
13,notyet,original,-2,-28.7389014309109,55.9071425807611,-138.316900889203,80.8390980273809
13,notyet,original,-1,0,0,0,0
13,notyet,original,0,268.93728149556,64.5166659346447,142.484616263656,395.389946727463
13,notyet,original,1,615.338715603889,154.981076842733,311.575804992132,919.101626215645
13,notyet,rotated,-8,-67.1694974609666,53.4138084356559,-171.860561994852,37.521567072919
13,notyet,rotated,-7,-10.7138726167402,50.9852446086769,-110.644952049747,89.2172068162665
13,notyet,rotated,-6,67.8628561595734,52.2921039499147,-34.6296675822594,170.355379901406
13,notyet,rotated,-5,39.7667562715757,57.914140175296,-73.7449584720044,153.278471015156
13,notyet,rotated,-4,-8.73508633909419,48.2173010151211,-103.240996328731,85.7708236505431
13,notyet,rotated,-3,49.1014764957396,49.6886552328042,-48.2882877605566,146.491240752036
13,notyet,rotated,-2,-35.9092819311591,55.9071425807611,-145.487281389451,73.6687175271327
13,notyet,rotated,-1,0,0,0,0
13,notyet,rotated,0,276.107661995808,64.5166659346447,149.654996763905,402.560327227712
13,notyet,rotated,1,629.679476604385,154.981076842733,325.916565992629,933.442387216141
14,notyet,original,-8,-59.6304897974971,47.8896645529414,-153.494232321262,34.233252726268
14,notyet,original,-7,-4.89632542706675,50.2965173910142,-103.477499513455,93.6848486593211
14,notyet,original,-6,66.5316227417215,50.7551748087998,-32.948519883526,166.011765366969
14,notyet,original,-5,64.8626659851782,58.2883524830287,-49.382504881558,179.107836851914
14,notyet,original,-4,-43.9629442974525,45.9267977889938,-133.97946796388,46.0535793689753
14,notyet,original,-3,22.2452115047774,47.1814762685352,-70.2304819815515,114.720904991106
14,notyet,original,-2,-45.1285269928958,54.3740090140184,-151.701584660372,61.4445306745804
14,notyet,original,-1,0,0,0,0
14,notyet,original,0,102.034159678743,52.836102141877,-1.52460051933622,205.592919876821
14,notyet,original,1,301.031096144764,109.986543283754,85.4574713086063,516.604720980921
14,notyet,rotated,-8,-60.2700127789341,47.8896645529414,-154.133755302699,33.5937297448309
14,notyet,rotated,-7,-5.44448798258426,50.2965173910142,-104.025662068972,93.1366861038036
14,notyet,rotated,-6,66.0748206121236,50.7551748087998,-33.4053220131239,165.554963237371
14,notyet,rotated,-5,64.4972242814999,58.2883524830287,-49.7479465852363,178.742395148236
14,notyet,rotated,-4,-44.2370255752113,45.9267977889938,-134.253549241639,45.7794980912166
14,notyet,rotated,-3,22.0624906529382,47.1814762685352,-70.4132028333907,114.538184139267
14,notyet,rotated,-2,-45.2198874188154,54.3740090140184,-151.792945086291,61.3531702486608
14,notyet,rotated,-1,0,0,0,0
14,notyet,rotated,0,102.125520104662,52.836102141877,-1.43324009341663,205.684280302741
14,notyet,rotated,1,301.213816996603,109.986543283754,85.6401921604455,516.787441832761
15,notyet,original,-8,-20.643205994243,52.8982440054778,-124.323764244979,83.0373522564935
15,notyet,original,-7,25.0883102614965,50.8178817919347,-74.5147380506955,124.691358573689
15,notyet,original,-6,94.9188919785973,52.1866819517021,-7.36700464673879,197.204788603934
15,notyet,original,-5,60.4833222967918,57.1174873378063,-51.4669528853085,172.433597478892
15,notyet,original,-4,4.89216072299686,47.9019569304662,-88.995674860717,98.7799963067107
15,notyet,original,-3,56.4455482881235,49.7816886249373,-41.1265614167537,154.017657993001
15,notyet,original,-2,-36.6621913529632,55.8860259991474,-146.198802311292,72.8744196053656
15,notyet,original,-1,0,0,0,0
15,notyet,original,0,203.099584661871,62.896520635502,79.8224042162872,326.376765107455
15,notyet,original,1,426.412941059861,147.349718431353,137.607492934408,715.218389185313
15,notyet,rotated,-8,-61.3162337983283,52.8982440054778,-164.996792049065,42.3643244524082
15,notyet,rotated,-7,-9.77428499914804,50.8178817919347,-109.37733331134,89.828763313044
15,notyet,rotated,-6,65.8667292613936,52.1866819517021,-36.4191673639426,168.15262588673
15,notyet,rotated,-5,37.2415921230288,57.1174873378063,-74.7086830590715,149.191867305129
15,notyet,rotated,-4,-12.5391369073254,47.9019569304662,-106.426972491039,81.3486986763884
15,notyet,rotated,-3,44.8246832012419,49.7816886249373,-52.7474265036352,142.396792906119
15,notyet,rotated,-2,-42.472623896404,55.8860259991474,-152.009234854733,67.0639870619249
15,notyet,rotated,-1,0,0,0,0
15,notyet,rotated,0,208.910017205312,62.896520635502,85.6328367597279,332.187197650896
15,notyet,rotated,1,438.033806146742,147.349718431353,149.22835802129,726.839254272195
16,notyet,original,-8,-20.6432060210105,52.9570926107845,-124.439107538148,83.152695496127
16,notyet,original,-7,25.0883102356525,50.8744529753038,-74.6256175959431,124.802238067248
16,notyet,original,-6,94.9188919537696,52.2447301923785,-7.48077922329217,197.318563130831
16,notyet,original,-5,60.4833222717588,57.1811001007342,-51.5916339256802,172.558278469198
16,notyet,original,-4,4.89216070310665,47.9552356892983,-89.1001012479179,98.8844226541313
16,notyet,original,-3,56.4455482687569,49.8370860079403,-41.2351403068061,154.12623684432
16,notyet,original,-2,-36.6621913736108,55.94817966484,-146.320623516697,72.9962407694756
16,notyet,original,-1,0,0,0,0
16,notyet,original,0,203.099584663264,62.9664945883996,79.6852552700007,326.513914056527
16,notyet,original,1,426.412941049972,147.513994093734,137.285512626253,715.54036947369
16,notyet,rotated,-8,-61.3162337908079,52.9570926107845,-165.112135307945,42.4796677263297
16,notyet,rotated,-7,-9.77428499560243,50.8744529753038,-109.488212827198,89.9396428359931
16,notyet,rotated,-6,65.8667292610572,52.2447301923785,-36.5329419160046,168.266400438119
16,notyet,rotated,-5,37.2415921175889,57.1811001007342,-74.8333640798501,149.316548315028
16,notyet,rotated,-4,-12.5391369125208,47.9552356892983,-106.531398863545,81.4531250385038
16,notyet,rotated,-3,44.824683191672,49.8370860079403,-52.8560053838911,142.505371767235
16,notyet,rotated,-2,-42.4726239121533,55.94817966484,-152.13105605524,67.1858082309331
16,notyet,rotated,-1,0,0,0,0
16,notyet,rotated,0,208.910017201806,62.9664945883996,85.4956878085432,332.32434659507
16,notyet,rotated,1,438.033806127057,147.513994093734,148.906377703338,727.161234550775
17,notyet,original,-8,-10.415473797454,48.6588646854714,-105.786848580978,84.95590098607
17,notyet,original,-7,37.2546855525016,50.7876438745809,-62.2890964416769,136.79846754668
17,notyet,original,-6,110.293059528414,50.9194657992668,10.4909065618506,210.095212494976
17,notyet,original,-5,58.2905181146557,55.5217183496244,-50.5320498506081,167.11308607992
17,notyet,original,-4,37.4931128024412,46.4540180587209,-53.5567625926518,128.542988197534
17,notyet,original,-3,90.2405671028345,46.4446550323352,-0.790956760542571,181.272090966212
17,notyet,original,-2,1.40471604652485,54.135795040037,-104.701442231948,107.510874324997
17,notyet,original,-1,0,0,0,0
17,notyet,original,0,169.012133983746,65.5580125549538,40.5184293760362,297.505838591455
17,notyet,original,1,541.318168268072,206.355524760549,136.861339737396,945.774996798747
17,notyet,rotated,-8,-71.8960915721059,48.6588646854714,-167.26746635563,23.4752832114181
17,notyet,rotated,-7,-15.4429868257716,50.7876438745809,-114.98676881995,84.1007951684069
17,notyet,rotated,-6,66.3783325465192,50.9194657992668,-33.4238204200437,166.180485513082
17,notyet,rotated,-5,23.1587365291403,55.5217183496244,-85.6638314361235,131.981304494404
17,notyet,rotated,-4,11.1442766133047,46.4540180587209,-79.9055987817884,102.194152008398
17,notyet,rotated,-3,72.6746763100768,46.4446550323352,-18.3568475533003,163.706200173454
17,notyet,rotated,-2,-7.37822934985401,54.135795040037,-113.484387628327,98.7279289286185
17,notyet,rotated,-1,0,0,0,0
17,notyet,rotated,0,177.795079380124,65.5580125549538,49.3013747724151,306.288783987834
17,notyet,rotated,1,558.884059060829,206.355524760549,154.427230530154,963.340887591505
18,notyet,original,-8,-10.7987801168093,49.0591199221069,-106.954655164139,85.3570949305203
18,notyet,original,-7,37.4730758171518,50.9812240776647,-62.4501233750711,137.396275009375
18,notyet,original,-6,105.674987404422,50.9704209098383,5.77296242113883,205.577012387705
18,notyet,original,-5,48.5438842520951,57.1026696163483,-63.3773481959475,160.465116700138
18,notyet,original,-4,35.3921846250365,47.3060485457131,-57.3276705245612,128.112039774634
18,notyet,original,-3,95.423290299455,47.2146241409363,2.88262698321974,187.96395361569
18,notyet,original,-2,4.27870119503218,54.5955757953169,-102.728627363789,111.286029753853
18,notyet,original,-1,0,0,0,0
18,notyet,original,0,158.029599961214,66.3497273722638,27.9841343115764,288.075065610851
18,notyet,original,1,542.42667155858,208.728934965442,133.317959026314,951.535384090846
18,notyet,rotated,-8,-69.4537453060487,49.0591199221069,-165.609620353378,26.7021297412809
18,notyet,rotated,-7,-12.8026086307677,50.9812240776647,-112.725807822991,87.1205905614552
18,notyet,rotated,-6,63.7785836978224,50.9704209098383,-36.1234412854607,163.680608681105
18,notyet,rotated,-5,15.0267612868155,57.1026696163483,-96.8944711612271,126.947993734858
18,notyet,rotated,-4,10.2543424010768,47.3060485457131,-82.4655127485209,102.974197550674
18,notyet,rotated,-3,78.6647288168151,47.2146241409363,-13.8759344994201,171.20539213305
18,notyet,rotated,-2,-4.10057954628772,54.5955757953169,-111.107908105109,102.906749012533
18,notyet,rotated,-1,0,0,0,0
18,notyet,rotated,0,166.408880702533,66.3497273722638,36.3634150528963,296.454346352171
18,notyet,rotated,1,559.18523304122,208.728934965442,150.076520508953,968.293945573486
19,notyet,original,-8,-21.9915736649365,51.111382831296,-122.169884014277,78.1867366844036
19,notyet,original,-7,42.8068105430742,51.0767664091138,-57.3036516187888,142.917272704937
19,notyet,original,-6,104.337218417292,52.786140412644,0.876383208509793,207.798053626074
19,notyet,original,-5,36.9515704614679,57.7851820713961,-76.3073863984683,150.210527321404
19,notyet,original,-4,32.8235645545745,49.3472148453364,-63.8969765422849,129.544105651434
19,notyet,original,-3,89.722294414122,49.9582896199534,-8.19595324098661,187.640542069231
19,notyet,original,-2,-14.0780596171069,55.9515181039907,-123.743035100929,95.5869158667149
19,notyet,original,-1,0,0,0,0
19,notyet,original,0,175.623518276228,68.9327844792552,40.5152606968874,310.731775855568
19,notyet,original,1,616.802225994763,211.048230936713,203.147693358805,1030.45675863072
19,notyet,rotated,-8,-73.8030458854906,51.111382831296,-173.981356234831,26.3752644638496
19,notyet,rotated,-7,-1.60302278882929,51.0767664091138,-101.713484950692,98.5074393730337
19,notyet,rotated,-6,67.3290239740391,52.786140412644,-36.1318112347431,170.789859182821
19,notyet,rotated,-5,7.34501490686557,57.7851820713961,-105.913941953071,120.603971766802
19,notyet,rotated,-4,10.6186478886227,49.3472148453364,-86.1018932082366,107.339188985482
19,notyet,rotated,-3,74.9190166368209,49.9582896199534,-22.9992310182878,172.83726429193
19,notyet,rotated,-2,-21.4796985057575,55.9515181039907,-131.144673989579,88.1852769780643
19,notyet,rotated,-1,0,0,0,0
19,notyet,rotated,0,183.025157164878,68.9327844792552,47.916899585538,318.133414744218
19,notyet,rotated,1,631.605503772064,211.048230936713,217.950971136107,1045.26003640802
20,notyet,original,-8,-2.92787602740283,48.1707838672909,-97.342612407293,91.4868603524873
20,notyet,original,-7,39.457422887434,50.505004403888,-59.5323857441865,138.447231519055
20,notyet,original,-6,108.892519087289,50.8720783683964,9.18324548523194,208.601792689346
20,notyet,original,-5,59.2227480237591,55.7818320735406,-50.1096428403805,168.555138887899
20,notyet,original,-4,45.0249677163577,46.2981708616173,-45.7194471724122,135.769382605128
20,notyet,original,-3,98.2657235313295,47.0199879715324,6.10654710712592,190.424899955533
20,notyet,original,-2,2.10040349638533,53.9360181834285,-103.614192143134,107.814999135905
20,notyet,original,-1,0,0,0,0
20,notyet,original,0,168.147658867562,66.0295814423395,38.729679240577,297.565638494548
20,notyet,original,1,546.836500119782,209.146902522697,136.908571175296,956.764429064268
20,notyet,rotated,-8,-69.493363346022,48.1707838672909,-163.908099725912,24.9213730338682
20,notyet,rotated,-7,-17.5987090999538,50.505004403888,-116.588517731574,81.3910995316667
20,notyet,rotated,-6,61.3457424311324,50.8720783683964,-38.3635311709246,161.055016033189
20,notyet,rotated,-5,21.1853266988338,55.7818320735406,-88.1470641653057,130.517717562973
20,notyet,rotated,-4,16.4969017226638,46.2981708616173,-74.2475131661061,107.241316611434
20,notyet,rotated,-3,79.2470128688669,47.0199879715324,-12.9121635553367,171.40618929307
20,notyet,rotated,-2,-7.40895183484597,53.9360181834285,-113.123547474366,98.3056438046738
20,notyet,rotated,-1,0,0,0,0
20,notyet,rotated,0,177.657014198794,66.0295814423395,48.2390345718083,307.074993825779
20,notyet,rotated,1,565.855210782245,209.146902522697,155.927281837759,975.783139726731
21,notyet,original,-8,-21.9965810989001,51.0917150958325,-122.136342686732,78.1431804889317
21,notyet,original,-7,42.8026264264577,51.0569995260199,-57.2690926445413,142.874345497457
21,notyet,original,-6,104.333097131673,52.7656489892242,0.91242511279404,207.753769150553
21,notyet,original,-5,36.9475761875556,57.7631611245155,-76.2682196164948,150.163371991606
21,notyet,original,-4,32.8194203426556,49.3280812933969,-63.8636189924024,129.502459677714
21,notyet,original,-3,89.7181089054984,49.939240625252,-8.16280271999557,187.599020530992
21,notyet,original,-2,-14.0821306221873,55.9297303751554,-123.704402157492,95.5401409131174
21,notyet,original,-1,0,0,0,0
21,notyet,original,0,175.622066226305,68.9063431415666,40.565633668834,310.678498783775
21,notyet,original,1,616.803890849329,210.965850875349,203.310823133645,1030.29695856501
21,notyet,rotated,-8,-73.8019725734906,51.0917150958325,-173.941734161322,26.3377890143412
21,notyet,rotated,-7,-1.6019948374771,51.0569995260199,-101.673713908476,98.4697242335219
21,notyet,rotated,-6,67.3292460783945,52.7656489892242,-36.0914259404849,170.749918097274
21,notyet,rotated,-5,7.34449534493241,57.7631611245155,-105.871300459118,120.560291148983
21,notyet,rotated,-4,10.6171097106882,49.3280812933969,-86.0659296243697,107.300149045746
21,notyet,rotated,-3,74.9165684841868,49.939240625252,-22.9643431413072,172.797480109681
21,notyet,rotated,-2,-21.482900832843,55.9297303751554,-131.105172368148,88.1393707024616
21,notyet,rotated,-1,0,0,0,0
21,notyet,rotated,0,183.02283643696,68.9063431415666,47.9664038794898,318.079268994431
21,notyet,rotated,1,631.605431270641,210.965850875349,218.112363554956,1045.09849898633
22,notyet,original,-8,-21.9964809600007,51.1492909359196,-122.249091194403,78.2561292744018
22,notyet,original,-7,42.8027702955244,51.113863146837,-57.3804014722761,142.985942063325
22,notyet,original,-6,104.333233978101,52.8249658802255,0.796300852858863,207.870167103343
22,notyet,original,-5,36.9476698728753,57.8267601498888,-76.3927800209067,150.288119766657
22,notyet,original,-4,32.8191709919185,49.3837063927622,-63.9728935378955,129.611235521732
22,notyet,original,-3,89.7179094408451,49.9948702653747,-8.27203627928921,187.707855160979
22,notyet,original,-2,-14.0823055150967,55.9930903167145,-123.828762535857,95.6641515056638
22,notyet,original,-1,0,0,0,0
22,notyet,original,0,175.622016520744,68.9843670515896,40.412657099628,310.831375941859
22,notyet,original,1,616.804126729485,211.20477426493,202.842769170222,1030.76548428875
22,notyet,rotated,-8,-73.8019374988755,51.1492909359196,-174.054547733278,26.450672735527
22,notyet,rotated,-7,-1.60190673779685,51.113863146837,-101.785078505597,98.5812650300037
22,notyet,rotated,-6,67.3293364503332,52.8249658802255,-36.2075966749089,170.866269575575
22,notyet,rotated,-5,7.34455185066115,57.8267601498888,-105.995898043121,120.685001744443
22,notyet,rotated,-4,10.6168324752578,49.3837063927622,-86.1752320545562,107.408897005072
22,notyet,rotated,-3,74.916350429738,49.9948702653747,-23.0735952903963,172.906296149872
22,notyet,rotated,-2,-21.4830850206502,55.9930903167145,-131.229542041411,88.2633720001103
22,notyet,rotated,-1,0,0,0,0
22,notyet,rotated,0,183.022796026297,68.9843670515896,47.8134366051816,318.232155447413
22,notyet,rotated,1,631.605685740592,211.20477426493,217.644328181329,1045.56704329985
23,notyet,original,-8,-17.9063572996807,47.8621285532913,-111.716129264132,75.9034146647703
23,notyet,original,-7,22.2929186769822,50.0446220897715,-75.79454061897,120.380377972934
23,notyet,original,-6,79.0416517785339,50.2974635943617,-19.5413768664151,177.624680423483
23,notyet,original,-5,76.1634080457348,57.498476847579,-36.5336065755202,188.86042266699
23,notyet,original,-4,-16.9961932493868,44.9199293260987,-105.03925472854,71.0468682297667
23,notyet,original,-3,50.8304039883591,45.820700206727,-38.9781684168259,140.638976393544
23,notyet,original,-2,-29.0355349075799,53.741376307085,-134.368632469466,76.2975626543068
23,notyet,original,-1,0,0,0,0
23,notyet,original,0,91.1770448655989,53.439162341433,-13.5637133236097,195.917803054808
23,notyet,original,1,312.144808571585,110.842891642488,94.8927409523079,529.396876190863
23,notyet,rotated,-8,-54.4019370677165,47.8621285532913,-148.211709032167,39.4078348967346
23,notyet,rotated,-7,-8.98900683847701,50.0446220897715,-107.076466134429,89.0984524574752
23,notyet,rotated,-6,52.9733805156513,50.2974635943617,-45.6096481292978,151.5564091606
23,notyet,rotated,-5,55.3087910354286,57.498476847579,-57.3882235858263,168.005805656684
23,notyet,rotated,-4,-32.6371560071164,44.9199293260987,-120.68021748627,55.4059054720371
23,notyet,rotated,-3,40.403095483206,45.820700206727,-49.405476921979,130.211667888391
23,notyet,rotated,-2,-34.2491891601564,53.741376307085,-139.582286722043,71.0839084017302
23,notyet,rotated,-1,0,0,0,0
23,notyet,rotated,0,96.3906991181755,53.439162341433,-8.35005907103314,201.131457307384
23,notyet,rotated,1,322.572117076738,110.842891642488,105.320049457461,539.824184696016
24,notyet,original,-8,-19.974765015269,53.3730277791342,-124.585899462372,84.636369431834
24,notyet,original,-7,29.7821534951459,50.9229575039567,-70.0268432126093,129.591150202901
24,notyet,original,-6,101.217701768092,52.2656912207207,-1.22305302452095,203.658456560704
24,notyet,original,-5,65.9494966366794,57.7701016154397,-47.2799025295824,179.178895802941
24,notyet,original,-4,10.2775064374059,48.1443205000103,-84.0853617426143,104.640374617426
24,notyet,original,-3,60.9465621829515,49.7339036201807,-36.5318889126027,158.425013278506
24,notyet,original,-2,-31.1079024712607,55.7962153652508,-140.468484587152,78.2526796446309
24,notyet,original,-1,0,0,0,0
24,notyet,original,0,265.800810194172,64.6455028186644,139.09562466959,392.505995718755
24,notyet,original,1,611.70642617599,154.67375198294,308.545872289428,914.866980062552
24,notyet,rotated,-8,-66.4934551381704,53.3730277791342,-171.104589585273,38.1176793089326
24,notyet,rotated,-7,-10.091009467341,50.9229575039567,-109.900006175096,89.7179872404142
24,notyet,rotated,-6,67.9900659660192,52.2656912207207,-34.4506888265934,170.430820758632
24,notyet,rotated,-5,39.3673879950215,57.7701016154397,-73.8620111712404,152.596787161283
24,notyet,rotated,-4,-9.65907504383756,48.1443205000103,-104.021943223858,84.7037931361827
24,notyet,rotated,-3,47.6555078621225,49.7339036201807,-49.8229432334317,145.133958957677
24,notyet,rotated,-2,-37.7534296316752,55.7962153652508,-147.114011747567,71.6071524842165
24,notyet,rotated,-1,0,0,0,0
24,notyet,rotated,0,272.446337354587,64.6455028186644,145.741151830005,399.151522879169
24,notyet,rotated,1,624.997480496819,154.67375198294,321.836926610257,928.158034383381
25,notyet,original,-8,-19.2403241783341,53.4906089226618,-124.081917666751,85.6012693100831
25,notyet,original,-7,30.9246295691257,51.0299755623035,-69.0941225329891,130.94338167124
25,notyet,original,-6,102.376276692913,52.3552985705544,-0.240108505373428,204.9926618912
25,notyet,original,-5,67.1120387649159,57.9357963377382,-46.4421220570509,180.666199586883
25,notyet,original,-4,11.4400354066828,48.2503893932351,-83.130727804058,106.010798617424
25,notyet,original,-3,62.1096230107788,49.7803288121535,-35.4598214610422,159.6790674826
25,notyet,original,-2,-30.0064349115293,55.9264836422371,-139.622342850314,79.6094730272554
25,notyet,original,-1,0,0,0,0
25,notyet,original,0,267.655517796719,64.6288851580442,140.982902886952,394.328132706486
25,notyet,original,1,614.140749441449,155.176778611924,309.994263362079,918.28723552082
25,notyet,rotated,-8,-67.2267223793702,53.4906089226618,-172.068315867787,37.614871109047
25,notyet,rotated,-7,-10.2065688889052,51.0299755623035,-110.22532099102,89.8121832132096
25,notyet,rotated,-6,68.1002779778874,52.3552985705544,-34.5161072203992,170.716663176174
25,notyet,rotated,-5,39.6912397928953,57.9357963377382,-73.8629210290716,153.245400614862
25,notyet,rotated,-4,-9.1255638223327,48.2503893932351,-103.696327033073,85.4451993884081
25,notyet,rotated,-3,48.3992235247684,49.7803288121535,-49.1702209470525,145.968667996589
25,notyet,rotated,-2,-36.8616346545344,55.9264836422371,-146.477542593319,72.7542732842502
25,notyet,rotated,-1,0,0,0,0
25,notyet,rotated,0,274.510717539724,64.6288851580442,147.838102629958,401.183332449491
25,notyet,rotated,1,627.851148927459,155.176778611924,323.704662848089,931.99763500683
26,notyet,original,-8,-20.6432060167865,52.958747891397,-124.442351883925,83.1559398503515
26,notyet,original,-7,25.0883102413687,50.8759437528335,-74.628539514185,124.805159996922
26,notyet,original,-6,94.9188919686905,52.2463337381797,-7.48392215814178,197.321706095523
26,notyet,original,-5,60.4833222716076,57.1829184982473,-51.5951979849571,172.561842528172
26,notyet,original,-4,4.89216069872072,47.9567468013634,-89.1030630319516,98.887384429393
26,notyet,original,-3,56.445548276278,49.8386863060033,-41.2382768834884,154.129373436044
26,notyet,original,-2,-36.6621913573383,55.950025342355,-146.324241028354,72.9998583136775
26,notyet,original,-1,0,0,0,0
26,notyet,original,0,203.099584677056,62.9685999209099,79.6811288320731,326.51804052204
26,notyet,original,1,426.412941035435,147.518886002967,137.275924469621,715.54995760125
26,notyet,rotated,-8,-61.316233794385,52.958747891397,-165.115379661523,42.4829120727531
26,notyet,rotated,-7,-9.77428499657286,50.8759437528335,-109.491134752127,89.9425647589808
26,notyet,rotated,-6,65.8667292704059,52.2463337381797,-36.5360848564264,168.269543397238
26,notyet,rotated,-5,37.2415921129799,57.1829184982473,-74.8369281435848,149.320112369545
26,notyet,rotated,-4,-12.53913692025,47.9567468013634,-106.534360650922,81.4560868104223
26,notyet,rotated,-3,44.8246831969642,49.8386863060033,-52.8591419628023,142.508508356731
26,notyet,rotated,-2,-42.4726238969952,55.950025342355,-152.134673568011,67.1894257740206
26,notyet,rotated,-1,0,0,0,0
26,notyet,rotated,0,208.910017216713,62.9685999209099,85.49156137173,332.328473061697
26,notyet,rotated,1,438.033806114749,147.518886002967,148.896789548935,727.170822680564
27,notyet,original,-8,-11.100149323744,48.9439910428442,-107.030371767719,84.8300731202305
27,notyet,original,-7,34.2481347205318,50.9716463971511,-65.6562922178843,134.152561658948
27,notyet,original,-6,106.011359512536,50.993231378821,6.06462601004644,205.958093015025
27,notyet,original,-5,50.513670057482,57.0007660143498,-61.2078313306436,162.235171445608
27,notyet,original,-4,39.2217046289061,47.2143469423051,-53.3184153780118,131.761824635824
27,notyet,original,-3,93.088925103869,47.441388084093,0.103804459046657,186.074045748691
27,notyet,original,-2,-0.19140521851601,54.1485039890995,-106.322473037151,105.939662600119
27,notyet,original,-1,0,0,0,0
27,notyet,original,0,164.109249413977,66.3413504125088,34.0802026054601,294.138296222495
27,notyet,original,1,559.294163937178,209.118767281746,149.421380064956,969.1669478094
27,notyet,rotated,-8,-69.2776893100205,48.9439910428442,-165.207911753995,26.6525331339541
27,notyet,rotated,-7,-15.618328124848,50.9716463971511,-115.522755063264,84.2860988135681
27,notyet,rotated,-6,64.4559738080524,50.993231378821,-35.4907596944367,164.402707310541
27,notyet,rotated,-5,17.2693614938955,57.0007660143498,-94.4521398942301,128.990862882021
27,notyet,rotated,-4,14.2884732062163,47.2143469423051,-78.2516468007017,106.828593213134
27,notyet,rotated,-3,76.4667708220757,47.441388084093,-16.5183498227466,169.451891466898
27,notyet,rotated,-2,-8.50248235941264,54.1485039890995,-114.633550178048,97.6285854592224
27,notyet,rotated,-1,0,0,0,0
27,notyet,rotated,0,172.420326554874,66.3413504125088,42.3912797463567,302.449373363391
27,notyet,rotated,1,575.916318218971,209.118767281746,166.043534346749,985.789102091194
28,notyet,original,-8,-21.9916238691198,51.1129081507955,-122.172923844679,78.1896761064394
28,notyet,original,-7,42.8067572597768,51.0783623899795,-57.306833024583,142.920347544137
28,notyet,original,-6,104.337176405143,52.78778914977,0.873109671594023,207.801243138693
28,notyet,original,-5,36.9515523901549,57.7870005503209,-76.3109686884741,150.214073468784
28,notyet,original,-4,32.8234842088185,49.3486164713783,-63.8998040750829,129.54677249272
28,notyet,original,-3,89.7221850587052,49.9597827144641,-8.19898906164447,187.643359179055
28,notyet,original,-2,-14.0781225532388,55.9527965509587,-123.745603793118,95.5893586866402
28,notyet,original,-1,0,0,0,0
28,notyet,original,0,175.623445176668,68.935045357466,40.5107562760352,310.736134077302
28,notyet,original,1,616.802245011289,211.052678988237,203.138994194343,1030.46549582823
28,notyet,rotated,-8,-73.8030222817091,51.1129081507955,-173.984322257268,26.3782776938501
28,notyet,rotated,-7,-1.60301280815688,51.0783623899795,-101.716603092517,98.5105774762029
28,notyet,rotated,-6,67.3290346818653,52.78778914977,-36.135032051684,170.793101415415
28,notyet,rotated,-5,7.34503901153246,57.7870005503209,-105.917482067097,120.607560090162
28,notyet,rotated,-4,10.6185991748517,49.3486164713783,-86.1046891090498,107.341887458753
28,notyet,rotated,-3,74.918928369394,49.9597827144641,-23.0022457509557,172.840102489744
28,notyet,rotated,-2,-21.4797508978944,55.9527965509587,-131.147232137773,88.1877303419846
28,notyet,rotated,-1,0,0,0,0
28,notyet,rotated,0,183.025073521324,68.935045357466,47.9123846206908,318.137762421957
28,notyet,rotated,1,631.6055017006,211.052678988237,217.942250883654,1045.26875251755
29,notyet,original,-8,-21.992718100044,51.1704415382862,-122.286783515085,78.3013473149969
29,notyet,original,-7,42.8058824892331,51.1353332437807,-57.419370668577,143.031135647043
29,notyet,original,-6,104.336322693629,52.8470209361947,0.756161658687503,207.91648372857
29,notyet,original,-5,36.9506833552157,57.8505973278558,-76.4364874073816,150.337854117813
29,notyet,original,-4,32.82225172814,49.4042588678084,-64.0100956527646,129.654599109044
29,notyet,original,-3,89.7210027608782,50.0153692612235,-8.30912099111995,187.751126512876
29,notyet,original,-2,-14.0793028973839,56.0159407266934,-123.870546721703,95.7119409269352
29,notyet,original,-1,0,0,0,0
29,notyet,original,0,175.622977187891,69.0130815245043,40.3573373998629,310.88861697592
29,notyet,original,1,616.802722857655,211.290858675837,202.672639853014,1030.9328058623
29,notyet,rotated,-8,-73.8027217466886,51.1704415382862,-174.09678716173,26.4913436683524
29,notyet,rotated,-7,-1.60269206503363,51.1353332437807,-101.827945222844,98.6225610927765
29,notyet,rotated,-6,67.32917723174,52.8470209361947,-36.2509838032015,170.909338266682
29,notyet,rotated,-5,7.34496698570456,57.8505973278558,-106.042203776893,120.732137748302
29,notyet,rotated,-4,10.6179644510066,49.4042588678084,-86.2143829298979,107.450311831911
29,notyet,rotated,-3,74.9181445761226,50.0153692612235,-23.1119791758756,172.948268328121
29,notyet,rotated,-2,-21.4807319897617,56.0159407266934,-131.271975814081,88.3105118345574
29,notyet,rotated,-1,0,0,0,0
29,notyet,rotated,0,183.024406280269,69.0130815245043,47.7587664922407,318.290046068297
29,notyet,rotated,1,631.60558104241,211.290858675837,217.475498037769,1045.73566404705
30,notyet,original,-8,-21.9964757283703,51.1508655866159,-122.252172278138,78.2592208213968
30,notyet,original,-7,42.8027346140251,51.115376525441,-57.3834033758392,142.988872603889
30,notyet,original,-6,104.333232913404,52.8267107710511,0.792879802144128,207.873586024664
30,notyet,original,-5,36.9476865333543,57.8285267642143,-76.3962259245057,150.291598991214
30,notyet,original,-4,32.8190845070432,49.3852570059325,-63.9760192245844,129.614188238671
30,notyet,original,-3,89.7178068703733,49.9963346258559,-8.27500899630434,187.710622737051
30,notyet,original,-2,-14.0823865211759,55.9946718366829,-123.831943321074,95.6671702787226
30,notyet,original,-1,0,0,0,0
30,notyet,original,0,175.621908959691,68.9864880632955,40.408392355632,310.83542556375
30,notyet,original,1,616.804113819768,211.212348049164,202.827911643408,1030.78031599613
30,notyet,rotated,-8,-73.8018991797052,51.1508655866159,-174.057595729472,26.453797370062
30,notyet,rotated,-7,-1.60191405854763,51.115376525441,-101.788052048412,98.5842239313166
30,notyet,rotated,-6,67.3293590195936,52.8267107710511,-36.2109940916665,170.869712130854
30,notyet,rotated,-5,7.3445874183058,57.8285267642143,-105.999325039554,120.688499876166
30,notyet,rotated,-4,10.6167601707569,49.3852570059325,-86.1783435608708,107.411863902385
30,notyet,rotated,-3,74.916257312849,49.9963346258559,-23.0765585538286,172.909073179527
30,notyet,rotated,-2,-21.483161299938,55.9946718366829,-131.232718099836,88.2663954999605
30,notyet,rotated,-1,0,0,0,0
30,notyet,rotated,0,183.022683738453,68.9864880632955,47.8091671343941,318.236200342512
30,notyet,rotated,1,631.605663377292,211.212348049164,217.629461200932,1045.58186555365
31,notyet,original,-8,-16.0165552040908,53.4324993100772,-120.744253851842,88.7111434436604
31,notyet,original,-7,31.8903036827851,51.0220387303299,-68.1128922286614,131.893499594232
31,notyet,original,-6,103.2291459218,52.3342107429369,0.65409286564315,205.804198977956
31,notyet,original,-5,67.9570699668151,57.9132481596601,-45.5528964261186,181.467036359749
31,notyet,original,-4,12.2846054149323,48.2461077724589,-82.2777658190871,106.846976648952
31,notyet,original,-3,62.9498259551847,49.7623464883035,-34.58437316189,160.484025072259
31,notyet,original,-2,-29.2041567139653,55.9267256957403,-138.820539077616,80.4122256496858
31,notyet,original,-1,0,0,0,0
31,notyet,original,0,266.898482323339,64.7170864110843,140.052992957614,393.743971689065
31,notyet,original,1,614.923615775436,154.976887816915,311.168915654283,918.67831589659
31,notyet,rotated,-8,-66.0540180333675,53.4324993100772,-170.781716681119,38.6736806143837
31,notyet,rotated,-7,-10.9989501708807,51.0220387303299,-111.002146082327,89.0042457405659
31,notyet,rotated,-6,67.4881010437447,52.3342107429369,-35.0869520124116,170.063154099901
31,notyet,rotated,-5,39.3642340643713,57.9132481596601,-74.1457323285625,152.874200457305
31,notyet,rotated,-4,-9.16002151190052,48.2461077724589,-103.72239274592,85.4023497221189
31,notyet,rotated,-3,48.6534080039628,49.7623464883035,-48.8807911131119,146.187607121038
31,notyet,rotated,-2,-36.3523656895762,55.9267256957403,-145.968748053227,73.2640166740748
31,notyet,rotated,-1,0,0,0,0
31,notyet,rotated,0,274.04669129895,64.7170864110843,147.201201933225,400.892180664675
31,notyet,rotated,1,629.220033726658,154.976887816915,325.465333605505,932.974733847812
32,notyet,original,-8,-21.9927590225777,51.1718940273914,-122.289671316265,78.3041532711094
32,notyet,original,-7,42.8058573981285,51.1367353845574,-57.422143955604,143.033858751861
32,notyet,original,-6,104.336284905126,52.848569958967,0.753087785551159,207.919482024702
32,notyet,original,-5,36.9506819884891,57.852285949924,-76.439798473362,150.34116245034
32,notyet,original,-4,32.8221082039957,49.4056206005747,-64.0129081731308,129.657124581122
32,notyet,original,-3,89.7208594861296,50.0167517567962,-8.31197395719092,187.75369292945
32,notyet,original,-2,-14.0793757002312,56.0175003738479,-123.873676432973,95.7149250325105
32,notyet,original,-1,0,0,0,0
32,notyet,original,0,175.622871110787,69.0150296249587,40.3534130458681,310.892329175706
32,notyet,original,1,616.802788427988,211.299776274987,202.655226929013,1030.95034992696
32,notyet,rotated,-8,-73.8026916022942,51.1718940273914,-174.099603895981,26.4942206913929
32,notyet,rotated,-7,-1.60265624162851,51.1367353845574,-101.830657595361,98.625345112104
32,notyet,rotated,-6,67.3291902053289,52.848569958967,-36.2540069142464,170.912387324904
32,notyet,rotated,-5,7.34500622865106,57.852285949924,-106.0454742332,120.735486690502
32,notyet,rotated,-4,10.6178513841172,49.4056206005747,-86.2171649930093,107.452867761244
32,notyet,rotated,-3,74.9180216062106,50.0167517567962,-23.1148118371099,172.950855049531
32,notyet,rotated,-2,-21.4807946401907,56.0175003738479,-131.275095372933,88.313506092551
32,notyet,rotated,-1,0,0,0,0
32,notyet,rotated,0,183.024290050747,69.0150296249587,47.7548319858277,318.293748115666
32,notyet,rotated,1,631.605626307907,211.299776274987,217.458064808932,1045.75318780688
