fe_id,control_sample,version,time,beta,se,lower,upper
1,never,original,-5,16.3947614215863,19.3285905095408,-21.4892759771136,54.2787988202862
1,never,original,-4,22.1955949693669,17.4972898165265,-12.0990930710251,56.4902830097589
1,never,original,-3,8.38599680565624,18.105932885777,-27.1016316504667,43.8736252617792
1,never,original,-2,5.49611391179452,18.7476374717972,-31.249255532928,42.2414833565171
1,never,original,-1,0,0,0,0
1,never,original,0,101.644649890549,21.2250004619536,60.0436489851196,143.245650795978
1,never,original,1,81.2104855312628,21.2302206026698,39.59925315003,122.821717912496
1,never,original,2,79.1939932643007,22.9279807358326,34.2551510220687,124.132835506533
1,never,original,3,41.5404465149296,21.148688694147,0.0890166744015559,82.9918763554577
1,never,original,4,39.5819557231036,22.215840011504,-3.96109069944436,83.1250021456515
1,never,rotated,-5,-4.19643032742074,19.3285905095408,-42.0804677261206,33.6876070712792
1,never,rotated,-4,6.7522011576116,17.4972898165265,-27.5424868827804,41.0468891980036
1,never,rotated,-3,-1.9095990688473,18.105932885777,-37.3972275249702,33.5780293872756
1,never,rotated,-2,0.348315974542755,18.7476374717972,-36.3970534701798,37.0936854192653
1,never,rotated,-1,0,0,0,0
1,never,rotated,0,106.7924478278,21.2250004619536,65.1914469223714,148.39344873323
1,never,rotated,1,91.5060814057663,21.2302206026698,49.8948490245335,133.117313786999
1,never,rotated,2,94.637387076056,22.9279807358326,49.698544833824,139.576229318288
1,never,rotated,3,62.1316382639367,21.148688694147,20.6802084234086,103.583068104465
1,never,rotated,4,65.3209454093624,22.215840011504,21.7778989868145,108.86399183191
2,never,original,-5,5.61351544191444,20.0425195942312,-33.6698229627787,44.8968538466076
2,never,original,-4,22.6959464710235,16.7865109756899,-10.2056150413287,55.5975079833757
2,never,original,-3,6.58570510619612,17.6916886793024,-28.0900047052366,41.2614149176289
2,never,original,-2,11.9913520353396,18.1957855274511,-23.6723875984646,47.6550916691438
2,never,original,-1,0,0,0,0
2,never,original,0,102.893337508014,20.7283396178302,62.2657918570666,143.520883158961
2,never,original,1,84.9288404957627,20.7737009177278,44.2123866970163,125.645294294509
2,never,original,2,80.6845108786816,22.6961300012943,36.2000960761449,125.168925681218
2,never,original,3,43.9694390828203,20.8859978573214,3.03288328247028,84.9059948831703
2,never,original,4,44.6664835604288,21.6554856815855,2.22173162452125,87.1112354963363
2,never,rotated,-5,-9.81377301521357,20.0425195942312,-49.0971114199067,29.4695653894796
2,never,rotated,-4,11.1254801281775,16.7865109756899,-21.7760813841747,44.0270416405297
2,never,rotated,-3,-1.12793912236788,17.6916886793024,-35.8036489338007,33.5477706890649
2,never,rotated,-2,8.13452992105763,18.1957855274511,-27.5292097127466,43.7982695548618
2,never,rotated,-1,0,0,0,0
2,never,rotated,0,106.750159622296,20.7283396178302,66.1226139713486,147.377705273243
2,never,rotated,1,92.6424847243267,20.7737009177278,51.9260309255803,133.358938523073
2,never,rotated,2,92.2549772215276,22.6961300012943,47.7705624189909,136.739392024064
2,never,rotated,3,59.3967275399483,20.8859978573214,18.4601717395983,100.333283340298
2,never,rotated,4,63.9505941318388,21.6554856815855,21.5058421959313,106.395346067746
3,never,original,-5,8.42804392278,21.4097137587067,-33.5349950442851,50.3910828898451
3,never,original,-4,16.4901139360897,18.8395257282624,-20.4353564913046,53.4155843634839
3,never,original,-3,4.7594361214954,18.4257201319898,-31.3549753372046,40.8738475801954
3,never,original,-2,3.45588274883036,19.6000145379403,-34.9601457455326,41.8719112431934
3,never,original,-1,0,0,0,0
3,never,original,0,100.63177949159,21.3342182537923,58.8167117141576,142.446847269023
3,never,original,1,70.7472038686421,20.5149632756563,30.5378758483557,110.956531888928
3,never,original,2,66.7541957599304,21.2175845054024,25.1677301293417,108.340661390519
3,never,original,3,26.8873838182235,22.3264830923834,-16.872523042848,70.6472906792951
3,never,original,4,22.5575224447202,22.8415596711357,-22.2119345107058,67.3269794001462
3,never,rotated,-5,-4.39292574271468,21.4097137587067,-46.3559647097798,37.5701132243505
3,never,rotated,-4,6.87438668696865,18.8395257282624,-30.0510837404256,43.7998571143629
3,never,rotated,-3,-1.65104871125195,18.4257201319898,-37.7654601699519,34.4633627474481
3,never,rotated,-2,0.250640332456688,19.6000145379403,-38.1653881619063,38.6666688268197
3,never,rotated,-1,0,0,0,0
3,never,rotated,0,103.837021907964,21.3342182537923,62.0219541305313,145.652089685397
3,never,rotated,1,77.1576887013894,20.5149632756563,36.948360681103,117.367016721676
3,never,rotated,2,76.3699230090515,21.2175845054024,34.7834573784628,117.95638863964
3,never,rotated,3,39.7083534837182,22.3264830923834,-4.05155337735329,83.4682603447897
3,never,rotated,4,38.5837345265886,22.8415596711357,-6.18572242883742,83.3531914820146
4,never,original,-5,36.5641516906289,22.2372743813936,-7.02090609690269,80.1492094781604
4,never,original,-4,49.5270954280176,20.0107536661885,10.3060182422881,88.7481726137471
4,never,original,-3,19.2550475136932,21.4147351910434,-22.7178334607519,61.2279284881383
4,never,original,-2,13.4203192729707,21.6183304649541,-28.9516084383393,55.7922469842807
4,never,original,-1,0,0,0,0
4,never,original,0,119.983376595638,23.3486816483851,74.2199605648032,165.746792626473
4,never,original,1,108.099939324958,23.2990818095783,62.4337389781842,153.766139671731
4,never,original,2,89.7236556214493,25.0037410111492,40.7163232395968,138.730988003302
4,never,original,3,49.1179747820767,23.0566837880323,3.92687455753343,94.3090750066201
4,never,original,4,39.380570835816,22.1340926236341,-4.00225070650694,82.7633923781389
4,never,rotated,-5,-9.67162262229453,22.2372743813936,-53.2566804098261,33.913435165237
4,never,rotated,-4,14.8502646933251,20.0107536661885,-24.3708124924044,54.0713418790546
4,never,rotated,-3,-3.8628396427685,21.4147351910434,-45.8357206172136,38.1100413316766
4,never,rotated,-2,1.86137569473985,21.6183304649541,-40.5105520165701,44.2333034060498
4,never,rotated,-1,0,0,0,0
4,never,rotated,0,131.542320173869,23.3486816483851,85.778904143034,177.305736204704
4,never,rotated,1,131.217826481419,23.2990818095783,85.5516261346459,176.884026828193
4,never,rotated,2,124.400486356142,25.0037410111492,75.3931539742893,173.407818737994
4,never,rotated,3,95.3537490950001,23.0566837880323,50.1626488704568,140.544849319543
4,never,rotated,4,97.1752887269702,22.1340926236341,53.7924671846473,140.558110269293
5,never,original,-5,34.6085109525345,22.9215801432028,-10.317786128143,79.534808033212
5,never,original,-4,39.7194937322232,20.0774060695336,0.36777783593741,79.071209628509
5,never,original,-3,23.697924144712,20.794683354677,-17.0596552304549,64.4555035198789
5,never,original,-2,13.6655340697628,19.482962066451,-24.5210715804812,51.8521397200068
5,never,original,-1,0,0,0,0
5,never,original,0,97.2004825486423,20.5823086490565,56.8591575964917,137.541807500793
5,never,original,1,94.3051350500328,22.0404193220614,51.1059131787925,137.504356921273
5,never,original,2,84.9522954855045,22.3800105854873,41.0874747379494,128.81711623306
5,never,original,3,30.8051997522203,23.8844052737651,-16.0082345843592,77.6186340887998
5,never,original,4,16.3525386075258,25.1092400976925,-32.8615719839514,65.5666491990031
5,never,rotated,-5,-7.87867669626476,22.9215801432028,-52.8049737769423,37.0476203844127
5,never,rotated,-4,7.85410299562376,20.0774060695336,-31.497612900662,47.2058188919096
5,never,rotated,-3,2.45433032031237,20.794683354677,-38.3032490548545,43.2119096954792
5,never,rotated,-2,3.04373715756302,19.482962066451,-35.142868492681,41.230342807807
5,never,rotated,-1,0,0,0,0
5,never,rotated,0,107.822279460842,20.5823086490565,67.4809545086915,148.163604412993
5,never,rotated,1,115.548728874432,22.0404193220614,72.3495070031921,158.747950745673
5,never,rotated,2,116.817686222104,22.3800105854873,72.9528654745489,160.682506969659
5,never,rotated,3,73.2923874010195,23.8844052737651,26.4789530644401,120.105821737599
5,never,rotated,4,69.4615231685249,25.1092400976925,20.2474125770476,118.675633760002
6,never,original,-5,12.1365695871665,25.5453438643593,-37.9323043869777,62.2054435613106
6,never,original,-4,34.3077278511039,23.8354992199647,-12.4098506200269,81.0253063222346
6,never,original,-3,-11.0355959255775,21.2336544161122,-52.6535585811574,30.5823667300025
6,never,original,-2,7.16757108421111,21.2872929793399,-34.555523155295,48.8906653237173
6,never,original,-1,0,0,0,0
6,never,original,0,64.0533022999968,20.697078774418,23.4870279021376,104.619576697856
6,never,original,1,77.9231960063807,23.4952349585326,31.8725354876569,123.973856525105
6,never,original,2,46.9909612632041,24.8343595522671,-1.68438345923947,95.6663059856477
6,never,original,3,46.2920479920502,24.4100972852729,-1.55174268708464,94.1358386711851
6,never,original,4,35.6552557188483,25.2013339001379,-13.7393587254219,85.0498701631185
6,never,rotated,-5,-6.07220923083802,25.5453438643593,-56.1410832049822,43.9966647433061
6,never,rotated,-4,20.6511437376005,23.8354992199647,-26.0664347335302,67.3687222087312
6,never,rotated,-3,-20.1399853345797,21.2336544161122,-61.7579479901596,21.4779773210002
6,never,rotated,-2,2.61537637970998,21.2872929793399,-39.1077178597962,44.3384706192161
6,never,rotated,-1,0,0,0,0
6,never,rotated,0,68.605497004498,20.697078774418,28.0392226066387,109.171771402357
6,never,rotated,1,87.027585415383,23.4952349585326,40.9769248966591,133.078245934107
6,never,rotated,2,60.6475453767075,24.8343595522671,11.9722006542639,109.322890099151
6,never,rotated,3,64.5008268100547,24.4100972852729,16.6570361309199,112.34461748919
6,never,rotated,4,58.4162292413539,25.2013339001379,9.02161479708374,107.810843685624
7,never,original,-5,2.79393551814691,21.4859009601883,-39.318430363822,44.9063014001159
7,never,original,-4,21.9556085801733,17.8357278934124,-13.0024180909151,56.9136352512616
7,never,original,-3,6.08562658619916,17.7284623908241,-28.662159699816,40.8334128722143
7,never,original,-2,11.7485069542428,18.7616286835112,-25.0242852654393,48.5212991739248
7,never,original,-1,0,0,0,0
7,never,original,0,100.304287338336,20.5395656885907,60.0467385886983,140.561836087974
7,never,original,1,77.0335079974197,20.1058341824509,37.626072999816,116.440942995023
7,never,original,2,70.6955864623337,21.2380984218976,29.0689135554144,112.322259369253
7,never,original,3,31.8947810930842,21.9658758331539,-11.1583355398976,74.9478977260659
7,never,original,4,30.5077086559803,22.249078168872,-13.1004845550088,74.1159018669694
7,never,rotated,-5,-10.6677082071529,21.4859009601883,-52.7800740891219,31.4446576748161
7,never,rotated,-4,11.8593757861984,17.8357278934124,-23.09865088489,46.8174024572868
7,never,rotated,-3,-0.645195276450745,17.7284623908241,-35.3929815624659,34.1025910095644
7,never,rotated,-2,8.3830960229178,18.7616286835112,-28.3896961967642,45.1558882425998
7,never,rotated,-1,0,0,0,0
7,never,rotated,0,103.669698269661,20.5395656885907,63.4121495200233,143.927247019299
7,never,rotated,1,83.7643298600696,20.1058341824509,44.3568948624659,123.171764857673
7,never,rotated,2,80.7918192563085,21.2380984218976,39.1651463493892,122.418492163228
7,never,rotated,3,45.356424818384,21.9658758331539,2.30330818540222,88.4095414513657
7,never,rotated,4,47.3347633126051,22.249078168872,3.72657010161598,90.9429565235942
8,never,original,-5,24.3205407399547,22.3162711371516,-19.4193506888625,68.0604321687719
8,never,original,-4,43.5834093173473,19.6071139060558,5.15346606147803,82.0133525732166
8,never,original,-3,21.5801137215428,20.980333935734,-19.5413407924958,62.7015682355814
8,never,original,-2,17.943614486137,21.336671084373,-23.876260839234,59.7634898115081
8,never,original,-1,0,0,0,0
8,never,original,0,120.376622650062,22.7466548468922,75.7931791501529,164.96006614997
8,never,original,1,105.585210228291,22.8577008356563,60.7841165904047,150.386303866177
8,never,original,2,95.4306204517944,24.7586974166981,46.9035735150662,143.957667388523
8,never,original,3,49.720714828017,22.9410773874856,4.75620314854533,94.6852265074888
8,never,original,4,44.5745248480193,21.5978044354186,2.24282815459888,86.9062215414396
8,never,rotated,-5,-14.2309569721898,22.3162711371516,-57.970848401007,29.5089344566275
8,never,rotated,-4,14.669786033239,19.6071139060558,-23.7601572226303,53.0997292891083
8,never,rotated,-3,2.30436486547059,20.980333935734,-38.817089648568,43.4258193795092
8,never,rotated,-2,8.30574005810091,21.336671084373,-33.5141352672702,50.125615383472
8,never,rotated,-1,0,0,0,0
8,never,rotated,0,130.014497078098,22.7466548468922,85.4310535781891,174.597940578006
8,never,rotated,1,124.860959084363,22.8577008356563,80.059865446477,169.66205272225
8,never,rotated,2,124.344243735903,24.7586974166981,75.8171967991745,172.871290672631
8,never,rotated,3,88.2722125401615,22.9410773874856,43.3077008606898,133.236724219633
8,never,rotated,4,92.7638969881998,21.5978044354186,50.4322002947795,135.09559368162
9,never,original,-5,-0.808329763670883,23.2107735319098,-46.3014458862141,44.6847863588723
9,never,original,-4,15.2273270380655,19.5457515042553,-23.0823459102749,53.5369999864059
9,never,original,-3,-0.447613317228758,20.5163010841329,-40.6595634421293,39.7643368076717
9,never,original,-2,7.92849731327588,19.4284637174387,-30.1512915729041,46.0082861994558
9,never,original,-1,0,0,0,0
9,never,original,0,69.8565323544449,20.1855423778644,30.2928692938308,109.420195415059
9,never,original,1,69.3966136815637,20.9572255300564,28.3204516426531,110.472775720474
9,never,original,2,61.6788341517048,21.6949621712112,19.1567082961309,104.200960007279
9,never,original,3,21.4233858017454,23.5941840643688,-24.8212149644173,67.6679865679082
9,never,original,4,24.4840424637148,23.9955743298197,-22.5472832227317,71.5153681501614
9,never,rotated,-5,-7.40592079544839,23.2107735319098,-52.8990369179916,38.0871953270948
9,never,rotated,-4,10.2791337642324,19.5457515042553,-28.030539184108,48.5888067125727
9,never,rotated,-3,-3.74640883311751,20.5163010841329,-43.958358958018,36.465541291783
9,never,rotated,-2,6.2790995553315,19.4284637174387,-31.8006893308484,44.3588884415114
9,never,rotated,-1,0,0,0,0
9,never,rotated,0,71.5059301123893,20.1855423778644,31.9422670517752,111.069593173003
9,never,rotated,1,72.6954091974525,20.9572255300564,31.6192471585419,113.771571236363
9,never,rotated,2,66.6270274255379,21.6949621712112,24.104901569964,109.149153281112
9,never,rotated,3,28.0209768335229,23.5941840643688,-18.2236239326398,74.2655775996857
9,never,rotated,4,32.7310312534367,23.9955743298197,-14.3002944330098,79.7623569398832
10,never,original,-5,14.6682208460278,25.2599437037453,-34.841268813313,64.1777105053686
10,never,original,-4,32.0581847482005,23.6047928566319,-14.207209250798,78.323578747199
10,never,original,-3,-11.3617991158971,21.2501825227337,-53.0121568604552,30.288558628661
10,never,original,-2,6.68196867557871,21.0104890895186,-34.4985899398777,47.8625272910352
10,never,original,-1,0,0,0,0
10,never,original,0,62.8775864115026,20.6092369749769,22.4834819405478,103.271690882457
10,never,original,1,77.1899720894339,23.1124053847493,31.8896575353253,122.490286643542
10,never,original,2,46.9761518374674,24.7336942113673,-1.50188881681252,95.4541924917472
10,never,original,3,43.3768897811518,24.1465563943821,-3.95036075183702,90.7041403141407
10,never,original,4,38.7734391184434,25.0222991116326,-10.2702671403565,87.8171453772434
10,never,rotated,-5,-3.83922023030514,25.2599437037453,-53.3487098896459,45.6702694290357
10,never,rotated,-4,18.1776039409507,23.6047928566319,-28.0877900580478,64.4429979399492
10,never,rotated,-3,-20.6155196540636,21.2501825227337,-62.2658773986217,21.0348380904945
10,never,rotated,-2,2.05510840649547,21.0104890895186,-39.125450208961,43.2356670219519
10,never,rotated,-1,0,0,0,0
10,never,rotated,0,67.5044466805859,20.6092369749769,27.1103422096311,107.898551151541
10,never,rotated,1,86.4436926276004,23.1124053847493,41.1433780734918,131.744007181709
10,never,rotated,2,60.8567326447171,24.7336942113673,12.3786919904372,109.334773298997
10,never,rotated,3,61.8843308574848,24.1465563943821,14.557080324496,109.211581390474
10,never,rotated,4,61.9077404638597,25.0222991116326,12.8640342050597,110.95144672266
11,never,original,-5,22.4331229688914,22.8347126441802,-22.3229138137018,67.1891597514845
11,never,original,-4,43.656453408313,20.9169536623144,2.6592242301768,84.6536825864493
11,never,original,-3,15.1574025372195,21.2665580403727,-26.5250512219109,56.83985629635
11,never,original,-2,10.0743151440984,22.4625357937056,-33.9522550115645,54.1008852997614
11,never,original,-1,0,0,0,0
11,never,original,0,128.476608010507,24.6182947145318,80.2247503700247,176.728465650989
11,never,original,1,110.041001650019,23.8995471467728,63.1978892423446,156.884114057694
11,never,original,2,87.981665571227,24.7772734425072,39.4182096239129,136.545121518541
11,never,original,3,43.1951241135778,24.4158286278427,-4.65989999699393,91.0501482241496
11,never,original,4,31.1574275993131,23.0279835301689,-13.977420119818,76.2922753184442
11,never,rotated,-5,-12.3790066736476,22.8347126441802,-57.1350434562407,32.3770301089456
11,never,rotated,-4,17.5473561764088,20.9169536623144,-23.4498730017274,58.5445853545451
11,never,rotated,-3,-2.24866228404996,21.2665580403727,-43.9311160431804,39.4337914750805
11,never,rotated,-2,1.37128273346368,22.4625357937056,-42.6552874221993,45.3978528891266
11,never,rotated,-1,0,0,0,0
11,never,rotated,0,137.179640421142,24.6182947145318,88.9277827806595,185.431498061624
11,never,rotated,1,127.447066471289,23.8995471467728,80.6039540636141,174.290178878963
11,never,rotated,2,114.090762803131,24.7772734425072,65.5273068558171,162.654218750445
11,never,rotated,3,78.0072537561168,24.4158286278427,30.152229645545,125.862277866689
11,never,rotated,4,74.6725896524868,23.0279835301689,29.5377419333557,119.807437371618
12,never,original,-5,-18.4361272811619,26.0653705347699,-69.5242535293108,32.651998966987
12,never,original,-4,-1.91720623819349,21.5225922084438,-44.1014869667433,40.2670744903563
12,never,original,-3,-8.64074882550407,19.9326497613241,-47.7087423576994,30.4272447066913
12,never,original,-2,-5.59280207663138,21.1248209408589,-46.9974511207149,35.8118469674521
12,never,original,-1,0,0,0,0
12,never,original,0,71.5311096064617,20.954456921594,30.4603740401374,112.601845172786
12,never,original,1,62.1895153178347,21.8540559891893,19.3555655790236,105.023465056646
12,never,original,2,52.6061668412185,22.1600328093862,9.17250253482149,96.0398311476154
12,never,original,3,2.61761487527885,23.9061190232818,-44.2383784103535,49.4736081609112
12,never,original,4,-3.12562607573443,24.0994007166156,-50.360451480301,44.1091993288322
12,never,rotated,-5,-4.78673693891289,26.0653705347699,-55.8748631870618,46.301389309236
12,never,rotated,-4,8.31983651849327,21.5225922084438,-33.8644442100565,50.504117247043
12,never,rotated,-3,-1.81605365437956,19.9326497613241,-40.8840471865749,37.2519398778158
12,never,rotated,-2,-2.18045449106913,21.1248209408589,-43.5851035351526,39.2241945530144
12,never,rotated,-1,0,0,0,0
12,never,rotated,0,68.1187620208995,20.954456921594,27.0480264545751,109.189497587224
12,never,rotated,1,55.3648201467101,21.8540559891893,12.5308704078991,98.1987698855212
12,never,rotated,2,42.3691240845317,22.1600328093862,-1.06454022186527,85.8027883909287
12,never,rotated,3,-11.0317754669702,23.9061190232818,-57.8877687526025,35.8242178186622
12,never,rotated,4,-20.1873640035457,24.0994007166156,-67.4221894081123,27.0474614010209
13,never,original,-5,12.0822997260502,25.5539003903334,-38.0033450390033,62.1679444911037
13,never,original,-4,34.3798222725228,23.8526872947113,-12.3714448251114,81.131089370157
13,never,original,-3,-11.0135070288576,21.238853229087,-52.6416593578681,30.6146453001529
13,never,original,-2,7.19255368496763,21.298722150826,-34.5529417306513,48.9380491005865
13,never,original,-1,0,0,0,0
13,never,original,0,64.1339857177609,20.7076504096045,23.5469909149362,104.720980520586
13,never,original,1,77.9841342226713,23.5098121798829,31.9049023501009,124.063366095242
13,never,original,2,47.0455085487359,24.8385857818241,-1.63811958363933,95.7291366811111
13,never,original,3,46.3988758215105,24.4212939973848,-1.46686041336373,94.2646120563847
13,never,original,4,35.6070727156249,25.2022166457837,-13.7892719101111,85.003417341361
13,never,rotated,-5,-6.13559432048602,25.5539003903334,-56.2212390855395,43.9500504445675
13,never,rotated,-4,20.7164017376206,23.8526872947113,-26.0348653600136,67.4676688352548
13,never,rotated,-3,-20.1224540521257,21.238853229087,-61.7506063811362,21.5056982768848
13,never,rotated,-2,2.63808017333358,21.298722150826,-39.1074152422853,44.3835755889525
13,never,rotated,-1,0,0,0,0
13,never,rotated,0,68.688459229395,20.7076504096045,28.1014644265702,109.27545403222
13,never,rotated,1,87.0930812459394,23.5098121798829,41.013849373369,133.17231311851
13,never,rotated,2,60.7089290836381,24.8385857818241,12.0253009512628,109.392557216013
13,never,rotated,3,64.6167698680467,24.4212939973848,16.7510336331725,112.482506102921
13,never,rotated,4,58.3794402737952,25.2022166457837,8.98309564805914,107.775784899531
14,never,original,-5,22.8739080358866,23.7146128885314,-23.606733225635,69.3545492974082
14,never,original,-4,43.9157163443547,20.6318288870665,3.47733172570439,84.3541009630051
14,never,original,-3,15.4203454174517,22.2224475445627,-28.1356517698912,58.9763426047946
14,never,original,-2,12.2728427029504,22.0482905697433,-30.9418068137464,55.4874922196473
14,never,original,-1,0,0,0,0
14,never,original,0,89.157768059853,20.4431345270369,49.0892243868606,129.226311732845
14,never,original,1,99.2792957051823,22.6978597696351,54.7914905566974,143.767100853667
14,never,original,2,77.711797736931,23.551819377736,31.5502317565684,123.873363717294
14,never,original,3,30.3406972470756,25.5744373054482,-19.7851998716028,80.4665943657541
14,never,original,4,16.5273027619246,25.1617561421377,-32.7897392766652,65.8443448005144
14,never,rotated,-5,-12.6402672593753,23.7146128885314,-59.120908520897,33.8403740021463
14,never,rotated,-4,17.2800848729083,20.6318288870665,-23.158299745742,57.7184694915587
14,never,rotated,-3,-2.33674223017926,22.2224475445627,-45.8927394175221,41.2192549571636
14,never,rotated,-2,3.39429887913494,22.0482905697433,-39.8203506375619,46.6089483958318
14,never,rotated,-1,0,0,0,0
14,never,rotated,0,98.0363118836684,20.4431345270369,57.967768210676,138.104855556661
14,never,rotated,1,117.036383352813,22.6978597696351,72.5485782043284,161.524188501298
14,never,rotated,2,104.347429208377,23.551819377736,58.1858632280149,150.50899518874
14,never,rotated,3,65.8548725423376,25.5744373054482,15.7289754236591,115.980769661016
14,never,rotated,4,60.9200218810019,25.1617561421377,11.6029798424121,110.237063919592
15,never,original,-5,12.1365695857714,25.5460333638508,-37.9336558073763,62.206794978919
15,never,original,-4,34.3077278502768,23.836143301427,-12.4111130205202,81.0265687210738
15,never,original,-3,-11.0355959263961,21.2342286316302,-52.6546840443914,30.5834921915992
15,never,original,-2,7.16757108338127,21.28786853043,-34.5566512362615,48.8917934030241
15,never,original,-1,0,0,0,0
15,never,original,0,64.0533022985441,20.6976413939832,23.4859251663371,104.620679430751
15,never,original,1,77.9231960055065,23.495868462392,31.8712938192181,123.975098191795
15,never,original,2,46.9909612623337,24.8350299910846,-1.68569752019211,95.6676200448594
15,never,original,3,46.2920479911988,24.4107565293773,-1.55303480638073,94.1371307887783
15,never,original,4,35.6552557180017,25.2020154398894,-13.7406945441816,85.0512059801849
15,never,rotated,-5,-6.07220923082928,25.5460333638508,-56.1424346239769,43.9980161623184
15,never,rotated,-4,20.6511437378263,23.836143301427,-26.0676971329707,67.3699846086233
15,never,rotated,-3,-20.1399853346964,21.2342286316302,-61.7590734526917,21.4791027832988
15,never,rotated,-2,2.6153763792311,21.28786853043,-39.1088459404117,44.3395986988739
15,never,rotated,-1,0,0,0,0
15,never,rotated,0,68.6054970026943,20.6976413939832,28.0381198704873,109.172874134901
15,never,rotated,1,87.0275854138069,23.495868462392,40.9756832275185,133.079487600095
15,never,rotated,2,60.6475453747842,24.8350299910846,11.9708865922584,109.32420415731
15,never,rotated,3,64.5008268077995,24.4107565293773,16.6557440102199,112.345909605379
15,never,rotated,4,58.4162292387525,25.2020154398894,9.02027897656924,107.812179500936
16,never,original,-5,12.136569587167,25.5478291826376,-37.9371756108027,62.2103147851366
16,never,original,-4,34.3077278511046,23.8378181866695,-12.4143957947676,81.0298514969767
16,never,original,-3,-11.0355959255771,21.2357202481369,-52.6576076119253,30.5864157607711
16,never,original,-2,7.16757108421147,21.289364029885,-34.559582414363,48.894724582786
16,never,original,-1,0,0,0,0
16,never,original,0,64.0533022999982,20.6990924027529,23.4830811906026,104.623523409394
16,never,original,1,77.9231960063814,23.4975208207728,31.8680551976666,123.978336815096
16,never,original,2,46.9909612632047,24.8367756985557,-1.68911910596445,95.6710416323739
16,never,original,3,46.2920479920509,24.4124721548897,-1.55639743153287,94.1404934156346
16,never,original,4,35.6552557188487,25.2037857495242,-13.7441643502188,85.0546757879163
16,never,rotated,-5,-6.07220923083822,25.5478291826376,-56.1459544288079,44.0015359671315
16,never,rotated,-4,20.6511437376007,23.8378181866695,-26.0709799082715,67.3732673834729
16,never,rotated,-3,-20.1399853345797,21.2357202481369,-61.7619970209279,21.4820263517685
16,never,rotated,-2,2.61537637971018,21.289364029885,-39.1117771188643,44.3425298782847
16,never,rotated,-1,0,0,0,0
16,never,rotated,0,68.6054970044995,20.6990924027529,28.0352758951039,109.175718113895
16,never,rotated,1,87.027585415384,23.4975208207728,40.9724446066692,133.082726224099
16,never,rotated,2,60.6475453767086,24.8367756985557,11.9674650075394,109.327625745878
16,never,rotated,3,64.500826810056,24.4124721548897,16.6523813864723,112.34927223364
16,never,rotated,4,58.4162292413552,25.2037857495242,9.0168091722877,107.815649310423
17,never,original,-5,16.8882577640164,22.5915786059398,-27.3912363036255,61.1677518316584
17,never,original,-4,44.4137163939985,20.273271241831,4.67810476000981,84.1493280279872
17,never,original,-3,22.4490719530017,20.5635395140945,-17.8554654946236,62.7536094006269
17,never,original,-2,16.778495974146,21.8768463879869,-26.1001229463083,59.6571148946003
17,never,original,-1,0,0,0,0
17,never,original,0,127.398830266515,23.7582894486635,80.8325829471347,173.965077585896
17,never,original,1,110.77299993126,23.5397685979085,64.6350534793589,156.91094638316
17,never,original,2,97.03259950615,24.5861675300339,48.8437111472836,145.221487865016
17,never,original,3,45.9302940984562,24.1753541187068,-1.45339997420908,93.3139881711216
17,never,original,4,38.5937286410904,22.4423156960577,-5.39321012318272,82.5806674053635
17,never,rotated,-5,-18.1078515850783,22.5915786059398,-62.3873456527203,26.1716424825636
17,never,rotated,-4,18.1666343821774,20.273271241831,-21.5689772518113,57.9022460161662
17,never,rotated,-3,4.95101727845431,20.5635395140945,-35.353520169171,45.2555547260796
17,never,rotated,-2,8.02946863687231,21.8768463879869,-34.849150283582,50.9080875573266
17,never,rotated,-1,0,0,0,0
17,never,rotated,0,136.147857603789,23.7582894486635,89.5816102844084,182.714104923169
17,never,rotated,1,128.271054605807,23.5397685979085,82.1331081539063,174.409001057708
17,never,rotated,2,123.279681517971,24.5861675300339,75.0907931591046,171.468569876837
17,never,rotated,3,80.926403447551,24.1753541187068,33.5427093748857,128.310097520216
17,never,rotated,4,82.3388653274589,22.4423156960577,38.3519265631857,126.325804091732
18,never,original,-5,-22.2119842339009,26.8100356438353,-74.759654095818,30.3356856280162
18,never,original,-4,-6.20303423679236,21.1081941181188,-47.5750947083052,35.1690262347204
18,never,original,-3,-28.1379194244991,20.408341276158,-68.1382683257689,11.8624294767706
18,never,original,-2,-13.90717930867,21.1297515019116,-55.3214922524167,27.5071336350767
18,never,original,-1,0,0,0,0
18,never,original,0,62.2925344205002,20.7704550554553,21.5824425118079,103.002626329192
18,never,original,1,53.8374170448429,21.3536342246452,11.9842939645383,95.6905401251475
18,never,original,2,34.3862179787705,22.1378111404173,-9.00389185644743,77.7763278139884
18,never,original,3,-7.52057322864261,23.7633530341364,-54.09674517555,39.0555987182648
18,never,original,4,6.92099078316277,23.3724398672526,-38.8889913566522,52.7309729229778
18,never,rotated,-5,1.47335680658563,26.8100356438353,-51.0743130553315,54.0210266685027
18,never,rotated,-4,11.5609715435725,21.1081941181188,-29.8110889279403,52.9330320150853
18,never,rotated,-3,-16.2952489042559,20.408341276158,-56.2955978055256,23.7050999970139
18,never,rotated,-2,-7.98584404854839,21.1297515019116,-49.4001569922951,33.4284688951983
18,never,rotated,-1,0,0,0,0
18,never,rotated,0,56.3711991603785,20.7704550554553,15.6611072516862,97.0812910690708
18,never,rotated,1,41.9947465245996,21.3536342246452,0.141623444295035,83.8478696049042
18,never,rotated,2,16.6222121984056,22.1378111404173,-26.7678976368123,60.0123220336235
18,never,rotated,3,-31.2059142691291,23.7633530341364,-77.7820862160365,15.3702576777783
18,never,rotated,4,-22.6856855174454,23.3724398672526,-68.4956676572604,23.1242966223696
19,never,original,-5,14.6957853110975,25.2552351426521,-34.8044755685006,64.1960461906955
19,never,original,-4,32.0101511342446,23.605284461575,-14.2562064104423,78.2765086789315
19,never,original,-3,-11.3786387050187,21.2541322237367,-53.0367378635426,30.2794604535052
19,never,original,-2,6.66113423398081,21.0086080562806,-34.5157375563291,47.8380060242907
19,never,original,-1,0,0,0,0
19,never,original,0,62.8871471682894,20.6101557055346,22.4912419854416,103.283052351137
19,never,original,1,77.1968489538163,23.1094247990799,31.9023763476198,122.491321560013
19,never,original,2,47.0083758883605,24.7312822458491,-1.46493731350368,95.4816890902248
19,never,original,3,43.3362851201021,24.1451823136246,-3.98827221460211,90.6608424548063
19,never,original,4,38.8327323261407,25.0184363849488,-10.203402988359,87.8688676406404
19,never,rotated,-5,-3.79987488504481,25.2552351426521,-53.3001357646429,45.7003859945532
19,never,rotated,-4,18.1384059871379,23.605284461575,-28.127951557549,64.4047635318248
19,never,rotated,-3,-20.6264688030899,21.2541322237367,-62.2845679616138,21.0316303554341
19,never,rotated,-2,2.03721918494524,21.0086080562806,-39.1396526053646,43.2140909752551
19,never,rotated,-1,0,0,0,0
19,never,rotated,0,67.5110622173249,20.6101557055346,27.1151570344771,107.906967400173
19,never,rotated,1,86.4446790518875,23.1094247990799,41.1502064456909,131.739151658084
19,never,rotated,2,60.8801210354672,24.7312822458491,12.406807833603,109.353434237331
19,never,rotated,3,61.8319453162444,24.1451823136246,14.5073879815401,109.156502650949
19,never,rotated,4,61.9523075713185,25.0184363849488,12.9161722568188,110.988442885818
20,never,original,-5,20.2512106174715,23.3159853438955,-25.4481206565637,65.9505418915067
20,never,original,-4,39.2126219892828,20.1732269262596,-0.326902786186018,78.7521467647516
20,never,original,-3,18.211210705146,22.0690914742047,-25.0442085842952,61.4666299945872
20,never,original,-2,16.7094676827552,21.6877747449016,-25.7985708172521,59.2175061827624
20,never,original,-1,0,0,0,0
20,never,original,0,84.0228693002346,20.1105581351728,44.6061753552959,123.439563245173
20,never,original,1,95.7674137105554,22.0348758575225,52.5790570298112,138.9557703913
20,never,original,2,82.2034728369347,23.3524291869071,36.4327116305969,127.974234043273
20,never,original,3,30.5773906226362,25.2903971554249,-18.9917878019966,80.1465690472689
20,never,original,4,23.8131918617713,23.9047800695856,-23.0401770746165,70.6665607981591
20,never,rotated,-5,-13.318735719966,23.3159853438955,-59.0180669940012,32.3805955540691
20,never,rotated,-4,14.0351622362046,20.1732269262596,-25.5043625392642,53.5746870116735
20,never,rotated,-3,1.42623753642722,22.0690914742047,-41.8291817530139,44.6816568258684
20,never,rotated,-2,8.31698109839577,21.6877747449016,-34.1910574016115,50.825019598403
20,never,rotated,-1,0,0,0,0
20,never,rotated,0,92.415355884594,20.1105581351728,52.9986619396552,131.832049829533
20,never,rotated,1,112.552386879274,22.0348758575225,69.36403019853,155.740743560018
20,never,rotated,2,107.380932590013,23.3524291869071,61.610171383675,153.151693796351
20,never,rotated,3,64.1473369600737,25.2903971554249,14.578158535441,113.716515384706
20,never,rotated,4,65.7756247835682,23.9047800695856,18.9222558471804,112.628993719956
21,never,original,-5,14.6682409986321,25.2604899048086,-34.8423192147928,64.1788012120569
21,never,original,-4,32.0582009442352,23.6056518116754,-14.2088766066486,78.325278495119
21,never,original,-3,-11.3617653804048,21.2508718435579,-53.0134741937782,30.2899434329686
21,never,original,-2,6.68198782275181,21.0112488021565,-34.500059829475,47.8640354749786
21,never,original,-1,0,0,0,0
21,never,original,0,62.8776082407612,20.6100512494119,22.4819077919138,103.273308689609
21,never,original,1,77.1900035266226,23.1134013966242,31.8877367892391,122.492270264006
21,never,original,2,46.9761903458889,24.734854416512,-1.50412431047461,95.4565050022525
21,never,original,3,43.3769091031533,24.1475407138275,-3.95227069594856,90.7060889022551
21,never,original,4,38.7734592455265,25.0232690051361,-10.2721480045402,87.8190664955933
21,never,rotated,-5,-3.83922885325807,25.2604899048086,-53.3497890666829,45.6713313601667
21,never,rotated,-4,18.1775985553176,23.6056518116754,-28.0894789955662,64.4446761062014
21,never,rotated,-3,-20.6155003063499,21.2508718435579,-62.2672091197233,21.0362085070235
21,never,rotated,-2,2.05512035977928,21.0112488021565,-39.1269272924475,43.2371680120061
21,never,rotated,-1,0,0,0,0
21,never,rotated,0,67.5044757037338,20.6100512494119,27.1087752548863,107.900176152581
21,never,rotated,1,86.4437384525677,23.1134013966242,41.1414717151842,131.746005189951
21,never,rotated,2,60.8567927348065,24.734854416512,12.376478078443,109.33710739117
21,never,rotated,3,61.8843789550434,24.1475407138275,14.5551991559416,109.213558754145
21,never,rotated,4,61.9077965603892,25.0232690051361,12.8621893103224,110.953403810456
22,never,original,-5,14.6682476465248,25.262138735705,-34.8455442754571,64.1820395685066
22,never,original,-4,32.0582021877262,23.6070495802329,-14.2116149895304,78.3280193649827
22,never,original,-3,-11.3617565681332,21.2525883842645,-53.0168298012916,30.2933166650252
22,never,original,-2,6.6820094144545,21.0128904762495,-34.5032559189945,47.8672747479035
22,never,original,-1,0,0,0,0
22,never,original,0,62.8776214594744,20.6112054897635,22.4796586995379,103.275584219411
22,never,original,1,77.1899991677295,23.1141720326327,31.8862219837695,122.49377635169
22,never,original,2,46.9761779215457,24.7358219997778,-1.5060331980188,95.4583890411101
22,never,original,3,43.3769170460412,24.148829883722,-3.95478952605392,90.7086236181363
22,never,original,4,38.7734661845006,25.0251484160645,-10.2758247109858,87.822757079987
22,never,rotated,-5,-3.83923147713732,25.262138735705,-53.3530233991191,45.6745604448445
22,never,rotated,-4,18.1775928449796,23.6070495802329,-28.0922243322769,64.4474100222361
22,never,rotated,-3,-20.6154961299643,21.2525883842645,-62.2705693631227,21.0395771031942
22,never,rotated,-2,2.05513963353898,21.0128904762495,-39.1301256999101,43.240404966988
22,never,rotated,-1,0,0,0,0
22,never,rotated,0,67.5044912403899,20.6112054897635,27.1065284804534,107.902454000326
22,never,rotated,1,86.4437387295605,23.1141720326327,41.1399615456005,131.747515913521
22,never,rotated,2,60.8567872642922,24.7358219997778,12.3745761447278,109.338998383857
22,never,rotated,3,61.8843961697033,24.148829883722,14.5526895976082,109.216102741798
22,never,rotated,4,61.9078150890782,25.0251484160645,12.8585241935918,110.957105984565
23,never,original,-5,-33.2738259667744,27.0120661177954,-86.2174755576534,19.6698236241046
23,never,original,-4,4.16825613050444,22.7942624687789,-40.5084983083022,48.8450105693111
23,never,original,-3,-11.3673869985688,21.7925835971837,-54.080850849049,31.3460768519113
23,never,original,-2,-2.93771378934771,23.4101618098014,-48.8216309365585,42.9462033578631
23,never,original,-1,0,0,0,0
23,never,original,0,61.0450952898503,20.9561501897459,19.9710409179484,102.119149661752
23,never,original,1,70.1047413177406,23.1740265703594,24.6836492398361,115.525833395645
23,never,original,2,51.6814616159015,23.6690079480355,5.2902060377519,98.0727171940511
23,never,original,3,6.19577603500597,25.5610130611277,-43.9038095648043,56.2953616348162
23,never,original,4,-3.73684990765501,24.0413276997842,-50.8578521992321,43.3841523839221
23,never,rotated,-5,-13.7720895318318,27.0120661177954,-66.7157391227108,39.1715600590472
23,never,rotated,-4,18.7945584567114,22.7942624687789,-25.8821959820952,63.471312895518
23,never,rotated,-3,-1.61651878109752,21.7925835971837,-44.3299826315777,41.0969450693826
23,never,rotated,-2,1.93772031938795,23.4101618098014,-43.9461968278228,47.8216374665987
23,never,rotated,-1,0,0,0,0
23,never,rotated,0,56.1696611811147,20.9561501897459,15.0956068092127,97.2437155530166
23,never,rotated,1,60.3538731002693,23.1740265703594,14.9327810223648,105.774965178174
23,never,rotated,2,37.0551592896945,23.6690079480355,-9.33609628845506,83.4464148678441
23,never,rotated,3,-13.3059603999366,25.5610130611277,-63.4055459997469,36.7936251998736
23,never,rotated,4,-28.1140204513333,24.0413276997842,-75.2350227429104,19.0069818402438
24,never,original,-5,12.0755898575439,25.5545499529234,-38.0113280501861,62.1625077652738
24,never,original,-4,34.3786982683541,23.8537284690507,-12.3746095309853,81.1320060676935
24,never,original,-3,-11.0168358180927,21.2395169348799,-52.6462890104573,30.6126173742719
24,never,original,-2,7.18931262298976,21.2996688287652,-34.55803828139,48.9366635273695
24,never,original,-1,0,0,0,0
24,never,original,0,64.1342336052569,20.7087622189617,23.545059656092,104.723407554422
24,never,original,1,77.9831420879855,23.5109898811323,31.9016019209662,124.064682255005
24,never,original,2,47.044604288894,24.8394469839425,-1.64071179963339,95.7299203774213
24,never,original,3,46.3996012466518,24.4223139580935,-1.46813411121148,94.267336604515
24,never,original,4,35.6009905503937,25.2027280433269,-13.796356414527,84.9983375153143
24,never,rotated,-5,-6.13695617206175,25.5545499529234,-56.2238740797917,43.9499617356682
24,never,rotated,-4,20.7192887461499,23.8537284690507,-26.0340190531895,67.4725965454893
24,never,rotated,-3,-20.1231088328955,21.2395169348799,-61.7525620252601,21.5063443594691
24,never,rotated,-2,2.63617611558836,21.2996688287652,-39.1111747887914,44.3835270199681
24,never,rotated,-1,0,0,0,0
24,never,rotated,0,68.6873701126583,20.7087622189617,28.0981961634934,109.276544061823
24,never,rotated,1,87.0894151027883,23.5109898811323,41.007874935769,133.170955269808
24,never,rotated,2,60.7040138110982,24.8394469839425,12.0186977225708,109.389329899626
24,never,rotated,3,64.6121472762574,24.4223139580935,16.7444119183941,112.479882634121
24,never,rotated,4,58.3666730874007,25.2027280433269,8.96932612248003,107.764020052321
25,never,original,-5,12.0785063860447,25.5562158748781,-38.0116767287163,62.1686895008057
25,never,original,-4,34.3759558728489,23.8547634536991,-12.3793804964013,81.1312922420992
25,never,original,-3,-11.0173560582825,21.2406935446398,-52.6491154057765,30.6144032892114
25,never,original,-2,7.18870519748066,21.300700782403,-34.5606683360293,48.9380787309906
25,never,original,-1,0,0,0,0
25,never,original,0,64.130034676897,20.7094591123196,23.5394948167507,104.720574537043
25,never,original,1,77.9801448238331,23.5119787636327,31.896666447113,124.063623200553
25,never,original,2,47.0415090683962,24.840755546639,-1.6463718030162,95.7293899398085
25,never,original,3,46.3948821990359,24.4236446896861,-1.47546139274891,94.2652257908207
25,never,original,4,35.6031304796378,25.2043814433229,-13.797457149275,85.0037181085507
25,never,rotated,-5,-6.1342784464408,25.5562158748781,-56.2244615612018,43.9559046683202
25,never,rotated,-4,20.7163672484848,23.8547634536991,-26.0389691207654,67.4717036177351
25,never,rotated,-3,-20.1237484745253,21.2406935446398,-61.7555078220192,21.5080108729686
25,never,rotated,-2,2.63550898935929,21.300700782403,-39.1138645441506,44.3848825228692
25,never,rotated,-1,0,0,0,0
25,never,rotated,0,68.6832308850184,20.7094591123196,28.0926910248721,109.273770745165
25,never,rotated,1,87.0865372400759,23.5119787636327,41.0030588633558,133.170015616796
25,never,rotated,2,60.7010976927603,24.840755546639,12.0132168213479,109.388978564173
25,never,rotated,3,64.6076670315214,24.4236446896861,16.7373234397366,112.478010623306
25,never,rotated,4,58.3691115202447,25.2043814433229,8.96852389133184,107.769699149158
26,never,original,-5,12.136569581013,25.548534775855,-37.9385585796627,62.2116977416887
26,never,original,-4,34.3077278441227,23.8384738674099,-12.4156809360007,81.031136624246
26,never,original,-3,-11.0355959373175,21.2362888217293,-52.658722027907,30.5875301532719
26,never,original,-2,7.16757107460123,21.2899458715443,-34.5607228336255,48.895864982828
26,never,original,-1,0,0,0,0
26,never,original,0,64.0533022913606,20.6996510615197,23.481986210782,104.624618371939
26,never,original,1,77.9231959989242,23.498141978648,31.8668377207742,123.979554277074
26,never,original,2,46.9909612545272,24.8374649673985,-1.69047008157391,95.6723925906283
26,never,original,3,46.2920479846055,24.413151101262,-1.55772817386796,94.141824143079
26,never,original,4,35.6552557113752,25.2044850014994,-13.7455348915637,85.0560463143141
26,never,rotated,-5,-6.07220922650516,25.548534775855,-56.1473373871809,44.0029189341706
26,never,rotated,-4,20.6511437384841,23.8384738674099,-26.0722650416393,67.3745525186074
26,never,rotated,-3,-20.1399853410766,21.2362888217293,-61.763111431666,21.4831407495128
26,never,rotated,-2,2.61537637272169,21.2899458715443,-39.1129175355051,44.3436702809484
26,never,rotated,-1,0,0,0,0
26,never,rotated,0,68.6054969932402,20.6996510615197,28.0341809126616,109.176813073819
26,never,rotated,1,87.0275854026832,23.498141978648,40.9712271245333,133.083943680833
26,never,rotated,2,60.6475453601658,24.8374649673985,11.9661140240647,109.328976696267
26,never,rotated,3,64.5008267921237,24.413151101262,16.6510506336502,112.350602950597
26,never,rotated,4,58.4162292207729,25.2044850014994,9.01543861783402,107.817019823712
27,never,original,-5,3.17883027198994,26.3274402256231,-48.4229525702313,54.7806131142112
27,never,original,-4,21.1495438911308,22.2514623196831,-22.4633222554482,64.7624100377097
27,never,original,-3,5.1699894863684,21.5524206126737,-37.072754914472,47.4127338872088
27,never,original,-2,6.75892689843906,22.9922692700483,-38.3059208708557,51.8237746677338
27,never,original,-1,0,0,0,0
27,never,original,0,79.6324896301605,21.1464484040641,38.1854507581948,121.079528502126
27,never,original,1,84.195777852266,22.949129960939,39.2154831288256,129.176072575706
27,never,original,2,70.5009119351629,23.5289472797325,24.3841752668872,116.617648603439
27,never,original,3,14.2205779045414,25.2968423612424,-35.3612331234937,63.8023889325765
27,never,original,4,4.23362276234424,23.7501878342917,-42.3167453928675,50.783990917556
27,never,rotated,-5,-9.25621754568044,26.3274402256231,-60.8580003879017,42.3455652965408
27,never,rotated,-4,11.823258027878,22.2514623196831,-31.789608118701,55.4361241744569
27,never,rotated,-3,-1.04753442246679,21.5524206126737,-43.2902788233072,41.1952099783736
27,never,rotated,-2,3.65016494402146,22.9922692700483,-41.4146828252732,48.7150127133162
27,never,rotated,-1,0,0,0,0
27,never,rotated,0,82.7412515845781,21.1464484040641,41.2942127126124,124.188290456544
27,never,rotated,1,90.4133017611012,22.949129960939,45.4330070376608,135.393596484542
27,never,rotated,2,79.8271977984157,23.5289472797325,33.71046113014,125.943934466691
27,never,rotated,3,26.6556257222118,25.2968423612424,-22.9261853058233,76.2374367502468
27,never,rotated,4,19.7774325344322,23.7501878342917,-26.7729356207795,66.327800689644
28,never,original,-5,14.6763920371213,25.2588945002711,-34.83104118341,64.1838252576526
28,never,original,-4,32.0293603175203,23.6067334447709,-14.2398372342305,78.2985578692712
28,never,original,-3,-11.3753521644372,21.2533767519143,-53.0319705981892,30.2812662693149
28,never,original,-2,6.66642720737629,21.0110145221081,-34.5151612559556,47.8480156707082
28,never,original,-1,0,0,0,0
28,never,original,0,62.8768249678602,20.6113118473354,22.4786537470829,103.274996188637
28,never,original,1,77.1876441778692,23.1126950340628,31.886761911106,122.488526444632
28,never,original,2,46.9862840826767,24.7341825318808,-1.49271367980973,95.4652818451631
28,never,original,3,43.3513752422376,24.1473971487049,-3.9775231692239,90.6802736536992
28,never,original,4,38.7966572001436,25.0216665366003,-10.2458092115929,87.8391236118802
28,never,rotated,-5,-3.81819089348512,25.2588945002711,-53.3256241140164,45.6892423270462
28,never,rotated,-4,18.1584231195655,23.6067334447709,-28.1107744321853,64.4276206713164
28,never,rotated,-3,-20.6226436297404,21.2533767519143,-62.2792620634925,21.0339748040117
28,never,rotated,-2,2.04278147472468,21.0110145221081,-39.1388069886072,43.2243699380566
28,never,rotated,-1,0,0,0,0
28,never,rotated,0,67.5004707005118,20.6113118473354,27.1022994797345,107.898641921289
28,never,rotated,1,86.4349356431724,23.1126950340628,41.1340533764093,131.735817909936
28,never,rotated,2,60.8572212806315,24.7341825318808,12.3782235181451,109.336219043118
28,never,rotated,3,61.8459581728441,24.1473971487049,14.5170597613825,109.174856584306
28,never,rotated,4,61.9148858634017,25.0216665366003,12.8724194516651,110.957352275138
29,never,original,-5,14.7090458693936,25.2559632804367,-34.7926421602622,64.2107338990495
29,never,original,-4,32.0015276229969,23.607132182963,-14.2684514556105,78.2715067016043
29,never,original,-3,-11.3781663004479,21.2576448854132,-53.0431502758578,30.2868176749621
29,never,original,-2,6.66045562497044,21.0103351196764,-34.5198012095953,47.8407124595362
29,never,original,-1,0,0,0,0
29,never,original,0,62.8953732458498,20.6123573300287,22.4951528789936,103.295593612706
29,never,original,1,77.2045429035566,23.1102733002535,31.9084072350597,122.500678572053
29,never,original,2,47.0234058443933,24.7326502223761,-1.45258859146382,95.4994002802505
29,never,original,3,43.3301976043059,24.1465570723417,-3.99705425748378,90.6574494660955
29,never,original,4,38.8557128235274,25.0198352179182,-10.1831642035923,87.8945898506472
29,never,rotated,-5,-3.79027271335836,25.2559632804367,-53.2919607430142,45.7114153162975
29,never,rotated,-4,18.1270386859329,23.607132182963,-28.1429403926745,64.3970177645403
29,never,rotated,-3,-20.6278255918239,21.2576448854132,-62.2928095672338,21.0371583835861
29,never,rotated,-2,2.03562597928244,21.0103351196764,-39.1446308552833,43.2158828138482
29,never,rotated,-1,0,0,0,0
29,never,rotated,0,67.5202028915378,20.6123573300287,27.1199825246816,107.920423258394
29,never,rotated,1,86.4542021949326,23.1102733002535,41.1580665264357,131.750337863429
29,never,rotated,2,60.8978947814573,24.7326502223761,12.4219003456002,109.373889217314
29,never,rotated,3,61.8295161870579,24.1465570723417,14.5022643252682,109.156768048848
29,never,rotated,4,61.9798610519674,25.0198352179182,12.9409840248477,111.018738079087
30,never,original,-5,14.6682387711123,25.2629662752934,-34.8471751284628,64.1836526706874
30,never,original,-4,32.0582013209269,23.6074875350172,-14.2124742477068,78.3288768895605
30,never,original,-3,-11.3617654658876,21.2531071079515,-53.0178553974726,30.2943244656974
30,never,original,-2,6.68197973660261,21.0136043596351,-34.5046848082822,47.8686442814874
30,never,original,-1,0,0,0,0
30,never,original,0,62.8775955865165,20.6117758824804,22.4785148568549,103.276676316178
30,never,original,1,77.1899868155853,23.1150554556614,31.8844781224889,122.495495508682
30,never,original,2,46.9761673223071,24.7368673585461,-1.50809270044326,95.4604273450575
30,never,original,3,43.3769018976256,24.1497866379287,-3.95667991271463,90.7104837079659
30,never,original,4,38.7734526725783,25.0257014558913,-10.2769221809686,87.8238275261252
30,never,rotated,-5,-3.83922894249534,25.2629662752934,-53.3546428420705,45.6761849570798
30,never,rotated,-4,18.1776005357212,23.6074875350172,-28.0930750329125,64.4482761043548
30,never,rotated,-3,-20.6154993226914,21.2531071079515,-62.2715892542764,21.0405906088936
30,never,rotated,-2,2.0551128082007,21.0136043596351,-39.1315517366841,43.2417773530855
30,never,rotated,-1,0,0,0,0
30,never,rotated,0,67.5044625149184,20.6117758824804,27.1053817852568,107.90354324458
30,never,rotated,1,86.4437206723891,23.1150554556614,41.1382119792927,131.749229365485
30,never,rotated,2,60.8567681075128,24.7368673585461,12.3725080847625,109.341028130263
30,never,rotated,3,61.8843696112333,24.1497866379287,14.550787800893,109.217951421574
30,never,rotated,4,61.9077873145878,25.0257014558913,12.8574124610409,110.958162168135
31,never,original,-5,12.0749487465234,25.556936845222,-38.0166474701118,62.1665449631586
31,never,original,-4,34.3751685708019,23.8555988699626,-12.3818052143248,81.1321423559286
31,never,original,-3,-11.0192458860257,21.241240388619,-52.6520770477191,30.6135852756676
31,never,original,-2,7.18687228414881,21.3014498760272,-34.5639694728645,48.9377140411621
31,never,original,-1,0,0,0,0
31,never,original,0,64.1295142260791,20.7101770784033,23.5375671524087,104.72146129975
31,never,original,1,77.9790917921022,23.5128244705155,31.8939558298918,124.064227754313
31,never,original,2,47.0403611890936,24.8415391527528,-1.64905555030187,95.729777928489
31,never,original,3,46.3948139669209,24.4245073529499,-1.47722044486083,94.2668483787026
31,never,original,4,35.5996309843238,25.2049553941869,-13.8020815882825,85.0013435569302
31,never,rotated,-5,-6.13487541488946,25.556936845222,-56.2264716315247,43.9567208017457
31,never,rotated,-4,20.7178004497422,23.8555988699626,-26.0391733353845,67.4747742348689
31,never,rotated,-3,-20.1241579667322,21.241240388619,-61.7569891284255,21.5086731949611
31,never,rotated,-2,2.63441624379558,21.3014498760272,-39.1164255132177,44.3852580008089
31,never,rotated,-1,0,0,0,0
31,never,rotated,0,68.6819702664323,20.7101770784033,28.0900231927619,109.273917340103
31,never,rotated,1,87.0840038728086,23.5128244705155,40.9988679105983,133.169139835019
31,never,rotated,2,60.6977293101533,24.8415391527528,12.0083125707578,109.387146049549
31,never,rotated,3,64.6046381283338,24.4245073529499,16.7326037165521,112.476672540116
31,never,rotated,4,58.36191118609,25.2049553941869,8.96019861348361,107.763623758696
32,never,original,-5,14.6673208884056,25.2633094953602,-34.8487657225004,64.1834074993116
32,never,original,-4,32.0433312947374,23.6084729653811,-14.2292757174096,78.3159383068844
32,never,original,-3,-11.3709014856568,21.2547240636857,-53.0301606504808,30.2883576791671
32,never,original,-2,6.67209398080448,21.0140201780759,-34.5153855682242,47.8595735298332
32,never,original,-1,0,0,0,0
32,never,original,0,62.8731715559357,20.6126232420567,22.4724300015046,103.273913110367
32,never,original,1,77.1847979547239,23.115140023265,31.8791235091245,122.490472400323
32,never,original,2,46.9756742648796,24.7370447936247,-1.50893353062477,95.4602820603841
32,never,original,3,43.3630164532987,24.1500833107021,-3.9711468356773,90.6971797422748
32,never,original,4,38.7778309313814,25.0256364934848,-10.2724165958487,87.8280784586115
32,never,rotated,-5,-3.82995490457114,25.2633094953602,-53.3460415154772,45.6861317063349
32,never,rotated,-4,18.1703744500049,23.6084729653811,-28.1022325621422,64.4429814621519
32,never,rotated,-3,-20.6195393821452,21.2547240636857,-62.2787985469691,21.0397197826788
32,never,rotated,-2,2.0477750325603,21.0140201780759,-39.1397045164684,43.235254581589
32,never,rotated,-1,0,0,0,0
32,never,rotated,0,67.4974905041798,20.6126232420567,27.0967489497487,107.898232058611
32,never,rotated,1,86.4334358512123,23.115140023265,41.1277614056128,131.739110296812
32,never,rotated,2,60.8486311096122,24.7370447936247,12.3640233141078,109.333238905117
32,never,rotated,3,61.8602922462755,24.1500833107021,14.5261289572994,109.194455535252
32,never,rotated,4,61.8994256726023,25.0256364934848,12.8491781453722,110.949673199832
1,both,original,-5,9.53130929039451,16.5438183148212,-22.8945746066551,41.9571931874441
1,both,original,-4,19.7740097342931,15.2733940127008,-10.1618425306005,49.7098619991866
1,both,original,-3,5.41433262164041,15.5471143167797,-25.0580114392479,35.8866766825287
1,both,original,-2,-2.31611004673379,15.2852128106464,-32.2751271556008,27.6429070621332
1,both,original,-1,0,0,0,0
1,both,original,0,73.4960402462505,17.556787202382,39.0847373295818,107.907343162919
1,both,original,1,61.9365952710475,17.159007256009,28.3049410492699,95.5682494928251
1,both,original,2,56.0583585835308,19.1327403036032,18.5581875884686,93.558529578593
1,both,original,3,44.0308326068366,18.4738840635334,7.82201984231119,80.2396453713621
1,both,original,4,43.3079561725384,19.8336573293385,4.43398780703505,82.1819245380418
1,both,rotated,-5,-4.59666691773939,16.5438183148212,-37.022550814789,27.8292169793102
1,both,rotated,-4,9.17802757819263,15.2733940127008,-20.7578246867009,39.1138798430862
1,both,rotated,-3,-1.64965548242654,15.5471143167797,-32.1219995433148,28.8226885784618
1,both,rotated,-2,-5.84810409876726,15.2852128106464,-35.8071212076342,24.1109130100997
1,both,rotated,-1,0,0,0,0
1,both,rotated,0,77.0280342982839,17.556787202382,42.6167313816153,111.439337214953
1,both,rotated,1,69.0005833751145,17.159007256009,35.3689291533369,102.632237596892
1,both,rotated,2,66.6543407396312,19.1327403036032,29.154169744569,104.154511734693
1,both,rotated,3,58.1588088149705,18.4738840635334,21.9499960504451,94.367621579496
1,both,rotated,4,60.9679264327058,19.8336573293385,22.0939580672024,99.8418947982092
2,both,original,-5,4.11859688442688,17.2125926893693,-29.618084786737,37.8552785555908
2,both,original,-4,20.8746713660565,14.8066124690484,-8.14628907327836,49.8956318053914
2,both,original,-3,3.10633158014566,15.2198546247052,-26.7245834842765,32.9372466445678
2,both,original,-2,0.944176869112768,14.8911460134122,-28.2424693171751,30.1308230554007
2,both,original,-1,0,0,0,0
2,both,original,0,74.7988628927697,17.3259548640048,40.8399913593203,108.757734426219
2,both,original,1,65.871123952196,16.9428221027467,32.6631926308125,99.0790552735794
2,both,original,2,58.4547507408585,19.2006209061207,20.8215337648619,96.0879677168551
2,both,original,3,50.2495212448303,18.2518243586784,14.4759455018207,86.0230969878399
2,both,original,4,47.9841095005347,19.3831990266789,9.99303940824411,85.9751795928253
2,both,rotated,-5,-7.38210200427728,17.2125926893693,-41.1187836754412,26.3545796668866
2,both,rotated,-4,12.2491471995284,14.8066124690484,-16.7718132398065,41.2701076388633
2,both,rotated,-3,-2.64401786420642,15.2198546247052,-32.4749329286286,27.1868972002157
2,both,rotated,-2,-1.93099785306327,14.8911460134122,-31.1176440393512,27.2556483332246
2,both,rotated,-1,0,0,0,0
2,both,rotated,0,77.6740376149458,17.3259548640048,43.7151660814963,111.632909148395
2,both,rotated,1,71.621473396548,16.9428221027467,38.4135420751645,104.829404717932
2,both,rotated,2,67.0802749073866,19.2006209061207,29.44705793139,104.713491883383
2,both,rotated,3,61.7502201335345,18.2518243586784,25.9766443905248,97.5237958765441
2,both,rotated,4,62.3599831114149,19.3831990266789,24.3689130191243,100.351053203706
3,both,original,-5,5.14742980035318,17.4011002671236,-28.9587267232092,39.2535863239155
3,both,original,-4,16.6856921835247,16.0658296897915,-14.8033340084666,48.1747183755161
3,both,original,-3,2.84423926119792,15.7819087794184,-28.0883019464621,33.776780468858
3,both,original,-2,-4.07285903999646,15.9148674260733,-35.2659991951001,27.1202811151072
3,both,original,-1,0,0,0,0
3,both,original,0,70.7850654776122,17.6983129570814,36.0963720817326,105.473758873492
3,both,original,1,56.9681910258793,17.0895577796595,23.4726577777466,90.463724274012
3,both,original,2,50.7139732603937,18.5263134288576,14.4023989398328,87.0255475809545
3,both,original,3,37.8153683823994,19.2530988202569,0.0792946946959248,75.5514420701028
3,both,original,4,35.0015214077826,19.9521462884487,-4.10468531757676,74.107728133142
3,both,rotated,-5,-4.48755889756498,17.4011002671236,-38.5937154211273,29.6185976259974
3,both,rotated,-4,9.45945066008609,16.0658296897915,-22.0295755319053,40.9484768520774
3,both,rotated,-3,-1.97325508776116,15.7819087794184,-32.9057962954212,28.9592861198989
3,both,rotated,-2,-6.48160621447601,15.9148674260733,-37.6747463695797,24.7115339406277
3,both,rotated,-1,0,0,0,0
3,both,rotated,0,73.1938126520918,17.6983129570814,38.5051192562122,107.882506047971
3,both,rotated,1,61.7856853748384,17.0895577796595,28.2901521267057,95.2812186229711
3,both,rotated,2,57.9402147838323,18.5263134288576,21.6286404632714,94.2517891043931
3,both,rotated,3,47.4503570803176,19.2530988202569,9.71428339261409,85.186430768021
3,both,rotated,4,47.0452572801803,19.9521462884487,7.93905055482095,86.1514640055397
4,both,original,-5,25.8028470474096,17.8865327893575,-9.25475721973107,60.8604513145502
4,both,original,-4,42.0618300901434,16.6143882966004,9.49762902880661,74.6260311514801
4,both,original,-3,11.8526627623811,17.3184039919193,-22.0914090617808,45.7967345865429
4,both,original,-2,2.20326120297632,16.9291528130983,-30.9778783106963,35.3844007166489
4,both,original,-1,0,0,0,0
4,both,original,0,88.7025130112582,18.6078937901683,52.2310411825285,125.173984839988
4,both,original,1,81.534664534922,18.1893190889739,45.8835991205332,117.185729949311
4,both,original,2,64.407927989823,20.1830420407811,24.849165589892,103.966690389754
4,both,original,3,52.0901187379149,19.3184589076205,14.2259392789788,89.954298196851
4,both,original,4,48.4953021269376,19.9726567725244,9.34889485278978,87.6417094010855
4,both,rotated,-5,-8.23788164429801,17.8865327893575,-43.2954859114386,26.8197226228426
4,both,rotated,-4,16.5312835713627,16.6143882966004,-16.0329174899741,49.0954846326994
4,both,rotated,-3,-5.16770158347272,17.3184039919193,-39.1117734076346,28.7763702406891
4,both,rotated,-2,-6.30692096995057,16.9291528130983,-39.4880604836232,26.874218543722
4,both,rotated,-1,0,0,0,0
4,both,rotated,0,97.2126951841851,18.6078937901683,60.7412233554553,133.684167012915
4,both,rotated,1,98.5550288807758,18.1893190889739,62.903963466387,134.206094295165
4,both,rotated,2,89.9384745086036,20.1830420407811,50.3797121086727,129.497236908535
4,both,rotated,3,86.1308474296225,19.3184589076205,48.2666679706864,123.995026888559
4,both,rotated,4,91.0462129915721,19.9726567725244,51.8998057174242,130.19262026572
5,both,original,-5,24.9964264402595,18.4911394350518,-11.246206852442,61.239059732961
5,both,original,-4,34.8333018386082,16.6172710383464,2.26345060344919,67.4031530737672
5,both,original,-3,17.7018693405346,16.9420636860112,-15.5045754840474,50.9083141651166
5,both,original,-2,3.37863378578836,15.5616520326925,-27.122204198289,33.8794717698657
5,both,original,-1,0,0,0,0
5,both,original,0,68.4662579739008,17.2448635018544,34.6663255102662,102.266190437535
5,both,original,1,67.6021611445168,17.9552136334753,32.4099424229051,102.794379866128
5,both,original,2,58.049706422554,18.669359042127,21.457762699985,94.6416501451229
5,both,original,3,38.7813365237715,20.3571216092091,-1.11862183027836,78.6812948778214
5,both,original,4,33.8700077559986,20.730573893017,-6.76191707431475,74.5019325863119
5,both,rotated,-5,-7.43930472556984,18.4911394350518,-43.6819380182714,28.8033285671317
5,both,rotated,-4,10.5065034642362,16.6172710383464,-22.0633477709228,43.0763546993951
5,both,rotated,-3,1.48400375761993,16.9420636860112,-31.7224410669621,34.6904485822019
5,both,rotated,-2,-4.73029900566898,15.5616520326925,-35.2311369897463,25.7705389784084
5,both,rotated,-1,0,0,0,0
5,both,rotated,0,76.5751907653582,17.2448635018544,42.7752583017235,110.375123228993
5,both,rotated,1,83.8200267274315,17.9552136334753,48.6278080058198,119.012245449043
5,both,rotated,2,82.376504796926,18.669359042127,45.784561074357,118.968448519495
5,both,rotated,3,71.2170676896009,20.3571216092091,31.317109335551,111.117026043651
5,both,rotated,4,74.4146717132853,20.730573893017,33.7827468829719,115.046596543599
6,both,original,-5,11.5652541614071,19.2641122347543,-26.1924058187113,49.3229141415255
6,both,original,-4,31.2390460261512,18.4378198094156,-4.89908080030344,67.3771728526058
6,both,original,-3,-5.81884993969784,16.8360756059222,-38.8175581273053,27.1798582479096
6,both,original,-2,1.9993331850007,16.2561851710618,-29.8627897502804,33.8614561202818
6,both,original,-1,0,0,0,0
6,both,original,0,52.3966660987105,17.5889587642024,17.9223069208738,86.8710252765471
6,both,original,1,57.0383334329338,19.1485525948357,19.5071703470558,94.5694965188117
6,both,original,2,39.3018401747212,19.404691880238,1.26864408945463,77.3350362599878
6,both,original,3,42.1322621452353,19.2873831803007,4.32899111184594,79.9355331786246
6,both,original,4,41.202773564086,20.6700721496428,0.689432150786075,81.7161149773859
6,both,rotated,-5,-5.81338424255114,19.2641122347543,-43.5710442226695,31.9442757375673
6,both,rotated,-4,18.2050672231825,18.4378198094156,-17.9330596032722,54.3431940496371
6,both,rotated,-3,-14.508169141677,16.8360756059222,-47.5068773292844,18.4905390459305
6,both,rotated,-2,-2.34532641598887,16.2561851710618,-34.20744935127,29.5167965192923
6,both,rotated,-1,0,0,0,0
6,both,rotated,0,56.7413256997,17.5889587642024,22.2669665218634,91.2156848775367
6,both,rotated,1,65.7276526349129,19.1485525948357,28.196489549035,103.258815720791
6,both,rotated,2,52.3358189776899,19.404691880238,14.3026228924233,90.3690150629565
6,both,rotated,3,59.5109005491936,19.2873831803007,21.7076295158042,97.3141715825829
6,both,rotated,4,62.9260715690338,20.6700721496428,22.4127301557339,103.439412982334
7,both,original,-5,3.55077844296744,17.6302892042667,-31.0045883973954,38.1061452833303
7,both,original,-4,21.3223166385778,15.3304517941639,-8.72536887798351,51.3700021551391
7,both,original,-3,3.35870178400544,15.2082702288132,-26.4495078644685,33.1669114324794
7,both,original,-2,1.03191482811838,15.276739337558,-28.9104942734953,30.974323929732
7,both,original,-1,0,0,0,0
7,both,original,0,72.1967048172827,17.2708785014082,38.3457829545225,106.047626680043
7,both,original,1,60.2790943698394,16.8401615970432,27.2723776396347,93.2858111000441
7,both,original,2,51.7740622634312,18.6767161099525,15.1676986879243,88.380425838938
7,both,original,3,42.2121975426233,18.8572518990893,5.2519838204083,79.1724112648383
7,both,original,4,38.3203736099013,19.3367881016858,0.420268930597175,76.2204782892054
7,both,rotated,-5,-7.90513916819687,17.6302892042667,-42.4605060085597,26.650227672166
7,both,rotated,-4,12.7303784302045,15.3304517941639,-17.3173070863568,42.7780639467658
7,both,rotated,-3,-2.36925702157672,15.2082702288132,-32.1774666700507,27.4389526268972
7,both,rotated,-2,-1.8320645746727,15.276739337558,-31.7744736762863,28.1103445269409
7,both,rotated,-1,0,0,0,0
7,both,rotated,0,75.0606842200738,17.2708785014082,41.2097623573136,108.911606082834
7,both,rotated,1,66.0070531754215,16.8401615970432,33.0003364452168,99.0137699056263
7,both,rotated,2,60.3660004718044,18.6767161099525,23.7596368962976,96.9723640473113
7,both,rotated,3,53.6681151537876,18.8572518990893,16.7079014315726,90.6283288760026
7,both,rotated,4,52.6402706238567,19.3367881016858,14.7401659445526,90.5403753031608
8,both,original,-5,19.8824790548881,18.1796792913314,-15.7496923561214,55.5146504658976
8,both,original,-4,41.0521087040108,16.3562427624939,8.99387288952285,73.1103445184988
8,both,original,-3,14.5600044030246,16.9838452763798,-18.7283323386799,47.848341144729
8,both,original,-2,5.73642058802032,16.6856911495277,-26.967534065054,38.4403752410946
8,both,original,-1,0,0,0,0
8,both,original,0,89.6315347872099,18.3432630445168,53.6787392199571,125.584330354463
8,both,original,1,83.8949855943351,18.0039961360962,48.6071531675866,119.182818021084
8,both,original,2,70.4117068210664,20.24460994401,30.7322713308068,110.091142311326
8,both,original,3,58.5186718660942,19.1730631895489,20.9394680145784,96.09787571761
8,both,original,4,53.434144286972,19.581000739111,15.0553828383145,91.8129057356296
8,both,rotated,-5,-11.7898771751991,18.1796792913314,-47.4220485862086,23.8422942358104
8,both,rotated,-4,17.2978415314454,16.3562427624939,-14.7603942830426,49.3560773459334
8,both,rotated,-3,-1.27617371201906,16.9838452763798,-34.5645104537235,32.0121630296854
8,both,rotated,-2,-2.18166846950149,16.6856911495277,-34.8856231225758,30.5222861835728
8,both,rotated,-1,0,0,0,0
8,both,rotated,0,97.5496238447317,18.3432630445168,61.5968282774789,133.502419411985
8,both,rotated,1,99.7311637093787,18.0039961360962,64.4433312826302,135.018996136127
8,both,rotated,2,94.1659739936318,20.24460994401,54.4865385033722,133.845409483891
8,both,rotated,3,90.1910280961815,19.1730631895489,52.6118242446657,127.770231947697
8,both,rotated,4,93.0245895745811,19.581000739111,54.6458281259235,131.403351023239
9,both,original,-5,0.762038807807731,19.0137639923517,-36.5049386172015,38.029016232817
9,both,original,-4,16.5052552809402,16.1036913491037,-15.057979763303,48.0684903251834
9,both,original,-3,-1.65899436653052,16.7460303492549,-34.4812138510701,31.163225118009
9,both,original,-2,-2.42671591228522,15.3856314363669,-32.5825535275643,27.7291217029939
9,both,original,-1,0,0,0,0
9,both,original,0,49.4257858622202,17.0272107922198,16.0524527094694,82.799119014971
9,both,original,1,51.9897576052192,17.3347435928366,18.0136601632595,85.9658550471789
9,both,original,2,42.5792913025275,18.4217725340031,6.47261713588151,78.6859654691735
9,both,original,3,32.12158688305,20.043446606376,-7.16356846544693,71.406742231547
9,both,original,4,30.6977571786792,20.1356767399132,-8.76816923155068,70.1636835889091
9,both,rotated,-5,-5.48052338268632,19.0137639923517,-42.7475008076955,31.7864540423229
9,both,rotated,-4,11.8233336380697,16.1036913491037,-19.7399014061735,43.3865686823129
9,both,rotated,-3,-4.78027546177754,16.7460303492549,-37.6024949463171,28.041944022762
9,both,rotated,-2,-3.98735645990873,15.3856314363669,-34.1431940751878,26.1684811553704
9,both,rotated,-1,0,0,0,0
9,both,rotated,0,50.9864264098437,17.0272107922198,17.6130932570929,84.3597595625946
9,both,rotated,1,55.1110387004662,17.3347435928366,21.1349412585065,89.0871361424259
9,both,rotated,2,47.261212945398,18.4217725340031,11.154538778752,83.367887112044
9,both,rotated,3,38.3641490735441,20.043446606376,-0.92100627495288,77.6493044220411
9,both,rotated,4,38.5009599167968,20.1356767399132,-0.964966493433124,77.9668863270267
10,both,original,-5,15.3747609908188,19.0730478779668,-22.0084128499961,52.7579348316338
10,both,original,-4,30.2880467423016,18.2314544703642,-5.44560401961224,66.0216975042155
10,both,original,-3,-5.06660542835054,16.732575773731,-37.8624539448633,27.7292430881622
10,both,original,-2,2.56626897765574,16.0501960908485,-28.8921153604073,34.0246533157188
10,both,original,-1,0,0,0,0
10,both,original,0,52.0315249219234,17.5053548288527,17.7210294573722,86.3420203864747
10,both,original,1,57.8126900247892,18.8251882228258,20.9153211080506,94.7100589415278
10,both,original,2,39.1820566341887,19.3898324961711,1.17798494169332,77.186128326684
10,both,original,3,42.426810266169,19.0749088290993,5.03998896113437,79.8136315712037
10,both,original,4,43.7616686896744,20.4266669505598,3.72540146657721,83.7979359127716
10,both,rotated,-5,-3.93140465066581,19.0730478779668,-41.3145784914808,33.4517691901492
10,both,rotated,-4,15.8084225111881,18.2314544703642,-19.9252282507257,51.542073273102
10,both,rotated,-3,-14.7196882490929,16.732575773731,-47.5155367656056,18.0761602674199
10,both,rotated,-2,-2.26027243271542,16.0501960908485,-33.7186567707785,29.1981119053476
10,both,rotated,-1,0,0,0,0
10,both,rotated,0,56.8580663322946,17.5053548288527,22.5475708677433,91.1685617968459
10,both,rotated,1,67.4657728455315,18.8251882228258,30.5684039287929,104.36314176227
10,both,rotated,2,53.6616808653021,19.3898324961711,15.6576091728068,91.6657525577975
10,both,rotated,3,61.7329759076537,19.0749088290993,24.346154602619,99.1197972126884
10,both,rotated,4,67.8943757415302,20.4266669505598,27.858108518433,107.930642964627
11,both,original,-5,16.0233683947207,18.1867950833432,-19.6227499686319,51.6694867580734
11,both,original,-4,36.9601762715587,17.2054873738549,3.23742101880301,70.6829315243143
11,both,original,-3,7.29410942975877,17.3206403744536,-26.6543457041703,41.2425645636878
11,both,original,-2,-1.02864890020848,17.5447657109829,-35.416389693735,33.359091893318
11,both,original,-1,0,0,0,0
11,both,original,0,90.8952221672484,19.4129754206247,52.8457903428239,128.944653991673
11,both,original,1,82.8454280240952,18.7338377478072,46.1271060383931,119.563750009797
11,both,original,2,64.9929146553932,20.220491559749,25.3607511982852,104.625078112501
11,both,original,3,51.6646700898689,20.312616551067,11.8519416497777,91.4773985299601
11,both,original,4,45.9794911035604,20.3145083550323,6.16305472769717,85.7959274794236
11,both,rotated,-5,-9.11444125232833,18.1867950833432,-44.760559615681,26.5316771110243
11,both,rotated,-4,18.1068190362719,17.2054873738549,-15.6159362164838,51.8295742890275
11,both,rotated,-3,-5.27479539376576,17.3206403744536,-39.2232505276948,28.6736597401633
11,both,rotated,-2,-7.31310131197074,17.5447657109829,-41.7008421054972,27.0746394815557
11,both,rotated,-1,0,0,0,0
11,both,rotated,0,97.1796745790106,19.4129754206247,59.1302427545862,135.229106403435
11,both,rotated,1,95.4143328476197,18.7338377478072,58.6960108619176,132.132654833322
11,both,rotated,2,83.84627189068,20.220491559749,44.214108433572,123.478435347788
11,both,rotated,3,76.802479736918,20.312616551067,36.9897512968267,116.615208177009
11,both,rotated,4,77.4017531623717,20.3145083550323,37.5853167865085,117.218189538235
12,both,original,-5,-12.9629749723214,20.7110964701696,-53.5567240538538,27.6307741092109
12,both,original,-4,3.38811048234136,17.2600401433024,-30.4415681985314,37.2177891632141
12,both,original,-3,-7.54097795718334,16.3365360899809,-39.5605886935458,24.4786327791792
12,both,original,-2,-10.961670458504,16.5058960575304,-43.3132267312636,21.3898858142557
12,both,original,-1,0,0,0,0
12,both,original,0,48.580548629986,17.5179053543336,14.2454541354922,82.9156431244798
12,both,original,1,42.9516360664804,18.3549910244714,6.97585365851649,78.9274184744443
12,both,original,2,34.8191380026509,18.7815728902531,-1.99274486224527,71.6310208675471
12,both,original,3,19.3331871659358,20.2417015521001,-20.3405478761803,59.006922208052
12,both,original,4,18.2764173126519,20.2055261560364,-21.3264139531796,57.8792485784833
12,both,rotated,-5,-3.93214899697046,20.7110964701696,-44.5258980785028,36.6616000845619
12,both,rotated,-4,10.1612299638546,17.2600401433024,-23.6684487170182,43.9909086447273
12,both,rotated,-3,-3.02556496950786,16.3365360899809,-35.0451757058704,28.9940457668546
12,both,rotated,-2,-8.70396396466623,16.5058960575304,-41.0555202374259,23.6475923080934
12,both,rotated,-1,0,0,0,0
12,both,rotated,0,46.3228421361483,17.5179053543336,11.9877476416545,80.6579366306421
12,both,rotated,1,38.4362230788049,18.3549910244714,2.460440670841,74.4120054867688
12,both,rotated,2,28.0460185211377,18.7815728902531,-8.7658643437585,64.8579013860338
12,both,rotated,3,10.3023611905849,20.2417015521001,-29.3713738515313,49.976096232701
12,both,rotated,4,6.98788484346314,20.2055261560364,-32.6149464223683,46.5907161092946
13,both,original,-5,11.4689125724019,19.2662464695613,-26.2929305079382,49.230755652742
13,both,original,-4,31.273171707716,18.4462451927957,-4.88146887016351,67.4278122855956
13,both,original,-3,-5.82189461966931,16.8434386927186,-38.8350344573977,27.1912452180591
13,both,original,-2,1.99875636715214,16.2616931907828,-29.8741622867821,33.8716750210864
13,both,original,-1,0,0,0,0
13,both,original,0,52.4971823517022,17.5934776604965,18.0139661371291,86.9803985662754
13,both,original,1,57.065628537735,19.1621342702528,19.5078453680396,94.6234117074304
13,both,original,2,39.3577805169628,19.408477210522,1.31716518433969,77.3983958495859
13,both,original,3,42.1593980098927,19.2939850947935,4.34318722409755,79.9756087956879
13,both,original,4,41.1666815344616,20.6748462425609,0.643982899042172,81.689380169881
13,both,rotated,-5,-5.87110509967399,19.2662464695613,-43.6329481800141,31.8907379806661
13,both,rotated,-4,18.2681584536591,18.4462451927957,-17.8864821242204,54.4227990315386
13,both,rotated,-3,-14.4919034557073,16.8434386927186,-47.5050432934357,18.5212363820212
13,both,rotated,-2,-2.33624805086684,16.2616931907828,-34.2091667048011,29.5366706030674
13,both,rotated,-1,0,0,0,0
13,both,rotated,0,56.8321867697212,17.5934776604965,22.3489705551481,91.3154029842943
13,both,rotated,1,65.7356373737729,19.1621342702528,28.1778542040775,103.293420543468
13,both,rotated,2,52.3627937710197,19.408477210522,14.3221784383966,90.4034091036428
13,both,rotated,3,59.4994156819687,19.2939850947935,21.6832048961735,97.3156264677638
13,both,rotated,4,62.8417036245565,20.6748462425609,22.319004989137,103.364402259976
14,both,original,-5,17.9184790007281,18.7474812578167,-18.8265842645926,54.6635422660488
14,both,original,-4,37.9931830907712,16.95991092143,4.75175768476847,71.234608496774
14,both,original,-3,8.23683842032288,17.7749839352893,-26.6021300928441,43.0758069334899
14,both,original,-2,0.823925100263114,17.1367057457818,-32.7640181614693,34.4118683619955
14,both,original,-1,0,0,0,0
14,both,original,0,64.0119654317281,17.2123937574975,30.2756736670329,97.7482571964232
14,both,original,1,69.5221835390906,18.2092703371151,33.8320136783451,105.212353399836
14,both,original,2,51.0141178091824,19.1990468370077,13.3839860086473,88.6442496097175
14,both,original,3,36.5934705067392,20.9482594969041,-4.46511810719286,77.6520591206713
14,both,original,4,32.220691868742,20.8389965936948,-8.62374145489973,73.0651251923838
14,both,rotated,-5,-9.14166329475658,18.7474812578167,-45.8867265600773,27.6033999705642
14,both,rotated,-4,17.6980763691577,16.95991092143,-15.543349036845,50.9395017751605
14,both,rotated,-3,-5.29323272741945,17.7749839352893,-40.1322012405865,29.5457357857476
14,both,rotated,-2,-5.94111047360805,17.1367057457818,-39.5290537353405,27.6468327881244
14,both,rotated,-1,0,0,0,0
14,both,rotated,0,70.7770010055992,17.2123937574975,37.040709240904,104.513292770294
14,both,rotated,1,83.052254686833,18.2092703371151,47.3620848260874,118.742424547578
14,both,rotated,2,71.3092245307959,19.1990468370077,33.6790927302608,108.939356331331
14,both,rotated,3,63.6536128022239,20.9482594969041,22.5950241882918,104.712201416156
14,both,rotated,4,66.0458697380979,20.8389965936948,25.2014364144561,106.89030306174
15,both,original,-5,11.5652541247624,19.2644807145081,-26.1931280756735,49.3236363251982
15,both,original,-4,31.2390460013094,18.4381693330208,-4.89976589141143,67.3778578940303
15,both,original,-3,-5.81884997473903,16.8364099519204,-38.8182134805031,27.180513531025
15,both,original,-2,1.99933312693034,16.2564971170402,-29.8634012224684,33.8620674763291
15,both,original,-1,0,0,0,0
15,both,original,0,52.3966660633952,17.5892558511611,17.9217245951195,86.8716075316709
15,both,original,1,57.0383334259987,19.1488996058124,19.5064901986064,94.570176653391
15,both,original,2,39.3018401525295,19.4050632507209,1.26791618111648,77.3357641239425
15,both,original,3,42.132262062408,19.287734283627,4.32830286649904,79.936221258317
15,both,original,4,41.202773481428,20.6704944065334,0.68860444462252,81.7169425182335
15,both,rotated,-5,-5.8133842326283,19.2644807145081,-43.5717664330641,31.9449979678075
15,both,rotated,-4,18.2050672332664,18.4381693330208,-17.9337446594544,54.3438791259873
15,both,rotated,-3,-14.5081691534344,16.8364099519204,-47.5075326591984,18.4911943523297
15,both,rotated,-2,-2.34532646241733,16.2564971170402,-34.2080608118161,29.5174078869814
15,both,rotated,-1,0,0,0,0
15,both,rotated,0,56.7413256527429,17.5892558511611,22.2663841844671,91.2162671210186
15,both,rotated,1,65.727652604694,19.1488996058124,28.1958093773017,103.259495832086
15,both,rotated,2,52.3358189205725,19.4050632507209,14.3018949491595,90.3697428919855
15,both,rotated,3,59.5109004197987,19.287734283627,21.7069412238897,97.3148596157077
15,both,rotated,4,62.9260714281663,20.6704944065334,22.4119023913609,103.440240464972
16,both,original,-5,11.5652541615765,19.2654372365563,-26.195002822074,49.3255111452269
16,both,original,-4,31.2390460267437,18.4390921179356,-4.90157452441008,67.3796665778976
16,both,original,-3,-5.81884993911024,16.8372342089872,-38.8198289887251,27.1821291105046
16,both,original,-2,1.99933318558925,16.2573012537398,-29.8649772717408,33.8636436429193
16,both,original,-1,0,0,0,0
16,both,original,0,52.3966660991005,17.5901866231329,17.9199003177599,86.873431880441
16,both,original,1,57.0383334333332,19.1498783138204,19.5045719382453,94.572094928421
16,both,original,2,39.3018401751211,19.4060192494837,1.26604244613299,77.3376379041092
16,both,original,3,42.132262145638,19.2887203691382,4.32637022212704,79.9381540691489
16,both,original,4,41.2027735644852,20.6714735137748,0.686685477486662,81.7188616514837
16,both,rotated,-5,-5.81338424294432,19.2654372365563,-43.5736412265947,31.9468727407061
16,both,rotated,-4,18.2050672233532,18.4390921179356,-17.9355533278007,54.345687774507
16,both,rotated,-3,-14.5081691413706,16.8372342089872,-47.5091481909855,18.4928099082442
16,both,rotated,-2,-2.34532641554095,16.2573012537398,-34.209636872871,29.5189840417891
16,both,rotated,-1,0,0,0,0
16,both,rotated,0,56.7413257002306,17.5901866231329,22.2645599188901,91.2180914815712
16,both,rotated,1,65.7276526355935,19.1498783138204,28.1938911405057,103.261414130681
16,both,rotated,2,52.3358189785117,19.4060192494837,14.3000212495236,90.3716167074998
16,both,rotated,3,59.5109005501587,19.2887203691382,21.7050086266478,97.3167924736697
16,both,rotated,4,62.9260715701361,20.6714735137748,22.4099834831376,103.442159657135
17,both,original,-5,14.6606410829909,18.2035586875774,-21.0183339446608,50.3396161106426
17,both,original,-4,40.1453143733649,16.6646300266829,7.48263952106636,72.8079892256634
17,both,original,-3,13.5385129626952,16.7113137498723,-19.2156619870545,46.2926879124449
17,both,original,-2,4.13482264755535,17.03415026994,-29.2521118815271,37.5217571766378
17,both,original,-1,0,0,0,0
17,both,original,0,92.5494519144314,18.8816459447343,55.5414258627521,129.557477966111
17,both,original,1,85.0921791115303,18.5056011925167,48.8212007741975,121.363157448863
17,both,original,2,70.1373150266613,20.3004567920571,30.3484197142293,109.926210339093
17,both,original,3,56.0086078309435,19.8323470394374,17.1372076336462,94.8800080282409
17,both,original,4,49.503884281991,19.7004150284904,10.8910708261498,88.1166977378323
17,both,rotated,-5,-13.3780730536763,18.2035586875774,-49.057048081328,22.3009019739754
17,both,rotated,-4,19.1162787708645,16.6646300266829,-13.546396081434,51.778953623163
17,both,rotated,-3,-0.480844105638394,16.7113137498723,-33.2350190553881,32.2733308441113
17,both,rotated,-2,-2.87485588661145,17.03415026994,-36.2617904156939,30.512078642471
17,both,rotated,-1,0,0,0,0
17,both,rotated,0,99.5591304485982,18.8816459447343,62.5511043969189,136.567156500277
17,both,rotated,1,99.1115361798639,18.5056011925167,62.8405578425311,135.382514517197
17,both,rotated,2,91.1663506291617,20.3004567920571,51.3774553167297,130.955245941594
17,both,rotated,3,84.0473219676107,19.8323470394374,45.1759217703134,122.918722164908
17,both,rotated,4,84.552276952825,19.7004150284904,45.9394634969838,123.165090408666
18,both,original,-5,-14.8222110592244,20.4583704811612,-54.9206172023003,25.2761950838515
18,both,original,-4,0.266436745343436,16.4837764508316,-32.0417650982865,32.5746385889733
18,both,original,-3,-21.7133469595797,16.4057555396052,-53.868627817206,10.4419338980466
18,both,original,-2,-17.2607669925075,16.3807358093528,-49.367009178839,14.845475193824
18,both,original,-1,0,0,0,0
18,both,original,0,41.269850011095,17.1533050313384,7.64937214967163,74.8903278725183
18,both,original,1,38.5056649921671,17.7074153161573,3.79913097249878,73.2121990118355
18,both,original,2,24.1522473843802,18.6178341194518,-12.3387074897452,60.6432022585056
18,both,original,3,14.4846426138389,20.0359787889754,-24.7858758125528,53.7551610402305
18,both,original,4,19.7735403153508,19.8205944025242,-19.0748247135966,58.6219053442982
18,both,rotated,-5,1.0680549291135,20.4583704811612,-39.0303512139624,41.1664610721894
18,both,rotated,-4,12.1841362365969,16.4837764508316,-20.1240656070331,44.4923380802268
18,both,rotated,-3,-13.7682139654108,16.4057555396052,-45.9234948230371,18.3870668922155
18,both,rotated,-2,-13.288200495423,16.3807358093528,-45.3944426817546,18.8180416909085
18,both,rotated,-1,0,0,0,0
18,both,rotated,0,37.2972835140105,17.1533050313384,3.67680565258716,70.9177613754338
18,both,rotated,1,30.5605319979982,17.7074153161573,-4.14600202167016,65.2670660176666
18,both,rotated,2,12.2345478931268,18.6178341194518,-24.2564069809986,48.7255027672522
18,both,rotated,3,-1.40562337449903,20.0359787889754,-40.6761418008907,37.8648950518927
18,both,rotated,4,-0.0892921700715412,19.8205944025242,-38.9376571990189,38.7590728588758
19,both,original,-5,15.3913586981633,19.0710995858998,-21.9879964902003,52.770713886527
19,both,original,-4,30.2740381500069,18.2319023481972,-5.46049045245949,66.0085667524734
19,both,original,-3,-5.06848403109926,16.7336921875269,-37.866520718652,27.7295526564535
19,both,original,-2,2.56287033414321,16.0495143981664,-28.894177886263,34.0199185545494
19,both,original,-1,0,0,0,0
19,both,original,0,52.0317799879306,17.5055380883757,17.7209253347142,86.3426346411469
19,both,original,1,57.8142939038351,18.8247505103494,20.9177829035502,94.71080490412
19,both,original,2,39.1785015389653,19.390588143662,1.17294877738775,77.1840543005428
19,both,original,3,42.4235829637654,19.073824030978,5.03888786304847,79.8082780644823
19,both,original,4,43.772733828845,20.4250490101438,3.73963776896315,83.8058298887268
19,both,rotated,-5,-3.91710150378585,19.0710995858998,-41.2964566921495,33.4622536845778
19,both,rotated,-4,15.7926929985451,18.2319023481972,-19.9418356039214,51.5272216010115
19,both,rotated,-3,-14.7227141320738,16.7336921875269,-47.5207508196266,18.0753225554789
19,both,rotated,-2,-2.26424471634409,16.0495143981664,-33.7212929367503,29.1928035040621
19,both,rotated,-1,0,0,0,0
19,both,rotated,0,56.8588950384179,17.5055380883757,22.5480403852015,91.1697496916341
19,both,rotated,1,67.4685240048097,18.8247505103494,30.5720130045248,104.365035005095
19,both,rotated,2,53.6598466904271,19.390588143662,15.6542939288496,91.6653994520046
19,both,rotated,3,61.7320431657146,19.073824030978,24.3473480649976,99.1167382664315
19,both,rotated,4,67.9083090812815,20.4250490101438,27.8752130213996,107.941405141163
20,both,original,-5,19.6195051124764,18.7366183300911,-17.1042668145022,56.343277039455
20,both,original,-4,36.3162889635406,16.5819049247193,3.81575531109085,68.8168226159903
20,both,original,-3,11.9057611400761,17.5896890457706,-22.5700293896342,46.3815516697864
20,both,original,-2,4.67506951222161,16.7866355549911,-28.2267361755609,37.5768752000041
20,both,original,-1,0,0,0,0
20,both,original,0,61.092887164456,17.0017006311563,27.7695539273897,94.4162204015224
20,both,original,1,70.8910614766687,17.876811279648,35.8525113685586,105.929611584779
20,both,original,2,54.8593621586417,19.1497207524121,17.325909483914,92.3928148333694
20,both,original,3,39.7626261456652,20.7090239438705,-0.82706078432102,80.3523130756514
20,both,original,4,36.4493766523133,20.2072527792101,-3.15683879493847,76.055592099565
20,both,rotated,-5,-9.16895877191044,18.7366183300911,-45.892730698889,27.5548131550682
20,both,rotated,-4,14.7249410502505,16.5819049247193,-17.7755926021993,47.2254747027002
20,both,rotated,-3,-2.48847080211728,17.5896890457706,-36.9642613318276,31.987319727593
20,both,rotated,-2,-2.5220464588751,16.7866355549911,-35.4238521466576,30.3797592289074
20,both,rotated,-1,0,0,0,0
20,both,rotated,0,68.2900031355527,17.0017006311563,34.9666698984864,101.613336372619
20,both,rotated,1,85.2852934188621,17.876811279648,50.246743310752,120.323843526972
20,both,rotated,2,76.4507100719318,19.1497207524121,38.9172573972041,113.98416274666
20,both,rotated,3,68.551090030052,20.7090239438705,27.9614031000658,109.140776960038
20,both,rotated,4,72.4349565077968,20.2072527792101,32.8287410605451,112.041171955049
21,both,original,-5,15.3747687126301,19.0733543717152,-22.0090058559317,52.7585432811918
21,both,original,-4,30.2880469498269,18.2317120807281,-5.44610872840017,66.022202628054
21,both,original,-3,-5.06660002356967,16.7332660006053,-37.863801384756,27.7306013376167
21,both,original,-2,2.56630963002687,16.0508274129309,-28.8933120993177,34.0259313593714
21,both,original,-1,0,0,0,0
21,both,original,0,52.0315497942482,17.5058274904597,17.7201279129471,86.3429716755493
21,both,original,1,57.8127300020952,18.8256298059801,20.9144955823743,94.7109644218162
21,both,original,2,39.1820903523511,19.3903287587951,1.17704598511279,77.1871347195894
21,both,original,3,42.4268194323413,19.0752503510104,5.03932874436087,79.8143101203217
21,both,original,4,43.7616593819692,20.4270763175179,3.72458979963407,83.7987289643044
21,both,rotated,-5,-3.93140799175507,19.0733543717152,-41.3151825603168,33.4523665768067
21,both,rotated,-4,15.8084144215381,18.2317120807281,-19.925741256689,51.5425700997651
21,both,rotated,-3,-14.7196883757622,16.7332660006053,-47.5168897369486,18.0775129854241
21,both,rotated,-2,-2.26023454606941,16.0508274129309,-33.719856275414,29.1993871832751
21,both,rotated,-1,0,0,0,0
21,both,rotated,0,56.8580939703444,17.5058274904597,22.5466720890433,91.1695158516456
21,both,rotated,1,67.4658183542878,18.8256298059801,30.5675839345669,104.364052774009
21,both,rotated,2,53.66172288064,19.3903287587951,15.6566785134017,91.6667672478783
21,both,rotated,3,61.7329961367264,19.0752503510104,24.345505448746,99.1204868247068
21,both,rotated,4,67.8943802624506,20.4270763175179,27.8573106801155,107.931449844786
22,both,original,-5,15.3747253213836,19.0745908863401,-22.0114728158429,52.7609234586101
22,both,original,-4,30.2880339134326,18.2322756787519,-5.44722641692106,66.0232942437863
22,both,original,-3,-5.06658580237138,16.7340043249876,-37.865234279347,27.7320626746042
22,both,original,-2,2.56632680926521,16.0516204888894,-28.894849348958,34.0275029674884
22,both,original,-1,0,0,0,0
22,both,original,0,52.0315716727743,17.5064964605632,17.7188386100704,86.3443047354781
22,both,original,1,57.8127093890073,18.8261464904042,20.913462267815,94.7119565101995
22,both,original,2,39.1820749595334,19.3908722587677,1.17596533234868,77.1881845867181
22,both,original,3,42.4268293642238,19.0758610007109,5.03814180283043,79.8155169256172
22,both,original,4,43.7616875161407,20.4280913105284,3.72262854750505,83.8007464847763
22,both,rotated,-5,-3.93142910933038,19.0745908863401,-41.3176272465569,33.4547690278961
22,both,rotated,-4,15.8084180903972,18.2322756787519,-19.9268422399565,51.5436784207509
22,both,rotated,-3,-14.7196630177284,16.7340043249876,-47.518311494704,18.0789854592473
22,both,rotated,-2,-2.26021179841328,16.0516204888894,-33.7213879566365,29.2009643598099
22,both,rotated,-1,0,0,0,0
22,both,rotated,0,56.8581102804528,17.5064964605632,22.5453772177489,91.1708433431566
22,both,rotated,1,67.4657866043642,18.8261464904042,30.566539483172,104.365033725557
22,both,rotated,2,53.6616907825689,19.3908722587677,15.6555811553841,91.6678004097536
22,both,rotated,3,61.7329837949378,19.0758610007109,24.3442962335444,99.1216713563311
22,both,rotated,4,67.8943805545331,20.4280913105284,27.8553215858975,107.933439523169
23,both,original,-5,-21.8960574314523,20.5076501284603,-62.0910516832346,18.2989368203299
23,both,original,-4,9.33112977773981,17.8200745793966,-25.5962163978776,44.2584759533572
23,both,original,-3,-10.2901305260033,17.4995084279768,-44.5891670448379,24.0089059928312
23,both,original,-2,-8.60387601639967,17.8860073685623,-43.6604504587818,26.4526984259824
23,both,original,-1,0,0,0,0
23,both,original,0,44.4609986482649,17.554167069325,10.0548311923879,78.8671661041419
23,both,original,1,48.4673335183081,18.7122557798836,11.7913121897362,85.14335484688
23,both,original,2,33.466802581339,19.3784462390122,-4.51495204712498,71.448557209803
23,both,original,3,21.5569675676013,20.8931358138951,-19.393578627633,62.5075137628356
23,both,original,4,18.2821510872772,20.343324957682,-21.5907658297795,58.1550680043338
23,both,rotated,-5,-10.0593937699862,20.5076501284603,-50.2543880217684,30.1356004817961
23,both,rotated,-4,18.2086275238394,17.8200745793966,-16.7187186517779,53.1359736994568
23,both,rotated,-3,-4.37179869527026,17.4995084279768,-38.6708352141048,29.9272378235643
23,both,rotated,-2,-5.64471010103313,17.8860073685623,-40.7012845434152,29.411864341349
23,both,rotated,-1,0,0,0,0
23,both,rotated,0,41.5018327328984,17.554167069325,7.09566527702136,75.9080001887754
23,both,rotated,1,42.549001687575,18.7122557798836,5.87298035900313,79.225023016147
23,both,rotated,2,24.5893048352394,19.3784462390122,-13.3924497932246,62.5710594637034
23,both,rotated,3,9.7203039061351,20.8931358138951,-31.2302422890992,50.6708501013694
23,both,rotated,4,3.48632151044445,20.343324957682,-36.3865954066122,43.3592384275011
24,both,original,-5,11.4729842904716,19.2659617114835,-26.2883006640361,49.2342692449793
24,both,original,-4,31.2679990964273,18.4461052759802,-4.88636724449392,67.4223654373486
24,both,original,-3,-5.82426741936512,16.8431824262273,-38.8369049747706,27.1883701360404
24,both,original,-2,1.99615082509304,16.2615421718662,-29.8764718317647,33.8687734819507
24,both,original,-1,0,0,0,0
24,both,original,0,52.4888238165609,17.5934923332698,18.0055788433522,86.9720687897696
24,both,original,1,57.0615597734209,19.1615818084945,19.5048594287716,94.6182601180702
24,both,original,2,39.3517669807853,19.4086201744746,1.31087143881503,77.3926625227555
24,both,original,3,42.1550739448353,19.2938440054755,4.33913969410334,79.9710081955673
24,both,original,4,41.1667942548238,20.6744284793715,0.644914435255707,81.688674074392
24,both,rotated,-5,-5.8661557678659,19.2659617114835,-43.6274407223736,31.8951291866418
24,both,rotated,-4,18.2636440526742,18.4461052759802,-17.890722288247,54.4180103935955
24,both,rotated,-3,-14.4938374485339,16.8431824262273,-47.5064750039393,18.5188001068716
24,both,rotated,-2,-2.33863418949133,16.2615421718662,-34.211256846349,29.5339884673664
24,both,rotated,-1,0,0,0,0
24,both,rotated,0,56.8236088311453,17.5934923332698,22.3403638579366,91.306853804354
24,both,rotated,1,65.7311298025896,19.1615818084945,28.1744294579403,103.287830147239
24,both,rotated,2,52.3561220245384,19.4086201744746,14.3152264825682,90.3970175665086
24,both,rotated,3,59.4942140031728,19.2938440054755,21.6782797524408,97.3101482539048
24,both,rotated,4,62.8407193277457,20.6744284793715,22.3188395081776,103.362599147314
25,both,original,-5,11.4763996447001,19.2668665212859,-26.2866587370203,49.2394580264205
25,both,original,-4,31.2680405005047,18.4468038238225,-4.88769499418739,67.4237759951968
25,both,original,-3,-5.82311462236123,16.8438654130632,-38.8370908319652,27.1908615872427
25,both,original,-2,1.99721049616242,16.2621798026957,-29.8766619171212,33.8710829094461
25,both,original,-1,0,0,0,0
25,both,original,0,52.4883813480568,17.5941880678748,18.0037727350223,86.9729899610914
25,both,original,1,57.0624730656095,19.1622778163544,19.5044085455548,94.6205375856642
25,both,original,2,39.3519965176059,19.4094644361172,1.30944622281618,77.3945468123956
25,both,original,3,42.1558112385048,19.2946540391563,4.33828932175849,79.9733331552512
25,both,original,4,41.1691648790425,20.6752808141657,0.645614483277676,81.6927152748073
25,both,rotated,-5,-5.86502719953381,19.2668665212859,-43.6280855812542,31.8980311821866
25,both,rotated,-4,18.2619703673292,18.4468038238225,-17.8937651273628,54.4177058620213
25,both,rotated,-3,-14.4938280444782,16.8438654130632,-47.5078042540822,18.5201481651257
25,both,rotated,-2,-2.33814621489606,16.2621798026957,-34.2120186281797,29.5357261983876
25,both,rotated,-1,0,0,0,0
25,both,rotated,0,56.8237380591153,17.5941880678748,22.3391294460808,91.3083466721498
25,both,rotated,1,65.7331864877264,19.1622778163544,28.1751219676717,103.291251007781
25,both,rotated,2,52.3580666507814,19.4094644361172,14.3155163559916,90.4006169455711
25,both,rotated,3,59.4972380827388,19.2946540391563,21.6797161659924,97.3147599994851
25,both,rotated,4,62.8459484343349,20.6752808141657,22.3223980385701,103.3694988301
26,both,original,-5,11.5652541263744,19.2657988464401,-26.1957116126482,49.326219865397
26,both,original,-4,31.2390460004589,18.4394355925109,-4.90224776086258,67.3803397617803
26,both,original,-3,-5.81884997310336,16.8375500253991,-38.8204480228856,27.1827480766789
26,both,original,-2,1.99933314826186,16.2576048213815,-29.865572301646,33.8642385981697
26,both,original,-1,0,0,0,0
26,both,original,0,52.3966660596139,17.590511685694,17.9192631556536,86.8740689635741
26,both,original,1,57.0383334016393,19.1502734407603,19.503797457749,94.5728693455296
26,both,original,2,39.3018401432546,19.4064226951606,1.2652516607399,77.3384286257693
26,both,original,3,42.1322621112035,19.2891171695734,4.32559245883972,79.9389317635674
26,both,original,4,41.2027735282427,20.6718833909805,0.68588208192093,81.7196649745645
26,both,rotated,-5,-5.81338423481619,19.2657988464401,-43.5743499738388,31.9475815042064
26,both,rotated,-4,18.2050672295659,18.4394355925109,-17.9362265317555,54.3463609908874
26,both,rotated,-3,-14.5081691536986,16.8375500253991,-47.5097672034809,18.4934288960836
26,both,rotated,-2,-2.34532644203578,16.2576048213815,-34.2102318919436,29.519579007872
26,both,rotated,-1,0,0,0,0
26,both,rotated,0,56.7413256499115,17.590511685694,22.2639227459513,91.2187285538717
26,both,rotated,1,65.7276525822346,19.1502734407603,28.1931166383443,103.262188526125
26,both,rotated,2,52.3358189141475,19.4064226951606,14.2992304316328,90.3724073966622
26,both,rotated,3,59.5109004723941,19.2891171695734,21.7042308200303,97.3175701247579
26,both,rotated,4,62.9260714797309,20.6718833909805,22.4091800334091,103.442962926053
27,both,original,-5,5.42563073240506,19.7879292895403,-33.3587106750939,44.2099721399041
27,both,original,-4,21.6072676639496,17.2777781768155,-12.2571775626088,55.4717128905079
27,both,original,-3,2.93365403070611,17.1404009523332,-30.6615318358669,36.5288398972791
27,both,original,-2,-0.254908482687165,17.4527704778784,-34.4623386193287,33.9525216539544
27,both,original,-1,0,0,0,0
27,both,original,0,55.7473477793839,17.3273963186796,21.7856509947718,89.709044563996
27,both,original,1,61.2679357132567,18.3983774781778,25.2071158560281,97.3287555704852
27,both,original,2,46.7599597449083,19.2562440277971,9.01772145042607,84.5021980393906
27,both,original,3,31.2841764424038,20.6208731387485,-9.13273490954321,71.7010877943507
27,both,original,4,28.1478475026951,19.9144390438607,-10.8844530232719,67.1801480286621
27,both,rotated,-5,-6.85926600095415,19.7879292895403,-45.6436074084531,31.9250754065449
27,both,rotated,-4,12.3935951139302,17.2777781768155,-21.4708501126282,46.2580403404885
27,both,rotated,-3,-3.20879433597349,17.1404009523332,-36.8039802025465,30.3863915305995
27,both,rotated,-2,-3.32613266602697,17.4527704778784,-37.5335628026685,30.8812974706146
27,both,rotated,-1,0,0,0,0
27,both,rotated,0,58.8185719627237,17.3273963186796,24.8568751781116,92.7802687473358
27,both,rotated,1,67.4103840799363,18.3983774781778,31.3495642227077,103.471203937165
27,both,rotated,2,55.9736322949277,19.2562440277971,18.2313940004455,93.7158705894099
27,both,rotated,3,43.569073175763,20.6208731387485,3.152161823816,83.9859845277099
27,both,rotated,4,43.5039684193941,19.9144390438607,4.47166789342709,82.5362689453611
28,both,original,-5,15.3686387311784,19.073760425855,-22.0159317034973,52.7532091658542
28,both,original,-4,30.2796961493055,18.2323571129896,-5.45572379215418,66.0151160907651
28,both,original,-3,-5.07413994933397,16.733925475593,-37.8726338814962,27.7243539828283
28,both,original,-2,2.55859491275352,16.0511451779489,-28.9016496360264,34.0188394615335
28,both,original,-1,0,0,0,0
28,both,original,0,52.0238451021448,17.5063248777002,17.7114483418524,86.3362418624373
28,both,original,1,57.804747188194,18.8261069139433,20.905577636865,94.7039167395229
28,both,original,2,39.1737795178114,19.3907928085346,1.16782561308352,77.1797334225393
28,both,original,3,42.4184693481792,19.0755371416699,5.03041655050622,79.8065221458522
28,both,original,4,43.7542407283079,20.4275452599961,3.71625201871555,83.7922294379002
28,both,rotated,-5,-3.927889053717,19.073760425855,-41.3124594883927,33.4566813809587
28,both,rotated,-4,15.8073003106339,18.2323571129896,-19.9281196308258,51.5427202520936
28,both,rotated,-3,-14.7224038417817,16.733925475593,-47.5208977739439,18.0760900903805
28,both,rotated,-2,-2.26553703347034,16.0511451779489,-33.7257815822503,29.1947075153096
28,both,rotated,-1,0,0,0,0
28,both,rotated,0,56.8479770483687,17.5063248777002,22.5355802880762,91.1603738086611
28,both,rotated,1,67.4530110806417,18.8261069139433,30.5538415293127,104.352180631971
28,both,rotated,2,53.646175356483,19.3907928085346,15.6402214517551,91.6521292612109
28,both,rotated,3,61.7149971330746,19.0755371416699,24.3269443354017,99.1030499307476
28,both,rotated,4,67.8749004594272,20.4275452599961,27.8369117498348,107.91288916902
29,both,original,-5,15.3841515853273,19.0734373983321,-21.9997857154036,52.7680888860583
29,both,original,-4,30.2782091710186,18.2326974266186,-5.45787778515386,66.0142961271911
29,both,original,-3,-5.06878462040509,16.7349676344386,-37.8693211839046,27.7317519430945
29,both,original,-2,2.5631575965475,16.051187182383,-28.8971692809232,34.0234844740182
29,both,original,-1,0,0,0,0
29,both,original,0,52.0307516655075,17.5066344968237,17.717748051733,86.3437552792819
29,both,original,1,57.8126509659633,18.8260519797897,20.9135890855755,94.7117128463511
29,both,original,2,39.1787802583067,19.3913824289563,1.17167069755238,77.185889819061
29,both,original,3,42.4237180717189,19.0752130066273,5.03630057872942,79.8111355647083
29,both,original,4,43.7675498036138,20.4270729801134,3.73048676259162,83.804612844636
29,both,rotated,-5,-3.92209137601967,19.0734373983321,-41.3060286767506,33.4618459247113
29,both,rotated,-4,15.7985269500084,18.2326974266186,-19.9375600061641,51.5346139061808
29,both,rotated,-3,-14.7219061010786,16.7349676344386,-47.5224426645781,18.078630462421
29,both,rotated,-2,-2.26340314378925,16.051187182383,-33.7237300212599,29.1969237336814
29,both,rotated,-1,0,0,0,0
29,both,rotated,0,56.8573124058442,17.5066344968237,22.5443087920698,91.1703160196187
29,both,rotated,1,67.4657724466368,18.8260519797897,30.566710566249,104.364834327025
29,both,rotated,2,53.6584624793169,19.3913824289563,15.6513529185626,91.6655720400713
29,both,rotated,3,61.7299610330658,19.0752130066273,24.3425435400764,99.1173785260553
29,both,rotated,4,67.9003535052976,20.4270729801134,27.8632904642754,107.93741654632
30,both,original,-5,15.374717948145,19.0751815730964,-22.0126379351239,52.7620738314138
30,both,original,-4,30.2880168548703,18.2322678073819,-5.44722804759829,66.0232617573389
30,both,original,-3,-5.06662464119427,16.7339774533708,-37.865220449801,27.7319711674125
30,both,original,-2,2.56626803627017,16.0514171122496,-28.8945095037391,34.0270455762794
30,both,original,-1,0,0,0,0
30,both,original,0,52.0314870269199,17.5061672007712,17.7193993134082,86.3435747404315
30,both,original,1,57.8126850063311,18.826231451685,20.9132713610284,94.7120986516337
30,both,original,2,39.1820436773905,19.391021563983,1.17564141198375,77.1884459427972
30,both,original,3,42.4267862065846,19.0758385573886,5.0381426341029,79.8154297790663
30,both,original,4,43.7616298614048,20.4281239455627,3.72250692810199,83.8007527947077
30,both,rotated,-5,-3.93140753333134,19.0751815730964,-41.3187634166002,33.4559483499375
30,both,rotated,-4,15.808422743763,18.2322678073819,-19.9268221587055,51.5436676462316
30,both,rotated,-3,-14.7196873819324,16.7339774533708,-47.5182831905392,18.0789084266743
30,both,rotated,-2,-2.26026333409891,16.0514171122496,-33.7210408741081,29.2005142059103
30,both,rotated,-1,0,0,0,0
30,both,rotated,0,56.858018397289,17.5061672007712,22.5459306837773,91.1701061108006
30,both,rotated,1,67.4657477470692,18.826231451685,30.5663341017666,104.365161392372
30,both,rotated,2,53.6616377884977,19.391021563983,15.655235523091,91.6680400539044
30,both,rotated,3,61.7329116880609,19.0758385573886,24.3442681155792,99.1215552605427
30,both,rotated,4,67.8942867132502,20.4281239455627,27.8551637799474,107.933409646553
31,both,original,-5,11.4741865436276,19.2674564565628,-26.2900281112355,49.2384011984906
31,both,original,-4,31.2663448990911,18.4472260113928,-4.89021808323873,67.4229078814209
31,both,original,-3,-5.82550648121321,16.8441094272924,-38.8399609587064,27.18894799628
31,both,original,-2,1.99496836973933,16.2626694291778,-29.8798637114492,33.8698004509278
31,both,original,-1,0,0,0,0
31,both,original,0,52.4822464596061,17.5946337814642,17.9967642479362,86.9677286712759
31,both,original,1,57.058383116912,19.1626234200615,19.4996412135914,94.6171250202326
31,both,original,2,39.3477857897449,19.4098387882058,1.30450176486154,77.3910698146284
31,both,original,3,42.1524634010762,19.2951658626126,4.33393831035558,79.9709884917969
31,both,original,4,41.1656228644194,20.6758115527383,0.641032221052377,81.6902135077865
31,both,rotated,-5,-5.86444496025197,19.2674564565628,-43.628659615115,31.8997696946111
31,both,rotated,-4,18.2623712711815,18.4472260113928,-17.8941917111484,54.4189342535113
31,both,rotated,-3,-14.494822233153,16.8441094272924,-47.5092767106462,18.5196322443402
31,both,rotated,-2,-2.33968950623056,16.2626694291778,-34.2145215874191,29.5351425749579
31,both,rotated,-1,0,0,0,0
31,both,rotated,0,56.816904335576,17.5946337814642,22.3314221239061,91.3023865472458
31,both,rotated,1,65.7276988688518,19.1626234200615,28.1689569655312,103.286440772172
31,both,rotated,2,52.3517594176546,19.4098387882058,14.3084753927712,90.395043442538
31,both,rotated,3,59.4910949049558,19.2951658626126,21.6725698142351,97.3096199956764
31,both,rotated,4,62.8389122442689,20.6758115527383,22.3143216009018,103.363502887636
32,both,original,-5,15.3689784514488,19.0760356333243,-22.0200513898668,52.7580082927643
32,both,original,-4,30.281942964387,18.2324439917251,-5.45364725939418,66.0175331881683
32,both,original,-3,-5.07262614857397,16.7345465357796,-37.872337358702,27.727085061554
32,both,original,-2,2.56021061594859,16.0517747199198,-28.9012678350942,34.0216890669914
32,both,original,-1,0,0,0,0
32,both,original,0,52.025193064261,17.5065483918802,17.7123582161759,86.3380279123461
32,both,original,1,57.8061410357902,18.826691279168,20.9058261286208,94.7064559429595
32,both,original,2,39.1754807424239,19.3914256474433,1.168286473435,77.1826750114128
32,both,original,3,42.4201904762443,19.0761882158439,5.03086157319017,79.8095193792984
32,both,original,4,43.7551058862604,20.4286397277892,3.71497201979366,83.7952397527272
32,both,rotated,-5,-3.92924835091882,19.0760356333243,-41.3182781922344,33.4597814903967
32,both,rotated,-4,15.8082728626114,18.2324439917251,-19.9273173611699,51.5438630863926
32,both,rotated,-3,-14.7217395497578,16.7345465357796,-47.5214507598858,18.0779716603703
32,both,rotated,-2,-2.2643460846433,16.0517747199198,-33.7258245356861,29.1971323663995
32,both,rotated,-1,0,0,0,0
32,both,rotated,0,56.8497497648529,17.5065483918802,22.5369149167678,91.162584612938
32,both,rotated,1,67.455254436974,18.826691279168,30.5549395298046,104.355569344143
32,both,rotated,2,53.6491508441996,19.3914256474433,15.6419565752107,91.6563451131885
32,both,rotated,3,61.7184172786119,19.0761882158439,24.3290883755577,99.107746181666
32,both,rotated,4,67.8778893892199,20.4286397277892,27.8377555227531,107.918023255687
1,notyet,original,-5,-0.180762818798264,19.9120464671511,-39.2083738944143,38.8468482568178
1,notyet,original,-4,18.9023079972919,17.082733576566,-14.5798498127776,52.3844658073613
1,notyet,original,-3,2.44396108697188,17.6918049628686,-32.2319766402505,37.1198988141943
1,notyet,original,-2,-15.8230168052678,15.7836303704128,-46.7589323312769,15.1128987207413
1,notyet,original,-1,0,0,0,0
1,notyet,original,0,34.0877826448499,20.2337871331297,-5.57044013608445,73.7460054257842
1,notyet,original,1,33.4470185188163,20.7878497487603,-7.29716698875386,74.1912040263864
1,notyet,original,2,23.688377348367,22.9037546417103,-21.2029817493853,68.5797364461192
1,notyet,original,3,34.801978739028,22.3744988827718,-9.05203907120468,78.6559965492606
1,notyet,original,4,34.8041040799318,24.5141716811969,-13.2436724152142,82.8518805750778
1,notyet,rotated,-5,-6.18726656351273,19.9120464671511,-45.2148776391288,32.8403445121033
1,notyet,rotated,-4,14.397430188756,17.082733576566,-19.0847276213134,47.8795879988255
1,notyet,rotated,-3,-0.559290785385359,17.6918049628686,-35.2352285126077,34.116646941837
1,notyet,rotated,-2,-17.3246427414464,15.7836303704128,-48.2605582674555,13.6112727845627
1,notyet,rotated,-1,0,0,0,0
1,notyet,rotated,0,35.5894085810285,20.2337871331297,-4.06881419990583,75.2476313619628
1,notyet,rotated,1,36.4502703911735,20.7878497487603,-4.29391511639663,77.1944558987436
1,notyet,rotated,2,28.1932551569028,22.9037546417103,-16.6981039408494,73.0846142546551
1,notyet,rotated,3,40.8084824837424,22.3744988827718,-3.04553532649022,84.6625002939751
1,notyet,rotated,4,42.3122337608249,24.5141716811969,-5.73554273432107,90.3600102559709
2,notyet,original,-5,3.02910423815911,19.6992825666974,-35.5814895925678,41.639698068886
2,notyet,original,-4,22.3317345656783,16.8992562407078,-10.790807666109,55.4542767974657
2,notyet,original,-3,0.171141560421528,17.3434859551395,-33.8220909116519,34.164374032495
2,notyet,original,-2,-14.4706320385564,15.7462450582726,-45.3332723527706,16.3920082756578
2,notyet,original,-1,0,0,0,0
2,notyet,original,0,37.0007693687106,20.2329685228478,-2.65584893607107,76.6573876734923
2,notyet,original,1,39.4269281182836,21.0771110211793,-1.8842094832279,80.738065719795
2,notyet,original,2,29.239295216695,23.2235952120414,-16.2789513989062,74.7575418322962
2,notyet,original,3,43.8496558100635,22.8008987067189,-0.840105655105646,88.5394172752326
2,notyet,original,4,41.3365732320874,24.1652347598231,-6.0272868971659,88.7004333613407
2,notyet,rotated,-5,-5.63533199276864,19.6992825666974,-44.2459258234955,32.9752618379582
2,notyet,rotated,-4,15.8334073924825,16.8992562407078,-17.2891348393048,48.9559496242698
2,notyet,rotated,-3,-4.16107655504235,17.3434859551395,-38.1543090271158,29.8321559170311
2,notyet,rotated,-2,-16.6367410962883,15.7462450582726,-47.4993814105025,14.2258992179259
2,notyet,rotated,-1,0,0,0,0
2,notyet,rotated,0,39.1668784264425,20.2329685228478,-0.489739878339137,78.8234967312242
2,notyet,rotated,1,43.7591462337474,21.0771110211793,2.44800863223598,85.0702838352589
2,notyet,rotated,2,35.7376223898908,23.2235952120414,-9.78062422571035,81.255869005492
2,notyet,rotated,3,52.5140920409912,22.8008987067189,7.82433057582211,97.2038535061603
2,notyet,rotated,4,52.1671185207471,24.1652347598231,4.80325839149379,99.5309786500004
3,notyet,original,-5,4.62778591202483,20.1857393744993,-34.9362632619937,44.1918350860434
3,notyet,original,-4,24.1332996665747,17.5354776870223,-10.2362365999889,58.5028359331383
3,notyet,original,-3,3.33287363929528,17.8262396772295,-31.6065561280746,38.2723034066651
3,notyet,original,-2,-16.0711616597835,16.1580457149455,-47.7409312610767,15.5986079415096
3,notyet,original,-1,0,0,0,0
3,notyet,original,0,28.4987501037811,20.7907885556122,-12.2511954652188,69.2486956727811
3,notyet,original,1,26.3417696240115,21.7777709316538,-16.3426614020299,69.026200650053
3,notyet,original,2,17.5317675437581,23.8930001610551,-29.2985127719098,64.362047859426
3,notyet,original,3,30.849603425092,23.2164330283611,-14.6546053104958,76.3538121606798
3,notyet,original,4,28.8297165701318,24.4673310880219,-19.1262523623912,76.7856855026547
3,notyet,rotated,-5,-6.23963119019256,20.1857393744993,-45.8036803642111,33.324417983826
3,notyet,rotated,-4,15.9827368399116,17.5354776870223,-18.386799426652,50.3522731064753
3,notyet,rotated,-3,-2.10083491181342,17.8262396772295,-37.0402646791833,32.8385948555565
3,notyet,rotated,-2,-18.7880159353379,16.1580457149455,-50.457785536631,12.8817536659553
3,notyet,rotated,-1,0,0,0,0
3,notyet,rotated,0,31.2156043793355,20.7907885556122,-9.53434118966444,71.9655499483354
3,notyet,rotated,1,31.7754781751202,21.7777709316538,-10.9089528509212,74.4599092011617
3,notyet,rotated,2,25.6823303704211,23.8930001610551,-21.1479499452468,72.512610686089
3,notyet,rotated,3,41.7170205273094,23.2164330283611,-3.78718820827842,87.2212292628972
3,notyet,rotated,4,42.4139879479035,24.4673310880219,-5.54198098461949,90.3699568804265
4,notyet,original,-5,14.5562871041657,19.9666872656389,-24.5784199364865,53.690994144818
4,notyet,original,-4,37.1727405257227,18.2482993458082,1.40607380793855,72.9394072435068
4,notyet,original,-3,6.0368197950123,18.6962513590611,-30.6078328687474,42.681472458772
4,notyet,original,-2,-15.7577741605259,16.3182766960515,-47.7415964847867,16.226048163735
4,notyet,original,-1,0,0,0,0
4,notyet,original,0,51.1024860255861,21.7613054967799,8.45032725189746,93.7546447992747
4,notyet,original,1,51.2484222212842,22.4684618181867,7.21023705763832,95.2866073849302
4,notyet,original,2,34.3986500489985,24.5811084792512,-13.7803225703338,82.5776226683308
4,notyet,original,3,46.495941223009,23.8395435152323,-0.229564066846336,93.2214465128643
4,notyet,original,4,47.2918451101027,25.7742914490256,-3.2257661299874,97.8094563501929
4,notyet,rotated,-5,-7.58494428561155,19.9666872656389,-46.7196513262638,31.5497627550407
4,notyet,rotated,-4,20.5668169833897,18.2482993458082,-15.1998497343944,56.3334837011738
4,notyet,rotated,-3,-5.03379589987635,18.6962513590611,-41.678448563636,31.6108567638833
4,notyet,rotated,-2,-21.2930820079702,16.3182766960515,-53.276904332231,10.6907403162907
4,notyet,rotated,-1,0,0,0,0
4,notyet,rotated,0,56.6377938730304,21.7613054967799,13.9856350993418,99.289952646719
4,notyet,rotated,1,62.3190379161729,22.4684618181867,18.280852752527,106.357223079819
4,notyet,rotated,2,51.0045735913315,24.5811084792512,2.82560097199916,99.1835462106638
4,notyet,rotated,3,68.6371726127863,23.8395435152323,21.911667322931,115.362677902642
4,notyet,rotated,4,74.9683843473243,25.7742914490256,24.4507731072342,125.485995587414
5,notyet,original,-5,8.87480922950935,20.0732559425627,-30.4687724179136,48.2183908769322
5,notyet,original,-4,28.3342967340848,17.7714652586004,-6.49777517277202,63.1663686409416
5,notyet,original,-3,8.66515406085512,18.5022757548708,-27.5993064186917,44.929614540402
5,notyet,original,-2,-14.2750057919871,15.5864382501373,-44.8244247622562,16.2744131782821
5,notyet,original,-1,0,0,0,0
5,notyet,original,0,40.0682661202772,21.8508427556863,-2.75938568086796,82.8959179214224
5,notyet,original,1,43.8772351034685,23.2884421904647,-1.7681115898423,89.5225817967793
5,notyet,original,2,32.344622919875,24.6139798665734,-15.8987776186089,80.5880234583589
5,notyet,original,3,40.2346318497766,24.1607266707874,-7.12039242496665,87.5896561245199
5,notyet,original,4,38.9720238922171,24.7197882290251,-9.47876103667213,87.4228088211063
5,notyet,rotated,-5,-7.59951469715931,20.0732559425627,-46.9430963445822,31.7440669502636
5,notyet,rotated,-4,15.9785537890833,17.7714652586004,-18.8535181177735,50.8106256959401
5,notyet,rotated,-3,0.427992097520793,18.5022757548708,-35.836468382026,36.6924525770676
5,notyet,rotated,-2,-18.3935867736542,15.5864382501373,-48.9430057439233,12.1558321966149
5,notyet,rotated,-1,0,0,0,0
5,notyet,rotated,0,44.1868471019444,21.8508427556863,1.3591953007992,87.0144989030895
5,notyet,rotated,1,52.1143970668028,23.2884421904647,6.46905037349202,97.7597437601136
5,notyet,rotated,2,44.7003658648765,24.6139798665734,-3.54303467360739,92.9437664033604
5,notyet,rotated,3,56.7089557764453,24.1607266707874,9.353931501702,104.063980051189
5,notyet,rotated,4,59.5649288005529,24.7197882290251,11.1141438716637,108.015713729442
6,notyet,original,-5,19.4474319259393,21.2574653743507,-22.2172002077881,61.1120640596666
6,notyet,original,-4,28.9647967316713,16.8622918334102,-4.08529526181266,62.0148887251553
6,notyet,original,-3,7.98020896678956,17.2026047081262,-25.7368962611377,41.6973141947168
6,notyet,original,-2,-11.4781876783378,16.1780973574648,-43.1872584989688,20.2308831422931
6,notyet,original,-1,0,0,0,0
6,notyet,original,0,42.6169322087912,21.2640740834943,0.939347005142352,84.2945174124401
6,notyet,original,1,45.5804174192572,23.687993724916,-0.848050281578161,92.0088851200925
6,notyet,original,2,33.098053270686,24.5658301934269,-15.0509739084308,81.2470804498028
6,notyet,original,3,44.4890955882114,23.4047959425811,-1.38430445924747,90.3624956356704
6,notyet,original,4,39.5205936154929,24.5456018672468,-8.58878604431082,87.6299732752965
6,notyet,rotated,-5,-3.10808116126237,21.2574653743507,-44.7727132949897,38.556550972465
6,notyet,rotated,-4,12.0481619162701,16.8622918334102,-21.0019300772139,45.098253909754
6,notyet,rotated,-3,-3.29754757681125,17.2026047081262,-37.0146528047385,30.419557651116
6,notyet,rotated,-2,-17.1170659501382,16.1780973574648,-48.8261367707692,14.5920048704927
6,notyet,rotated,-1,0,0,0,0
6,notyet,rotated,0,48.2558104805916,21.2640740834943,6.57822527694276,89.9333956842405
6,notyet,rotated,1,56.858173962858,23.687993724916,10.4297062620227,103.286641663693
6,notyet,rotated,2,50.0146880860872,24.5658301934269,1.86566090697038,98.163715265204
6,notyet,rotated,3,67.0446086754131,23.4047959425811,21.1712086279542,112.918008722872
6,notyet,rotated,4,67.7149849744949,24.5456018672468,19.6056053146912,115.824364634299
7,notyet,original,-5,9.62145841655636,20.0973629198791,-29.7693729064067,49.0122897395194
7,notyet,original,-4,28.5439003789848,17.4322510241683,-5.62331162838513,62.7111123863547
7,notyet,original,-3,3.72670030068324,17.5071485212026,-30.5873108008738,38.0407114022403
7,notyet,original,-2,-12.8630671368529,15.9644498261406,-44.1533887960885,18.4272545223828
7,notyet,original,-1,0,0,0,0
7,notyet,original,0,30.3418666022653,20.8720113287081,-10.5672756020026,71.2510088065333
7,notyet,original,1,29.274611956236,22.210987015787,-14.2589225947065,72.8081465071785
7,notyet,original,2,19.1112396477208,24.4605308623365,-28.8314008424587,67.0538801379002
7,notyet,original,3,35.2389035840126,23.8358905147646,-11.479441824926,81.9572489929512
7,notyet,original,4,31.9316268719274,24.5087367834356,-16.1054972236062,79.9687509674611
7,notyet,rotated,-5,-6.20625735246943,20.0973629198791,-45.5970886754325,33.1845739704936
7,notyet,rotated,-4,16.6731135522155,17.4322510241683,-17.4940984551545,50.8403255595854
7,notyet,rotated,-3,-4.18715758382965,17.5071485212026,-38.5011686853867,30.1268535177274
7,notyet,rotated,-2,-16.8199960791093,15.9644498261406,-48.1103177383449,14.4703255801263
7,notyet,rotated,-1,0,0,0,0
7,notyet,rotated,0,34.2987955445218,20.8720113287081,-6.61034665974616,75.2079377487897
7,notyet,rotated,1,37.1884698407489,22.210987015787,-6.34506471019356,80.7220043916914
7,notyet,rotated,2,30.9820264744901,24.4605308623365,-16.9606140156894,78.9246669646696
7,notyet,rotated,3,51.0666193530384,23.8358905147646,4.3482739440998,97.784964761977
7,notyet,rotated,4,51.7162715832097,24.5087367834356,3.67914748767599,99.7533956787434
8,notyet,original,-5,20.8216002478427,19.6432770095694,-17.6792226909132,59.3224231865986
8,notyet,original,-4,44.9686444513365,18.2042612769396,9.28829234853488,80.6489965541382
8,notyet,original,-3,11.0123494217039,18.434736416703,-25.119733955034,47.1444327984418
8,notyet,original,-2,-11.2620078792885,15.9047300617972,-42.4352788004111,19.911263041834
8,notyet,original,-1,0,0,0,0
8,notyet,original,0,58.1626464745011,21.6365064557663,15.7550938211992,100.570199127803
8,notyet,original,1,61.6975630888581,22.7845133912343,17.0399168420387,106.355209335677
8,notyet,original,2,45.713305118618,24.8031249449731,-2.90081977352931,94.3274300107653
8,notyet,original,3,59.7553301877731,24.0927775589864,12.5334861721598,106.977174203386
8,notyet,original,4,57.7404688077648,25.4111827210734,7.93455067446104,107.546386941069
8,notyet,rotated,-5,-9.70573646009058,19.6432770095694,-48.2065593988465,28.7950864786654
8,notyet,rotated,-4,22.0731419203866,18.2042612769396,-13.6072101824151,57.7534940231882
8,notyet,rotated,-3,-4.25131893226276,18.434736416703,-40.3834023090007,31.8807644444752
8,notyet,rotated,-2,-18.8938420562719,15.9047300617972,-50.0671129773944,12.2794288648507
8,notyet,rotated,-1,0,0,0,0
8,notyet,rotated,0,65.7944806514844,21.6365064557663,23.3869279981825,108.202033304786
8,notyet,rotated,1,76.9612314428247,22.7845133912343,32.3035851960054,121.618877689644
8,notyet,rotated,2,68.6088076495679,24.8031249449731,19.9946827574207,117.222932541715
8,notyet,rotated,3,90.2826668957064,24.0927775589864,43.0608228800931,137.50451091132
8,notyet,rotated,4,95.8996396926814,25.4111827210734,46.0937215593777,145.705557825985
9,notyet,original,-5,3.44834929057126,20.2189799496849,-36.1808514108112,43.0775499919537
9,notyet,original,-4,22.6831220121219,17.4664538498114,-11.5511275335084,56.9173715577522
9,notyet,original,-3,-0.869984940371037,18.5355922691524,-37.1997457879097,35.4597759071676
9,notyet,original,-2,-16.2682874322008,15.7117639468887,-47.0633447681025,14.526769903701
9,notyet,original,-1,0,0,0,0
9,notyet,original,0,32.3790543403414,21.8667488654435,-10.4797734359279,75.2378821166106
9,notyet,original,1,39.1316394718503,23.2430695257304,-6.42477679858132,84.6880557422819
9,notyet,original,2,27.5069877159923,24.7722839476995,-21.0466888214986,76.0606642534833
9,notyet,original,3,39.4873507348997,24.3392757407192,-8.21762971690992,87.1923311867093
9,notyet,original,4,35.651997941985,24.6692215968391,-12.6996763878197,84.0036722717897
9,notyet,rotated,-5,-5.06291816085646,20.2189799496849,-44.6921188622389,34.566282540526
9,notyet,rotated,-4,16.2996714235511,17.4664538498114,-17.9345781220792,50.5339209691814
9,notyet,rotated,-3,-5.1256186660849,18.5355922691524,-41.4553795136236,31.2041421814538
9,notyet,rotated,-2,-18.3961042950577,15.7117639468887,-49.1911616309595,12.3989530408441
9,notyet,rotated,-1,0,0,0,0
9,notyet,rotated,0,34.5068712031983,21.8667488654435,-8.35195657307096,77.3656989794676
9,notyet,rotated,1,43.3872731975641,23.2430695257304,-2.16914307286746,88.9436894679957
9,notyet,rotated,2,33.8904383045631,24.7722839476995,-14.6632382329279,82.4441148420541
9,notyet,rotated,3,47.9986181863274,24.3392757407192,0.293637734517795,95.703598638137
9,notyet,rotated,4,46.2910822562696,24.6692215968391,-2.06059207353508,94.6427565860743
10,notyet,original,-5,23.5017001351339,21.3345591460652,-18.3140357911538,65.3174360614216
10,notyet,original,-4,29.4099387345763,16.7686783176624,-3.45667076804209,62.2765482371946
10,notyet,original,-3,9.58023313222143,16.9551331527783,-23.6518278472239,42.8122941116668
10,notyet,original,-2,-9.9181154259017,16.0921062944729,-41.4586437630685,21.6224129112651
10,notyet,original,-1,0,0,0,0
10,notyet,original,0,43.3087698931939,21.2040480666479,1.74883568256411,84.8687041038237
10,notyet,original,1,46.8579614479643,23.5673538598667,0.665947882625474,93.049975013303
10,notyet,original,2,33.3349849437738,24.6836184340973,-15.044907187057,81.7148770746046
10,notyet,original,3,45.9759674076591,23.3405692914687,0.22845159638041,91.7234832189377
10,notyet,original,4,41.4211037960467,24.4593970570753,-6.51931443582101,89.3615220279143
10,notyet,rotated,-5,-2.02882887590684,21.3345591460652,-43.8445648021946,39.7869070503809
10,notyet,rotated,-4,10.2620419762957,16.7686783176624,-22.6045675263226,43.1286514789141
10,notyet,rotated,-3,-3.18503137329894,16.9551331527783,-36.4170923527443,30.0470296061464
10,notyet,rotated,-2,-16.3007476786619,16.0921062944729,-47.8412760158287,15.2397806585049
10,notyet,rotated,-1,0,0,0,0
10,notyet,rotated,0,49.6914021459541,21.2040480666479,8.13146793532429,91.2513363565838
10,notyet,rotated,1,59.6232259534846,23.5673538598667,13.4312123881458,105.815239518823
10,notyet,rotated,2,52.4828817020544,24.6836184340973,4.10298957122356,100.862773832885
10,notyet,rotated,3,71.5064964186998,23.3405692914687,25.7589806074211,117.254012229978
10,notyet,rotated,4,73.3342650598476,24.4593970570753,25.3938468279799,121.274683291715
11,notyet,original,-5,17.5922236601314,20.6503547455134,-22.8824716410749,58.0669189613377
11,notyet,original,-4,39.4452749519337,18.8796626067661,2.44113624267217,76.4494136611952
11,notyet,original,-3,4.8534826081652,18.7588512699956,-31.9138658810261,41.6208310973565
11,notyet,original,-2,-15.7148543589409,16.6922080897355,-48.4315822148225,17.0018734969406
11,notyet,original,-1,0,0,0,0
11,notyet,original,0,45.3653893575512,22.0691534321129,2.10984863060996,88.6209300844924
11,notyet,original,1,44.1858475308326,23.3990521794972,-1.67629474098202,90.0479898026472
11,notyet,original,2,28.6339209076057,25.2661487974333,-20.8877307353634,78.1555725505749
11,notyet,original,3,43.3491913701444,24.4702082568795,-4.61241681333937,91.3107995536283
11,notyet,original,4,41.5280308285657,25.546468405792,-8.54304724678671,91.5991089039181
11,notyet,rotated,-5,-6.76735372036408,20.6503547455134,-47.2420490215704,33.7073415808422
11,notyet,rotated,-4,21.1755919165621,18.8796626067661,-15.8285467926994,58.1797306258236
11,notyet,rotated,-3,-7.32630608208254,18.7588512699956,-44.0936545712738,29.4410424071088
11,notyet,rotated,-2,-21.8047487040648,16.6922080897355,-54.5214765599463,10.9119791518168
11,notyet,rotated,-1,0,0,0,0
11,notyet,rotated,0,51.455283702675,22.0691534321129,8.19974297573383,94.7108244296162
11,notyet,rotated,1,56.3656362210803,23.3990521794972,10.5034939492657,102.227778492895
11,notyet,rotated,2,46.9036039429773,25.2661487974333,-2.61804769999183,96.4252555859465
11,notyet,rotated,3,67.7087687506399,24.4702082568795,19.7471605671561,115.670376934124
11,notyet,rotated,4,71.977502554185,25.546468405792,21.9064244788326,122.048580629537
12,notyet,original,-5,10.7352769521931,21.2677147928772,-30.9494440418463,52.4199979462324
12,notyet,original,-4,28.1111380061783,17.2382816143355,-5.67589395791922,61.8981699702758
12,notyet,original,-3,5.87144973012068,18.1245034784481,-29.6525770876376,41.3954765478789
12,notyet,original,-2,-13.4938102671869,16.066399044815,-44.9839523950244,17.9963318606505
12,notyet,original,-1,0,0,0,0
12,notyet,original,0,44.440278106463,21.4272760649767,2.44281701910865,86.4377391938174
12,notyet,original,1,41.1137395364202,23.306537920249,-4.56707478726781,86.7945538601082
12,notyet,original,2,28.8432487685526,24.6229948650661,-19.4178211669771,77.1043187040822
12,notyet,original,3,39.1469719689963,23.8821230621225,-7.66198923276394,85.9559331707565
12,notyet,original,4,37.5601001949393,24.1989023491687,-9.86974840943143,84.98994879931
12,notyet,rotated,-5,-6.00120451718848,21.2677147928772,-47.6859255112279,35.6835164768509
12,notyet,rotated,-4,15.5587769041421,17.2382816143355,-18.2282550599554,49.3458088682397
12,notyet,rotated,-3,-2.49679100457009,18.1245034784481,-38.0208178223284,33.0272358131882
12,notyet,rotated,-2,-17.6779306345323,16.066399044815,-49.1680727623697,13.8122114933051
12,notyet,rotated,-1,0,0,0,0
12,notyet,rotated,0,48.6243984738084,21.4272760649767,6.62693738645403,90.6218595611628
12,notyet,rotated,1,49.481980271111,23.306537920249,3.80116594742297,95.162794594799
12,notyet,rotated,2,41.3956098705887,24.6229948650661,-6.86546006494091,89.6566798061184
12,notyet,rotated,3,55.8834534383778,23.8821230621225,9.07449223661759,102.692414640138
12,notyet,rotated,4,58.4807020316662,24.1989023491687,11.0508534272955,105.910550636037
13,notyet,original,-5,19.2301050890595,21.2581888637203,-22.4359450838323,60.8961552619512
13,notyet,original,-4,28.9752990096897,16.867848293751,-4.08568364606233,62.0362816654417
13,notyet,original,-3,7.95521116251221,17.222252460821,-25.8004036606969,41.7108259857213
13,notyet,original,-2,-11.4995731436396,16.1792485355144,-43.2109002732479,20.2117539859687
13,notyet,original,-1,0,0,0,0
13,notyet,original,0,42.669783320353,21.261628528308,0.996991404869334,84.3425752358367
13,notyet,original,1,45.5164072519118,23.7119315043086,-0.958978496533128,91.9917930003566
13,notyet,original,2,33.0835999290186,24.5736402266803,-15.0807349152748,81.2479347733119
13,notyet,original,3,44.4149641724068,23.4092007604805,-1.46706931813497,90.2969976629486
13,notyet,original,4,39.4070548041513,24.5540584079629,-8.71889967545606,87.5330092837586
13,notyet,rotated,-5,-3.20418378649943,21.2581888637203,-44.8702339593912,38.4618663863923
13,notyet,rotated,-4,12.1495823530205,16.867848293751,-20.9114003027315,45.2105650087725
13,notyet,rotated,-3,-3.26193327526723,17.222252460821,-37.0175480984763,30.4936815479419
13,notyet,rotated,-2,-17.1081453625293,16.1792485355144,-48.8194724921376,14.603181767079
13,notyet,rotated,-1,0,0,0,0
13,notyet,rotated,0,48.2783555392427,21.261628528308,6.60556362375905,89.9511474547264
13,notyet,rotated,1,56.7335516896912,23.7119315043086,10.2581659412463,103.208937438136
13,notyet,rotated,2,49.9093165856877,24.5736402266803,1.74498174139441,98.0736514299811
13,notyet,rotated,3,66.8492530479657,23.4092007604805,20.9672195574239,112.731286538507
13,notyet,rotated,4,67.4499158985999,24.5540584079629,19.3239614189925,115.575870378207
14,notyet,original,-5,9.49725071514631,20.0756039996882,-29.8509331242425,48.8454345545351
14,notyet,original,-4,30.0769658000655,17.8474657967344,-4.90406716153404,65.057998761665
14,notyet,original,-3,-1.51832310498901,18.3973860184905,-37.5771997012303,34.5405534912523
14,notyet,original,-2,-19.3094733297556,16.411696864985,-51.4763991851262,12.857452525615
14,notyet,original,-1,0,0,0,0
14,notyet,original,0,38.6868139612355,21.7438708365727,-3.93117287844699,81.3048008009181
14,notyet,original,1,43.6829857978206,23.6279952066646,-2.62788480724196,89.9938564028832
14,notyet,original,2,25.4824199274816,25.2869041338149,-24.0799121747956,75.0447520297589
14,notyet,original,3,36.2898641254893,24.4259354693529,-11.5849693944424,84.164697645421
14,notyet,original,4,36.1860118242521,24.9056046858504,-12.6289733600146,85.0009970085188
14,notyet,rotated,-5,-4.61925338099343,20.0756039996882,-43.9674372203823,34.7289304583954
14,notyet,rotated,-4,19.4895877279607,17.8474657967344,-15.4914452336388,54.4706206895602
14,notyet,rotated,-3,-8.57657515305887,18.3973860184905,-44.6354517493001,27.4823014431824
14,notyet,rotated,-2,-22.8385993537905,16.411696864985,-55.0055252091611,9.32832650158008
14,notyet,rotated,-1,0,0,0,0
14,notyet,rotated,0,42.2159399852705,21.7438708365727,-0.402046854412056,84.833926824953
14,notyet,rotated,1,50.7412378458905,23.6279952066646,4.43036724082791,97.0521084509531
14,notyet,rotated,2,36.0697979995864,25.2869041338149,-13.4925341026908,85.6321301018637
14,notyet,rotated,3,50.4063682216291,24.4259354693529,2.53153470169737,98.2812017415608
14,notyet,rotated,4,53.8316419444267,24.9056046858504,5.01665676016005,102.646627128693
15,notyet,original,-5,19.4474321501342,21.2581923200326,-22.2186247971298,61.1134890973982
15,notyet,original,-4,28.9647969568215,16.8628664309459,-4.08642124783238,62.0160151614754
15,notyet,original,-3,7.98020922382364,17.203193524552,-25.7380500842983,41.6984685319456
15,notyet,original,-2,-11.4781874602185,16.1786310896229,-43.1883043958794,20.2319294754423
15,notyet,original,-1,0,0,0,0
15,notyet,original,0,42.6169325056093,21.2647440529348,0.938034161857153,84.2958308493614
15,notyet,original,1,45.5804177900313,23.6887768010736,-0.849584740072999,92.0104203201356
15,notyet,original,2,33.0980536196353,24.566630611499,-15.0525423789027,81.2486496181733
15,notyet,original,3,44.4890959235322,23.4055817803805,-1.38584436601348,90.3640362130779
15,notyet,original,4,39.5205939507879,24.5463973461826,-8.59034484773007,87.6315327493058
15,notyet,rotated,-5,-3.10808124432314,21.2581923200326,-44.7741381915871,38.5579757029409
15,notyet,rotated,-4,12.0481619109785,16.8628664309459,-21.0030562936754,45.0993801156324
15,notyet,rotated,-3,-3.29754747340503,17.203193524552,-37.015806781527,30.4207118347169
15,notyet,rotated,-2,-17.1170658088329,16.1786310896229,-48.8271827444937,14.593051126828
15,notyet,rotated,-1,0,0,0,0
15,notyet,rotated,0,48.2558108542236,21.2647440529348,6.57691251047149,89.9347091979757
15,notyet,rotated,1,56.85817448726,23.6887768010736,10.4281719571557,103.288177017364
15,notyet,rotated,2,50.0146886654783,24.566630611499,1.86409266694029,98.1652846640163
15,notyet,rotated,3,67.0446093179896,23.4055817803805,21.1696690284439,112.919549607535
15,notyet,rotated,4,67.7149856938596,24.5463973461826,19.6040468953416,115.825924492378
16,notyet,original,-5,19.4474319307934,21.2596909943739,-22.2215624181794,61.1164262797663
16,notyet,original,-4,28.9647967368937,16.8640672402576,-4.08877505401122,62.0183685277985
16,notyet,original,-3,7.98020897192915,17.2044157475583,-25.7404458932852,41.7008638371435
16,notyet,original,-2,-11.4781876731964,16.1798065383241,-43.1906084883116,20.2342331419187
16,notyet,original,-1,0,0,0,0
16,notyet,original,0,42.6169322191327,21.2663193629787,0.934946267694507,84.2989181705709
16,notyet,original,1,45.5804174257798,23.6904799289477,-0.852923234957729,92.0137580865173
16,notyet,original,2,33.0980532772768,24.5684010411616,-15.0560127634,81.2521193179537
16,notyet,original,3,44.4890955947202,23.407247010865,-1.38910854657521,90.3672997360157
16,notyet,original,4,39.5205936219817,24.5481670880545,-8.59381387060508,87.6350011145685
16,notyet,rotated,-5,-3.10808116314212,21.2596909943739,-44.777075512115,38.5609131858307
16,notyet,rotated,-4,12.048161916442,16.8640672402576,-21.0054098744629,45.1017337073469
16,notyet,rotated,-3,-3.29754757503862,17.2044157475583,-37.0182024402529,30.4231072901757
16,notyet,rotated,-2,-17.1170659466803,16.1798065383241,-48.8294867617955,14.5953548684348
16,notyet,rotated,-1,0,0,0,0
16,notyet,rotated,0,48.2558104926166,21.2663193629787,6.57382454117839,89.9377964440547
16,notyet,rotated,1,56.8581739727476,23.6904799289477,10.42483331201,103.291514633485
16,notyet,rotated,2,50.0146880977285,24.5684010411616,1.86062205705168,98.1687541384053
16,notyet,rotated,3,67.0446086886558,23.407247010865,21.1664045473603,112.922812829951
16,notyet,rotated,4,67.7149849894012,24.5481670880545,19.6005774968143,115.829392481988
17,notyet,original,-5,25.1504149928296,20.4583697537228,-14.9479897244671,65.2488197101262
17,notyet,original,-4,48.0831161593654,18.5490286458827,11.7270200134353,84.4392123052955
17,notyet,original,-3,12.2080999902069,18.265659301004,-23.5925922397609,48.0087922201748
17,notyet,original,-2,-9.65600288219873,16.0211273510908,-41.0574124903366,21.7454067259391
17,notyet,original,-1,0,0,0,0
17,notyet,original,0,51.5194968734651,21.8190044913323,8.75424807045373,94.2847456764764
17,notyet,original,1,51.6722538748339,23.6592155934411,5.30019131168923,98.0443164379785
17,notyet,original,2,35.9057637980832,25.6329101075051,-14.3347400126268,86.1462676087932
17,notyet,original,3,52.0331912576203,24.7189393007127,3.5840702282233,100.482312287017
17,notyet,original,4,48.7382130156543,25.2898547449009,-0.829902284351412,98.3063283156601
17,notyet,rotated,-5,-9.46441241352105,20.4583697537228,-49.5628171308177,30.6339923037756
17,notyet,rotated,-4,22.1219956046024,18.5490286458827,-14.2341005413277,58.4780917505325
17,notyet,rotated,-3,-5.09931371296836,18.265659301004,-40.9000059429362,30.7013785169995
17,notyet,rotated,-2,-18.3097097337864,16.0211273510908,-49.7111193419243,13.0916998743515
17,notyet,rotated,-1,0,0,0,0
17,notyet,rotated,0,60.1732037250527,21.8190044913323,17.4079549220414,102.938452528064
17,notyet,rotated,1,68.9796675780092,23.6592155934411,22.6076050148645,115.351730141154
17,notyet,rotated,2,61.8668843528462,25.6329101075051,11.6263805421362,112.107388163556
17,notyet,rotated,3,86.6480186639709,24.7189393007127,38.1988976345739,135.097139693368
17,notyet,rotated,4,92.0067472735926,25.2898547449009,42.4386319735868,141.574862573598
18,notyet,original,-5,12.7881352450897,21.3893566790556,-29.1350038458593,54.7112743360388
18,notyet,original,-4,27.6556777355726,16.9102864192515,-5.48848364616042,60.7998391173056
18,notyet,original,-3,-2.14246533106032,17.9903089740502,-37.4034709201986,33.118540258078
18,notyet,original,-2,-17.6430840977608,16.1840281769824,-49.3637793246464,14.0776111291247
18,notyet,original,-1,0,0,0,0
18,notyet,original,0,39.9440655364163,21.2699300986764,-1.74499745698945,81.633128529822
18,notyet,original,1,40.4439756701123,22.8815120837879,-4.40378801411202,85.2917393543367
18,notyet,original,2,24.7365046351988,24.6068527271791,-23.4929267100724,72.9659359804699
18,notyet,original,3,37.4669505757343,23.8245453052982,-9.22915822265015,84.1630593741187
18,notyet,original,4,35.9351051704132,24.1002570268057,-11.301398602126,83.1716089429524
18,notyet,rotated,-5,-2.17073934520298,21.3893566790556,-44.093878436152,39.7523997457461
18,notyet,rotated,-4,16.4365217928531,16.9102864192515,-16.7076395888799,49.5806831745861
18,notyet,rotated,-3,-9.62190262620667,17.9903089740502,-44.882908215345,25.6391029629316
18,notyet,rotated,-2,-21.382802745334,16.1840281769824,-53.1034979722196,10.3378924815515
18,notyet,rotated,-1,0,0,0,0
18,notyet,rotated,0,43.6837841839895,21.2699300986764,1.99472119058372,85.3728471773952
18,notyet,rotated,1,47.9234129652587,22.8815120837879,3.07564928103432,92.771176649483
18,notyet,rotated,2,35.9556605779183,24.6068527271791,-12.2737707673528,84.1850919231894
18,notyet,rotated,3,52.425825166027,23.8245453052982,5.72971636764254,99.1219339644114
18,notyet,rotated,4,54.6336984082791,24.1002570268057,7.39719463573989,101.870202180818
19,notyet,original,-5,23.4953017482149,21.3357934886826,-18.322853489603,65.3134569860328
19,notyet,original,-4,29.4031835271673,16.7692200729389,-3.46448781579287,62.2708548701275
19,notyet,original,-3,9.57352264917548,16.9559680469308,-23.6601747228089,42.8072200211599
19,notyet,original,-2,-9.92483080219478,16.0932282826625,-41.4675582362134,21.6178966318238
19,notyet,original,-1,0,0,0,0
19,notyet,original,0,43.3014626454878,21.2048990542665,1.73986049912538,84.8630647918501
19,notyet,original,1,46.8503782161615,23.568116475304,0.656869924565619,93.0438865077573
19,notyet,original,2,33.327366422037,24.6846544698844,-15.0545563389364,81.7092891830103
19,notyet,original,3,45.9683825679814,23.3413196683646,0.219396017986838,91.7173691179759
19,notyet,original,4,41.4135279311417,24.4607303169586,-6.5295034900972,89.3565593523807
19,notyet,rotated,-5,-2.02642786118747,21.3357934886826,-43.8445830990054,39.7917273766304
19,notyet,rotated,-4,10.2618863201155,16.7692200729389,-22.6057850228446,43.1295576630757
19,notyet,rotated,-3,-3.18734215552569,16.9559680469308,-36.4210395275101,30.0463552164587
19,notyet,rotated,-2,-16.3052632045454,16.0932282826625,-47.8479906385639,15.2374642294732
19,notyet,rotated,-1,0,0,0,0
19,notyet,rotated,0,49.6818950478383,21.2048990542665,8.12029290147597,91.2434971942007
19,notyet,rotated,1,59.6112430208626,23.568116475304,13.4177347292668,105.804751312458
19,notyet,rotated,2,52.4686636290887,24.6846544698844,4.0867408681154,100.850586390062
19,notyet,rotated,3,71.4901121773837,23.3413196683646,25.7411256273892,117.239098727378
19,notyet,rotated,4,73.3156899428947,24.4607303169586,25.3726585216557,121.258721364134
20,notyet,original,-5,21.1925252425491,19.7195272124956,-17.4577480939422,59.8427985790404
20,notyet,original,-4,36.2106307166464,17.6599648498783,1.59709961088485,70.824161822408
20,notyet,original,-3,5.76622586041237,18.0855146655742,-29.681382884113,41.2138346049377
20,notyet,original,-2,-13.2042045631452,15.7830299832472,-44.1389433303097,17.7305342040194
20,notyet,original,-1,0,0,0,0
20,notyet,original,0,41.5957872309224,21.6631708813132,-0.864027696451423,84.0556021582963
20,notyet,original,1,50.719217481233,23.7357963948155,4.19705654739464,97.2413784150713
20,notyet,original,2,31.7719079127454,25.416735670556,-18.0448940015443,81.5887098270352
20,notyet,original,3,43.1824021455046,24.5338367704921,-4.90391792465989,91.2687222156691
20,notyet,original,4,42.7219539887121,24.8203895958644,-5.9260096191821,91.3699175966063
20,notyet,rotated,-5,-4.37150679449293,19.7195272124956,-43.0217801309842,34.2787665419984
20,notyet,rotated,-4,17.0376066888649,17.6599648498783,-17.5759244168967,51.6511377946265
20,notyet,rotated,-3,-7.01579015810864,18.0855146655742,-42.463398902634,28.4318185864167
20,notyet,rotated,-2,-19.5952125724057,15.7830299832472,-50.5299513395702,11.3395261947588
20,notyet,rotated,-1,0,0,0,0
20,notyet,rotated,0,47.9867952401829,21.6631708813132,5.52698031280908,90.4466101675568
20,notyet,rotated,1,63.501233499754,23.7357963948155,16.9790725659157,110.023394433592
20,notyet,rotated,2,50.944931940527,25.416735670556,1.1281300262372,100.761733854817
20,notyet,rotated,3,68.7464341825466,24.5338367704921,20.6601141123821,116.832754252711
20,notyet,rotated,4,74.6769940350146,24.8203895958644,26.0290304271204,123.324957642909
21,notyet,original,-5,23.5017836045654,21.3353020126735,-18.3154083402747,65.3189755494054
21,notyet,original,-4,29.4100542824043,16.7691176006091,-3.45741621478952,62.2775247795982
21,notyet,original,-3,9.5804912018755,16.9557220089119,-23.6527239355918,42.8137063393428
21,notyet,original,-2,-9.91793974860149,16.092884383305,-41.4599931398792,21.6241136426762
21,notyet,original,-1,0,0,0,0
21,notyet,original,0,43.3089717493967,21.2050010119031,1.74716976606668,84.8707737327267
21,notyet,original,1,46.8582267553127,23.5684819806247,0.664002073288202,93.0524514373372
21,notyet,original,2,33.3351956063618,24.6845941523747,-15.0466089322925,81.7170001450161
21,notyet,original,3,45.9761662924747,23.3415389751178,0.226749901243743,91.7255826837056
21,notyet,original,4,41.421331065862,24.4602902003342,-6.52083772679313,89.3634998585171
21,notyet,rotated,-5,-2.02892838485117,21.3353020126735,-43.8461203296912,39.7882635599888
21,notyet,rotated,-4,10.2620202903419,16.7691176006091,-22.6054502068519,43.1294907875358
21,notyet,rotated,-3,-3.18486479283276,16.9557220089119,-36.4180799303001,30.0483503446346
21,notyet,rotated,-2,-16.3006177459556,16.092884383305,-47.8426711372333,15.2414356453221
21,notyet,rotated,-1,0,0,0,0
21,notyet,rotated,0,49.6916497467508,21.2050010119031,8.12984776342081,91.2534517300808
21,notyet,rotated,1,59.623582750021,23.5684819806247,13.4293580679965,105.817807432045
21,notyet,rotated,2,52.4832295984242,24.6845941523747,4.10142505976989,100.865034137079
21,notyet,rotated,3,71.5068782818912,23.3415389751178,25.7574618906603,117.256294673122
21,notyet,rotated,4,73.3347210526326,24.4602902003342,25.3925522599775,121.276889845288
22,notyet,original,-5,23.5016247936809,21.3371521354305,-18.3191933917628,65.3224429791247
22,notyet,original,-4,29.4098733055088,16.7696827213969,-3.45870482842904,62.2784514394467
22,notyet,original,-3,9.58016282557675,16.9567538487535,-23.6550747179802,42.8154003691337
22,notyet,original,-2,-9.91818302651714,16.0942491473131,-41.4629113552509,21.6265453022166
22,notyet,original,-1,0,0,0,0
22,notyet,original,0,43.308710538815,21.2060267891548,1.74489803207156,84.8725230455584
22,notyet,original,1,46.8579070499243,23.5689880014302,0.662690567121047,93.0531235327275
22,notyet,original,2,33.3349394581137,24.6858492728523,-15.0493251166768,81.7192040329041
22,notyet,original,3,45.9759145504524,23.3420332829937,0.225529315784769,91.7262997851201
22,notyet,original,4,41.4210509365273,24.4624117523399,-6.52527609805891,89.3673779711135
22,notyet,rotated,-5,-2.0288101017706,21.3371521354305,-43.8496282872143,39.7920080836732
22,notyet,rotated,-4,10.2620471339202,16.7696827213969,-22.6065310000177,43.130625267858
22,notyet,rotated,-3,-3.18505462214902,16.9567538487535,-36.420292165706,30.0501829214079
22,notyet,rotated,-2,-16.30079175038,16.0942491473131,-47.8455200791138,15.2439365783537
22,notyet,rotated,-1,0,0,0,0
22,notyet,rotated,0,49.6913192626779,21.2060267891548,8.12750675593445,91.2551317694213
22,notyet,rotated,1,59.6231244976501,23.5689880014302,13.4279080148468,105.818340980453
22,notyet,rotated,2,52.4827656297023,24.6858492728523,4.09850105491185,100.867030204493
22,notyet,rotated,3,71.506349445904,23.3420332829937,25.7559642112363,117.256734680572
22,notyet,rotated,4,73.3340945558417,24.4624117523399,25.3877675212555,121.280421590428
23,notyet,original,-5,11.9590455221425,21.4652656911684,-30.1128752325476,54.0309662768325
23,notyet,original,-4,34.0681511720205,17.2678031307922,0.223257035667849,67.9130453083732
23,notyet,original,-3,4.11405727084266,17.9399686974466,-31.0482813761526,39.2763959178379
23,notyet,original,-2,-14.4382499791267,16.2494349428403,-46.2871424670937,17.4106425088404
23,notyet,original,-1,0,0,0,0
23,notyet,original,0,42.9764274253598,21.3914247236993,1.04923496690915,84.9036198838105
23,notyet,original,1,45.0873380393896,23.5404585194675,-1.05196065876669,91.2266367375458
23,notyet,original,2,27.7278950630526,25.2343302429966,-21.7313922132207,77.1871823393258
23,notyet,original,3,39.1780662079089,23.8260940356387,-7.52107810194291,85.8772105177607
23,notyet,original,4,38.2079296061158,24.1939250215833,-9.21216343618737,85.628022648419
23,notyet,rotated,-5,-7.21835450014953,21.4652656911684,-49.2902752548396,34.8535662545405
23,notyet,rotated,-4,19.6851011553015,17.2678031307922,-14.1597929810511,53.5299952916541
23,notyet,rotated,-3,-5.47464274030334,17.9399686974466,-40.6369813872986,29.6876959066919
23,notyet,rotated,-2,-19.2325999846997,16.2494349428403,-51.0814924726667,12.6162925032674
23,notyet,rotated,-1,0,0,0,0
23,notyet,rotated,0,47.7707774309328,21.3914247236993,5.84358497248216,89.6979698893835
23,notyet,rotated,1,54.6760380505356,23.5404585194675,8.53673935237931,100.815336748692
23,notyet,rotated,2,42.1109450797716,25.2343302429966,-7.34834219650168,91.5702323560448
23,notyet,rotated,3,58.3554662302009,23.8260940356387,11.6563219203491,105.054610540053
23,notyet,rotated,4,62.1796796339808,24.1939250215833,14.7595865916776,109.599772676284
24,notyet,original,-5,19.2096087318479,21.2589371236808,-22.4579080305665,60.8771254942623
24,notyet,original,-4,28.9656283463809,16.8686877133693,-4.09699957182295,62.0282562645848
24,notyet,original,-3,7.94270554026259,17.22369994078,-25.8157463436663,41.7011574241915
24,notyet,original,-2,-11.5119571705892,16.1804715788905,-43.2256814652146,20.2017671240361
24,notyet,original,-1,0,0,0,0
24,notyet,original,0,42.6601166931066,21.2626106434707,0.985399831904154,84.3348335543091
24,notyet,original,1,45.5032165907442,23.7140318947182,-0.976285922903458,91.9827191043918
24,notyet,original,2,33.0732070978753,24.5746672138783,-15.0931406413262,81.2395548370769
24,notyet,original,3,44.4011494372574,23.4105563150978,-1.48354094033424,90.285839814849
24,notyet,original,4,39.3917207196773,24.5551681250947,-8.73640880550837,87.519850244863
24,notyet,rotated,-5,-3.20489445168148,21.2589371236808,-44.8724112140959,38.4626223107329
24,notyet,rotated,-4,12.1547509587339,16.8686877133693,-20.90787695947,45.2173788769378
24,notyet,rotated,-3,-3.2645460515021,17.22369994078,-37.022997935431,30.4939058324268
24,notyet,rotated,-2,-17.1155829664716,16.1804715788905,-48.8293072610969,14.5981413281538
24,notyet,rotated,-1,0,0,0,0
24,notyet,rotated,0,48.263742488989,21.2626106434707,6.5890256277865,89.9384593501915
24,notyet,rotated,1,56.7104681825089,23.7140318947182,10.2309656688612,103.189970696156
24,notyet,rotated,2,49.8840844855224,24.5746672138783,1.71773674632083,98.0504322247239
24,notyet,rotated,3,66.8156526207868,23.4105563150978,20.9309622431951,112.700342998378
24,notyet,rotated,4,67.409849699089,24.5551681250947,19.2817201739034,115.537979224275
25,notyet,original,-5,19.2240962478406,21.2604163270839,-22.4463197532438,60.894512248925
25,notyet,original,-4,28.9691312391412,16.8694651189185,-4.09502039393913,62.0332828722215
25,notyet,original,-3,7.94906647557752,17.2239365103202,-25.80984908465,41.707982035805
25,notyet,original,-2,-11.5057187768253,16.1811949883235,-43.2208609539393,20.2094234002886
25,notyet,original,-1,0,0,0,0
25,notyet,original,0,42.6634682707421,21.2639023932001,0.986219580069807,84.3407169614143
25,notyet,original,1,45.5100595121012,23.7147255530435,-0.970802571864141,91.9909215960665
25,notyet,original,2,33.0772277170684,24.5763235118226,-15.0923663661039,81.2468218002407
25,notyet,original,3,44.4086217999918,23.4117624430285,-1.47843258834413,90.2956761883276
25,notyet,original,4,39.4007271622332,24.5565901860869,-8.73018960249706,87.5316439269635
25,notyet,rotated,-5,-3.2020628032415,21.2604163270839,-44.8724788043259,38.4683531978429
25,notyet,rotated,-4,12.1495119508296,16.8694651189185,-20.9146396822507,45.2136635839099
25,notyet,rotated,-3,-3.26401304996351,17.2239365103202,-37.022928610191,30.494902510264
25,notyet,rotated,-2,-17.1122585395959,16.1811949883235,-48.8274007167098,14.6028836375181
25,notyet,rotated,-1,0,0,0,0
25,notyet,rotated,0,48.2700080335126,21.2639023932001,6.59275934284032,89.9472567241849
25,notyet,rotated,1,56.7231390376422,23.7147255530435,10.2422769536769,103.204001121608
25,notyet,rotated,2,49.8968470053799,24.5763235118226,1.72725292220764,98.0664410885522
25,notyet,rotated,3,66.8347808510738,23.4117624430285,20.9477264627379,112.72183523941
25,notyet,rotated,4,67.4334259760858,24.5565901860869,19.3025092113555,115.564342740816
26,notyet,original,-5,19.4474320585759,21.2603934921432,-22.2229391860246,61.1178033031766
26,notyet,original,-4,28.9647968661147,16.8646119471153,-4.08984255023133,62.0194362824607
26,notyet,original,-3,7.98020909699381,17.2049818456042,-25.7415553203905,41.7019735143781
26,notyet,original,-2,-11.4781875449208,16.1803442084281,-43.1916621934399,20.2352871035983
26,notyet,original,-1,0,0,0,0
26,notyet,original,0,42.6169323685282,21.2669742987131,0.933662743050611,84.3002019940058
26,notyet,original,1,45.5804176353097,23.6911958795846,-0.854326288676127,92.0151615592955
26,notyet,original,2,33.0980534553355,24.5691234145791,-15.0574284372395,81.2535353479106
26,notyet,original,3,44.4890958034211,23.4079798387186,-1.39054468046728,90.3687362873095
26,notyet,original,4,39.5205938297889,24.5489091721758,-8.59526814767575,87.6364558072535
26,notyet,rotated,-5,-3.10808120565267,21.2603934921432,-44.7784524502533,38.5622900389479
26,notyet,rotated,-4,12.0481619179432,16.8646119471153,-21.0064774984028,45.1028013342892
26,notyet,rotated,-3,-3.2975475351205,17.2049818456042,-37.0193119525048,30.4242168822638
26,notyet,rotated,-2,-17.117065860978,16.1803442084281,-48.830540509497,14.5964087875411
26,notyet,rotated,-1,0,0,0,0
26,notyet,rotated,0,48.2558106845854,21.2669742987131,6.57254105910777,89.939080310063
26,notyet,rotated,1,56.858174267424,23.6911958795846,10.4234303434382,103.29291819141
26,notyet,rotated,2,50.014688403507,24.5691234145791,1.85920651093199,98.170170296082
26,notyet,rotated,3,67.0446090676497,23.4079798387186,21.1649685837614,112.924249551538
26,notyet,rotated,4,67.7149854100747,24.5489091721758,19.59912343261,115.830847387539
27,notyet,original,-5,35.5547475054908,20.9097053570954,-5.42827499441605,76.5377700053977
27,notyet,original,-4,49.6250855232661,17.7388465870725,14.8569462126041,84.3932248339282
27,notyet,original,-3,20.6084700841569,17.9367257738307,-14.5475124325514,55.7644526008652
27,notyet,original,-2,0.873715256961479,15.5363335261583,-29.5774984543088,31.3249289682317
27,notyet,original,-1,0,0,0,0
27,notyet,original,0,57.2052668883942,21.6221445202076,14.8258636287873,99.584670148001
27,notyet,original,1,62.355031212835,23.8310143215762,15.6462431425456,109.063819283124
27,notyet,original,2,42.5604022356392,25.4442974088301,-7.31042068566772,92.4312251569462
27,notyet,original,3,54.5638273301441,24.213612797438,7.10514624716558,102.022508413123
27,notyet,original,4,54.1361170769827,24.3575709475479,6.39527801978875,101.876956134177
27,notyet,rotated,-5,-8.86990609678076,20.9097053570954,-49.8529285966877,32.1131164031261
27,notyet,rotated,-4,16.3065953215624,17.7388465870725,-18.4615439890996,51.0747346322245
27,notyet,rotated,-3,-1.60385671697892,17.9367257738307,-36.7598392336872,33.5521257997294
27,notyet,rotated,-2,-10.2324481436064,15.5363335261583,-40.6836618548767,20.2187655676638
27,notyet,rotated,-1,0,0,0,0
27,notyet,rotated,0,68.3114302889621,21.6221445202076,25.9320270293552,110.690833548569
27,notyet,rotated,1,84.5673580139708,23.8310143215762,37.8585699436814,131.27614608426
27,notyet,rotated,2,75.878892437343,25.4442974088301,26.008069516036,125.74971535865
27,notyet,rotated,3,98.9884809324157,24.213612797438,51.5297998494372,146.447162015394
27,notyet,rotated,4,109.666934079822,24.3575709475479,61.9260950226283,157.407773137016
28,notyet,original,-5,23.4956204320963,21.3365612715378,-18.3240396601178,65.3152805243103
28,notyet,original,-4,29.4035667027464,16.7697113912806,-3.46506762416357,62.2722010296563
28,notyet,original,-3,9.5739351333557,16.9567177893593,-23.6612317337885,42.8091020004999
28,notyet,original,-2,-9.92439957989608,16.0943464522438,-41.4693186262939,21.6205194665017
28,notyet,original,-1,0,0,0,0
28,notyet,original,0,43.3018757164437,21.2059175192125,1.73827737878714,84.8654740541002
28,notyet,original,1,46.8508553206589,23.5692396160467,0.655145673207372,93.0465649681103
28,notyet,original,2,33.3277437358286,24.6856844797232,-15.0561978444288,81.711685316086
28,notyet,original,3,45.9687484819762,23.3424136359219,0.217617755569357,91.7198792083831
28,notyet,original,4,41.41391808646,24.4616353892262,-6.53088727642335,89.3587234493433
28,notyet,rotated,-5,-2.02659990436232,21.3365612715378,-43.8462599965764,39.7930601878517
28,notyet,rotated,-4,10.2619014504024,16.7697113912806,-22.6067328765075,43.1305357773123
28,notyet,rotated,-3,-3.1871750348736,16.9567177893593,-36.4223419020178,30.0479918322706
28,notyet,rotated,-2,-16.3049546640107,16.0943464522438,-47.8498737104086,15.2399643823871
28,notyet,rotated,-1,0,0,0,0
28,notyet,rotated,0,49.6824308005583,21.2059175192125,8.11883246290179,91.2460291382148
28,notyet,rotated,1,59.6119654888882,23.5692396160467,13.4162558414367,105.80767513634
28,notyet,rotated,2,52.4694089881726,24.6856844797232,4.08546740791518,100.85335056843
28,notyet,rotated,3,71.4909688184348,23.3424136359219,25.739838092028,117.242099544842
28,notyet,rotated,4,73.3166935070332,24.4616353892262,25.3718881441499,121.261498869917
29,notyet,original,-5,23.4968260922975,21.3383496709971,-18.3263392628568,65.3199914474519
29,notyet,original,-4,29.4048000675927,16.7703658000874,-3.46511690057858,62.274717035764
29,notyet,original,-3,9.57512289183684,16.9575692653901,-23.6617128683277,42.8119586520014
29,notyet,original,-2,-9.92323294990887,16.09510984005,-41.4696482364069,21.6231823365891
29,notyet,original,-1,0,0,0,0
29,notyet,original,0,43.3032252716772,21.2069906735611,1.73752355149748,84.8689269918568
29,notyet,original,1,46.8522128025292,23.5697799260577,0.655444147456144,93.0489814576022
29,notyet,original,2,33.3292175813198,24.6869565800518,-15.0572173155817,81.7156524782214
29,notyet,original,3,45.9702202072223,23.342858014514,0.21821849877481,91.7222219156698
29,notyet,original,4,41.4153619732724,24.4638513364257,-6.53378664612198,89.3645105926668
29,notyet,rotated,-5,-2.02700289513354,21.3383496709971,-43.8501682502879,39.7961624600208
29,notyet,rotated,-4,10.2619283270194,16.7703658000874,-22.6079886411519,43.1318452951907
29,notyet,rotated,-3,-3.18679160187869,16.9575692653901,-36.4236273620433,30.0500441582859
29,notyet,rotated,-2,-16.3041901967666,16.09510984005,-47.8506054832646,15.2422250897313
29,notyet,rotated,-1,0,0,0,0
29,notyet,rotated,0,49.6841825185349,21.2069906735611,8.11848079835525,91.2498842387146
29,notyet,rotated,1,59.6141272962447,23.5697799260577,13.4173586411717,105.810895951318
29,notyet,rotated,2,52.4720893218931,24.6869565800518,4.08565442499157,100.858524218795
29,notyet,rotated,3,71.4940491946534,23.342858014514,25.7420474862059,117.246050903101
29,notyet,rotated,4,73.3201482075613,24.4638513364257,25.3709995881669,121.269296826956
30,notyet,original,-5,23.5017386799898,21.337487860629,-18.3197375268431,65.3232148868226
30,notyet,original,-4,29.4099444648929,16.7706251160439,-3.46048076255316,62.280369692339
30,notyet,original,-3,9.58029726456382,16.9572795880427,-23.655970728,42.8165652571276
30,notyet,original,-2,-9.91804972564467,16.0945293101149,-41.4633271734699,21.6272277221806
30,notyet,original,-1,0,0,0,0
30,notyet,original,0,43.3088060123646,21.206862735938,1.74335504992613,84.8742569748031
30,notyet,original,1,46.8578496678685,23.569903718125,0.660838380343563,93.0548609553935
30,notyet,original,2,33.3350159410071,24.6869199123164,-15.051347087133,81.7213789691473
30,notyet,original,3,45.9759798066342,23.3432919219437,0.223127639624479,91.728831973644
30,notyet,original,4,41.4211724124027,24.4631435172597,-6.52658888142639,89.3689337062318
30,notyet,rotated,-5,-2.02883904242633,21.337487860629,-43.8503152492592,39.7926371644065
30,notyet,rotated,-4,10.2620111730808,16.7706251160439,-22.6084140543653,43.1324364005269
30,notyet,rotated,-3,-3.18499159664424,16.9572795880427,-36.421259589208,30.0512763959195
30,notyet,rotated,-2,-16.3006941562487,16.0945293101149,-47.8459716040739,15.2445832915765
30,notyet,rotated,-1,0,0,0,0
30,notyet,rotated,0,49.6914504429686,21.206862735938,8.12599948053016,91.2569014054071
30,notyet,rotated,1,59.6231385290766,23.569903718125,13.4261272415516,105.820149816602
30,notyet,rotated,2,52.4829492328192,24.6869199123164,4.09658620467904,100.869312260959
30,notyet,rotated,3,71.5065575290503,23.3432919219437,25.7537053620406,117.25940969606
30,notyet,rotated,4,73.3343945654228,24.4631435172597,25.3866332715938,121.282155859252
31,notyet,original,-5,19.1975783148584,21.2613038570497,-22.4745772449589,60.8697338746758
31,notyet,original,-4,28.9615668278604,16.8712611536785,-4.10610503334946,62.0292386890703
31,notyet,original,-3,7.93337072555364,17.2265659986682,-25.830698631836,41.6974400829433
31,notyet,original,-2,-11.521289251369,16.1837470515761,-43.241433472458,20.1988549697201
31,notyet,original,-1,0,0,0,0
31,notyet,original,0,42.6513666190014,21.2661717787322,0.969669932686308,84.3330633053165
31,notyet,original,1,45.4991094931832,23.7164207072534,-0.985075093033579,91.9832940793999
31,notyet,original,2,33.0725841684187,24.5765511784929,-15.0974561414273,81.2426244782647
31,notyet,original,3,44.3963615338985,23.4140183899579,-1.49511451041899,90.2878375782161
31,notyet,original,4,39.387002286327,24.5587221752864,-8.74809317723425,87.5220977498883
31,notyet,rotated,-5,-3.20515047750866,21.2613038570497,-44.877306037326,38.4670050823087
31,notyet,rotated,-4,12.1595202335851,16.8712611536785,-20.9081516276248,45.2271920947949
31,notyet,rotated,-3,-3.26799367062991,17.2265659986682,-37.0320630280196,30.4960756867598
31,notyet,rotated,-2,-17.1219714494607,16.1837470515761,-48.8421156705498,14.5981727716283
31,notyet,rotated,-1,0,0,0,0
31,notyet,rotated,0,48.2520488170932,21.2661717787322,6.57035213077808,89.9337455034082
31,notyet,rotated,1,56.7004738893667,23.7164207072534,10.21628930315,103.184658475583
31,notyet,rotated,2,49.874630762694,24.5765511784929,1.70459045284798,98.04467107254
31,notyet,rotated,3,66.7990903262656,23.4140183899579,20.9076142819481,112.690566370583
31,notyet,rotated,4,67.3904132767859,24.5587221752864,19.2553178132246,115.525508740347
32,notyet,original,-5,23.4970246539332,21.3386026439464,-18.3266365282017,65.320685836068
32,notyet,original,-4,29.4049605521311,16.771457930465,-3.46709699158023,62.2770180958425
32,notyet,original,-3,9.57526978963805,16.9581811299501,-23.6627652250642,42.8133048043402
32,notyet,original,-2,-9.92309160766877,16.0954186072265,-41.4701120778326,21.6239288624951
32,notyet,original,-1,0,0,0,0
32,notyet,original,0,43.3033755427145,21.2079153154414,1.73586152444941,84.8708895609796
32,notyet,original,1,46.8522061799113,23.5710110281387,0.653024564759434,93.0513877950631
32,notyet,original,2,33.3293188394211,24.6881424263903,-15.0594403163038,81.7180779951459
32,notyet,original,3,45.9703007665049,23.3443898354332,0.215296689055783,91.725304843954
32,notyet,original,4,41.4155029193959,24.4644431040684,-6.53480556457809,89.3658114033699
32,notyet,rotated,-5,-2.02703244523127,21.3386026439464,-43.8506936273661,39.7966287369036
32,notyet,rotated,-4,10.2619177277578,16.771457930465,-22.6101398159536,43.1339752714691
32,notyet,rotated,-3,-3.18675875994418,16.9581811299501,-36.4247937746464,30.051276254758
32,notyet,rotated,-2,-16.3041058824599,16.0954186072265,-47.8511263526238,15.242914587704
32,notyet,rotated,-1,0,0,0,0
32,notyet,rotated,0,49.6843898175056,21.2079153154414,8.11687579924053,91.2519038357707
32,notyet,rotated,1,59.6142347294935,23.5710110281387,13.4150531143417,105.813416344645
32,notyet,rotated,2,52.4723616637944,24.6881424263903,4.08360250806952,100.861120819519
32,notyet,rotated,3,71.4943578656694,23.3443898354332,25.7393537882202,117.249361943118
32,notyet,rotated,4,73.3205742933515,24.4644431040684,25.3702658093775,121.270882777325
