reg,var,beta,se,tstat,pvalue,stars,cov1,cov2,cov3,cov4,cov5,cov6,cov7,cov8,cov9,cov10,cov11,cov12,cov13,cov14,cov15,cov16,cov17,cov18,cov19,cov20,cov21,cov22,cov23,cov24,cov25,cov26,cov27,cov28,cov29,cov30,cov31,cov32,cov33,cov34,cov35,cov36,cov37,cov38,cov39,cov40,cov41
evreg1,1bn.relative_year_bin_aux,-188.396412325506,22.74779999130179,-8.281961877524166,2.38209357579e-16,***,517.4624044442695,445.2081698134509,373.5286529404918,288.6835481688276,211.2748179719672,137.6994871868515,77.59677135087331,-107.205160722965,-191.5113671606688,0,1.779026213722012,-45.36474707568237,.5572878398164176,-16.16303763516991,-28.63361176665367,-8.763704885536258,-40.46131730271323,-25.28272101728717,-55.2460323778198,9.00021447005008,-112.8475453382347,,,,,,,,,,,,,,,,,,,,
evreg1,2.relative_year_bin_aux,-153.9771774089582,19.68284280593758,-7.822913535767761,8.86989786957e-15,***,445.2081698134509,387.4143009232489,328.4754508181126,256.8119569689038,189.2692350752307,123.5253662131804,67.6728034105096,-91.73451138753171,-166.7693746437983,0,1.515800732380773,-40.90632005479935,-7.55230015171422,-20.89659605233029,-32.1132214120659,-14.44574779892477,-40.02268364752793,-24.2754610148042,-48.71293920040851,6.230502066273186,-99.64984215248531,,,,,,,,,,,,,,,,,,,,
evreg1,3.relative_year_bin_aux,-106.6079009402268,16.89437268191256,-6.310260993257433,3.52333455606e-10,***,373.5286529404918,328.4754508181126,285.4198283153535,228.4101681748963,171.1964497192155,113.8182196699174,60.15949777477355,-76.98326462785239,-143.5564052671833,0,1.226517797575508,-33.39179406808245,-5.897641706673679,-17.36669222246202,-26.87488562327874,-11.83640466904523,-32.35873296631601,-20.1681007354395,-40.41852947912426,4.014795707493785,-84.84230523209443,,,,,,,,,,,,,,,,,,,,
evreg1,4.relative_year_bin_aux,-62.40932010443324,13.80943198596128,-4.519325644087228,6.62044173106e-06,***,288.6835481688276,256.8119569689038,228.4101681748963,190.7004117748904,147.6876239007742,100.1710579017609,52.05690634035685,-60.19734112763897,-112.3633004509551,0,.8913416916776616,-27.86760600200904,-8.835539760141666,-17.76757962563357,-24.83150533030188,-13.81482325949059,-28.34569657345242,-17.19335965020187,-33.05226108962508,1.557928771439087,-70.91806405704938,,,,,,,,,,,,,,,,,,,,
evreg1,5.relative_year_bin_aux,-30.42735308966475,10.94433873963607,-2.78019109363537,.0054910112414115,***,211.2748179719672,189.2692350752307,171.1964497192155,147.6876239007742,119.7785504478989,84.0116551682529,43.96984748283813,-46.40210533684135,-85.51141885161734,0,.627421961887749,-20.59242215684172,-6.022022276972979,-13.04245735215334,-17.45141859907728,-9.625162108745936,-19.40099726461685,-11.91059143194678,-24.7643798070358,.5203718146310795,-54.71609052415901,,,,,,,,,,,,,,,,,,,,
evreg1,6.relative_year_bin_aux,-6.21407181423546,7.924016801748794,-.7842072991142627,.4330249192744853,,137.6994871868515,123.5253662131804,113.8182196699174,100.1710579017609,84.0116551682529,62.79004227439717,33.60534241142564,-32.50279307786758,-60.57766869283548,0,.3890230626894436,-13.0117879166274,-.6325157351680847,-5.874272901151078,-8.894706520814564,-3.885656323684894,-9.207449785451129,-6.515902624657296,-15.52726383190828,-.7638725753299382,-36.24943467114795,,,,,,,,,,,,,,,,,,,,
evreg1,7.relative_year_bin_aux,-17.98214503143632,4.559724714133528,-3.94369093723971,.000083410838647,***,77.59677135087331,67.6728034105096,60.15949777477355,52.05690634035685,43.96984748283813,33.60534241142564,20.79108946868008,-21.22277031988052,-34.64642664060424,0,.2498861183417787,-8.341948683749591,2.02102784925356,-.9038850849618932,-2.110426795641268,.4883769805043154,-1.546227852829666,-.5606661723841826,-7.794801614185181,1.184445322208651,-18.06686062082592,,,,,,,,,,,,,,,,,,,,
evreg1,9.relative_year_bin_aux,45.03062809711157,5.501583028912786,8.18503108295549,5.19253611129e-16,***,-107.205160722965,-91.73451138753171,-76.98326462785239,-60.19734112763897,-46.40210533684135,-32.50279307786758,-21.22277031988052,30.26741582402119,51.81518967828412,0,-.4141148063913823,8.436777294435249,-2.007174578787311,.4804701179563683,2.210258855086621,-2.182871241843793,1.218003770503502,-.3758298533274539,9.609405752875036,-3.645932268133621,20.60622197214841,,,,,,,,,,,,,,,,,,,,
evreg1,10.relative_year_bin_aux,49.42290134150846,10.13589619726893,4.87602678437307,1.18073177046e-06,***,-191.5113671606688,-166.7693746437983,-143.5564052671833,-112.3633004509551,-85.51141885161734,-60.57766869283548,-34.64642664060424,51.81518967828412,102.7363917218107,0,-.6973811940031748,9.580978565415593,-1.259216435134639,2.123755624018571,7.39238766943764,-.7563983304851735,6.566006288639782,3.642869884489659,18.60216351332554,-1.675766390387735,42.02527928798754,,,,,,,,,,,,,,,,,,,,
evreg1,1o.treat,0,,,,,0,0,0,0,0,0,0,0,0,0,0,0,0,0,0,0,0,0,0,0,0,,,,,,,,,,,,,,,,,,,,
evreg1,wind_direction,-1.234626052255293,.0965338155866839,-12.78957062612576,7.24351952153e-36,***,1.779026213722012,1.515800732380773,1.226517797575508,.8913416916776616,.627421961887749,.3890230626894436,.2498861183417787,-.4141148063913823,-.6973811940031748,0,.0093187775517239,-.1771969890454127,.0238047240601603,.0277970169513625,-.0086774632884363,.0406431084074536,-.031931085788454,-.0244531036242839,-.132426164841582,.1072455603074804,-.1464395854281889,,,,,,,,,,,,,,,,,,,,
evreg1,av_wind_speed,52.65374314331381,6.471104872228385,8.136746998072063,7.63169937542e-16,***,-45.36474707568237,-40.90632005479935,-33.39179406808245,-27.86760600200904,-20.59242215684172,-13.0117879166274,-8.341948683749591,8.436777294435249,9.580978565415593,0,-.1771969890454127,41.87519826737794,-.7924690537543894,2.806421944746732,6.974886342347202,3.237012009941397,8.325846970408847,9.907339634408201,8.055473387389865,-3.243312235057788,3.983919382166654,,,,,,,,,,,,,,,,,,,,
evreg1,1bn.relative_year_bin_aux#1.treat,24.29837326037223,15.96899967155674,1.521596453136097,.1282914038966335,,.5572878398164176,-7.55230015171422,-5.897641706673679,-8.835539760141666,-6.022022276972979,-.6325157351680847,2.02102784925356,-2.007174578787311,-1.259216435134639,0,.0238047240601603,-.7924690537543894,255.0089505101793,203.6673833133505,213.3949686052711,189.5629763031575,150.6972886561385,71.75297836192374,44.9714756127205,56.23439723186264,119.7098923880801,,,,,,,,,,,,,,,,,,,,
evreg1,2.relative_year_bin_aux#1.treat,32.36651271998529,14.34404107410933,2.25644311479323,.0241661872409428,**,-16.16303763516991,-20.89659605233029,-17.36669222246202,-17.76757962563357,-13.04245735215334,-5.874272901151078,-.9038850849618932,.4804701179563683,2.123755624018571,0,.0277970169513625,2.806421944746732,203.6673833133505,205.7515143357355,195.0339033519341,174.3287370279748,134.2586710908617,67.37491722475771,33.74684723221645,60.08260551853571,112.8083614084718,,,,,,,,,,,,,,,,,,,,
evreg1,3.relative_year_bin_aux#1.treat,37.75909269854462,15.00695707484903,2.516105864114659,.0119550540939456,**,-28.63361176665367,-32.1132214120659,-26.87488562327874,-24.83150533030188,-17.45141859907728,-8.894706520814564,-2.110426795641268,2.210258855086621,7.39238766943764,0,-.0086774632884363,6.974886342347202,213.3949686052711,195.0339033519341,225.2087606463613,179.0097643784322,164.5664716140172,90.80910744242401,65.66436870527214,62.17191632351913,158.1056747146032,,,,,,,,,,,,,,,,,,,,
evreg1,4.relative_year_bin_aux#1.treat,29.88377725475532,13.56417553677498,2.203139967758077,.027715153136068,**,-8.763704885536258,-14.44574779892477,-11.83640466904523,-13.81482325949059,-9.625162108745936,-3.885656323684894,.4883769805043154,-2.182871241843793,-.7563983304851735,0,.0406431084074536,3.237012009941397,189.5629763031575,174.3287370279748,179.0097643784322,183.9868579924448,138.6693240390908,69.52266741512716,39.69566659807949,67.0983597593866,122.5397869132893,,,,,,,,,,,,,,,,,,,,
evreg1,5.relative_year_bin_aux#1.treat,45.31952029118213,13.14557759293903,3.447510767082985,.0005792061120388,***,-40.46131730271323,-40.02268364752793,-32.35873296631601,-28.34569657345242,-19.40099726461685,-9.207449785451129,-1.546227852829666,1.218003770503502,6.566006288639782,0,-.031931085788454,8.325846970408847,150.6972886561385,134.2586710908617,164.5664716140172,138.6693240390908,172.8062102519808,93.2697309184243,79.65224637757073,56.4033408937547,167.9305310074048,,,,,,,,,,,,,,,,,,,,
evreg1,6.relative_year_bin_aux#1.treat,14.4868195579778,9.43041694970934,1.53618017477205,.124675484260944,,-25.28272101728717,-24.2754610148042,-20.1681007354395,-17.19335965020187,-11.91059143194678,-6.515902624657296,-.5606661723841826,-.3758298533274539,3.642869884489659,0,-.0244531036242839,9.907339634408201,71.75297836192374,67.37491722475771,90.80910744242401,69.52266741512716,93.2697309184243,88.93276384536522,61.69434036295676,27.46761625277715,82.79911838120327,,,,,,,,,,,,,,,,,,,,
evreg1,7.relative_year_bin_aux#1.treat,30.91628292147934,9.458407478557399,3.268656271319229,.001101608761071,***,-55.2460323778198,-48.71293920040851,-40.41852947912426,-33.05226108962508,-24.7643798070358,-15.52726383190828,-7.794801614185181,9.609405752875036,18.60216351332554,0,-.132426164841582,8.055473387389865,44.9714756127205,33.74684723221645,65.66436870527214,39.69566659807949,79.65224637757073,61.69434036295676,89.46147203043054,11.7316469183855,104.3800804603968,,,,,,,,,,,,,,,,,,,,
evreg1,9.relative_year_bin_aux#1.treat,32.37647967539331,8.524036283021617,3.798256905579059,.0001507087140184,***,9.00021447005008,6.230502066273186,4.014795707493785,1.557928771439087,.5203718146310795,-.7638725753299382,1.184445322208651,-3.645932268133621,-1.675766390387735,0,.1072455603074804,-3.243312235057788,56.23439723186264,60.08260551853571,62.17191632351913,67.0983597593866,56.4033408937547,27.46761625277715,11.7316469183855,72.65919455426899,87.40966236049613,,,,,,,,,,,,,,,,,,,,
evreg1,10.relative_year_bin_aux#1.treat,80.53060836015982,18.08793788433044,4.452171876923758,9.03902536292e-06,***,-112.8475453382347,-99.64984215248531,-84.84230523209443,-70.91806405704938,-54.71609052415901,-36.24943467114795,-18.06686062082592,20.60622197214841,42.02527928798754,0,-.1464395854281889,3.983919382166654,119.7098923880801,112.8083614084718,158.1056747146032,122.5397869132893,167.9305310074048,82.79911838120327,104.3800804603968,87.40966236049613,327.1734969073963,,,,,,,,,,,,,,,,,,,,
evreg2,1bn.relative_year_bin_aux,-186.4378952677746,22.65675131743711,-8.228800883924082,3.65599926565e-16,***,513.3283802601882,441.0035272754093,370.935319840963,286.2600661705747,209.5560120179314,137.5968824569397,79.04402915792532,-108.3711449246526,-194.2148460215809,0,11.8655397973597,1.772808359339691,-45.24780681621246,2.88709210829788,-14.03830638341101,-27.51533474883598,-11.40674764311082,-42.21753473236463,-25.66749317775465,-56.03132092865226,9.147447654519626,-116.1531075396054,2.406304616898769,3.436810072641404,1.320494450737661,1.748699579227512,.7898537147258151,-1.113593425599606,-3.715884782675416,3.036820208935685,5.973013493026149,4.604157774429993,-4.004971937702578,-2.771520213597756,-1.263759438104584,5.607456835621241,3.94615989021929,.82559555396721,2.670951947433056,-1.462454841668126,6.278678234179084
evreg2,2.relative_year_bin_aux,-151.7800325516087,19.59304121517219,-7.74662957550844,1.58910363957e-14,***,441.0035272754093,383.8872640594363,326.5672670439273,255.0284683810641,188.2152582263357,123.7169411857372,68.96005560667869,-92.55015531147404,-168.6412488124337,0,10.32842174282214,1.508803460934301,-40.59712047859339,-6.409934034814109,-20.38398021728476,-32.34130583868586,-17.41320018239785,-41.98927133088139,-24.46274831361315,-49.31611787906265,6.550075729156838,-102.6329375451125,2.219781035067241,2.098814504536166,.2097902786670295,.9011480188580459,-.0033058251807076,-1.266467398984939,-3.363064161854933,2.575006354051552,4.709838221170767,3.410100838790235,-3.301424759175439,-1.497088710153635,-.0777255654701962,5.428739405817794,4.116219664258821,1.039207655681589,2.5104376646308,-1.304951784777968,5.989262523208947
evreg2,3.relative_year_bin_aux,-105.3575189051861,16.87847268246637,-6.242123969820634,5.40721316706e-10,***,370.935319840963,326.5672670439273,284.8828400927635,228.0867068538844,171.1621963530774,114.2254240847324,61.53807477837548,-78.00377432852308,-145.2661643358723,0,9.292289739823554,1.227629370438227,-33.95728365875236,-5.728194309605255,-17.88315967263356,-28.15644712038203,-15.47628916106663,-34.72594864750439,-20.36754644759869,-41.28151943589031,4.437730221648367,-87.590926239314,1.560089745077168,1.186344255175406,-.7710655747337928,-.2886373400420194,-.4661254388953393,-1.080392899345369,-3.038338358440069,2.281574490613696,4.03045371794357,1.876622852399009,-2.468706852967384,-.5147114453118136,1.006623834330203,5.719251203779004,3.937151286481233,.8638460899936609,2.467177794266321,-1.213897957559634,5.179468995819146
evreg2,4.relative_year_bin_aux,-60.59411622564372,13.84306977769378,-4.377216701116604,.0000127327945403,***,286.2600661705747,255.0284683810641,228.0867068538844,191.6305808700989,148.8495208205068,101.0799202912114,53.72531309020859,-60.47511688005385,-112.2783231014835,0,7.016677783194762,.8894244972151194,-28.7854572531031,-9.249760520731529,-18.64455693264605,-26.4223914419475,-18.05695684857632,-31.29052239941857,-17.9008631787705,-34.27318186431543,1.244221047326052,-74.53659608336065,.6530478403011332,.4318430213669422,-1.587806310565859,-2.521175107303722,-2.363242913232439,-1.874052124786602,-3.152340441005388,.5720215313187909,1.087367971919722,1.696208757072798,-1.254105491370741,.2523725424053991,1.819194975211594,6.946149551125115,5.115253445853193,1.71093039275186,2.84339656828127,.3348797174759359,6.664644081256863
evreg2,5.relative_year_bin_aux,-29.45707940286703,11.0277224679686,-2.671184325542178,.007628663033499,***,209.5560120179314,188.2152582263357,171.1621963530774,148.8495208205068,121.6106628305394,85.42569091691129,46.03615661422838,-46.71355095659783,-84.49002175247362,0,6.195894832279921,.6282936351695476,-21.69014199117727,-6.364802339201814,-13.86688220031665,-18.92708990556471,-13.12139944704718,-22.5803304258597,-13.30217463070573,-26.48272776226982,.427502983037004,-58.22539138285441,.8389417879999657,.3175883436709672,-1.309623207928591,-2.263069509935682,-3.12580382420869,-2.481158490365654,-3.52096260473284,.3180380084083812,-.7017610806793765,.1044723677281194,-1.465936835316654,.2485738384919168,1.49473801675886,5.548026430783287,5.116576931129083,2.518285361888422,3.453217689404556,.3846529362812132,6.615570064318777
evreg2,6.relative_year_bin_aux,-5.52070381259169,7.99462114223615,-.6905522743817616,.4899387870146871,,137.5968824569397,123.7169411857372,114.2254240847324,101.0799202912114,85.42569091691129,63.91396720788924,35.4709511240731,-33.51076166378969,-60.6352890361505,0,4.385050910250063,.3963842303050791,-13.33070220875788,-1.320382429338489,-6.744594783665322,-9.942573736585272,-6.290367595785876,-11.61540832018462,-7.754175931776491,-17.31514014881239,-.311325466706342,-38.19503211371078,.2131592429535686,-.2367568105930665,-.9700593836482401,-1.35829305063165,-2.269731526339494,-2.176922023221077,-3.266775998114876,1.219276469093076,.3482427244534654,-.2195879244774378,-.6620832700592967,.7401750631792988,1.185222194355426,3.677385012707227,3.686350832287741,2.383705705401426,3.394761419385247,-.6693278312262257,3.602943274081881
evreg2,7.relative_year_bin_aux,-17.13892948363343,4.774602508425017,-3.589603417958031,.0003403342295991,***,79.04402915792532,68.96005560667869,61.53807477837548,53.72531309020859,46.03615661422838,35.4709511240731,22.79682911345847,-22.37242882377415,-35.59199661524731,0,3.098406548931878,.2580938940956384,-8.418669609015689,2.073668798320769,-.9936258803456464,-2.433355391948003,-.5993368305934005,-3.037496674194417,-1.773913919728332,-9.547054959384452,1.602320975918383,-19.87454287451203,.188889711993391,.055398954153682,-.3713131291738729,-.7668308305871228,-1.645462648978289,-1.731301842422809,-2.63828990422369,.6908611339035133,-.3830584664269319,-.7317869144516918,-.578615840585803,.2372207041751962,.5890033461661346,2.133240459309516,2.502225719196834,2.010130850605402,2.883790216994591,-.3938565956289122,2.704828727393696
evreg2,9.relative_year_bin_aux,43.76933332065092,5.602386282208425,7.81262324942673,9.59862579033e-15,***,-108.3711449246526,-92.55015531147404,-78.00377432852308,-60.47511688005385,-46.71355095659783,-33.51076166378969,-22.37242882377415,31.38673205507714,54.22647734236287,0,-3.492399221638474,-.4184348382439216,8.002173052218762,-3.761444660206893,-.8976065100111157,1.322624503376495,-2.611645084262172,1.281666239841667,.263806189228529,10.68099120834176,-4.612349166194742,20.33146873357191,-.955854196644992,-.9297752533967849,-.4616076602813713,-.6852566115287643,-.0366322514174045,.5286370567721571,1.835502351418592,-1.810025019838532,-2.116071430900366,.3449379693382815,1.521416604379199,.7311537761024788,.1641956756160506,-.9150017232030597,-.9607897696277785,-.8152335421304769,-2.015193417346205,1.636117026348483,-.4891083198346396
evreg2,10.relative_year_bin_aux,47.88241752648619,10.4310381330166,4.59037891683355,4.74049757664e-06,***,-194.2148460215809,-168.6412488124337,-145.2661643358723,-112.2783231014835,-84.49002175247362,-60.6352890361505,-35.59199661524731,54.22647734236287,108.8065565324465,0,-4.31584903904526,-.7071134285380514,8.790939323578174,-3.267092097776952,.6298483117071196,6.147357932878823,-.9113251024501926,5.760558589322588,3.220703364510165,19.51601094337542,-3.511389646093718,39.57435319204861,-1.346086517697588,-1.661644143186729,-1.383630888206382,-2.320130031117263,-2.608469843676919,-1.357872772596673,1.645435163512527,-4.276323803538323,-7.828493173521123,-1.984756616296468,1.968759452242246,1.105581412627312,.8514224580850585,-.911033889974816,.6802024059393716,1.068920315487974,-1.750793305447843,3.810423108646519,3.19471825990078
evreg2,1o.treat,0,,,,,0,0,0,0,0,0,0,0,0,0,0,0,0,0,0,0,0,0,0,0,0,0,0,0,0,0,0,0,0,0,0,0,0,0,0,0,0,0,0,0,0
evreg2,1.moderator,-8.159835135036726,3.851627113079008,-2.118542344695906,.0342701389729914,**,11.8655397973597,10.32842174282214,9.292289739823554,7.016677783194762,6.195894832279921,4.385050910250063,3.098406548931878,-3.492399221638474,-4.31584903904526,0,14.83503141820533,.071003394535377,-2.191439305310022,-1.036810653176648,.9154916549275434,-.9985618276470507,-1.614202519488276,-2.183697521819895,-.5030875657098536,-.6125332362312415,.9764925563417929,-.7670246153729334,-3.049351053868536,-2.160027354699557,-2.219500795730782,-.8696449508451792,-1.880894322451099,-1.856041959119675,-1.946922462532314,.7263915141965939,-1.477927706812389,-14.72591794744275,2.95001067178312,2.181464524960832,2.344661216654185,.807727587423566,1.946896962473553,1.867264120610731,1.798226574734737,-.7901452464663427,1.076216915718363
evreg2,wind_direction,-1.235615000584652,.0965709625274896,-12.79489163456278,6.80392863890e-36,***,1.772808359339691,1.508803460934301,1.227629370438227,.8894244972151194,.6282936351695476,.3963842303050791,.2580938940956384,-.4184348382439216,-.7071134285380514,0,.071003394535377,.0093259508034858,-.1777182614832288,.036855282246202,.0384607640156714,-.0143739638308637,.0361140610623518,-.037823388811914,-.0306529365237486,-.1422246286704775,.1128714211102591,-.1551086419164243,.0151894061258718,.0166070012706332,-.0000551152017007,.0055307091147513,-.0003503425324025,-.0137793681131784,-.0159458367616375,.008199273233818,.0190197968473088,-.0525478964967799,-.0252907681921213,-.0205838388563718,.011717377694675,.008976477079007,.01149631379654,.012467131844415,.0195532064310255,-.0110386903944606,.0171656303121511
evreg2,av_wind_speed,52.64926901376508,6.472210368783164,8.134665904511326,7.75906793939e-16,***,-45.24780681621246,-40.59712047859339,-33.95728365875236,-28.7854572531031,-21.69014199117727,-13.33070220875788,-8.418669609015689,8.002173052218762,8.790939323578174,0,-2.191439305310022,-.1777182614832288,41.88950705778431,-.900951195939907,2.423235889758496,7.512761911626879,4.458273609762445,9.546056881204045,10.2373283846929,8.313892783647233,-2.785485524685298,5.609897943188489,-.3104767507554166,-.6708128663645907,1.091554642168491,1.806893915717477,2.191240442500521,.6423588369547595,.1529914386498391,.8791945557410441,1.598710532843562,1.72825638118063,.23451363839753,.7743290578675937,-1.079760657551128,-2.416100356004677,-2.453884882806511,-.6782992905010243,-.518254666918725,-.9160655586789525,-3.264949055598958
evreg2,1bn.relative_year_bin_aux#1.treat,27.2044179790527,18.24591660075354,1.490986645084697,.1361457378862624,,2.88709210829788,-6.409934034814109,-5.728194309605255,-9.249760520731529,-6.364802339201814,-1.320382429338489,2.073668798320769,-3.761444660206893,-3.267092097776952,0,-1.036810653176648,.036855282246202,-.900951195939907,332.9134726016534,262.9870627391074,270.5445727229189,235.8685769532291,204.4295357839247,91.62865176900846,57.44190694986497,73.69691087628073,156.3304406621711,3.577939886900038,4.471150945139381,5.058696772569251,5.048568099404324,4.367330339734131,3.438285941904549,1.235326301802589,2.131209902053957,2.696880281945547,55.38043698280426,-145.3688094576431,-113.137156867881,-107.6261696029488,-90.70824657514696,-99.40442174391022,-51.29595400756991,-29.54593497744538,-24.40096448384493,-60.11397257312201
evreg2,2.relative_year_bin_aux#1.treat,32.01472519771684,16.51757489240034,1.93822188827772,.0527572665081264,*,-14.03830638341101,-20.38398021728476,-17.88315967263356,-18.64455693264605,-13.86688220031665,-6.744594783665322,-.9936258803456464,-.8976065100111157,.6298483117071196,0,.9154916549275434,.0384607640156714,2.423235889758496,262.9870627391074,272.830280326054,248.7184974786067,220.4980716009025,183.1233125698427,93.00396122363406,47.53942951315276,78.00640054472458,147.0515986378215,1.966569209552709,3.937485372797078,4.478990831471004,4.170925820201768,3.518576221444165,2.328250434811794,.7871921659429878,1.910902333745426,2.464450283081317,26.6827576764982,-95.58432281017514,-117.6152662807134,-92.0944318057599,-82.91065455087283,-87.5960604598816,-52.32836860076051,-28.20735940425286,-27.39479321644233,-51.87085731274388
evreg2,3.relative_year_bin_aux#1.treat,48.19203110173955,17.06311507787042,2.824339569991003,.0047916627892059,***,-27.51533474883598,-32.34130583868586,-28.15644712038203,-26.4223914419475,-18.92708990556471,-9.942573736585272,-2.433355391948003,1.322624503376495,6.147357932878823,0,-.9985618276470507,-.0143739638308637,7.512761911626879,270.5445727229189,248.7184974786067,291.149896160649,221.1709588524838,219.3620938197211,113.5974497979134,82.16882226682233,79.48662738970849,198.8028021003119,2.047296887569368,3.584383998613992,4.709647655125393,4.334168420068108,3.638139065301757,2.369716759926251,.8296469926813375,1.733875116422823,2.28646911968384,32.20325257863524,-114.8156260209421,-106.4107835996241,-133.9538105640494,-89.55234646125676,-110.7803205929916,-56.56355636381986,-38.92394552194541,-32.96859510717109,-89.99937566912791
evreg2,4.relative_year_bin_aux#1.treat,38.24098135363548,15.45555011386462,2.474255595686036,.0134458928357301,**,-11.40674764311082,-17.41320018239785,-15.47628916106663,-18.05695684857632,-13.12139944704718,-6.290367595785876,-.5993368305934005,-2.611645084262172,-.9113251024501926,0,-1.614202519488276,.0361140610623518,4.458273609762445,235.8685769532291,220.4980716009025,221.1709588524838,238.8740293221806,180.9092632426715,86.91705477731706,50.50330533819489,86.08155773204193,154.9059764403077,2.550087523923875,3.125923623182165,4.432311980874908,5.026653639359544,3.942026215775957,2.619325447574145,.701596289691361,2.368817434660686,2.178990330677033,-10.37022222958438,-87.14176252427241,-85.51082987085429,-81.08099612282892,-103.5762027444053,-77.85901237796206,-43.03729325444481,-23.67665568398482,-32.25776778731954,-47.69275304397688
evreg2,5.relative_year_bin_aux#1.treat,55.11218211323435,15.35436586997229,3.589349282148753,.0003406637069918,***,-42.21753473236463,-41.98927133088139,-34.72594864750439,-31.29052239941857,-22.5803304258597,-11.61540832018462,-3.037496674194417,1.281666239841667,5.760558589322588,0,-2.183697521819895,-.037823388811914,9.546056881204045,204.4295357839247,183.1233125698427,219.3620938197211,180.9092632426715,235.75655126897,113.5239752055974,92.68045477163182,83.34255251819084,226.2178559987683,1.81073869835112,2.001536929322282,2.992630161703484,3.366271366783065,4.026076185572155,3.167540994253836,1.585062788221743,1.109498789592477,2.088331926923507,16.27322523542703,-94.53920475888471,-83.98052863047043,-98.91789220068812,-75.87870344071871,-121.3693295858502,-50.49835497925228,-37.92601375136727,-38.4600538651301,-104.7661326017061
evreg2,6.relative_year_bin_aux#1.treat,17.89804072973532,10.5696616000975,1.693340941924784,.090569068844315,*,-25.66749317775465,-24.46274831361315,-20.36754644759869,-17.9008631787705,-13.30217463070573,-7.754175931776491,-1.773913919728332,.263806189228529,3.220703364510165,0,-.5030875657098536,-.0306529365237486,10.2373283846929,91.62865176900846,93.00396122363406,113.5974497979134,86.91705477731706,113.5239752055974,111.7177463405757,68.4624264893006,32.93619321555299,95.9929377966278,1.406569668981086,.7564877199735505,1.040347316214352,1.341358767752361,2.351181474943757,2.303242323622687,1.729081111807727,-.2387176011085575,.849705907964307,50.76492540386041,-45.36687339509994,-53.37297418619772,-56.47418193845051,-37.85027332689685,-57.12606410109712,-62.25568875980581,-37.92149718694865,-10.52832084159821,-42.55045321779726
evreg2,7.relative_year_bin_aux#1.treat,33.62418951216775,10.6041974342366,3.17083774804202,.0015464050365699,***,-56.03132092865226,-49.31611787906265,-41.28151943589031,-34.27318186431543,-26.48272776226982,-17.31514014881239,-9.547054959384452,10.68099120834176,19.51601094337542,0,-.6125332362312415,-.1422246286704775,8.313892783647233,57.44190694986497,47.53942951315276,82.16882226682233,50.50330533819489,92.68045477163182,68.4624264893006,112.4490032242702,20.00600216922716,135.5679556332446,-.2386428285265837,-.3805977947108568,.0867577350049396,.3228886618593168,1.094942603128638,1.462517139368094,1.917010917530059,-.4051120026589262,.4758249730283993,37.28050108610723,-36.66921697835303,-34.45220884650136,-45.72965837130378,-30.97057687313472,-47.77252204559428,-25.84745205220441,-60.0226135590393,-17.01859781782182,-83.89488432527874
evreg2,9.relative_year_bin_aux#1.treat,34.38934550756333,10.01395981218539,3.434140555039674,.0006083399201174,***,9.147447654519626,6.550075729156838,4.437730221648367,1.244221047326052,.427502983037004,-.311325466706342,1.602320975918383,-4.612349166194742,-3.511389646093718,0,.9764925563417929,.1128714211102591,-2.785485524685298,73.69691087628073,78.00640054472458,79.48662738970849,86.08155773204193,83.34255251819084,32.93619321555299,20.00600216922716,100.2793911200641,120.6979715437172,1.33654315717549,.578378870329008,.5390785812805962,.9265518889717129,.1014680730970149,-.0124536975062818,-.6842104330822398,1.684403446149958,1.443168684597002,-15.75593961097952,-34.46682834179386,-33.87721388158535,-36.13018386112456,-39.43453095188123,-49.63746307679347,-21.98904725631194,-18.32696223237233,-53.54767842513407,-57.53806415733501
evreg2,10.relative_year_bin_aux#1.treat,97.13658121285803,21.81240268842837,4.453272874170329,8.99329918489e-06,***,-116.1531075396054,-102.6329375451125,-87.590926239314,-74.53659608336065,-58.22539138285441,-38.19503211371078,-19.87454287451203,20.33146873357191,39.57435319204861,0,-.7670246153729334,-.1551086419164243,5.609897943188489,156.3304406621711,147.0515986378215,198.8028021003119,154.9059764403077,226.2178559987683,95.9929377966278,135.5679556332446,120.6979715437172,475.7809110421574,1.171368252462657,.7230813005183478,1.223568674142127,1.745903554076279,1.678331645720212,1.341676861045929,1.617845862023508,2.546542861386011,5.088978932840392,13.40289148340037,-78.51936939590712,-70.93674177529357,-88.71673323689029,-68.14424488791491,-127.1715343860025,-48.56838369054926,-72.80382219873628,-61.77566709744993,-281.064001325514
evreg2,1bn.relative_year_bin_aux#1.moderator,-4.005628968555035,2.848540324040102,-1.40620405993545,.159841581195777,,2.406304616898769,2.219781035067241,1.560089745077168,.6530478403011332,.8389417879999657,.2131592429535686,.188889711993391,-.955854196644992,-1.346086517697588,0,-3.049351053868536,.0151894061258718,-.3104767507554166,3.577939886900038,1.966569209552709,2.047296887569368,2.550087523923875,1.81073869835112,1.406569668981086,-.2386428285265837,1.33654315717549,1.171368252462657,8.11418197768249,6.59675896296087,5.555142753023276,5.658473605261729,4.236531955441335,2.674652793915301,1.506323089820498,.2656071096526961,1.261998260912394,2.998332197386496,-8.21012611629048,-6.701753453059854,-5.642894558823067,-5.774204874932834,-4.321811313410733,-2.699059315863178,-1.524966442260626,-.3255190018514671,-1.249500866269467
evreg2,2.relative_year_bin_aux#1.moderator,-4.479743628542653,2.58882998046603,-1.730412449772475,.0837334050336478,*,3.436810072641404,2.098814504536166,1.186344255175406,.4318430213669422,.3175883436709672,-.2367568105930665,.055398954153682,-.9297752533967849,-1.661644143186729,0,-2.160027354699557,.0166070012706332,-.6708128663645907,4.471150945139381,3.937485372797078,3.584383998613992,3.125923623182165,2.001536929322282,.7564877199735505,-.3805977947108568,.578378870329008,.7230813005183478,6.59675896296087,6.702040667759744,5.690022258746064,5.166645341615997,4.149398795247385,2.64959653013678,1.685090273835253,-.2538146109308034,1.099900630187763,2.209025368902337,-6.724798786524222,-6.783280542509869,-5.773834134889322,-5.278827838193319,-4.243068602035127,-2.657971876570729,-1.695232171335674,.1980023596565534,-1.138089086598
evreg2,3.relative_year_bin_aux#1.moderator,-2.56657375304703,2.441989340018206,-1.051017590858073,.2933960361464502,,1.320494450737661,.2097902786670295,-.7710655747337928,-1.587806310565859,-1.309623207928591,-.9700593836482401,-.3713131291738729,-.4616076602813713,-1.383630888206382,0,-2.219500795730782,-.0000551152017007,1.091554642168491,5.058696772569251,4.478990831471004,4.709647655125393,4.432311980874908,2.992630161703484,1.040347316214352,.0867577350049396,.5390785812805962,1.223568674142127,5.555142753023276,5.690022258746064,5.963311936762551,5.653722869935466,4.178037405636594,2.825947696767899,1.497088693843896,.2504737510779211,1.313147160901427,2.341840053478002,-5.708458243557414,-5.743510980869824,-6.032780154861603,-5.775841468797675,-4.287474704618765,-2.864928982042718,-1.545361563341791,-.3241412382839389,-1.539767822424314
evreg2,4.relative_year_bin_aux#1.moderator,-3.690955710869976,2.620199488764625,-1.40865446569879,.1591155155489827,,1.748699579227512,.9011480188580459,-.2886373400420194,-2.521175107303722,-2.263069509935682,-1.35829305063165,-.7668308305871228,-.6852566115287643,-2.320130031117263,0,-.8696449508451792,.0055307091147513,1.806893915717477,5.048568099404324,4.170925820201768,4.334168420068108,5.026653639359544,3.366271366783065,1.341358767752361,.3228886618593168,.9265518889717129,1.745903554076279,5.658473605261729,5.166645341615997,5.653722869935466,6.865445360922401,5.007206157826259,3.118643250046519,1.316929789301832,1.176292737025772,1.89427926540727,.9306140890493234,-5.803569383625915,-5.2369968437884,-5.722929796221991,-6.993557909233795,-5.103235417477321,-3.164695506278608,-1.370786979101153,-1.256099215723873,-2.143639116193989
evreg2,5.relative_year_bin_aux#1.moderator,-1.992358954286003,2.34405569100284,-.8499622948094834,.3954626492181168,,.7898537147258151,-.0033058251807076,-.4661254388953393,-2.363242913232439,-3.12580382420869,-2.269731526339494,-1.645462648978289,-.0366322514174045,-2.608469843676919,0,-1.880894322451099,-.0003503425324025,2.191240442500521,4.367330339734131,3.518576221444165,3.638139065301757,3.942026215775957,4.026076185572155,2.351181474943757,1.094942603128638,.1014680730970149,1.678331645720212,4.236531955441335,4.149398795247385,4.178037405636594,5.007206157826259,5.494597082522803,4.074770451060943,2.183155113601313,.5611722468189738,2.337570922288277,1.9714579772172,-4.33083385023236,-4.165820170173298,-4.208088747366109,-5.016092403746083,-5.518758605064508,-4.104797715319779,-2.1814776324397,-.5960790419509033,-2.419205430559242
evreg2,6.relative_year_bin_aux#1.moderator,-1.425188709038765,2.093217317518082,-.6808603660553527,.4960501818533521,,-1.113593425599606,-1.266467398984939,-1.080392899345369,-1.874052124786602,-2.481158490365654,-2.176922023221077,-1.731301842422809,.5286370567721571,-1.357872772596673,0,-1.856041959119675,-.0137793681131784,.6423588369547595,3.438285941904549,2.328250434811794,2.369716759926251,2.619325447574145,3.167540994253836,2.303242323622687,1.462517139368094,-.0124536975062818,1.341676861045929,2.674652793915301,2.64959653013678,2.825947696767899,3.118643250046519,4.074770451060943,4.381558738357594,2.615272135242409,.4681262785367203,2.145724753511748,2.018896734392938,-2.731909077748241,-2.616868520012284,-2.827285212457916,-3.00249356010452,-4.054970094154326,-4.393374932032499,-2.550957796603992,-.4559998163392897,-2.048118692813715
evreg2,7.relative_year_bin_aux#1.moderator,-1.712349625989455,1.600748391981494,-1.069718160934596,.2848941318002923,,-3.715884782675416,-3.363064161854933,-3.038338358440069,-3.152340441005388,-3.52096260473284,-3.266775998114876,-2.63828990422369,1.835502351418592,1.645435163512527,0,-1.946922462532314,-.0159458367616375,.1529914386498391,1.235326301802589,.7871921659429878,.8296469926813375,.701596289691361,1.585062788221743,1.729081111807727,1.917010917530059,-.6842104330822398,1.617845862023508,1.506323089820498,1.685090273835253,1.497088693843896,1.316929789301832,2.183155113601313,2.615272135242409,2.562395414431339,-.4769206972948394,1.215752633214552,1.949601163318023,-1.477122723714092,-1.670847153455826,-1.506775863038045,-1.340636684560217,-2.204784544043447,-2.616345052301793,-2.587235672518163,.4787856978324255,-1.381914799334232
evreg2,9.relative_year_bin_aux#1.moderator,2.563253223376784,1.668430639351772,1.536325911859706,.124639755557265,,3.036820208935685,2.575006354051552,2.281574490613696,.5720215313187909,.3180380084083812,1.219276469093076,.6908611339035133,-1.810025019838532,-4.276323803538323,0,.7263915141965939,.008199273233818,.8791945557410441,2.131209902053957,1.910902333745426,1.733875116422823,2.368817434660686,1.109498789592477,-.2387176011085575,-.4051120026589262,1.684403446149958,2.546542861386011,.2656071096526961,-.2538146109308034,.2504737510779211,1.176292737025772,.5611722468189738,.4681262785367203,-.4769206972948394,2.783660798327763,3.150816810074956,-.7166659876835972,-.3043266730760105,.2361524977014428,-.266132690098093,-1.142738957108261,-.5473182221004235,-.4692957569913055,.5386327597458415,-2.776675284651038,-3.052754745950307
evreg2,10.relative_year_bin_aux#1.moderator,3.168297056161117,2.632013952065583,1.203753898673168,.228847979508795,,5.973013493026149,4.709838221170767,4.03045371794357,1.087367971919722,-.7017610806793765,.3482427244534654,-.3830584664269319,-2.116071430900366,-7.828493173521123,0,-1.477927706812389,.0190197968473088,1.598710532843562,2.696880281945547,2.464450283081317,2.28646911968384,2.178990330677033,2.088331926923507,.849705907964307,.4758249730283993,1.443168684597002,5.088978932840392,1.261998260912394,1.099900630187763,1.313147160901427,1.89427926540727,2.337570922288277,2.145724753511748,1.215752633214552,3.150816810074956,6.927497443867889,1.559914156888909,-1.279101441439156,-1.110138834309116,-1.322468707567072,-1.809943694605909,-2.298486223534432,-2.175634671253092,-1.137297487803444,-3.152299107475485,-6.804781100746646
evreg2,1.treat#1.moderator,29.95186019553314,26.46063296193194,1.13194042782816,.2578150032475787,,4.604157774429993,3.410100838790235,1.876622852399009,1.696208757072798,.1044723677281194,-.2195879244774378,-.7317869144516918,.3449379693382815,-1.984756616296468,0,-14.72591794744275,-.0525478964967799,1.72825638118063,55.38043698280426,26.6827576764982,32.20325257863524,-10.37022222958438,16.27322523542703,50.76492540386041,37.28050108610723,-15.75593961097952,13.40289148340037,2.998332197386496,2.209025368902337,2.341840053478002,.9306140890493234,1.9714579772172,2.018896734392938,1.949601163318023,-.7166659876835972,1.559914156888909,700.1650967460789,-172.9314089510706,-118.9259347156911,-166.7532660210443,-31.68195421649046,-127.9958542589344,-162.5072519919002,-132.3001110409826,10.29869082023474,-167.5359648670208
evreg2,1bn.relative_year_bin_aux#1.treat#1.moderator,-5.651441748986886,16.44634287720815,-.3436290846653106,.731166646201139,,-4.004971937702578,-3.301424759175439,-2.468706852967384,-1.254105491370741,-1.465936835316654,-.6620832700592967,-.578615840585803,1.521416604379199,1.968759452242246,0,2.95001067178312,-.0252907681921213,.23451363839753,-145.3688094576431,-95.58432281017514,-114.8156260209421,-87.14176252427241,-94.53920475888471,-45.36687339509994,-36.66921697835303,-34.46682834179386,-78.51936939590712,-8.21012611629048,-6.724798786524222,-5.708458243557414,-5.803569383625915,-4.33083385023236,-2.731909077748241,-1.477122723714092,-.3043266730760105,-1.279101441439156,-172.9314089510706,270.4821940346951,181.124351289275,215.7116468256052,170.0586574172171,172.9162051269465,112.7238789144504,81.58340460723525,48.2171436565134,129.4551276504874
evreg2,2.relative_year_bin_aux#1.treat#1.moderator,.7423362815757049,14.2582070486862,.0520637888789886,.958483825142278,,-2.771520213597756,-1.497088710153635,-.5147114453118136,.2523725424053991,.2485738384919168,.7401750631792988,.2372207041751962,.7311537761024788,1.105581412627312,0,2.181464524960832,-.0205838388563718,.7743290578675937,-113.137156867881,-117.6152662807134,-106.4107835996241,-85.51082987085429,-83.98052863047043,-53.37297418619772,-34.45220884650136,-33.87721388158535,-70.93674177529357,-6.701753453059854,-6.783280542509869,-5.743510980869824,-5.2369968437884,-4.165820170173298,-2.616868520012284,-1.670847153455826,.2361524977014428,-1.110138834309116,-118.9259347156911,181.124351289275,203.2964682432047,182.1966695598862,152.1771096926637,147.899574222666,108.4577254279987,69.62124788740616,51.16794400892177,107.6358661918351
evreg2,3.relative_year_bin_aux#1.treat#1.moderator,-20.40313770400188,16.43656652832739,-1.241326019569741,.2146521723241249,,-1.263759438104584,-.0777255654701962,1.006623834330203,1.819194975211594,1.49473801675886,1.185222194355426,.5890033461661346,.1641956756160506,.8514224580850585,0,2.344661216654185,.011717377694675,-1.079760657551128,-107.6261696029488,-92.0944318057599,-133.9538105640494,-81.08099612282892,-98.91789220068812,-56.47418193845051,-45.72965837130378,-36.13018386112456,-88.71673323689029,-5.642894558823067,-5.773834134889322,-6.032780154861603,-5.722929796221991,-4.208088747366109,-2.827285212457916,-1.506775863038045,-.266132690098093,-1.322468707567072,-166.7532660210443,215.7116468256052,182.1966695598862,270.1607192401322,171.2462245287,198.8518502616928,133.3509457898794,101.907103172418,68.86798579158192,191.0309791794542
evreg2,4.relative_year_bin_aux#1.treat#1.moderator,-16.30742461639739,13.93896197355031,-1.169916715989421,.2421942481129134,,5.607456835621241,5.428739405817794,5.719251203779004,6.946149551125115,5.548026430783287,3.677385012707227,2.133240459309516,-.9150017232030597,-.911033889974816,0,.807727587423566,.008976477079007,-2.416100356004677,-90.70824657514696,-82.91065455087283,-89.55234646125676,-103.5762027444053,-75.87870344071871,-37.85027332689685,-30.97057687313472,-39.43453095188123,-68.14424488791491,-5.774204874932834,-5.278827838193319,-5.775841468797675,-6.993557909233795,-5.016092403746083,-3.00249356010452,-1.340636684560217,-1.142738957108261,-1.809943694605909,-31.68195421649046,170.0586574172171,152.1771096926637,171.2462245287,194.2946609000815,137.8442522898779,91.24050289961448,65.13885058926321,67.516051165052,100.7296073214812
evreg2,5.relative_year_bin_aux#1.treat#1.moderator,-19.14366647521975,15.23769611649718,-1.256336018835141,.2091623309028653,,3.94615989021929,4.116219664258821,3.937151286481233,5.115253445853193,5.116576931129083,3.686350832287741,2.502225719196834,-.9607897696277785,.6802024059393716,0,1.946896962473553,.01149631379654,-2.453884882806511,-99.40442174391022,-87.5960604598816,-110.7803205929916,-77.85901237796206,-121.3693295858502,-57.12606410109712,-47.77252204559428,-49.63746307679347,-127.1715343860025,-4.321811313410733,-4.243068602035127,-4.287474704618765,-5.103235417477321,-5.518758605064508,-4.054970094154326,-2.204784544043447,-.5473182221004235,-2.298486223534432,-127.9958542589344,172.9162051269465,147.899574222666,198.8518502616928,137.8442522898779,232.1873829387132,132.3906772383031,117.2104822120592,69.11875723205877,227.6918092775659
evreg2,6.relative_year_bin_aux#1.treat#1.moderator,-6.639575428879059,12.49890091751524,-.5312127420399614,.5953389706632048,,.82559555396721,1.039207655681589,.8638460899936609,1.71093039275186,2.518285361888422,2.383705705401426,2.010130850605402,-.8152335421304769,1.068920315487974,0,1.867264120610731,.012467131844415,-.6782992905010243,-51.29595400756991,-52.32836860076051,-56.56355636381986,-43.03729325444481,-50.49835497925228,-62.25568875980581,-25.84745205220441,-21.98904725631194,-48.56838369054926,-2.699059315863178,-2.657971876570729,-2.864928982042718,-3.164695506278608,-4.104797715319779,-4.393374932032499,-2.616345052301793,-.4692957569913055,-2.175634671253092,-162.5072519919002,112.7238789144504,108.4577254279987,133.3509457898794,91.24050289961448,132.3906772383031,156.2225241458632,98.67396963199818,42.69495654839669,126.5013269570629
evreg2,7.relative_year_bin_aux#1.treat#1.moderator,-5.24783609510366,12.11008775289368,-.4333441839717223,.6648183037955475,,2.670951947433056,2.5104376646308,2.467177794266321,2.84339656828127,3.453217689404556,3.394761419385247,2.883790216994591,-2.015193417346205,-1.750793305447843,0,1.798226574734737,.0195532064310255,-.518254666918725,-29.54593497744538,-28.20735940425286,-38.92394552194541,-23.67665568398482,-37.92601375136727,-37.92149718694865,-60.0226135590393,-18.32696223237233,-72.80382219873628,-1.524966442260626,-1.695232171335674,-1.545361563341791,-1.370786979101153,-2.1814776324397,-2.550957796603992,-2.587235672518163,.5386327597458415,-1.137297487803444,-132.3001110409826,81.58340460723525,69.62124788740616,101.907103172418,65.13885058926321,117.2104822120592,98.67396963199818,146.6542253827854,37.48465605228973,185.8618814986878
evreg2,9.relative_year_bin_aux#1.treat#1.moderator,-4.019817024782538,10.19079245749647,-.3944557836447266,.6932927679870042,,-1.462454841668126,-1.304951784777968,-1.213897957559634,.3348797174759359,.3846529362812132,-.6693278312262257,-.3938565956289122,1.636117026348483,3.810423108646519,0,-.7901452464663427,-.0110386903944606,-.9160655586789525,-24.40096448384493,-27.39479321644233,-32.96859510717109,-32.25776778731954,-38.4600538651301,-10.52832084159821,-17.01859781782182,-53.54767842513407,-61.77566709744993,-.3255190018514671,.1980023596565534,-.3241412382839389,-1.256099215723873,-.5960790419509033,-.4559998163392897,.4787856978324255,-2.776675284651038,-3.152299107475485,10.29869082023474,48.2171436565134,51.16794400892177,68.86798579158192,67.516051165052,69.11875723205877,42.69495654839669,37.48465605228973,103.8522509117669,105.5648416807573
evreg2,10.relative_year_bin_aux#1.treat#1.moderator,-32.58084765956444,22.92401341162717,-1.421254082980046,.1554215847663095,,6.278678234179084,5.989262523208947,5.179468995819146,6.664644081256863,6.615570064318777,3.602943274081881,2.704828727393696,-.4891083198346396,3.19471825990078,0,1.076216915718363,.0171656303121511,-3.264949055598958,-60.11397257312201,-51.87085731274388,-89.99937566912791,-47.69275304397688,-104.7661326017061,-42.55045321779726,-83.89488432527874,-57.53806415733501,-281.064001325514,-1.249500866269467,-1.138089086598,-1.539767822424314,-2.143639116193989,-2.419205430559242,-2.048118692813715,-1.381914799334232,-3.052754745950307,-6.804781100746646,-167.5359648670208,129.4551276504874,107.6358661918351,191.0309791794542,100.7296073214812,227.6918092775659,126.5013269570629,185.8618814986878,105.5648416807573,525.5103908964625
evreg3,1bn.relative_year_bin_aux,-191.8821715320498,22.7764031313963,-8.424603763161727,7.45504393466e-17,***,518.764539603879,449.4425349900299,378.6092551635415,288.3200174179594,213.1833623211815,143.8538857143391,81.21421382139727,-100.8893157959771,-182.9241122269628,0,0,1.79299820500027,-47.01375534912307,-23.25174947396323,-18.65223953216908,-34.88287345634927,-7.554296576359779,-49.49879996303076,-34.56832141701083,-63.09495715614197,1.912782651720871,-111.9124560087969,-5.721121336383873,-12.54888794490689,-14.70676822221804,-.6238730455008493,-4.261132812971036,-12.18910716961579,-6.964392172107992,-7.095126948409465,-3.203821078753627,0,55.72155082235098,11.04801731069464,16.87431055564926,-3.529581458663648,11.86935858761938,9.332192757132708,10.72947211776077,16.18823358702305,1.260792638143157
evreg3,2.relative_year_bin_aux,-158.3569100558627,19.87966737231429,-7.965772620340759,2.93539400686e-15,***,449.4425349900299,395.2011748338576,336.4666529883442,258.7552183253686,192.277916551505,128.2229033388295,69.89159254980389,-87.74409478331278,-162.3505358415901,0,0,1.537168193760026,-43.73886945832289,-27.81709615066939,-23.90744675165599,-38.40027606520047,-13.70097735493612,-48.52778807022308,-32.03305172329168,-55.23234524657254,1.496760398484416,-96.33032348422276,-4.766080692694321,-13.30653087249673,-14.93181990345511,-.1923028988823735,-1.949122472318032,-5.775004883147429,-2.785396024876731,-2.621262533935814,4.031677863785934,0,47.53214682250878,12.01717861492299,16.81486077689594,-2.47863901424859,9.738155351183796,5.100832167175027,7.219565709288858,11.38016520828701,-4.901883538885298
evreg3,3.relative_year_bin_aux,-112.4356284776978,17.13542363125847,-6.561590241200255,6.99723947209e-11,***,378.6092551635415,336.4666529883442,293.6227430226913,230.0316363361742,172.4790615798842,115.5362819933983,60.79138263664308,-75.91939033643192,-144.4972865640272,0,0,1.25648160142338,-34.73897649404894,-22.01563404623061,-18.87351303964773,-31.7802319919644,-10.01733668259056,-37.68443700379595,-24.10046855601639,-44.66581246103699,1.938364831318006,-78.81172815711555,-2.957806735881524,-10.47050795100767,-13.06997743717375,1.63407927015667,2.627364045087548,1.850489975419103,1.382277053970042,1.875695650028212,11.35718637371777,0,36.29089830067402,7.151693427132804,12.35426274196066,-5.633074766818425,3.1004536738672,-2.420312430372619,2.378043658460625,5.443391493253404,-12.04110429367084
evreg3,4.relative_year_bin_aux,-66.75956683880079,13.71954617868781,-4.866018596337122,1.24124235946e-06,***,288.3200174179594,258.7552183253686,230.0316363361742,188.2259473491474,144.4984230777694,96.78341044613866,50.57730377241437,-60.09145363934968,-113.1667852230576,0,0,.9056983807554525,-27.7156922858614,-24.61845303928496,-21.84717920827848,-31.26437019506379,-15.63723942974277,-34.52709083052517,-20.35992410572338,-36.49493040153355,2.240621533172092,-61.89627439670936,-5.748220077494045,-11.45233760822172,-13.10672524638214,-3.017419308279186,.6121772820660257,3.780050956915165,1.438100505494969,6.089195424529825,16.26640859254999,0,30.54829243248567,8.100151342576003,12.10231779096476,-.0071047877906832,4.145785898123133,-2.941660938284734,2.133560822367052,-.2009884338817434,-17.18650976898233
evreg3,5.relative_year_bin_aux,-39.11153794219935,10.78210633129443,-3.627448732227803,.0002944665732805,***,213.1833623211815,192.277916551505,172.4790615798842,144.4984230777694,116.2538169393394,80.42027414545269,43.89554415446367,-49.0512597167379,-87.42552518410663,0,0,.6605860847632875,-20.69523732910054,-17.20001562600001,-15.80748671665587,-22.15522360786656,-10.07958460267089,-23.90848614175293,-14.03085845702345,-28.75528515579023,3.474077937971534,-47.32060331788144,-1.823903600106909,-6.888206107057041,-8.34879435071522,.1341371477780749,.5098112365830358,2.38758640493765,-1.023616896435048,8.391598025039082,14.39482142068774,0,18.99621179308178,2.966091801487677,6.090432590149807,-3.621885090073947,1.645715586540676,-2.571960494744213,3.47384459910398,-3.795972571902155,-16.43969361852419
evreg3,6.relative_year_bin_aux,-21.17434011739443,7.802369904674651,-2.713834434420778,.006716377008963,***,143.8538857143391,128.2229033388295,115.5362819933983,96.78341044613866,80.42027414545269,60.87697612937273,35.58562837509565,-36.35109277047626,-63.09121043968941,0,0,.4537664678848313,-11.31065347546236,-6.647597608671829,-5.708407960096654,-10.35304871102849,-2.107779549337485,-10.86952405740726,-7.662124840058754,-19.21490865958028,2.252161529444555,-32.09379767381142,2.15269579892969,-.6698666204576456,-3.076409680233195,2.492644676978496,.4669537341525338,-2.186724630328426,-3.658266917563648,5.386696571353696,8.492437101851671,0,7.429229198870482,-3.61681278122424,-.3251258590840168,-6.754380868645915,-1.062076734789608,.5001020852921702,4.446223508338684,-2.363686821258358,-10.64798228968565
evreg3,7.relative_year_bin_aux,-28.38312411677486,5.009943735282461,-5.665357859587742,1.71282608688e-08,***,81.21421382139727,69.89159254980389,60.79138263664308,50.57730377241437,43.89554415446367,35.58562837509565,25.09953623069597,-24.05772328225925,-33.92186507110211,0,0,.2848140782734965,-8.201238820250047,1.15440786066223,1.435266532461003,-.5506556551259747,3.594556651173124,-1.780102857180136,-2.203266517381198,-11.91226195393725,3.924106776889547,-16.88615967666294,1.797957771887007,.7893187168577973,-.6921771968151454,1.389461074015074,-2.207325925145602,-6.40712725475674,-7.62161524901878,3.868501311793936,1.639821685295729,0,2.843196864244932,-3.757590653418319,-2.097739430874482,-4.959660445074937,.3644466470276441,4.072102425939558,7.48298601706218,-2.266240545564163,-3.310469367946309
evreg3,9.relative_year_bin_aux,40.0415048477965,5.542368828443763,7.224619307596626,7.47635514370e-13,***,-100.8893157959771,-87.74409478331278,-75.91939033643192,-60.09145363934968,-49.0512597167379,-36.35109277047626,-24.05772328225925,30.71785223050509,50.9500619253865,0,0,-.3839452128296936,11.29799297851222,-3.378728800551881,-3.904154983627615,-1.101889878016535,-7.20321865650473,-1.409438902507131,-1.114929618891163,10.96103847646604,-4.457541355951109,17.43969941341087,-5.62708697973529,-3.866697818775831,-2.151551687466605,-6.3205576683286,-3.902454868250187,-.9486405088049096,1.985048201769628,-4.997186484574827,-6.582871683613891,0,-.3721247458426731,7.224422733753149,5.236137527353336,10.51451029111628,5.484802033462899,3.254321295344445,-2.049493809548376,3.051043938191265,7.452625340105743
evreg3,10.relative_year_bin_aux,40.48506314045753,10.37466171881896,3.902301996702241,.0000989015166965,***,-182.9241122269628,-162.3505358415901,-144.4972865640272,-113.1667852230576,-87.42552518410663,-63.09121043968941,-33.92186507110211,50.9500619253865,107.6336057799275,0,0,-.6680214029338177,13.24545378472198,-1.137729943305375,-4.145697402408365,3.287313001770176,-8.094274635783941,.1589091054821492,-2.021626013588279,14.73089957996445,.1930403934496038,33.0044770196877,-13.29847319184907,-9.951630968425002,-5.509558489114376,-13.53630414648915,-14.85647351913662,-12.84950885240913,-9.410735718094596,-2.859132880570563,-17.63135770701748,0,3.548927747485842,16.52181044158985,10.77705770087146,20.42837132825654,16.21156619857004,15.08729361483513,8.766665481009607,-.1963889247751719,18.47092203708964
evreg3,1o.treat,0,,,,,0,0,0,0,0,0,0,0,0,0,0,0,0,0,0,0,0,0,0,0,0,0,0,0,0,0,0,0,0,0,0,0,0,0,0,0,0,0,0,0,0
evreg3,1o.moderator,0,,,,,0,0,0,0,0,0,0,0,0,0,0,0,0,0,0,0,0,0,0,0,0,0,0,0,0,0,0,0,0,0,0,0,0,0,0,0,0,0,0,0,0
evreg3,wind_direction,-1.234356294670532,.0965387022847127,-12.78612893542073,7.54278019231e-36,***,1.79299820500027,1.537168193760026,1.25648160142338,.9056983807554525,.6605860847632875,.4537664678848313,.2848140782734965,-.3839452128296936,-.6680214029338177,0,0,.0093197210388164,-.1776327538480499,-.0226960626564737,.0244065695346231,-.0181402463296187,.058091941472803,-.0568890579236641,-.0693443803635662,-.1681949539938036,.0595259902973101,-.1752683598752205,-.0272439525015507,-.0437105463369148,-.0619678644076106,-.0252643698979936,-.0640394299510299,-.1316357309036855,-.0668584213790317,-.0655864029942771,-.0562944850195816,0,.0985982472615129,.0074816655961958,.0201963053598423,-.0386285969689688,.0448231960876684,.0807950897677246,.0635657041161574,.1002138292937514,.0543255597654638
evreg3,av_wind_speed,52.55634965318873,6.481761982775118,8.108343038953603,9.56287803012e-16,***,-47.01375534912307,-43.73886945832289,-34.73897649404894,-27.7156922858614,-20.69523732910054,-11.31065347546236,-8.201238820250047,11.29799297851222,13.24545378472198,0,0,-.1776327538480499,42.01323840134883,6.396073454736678,7.741837355682609,10.19871825676421,4.539920395379433,10.45638841797134,9.194881754832505,8.623905408276238,-4.93179793227935,.9182460709904205,4.272433131420266,7.188604045598461,3.445916904066496,-.4802961344565352,.3722457237448559,-3.760363264045034,.1239766191214222,-7.034942799959756,-8.833783156847458,0,-15.47876929067154,-11.14672650359443,-7.396513532970106,-2.930772472140171,-5.188247299226819,.7524157755883545,-1.971173281176173,3.693475708422534,5.916980499544604
evreg3,1bn.relative_year_bin_aux#1.treat,6.740311783229275,17.51437735395927,.3848444992939228,.7003995259798542,,-23.25174947396323,-27.81709615066939,-22.01563404623061,-24.61845303928496,-17.20001562600001,-6.647597608671829,1.15440786066223,-3.378728800551881,-1.137729943305375,0,0,-.0226960626564737,6.396073454736678,306.7534140968813,245.4568711727193,274.1778990115565,261.0433500733371,236.0192206041797,132.2716161005058,98.60378869184595,99.85151631624484,251.5485522160965,10.45830850861787,10.52821639544422,11.39331972495879,18.03498116321443,16.10512007030661,12.34230891355467,2.799236755033663,3.900704156590324,-1.748243749926626,0,-202.8583612808874,-158.9397450369197,-191.4094664406635,-190.5603237018391,-183.5780883582007,-107.3366892689888,-80.23000968913799,-93.70058909944355,-219.8396730273059
evreg3,2.relative_year_bin_aux#1.treat,11.39993453725959,16.16975943791424,.7050157165931271,.4808945445413315,,-18.65223953216908,-23.90744675165599,-18.87351303964773,-21.84717920827848,-15.80748671665587,-5.708407960096654,1.435266532461003,-3.904154983627615,-4.145697402408365,0,0,.0244065695346231,7.741837355682609,245.4568711727193,261.4611202800166,244.4166023842424,241.0441108375658,198.8435446355749,107.1427712007379,49.99612394664175,101.4959109241097,195.2351787107828,8.890085104757183,9.674704162064138,9.421861914551323,14.95190906085672,13.42219299995656,8.799082619251857,1.746681006327532,1.480365733556519,-3.616836738803547,0,-153.8648760602693,-179.1394430708056,-165.0124404787663,-175.7249083235436,-151.9962789260707,-84.6337216800455,-33.14231868906412,-93.28145727158434,-161.8713245662726
evreg3,3.relative_year_bin_aux#1.treat,5.065958546273645,17.3334471487237,.2922649201169811,.7701188218905964,,-34.88287345634927,-38.40027606520047,-31.7802319919644,-31.26437019506379,-22.15522360786656,-10.35304871102849,-.5506556551259747,-1.101889878016535,3.287313001770176,0,0,-.0181402463296187,10.19871825676421,274.1778990115565,244.4166023842424,300.4483900575976,250.5126389770703,253.6727989253439,149.4691033643209,110.1318777568926,98.59887049454647,273.2683750812759,11.19526042863202,11.7625768173442,13.00468729155395,17.64424065378159,15.80991730594473,10.50066871934833,2.421525472492415,1.456110676029269,-2.581892516162626,0,-193.7373210219822,-170.202590069885,-223.6726628134441,-186.3595530442248,-203.417012237576,-118.5159694318011,-86.01746045666125,-91.58114496139008,-235.8254872671927
evreg3,4.relative_year_bin_aux#1.treat,3.680452266039255,16.53698594458645,.2225588313597187,.8239049263709992,,-7.554296576359779,-13.70097735493612,-10.01733668259056,-15.63723942974277,-10.07958460267089,-2.107779549337485,3.594556651173124,-7.20321865650473,-8.094274635783941,0,0,.058091941472803,4.539920395379433,261.0433500733371,241.0441108375658,250.5126389770703,273.4719041314498,219.8257677375464,120.0658424764984,67.97639842052357,111.4698564248123,224.0217326626748,15.40963265978528,14.86001262454276,15.88634806747189,22.98250178271691,18.97920144354012,12.58986043910931,3.27812171754088,1.872193955949253,-3.19265593032109,0,-181.8446012444122,-174.8982833732148,-183.4021172619938,-209.5918883896713,-170.8493053107347,-96.98644216527181,-51.66211974968131,-100.9238218680174,-193.5398230135386
evreg3,5.relative_year_bin_aux#1.treat,20.91551150717186,17.21887789890807,1.214684930688672,.22465062287206,,-49.49879996303076,-48.52778807022308,-37.68443700379595,-34.52709083052517,-23.90848614175293,-10.86952405740726,-1.780102857180136,-1.409438902507131,.1589091054821492,0,0,-.0568890579236641,10.45638841797134,236.0192206041797,198.8435446355749,253.6727989253439,219.8257677375464,296.4897560975047,159.1720241064386,137.0905686398055,96.80628951712282,305.0325195661133,15.99569080333822,16.99548849240887,17.06495369812146,22.32541497287641,21.79393964548883,16.55203553040672,7.020805351149383,2.918698894917691,3.51335898097925,0,-196.9218685638479,-160.8945101632824,-209.9061292279859,-180.9231082387819,-250.8983976235107,-124.8062670103618,-109.7056705127464,-98.16482957148185,-275.1847695896138
evreg3,6.relative_year_bin_aux#1.treat,-2.744551138090349,11.4836376964216,-.2389966673143628,.8111362319493484,,-34.56832141701083,-32.03305172329168,-24.10046855601639,-20.35992410572338,-14.03085845702345,-7.662124840058754,-2.203266517381198,-1.114929618891163,-2.021626013588279,0,0,-.0693443803635662,9.194881754832505,132.2716161005058,107.1427712007379,149.4691033643209,120.0658424764984,159.1720241064386,131.8739347426753,91.64232796721835,49.44688685553542,155.5026228363175,11.81754129171444,12.30046425964399,12.60777157691223,15.67515571371272,17.15700896131627,15.56896810480358,7.62787703142583,3.121870753242714,6.586176217945805,0,-120.5419686561745,-90.07231163967394,-125.3967644832695,-101.9174316218046,-130.4824271582706,-98.41177481340715,-64.90109558803132,-53.24220456529894,-135.6219596855481
evreg3,7.relative_year_bin_aux#1.treat,19.05594594874438,11.41419969031645,1.669494705345923,.095198743267673,*,-63.09495715614197,-55.23234524657254,-44.66581246103699,-36.49493040153355,-28.75528515579023,-19.21490865958028,-11.91226195393725,10.96103847646604,14.73089957996445,0,0,-.1681949539938036,8.623905408276238,98.60378869184595,49.99612394664175,110.1318777568926,67.97639842052357,137.0905686398055,91.64232796721835,130.2839545704202,21.16149577646478,168.2852912976054,5.536963561737924,6.332666151164106,7.016484818562928,7.802493916377835,10.88487511750417,11.85904499512909,8.414092591408409,-.1482006699536812,5.083548460822697,0,-99.8041802695911,-39.51538173642596,-94.83405580426127,-58.24142064909959,-118.213926580656,-70.08113431920022,-104.851452531215,-30.74925412283315,-143.5444941955265
evreg3,9.relative_year_bin_aux#1.treat,9.349703851816917,10.65340928219968,.8776255191320709,.380267788844154,,1.912782651720871,1.496760398484416,1.938364831318006,2.240621533172092,3.474077937971534,2.252161529444555,3.924106776889547,-4.457541355951109,.1930403934496038,0,0,.0595259902973101,-4.93179793227935,99.85151631624484,101.4959109241097,98.59887049454647,111.4698564248123,96.80628951712282,49.44688685553542,21.16149577646478,113.4951293340583,155.5681947197417,-.9321357729593849,-2.182945279150968,-1.784305148932998,-.5700165664699051,-.537164227701292,.021977487084923,-3.429446102154838,6.338198470359803,5.12742736933315,0,-82.3626428468139,-84.80657882653895,-81.76994774706498,-94.64711354220998,-86.17268653773833,-44.40453463150418,-18.40333802623881,-105.2257897163864,-146.0897066676871
evreg3,10.relative_year_bin_aux#1.treat,41.81478595221336,23.84570644626644,1.753556181966686,.0796821406623513,*,-111.9124560087969,-96.33032348422276,-78.81172815711555,-61.89627439670936,-47.32060331788144,-32.09379767381142,-16.88615967666294,17.43969941341087,33.0044770196877,0,0,-.1752683598752205,.9182460709904205,251.5485522160965,195.2351787107828,273.2683750812759,224.0217326626748,305.0325195661133,155.5026228363175,168.2852912976054,155.5681947197417,568.6177159215129,-3.630543589433417,-3.739951923688502,-2.416396496270342,-1.793472273775326,5.646737110913009,10.45861789716184,5.543313259447721,8.523578629721156,20.27913448294421,0,-237.1401079004648,-162.2794171766534,-237.607569612778,-197.0109100246128,-277.1542308809042,-135.4146428645591,-139.8527690014929,-161.3686332835512,-515.3639093354601
evreg3,1bn.relative_year_bin_aux#1.moderator,8.930246352874805,5.572531405227558,1.602547514491779,.1092155726789122,,-5.721121336383873,-4.766080692694321,-2.957806735881524,-5.748220077494045,-1.823903600106909,2.15269579892969,1.797957771887007,-5.62708697973529,-13.29847319184907,0,0,-.0272439525015507,4.272433131420266,10.45830850861787,8.890085104757183,11.19526042863202,15.40963265978528,15.99569080333822,11.81754129171444,5.536963561737924,-.9321357729593849,-3.630543589433417,31.05310626224742,28.29698604860961,25.386713294994,27.8150449003011,18.89408299751164,11.68546168759392,7.62987859845942,-.89510683018449,-.6599358033488257,0,-36.18380387901625,-32.6498343015799,-30.41333746649326,-30.93541083273271,-22.25942990067187,-13.7667859978949,-7.484058433210217,.3556515306102415,-.4129701930077069
evreg3,2.relative_year_bin_aux#1.moderator,11.14865591595608,5.460211987363885,2.041799098964745,.0413215595444842,**,-12.54888794490689,-13.30653087249673,-10.47050795100767,-11.45233760822172,-6.888206107057041,-.6698666204576456,.7893187168577973,-3.866697818775831,-9.951630968425002,0,0,-.0437105463369148,7.188604045598461,10.52821639544422,9.674704162064138,11.7625768173442,14.86001262454276,16.99548849240887,12.30046425964399,6.332666151164106,-2.182945279150968,-3.739951923688502,28.29698604860961,29.81391494695227,26.42019102101775,26.35199632390041,17.53823930045688,9.103034781135134,6.600485769969507,-3.330808426896384,-3.550860615381096,0,-35.04621682166022,-34.39069768753998,-31.84890921205927,-30.28656691991691,-21.5852109282865,-11.41569417236296,-6.889986275994283,1.868549386739589,1.502185602288402
evreg3,3.relative_year_bin_aux#1.moderator,14.7527492706671,5.193856602313942,2.840422907342981,.0045576474402785,***,-14.70676822221804,-14.93181990345511,-13.06997743717375,-13.10672524638214,-8.34879435071522,-3.076409680233195,-.6921771968151454,-2.151551687466605,-5.509558489114376,0,0,-.0619678644076106,3.445916904066496,11.39331972495879,9.421861914551323,13.00468729155395,15.88634806747189,17.06495369812146,12.60777157691223,7.016484818562928,-1.784305148932998,-2.416396496270342,25.386713294994,26.42019102101775,26.97614640540013,27.76913063223386,18.74196031629418,10.94708539845568,7.246589766250598,-2.562602011962871,-3.034743954490852,0,-31.10497953300525,-30.14338325906466,-31.21857810630055,-30.741743991162,-21.84861247888805,-12.52111039638781,-7.389372189465204,1.125976964650828,1.004221944759032
evreg3,4.relative_year_bin_aux#1.moderator,11.02102558555285,6.100143717559898,1.806682939916265,.0709839273590589,*,-.6238730455008493,-.1923028988823735,1.63407927015667,-3.017419308279186,.1341371477780749,2.492644676978496,1.389461074015074,-6.3205576683286,-13.53630414648915,0,0,-.0252643698979936,-.4802961344565352,18.03498116321443,14.95190906085672,17.64424065378159,22.98250178271691,22.32541497287641,15.67515571371272,7.802493916377835,-.5700165664699051,-1.793472273775326,27.8150449003011,26.35199632390041,27.76913063223386,37.21175337488549,26.57270886396094,17.77898619620736,10.64300935110229,1.84147526859175,1.239297647036552,0,-32.0874684294248,-30.17314451117923,-32.20043410781182,-40.39830205497649,-29.86253775820224,-19.41825517081416,-10.62480290163235,-2.554609344899746,-3.239052032415617
evreg3,5.relative_year_bin_aux#1.moderator,21.85874267655372,5.250647339317595,4.163056717382701,.0000329321851172,***,-4.261132812971036,-1.949122472318032,2.627364045087548,.6121772820660257,.5098112365830358,.4669537341525338,-2.207325925145602,-3.902454868250187,-14.85647351913662,0,0,-.0640394299510299,.3722457237448559,16.10512007030661,13.42219299995656,15.80991730594473,18.97920144354012,21.79393964548883,17.15700896131627,10.88487511750417,-.537164227701292,5.646737110913009,18.89408299751164,17.53823930045688,18.74196031629418,26.57270886396094,27.56929748188294,25.11226371942966,15.36814255336678,4.306330298413572,11.01711577792616,0,-23.80881339757192,-21.3703661244473,-22.69341900613739,-29.68431986718095,-29.89798096035062,-25.68980581157865,-15.12100711332104,-5.656903443859873,-11.90573693532917
evreg3,6.relative_year_bin_aux#1.moderator,37.56494862744226,5.758573420267967,6.523308098361317,8.98398565623e-11,***,-12.18910716961579,-5.775004883147429,1.850489975419103,3.780050956915165,2.38758640493765,-2.186724630328426,-6.40712725475674,-.9486405088049096,-12.84950885240913,0,0,-.1316357309036855,-3.760363264045034,12.34230891355467,8.799082619251857,10.50066871934833,12.58986043910931,16.55203553040672,15.56896810480358,11.85904499512909,.021977487084923,10.45861789716184,11.68546168759392,9.103034781135134,10.94708539845568,17.77898619620736,25.11226371942966,33.16116783661671,20.09763790781467,9.031803625147621,19.54744856962867,0,-14.91593918202992,-11.52702851003873,-13.24523561545747,-19.65197661453451,-25.6268328606549,-31.75599104567966,-19.16273811617993,-10.19052581999723,-19.15095559061452
evreg3,7.relative_year_bin_aux#1.moderator,26.10538276806802,4.05120828767589,6.44385104747212,1.50282935314e-10,***,-6.964392172107992,-2.785396024876731,1.382277053970042,1.438100505494969,-1.023616896435048,-3.658266917563648,-7.62161524901878,1.985048201769628,-9.410735718094596,0,0,-.0668584213790317,.1239766191214222,2.799236755033663,1.746681006327532,2.421525472492415,3.27812171754088,7.020805351149383,7.62787703142583,8.414092591408409,-3.429446102154838,5.543313259447721,7.62987859845942,6.600485769969507,7.246589766250598,10.64300935110229,15.36814255336678,20.09763790781467,16.41228859013382,.459432104906652,10.27543313127975,0,-9.826634774903379,-7.600265649850103,-8.096087342196851,-11.09122128875249,-15.08711820823595,-18.37502371317914,-15.26273590160744,-1.37110982794375,-10.0965897848385
evreg3,9.relative_year_bin_aux#1.moderator,12.48807045841897,4.28075968467116,2.917255669160106,.0035764123509194,***,-7.095126948409465,-2.621262533935814,1.875695650028212,6.089195424529825,8.391598025039082,5.386696571353696,3.868501311793936,-4.997186484574827,-2.859132880570563,0,0,-.0655864029942771,-7.034942799959756,3.900704156590324,1.480365733556519,1.456110676029269,1.872193955949253,2.918698894917691,3.121870753242714,-.1482006699536812,6.338198470359803,8.523578629721156,-.89510683018449,-3.330808426896384,-2.562602011962871,1.84147526859175,4.306330298413572,9.031803625147621,.459432104906652,18.32490347790593,22.37723425517305,0,.2560495983919333,2.247049767536354,1.278563982595197,-2.997422356751817,-4.944774334307557,-8.751544284408073,-.3400324476585342,-16.57843129156124,-20.18594271429772
evreg3,10.relative_year_bin_aux#1.moderator,22.24801936499675,6.811082030114773,3.266444195889658,.0011101981452669,***,-3.203821078753627,4.031677863785934,11.35718637371777,16.26640859254999,14.39482142068774,8.492437101851671,1.639821685295729,-6.582871683613891,-17.63135770701748,0,0,-.0562944850195816,-8.833783156847458,-1.748243749926626,-3.616836738803547,-2.581892516162626,-3.19265593032109,3.51335898097925,6.586176217945805,5.083548460822697,5.12742736933315,20.27913448294421,-.6599358033488257,-3.550860615381096,-3.034743954490852,1.239297647036552,11.01711577792616,19.54744856962867,10.27543313127975,22.37723425517305,46.39083842095237,0,-4.890088146264842,.1109475686671299,-.1339356442016965,-4.083398318732326,-11.75303536501553,-17.19423401085372,-8.647539860903349,-20.38824342511347,-41.69799102414283
evreg3,1o.treat#1o.moderator,0,,,,,0,0,0,0,0,0,0,0,0,0,0,0,0,0,0,0,0,0,0,0,0,0,0,0,0,0,0,0,0,0,0,0,0,0,0,0,0,0,0,0,0
evreg3,1bn.relative_year_bin_aux#1.treat#1.moderator,35.90738019683574,24.84482599058697,1.4452659161485,.1485627594152602,,55.72155082235098,47.53214682250878,36.29089830067402,30.54829243248567,18.99621179308178,7.429229198870482,2.843196864244932,-.3721247458426731,3.548927747485842,0,0,.0985982472615129,-15.47876929067154,-202.8583612808874,-153.8648760602693,-193.7373210219822,-181.8446012444122,-196.9218685638479,-120.5419686561745,-99.8041802695911,-82.3626428468139,-237.1401079004648,-36.18380387901625,-35.04621682166022,-31.10497953300525,-32.0874684294248,-23.80881339757192,-14.91593918202992,-9.826634774903379,.2560495983919333,-4.890088146264842,0,617.2653785025457,462.2813214258294,524.2777461951968,452.3763211070686,409.0135589061319,198.5351911788921,134.0456332135641,164.6950123411043,369.4946175324205
evreg3,2.relative_year_bin_aux#1.treat#1.moderator,43.05297091822818,22.19608992625472,1.93966464639805,.0525814267728145,*,11.04801731069464,12.01717861492299,7.151693427132804,8.100151342576003,2.966091801487677,-3.61681278122424,-3.757590653418319,7.224422733753149,16.52181044158985,0,0,.0074816655961958,-11.14672650359443,-158.9397450369197,-179.1394430708056,-170.202590069885,-174.8982833732148,-160.8945101632824,-90.07231163967394,-39.51538173642596,-84.80657882653895,-162.2794171766534,-32.6498343015799,-34.39069768753998,-30.14338325906466,-30.17314451117923,-21.3703661244473,-11.52702851003873,-7.600265649850103,2.247049767536354,.1109475686671299,0,462.2813214258294,492.6664080143864,464.4892883671866,423.6806278439358,354.8463354492437,175.0933719360957,71.3957026060893,175.3674807420181,299.2424179104326
evreg3,3.relative_year_bin_aux#1.treat#1.moderator,67.4181423644893,23.9885307883784,2.810432325315689,.0050027316587563,***,16.87431055564926,16.81486077689594,12.35426274196066,12.10231779096476,6.090432590149807,-.3251258590840168,-2.097739430874482,5.236137527353336,10.77705770087146,0,0,.0201963053598423,-7.396513532970106,-191.4094664406635,-165.0124404787663,-223.6726628134441,-183.4021172619938,-209.9061292279859,-125.3967644832695,-94.83405580426127,-81.76994774706498,-237.607569612778,-30.41333746649326,-31.84890921205927,-31.21857810630055,-32.20043410781182,-22.69341900613739,-13.24523561545747,-8.096087342196851,1.278563982595197,-.1339356442016965,0,524.2777461951968,464.4892883671866,575.4496093849783,434.3854712244689,449.198686543082,227.7273122944247,168.3246986355924,180.926430239298,455.5500047204233
evreg3,4.relative_year_bin_aux#1.treat#1.moderator,54.30640552799106,21.5271809225588,2.522690069050435,.0117343631051971,**,-3.529581458663648,-2.47863901424859,-5.633074766818425,-.0071047877906832,-3.621885090073947,-6.754380868645915,-4.959660445074937,10.51451029111628,20.42837132825654,0,0,-.0386285969689688,-2.930772472140171,-190.5603237018391,-175.7249083235436,-186.3595530442248,-209.5918883896713,-180.9231082387819,-101.9174316218046,-58.24142064909959,-94.64711354220998,-197.0109100246128,-30.93541083273271,-30.28656691991691,-30.741743991162,-40.39830205497649,-29.68431986718095,-19.65197661453451,-11.09122128875249,-2.997422356751817,-4.083398318732326,0,452.3763211070686,423.6806278439358,434.3854712244689,463.4195184725794,359.2827773006148,173.0375597618198,93.4670779341668,196.9824185386591,350.4884737117308
evreg3,5.relative_year_bin_aux#1.treat#1.moderator,49.82801808802173,22.13280708250407,2.251319405725569,.0244892833657847,**,11.86935858761938,9.738155351183796,3.1004536738672,4.145785898123133,1.645715586540676,-1.062076734789608,.3644466470276441,5.484802033462899,16.21156619857004,0,0,.0448231960876684,-5.188247299226819,-183.5780883582007,-151.9962789260707,-203.417012237576,-170.8493053107347,-250.8983976235107,-130.4824271582706,-118.213926580656,-86.17268653773833,-277.1542308809042,-22.25942990067187,-21.5852109282865,-21.84861247888805,-29.86253775820224,-29.89798096035062,-25.6268328606549,-15.08711820823595,-4.944774334307557,-11.75303536501553,0,409.0135589061319,354.8463354492437,449.198686543082,359.2827773006148,489.8611493513425,227.3364714535874,215.1343479333648,191.7047852371467,532.6171004828074
evreg3,6.relative_year_bin_aux#1.treat#1.moderator,33.47386767678143,14.32044974295836,2.337487179356303,.0195263962369476,**,9.332192757132708,5.100832167175027,-2.420312430372619,-2.941660938284734,-2.571960494744213,.5001020852921702,4.072102425939558,3.254321295344445,15.08729361483513,0,0,.0807950897677246,.7524157755883545,-107.3366892689888,-84.6337216800455,-118.5159694318011,-96.98644216527181,-124.8062670103618,-98.41177481340715,-70.08113431920022,-44.40453463150418,-135.4146428645591,-13.7667859978949,-11.41569417236296,-12.52111039638781,-19.41825517081416,-25.68980581157865,-31.75599104567966,-18.37502371317914,-8.751544284408073,-17.19423401085372,0,198.5351911788921,175.0933719360957,227.7273122944247,173.0375597618198,227.3364714535874,205.0752808405961,140.7723657814711,90.25591580482266,226.4020001848599
evreg3,7.relative_year_bin_aux#1.treat#1.moderator,22.85661157262074,15.95215043249523,1.432823221505034,.1520874837033193,,10.72947211776077,7.219565709288858,2.378043658460625,2.133560822367052,3.47384459910398,4.446223508338684,7.48298601706218,-2.049493809548376,8.766665481009607,0,0,.0635657041161574,-1.971173281176173,-80.23000968913799,-33.14231868906412,-86.01746045666125,-51.66211974968131,-109.7056705127464,-64.90109558803132,-104.851452531215,-18.40333802623881,-139.8527690014929,-7.484058433210217,-6.889986275994283,-7.389372189465204,-10.62480290163235,-15.12100711332104,-19.16273811617993,-15.26273590160744,-.3400324476585342,-8.647539860903349,0,134.0456332135641,71.3957026060893,168.3246986355924,93.4670779341668,215.1343479333648,140.7723657814711,254.4711034209579,50.77186791184507,295.2002010457609
evreg3,9.relative_year_bin_aux#1.treat#1.moderator,47.13833997754045,15.71727418028634,2.999142181833572,.0027457160033667,***,16.18823358702305,11.38016520828701,5.443391493253404,-.2009884338817434,-3.795972571902155,-2.363686821258358,-2.266240545564163,3.051043938191265,-.1963889247751719,0,0,.1002138292937514,3.693475708422534,-93.70058909944355,-93.28145727158434,-91.58114496139008,-100.9238218680174,-98.16482957148185,-53.24220456529894,-30.74925412283315,-105.2257897163864,-161.3686332835512,.3556515306102415,1.868549386739589,1.125976964650828,-2.554609344899746,-5.656903443859873,-10.19052581999723,-1.37110982794375,-16.57843129156124,-20.38824342511347,0,164.6950123411043,175.3674807420181,180.926430239298,196.9824185386591,191.7047852371467,90.25591580482266,50.77186791184507,247.0327076582956,320.1563348038432
evreg3,10.relative_year_bin_aux#1.treat#1.moderator,76.26035984114276,32.38912368420822,2.354505190837398,.0186576474234906,**,1.260792638143157,-4.901883538885298,-12.04110429367084,-17.18650976898233,-16.43969361852419,-10.64798228968565,-3.310469367946309,7.452625340105743,18.47092203708964,0,0,.0543255597654638,5.916980499544604,-219.8396730273059,-161.8713245662726,-235.8254872671927,-193.5398230135386,-275.1847695896138,-135.6219596855481,-143.5444941955265,-146.0897066676871,-515.3639093354601,-.4129701930077069,1.502185602288402,1.004221944759032,-3.239052032415617,-11.90573693532917,-19.15095559061452,-10.0965897848385,-20.18594271429772,-41.69799102414283,0,369.4946175324205,299.2424179104326,455.5500047204233,350.4884737117308,532.6171004828074,226.4020001848599,295.2002010457609,320.1563348038432,1049.055333030938
evreg4,1bn.relative_year_bin_aux,-194.0518401614239,23.10621384978816,-8.398253449177828,9.25187205689e-17,***,533.8971184721423,463.6183056406338,388.819248964575,302.3349519894168,226.1918525934049,156.1652061237383,85.26227083972231,-92.81734664547896,-182.4407443484438,0,0,1.822316538088482,-44.95346895421347,13.68418404003142,15.18292789540542,20.50290728362092,20.97993430693539,15.42372159062211,9.717516568593421,-2.596456814447387,10.37191758466582,3.683620365499924,-22.59101742633429,-30.75309757953887,-24.8185101201354,-21.43022053519967,-19.94126262137934,-25.08013784569052,-4.631355074794754,-31.56415472550884,-12.34490349021565,0,-10.03212426440864,-36.261413975895,-63.1080173249055,-35.26534928512312,-75.85030045309506,-49.04399938572324,-78.99726167114056,6.121491572235365,-168.4981836434083
evreg4,2.relative_year_bin_aux,-160.378518695713,20.19709778388222,-7.940671497055335,3.56957385035e-15,***,463.6183056406338,407.9227588917001,345.6020999552531,270.8859018881317,203.5699654927972,139.0049354928056,73.70405472237728,-81.16508538092714,-162.382516256203,0,0,1.565322357337343,-41.75475286142937,7.907148954664545,8.997012816546761,12.77752579320655,14.47619683143801,9.253077963609801,6.586580833728758,-2.892805194022375,9.337618630174026,3.494993816145649,-18.33635799810191,-27.52974304530837,-21.96980052124001,-16.17102799668393,-13.65177747539866,-15.3853436677068,-.3282864694553552,-23.84897382495023,-4.570003726419025,0,-13.04890659065779,-33.79623968653471,-56.77741519623729,-34.06183166456826,-67.69467595965816,-45.74888901891529,-70.73095099462162,2.309216726454338,-151.6736893718283
evreg4,3.relative_year_bin_aux,-112.4349482531559,17.31768469384687,-6.492493092515135,1.09753804528e-10,***,388.819248964575,345.6020999552531,299.9022031554983,239.5292841102447,181.4349986789563,123.9771208649629,63.49710162192201,-69.65894658975867,-143.4145924223276,0,0,1.265367640996606,-32.41625794194031,10.45876074471827,10.91563587943978,13.8734263559151,15.19299217456152,11.55806756422022,8.850300665495325,-.391807252596317,8.073052203728057,5.141199118889465,-17.02724941758455,-25.02343034216701,-21.02213903996319,-14.28490841672906,-8.817268908193263,-6.33041053769874,3.798816462868952,-16.25989870799355,4.262957731972715,0,-16.92981850149198,-33.8149838616873,-52.320773783539,-33.3292123836994,-60.99673746464531,-43.88603889810464,-62.30791958423289,-1.44316408983797,-134.2387826458587
evreg4,4.relative_year_bin_aux,-69.3316302931903,14.09874872392541,-4.91757330035504,9.58553843088e-07,***,302.3349519894168,270.8859018881317,239.5292841102447,198.7747155803885,154.2918431907814,105.7403623176611,54.33878820324026,-57.27817639064237,-115.6351660381361,0,0,.9406583866586972,-25.67153093059656,6.953914024402581,7.489242985153176,9.829256169296107,9.821181528140912,8.213561187734133,7.151717274395327,-1.274172351333912,8.026036805359276,5.745317320920377,-18.44597025623978,-24.61654334410499,-21.24875334384529,-16.59181874511181,-9.59696712053481,-3.077230592682406,3.306635259670979,-8.370798727604585,9.711029631952808,0,-15.54812807513298,-28.84065191607639,-42.65418531405346,-26.7125182205417,-47.90566644085283,-35.38555977664312,-48.67562417660324,-5.825388620255673,-113.9903768660742
evreg4,5.relative_year_bin_aux,-42.51365898272636,11.19192355408882,-3.798601623506851,.0001505010216645,***,226.1918525934049,203.5699654927972,181.4349986789563,154.2918431907814,125.2591528405681,88.20097986866311,47.23137479907173,-46.93467609935826,-89.57449227332904,0,0,.6955773528017509,-19.4490771823856,9.827567410715542,9.101447736070741,11.63054508396884,12.07465359101997,10.38603096793075,7.79990025249687,-1.175865891759503,8.261902901167646,5.592285683559036,-15.84883457016413,-21.213976058692,-18.29752137906172,-14.51721161740101,-10.67997779667355,-4.269467136305574,.3028589345559026,-3.878995865381963,8.124177454438673,0,-16.61794572994839,-25.63329696175738,-36.04394347947797,-24.39814427283464,-37.37233170715241,-27.17121933966529,-35.81338560415091,-7.882114071322655,-90.38928546079225
evreg4,6.relative_year_bin_aux,-23.50532779604577,8.183208335566951,-2.872385356961252,.0041230857913639,***,156.1652061237383,139.0049354928056,123.9771208649629,105.7403623176611,88.20097986866311,66.96489866329243,37.95993254089421,-34.38844614943465,-64.21629548407556,0,0,.4856609096116516,-11.32914635280941,11.74643680018385,11.18902547092596,12.60022784083265,12.59719549569088,11.32724035378521,6.791399809271311,-.5037312027335885,5.631395306707296,4.703286219082773,-11.13584206145747,-13.98398465076517,-12.84707326090017,-11.39542139043808,-10.67973507245803,-8.7649349793891,-3.120960940756497,-4.446178433284524,2.70463823219219,0,-14.96710760726022,-21.44603954211126,-27.87305248662815,-19.10075273701913,-25.7211351537306,-16.3082424042229,-22.94363891572961,-4.812977458350396,-61.3835602719485
evreg4,7.relative_year_bin_aux,-28.90494246097994,5.023854106320337,-5.753539384158396,1.03001717148e-08,***,85.26227083972231,73.70405472237728,63.49710162192201,54.33878820324026,47.23137479907173,37.95993254089421,25.23911008159171,-21.37537411922761,-32.70310150378531,0,0,.2974305439982335,-7.7143386629144,8.893344095585093,8.545497565207254,9.904843646656712,9.3800842993145,8.199632571147163,4.541957788447269,-1.597848277618479,5.009151538803589,3.383126828984485,-6.601427655196609,-7.463519554084528,-6.822392362198609,-7.712918061297796,-9.66315391875016,-10.91586989376927,-6.930676622498932,-2.85032396644747,-2.285702158454496,0,-8.682543077956854,-12.14313127410169,-15.88330842040992,-10.368421993198,-12.14963840793964,-5.201033052999571,-8.61038682677459,-2.858711772174351,-31.28532318264469
evreg4,9.relative_year_bin_aux,35.51912465089329,4.927664326655218,7.208105564082291,8.41152611498e-13,***,-92.81734664547896,-81.16508538092714,-69.65894658975867,-57.27817639064237,-46.93467609935826,-34.38844614943465,-21.37537411922761,24.28187571619042,43.33354865605828,0,0,-.3358934055866323,9.679670963824123,-8.773840108780922,-9.074656904234125,-10.3265533222059,-9.993341351573488,-9.492289888219382,-6.670216362800892,-.2633566779432315,-4.411545247932826,-3.697679398480389,1.724279368890623,3.461100784260122,2.638732667516665,2.175320800318269,2.198226131345356,2.272391476517651,.926300419941563,1.965921079684027,-2.699868890004125,0,10.06302546125632,14.0375211235161,18.11814785065993,12.59789476763143,16.69385658029801,11.10581081779424,13.93421136178881,2.557554255810394,34.60454206967117
evreg4,10.relative_year_bin_aux,35.61553522122792,9.954836110403235,3.577711860470324,.0003560751676095,***,-182.4407443484438,-162.382516256203,-143.4145924223276,-115.6351660381361,-89.57449227332904,-64.21629548407556,-32.70310150378531,43.33354865605828,99.0987619849882,0,0,-.6252172230645778,12.18783762214471,-15.39096837630587,-17.8747395003582,-17.4424458646897,-16.68279862549225,-17.53226000119751,-13.10930826819025,-4.926104161981905,-.7867156037282144,-4.004526580512056,.0438974038589108,3.554973539950967,3.523885982138533,1.383336538866692,-3.787487553697456,-6.777593099682806,-9.70910562150778,8.272809155951215,-9.670695454403431,0,21.48370436604778,29.8258499274068,36.1605337569294,25.13268816008008,37.4268590847638,29.11233634948849,36.71254898052827,-.9881524012937127,67.12870119076857
evreg4,1o.treat,0,,,,,0,0,0,0,0,0,0,0,0,0,0,0,0,0,0,0,0,0,0,0,0,0,0,0,0,0,0,0,0,0,0,0,0,0,0,0,0,0,0,0,0
evreg4,1o.moderator,0,,,,,0,0,0,0,0,0,0,0,0,0,0,0,0,0,0,0,0,0,0,0,0,0,0,0,0,0,0,0,0,0,0,0,0,0,0,0,0,0,0,0,0
evreg4,wind_direction,-1.233891390487903,.0965019879314048,-12.78617588028314,7.53861667714e-36,***,1.822316538088482,1.565322357337343,1.265367640996606,.9406583866586972,.6955773528017509,.4856609096116516,.2974305439982335,-.3358934055866323,-.6252172230645778,0,0,.009312633674713,-.1774775271606525,.062150029822406,.0814723213091213,.1064448321757517,.0997443455731072,.0537474841189932,.0376320078221557,-.0125650609279465,.0463573433581304,.0233956141078614,-.0895983374398405,-.1022369225318243,-.0758661132844106,-.0980588652727839,-.1262672240930994,-.1803220133484146,-.079407759978587,-.1651172217390388,-.1324463331587397,0,-.0431250973475066,-.0626011359581094,-.1599413713250438,-.0724330285758851,-.1184537758267659,-.0811278773571598,-.1768315000558802,.1203716565917772,-.2383305261502086
evreg4,av_wind_speed,52.53125369720972,6.475003769361153,8.112930211064981,9.22121127297e-16,***,-44.95346895421347,-41.75475286142937,-32.41625794194031,-25.67153093059656,-19.4490771823856,-11.32914635280941,-7.7143386629144,9.679670963824123,12.18783762214471,0,0,-.1774775271606525,41.92567381324113,9.64919823442926,8.957228624499002,8.924924989987659,6.658177854783335,8.854769872603253,5.523929764467478,4.869385523810548,-5.782708314317344,-4.704112818448321,-1.002636954995634,2.244112814356085,-2.643851778324111,-5.884165060172248,-3.060866387462549,-4.311134127549022,-1.494025612809441,-3.076382882639801,-6.453128289706221,0,-15.50127227745329,-10.03257589666852,-2.690661259110821,-4.288511427957554,-.8877725803630448,7.26532532772947,4.9076602188302,4.141382635543415,13.44709498092521
evreg4,1bn.relative_year_bin_aux#1.treat,.8088685668334925,12.40321938172489,.0652144045783221,.948010762278606,,13.68418404003142,7.907148954664545,10.45876074471827,6.953914024402581,9.827567410715542,11.74643680018385,8.893344095585093,-8.773840108780922,-15.39096837630587,0,0,.062150029822406,9.64919823442926,153.8398510311959,126.8447407611657,139.0202589975657,138.008701518589,110.2100988152247,83.81437288774407,38.40197658224538,22.45429506651123,40.40671216509277,-1.0478175143791,-1.828018162932351,-.6974005413557109,-.5281257110162917,-2.948302210211387,-.5874027540198856,.9308920728838395,-1.524845368363106,-2.174850926306841,0,-91.83491317406491,-76.63168455926548,-87.91483408978284,-88.1927151430007,-66.8806879474506,-58.11514130925053,-23.54712475475356,-16.5881061798698,-28.02302221932526
evreg4,2.relative_year_bin_aux#1.treat,2.438401878577793,11.06864529980644,.2202981315717502,.8256647447216449,,15.18292789540542,8.997012816546761,10.91563587943978,7.489242985153176,9.101447736070741,11.18902547092596,8.545497565207254,-9.074656904234125,-17.8747395003582,0,0,.0814723213091213,8.957228624499002,126.8447407611657,122.5149087729272,125.7581162735363,120.5265211196028,95.36022636627307,73.22173001153301,31.29757493088081,15.5126637742337,37.06606848954668,.8011129730342703,1.079627625007819,1.396595852788874,.6822271818034475,-1.395006650172174,-.7269689489188171,1.045859833532776,-3.479840221601141,-3.623856616180792,0,-74.69521196830381,-78.06232426325371,-81.16529732611403,-77.69428805178349,-59.2245627239557,-51.34951997327362,-19.66954316873328,-9.171635837112721,-25.93054159392546
evreg4,3.relative_year_bin_aux#1.treat,-2.378704927675791,12.08140503073372,-.1968897592312017,.8439367362620203,,20.50290728362092,12.77752579320655,13.8734263559151,9.829256169296107,11.63054508396884,12.60022784083265,9.904843646656712,-10.3265533222059,-17.4424458646897,0,0,.1064448321757517,8.924924989987659,139.0202589975657,125.7581162735363,145.9603475166381,137.8796690610812,109.5373847268823,85.30991997358203,39.08416868191963,17.09945660460897,37.66547959208861,-1.981237573185537,-1.770172992608269,.005406983532233,-.6693363921379695,-2.780112600191758,-1.207067866682633,.5923249944892836,-2.762448543871322,-3.172750032553975,0,-82.57800101206901,-78.21480749674036,-95.74950157853193,-89.48074607547291,-66.8220308442809,-57.91969709842848,-23.68728316521724,-10.00669643261286,-24.74025896228889
evreg4,4.relative_year_bin_aux#1.treat,-7.898114413376117,11.92709768308928,-.6621991890428115,.5079310157378821,,20.97993430693539,14.47619683143801,15.19299217456152,9.821181528140912,12.07465359101997,12.59719549569088,9.3800842993145,-9.993341351573488,-16.68279862549225,0,0,.0997443455731072,6.658177854783335,138.008701518589,120.5265211196028,137.8796690610812,142.2556591419538,109.0298297189379,82.32100495020273,38.13269628581086,20.58172985300991,34.9616743285855,.0825120063940221,-1.023298049185553,1.38845239708975,3.105220954395277,-.6230185401932307,.670803550467151,1.70193404324475,-2.295407697233806,-3.333189275606317,0,-84.27080336729192,-76.65413329585773,-91.93307321281972,-95.47225666933417,-68.02403525883187,-57.86620737389319,-24.87347896755538,-13.20125474720215,-23.58009525133442
evreg4,5.relative_year_bin_aux#1.treat,-6.932553336202169,10.02272992985361,-.6916831426887928,.4892283499413312,,15.42372159062211,9.253077963609801,11.55806756422022,8.213561187734133,10.38603096793075,11.32724035378521,8.199632571147163,-9.492289888219382,-17.53226000119751,0,0,.0537474841189932,8.854769872603253,110.2100988152247,95.36022636627307,109.5373847268823,109.0298297189379,100.4551152467833,72.97670214982617,38.01564502510828,17.06736396900807,35.99854257389217,-3.444671751801414,-3.212272518899387,-2.027217875310874,-1.66796903921037,-1.733574022818722,1.909384011038642,3.259066042110125,-1.254073569340401,.1860220736807781,0,-65.67996899497518,-59.15931469475385,-69.154325095741,-69.00763312048964,-59.35115541063884,-46.4907219966796,-22.52353307661076,-12.83366152479897,-24.16121450688325
evreg4,6.relative_year_bin_aux#1.treat,-4.371571973733495,8.119719480972705,-.5383895322957389,.5903768175724606,,9.717516568593421,6.586580833728758,8.850300665495325,7.151717274395327,7.79990025249687,6.791399809271311,4.541957788447269,-6.670216362800892,-13.10930826819025,0,0,.0376320078221557,5.523929764467478,83.81437288774407,73.22173001153301,85.30991997358203,82.32100495020273,72.97670214982617,65.92984444968765,33.74684762142122,15.3405154471714,31.13860674525302,-2.050865587620381,-1.89800144893283,-1.005625077900184,-.4273582859534868,.8535097634022554,4.845396237945839,4.3676971728052,.0189036788076897,2.256654837470526,0,-57.75908378703377,-51.3409758193384,-59.52819636665583,-58.324516943381,-45.9174368795296,-44.66515688174506,-20.48748726370946,-13.77300071787685,-23.59251108904743
evreg4,7.relative_year_bin_aux#1.treat,1.985692971068119,5.690655475000647,.3489392355224058,.7271770264182897,,-2.596456814447387,-2.892805194022375,-.391807252596317,-1.274172351333912,-1.175865891759503,-.5037312027335885,-1.597848277618479,-.2633566779432315,-4.926104161981905,0,0,-.0125650609279465,4.869385523810548,38.40197658224538,31.29757493088081,39.08416868191963,38.13269628581086,38.01564502510828,33.74684762142122,32.38355973515485,8.805702870865867,14.81490416527761,-.6463832058629846,-.2642793938820613,.041056190738771,.572376207801479,1.704798474770925,4.375441197900563,4.975879008855313,-1.334026904081726,.9314447678880454,0,-25.34797266585035,-19.90586453433093,-24.95174131673958,-25.83697852581633,-22.38350878097911,-21.28130241360981,-21.77827154541932,-9.020158587317177,-6.091914023244582
evreg4,9.relative_year_bin_aux#1.treat,-5.793483445187992,4.696322034480556,-1.233621417494806,.2175101409312614,,10.37191758466582,9.337618630174026,8.073052203728057,8.026036805359276,8.261902901167646,5.631395306707296,5.009151538803589,-4.411545247932826,-.7867156037282144,0,0,.0463573433581304,-5.782708314317344,22.45429506651123,15.5126637742337,17.09945660460897,20.58172985300991,17.06736396900807,15.3405154471714,8.805702870865867,22.05544065154758,16.14337282035962,-2.644924378700714,-4.191564340043596,-3.062281078562017,-2.196254161491805,-2.065173680276879,-.7502298154490848,-2.49056516742133,5.594809283815612,6.61434534498212,0,-14.08628051391708,-8.391410509054333,-9.813234940884666,-12.96704990343461,-11.7487931414945,-12.82748083757271,-7.881277700490944,-18.98153447295559,-14.87999796712142
evreg4,10.relative_year_bin_aux#1.treat,.1661284934984764,7.78719997588747,.0213335337493427,.9829820328758164,,3.683620365499924,3.494993816145649,5.141199118889465,5.745317320920377,5.592285683559036,4.703286219082773,3.383126828984485,-3.697679398480389,-4.004526580512056,0,0,.0233956141078614,-4.704112818448321,40.40671216509277,37.06606848954668,37.66547959208861,34.9616743285855,35.99854257389217,31.13860674525302,14.81490416527761,16.14337282035962,60.6404834644618,-5.702556653044395,-6.209497897007892,-5.719560148001419,-5.117704461823112,-1.363120827889373,2.434949291966277,.9027200654206156,7.679608993802155,15.57757161826232,0,-25.39722432729816,-22.07698009067667,-20.69884937334709,-20.64756574460412,-21.0533134922719,-22.73028000602091,-5.748788825875744,-14.72260604388196,-44.27094793671682
evreg4,1bn.relative_year_bin_aux#1.moderator,14.94681472330064,6.09649464865295,2.451706363197286,.0143154774422475,**,-22.59101742633429,-18.33635799810191,-17.02724941758455,-18.44597025623978,-15.84883457016413,-11.13584206145747,-6.601427655196609,1.724279368890623,.0438974038589108,0,0,-.0895983374398405,-1.002636954995634,-1.0478175143791,.8011129730342703,-1.981237573185537,.0825120063940221,-3.444671751801414,-2.050865587620381,-.6463832058629846,-2.644924378700714,-5.702556653044395,37.16724700105405,33.85350133569359,32.1991021848196,37.70823217392302,29.87521441837677,19.50012215268627,9.311864618004581,1.82706308321225,.116342303282907,0,-19.8918186783416,-19.37027221227499,-15.75088826348111,-19.26307577889011,-13.05672022032648,-8.24534445700885,-3.560820647863012,-.8577280086849697,3.617770470028512
evreg4,2.relative_year_bin_aux#1.moderator,16.86403945053487,5.875853414580556,2.870057889580402,.0041534114973974,***,-30.75309757953887,-27.52974304530837,-25.02343034216701,-24.61654334410499,-21.213976058692,-13.98398465076517,-7.463519554084528,3.461100784260122,3.554973539950967,0,0,-.1022369225318243,2.244112814356085,-1.828018162932351,1.079627625007819,-1.770172992608269,-1.023298049185553,-3.212272518899387,-1.89800144893283,-.2642793938820613,-4.191564340043596,-6.209497897007892,33.85350133569359,34.52565334963798,32.35385497210512,35.57618950251123,27.79288103175855,16.05300089443464,7.772042644970701,-.7977616636187104,-3.348935051156775,0,-22.29386771295765,-23.1297620321535,-18.23627158857041,-20.38724388547223,-11.16386869561409,-3.731021409796231,-.4716111621476005,.6015270626414051,8.461134186365783
evreg4,3.relative_year_bin_aux#1.moderator,15.33010430889,5.810671869235256,2.638267080620334,.0084071761093486,***,-24.8185101201354,-21.96980052124001,-21.02213903996319,-21.24875334384529,-18.29752137906172,-12.84707326090017,-6.822392362198609,2.638732667516665,3.523885982138533,0,0,-.0758661132844106,-2.643851778324111,-.6974005413557109,1.396595852788874,.005406983532233,1.38845239708975,-2.027217875310874,-1.005625077900184,.041056190738771,-3.062281078562017,-5.719560148001419,32.1991021848196,32.35385497210512,33.76390757192195,38.13228510607694,29.24783495841787,17.45763620620344,8.454096031642328,-.3265122835286232,-3.037197001051361,0,-19.23183442734543,-19.59345463325497,-18.6029221129827,-21.03352645667532,-12.13490591930082,-6.343748748612746,-2.096466536252817,.497682145397531,7.949367439138911
evreg4,4.relative_year_bin_aux#1.moderator,18.15583478533075,7.061879364418073,2.570963598841774,.0102238150543507,**,-21.43022053519967,-16.17102799668393,-14.28490841672906,-16.59181874511181,-14.51721161740101,-11.39542139043808,-7.712918061297796,2.175320800318269,1.383336538866692,0,0,-.0980588652727839,-5.884165060172248,-.5281257110162917,.6822271818034475,-.6693363921379695,3.105220954395277,-1.66796903921037,-.4273582859534868,.572376207801479,-2.196254161491805,-5.117704461823112,37.70823217392302,35.57618950251123,38.13228510607694,49.8701401575938,39.68676947495906,26.58731136680484,13.10160435592428,3.826212871468842,2.060622112544875,0,-22.03430697164874,-21.20546236869058,-20.58639353247755,-29.26183749050998,-18.79297933630408,-12.24126611651048,-5.581005852287842,-3.346515663620182,3.01802731053266
evreg4,5.relative_year_bin_aux#1.moderator,31.57659269190492,6.252863579989425,5.049941085066552,4.88143338413e-07,***,-19.94126262137934,-13.65177747539866,-8.817268908193263,-9.59696712053481,-10.67997779667355,-10.67973507245803,-9.66315391875016,2.198226131345356,-3.787487553697456,0,0,-.1262672240930994,-3.060866387462549,-2.948302210211387,-1.395006650172174,-2.780112600191758,-.6230185401932307,-1.733574022818722,.8535097634022554,1.704798474770925,-2.065173680276879,-1.363120827889373,29.87521441837677,27.79288103175855,29.24783495841787,39.68676947495906,39.09830294995817,32.8550211964106,16.87083462114168,8.095102612738813,13.22179602939208,0,-16.1934321081485,-14.98556988665426,-13.51823648257346,-21.68838029977004,-18.56453424283951,-15.93383023974155,-6.868262330600599,-5.748022879174838,-1.45960999247074
evreg4,6.relative_year_bin_aux#1.moderator,45.13192160130089,6.267993543552485,7.200377806343695,8.88772767415e-13,***,-25.08013784569052,-15.3853436677068,-6.33041053769874,-3.077230592682406,-4.269467136305574,-8.7649349793891,-10.91586989376927,2.272391476517651,-6.777593099682806,0,0,-.1803220133484146,-4.311134127549022,-.5874027540198856,-.7269689489188171,-1.207067866682633,.670803550467151,1.909384011038642,4.845396237945839,4.375441197900563,-.7502298154490848,2.434949291966277,19.50012215268627,16.05300089443464,17.45763620620344,26.58731136680484,32.8550211964106,39.28774306201564,21.661569818686,13.35529031693391,23.6257112080739,0,-10.5220160317976,-8.413559208136594,-8.272801422559905,-16.20078602733959,-16.96890852005476,-22.54582603070038,-9.59250410745023,-11.06726542017958,-7.371127565384527
evreg4,7.relative_year_bin_aux#1.moderator,28.50283392333094,3.95947580464884,7.198638236370992,8.99852171413e-13,***,-4.631355074794754,-.3282864694553552,3.798816462868952,3.306635259670979,.3028589345559026,-3.120960940756497,-6.930676622498932,.926300419941563,-9.70910562150778,0,0,-.079407759978587,-1.494025612809441,.9308920728838395,1.045859833532776,.5923249944892836,1.70193404324475,3.259066042110125,4.3676971728052,4.975879008855313,-2.49056516742133,.9027200654206156,9.311864618004581,7.772042644970701,8.454096031642328,13.10160435592428,16.87083462114168,21.661569818686,15.67744864759958,3.288742985794981,11.43137948939141,0,-5.740045583718084,-5.621169983836469,-5.357069616710175,-9.422506185640874,-9.953618517697411,-13.22348536795967,-9.689997852956513,-2.458969575571879,-3.487307803686834
evreg4,9.relative_year_bin_aux#1.moderator,24.76979124962523,4.283379434264858,5.78276840278951,8.68859858752e-09,***,-31.56415472550884,-23.84897382495023,-16.25989870799355,-8.370798727604585,-3.878995865381963,-4.446178433284524,-2.85032396644747,1.965921079684027,8.272809155951215,0,0,-.1651172217390388,-3.076382882639801,-1.524845368363106,-3.479840221601141,-2.762448543871322,-2.295407697233806,-1.254073569340401,.0189036788076897,-1.334026904081726,5.594809283815612,7.679608993802155,1.82706308321225,-.7977616636187104,-.3265122835286232,3.826212871468842,8.095102612738813,13.35529031693391,3.288742985794981,18.34733937788313,23.55370179124348,0,.6241166635629373,3.911058852771794,4.088458481098062,-.8049630739848435,-1.262293927582877,-5.167037814189728,4.372982344935636,-16.39794539911325,-10.16773539256955
evreg4,10.relative_year_bin_aux#1.moderator,35.79697036569972,6.64646913489968,5.385862724876707,8.18908542288e-08,***,-12.34490349021565,-4.570003726419025,4.262957731972715,9.711029631952808,8.124177454438673,2.70463823219219,-2.285702158454496,-2.699868890004125,-9.670695454403431,0,0,-.1324463331587397,-6.453128289706221,-2.174850926306841,-3.623856616180792,-3.172750032553975,-3.333189275606317,.1860220736807781,2.256654837470526,.9314447678880454,6.61434534498212,15.57757161826232,.116342303282907,-3.348935051156775,-3.037197001051361,2.060622112544875,13.22179602939208,23.6257112080739,11.43137948939141,23.55370179124348,44.17555196117411,0,1.428023868602357,4.008448210464266,5.091771905579622,-.1764566417938763,-3.784790374105687,-11.31592043420563,-.7571073101834214,-19.07068583183345,-22.63837323181262
evreg4,1o.treat#1o.moderator,0,,,,,0,0,0,0,0,0,0,0,0,0,0,0,0,0,0,0,0,0,0,0,0,0,0,0,0,0,0,0,0,0,0,0,0,0,0,0,0,0,0,0,0
evreg4,1bn.relative_year_bin_aux#1.treat#1.moderator,30.65179165137848,22.57602181435916,1.357714477042312,.1747298427441348,,-10.03212426440864,-13.04890659065779,-16.92981850149198,-15.54812807513298,-16.61794572994839,-14.96710760726022,-8.682543077956854,10.06302546125632,21.48370436604778,0,0,-.0431250973475066,-15.50127227745329,-91.83491317406491,-74.69521196830381,-82.57800101206901,-84.27080336729192,-65.67996899497518,-57.75908378703377,-25.34797266585035,-14.08628051391708,-25.39722432729816,-19.8918186783416,-22.29386771295765,-19.23183442734543,-22.03430697164874,-16.1934321081485,-10.5220160317976,-5.740045583718084,.6241166635629373,1.428023868602357,0,509.6767609624206,404.8484883996499,425.7973050039433,377.5647034404546,289.9069722740209,146.8795360091046,85.30728558636434,119.4709383346871,248.1184012883665
evreg4,2.relative_year_bin_aux#1.treat#1.moderator,40.01910285759818,20.624441461313,1.940372685130183,.0524953123198631,*,-36.261413975895,-33.79623968653471,-33.8149838616873,-28.84065191607639,-25.63329696175738,-21.44603954211126,-12.14313127410169,14.0375211235161,29.8258499274068,0,0,-.0626011359581094,-10.03257589666852,-76.63168455926548,-78.06232426325371,-78.21480749674036,-76.65413329585773,-59.15931469475385,-51.3409758193384,-19.90586453433093,-8.391410509054333,-22.07698009067667,-19.37027221227499,-23.1297620321535,-19.59345463325497,-21.20546236869058,-14.98556988665426,-8.413559208136594,-5.621169983836469,3.911058852771794,4.008448210464266,0,404.8484883996499,425.3675855911267,396.3172841663271,354.412184460803,262.4910614739993,139.9129968585651,60.56732276597416,122.8903887258412,230.4958923822271
evreg4,3.relative_year_bin_aux#1.treat#1.moderator,56.0422794945144,21.57596527652374,2.597440196823666,.0094711199522258,***,-63.1080173249055,-56.77741519623729,-52.320773783539,-42.65418531405346,-36.04394347947797,-27.87305248662815,-15.88330842040992,18.11814785065993,36.1605337569294,0,0,-.1599413713250438,-2.690661259110821,-87.91483408978284,-81.16529732611403,-95.74950157853193,-91.93307321281972,-69.154325095741,-59.52819636665583,-24.95174131673958,-9.813234940884666,-20.69884937334709,-15.75088826348111,-18.23627158857041,-18.6029221129827,-20.58639353247755,-13.51823648257346,-8.272801422559905,-5.357069616710175,4.088458481098062,5.091771905579622,0,425.7973050039433,396.3172841663271,465.5222776137581,364.6495313108736,323.8069010091497,187.5108497830505,128.3842183248699,125.8457703236356,322.4589934711496
evreg4,4.relative_year_bin_aux#1.treat#1.moderator,52.69165086045948,19.52535539436654,2.698626979955617,.0070297497621114,***,-35.26534928512312,-34.06183166456826,-33.3292123836994,-26.7125182205417,-24.39814427283464,-19.10075273701913,-10.368421993198,12.59789476763143,25.13268816008008,0,0,-.0724330285758851,-4.288511427957554,-88.1927151430007,-77.69428805178349,-89.48074607547291,-95.47225666933417,-69.00763312048964,-58.324516943381,-25.83697852581633,-12.96704990343461,-20.64756574460412,-19.26307577889011,-20.38724388547223,-21.03352645667532,-29.26183749050998,-21.68838029977004,-16.20078602733959,-9.422506185640874,-.8049630739848435,-.1764566417938763,0,377.5647034404546,354.412184460803,364.6495313108736,381.2395032763186,269.29272269447,145.0462347137347,75.46435765606013,139.1009814579795,250.4220377714768
evreg4,5.relative_year_bin_aux#1.treat#1.moderator,72.51164126583841,18.30165078675543,3.962027366313521,.0000773084682119,***,-75.85030045309506,-67.69467595965816,-60.99673746464531,-47.90566644085283,-37.37233170715241,-25.7211351537306,-12.14963840793964,16.69385658029801,37.4268590847638,0,0,-.1184537758267659,-.8877725803630448,-66.8806879474506,-59.2245627239557,-66.8220308442809,-68.02403525883187,-59.35115541063884,-45.9174368795296,-22.38350878097911,-11.7487931414945,-21.0533134922719,-13.05672022032648,-11.16386869561409,-12.13490591930082,-18.79297933630408,-18.56453424283951,-16.96890852005476,-9.953618517697411,-1.262293927582877,-3.784790374105687,0,289.9069722740209,262.4910614739993,323.8069010091497,269.29272269447,334.9504215203456,183.7478827221471,155.5176081999798,117.5102629402335,343.4723970251964
evreg4,6.relative_year_bin_aux#1.treat#1.moderator,19.13761189358542,13.76857737800688,1.389948385238022,.1647218319016602,,-49.04399938572324,-45.74888901891529,-43.88603889810464,-35.38555977664312,-27.17121933966529,-16.3082424042229,-5.201033052999571,11.10581081779424,29.11233634948849,0,0,-.0811278773571598,7.26532532772947,-58.11514130925053,-51.34951997327362,-57.91969709842848,-57.86620737389319,-46.4907219966796,-44.66515688174506,-21.28130241360981,-12.82748083757271,-22.73028000602091,-8.24534445700885,-3.731021409796231,-6.343748748612746,-12.24126611651048,-15.93383023974155,-22.54582603070038,-13.22348536795967,-5.167037814189728,-11.31592043420563,0,146.8795360091046,139.9129968585651,187.5108497830505,145.0462347137347,183.7478827221471,189.5737230141629,125.0267312812526,65.65499579900003,178.9976133657223
evreg4,7.relative_year_bin_aux#1.treat#1.moderator,36.81220595899502,13.83490576123713,2.660820868193846,.0078664878320925,***,-78.99726167114056,-70.73095099462162,-62.30791958423289,-48.67562417660324,-35.81338560415091,-22.94363891572961,-8.61038682677459,13.93421136178881,36.71254898052827,0,0,-.1768315000558802,4.9076602188302,-23.54712475475356,-19.66954316873328,-23.68728316521724,-24.87347896755538,-22.52353307661076,-20.48748726370946,-21.77827154541932,-7.881277700490944,-5.748788825875744,-3.560820647863012,-.4716111621476005,-2.096466536252817,-5.581005852287842,-6.868262330600599,-9.59250410745023,-9.689997852956513,4.372982344935636,-.7571073101834214,0,85.30728558636434,60.56732276597416,128.3842183248699,75.46435765606013,155.5176081999798,125.0267312812526,191.4046174223123,26.67693110999269,204.537301058701
evreg4,9.relative_year_bin_aux#1.treat#1.moderator,50.89935892251443,12.86993064527596,3.954905455624779,.0000796266811023,***,6.121491572235365,2.309216726454338,-1.44316408983797,-5.825388620255673,-7.882114071322655,-4.812977458350396,-2.858711772174351,2.557554255810394,-.9881524012937127,0,0,.1203716565917772,4.141382635543415,-16.5881061798698,-9.171635837112721,-10.00669643261286,-13.20125474720215,-12.83366152479897,-13.77300071787685,-9.020158587317177,-18.98153447295559,-14.72260604388196,-.8577280086849697,.6015270626414051,.497682145397531,-3.346515663620182,-5.748022879174838,-11.06726542017958,-2.458969575571879,-16.39794539911325,-19.07068583183345,0,119.4709383346871,122.8903887258412,125.8457703236356,139.1009814579795,117.5102629402335,65.65499579900003,26.67693110999269,165.6351148142133,191.0608685469217
evreg4,10.relative_year_bin_aux#1.treat#1.moderator,111.658443645161,26.14922656282695,4.270047658078411,.0000205944610311,***,-168.4981836434083,-151.6736893718283,-134.2387826458587,-113.9903768660742,-90.38928546079225,-61.3835602719485,-31.28532318264469,34.60454206967117,67.12870119076857,0,0,-.2383305261502086,13.44709498092521,-28.02302221932526,-25.93054159392546,-24.74025896228889,-23.58009525133442,-24.16121450688325,-23.59251108904743,-6.091914023244582,-14.87999796712142,-44.27094793671682,3.617770470028512,8.461134186365783,7.949367439138911,3.01802731053266,-1.45960999247074,-7.371127565384527,-3.487307803686834,-10.16773539256955,-22.63837323181262,0,248.1184012883665,230.4958923822271,322.4589934711496,250.4220377714768,343.4723970251964,178.9976133657223,204.537301058701,191.0608685469217,683.7820498340546
evreg5,1bn.relative_year_bin_aux,-195.6403744742557,23.26872190376848,-8.407869382914875,8.55140540595e-17,***,541.4334190349149,470.3058159756293,393.3636657335606,307.0112485439323,228.8744379598781,158.176907636417,87.24932439716711,-89.43562515734602,-177.0844091441902,0,0,1.838213257382629,-45.65078076075844,11.1862791295581,12.9231810776157,20.42710741928457,16.52259436264155,15.77110719598815,11.78780313852293,4.480271691367171,3.207175675996703,12.84785842432824,-28.39161816171667,-36.81463775591756,-28.78697017137574,-26.73375019748,-23.24954777781563,-28.0927668279172,-9.524702377433542,-35.44036939290013,-22.44173014932072,0,-5.82925022667407,-31.77414469658585,-59.74204321818842,-25.827341781707,-69.99546138476022,-46.43060108083927,-81.84119442496861,16.69796996873278,-171.95857749334
evreg5,2.relative_year_bin_aux,-161.0553520312845,20.33691405605191,-7.919360409715517,4.21259870463e-15,***,470.3058159756293,413.5900733232416,349.3081875242983,274.5357037581801,205.5724114058498,140.5057535469758,75.44736892882266,-78.48498167977802,-157.6938090542179,0,0,1.580320678204235,-42.09670728278826,7.272648896423672,8.434771492837497,14.21922063779959,12.16011525145302,10.75741344674553,8.836345633559736,3.416729068060838,3.493218514491948,11.59155625420496,-22.78023721053204,-31.82370950794564,-24.46516598157314,-19.9826125961937,-16.06518693893479,-18.26643687642274,-5.012545729459116,-27.36046008949799,-14.25073232853616,0,-10.87026002744189,-31.72758771426808,-55.65549817553232,-27.46912931764753,-63.55733618566736,-43.21170718236328,-72.88180600687581,11.29687196524271,-154.1311118506441
evreg5,3.relative_year_bin_aux,-112.3552308393823,17.38291630832732,-6.463543219474531,1.32362754297e-10,***,393.3636657335606,349.3081875242983,302.1657793823121,241.9076394502833,182.6452064955706,124.9060403781183,64.77151028689677,-67.46949935377164,-139.6239771688804,0,0,1.275025157469167,-32.46695132104606,10.5720097990782,11.05061859106153,15.69845495035334,13.55023487320912,12.97089916873783,10.45613845252672,4.541173250560718,3.233640923470118,11.98612119744226,-19.77273560884851,-27.57615398432665,-22.22734976126985,-16.92884354616679,-10.60528910996649,-9.018202770728069,-.4067948504284911,-19.14626102078196,-3.833507716367575,0,-15.77695280101816,-32.82435888310022,-52.03466567271614,-27.9387867608418,-57.20391535050906,-40.6821903543695,-63.04050592072332,6.292029250431665,-135.3740642419907
evreg5,4.relative_year_bin_aux,-70.49298615650918,14.17025909072927,-4.97471399112444,7.17740332705e-07,***,307.0112485439323,274.5357037581801,241.9076394502833,200.7962426983956,155.5048390764222,106.7779846328116,55.71225175594771,-56.33995544386088,-113.5076248025566,0,0,.9559924418709134,-26.04819225039111,9.067950213164083,9.1470673319056,13.12073217776093,10.57300893185308,10.91717336540594,8.876042258193497,2.637546684969792,5.372748018036393,12.48485519130298,-19.48412744852815,-25.52752261585995,-21.17825030642146,-17.34358129823772,-10.10889452419097,-5.21236376532306,-.3662451672628994,-9.835026423749316,4.28792739824615,0,-15.80815803281297,-29.2346837272552,-43.71691989148115,-24.00705215467123,-45.90315422127441,-32.81173531024658,-48.85927308042179,-.5391887708269408,-115.508216182959
evreg5,5.relative_year_bin_aux,-42.39129865737422,11.20573767602345,-3.782999377905972,.0001601766252484,***,228.8744379598781,205.5724114058498,182.6452064955706,155.5048390764222,125.5685568638515,88.38724910840689,47.91969504669193,-46.32954648952251,-88.56070802723174,0,0,.7020551639180793,-19.84643531719462,11.72581490031048,10.61765425618884,14.21117306660637,12.74804902043988,12.44681527298977,8.994247538510917,1.739372281494046,6.837743259740085,11.80868113054925,-16.52607440413854,-21.7520151150036,-18.08789009113055,-15.28445176837532,-10.3446968884377,-5.054565937238396,-1.918547559417094,-4.485478070453387,6.240130692406065,0,-16.74014436021177,-25.77569299574973,-36.39982874233536,-22.24037010234457,-35.91137668294908,-24.95340245323614,-35.63379637675484,-4.356308422238468,-91.903935643773
evreg5,6.relative_year_bin_aux,-24.15617602260278,8.191174568549334,-2.949049104062845,.0032299350942799,***,158.176907636417,140.5057535469758,124.9060403781183,106.7779846328116,88.38724910840689,67.09534081244936,38.4091618703201,-33.91131005892463,-63.86347515106894,0,0,.4902301984327411,-12.22602002578443,13.54361151741312,12.71703195332124,14.69254843163765,13.34757267081127,12.88335966097227,7.891631603170639,1.748547400961818,4.89617439251613,9.719737909990865,-10.78994858275831,-13.59974791903964,-11.92448190440031,-11.28758669445472,-9.503034291786797,-8.194150211281494,-3.836165017418281,-4.943245703886551,2.356290621540123,0,-15.37009405448216,-21.72200405626514,-28.20396726499339,-18.00610484180331,-25.02028829294317,-15.37750707651632,-23.26972281620628,-2.709558659210366,-63.0731319232158
evreg5,7.relative_year_bin_aux,-28.90427351813456,5.076970225036293,-5.693213124551648,1.45975296678e-08,***,87.24932439716711,75.44736892882266,64.77151028689677,55.71225175594771,47.91969504669193,38.4091618703201,25.77562666590507,-21.62276354793847,-33.52625074141658,0,0,.3034134533984726,-8.423202283699672,9.34721888825851,8.980124871669018,10.47684552629903,9.416538547400265,8.568433471020112,4.992377078814818,-.4549229638498976,5.005832879966611,6.856466491594893,-6.790158541086108,-7.801424532040124,-6.618729982888077,-7.730301369960902,-8.697406187243889,-10.10940358302002,-7.04013863455494,-2.504429132654635,-.7927942923741458,0,-8.401489400320331,-11.7473082610702,-15.40709579701357,-9.5234704727583,-11.76210304129581,-5.195081575722306,-9.384420613223041,-2.282122729141902,-33.87609077354458
evreg5,9.relative_year_bin_aux,30.99910606608324,4.868243279008471,6.367616466446787,2.44874730285e-10,***,-89.43562515734602,-78.48498167977802,-67.46949935377164,-56.33995544386088,-46.32954648952251,-33.91131005892463,-21.62276354793847,23.69979262361115,41.62727577300313,0,0,-.3172284705807963,8.827973129959934,-7.095573098511784,-7.914498413240837,-9.015156759506661,-7.982012454770046,-7.83866129007526,-5.718057870580116,-.3690337809845691,-3.309352718046603,-4.750166147518081,3.725082517194718,5.44243451311143,4.176917658622029,3.878757593480471,3.39609452674691,3.367756908240046,2.863776751171337,1.578052557469244,-1.484216551740394,0,8.515871646522323,12.48491962619725,16.49637810084604,10.25627068712987,14.87973515657852,9.723499003960461,13.49035018262241,1.162697882681319,35.13788567642691
evreg5,10.relative_year_bin_aux,30.64949752406923,9.702348891216509,3.158977054702298,.0016103639645794,***,-177.0844091441902,-157.6938090542179,-139.6239771688804,-113.5076248025566,-88.56070802723174,-63.86347515106894,-33.52625074141658,41.62727577300313,94.13557400689024,0,0,-.5996965431302722,10.1248773720812,-15.01070631779046,-17.81489630524646,-17.7143668867101,-15.33352402539086,-16.66532788542665,-12.40070777124455,-5.692934234498051,1.890694282553609,-4.463112240079205,2.008560656071671,5.301274395088515,5.070941154928884,3.275680681146934,-1.188183985056867,-3.424357295761736,-4.973881549829212,8.71441287786528,-3.092958199194419,0,20.18441368091628,28.43023427676908,35.15122963342549,22.18266428714862,34.50062381214038,26.19646056073607,35.05906979284272,-4.557897453655166,64.51644556485714
evreg5,1o.treat,0,,,,,0,0,0,0,0,0,0,0,0,0,0,0,0,0,0,0,0,0,0,0,0,0,0,0,0,0,0,0,0,0,0,0,0,0,0,0,0,0,0,0,0
evreg5,1o.moderator,0,,,,,0,0,0,0,0,0,0,0,0,0,0,0,0,0,0,0,0,0,0,0,0,0,0,0,0,0,0,0,0,0,0,0,0,0,0,0,0,0,0,0,0
evreg5,wind_direction,-1.233769038052949,.0965095658290301,-12.7839041389805,7.74274094508e-36,***,1.838213257382629,1.580320678204235,1.275025157469167,.9559924418709134,.7020551639180793,.4902301984327411,.3034134533984726,-.3172284705807963,-.5996965431302722,0,0,.0093140962965079,-.177429660302876,.0604910580550785,.0771675501743122,.1051761688743824,.089693713665137,.0544749092360805,.0516254688392169,.0171681008263058,.0268077570083528,.044033524710371,-.1134641221101399,-.1260263797053431,-.0921728602511369,-.1218326686149118,-.1325242192959564,-.1758946272084539,-.0888379331372041,-.1802623810101081,-.166528483152261,0,-.038729879270825,-.0518603512435937,-.1496628312423573,-.0526237556132738,-.111863703982017,-.0963857417578455,-.2045763377309354,.1386114205394188,-.2566426176178687
evreg5,av_wind_speed,52.54467674189858,6.473132545601694,8.117349115244235,8.90347072126e-16,***,-45.65078076075844,-42.09670728278826,-32.46695132104606,-26.04819225039111,-19.84643531719462,-12.22602002578443,-8.423202283699672,8.827973129959934,10.1248773720812,0,0,-.177429660302876,41.90144495292787,11.0586201358657,9.525095480967417,9.100969687782737,7.432604574187986,9.341434919772771,5.205269490617441,4.093207509853353,-5.736838867441703,-4.966399492161751,.849524580713701,2.929077586990861,-2.147137288336797,-4.276678865538668,-1.732613360384854,-1.69384266138795,.3358391364123149,-.7138448869402155,-.9693838688335973,0,-17.18755632406885,-10.49683524045773,-3.036720129664599,-5.772335956316137,-1.836903202347106,6.800447556259171,5.35030646712453,3.453935891777287,12.28645158744176
evreg5,1bn.relative_year_bin_aux#1.treat,-4.699529228564998,11.8598439373697,-.3962555707632076,.6919649469020159,,11.1862791295581,7.272648896423672,10.5720097990782,9.067950213164083,11.72581490031048,13.54361151741312,9.34721888825851,-7.095573098511784,-15.01070631779046,0,0,.0604910580550785,11.0586201358657,140.6558982187649,122.0319702725997,128.7558212691609,128.3239398694333,97.17447235188159,75.1154131334721,26.61347870827353,13.93049352378324,34.59721798194056,-1.920622185709098,-2.813636701515763,-1.835375647053414,-4.200630737594738,-5.236556516908871,-2.341776203069735,.8606383352920163,-4.942081634053986,-3.738872020523973,0,-94.1625384061373,-84.32633953974435,-87.92462775303714,-86.94310400625059,-57.9265838345806,-49.23224700479448,-11.88459151202254,-9.560932572695609,-26.95887434303191
evreg5,2.relative_year_bin_aux#1.treat,-1.874378564857469,10.8833504067809,-.1722244065292277,.863281081979518,,12.9231810776157,8.434771492837497,11.05061859106153,9.1470673319056,10.61765425618884,12.71703195332124,8.980124871669018,-7.914498413240837,-17.81489630524646,0,0,.0771675501743122,9.525095480967417,122.0319702725997,118.4473160767779,120.1717800257891,115.8370956238267,86.20525382375013,66.73621672230118,21.14029508292025,8.550331752872799,30.63912238803902,1.378848930830398,1.618359687409554,1.777386218422322,-.4030601218094261,-1.799041487916042,-1.071832687046119,1.285774823309205,-5.749989237260269,-4.991195789391117,0,-84.70997891241097,-87.03072399667522,-86.81718888088118,-82.21244678079121,-55.00244089180364,-45.69708398741491,-10.60941487302313,-4.308545390998435,-25.62891926652904
evreg5,3.relative_year_bin_aux#1.treat,-6.220813340520682,11.64644320845014,-.5341384686448423,.5933137744830589,,20.42710741928457,14.21922063779959,15.69845495035334,13.12073217776093,14.21117306660637,14.69254843163765,10.47684552629903,-9.015156759506661,-17.7143668867101,0,0,.1051761688743824,9.100969687782737,128.7558212691609,120.1717800257891,135.6396394076543,128.3694040600737,96.57762282389982,73.75031633831091,25.32780727915722,8.00280357261355,30.22105126692646,-3.080986149957206,-3.027452450759114,-1.246606998377066,-4.041675975510011,-4.894506300742762,-2.62996822844084,.4471837905053876,-5.716782242760428,-4.673153240988294,0,-84.79127092168699,-83.92189231310751,-95.91234484485189,-87.97345903325062,-58.70184835992127,-48.16406490444207,-12.05635995313222,-2.567716235651693,-24.00559197905066
evreg5,4.relative_year_bin_aux#1.treat,-10.64596645884617,11.46157323381204,-.928839893239106,.3531005293809074,,16.52259436264155,12.16011525145302,13.55023487320912,10.57300893185308,12.74804902043988,13.34757267081127,9.416538547400265,-7.982012454770046,-15.33352402539086,0,0,.089693713665137,7.432604574187986,128.3239398694333,115.8370956238267,128.3694040600737,131.3676609940366,96.84668040123989,73.55402298522768,26.89928634831902,12.09955137249869,30.08584163414855,-1.413277021496086,-2.437411404769018,-.0211682323848608,-.8632091224452433,-3.105359363724439,-.946243618616933,1.44910181550799,-5.373660403713828,-5.199966158351337,0,-86.89012854606108,-81.9884369997698,-91.54589769445161,-93.20747094907718,-60.45791742637257,-49.28516227312564,-14.14504528381886,-6.870136472811263,-23.88647201102405
evreg5,5.relative_year_bin_aux#1.treat,-9.508767372477465,9.108671042958662,-1.04392477537413,.2966647877158325,,15.77110719598815,10.75741344674553,12.97089916873783,10.91717336540594,12.44681527298977,12.88335966097227,8.568433471020112,-7.83866129007526,-16.66532788542665,0,0,.0544749092360805,9.341434919772771,97.17447235188159,86.20525382375013,96.57762282389982,96.84668040123989,82.96788816883362,59.60042322479661,25.52070425489956,9.183248939094064,21.86364859236084,-4.927249806497732,-5.049841424771026,-3.892194767188743,-5.767656143397345,-4.83618596702432,-.6570687823330925,2.399312220903993,-4.684579827695432,-2.755179301663884,0,-59.44503603736646,-55.68366095261832,-62.09650618153654,-61.64262365656181,-46.96434701094373,-35.90302932861864,-12.90086775699126,-5.321586731765837,-15.60360887367612
evreg5,6.relative_year_bin_aux#1.treat,-9.6082670062858,7.060283370211938,-1.36088971256084,.173724271207233,,11.78780313852293,8.836345633559736,10.45613845252672,8.876042258193497,8.994247538510917,7.891631603170639,4.992377078814818,-5.718057870580116,-12.40070777124455,0,0,.0516254688392169,5.205269490617441,75.1154131334721,66.73621672230118,73.75031633831091,73.55402298522768,59.60042322479661,49.84760126769124,20.10438571426227,8.960447397014823,19.21356692141617,-2.668837573439514,-2.868657018111958,-1.82677350448922,-2.614884495962809,-1.49528142659704,2.071838779789699,3.012210419091307,-2.784250264902036,-1.477496907223047,0,-50.09229286257731,-46.17111597218248,-50.56489336897833,-50.28039610770195,-36.09622549322916,-33.28109626333212,-10.91027932860128,-6.842812604474225,-15.6701298000419
evreg5,7.relative_year_bin_aux#1.treat,-8.594678105486363,4.291470761193895,-2.00273486265005,.0453602023771969,**,4.480271691367171,3.416729068060838,4.541173250560718,2.637546684969792,1.739372281494046,1.748547400961818,-.4549229638498976,-.3690337809845691,-5.692934234498051,0,0,.0171681008263058,4.093207509853353,26.61347870827353,21.14029508292025,25.32780727915722,26.89928634831902,25.52070425489956,20.10438571426227,18.41672129418211,1.609044805452092,2.552239058421857,-.6822789202327245,-.6414169059825561,-.3214345913521706,-.570565646662516,.0332364103128768,2.076713392586646,3.956148216602472,-3.957616093147585,-2.944411909841163,0,-14.06179921367979,-11.50239328251324,-14.20615421476908,-15.66440847706542,-13.37849116950437,-11.87480593678539,-12.91852452442848,-.5148350975554361,.9448582237736607
evreg5,9.relative_year_bin_aux#1.treat,-7.143586108209458,3.990754252830881,-1.790034077678946,.0736217588420725,*,3.207175675996703,3.493218514491948,3.233640923470118,5.372748018036393,6.837743259740085,4.89617439251613,5.005832879966611,-3.309352718046603,1.890694282553609,0,0,.0268077570083528,-5.736838867441703,13.93049352378324,8.550331752872799,8.00280357261355,12.09955137249869,9.183248939094064,8.960447397014823,1.609044805452092,15.92611950648776,14.10405601614151,-4.713834961612887,-5.863076219586555,-4.62263567570538,-4.733507421819605,-4.375406567638492,-2.550878257941159,-3.715096731083895,5.257132031683486,5.854644830210039,0,-8.723023918223852,-3.729347226536071,-2.829034303189337,-6.999126073137406,-4.687271840992924,-6.026484599268721,.6321877467252822,-14.67405365892243,-12.76129512093813
evreg5,10.relative_year_bin_aux#1.treat,-3.161678895633528,6.212940936383041,-.5088860377086005,.6108964421256291,,12.84785842432824,11.59155625420496,11.98612119744226,12.48485519130298,11.80868113054925,9.719737909990865,6.856466491594893,-4.750166147518081,-4.463112240079205,0,0,.044033524710371,-4.966399492161751,34.59721798194056,30.63912238803902,30.22105126692646,30.08584163414855,21.86364859236084,19.21356692141617,2.552239058421857,14.10405601614151,38.60063507898418,-7.385788136627394,-7.778062163722708,-7.333806011785097,-7.686655275819247,-5.373068074983798,-2.589047747712785,-2.515062584017009,4.852926486994122,9.899756051461488,0,-25.63744709850533,-23.17691711735847,-21.43330761590325,-21.83630991146541,-13.20034853173807,-14.60458243813561,.871224315942964,-12.51112872372231,-33.61658750172852
evreg5,1bn.relative_year_bin_aux#1.moderator,17.08103083299337,5.408348118027368,3.158271335393159,.0016142453245544,***,-28.39161816171667,-22.78023721053204,-19.77273560884851,-19.48412744852815,-16.52607440413854,-10.78994858275831,-6.790158541086108,3.725082517194718,2.008560656071671,0,0,-.1134641221101399,.849524580713701,-1.920622185709098,1.378848930830398,-3.080986149957206,-1.413277021496086,-4.927249806497732,-2.668837573439514,-.6822789202327245,-4.713834961612887,-7.385788136627394,29.25022936577017,27.30230822056951,25.52283900672371,29.53520388209465,23.75536356869457,16.23229888972151,8.452403712639949,.1255090153348734,-1.310863602433133,0,-13.71191613517925,-14.02323875059202,-10.52500205599151,-14.48124016282559,-10.72117525617761,-7.73297272237891,-4.175022067105801,.2866757866207455,4.341760257797465
evreg5,2.relative_year_bin_aux#1.moderator,16.68093786846327,5.349980208236079,3.11794384636856,.0018509033128808,***,-36.81463775591756,-31.82370950794564,-27.57615398432665,-25.52752261585995,-21.7520151150036,-13.59974791903964,-7.801424532040124,5.44243451311143,5.301274395088515,0,0,-.1260263797053431,2.929077586990861,-2.813636701515763,1.618359687409554,-3.027452450759114,-2.437411404769018,-5.049841424771026,-2.868657018111958,-.6414169059825561,-5.863076219586555,-7.778062163722708,27.30230822056951,28.62228822851775,26.35687176700568,28.80525959785837,22.87807565068362,13.99832209250946,7.510984005379076,-1.735134060463813,-3.832692117104815,0,-16.79106656121578,-17.86536205803937,-13.14475567028052,-16.24638910469505,-9.43573662038575,-4.058862400408136,-1.393961369048226,1.319685255510845,8.492314075840634
evreg5,3.relative_year_bin_aux#1.moderator,13.53785582907971,5.239721738005426,2.583697475933729,.0098553985874759,***,-28.78697017137574,-24.46516598157314,-22.22734976126985,-21.17825030642146,-18.08789009113055,-11.92448190440031,-6.618729982888077,4.176917658622029,5.070941154928884,0,0,-.0921728602511369,-2.147137288336797,-1.835375647053414,1.777386218422322,-1.246606998377066,-.0211682323848608,-3.892194767188743,-1.82677350448922,-.3214345913521706,-4.62263567570538,-7.333806011785097,25.52283900672371,26.35687176700568,27.4546838917266,30.92778132343347,23.5304497821389,14.36213776247201,7.351021701051004,-1.466634562239948,-4.51359091802328,0,-14.22402698153052,-14.97062940712761,-13.89675421469666,-16.8850507229522,-10.02918298750068,-6.086416937546489,-2.875723608381195,1.476592874694584,7.836989373199504
evreg5,4.relative_year_bin_aux#1.moderator,19.01247304420064,6.331917721805081,3.002640571074987,.0027145147677355,***,-26.73375019748,-19.9826125961937,-16.92884354616679,-17.34358129823772,-15.28445176837532,-11.28758669445472,-7.730301369960902,3.878757593480471,3.275680681146934,0,0,-.1218326686149118,-4.276678865538668,-4.200630737594738,-.4030601218094261,-4.041675975510011,-.8632091224452433,-5.767656143397345,-2.614884495962809,-.570565646662516,-4.733507421819605,-7.686655275819247,29.53520388209465,28.80525959785837,30.92778132343347,40.09318203570925,31.85622986481014,21.79348164792135,11.08349147521741,1.4293633753143,-1.376173259457273,0,-17.08988370085373,-17.19734916585198,-15.7286523092307,-23.39935834681055,-14.64635342037631,-9.512827795008352,-4.984677185315561,-1.042320750836608,4.340117193883955
evreg5,5.relative_year_bin_aux#1.moderator,28.08814750784505,5.54212944922432,5.068114659749834,4.44386414600e-07,***,-23.24954777781563,-16.06518693893479,-10.60528910996649,-10.10889452419097,-10.3446968884377,-9.503034291786797,-8.697406187243889,3.39609452674691,-1.188183985056867,0,0,-.1325242192959564,-1.732613360384854,-5.236556516908871,-1.799041487916042,-4.894506300742762,-3.105359363724439,-4.83618596702432,-1.49528142659704,.0332364103128768,-4.375406567638492,-5.373068074983798,23.75536356869457,22.87807565068362,23.5304497821389,31.85622986481014,30.71519883195947,26.04023571838896,13.42727697730638,5.12990042897713,6.578492496764037,0,-13.75647855903112,-13.68665203156651,-11.77885164284464,-17.90173551384927,-14.76405335621864,-12.3636238033627,-5.826783766781244,-3.027132101971999,.6490739002671976
evreg5,6.relative_year_bin_aux#1.moderator,42.12145675248343,5.587706221927009,7.538237530669102,7.61201418955e-14,***,-28.0927668279172,-18.26643687642274,-9.018202770728069,-5.21236376532306,-5.054565937238396,-8.194150211281494,-10.10940358302002,3.367756908240046,-3.424357295761736,0,0,-.1758946272084539,-1.69384266138795,-2.341776203069735,-1.071832687046119,-2.62996822844084,-.946243618616933,-.6570687823330925,2.071838779789699,2.076713392586646,-2.550878257941159,-2.589047747712785,16.23229888972151,13.99832209250946,14.36213776247201,21.79348164792135,26.04023571838896,31.22246082256181,17.12047056930685,10.24161916811459,15.50032293760542,0,-9.606258669862083,-8.795608525302203,-8.142615151938092,-13.82058367157112,-13.58979862902266,-17.3700389531671,-6.992759393321584,-8.084847090104414,-2.918389118414636
evreg5,7.relative_year_bin_aux#1.moderator,25.63656678791256,3.563251577529542,7.194711411784961,9.25363502984e-13,***,-9.524702377433542,-5.012545729459116,-.4067948504284911,-.3662451672628994,-1.918547559417094,-3.836165017418281,-7.04013863455494,2.863776751171337,-4.973881549829212,0,0,-.0888379331372041,.3358391364123149,.8606383352920163,1.285774823309205,.4471837905053876,1.44910181550799,2.399312220903993,3.012210419091307,3.956148216602472,-3.715096731083895,-2.515062584017009,8.452403712639949,7.510984005379076,7.351021701051004,11.08349147521741,13.42727697730638,17.12047056930685,12.69676180476677,1.265107870368988,5.114013211694977,0,-6.115935891216654,-6.318645820600793,-5.789604887827142,-8.712433116213784,-8.247220273271211,-10.18684018676104,-7.482907280775223,-.9354005923785755,.5425728754489773
evreg5,9.relative_year_bin_aux#1.moderator,32.9064794896381,4.120792697306299,7.985473161789619,2.51666018396e-15,***,-35.44036939290013,-27.36046008949799,-19.14626102078196,-9.835026423749316,-4.485478070453387,-4.943245703886551,-2.504429132654635,1.578052557469244,8.71441287786528,0,0,-.1802623810101081,-.7138448869402155,-4.942081634053986,-5.749989237260269,-5.716782242760428,-5.373660403713828,-4.684579827695432,-2.784250264902036,-3.957616093147585,5.257132031683486,4.852926486994122,.1255090153348734,-1.735134060463813,-1.466634562239948,1.4293633753143,5.12990042897713,10.24161916811459,1.265107870368988,16.98093245417292,20.65061852721637,0,2.0544980276247,4.680599137030762,5.187294146218163,1.132037724720292,.5347454581160859,-2.406832105895169,6.33436617159848,-14.77963348293842,-7.282521329766631
evreg5,10.relative_year_bin_aux#1.moderator,43.98016369739322,5.789414847969797,7.596650931452245,4.92590546032e-14,***,-22.44173014932072,-14.25073232853616,-3.833507716367575,4.28792739824615,6.240130692406065,2.356290621540123,-.7927942923741458,-1.484216551740394,-3.092958199194419,0,0,-.166528483152261,-.9693838688335973,-3.738872020523973,-4.991195789391117,-4.673153240988294,-5.199966158351337,-2.755179301663884,-1.477496907223047,-2.944411909841163,5.854644830210039,9.899756051461488,-1.310863602433133,-3.832692117104815,-4.51359091802328,-1.376173259457273,6.578492496764037,15.50032293760542,5.114013211694977,20.65061852721637,33.51732428189315,0,1.855516836399387,4.386926482893045,5.322667685114281,1.677277094366859,-1.126852273956802,-6.608005697566858,3.680141543647763,-16.4019783112703,-14.79840374227148
evreg5,1o.treat#1o.moderator,0,,,,,0,0,0,0,0,0,0,0,0,0,0,0,0,0,0,0,0,0,0,0,0,0,0,0,0,0,0,0,0,0,0,0,0,0,0,0,0,0,0,0,0
evreg5,1bn.relative_year_bin_aux#1.treat#1.moderator,36.58944377153877,22.52765391432513,1.624201255518751,.1045134646966523,,-5.82925022667407,-10.87026002744189,-15.77695280101816,-15.80815803281297,-16.74014436021177,-15.37009405448216,-8.401489400320331,8.515871646522323,20.18441368091628,0,0,-.038729879270825,-17.18755632406885,-94.1625384061373,-84.70997891241097,-84.79127092168699,-86.89012854606108,-59.44503603736646,-50.09229286257731,-14.06179921367979,-8.723023918223852,-25.63744709850533,-13.71191613517925,-16.79106656121578,-14.22402698153052,-17.08988370085373,-13.75647855903112,-9.606258669862083,-6.115935891216654,2.0544980276247,1.855516836399387,0,507.4951908836085,411.529312937455,420.7381990562088,375.3537224269845,275.8410148098609,134.286001091638,71.23812115335029,110.5886228896275,239.2637849452202
evreg5,2.relative_year_bin_aux#1.treat#1.moderator,44.19137234367352,20.71622784999519,2.133176592942512,.0330494080897277,**,-31.77414469658585,-31.72758771426808,-32.82435888310022,-29.2346837272552,-25.77569299574973,-21.72200405626514,-11.7473082610702,12.48491962619725,28.43023427676908,0,0,-.0518603512435937,-10.49683524045773,-84.32633953974435,-87.03072399667522,-83.92189231310751,-81.9884369997698,-55.68366095261832,-46.17111597218248,-11.50239328251324,-3.729347226536071,-23.17691711735847,-14.02323875059202,-17.86536205803937,-14.97062940712761,-17.19734916585198,-13.68665203156651,-8.795608525302203,-6.318645820600793,4.680599137030762,4.386926482893045,0,411.529312937455,429.1620963329161,396.848751268982,354.9451383705837,253.3326179937071,131.0843930201796,52.80818151184426,113.9009633336153,227.0192935012092
evreg5,3.relative_year_bin_aux#1.treat#1.moderator,59.09605233886886,21.34883308911491,2.768116275591665,.0056977134164004,***,-59.74204321818842,-55.65549817553232,-52.03466567271614,-43.71691989148115,-36.39982874233536,-28.20396726499339,-15.40709579701357,16.49637810084604,35.15122963342549,0,0,-.1496628312423573,-3.036720129664599,-87.92462775303714,-86.81718888088118,-95.91234484485189,-91.54589769445161,-62.09650618153654,-50.56489336897833,-14.20615421476908,-2.829034303189337,-21.43330761590325,-10.52500205599151,-13.14475567028052,-13.89675421469666,-15.7286523092307,-11.77885164284464,-8.142615151938092,-5.789604887827142,5.187294146218163,5.322667685114281,0,420.7381990562088,396.848751268982,455.7726742668876,359.1428196803708,307.2610516953963,174.1043268731064,115.2893377188711,114.1362372375662,312.1522731095881
evreg5,4.relative_year_bin_aux#1.treat#1.moderator,53.64843497009771,19.35156408004492,2.772304850821814,.0056252290211964,***,-25.827341781707,-27.46912931764753,-27.9387867608418,-24.00705215467123,-22.24037010234457,-18.00610484180331,-9.5234704727583,10.25627068712987,22.18266428714862,0,0,-.0526237556132738,-5.772335956316137,-86.94310400625059,-82.21244678079121,-87.97345903325062,-93.20747094907718,-61.64262365656181,-50.28039610770195,-15.66440847706542,-6.999126073137406,-21.83630991146541,-14.48124016282559,-16.24638910469505,-16.8850507229522,-23.39935834681055,-17.90173551384927,-13.82058367157112,-8.712433116213784,1.132037724720292,1.677277094366859,0,375.3537224269845,354.9451383705837,359.1428196803708,374.4830323440847,256.8812508972096,132.6725632350393,64.16598033945478,128.4665684410949,242.6346056166788
evreg5,5.relative_year_bin_aux#1.treat#1.moderator,73.82354250438816,17.65216944500621,4.182122924571903,.0000303128868778,***,-69.99546138476022,-63.55733618566736,-57.20391535050906,-45.90315422127441,-35.91137668294908,-25.02028829294317,-11.76210304129581,14.87973515657852,34.50062381214038,0,0,-.111863703982017,-1.836903202347106,-57.9265838345806,-55.00244089180364,-58.70184835992127,-60.45791742637257,-46.96434701094373,-36.09622549322916,-13.37849116950437,-4.687271840992924,-13.20034853173807,-10.72117525617761,-9.43573662038575,-10.02918298750068,-14.64635342037631,-14.76405335621864,-13.58979862902266,-8.247220273271211,.5347454581160859,-1.126852273956802,0,275.8410148098609,253.3326179937071,307.2610516953963,256.8812508972096,311.599086115211,169.4344872548959,141.6603476555929,104.4070206990421,321.5377948017948
evreg5,6.relative_year_bin_aux#1.treat#1.moderator,26.75127122990671,13.27778984201775,2.014738262030021,.0440852149518633,**,-46.43060108083927,-43.21170718236328,-40.6821903543695,-32.81173531024658,-24.95340245323614,-15.37750707651632,-5.195081575722306,9.723499003960461,26.19646056073607,0,0,-.0963857417578455,6.800447556259171,-49.23224700479448,-45.69708398741491,-48.16406490444207,-49.28516227312564,-35.90302932861864,-33.28109626333212,-11.87480593678539,-6.026484599268721,-14.60458243813561,-7.73297272237891,-4.058862400408136,-6.086416937546489,-9.512827795008352,-12.3636238033627,-17.3700389531671,-10.18684018676104,-2.406832105895169,-6.608005697566858,0,134.286001091638,131.0843930201796,174.1043268731064,132.6725632350393,169.4344872548959,176.2997030887897,115.3102715533661,54.38681665620042,165.3200594771287
evreg5,7.relative_year_bin_aux#1.treat#1.moderator,50.84794914332735,13.34265971730332,3.810930520650661,.0001432477289747,***,-81.84119442496861,-72.88180600687581,-63.04050592072332,-48.85927308042179,-35.63379637675484,-23.26972281620628,-9.384420613223041,13.49035018262241,35.05906979284272,0,0,-.2045763377309354,5.35030646712453,-11.88459151202254,-10.60941487302313,-12.05635995313222,-14.14504528381886,-12.90086775699126,-10.91027932860128,-12.91852452442848,.6321877467252822,.871224315942964,-4.175022067105801,-1.393961369048226,-2.875723608381195,-4.984677185315561,-5.826783766781244,-6.992759393321584,-7.482907280775223,6.33436617159848,3.680141543647763,0,71.23812115335029,52.80818151184426,115.2893377188711,64.16598033945478,141.6603476555929,115.3102715533661,178.0265683317488,15.17669825429095,190.7182404411198
evreg5,9.relative_year_bin_aux#1.treat#1.moderator,49.61357945440744,12.38157774241915,4.007048252375128,.0000640679952971,***,16.69796996873278,11.29687196524271,6.292029250431665,-.5391887708269408,-4.356308422238468,-2.709558659210366,-2.282122729141902,1.162697882681319,-4.557897453655166,0,0,.1386114205394188,3.453935891777287,-9.560932572695609,-4.308545390998435,-2.567716235651693,-6.870136472811263,-5.321586731765837,-6.842812604474225,-.5148350975554361,-14.67405365892243,-12.51112872372231,.2866757866207455,1.319685255510845,1.476592874694584,-1.042320750836608,-3.027132101971999,-8.084847090104414,-.9354005923785755,-14.77963348293842,-16.4019783112703,0,110.5886228896275,113.9009633336153,114.1362372375662,128.4665684410949,104.4070206990421,54.38681665620042,15.17669825429095,153.3034673915692,174.406949984675
evreg5,10.relative_year_bin_aux#1.treat#1.moderator,111.5819738637257,25.4406436420978,4.385972911435537,.0000122365050847,***,-171.95857749334,-154.1311118506441,-135.3740642419907,-115.508216182959,-91.903935643773,-63.0731319232158,-33.87609077354458,35.13788567642691,64.51644556485714,0,0,-.2566426176178687,12.28645158744176,-26.95887434303191,-25.62891926652904,-24.00559197905066,-23.88647201102405,-15.60360887367612,-15.6701298000419,.9448582237736607,-12.76129512093813,-33.61658750172852,4.341760257797465,8.492314075840634,7.836989373199504,4.340117193883955,.6490739002671976,-2.918389118414636,.5425728754489773,-7.282521329766631,-14.79840374227148,0,239.2637849452202,227.0192935012092,312.1522731095881,242.6346056166788,321.5377948017948,165.3200594771287,190.7182404411198,174.406949984675,647.226348924211
