
  ___  ____  ____  ____  ____ ®
 /__    /   ____/   /   ____/      StataNow 19.5
___/   /   /___/   /   /___/       MP—Parallel Edition

 Statistics and Data Science       Copyright 1985-2025 StataCorp LLC
                                   StataCorp
                                   4905 Lakeway Drive
                                   College Station, Texas 77845 USA
                                   800-782-8272        https://www.stata.com
                                   979-696-4600        service@stata.com

Stata license: 4-user 16-core network, expiring 14 Sep 2026
Serial number: 501909301589
  Licensed to: University of Notre Dame
               Notre Dame, IN 46556

Notes:
      1. Stata is running in batch mode.
      2. Unicode is supported; see help unicode_advice.
      3. More than 2 billion observations are allowed; see help obs_advice.
      4. Maximum number of variables is set to 5,000 but can be increased;
          see help set_maxvar.

. do /users/aquisper/proj_bureaucrats_farms/code/_stacked_downup_replication/ex
> ploratory_analysis/protest_original_controls_fe_sweep/_protest_original_contr
> ols_fe_sweep.do 

. *****************************************************************************
> ***
. * Stacked protest sample: 32 FE x 3 control definitions.
. *
. * One invocation receives an FE numlist (normally 1/15 or 16/32) and one
. * control definition. For every FE it estimates:
. *   1. Event study, relative years -8,...,1, omitting -1.
. *   2. DiD interaction post x treat x downup_ac_pop.
. *****************************************************************************
> ***
. 
. version 17

. set processors 5
    The maximum number of processors or cores being used is changed from 16
    to 5.  It can be set to any number between 1 and 16

. args fe_arg control_arg

. 
. local fe_env : environment PROTEST_FE_LIST

. local control_env : environment PROTEST_CONTROL_SAMPLE

. local sample_env : environment ANALYSIS_SAMPLE_SUFFIX

. 
. if "$root" == "" {
.     clear all
.     set more off
.     global location     "shell"
.     global sample       "`sample_env'"
.     global is_rural_var "is_rural"
.     global fe_list      "1/15"
.     global ster_suffix  "_acpop"
.     global shell "/groups/sgulzar/sa_fires/proj_bureaucrats_farms"
.     global dbox  "C:/Users/eunic/Dropbox/sa_fires/proj_bureaucrats_farms"
.     global code_shell "/users/aquisper/proj_bureaucrats_farms/code/_stacked_d
> ownup_replication"
.     global code_dbox "C:/Users/eunic/OneDrive/Documents/GitHub/proj_bureaucra
> ts_farms/code/_stacked_downup_replication"
.     if "$location" == "dbox" {
.         global root "$dbox"
.         global code "$code_dbox"
.     }
.     else {
.         global root "$shell"
.         global code "$code_shell"
.     }
. }

. 
. if "`fe_arg'" != "" global fe_list "`fe_arg'"

. else if "`fe_env'" != "" global fe_list "`fe_env'"

. 
. local control_sample "`control_arg'"

. if "`control_sample'" == "" local control_sample "`control_env'"

. if "`control_sample'" == "" local control_sample "never"

. if !inlist("`control_sample'", "never", "both", "notyet") {
.     display as error "Control sample must be never, both, or notyet."
.     exit 198
. }

. foreach selected_fe of numlist $fe_list {
  2.     if !inrange(`selected_fe', 1, 32) {
  3.         display as error "Every FE id must be from 1 through 32."
  4.         exit 198
  5.     }
  6. }

. 
. global int_data "${root}/data_output/intermediate"

. global tables_root "${code}/../../tables"

. global tables "${tables_root}/exploratory_analysis/protest_original_controls_
> fe_sweep"

. global figures_root "${code}/../../figures"

. global figures "${figures_root}/exploratory_analysis/protest_original_control
> s_fe_sweep"

. if "${sample}" == "_sample" {
.     global tables "${tables}/sample"
.     global figures "${figures}/sample"
. }

. capture mkdir "${tables_root}/exploratory_analysis"

. capture mkdir "${tables}"

. capture mkdir "${figures_root}/exploratory_analysis"

. capture mkdir "${figures}"

. 
. local input_file "${int_data}/stacked_data_protest5km${sample}.csv"

. confirm file "`input_file'"

. import delimited using "`input_file'", clear varnames(1)
(encoding automatically selected: ISO-8859-1)
(22 vars, 257,040,986 obs)

. 
. capture confirm variable relative_year_bin

. if _rc {
.     confirm variable relative_year
.     rename relative_year relative_year_bin
. }

. local required unique_small_grid_id province ac_uq_id count month year ///
>     monthyear downup_ac_pop av_wind_speed wind_direction election_year ///
>     yeargov treat cohort relative_year_bin control_type

. foreach variable of local required {
  2.     confirm variable `variable'
  3. }

. assert control_type == 0 if treat == 1

. assert inlist(control_type, 1, 2) if treat == 0

. 
. gen double countk = count * 1000

. merge m:1 unique_small_grid_id using ///
>     "${int_data}/ghs_grid_classification_2000.dta", ///
>     keep(master match) keepusing(is_rural)

    Result                      Number of obs
    -----------------------------------------
    Not matched                             0
    Matched                       257,040,986  (_merge==3)
    -----------------------------------------

. count if _merge == 1
  0

. display as text "Rows without rural classification: " r(N)
Rows without rural classification: 0

. drop _merge

. keep if ${is_rural_var} == 1
(56,924,924 observations deleted)

. keep if year < 2022 | (year == 2022 & month <= 8)
(36,592,248 observations deleted)

. 
. if "`control_sample'" == "never" {
.     keep if treat == 1 | control_type == 1
. }

. else if "`control_sample'" == "notyet" {
.     keep if treat == 1 | control_type == 2
(155,808,360 observations deleted)
.     display as error "CAUTION: control_type 2 is the legacy partial-zero-spel
> l group."
CAUTION: control_type 2 is the legacy partial-zero-spell group.
. }

. 
. gen byte fe_complete = 1

. local complete_vars unique_small_grid_id province ac_uq_id month year ///
>     monthyear election_year yeargov cohort countk downup_ac_pop ///
>     av_wind_speed wind_direction treat relative_year_bin control_type

. foreach variable of local complete_vars {
  2.     replace fe_complete = 0 if missing(`variable')
  3. }
(0 real changes made)
(0 real changes made)
(0 real changes made)
(0 real changes made)
(0 real changes made)
(0 real changes made)
(0 real changes made)
(0 real changes made)
(0 real changes made)
(0 real changes made)
(0 real changes made)
(0 real changes made)
(0 real changes made)
(0 real changes made)
(0 real changes made)
(0 real changes made)

. count if fe_complete == 0
  0

. display as text "Rows removed by common complete-case restriction: " r(N)
Rows removed by common complete-case restriction: 0

. drop if fe_complete == 0
(0 observations deleted)

. drop fe_complete

. 
. egen long unique_small_grid_id_cohort = group(unique_small_grid_id cohort)

. egen long province_cohort = group(province cohort)

. egen long monthyearco = group(month year cohort)

. egen long ac_elec_yr = group(ac_uq_id election_year cohort)

. 
. local fe1  "unique_small_grid_id_cohort"

. local fe2  "unique_small_grid_id_cohort monthyearco"

. local fe3  "unique_small_grid_id_cohort province_cohort#c.monthyear"

. local fe4  "unique_small_grid_id_cohort yeargov"

. local fe5  "unique_small_grid_id_cohort province_cohort#election_year"

. local fe6  "unique_small_grid_id_cohort province_cohort#election_year#yeargov
> "

. local fe7  "unique_small_grid_id_cohort monthyearco province_cohort#c.monthye
> ar"

. local fe8  "unique_small_grid_id_cohort monthyearco yeargov"

. local fe9  "unique_small_grid_id_cohort monthyearco province_cohort#election_
> year"

. local fe10 "unique_small_grid_id_cohort monthyearco province_cohort#election_
> year#yeargov"

. local fe11 "unique_small_grid_id_cohort province_cohort#c.monthyear yeargov"

. local fe12 "unique_small_grid_id_cohort province_cohort#c.monthyear province_
> cohort#election_year"

. local fe13 "unique_small_grid_id_cohort province_cohort#c.monthyear province_
> cohort#election_year#yeargov"

. local fe14 "unique_small_grid_id_cohort yeargov province_cohort#election_year
> "

. local fe15 "unique_small_grid_id_cohort yeargov province_cohort#election_year
> #yeargov"

. local fe16 "unique_small_grid_id_cohort province_cohort#election_year provinc
> e_cohort#election_year#yeargov"

. local fe17 "unique_small_grid_id_cohort monthyearco province_cohort#c.monthye
> ar yeargov"

. local fe18 "unique_small_grid_id_cohort monthyearco province_cohort#c.monthye
> ar province_cohort#election_year"

. local fe19 "unique_small_grid_id_cohort monthyearco province_cohort#c.monthye
> ar province_cohort#election_year#yeargov"

. local fe20 "unique_small_grid_id_cohort monthyearco yeargov province_cohort#e
> lection_year"

. local fe21 "unique_small_grid_id_cohort monthyearco yeargov province_cohort#e
> lection_year#yeargov"

. local fe22 "unique_small_grid_id_cohort monthyearco province_cohort#election_
> year province_cohort#election_year#yeargov"

. local fe23 "unique_small_grid_id_cohort province_cohort#c.monthyear yeargov p
> rovince_cohort#election_year"

. local fe24 "unique_small_grid_id_cohort province_cohort#c.monthyear yeargov p
> rovince_cohort#election_year#yeargov"

. local fe25 "unique_small_grid_id_cohort province_cohort#c.monthyear province_
> cohort#election_year province_cohort#election_year#yeargov"

. local fe26 "unique_small_grid_id_cohort yeargov province_cohort#election_year
>  province_cohort#election_year#yeargov"

. local fe27 "unique_small_grid_id_cohort monthyearco province_cohort#c.monthye
> ar yeargov province_cohort#election_year"

. local fe28 "unique_small_grid_id_cohort monthyearco province_cohort#c.monthye
> ar yeargov province_cohort#election_year#yeargov"

. local fe29 "unique_small_grid_id_cohort monthyearco province_cohort#c.monthye
> ar province_cohort#election_year province_cohort#election_year#yeargov"

. local fe30 "unique_small_grid_id_cohort monthyearco yeargov province_cohort#e
> lection_year province_cohort#election_year#yeargov"

. local fe31 "unique_small_grid_id_cohort province_cohort#c.monthyear yeargov p
> rovince_cohort#election_year province_cohort#election_year#yeargov"

. local fe32 "unique_small_grid_id_cohort monthyearco province_cohort#c.monthye
> ar yeargov province_cohort#election_year province_cohort#election_year#yeargo
> v"

. 
. tempfile full_analysis_sample

. save `full_analysis_sample'
file /tmp/1350683.1.largemem/St2818742.000001 saved as .dta format

. 
. * Prepare the event-study sample once and loop over the requested FEs.
. use `full_analysis_sample', clear

. keep if inrange(relative_year_bin, -8, 1)
(200,399 observations deleted)

. quietly summarize relative_year_bin

. assert r(min) == -8

. assert r(max) == 1

. gen int relative_year_bin_aux = relative_year_bin + 9

. local base = 8

. gen byte moderator = 0

. * local moderators_list moderator downup_ac rice_area_aclvl_ahigh rice_harvar
> ea_aclvl_ahigh rice_prod_aclvl_ahigh
. local moderators_list moderator

. count if treat == 1
  973,251

. local event_n_treated = r(N)

. count if treat == 0
  6,541,804

. local event_n_control = r(N)

. egen byte event_tag_ac = tag(ac_uq_id)

. count if event_tag_ac
  407

. local event_numacs = r(N)

. drop event_tag_ac

. quietly summarize countk if treat == 1 & relative_year_bin <= -1

. local event_ymean = r(mean)

. quietly summarize countk if treat == 1 & relative_year_bin <= -1 & moderator 
> == 1

. local event_ymean2 = r(mean)

. 
. foreach mod of local moderators_list {
  2.     replace moderator = `mod'
  3.     local rhs "ib`base'.relative_year_bin_aux##ib0.treat##ib0.`mod' wind_d
> irection av_wind_speed"
  4.     foreach selected_fe of numlist $fe_list {
  5.         local fespec "`fe`selected_fe''"
  6.         local fe_tag : display %02.0f `selected_fe'
  7.         local fe_tag = strtrim("`fe_tag'")
  8.         local prefix "protest_original_fe`fe_tag'_controls_`control_sample
> '"
  9.         display as result "EVENT controls=`control_sample' FE=`selected_fe
> ': `fespec'"
 10.         est clear
 11.         reghdfejl countk `rhs', absorb(`fespec') vce(cluster ac_elec_yr)
 12.         estadd scalar ymean = `event_ymean'
 13.         estadd scalar ymean2 = `event_ymean2'
 14.         estadd scalar acq = `event_numacs'
 15.         estadd scalar fe_id = `selected_fe'
 16.         estadd scalar n_treated = `event_n_treated'
 17.         estadd scalar n_control = `event_n_control'
 18.         estadd local smpl "Rural"
 19.         estadd local fespec "`fespec'"
 20.         estadd local mod "`mod'"
 21.         estadd local controls "`control_sample'"
 22.         est store evreg1
 23.         local event_out "${tables}/`prefix'_event_rural_acpop_all"
 24.         estwrite evreg1 using "`event_out'.ster", replace
 25.         confirm file "`event_out'.ster"
 26.     }
 27. }
(0 real changes made)
EVENT controls=notyet FE=1: unique_small_grid_id_cohort
(MWFE estimator converged in 1 iterations)

HDFE linear regression with Julia                 Number of obs   =  7,515,055
Absorbing 1 HDFE group                            F(  20,   9935) =     193.26
Statistics cluster-robust                         Prob > F        =     0.0000
                                                  R-squared       =     0.0949
                                                  Adj R-squared   =     0.0860
Number of clusters (ac_elec_yr) =       9935      Within R-sq.    =     0.0216
                                                  Root MSE        =  1659.7885

                         (Std. err. adjusted for 9,935 clusters in ac_elec_yr)
------------------------------------------------------------------------------
             |               Robust
      countk | Coefficient  std. err.      t    P>|t|     [95% conf. interval]
-------------+----------------------------------------------------------------
relative_y~x |
          1  |   86.68818   5.739592    15.10   0.000     75.43742    97.93895
          2  |   21.11333    5.29665     3.99   0.000     10.73083    31.49584
          3  |  -5.087616   5.363709    -0.95   0.343    -15.60157    5.426341
          4  |   91.17082   5.810525    15.69   0.000     79.78101    102.5606
          5  |   63.86644   6.650457     9.60   0.000      50.8302    76.90268
          6  |  -19.14436   3.942016    -4.86   0.000    -26.87151   -11.41721
          7  |   -7.00386    4.58974    -1.53   0.127    -16.00068    1.992962
          9  |   24.09092   11.44498     2.10   0.035     1.656433    46.52541
         10  |  -85.04458   25.46026    -3.34   0.001    -134.9519   -35.13731
             |
     1.treat |          0  (omitted)
wind_direc~n |  -2.486641   .0423618   -58.70   0.000    -2.569678   -2.403603
av_wind_sp~d |   133.0692   8.754923    15.20   0.000     115.9078    150.2307
             |
relative_y~x#|
       treat |
        1 1  |  -27.43521   12.33993    -2.22   0.026    -51.62397   -3.246454
        2 1  |  -26.83019    12.1042    -2.22   0.027    -50.55689   -3.103498
        3 1  |  -3.332046   12.18513    -0.27   0.785    -27.21738    20.55329
        4 1  |   7.317911   14.19833     0.52   0.606     -20.5137    35.14952
        5 1  |  -35.87704   14.75918    -2.43   0.015    -64.80803   -6.946063
        6 1  |  -9.285852   9.425947    -0.99   0.325    -27.76262    9.190915
        7 1  |  -6.091237   11.44107    -0.53   0.594    -28.51806    16.33558
        9 1  |   78.93252   14.48834     5.45   0.000     50.53244    107.3326
       10 1  |   222.2392   35.60532     6.24   0.000     152.4456    292.0329
------------------------------------------------------------------------------

added scalar:
              e(ymean) =  439.55556

added scalar:
             e(ymean2) =  .

added scalar:
                e(acq) =  407

added scalar:
              e(fe_id) =  1

added scalar:
          e(n_treated) =  973251

added scalar:
          e(n_control) =  6541804

added macro:
               e(smpl) : "Rural"

added macro:
             e(fespec) : "unique_small_grid_id_cohort"

added macro:
                e(mod) : "moderator"

added macro:
           e(controls) : "notyet"
(saving evreg1)
(file /users/aquisper/proj_bureaucrats_farms/code/_stacked_downup_replication/.
> ./../tables/exploratory_analysis/protest_original_controls_fe_sweep/protest_o
> riginal_fe01_controls_notyet_event_rural_acpop_all.ster saved)
EVENT controls=notyet FE=2: unique_small_grid_id_cohort monthyearco
(MWFE estimator converged in 9 iterations)

HDFE linear regression with Julia                 Number of obs   =  7,515,055
Absorbing 2 HDFE groups                           F(  11,   9935) =     147.36
Statistics cluster-robust                         Prob > F        =     0.0000
                                                  R-squared       =     0.2814
                                                  Adj R-squared   =     0.2741
Number of clusters (ac_elec_yr) =       9935      Within R-sq.    =     0.0033
                                                  Root MSE        =  1479.1533

                         (Std. err. adjusted for 9,935 clusters in ac_elec_yr)
------------------------------------------------------------------------------
             |               Robust
      countk | Coefficient  std. err.      t    P>|t|     [95% conf. interval]
-------------+----------------------------------------------------------------
relative_y~x |
          1  |          0  (omitted)
          2  |          0  (omitted)
          3  |          0  (omitted)
          4  |          0  (omitted)
          5  |          0  (omitted)
          6  |          0  (omitted)
          7  |          0  (omitted)
          9  |          0  (omitted)
         10  |          0  (omitted)
             |
     1.treat |          0  (omitted)
wind_direc~n |  -1.196891    .034451   -34.74   0.000    -1.264422    -1.12936
av_wind_sp~d |   315.9546   17.87875    17.67   0.000     280.9087    351.0006
             |
relative_y~x#|
       treat |
        1 1  |   24.24742   11.40141     2.13   0.033     1.898344     46.5965
        2 1  |  -2.133325   11.57481    -0.18   0.854    -24.82229    20.55564
        3 1  |   14.95152   11.33556     1.32   0.187    -7.268486    37.17152
        4 1  |   .6661656   11.80648     0.06   0.955    -22.47694    23.80927
        5 1  |   35.25757   12.67643     2.78   0.005     10.40919    60.10596
        6 1  |   20.43714   8.682503     2.35   0.019      3.41767     37.4566
        7 1  |   35.73064   9.752391     3.66   0.000     16.61397     54.8473
        9 1  |   180.4885   18.17908     9.93   0.000     144.8538    216.1231
       10 1  |   674.8629   109.5522     6.16   0.000     460.1183    889.6075
------------------------------------------------------------------------------

added scalar:
              e(ymean) =  439.55556

added scalar:
             e(ymean2) =  .

added scalar:
                e(acq) =  407

added scalar:
              e(fe_id) =  2

added scalar:
          e(n_treated) =  973251

added scalar:
          e(n_control) =  6541804

added macro:
               e(smpl) : "Rural"

added macro:
             e(fespec) : "unique_small_grid_id_cohort monthyearco"

added macro:
                e(mod) : "moderator"

added macro:
           e(controls) : "notyet"
(saving evreg1)
(file /users/aquisper/proj_bureaucrats_farms/code/_stacked_downup_replication/.
> ./../tables/exploratory_analysis/protest_original_controls_fe_sweep/protest_o
> riginal_fe02_controls_notyet_event_rural_acpop_all.ster saved)
EVENT controls=notyet FE=3: unique_small_grid_id_cohort province_cohort#c.month
> year
(MWFE estimator converged in 7 iterations)

HDFE linear regression with Julia                 Number of obs   =  7,515,055
Absorbing 2 HDFE groups                           F(  20,   9935) =     189.63
Statistics cluster-robust                         Prob > F        =     0.0000
                                                  R-squared       =     0.0968
                                                  Adj R-squared   =     0.0879
Number of clusters (ac_elec_yr) =       9935      Within R-sq.    =     0.0227
                                                  Root MSE        =  1658.1110

                         (Std. err. adjusted for 9,935 clusters in ac_elec_yr)
------------------------------------------------------------------------------
             |               Robust
      countk | Coefficient  std. err.      t    P>|t|     [95% conf. interval]
-------------+----------------------------------------------------------------
relative_y~x |
          1  |  -1536.043   170.5195    -9.01   0.000    -1870.296    -1201.79
          2  |  -1376.879   148.3449    -9.28   0.000    -1667.665   -1086.093
          3  |   -1169.85   122.1613    -9.58   0.000    -1409.311   -930.3894
          4  |  -840.7761   99.04266    -8.49   0.000     -1034.92   -646.6324
          5  |  -635.3836   71.24886    -8.92   0.000    -775.0458   -495.7214
          6  |  -485.4748   48.83277    -9.94   0.000    -581.1969   -389.7527
          7  |   -240.075   23.91194   -10.04   0.000    -286.9473   -193.2028
          9  |   218.1663   27.68708     7.88   0.000      163.894    272.4386
         10  |   301.4206   47.17845     6.39   0.000     208.9412    393.8999
             |
     1.treat |          0  (omitted)
wind_direc~n |   -2.47778   .0427963   -57.90   0.000    -2.561669    -2.39389
av_wind_sp~d |   167.0562   10.36412    16.12   0.000     146.7404     187.372
             |
relative_y~x#|
       treat |
        1 1  |  -42.95321   12.85402    -3.34   0.001     -68.1497   -17.75673
        2 1  |  -35.11141   12.61166    -2.78   0.005    -59.83282   -10.39001
        3 1  |  -10.19007   12.25686    -0.83   0.406    -34.21601    13.83587
        4 1  |   1.731569   13.90979     0.12   0.901    -25.53443    28.99757
        5 1  |   -40.0205    14.5654    -2.75   0.006    -68.57163   -11.46937
        6 1  |  -11.94192   9.302713    -1.28   0.199    -30.17713    6.293282
        7 1  |   -7.46309   11.26446    -0.66   0.508    -29.54371    14.61753
        9 1  |   117.9797   14.56748     8.10   0.000     89.42447    146.5349
       10 1  |   274.0002   35.92661     7.63   0.000     203.5768    344.4237
------------------------------------------------------------------------------

added scalar:
              e(ymean) =  439.55556

added scalar:
             e(ymean2) =  .

added scalar:
                e(acq) =  407

added scalar:
              e(fe_id) =  3

added scalar:
          e(n_treated) =  973251

added scalar:
          e(n_control) =  6541804

added macro:
               e(smpl) : "Rural"

added macro:
             e(fespec) : "unique_small_grid_id_cohort province_cohort#c.monthye
> ar"

added macro:
                e(mod) : "moderator"

added macro:
           e(controls) : "notyet"
(saving evreg1)
(file /users/aquisper/proj_bureaucrats_farms/code/_stacked_downup_replication/.
> ./../tables/exploratory_analysis/protest_original_controls_fe_sweep/protest_o
> riginal_fe03_controls_notyet_event_rural_acpop_all.ster saved)
EVENT controls=notyet FE=4: unique_small_grid_id_cohort yeargov
(MWFE estimator converged in 6 iterations)

HDFE linear regression with Julia                 Number of obs   =  7,515,055
Absorbing 2 HDFE groups                           F(  20,   9935) =     204.11
Statistics cluster-robust                         Prob > F        =     0.0000
                                                  R-squared       =     0.0953
                                                  Adj R-squared   =     0.0863
Number of clusters (ac_elec_yr) =       9935      Within R-sq.    =     0.0217
                                                  Root MSE        =  1659.4968

                         (Std. err. adjusted for 9,935 clusters in ac_elec_yr)
------------------------------------------------------------------------------
             |               Robust
      countk | Coefficient  std. err.      t    P>|t|     [95% conf. interval]
-------------+----------------------------------------------------------------
relative_y~x |
          1  |   103.3642   5.967834    17.32   0.000     91.66601    115.0623
          2  |   12.55967    5.35169     2.35   0.019     2.069274    23.05007
          3  |  -5.405924   5.363743    -1.01   0.314    -15.91995      5.1081
          4  |   78.02345   5.752872    13.56   0.000     66.74665    89.30024
          5  |   60.95767   5.860625    10.40   0.000     49.46965    72.44568
          6  |  -2.197822   4.121873    -0.53   0.594    -10.27753    5.881886
          7  |  -15.50269   4.793826    -3.23   0.001    -24.89956    -6.10582
          9  |   15.45657   11.87034     1.30   0.193    -7.811712    38.72484
         10  |  -127.5693   26.07427    -4.89   0.000    -178.6801   -76.45841
             |
     1.treat |          0  (omitted)
wind_direc~n |  -2.502138   .0425349   -58.83   0.000    -2.585515   -2.418761
av_wind_sp~d |   131.0843   8.729574    15.02   0.000     113.9725     148.196
             |
relative_y~x#|
       treat |
        1 1  |  -32.50945   12.54313    -2.59   0.010    -57.09652   -7.922378
        2 1  |  -24.92491   12.25394    -2.03   0.042    -48.94512   -.9046978
        3 1  |  -3.233669    12.2376    -0.26   0.792    -27.22185    20.75451
        4 1  |   8.915607   13.81843     0.65   0.519    -18.17131    36.00252
        5 1  |  -25.15778   14.01604    -1.79   0.073    -52.63206      2.3165
        6 1  |  -14.61028   9.637764    -1.52   0.130    -33.50226    4.281688
        7 1  |  -4.027415    11.4884    -0.35   0.726    -26.54701    18.49218
        9 1  |    75.6424   14.90891     5.07   0.000     46.41791    104.8669
       10 1  |   261.1087   35.68436     7.32   0.000     191.1601    331.0572
------------------------------------------------------------------------------

added scalar:
              e(ymean) =  439.55556

added scalar:
             e(ymean2) =  .

added scalar:
                e(acq) =  407

added scalar:
              e(fe_id) =  4

added scalar:
          e(n_treated) =  973251

added scalar:
          e(n_control) =  6541804

added macro:
               e(smpl) : "Rural"

added macro:
             e(fespec) : "unique_small_grid_id_cohort yeargov"

added macro:
                e(mod) : "moderator"

added macro:
           e(controls) : "notyet"
(saving evreg1)
(file /users/aquisper/proj_bureaucrats_farms/code/_stacked_downup_replication/.
> ./../tables/exploratory_analysis/protest_original_controls_fe_sweep/protest_o
> riginal_fe04_controls_notyet_event_rural_acpop_all.ster saved)
EVENT controls=notyet FE=5: unique_small_grid_id_cohort province_cohort#electio
> n_year
(MWFE estimator converged in 8 iterations)

HDFE linear regression with Julia                 Number of obs   =  7,515,055
Absorbing 2 HDFE groups                           F(  20,   9935) =     196.43
Statistics cluster-robust                         Prob > F        =     0.0000
                                                  R-squared       =     0.0959
                                                  Adj R-squared   =     0.0870
Number of clusters (ac_elec_yr) =       9935      Within R-sq.    =     0.0215
                                                  Root MSE        =  1658.8944

                         (Std. err. adjusted for 9,935 clusters in ac_elec_yr)
------------------------------------------------------------------------------
             |               Robust
      countk | Coefficient  std. err.      t    P>|t|     [95% conf. interval]
-------------+----------------------------------------------------------------
relative_y~x |
          1  |  -108.4992   8.135022   -13.34   0.000    -124.4455   -92.55292
          2  |  -173.2849    9.58904   -18.07   0.000    -192.0814   -154.4885
          3  |  -187.9015   7.793036   -24.11   0.000    -203.1774   -172.6256
          4  |  -78.58929   8.378689    -9.38   0.000    -95.01322   -62.16535
          5  |  -38.88543   5.524156    -7.04   0.000     -49.7139   -28.05696
          6  |  -61.48536   4.046109   -15.20   0.000    -69.41656   -53.55417
          7  |  -43.14129   4.538377    -9.51   0.000    -52.03743   -34.24515
          9  |    34.3616   11.73644     2.93   0.003      11.3558    57.36741
         10  |  -73.43843   25.00107    -2.94   0.003    -122.4456   -24.43127
             |
     1.treat |          0  (omitted)
wind_direc~n |  -2.487769   .0422959   -58.82   0.000    -2.570678   -2.404861
av_wind_sp~d |   146.3567   9.034099    16.20   0.000      128.648    164.0654
             |
relative_y~x#|
       treat |
        1 1  |  -36.91348   12.76025    -2.89   0.004    -61.92615    -11.9008
        2 1  |  -34.83373   12.41894    -2.80   0.005    -59.17738   -10.49008
        3 1  |  -13.78828   12.72429    -1.08   0.279    -38.73048    11.15391
        4 1  |   11.17088   13.65046     0.82   0.413    -15.58679    37.92856
        5 1  |  -20.85376   13.55205    -1.54   0.124    -47.41852    5.711006
        6 1  |  -17.15465   9.940297    -1.73   0.084    -36.63965    2.330343
        7 1  |  -4.088764   11.42319    -0.36   0.720    -26.48054    18.30301
        9 1  |   93.65818    15.1054     6.20   0.000     64.04854    123.2678
       10 1  |   310.6146   39.49941     7.86   0.000     233.1877    388.0415
------------------------------------------------------------------------------

added scalar:
              e(ymean) =  439.55556

added scalar:
             e(ymean2) =  .

added scalar:
                e(acq) =  407

added scalar:
              e(fe_id) =  5

added scalar:
          e(n_treated) =  973251

added scalar:
          e(n_control) =  6541804

added macro:
               e(smpl) : "Rural"

added macro:
             e(fespec) : "unique_small_grid_id_cohort province_cohort#election_
> year"

added macro:
                e(mod) : "moderator"

added macro:
           e(controls) : "notyet"
(saving evreg1)
(file /users/aquisper/proj_bureaucrats_farms/code/_stacked_downup_replication/.
> ./../tables/exploratory_analysis/protest_original_controls_fe_sweep/protest_o
> riginal_fe05_controls_notyet_event_rural_acpop_all.ster saved)
EVENT controls=notyet FE=6: unique_small_grid_id_cohort province_cohort#electio
> n_year#yeargov
(MWFE estimator converged in 9 iterations)

HDFE linear regression with Julia                 Number of obs   =  7,515,055
Absorbing 2 HDFE groups                           F(  20,   9935) =     189.18
Statistics cluster-robust                         Prob > F        =     0.0000
                                                  R-squared       =     0.0992
                                                  Adj R-squared   =     0.0903
Number of clusters (ac_elec_yr) =       9935      Within R-sq.    =     0.0223
                                                  Root MSE        =  1655.9142

                         (Std. err. adjusted for 9,935 clusters in ac_elec_yr)
------------------------------------------------------------------------------
             |               Robust
      countk | Coefficient  std. err.      t    P>|t|     [95% conf. interval]
-------------+----------------------------------------------------------------
relative_y~x |
          1  |  -501.1572   92.76825    -5.40   0.000    -683.0018   -319.3126
          2  |   -494.791   80.18851    -6.17   0.000    -651.9767   -337.6052
          3  |  -412.8724   65.50321    -6.30   0.000     -541.272   -284.4729
          4  |  -247.5598     55.107    -4.49   0.000    -355.5807   -139.5389
          5  |  -127.8814   46.67955    -2.74   0.006    -219.3828   -36.38004
          6  |  -40.03305   30.55049    -1.31   0.190     -99.9182     19.8521
          7  |    1.41156   14.92781     0.09   0.925    -27.84997    30.67309
          9  |   136.8183   22.91442     5.97   0.000      91.9014    181.7352
         10  |   233.4157   34.92733     6.68   0.000     164.9511    301.8804
             |
     1.treat |          0  (omitted)
wind_direc~n |  -2.519577   .0425156   -59.26   0.000    -2.602916   -2.436238
av_wind_sp~d |   178.7954   11.75403    15.21   0.000     155.7551    201.8357
             |
relative_y~x#|
       treat |
        1 1  |  -16.91111   13.59495    -1.24   0.214    -43.55998    9.737753
        2 1  |  -24.67918   12.55965    -1.96   0.049    -49.29864   -.0597327
        3 1  |  -11.16682   12.55525    -0.89   0.374    -35.77765    13.44401
        4 1  |  -.1013876   13.05531    -0.01   0.994    -25.69245    25.48967
        5 1  |   8.689972   14.14174     0.61   0.539    -19.03071    36.41065
        6 1  |  -7.353669   9.816531    -0.75   0.454    -26.59606    11.88872
        7 1  |     .04074   11.99007     0.00   0.997    -23.46224    23.54372
        9 1  |    186.551   16.42632    11.36   0.000      154.352    218.7499
       10 1  |   456.7367   51.08936     8.94   0.000     356.5912    556.8822
------------------------------------------------------------------------------

added scalar:
              e(ymean) =  439.55556

added scalar:
             e(ymean2) =  .

added scalar:
                e(acq) =  407

added scalar:
              e(fe_id) =  6

added scalar:
          e(n_treated) =  973251

added scalar:
          e(n_control) =  6541804

added macro:
               e(smpl) : "Rural"

added macro:
             e(fespec) : "unique_small_grid_id_cohort province_cohort#election_
> year#yeargov"

added macro:
                e(mod) : "moderator"

added macro:
           e(controls) : "notyet"
(saving evreg1)
(file /users/aquisper/proj_bureaucrats_farms/code/_stacked_downup_replication/.
> ./../tables/exploratory_analysis/protest_original_controls_fe_sweep/protest_o
> riginal_fe06_controls_notyet_event_rural_acpop_all.ster saved)
EVENT controls=notyet FE=7: unique_small_grid_id_cohort monthyearco province_co
> hort#c.monthyear
(MWFE estimator converged in 35 iterations)

HDFE linear regression with Julia                 Number of obs   =  7,515,055
Absorbing 3 HDFE groups                           F(  11,   9935) =     146.33
Statistics cluster-robust                         Prob > F        =     0.0000
                                                  R-squared       =     0.2817
                                                  Adj R-squared   =     0.2744
Number of clusters (ac_elec_yr) =       9935      Within R-sq.    =     0.0034
                                                  Root MSE        =  1478.8889

                         (Std. err. adjusted for 9,935 clusters in ac_elec_yr)
------------------------------------------------------------------------------
             |               Robust
      countk | Coefficient  std. err.      t    P>|t|     [95% conf. interval]
-------------+----------------------------------------------------------------
relative_y~x |
          1  |          0  (omitted)
          2  |          0  (omitted)
          3  |          0  (omitted)
          4  |          0  (omitted)
          5  |          0  (omitted)
          6  |          0  (omitted)
          7  |          0  (omitted)
          9  |          0  (omitted)
         10  |          0  (omitted)
             |
     1.treat |          0  (omitted)
wind_direc~n |  -1.193262   .0346446   -34.44   0.000    -1.261172   -1.125351
av_wind_sp~d |   319.3928   17.97211    17.77   0.000     284.1638    354.6218
             |
relative_y~x#|
       treat |
        1 1  |   7.608469    11.6128     0.66   0.512    -15.15497    30.37191
        2 1  |   -16.6901   11.80378    -1.41   0.157    -39.82791    6.447712
        3 1  |   2.824269    11.4228     0.25   0.805    -19.56674    25.21528
        4 1  |   -9.03531   11.86993    -0.76   0.447    -32.30277    14.23215
        5 1  |   27.97589   12.73178     2.20   0.028     3.019007    52.93277
        6 1  |   15.57976   8.641774     1.80   0.071    -1.359872    32.51939
        7 1  |   33.29211   9.739004     3.42   0.001     14.20168    52.38253
        9 1  |   183.6972   18.40948     9.98   0.000     147.6109    219.7835
       10 1  |    710.423   109.8349     6.47   0.000     495.1243    925.7217
------------------------------------------------------------------------------

added scalar:
              e(ymean) =  439.55556

added scalar:
             e(ymean2) =  .

added scalar:
                e(acq) =  407

added scalar:
              e(fe_id) =  7

added scalar:
          e(n_treated) =  973251

added scalar:
          e(n_control) =  6541804

added macro:
               e(smpl) : "Rural"

added macro:
             e(fespec) : "unique_small_grid_id_cohort monthyearco province_coho
> rt#c.monthyear"

added macro:
                e(mod) : "moderator"

added macro:
           e(controls) : "notyet"
(saving evreg1)
(file /users/aquisper/proj_bureaucrats_farms/code/_stacked_downup_replication/.
> ./../tables/exploratory_analysis/protest_original_controls_fe_sweep/protest_o
> riginal_fe07_controls_notyet_event_rural_acpop_all.ster saved)
EVENT controls=notyet FE=8: unique_small_grid_id_cohort monthyearco yeargov
(MWFE estimator converged in 16 iterations)

HDFE linear regression with Julia                 Number of obs   =  7,515,055
Absorbing 3 HDFE groups                           F(  11,   9935) =     145.70
Statistics cluster-robust                         Prob > F        =     0.0000
                                                  R-squared       =     0.2815
                                                  Adj R-squared   =     0.2743
Number of clusters (ac_elec_yr) =       9935      Within R-sq.    =     0.0033
                                                  Root MSE        =  1479.0287

                         (Std. err. adjusted for 9,935 clusters in ac_elec_yr)
------------------------------------------------------------------------------
             |               Robust
      countk | Coefficient  std. err.      t    P>|t|     [95% conf. interval]
-------------+----------------------------------------------------------------
relative_y~x |
          1  |          0  (omitted)
          2  |          0  (omitted)
          3  |          0  (omitted)
          4  |          0  (omitted)
          5  |          0  (omitted)
          6  |          0  (omitted)
          7  |          0  (omitted)
          9  |          0  (omitted)
         10  |          0  (omitted)
             |
     1.treat |          0  (omitted)
wind_direc~n |  -1.184657   .0343239   -34.51   0.000    -1.251939   -1.117375
av_wind_sp~d |   314.8645   17.87962    17.61   0.000     279.8168    349.9122
             |
relative_y~x#|
       treat |
        1 1  |   21.47796   11.38082     1.89   0.059    -.8307632    43.78668
        2 1  |  -5.129344   11.49048    -0.45   0.655    -27.65301    17.39432
        3 1  |   14.95055   11.35485     1.32   0.188    -7.307271    37.20836
        4 1  |   .2690996   11.66027     0.02   0.982     -22.5874     23.1256
        5 1  |   34.78409   12.54892     2.77   0.006     10.18566    59.38251
        6 1  |   17.63997   8.512152     2.07   0.038     .9544283    34.32552
        7 1  |   32.72052   9.639639     3.39   0.001     13.82487    51.61617
        9 1  |   182.1494   18.03845    10.10   0.000     146.7904    217.5085
       10 1  |   675.5112   110.1356     6.13   0.000     459.6232    891.3993
------------------------------------------------------------------------------

added scalar:
              e(ymean) =  439.55556

added scalar:
             e(ymean2) =  .

added scalar:
                e(acq) =  407

added scalar:
              e(fe_id) =  8

added scalar:
          e(n_treated) =  973251

added scalar:
          e(n_control) =  6541804

added macro:
               e(smpl) : "Rural"

added macro:
             e(fespec) : "unique_small_grid_id_cohort monthyearco yeargov"

added macro:
                e(mod) : "moderator"

added macro:
           e(controls) : "notyet"
(saving evreg1)
(file /users/aquisper/proj_bureaucrats_farms/code/_stacked_downup_replication/.
> ./../tables/exploratory_analysis/protest_original_controls_fe_sweep/protest_o
> riginal_fe08_controls_notyet_event_rural_acpop_all.ster saved)
EVENT controls=notyet FE=9: unique_small_grid_id_cohort monthyearco province_co
> hort#election_year
(MWFE estimator converged in 36 iterations)

HDFE linear regression with Julia                 Number of obs   =  7,515,055
Absorbing 3 HDFE groups                           F(  11,   9935) =     144.33
Statistics cluster-robust                         Prob > F        =     0.0000
                                                  R-squared       =     0.2819
                                                  Adj R-squared   =     0.2746
Number of clusters (ac_elec_yr) =       9935      Within R-sq.    =     0.0033
                                                  Root MSE        =  1478.7258

                         (Std. err. adjusted for 9,935 clusters in ac_elec_yr)
------------------------------------------------------------------------------
             |               Robust
      countk | Coefficient  std. err.      t    P>|t|     [95% conf. interval]
-------------+----------------------------------------------------------------
relative_y~x |
          1  |          0  (omitted)
          2  |          0  (omitted)
          3  |          0  (omitted)
          4  |          0  (omitted)
          5  |          0  (omitted)
          6  |          0  (omitted)
          7  |          0  (omitted)
          9  |          0  (omitted)
         10  |          0  (omitted)
             |
     1.treat |          0  (omitted)
wind_direc~n |  -1.177468   .0345019   -34.13   0.000    -1.245098   -1.109837
av_wind_sp~d |   317.6122   17.92708    17.72   0.000     282.4715    352.7529
             |
relative_y~x#|
       treat |
        1 1  |   14.20227   11.55035     1.23   0.219    -8.438755    36.84329
        2 1  |  -11.49248   11.77359    -0.98   0.329    -34.57111    11.58616
        3 1  |   6.345733   11.75863     0.54   0.589    -16.70356    29.39502
        4 1  |  -2.551726   11.73905    -0.22   0.828    -25.56264    20.45919
        5 1  |   33.00139   12.43129     2.65   0.008     8.633538    57.36924
        6 1  |   20.12834   8.665788     2.32   0.020     3.141635    37.11504
        7 1  |   35.99178   9.854666     3.65   0.000     16.67463    55.30892
        9 1  |   176.5394   18.54176     9.52   0.000     140.1938     212.885
       10 1  |   697.3027   110.1342     6.33   0.000     481.4172    913.1881
------------------------------------------------------------------------------

added scalar:
              e(ymean) =  439.55556

added scalar:
             e(ymean2) =  .

added scalar:
                e(acq) =  407

added scalar:
              e(fe_id) =  9

added scalar:
          e(n_treated) =  973251

added scalar:
          e(n_control) =  6541804

added macro:
               e(smpl) : "Rural"

added macro:
             e(fespec) : "unique_small_grid_id_cohort monthyearco province_coho
> rt#election_year"

added macro:
                e(mod) : "moderator"

added macro:
           e(controls) : "notyet"
(saving evreg1)
(file /users/aquisper/proj_bureaucrats_farms/code/_stacked_downup_replication/.
> ./../tables/exploratory_analysis/protest_original_controls_fe_sweep/protest_o
> riginal_fe09_controls_notyet_event_rural_acpop_all.ster saved)
EVENT controls=notyet FE=10: unique_small_grid_id_cohort monthyearco province_c
> ohort#election_year#yeargov
(MWFE estimator converged in 119 iterations)

HDFE linear regression with Julia                 Number of obs   =  7,515,055
Absorbing 3 HDFE groups                           F(  11,   9935) =     135.36
Statistics cluster-robust                         Prob > F        =     0.0000
                                                  R-squared       =     0.2841
                                                  Adj R-squared   =     0.2768
Number of clusters (ac_elec_yr) =       9935      Within R-sq.    =     0.0031
                                                  Root MSE        =  1476.4356

                         (Std. err. adjusted for 9,935 clusters in ac_elec_yr)
------------------------------------------------------------------------------
             |               Robust
      countk | Coefficient  std. err.      t    P>|t|     [95% conf. interval]
-------------+----------------------------------------------------------------
relative_y~x |
          1  |          0  (omitted)
          2  |          0  (omitted)
          3  |          0  (omitted)
          4  |          0  (omitted)
          5  |          0  (omitted)
          6  |          0  (omitted)
          7  |          0  (omitted)
          9  |          0  (omitted)
         10  |          0  (omitted)
             |
     1.treat |          0  (omitted)
wind_direc~n |  -1.160507   .0356291   -32.57   0.000    -1.230347   -1.090666
av_wind_sp~d |   308.0814    17.7832    17.32   0.000     273.2227    342.9401
             |
relative_y~x#|
       treat |
        1 1  |  -4.977911   11.94677    -0.42   0.677      -28.396    18.44018
        2 1  |   -7.18196   11.83204    -0.61   0.544    -30.37516    16.01124
        3 1  |   3.328881   11.56848     0.29   0.774    -19.34769    26.00545
        4 1  |  -.2031194   11.56775    -0.02   0.986    -22.87825    22.47201
        5 1  |   26.28273   12.77017     2.06   0.040     1.250616    51.31485
        6 1  |   13.54022   8.812158     1.54   0.124    -3.733394    30.81384
        7 1  |   27.18689   9.826536     2.77   0.006     7.924883    46.44889
        9 1  |   183.0886   18.38626     9.96   0.000     147.0478    219.1294
       10 1  |   799.8394   113.5862     7.04   0.000     577.1875    1022.491
------------------------------------------------------------------------------

added scalar:
              e(ymean) =  439.55556

added scalar:
             e(ymean2) =  .

added scalar:
                e(acq) =  407

added scalar:
              e(fe_id) =  10

added scalar:
          e(n_treated) =  973251

added scalar:
          e(n_control) =  6541804

added macro:
               e(smpl) : "Rural"

added macro:
             e(fespec) : "unique_small_grid_id_cohort monthyearco province_coho
> rt#election_year#yeargov"

added macro:
                e(mod) : "moderator"

added macro:
           e(controls) : "notyet"
(saving evreg1)
(file /users/aquisper/proj_bureaucrats_farms/code/_stacked_downup_replication/.
> ./../tables/exploratory_analysis/protest_original_controls_fe_sweep/protest_o
> riginal_fe10_controls_notyet_event_rural_acpop_all.ster saved)
EVENT controls=notyet FE=11: unique_small_grid_id_cohort province_cohort#c.mont
> hyear yeargov
(MWFE estimator converged in 19 iterations)

HDFE linear regression with Julia                 Number of obs   =  7,515,055
Absorbing 3 HDFE groups                           F(  20,   9935) =     204.29
Statistics cluster-robust                         Prob > F        =     0.0000
                                                  R-squared       =     0.0972
                                                  Adj R-squared   =     0.0883
Number of clusters (ac_elec_yr) =       9935      Within R-sq.    =     0.0229
                                                  Root MSE        =  1657.7475

                         (Std. err. adjusted for 9,935 clusters in ac_elec_yr)
------------------------------------------------------------------------------
             |               Robust
      countk | Coefficient  std. err.      t    P>|t|     [95% conf. interval]
-------------+----------------------------------------------------------------
relative_y~x |
          1  |  -1551.151   170.4548    -9.10   0.000    -1885.277   -1217.026
          2  |  -1415.546   148.3115    -9.54   0.000    -1706.267   -1124.826
          3  |  -1196.117   122.3624    -9.78   0.000    -1435.972   -956.2621
          4  |  -875.3946   99.30319    -8.82   0.000    -1070.049   -680.7402
          5  |  -649.7115   71.71262    -9.06   0.000    -790.2828   -509.1402
          6  |  -474.3775    48.6926    -9.74   0.000    -569.8249   -378.9302
          7  |  -252.7455   23.79793   -10.62   0.000    -299.3943   -206.0967
          9  |   212.5225   27.81967     7.64   0.000     157.9903    267.0547
         10  |   269.0423    47.1358     5.71   0.000     176.6465     361.438
             |
     1.treat |          0  (omitted)
wind_direc~n |  -2.493942   .0430185   -57.97   0.000    -2.578267   -2.409617
av_wind_sp~d |   165.9148   10.34216    16.04   0.000     145.6421    186.1876
             |
relative_y~x#|
       treat |
        1 1  |  -44.82221   12.93035    -3.47   0.001    -70.16831   -19.47611
        2 1  |   -29.8394     12.664    -2.36   0.018    -54.66341   -5.015391
        3 1  |  -7.192393   12.45728    -0.58   0.564    -31.61119     17.2264
        4 1  |   7.283442   13.62837     0.53   0.593    -19.43093    33.99781
        5 1  |  -26.57121   13.82897    -1.92   0.055    -53.67879    .5363624
        6 1  |   -17.0185   9.517756    -1.79   0.074    -35.67523    1.638229
        7 1  |  -4.950906   11.32201    -0.44   0.662    -27.14434    17.24253
        9 1  |   117.1162   14.91884     7.85   0.000     87.87223    146.3601
       10 1  |   316.7369   36.30999     8.72   0.000      245.562    387.9119
------------------------------------------------------------------------------

added scalar:
              e(ymean) =  439.55556

added scalar:
             e(ymean2) =  .

added scalar:
                e(acq) =  407

added scalar:
              e(fe_id) =  11

added scalar:
          e(n_treated) =  973251

added scalar:
          e(n_control) =  6541804

added macro:
               e(smpl) : "Rural"

added macro:
             e(fespec) : "unique_small_grid_id_cohort province_cohort#c.monthye
> ar yeargov"

added macro:
                e(mod) : "moderator"

added macro:
           e(controls) : "notyet"
(saving evreg1)
(file /users/aquisper/proj_bureaucrats_farms/code/_stacked_downup_replication/.
> ./../tables/exploratory_analysis/protest_original_controls_fe_sweep/protest_o
> riginal_fe11_controls_notyet_event_rural_acpop_all.ster saved)
EVENT controls=notyet FE=12: unique_small_grid_id_cohort province_cohort#c.mont
> hyear province_cohort#election_year
(MWFE estimator converged in 30 iterations)

HDFE linear regression with Julia                 Number of obs   =  7,515,055
Absorbing 3 HDFE groups                           F(  20,   9935) =     184.50
Statistics cluster-robust                         Prob > F        =     0.0000
                                                  R-squared       =     0.0974
                                                  Adj R-squared   =     0.0884
Number of clusters (ac_elec_yr) =       9935      Within R-sq.    =     0.0228
                                                  Root MSE        =  1657.6018

                         (Std. err. adjusted for 9,935 clusters in ac_elec_yr)
------------------------------------------------------------------------------
             |               Robust
      countk | Coefficient  std. err.      t    P>|t|     [95% conf. interval]
-------------+----------------------------------------------------------------
relative_y~x |
          1  |  -1553.479   171.3823    -9.06   0.000    -1889.423   -1217.535
          2  |  -1415.881   149.2667    -9.49   0.000    -1708.474   -1123.288
          3  |  -1225.795   122.9265    -9.97   0.000    -1466.755   -984.8337
          4  |  -901.2945   99.63633    -9.05   0.000    -1096.602   -705.9871
          5  |  -641.9418   71.54849    -8.97   0.000    -782.1914   -501.6923
          6  |  -474.5402   48.85691    -9.71   0.000    -570.3096   -378.7707
          7  |  -245.6216   23.96618   -10.25   0.000    -292.6002    -198.643
          9  |   213.4288   27.76492     7.69   0.000     159.0039    267.8537
         10  |   299.4328   47.69052     6.28   0.000     205.9498    392.9159
             |
     1.treat |          0  (omitted)
wind_direc~n |  -2.478332   .0427258   -58.01   0.000    -2.562083   -2.394581
av_wind_sp~d |   173.1595   10.47415    16.53   0.000     152.6281     193.691
             |
relative_y~x#|
       treat |
        1 1  |   -30.0158   12.77374    -2.35   0.019    -55.05493    -4.97668
        2 1  |  -31.48167   12.58818    -2.50   0.012    -56.15706   -6.806285
        3 1  |  -14.00294   12.49253    -1.12   0.262    -38.49083    10.48495
        4 1  |   16.85413   13.03807     1.29   0.196    -8.703128    42.41139
        5 1  |  -15.81019   14.00093    -1.13   0.259    -43.25485    11.63446
        6 1  |  -3.306326   9.263227    -0.36   0.721    -21.46413    14.85148
        7 1  |  -1.075346    10.9761    -0.10   0.922    -22.59072    20.44003
        9 1  |   130.1174   15.32213     8.49   0.000     100.0829    160.1519
       10 1  |   342.1868   40.76264     8.39   0.000     262.2837    422.0898
------------------------------------------------------------------------------

added scalar:
              e(ymean) =  439.55556

added scalar:
             e(ymean2) =  .

added scalar:
                e(acq) =  407

added scalar:
              e(fe_id) =  12

added scalar:
          e(n_treated) =  973251

added scalar:
          e(n_control) =  6541804

added macro:
               e(smpl) : "Rural"

added macro:
             e(fespec) : "unique_small_grid_id_cohort province_cohort#c.monthye
> ar province_cohort#election_year"

added macro:
                e(mod) : "moderator"

added macro:
           e(controls) : "notyet"
(saving evreg1)
(file /users/aquisper/proj_bureaucrats_farms/code/_stacked_downup_replication/.
> ./../tables/exploratory_analysis/protest_original_controls_fe_sweep/protest_o
> riginal_fe12_controls_notyet_event_rural_acpop_all.ster saved)
EVENT controls=notyet FE=13: unique_small_grid_id_cohort province_cohort#c.mont
> hyear province_cohort#election_year#yeargov
(MWFE estimator converged in 26 iterations)

HDFE linear regression with Julia                 Number of obs   =  7,515,055
Absorbing 3 HDFE groups                           F(  20,   9935) =     181.90
Statistics cluster-robust                         Prob > F        =     0.0000
                                                  R-squared       =     0.1026
                                                  Adj R-squared   =     0.0937
Number of clusters (ac_elec_yr) =       9935      Within R-sq.    =     0.0260
                                                  Root MSE        =  1652.8409

                         (Std. err. adjusted for 9,935 clusters in ac_elec_yr)
------------------------------------------------------------------------------
             |               Robust
      countk | Coefficient  std. err.      t    P>|t|     [95% conf. interval]
-------------+----------------------------------------------------------------
relative_y~x |
          1  |  -2092.576   208.6251   -10.03   0.000    -2501.524   -1683.629
          2  |  -1864.559   179.4985   -10.39   0.000    -2216.413   -1512.706
          3  |  -1555.685   146.9427   -10.59   0.000    -1843.723   -1267.648
          4  |  -1158.939    117.304    -9.88   0.000    -1388.879   -928.9997
          5  |  -817.7972   87.06227    -9.39   0.000    -988.4569   -647.1375
          6  |  -500.1094   57.59066    -8.68   0.000    -612.9988     -387.22
          7  |  -230.5721   28.11766    -8.20   0.000    -285.6884   -175.4558
          9  |   338.8649   34.65465     9.78   0.000     270.9347     406.795
         10  |   580.8261   55.27233    10.51   0.000     472.4811    689.1711
             |
     1.treat |          0  (omitted)
wind_direc~n |  -2.769033     .04774   -58.00   0.000    -2.862613   -2.675453
av_wind_sp~d |   169.6316   11.79993    14.38   0.000     146.5013    192.7619
             |
relative_y~x#|
       treat |
        1 1  |  -16.72169     13.715    -1.22   0.223    -43.60588    10.16251
        2 1  |   -19.0276   12.62166    -1.51   0.132    -43.76861    5.713412
        3 1  |    -4.2835   12.55198    -0.34   0.733    -28.88793    20.32093
        4 1  |    5.95785   13.13377     0.45   0.650    -19.78701    31.70271
        5 1  |   15.57094   14.24513     1.09   0.274     -12.3524    43.49427
        6 1  |  -1.695654   9.792282    -0.17   0.863    -20.89051    17.49921
        7 1  |   7.107375   11.73259     0.61   0.545    -15.89088    30.10563
        9 1  |   238.9097   17.16518    13.92   0.000     205.2625    272.5569
       10 1  |   612.9568   54.79343    11.19   0.000     505.5505     720.363
------------------------------------------------------------------------------

added scalar:
              e(ymean) =  439.55556

added scalar:
             e(ymean2) =  .

added scalar:
                e(acq) =  407

added scalar:
              e(fe_id) =  13

added scalar:
          e(n_treated) =  973251

added scalar:
          e(n_control) =  6541804

added macro:
               e(smpl) : "Rural"

added macro:
             e(fespec) : "unique_small_grid_id_cohort province_cohort#c.monthye
> ar province_cohort#election_year#yeargov"

added macro:
                e(mod) : "moderator"

added macro:
           e(controls) : "notyet"
(saving evreg1)
(file /users/aquisper/proj_bureaucrats_farms/code/_stacked_downup_replication/.
> ./../tables/exploratory_analysis/protest_original_controls_fe_sweep/protest_o
> riginal_fe13_controls_notyet_event_rural_acpop_all.ster saved)
EVENT controls=notyet FE=14: unique_small_grid_id_cohort yeargov province_cohor
> t#election_year
(MWFE estimator converged in 11 iterations)

HDFE linear regression with Julia                 Number of obs   =  7,515,055
Absorbing 3 HDFE groups                           F(  20,   9935) =     196.14
Statistics cluster-robust                         Prob > F        =     0.0000
                                                  R-squared       =     0.0962
                                                  Adj R-squared   =     0.0873
Number of clusters (ac_elec_yr) =       9935      Within R-sq.    =     0.0217
                                                  Root MSE        =  1658.6270

                         (Std. err. adjusted for 9,935 clusters in ac_elec_yr)
------------------------------------------------------------------------------
             |               Robust
      countk | Coefficient  std. err.      t    P>|t|     [95% conf. interval]
-------------+----------------------------------------------------------------
relative_y~x |
          1  |  -558.1956   91.31797    -6.11   0.000    -737.1973   -379.1939
          2  |  -561.6699   80.30535    -6.99   0.000    -719.0847   -404.2551
          3  |  -507.0039   65.68981    -7.72   0.000    -635.7693   -378.2386
          4  |  -335.0271   54.34691    -6.16   0.000     -441.558   -228.4961
          5  |  -244.2731   38.26998    -6.38   0.000      -319.29   -169.2561
          6  |  -196.6513   25.95663    -7.58   0.000    -247.5315    -145.771
          7  |  -113.8024   12.74738    -8.93   0.000    -138.7899   -88.81499
          9  |   91.07452   18.88114     4.82   0.000     54.06367    128.0854
         10  |   22.17809    33.0489     0.67   0.502    -42.60446    86.96064
             |
     1.treat |          0  (omitted)
wind_direc~n |  -2.477252   .0417576   -59.32   0.000    -2.559105   -2.395398
av_wind_sp~d |   172.1016   11.62139    14.81   0.000     149.3213    194.8819
             |
relative_y~x#|
       treat |
        1 1  |  -37.78158   12.81909    -2.95   0.003    -62.90958   -12.65357
        2 1  |  -34.45172   12.42244    -2.77   0.006    -58.80223   -10.10121
        3 1  |  -13.66229   12.56702    -1.09   0.277    -38.29619    10.97161
        4 1  |   6.190317   13.52352     0.46   0.647    -20.31853    32.69917
        5 1  |  -20.54355   13.43179    -1.53   0.126    -46.87258    5.785472
        6 1  |  -16.91514   9.801589    -1.73   0.084    -36.12824    2.297964
        7 1  |  -3.946999   11.37719    -0.35   0.729    -26.24859     18.3546
        9 1  |   94.34399   15.27127     6.18   0.000     64.40921    124.2788
       10 1  |   317.9408   39.57544     8.03   0.000     240.3649    395.5167
------------------------------------------------------------------------------

added scalar:
              e(ymean) =  439.55556

added scalar:
             e(ymean2) =  .

added scalar:
                e(acq) =  407

added scalar:
              e(fe_id) =  14

added scalar:
          e(n_treated) =  973251

added scalar:
          e(n_control) =  6541804

added macro:
               e(smpl) : "Rural"

added macro:
             e(fespec) : "unique_small_grid_id_cohort yeargov province_cohort#e
> lection_year"

added macro:
                e(mod) : "moderator"

added macro:
           e(controls) : "notyet"
(saving evreg1)
(file /users/aquisper/proj_bureaucrats_farms/code/_stacked_downup_replication/.
> ./../tables/exploratory_analysis/protest_original_controls_fe_sweep/protest_o
> riginal_fe14_controls_notyet_event_rural_acpop_all.ster saved)
EVENT controls=notyet FE=15: unique_small_grid_id_cohort yeargov province_cohor
> t#election_year#yeargov
(MWFE estimator converged in 11 iterations)

HDFE linear regression with Julia                 Number of obs   =  7,515,055
Absorbing 3 HDFE groups                           F(  20,   9935) =     189.18
Statistics cluster-robust                         Prob > F        =     0.0000
                                                  R-squared       =     0.0992
                                                  Adj R-squared   =     0.0903
Number of clusters (ac_elec_yr) =       9935      Within R-sq.    =     0.0223
                                                  Root MSE        =  1655.9148

                         (Std. err. adjusted for 9,935 clusters in ac_elec_yr)
------------------------------------------------------------------------------
             |               Robust
      countk | Coefficient  std. err.      t    P>|t|     [95% conf. interval]
-------------+----------------------------------------------------------------
relative_y~x |
          1  |  -501.1572   92.76829    -5.40   0.000    -683.0018   -319.3125
          2  |   -494.791   80.18855    -6.17   0.000    -651.9768   -337.6052
          3  |  -412.8724   65.50324    -6.30   0.000    -541.2721   -284.4728
          4  |  -247.5598   55.10703    -4.49   0.000    -355.5808   -139.5389
          5  |  -127.8814   46.67957    -2.74   0.006    -219.3828      -36.38
          6  |  -40.03305    30.5505    -1.31   0.190    -99.91822    19.85212
          7  |    1.41156   14.92781     0.09   0.925    -27.84998     30.6731
          9  |   136.8183   22.91443     5.97   0.000     91.90138    181.7352
         10  |   233.4157   34.92734     6.68   0.000      164.951    301.8804
             |
     1.treat |          0  (omitted)
wind_direc~n |  -2.519577   .0425156   -59.26   0.000    -2.602916   -2.436238
av_wind_sp~d |   178.7954   11.75403    15.21   0.000     155.7551    201.8357
             |
relative_y~x#|
       treat |
        1 1  |  -16.91111   13.59498    -1.24   0.214    -43.56004    9.737813
        2 1  |  -24.67918   12.55969    -1.96   0.049    -49.29873   -.0596385
        3 1  |  -11.16682   12.55527    -0.89   0.374    -35.77768    13.44405
        4 1  |  -.1013876   13.05538    -0.01   0.994    -25.69258     25.4898
        5 1  |   8.689972   14.14172     0.61   0.539    -19.03067    36.41061
        6 1  |  -7.353669   9.816549    -0.75   0.454     -26.5961    11.88876
        7 1  |   .0407401   11.99008     0.00   0.997    -23.46225    23.54373
        9 1  |    186.551   16.42632    11.36   0.000      154.352    218.7499
       10 1  |   456.7367   51.08941     8.94   0.000     356.5911    556.8823
------------------------------------------------------------------------------

added scalar:
              e(ymean) =  439.55556

added scalar:
             e(ymean2) =  .

added scalar:
                e(acq) =  407

added scalar:
              e(fe_id) =  15

added scalar:
          e(n_treated) =  973251

added scalar:
          e(n_control) =  6541804

added macro:
               e(smpl) : "Rural"

added macro:
             e(fespec) : "unique_small_grid_id_cohort yeargov province_cohort#e
> lection_year#yeargov"

added macro:
                e(mod) : "moderator"

added macro:
           e(controls) : "notyet"
(saving evreg1)
(file /users/aquisper/proj_bureaucrats_farms/code/_stacked_downup_replication/.
> ./../tables/exploratory_analysis/protest_original_controls_fe_sweep/protest_o
> riginal_fe15_controls_notyet_event_rural_acpop_all.ster saved)

. 
. * Reload the prepared full sample once and loop over the DiD specifications.
. use `full_analysis_sample', clear

. gen byte post_ = relative_year_bin >= 0

. gen byte moderator = downup_ac_pop

. local moderators_list downup_ac_pop

. count if treat == 1
  1,015,560

. local did_n_treated = r(N)

. count if treat == 0
  6,699,894

. local did_n_control = r(N)

. egen byte did_tag_ac = tag(ac_uq_id)

. count if did_tag_ac
  407

. local did_numacs = r(N)

. drop did_tag_ac

. quietly summarize countk if treat == 1 & relative_year_bin <= -1

. local did_ymean = r(mean)

. quietly summarize countk if treat == 1 & relative_year_bin <= -1 & moderator 
> == 1

. local did_ymean2 = r(mean)

. 
. foreach mod of local moderators_list {
  2.     local rhs "ib0.post_##ib0.treat##ib0.`mod' wind_direction av_wind_spee
> d"
  3.     foreach selected_fe of numlist $fe_list {
  4.         local fespec "`fe`selected_fe''"
  5.         local fe_tag : display %02.0f `selected_fe'
  6.         local fe_tag = strtrim("`fe_tag'")
  7.         local prefix "protest_original_fe`fe_tag'_controls_`control_sample
> '"
  8.         display as result "DID controls=`control_sample' FE=`selected_fe':
>  `fespec'"
  9.         est clear
 10.         reghdfejl countk `rhs', absorb(`fespec') vce(cluster ac_elec_yr)
 11.         estadd scalar ymean = `did_ymean'
 12.         estadd scalar ymean2 = `did_ymean2'
 13.         estadd scalar acq = `did_numacs'
 14.         estadd scalar fe_id = `selected_fe'
 15.         estadd scalar n_treated = `did_n_treated'
 16.         estadd scalar n_control = `did_n_control'
 17.         estadd local smpl "Rural"
 18.         estadd local fespec "`fespec'"
 19.         estadd local mod "`mod'"
 20.         estadd local controls "`control_sample'"
 21.         est store evreg1
 22.         local did_out "${tables}/`prefix'_did_interaction_rural_acpop_all"
 23.         estwrite evreg1 using "`did_out'.ster", replace
 24.         confirm file "`did_out'.ster"
 25.     }
 26. }
DID controls=notyet FE=1: unique_small_grid_id_cohort
(MWFE estimator converged in 1 iterations)

HDFE linear regression with Julia                 Number of obs   =  7,715,454
Absorbing 1 HDFE group                            F(   8,   9935) =     450.65
Statistics cluster-robust                         Prob > F        =     0.0000
                                                  R-squared       =     0.0955
                                                  Adj R-squared   =     0.0868
Number of clusters (ac_elec_yr) =       9935      Within R-sq.    =     0.0209
                                                  Root MSE        =  1677.7495

                         (Std. err. adjusted for 9,935 clusters in ac_elec_yr)
------------------------------------------------------------------------------
             |               Robust
      countk | Coefficient  std. err.      t    P>|t|     [95% conf. interval]
-------------+----------------------------------------------------------------
     1.post_ |  -4.032843   13.19595    -0.31   0.760    -29.89958     21.8339
     1.treat |          0  (omitted)
1.downup_a~p |  -24.97507   5.997662    -4.16   0.000    -36.73171   -13.21844
wind_direc~n |  -2.500948   .0425201   -58.82   0.000    -2.584296     -2.4176
av_wind_sp~d |   132.6843   8.791019    15.09   0.000     115.4521    149.9165
             |
 post_#treat |
        1 1  |   104.5843   19.28179     5.42   0.000     66.78814    142.3806
             |
       post_#|
downup_ac_~p |
        1 1  |  -19.39444   12.98658    -1.49   0.135    -44.85077    6.061886
             |
       treat#|
downup_ac_~p |
        1 1  |    17.1393   16.83883     1.02   0.309    -15.86821    50.14682
             |
 post_#treat#|
downup_ac_~p |
      1 1 1  |   3.910345   24.68645     0.16   0.874    -44.48009    52.30078
------------------------------------------------------------------------------

added scalar:
              e(ymean) =  446.2126

added scalar:
             e(ymean2) =  440.21376

added scalar:
                e(acq) =  407

added scalar:
              e(fe_id) =  1

added scalar:
          e(n_treated) =  1015560

added scalar:
          e(n_control) =  6699894

added macro:
               e(smpl) : "Rural"

added macro:
             e(fespec) : "unique_small_grid_id_cohort"

added macro:
                e(mod) : "downup_ac_pop"

added macro:
           e(controls) : "notyet"
(saving evreg1)
(file /users/aquisper/proj_bureaucrats_farms/code/_stacked_downup_replication/.
> ./../tables/exploratory_analysis/protest_original_controls_fe_sweep/protest_o
> riginal_fe01_controls_notyet_did_interaction_rural_acpop_all.ster saved)
DID controls=notyet FE=2: unique_small_grid_id_cohort monthyearco
(MWFE estimator converged in 8 iterations)

HDFE linear regression with Julia                 Number of obs   =  7,715,454
Absorbing 2 HDFE groups                           F(   7,   9935) =     237.33
Statistics cluster-robust                         Prob > F        =     0.0000
                                                  R-squared       =     0.2825
                                                  Adj R-squared   =     0.2754
Number of clusters (ac_elec_yr) =       9935      Within R-sq.    =     0.0034
                                                  Root MSE        =  1494.5235

                         (Std. err. adjusted for 9,935 clusters in ac_elec_yr)
------------------------------------------------------------------------------
             |               Robust
      countk | Coefficient  std. err.      t    P>|t|     [95% conf. interval]
-------------+----------------------------------------------------------------
     1.post_ |          0  (omitted)
     1.treat |          0  (omitted)
1.downup_a~p |  -27.02296   5.657441    -4.78   0.000    -38.11269   -15.93323
wind_direc~n |  -1.214098   .0344108   -35.28   0.000    -1.281551   -1.146646
av_wind_sp~d |   330.4495   18.11605    18.24   0.000     294.9384    365.9606
             |
 post_#treat |
        1 1  |   190.7242   19.90143     9.58   0.000     151.7134    229.7351
             |
       post_#|
downup_ac_~p |
        1 1  |  -27.23933   12.45599    -2.19   0.029    -51.65559   -2.823061
             |
       treat#|
downup_ac_~p |
        1 1  |   16.30629   15.37101     1.06   0.289      -13.824    46.43658
             |
 post_#treat#|
downup_ac_~p |
      1 1 1  |   9.778476   22.03519     0.44   0.657    -33.41497    52.97192
------------------------------------------------------------------------------

added scalar:
              e(ymean) =  446.2126

added scalar:
             e(ymean2) =  440.21376

added scalar:
                e(acq) =  407

added scalar:
              e(fe_id) =  2

added scalar:
          e(n_treated) =  1015560

added scalar:
          e(n_control) =  6699894

added macro:
               e(smpl) : "Rural"

added macro:
             e(fespec) : "unique_small_grid_id_cohort monthyearco"

added macro:
                e(mod) : "downup_ac_pop"

added macro:
           e(controls) : "notyet"
(saving evreg1)
(file /users/aquisper/proj_bureaucrats_farms/code/_stacked_downup_replication/.
> ./../tables/exploratory_analysis/protest_original_controls_fe_sweep/protest_o
> riginal_fe02_controls_notyet_did_interaction_rural_acpop_all.ster saved)
DID controls=notyet FE=3: unique_small_grid_id_cohort province_cohort#c.monthye
> ar
(MWFE estimator converged in 9 iterations)

HDFE linear regression with Julia                 Number of obs   =  7,715,454
Absorbing 2 HDFE groups                           F(   8,   9935) =     443.53
Statistics cluster-robust                         Prob > F        =     0.0000
                                                  R-squared       =     0.0964
                                                  Adj R-squared   =     0.0877
Number of clusters (ac_elec_yr) =       9935      Within R-sq.    =     0.0207
                                                  Root MSE        =  1676.9377

                         (Std. err. adjusted for 9,935 clusters in ac_elec_yr)
------------------------------------------------------------------------------
             |               Robust
      countk | Coefficient  std. err.      t    P>|t|     [95% conf. interval]
-------------+----------------------------------------------------------------
     1.post_ |   72.60741   14.55435     4.99   0.000     44.07794    101.1369
     1.treat |          0  (omitted)
1.downup_a~p |  -24.73179   5.975013    -4.14   0.000    -36.44403   -13.01956
wind_direc~n |   -2.48496   .0424221   -58.58   0.000    -2.568116   -2.401804
av_wind_sp~d |   132.6384    8.79561    15.08   0.000     115.3972    149.8795
             |
 post_#treat |
        1 1  |   116.0393    19.7869     5.86   0.000     77.25301    154.8257
             |
       post_#|
downup_ac_~p |
        1 1  |  -20.77202   13.06994    -1.59   0.112    -46.39176    4.847713
             |
       treat#|
downup_ac_~p |
        1 1  |   16.84622   16.69981     1.01   0.313    -15.88879    49.58123
             |
 post_#treat#|
downup_ac_~p |
      1 1 1  |   6.468982    24.8227     0.26   0.794    -42.18854    55.12651
------------------------------------------------------------------------------

added scalar:
              e(ymean) =  446.2126

added scalar:
             e(ymean2) =  440.21376

added scalar:
                e(acq) =  407

added scalar:
              e(fe_id) =  3

added scalar:
          e(n_treated) =  1015560

added scalar:
          e(n_control) =  6699894

added macro:
               e(smpl) : "Rural"

added macro:
             e(fespec) : "unique_small_grid_id_cohort province_cohort#c.monthye
> ar"

added macro:
                e(mod) : "downup_ac_pop"

added macro:
           e(controls) : "notyet"
(saving evreg1)
(file /users/aquisper/proj_bureaucrats_farms/code/_stacked_downup_replication/.
> ./../tables/exploratory_analysis/protest_original_controls_fe_sweep/protest_o
> riginal_fe03_controls_notyet_did_interaction_rural_acpop_all.ster saved)
DID controls=notyet FE=4: unique_small_grid_id_cohort yeargov
(MWFE estimator converged in 6 iterations)

HDFE linear regression with Julia                 Number of obs   =  7,715,454
Absorbing 2 HDFE groups                           F(   8,   9935) =     450.00
Statistics cluster-robust                         Prob > F        =     0.0000
                                                  R-squared       =     0.0957
                                                  Adj R-squared   =     0.0871
Number of clusters (ac_elec_yr) =       9935      Within R-sq.    =     0.0210
                                                  Root MSE        =  1677.5074

                         (Std. err. adjusted for 9,935 clusters in ac_elec_yr)
------------------------------------------------------------------------------
             |               Robust
      countk | Coefficient  std. err.      t    P>|t|     [95% conf. interval]
-------------+----------------------------------------------------------------
     1.post_ |  -12.26895   13.41605    -0.91   0.360    -38.56712    14.02922
     1.treat |          0  (omitted)
1.downup_a~p |  -24.93934   5.994682    -4.16   0.000    -36.69014   -13.18855
wind_direc~n |  -2.511692   .0426351   -58.91   0.000    -2.595266   -2.428119
av_wind_sp~d |   131.1319   8.775707    14.94   0.000     113.9297    148.3341
             |
 post_#treat |
        1 1  |   98.02529   19.28041     5.08   0.000     60.23177    135.8188
             |
       post_#|
downup_ac_~p |
        1 1  |  -19.80775   12.96804    -1.53   0.127    -45.22773    5.612232
             |
       treat#|
downup_ac_~p |
        1 1  |   16.82163   16.85408     1.00   0.318    -16.21578    49.85904
             |
 post_#treat#|
downup_ac_~p |
      1 1 1  |   6.007492   24.53509     0.24   0.807    -42.08626    54.10124
------------------------------------------------------------------------------

added scalar:
              e(ymean) =  446.2126

added scalar:
             e(ymean2) =  440.21376

added scalar:
                e(acq) =  407

added scalar:
              e(fe_id) =  4

added scalar:
          e(n_treated) =  1015560

added scalar:
          e(n_control) =  6699894

added macro:
               e(smpl) : "Rural"

added macro:
             e(fespec) : "unique_small_grid_id_cohort yeargov"

added macro:
                e(mod) : "downup_ac_pop"

added macro:
           e(controls) : "notyet"
(saving evreg1)
(file /users/aquisper/proj_bureaucrats_farms/code/_stacked_downup_replication/.
> ./../tables/exploratory_analysis/protest_original_controls_fe_sweep/protest_o
> riginal_fe04_controls_notyet_did_interaction_rural_acpop_all.ster saved)
DID controls=notyet FE=5: unique_small_grid_id_cohort province_cohort#election_
> year
(MWFE estimator converged in 8 iterations)

HDFE linear regression with Julia                 Number of obs   =  7,715,454
Absorbing 2 HDFE groups                           F(   8,   9935) =     442.25
Statistics cluster-robust                         Prob > F        =     0.0000
                                                  R-squared       =     0.0966
                                                  Adj R-squared   =     0.0879
Number of clusters (ac_elec_yr) =       9935      Within R-sq.    =     0.0207
                                                  Root MSE        =  1676.7569

                         (Std. err. adjusted for 9,935 clusters in ac_elec_yr)
------------------------------------------------------------------------------
             |               Robust
      countk | Coefficient  std. err.      t    P>|t|     [95% conf. interval]
-------------+----------------------------------------------------------------
     1.post_ |   67.75987    14.1224     4.80   0.000      40.0771    95.44263
     1.treat |          0  (omitted)
1.downup_a~p |  -24.68004   5.972511    -4.13   0.000    -36.38737    -12.9727
wind_direc~n |  -2.485769   .0423734   -58.66   0.000     -2.56883   -2.402709
av_wind_sp~d |   134.6172   8.824211    15.26   0.000     117.3199    151.9144
             |
 post_#treat |
        1 1  |    140.226   19.92736     7.04   0.000     101.1643    179.2877
             |
       post_#|
downup_ac_~p |
        1 1  |  -19.86518   12.93681    -1.54   0.125    -45.22395    5.493593
             |
       treat#|
downup_ac_~p |
        1 1  |   16.72574   16.73373     1.00   0.318    -16.07577    49.52724
             |
 post_#treat#|
downup_ac_~p |
      1 1 1  |   7.841001   24.19484     0.32   0.746    -39.58579    55.26779
------------------------------------------------------------------------------

added scalar:
              e(ymean) =  446.2126

added scalar:
             e(ymean2) =  440.21376

added scalar:
                e(acq) =  407

added scalar:
              e(fe_id) =  5

added scalar:
          e(n_treated) =  1015560

added scalar:
          e(n_control) =  6699894

added macro:
               e(smpl) : "Rural"

added macro:
             e(fespec) : "unique_small_grid_id_cohort province_cohort#election_
> year"

added macro:
                e(mod) : "downup_ac_pop"

added macro:
           e(controls) : "notyet"
(saving evreg1)
(file /users/aquisper/proj_bureaucrats_farms/code/_stacked_downup_replication/.
> ./../tables/exploratory_analysis/protest_original_controls_fe_sweep/protest_o
> riginal_fe05_controls_notyet_did_interaction_rural_acpop_all.ster saved)
DID controls=notyet FE=6: unique_small_grid_id_cohort province_cohort#election_
> year#yeargov
(MWFE estimator converged in 9 iterations)

HDFE linear regression with Julia                 Number of obs   =  7,715,454
Absorbing 2 HDFE groups                           F(   8,   9935) =     447.25
Statistics cluster-robust                         Prob > F        =     0.0000
                                                  R-squared       =     0.0993
                                                  Adj R-squared   =     0.0906
Number of clusters (ac_elec_yr) =       9935      Within R-sq.    =     0.0213
                                                  Root MSE        =  1674.2478

                         (Std. err. adjusted for 9,935 clusters in ac_elec_yr)
------------------------------------------------------------------------------
             |               Robust
      countk | Coefficient  std. err.      t    P>|t|     [95% conf. interval]
-------------+----------------------------------------------------------------
     1.post_ |   131.5087   24.27377     5.42   0.000     83.92715    179.0902
     1.treat |          0  (omitted)
1.downup_a~p |  -24.23951   5.922353    -4.09   0.000    -35.84853    -12.6305
wind_direc~n |  -2.531695    .042872   -59.05   0.000    -2.615733   -2.447657
av_wind_sp~d |   153.9361   9.304556    16.54   0.000     135.6973     172.175
             |
 post_#treat |
        1 1  |   248.8391    21.1865    11.75   0.000     207.3093    290.3689
             |
       post_#|
downup_ac_~p |
        1 1  |  -16.60099    12.8052    -1.30   0.195    -41.70178     8.49981
             |
       treat#|
downup_ac_~p |
        1 1  |   15.66992   16.52818     0.95   0.343    -16.72866    48.06851
             |
 post_#treat#|
downup_ac_~p |
      1 1 1  |    8.30057   23.37571     0.36   0.723    -37.52056     54.1217
------------------------------------------------------------------------------

added scalar:
              e(ymean) =  446.2126

added scalar:
             e(ymean2) =  440.21376

added scalar:
                e(acq) =  407

added scalar:
              e(fe_id) =  6

added scalar:
          e(n_treated) =  1015560

added scalar:
          e(n_control) =  6699894

added macro:
               e(smpl) : "Rural"

added macro:
             e(fespec) : "unique_small_grid_id_cohort province_cohort#election_
> year#yeargov"

added macro:
                e(mod) : "downup_ac_pop"

added macro:
           e(controls) : "notyet"
(saving evreg1)
(file /users/aquisper/proj_bureaucrats_farms/code/_stacked_downup_replication/.
> ./../tables/exploratory_analysis/protest_original_controls_fe_sweep/protest_o
> riginal_fe06_controls_notyet_did_interaction_rural_acpop_all.ster saved)
DID controls=notyet FE=7: unique_small_grid_id_cohort monthyearco province_coho
> rt#c.monthyear
(MWFE estimator converged in 35 iterations)

HDFE linear regression with Julia                 Number of obs   =  7,715,454
Absorbing 3 HDFE groups                           F(   7,   9935) =     233.42
Statistics cluster-robust                         Prob > F        =     0.0000
                                                  R-squared       =     0.2828
                                                  Adj R-squared   =     0.2757
Number of clusters (ac_elec_yr) =       9935      Within R-sq.    =     0.0035
                                                  Root MSE        =  1494.1745

                         (Std. err. adjusted for 9,935 clusters in ac_elec_yr)
------------------------------------------------------------------------------
             |               Robust
      countk | Coefficient  std. err.      t    P>|t|     [95% conf. interval]
-------------+----------------------------------------------------------------
     1.post_ |          0  (omitted)
     1.treat |          0  (omitted)
1.downup_a~p |  -26.89417   5.641066    -4.77   0.000     -37.9518   -15.83653
wind_direc~n |  -1.207597   .0346848   -34.82   0.000    -1.275586   -1.139608
av_wind_sp~d |    335.698    18.2291    18.42   0.000     299.9652    371.4307
             |
 post_#treat |
        1 1  |   195.8064   20.19325     9.70   0.000     156.2236    235.3893
             |
       post_#|
downup_ac_~p |
        1 1  |  -28.41281   12.56974    -2.26   0.024    -53.05206   -3.773566
             |
       treat#|
downup_ac_~p |
        1 1  |   15.99499     15.271     1.05   0.295    -13.93927    45.92924
             |
 post_#treat#|
downup_ac_~p |
      1 1 1  |   11.98065   22.26853     0.54   0.591    -31.67017    55.63148
------------------------------------------------------------------------------

added scalar:
              e(ymean) =  446.2126

added scalar:
             e(ymean2) =  440.21376

added scalar:
                e(acq) =  407

added scalar:
              e(fe_id) =  7

added scalar:
          e(n_treated) =  1015560

added scalar:
          e(n_control) =  6699894

added macro:
               e(smpl) : "Rural"

added macro:
             e(fespec) : "unique_small_grid_id_cohort monthyearco province_coho
> rt#c.monthyear"

added macro:
                e(mod) : "downup_ac_pop"

added macro:
           e(controls) : "notyet"
(saving evreg1)
(file /users/aquisper/proj_bureaucrats_farms/code/_stacked_downup_replication/.
> ./../tables/exploratory_analysis/protest_original_controls_fe_sweep/protest_o
> riginal_fe07_controls_notyet_did_interaction_rural_acpop_all.ster saved)
DID controls=notyet FE=8: unique_small_grid_id_cohort monthyearco yeargov
(MWFE estimator converged in 15 iterations)

HDFE linear regression with Julia                 Number of obs   =  7,715,454
Absorbing 3 HDFE groups                           F(   7,   9935) =     234.38
Statistics cluster-robust                         Prob > F        =     0.0000
                                                  R-squared       =     0.2826
                                                  Adj R-squared   =     0.2755
Number of clusters (ac_elec_yr) =       9935      Within R-sq.    =     0.0034
                                                  Root MSE        =  1494.3784

                         (Std. err. adjusted for 9,935 clusters in ac_elec_yr)
------------------------------------------------------------------------------
             |               Robust
      countk | Coefficient  std. err.      t    P>|t|     [95% conf. interval]
-------------+----------------------------------------------------------------
     1.post_ |          0  (omitted)
     1.treat |          0  (omitted)
1.downup_a~p |  -27.00922   5.658856    -4.77   0.000    -38.10173   -15.91672
wind_direc~n |  -1.200361   .0342808   -35.02   0.000    -1.267558   -1.133163
av_wind_sp~d |   329.2086   18.11571    18.17   0.000     293.6981    364.7191
             |
 post_#treat |
        1 1  |   192.1002    19.8781     9.66   0.000     153.1351    231.0653
             |
       post_#|
downup_ac_~p |
        1 1  |  -26.90359   12.39489    -2.17   0.030    -51.20009   -2.607102
             |
       treat#|
downup_ac_~p |
        1 1  |   16.07497   15.38701     1.04   0.296    -14.08668    46.23662
             |
 post_#treat#|
downup_ac_~p |
      1 1 1  |   10.77529   21.83187     0.49   0.622    -32.01961    53.57019
------------------------------------------------------------------------------

added scalar:
              e(ymean) =  446.2126

added scalar:
             e(ymean2) =  440.21376

added scalar:
                e(acq) =  407

added scalar:
              e(fe_id) =  8

added scalar:
          e(n_treated) =  1015560

added scalar:
          e(n_control) =  6699894

added macro:
               e(smpl) : "Rural"

added macro:
             e(fespec) : "unique_small_grid_id_cohort monthyearco yeargov"

added macro:
                e(mod) : "downup_ac_pop"

added macro:
           e(controls) : "notyet"
(saving evreg1)
(file /users/aquisper/proj_bureaucrats_farms/code/_stacked_downup_replication/.
> ./../tables/exploratory_analysis/protest_original_controls_fe_sweep/protest_o
> riginal_fe08_controls_notyet_did_interaction_rural_acpop_all.ster saved)
DID controls=notyet FE=9: unique_small_grid_id_cohort monthyearco province_coho
> rt#election_year
(MWFE estimator converged in 38 iterations)

HDFE linear regression with Julia                 Number of obs   =  7,715,454
Absorbing 3 HDFE groups                           F(   7,   9935) =     231.02
Statistics cluster-robust                         Prob > F        =     0.0000
                                                  R-squared       =     0.2830
                                                  Adj R-squared   =     0.2758
Number of clusters (ac_elec_yr) =       9935      Within R-sq.    =     0.0034
                                                  Root MSE        =  1494.0393

                         (Std. err. adjusted for 9,935 clusters in ac_elec_yr)
------------------------------------------------------------------------------
             |               Robust
      countk | Coefficient  std. err.      t    P>|t|     [95% conf. interval]
-------------+----------------------------------------------------------------
     1.post_ |          0  (omitted)
     1.treat |          0  (omitted)
1.downup_a~p |  -26.87441   5.639945    -4.77   0.000    -37.92985   -15.81897
wind_direc~n |  -1.194334   .0345666   -34.55   0.000    -1.262092   -1.126577
av_wind_sp~d |   333.2728   18.17613    18.34   0.000     297.6439    368.9017
             |
 post_#treat |
        1 1  |   189.2347   20.12354     9.40   0.000     149.7885    228.6809
             |
       post_#|
downup_ac_~p |
        1 1  |  -28.75254   12.46918    -2.31   0.021    -53.19466   -4.310421
             |
       treat#|
downup_ac_~p |
        1 1  |   16.38131   15.28247     1.07   0.284    -13.57543    46.33804
             |
 post_#treat#|
downup_ac_~p |
      1 1 1  |   13.20246   21.86891     0.60   0.546    -29.66504    56.06996
------------------------------------------------------------------------------

added scalar:
              e(ymean) =  446.2126

added scalar:
             e(ymean2) =  440.21376

added scalar:
                e(acq) =  407

added scalar:
              e(fe_id) =  9

added scalar:
          e(n_treated) =  1015560

added scalar:
          e(n_control) =  6699894

added macro:
               e(smpl) : "Rural"

added macro:
             e(fespec) : "unique_small_grid_id_cohort monthyearco province_coho
> rt#election_year"

added macro:
                e(mod) : "downup_ac_pop"

added macro:
           e(controls) : "notyet"
(saving evreg1)
(file /users/aquisper/proj_bureaucrats_farms/code/_stacked_downup_replication/.
> ./../tables/exploratory_analysis/protest_original_controls_fe_sweep/protest_o
> riginal_fe09_controls_notyet_did_interaction_rural_acpop_all.ster saved)
DID controls=notyet FE=10: unique_small_grid_id_cohort monthyearco province_coh
> ort#election_year#yeargov
(MWFE estimator converged in 127 iterations)

HDFE linear regression with Julia                 Number of obs   =  7,715,454
Absorbing 3 HDFE groups                           F(   7,   9935) =     212.96
Statistics cluster-robust                         Prob > F        =     0.0000
                                                  R-squared       =     0.2851
                                                  Adj R-squared   =     0.2779
Number of clusters (ac_elec_yr) =       9935      Within R-sq.    =     0.0032
                                                  Root MSE        =  1491.8810

                         (Std. err. adjusted for 9,935 clusters in ac_elec_yr)
------------------------------------------------------------------------------
             |               Robust
      countk | Coefficient  std. err.      t    P>|t|     [95% conf. interval]
-------------+----------------------------------------------------------------
     1.post_ |          0  (omitted)
     1.treat |          0  (omitted)
1.downup_a~p |  -27.28607   5.677151    -4.81   0.000    -38.41444   -16.15771
wind_direc~n |  -1.166009   .0359487   -32.44   0.000    -1.236475   -1.095542
av_wind_sp~d |   328.0905   18.13555    18.09   0.000     292.5412    363.6399
             |
 post_#treat |
        1 1  |   202.5502   19.89947    10.18   0.000     163.5432    241.5572
             |
       post_#|
downup_ac_~p |
        1 1  |   -26.4492   12.17035    -2.17   0.030    -50.30555    -2.59285
             |
       treat#|
downup_ac_~p |
        1 1  |    14.0608   15.28162     0.92   0.358    -15.89427    44.01586
             |
 post_#treat#|
downup_ac_~p |
      1 1 1  |   18.50689   20.53535     0.90   0.367    -21.74656    58.76035
------------------------------------------------------------------------------

added scalar:
              e(ymean) =  446.2126

added scalar:
             e(ymean2) =  440.21376

added scalar:
                e(acq) =  407

added scalar:
              e(fe_id) =  10

added scalar:
          e(n_treated) =  1015560

added scalar:
          e(n_control) =  6699894

added macro:
               e(smpl) : "Rural"

added macro:
             e(fespec) : "unique_small_grid_id_cohort monthyearco province_coho
> rt#election_year#yeargov"

added macro:
                e(mod) : "downup_ac_pop"

added macro:
           e(controls) : "notyet"
(saving evreg1)
(file /users/aquisper/proj_bureaucrats_farms/code/_stacked_downup_replication/.
> ./../tables/exploratory_analysis/protest_original_controls_fe_sweep/protest_o
> riginal_fe10_controls_notyet_did_interaction_rural_acpop_all.ster saved)
DID controls=notyet FE=11: unique_small_grid_id_cohort province_cohort#c.monthy
> ear yeargov
(MWFE estimator converged in 19 iterations)

HDFE linear regression with Julia                 Number of obs   =  7,715,454
Absorbing 3 HDFE groups                           F(   8,   9935) =     442.95
Statistics cluster-robust                         Prob > F        =     0.0000
                                                  R-squared       =     0.0967
                                                  Adj R-squared   =     0.0880
Number of clusters (ac_elec_yr) =       9935      Within R-sq.    =     0.0208
                                                  Root MSE        =  1676.6286

                         (Std. err. adjusted for 9,935 clusters in ac_elec_yr)
------------------------------------------------------------------------------
             |               Robust
      countk | Coefficient  std. err.      t    P>|t|     [95% conf. interval]
-------------+----------------------------------------------------------------
     1.post_ |   65.27859   14.80182     4.41   0.000     36.26403    94.29315
     1.treat |          0  (omitted)
1.downup_a~p |  -24.69528   5.971454    -4.14   0.000    -36.40054   -12.99002
wind_direc~n |  -2.495321    .042539   -58.66   0.000    -2.578706   -2.411936
av_wind_sp~d |   130.8744   8.771782    14.92   0.000     113.6799    148.0688
             |
 post_#treat |
        1 1  |   113.0391   19.74662     5.72   0.000     74.33172    151.7465
             |
       post_#|
downup_ac_~p |
        1 1  |  -20.94591   13.03686    -1.61   0.108    -46.50079    4.608969
             |
       treat#|
downup_ac_~p |
        1 1  |   16.58929   16.71833     0.99   0.321    -16.18204    49.36061
             |
 post_#treat#|
downup_ac_~p |
      1 1 1  |   8.084134   24.62917     0.33   0.743    -40.19404    56.36231
------------------------------------------------------------------------------

added scalar:
              e(ymean) =  446.2126

added scalar:
             e(ymean2) =  440.21376

added scalar:
                e(acq) =  407

added scalar:
              e(fe_id) =  11

added scalar:
          e(n_treated) =  1015560

added scalar:
          e(n_control) =  6699894

added macro:
               e(smpl) : "Rural"

added macro:
             e(fespec) : "unique_small_grid_id_cohort province_cohort#c.monthye
> ar yeargov"

added macro:
                e(mod) : "downup_ac_pop"

added macro:
           e(controls) : "notyet"
(saving evreg1)
(file /users/aquisper/proj_bureaucrats_farms/code/_stacked_downup_replication/.
> ./../tables/exploratory_analysis/protest_original_controls_fe_sweep/protest_o
> riginal_fe11_controls_notyet_did_interaction_rural_acpop_all.ster saved)
DID controls=notyet FE=12: unique_small_grid_id_cohort province_cohort#c.monthy
> ear province_cohort#election_year
(MWFE estimator converged in 30 iterations)

HDFE linear regression with Julia                 Number of obs   =  7,715,454
Absorbing 3 HDFE groups                           F(   8,   9935) =     443.43
Statistics cluster-robust                         Prob > F        =     0.0000
                                                  R-squared       =     0.0966
                                                  Adj R-squared   =     0.0879
Number of clusters (ac_elec_yr) =       9935      Within R-sq.    =     0.0207
                                                  Root MSE        =  1676.7432

                         (Std. err. adjusted for 9,935 clusters in ac_elec_yr)
------------------------------------------------------------------------------
             |               Robust
      countk | Coefficient  std. err.      t    P>|t|     [95% conf. interval]
-------------+----------------------------------------------------------------
     1.post_ |   78.22561   15.16021     5.16   0.000     48.50852    107.9427
     1.treat |          0  (omitted)
1.downup_a~p |  -24.52825   5.968779    -4.11   0.000    -36.22827   -12.82823
wind_direc~n |  -2.487576    .042368   -58.71   0.000    -2.570626   -2.404527
av_wind_sp~d |   134.9449   8.820131    15.30   0.000     117.6556    152.2341
             |
 post_#treat |
        1 1  |    142.244   20.09276     7.08   0.000     102.8581    181.6299
             |
       post_#|
downup_ac_~p |
        1 1  |  -20.28191   12.94882    -1.57   0.117    -45.66423    5.100401
             |
       treat#|
downup_ac_~p |
        1 1  |   16.46563   16.72467     0.98   0.325    -16.31811    49.24938
             |
 post_#treat#|
downup_ac_~p |
      1 1 1  |   8.943438   24.23615     0.37   0.712    -38.56432     56.4512
------------------------------------------------------------------------------

added scalar:
              e(ymean) =  446.2126

added scalar:
             e(ymean2) =  440.21376

added scalar:
                e(acq) =  407

added scalar:
              e(fe_id) =  12

added scalar:
          e(n_treated) =  1015560

added scalar:
          e(n_control) =  6699894

added macro:
               e(smpl) : "Rural"

added macro:
             e(fespec) : "unique_small_grid_id_cohort province_cohort#c.monthye
> ar province_cohort#election_year"

added macro:
                e(mod) : "downup_ac_pop"

added macro:
           e(controls) : "notyet"
(saving evreg1)
(file /users/aquisper/proj_bureaucrats_farms/code/_stacked_downup_replication/.
> ./../tables/exploratory_analysis/protest_original_controls_fe_sweep/protest_o
> riginal_fe12_controls_notyet_did_interaction_rural_acpop_all.ster saved)
DID controls=notyet FE=13: unique_small_grid_id_cohort province_cohort#c.monthy
> ear province_cohort#election_year#yeargov
(MWFE estimator converged in 25 iterations)

HDFE linear regression with Julia                 Number of obs   =  7,715,454
Absorbing 3 HDFE groups                           F(   8,   9935) =     452.93
Statistics cluster-robust                         Prob > F        =     0.0000
                                                  R-squared       =     0.1012
                                                  Adj R-squared   =     0.0925
Number of clusters (ac_elec_yr) =       9935      Within R-sq.    =     0.0234
                                                  Root MSE        =  1672.5086

                         (Std. err. adjusted for 9,935 clusters in ac_elec_yr)
------------------------------------------------------------------------------
             |               Robust
      countk | Coefficient  std. err.      t    P>|t|     [95% conf. interval]
-------------+----------------------------------------------------------------
     1.post_ |    186.524   25.10412     7.43   0.000     137.3148    235.7332
     1.treat |          0  (omitted)
1.downup_a~p |  -21.34064   5.916958    -3.61   0.000    -32.93908   -9.742198
wind_direc~n |  -2.768955   .0467556   -59.22   0.000    -2.860605   -2.677304
av_wind_sp~d |   129.3135   10.07923    12.83   0.000     109.5562    149.0709
             |
 post_#treat |
        1 1  |   283.7941   21.94122    12.93   0.000     240.7849    326.8034
             |
       post_#|
downup_ac_~p |
        1 1  |   -22.8847   12.90676    -1.77   0.076    -48.18458    2.415166
             |
       treat#|
downup_ac_~p |
        1 1  |   13.67236   16.55933     0.83   0.409    -18.78728      46.132
             |
 post_#treat#|
downup_ac_~p |
      1 1 1  |    13.2178   23.51448     0.56   0.574    -32.87535    59.31094
------------------------------------------------------------------------------

added scalar:
              e(ymean) =  446.2126

added scalar:
             e(ymean2) =  440.21376

added scalar:
                e(acq) =  407

added scalar:
              e(fe_id) =  13

added scalar:
          e(n_treated) =  1015560

added scalar:
          e(n_control) =  6699894

added macro:
               e(smpl) : "Rural"

added macro:
             e(fespec) : "unique_small_grid_id_cohort province_cohort#c.monthye
> ar province_cohort#election_year#yeargov"

added macro:
                e(mod) : "downup_ac_pop"

added macro:
           e(controls) : "notyet"
(saving evreg1)
(file /users/aquisper/proj_bureaucrats_farms/code/_stacked_downup_replication/.
> ./../tables/exploratory_analysis/protest_original_controls_fe_sweep/protest_o
> riginal_fe13_controls_notyet_did_interaction_rural_acpop_all.ster saved)
DID controls=notyet FE=14: unique_small_grid_id_cohort yeargov province_cohort#
> election_year
(MWFE estimator converged in 10 iterations)

HDFE linear regression with Julia                 Number of obs   =  7,715,454
Absorbing 3 HDFE groups                           F(   8,   9935) =     441.88
Statistics cluster-robust                         Prob > F        =     0.0000
                                                  R-squared       =     0.0967
                                                  Adj R-squared   =     0.0880
Number of clusters (ac_elec_yr) =       9935      Within R-sq.    =     0.0207
                                                  Root MSE        =  1676.6156

                         (Std. err. adjusted for 9,935 clusters in ac_elec_yr)
------------------------------------------------------------------------------
             |               Robust
      countk | Coefficient  std. err.      t    P>|t|     [95% conf. interval]
-------------+----------------------------------------------------------------
     1.post_ |   71.91762   15.20464     4.73   0.000     42.11344    101.7218
     1.treat |          0  (omitted)
1.downup_a~p |  -24.65023   5.967639    -4.13   0.000    -36.34802   -12.95245
wind_direc~n |  -2.486807   .0424137   -58.63   0.000    -2.569947   -2.403668
av_wind_sp~d |   134.7344   8.842923    15.24   0.000     117.4005    152.0683
             |
 post_#treat |
        1 1  |   131.3672   20.00198     6.57   0.000     92.15921    170.5751
             |
       post_#|
downup_ac_~p |
        1 1  |   -20.2286   12.93105    -1.56   0.118    -45.57608    5.118874
             |
       treat#|
downup_ac_~p |
        1 1  |   16.54369   16.72975     0.99   0.323    -16.25001    49.33739
             |
 post_#treat#|
downup_ac_~p |
      1 1 1  |   9.092051   24.16417     0.38   0.707    -38.27462    56.45872
------------------------------------------------------------------------------

added scalar:
              e(ymean) =  446.2126

added scalar:
             e(ymean2) =  440.21376

added scalar:
                e(acq) =  407

added scalar:
              e(fe_id) =  14

added scalar:
          e(n_treated) =  1015560

added scalar:
          e(n_control) =  6699894

added macro:
               e(smpl) : "Rural"

added macro:
             e(fespec) : "unique_small_grid_id_cohort yeargov province_cohort#e
> lection_year"

added macro:
                e(mod) : "downup_ac_pop"

added macro:
           e(controls) : "notyet"
(saving evreg1)
(file /users/aquisper/proj_bureaucrats_farms/code/_stacked_downup_replication/.
> ./../tables/exploratory_analysis/protest_original_controls_fe_sweep/protest_o
> riginal_fe14_controls_notyet_did_interaction_rural_acpop_all.ster saved)
DID controls=notyet FE=15: unique_small_grid_id_cohort yeargov province_cohort#
> election_year#yeargov
(MWFE estimator converged in 11 iterations)

HDFE linear regression with Julia                 Number of obs   =  7,715,454
Absorbing 3 HDFE groups                           F(   8,   9935) =     447.25
Statistics cluster-robust                         Prob > F        =     0.0000
                                                  R-squared       =     0.0993
                                                  Adj R-squared   =     0.0906
Number of clusters (ac_elec_yr) =       9935      Within R-sq.    =     0.0213
                                                  Root MSE        =  1674.2483

                         (Std. err. adjusted for 9,935 clusters in ac_elec_yr)
------------------------------------------------------------------------------
             |               Robust
      countk | Coefficient  std. err.      t    P>|t|     [95% conf. interval]
-------------+----------------------------------------------------------------
     1.post_ |   131.5087   24.27378     5.42   0.000     83.92713    179.0902
     1.treat |          0  (omitted)
1.downup_a~p |  -24.23951   5.922355    -4.09   0.000    -35.84853    -12.6305
wind_direc~n |  -2.531695    .042872   -59.05   0.000    -2.615733   -2.447657
av_wind_sp~d |   153.9361   9.304558    16.54   0.000     135.6973     172.175
             |
 post_#treat |
        1 1  |   248.8391   21.18648    11.75   0.000     207.3093    290.3689
             |
       post_#|
downup_ac_~p |
        1 1  |  -16.60099    12.8052    -1.30   0.195    -41.70178    8.499808
             |
       treat#|
downup_ac_~p |
        1 1  |   15.66992   16.52819     0.95   0.343    -16.72868    48.06853
             |
 post_#treat#|
downup_ac_~p |
      1 1 1  |    8.30057   23.37569     0.36   0.723    -37.52052    54.12166
------------------------------------------------------------------------------

added scalar:
              e(ymean) =  446.2126

added scalar:
             e(ymean2) =  440.21376

added scalar:
                e(acq) =  407

added scalar:
              e(fe_id) =  15

added scalar:
          e(n_treated) =  1015560

added scalar:
          e(n_control) =  6699894

added macro:
               e(smpl) : "Rural"

added macro:
             e(fespec) : "unique_small_grid_id_cohort yeargov province_cohort#e
> lection_year#yeargov"

added macro:
                e(mod) : "downup_ac_pop"

added macro:
           e(controls) : "notyet"
(saving evreg1)
(file /users/aquisper/proj_bureaucrats_farms/code/_stacked_downup_replication/.
> ./../tables/exploratory_analysis/protest_original_controls_fe_sweep/protest_o
> riginal_fe15_controls_notyet_did_interaction_rural_acpop_all.ster saved)

. 
. display as result "COMPLETED protest STER files: controls=`control_sample', F
> E=$fe_list"
COMPLETED protest STER files: controls=notyet, FE=1/15

. 
end of do-file
