reg,var,beta,ymean,cov1,cov2,cov3,cov4,cov5,cov6,cov7,cov8,cov9,cov10,cov11,cov12,cov13,cov14,cov15,cov16,cov17,cov18,cov19,cov20,cov21,cov22,cov23,cov24,cov25,cov26,cov27,cov28,cov29,cov30,cov31,cov32,cov33,cov34,cov35,cov36,cov37,cov38,cov39,cov40,cov41
evreg1,1bn.relative_year_bin_aux,-185.9863551344787,439.5555615837712,905.689155400109,781.4686819852921,649.1082941998918,521.5803516147387,381.3214201743612,255.9922630363178,125.0292133119099,-137.5314373504994,-261.5399709665396,0,.038421366097342,-9.612870455223028,-17.04252159715807,-1.406466279377952,-20.7182694064983,-5.55819617681376,-46.94892766728973,-11.10618328522646,-15.56335551538039,-35.92787515439633,-107.294656886733,,,,,,,,,,,,,,,,,,,,
evreg1,2.relative_year_bin_aux,-177.6273936438598,439.5555615837712,781.4686819852921,674.8871046564052,560.4044724525239,450.4626258220219,328.9171370686258,220.9706595684495,108.0106598201524,-118.5307506472726,-225.4115125673178,0,.0350817768295995,-8.404300766525914,-14.67975858057006,-.825058550396521,-18.01462988784563,-4.507741298858202,-41.10770345796911,-9.412251976033218,-13.10872243839284,-31.02833303685246,-92.25443379707532,,,,,,,,,,,,,,,,,,,,
evreg1,3.relative_year_bin_aux,-149.97411569655,439.5555615837712,649.1082941998918,560.4044724525239,465.9656564309969,374.1810312657675,273.3430952083491,183.6144900931264,89.85031411911096,-98.39486200686301,-187.2068549222043,0,.0308845070842355,-7.010320987474631,-12.19158994269778,-.9569185071942554,-14.7159267401386,-3.830970025815948,-34.19433204348181,-8.006310125995174,-11.01482319451778,-26.02450178151609,-77.05734872809185,,,,,,,,,,,,,,,,,,,,
evreg1,4.relative_year_bin_aux,-98.23552534805351,439.5555615837712,521.5803516147387,450.4626258220219,374.1810312657675,301.5392044307558,219.6331408615855,147.5938937427586,72.33990265195864,-79.02378693494782,-150.2595072652097,0,.0228645975095421,-5.701031040295386,-9.986165310280198,-.5267051973017937,-12.10093725847211,-2.497373478428826,-27.66409769813698,-6.366965504528882,-8.623042549465678,-20.9944264085761,-61.75458297057666,,,,,,,,,,,,,,,,,,,,
evreg1,5.relative_year_bin_aux,-70.69206847842891,439.5555615837712,381.3214201743612,328.9171370686258,273.3430952083491,219.6331408615855,161.7470571657099,108.1931591109042,52.90429611306397,-58.15040052854889,-111.0356326537462,0,.0157953028509305,-4.144674574650288,-8.580041497372747,-2.170347866294702,-9.427409686601774,-3.501393199273402,-17.57624961737761,-5.593568210566257,-7.472147344572601,-16.04094350040877,-48.25777546556144,,,,,,,,,,,,,,,,,,,,
evreg1,6.relative_year_bin_aux,-45.8776994547809,439.5555615837712,255.9922630363178,220.9706595684495,183.6144900931264,147.5938937427586,108.1931591109042,72.95124287959047,35.77164798986798,-38.58489424344991,-73.84103081985835,0,.011215360926438,-2.748432784001637,-5.070504370277093,-.6095214414418552,-5.929673034788951,-1.745699283753836,-12.75674047324712,-3.231233018033882,-4.563402639593978,-10.52433814391592,-31.01147687508761,,,,,,,,,,,,,,,,,,,,
evreg1,7.relative_year_bin_aux,-30.96143354957714,439.5555615837712,125.0292133119099,108.0106598201524,89.85031411911096,72.33990265195864,52.90429611306397,35.77164798986798,18.25325991721117,-18.45283424278867,-35.24922570510919,0,.0067645274274474,-1.458822867772373,-2.223697092926294,.0450761926239151,-2.5628153030453,-.4259379365655356,-6.317454544213736,-1.344314128792603,-1.519991139657905,-5.252273437469897,-14.01405671981198,,,,,,,,,,,,,,,,,,,,
evreg1,9.relative_year_bin_aux,46.79186892956685,439.5555615837712,-137.5314373504994,-118.5307506472726,-98.39486200686301,-79.02378693494782,-58.15040052854889,-38.58489424344991,-18.45283424278867,22.74354030396186,41.72473197588972,0,-.0078880970553709,1.624913292122953,3.517682006258794,1.152523772149904,3.403271289499891,1.334098576202,5.498748608809524,2.203367499926903,3.030391733847423,5.420337845493566,18.94783484397814,,,,,,,,,,,,,,,,,,,,
evreg1,10.relative_year_bin_aux,57.18258950169976,439.5555615837712,-261.5399709665396,-225.4115125673178,-187.2068549222043,-150.2595072652097,-111.0356326537462,-73.84103081985835,-35.24922570510919,41.72473197588972,82.10876834237583,0,-.0156674700818899,2.944595320330433,9.280598095439972,4.629649857205751,8.711849950531105,4.647784798540728,11.34468114637915,6.163769791835443,9.420928315432558,12.36952985812638,43.46476046948841,,,,,,,,,,,,,,,,,,,,
evreg1,1o.treat,0,439.5555615837712,0,0,0,0,0,0,0,0,0,0,0,0,0,0,0,0,0,0,0,0,0,,,,,,,,,,,,,,,,,,,,
evreg1,wind_direction,-.7159559064576053,439.5555615837712,.038421366097342,.0350817768295995,.0308845070842355,.0228645975095421,.0157953028509305,.011215360926438,.0067645274274474,-.0078880970553709,-.0156674700818899,0,.0000969038113827,-.0028029436861205,-.0033133860408209,-.0008647337001108,.0019359322822349,.0003169942849637,-.0029349853426861,-.0006540496391801,-.0014074060170391,-.005395926350481,-.0211753459681071,,,,,,,,,,,,,,,,,,,,
evreg1,av_wind_speed,66.50876574590887,439.5555615837712,-9.612870455223028,-8.404300766525914,-7.010320987474631,-5.701031040295386,-4.144674574650288,-2.748432784001637,-1.458822867772373,1.624913292122953,2.944595320330433,0,-.0028029436861205,1.77400802423985,.9703110641889828,.6291285880269074,.6744928628638377,.4375433133632551,.7276636811898686,.522243045549213,.4578341063313984,.9922874854030699,3.352988133562241,,,,,,,,,,,,,,,,,,,,
evreg1,1bn.relative_year_bin_aux#1.treat,48.0497277768248,439.5555615837712,-17.04252159715807,-14.67975858057006,-12.19158994269778,-9.986165310280198,-8.580041497372747,-5.070504370277093,-2.223697092926294,3.517682006258794,9.280598095439972,0,-.0033133860408209,.9703110641889828,120.9650540394633,84.68739385113808,96.12377070872171,80.83818450733111,48.74020209012628,60.39746147687607,67.60395719870861,57.76444830967682,160.1708946720213,,,,,,,,,,,,,,,,,,,,
evreg1,2.relative_year_bin_aux#1.treat,20.55867713017589,439.5555615837712,-1.406466279377952,-.825058550396521,-.9569185071942554,-.5267051973017937,-2.170347866294702,-.6095214414418552,.0450761926239151,1.152523772149904,4.629649857205751,0,-.0008647337001108,.6291285880269074,84.68739385113808,122.5901526251271,86.87670019734718,102.2413142617455,20.24434485711938,59.93748201503335,66.51847055614813,56.34429516766351,158.5133429366807,,,,,,,,,,,,,,,,,,,,
evreg1,3.relative_year_bin_aux#1.treat,-4.446672065598186,439.5555615837712,-20.7182694064983,-18.01462988784563,-14.7159267401386,-12.10093725847211,-9.427409686601774,-5.929673034788951,-2.5628153030453,3.403271289499891,8.711849950531105,0,.0019359322822349,.6744928628638377,96.12377070872171,86.87670019734718,117.2079598045526,75.95113461859547,56.23438094935725,58.86744173462824,66.97520263786049,56.151169659661,153.3154480077033,,,,,,,,,,,,,,,,,,,,
evreg1,4.relative_year_bin_aux#1.treat,28.99162064249371,439.5555615837712,-5.55819617681376,-4.507741298858202,-3.830970025815948,-2.497373478428826,-3.501393199273402,-1.745699283753836,-.4259379365655356,1.334098576202,4.647784798540728,0,.0003169942849637,.4375433133632551,80.83818450733111,102.2413142617455,75.95113461859547,151.0962765557578,18.12896624369668,62.32914469761875,77.2791733643663,46.59249284578614,159.2160445885255,,,,,,,,,,,,,,,,,,,,
evreg1,5.relative_year_bin_aux#1.treat,46.24529493455522,439.5555615837712,-46.94892766728973,-41.10770345796911,-34.19433204348181,-27.66409769813698,-17.57624961737761,-12.75674047324712,-6.317454544213736,5.498748608809524,11.34468114637915,0,-.0029349853426861,.7276636811898686,48.74020209012628,20.24434485711938,56.23438094935725,18.12896624369668,180.7319655020729,32.01447926967228,38.48648700835597,5.132741851797991,15.55784729678531,,,,,,,,,,,,,,,,,,,,
evreg1,6.relative_year_bin_aux#1.treat,.7059995333801581,439.5555615837712,-11.10618328522646,-9.412251976033218,-8.006310125995174,-6.366965504528882,-5.593568210566257,-3.231233018033882,-1.344314128792603,2.203367499926903,6.163769791835443,0,-.0006540496391801,.522243045549213,60.39746147687607,59.93748201503335,58.86744173462824,62.32914469761875,32.01447926967228,70.22407264003544,58.23434920520994,39.92748410650124,105.274436917359,,,,,,,,,,,,,,,,,,,,
evreg1,7.relative_year_bin_aux#1.treat,-1.228440572383555,439.5555615837712,-15.56335551538039,-13.10872243839284,-11.01482319451778,-8.623042549465678,-7.472147344572601,-4.563402639593978,-1.519991139657905,3.030391733847423,9.420928315432558,0,-.0014074060170391,.4578341063313984,67.60395719870861,66.51847055614813,66.97520263786049,77.2791733643663,38.48648700835597,58.23434920520994,110.9773153967916,34.09519203116795,157.7639976191233,,,,,,,,,,,,,,,,,,,,
evreg1,9.relative_year_bin_aux#1.treat,62.32194915631202,439.5555615837712,-35.92787515439633,-31.02833303685246,-26.02450178151609,-20.9944264085761,-16.04094350040877,-10.52433814391592,-5.252273437469897,5.420337845493566,12.36952985812638,0,-.005395926350481,.9922874854030699,57.76444830967682,56.34429516766351,56.151169659661,46.59249284578614,5.132741851797991,39.92748410650124,34.09519203116795,98.33735982438903,143.9035107154799,,,,,,,,,,,,,,,,,,,,
evreg1,10.relative_year_bin_aux#1.treat,111.8976273385727,439.5555615837712,-107.294656886733,-92.25443379707532,-77.05734872809185,-61.75458297057666,-48.25777546556144,-31.01147687508761,-14.01405671981198,18.94783484397814,43.46476046948841,0,-.0211753459681071,3.352988133562241,160.1708946720213,158.5133429366807,153.3154480077033,159.2160445885255,15.55784729678531,105.274436917359,157.7639976191233,143.9035107154799,621.358356561338,,,,,,,,,,,,,,,,,,,,
evreg2,1bn.relative_year_bin_aux,-186.3480036221428,439.5555615837712,906.743994243823,782.1646003558134,649.67809776303,522.2573052105805,381.5382047951528,256.4145412366951,125.0832725274864,-137.511349765751,-260.7814962639021,0,.0300785586033793,.0380546519646204,-9.638823307408677,-8.550208621197392,6.66270557731332,-12.48357991212743,-1.880193316932928,-39.42485913678901,-4.299337774021663,-16.76402298429091,-33.81987714337376,-106.2876192429178,-1.482923381990743,-.8480734636541096,-.6877799792824293,-1.049686613939112,-.240071593300959,-.6647613072279073,-.0659026908879585,-.1191701493202381,-1.665998135787076,5.232411557988815,-17.23775703858636,-16.2240816720276,-16.96931342058264,-7.513520638942525,-15.5727308350436,-13.71704341590296,2.193528981416754,-4.15294440101345,-2.262024423504609
evreg2,2.relative_year_bin_aux,-177.4051570463193,439.5555615837712,782.1646003558134,675.4706131419725,560.8436299467247,451.0160102391912,329.0894968143833,221.3137663235615,108.0365305532981,-118.4710438942327,-224.6906220978092,0,.0498450892640581,.0346800089890409,-8.434187275272045,-7.492473627640026,6.050016022926171,-11.07328716020836,-1.581618057444757,-34.81785715931717,-3.586431252527297,-14.17278066135646,-29.20796481136071,-91.33944801679418,-1.182049399742013,-.978124292685292,-.7520346365200758,-1.05699005321917,-.2852071736184267,-.6099436952102094,-.0705568642097526,-.1298026962975012,-1.457802164247926,4.524671623856437,-14.66696698769003,-13.96260279211586,-14.38262306550557,-6.129561884874775,-13.21922597067546,-11.7298504037232,1.939065709401148,-3.549242850371384,-2.013646190487911
evreg2,3.relative_year_bin_aux,-150.6306419358151,439.5555615837712,649.67809776303,560.8436299467247,466.3789146446218,374.6684159763795,273.5356504177188,183.9278844276185,89.90009628624058,-98.3468927411847,-186.6015373240106,0,.070325140776292,.0306076859659121,-7.033033747320314,-6.313406148476252,4.576627247578457,-9.073136372904004,-1.59014834773076,-28.88272730182561,-3.069461091410062,-11.8791807022247,-24.49953196248894,-76.26331320636464,-.971090531544531,-.7334680768909512,-.8139379716653538,-.9208925343299148,-.3302778544416349,-.5582262710999082,-.1014162478042472,-.1252722278739855,-1.241096893628585,3.745787703198426,-11.89564883526128,-11.15164088741255,-11.44659475876625,-4.786435932237933,-11.05934088195599,-9.869931574730096,1.54089066480337,-2.954046028961186,-1.729562325844114
evreg2,4.relative_year_bin_aux,-98.65664637031212,439.5555615837712,522.2573052105805,451.0160102391912,374.6684159763795,302.1338174532875,219.905665921372,147.9472663865865,72.41261865428453,-79.00611868659962,-149.8318742054048,0,.0824202220774535,.0225548360665336,-5.732100081966879,-5.078367072292007,4.175536948512364,-7.385606188915229,-.6191714650189148,-23.53338537583399,-2.432403467353826,-9.325347829417083,-19.69386021623148,-60.9730519855662,-.8151314764588137,-.6410164358057777,-.6664761412586868,-1.040194173636183,-.3329945835004031,-.5229471799575843,-.119575460020124,-.1243593345911294,-1.022320343160413,3.079941865394387,-9.924707611143029,-9.42355033054891,-9.78975766261215,-3.775087122780617,-8.79462221787016,-7.846285799013016,1.253406239658559,-2.497158194486266,-1.641650891820745
evreg2,5.relative_year_bin_aux,-70.09369360461255,439.5555615837712,381.5382047951528,329.0894968143833,273.5356504177188,219.905665921372,161.9637487204418,108.4110646035513,52.97765391715873,-58.07300885830044,-110.6178509428872,0,.0812259634496763,.0155995856734949,-4.164970050906797,-5.291984984330353,.9281087553772326,-6.260591944171114,-2.173736543497913,-14.86044582097868,-2.737622765316149,-8.158167520136152,-15.08543291295352,-47.52814004548388,-.4834345898717813,-.3799208038962592,-.4416457372336927,-.5907915223077548,-.4635245336397228,-.4729701981817639,-.1404942190697558,-.1734966095022891,-.8186299287332238,2.587528491138914,-6.850918138200901,-6.360051430964215,-6.594571828417712,-2.882046123091376,-5.757351075237755,-5.913840125433551,1.162732512474322,-1.897501173383575,-1.811758972781028
evreg2,6.relative_year_bin_aux,-46.75336546982206,439.5555615837712,256.4145412366951,221.3137663235615,183.9278844276185,147.9472663865865,108.4110646035513,73.23401188283721,35.87991362828263,-38.54980561806143,-73.58089280831369,0,.184298463062758,.0111128908798367,-2.758127484052263,-2.503042670310557,1.795361127738327,-3.399715076854537,-.5352122471806375,-10.54666659466744,-1.352405787610151,-5.090601602049583,-9.963217977443879,-30.86699924182419,-.4257908894284101,-.344990912224565,-.3729996442157748,-.5275157682937761,-.2691987773829925,-.483537662342416,-.2161159902743937,-.2166464593636002,-.7264978047992496,1.93105487229701,-5.229397575249051,-4.913797105719893,-5.196560781134893,-2.49940893157084,-4.537243730105923,-3.731070415181815,.9065931110975369,-1.011490702798541,-.5851216141673805
evreg2,7.relative_year_bin_aux,-30.74812568625374,439.5555615837712,125.0832725274864,108.0365305532981,89.90009628624058,72.41261865428453,52.97765391715873,35.87991362828263,18.38560213178893,-18.33793888599364,-35.04149563806383,0,.2034584637834183,.006646762961074,-1.461865277139548,-.9724464925461949,1.223154417874756,-1.354380580070804,.1433061409555003,-5.251796844551587,-.3919255409598073,-1.97737070762363,-5.085532981662682,-14.08125750729183,-.3169501996698432,-.2531238216921191,-.2716705664883768,-.3346993595150263,-.2516211488424919,-.2814255186264785,-.3280225608059925,-.2096530967940051,-.4515603508683236,1.00192344797396,-2.572296121226031,-2.430205319295856,-2.529218114913075,-1.194963309292301,-2.129339132201161,-1.796775461667916,.6991673069948955,-.4280997537717797,-.2710143575371204
evreg2,9.relative_year_bin_aux,46.94827837872716,439.5555615837712,-137.511349765751,-118.4710438942327,-98.3468927411847,-79.00611868659962,-58.07300885830044,-38.54980561806143,-18.33793888599364,23.01405800516072,41.81703682756581,0,.2900648018562691,-.0077922893024507,1.626450794270128,2.40067038701982,.0825415412610175,2.300815277310678,.9221718878168212,4.431335162620115,1.125535282832734,3.012094391993113,4.596811832004533,18.30373385466124,-.16484124713842,-.2308425837815104,-.2126150614945162,-.132514431098836,-.191958790508599,-.0916910859619144,-.2378012722695104,-.5964170756503994,-.1443826010455633,-.7437366109093364,2.480000761900758,2.394798607361004,2.480155452625212,1.07466069167872,2.371130814515716,2.462897689137295,-.0219010312678059,1.836820315912362,1.383076916326814
evreg2,10.relative_year_bin_aux,57.58011385495762,439.5555615837712,-260.7814962639021,-224.6906220978092,-186.6015373240106,-149.8318742054048,-110.6178509428872,-73.58089280831369,-35.04149563806383,41.81703682756581,82.05871310574621,0,.5087505057037078,-.01581530899075,2.91895597366031,6.891691171463917,2.313830301894709,6.287082622726277,3.491683248414029,9.04618803393001,3.853695589346162,9.783826195910958,11.60620554489885,42.9763060663461,-.2238792351675343,-.3563672714192607,-.3438597377694702,-.1933699061981642,-.2322331968419756,-.0721269002402432,-.2808102152563938,-.3918613459746548,-.638151084244731,-1.422286327013091,4.777334437580222,4.610265094310436,4.851020328769541,2.268726170487655,4.582938473430423,4.685912690387565,-1.217372951917429,1.635570268158919,1.333329661429888
evreg2,1o.treat,0,439.5555615837712,0,0,0,0,0,0,0,0,0,0,0,0,0,0,0,0,0,0,0,0,0,0,0,0,0,0,0,0,0,0,0,0,0,0,0,0,0,0,0,0,0
evreg2,1.downup_ac_pop,3.691059340693603,439.5555615837712,.0300785586033793,.0498450892640581,.070325140776292,.0824202220774535,.0812259634496763,.184298463062758,.2034584637834183,.2900648018562691,.5087505057037078,0,.9047569334650379,-.0009707844443891,-.051863788553419,-1.050096089619452,-1.088974325354943,-1.142761486457849,-1.019500424004806,-.6404166119643485,-.1288201850942252,-.6350769491170408,-.0846361026901749,-.6789517218995574,-.7846396606566595,-.7849462042911359,-.7792700687389981,-.724876557077507,-.5043914242987352,-.5081248523437788,-.560929797633885,-.4666527178871673,-.8081746757434281,-2.728852243675638,2.150308758784555,2.142883086552342,2.200566118652594,1.834377650064449,1.076542470433889,.7814154088730664,1.075979517766127,.3341900736443253,1.359477380752854
evreg2,wind_direction,-.7160417554835813,439.5555615837712,.0380546519646204,.0346800089890409,.0306076859659121,.0225548360665336,.0155995856734949,.0111128908798367,.006646762961074,-.0077922893024507,-.01581530899075,0,-.0009707844443891,.0000969233151862,-.0028049306119013,.0003027058458108,.0018786601718421,.0047476884998846,.0018552242110363,.0005975406644928,.0011653931993733,-.0004148597806285,-.0052556243383635,-.0181748281041427,.0007473089451603,.0008142863088211,.0005645449738187,.0006258229489362,.000397173315056,.0002069026123016,.0002352299157281,-.0001940589101395,.000279180197125,.010077114846607,-.0072342390832009,-.0054693299791505,-.0056367378387296,-.0030539730420505,-.0070932266121928,-.0036646542071978,-.0019746150979625,-.0002441347589261,-.0060055414895898
evreg2,av_wind_speed,66.52205946335184,439.5555615837712,-9.638823307408677,-8.434187275272045,-7.033033747320314,-5.732100081966879,-4.164970050906797,-2.758127484052263,-1.461865277139548,1.626450794270128,2.91895597366031,0,-.051863788553419,-.0028049306119013,1.77358008790817,.9717967047828754,.6071680853097327,.63556964035387,.440319295153155,.6718445641502974,.5779707240275,.6520505875724079,1.08717814850256,3.236557032255966,.0463160985116827,.0545221279771115,.040933145163636,.0579319361825389,.0377167154021925,.0179572238746123,.0053074925664772,-.0022641516177974,.0517877266132823,-.4247757928546593,.0036449913438257,.0497677122760104,.0874402572020689,-.0007438972495088,.1224570526805663,-.1010863487132624,-.3885414710565035,-.1908059255710225,.2422352902238722
evreg2,1bn.relative_year_bin_aux#1.treat,32.13368669282297,439.5555615837712,-8.550208621197392,-7.492473627640026,-6.313406148476252,-5.078367072292007,-5.291984984330353,-2.503042670310557,-.9724464925461949,2.40067038701982,6.891691171463917,0,-1.050096089619452,.0003027058458108,.9717967047828754,391.0018400120554,331.1027125196198,333.5389136441665,337.9778162958048,155.2820851944212,125.8278164188758,139.7787342173536,87.67935475177022,278.3212981861839,1.660100860419019,1.845478014009889,1.563413516170806,1.457310069058324,.8743362546660951,.2623693519907497,.4420033989457881,.0370593048017622,.7502052034632356,323.2336420208053,-522.6203644603108,-464.3474210105441,-456.91274166364,-459.1006701970124,-212.54252389993,-102.8853085768201,-112.7448863490569,-27.72015951618883,-182.3176863485523
evreg2,2.relative_year_bin_aux#1.treat,8.139318703369867,439.5555615837712,6.66270557731332,6.050016022926171,4.576627247578457,4.175536948512364,.9281087553772326,1.795361127738327,1.223154417874756,.0825415412610175,2.313830301894709,0,-1.088974325354943,.0018786601718421,.6071680853097327,331.1027125196198,415.8867134821071,329.72011981566,383.5408631536878,118.722391414858,126.9905982425963,137.447766005396,86.08691021281997,275.4017937199672,1.664874940021061,1.990734662790837,1.658623744567908,1.539594307022124,.6750921029089763,.2523945910796376,.4714408689274939,.0225545125388896,.7672703549459273,321.0709918075903,-480.0897599941413,-547.8517300822025,-475.6793552597449,-503.0345858596579,-192.7956460910434,-105.6531670082497,-110.6217481766037,-27.23590603264465,-181.6593982917771
evreg2,3.relative_year_bin_aux#1.treat,-23.70900622924697,439.5555615837712,-12.48357991212743,-11.07328716020836,-9.073136372904004,-7.385606188915229,-6.260591944171114,-3.399715076854537,-1.354380580070804,2.300815277310678,6.287082622726277,0,-1.142761486457849,.0047476884998846,.63556964035387,333.5389136441665,329.72011981566,357.8924589747596,329.7347989794058,168.6878558068191,127.8464311983394,140.4760486761491,86.16443061804199,271.2936882812525,1.832091852875264,1.838636066399455,1.707875019194082,1.56946791202756,.9272368530280304,.2385822128909442,.4756974375707918,.0206619878399417,.7510948422941357,324.0721309562902,-454.1590696043893,-457.2323199614555,-475.0668835195639,-456.1658315584911,-222.4016733880276,-110.243759432633,-114.9743157531481,-27.80735533203075,-182.5688614685236
evreg2,4.relative_year_bin_aux#1.treat,20.20131629714075,439.5555615837712,-1.880193316932928,-1.581618057444757,-1.59014834773076,-.6191714650189148,-2.173736543497913,-.5352122471806375,.1433061409555003,.9221718878168212,3.491683248414029,0,-1.019500424004806,.0018552242110363,.440319295153155,337.9778162958048,383.5408631536878,329.7347989794058,457.6432078435197,126.7515566903764,132.3036201690607,149.5713442350435,76.07873180484842,275.3392085498991,1.587133965013551,1.84256955956478,1.815320153285251,1.834146975981983,.7890626734524514,.249968478169478,.4231607367745915,-.0337530583321744,.626972883535043,312.6132696344724,-499.3421436426062,-529.9076861809308,-499.6599093083695,-566.5868574542706,-207.4169155076938,-114.5728598008956,-115.762097799749,-28.15013619182853,-181.1134068034354
evreg2,5.relative_year_bin_aux#1.treat,26.77406586832869,439.5555615837712,-39.42485913678901,-34.81785715931717,-28.88272730182561,-23.53338537583399,-14.86044582097868,-10.54666659466744,-5.251796844551587,4.431335162620115,9.04618803393001,0,-.6404166119643485,.0005975406644928,.6718445641502974,155.2820851944212,118.722391414858,168.6878558068191,126.7515566903764,288.533788572561,77.2438497587402,71.87662693079567,12.61439516802478,58.6865571494375,1.089759348339708,1.176231930508356,1.0708467093359,1.104050285300534,1.317621190878964,.2710198441900768,.2105043600618638,.015334256782903,.3062052215209297,181.2288912803776,-219.748101671826,-198.5987309333933,-232.0502242726152,-204.1186921259856,-228.0836957580827,-83.48152845564231,-62.64701902112931,-7.231195120321138,-75.27116357198319
evreg2,6.relative_year_bin_aux#1.treat,-15.54390898089878,439.5555615837712,-4.299337774021663,-3.586431252527297,-3.069461091410062,-2.432403467353826,-2.737622765316149,-1.352405787610151,-.3919255409598073,1.125535282832734,3.853695589346162,0,-.1288201850942252,.0011653931993733,.5779707240275,125.8278164188758,126.9905982425963,127.8464311983394,132.3036201690607,77.2438497587402,121.6070873538033,103.8555111738514,60.90784201070615,157.2898215903378,.2117574613219683,.2096737328745651,.1895863427439028,.2101784828237623,.3339147709567224,.1789351028605643,.1529855889749203,.1526699129314239,.5047045584161135,133.9188653258381,-124.5246102489426,-128.6637439111234,-133.1868600121057,-129.6533718405254,-77.85273798202631,-102.4155208998409,-79.70109623495159,-40.258846724417,-101.3657736684452
evreg2,7.relative_year_bin_aux#1.treat,-8.049742375997049,439.5555615837712,-16.76402298429091,-14.17278066135646,-11.8791807022247,-9.325347829417083,-8.158167520136152,-5.090601602049583,-1.97737070762363,3.012094391993113,9.783826195910958,0,-.6350769491170408,-.0004148597806285,.6520505875724079,139.7787342173536,137.447766005396,140.4760486761491,149.5713442350435,71.87662693079567,103.8555111738514,202.2591438195871,81.35720202341795,285.5958099990136,.6865847668352961,.6767157352537587,.6440562661223872,.5778363448627595,.3699481547493933,.3656679314747628,.8337097786689797,.7145691976434677,1.520516377198266,144.5721284391093,-133.1837956844873,-131.9123730023096,-139.3100013624402,-129.3207536430448,-65.97879277152596,-82.96247505436048,-160.3825915046633,-79.2021141731862,-221.164913981781
evreg2,9.relative_year_bin_aux#1.treat,58.0269837076096,439.5555615837712,-33.81987714337376,-29.20796481136071,-24.49953196248894,-19.69386021623148,-15.08543291295352,-9.963217977443879,-5.085532981662682,4.596811832004533,11.60620554489885,0,-.0846361026901749,-.0052556243383635,1.08717814850256,87.67935475177022,86.08691021281997,86.16443061804199,76.07873180484842,12.61439516802478,60.90784201070615,81.35720202341795,156.2674731895063,211.1626493851208,.1110852010454293,.08616617580438,.0883593827444971,.0287279640222178,-.0477463148752209,.0012680128782546,.3762771169727279,.9085762909493162,.6667524616782065,58.15035381932497,-58.49736935918368,-58.36678737862869,-58.98509187765151,-54.32266432792461,-13.01941429973796,-38.08716656270641,-79.65233866281119,-114.0289170190069,-138.7110156626081
evreg2,10.relative_year_bin_aux#1.treat,105.3874297499882,439.5555615837712,-106.2876192429178,-91.33944801679418,-76.26331320636464,-60.9730519855662,-47.52814004548388,-30.86699924182419,-14.08125750729183,18.30373385466124,42.9763060663461,0,-.6789517218995574,-.0181748281041427,3.236557032255966,278.3212981861839,275.4017937199672,271.2936882812525,275.3392085498991,58.6865571494375,157.2898215903378,285.5958099990136,211.1626493851208,893.2842285887707,.7392198926255331,.6943132619592628,.6818428324944508,.5161843616544227,.0626385628332906,.4058764257952864,1.210175932362136,.9821033449798149,2.573427512374121,261.41334977991,-238.8321950732659,-237.4234780824883,-238.3363443144865,-226.408411176364,-72.7129471756776,-103.9511093314022,-228.2691828512148,-133.8222236648808,-569.0601758427679
evreg2,1bn.relative_year_bin_aux#1.downup_ac_pop,.6169166052650935,439.5555615837712,-1.482923381990743,-1.182049399742013,-.971090531544531,-.8151314764588137,-.4834345898717813,-.4257908894284101,-.3169501996698432,-.16484124713842,-.2238792351675343,0,-.7846396606566595,.0007473089451603,.0463160985116827,1.660100860419019,1.664874940021061,1.832091852875264,1.587133965013551,1.089759348339708,.2117574613219683,.6865847668352961,.1110852010454293,.7392198926255331,1.809586282843904,1.353253336847045,1.101728793869005,1.08326636099667,.6068554935517201,.5228978299810709,.5522242114574037,.46937485857566,.7568805892661156,2.147165256251568,-3.433631301460144,-3.670816757352442,-3.289584868791435,-3.206367046143634,-1.683286976559672,-.7441058645190319,-1.036855683489447,-.3733000246822086,-1.297043042795141
evreg2,2.relative_year_bin_aux#1.downup_ac_pop,-.5241962949189581,439.5555615837712,-.8480734636541096,-.978124292685292,-.7334680768909512,-.6410164358057777,-.3799208038962592,-.344990912224565,-.2531238216921191,-.2308425837815104,-.3563672714192607,0,-.7849462042911359,.0008142863088211,.0545221279771115,1.845478014009889,1.990734662790837,1.838636066399455,1.84256955956478,1.176231930508356,.2096737328745651,.6767157352537587,.08616617580438,.6943132619592628,1.353253336847045,1.63878813552999,1.262818538512438,1.230625248716094,.6624826066374145,.5616971393682706,.5442672239871598,.4679150874231628,.7559945338242808,2.150013305503915,-3.644498283366185,-4.007094491137402,-3.219849424632658,-3.431165796587074,-1.554055900571368,-.7133097761776243,-1.041539724288511,-.3727561665149411,-1.287696558335476
evreg2,3.relative_year_bin_aux#1.downup_ac_pop,1.212723228258195,439.5555615837712,-.6877799792824293,-.7520346365200758,-.8139379716653538,-.6664761412586868,-.4416457372336927,-.3729996442157748,-.2716705664883768,-.2126150614945162,-.3438597377694702,0,-.7792700687389981,.0005645449738187,.040933145163636,1.563413516170806,1.658623744567908,1.707875019194082,1.815320153285251,1.0708467093359,.1895863427439028,.6440562661223872,.0883593827444971,.6818428324944508,1.101728793869005,1.262818538512438,1.635492027352986,1.262803044317544,.7913764089511462,.6283777479146099,.5479056657816355,.4701905228051016,.7559677170637072,2.151330327567648,-3.285888165280796,-3.507126503645443,-3.522986977724228,-3.264702018857637,-1.662815767355075,-.7567361382285793,-.9686331479226875,-.3785081995918012,-1.300565403037236
evreg2,4.relative_year_bin_aux#1.downup_ac_pop,.7679353657165355,439.5555615837712,-1.049686613939112,-1.05699005321917,-.9208925343299148,-1.040194173636183,-.5907915223077548,-.5275157682937761,-.3346993595150263,-.132514431098836,-.1933699061981642,0,-.724876557077507,.0006258229489362,.0579319361825389,1.457310069058324,1.539594307022124,1.56946791202756,1.834146975981983,1.104050285300534,.2101784828237623,.5778363448627595,.0287279640222178,.5161843616544227,1.08326636099667,1.230625248716094,1.262803044317544,1.812167672065529,.7772854837107894,.7067952084306908,.6178102294178576,.4300560506838643,.7212527425240556,1.848139412560114,-3.052769354552115,-3.335179062756273,-2.785320189895147,-3.819628783891889,-1.466315667317227,-.7635355338161903,-.8934456717264524,-.2721470822393647,-1.049028728577526
evreg2,5.relative_year_bin_aux#1.downup_ac_pop,-1.208666574445951,439.5555615837712,-.240071593300959,-.2852071736184267,-.3302778544416349,-.3329945835004031,-.4635245336397228,-.2691987773829925,-.2516211488424919,-.191958790508599,-.2322331968419756,0,-.5043914242987352,.000397173315056,.0377167154021925,.8743362546660951,.6750921029089763,.9272368530280304,.7890626734524514,1.317621190878964,.3339147709567224,.3699481547493933,-.0477463148752209,.0626385628332906,.6068554935517201,.6624826066374145,.7913764089511462,.7772854837107894,.993801384640579,.6211218975354026,.4908242960705809,.4146030458917742,.4400691616985197,.8856215381523854,-1.459012876065676,-1.237719869291948,-1.593727781901936,-1.278622669669253,-2.23204905453064,-.5068845770520484,-.3566700881810538,.0534543550261894,.4172772683053604
evreg2,6.relative_year_bin_aux#1.downup_ac_pop,1.702726852308286,439.5555615837712,-.6647613072279073,-.6099436952102094,-.5582262710999082,-.5229471799575843,-.4729701981817639,-.483537662342416,-.2814255186264785,-.0916910859619144,-.0721269002402432,0,-.5081248523437788,.0002069026123016,.0179572238746123,.2623693519907497,.2523945910796376,.2385822128909442,.249968478169478,.2710198441900768,.1789351028605643,.3656679314747628,.0012680128782546,.4058764257952864,.5228978299810709,.5616971393682706,.6283777479146099,.7067952084306908,.6211218975354026,.8100600890604309,.5613744880328003,.4679746140297227,.5585435158443957,.5627500147282901,-.517439238057487,-.4499374294959745,-.3873237397557162,-.4516743307885355,-.4701464633930895,-.5676679668276643,-.4599043063564719,-.229000197961577,-.3187322666143677
evreg2,7.relative_year_bin_aux#1.downup_ac_pop,-.4280451527075333,439.5555615837712,-.0659026908879585,-.0705568642097526,-.1014162478042472,-.119575460020124,-.1404942190697558,-.2161159902743937,-.3280225608059925,-.2378012722695104,-.2808102152563938,0,-.560929797633885,.0002352299157281,.0053074925664772,.4420033989457881,.4714408689274939,.4756974375707918,.4231607367745915,.2105043600618638,.1529855889749203,.8337097786689797,.3762771169727279,1.210175932362136,.5522242114574037,.5442672239871598,.5479056657816355,.6178102294178576,.4908242960705809,.5613744880328003,.7795540243809572,.4338449662622154,.6337915932030882,.8755736815983538,-.8235782213005404,-.8602511863632389,-.8078896004151828,-.7758974151993903,-.4875675618725362,-.5779857494501567,-1.246388481222176,-.5659712298671216,-1.669689427840233
evreg2,9.relative_year_bin_aux#1.downup_ac_pop,-.2921981277590203,439.5555615837712,-.1191701493202381,-.1298026962975012,-.1252722278739855,-.1243593345911294,-.1734966095022891,-.2166464593636002,-.2096530967940051,-.5964170756503994,-.3918613459746548,0,-.4666527178871673,-.0001940589101395,-.0022641516177974,.0370593048017622,.0225545125388896,.0206619878399417,-.0337530583321744,.015334256782903,.1526699129314239,.7145691976434677,.9085762909493162,.9821033449798149,.46937485857566,.4679150874231628,.4701905228051016,.4300560506838643,.4146030458917742,.4679746140297227,.4338449662622154,1.302296273713264,.7035962305067019,.399149191604342,-.4688702737117609,-.4707343870217568,-.4949576427317949,-.3711122355704292,-.4074556193609007,-.8196459455681511,-1.303010468068179,-2.175288743061186,-2.089037028072244
evreg2,10.relative_year_bin_aux#1.downup_ac_pop,-.7406992582920681,439.5555615837712,-1.665998135787076,-1.457802164247926,-1.241096893628585,-1.022320343160413,-.8186299287332238,-.7264978047992496,-.4515603508683236,-.1443826010455633,-.638151084244731,0,-.8081746757434281,.000279180197125,.0517877266132823,.7502052034632356,.7672703549459273,.7510948422941357,.626972883535043,.3062052215209297,.5047045584161135,1.520516377198266,.6667524616782065,2.573427512374121,.7568805892661156,.7559945338242808,.7559677170637072,.7212527425240556,.4400691616985197,.5585435158443957,.6337915932030882,.7035962305067019,2.719034880689907,1.497245167898487,-1.318625207874546,-1.337154679175072,-1.32779362463258,-1.049171101198069,-.3919886498647786,-.9426173012498449,-2.050645407419748,-1.528330799914296,-5.759768057080856
evreg2,1.treat#1.downup_ac_pop,-30.69047178076437,439.5555615837712,5.232411557988815,4.524671623856437,3.745787703198426,3.079941865394387,2.587528491138914,1.93105487229701,1.00192344797396,-.7437366109093364,-1.422286327013091,0,-2.728852243675638,.010077114846607,-.4247757928546593,323.2336420208053,321.0709918075903,324.0721309562902,312.6132696344724,181.2288912803776,133.9188653258381,144.5721284391093,58.15035381932497,261.41334977991,2.147165256251568,2.150013305503915,2.151330327567648,1.848139412560114,.8856215381523854,.5627500147282901,.8755736815983538,.399149191604342,1.497245167898487,702.9320883676203,-552.1794326966881,-554.1010652096346,-554.729933005878,-522.5116265799516,-285.7847222011507,-198.7052734684235,-214.3717292993762,-38.42014186295431,-398.9724866275773
evreg2,1bn.relative_year_bin_aux#1.treat#1.downup_ac_pop,31.98276848208634,439.5555615837712,-17.23775703858636,-14.66696698769003,-11.89564883526128,-9.924707611143029,-6.850918138200901,-5.229397575249051,-2.572296121226031,2.480000761900758,4.777334437580222,0,2.150308758784555,-.0072342390832009,.0036449913438257,-522.6203644603108,-480.0897599941413,-454.1590696043893,-499.3421436426062,-219.748101671826,-124.5246102489426,-133.1837956844873,-58.49736935918368,-238.8321950732659,-3.433631301460144,-3.644498283366185,-3.285888165280796,-3.052769354552115,-1.459012876065676,-.517439238057487,-.8235782213005404,-.4688702737117609,-1.318625207874546,-552.1794326966881,1009.523726623843,902.6867642164016,871.5731789640429,887.4157555446013,438.3132167598687,192.1482659317182,202.8186801461681,52.78683630872838,370.4710474071686
evreg2,2.relative_year_bin_aux#1.treat#1.downup_ac_pop,24.90315696014996,439.5555615837712,-16.2240816720276,-13.96260279211586,-11.15164088741255,-9.42355033054891,-6.360051430964215,-4.913797105719893,-2.430205319295856,2.394798607361004,4.610265094310436,0,2.142883086552342,-.0054693299791505,.0497677122760104,-464.3474210105441,-547.8517300822025,-457.2323199614555,-529.9076861809308,-198.5987309333933,-128.6637439111234,-131.9123730023096,-58.36678737862869,-237.4234780824883,-3.670816757352442,-4.007094491137402,-3.507126503645443,-3.335179062756273,-1.237719869291948,-.4499374294959745,-.8602511863632389,-.4707343870217568,-1.337154679175072,-554.1010652096346,902.6867642164016,1017.061967671281,893.8337042500704,939.2986694342635,388.5889222288577,199.3859025354542,200.9980283160574,52.2208754509628,371.4407642094966
evreg2,3.relative_year_bin_aux#1.treat#1.downup_ac_pop,38.7418786415305,439.5555615837712,-16.96931342058264,-14.38262306550557,-11.44659475876625,-9.78975766261215,-6.594571828417712,-5.196560781134893,-2.529218114913075,2.480155452625212,4.851020328769541,0,2.200566118652594,-.0056367378387296,.0874402572020689,-456.91274166364,-475.6793552597449,-475.0668835195639,-499.6599093083695,-232.0502242726152,-133.1868600121057,-139.3100013624402,-58.98509187765151,-238.3363443144865,-3.289584868791435,-3.219849424632658,-3.522986977724228,-2.785320189895147,-1.593727781901936,-.3873237397557162,-.8078896004151828,-.4949576427317949,-1.32779362463258,-554.729933005878,871.5731789640429,893.8337042500704,936.6226646917015,895.7474321401611,458.8358066786733,209.8772632059841,214.3103054495798,53.5073781799779,370.5850456312206
evreg2,4.relative_year_bin_aux#1.treat#1.downup_ac_pop,17.64265523821081,439.5555615837712,-7.513520638942525,-6.129561884874775,-4.786435932237933,-3.775087122780617,-2.882046123091376,-2.49940893157084,-1.194963309292301,1.07466069167872,2.268726170487655,0,1.834377650064449,-.0030539730420505,-.0007438972495088,-459.1006701970124,-503.0345858596579,-456.1658315584911,-566.5868574542706,-204.1186921259856,-129.6533718405254,-129.3207536430448,-54.32266432792461,-226.408411176364,-3.206367046143634,-3.431165796587074,-3.264702018857637,-3.819628783891889,-1.278622669669253,-.4516743307885355,-.7758974151993903,-.3711122355704292,-1.049171101198069,-522.5116265799516,887.4157555446013,939.2986694342635,895.7474321401611,1038.587909982531,387.8342546821019,207.3488542559144,200.6439069147663,47.08066472300209,351.2415539003326
evreg2,5.relative_year_bin_aux#1.treat#1.downup_ac_pop,39.07648747052825,439.5555615837712,-15.5727308350436,-13.21922597067546,-11.05934088195599,-8.79462221787016,-5.757351075237755,-4.537243730105923,-2.129339132201161,2.371130814515716,4.582938473430423,0,1.076542470433889,-.0070932266121928,.1224570526805663,-212.54252389993,-192.7956460910434,-222.4016733880276,-207.4169155076938,-228.0836957580827,-77.85273798202631,-65.97879277152596,-13.01941429973796,-72.7129471756776,-1.683286976559672,-1.554055900571368,-1.662815767355075,-1.466315667317227,-2.23204905453064,-.4701464633930895,-.4875675618725362,-.4074556193609007,-.3919886498647786,-285.7847222011507,438.3132167598687,388.5889222288577,458.8358066786733,387.8342546821019,480.8688092628631,140.8400388169736,123.6756473387154,10.70977770398706,124.2051241277168
evreg2,6.relative_year_bin_aux#1.treat#1.downup_ac_pop,32.65347155148991,439.5555615837712,-13.71704341590296,-11.7298504037232,-9.869931574730096,-7.846285799013016,-5.913840125433551,-3.731070415181815,-1.796775461667916,2.462897689137295,4.685912690387565,0,.7814154088730664,-.0036646542071978,-.1010863487132624,-102.8853085768201,-105.6531670082497,-110.243759432633,-114.5728598008956,-83.48152845564231,-102.4155208998409,-82.96247505436048,-38.08716656270641,-103.9511093314022,-.7441058645190319,-.7133097761776243,-.7567361382285793,-.7635355338161903,-.5068845770520484,-.5676679668276643,-.5779857494501567,-.8196459455681511,-.9426173012498449,-198.7052734684235,192.1482659317182,199.3859025354542,209.8772632059841,207.3488542559144,140.8400388169736,203.0123439970901,142.5737215018753,72.7401536857645,203.4906076273433
evreg2,7.relative_year_bin_aux#1.treat#1.downup_ac_pop,13.63368565842103,439.5555615837712,2.193528981416754,1.939065709401148,1.54089066480337,1.253406239658559,1.162732512474322,.9065931110975369,.6991673069948955,-.0219010312678059,-1.217372951917429,0,1.075979517766127,-.0019746150979625,-.3885414710565035,-112.7448863490569,-110.6217481766037,-114.9743157531481,-115.762097799749,-62.64701902112931,-79.70109623495159,-160.3825915046633,-79.65233866281119,-228.2691828512148,-1.036855683489447,-1.041539724288511,-.9686331479226875,-.8934456717264524,-.3566700881810538,-.4599043063564719,-1.246388481222176,-1.303010468068179,-2.050645407419748,-214.3717292993762,202.8186801461681,200.9980283160574,214.3103054495798,200.6439069147663,123.6756473387154,142.5737215018753,276.1371007799926,128.7307065125321,387.5730660055246
evreg2,9.relative_year_bin_aux#1.treat#1.downup_ac_pop,8.535324173592198,439.5555615837712,-4.15294440101345,-3.549242850371384,-2.954046028961186,-2.497158194486266,-1.897501173383575,-1.011490702798541,-.4280997537717797,1.836820315912362,1.635570268158919,0,.3341900736443253,-.0002441347589261,-.1908059255710225,-27.72015951618883,-27.23590603264465,-27.80735533203075,-28.15013619182853,-7.231195120321138,-40.258846724417,-79.2021141731862,-114.0289170190069,-133.8222236648808,-.3733000246822086,-.3727561665149411,-.3785081995918012,-.2721470822393647,.0534543550261894,-.229000197961577,-.5659712298671216,-2.175288743061186,-1.528330799914296,-38.42014186295431,52.78683630872838,52.2208754509628,53.5073781799779,47.08066472300209,10.70977770398706,72.7401536857645,128.7307065125321,224.7138292593902,277.3306965114348
evreg2,10.relative_year_bin_aux#1.treat#1.downup_ac_pop,12.87307086218362,439.5555615837712,-2.262024423504609,-2.013646190487911,-1.729562325844114,-1.641650891820745,-1.811758972781028,-.5851216141673805,-.2710143575371204,1.383076916326814,1.333329661429888,0,1.359477380752854,-.0060055414895898,.2422352902238722,-182.3176863485523,-181.6593982917771,-182.5688614685236,-181.1134068034354,-75.27116357198319,-101.3657736684452,-221.164913981781,-138.7110156626081,-569.0601758427679,-1.297043042795141,-1.287696558335476,-1.300565403037236,-1.049028728577526,.4172772683053604,-.3187322666143677,-1.669689427840233,-2.089037028072244,-5.759768057080856,-398.9724866275773,370.4710474071686,371.4407642094966,370.5850456312206,351.2415539003326,124.2051241277168,203.4906076273433,387.5730660055246,277.3306965114348,1193.468503801886
evreg3,1bn.relative_year_bin_aux,-192.3296995758052,439.5555615837712,905.7946754011018,781.0654088454648,649.3026216675246,521.2920153282834,382.7913969711461,256.3133028175554,126.1703788740338,-133.5493549680149,-254.55278910386,0,0,.038946880185054,-9.613712178206528,-22.14050979638383,-9.94127005447149,-28.19899531865981,-18.83434904749036,-42.82879027347402,-13.85905722725518,-10.75984325275778,-26.38684141892008,-76.91807774893411,-.4576033346836464,.7868144228718718,-.8081723905217488,.7613399020836213,-3.290147827822745,-.2477397617918238,-2.751592584874562,-11.14265258376653,-19.46284523921257,0,15.50925860994255,20.07106188729932,20.0378103413884,30.59123763913532,-2.479027722505103,9.436106207499998,-7.008358309805022,-12.71746575251794,-48.8799377530061
evreg3,2.relative_year_bin_aux,-181.6015183833528,439.5555615837712,781.0654088454648,674.4106386424967,560.330450294513,450.1031209323552,330.075510373838,221.1864137045369,108.9254373751402,-114.9557543827025,-219.1865004495702,0,0,.0350623887646646,-8.426637851664401,-19.08422292235869,-8.097546628177168,-24.72389881698121,-16.03148628711837,-37.61597540366842,-11.74692276928287,-8.852953707426863,-22.71189934980814,-65.70266370761915,-.1552659672432164,.1007499992867137,-.8740834354205151,.2690305805422225,-2.86174025901401,-.3335232036475232,-2.387242175268909,-9.746993426635548,-16.91913568402101,0,13.53650859009618,16.93649738488402,17.59819949175038,26.14419446955302,-1.633012828517193,8.062224223046501,-6.281398610708949,-11.09120339024433,-42.79996302889865
evreg3,3.relative_year_bin_aux,-151.797493443292,439.5555615837712,649.3026216675246,560.330450294513,466.4587205664139,374.131827445347,274.5555231953155,183.9791247451118,90.75157043652383,-95.38091159247007,-182.0531126628919,0,0,.0305961668354236,-6.992505690069368,-15.75461554975656,-7.274378493343096,-19.90685183866962,-13.38839199091928,-31.01748559291435,-9.917487605653392,-7.488729775727585,-19.1282425563432,-54.7033951875903,-.2826044701237317,.3268719801584101,-1.375282243647541,.3366596205061428,-2.647280515740427,-.4200475797152795,-2.202594060532317,-8.334982673887016,-14.33172260957226,0,11.00669957856404,14.57390659567637,14.03674975300024,21.90798235487811,-1.992026379487811,6.729924626924572,-5.239439879424808,-9.206622049675815,-36.08561416156028
evreg3,4.relative_year_bin_aux,-100.7008546359691,439.5555615837712,521.2920153282834,450.1031209323552,374.131827445347,301.4041531572714,220.3703211001002,147.7874445560081,73.02450582116491,-76.41317211157369,-145.7902233654355,0,0,.0223379453396965,-5.635965738289582,-12.83166336686442,-5.315909926869737,-16.56425202635301,-10.13267403595301,-25.53855073340673,-7.877599237986264,-5.619693633333009,-15.48559723917474,-43.2513140422659,-.4028007930988254,-.2022406959711866,-.9079203296985076,-.8108465238178759,-2.075892950941921,-.4903731456508416,-1.979266076195935,-6.77350962109812,-11.83558600231783,0,8.867488962440401,10.96484454589501,11.59942604607863,16.75123873049949,-.7137186403685083,5.27911134489682,-4.681205510915327,-7.295883859224928,-29.86190708232575
evreg3,5.relative_year_bin_aux,-78.05321385861738,439.5555615837712,382.7913969711461,330.075510373838,274.5555231953155,220.3703211001002,163.0440751733132,108.8712665181275,53.76613209465626,-56.33280027480404,-107.8565375325449,0,0,.0160703676533982,-4.155385099929044,-9.993213139656337,-5.409939513476728,-12.05955891933091,-8.834938846772557,-15.85691722987168,-6.678870180779118,-4.835994227095089,-12.09029133522838,-34.77155923367008,-.6514198473251831,-.1187484373646469,-.9159702102218159,-.0140676331829855,-2.482878005591176,-.7395486939151179,-1.679286519691605,-5.115490423748631,-8.744261795508923,0,5.93574427677609,8.746098782414359,7.950657192257457,13.28644289750066,-2.78359830960952,4.156009942428713,-3.506229287697417,-4.756580253110288,-20.23675852420601
evreg3,6.relative_year_bin_aux,-58.87846348098049,439.5555615837712,256.3133028175554,221.1864137045369,183.9791247451118,147.7874445560081,108.8712665181275,73.43493053618378,36.45147144030744,-37.09503322659814,-71.50369873501397,0,0,.0121426263089784,-2.786218415431324,-6.447869447178495,-2.972980883506976,-7.904241765883487,-5.320414288379106,-11.87028473718804,-4.086121049312386,-3.137512936725353,-7.949756922492727,-22.03041260243643,-.8021742176249992,-.5521756684668691,-.9921716803866016,-.5408476200028016,-1.556206846924526,-1.157124815567685,-1.658703423334987,-3.998684006715725,-6.476783349170648,0,4.123891199257831,5.467098103045465,5.361767833279226,8.251946979901696,-.0749852743068441,2.752171995618762,-2.245431928496346,-3.432155368781235,-14.87326514910292
evreg3,7.relative_year_bin_aux,-37.19504649771165,439.5555615837712,126.1703788740338,108.9254373751402,90.75157043652383,73.02450582116491,53.76613209465626,36.45147144030744,18.8866282260255,-17.68917100783386,-34.27511482964565,0,0,.0067103633675839,-1.519714241478208,-2.736963926160703,-.9385051482849468,-3.285195511217868,-1.853853965362448,-5.591317258050118,-1.736521012530011,-.669621786634461,-4.171827145093953,-9.000841321931414,-.9992904800629607,-.8012790289666004,-1.050589712537775,-.8760264647701026,-1.25789463251864,-1.075880974636727,-1.86712902808729,-2.516023875997421,-4.036969315590938,0,1.524828439407974,2.138774019375346,1.985877315425656,3.198480877991404,-.3685028604584713,1.125325508672852,-1.965508520841379,-1.574545578570215,-9.538823969041452
evreg3,9.relative_year_bin_aux,42.56398980137158,439.5555615837712,-133.5493549680149,-114.9557543827025,-95.38091159247007,-76.41317211157369,-56.33280027480404,-37.09503322659814,-17.68917100783386,22.66780226180792,40.18894830837346,0,0,-.0073283854128851,1.635560482221391,3.856479800639384,2.057911917561246,4.262617537244416,3.0288040066166,4.933752979934117,2.264941697983047,1.7484649630372,3.446172805525968,14.83684226926346,-1.151398750687326,-1.342506036050185,-1.184572291076917,-1.37844033574096,-.6062786699841228,-1.157990364520348,-.7685736338235086,-1.030066903404832,.934780091308213,0,-2.249197455861391,-2.982712289031844,-3.081713800694175,-4.543268354466328,.6994238396623754,-1.154276610048299,1.294864409433013,2.092121453658728,3.732501676659147
evreg3,10.relative_year_bin_aux,50.10057064026097,439.5555615837712,-254.55278910386,-219.1865004495702,-182.0531126628919,-145.7902233654355,-107.8565375325449,-71.50369873501397,-34.27511482964565,40.18894830837346,78.88993191182284,0,0,-.0145250529156846,2.919949922954636,10.95199883943514,7.468794640817312,11.47556164322566,9.271340595525258,12.28288493099603,7.398250350399867,8.029868071058772,9.270261985677042,36.84411833571376,-1.189688986985882,-1.597278562950124,-1.261958524793626,-1.97014198364929,-.544492843714166,-1.171064856722503,-.5363663417207801,1.353164091925186,1.153623739526747,0,-6.755645812090248,-8.237657240563349,-8.412544533859215,-11.68907756328114,-2.527489548100615,-4.61948947285981,-.5903429634718206,2.376373590277282,2.606542595393321
evreg3,1o.treat,0,439.5555615837712,0,0,0,0,0,0,0,0,0,0,0,0,0,0,0,0,0,0,0,0,0,0,0,0,0,0,0,0,0,0,0,0,0,0,0,0,0,0,0,0,0
evreg3,1o.rice_area_aclvl_ahigh,0,439.5555615837712,0,0,0,0,0,0,0,0,0,0,0,0,0,0,0,0,0,0,0,0,0,0,0,0,0,0,0,0,0,0,0,0,0,0,0,0,0,0,0,0,0
evreg3,wind_direction,-.7164839262655771,439.5555615837712,.038946880185054,.0350623887646646,.0305961668354236,.0223379453396965,.0160703676533982,.0121426263089784,.0067103633675839,-.0073283854128851,-.0145250529156846,0,0,.0000971803659762,-.002777361713708,-.0018510657227095,-.0004659417265178,.0050599372306349,.0011747941900162,-.0033131419404998,.0006465618342143,.0018530350092216,-.0002249251079934,-.0094899665764001,-.0010917613380849,.0002250088067051,.0008744765326216,.0016441428352274,-.0001745333167835,-.001582012363846,.000623543638039,-.0014139654881597,-.0028385441821897,0,-.0013594370334712,.0001111274228441,-.0050729340962361,-.0007997229737922,.0021087508101611,-.0015491584430519,-.0061979369477243,-.008642593935546,-.0199944004872197
evreg3,av_wind_speed,66.4136358063098,439.5555615837712,-9.613712178206528,-8.426637851664401,-6.992505690069368,-5.635965738289582,-4.155385099929044,-2.786218415431324,-1.519714241478208,1.635560482221391,2.919949922954636,0,0,-.002777361713708,1.778939291421114,.9868737401493868,.7170775687934383,.7159254462230548,.5183319910310208,.8483557755067319,.7021900635158375,.5244371853740457,.8278926563494561,3.068282821564971,.2681411438543042,.2930778970372269,.1495394751559627,-.0110194345956378,.1580251139420441,.2050845244840141,.2117208950669089,-.0604297232638602,-.0231454063372204,0,-.144381700992546,-.2961117186736085,-.1667420744581772,-.2251904315589045,-.3312399599027379,-.4921010603328223,-.2723885192201638,.2254331069408157,.3327788997419396
evreg3,1bn.relative_year_bin_aux#1.treat,15.02898907571497,439.5555615837712,-22.14050979638383,-19.08422292235869,-15.75461554975656,-12.83166336686442,-9.993213139656337,-6.447869447178495,-2.736963926160703,3.856479800639384,10.95199883943514,0,0,-.0018510657227095,.9868737401493868,189.1992576531211,132.0807650676559,153.7987388878833,134.7737235320097,97.58527731549385,106.9323816215331,113.6352263084056,96.60350612613057,274.745553849985,-1.006406134308349,-.9428146840254743,-1.296314859261208,-1.022804993638192,-.5064160668471702,.0575907041011531,-.6428268886358172,-.3514130974118026,-2.946500310800364,0,-190.8815198979416,-133.6007710406731,-157.0707174580415,-138.8566846364314,-102.4663838696249,-105.4348231994097,-111.4392759547711,-96.24099536603359,-270.2686905646665
evreg3,2.relative_year_bin_aux#1.treat,2.341837049634272,439.5555615837712,-9.94127005447149,-8.097546628177168,-7.274378493343096,-5.315909926869737,-5.409939513476728,-2.972980883506976,-.9385051482849468,2.057911917561246,7.468794640817312,0,0,-.0004659417265178,.7170775687934383,132.0807650676559,207.6540543801997,138.4420083936369,164.3728773863606,63.43811064607362,106.3780298573395,111.5375214157564,95.76920572113303,275.0956121186342,-.8398485378874873,-1.289753256287311,-.7927561011103023,-1.369905748614592,.2720020362460822,.0444780076565947,-.655653924396677,-.3756497693245149,-3.057383363743195,0,-133.2137567144063,-209.0096538247823,-141.6153437928297,-168.6252445749579,-66.955568976772,-104.4129070455865,-109.3905065379827,-96.62626406778291,-273.5243598128998
evreg3,3.relative_year_bin_aux#1.treat,-40.36862413844291,439.5555615837712,-28.19899531865981,-24.72389881698121,-19.90685183866962,-16.56425202635301,-12.05955891933091,-7.904241765883487,-3.285195511217868,4.262617537244416,11.47556164322566,0,0,.0050599372306349,.7159254462230548,153.7987388878833,138.4420083936369,204.3611410160566,130.6900220087282,106.9891163466368,105.9447795237256,114.6472503621244,95.33755105632989,270.1334568398376,-1.015137401723531,-.5153919577971782,-1.180158891951653,-.5192577678180459,-.429876109570759,-.0737311512417431,-.7584141019159627,-.4004138545087059,-3.104703295835267,0,-156.0551335380061,-140.6594297377619,-207.505120346411,-134.6518044834991,-109.5853113054394,-104.9225724912056,-113.4828287859109,-96.71896024849003,-271.0601120337865
evreg3,4.relative_year_bin_aux#1.treat,2.00795022356002,439.5555615837712,-18.83434904749036,-16.03148628711837,-13.38839199091928,-10.13267403595301,-8.834938846772557,-5.320414288379106,-1.853853965362448,3.0288040066166,9.271340595525258,0,0,.0011747941900162,.5183319910310208,134.7737235320097,164.3728773863606,130.6900220087282,232.7214004506116,52.73881824021613,110.9113598365977,125.4135566557383,84.33912511668129,281.5963800269417,-1.071424531532677,-1.15518261188659,-.889941143529825,-1.493308873524609,.1663190607426845,-.2980115164120674,-1.092836833651163,-.2735794563030431,-3.366745005076178,0,-137.0721025606063,-166.9581313748453,-133.9194303878806,-236.816607417421,-54.64097534756952,-110.2930548900662,-125.102282276438,-85.8707627825823,-285.4046185116466
evreg3,5.relative_year_bin_aux#1.treat,14.8585582460699,439.5555615837712,-42.82879027347402,-37.61597540366842,-31.01748559291435,-25.53855073340673,-15.85691722987168,-11.87028473718804,-5.591317258050118,4.933752979934117,12.28288493099603,0,0,-.0033131419404998,.8483557755067319,97.58527731549385,63.43811064607362,106.9891163466368,52.73881824021613,265.9673695198097,64.47016752302928,81.95243384999171,19.69984250026829,91.79748153278972,-.931606001078472,-.1273774370037535,-.8637261700057041,.0724098048625784,-2.727940953686104,-.1417070892356314,-.5950929471251237,.7197575401420828,-.9721526943342945,0,-104.2264118347254,-68.87468128327703,-112.4838873723375,-57.75686566794525,-270.0578616644077,-66.01726665368531,-82.81333350309971,-18.23594546882001,-89.30633139379314
evreg3,6.relative_year_bin_aux#1.treat,-21.59306000590453,439.5555615837712,-13.85905722725518,-11.74692276928287,-9.917487605653392,-7.877599237986264,-6.678870180779118,-4.086121049312386,-1.736521012530011,2.264941697983047,7.398250350399867,0,0,.0006465618342143,.7021900635158375,106.9323816215331,106.3780298573395,105.9447795237256,110.9113598365977,64.47016752302928,116.0642905779878,97.42834570378135,72.6997415235072,200.8343847655257,-.1836096524546572,-.2620982369174696,-.4047805335063105,-.5145507973558705,.2135536098553021,.1457119689459642,-.256584839492474,.0268049760220086,-1.999738826807478,0,-105.764351114487,-105.441167459704,-106.7098981245311,-112.4633240499435,-66.1081997972593,-114.3197558169606,-95.8131091349388,-72.10524868976758,-196.9109601219422
evreg3,7.relative_year_bin_aux#1.treat,-20.09460819071674,439.5555615837712,-10.75984325275778,-8.852953707426863,-7.488729775727585,-5.619693633333009,-4.835994227095089,-3.137512936725353,-.669621786634461,1.7484649630372,8.029868071058772,0,0,.0018530350092216,.5244371853740457,113.6352263084056,111.5375214157564,114.6472503621244,125.4135566557383,81.95243384999171,97.42834570378135,177.9002834321925,49.30525804487003,262.0368715736883,-.5809548263310982,-.7298702331210746,-.6714454345233593,-.9577439563360478,-.4296402949979692,-.1528788394831885,-.9132497228795482,.1962489753336912,-3.0473445949832,0,-113.1631349106561,-111.1945510922212,-115.52655196005,-127.0589405797328,-83.50826588610553,-96.37352161431117,-176.7324478203643,-49.15682236577248,-259.7788119835462
evreg3,9.relative_year_bin_aux#1.treat,23.22130864272651,439.5555615837712,-26.38684141892008,-22.71189934980814,-19.1282425563432,-15.48559723917474,-12.09029133522838,-7.949756922492727,-4.171827145093953,3.446172805525968,9.270261985677042,0,0,-.0002249251079934,.8278926563494561,96.60350612613057,95.76920572113303,95.33755105632989,84.33912511668129,19.69984250026829,72.6997415235072,49.30525804487003,152.3005561441552,208.1603961114425,.0627533174165876,-.0779973327228635,-.0298840183420803,.0387956664346002,1.117809487863809,.6290974019007943,.5274313314164145,.3905925819717974,-1.433023887194247,0,-96.95937122619652,-97.20448423090896,-97.54314481146749,-86.80542258593047,-18.48387347843741,-71.30657579689286,-48.92047201996788,-153.3437724537564,-210.3250899318333
evreg3,10.relative_year_bin_aux#1.treat,57.48251762121955,439.5555615837712,-76.91807774893411,-65.70266370761915,-54.7033951875903,-43.2513140422659,-34.77155923367008,-22.03041260243643,-9.000841321931414,14.83684226926346,36.84411833571376,0,0,-.0094899665764001,3.068282821564971,274.745553849985,275.0956121186342,270.1334568398376,281.5963800269417,91.79748153278972,200.8343847655257,262.0368715736883,208.1603961114425,1006.173087257335,-2.58923343984293,-3.005811488086334,-3.077779898007239,-3.75497827306892,-.0142523980190423,-.9241245929725174,-2.880446496187611,-3.028312292635661,-11.37551969409888,0,-273.2222921492632,-277.1393679814334,-274.9214281240124,-289.6311941917206,-91.73593565133575,-196.4860017438371,-259.6987459167779,-210.065953980922,-1012.315598469133
evreg3,1bn.relative_year_bin_aux#1.rice_area_aclvl_ahigh,16.86189749660107,439.5555615837712,-.4576033346836464,-.1552659672432164,-.2826044701237317,-.4028007930988254,-.6514198473251831,-.8021742176249992,-.9992904800629607,-1.151398750687326,-1.189688986985882,0,0,-.0010917613380849,.2681411438543042,-1.006406134308349,-.8398485378874873,-1.015137401723531,-1.071424531532677,-.931606001078472,-.1836096524546572,-.5809548263310982,.0627533174165876,-2.58923343984293,4.752469519225134,3.601789560287836,3.481651650344563,2.988472589847498,2.540643957486867,2.714997597448975,3.29544819144928,2.671318956676614,3.866507548829671,0,4.384172335356992,3.357249466567448,3.744835682684015,3.358848298702377,.2172436990252457,1.162134584028365,2.295724296551954,.6409615264474151,8.266387236910289
evreg3,2.relative_year_bin_aux#1.rice_area_aclvl_ahigh,11.04753357517055,439.5555615837712,.7868144228718718,.1007499992867137,.3268719801584101,-.2022406959711866,-.1187484373646469,-.5521756684668691,-.8012790289666004,-1.342506036050185,-1.597278562950124,0,0,.0002250088067051,.2930778970372269,-.9428146840254743,-1.289753256287311,-.5153919577971782,-1.15518261188659,-.1273774370037535,-.2620982369174696,-.7298702331210746,-.0779973327228635,-3.005811488086334,3.601789560287836,4.727379222010671,3.465580166067646,3.83116876249992,1.782464967415925,2.681889492565669,3.183313822079347,2.652284876175367,3.876726867585779,0,3.59148216937123,4.428486162457198,3.120370039395723,4.281509632625927,-2.063448078389889,1.166226335763391,2.364507143765965,.6841037796255355,8.49746900747212
evreg3,3.relative_year_bin_aux#1.rice_area_aclvl_ahigh,5.702460429152611,439.5555615837712,-.8081723905217488,-.8740834354205151,-1.375282243647541,-.9079203296985076,-.9159702102218159,-.9921716803866016,-1.050589712537775,-1.184572291076917,-1.261958524793626,0,0,.0008744765326216,.1495394751559627,-1.296314859261208,-.7927561011103023,-1.180158891951653,-.889941143529825,-.8637261700057041,-.4047805335063105,-.6714454345233593,-.0298840183420803,-3.077779898007239,3.481651650344563,3.465580166067646,4.99706630495083,3.052557628484697,2.613529509769706,2.69337512048845,3.240890897698185,2.686385238126248,3.843693653746898,0,4.154729667519717,3.272154172249662,3.54464763516047,2.781018829629307,.1327235058094037,1.148220706922626,2.192605600700164,.6212183904233821,8.111423801834668
evreg3,4.relative_year_bin_aux#1.rice_area_aclvl_ahigh,8.028600784337851,439.5555615837712,.7613399020836213,.2690305805422225,.3366596205061428,-.8108465238178759,-.0140676331829855,-.5408476200028016,-.8760264647701026,-1.37844033574096,-1.97014198364929,0,0,.0016441428352274,-.0110194345956378,-1.022804993638192,-1.369905748614592,-.5192577678180459,-1.493308873524609,.0724098048625784,-.5145507973558705,-.9577439563360478,.0387956664346002,-3.75497827306892,2.988472589847498,3.83116876249992,3.052557628484697,6.480218806369557,2.012826862957554,2.77336448366548,3.606945316561086,2.009448027192591,3.771031874419151,0,3.023972567508471,4.454254516016586,2.645631795880782,5.522918616104271,-1.303755548680408,1.375040613145783,2.669528031403302,.2682042230257087,8.136845751612242
evreg3,5.relative_year_bin_aux#1.rice_area_aclvl_ahigh,19.38400807395353,439.5555615837712,-3.290147827822745,-2.86174025901401,-2.647280515740427,-2.075892950941921,-2.482878005591176,-1.556206846924526,-1.25789463251864,-.6062786699841228,-.544492843714166,0,0,-.0001745333167835,.1580251139420441,-.5064160668471702,.2720020362460822,-.429876109570759,.1663190607426845,-2.727940953686104,.2135536098553021,-.4296402949979692,1.117809487863809,-.0142523980190423,2.540643957486867,1.782464967415925,2.613529509769706,2.012826862957554,5.612360582504432,2.583468631975539,2.506174203638666,1.264288271155269,.9510411767342807,0,-.1208999625115557,-1.877823386329931,.3000030101627917,-1.904504947997611,9.677161433644587,-.5980085219042121,-.3290649707725445,-2.595130019128226,-2.357378076992025
evreg3,6.relative_year_bin_aux#1.rice_area_aclvl_ahigh,33.8332324756927,439.5555615837712,-.2477397617918238,-.3335232036475232,-.4200475797152795,-.4903731456508416,-.7395486939151179,-1.157124815567685,-1.075880974636727,-1.157990364520348,-1.171064856722503,0,0,-.001582012363846,.2050845244840141,.0575907041011531,.0444780076565947,-.0737311512417431,-.2980115164120674,-.1417070892356314,.1457119689459642,-.1528788394831885,.6290974019007943,-.9241245929725174,2.714997597448975,2.681889492565669,2.69337512048845,2.77336448366548,2.583468631975539,3.664624003513967,3.063681990512547,2.303576472936832,2.706490529661587,0,.7370705879890088,.6838140372148405,.6086147527490697,1.023448310598237,-.3536778194536785,.0192366067642524,.8500281608158881,-.8866109979659765,3.196740586904362
evreg3,7.relative_year_bin_aux#1.rice_area_aclvl_ahigh,16.5021538079367,439.5555615837712,-2.751592584874562,-2.387242175268909,-2.202594060532317,-1.979266076195935,-1.679286519691605,-1.658703423334987,-1.86712902808729,-.7685736338235086,-.5363663417207801,0,0,.000623543638039,.2117208950669089,-.6428268886358172,-.655653924396677,-.7584141019159627,-1.092836833651163,-.5950929471251237,-.256584839492474,-.9132497228795482,.5274313314164145,-2.880446496187611,3.29544819144928,3.183313822079347,3.240890897698185,3.606945316561086,2.506174203638666,3.063681990512547,5.811367415838206,2.850357069137715,4.581739012354482,0,1.987095161065164,2.001360768110223,1.992333249850531,2.70603843562708,.1424175715382772,1.028217323928154,3.133325941830682,-.3555904155746055,8.582986991459649
evreg3,9.relative_year_bin_aux#1.rice_area_aclvl_ahigh,11.58355725985407,439.5555615837712,-11.14265258376653,-9.746993426635548,-8.334982673887016,-6.77350962109812,-5.115490423748631,-3.998684006715725,-2.516023875997421,-1.030066903404832,1.353164091925186,0,0,-.0014139654881597,-.0604297232638602,-.3514130974118026,-.3756497693245149,-.4004138545087059,-.2735794563030431,.7197575401420828,.0268049760220086,.1962489753336912,.3905925819717974,-3.028312292635661,2.671318956676614,2.652284876175367,2.686385238126248,2.009448027192591,1.264288271155269,2.303576472936832,2.850357069137715,6.486061580252957,5.513233276079988,0,2.123111287190503,1.983770460088349,1.933983225107341,1.613851235300804,-2.735484013714387,.6420100338082846,1.487124460974491,1.062880789354412,12.18319367741632
evreg3,10.relative_year_bin_aux#1.rice_area_aclvl_ahigh,18.81169197657115,439.5555615837712,-19.46284523921257,-16.91913568402101,-14.33172260957226,-11.83558600231783,-8.744261795508923,-6.476783349170648,-4.036969315590938,.934780091308213,1.153623739526747,0,0,-.0028385441821897,-.0231454063372204,-2.946500310800364,-3.057383363743195,-3.104703295835267,-3.366745005076178,-.9721526943342945,-1.999738826807478,-3.0473445949832,-1.433023887194247,-11.37551969409888,3.866507548829671,3.876726867585779,3.843693653746898,3.771031874419151,.9510411767342807,2.706490529661587,4.581739012354482,5.513233276079988,17.15456792141932,0,8.820067433836018,8.530671724970212,8.364651797797514,8.588365346972198,-1.566512111752888,5.071420196190917,11.4082575397653,6.169368860364815,37.14652674973591
evreg3,1o.treat#1o.rice_area_aclvl_ahigh,0,439.5555615837712,0,0,0,0,0,0,0,0,0,0,0,0,0,0,0,0,0,0,0,0,0,0,0,0,0,0,0,0,0,0,0,0,0,0,0,0,0,0,0,0,0
evreg3,1bn.relative_year_bin_aux#1.treat#1.rice_area_aclvl_ahigh,65.21590245277996,439.5555615837712,15.50925860994255,13.53650859009618,11.00669957856404,8.867488962440401,5.93574427677609,4.123891199257831,1.524828439407974,-2.249197455861391,-6.755645812090248,0,0,-.0013594370334712,-.144381700992546,-190.8815198979416,-133.2137567144063,-156.0551335380061,-137.0721025606063,-104.2264118347254,-105.764351114487,-113.1631349106561,-96.95937122619652,-273.2222921492632,4.384172335356992,3.59148216937123,4.154729667519717,3.023972567508471,-.1208999625115557,.7370705879890088,1.987095161065164,2.123111287190503,8.820067433836018,0,473.2206085300888,327.6750706516333,376.6450466279666,319.9068286824373,206.3305438023135,214.3057990409758,248.4786451840216,200.5285320225898,579.0285936884591
evreg3,2.relative_year_bin_aux#1.treat#1.rice_area_aclvl_ahigh,34.87479836858331,439.5555615837712,20.07106188729932,16.93649738488402,14.57390659567637,10.96484454589501,8.746098782414359,5.467098103045465,2.138774019375346,-2.982712289031844,-8.237657240563349,0,0,.0001111274228441,-.2961117186736085,-133.6007710406731,-209.0096538247823,-140.6594297377619,-166.9581313748453,-68.87468128327703,-105.441167459704,-111.1945510922212,-97.20448423090896,-277.1393679814334,3.357249466567448,4.428486162457198,3.272154172249662,4.454254516016586,-1.877823386329931,.6838140372148405,2.001360768110223,1.983770460088349,8.530671724970212,0,327.6750706516333,475.4136909687663,342.7829563852367,408.2751994344857,93.21918301631436,212.1773877178612,244.8120238538107,199.9634151207545,585.7333534337233
evreg3,3.relative_year_bin_aux#1.treat#1.rice_area_aclvl_ahigh,72.22609278478443,439.5555615837712,20.0378103413884,17.59819949175038,14.03674975300024,11.59942604607863,7.950657192257457,5.361767833279226,1.985877315425656,-3.081713800694175,-8.412544533859215,0,0,-.0050729340962361,-.1667420744581772,-157.0707174580415,-141.6153437928297,-207.505120346411,-133.9194303878806,-112.4838873723375,-106.7098981245311,-115.52655196005,-97.54314481146749,-274.9214281240124,3.744835682684015,3.120370039395723,3.54464763516047,2.645631795880782,.3000030101627917,.6086147527490697,1.992333249850531,1.933983225107341,8.364651797797514,0,376.6450466279666,342.7829563852367,463.858434362545,302.0698698933052,231.1379505907896,213.7335782034146,251.3197275561958,202.618001178461,577.0256139704273
evreg3,4.relative_year_bin_aux#1.treat#1.rice_area_aclvl_ahigh,52.77469791061806,439.5555615837712,30.59123763913532,26.14419446955302,21.90798235487811,16.75123873049949,13.28644289750066,8.251946979901696,3.198480877991404,-4.543268354466328,-11.68907756328114,0,0,-.0007997229737922,-.2251904315589045,-138.8566846364314,-168.6252445749579,-134.6518044834991,-236.816607417421,-57.75686566794525,-112.4633240499435,-127.0589405797328,-86.80542258593047,-289.6311941917206,3.358848298702377,4.281509632625927,2.781018829629307,5.522918616104271,-1.904504947997611,1.023448310598237,2.70603843562708,1.613851235300804,8.588365346972198,0,319.9068286824373,408.2751994344857,302.0698698933052,612.8787051928454,81.05748099205084,233.4016444204046,299.4141091184384,168.216928614959,616.039907320367
evreg3,5.relative_year_bin_aux#1.treat#1.rice_area_aclvl_ahigh,61.30888233062289,439.5555615837712,-2.479027722505103,-1.633012828517193,-1.992026379487811,-.7137186403685083,-2.78359830960952,-.0749852743068441,-.3685028604584713,.6994238396623754,-2.527489548100615,0,0,.0021087508101611,-.3312399599027379,-102.4663838696249,-66.955568976772,-109.5853113054394,-54.64097534756952,-270.0578616644077,-66.1081997972593,-83.50826588610553,-18.48387347843741,-91.73593565133575,.2172436990252457,-2.063448078389889,.1327235058094037,-1.303755548680408,9.677161433644587,-.3536778194536785,.1424175715382772,-2.735484013714387,-1.566512111752888,0,206.3305438023135,93.21918301631436,231.1379505907896,81.05748099205084,754.4565064917812,126.0307677690599,151.4743257328481,-.4266889249872198,30.02083868205092
evreg3,6.relative_year_bin_aux#1.treat#1.rice_area_aclvl_ahigh,39.37106376591556,439.5555615837712,9.436106207499998,8.062224223046501,6.729924626924572,5.27911134489682,4.156009942428713,2.752171995618762,1.125325508672852,-1.154276610048299,-4.61948947285981,0,0,-.0015491584430519,-.4921010603328223,-105.4348231994097,-104.4129070455865,-104.9225724912056,-110.2930548900662,-66.01726665368531,-114.3197558169606,-96.37352161431117,-71.30657579689286,-196.4860017438371,1.162134584028365,1.166226335763391,1.148220706922626,1.375040613145783,-.5980085219042121,.0192366067642524,1.028217323928154,.6420100338082846,5.071420196190917,0,214.3057990409758,212.1773877178612,213.7335782034146,233.4016444204046,126.0307677690599,253.2459602768084,211.4251137482502,123.7306240870853,354.6218874960236
evreg3,7.relative_year_bin_aux#1.treat#1.rice_area_aclvl_ahigh,35.23455234588676,439.5555615837712,-7.008358309805022,-6.281398610708949,-5.239439879424808,-4.681205510915327,-3.506229287697417,-2.245431928496346,-1.965508520841379,1.294864409433013,-.5903429634718206,0,0,-.0061979369477243,-.2723885192201638,-111.4392759547711,-109.3905065379827,-113.4828287859109,-125.102282276438,-82.81333350309971,-95.8131091349388,-176.7324478203643,-48.92047201996788,-259.6987459167779,2.295724296551954,2.364507143765965,2.192605600700164,2.669528031403302,-.3290649707725445,.8500281608158881,3.133325941830682,1.487124460974491,11.4082575397653,0,248.4786451840216,244.8120238538107,251.3197275561958,299.4141091184384,151.4743257328481,211.4251137482502,428.1890231397091,111.5213831766512,580.6600121542599
evreg3,9.relative_year_bin_aux#1.treat#1.rice_area_aclvl_ahigh,77.66062749599621,439.5555615837712,-12.71746575251794,-11.09120339024433,-9.206622049675815,-7.295883859224928,-4.756580253110288,-3.432155368781235,-1.574545578570215,2.092121453658728,2.376373590277282,0,0,-.008642593935546,.2254331069408157,-96.24099536603359,-96.62626406778291,-96.71896024849003,-85.8707627825823,-18.23594546882001,-72.10524868976758,-49.15682236577248,-153.3437724537564,-210.065953980922,.6409615264474151,.6841037796255355,.6212183904233821,.2682042230257087,-2.595130019128226,-.8866109979659765,-.3555904155746055,1.062880789354412,6.169368860364815,0,200.5285320225898,199.9634151207545,202.618001178461,168.216928614959,-.4266889249872198,123.7306240870853,111.5213831766512,359.0740014140725,515.8227109205383
evreg3,10.relative_year_bin_aux#1.treat#1.rice_area_aclvl_ahigh,103.0461349205515,439.5555615837712,-48.8799377530061,-42.79996302889865,-36.08561416156028,-29.86190708232575,-20.23675852420601,-14.87326514910292,-9.538823969041452,3.732501676659147,2.606542595393321,0,0,-.0199944004872197,.3327788997419396,-270.2686905646665,-273.5243598128998,-271.0601120337865,-285.4046185116466,-89.30633139379314,-196.9109601219422,-259.7788119835462,-210.3250899318333,-1012.315598469133,8.266387236910289,8.49746900747212,8.111423801834668,8.136845751612242,-2.357378076992025,3.196740586904362,8.582986991459649,12.18319367741632,37.14652674973591,0,579.0285936884591,585.7333534337233,577.0256139704273,616.039907320367,30.02083868205092,354.6218874960236,580.6600121542599,515.8227109205383,2368.844933246585
evreg4,1bn.relative_year_bin_aux,-195.9963917973408,439.5555615837712,905.0917494857528,778.7413749271437,649.822844439331,519.8380805558168,386.6154714180682,257.6829983504949,128.083860992366,-126.9369599125561,-244.1316968597002,0,0,.0402624584343922,-9.499730869432293,1.497155240270895,-1.445731825883313,-5.80127259543389,-6.153893976581187,.7369564300001774,2.288443148463386,2.953627775799052,-2.277831561696763,-2.298939062185791,.0353190241829163,5.666220085525231,-3.589118090192984,3.674653996838767,-13.12981130247812,-3.958485109283552,-8.18832299877997,-28.64040341315551,-47.99946270050778,0,-18.36065937334972,3.648250290742715,-16.75217602278764,3.609556551028095,-54.45393587607419,-14.67023955385195,-22.93957238629509,-33.27545423856154,-129.143892941823
evreg4,2.relative_year_bin_aux,-181.5442489169805,439.5555615837712,778.7413749271437,670.5572436252796,559.4125177840675,447.5204577201922,332.746858630928,221.8209772817367,110.2837440909564,-109.0672344626097,-209.8691020838221,0,0,.0358134116815187,-8.263738719162291,1.321568811580991,-1.471667962797159,-5.403914046607806,-5.542012875355299,.5868305713564113,1.989172812389889,2.656960096413067,-2.009113443900843,-1.94525508211312,.0882094590888341,4.515599690810553,-3.280133372978648,3.003445712185746,-11.52810096094514,-3.477113232894744,-7.002922229266747,-24.74261394943982,-41.30741231504162,0,-15.74535518645146,3.466093344210723,-13.98558705575497,3.48364385627405,-47.02532338405886,-12.58202021094554,-19.73820917993607,-28.56231048705801,-111.0493707040663
evreg4,3.relative_year_bin_aux,-146.0796322980428,439.5555615837712,649.822844439331,559.4125177840675,467.3919373725055,373.5469886078475,277.735304757099,185.1926295770403,92.14543910608792,-90.82337677140454,-174.979872598501,0,0,.0302959300411098,-6.84290061147031,1.000433147424527,-1.196434111502489,-4.450033488218645,-4.35473363157532,.5030777333716298,1.519452858874687,1.948512864160213,-1.912969518174769,-1.946717346448148,-.0402147402505588,3.839983397800166,-3.317455783521904,2.443583504761766,-9.85796213089885,-3.049112890232364,-5.941723558342012,-20.83063507060091,-34.59020835253132,0,-13.04221488348677,2.877039870574511,-11.68950424326313,2.752340752244943,-39.51090183365918,-10.43953384681246,-16.2860379483797,-23.67703262567103,-92.42849616753281
evreg4,4.relative_year_bin_aux,-101.7367815686028,439.5555615837712,519.8380805558168,447.5204577201922,373.5469886078475,299.4204080525072,222.2338607272968,148.2382588140881,73.84685149462244,-72.51906804035288,-139.8039868554171,0,0,.0226469994119873,-5.48491225580879,.7673479092290034,-.99103222164074,-3.386186870995842,-3.855688340423705,.3447481618289723,1.171555233999573,1.52975675255894,-1.538286494739946,-1.513097470607374,-.239663445874958,2.842580243330751,-2.491445262500427,1.358543295337807,-7.908048849104258,-2.603123754541574,-4.93907946163105,-16.8035191454066,-27.90702942651405,0,-10.5791168350191,2.178335254172278,-9.751431468268455,2.429560156758007,-31.43757504119922,-8.381552055638693,-13.06410727288575,-18.99827211347966,-74.12340603074928
evreg4,5.relative_year_bin_aux,-83.426302611127,439.5555615837712,386.6154714180682,332.746858630928,277.735304757099,222.2338607272968,165.7784027566335,110.5385946348179,55.1228126175328,-53.87955031014308,-104.1565233249393,0,0,.017458193187182,-4.125299326699468,.485444049812161,-.7181162510505604,-2.504768139865905,-2.620718453492139,.1476468771031602,.8553465415706539,1.101358982309006,-1.222184888804288,-1.153632799121178,-.531777449213754,1.759277937713224,-2.107551027910549,1.054587122002496,-6.028792356669396,-2.300655180013385,-3.978950799737871,-12.8536130613343,-21.3218157003054,0,-8.255930638916473,1.097414224628155,-7.423367984849903,1.099466384690707,-22.35009279118412,-6.426925451387167,-10.07662320322059,-14.17880363334977,-56.32883673394074
evreg4,6.relative_year_bin_aux,-58.83963337384787,439.5555615837712,257.6829983504949,221.8209772817367,185.1926295770403,148.2382588140881,110.5385946348179,74.15112665362322,37.11888401144726,-35.48834952874069,-69.08642708739576,0,0,.0124220148624298,-2.787166745926271,.1354735532498772,-.6396496576717118,-1.87586589544716,-1.941677599099286,-.0623072353908544,.2882941335971729,.4828312970225629,-1.15213068349859,-.8942747109465776,-.8180900931378395,.7149626587137506,-1.806783949015138,.2415330781163594,-4.185288566955721,-2.162413726788233,-3.171502146733673,-9.080277594478259,-14.75053085488281,0,-5.409679134386917,.7659195171027712,-4.751497606967019,.8048008015624034,-14.32407094208576,-3.996713338121421,-6.533256808195581,-9.135519853163883,-37.92878971314249
evreg4,7.relative_year_bin_aux,-34.07199526281936,439.5555615837712,128.083860992366,110.2837440909564,92.14543910608792,73.84685149462244,55.1228126175328,37.11888401144726,19.07470833744622,-17.20242580053285,-33.98275441179685,0,0,.0062899983648545,-1.488935821789004,-.2881279895897788,-.6947940020790832,-1.2324372918069,-1.310499071642305,-.3236581675555306,-.1801445904799594,-.1690154803214589,-.9817506655420515,-.8023485633069234,-.8081206170001726,.0059694314309751,-1.260186356644616,-.2705626350741998,-2.400727406347883,-1.444895061644168,-2.26559218677747,-4.957416263315036,-7.721834383690256,0,-2.39627281839543,.7044345099625837,-2.097888715105817,.7043108689449642,-6.749200627083508,-1.680830565504243,-2.834171640955494,-4.160629871192602,-18.61662572022427
evreg4,9.relative_year_bin_aux,36.36178733441302,439.5555615837712,-126.9369599125561,-109.0672344626097,-90.82337677140454,-72.51906804035288,-53.87955031014308,-35.48834952874069,-17.20242580053285,20.11072463519023,35.81459798247953,0,0,-.0061925881041838,1.472174959790246,-.8696140604221628,-.4872962541181242,-.1083894198154483,.0616269236785549,-.8734746592257568,-1.019951432461531,-1.110540995459221,-1.206136275066652,-.3789932484392957,-.8111445177350872,-1.558805912011174,-.4060361193981692,-1.346491768623723,.7590708300978178,-.4083324091935223,.3069622857875844,2.168230896471669,6.126541342861059,0,3.69909679956813,.6577915308866299,3.457352489240486,.6664573100337902,7.787746504293615,3.073366190739715,4.355711661792272,6.404256698854064,20.19551346854692
evreg4,10.relative_year_bin_aux,43.54858882470703,439.5555615837712,-244.1316968597002,-209.8691020838221,-174.979872598501,-139.8039868554171,-104.1565233249393,-69.08642708739576,-33.98275441179685,35.81459798247953,70.17558434647178,0,0,-.013010583860093,2.647687633168318,-.7860473821559778,-.1376819161943733,.4440027518538549,.7466482248299696,-.8578665061203576,-.9400291191763385,-.8428512850345675,-.1256634301828622,-.9482802121523976,-.1341119041333374,-1.637344906430291,.5310823924995031,-1.4948588530509,2.324720845855996,.4681564585397719,2.057863876209146,7.208609354247138,12.09387971955486,0,7.534041831373379,1.728309843633537,7.027542560935271,1.632595685233664,13.918131620144,5.827024483211719,8.595220918441065,10.72666059559328,42.98531743824384
evreg4,1o.treat,0,439.5555615837712,0,0,0,0,0,0,0,0,0,0,0,0,0,0,0,0,0,0,0,0,0,0,0,0,0,0,0,0,0,0,0,0,0,0,0,0,0,0,0,0,0
evreg4,1o.rice_harvarea_aclvl_ahigh,0,439.5555615837712,0,0,0,0,0,0,0,0,0,0,0,0,0,0,0,0,0,0,0,0,0,0,0,0,0,0,0,0,0,0,0,0,0,0,0,0,0,0,0,0,0
evreg4,wind_direction,-.7165925425400375,439.5555615837712,.0402624584343922,.0358134116815187,.0302959300411098,.0226469994119873,.017458193187182,.0124220148624298,.0062899983648545,-.0061925881041838,-.013010583860093,0,0,.00009727620476,-.0027867598777113,-.0010658531612687,.0006724287701189,.0011580318217709,.0002449295319785,.0014113651555339,.001319004737462,.0001362476945828,-.0007406414968009,-.000537286074236,-.0037100556709555,-.001284202828949,.0015749569614544,.0012638998597535,-.0027985810261543,-.0016616287326222,.0016831885531647,-.00358155941157,-.0059710102977566,0,-.0000910918919679,-.0004611897563408,.0007110519546374,.0010520851481341,-.002396775491461,-.0016209477108351,-.0028841512498193,-.0024189016122009,-.0241582275628291
evreg4,av_wind_speed,66.39043723853102,439.5555615837712,-9.499730869432293,-8.263738719162291,-6.84290061147031,-5.48491225580879,-4.125299326699468,-2.787166745926271,-1.488935821789004,1.472174959790246,2.647687633168318,0,0,-.0027867598777113,1.771973837332192,.1685931110019025,.0758496436932447,.1615444976991267,.1149398132021388,.0917161938483196,.0579380027245747,.1026102863048744,-.1459403477449975,-.0866250021582704,.2580881409385622,.1098980919419423,-.0518954219613997,-.2467514722215541,.1879929527961033,.2533799877752171,.1438067982149649,.3215818900869702,.5938693380195446,0,.8428730065004495,.5763514194283194,.6226476074699331,.399414309448081,.6387803713180981,.461962570568587,.3820264858457574,1.251058752139383,4.241976279216304
evreg4,1bn.relative_year_bin_aux#1.treat,16.72231147660873,439.5555615837712,1.497155240270895,1.321568811580991,1.000433147424527,.7673479092290034,.485444049812161,.1354735532498772,-.2881279895897788,-.8696140604221628,-.7860473821559778,0,0,-.0010658531612687,.1685931110019025,73.63056747032141,45.84357414467972,44.89915170038531,47.71424438100158,46.43105158386022,47.343524141719,20.68285950226477,18.62983432217791,28.60109818455758,.1445574642680301,.0944642103426733,.0230445515350649,.0779975490668094,-.1127528721034886,.2269393725378539,.4544111603086483,.4511997624519698,.3829109755241293,0,-72.46950630512511,-44.48149390446451,-44.2356018655742,-46.67288150912616,-46.53218545126197,-46.33046149172019,-19.90708447953127,-18.48662109019411,-27.6530975569921
evreg4,2.relative_year_bin_aux#1.treat,.2696015634121487,439.5555615837712,-1.445731825883313,-1.471667962797159,-1.196434111502489,-.99103222164074,-.7181162510505604,-.6396496576717118,-.6947940020790832,-.4872962541181242,-.1376819161943733,0,0,.0006724287701189,.0758496436932447,45.84357414467972,73.80251141423511,63.22894516273553,59.46858637998696,45.32594222856869,45.57924498556438,17.67832447949855,18.87593259343944,31.14040137530855,.0149414468385276,.1469685475721847,.0224818293268916,.0087991531345514,-.1336687903897809,.1763179950426383,.4858287528839268,.3779906669773679,.23299702142295,0,-45.0544404414601,-72.48821246429962,-62.44497349031487,-58.34197321557191,-45.17904837910876,-44.73874268790652,-16.92733939554443,-18.91321358656572,-30.73313482002292
evreg4,3.relative_year_bin_aux#1.treat,-1.516311787245947,439.5555615837712,-5.80127259543389,-5.403914046607806,-4.450033488218645,-3.386186870995842,-2.504768139865905,-1.87586589544716,-1.2324372918069,-.1083894198154483,.4440027518538549,0,0,.0011580318217709,.1615444976991267,44.89915170038531,63.22894516273553,77.55382766400932,68.28461134228169,47.78948693355818,48.26152579433035,18.15993705240681,18.86431827567917,30.48245380839301,-.1920057888677137,-.163146971862234,.0862106909488551,-.2931955342970965,-.0762909974404201,.1118430161370569,.4280216302520962,.2550198103640645,-.094943499208138,0,-44.79983396526747,-62.51858963803382,-76.70407316932084,-67.24301111410824,-46.70667811407942,-47.98551362051262,-18.23827363533627,-19.54227719519178,-32.36815371351648
evreg4,4.relative_year_bin_aux#1.treat,3.363556132527556,439.5555615837712,-6.153893976581187,-5.542012875355299,-4.35473363157532,-3.855688340423705,-2.620718453492139,-1.941677599099286,-1.310499071642305,.0616269236785549,.7466482248299696,0,0,.0002449295319785,.1149398132021388,47.71424438100158,59.46858637998696,68.28461134228169,80.66090555503135,48.89436027306695,48.67992334893696,18.94666305614745,19.40008063586027,31.50495973690553,-.1575628729376883,-.2517569186211197,-.3454474907767346,-.0619262491670463,.0842596172702756,.115612187119528,.4134747655175675,.2530744198596086,-.1102520467470812,0,-47.80011155885322,-59.20681879360328,-67.89425708090295,-80.00619013661071,-47.37085877970252,-48.39630879310943,-18.95194125757101,-20.04173753786301,-33.54887704819151
evreg4,5.relative_year_bin_aux#1.treat,-8.491219577274006,439.5555615837712,.7369564300001774,.5868305713564113,.5030777333716298,.3447481618289723,.1476468771031602,-.0623072353908544,-.3236581675555306,-.8734746592257568,-.8578665061203576,0,0,.0014113651555339,.0917161938483196,46.43105158386022,45.32594222856869,47.78948693355818,48.89436027306695,61.88569955400334,48.80053737713801,18.91159049823821,17.19945557985938,21.48690035804568,-.1956452306038818,-.1669769888173347,-.1577170227627862,-.1368204889311974,-.1272972411611993,.086319499151119,.3536054939151047,.2539635407537032,.0271045919208154,0,-46.0310856068505,-44.74174245971683,-47.23618711025443,-48.05726568774258,-60.96054402798586,-48.04210939702707,-18.56903336255204,-17.25871786289267,-22.13035710205905
evreg4,6.relative_year_bin_aux#1.treat,-14.48394845104076,439.5555615837712,2.288443148463386,1.989172812389889,1.519452858874687,1.171555233999573,.8553465415706539,.2882941335971729,-.1801445904799594,-1.019951432461531,-.9400291191763385,0,0,.001319004737462,.0579380027245747,47.343524141719,45.57924498556438,48.26152579433035,48.67992334893696,48.80053737713801,59.41662990194565,24.74442293208573,18.19539747724188,28.87165874317031,.0237279388418489,.0971872458678429,.06458440282194,.153235041544791,-.0714469808427864,.3278902852104909,.6121511883917958,.3769800657905452,.2692510536832786,0,-46.31589999606205,-44.481137886809,-47.54114249756635,-47.73591614080471,-48.09104572293177,-58.21514493611087,-23.81107795030229,-18.02176677224063,-28.19072244650033
evreg4,7.relative_year_bin_aux#1.treat,-6.76166941826795,439.5555615837712,2.953627775799052,2.656960096413067,1.948512864160213,1.52975675255894,1.101358982309006,.4828312970225629,-.1690154803214589,-1.110540995459221,-.8428512850345675,0,0,.0001362476945828,.1026102863048744,20.68285950226477,17.67832447949855,18.15993705240681,18.94666305614745,18.91159049823821,24.74442293208573,34.88077043793213,14.53141518480656,11.86837171244465,.3134160206592389,.3051804041382838,.2665270444659767,.323268123281419,.2877527603654234,.5602201474037707,.7819706693596445,.5607691340486967,.38390036733915,0,-20.24366281559465,-17.2332344275669,-18.17184296716826,-18.6846171544768,-18.56183831321404,-23.92600491394228,-33.88279434938372,-14.51813129733287,-11.11429247446851
evreg4,9.relative_year_bin_aux#1.treat,10.37228167151479,439.5555615837712,-2.277831561696763,-2.009113443900843,-1.912969518174769,-1.538286494739946,-1.222184888804288,-1.15213068349859,-.9817506655420515,-1.206136275066652,-.1256634301828622,0,0,-.0007406414968009,-.1459403477449975,18.62983432217791,18.87593259343944,18.86431827567917,19.40008063586027,17.19945557985938,18.19539747724188,14.53141518480656,31.59205898354138,17.75068863370651,.633421949838764,.5999523933270824,.68036017961266,.6174891172937479,.719648050740488,.7257816131481024,.8146336433872741,1.645472294983336,1.041962308684481,0,-18.6643224440036,-18.99942766071178,-19.03001725026129,-19.54583338737242,-17.05431596491346,-18.09511286953035,-14.19655771005052,-31.25405249326257,-16.52573006144166
evreg4,10.relative_year_bin_aux#1.treat,31.39348227081352,439.5555615837712,-2.298939062185791,-1.94525508211312,-1.946717346448148,-1.513097470607374,-1.153632799121178,-.8942747109465776,-.8023485633069234,-.3789932484392957,-.9482802121523976,0,0,-.000537286074236,-.0866250021582704,28.60109818455758,31.14040137530855,30.48245380839301,31.50495973690553,21.48690035804568,28.87165874317031,11.86837171244465,17.75068863370651,74.827602656612,.1836163744176467,.0821386316659042,.2298882318209024,.1290938784927925,.7075581746110293,.375811108589441,.391187231491527,.4929593858927744,.8372094428331173,0,-28.85419457021318,-31.61460577450693,-30.99978295963248,-32.12482560696024,-20.911741373696,-28.92257092927532,-11.79915164529825,-17.52470145636253,-74.53754134537463
evreg4,1bn.relative_year_bin_aux#1.rice_harvarea_aclvl_ahigh,26.84290081460275,439.5555615837712,.0353190241829163,.0882094590888341,-.0402147402505588,-.239663445874958,-.531777449213754,-.8180900931378395,-.8081206170001726,-.8111445177350872,-.1341119041333374,0,0,-.0037100556709555,.2580881409385622,.1445574642680301,.0149414468385276,-.1920057888677137,-.1575628729376883,-.1956452306038818,.0237279388418489,.3134160206592389,.633421949838764,.1836163744176467,5.556899442535546,4.177999980357061,3.898253082624856,3.176619457945649,2.35297709209668,3.411207432758451,3.79256231249837,3.150918252331711,4.772146992832996,0,2.615397828641377,2.440297672287814,2.050728330792272,1.92455013149282,-1.705883253724341,1.616419181229292,2.034692030207825,-.2907628841977153,6.952800424709064
evreg4,2.relative_year_bin_aux#1.rice_harvarea_aclvl_ahigh,11.12871108011011,439.5555615837712,5.666220085525231,4.515599690810553,3.839983397800166,2.842580243330751,1.759277937713224,.7149626587137506,.0059694314309751,-1.558805912011174,-1.637344906430291,0,0,-.001284202828949,.1098980919419423,.0944642103426733,.1469685475721847,-.163146971862234,-.2517569186211197,-.1669769888173347,.0971872458678429,.3051804041382838,.5999523933270824,.0821386316659042,4.177999980357061,5.647655607359309,3.904768006185189,4.454001906061003,1.564962210716311,3.372797622609035,3.650499001872924,2.963411497794239,4.48010439312206,0,2.242950967888448,2.881620183870242,1.521592001184957,2.315205024697585,-2.867457254011711,1.422542273242021,2.023043453032632,-.5966181931010991,5.99966854978387
evreg4,3.relative_year_bin_aux#1.rice_harvarea_aclvl_ahigh,-9.156127302109487,439.5555615837712,-3.589118090192984,-3.280133372978648,-3.317455783521904,-2.491445262500427,-2.107551027910549,-1.806783949015138,-1.260186356644616,-.4060361193981692,.5310823924995031,0,0,.0015749569614544,-.0518954219613997,.0230445515350649,.0224818293268916,.0862106909488551,-.3454474907767346,-.1577170227627862,.06458440282194,.2665270444659767,.68036017961266,.2298882318209024,3.898253082624856,3.904768006185189,5.440290936439061,3.467504997293934,2.700405351816891,3.204552138145912,3.704355040212543,2.949338833012062,4.377903961183378,0,2.193677660018567,1.622206508550218,1.461234273540659,1.386354916269965,-1.405088051678373,.9840549216555138,1.681353020632038,-.7114975401265119,5.008265938439303
evreg4,4.relative_year_bin_aux#1.rice_harvarea_aclvl_ahigh,10.42316879660592,439.5555615837712,3.674653996838767,3.003445712185746,2.443583504761766,1.358543295337807,1.054587122002496,.2415330781163594,-.2705626350741998,-1.346491768623723,-1.4948588530509,0,0,.0012638998597535,-.2467514722215541,.0779975490668094,.0087991531345514,-.2931955342970965,-.0619262491670463,-.1368204889311974,.153235041544791,.323268123281419,.6174891172937479,.1290938784927925,3.176619457945649,4.454001906061003,3.467504997293934,7.071511691843541,1.766288717258538,3.120317936794829,3.939429387195064,2.094693491658156,3.995777194695715,0,1.505001399616277,2.402921654946774,1.272457114526147,2.603177008400967,-2.307766757285837,.8387713657677992,1.725888468977135,-.8298258177152888,3.851659162056027
evreg4,5.relative_year_bin_aux#1.rice_harvarea_aclvl_ahigh,33.04621474998758,439.5555615837712,-13.12981130247812,-11.52810096094514,-9.85796213089885,-7.908048849104258,-6.028792356669396,-4.185288566955721,-2.400727406347883,.7590708300978178,2.324720845855996,0,0,-.0027985810261543,.1879929527961033,-.1127528721034886,-.1336687903897809,-.0762909974404201,.0842596172702756,-.1272972411611993,-.0714469808427864,.2877527603654234,.719648050740488,.7075581746110293,2.35297709209668,1.564962210716311,2.700405351816891,1.766288717258538,6.012735500979713,2.561166842484741,2.332383765020303,1.355150506793688,.850574272704953,0,-1.23521695181289,-2.098610241469216,-.2282022316228955,-2.106733449998524,5.321755054121764,-1.002445129136764,-.8086372320662226,-1.65124522425252,-1.904024833356218
evreg4,6.relative_year_bin_aux#1.rice_harvarea_aclvl_ahigh,33.41074197498716,439.5555615837712,-3.958485109283552,-3.477113232894744,-3.049112890232364,-2.603123754541574,-2.300655180013385,-2.162413726788233,-1.444895061644168,-.4083324091935223,.4681564585397719,0,0,-.0016616287326222,.2533799877752171,.2269393725378539,.1763179950426383,.1118430161370569,.115612187119528,.086319499151119,.3278902852104909,.5602201474037707,.7257816131481024,.375811108589441,3.411207432758451,3.372797622609035,3.204552138145912,3.120317936794829,2.561166842484741,4.346292617986991,3.507221292266344,2.786691063577881,3.414665926317209,0,1.323064813123037,1.31751904114227,.9639586380034302,.9270610727705877,-.6675987664811255,.3902931570592651,.6188608196149122,-.690281540285046,3.678362082216863
evreg4,7.relative_year_bin_aux#1.rice_harvarea_aclvl_ahigh,7.917315762461715,439.5555615837712,-8.18832299877997,-7.002922229266747,-5.941723558342012,-4.93907946163105,-3.978950799737871,-3.171502146733673,-2.26559218677747,.3069622857875844,2.057863876209146,0,0,.0016831885531647,.1438067982149649,.4544111603086483,.4858287528839268,.4280216302520962,.4134747655175675,.3536054939151047,.6121511883917958,.7819706693596445,.8146336433872741,.391187231491527,3.79256231249837,3.650499001872924,3.704355040212543,3.939429387195064,2.332383765020303,3.507221292266344,6.562382340898205,3.220591153662876,5.494249925036787,0,1.358274616937218,1.469670805250157,1.299058755175044,1.481227132134012,-.6747176430921833,.6972807951020552,1.397318128510115,-.7945488852617685,6.25808057497905
evreg4,9.relative_year_bin_aux#1.rice_harvarea_aclvl_ahigh,28.34226594124736,439.5555615837712,-28.64040341315551,-24.74261394943982,-20.83063507060091,-16.8035191454066,-12.8536130613343,-9.080277594478259,-4.957416263315036,2.168230896471669,7.208609354247138,0,0,-.00358155941157,.3215818900869702,.4511997624519698,.3779906669773679,.2550198103640645,.2530744198596086,.2539635407537032,.3769800657905452,.5607691340486967,1.645472294983336,.4929593858927744,3.150918252331711,2.963411497794239,2.949338833012062,2.094693491658156,1.355150506793688,2.786691063577881,3.220591153662876,7.009050406326505,6.179585597852068,0,1.563607309671905,1.239025971872837,1.072690437171934,1.095872142960255,-1.530125388610337,.9765562668197918,.7706106994852032,-1.175144282777045,7.301621782891224
evreg4,10.relative_year_bin_aux#1.rice_harvarea_aclvl_ahigh,36.6503984611681,439.5555615837712,-47.99946270050778,-41.30741231504162,-34.59020835253132,-27.90702942651405,-21.3218157003054,-14.75053085488281,-7.721834383690256,6.126541342861059,12.09387971955486,0,0,-.0059710102977566,.5938693380195446,.3829109755241293,.23299702142295,-.094943499208138,-.1102520467470812,.0271045919208154,.2692510536832786,.38390036733915,1.041962308684481,.8372094428331173,4.772146992832996,4.48010439312206,4.377903961183378,3.995777194695715,.850574272704953,3.414665926317209,5.494249925036787,6.179585597852068,19.1272964163538,0,7.497760374659456,6.766323968259814,6.557937886449317,6.102407610173898,-.5472144965603376,5.163854686243921,8.937192910677988,3.165759230090052,26.4986956593469
evreg4,1o.treat#1o.rice_harvarea_aclvl_ahigh,0,439.5555615837712,0,0,0,0,0,0,0,0,0,0,0,0,0,0,0,0,0,0,0,0,0,0,0,0,0,0,0,0,0,0,0,0,0,0,0,0,0,0,0,0,0
evreg4,1bn.relative_year_bin_aux#1.treat#1.rice_harvarea_aclvl_ahigh,32.62748319490574,439.5555615837712,-18.36065937334972,-15.74535518645146,-13.04221488348677,-10.5791168350191,-8.255930638916473,-5.409679134386917,-2.39627281839543,3.69909679956813,7.534041831373379,0,0,-.0000910918919679,.8428730065004495,-72.46950630512511,-45.0544404414601,-44.79983396526747,-47.80011155885322,-46.0310856068505,-46.31589999606205,-20.24366281559465,-18.6643224440036,-28.85419457021318,2.615397828641377,2.242950967888448,2.193677660018567,1.505001399616277,-1.23521695181289,1.323064813123037,1.358274616937218,1.563607309671905,7.497760374659456,0,297.5905009653675,201.5984620398162,226.929163024354,197.7273485122987,134.6803816942849,153.5123991235803,147.3235231106374,124.6221766955304,317.016445060289
evreg4,2.relative_year_bin_aux#1.treat#1.rice_harvarea_aclvl_ahigh,22.61301586991361,439.5555615837712,3.648250290742715,3.466093344210723,2.877039870574511,2.178335254172278,1.097414224628155,.7659195171027712,.7044345099625837,.6577915308866299,1.728309843633537,0,0,-.0004611897563408,.5763514194283194,-44.48149390446451,-72.48821246429962,-62.51858963803382,-59.20681879360328,-44.74174245971683,-44.481137886809,-17.2332344275669,-18.99942766071178,-31.61460577450693,2.440297672287814,2.881620183870242,1.622206508550218,2.402921654946774,-2.098610241469216,1.31751904114227,1.469670805250157,1.239025971872837,6.766323968259814,0,201.5984620398162,299.7394236304109,220.1520123645933,249.7852032119592,79.98459212576883,151.2527326815228,142.6626151255778,123.1157995848954,318.3736389520047
evreg4,3.relative_year_bin_aux#1.treat#1.rice_harvarea_aclvl_ahigh,-2.564648916320685,439.5555615837712,-16.75217602278764,-13.98558705575497,-11.68950424326313,-9.751431468268455,-7.423367984849903,-4.751497606967019,-2.097888715105817,3.457352489240486,7.027542560935271,0,0,.0007110519546374,.6226476074699331,-44.2356018655742,-62.44497349031487,-76.70407316932084,-67.89425708090295,-47.23618711025443,-47.54114249756635,-18.17184296716826,-19.03001725026129,-30.99978295963248,2.050728330792272,1.521592001184957,1.461234273540659,1.272457114526147,-.2282022316228955,.9639586380034302,1.299058755175044,1.072690437171934,6.557937886449317,0,226.929163024354,220.1520123645933,291.234442637755,205.301012613875,155.791885197659,153.3634194378216,146.0124606084998,124.0781521096389,312.1610957976647
evreg4,4.relative_year_bin_aux#1.treat#1.rice_harvarea_aclvl_ahigh,29.57930071225229,439.5555615837712,3.609556551028095,3.48364385627405,2.752340752244943,2.429560156758007,1.099466384690707,.8048008015624034,.7043108689449642,.6664573100337902,1.632595685233664,0,0,.0010520851481341,.399414309448081,-46.67288150912616,-58.34197321557191,-67.24301111410824,-80.00619013661071,-48.05726568774258,-47.73591614080471,-18.6846171544768,-19.54583338737242,-32.12482560696024,1.92455013149282,2.315205024697585,1.386354916269965,2.603177008400967,-2.106733449998524,.9270610727705877,1.481227132134012,1.095872142960255,6.102407610173898,0,197.7273485122987,249.7852032119592,205.301012613875,366.0268714308145,75.71020831888863,160.6045868446872,166.9988828792436,107.2404846469514,327.3453365541679
evreg4,5.relative_year_bin_aux#1.treat#1.rice_harvarea_aclvl_ahigh,65.79091072869367,439.5555615837712,-54.45393587607419,-47.02532338405886,-39.51090183365918,-31.43757504119922,-22.35009279118412,-14.32407094208576,-6.749200627083508,7.787746504293615,13.918131620144,0,0,-.002396775491461,.6387803713180981,-46.53218545126197,-45.17904837910876,-46.70667811407942,-47.37085877970252,-60.96054402798586,-48.09104572293177,-18.56183831321404,-17.05431596491346,-20.911741373696,-1.705883253724341,-2.867457254011711,-1.405088051678373,-2.307766757285837,5.321755054121764,-.6675987664811255,-.6747176430921833,-1.530125388610337,-.5472144965603376,0,134.6803816942849,79.98459212576883,155.791885197659,75.71020831888863,410.9444871905873,103.1127143562602,91.67819238740442,22.68727440209899,35.2138083438782
evreg4,6.relative_year_bin_aux#1.treat#1.rice_harvarea_aclvl_ahigh,9.022965387141205,439.5555615837712,-14.67023955385195,-12.58202021094554,-10.43953384681246,-8.381552055638693,-6.426925451387167,-3.996713338121421,-1.680830565504243,3.073366190739715,5.827024483211719,0,0,-.0016209477108351,.461962570568587,-46.33046149172019,-44.73874268790652,-47.98551362051262,-48.39630879310943,-48.04210939702707,-58.21514493611087,-23.92600491394228,-18.09511286953035,-28.92257092927532,1.616419181229292,1.422542273242021,.9840549216555138,.8387713657677992,-1.002445129136764,.3902931570592651,.6972807951020552,.9765562668197918,5.163854686243921,0,153.5123991235803,151.2527326815228,153.3634194378216,160.6045868446872,103.1127143562602,184.0623491865525,131.4493637138793,89.93768976049631,213.1683707219041
evreg4,7.relative_year_bin_aux#1.treat#1.rice_harvarea_aclvl_ahigh,5.482264380198387,439.5555615837712,-22.93957238629509,-19.73820917993607,-16.2860379483797,-13.06410727288575,-10.07662320322059,-6.533256808195581,-2.834171640955494,4.355711661792272,8.595220918441065,0,0,-.0028841512498193,.3820264858457574,-19.90708447953127,-16.92733939554443,-18.23827363533627,-18.95194125757101,-18.56903336255204,-23.81107795030229,-33.88279434938372,-14.19655771005052,-11.79915164529825,2.034692030207825,2.023043453032632,1.681353020632038,1.725888468977135,-.8086372320662226,.6188608196149122,1.397318128510115,.7706106994852032,8.937192910677988,0,147.3235231106374,142.6626151255778,146.0124606084998,166.9988828792436,91.67819238740442,131.4493637138793,246.0742944671889,75.57274293695015,305.0810278580976
evreg4,9.relative_year_bin_aux#1.treat#1.rice_harvarea_aclvl_ahigh,60.93471241802696,439.5555615837712,-33.27545423856154,-28.56231048705801,-23.67703262567103,-18.99827211347966,-14.17880363334977,-9.135519853163883,-4.160629871192602,6.404256698854064,10.72666059559328,0,0,-.0024189016122009,1.251058752139383,-18.48662109019411,-18.91321358656572,-19.54227719519178,-20.04173753786301,-17.25871786289267,-18.02176677224063,-14.51813129733287,-31.25405249326257,-17.52470145636253,-.2907628841977153,-.5966181931010991,-.7114975401265119,-.8298258177152888,-1.65124522425252,-.690281540285046,-.7945488852617685,-1.175144282777045,3.165759230090052,0,124.6221766955304,123.1157995848954,124.0781521096389,107.2404846469514,22.68727440209899,89.93768976049631,75.57274293695015,214.7344879826808,270.4432852182473
evreg4,10.relative_year_bin_aux#1.treat#1.rice_harvarea_aclvl_ahigh,99.00561689165978,439.5555615837712,-129.143892941823,-111.0493707040663,-92.42849616753281,-74.12340603074928,-56.32883673394074,-37.92878971314249,-18.61662572022427,20.19551346854692,42.98531743824384,0,0,-.0241582275628291,4.241976279216304,-27.6530975569921,-30.73313482002292,-32.36815371351648,-33.54887704819151,-22.13035710205905,-28.19072244650033,-11.11429247446851,-16.52573006144166,-74.53754134537463,6.952800424709064,5.99966854978387,5.008265938439303,3.851659162056027,-1.904024833356218,3.678362082216863,6.25808057497905,7.301621782891224,26.4986956593469,0,317.016445060289,318.3736389520047,312.1610957976647,327.3453365541679,35.2138083438782,213.1683707219041,305.0810278580976,270.4432852182473,1201.619763262185
evreg5,1bn.relative_year_bin_aux,-197.2765019605903,439.5555615837712,904.4514839834899,778.0127129828177,649.2969568390736,519.1252846572575,386.5064243937155,257.5562944775849,128.1848444298831,-126.4182392313543,-243.4137791054383,0,0,.04018066722805,-9.652909809552915,-.1009844519058916,-2.562907517735937,-6.36550782228286,-7.76663014780273,.8056717122721331,1.672514028103703,2.852888321231497,-2.970700008239692,-.209988558039521,.6881549619060198,6.022003867178971,-2.432615712677197,4.447928485126941,-12.08689194101152,-3.832281946446564,-7.866954730074769,-24.99478433233218,-42.49642178758801,0,-15.40290044115063,5.044510150332125,-15.56088478035062,5.377795671083881,-53.0243764478144,-13.49905325843287,-21.90751718002119,-33.29026582179141,-129.7306499762884
evreg5,2.relative_year_bin_aux,-181.9801897464006,439.5555615837712,778.0127129828177,669.7709178348504,558.8414736246426,446.7653257297443,332.589337847241,221.669127877089,110.3578253120139,-108.5917227412437,-209.2112734099884,0,0,.0357634277749087,-8.39722187812338,-.0021469071394697,-2.476711279746854,-5.889808351257144,-6.964874491824057,.6375980612967829,1.426217769417326,2.519105126087335,-2.637523723573792,-.1879957276176739,.6508498494345754,4.831668027636881,-2.291387041368785,3.715415559870654,-10.63491043157679,-3.381948250336465,-6.752594864214773,-21.61510688126317,-36.57576599055621,0,-13.23701313620885,4.728335710699476,-12.95047948941212,5.043912024217462,-45.78366726432524,-11.5229997637185,-18.78288054505893,-28.52574546717556,-111.4803726306668
evreg5,3.relative_year_bin_aux,-146.2464404556315,439.5555615837712,649.2969568390736,558.8414736246426,466.9965163984216,372.9902226903906,277.6441464294838,185.1106984023766,92.22728358667338,-90.42608261164897,-174.433952606287,0,0,.0301762672342675,-6.951041623614302,-.1043175859508018,-2.013842999845736,-4.922934675701465,-5.579987143243546,.4957013185156283,1.006262506472209,1.803596083886166,-2.458530551264048,-.4687339562130755,.460621260993881,4.127414100355472,-2.472147180382988,3.048599030331264,-9.115072563695024,-2.995833458044071,-5.748988897877378,-18.21968257311489,-30.63489158531087,0,-10.91889061372105,3.939392743762769,-10.75947982334446,4.09257065136213,-38.41885677773363,-9.49921062087919,-15.45433953730972,-23.60963364022051,-92.74778715049338
evreg5,4.relative_year_bin_aux,-104.4371122221547,439.5555615837712,519.1252846572575,446.7653257297443,372.9902226903906,298.7978056770315,222.0611221881385,148.1069081643767,73.89377030414553,-72.15566251746286,-139.3073437094484,0,0,.0226625858511442,-5.576902274842201,-.1827933754013309,-1.637790782373363,-3.699582587953162,-4.894417756238619,.3809325687975483,.766077543375817,1.381470151065805,-2.019138652406135,-.3551072159135453,.1732259269462454,3.136367556188421,-1.780934863780925,1.852974369631716,-7.327575893595337,-2.553769010430872,-4.782524431809437,-14.70683267696399,-24.69801756097419,0,-8.770688480277295,3.053600811381488,-9.012869724295255,3.603866039874771,-30.56547113080294,-7.612197577988217,-12.34281095477061,-18.88745325860884,-74.25107668396267
evreg5,5.relative_year_bin_aux,-84.33908701064084,439.5555615837712,386.5064243937155,332.589337847241,277.6441464294838,222.0611221881385,165.7904524240151,110.5565397999708,55.21175645781249,-53.63308784484702,-103.8573901107005,0,0,.0173248469095924,-4.203648914596806,-.1880519050005311,-1.23073779493084,-2.831388338892023,-3.323961249345547,.0204847693698221,.5098244095516608,.9369937615948277,-1.631164675088638,-.2334138209364754,-.1969596552445143,1.931859339035664,-1.612723434399825,1.323637329971009,-5.569671472931129,-2.234480930921356,-3.840198264265431,-11.30706213255282,-18.90551593735168,0,-6.939265862673918,1.771932860394537,-6.787940871698568,1.924651137746448,-21.53879684600753,-5.804140939312865,-9.452886773861227,-14.10172523005886,-56.50941648953731
evreg5,6.relative_year_bin_aux,-58.38602691033805,439.5555615837712,257.5562944775849,221.669127877089,185.1106984023766,148.1069081643767,110.5565397999708,74.1840806597144,37.21751752738045,-35.26301283882017,-68.8405430579017,0,0,.0121821654349904,-2.835880396999214,-.4063970178093688,-1.071821538750433,-2.150475116927032,-2.517078352032618,-.1650653782539957,-.0716412174061433,.2634004778204813,-1.533949985907924,-.4751914499031961,-.6320424329251986,.7842577326975483,-1.53978223536413,.3622483082225238,-3.927082207346881,-2.158746773681811,-3.127780591337364,-8.096076748673378,-13.19168526395132,0,-4.503108512230305,1.248849614655989,-4.313409206604018,1.432523294265776,-13.79065228311747,-3.493533556791326,-6.042615759499167,-8.996072491145167,-37.92081464212376
evreg5,7.relative_year_bin_aux,-33.19769169480532,439.5555615837712,128.1848444298831,110.3578253120139,92.22728358667338,73.89377030414553,55.21175645781249,37.21751752738045,19.19060018987952,-17.07019896479787,-33.87976492199012,0,0,.0062035188856334,-1.518783250066003,-.6735583450454987,-1.028345886643108,-1.49988285381257,-1.716542881885256,-.4655777198338001,-.4951774805428757,-.3945129531807177,-1.253488280341855,-.713483790932945,-.7490394618774188,.007805448639682,-1.153908367191819,-.2504587683185175,-2.298790316356081,-1.493442211472434,-2.29215818115833,-4.511931855860723,-6.986092517581243,0,-1.824302434480325,1.063731052164739,-1.737252808013973,1.146489651159221,-6.386236033037888,-1.291490959352195,-2.477274499049125,-4.015586857709489,-18.52862798661536
evreg5,9.relative_year_bin_aux,31.54838931691482,439.5555615837712,-126.4182392313543,-108.5917227412437,-90.42608261164897,-72.15566251746286,-53.63308784484702,-35.26301283882017,-17.07019896479787,20.2321295010551,35.78054258601131,0,0,-.0060331659118621,1.479692176654802,-.855260282539643,-.5248149094480266,-.2416824355724237,.0910843816262079,-.9673294109260813,-1.177385665793604,-1.391178296473397,-1.511780170673889,-.860067910806116,-.9862970022986132,-1.671806200250077,-.6280891247673068,-1.471241290969862,.5602256025152065,-.5114285870396068,.1852772272881548,1.416711113945203,5.219613969252129,0,3.553273938756845,.7169923192590881,3.542558164359789,.6450374225950173,7.671187095086124,3.172509722879113,4.536434868028585,6.850605761394514,20.54913685063898
evreg5,10.relative_year_bin_aux,38.25947483375409,439.5555615837712,-243.4137791054383,-209.2112734099884,-174.433952606287,-139.3073437094484,-103.8573901107005,-68.8405430579017,-33.87976492199012,35.78054258601131,69.68065506872914,0,0,-.0129021405056983,2.629000961338185,-.8554691743384554,-.2930500804549434,.1380178516825979,.7515444703755043,-1.092853908833538,-1.323336898185827,-1.499170059920694,-.2010425230133016,-2.035813572645902,-.3888473373026374,-1.769314286435543,.1868898455877012,-1.597213221265667,2.099536567532479,.3869485291065826,1.910332386843485,5.916514225507246,10.8224052123962,0,7.28890761538768,1.863805483079753,7.198059128940944,1.606151646952559,13.80562894779206,6.06943745579175,9.045137999189011,11.01365281002113,43.62516916167777
evreg5,1o.treat,0,439.5555615837712,0,0,0,0,0,0,0,0,0,0,0,0,0,0,0,0,0,0,0,0,0,0,0,0,0,0,0,0,0,0,0,0,0,0,0,0,0,0,0,0,0
evreg5,1o.rice_prod_aclvl_ahigh,0,439.5555615837712,0,0,0,0,0,0,0,0,0,0,0,0,0,0,0,0,0,0,0,0,0,0,0,0,0,0,0,0,0,0,0,0,0,0,0,0,0,0,0,0,0
evreg5,wind_direction,-.7156114140134114,439.5555615837712,.04018066722805,.0357634277749087,.0301762672342675,.0226625858511442,.0173248469095924,.0121821654349904,.0062035188856334,-.0060331659118621,-.0129021405056983,0,0,.0000969981122343,-.0028076841195404,-.0006739271774561,.0008590959884794,.0010678430497367,-.0001174716818535,.00148759379377,.001289327782301,.0002920489375513,-.0010472540395549,-.0013782157329983,-.0035155968221766,-.0013716833865146,.0013882260808214,.0008733909465004,-.0025326590055512,-.0013604676800855,.0013682838758589,-.0030510588086203,-.0050105034398547,0,-.0007119160427223,-.0007831658807236,.0007689567300568,.0014400001325243,-.002501018328114,-.0015486676222957,-.0025928888111436,-.0022943233995176,-.0224859495594119
evreg5,av_wind_speed,66.41686837236843,439.5555615837712,-9.652909809552915,-8.39722187812338,-6.951041623614302,-5.576902274842201,-4.203648914596806,-2.835880396999214,-1.518783250066003,1.479692176654802,2.629000961338185,0,0,-.0028076841195404,1.769552354925608,.1245745342415853,.032857736057262,.2045111758981994,.131598071164537,.0374520049208028,.0296507878958843,.0809337900843093,-.1597911399920413,-.1097848766820776,.3058330452582079,.1625316746299516,.0062783202064319,-.1588617008829586,.2359021303769465,.2692784629594527,.1699784172968709,.2988382091728984,.6677494031377417,0,.8768242021015357,.6204013833589861,.5398202559534807,.3423283492866577,.6651781274333745,.4893259014867762,.4088843577023436,1.237539087092555,4.170384640386056
evreg5,1bn.relative_year_bin_aux#1.treat,8.911128459684207,439.5555615837712,-.1009844519058916,-.0021469071394697,-.1043175859508018,-.1827933754013309,-.1880519050005311,-.4063970178093688,-.6735583450454987,-.855260282539643,-.8554691743384554,0,0,-.0006739271774561,.1245745342415853,69.86132869196229,42.31990110911772,41.99677370170561,44.57921527617593,43.93567503289822,42.46917794325964,7.770125627628802,10.50037021368999,22.27079210562369,.3522621285423773,.1828592580599492,.1772748065880255,.1963608209026422,.1211222602974574,.3176189023974859,.6679898422921029,.5823496208505402,.6862459184464268,0,-68.45719319202966,-40.90958553088986,-40.97757402435546,-43.43610452727189,-43.11256082829784,-41.45485325579441,-7.165483672587247,-10.21145257776517,-21.80262341078303
evreg5,2.relative_year_bin_aux#1.treat,-2.869455406769276,439.5555615837712,-2.562907517735937,-2.476711279746854,-2.013842999845736,-1.637790782373363,-1.23073779493084,-1.071821538750433,-1.028345886643108,-.5248149094480266,-.2930500804549434,0,0,.0008590959884794,.032857736057262,42.31990110911772,70.15457245433433,62.3200492366465,59.87700265126956,42.8671769516454,40.14097586197279,3.865637421717601,10.83250172824752,25.29298404312121,.2024498522558456,.2682505461564552,.1520240751422862,.0202646838137936,.0852997700079705,.3214881785654624,.7006762932122618,.5351651097978151,.5550102087055332,0,-41.17663309275368,-68.6490713389779,-61.0681586416849,-58.56381957318668,-41.89474597060358,-39.13777958017155,-3.127354589017894,-10.654926258683,-24.99725700320431
evreg5,3.relative_year_bin_aux#1.treat,.0921055498035699,439.5555615837712,-6.36550782228286,-5.889808351257144,-4.922934675701465,-3.699582587953162,-2.831388338892023,-2.150475116927032,-1.49988285381257,-.2416824355724237,.1380178516825979,0,0,.0010678430497367,.2045111758981994,41.99677370170561,62.3200492366465,75.78506689883672,68.3959864347367,45.90414888380889,42.94285247016313,3.075251664799945,10.82723937720561,24.75732241965693,.0332369323579632,-.0466535785602849,.3197878485985658,-.2910492445892381,.1396724011099395,.2588386223079293,.6574031095654645,.4543739164269369,.2461162806548712,0,-41.53749476392088,-61.39335158884529,-74.43190266476736,-67.09170689096963,-44.1678340839311,-42.5414200609813,-3.299237129880603,-11.27415421246037,-26.57304387996254
evreg5,4.relative_year_bin_aux#1.treat,4.529401864861715,439.5555615837712,-7.76663014780273,-6.964874491824057,-5.579987143243546,-4.894417756238619,-3.323961249345547,-2.517078352032618,-1.716542881885256,.0910843816262079,.7515444703755043,0,0,-.0001174716818535,.131598071164537,44.57921527617593,59.87700265126956,68.3959864347367,76.03901960392818,50.65076826224042,44.21499275287694,5.388338398498193,11.80552032052865,26.17862571291519,.0378292081100579,-.1080112063864304,-.1234730027258852,.0708588323884376,.2111585840449603,.2490704109232651,.6379601594543474,.4605778540924308,.2993424735651211,0,-44.22467186374529,-59.33861258986958,-67.45283706967608,-75.06698609409794,-48.43497377219275,-43.71740377476999,-5.430099691150094,-12.08856238856031,-27.82224811132062
evreg5,5.relative_year_bin_aux#1.treat,-11.9177244752966,439.5555615837712,.8056717122721331,.6375980612967829,.4957013185156283,.3809325687975483,.0204847693698221,-.1650653782539957,-.4655777198338001,-.9673294109260813,-1.092853908833538,0,0,.00148759379377,.0374520049208028,43.93567503289822,42.8671769516454,45.90414888380889,50.65076826224042,53.55889509946721,45.30902038675067,8.381712467807123,10.95424331596256,19.88568934414634,.0093471194906567,.0180964150434733,.1151015619417637,-.0166572530916698,.1494660458780368,.2414226152511939,.6338044073014284,.3837113961632639,.3368863677238166,0,-43.2347508913718,-42.0663178426887,-45.11035373677441,-49.59588589999801,-52.17736655150366,-44.40348467577837,-7.952443697037185,-11.04983118253974,-20.79382884333214
evreg5,6.relative_year_bin_aux#1.treat,-16.63746907961168,439.5555615837712,1.672514028103703,1.426217769417326,1.006262506472209,.766077543375817,.5098244095516608,-.0716412174061433,-.4951774805428757,-1.177385665793604,-1.323336898185827,0,0,.001289327782301,.0296507878958843,42.46917794325964,40.14097586197279,42.94285247016313,44.21499275287694,45.30902038675067,49.71869651406755,9.420069867440416,9.562448169996212,19.29382748766611,.1502723514693854,.2007661858466921,.2707236153272489,.2724067666340089,.1627559277473251,.5031735525084223,.864530733119133,.5371803574610785,.6236377525870697,0,-41.62248929933158,-39.25355779763002,-42.26756838357674,-43.29889012393549,-44.21469735436009,-48.62140168947813,-8.594035492370841,-9.468976224524427,-19.24366948465261
evreg5,7.relative_year_bin_aux#1.treat,-10.55705244314025,439.5555615837712,2.852888321231497,2.519105126087335,1.803596083886166,1.381470151065805,.9369937615948277,.2634004778204813,-.3945129531807177,-1.391178296473397,-1.499170059920694,0,0,.0002920489375513,.0809337900843093,7.770125627628802,3.865637421717601,3.075251664799945,5.388338398498193,8.381712467807123,9.420069867440416,18.58524987249009,2.837373324693641,-4.43118396239311,.5817895242753107,.5830079816534163,.6015080633128957,.6128582869951141,.5961517902184227,.8020143598835877,1.019609226116502,.7901898340136302,.891013320119454,0,-7.341201146695155,-3.437083534977327,-2.93857103743361,-4.967232296505176,-7.761199295649192,-8.6607410548599,-17.59636018865986,-2.802968747272184,4.94495843157094
evreg5,9.relative_year_bin_aux#1.treat,7.341335452089435,439.5555615837712,-2.970700008239692,-2.637523723573792,-2.458530551264048,-2.019138652406135,-1.631164675088638,-1.533949985907924,-1.253488280341855,-1.511780170673889,-.2010425230133016,0,0,-.0010472540395549,-.1597911399920413,10.50037021368999,10.83250172824752,10.82723937720561,11.80552032052865,10.95424331596256,9.562448169996212,2.837373324693641,22.14878292155541,11.99388831172661,.9137629020764969,.8874295654716478,.9281431292555524,.8654626850084944,.9190661939822453,1.010775346924399,1.040528366159556,2.004931483562049,1.263935773692434,0,-10.25263490648692,-10.70933059098636,-10.75682955650839,-11.74501277420659,-10.80258860775209,-9.275913315014868,-2.357147326463354,-21.60025825469696,-10.21923019896115
evreg5,10.relative_year_bin_aux#1.treat,27.21021709379195,439.5555615837712,-.209988558039521,-.1879957276176739,-.4687339562130755,-.3551072159135453,-.2334138209364754,-.4751914499031961,-.713483790932945,-.860067910806116,-2.035813572645902,0,0,-.0013782157329983,-.1097848766820776,22.27079210562369,25.29298404312121,24.75732241965693,26.17862571291519,19.88568934414634,19.29382748766611,-4.43118396239311,11.99388831172661,39.12695031041728,.3731393695505436,.3360170878250385,.4013108491400654,.3209546702193344,.7244228970788927,.5905030590146777,.6611982054436379,.7205701220446805,1.39877567614478,0,-22.63926365692928,-25.82091657816343,-25.28653227153465,-26.69325792093294,-19.33772451098532,-19.32669230597259,4.282336545946499,-11.72891627639204,-39.32792493866847
evreg5,1bn.relative_year_bin_aux#1.rice_prod_aclvl_ahigh,25.69127532394767,439.5555615837712,.6881549619060198,.6508498494345754,.460621260993881,.1732259269462454,-.1969596552445143,-.6320424329251986,-.7490394618774188,-.9862970022986132,-.3888473373026374,0,0,-.0035155968221766,.3058330452582079,.3522621285423773,.2024498522558456,.0332369323579632,.0378292081100579,.0093471194906567,.1502723514693854,.5817895242753107,.9137629020764969,.3731393695505436,4.514205891167889,3.350929805904864,3.156650419187461,2.576706375184618,1.962143736837014,2.918838868619183,3.221405301272183,2.76577749548002,3.904797420308387,0,2.005417667598213,1.85130736649434,1.459104236805817,1.297695151624599,-1.733220823206444,1.321407882764982,1.515437597048614,-.5050156451495482,5.747533575432221
evreg5,2.relative_year_bin_aux#1.rice_prod_aclvl_ahigh,9.80175501205999,439.5555615837712,6.022003867178971,4.831668027636881,4.127414100355472,3.136367556188421,1.931859339035664,.7842577326975483,.007805448639682,-1.671806200250077,-1.769314286435543,0,0,-.0013716833865146,.1625316746299516,.1828592580599492,.2682505461564552,-.0466535785602849,-.1080112063864304,.0180964150434733,.2007661858466921,.5830079816534163,.8874295654716478,.3360170878250385,3.350929805904864,4.659913000870016,3.214580495325698,3.656635751314578,1.387223509041428,2.911927659921672,3.081654019721983,2.613624145199326,3.650647290154302,0,1.770711064067591,2.28445754955858,1.08548748639057,1.745327501594928,-2.732932922249673,1.15421761740266,1.524035870418449,-.8280633189847797,4.788496919652384
evreg5,3.relative_year_bin_aux#1.rice_prod_aclvl_ahigh,-8.693989595141032,439.5555615837712,-2.432615712677197,-2.291387041368785,-2.472147180382988,-1.780934863780925,-1.612723434399825,-1.53978223536413,-1.153908367191819,-.6280891247673068,.1868898455877012,0,0,.0013882260808214,.0062783202064319,.1772748065880255,.1520240751422862,.3197878485985658,-.1234730027258852,.1151015619417637,.2707236153272489,.6015080633128957,.9281431292555524,.4013108491400654,3.156650419187461,3.214580495325698,4.58811825362964,2.846682396369795,2.292690646104747,2.816402565864592,3.167361288551792,2.644334384436416,3.619556720241029,0,1.607166925406107,1.175116324693165,.925749359390139,.9710240014474986,-1.605205666193082,.6662472540326525,1.172868525425441,-.9463836750285162,3.950074721296589
evreg5,4.relative_year_bin_aux#1.rice_prod_aclvl_ahigh,13.64223879502095,439.5555615837712,4.447928485126941,3.715415559870654,3.048599030331264,1.852974369631716,1.323637329971009,.3622483082225238,-.2504587683185175,-1.471241290969862,-1.597213221265667,0,0,.0008733909465004,-.1588617008829586,.1963608209026422,.0202646838137936,-.2910492445892381,.0708588323884376,-.0166572530916698,.2724067666340089,.6128582869951141,.8654626850084944,.3209546702193344,2.576706375184618,3.656635751314578,2.846682396369795,5.802796187615321,1.402964007675218,2.664014464325422,3.310163436519114,1.966002019519303,3.329362678123027,0,1.120424612421535,2.017437936407521,1.055609828952988,2.159091848451658,-2.40015437231222,.6646360239100997,1.318654610999321,-1.04706274545724,3.021890558095838
evreg5,5.relative_year_bin_aux#1.rice_prod_aclvl_ahigh,31.10487016864288,439.5555615837712,-12.08689194101152,-10.63491043157679,-9.115072563695024,-7.327575893595337,-5.569671472931129,-3.927082207346881,-2.298790316356081,.5602256025152065,2.099536567532479,0,0,-.0025326590055512,.2359021303769465,.1211222602974574,.0852997700079705,.1396724011099395,.2111585840449603,.1494660458780368,.1627559277473251,.5961517902184227,.9190661939822453,.7244228970788927,1.962143736837014,1.387223509041428,2.292690646104747,1.402964007675218,4.868911011766042,2.196274208505266,2.019367325251051,1.516540979766648,.9753528710288015,0,-1.450984837453199,-2.144823612159448,-.4285909065555964,-2.00400685209561,4.236018106316759,-1.060128572416683,-1.017619079373127,-1.632159059808319,-1.812902400592921
evreg5,6.relative_year_bin_aux#1.rice_prod_aclvl_ahigh,28.71644289259395,439.5555615837712,-3.832281946446564,-3.381948250336465,-2.995833458044071,-2.553769010430872,-2.234480930921356,-2.158746773681811,-1.493442211472434,-.5114285870396068,.3869485291065826,0,0,-.0013604676800855,.2692784629594527,.3176189023974859,.3214881785654624,.2588386223079293,.2490704109232651,.2414226152511939,.5031735525084223,.8020143598835877,1.010775346924399,.5905030590146777,2.918838868619183,2.911927659921672,2.816402565864592,2.664014464325422,2.196274208505266,3.796361255060118,3.062732736853912,2.611428942033141,3.041560465705344,0,1.165626731923114,1.086618979908808,.7605982483506575,.6766562241772236,-.7391040400710952,.3157019956426431,.3542239619241198,-.7926979450426351,3.153697581810221
evreg5,7.relative_year_bin_aux#1.rice_prod_aclvl_ahigh,5.198574654872547,439.5555615837712,-7.866954730074769,-6.752594864214773,-5.748988897877378,-4.782524431809437,-3.840198264265431,-3.127780591337364,-2.29215818115833,.1852772272881548,1.910332386843485,0,0,.0013682838758589,.1699784172968709,.6679898422921029,.7006762932122618,.6574031095654645,.6379601594543474,.6338044073014284,.864530733119133,1.019609226116502,1.040528366159556,.6611982054436379,3.221405301272183,3.081654019721983,3.167361288551792,3.310163436519114,2.019367325251051,3.062732736853912,5.528678068296781,2.892402425565399,4.582563477366588,0,1.024293725587212,1.123135815907195,.9252396325584761,1.066084361584285,-.9528025493963411,.426315552047096,1.124865941359553,-.8313205317709628,5.418239775365488
evreg5,9.relative_year_bin_aux#1.rice_prod_aclvl_ahigh,34.49964298441314,439.5555615837712,-24.99478433233218,-21.61510688126317,-18.21968257311489,-14.70683267696399,-11.30706213255282,-8.096076748673378,-4.511931855860723,1.416711113945203,5.916514225507246,0,0,-.0030510588086203,.2988382091728984,.5823496208505402,.5351651097978151,.4543739164269369,.4605778540924308,.3837113961632639,.5371803574610785,.7901898340136302,2.004931483562049,.7205701220446805,2.76577749548002,2.613624145199326,2.644334384436416,1.966002019519303,1.516540979766648,2.611428942033141,2.892402425565399,6.008128320792898,4.746426861351778,0,.9456154160612196,.6400939272412155,.4908510859309772,.4456251386922752,-1.445612863639318,.4840269370208146,.182873708110419,-1.614404920211449,5.251324298386931
evreg5,10.relative_year_bin_aux#1.rice_prod_aclvl_ahigh,43.23148626046116,439.5555615837712,-42.49642178758801,-36.57576599055621,-30.63489158531087,-24.69801756097419,-18.90551593735168,-13.19168526395132,-6.986092517581243,5.219613969252129,10.8224052123962,0,0,-.0050105034398547,.6677494031377417,.6862459184464268,.5550102087055332,.2461162806548712,.2993424735651211,.3368863677238166,.6236377525870697,.891013320119454,1.263935773692434,1.39877567614478,3.904797420308387,3.650647290154302,3.619556720241029,3.329362678123027,.9753528710288015,3.041560465705344,4.582563477366588,4.746426861351778,14.70961331487087,0,6.134129106650895,5.449315894117306,5.271216091666235,4.679395748454954,-.6266565778763324,4.063466303369239,7.151711326883553,2.627999941934188,21.79227889463497
evreg5,1o.treat#1o.rice_prod_aclvl_ahigh,0,439.5555615837712,0,0,0,0,0,0,0,0,0,0,0,0,0,0,0,0,0,0,0,0,0,0,0,0,0,0,0,0,0,0,0,0,0,0,0,0,0,0,0,0,0
evreg5,1bn.relative_year_bin_aux#1.treat#1.rice_prod_aclvl_ahigh,41.62834965509223,439.5555615837712,-15.40290044115063,-13.23701313620885,-10.91889061372105,-8.770688480277295,-6.939265862673918,-4.503108512230305,-1.824302434480325,3.553273938756845,7.28890761538768,0,0,-.0007119160427223,.8768242021015357,-68.45719319202966,-41.17663309275368,-41.53749476392088,-44.22467186374529,-43.2347508913718,-41.62248929933158,-7.341201146695155,-10.25263490648692,-22.63926365692928,2.005417667598213,1.770711064067591,1.607166925406107,1.120424612421535,-1.450984837453199,1.165626731923114,1.024293725587212,.9456154160612196,6.134129106650895,0,275.5408502321289,185.4012553149583,208.4473258797584,182.1435401308423,123.3672264692404,141.3067648930255,125.3203869517409,108.2536737770497,289.1293523282499
evreg5,2.relative_year_bin_aux#1.treat#1.rice_prod_aclvl_ahigh,26.01695925644495,439.5555615837712,5.044510150332125,4.728335710699476,3.939392743762769,3.053600811381488,1.771932860394537,1.248849614655989,1.063731052164739,.7169923192590881,1.863805483079753,0,0,-.0007831658807236,.6204013833589861,-40.90958553088986,-68.6490713389779,-61.39335158884529,-59.33861258986958,-42.0663178426887,-39.25355779763002,-3.437083534977327,-10.70933059098636,-25.82091657816343,1.85130736649434,2.28445754955858,1.175116324693165,2.017437936407521,-2.144823612159448,1.086618979908808,1.123135815907195,.6400939272412155,5.449315894117306,0,185.4012553149583,277.9795446764364,206.1514761681269,233.9728401481217,73.76796329930089,138.3615282530358,119.7151045986162,106.8906844198438,290.4284802598778
evreg5,3.relative_year_bin_aux#1.treat#1.rice_prod_aclvl_ahigh,-5.236101637080367,439.5555615837712,-15.56088478035062,-12.95047948941212,-10.75947982334446,-9.012869724295255,-6.787940871698568,-4.313409206604018,-1.737252808013973,3.542558164359789,7.198059128940944,0,0,.0007689567300568,.5398202559534807,-40.97757402435546,-61.0681586416849,-74.43190266476736,-67.45283706967608,-45.11035373677441,-42.26756838357674,-2.93857103743361,-10.75682955650839,-25.28653227153465,1.459104236805817,1.08548748639057,.925749359390139,1.055609828952988,-.4285909065555964,.7605982483506575,.9252396325584761,.4908510859309772,5.271216091666235,0,208.4473258797584,206.1514761681269,271.0313213335028,193.8225644388095,143.9011966334695,140.6438931025822,121.7207657791458,107.7179787322773,284.3333109426417
evreg5,4.relative_year_bin_aux#1.treat#1.rice_prod_aclvl_ahigh,25.63294221268544,439.5555615837712,5.377795671083881,5.043912024217462,4.09257065136213,3.603866039874771,1.924651137746448,1.432523294265776,1.146489651159221,.6450374225950173,1.606151646952559,0,0,.0014400001325243,.3423283492866577,-43.43610452727189,-58.56381957318668,-67.09170689096963,-75.06698609409794,-49.59588589999801,-43.29889012393549,-4.967232296505176,-11.74501277420659,-26.69325792093294,1.297695151624599,1.745327501594928,.9710240014474986,2.159091848451658,-2.00400685209561,.6766562241772236,1.066084361584285,.4456251386922752,4.679395748454954,0,182.1435401308423,233.9728401481217,193.8225644388095,337.4891003179509,74.86617813409229,147.7040317997654,142.0143395139242,92.6710671024253,297.8433790028756
evreg5,5.relative_year_bin_aux#1.treat#1.rice_prod_aclvl_ahigh,67.84077617242417,439.5555615837712,-53.0243764478144,-45.78366726432524,-38.41885677773363,-30.56547113080294,-21.53879684600753,-13.79065228311747,-6.386236033037888,7.671187095086124,13.80562894779206,0,0,-.002501018328114,.6651781274333745,-43.11256082829784,-41.89474597060358,-44.1678340839311,-48.43497377219275,-52.17736655150366,-44.21469735436009,-7.761199295649192,-10.80258860775209,-19.33772451098532,-1.733220823206444,-2.732932922249673,-1.605205666193082,-2.40015437231222,4.236018106316759,-.7391040400710952,-.9528025493963411,-1.445612863639318,-.6266565778763324,0,123.3672264692404,73.76796329930089,143.9011966334695,74.86617813409229,372.6304050779512,95.49975047231636,75.71981994882285,17.11259023715827,34.2257607039306
evreg5,6.relative_year_bin_aux#1.treat#1.rice_prod_aclvl_ahigh,13.13300997313508,439.5555615837712,-13.49905325843287,-11.5229997637185,-9.49921062087919,-7.612197577988217,-5.804140939312865,-3.493533556791326,-1.291490959352195,3.172509722879113,6.06943745579175,0,0,-.0015486676222957,.4893259014867762,-41.45485325579441,-39.13777958017155,-42.5414200609813,-43.71740377476999,-44.40348467577837,-48.62140168947813,-8.6607410548599,-9.275913315014868,-19.32669230597259,1.321407882764982,1.15421761740266,.6662472540326525,.6646360239100997,-1.060128572416683,.3157019956426431,.426315552047096,.4840269370208146,4.063466303369239,0,141.3067648930255,138.3615282530358,140.6438931025822,147.7040317997654,95.49975047231636,166.1812837323482,109.1484163516844,76.4409013154619,191.0196497909223
evreg5,7.relative_year_bin_aux#1.treat#1.rice_prod_aclvl_ahigh,11.18470149306689,439.5555615837712,-21.90751718002119,-18.78288054505893,-15.45433953730972,-12.34281095477061,-9.452886773861227,-6.042615759499167,-2.477274499049125,4.536434868028585,9.045137999189011,0,0,-.0025928888111436,.4088843577023436,-7.165483672587247,-3.127354589017894,-3.299237129880603,-5.430099691150094,-7.952443697037185,-8.594035492370841,-17.59636018865986,-2.357147326463354,4.282336545946499,1.515437597048614,1.524035870418449,1.172868525425441,1.318654610999321,-1.017619079373127,.3542239619241198,1.124865941359553,.182873708110419,7.151711326883553,0,125.3203869517409,119.7151045986162,121.7207657791458,142.0143395139242,75.71981994882285,109.1484163516844,213.4847954239808,60.20113343363716,265.9824991224475
evreg5,9.relative_year_bin_aux#1.treat#1.rice_prod_aclvl_ahigh,61.06374251397057,439.5555615837712,-33.29026582179141,-28.52574546717556,-23.60963364022051,-18.88745325860884,-14.10172523005886,-8.996072491145167,-4.015586857709489,6.850605761394514,11.01365281002113,0,0,-.0022943233995176,1.237539087092555,-10.21145257776517,-10.654926258683,-11.27415421246037,-12.08856238856031,-11.04983118253974,-9.468976224524427,-2.802968747272184,-21.60025825469696,-11.72891627639204,-.5050156451495482,-.8280633189847797,-.9463836750285162,-1.04706274545724,-1.632159059808319,-.7926979450426351,-.8313205317709628,-1.614404920211449,2.627999941934188,0,108.2536737770497,106.8906844198438,107.7179787322773,92.6710671024253,17.11259023715827,76.4409013154619,60.20113343363716,190.4832327631958,245.2649195552753
evreg5,10.relative_year_bin_aux#1.treat#1.rice_prod_aclvl_ahigh,100.0251494291985,439.5555615837712,-129.7306499762884,-111.4803726306668,-92.74778715049338,-74.25107668396267,-56.50941648953731,-37.92081464212376,-18.52862798661536,20.54913685063898,43.62516916167777,0,0,-.0224859495594119,4.170384640386056,-21.80262341078303,-24.99725700320431,-26.57304387996254,-27.82224811132062,-20.79382884333214,-19.24366948465261,4.94495843157094,-10.21923019896115,-39.32792493866847,5.747533575432221,4.788496919652384,3.950074721296589,3.021890558095838,-1.812902400592921,3.153697581810221,5.418239775365488,5.251324298386931,21.79227889463497,0,289.1293523282499,290.4284802598778,284.3333109426417,297.8433790028756,34.2257607039306,191.0196497909223,265.9824991224475,245.2649195552753,1081.856869536511
