reg,var,beta,ymean,cov1,cov2,cov3,cov4,cov5,cov6,cov7,cov8,cov9,cov10,cov11,cov12,cov13,cov14,cov15,cov16,cov17,cov18,cov19,cov20,cov21,cov22,cov23,cov24,cov25,cov26,cov27,cov28,cov29,cov30,cov31,cov32,cov33,cov34,cov35,cov36,cov37,cov38,cov39,cov40,cov41
evreg1,1bn.relative_year_bin_aux,-3.150687684201056,170.6975429689652,29.61096157688812,16.0185776633061,1.792589696260644,3.220128272129032,3.828851651317879,.3878030582313317,1.831988074857158,1.458994159727716,1.182524716891836,0,-.0034515868890048,-1.003278980206029,-24.20416986759062,-12.49859470365268,-.8099892565154725,-2.761199024170803,-5.218979429357274,-2.472252275492944,-4.019478703664007,-3.273867308814423,-2.977073850797725,,,,,,,,,,,,,,,,,,,,
evreg1,2.relative_year_bin_aux,3.868247697356598,170.6975429689652,16.0185776633061,27.64665863419636,5.286260527513159,5.988708127096709,5.237961400724743,-2.60423657140601,1.790843881145327,1.500462563269424,1.116277241126682,0,-.0381452281954198,1.300148848215167,-11.05762234344946,-24.51354501444568,-3.894990095613572,-5.47867677866847,-7.578010760661535,-.7478600132540209,-5.430082293428663,-4.861639154447336,-4.55675360059444,,,,,,,,,,,,,,,,,,,,
evreg1,3.relative_year_bin_aux,12.10852775847802,170.6975429689652,1.792589696260644,5.286260527513159,13.17285275036293,4.094504824676165,1.816317468253169,.873368709107871,.2833332468708962,.9909959750346552,1.120566393271549,0,-.0065121594856064,.1388742307092555,-1.314270296744937,-4.336608987639276,-12.57632970611674,-3.863428984176292,-3.135059293763886,-2.916348847499374,-2.626762739724595,-3.237634505966762,-3.217075701464616,,,,,,,,,,,,,,,,,,,,
evreg1,4.relative_year_bin_aux,-6.264692526623289,170.6975429689652,3.220128272129032,5.988708127096709,4.094504824676165,7.867028094327326,3.129214105473828,3.286907802950571,2.843362120180714,3.044643189356527,3.390329250793117,0,.0208557827249277,-1.443159747412328,-2.745248498723291,-5.664674058628378,-3.931029517545775,-7.733445851100909,-3.674516586529463,-3.971722131762975,-3.693911226482315,-3.796127688828778,-4.071392358362279,,,,,,,,,,,,,,,,,,,,
evreg1,6.relative_year_bin_aux,7.023080960046567,170.6975429689652,3.828851651317879,5.237961400724743,1.816317468253169,3.129214105473828,8.816002124752089,5.191316495790261,7.555969027015665,6.614433662239237,6.689107431556682,0,-.0129254561127097,.8550832012761446,-4.046881653837718,-5.981349902199301,-2.192103736953258,-3.112140045950974,-7.181372577644307,-2.642841209600563,-4.206317710920279,-3.379332164632953,-3.333429225732826,,,,,,,,,,,,,,,,,,,,
evreg1,7.relative_year_bin_aux,-4.262860053966039,170.6975429689652,.3878030582313317,-2.60423657140601,.873368709107871,3.286907802950571,5.191316495790261,16.41153560830439,14.84711973321158,9.881882199387958,11.60576420478487,0,.0252326903739401,-.9609378010693923,-2.631301382847771,.1037912856131078,-2.120981099695593,-3.562901417794242,-1.522162708388857,-10.29813494773855,-7.134880052403456,-1.742535208997251,-3.455252486723895,,,,,,,,,,,,,,,,,,,,
evreg1,8.relative_year_bin_aux,8.072174655142772,170.6975429689652,1.831988074857158,1.790843881145327,.2833332468708962,2.843362120180714,7.555969027015665,14.84711973321158,36.94522510946796,21.63339015133772,21.55160634994441,0,-.0409775897978088,3.641289936532872,-4.398918758195922,-4.857944874199097,-1.872262606406268,-3.218141551916384,-.9196994115154038,-3.88366871552238,-22.18437201063255,-5.287807432548465,-5.016707700856182,,,,,,,,,,,,,,,,,,,,
evreg1,9.relative_year_bin_aux,-11.0187353012146,170.6975429689652,1.458994159727716,1.500462563269424,.9909959750346552,3.044643189356527,6.614433662239237,9.881882199387958,21.63339015133772,25.49056197499031,20.80569510960629,0,.0069225010662066,1.075834340630043,-3.162530348828794,-3.893461164433771,-2.121023817716245,-3.298217451799237,-1.597674368819779,-1.424852981510944,-9.908026577652208,-11.73356918524823,-6.733064543094952,,,,,,,,,,,,,,,,,,,,
evreg1,10.relative_year_bin_aux,4.657907304724763,170.6975429689652,1.182524716891836,1.116277241126682,1.120566393271549,3.390329250793117,6.689107431556682,11.60576420478487,21.55160634994441,20.80569510960629,26.1469214394918,0,-.0259217782916658,3.293531754250847,-3.217447898348066,-3.717571545162953,-2.084067585991617,-3.539710356305011,-1.353687751205981,-2.759246968458817,-9.347814318400681,-6.453013717887853,-11.20202465816159,,,,,,,,,,,,,,,,,,,,
evreg1,1o.treat,0,170.6975429689652,0,0,0,0,0,0,0,0,0,0,0,0,0,0,0,0,0,0,0,0,0,,,,,,,,,,,,,,,,,,,,
evreg1,wind_direction,-1.789861525567497,170.6975429689652,-.0034515868890048,-.0381452281954198,-.0065121594856064,.0208557827249277,-.0129254561127097,.0252326903739401,-.0409775897978088,.0069225010662066,-.0259217782916658,0,.0041610143191555,-.2313989491209424,-.0171470663800354,.0017194143046243,-.0162090933662228,-.0277548717632665,-.0219381062018718,-.0527188052656526,-.0093582602141421,-.0387533200799938,-.0267050491546443,,,,,,,,,,,,,,,,,,,,
evreg1,av_wind_speed,131.1552365904689,170.6975429689652,-1.003278980206029,1.300148848215167,.1388742307092555,-1.443159747412328,.8550832012761446,-.9609378010693923,3.641289936532872,1.075834340630043,3.293531754250847,0,-.2313989491209424,21.47070259790731,.8375655671787947,-1.211774426531564,-.0444226791504983,1.487777005637779,1.190819158553039,2.660014065517321,.2557712631070108,2.618707456766915,1.03009385095964,,,,,,,,,,,,,,,,,,,,
evreg1,1bn.relative_year_bin_aux#1.treat,16.67950769905607,170.6975429689652,-24.20416986759062,-11.05762234344946,-1.314270296744937,-2.745248498723291,-4.046881653837718,-2.631301382847771,-4.398918758195922,-3.162530348828794,-3.217447898348066,0,-.0171470663800354,.8375655671787947,45.72733296388419,18.40329061475427,9.683929101257329,8.038709228621393,9.335270288864661,7.322207393833207,10.40388856122405,7.892990678176766,7.896981686664126,,,,,,,,,,,,,,,,,,,,
evreg1,2.relative_year_bin_aux#1.treat,12.73699680751264,170.6975429689652,-12.49859470365268,-24.51354501444568,-4.336608987639276,-5.664674058628378,-5.981349902199301,.1037912856131078,-4.857944874199097,-3.893461164433771,-3.717571545162953,0,.0017194143046243,-1.211774426531564,18.40329061475427,49.09988027922899,14.87218843561109,12.38895312649183,14.86975120068715,5.016161598630836,13.89607834338164,11.74164379590274,11.29258927355769,,,,,,,,,,,,,,,,,,,,
evreg1,3.relative_year_bin_aux#1.treat,.8068604635337175,170.6975429689652,-.8099892565154725,-3.894990095613572,-12.57632970611674,-3.931029517545775,-2.192103736953258,-2.120981099695593,-1.872262606406268,-2.121023817716245,-2.084067585991617,0,-.0162090933662228,-.0444226791504983,9.683929101257329,14.87218843561109,28.07452721906649,11.06732415739991,8.79406112548523,9.540858787051331,9.587005669581796,9.572430299819269,9.333914893373196,,,,,,,,,,,,,,,,,,,,
evreg1,4.relative_year_bin_aux#1.treat,10.02705484326972,170.6975429689652,-2.761199024170803,-5.47867677866847,-3.863428984176292,-7.733445851100909,-3.112140045950974,-3.562901417794242,-3.218141551916384,-3.298217451799237,-3.539710356305011,0,-.0277548717632665,1.487777005637779,8.038709228621393,12.38895312649183,11.06732415739991,17.30282904958529,8.545850208248622,9.296437757464991,9.583682623570054,8.864451237392181,9.153242276578949,,,,,,,,,,,,,,,,,,,,
evreg1,6.relative_year_bin_aux#1.treat,6.646716735547343,170.6975429689652,-5.218979429357274,-7.578010760661535,-3.135059293763886,-3.674516586529463,-7.181372577644307,-1.522162708388857,-.9196994115154038,-1.597674368819779,-1.353687751205981,0,-.0219381062018718,1.190819158553039,9.335270288864661,14.86975120068715,8.79406112548523,8.545850208248622,16.70801096798682,6.332494331553361,7.710547500648077,7.817853569921133,7.623764164189022,,,,,,,,,,,,,,,,,,,,
evreg1,7.relative_year_bin_aux#1.treat,13.790261573307,170.6975429689652,-2.472252275492944,-.7478600132540209,-2.916348847499374,-3.971722131762975,-2.642841209600563,-10.29813494773855,-3.88366871552238,-1.424852981510944,-2.759246968458817,0,-.0527188052656526,2.660014065517321,7.322207393833207,5.016161598630836,9.540858787051331,9.296437757464991,6.332494331553361,19.26306175088469,8.430378674267647,5.046838003195467,7.170416538487012,,,,,,,,,,,,,,,,,,,,
evreg1,8.relative_year_bin_aux#1.treat,12.70724851960308,170.6975429689652,-4.019478703664007,-5.430082293428663,-2.626762739724595,-3.693911226482315,-4.206317710920279,-7.134880052403456,-22.18437201063255,-9.908026577652208,-9.347814318400681,0,-.0093582602141421,.2557712631070108,10.40388856122405,13.89607834338164,9.587005669581796,9.583682623570054,7.710547500648077,8.430378674267647,30.80082654291456,10.34166986833204,9.680389233958026,,,,,,,,,,,,,,,,,,,,
evreg1,9.relative_year_bin_aux#1.treat,21.1887037624679,170.6975429689652,-3.273867308814423,-4.861639154447336,-3.237634505966762,-3.796127688828778,-3.379332164632953,-1.742535208997251,-5.287807432548465,-11.73356918524823,-6.453013717887853,0,-.0387533200799938,2.618707456766915,7.892990678176766,11.74164379590274,9.572430299819269,8.864451237392181,7.817853569921133,5.046838003195467,10.34166986833204,22.7962004754195,13.72985278558691,,,,,,,,,,,,,,,,,,,,
evreg1,10.relative_year_bin_aux#1.treat,11.95487232575951,170.6975429689652,-2.977073850797725,-4.55675360059444,-3.217075701464616,-4.071392358362279,-3.333429225732826,-3.455252486723895,-5.016707700856182,-6.733064543094952,-11.20202465816159,0,-.0267050491546443,1.03009385095964,7.896981686664126,11.29258927355769,9.333914893373196,9.153242276578949,7.623764164189022,7.170416538487012,9.680389233958026,13.72985278558691,24.56603090872029,,,,,,,,,,,,,,,,,,,,
evreg2,1bn.relative_year_bin_aux,-3.136097813133753,170.6975429689652,32.78689604030663,16.41160759061362,2.303647630310088,3.800520473425315,4.40734652224607,1.069835811527631,2.705218816253737,2.244406946713468,1.894965517266047,0,1.087233420623625,-.0014488211596403,-1.250470550463152,-27.62373278607728,-13.07857839237162,-1.533530821421903,-3.362162239960533,-5.762678647793002,-3.063673886431614,-4.739807358884505,-3.884755948357943,-3.529072692242966,-5.046148883471515,-1.025696087245289,-.8042920680233617,-1.233229676559027,-.8874005382444521,-.963495921474924,-.9949462213810799,-.996038441085645,-.9351491555187749,-.8301737584017541,5.324321239601114,1.275768251844889,1.148371201824305,1.24831959117853,.8831765728192554,.9176714107175308,.8816027172780486,.8687687284505624,.8330357928228435
evreg2,2.relative_year_bin_aux,4.056057638025308,170.6975429689652,16.41160759061362,29.27659399411765,5.946964027869978,6.246897193331306,5.748309157159725,-2.346373395433335,2.270311990626842,1.966299423738209,1.566515059926975,0,.3731108529168165,-.0378850397029896,1.27132730009335,-11.718012268262,-26.27172842248931,-4.743567335274578,-5.763744330951558,-8.030929004950085,-.9296808586777158,-5.789066034568485,-5.195157226003035,-4.874959267274022,-1.068952026372468,-3.116419443848367,-1.050334654158017,-.6186717647406693,-.8063503038020889,-.2517034214319986,-.5148435443544666,-.5443878862605788,-.4964959524896208,-.275538302428334,1.317219127848956,3.203397055400515,1.333975160640847,.6457934466109577,.7729531819254983,.2163263386896256,.4156415874938724,.4315670002840675,.4065932467840634
evreg2,3.relative_year_bin_aux,12.39028616789122,170.6975429689652,2.303647630310088,5.946964027869978,15.79789842812394,4.695866703242252,2.565167843802287,1.595086235838194,.82691039170186,1.682596575450396,1.816475525252145,0,1.121163443223068,-.0032678343588086,-.0844871556783688,-1.946436489654603,-5.032516687889791,-15.27795269482041,-4.473710882164116,-3.866577037276935,-3.619575614448661,-3.135583914768246,-3.897052881003622,-3.90043863910084,-1.172008540696022,-1.448841438654843,-3.836373758340423,-1.238668070593028,-1.260186155154856,-1.089147626461723,-.9085884351198732,-1.074974143033757,-1.087052191688098,-.9524821759732649,1.240176853006838,1.456440374475954,3.937490472322097,1.244468218010126,1.197867485113976,1.0159714780508,.7967337678698276,.9552242029838637,1.000686695686539
evreg2,4.relative_year_bin_aux,-6.447905675773028,170.6975429689652,3.800520473425315,6.246897193331306,4.695866703242252,8.985641999360579,3.654038185346705,3.865802949609667,3.480161017654524,3.481654370150575,3.938571122921753,0,.8492522310960533,.0211909768351076,-1.562924065536316,-3.341947568927172,-5.907570842878651,-4.552700171233677,-8.86276641434535,-4.170108046267511,-4.523309569667699,-4.283627900712404,-4.185233525914101,-4.564815062156273,-.6651401266403169,-.5290641027440278,-.7246769641347666,-1.792146160670915,-.7156133195686758,-.7464261413606752,-.7840040018090229,-.5843857439079562,-.6946570528879772,-.7361347116162502,.6898263186590882,.507047323172259,.7299218201779293,1.806815367193627,.683242980615791,.7295296156345547,.7418309753777622,.5390379188302575,.6471407076473238
evreg2,6.relative_year_bin_aux,5.444183669191541,170.6975429689652,4.40734652224607,5.748309157159725,2.565167843802287,3.654038185346705,10.80438064155928,5.890132089477026,8.203450383574117,7.411692018231144,7.246008050538965,0,1.24740564714308,-.0124842068891513,.6472234542025707,-4.72720072614106,-6.493616039601518,-2.955073435811773,-3.66190745125938,-9.309239202006564,-3.52721581250417,-5.115713024841336,-4.464387906191121,-4.131807699409662,-1.003456001718616,-.8735949239364037,-1.103650712722498,-1.026654695582348,-3.270433351989584,-1.674068596078081,-1.560673790634534,-1.653184931136235,-1.252973438196903,-1.554623460889892,1.254427390729324,.948225273086999,1.125521799813464,1.079111516915128,3.376360714220927,1.794820642840251,1.820036606171021,1.927248119176836,1.440612165508745
evreg2,7.relative_year_bin_aux,-5.387267570217947,170.6975429689652,1.069835811527631,-2.346373395433335,1.595086235838194,3.865802949609667,5.890132089477026,19.07174726096049,16.47694999057009,11.00569466237151,12.8392794851645,0,1.938219447168708,.0271818379687305,-1.285895049505451,-3.544568218861754,-.253586792998016,-2.878391184690008,-4.151384933416247,-2.266700568423818,-12.99581059428134,-8.918502656912166,-3.029518165882807,-4.840341364026633,-1.293230132374238,-.7475325637559874,-1.108502421705419,-1.095974333022502,-.9287548999967122,-4.173810150656937,-2.868297103377711,-2.138712171441564,-2.218379542001046,-2.267228126306055,1.600951300439882,.8977232949330198,1.092254581928638,1.099241705062895,1.114730432149792,4.335626345485582,3.24705886450788,2.506641249250162,2.534700341770987
evreg2,8.relative_year_bin_aux,7.23388438143404,170.6975429689652,2.705218816253737,2.270311990626842,.82691039170186,3.480161017654524,8.203450383574117,16.47694999057009,40.31683778280203,23.13472911253762,22.97090214391848,0,1.823871412522656,-.0392551583113766,3.348422826390657,-5.549650694266457,-5.478999360395052,-2.437397891043763,-3.860420177249637,-1.608554103768484,-5.418373885087885,-25.56646963292381,-6.78035364236771,-6.447378199186331,-1.624994059527569,-1.053206472264412,-.780014906811319,-1.104749961633572,-.8290505909682989,-2.06299025445103,-5.02229794600919,-2.532843564601915,-2.297428271026588,-2.408281631702852,1.944312176745978,1.178020049406376,.6929592212134396,1.08495293882141,1.119928823568893,2.226288970861422,5.451491946105306,2.884931056754418,2.673211783540737
evreg2,9.relative_year_bin_aux,-12.4542034069695,170.6975429689652,2.244406946713468,1.966299423738209,1.682596575450396,3.481654370150575,7.411692018231144,11.00569466237151,23.13472911253762,27.64422672274734,22.42258360408544,0,2.194508760413789,.0085978758566149,.6865278208466713,-4.173567965634942,-4.434980701823247,-2.845215902028687,-3.713309698765101,-2.564069681687073,-2.618992366295154,-11.58436767515709,-13.98843880871053,-8.508013004208648,-1.525670430822078,-1.070519374477288,-1.085342731031934,-.9207371971613503,-1.205987599360474,-1.695997237975834,-2.257632698296742,-3.628740428640049,-3.152767013752086,-2.698702463872384,1.880761782225374,1.24200093468124,1.073375232406635,.8597176056673742,1.593054357828006,1.925773756832317,2.749859394538535,3.972360613645176,3.597009604077993
evreg2,10.relative_year_bin_aux,3.758361690314046,170.6975429689652,1.894965517266047,1.566515059926975,1.816475525252145,3.938571122921753,7.246008050538965,12.8392794851645,22.97090214391848,22.42258360408544,28.61069453403413,0,1.897484644827081,-.024472827054814,3.045588632147913,-4.202526371753936,-4.270794420717859,-2.801958005395272,-4.06148559006052,-2.049819102605138,-3.990649524838078,-10.88525687325243,-8.069234869296587,-13.73342474778336,-1.423576019324271,-1.097184864083129,-1.082831812553939,-1.07584584993585,-.9585115606686191,-1.869932160798378,-2.258164311632427,-2.334007449013758,-4.234610874718292,-2.507167012056866,1.830079535980316,1.23542410495587,1.0696573729005,1.007394722968549,1.417216624139223,2.107787712317089,2.804131906616086,2.659908072270055,4.703904102625495
evreg2,1o.treat,0,170.6975429689652,0,0,0,0,0,0,0,0,0,0,0,0,0,0,0,0,0,0,0,0,0,0,0,0,0,0,0,0,0,0,0,0,0,0,0,0,0,0,0,0,0
evreg2,1.downup_ac,-14.21706317071523,170.6975429689652,1.087233420623625,.3731108529168165,1.121163443223068,.8492522310960533,1.24740564714308,1.938219447168708,1.823871412522656,2.194508760413789,1.897484644827081,0,3.933455007386575,.0241633094408772,-2.251569502581174,-1.280178177390973,-.5695193983737705,-1.28118053087412,-.8939471220728222,-1.34015733667317,-1.956368052179804,-1.909863805987468,-2.207735073271638,-2.001407623292498,-2.12609330507141,-1.42457904509248,-1.640537676855262,-1.350755142209697,-2.016183491389471,-2.530901323803771,-2.547539082008725,-2.86257181420974,-2.772183374478052,-3.878692549081436,2.131604289513803,1.432700347669491,1.64506705063141,1.338718265294895,2.006309347022401,2.536316566856745,2.548763256797967,2.871635915278674,2.769833582362104
evreg2,wind_direction,-1.790957460540689,170.6975429689652,-.0014488211596403,-.0378850397029896,-.0032678343588086,.0211909768351076,-.0124842068891513,.0271818379687305,-.0392551583113766,.0085978758566149,-.024472827054814,0,.0241633094408772,.0041631943720864,-.2316872521873744,-.0203813173232869,.0013122418480962,-.0201689081492126,-.0267954574313842,-.0218691921674799,-.0567804945079067,-.0127004093321355,-.0427764337537398,-.0288875778996333,-.004131110461376,-.0006791490298721,-.0065670195385313,-.0006751618087917,-.0008843157576334,-.0038456521381646,-.0033788318241371,-.0032344079760149,-.0027743609268175,-.0188736984050888,.006509777471505,.000928806793362,.0079818588765896,-.0019224053348704,-.0001369333105851,.0080900809528153,.0066726753140159,.0079944770598137,.004319975647369
evreg2,av_wind_speed,131.2169363671706,170.6975429689652,-1.250470550463152,1.27132730009335,-.0844871556783688,-1.562924065536316,.6472234542025707,-1.285895049505451,3.348422826390657,.6865278208466713,3.045588632147913,0,-2.251569502581174,-.2316872521873744,21.49558264656183,1.141213924464031,-1.033804086490757,.2035511763436227,1.521721175533398,1.17858411567035,2.769928861604215,.2595093028654873,2.871257392643582,1.022222480503438,.5031340764123846,.0667232286832872,.4509724023353701,.2376714258395057,.4156265738841762,.6433315466097254,.5806394817295731,.7685699102538459,.4874273774477431,1.102227044587757,-.6099093037721202,-.358298532021625,-.4958343859204135,-.0650208837392708,.0243707923487556,-.2170642146833265,-.0043376073473037,-.5005723265934207,.0206940670549172
evreg2,1bn.relative_year_bin_aux#1.treat,17.2487705032935,170.6975429689652,-27.62373278607728,-11.718012268262,-1.946436489654603,-3.341947568927172,-4.72720072614106,-3.544568218861754,-5.549650694266457,-4.173567965634942,-4.202526371753936,0,-1.280178177390973,-.0203813173232869,1.141213924464031,51.47389091761848,19.31854261811409,11.16505469417685,8.37930014349809,10.04506648571506,8.115293477780565,11.36357224272153,8.774197515322349,8.953150935444615,5.258464764444647,1.311085724861075,.977967064646463,1.240299953896768,.8404564617363156,1.116459681207295,1.231345327606622,1.091278206573709,1.072911117744621,2.425194334840906,-10.98124465511593,-3.561426081320388,-2.8546943597993,-1.863888103533332,-1.851266768776987,-2.340173178588115,-2.114047353005624,-2.368045020210481,-2.32102989699381
evreg2,2.relative_year_bin_aux#1.treat,12.8901278350627,170.6975429689652,-13.07857839237162,-26.27172842248931,-5.032516687889791,-5.907570842878651,-6.493616039601518,-.253586792998016,-5.478999360395052,-4.434980701823247,-4.270794420717859,0,-.5695193983737705,.0013122418480962,-1.033804086490757,19.31854261811409,52.34510996767209,16.54998608466088,13.27977479028501,16.18292965849843,5.683741229775371,14.84526226144728,12.69325493211039,12.47473378663605,1.192491814754852,3.288727474737486,1.117622192103772,.6113765803819029,.7370048243972205,.3035118845008558,.6767163029706694,.528761206552763,.5672682679096962,2.098530464522772,-2.716912884612516,-7.057776646543899,-2.755889408632258,-1.630252085142375,-2.30464582654562,-1.565048148225888,-1.808328832024535,-2.048793339278412,-2.119445772074323
evreg2,3.relative_year_bin_aux#1.treat,.6539330236791758,170.6975429689652,-1.533530821421903,-4.743567335274578,-15.27795269482041,-4.552700171233677,-2.955073435811773,-2.878391184690008,-2.437397891043763,-2.845215902028687,-2.801958005395272,0,-1.28118053087412,-.0201689081492126,.2035511763436227,11.16505469417685,16.54998608466088,31.83962643168097,12.15716548799852,9.966671696240917,10.87407474906689,10.54971522337891,10.89443253434925,10.79861742753944,1.253775982897853,1.540974725763011,3.889800745513576,1.273969944288562,1.264960870659638,1.17526006000081,1.038068197159024,1.150582568263732,1.143544596352908,3.084023954281368,-3.462489303936147,-3.943782538875381,-6.578589517878762,-2.634526618356153,-2.755092634738992,-2.812814060718694,-2.05220583582979,-2.98691017852073,-2.976767558619554
evreg2,4.relative_year_bin_aux#1.treat,9.817332824970078,170.6975429689652,-3.362162239960533,-5.763744330951558,-4.473710882164116,-8.86276641434535,-3.66190745125938,-4.151384933416247,-3.860420177249637,-3.713309698765101,-4.06148559006052,0,-.8939471220728222,-.0267954574313842,1.521721175533398,8.37930014349809,13.27977479028501,12.15716548799852,18.74641809250688,9.214061463748344,10.07219102370875,10.38858599514575,9.669464826347319,10.01006538266387,.6916011610583108,.5554454604716059,.7351596010007122,1.797285250938636,.7125445379573644,.7615733204948764,.8154202462387159,.6013734289274116,.7099711562389073,1.763299908633724,-1.238680414440466,-1.755363864219011,-1.725164459768652,-3.385277995309102,-1.205923372679277,-1.658453525653868,-1.405465973480877,-1.613147213893243,-1.679815473315372
evreg2,6.relative_year_bin_aux#1.treat,7.270869771782889,170.6975429689652,-5.762678647793002,-8.030929004950085,-3.866577037276935,-4.170108046267511,-9.309239202006564,-2.266700568423818,-1.608554103768484,-2.564069681687073,-2.049819102605138,0,-1.34015733667317,-.0218691921674799,1.17858411567035,10.04506648571506,16.18292965849843,9.966671696240917,9.214061463748344,21.03010544831564,8.311146628829412,9.198656435268665,9.301633956189482,8.39518013667921,.9367566495167001,.7882823576226885,1.129911633249434,.9993964066973708,3.440498077612575,1.578985349937455,1.347988349863863,1.6018399936796,1.071937704317114,2.574248512627152,-1.71920825395116,-2.219313461525788,-1.896567582343829,-1.981068337964627,-7.713550846148584,-3.667555803077422,-3.493007652775209,-3.338937382484906,-2.584870812406487
evreg2,7.relative_year_bin_aux#1.treat,15.281045740312,170.6975429689652,-3.063673886431614,-.9296808586777158,-3.619575614448661,-4.523309569667699,-3.52721581250417,-12.99581059428134,-5.418373885087885,-2.618992366295154,-3.990649524838078,0,-1.956368052179804,-.0567804945079067,2.769928861604215,8.115293477780565,5.683741229775371,10.87407474906689,10.07219102370875,8.311146628829412,24.02294463480425,10.49249498451173,6.857007218170937,9.112966388726408,1.15618516750752,.6249489854960376,1.14071089903624,1.056198686324014,1.17624789711678,4.08498165495748,2.509460253608224,2.044882724374271,1.972099409177511,3.180187109864653,-1.8242139594453,-1.370228692636011,-2.132694946928296,-1.835245961313105,-3.660088742932679,-8.482788291084033,-4.1095559868019,-3.747162556858438,-3.557013927139564
evreg2,8.relative_year_bin_aux#1.treat,12.80873084014309,170.6975429689652,-4.739807358884505,-5.789066034568485,-3.135583914768246,-4.283627900712404,-5.115713024841336,-8.918502656912166,-25.56646963292381,-11.58436767515709,-10.88525687325243,0,-1.909863805987468,-.0127004093321355,.2595093028654873,11.36357224272153,14.84526226144728,10.54971522337891,10.38858599514575,9.198656435268665,10.49249498451173,34.7142100854696,11.96480938831571,11.5760968795407,1.430628736857046,.906226348608019,.818626759292422,1.050793840959807,1.091220700598261,1.990664751804464,4.607611004834935,2.386298748724218,1.983354897870825,3.659229178031542,-2.219878603726668,-1.74944826998976,-1.640223415739658,-1.830430926667798,-2.911431144341083,-3.971816348525359,-7.316523112316234,-4.142134858814355,-4.270527339347568
evreg2,9.relative_year_bin_aux#1.treat,23.55074971983676,170.6975429689652,-3.884755948357943,-5.195157226003035,-3.897052881003622,-4.185233525914101,-4.464387906191121,-3.029518165882807,-6.78035364236771,-13.98843880871053,-8.069234869296587,0,-2.207735073271638,-.0427764337537398,2.871257392643582,8.774197515322349,12.69325493211039,10.89443253434925,9.669464826347319,9.301633956189482,6.857007218170937,11.96480938831571,26.82704107116816,16.36229658337034,1.301878366174363,.9121744760647295,1.135735634789498,.8683011921302687,1.505084436375833,1.653071233120732,1.882763955620822,3.48382130329495,2.822018251041497,4.168738183950982,-2.081390943040299,-1.844606531568723,-1.963763459106894,-1.714243049659606,-2.710833478173948,-4.231295096018105,-3.251450449213082,-7.845841078325038,-5.016579330634977
evreg2,10.relative_year_bin_aux#1.treat,11.98692983107453,170.6975429689652,-3.529072692242966,-4.874959267274022,-3.90043863910084,-4.564815062156273,-4.131807699409662,-4.840341364026633,-6.447378199186331,-8.508013004208648,-13.73342474778336,0,-2.001407623292498,-.0288875778996333,1.022222480503438,8.953150935444615,12.47473378663605,10.79861742753944,10.01006538266387,8.39518013667921,9.112966388726408,11.5760968795407,16.36229658337034,27.53661669656897,1.203182799627449,.917537826691361,1.139367517960387,1.011927405413168,1.252391332085317,1.856240547968167,1.899389956521444,2.202545480904956,3.897911309288278,4.404639059759592,-2.357186341838752,-2.089306886150835,-2.180277184662117,-1.846114377491101,-2.1239882159509,-3.845605778439852,-3.494792216992387,-5.234535009239215,-7.2554624581587
evreg2,1bn.relative_year_bin_aux#1.downup_ac,.0200791760580667,170.6975429689652,-5.046148883471515,-1.068952026372468,-1.172008540696022,-.6651401266403169,-1.003456001718616,-1.293230132374238,-1.624994059527569,-1.525670430822078,-1.423576019324271,0,-2.12609330507141,-.004131110461376,.5031340764123846,5.258464764444647,1.192491814754852,1.253775982897853,.6916011610583108,.9367566495167001,1.15618516750752,1.430628736857046,1.301878366174363,1.203182799627449,7.495893972802624,2.624177222245769,1.922627445586569,1.477296760660189,1.4710487701318,1.785363700482543,1.752753098445478,1.903348258617109,1.870669600929971,2.10942599192102,-7.500726629580304,-2.623136284986919,-1.921986872442654,-1.478441650377839,-1.467403605507337,-1.781919130929961,-1.748230053837393,-1.89892492936233,-1.866240755422156
evreg2,2.relative_year_bin_aux#1.downup_ac,-.3317962994590475,170.6975429689652,-1.025696087245289,-3.116419443848367,-1.448841438654843,-.5290641027440278,-.8735949239364037,-.7475325637559874,-1.053206472264412,-1.070519374477288,-1.097184864083129,0,-1.42457904509248,-.0006791490298721,.0667232286832872,1.311085724861075,3.288727474737486,1.540974725763011,.5554454604716059,.7882823576226885,.6249489854960376,.906226348608019,.9121744760647295,.917537826691361,2.624177222245769,5.963572025352128,2.373819275877472,1.264825536812626,1.32366596769393,.9631476311898882,1.220751790562519,1.365085542324999,1.386394422016245,1.411901042200596,-2.62008982059244,-5.965818329379939,-2.370443157822339,-1.263602613479958,-1.315989383357293,-.9530827566540768,-1.212036172729607,-1.354652212848753,-1.377884259015405
evreg2,3.relative_year_bin_aux#1.downup_ac,-.5429873723098396,170.6975429689652,-.8042920680233617,-1.050334654158017,-3.836373758340423,-.7246769641347666,-1.103650712722498,-1.108502421705419,-.780014906811319,-1.085342731031934,-1.082831812553939,0,-1.640537676855262,-.0065670195385313,.4509724023353701,.977967064646463,1.117622192103772,3.889800745513576,.7351596010007122,1.129911633249434,1.14071089903624,.818626759292422,1.135735634789498,1.139367517960387,1.922627445586569,2.373819275877472,4.855358593001169,1.526333639535526,1.735112633286195,1.511661364369765,1.211984343430786,1.55886572373542,1.561509335457334,1.607995784255194,-1.918423762606234,-2.38014397496173,-4.856200596830528,-1.522971738600033,-1.733170686759404,-1.504343992317752,-1.204718052603171,-1.549147599261265,-1.551982827020859
evreg2,4.relative_year_bin_aux#1.downup_ac,.3653803273182866,170.6975429689652,-1.233229676559027,-.6186717647406693,-1.238668070593028,-1.792146160670915,-1.026654695582348,-1.095974333022502,-1.104749961633572,-.9207371971613503,-1.07584584993585,0,-1.350755142209697,-.0006751618087917,.2376714258395057,1.240299953896768,.6113765803819029,1.273969944288562,1.797285250938636,.9993964066973708,1.056198686324014,1.050793840959807,.8683011921302687,1.011927405413168,1.477296760660189,1.264825536812626,1.526333639535526,2.699406390151322,1.385552702156599,1.371485551029346,1.235305684970288,1.265709385391143,1.351858382552312,1.345339925525918,-1.476027439617212,-1.267547656681341,-1.526136658994993,-2.696041633055283,-1.383379658811717,-1.367432852660227,-1.231146601509263,-1.261431836051504,-1.347780400344439
evreg2,6.relative_year_bin_aux#1.downup_ac,3.153349962195961,170.6975429689652,-.8874005382444521,-.8063503038020889,-1.260186155154856,-.7156133195686758,-3.270433351989584,-.9287548999967122,-.8290505909682989,-1.205987599360474,-.9585115606686191,0,-2.016183491389471,-.0008843157576334,.4156265738841762,.8404564617363156,.7370048243972205,1.264960870659638,.7125445379573644,3.440498077612575,1.17624789711678,1.091220700598261,1.505084436375833,1.252391332085317,1.4710487701318,1.32366596769393,1.735112633286195,1.385552702156599,5.127954070453169,2.408540937458601,2.186275292306638,2.527698735848027,2.193670400458019,2.00964820538152,-1.469611789339696,-1.325001439969695,-1.731001234810785,-1.383925474672336,-5.122733264420881,-2.40423993567525,-2.182894719981576,-2.523997558667767,-2.191952781592442
evreg2,7.relative_year_bin_aux#1.downup_ac,2.233514082669162,170.6975429689652,-.963495921474924,-.2517034214319986,-1.089147626461723,-.7464261413606752,-1.674068596078081,-4.173810150656937,-2.06299025445103,-1.695997237975834,-1.869932160798378,0,-2.530901323803771,-.0038456521381646,.6433315466097254,1.116459681207295,.3035118845008558,1.17526006000081,.7615733204948764,1.578985349937455,4.08498165495748,1.990664751804464,1.653071233120732,1.856240547968167,1.785363700482543,.9631476311898882,1.511661364369765,1.371485551029346,2.408540937458601,6.066386795040566,3.341948808705426,3.175228732201805,3.2445363838564,2.514715287141811,-1.78188749895244,-.9691711140868474,-1.508311645490995,-1.369545118675494,-2.40638720400847,-6.060357650696597,-3.337368348717265,-3.169554217727997,-3.240490264041856
evreg2,8.relative_year_bin_aux#1.downup_ac,1.651969731137028,170.6975429689652,-.9949462213810799,-.5148435443544666,-.9085884351198732,-.7840040018090229,-1.560673790634534,-2.868297103377711,-5.02229794600919,-2.257632698296742,-2.258164311632427,0,-2.547539082008725,-.0033788318241371,.5806394817295731,1.231345327606622,.6767163029706694,1.038068197159024,.8154202462387159,1.347988349863863,2.509460253608224,4.607611004834935,1.882763955620822,1.899389956521444,1.752753098445478,1.220751790562519,1.211984343430786,1.235305684970288,2.186275292306638,3.341948808705426,6.589334955158614,3.569876369580956,3.426816847209723,2.53083447527765,-1.749946853676717,-1.225431705033896,-1.209187530943934,-1.2360305699694,-2.180895089934125,-3.33597681890677,-6.582379631641845,-3.564953604657461,-3.421133369304434
evreg2,9.relative_year_bin_aux#1.downup_ac,2.835519188796817,170.6975429689652,-.996038441085645,-.5443878862605788,-1.074974143033757,-.5843857439079562,-1.653184931136235,-2.138712171441564,-2.532843564601915,-3.628740428640049,-2.334007449013758,0,-2.86257181420974,-.0032344079760149,.7685699102538459,1.091278206573709,.528761206552763,1.150582568263732,.6013734289274116,1.6018399936796,2.044882724374271,2.386298748724218,3.48382130329495,2.202545480904956,1.903348258617109,1.365085542324999,1.55886572373542,1.265709385391143,2.527698735848027,3.175228732201805,3.569876369580956,5.904448133636696,4.508016249286495,2.846669715874944,-1.899434689742044,-1.373220829824111,-1.555213115005123,-1.265311142138991,-2.523774373214746,-3.166869876875958,-3.562539382023903,-5.896216262865398,-4.500612616073434
evreg2,10.relative_year_bin_aux#1.downup_ac,1.756209556942765,170.6975429689652,-.9351491555187749,-.4964959524896208,-1.087052191688098,-.6946570528879772,-1.252973438196903,-2.218379542001046,-2.297428271026588,-3.152767013752086,-4.234610874718292,0,-2.772183374478052,-.0027743609268175,.4874273774477431,1.072911117744621,.5672682679096962,1.143544596352908,.7099711562389073,1.071937704317114,1.972099409177511,1.983354897870825,2.822018251041497,3.897911309288278,1.870669600929971,1.386394422016245,1.561509335457334,1.351858382552312,2.193670400458019,3.2445363838564,3.426816847209723,4.508016249286495,7.084195048708909,2.758018083387825,-1.865830510692757,-1.391368950609808,-1.559252082347265,-1.351473598814054,-2.193636199213747,-3.238123574682472,-3.420398085051513,-4.501105241124815,-7.079446139953021
evreg2,1.treat#1.downup_ac,10.27253915012375,170.6975429689652,-.8301737584017541,-.275538302428334,-.9524821759732649,-.7361347116162502,-1.554623460889892,-2.267228126306055,-2.408281631702852,-2.698702463872384,-2.507167012056866,0,-3.878692549081436,-.0188736984050888,1.102227044587757,2.425194334840906,2.098530464522772,3.084023954281368,1.763299908633724,2.574248512627152,3.180187109864653,3.659229178031542,4.168738183950982,4.404639059759592,2.10942599192102,1.411901042200596,1.607995784255194,1.345339925525918,2.00964820538152,2.514715287141811,2.53083447527765,2.846669715874944,2.758018083387825,10.07108644845829,-6.013832135150644,-4.063828072688274,-4.819654644956192,-3.732673457147635,-5.067590453550777,-6.263958199034417,-6.224525894330458,-7.502850569317751,-7.563999148675804
evreg2,1bn.relative_year_bin_aux#1.treat#1.downup_ac,-1.162423327237136,170.6975429689652,5.324321239601114,1.317219127848956,1.240176853006838,.6898263186590882,1.254427390729324,1.600951300439882,1.944312176745978,1.880761782225374,1.830079535980316,0,2.131604289513803,.006509777471505,-.6099093037721202,-10.98124465511593,-2.716912884612516,-3.462489303936147,-1.238680414440466,-1.71920825395116,-1.8242139594453,-2.219878603726668,-2.081390943040299,-2.357186341838752,-7.500726629580304,-2.62008982059244,-1.918423762606234,-1.476027439617212,-1.469611789339696,-1.78188749895244,-1.749946853676717,-1.899434689742044,-1.865830510692757,-6.013832135150644,20.97237591163967,8.909328782917093,6.73063497889129,4.857145486530302,4.312472223865015,5.169125190561399,4.84180764350297,5.384879897998899,5.14212350978684
evreg2,2.relative_year_bin_aux#1.treat#1.downup_ac,-.3287610218814183,170.6975429689652,1.275768251844889,3.203397055400515,1.456440374475954,.507047323172259,.948225273086999,.8977232949330198,1.178020049406376,1.24200093468124,1.23542410495587,0,1.432700347669491,.000928806793362,-.358298532021625,-3.561426081320388,-7.057776646543899,-3.943782538875381,-1.755363864219011,-2.219313461525788,-1.370228692636011,-1.74944826998976,-1.844606531568723,-2.089306886150835,-2.623136284986919,-5.965818329379939,-2.38014397496173,-1.267547656681341,-1.325001439969695,-.9691711140868474,-1.225431705033896,-1.373220829824111,-1.391368950609808,-4.063828072688274,8.909328782917093,15.27822582132669,6.713806381033895,3.214545269793874,3.805157369239949,3.206867584218283,3.328450128319822,3.988473941563351,3.696572869246907
evreg2,3.relative_year_bin_aux#1.treat#1.downup_ac,.2999854479921139,170.6975429689652,1.148371201824305,1.333975160640847,3.937490472322097,.7299218201779293,1.125521799813464,1.092254581928638,.6929592212134396,1.073375232406635,1.0696573729005,0,1.64506705063141,.0079818588765896,-.4958343859204135,-2.8546943597993,-2.755889408632258,-6.578589517878762,-1.725164459768652,-1.896567582343829,-2.132694946928296,-1.640223415739658,-1.963763459106894,-2.180277184662117,-1.921986872442654,-2.370443157822339,-4.856200596830528,-1.526136658994993,-1.731001234810785,-1.508311645490995,-1.209187530943934,-1.555213115005123,-1.559252082347265,-4.819654644956192,6.73063497889129,6.713806381033895,11.27630898229447,4.375075774040325,4.624330941587901,4.571959627931568,3.550008830967057,4.626924855156076,4.46741164727852
evreg2,4.relative_year_bin_aux#1.treat#1.downup_ac,.4260555334703211,170.6975429689652,1.24831959117853,.6457934466109577,1.244468218010126,1.806815367193627,1.079111516915128,1.099241705062895,1.08495293882141,.8597176056673742,1.007394722968549,0,1.338718265294895,-.0019224053348704,-.0650208837392708,-1.863888103533332,-1.630252085142375,-2.634526618356153,-3.385277995309102,-1.981068337964627,-1.835245961313105,-1.830430926667798,-1.714243049659606,-1.846114377491101,-1.478441650377839,-1.263602613479958,-1.522971738600033,-2.696041633055283,-1.383925474672336,-1.369545118675494,-1.2360305699694,-1.265311142138991,-1.351473598814054,-3.732673457147635,4.857145486530302,3.214545269793874,4.375075774040325,7.789115614725389,3.708604231089305,3.896734879275395,3.264112920023718,3.445035098761557,3.635405260609555
evreg2,6.relative_year_bin_aux#1.treat#1.downup_ac,-1.251361834527994,170.6975429689652,.8831765728192554,.7729531819254983,1.197867485113976,.683242980615791,3.376360714220927,1.114730432149792,1.119928823568893,1.593054357828006,1.417216624139223,0,2.006309347022401,-.0001369333105851,.0243707923487556,-1.851266768776987,-2.30464582654562,-2.755092634738992,-1.205923372679277,-7.713550846148584,-3.660088742932679,-2.911431144341083,-2.710833478173948,-2.1239882159509,-1.467403605507337,-1.315989383357293,-1.733170686759404,-1.383379658811717,-5.122733264420881,-2.40638720400847,-2.180895089934125,-2.523774373214746,-2.193636199213747,-5.067590453550777,4.312472223865015,3.805157369239949,4.624330941587901,3.708604231089305,13.57175621875067,6.741941182408212,6.864329001355237,6.172408400713103,6.342140245232227
evreg2,7.relative_year_bin_aux#1.treat#1.downup_ac,-2.992774661160825,170.6975429689652,.9176714107175308,.2163263386896256,1.0159714780508,.7295296156345547,1.794820642840251,4.335626345485582,2.226288970861422,1.925773756832317,2.107787712317089,0,2.536316566856745,.0080900809528153,-.2170642146833265,-2.340173178588115,-1.565048148225888,-2.812814060718694,-1.658453525653868,-3.667555803077422,-8.482788291084033,-3.971816348525359,-4.231295096018105,-3.845605778439852,-1.781919130929961,-.9530827566540768,-1.504343992317752,-1.367432852660227,-2.40423993567525,-6.060357650696597,-3.33597681890677,-3.166869876875958,-3.238123574682472,-6.263958199034417,5.169125190561399,3.206867584218283,4.571959627931568,3.896734879275395,6.741941182408212,14.91079525140497,7.922858860474042,8.723039301421258,7.045232852294372
evreg2,8.relative_year_bin_aux#1.treat#1.downup_ac,-.2026007393006116,170.6975429689652,.8816027172780486,.4156415874938724,.7967337678698276,.7418309753777622,1.820036606171021,3.24705886450788,5.451491946105306,2.749859394538535,2.804131906616086,0,2.548763256797967,.0066726753140159,-.0043376073473037,-2.114047353005624,-1.808328832024535,-2.05220583582979,-1.405465973480877,-3.493007652775209,-4.1095559868019,-7.316523112316234,-3.251450449213082,-3.494792216992387,-1.748230053837393,-1.212036172729607,-1.204718052603171,-1.231146601509263,-2.182894719981576,-3.337368348717265,-6.582379631641845,-3.562539382023903,-3.420398085051513,-6.224525894330458,4.84180764350297,3.328450128319822,3.550008830967057,3.264112920023718,6.864329001355237,7.922858860474042,13.61987820265431,8.303063792278767,7.953323787277752
evreg2,9.relative_year_bin_aux#1.treat#1.downup_ac,-4.725928621740126,170.6975429689652,.8687687284505624,.4315670002840675,.9552242029838637,.5390379188302575,1.927248119176836,2.506641249250162,2.884931056754418,3.972360613645176,2.659908072270055,0,2.871635915278674,.0079944770598137,-.5005723265934207,-2.368045020210481,-2.048793339278412,-2.98691017852073,-1.613147213893243,-3.338937382484906,-3.747162556858438,-4.142134858814355,-7.845841078325038,-5.234535009239215,-1.89892492936233,-1.354652212848753,-1.549147599261265,-1.261431836051504,-2.523997558667767,-3.169554217727997,-3.564953604657461,-5.896216262865398,-4.501105241124815,-7.502850569317751,5.384879897998899,3.988473941563351,4.626924855156076,3.445035098761557,6.172408400713103,8.723039301421258,8.303063792278767,15.27835613247605,9.985846070919047
evreg2,10.relative_year_bin_aux#1.treat#1.downup_ac,-.0552803818623794,170.6975429689652,.8330357928228435,.4065932467840634,1.000686695686539,.6471407076473238,1.440612165508745,2.534700341770987,2.673211783540737,3.597009604077993,4.703904102625495,0,2.769833582362104,.004319975647369,.0206940670549172,-2.32102989699381,-2.119445772074323,-2.976767558619554,-1.679815473315372,-2.584870812406487,-3.557013927139564,-4.270527339347568,-5.016579330634977,-7.2554624581587,-1.866240755422156,-1.377884259015405,-1.551982827020859,-1.347780400344439,-2.191952781592442,-3.240490264041856,-3.421133369304434,-4.500612616073434,-7.079446139953021,-7.563999148675804,5.14212350978684,3.696572869246907,4.46741164727852,3.635405260609555,6.342140245232227,7.045232852294372,7.953323787277752,9.985846070919047,17.15409608596995
evreg3,1bn.relative_year_bin_aux,-10.95541473974579,170.6975429689652,24.9627663521162,12.90671149577756,3.130635087099704,3.703339659330971,3.389453865123808,1.14359770403558,1.718707329810371,1.217442464972193,.9568369979645915,0,1.908264149191366,.0034200981924756,-1.361556999549056,-20.49169415119268,-10.33624239560628,-2.203859168681366,-3.242800684398648,-4.697150926153405,-3.176908574518277,-4.03152062040953,-3.15427292076672,-2.834368882700943,-10.0815295058912,-1.919299725558767,-4.234458650445869,-3.47087030585166,-1.82216536499849,-4.091946504071866,-4.313764107170732,-2.527467568130164,-2.347730368674222,-1.130444081441668,9.827446711874668,2.673445575083246,4.508870078939082,3.332325587611716,1.793236252070399,3.897157379739657,4.418930892955769,2.497702655140578,2.168985162287317
evreg3,2.relative_year_bin_aux,-.967089930269369,170.6975429689652,12.90671149577756,23.41711132757833,6.180608280525974,5.073169984554323,4.529162307354783,-.9602534883352954,2.225022981253812,1.722615742354339,1.520755371054755,0,4.840411128899579,-.0181847135379738,.7127464642520716,-8.964653660492928,-21.07028566860534,-5.175272654483897,-4.712303448605626,-6.28588783480732,-1.615177732030959,-5.151687015322451,-4.334803049560413,-4.083989123349935,-3.727002407017952,-15.86284577271102,-6.474905468714848,-4.771143594697022,-4.593149250841257,-2.540651392651154,-5.785517048627098,-3.96617901046235,-4.07072932269108,-4.36559491090962,3.261441159702689,16.35540243565775,6.951174532132077,4.855239371597317,4.764709464554667,2.49699793022876,6.030380903700753,4.137377727711209,3.968600367418881
evreg3,3.relative_year_bin_aux,3.13303252398878,170.6975429689652,3.130635087099704,6.180608280525974,15.92526468699248,3.950271283453972,3.999387386352899,2.852308329160177,1.755943582899007,2.514768593660399,2.453737075691728,0,4.930452676717129,-.0026303142069756,-.1496516095449306,-2.101355110012163,-5.187244092570306,-15.35918475467713,-3.746509045520592,-5.057758124755225,-4.513854818130016,-3.874820611280515,-4.44676329631567,-4.191637879184114,-2.087967739264937,-4.142973779437374,-16.15971756121052,-3.694949148467984,-5.571109734705629,-6.108283255582592,-5.069235378848363,-5.076135796918005,-4.898599014735415,-4.848518965275444,1.795579277817834,4.424619960067776,16.46473493579339,3.765462257507186,5.606737742752312,6.028513053676314,5.375889624059114,5.244265082654035,4.865976004947504
evreg3,4.relative_year_bin_aux,-4.27845947113729,170.6975429689652,3.703339659330971,5.073169984554323,3.950271283453972,7.699977772827757,3.412227760995975,3.345716717396879,3.632919433621094,3.084923476963717,3.250779094292652,0,4.604770869490158,.0128948472930709,-1.067164412304016,-3.331735315981263,-4.83260347927961,-3.830743155757268,-7.546816380257997,-3.799409704989419,-3.836479476674775,-4.315681985901859,-3.746378487621718,-3.929462849284606,-3.068966011595426,-4.399783745040565,-3.715067303022206,-7.421445075661342,-3.622198758919371,-4.153090014122152,-5.178827898627278,-3.856845640972544,-3.890452342590343,-4.527506084679004,3.042512452657573,4.46907947761848,3.746737182226584,7.34578785312226,3.596192751287282,3.998511406627093,5.066942817968006,3.813864097811411,3.85816629844737
evreg3,6.relative_year_bin_aux,7.853331097047129,170.6975429689652,3.389453865123808,4.529162307354783,3.999387386352899,3.412227760995975,12.01932662101077,7.487931276754396,8.224901835289463,8.781169283983779,8.108511424315246,0,4.208732460734302,-.0154135474894579,.9404392512280797,-4.271854363337258,-5.487721049735219,-4.510734201714958,-3.555572357545796,-9.928245330557466,-4.294674280133343,-3.962792162962602,-4.424595743561972,-3.791673601705468,-3.876451522587401,-7.087325470046752,-6.654235825078059,-4.129029917633107,-11.67252085719497,-4.488706467815316,-1.39145353636223,-4.495362715466421,-3.499072190175258,-4.500979721473101,4.091102097511326,6.877623178971784,6.598529045917888,4.369664661200043,11.94337627397557,5.03200892670503,1.457662556730326,4.383987359401669,3.741743719893515
evreg3,7.relative_year_bin_aux,1.000820829472195,170.6975429689652,1.14359770403558,-.9602534883352954,2.852308329160177,3.345716717396879,7.487931276754396,17.54159883384593,12.67057468912511,10.6877407055317,11.97751454526612,0,4.006743600906365,.0030622179159898,.2093888700307946,-3.192131992250292,-1.051192764599493,-3.823449245498,-3.678570589141986,-4.162914065220269,-12.21544106602952,-5.511942305858923,-2.746971505526376,-4.146351789517417,-3.038963818053312,-3.066580040055224,-6.048188616608449,-4.358880676714815,-6.368798209860872,-12.16705492431045,-1.193937799131509,-3.204160938603212,-3.855462880390037,-4.394845108901186,3.252191268969419,2.572592233823965,5.930737923948636,4.603509757843939,6.762389029215728,13.07664113093709,1.394966898896776,2.651793730215843,3.767348721761148
evreg3,8.relative_year_bin_aux,9.959794211173806,170.6975429689652,1.718707329810371,2.225022981253812,1.755943582899007,3.632919433621094,8.224901835289463,12.67057468912511,31.75747309681125,18.0811810024946,18.08044165889761,0,2.008295444812201,-.0309748473658497,3.099370799779672,-4.001719501625502,-4.663494371849283,-3.027490100696725,-4.062067297943531,-3.266231840845454,-4.806622870851008,-20.36003079071761,-4.712471409586163,-4.521217903538805,-2.947750543124716,-6.191405582102472,-4.916070759027504,-4.923790316914237,-6.427312063381003,-4.947563002609611,-14.08964518690045,-5.674041668066508,-5.154759413351283,-2.763062884630415,3.307064027915805,5.841369549516108,4.998316355156511,5.239721294326593,6.902108226252341,6.490526670618441,14.45450584527006,4.439469244810189,4.138142442821328
evreg3,9.relative_year_bin_aux,1.003826604359823,170.6975429689652,1.217442464972193,1.722615742354339,2.514768593660399,3.084923476963717,8.781169283983779,10.6877407055317,18.0811810024946,25.30214426653173,19.74980723841979,0,.5027476382971633,-.0070473224287749,1.477294318342031,-3.008607426722459,-3.712316918394158,-3.519484662052996,-3.493200088340852,-4.375550327665167,-3.606747460457258,-7.409040150553952,-11.75964214514795,-5.759649373320737,-2.159231546784125,-5.645118821796998,-5.717375381060695,-4.138078621831852,-7.323353756262824,-3.361447037218017,.2700387271741367,-12.86125313173649,-6.680346476828991,-.9433742831112629,2.405784575181687,5.015190506033618,5.634999678511087,4.454827373924473,7.941436065611652,4.986012099010723,.1870765152437903,11.13642651369133,4.840880954121872
evreg3,10.relative_year_bin_aux,9.259170900346783,170.6975429689652,.9568369979645915,1.520755371054755,2.453737075691728,3.250779094292652,8.108511424315246,11.97751454526612,18.08044165889761,19.74980723841979,25.03171917268505,0,.7037864352643441,-.0273470823427301,3.097807780960932,-2.966277093247057,-3.678606008788052,-3.324445144807202,-3.592640346676223,-3.475351013967526,-4.665970780714312,-7.091366567857184,-5.644182162021905,-10.16660000332134,-1.874382789371343,-5.487092069055209,-5.391058882387761,-3.890973685376661,-6.352062729456597,-3.853671002240977,1.665849094306082,-5.413146298816498,-10.16090063724922,-1.211251262554592,2.082721097828896,4.918851367844414,5.390422799171457,4.257198699871409,7.062193386186861,5.811856582340785,-.7902983460411779,4.001771397790029,8.490316898398229
evreg3,1o.treat,0,170.6975429689652,0,0,0,0,0,0,0,0,0,0,0,0,0,0,0,0,0,0,0,0,0,0,0,0,0,0,0,0,0,0,0,0,0,0,0,0,0,0,0,0,0
evreg3,1.rice_area_aclvl_ahigh,187.5205061043158,170.6975429689652,1.908264149191366,4.840411128899579,4.930452676717129,4.604770869490158,4.208732460734302,4.006743600906365,2.008295444812201,.5027476382971633,.7037864352643441,0,1862.942459306521,-.0735462309531581,7.809471779654651,-1.91408976044217,-4.648636777451578,-4.046515678388533,-4.540293709065056,-4.589058031081167,-5.209254837118353,-3.99497742860287,-3.458246518657273,-3.510534246087631,-25.16117966734247,-29.48402669389769,-16.7460800224081,-20.38407665351808,-17.7125872898329,-17.20892621091157,-23.09470551680962,-17.11683191017734,-18.76551771655942,-1862.683341925181,24.3082375141209,29.42574889440225,16.84672028128985,20.386920415424,17.60520635276655,16.64625781047705,22.59344753873076,16.82169775906165,18.39219160822442
evreg3,wind_direction,-1.790352495056536,170.6975429689652,.0034200981924756,-.0181847135379738,-.0026303142069756,.0128948472930709,-.0154135474894579,.0030622179159898,-.0309748473658497,-.0070473224287749,-.0273470823427301,0,-.0735462309531581,.0041615277765813,-.2313757037344588,-.0110226545937991,-.0060772217144067,-.0090766788815988,-.015650827413112,-.0197557867866671,-.0204750688381761,-.0137779871740069,-.0136808077542894,-.0109446145733352,-.0084598635855028,-.0401518208974956,-.0004427045323699,.0160180076186955,.0045180879879356,.0440842565009056,-.0229477327068072,.0234890395250352,.0004438688348806,.1051577581657292,-.0180454018830279,.0146447251693282,-.0229700557168554,-.0251060836065491,-.005656847363746,-.0686917872052612,.0096095320555277,-.0492300372652982,-.033348284948255
evreg3,av_wind_speed,131.2018896343004,170.6975429689652,-1.361556999549056,.7127464642520716,-.1496516095449306,-1.067164412304016,.9404392512280797,.2093888700307946,3.099370799779672,1.477294318342031,3.097807780960932,0,7.809471779654651,-.2313757037344588,21.45575343580375,1.289583208346495,-.0464200938474077,.2987982560369232,.9513015693102154,1.345471031581795,1.282613572895441,.4342050757687375,1.234783573064475,.5177120300008626,.5486743230506582,1.144651610495986,.2523654756736388,-.7629941085317414,-.1440428616138658,-2.348467654579876,1.208680535996922,-.6179100944955381,.4891535427132269,-8.816608349967582,-.898952946324991,-2.626973103535792,-.4192616293721251,1.120844001256875,-.3577726712502474,2.92762810935206,-.3025264770047506,2.870851447460101,1.174333893727836
evreg3,1bn.relative_year_bin_aux#1.treat,19.53590364511044,170.6975429689652,-20.49169415119268,-8.964653660492928,-2.101355110012163,-3.331735315981263,-4.271854363337258,-3.192131992250292,-4.001719501625502,-3.008607426722459,-2.966277093247057,0,-1.91408976044217,-.0110226545937991,1.289583208346495,59.81765788322512,24.48132289790826,16.4324178939141,13.8132867178293,13.36333639462696,11.87236131866304,14.83452224095755,11.87513843645277,11.70933737602455,11.02725973625699,3.049988915093033,3.290674397237257,3.704566762947321,3.107725507504698,3.952918005151091,3.419836454094668,2.603772560098942,2.128714448033833,12.65267980102888,-53.24284922429109,-19.86501685768773,-17.56623390162217,-14.21059820070644,-11.91337860030005,-12.3906721607008,-13.88488572293134,-11.26310467605393,-10.86134132669408
evreg3,2.relative_year_bin_aux#1.treat,12.56861844823378,170.6975429689652,-10.33624239560628,-21.07028566860534,-5.187244092570306,-4.83260347927961,-5.487721049735219,-1.051192764599493,-4.663494371849283,-3.712316918394158,-3.678606008788052,0,-4.648636777451578,-.0060772217144067,-.0464200938474077,24.48132289790826,59.55880410543836,21.4701606874305,17.53623391884124,17.88533195433981,8.490293401533547,17.67810373136508,14.74425661896844,14.19345104807789,4.486803452115308,16.17960654853243,5.999372725258044,4.829703572520721,5.215763722303833,2.290297299053662,4.853402565329388,3.785169985959613,3.67638523865763,16.22322596414786,-20.96527462938081,-56.21119002656404,-22.51013210428968,-17.5894333420917,-17.05757004803163,-9.105714370962946,-17.19293083931041,-14.19162107257412,-13.7151614608589
evreg3,3.relative_year_bin_aux#1.treat,2.777982596871166,170.6975429689652,-2.203859168681366,-5.175272654483897,-15.35918475467713,-3.830743155757268,-4.510734201714958,-3.823449245498,-3.027490100696725,-3.519484662052996,-3.324445144807202,0,-4.046515678388533,-.0090766788815988,.2987982560369232,16.4324178939141,21.4701606874305,37.73006040227336,14.38333952247129,14.29138573955992,14.35903507538206,13.60868179613405,13.9188151910996,13.30167605989731,1.516814848660352,3.980547383394774,15.76834214999429,3.711557035873444,5.942644535544406,5.823077555146964,4.362529917327072,4.931400539239348,4.658652836105184,14.25796851078648,-15.89532981967413,-20.79205443875902,-38.28993114078607,-14.30916564836572,-15.1739567774487,-15.55599373823193,-14.07890592348628,-14.4235360194017,-13.74621120156619
evreg3,4.relative_year_bin_aux#1.treat,6.284802731302421,170.6975429689652,-3.242800684398648,-4.712303448605626,-3.746509045520592,-7.546816380257997,-3.555572357545796,-3.678570589141986,-4.062067297943531,-3.493200088340852,-3.592640346676223,0,-4.540293709065056,-.015650827413112,.9513015693102154,13.8132867178293,17.53623391884124,14.38333952247129,24.91899171047043,12.65380513564807,12.8202258326013,14.76009840834818,12.54405648191609,13.01554810840702,3.109963018483366,4.457848459603849,3.639991334973451,7.418916203750931,3.759855212656588,4.149103458595918,5.054313540099158,4.011052924361772,4.005187827390237,14.04146957048252,-13.63188034888773,-17.31286323375798,-14.29623356389924,-24.73321177396009,-12.59946576500829,-12.98319680012108,-15.33984428274753,-12.74429865168806,-13.08819324014024
evreg3,6.relative_year_bin_aux#1.treat,7.29930395956618,170.6975429689652,-4.697150926153405,-6.28588783480732,-5.057758124755225,-3.799409704989419,-9.928245330557466,-4.162914065220269,-3.266231840845454,-4.375550327665167,-3.475351013967526,0,-4.589058031081167,-.0197557867866671,1.345471031581795,13.36333639462696,17.88533195433981,14.29138573955992,12.65380513564807,23.75236122384689,9.978019407712758,12.58807546871459,11.46887100765881,11.30542796275065,3.779554844464784,5.871523189809228,6.236186563853706,3.826967749214306,10.31013487383346,4.733561341314569,4.362161602748279,5.237879336122556,4.357820941019159,12.28019498248158,-12.50063977562072,-17.54988750264841,-15.29934800392467,-12.54681303173875,-23.89018541393884,-10.27079364220604,-13.32790247435351,-11.88486802581906,-11.73391898207397
evreg3,7.relative_year_bin_aux#1.treat,3.909358466336037,170.6975429689652,-3.176908574518277,-1.615177732030959,-4.513854818130016,-3.836479476674775,-4.294674280133343,-12.21544106602952,-4.806622870851008,-3.606747460457258,-4.665970780714312,0,-5.209254837118353,-.0204750688381761,1.282613572895441,11.87236131866304,8.490293401533547,14.35903507538206,12.8202258326013,9.978019407712758,27.59464307338432,12.4376443504378,8.922057179896537,9.456251260662473,3.062537302713439,1.606907147642502,5.484031000583722,4.09942791444172,4.520786758555406,12.91291976952251,5.929737163614799,4.53900891124427,5.291470699293445,13.16453140598877,-11.45579886081867,-8.258766245274451,-15.09829305194494,-12.90866660571407,-10.19597772185762,-28.3493722404733,-13.61371450015418,-9.944933393863337,-10.09188705972674
evreg3,8.relative_year_bin_aux#1.treat,2.929505544287872,170.6975429689652,-4.03152062040953,-5.151687015322451,-3.874820611280515,-4.315681985901859,-3.962792162962602,-5.511942305858923,-20.36003079071761,-7.409040150553952,-7.091366567857184,0,-3.99497742860287,-.0137779871740069,.4342050757687375,14.83452224095755,17.67810373136508,13.60868179613405,14.76009840834818,12.58807546871459,12.4376443504378,39.51134668475255,14.01575382679529,11.55390464019142,3.081617958526623,4.537255405260135,4.318072868305908,4.729651739142485,4.287529465376588,5.878325772742439,20.51903542453935,7.297183798101124,6.841080320933959,15.84228187050144,-13.733809786308,-16.88248880389995,-13.92223319478398,-14.98729454652713,-13.2028068485466,-13.65557885953784,-40.77651816865734,-15.26188344017059,-12.65542196860461
evreg3,9.relative_year_bin_aux#1.treat,3.327779614831302,170.6975429689652,-3.15427292076672,-4.334803049560413,-4.44676329631567,-3.746378487621718,-4.424595743561972,-2.746971505526376,-4.712471409586163,-11.75964214514795,-5.644182162021905,0,-3.458246518657273,-.0136808077542894,1.234783573064475,11.87513843645277,14.74425661896844,13.9188151910996,12.54405648191609,11.46887100765881,8.922057179896537,14.01575382679529,31.35581083622713,20.44465309053625,2.342099695553498,3.780203716426067,4.950716015121071,4.007640315299265,5.099849724434841,4.531640790736112,7.07695143768447,14.61724986374406,8.339831461944854,13.77400983973395,-10.93426707842004,-13.99234614382588,-14.18947407553049,-12.73573662579743,-11.66245352083049,-9.773481651003497,-15.0692255869783,-32.81560646613707,-21.65786785628277
evreg3,10.relative_year_bin_aux#1.treat,-.1886930092901107,170.6975429689652,-2.834368882700943,-4.083989123349935,-4.191637879184114,-3.929462849284606,-3.791673601705468,-4.146351789517417,-4.521217903538805,-5.759649373320737,-10.16660000332134,0,-3.510534246087631,-.0109446145733352,.5177120300008626,11.70933737602455,14.19345104807789,13.30167605989731,13.01554810840702,11.30542796275065,9.456251260662473,11.55390464019142,20.44465309053625,35.9879208529871,2.09601435128979,3.650205699760718,4.623279896764938,3.841838485125616,4.22124061254208,5.041615657824092,5.763977664920344,7.155740144174802,11.80132339034022,14.20416046990665,-10.57782659599254,-13.39219047295642,-13.39239861763891,-12.88727321804931,-11.48463497437246,-9.797158299815594,-11.8182302669332,-20.7309985399845,-36.39784575359908
evreg3,1bn.relative_year_bin_aux#1.rice_area_aclvl_ahigh,18.24528170874071,170.6975429689652,-10.0815295058912,-3.727002407017952,-2.087967739264937,-3.068966011595426,-3.876451522587401,-3.038963818053312,-2.947750543124716,-2.159231546784125,-1.874382789371343,0,-25.16117966734247,-.0084598635855028,.5486743230506582,11.02725973625699,4.486803452115308,1.516814848660352,3.109963018483366,3.779554844464784,3.062537302713439,3.081617958526623,2.342099695553498,2.09601435128979,73.39705514759264,27.53663222008041,6.834125378878235,12.26992834201986,14.72755745723025,12.59307076744735,16.85119858463717,11.99982181116641,10.83381313161381,24.47756622917547,-69.99121881291735,-26.68037957672476,-6.365438330697851,-12.14464108951329,-14.66590441586106,-12.26908457645321,-16.53175503234081,-11.57654185054337,-10.34747674187125
evreg3,2.relative_year_bin_aux#1.rice_area_aclvl_ahigh,10.88881361472585,170.6975429689652,-1.919299725558767,-15.86284577271102,-4.142973779437374,-4.399783745040565,-7.087325470046752,-3.066580040055224,-6.191405582102472,-5.645118821796998,-5.487092069055209,0,-29.48402669389769,-.0401518208974956,1.144651610495986,3.049988915093033,16.17960654853243,3.980547383394774,4.457848459603849,5.871523189809228,1.606907147642502,4.537255405260135,3.780203716426067,3.650205699760718,27.53663222008041,90.93684336244998,18.68641277935769,25.26066468461969,29.34017427514111,4.609704379324802,24.09512148175547,20.15050558128464,19.1016621074345,28.9483467704506,-25.22731675307358,-89.73086923526364,-17.89570344193992,-24.88406751881804,-29.60064004225676,-4.97479046994902,-24.3649256421764,-20.10326138215167,-19.16727997633267
evreg3,3.relative_year_bin_aux#1.rice_area_aclvl_ahigh,20.12453930060726,170.6975429689652,-4.234458650445869,-6.474905468714848,-16.15971756121052,-3.715067303022206,-6.654235825078059,-6.048188616608449,-4.916070759027504,-5.717375381060695,-5.391058882387761,0,-16.7460800224081,-.0004427045323699,.2523654756736388,3.290674397237257,5.999372725258044,15.76834214999429,3.639991334973451,6.236186563853706,5.484031000583722,4.318072868305908,4.950716015121071,4.623279896764938,6.834125378878235,18.68641277935769,58.48669872770785,17.3375313560945,16.32187623639618,17.58820790539989,14.58456636500365,16.55235983081164,16.33092835410029,16.87851292360297,-7.368190278267241,-18.7113318622334,-58.30536379475599,-17.28816475668876,-16.75499113452428,-18.06722642379396,-15.04731599319935,-16.79952956863888,-16.36509027572662
evreg3,4.relative_year_bin_aux#1.rice_area_aclvl_ahigh,-4.313359965354538,170.6975429689652,-3.47087030585166,-4.771143594697022,-3.694949148467984,-7.421445075661342,-4.129029917633107,-4.358880676714815,-4.923790316914237,-4.138078621831852,-3.890973685376661,0,-20.38407665351808,.0160180076186955,-.7629941085317414,3.704566762947321,4.829703572520721,3.711557035873444,7.418916203750931,3.826967749214306,4.09942791444172,4.729651739142485,4.007640315299265,3.841838485125616,12.26992834201986,25.26066468461969,17.3375313560945,33.61766642130669,15.81510168217422,18.41194933548569,18.55300848545566,17.54152025689609,17.89480705240641,20.50218139850127,-12.32467200791663,-25.12372541462008,-17.23538953994634,-33.56637735347357,-15.81867603096398,-18.44559277007057,-18.69258167531466,-17.61196436717431,-17.75537321750377
evreg3,6.relative_year_bin_aux#1.rice_area_aclvl_ahigh,-2.003030582446435,170.6975429689652,-1.82216536499849,-4.593149250841257,-5.571109734705629,-3.622198758919371,-11.67252085719497,-6.368798209860872,-6.427312063381003,-7.323353756262824,-6.352062729456597,0,-17.7125872898329,.0045180879879356,-.1440428616138658,3.107725507504698,5.215763722303833,5.942644535544406,3.759855212656588,10.31013487383346,4.520786758555406,4.287529465376588,5.099849724434841,4.22124061254208,14.72755745723025,29.34017427514111,16.32187623639618,15.81510168217422,36.00821911678709,13.27346774006019,14.85373497898837,15.95586810374063,15.20515664039475,17.9085381876125,-14.79257263324535,-29.25033031414101,-16.41454818345139,-15.86087979290188,-35.64330216318095,-13.18563453205207,-14.42533621824344,-15.87624002631477,-15.25797671785029
evreg3,7.relative_year_bin_aux#1.rice_area_aclvl_ahigh,-11.91461886536324,170.6975429689652,-4.091946504071866,-2.540651392651154,-6.108283255582592,-4.153090014122152,-4.488706467815316,-12.16705492431045,-4.947563002609611,-3.361447037218017,-3.853671002240977,0,-17.20892621091157,.0440842565009056,-2.348467654579876,3.952918005151091,2.290297299053662,5.823077555146964,4.149103458595918,4.733561341314569,12.91291976952251,5.878325772742439,4.531640790736112,5.041615657824092,12.59307076744735,4.609704379324802,17.58820790539989,18.41194933548569,13.27346774006019,49.53808093389478,26.6822903247282,13.12172340459464,17.54799523536634,17.28200956481486,-13.12775068919028,-5.018340792608014,-17.94589597431791,-18.67898520005707,-12.72332194710704,-48.34275983185476,-25.27211176370259,-12.03695665316892,-16.65052063033523
evreg3,8.relative_year_bin_aux#1.rice_area_aclvl_ahigh,-4.73713764438483,170.6975429689652,-4.313764107170732,-5.785517048627098,-5.069235378848363,-5.178827898627278,-1.39145353636223,-1.193937799131509,-14.08964518690045,.2700387271741367,1.665849094306082,0,-23.09470551680962,-.0229477327068072,1.208680535996922,3.419836454094668,4.853402565329388,4.362529917327072,5.054313540099158,4.362161602748279,5.929737163614799,20.51903542453935,7.07695143768447,5.763977664920344,16.85119858463717,24.09512148175547,14.58456636500365,18.55300848545566,14.85373497898837,26.6822903247282,90.0763934312056,32.12539101670829,27.56984960974776,22.20842416767705,-16.58424683150082,-24.13224764499045,-14.68634887510116,-18.69790219712961,-13.77593293998018,-23.92182202965792,-87.2983682905425,-29.58423421963195,-25.30866494606638
evreg3,9.relative_year_bin_aux#1.rice_area_aclvl_ahigh,-26.4895812650973,170.6975429689652,-2.527467568130164,-3.96617901046235,-5.076135796918005,-3.856845640972544,-4.495362715466421,-3.204160938603212,-5.674041668066508,-12.86125313173649,-5.413146298816498,0,-17.11683191017734,.0234890395250352,-.6179100944955381,2.603772560098942,3.785169985959613,4.931400539239348,4.011052924361772,5.237879336122556,4.53900891124427,7.297183798101124,14.61724986374406,7.155740144174802,11.99982181116641,20.15050558128464,16.55235983081164,17.54152025689609,15.95586810374063,13.12172340459464,32.12539101670829,58.5515210564952,33.96669496992651,16.88170189646858,-12.14547924361932,-20.39498813398173,-16.67900362371885,-17.8055049195257,-15.43851035324586,-11.65287076143755,-30.47201366481674,-56.60446603510405,-31.96452321951012
evreg3,10.relative_year_bin_aux#1.rice_area_aclvl_ahigh,-10.5289114452979,170.6975429689652,-2.347730368674222,-4.07072932269108,-4.898599014735415,-3.890452342590343,-3.499072190175258,-3.855462880390037,-5.154759413351283,-6.680346476828991,-10.16090063724922,0,-18.76551771655942,.0004438688348806,.4891535427132269,2.128714448033833,3.67638523865763,4.658652836105184,4.005187827390237,4.357820941019159,5.291470699293445,6.841080320933959,8.339831461944854,11.80132339034022,10.83381313161381,19.1016621074345,16.33092835410029,17.89480705240641,15.20515664039475,17.54799523536634,27.56984960974776,33.96669496992651,51.75822187760262,18.4346555711146,-10.69902849522004,-19.12084829128128,-16.25049560449972,-18.01549700384248,-14.83128348702138,-16.30762043912137,-26.20125332513189,-32.28326181677547,-49.91770160668779
evreg3,1.treat#1.rice_area_aclvl_ahigh,-196.7695207493144,170.6975429689652,-1.130444081441668,-4.36559491090962,-4.848518965275444,-4.527506084679004,-4.500979721473101,-4.394845108901186,-2.763062884630415,-.9433742831112629,-1.211251262554592,0,-1862.683341925181,.1051577581657292,-8.816608349967582,12.65267980102888,16.22322596414786,14.25796851078648,14.04146957048252,12.28019498248158,13.16453140598877,15.84228187050144,13.77400983973395,14.20416046990665,24.47756622917547,28.9483467704506,16.87851292360297,20.50218139850127,17.9085381876125,17.28200956481486,22.20842416767705,16.88170189646858,18.4346555711146,1964.09048821169,-51.23404550716889,-62.69470861422779,-45.9323862765598,-42.53209996520922,-37.29364462281872,-35.0780915007405,-46.73075118165627,-39.72649949123198,-42.06936761850569
evreg3,1bn.relative_year_bin_aux#1.treat#1.rice_area_aclvl_ahigh,-7.257938244390632,170.6975429689652,9.827446711874668,3.261441159702689,1.795579277817834,3.042512452657573,4.091102097511326,3.252191268969419,3.307064027915805,2.405784575181687,2.082721097828896,0,24.3082375141209,-.0180454018830279,-.898952946324991,-53.24284922429109,-20.96527462938081,-15.89532981967413,-13.63188034888773,-12.50063977562072,-11.45579886081867,-13.733809786308,-10.93426707842004,-10.57782659599254,-69.99121881291735,-25.22731675307358,-7.368190278267241,-12.32467200791663,-14.79257263324535,-13.12775068919028,-16.58424683150082,-12.14547924361932,-10.69902849522004,-51.23404550716889,172.1477121158604,59.82377538396835,39.88700537516032,32.93579194683049,33.55238973018144,29.56265272152974,38.18255094719838,29.01977586489432,28.0013986258814
evreg3,2.relative_year_bin_aux#1.treat#1.rice_area_aclvl_ahigh,.1852884163317601,170.6975429689652,2.673445575083246,16.35540243565775,4.424619960067776,4.46907947761848,6.877623178971784,2.572592233823965,5.841369549516108,5.015190506033618,4.918851367844414,0,29.42574889440225,.0146447251693282,-2.626973103535792,-19.86501685768773,-56.21119002656404,-20.79205443875902,-17.31286323375798,-17.54988750264841,-8.258766245274451,-16.88248880389995,-13.99234614382588,-13.39219047295642,-26.68037957672476,-89.73086923526364,-18.7113318622334,-25.12372541462008,-29.25033031414101,-5.018340792608014,-24.13224764499045,-20.39498813398173,-19.12084829128128,-62.69470861422779,59.82377538396835,200.4397902031402,63.05996012605687,51.93282490321797,61.98818429567621,20.68299591559119,56.0315626392043,47.45612712233518,45.46073095185325
evreg3,3.relative_year_bin_aux#1.treat#1.rice_area_aclvl_ahigh,-3.955048078548465,170.6975429689652,4.508870078939082,6.951174532132077,16.46473493579339,3.746737182226584,6.598529045917888,5.930737923948636,4.998316355156511,5.634999678511087,5.390422799171457,0,16.84672028128985,-.0229700557168554,-.4192616293721251,-17.56623390162217,-22.51013210428968,-38.28993114078607,-14.29623356389924,-15.29934800392467,-15.09829305194494,-13.92223319478398,-14.18947407553049,-13.39239861763891,-6.365438330697851,-17.89570344193992,-58.30536379475599,-17.23538953994634,-16.41454818345139,-17.94589597431791,-14.68634887510116,-16.67900362371885,-16.25049560449972,-45.9323862765598,39.88700537516032,63.05996012605687,123.2895018702326,47.63459839422693,40.53795317128255,44.44418114266247,41.68094631860888,41.98225105371827,40.54869767052259
evreg3,4.relative_year_bin_aux#1.treat#1.rice_area_aclvl_ahigh,8.360097466112196,170.6975429689652,3.332325587611716,4.855239371597317,3.765462257507186,7.34578785312226,4.369664661200043,4.603509757843939,5.239721294326593,4.454827373924473,4.257198699871409,0,20.386920415424,-.0251060836065491,1.120844001256875,-14.21059820070644,-17.5894333420917,-14.30916564836572,-24.73321177396009,-12.54681303173875,-12.90866660571407,-14.98729454652713,-12.73573662579743,-12.88727321804931,-12.14464108951329,-24.88406751881804,-17.28816475668876,-33.56637735347357,-15.86087979290188,-18.67898520005707,-18.69790219712961,-17.8055049195257,-18.01549700384248,-42.53209996520922,32.93579194683049,51.93282490321797,47.63459839422693,72.11722513944814,35.42943135434919,39.96525465279736,41.64233183208951,38.33786871575039,38.49728334203024
evreg3,6.relative_year_bin_aux#1.treat#1.rice_area_aclvl_ahigh,-1.106650217812099,170.6975429689652,1.793236252070399,4.764709464554667,5.606737742752312,3.596192751287282,11.94337627397557,6.762389029215728,6.902108226252341,7.941436065611652,7.062193386186861,0,17.60520635276655,-.005656847363746,-.3577726712502474,-11.91337860030005,-17.05757004803163,-15.1739567774487,-12.59946576500829,-23.89018541393884,-10.19597772185762,-13.2028068485466,-11.66245352083049,-11.48463497437246,-14.66590441586106,-29.60064004225676,-16.75499113452428,-15.81867603096398,-35.64330216318095,-12.72332194710704,-13.77593293998018,-15.43851035324586,-14.83128348702138,-37.29364462281872,33.55238973018144,61.98818429567621,40.53795317128255,35.42943135434919,70.93015528932557,27.66955033827728,35.04508123116761,33.85021353073408,33.00985421129817
evreg3,7.relative_year_bin_aux#1.treat#1.rice_area_aclvl_ahigh,22.94572876970895,170.6975429689652,3.897157379739657,2.49699793022876,6.028513053676314,3.998511406627093,5.03200892670503,13.07664113093709,6.490526670618441,4.986012099010723,5.811856582340785,0,16.64625781047705,-.0686917872052612,2.92762810935206,-12.3906721607008,-9.105714370962946,-15.55599373823193,-12.98319680012108,-10.27079364220604,-28.3493722404733,-13.65557885953784,-9.773481651003497,-9.797158299815594,-12.26908457645321,-4.97479046994902,-18.06722642379396,-18.44559277007057,-13.18563453205207,-48.34275983185476,-23.92182202965792,-11.65287076143755,-16.30762043912137,-35.0780915007405,29.56265272152974,20.68299591559119,44.44418114266247,39.96525465279736,27.66955033827728,84.58578618509955,40.73228216082862,24.95721382001226,33.25074439520809
evreg3,8.relative_year_bin_aux#1.treat#1.rice_area_aclvl_ahigh,23.22093225524443,170.6975429689652,4.418930892955769,6.030380903700753,5.375889624059114,5.066942817968006,1.457662556730326,1.394966898896776,14.45450584527006,.1870765152437903,-.7902983460411779,0,22.59344753873076,.0096095320555277,-.3025264770047506,-13.88488572293134,-17.19293083931041,-14.07890592348628,-15.33984428274753,-13.32790247435351,-13.61371450015418,-40.77651816865734,-15.0692255869783,-11.8182302669332,-16.53175503234081,-24.3649256421764,-15.04731599319935,-18.69258167531466,-14.42533621824344,-25.27211176370259,-87.2983682905425,-30.47201366481674,-26.20125332513189,-46.73075118165627,38.18255094719838,56.0315626392043,41.68094631860888,41.64233183208951,35.04508123116761,40.73228216082862,137.8900987020089,49.73433935293838,45.9282453097734
evreg3,9.relative_year_bin_aux#1.treat#1.rice_area_aclvl_ahigh,40.0283393860571,170.6975429689652,2.497702655140578,4.137377727711209,5.244265082654035,3.813864097811411,4.383987359401669,2.651793730215843,4.439469244810189,11.13642651369133,4.001771397790029,0,16.82169775906165,-.0492300372652982,2.870851447460101,-11.26310467605393,-14.19162107257412,-14.4235360194017,-12.74429865168806,-11.88486802581906,-9.944933393863337,-15.26188344017059,-32.81560646613707,-20.7309985399845,-11.57654185054337,-20.10326138215167,-16.79952956863888,-17.61196436717431,-15.87624002631477,-12.03695665316892,-29.58423421963195,-56.60446603510405,-32.28326181677547,-39.72649949123198,29.01977586489432,47.45612712233518,41.98225105371827,38.33786871575039,33.85021353073408,24.95721382001226,49.73433935293838,102.9512526438886,61.59660863133356
evreg3,10.relative_year_bin_aux#1.treat#1.rice_area_aclvl_ahigh,28.02748900232793,170.6975429689652,2.168985162287317,3.968600367418881,4.865976004947504,3.85816629844737,3.741743719893515,3.767348721761148,4.138142442821328,4.840880954121872,8.490316898398229,0,18.39219160822442,-.033348284948255,1.174333893727836,-10.86134132669408,-13.7151614608589,-13.74621120156619,-13.08819324014024,-11.73391898207397,-10.09188705972674,-12.65542196860461,-21.65786785628277,-36.39784575359908,-10.34747674187125,-19.16727997633267,-16.36509027572662,-17.75537321750377,-15.25797671785029,-16.65052063033523,-25.30866494606638,-31.96452321951012,-49.91770160668779,-42.06936761850569,28.0013986258814,45.46073095185325,40.54869767052259,38.49728334203024,33.00985421129817,33.25074439520809,45.9282453097734,61.59660863133356,105.1086300265413
evreg4,1bn.relative_year_bin_aux,-5.045078459875924,170.6975429689652,12.32452710683805,6.992334157284052,5.085433887762439,2.879181417163029,1.364305180209316,.8476265967333398,.3203448708969713,.1242704750238309,.0598699624375184,0,2.004530939186317,-.0035070400808315,-.5237033480425729,-9.064672617034603,-5.695903945188707,-3.984788491436417,-2.449221952137769,-2.789201018219168,-2.943455976583477,-2.698100443038495,-2.526748774709398,-2.379455414594286,1.366825316996023,3.230710023677031,-5.945438098365707,-2.775724296975508,-.31509146493881,-4.544884329518216,-4.711799374392016,-2.431078898157929,-2.63411531063687,-1.777532356123823,-1.220028011582035,-.7495245308149865,6.019996344433202,2.695773064361478,.83432846765352,4.493347984870947,4.869906161465226,3.048149433260199,3.103679009815918
evreg4,2.relative_year_bin_aux,3.194479524335068,170.6975429689652,6.992334157284052,9.07933565212479,4.245597894438882,2.004097946302882,.4044256827533898,.1232996696829735,-.0925594092137119,-.238940566498498,-.3512165177144102,0,1.844389949202295,-.0123235858617137,.23368810180339,-4.389838451183732,-7.810832850397752,-3.326929171222341,-1.696961941382,-1.76840615923478,-2.181148446534311,-2.217374169234472,-2.099236619658804,-1.94252745174842,1.068346368268615,-1.234154849551624,-3.871580367619395,-1.704066114832412,.2221433897313961,-3.535114589221137,-4.133138911858429,-2.084776821392433,-2.163826544093316,-1.868811177918713,-.9594275883574516,3.256623770132238,4.287522135755969,1.841166479263549,.330124037886056,3.644629644762075,4.380874595726447,2.735140663017652,2.687179912730776
evreg4,3.relative_year_bin_aux,2.563376138249488,170.6975429689652,5.085433887762439,4.245597894438882,6.441885312532918,2.08189129737142,1.532743774587004,1.113107707073237,.4684524419138239,.6833388357588024,.6264442005805149,0,2.017930963988938,-.0112837139196761,.2877572381712769,-3.632546734549081,-3.330224670411209,-5.809947649911557,-1.865606620816785,-2.478156755076483,-2.553428824388377,-2.185716380382953,-2.470526895223681,-2.286930805325294,-1.299442830037529,.1953327962705442,-5.573232005731904,-1.768107816404701,-1.419679760374632,-3.458389900227015,-3.718380220088637,-2.596798984291795,-2.499464286647014,-2.248014852909166,1.575332149637264,1.078571131019671,6.072895750561538,1.884215706161849,1.747193962780889,3.567422541001462,3.870508832165169,3.140817610114683,3.013375387236183
evreg4,4.relative_year_bin_aux,-1.444898552101265,170.6975429689652,2.879181417163029,2.004097946302882,2.08189129737142,3.345473964847689,.7861959954809381,.7266176785887953,.371929595604017,.3378614585418211,.494189108137526,0,1.619306319316289,.00712393124494,-.5791222628111361,-2.303513900049092,-1.646419187482554,-1.865400206141655,-3.20525218072827,-1.351776314206009,-1.513827973411624,-1.386975801273893,-1.445667739888123,-1.615498131935773,-1.742247712885067,-.7197852317839072,-1.501018941352584,-3.045399786890379,-.8821883760599222,-1.638176504791656,-2.327435602077495,-1.464189093383953,-1.729576411571602,-1.550192143104961,1.653028240749599,.9675908355770776,1.600843856137846,3.027369442012265,.906284844279489,1.522938594322807,2.149226646743147,1.434230503779026,1.644352609184002
evreg4,6.relative_year_bin_aux,8.232737354344325,170.6975429689652,1.364305180209316,.4044256827533898,1.532743774587004,.7861959954809381,8.392268502461731,6.14793563281576,6.054435448100709,6.961844300938523,6.336398343680973,0,1.826730442766779,-.0191010204242628,1.420526842375764,-2.529203205124439,-1.220170742666863,-2.134884792158381,-1.062221728654896,-5.957704773342911,-2.595270035144729,-1.677315434553667,-2.248987750965556,-1.666521289981507,-2.842309417006085,-3.431416114460657,-3.566101442114373,-1.267068850373342,-7.569236830303837,-2.087568216736344,3.15300933426434,-1.224331381617293,-.335935191842356,-2.272352736555599,2.853110996360809,2.335021991428015,3.317787276781673,1.638055980504571,7.721711804024933,2.7555380145265,-2.284437675578554,1.534526935017377,1.022146443867172
evreg4,7.relative_year_bin_aux,2.97910062443832,170.6975429689652,.8476265967333398,.1232996696829735,1.113107707073237,.7266176785887953,6.14793563281576,12.13387488168574,7.938465477770464,9.101341465826879,9.63116121004774,0,1.830048762901188,-.011434844103921,1.29425869336407,-2.422279767620017,-1.351082985090845,-1.875026033517869,-1.164542686865496,-2.817015594539018,-6.984139182679137,-1.342364279398315,-1.54434174464725,-2.053875535245071,-2.463987188531483,-4.337975167674318,-3.559306089628675,-1.177839314461555,-4.999391881694578,-5.589559065348022,6.88150307202123,.5170852236772039,.1085259093834268,-2.376050923866522,2.401973802140085,2.518115502520299,3.204572245807934,1.669196137842675,5.150999015342352,6.62414546301031,-5.535812830667521,-.2643005992414826,.5008255795154272
evreg4,8.relative_year_bin_aux,8.461454795119067,170.6975429689652,.3203448708969713,-.0925594092137119,.4684524419138239,.371929595604017,6.054435448100709,7.938465477770464,13.83333125223116,11.01214226140381,11.65399657451337,0,.5349884117164708,-.0233333057527404,2.262744076696721,-2.044570290709983,-1.361718291127157,-1.344685659609648,-.899038571937366,-2.098295095910896,-1.782422022620203,-5.500467742603801,-1.092951258658317,-1.422466630590358,-1.777511634992524,-4.330637045199921,-3.131314317033379,-.8787654199633174,-4.705250352093231,-.1464431592639646,5.466978865107865,1.701764449619774,1.241758643414794,-1.466171212025746,1.868774190129305,2.552112005006644,2.898251786719533,1.497051114356474,5.036290161163946,1.649094377294095,-3.531673903622067,-1.291625731521157,-.6691276085904373
evreg4,9.relative_year_bin_aux,4.178597419502953,170.6975429689652,.1242704750238309,-.238940566498498,.6833388357588024,.3378614585418211,6.961844300938523,9.101341465826879,11.01214226140381,15.77672501746761,13.97471403440071,0,.5118320017886641,-.0147589905972965,1.989064955867665,-1.866388778458665,-1.180211593567866,-1.584372133346743,-.9566650263703179,-2.692277156265446,-2.488472082467046,-1.816015589866345,-4.354344531828531,-1.971321907775835,-1.363394795819615,-4.417259000163005,-3.536355462507033,-.6685061542587044,-5.611885350212567,-.7059745233157431,10.77862464671334,-.7650915122679539,1.044269112073309,-1.536642202226323,1.435424542471667,2.385986932613056,3.181039659361133,1.383921384590272,5.943538445685641,2.366344779307855,-8.681260569401218,1.197981660207968,-.8441737760629382
evreg4,10.relative_year_bin_aux,5.817866960145859,170.6975429689652,.0598699624375184,-.3512165177144102,.6264442005805149,.494189108137526,6.336398343680973,9.63116121004774,11.65399657451337,13.97471403440071,17.80809308499426,0,.3337571166184845,-.0221047407345205,2.511760414484061,-1.845701463134955,-1.154969775013062,-1.410444622779763,-1.062383640222802,-1.903844399151467,-2.776793801616376,-2.06919493506273,-1.951631192015466,-4.98275284836398,-1.154802367847314,-4.17181803034654,-3.414575032804966,-.6469866676120368,-4.903753302985685,-1.006240073533502,11.121500468128,2.301454545802431,-1.296913475151341,-1.450576677922324,1.175146495716386,2.209784833017169,3.114973767670338,1.406980753727645,5.306726616131067,2.915337308619907,-8.814018964456167,-1.482059316547934,1.918565522023841
evreg4,1o.treat,0,170.6975429689652,0,0,0,0,0,0,0,0,0,0,0,0,0,0,0,0,0,0,0,0,0,0,0,0,0,0,0,0,0,0,0,0,0,0,0,0,0,0,0,0,0
evreg4,1.rice_harvarea_aclvl_ahigh,89.82421868934431,170.6975429689652,2.004530939186317,1.844389949202295,2.017930963988938,1.619306319316289,1.826730442766779,1.830048762901188,.5349884117164708,.5118320017886641,.3337571166184845,0,381.3186144350536,-.0353545021379646,1.662151205038599,-2.450582229558909,-1.967754992686359,-1.88297490726553,-1.503137231812754,-2.176776680655643,-2.509442709874888,-1.770597451636452,-2.532168809674748,-2.40175811546334,-23.60277405963923,-28.38884276384239,-16.60955362636016,-18.3869828806262,-16.30014913545138,-14.62219275541482,-24.81027961784564,-18.52589356075901,-18.81774833205427,-380.9971836934591,24.14502616888736,29.821339366289,18.16219844780688,18.21704885156138,16.98907401182434,14.54426469774069,25.01059855664165,19.03390603531841,19.78333003743954
evreg4,wind_direction,-1.790225354792719,170.6975429689652,-.0035070400808315,-.0123235858617137,-.0112837139196761,.00712393124494,-.0191010204242628,-.011434844103921,-.0233333057527404,-.0147589905972965,-.0221047407345205,0,-.0353545021379646,.004160373186404,-.2312907033751898,.0151816234534011,.0046034251918277,.0052978149739003,-.0066735592919143,-.0066749530019184,.000151858952306,-.0026701845348908,.0060309542897901,.004638784590838,.0017307782439928,-.0556401578811751,.022698420592732,.0241451300225268,.0114252844211229,.0709866963276529,-.0396074333844814,.0326335719611401,-.0107052164369719,.0844965211533965,-.0742622088103423,-.0099771308185774,-.0583150770426397,-.0415927013779446,-.0361354739137169,-.1100543068906088,-.0144575930554921,-.0854961968737128,-.0667979267108436
evreg4,av_wind_speed,131.1463255009283,170.6975429689652,-.5237033480425729,.23368810180339,.2877572381712769,-.5791222628111361,1.420526842375764,1.29425869336407,2.262744076696721,1.989064955867665,2.511760414484061,0,1.662151205038599,-.2312907033751898,21.4517835407534,-.3423015562092169,-.0891424427102266,-.2236509793911027,.3596127009722692,.4743183767134187,-.0292323371869459,.3760862241841493,.193129594350769,.3941337944654086,-1.158325117880491,2.271340339158224,-1.04134235466917,-1.563052440786945,-1.106515109424102,-4.358173542617636,3.166508441674979,-1.13111600742433,1.894929342246548,-2.973106293601975,2.624663267611668,-2.709387785580214,.9332033075772026,2.200959170256865,1.638587753754849,5.537804256084508,-.1027391461625038,4.799880977008445,1.391903074059528
evreg4,1bn.relative_year_bin_aux#1.treat,6.94309173598104,170.6975429689652,-9.064672617034603,-4.389838451183732,-3.632546734549081,-2.303513900049092,-2.529203205124439,-2.422279767620017,-2.044570290709983,-1.866388778458665,-1.845701463134955,0,-2.450582229558909,.0151816234534011,-.3423015562092169,32.85847699526488,15.59854650033758,13.28671613037724,10.32118260720094,9.181976472515069,9.534864098913356,8.670216286493435,8.470452879715493,8.089763602486741,3.784330364904822,.5950833533565543,4.33320757450523,2.496755005169554,2.08635814800176,3.553515520227341,2.374091459675442,2.192765972423739,2.117588345237504,9.476307513163496,-28.73974108006053,-12.75802822765826,-13.96880803238853,-10.61034983513084,-8.548991709501678,-10.36571157594272,-8.560966798239264,-8.423862814753338,-8.11084852402684
evreg4,2.relative_year_bin_aux#1.treat,4.253169850544693,170.6975429689652,-5.695903945188707,-7.810832850397752,-3.330224670411209,-1.646419187482554,-1.220170742666863,-1.351082985090845,-1.361718291127157,-1.180211593567866,-1.154969775013062,0,-1.967754992686359,.0046034251918277,-.0891424427102266,15.59854650033758,25.89464350763978,14.08542273002561,6.68111855834559,7.303335256873779,7.01713674209307,7.175582989635477,6.720548429033055,6.256709380761382,1.072891098801101,3.746014986916441,3.446061934359896,1.57391449288104,.776509144433148,2.609663421493977,2.208635403434909,1.755506891866785,1.720283612834046,7.521173823718437,-12.73924256273306,-23.22691662015152,-14.38456103620558,-6.674511638729127,-6.524243860853161,-7.666414706103237,-7.306352153844103,-6.601526817377427,-6.248685975951028
evreg4,3.relative_year_bin_aux#1.treat,1.676904625915308,170.6975429689652,-3.984788491436417,-3.326929171222341,-5.809947649911557,-1.865400206141655,-2.134884792158381,-1.875026033517869,-1.344685659609648,-1.584372133346743,-1.410444622779763,0,-1.88297490726553,.0052978149739003,-.2236509793911027,13.28671613037724,14.08542273002561,20.4207208984914,9.313335247506126,9.825695788862477,9.850819616883781,8.715052614207988,9.214641399959861,8.692744060172897,1.891738122246581,1.092611828966306,5.597986472737784,1.719530408691717,2.000371248059514,2.7755864376286,2.288334822080519,2.1861296325307,2.0441236486057,9.069792334187818,-11.7705055042737,-12.54826400652955,-20.39071448976413,-9.255382343560351,-9.435581899314137,-10.2426730543791,-9.055819948028089,-9.17028201003601,-8.686530742633641
evreg4,4.relative_year_bin_aux#1.treat,3.789481727854803,170.6975429689652,-2.449221952137769,-1.696961941382,-1.865606620816785,-3.20525218072827,-1.062221728654896,-1.164542686865496,-.899038571937366,-.9566650263703179,-1.062383640222802,0,-1.503137231812754,-.0066735592919143,.3596127009722692,10.32118260720094,6.68111855834559,9.313335247506126,12.95360552508879,6.527091086890482,7.517198898634789,6.790371584627596,6.693565488566446,7.129234639901436,1.818870479668633,1.016218950933854,1.5643141041591,3.049277806216041,1.081141845716804,1.547793584987047,1.809422061198227,1.315887333719533,1.5795882697459,7.06164363397284,-9.761218986975784,-6.170638935499799,-9.099331171752382,-12.77139716615403,-6.23851191535795,-7.467749794163989,-7.122632944732251,-6.566398568860748,-7.069847273727756
evreg4,6.relative_year_bin_aux#1.treat,4.161073299003296,170.6975429689652,-2.789201018219168,-1.76840615923478,-2.478156755076483,-1.351776314206009,-5.957704773342911,-2.817015594539018,-2.098295095910896,-2.692277156265446,-1.903844399151467,0,-2.176776680655643,-.0066749530019184,.4743183767134187,9.181976472515069,7.303335256873779,9.825695788862477,6.527091086890482,16.29078677099722,6.928684803673711,7.377262948454419,7.411589345377115,7.018825050648673,2.39842499243911,1.507440369797758,2.932457593984811,1.428640801628008,5.842989970473379,2.873620510930431,2.655713331467801,2.941761072724264,2.207341718989208,7.307333263778527,-8.633560797690466,-7.067401274284723,-10.2079432481849,-6.523787249093839,-16.22740433864085,-7.046153591613723,-7.908305443349323,-7.594751154785018,-7.231568315920327
evreg4,7.relative_year_bin_aux#1.treat,-.3205218954840374,170.6975429689652,-2.943455976583477,-2.181148446534311,-2.553428824388377,-1.513827973411624,-2.595270035144729,-6.984139182679137,-1.782422022620203,-2.488472082467046,-2.776793801616376,0,-2.509442709874888,.000151858952306,-.0292323371869459,9.534864098913356,7.01713674209307,9.850819616883781,7.517198898634789,6.928684803673711,19.64676341155936,6.611673719835987,6.569818160852749,5.519129205515351,2.244209704140494,1.630140510718737,2.716959776972975,1.606919272838251,2.431259397109998,7.064528394310847,2.383118749679461,2.638208597807897,2.985785743373117,8.211194248031969,-8.861698366282194,-6.629948525921092,-10.04781964248429,-7.549095187160292,-6.730751371193679,-19.72262005067011,-7.186882823311749,-6.754857349840848,-5.673720669817659
evreg4,8.relative_year_bin_aux#1.treat,-1.433882773344523,170.6975429689652,-2.698100443038495,-2.217374169234472,-2.185716380382953,-1.386975801273893,-1.677315434553667,-1.342364279398315,-5.500467742603801,-1.816015589866345,-2.06919493506273,0,-1.770597451636452,-.0026701845348908,.3760862241841493,8.670216286493435,7.175582989635477,8.715052614207988,6.790371584627596,7.377262948454419,6.611673719835987,16.17450153088064,7.604270734702724,6.001412022947968,1.893169046135602,1.521277722680928,2.156886459100759,1.4955393812186,1.637618240287343,1.729929401519352,6.670085590691079,2.614351563946252,2.839169711091006,8.748743249649836,-7.938895561167112,-6.638926277883732,-8.82568968846576,-6.84110544889398,-7.074770212337233,-6.650274317343117,-16.8054388050185,-7.907493848631016,-6.258973546493072
evreg4,9.relative_year_bin_aux#1.treat,-3.049893439782713,170.6975429689652,-2.526748774709398,-2.099236619658804,-2.470526895223681,-1.445667739888123,-2.248987750965556,-1.54434174464725,-1.092951258658317,-4.354344531828531,-1.951631192015466,0,-2.532168809674748,.0060309542897901,.193129594350769,8.470452879715493,6.720548429033055,9.214641399959861,6.693565488566446,7.411589345377115,6.569818160852749,7.604270734702724,17.08827869053089,12.42233790925518,1.557565272558065,1.21944937856837,2.448593758101624,1.492359164434061,2.402582644466829,2.499496518734022,2.749821857846319,5.862783764716796,3.517145055809913,9.648039483161151,-7.518019911339993,-5.943284116355248,-9.206488304306161,-6.746565092092278,-7.144065152941915,-6.679362760187299,-8.043092149969441,-17.26815037693606,-12.60363874885466
evreg4,10.relative_year_bin_aux#1.treat,-5.543319571864037,170.6975429689652,-2.379455414594286,-1.94252745174842,-2.286930805325294,-1.615498131935773,-1.666521289981507,-2.053875535245071,-1.422466630590358,-1.971321907775835,-4.98275284836398,0,-2.40175811546334,.004638784590838,.3941337944654086,8.089763602486741,6.256709380761382,8.692744060172897,7.129234639901436,7.018825050648673,5.519129205515351,6.001412022947968,12.42233790925518,22.95877553809648,1.452318547307856,1.190011241726248,2.266559996788277,1.520654655450422,1.729240873684344,2.724705610059987,2.697813682009573,3.066199206813883,6.298261258386248,9.975164912820819,-6.989891236585641,-5.464872063013873,-8.607795831218684,-7.061344045066315,-6.797936246779217,-5.541841587675708,-6.140058608218005,-12.29045156783855,-23.00162430182055
evreg4,1bn.relative_year_bin_aux#1.rice_harvarea_aclvl_ahigh,4.454105671047059,170.6975429689652,1.366825316996023,1.068346368268615,-1.299442830037529,-1.742247712885067,-2.842309417006085,-2.463987188531483,-1.777511634992524,-1.363394795819615,-1.154802367847314,0,-23.60277405963923,.0017307782439928,-1.158325117880491,3.784330364904822,1.072891098801101,1.891738122246581,1.818870479668633,2.39842499243911,2.244209704140494,1.893169046135602,1.557565272558065,1.452318547307856,80.83098584388884,33.98197062375479,-.6148296591398542,11.57804448071693,18.65339411159122,13.32034693479472,21.53056821552735,15.07067736719129,13.97374481900093,23.41948896131862,-83.6629499088326,-33.72275886930164,-2.494415412091195,-11.47888887079312,-18.10099164778456,-12.38036089494923,-20.73071443693709,-13.5881742389426,-12.73151123024001
evreg4,2.relative_year_bin_aux#1.rice_harvarea_aclvl_ahigh,1.637909180620806,170.6975429689652,3.230710023677031,-1.234154849551624,.1953327962705442,-.7197852317839072,-3.431416114460657,-4.337975167674318,-4.330637045199921,-4.417259000163005,-4.17181803034654,0,-28.38884276384239,-.0556401578811751,2.271340339158224,.5950833533565543,3.746014986916441,1.092611828966306,1.016218950933854,1.507440369797758,1.630140510718737,1.521277722680928,1.21944937856837,1.190011241726248,33.98197062375479,92.73834980922474,12.02716972764169,24.47536119608299,30.107601401635,4.575823585974782,27.35574814435814,22.73342725676626,21.00953488029324,28.40869912460204,-33.27047248653566,-95.02384230610824,-14.5350805704384,-24.50136228756451,-30.96614566205078,-4.340896047585857,-27.2343117162915,-21.19198898735699,-20.40677447685845
evreg4,3.relative_year_bin_aux#1.rice_harvarea_aclvl_ahigh,20.85352306286396,170.6975429689652,-5.945438098365707,-3.871580367619395,-5.573232005731904,-1.501018941352584,-3.566101442114373,-3.559306089628675,-3.131314317033379,-3.536355462507033,-3.414575032804966,0,-16.60955362636016,.022698420592732,-1.04134235466917,4.33320757450523,3.446061934359896,5.597986472737784,1.5643141041591,2.932457593984811,2.716959776972975,2.156886459100759,2.448593758101624,2.266559996788277,-.6148296591398542,12.02716972764169,56.12312702278097,16.76043659781953,12.35157655235596,14.91153999614204,13.9073755290243,15.21422791998922,15.52189093111572,17.38991871704627,-1.913697372555939,-13.98572481464684,-57.9217028325536,-17.25760079828174,-13.18565167875844,-15.88989200235073,-14.65845867584878,-15.61548413042393,-15.65643462446504
evreg4,4.relative_year_bin_aux#1.rice_harvarea_aclvl_ahigh,-10.60228535886158,170.6975429689652,-2.775724296975508,-1.704066114832412,-1.768107816404701,-3.045399786890379,-1.267068850373342,-1.177839314461555,-.8787654199633174,-.6685061542587044,-.6469866676120368,0,-18.3869828806262,.0241451300225268,-1.563052440786945,2.496755005169554,1.57391449288104,1.719530408691717,3.049277806216041,1.428640801628008,1.606919272838251,1.4955393812186,1.492359164434061,1.520654655450422,11.57804448071693,24.47536119608299,16.76043659781953,34.54109982343087,15.95278994029198,18.26407484052366,19.22347282813909,17.77959271455665,19.14756172890598,18.32120934727511,-11.34180580285698,-24.91612859776015,-17.19407786395387,-34.57813480761153,-16.14609021621788,-18.37792151010183,-19.27337589533787,-17.6597789971408,-18.59964642955173
evreg4,6.relative_year_bin_aux#1.rice_harvarea_aclvl_ahigh,-2.664206831964614,170.6975429689652,-.31509146493881,.2221433897313961,-1.419679760374632,-.8821883760599222,-7.569236830303837,-4.999391881694578,-4.705250352093231,-5.611885350212567,-4.903753302985685,0,-16.30014913545138,.0114252844211229,-1.106515109424102,2.08635814800176,.776509144433148,2.000371248059514,1.081141845716804,5.842989970473379,2.431259397109998,1.637618240287343,2.402582644466829,1.729240873684344,18.65339411159122,30.107601401635,12.35157655235596,15.95278994029198,35.2336639548197,11.51956433971121,11.86407285555164,13.87541199835401,13.77303168075903,16.58377597667971,-17.96727018425295,-30.07765252928441,-12.13514411711886,-15.71118577755321,-35.46747761264977,-11.69448890055464,-11.44097636718174,-14.28009659464974,-14.18013193165374
evreg4,7.relative_year_bin_aux#1.rice_harvarea_aclvl_ahigh,-15.96998300342984,170.6975429689652,-4.544884329518216,-3.535114589221137,-3.458389900227015,-1.638176504791656,-2.087568216736344,-5.589559065348022,-.1464431592639646,-.7059745233157431,-1.006240073533502,0,-14.62219275541482,.0709866963276529,-4.358173542617636,3.553515520227341,2.609663421493977,2.7755864376286,1.547793584987047,2.873620510930431,7.064528394310847,1.729929401519352,2.499496518734022,2.724705610059987,13.32034693479472,4.575823585974782,14.91153999614204,18.26407484052366,11.51956433971121,46.61942614498462,21.86926094795591,7.55785483757446,14.24886417921984,15.00418096264416,-13.42465773240085,-4.728673488975349,-14.83715724639023,-18.26189918632759,-11.85566362827755,-46.70396173801633,-21.75035094085514,-8.210108647770241,-15.19057394116786
evreg4,8.relative_year_bin_aux#1.rice_harvarea_aclvl_ahigh,-1.423166527085668,170.6975429689652,-4.711799374392016,-4.133138911858429,-3.718380220088637,-2.327435602077495,3.15300933426434,6.88150307202123,5.466978865107865,10.77862464671334,11.121500468128,0,-24.81027961784564,-.0396074333844814,3.166508441674979,2.374091459675442,2.208635403434909,2.288334822080519,1.809422061198227,2.655713331467801,2.383118749679461,6.670085590691079,2.749821857846319,2.697813682009573,21.53056821552735,27.35574814435814,13.9073755290243,19.22347282813909,11.86407285555164,21.86926094795591,92.56948571052267,29.55457334803039,26.06648875954561,23.91400581306182,-20.02755412740716,-27.45263781136052,-13.65488079231199,-18.47715713352259,-12.08102967953367,-20.99292203056649,-90.97410623100602,-28.05257323323196,-25.7317150970392
evreg4,9.relative_year_bin_aux#1.rice_harvarea_aclvl_ahigh,-33.50082576548675,170.6975429689652,-2.431078898157929,-2.084776821392433,-2.596798984291795,-1.464189093383953,-1.224331381617293,.5170852236772039,1.701764449619774,-.7650915122679539,2.301454545802431,0,-18.52589356075901,.0326335719611401,-1.13111600742433,2.192765972423739,1.755506891866785,2.1861296325307,1.315887333719533,2.941761072724264,2.638208597807897,2.614351563946252,5.862783764716796,3.066199206813883,15.07067736719129,22.73342725676626,15.21422791998922,17.77959271455665,13.87541199835401,7.55785483757446,29.55457334803039,53.7129719391553,30.59887244284738,18.55594365170346,-14.4054996607792,-23.0868323782157,-14.67066084754242,-17.00427378140225,-13.92614834740993,-7.535280388886427,-29.55766706758144,-53.61993364742912,-31.42117929111655
evreg4,10.relative_year_bin_aux#1.rice_harvarea_aclvl_ahigh,-3.114003293698705,170.6975429689652,-2.63411531063687,-2.163826544093316,-2.499464286647014,-1.729576411571602,-.335935191842356,.1085259093834268,1.241758643414794,1.044269112073309,-1.296913475151341,0,-18.81774833205427,-.0107052164369719,1.894929342246548,2.117588345237504,1.720283612834046,2.0441236486057,1.5795882697459,2.207341718989208,2.985785743373117,2.839169711091006,3.517145055809913,6.298261258386248,13.97374481900093,21.00953488029324,15.52189093111572,19.14756172890598,13.77303168075903,14.24886417921984,26.06648875954561,30.59887244284738,49.36225998652494,19.17373347470065,-13.91897045632691,-21.84891530963291,-14.73288762854206,-18.22589537921093,-13.81198346462267,-14.08509994703521,-25.75260071023744,-30.15827376530989,-50.16792342206939
evreg4,1.treat#1.rice_harvarea_aclvl_ahigh,-96.83221157169525,170.6975429689652,-1.777532356123823,-1.868811177918713,-2.248014852909166,-1.550192143104961,-2.272352736555599,-2.376050923866522,-1.466171212025746,-1.536642202226323,-1.450576677922324,0,-380.9971836934591,.0844965211533965,-2.973106293601975,9.476307513163496,7.521173823718437,9.069792334187818,7.06164363397284,7.307333263778527,8.211194248031969,8.748743249649836,9.648039483161151,9.975164912820819,23.41948896131862,28.40869912460204,17.38991871704627,18.32120934727511,16.58377597667971,15.00418096264416,23.91400581306182,18.55594365170346,19.17373347470065,462.5299790972601,-55.55775896746707,-72.24125764480073,-52.60440497851821,-45.51661719224933,-40.42414024177012,-35.18364615914562,-54.1206058421459,-46.51380124074361,-48.04520489648726
evreg4,1bn.relative_year_bin_aux#1.treat#1.rice_harvarea_aclvl_ahigh,25.07921469302028,170.6975429689652,-1.220028011582035,-.9594275883574516,1.575332149637264,1.653028240749599,2.853110996360809,2.401973802140085,1.868774190129305,1.435424542471667,1.175146495716386,0,24.14502616888736,-.0742622088103423,2.624663267611668,-28.73974108006053,-12.73924256273306,-11.7705055042737,-9.761218986975784,-8.633560797690466,-8.861698366282194,-7.938895561167112,-7.518019911339993,-6.989891236585641,-83.6629499088326,-33.27047248653566,-1.913697372555939,-11.34180580285698,-17.96727018425295,-13.42465773240085,-20.02755412740716,-14.4054996607792,-13.91897045632691,-55.55775896746707,211.118349652798,71.90460023659695,41.78152228305974,34.40898387839258,38.6919365073431,30.47772914175524,45.22156230721959,32.3216540174823,32.44701294168888
evreg4,2.relative_year_bin_aux#1.treat#1.rice_harvarea_aclvl_ahigh,21.43581548804984,170.6975429689652,-.7495245308149865,3.256623770132238,1.078571131019671,.9675908355770776,2.335021991428015,2.518115502520299,2.552112005006644,2.385986932613056,2.209784833017169,0,29.821339366289,-.0099771308185774,-2.709387785580214,-12.75802822765826,-23.22691662015152,-12.54826400652955,-6.170638935499799,-7.067401274284723,-6.629948525921092,-6.638926277883732,-5.943284116355248,-5.464872063013873,-33.72275886930164,-95.02384230610824,-13.98572481464684,-24.91612859776015,-30.07765252928441,-4.728673488975349,-27.45263781136052,-23.0868323782157,-21.84891530963291,-72.24125764480073,71.90460023659695,241.4555755206931,68.02890443236272,61.9571573440164,72.71979168134271,21.37141625361638,67.70894709897908,56.04208432931397,54.19452077749883
evreg4,3.relative_year_bin_aux#1.treat#1.rice_harvarea_aclvl_ahigh,.9943741805188644,170.6975429689652,6.019996344433202,4.287522135755969,6.072895750561538,1.600843856137846,3.317787276781673,3.204572245807934,2.898251786719533,3.181039659361133,3.114973767670338,0,18.16219844780688,-.0583150770426397,.9332033075772026,-13.96880803238853,-14.38456103620558,-20.39071448976413,-9.099331171752382,-10.2079432481849,-10.04781964248429,-8.82568968846576,-9.206488304306161,-8.607795831218684,-2.494415412091195,-14.5350805704384,-57.9217028325536,-17.19407786395387,-12.13514411711886,-14.83715724639023,-13.65488079231199,-14.67066084754242,-14.73288762854206,-52.60440497851821,41.78152228305974,68.02890443236272,136.7505271712271,52.98933132054628,40.06159987924693,46.0249965834324,45.2915804146959,44.15795804309307,43.0860352554585
evreg4,4.relative_year_bin_aux#1.treat#1.rice_harvarea_aclvl_ahigh,14.08573040287625,170.6975429689652,2.695773064361478,1.841166479263549,1.884215706161849,3.027369442012265,1.638055980504571,1.669196137842675,1.497051114356474,1.383921384590272,1.406980753727645,0,18.21704885156138,-.0415927013779446,2.200959170256865,-10.61034983513084,-6.674511638729127,-9.255382343560351,-12.77139716615403,-6.523787249093839,-7.549095187160292,-6.84110544889398,-6.746565092092278,-7.061344045066315,-11.47888887079312,-24.50136228756451,-17.25760079828174,-34.57813480761153,-15.71118577755321,-18.26189918632759,-18.47715713352259,-17.00427378140225,-18.22589537921093,-45.51661719224933,34.40898387839258,61.9571573440164,52.98933132054628,82.45606740251031,40.59461194796592,43.90545069051894,47.96566810230192,42.49346370172234,43.38503514825638
evreg4,6.relative_year_bin_aux#1.treat#1.rice_harvarea_aclvl_ahigh,6.535269673469118,170.6975429689652,.83432846765352,.330124037886056,1.747193962780889,.906284844279489,7.721711804024933,5.150999015342352,5.036290161163946,5.943538445685641,5.306726616131067,0,16.98907401182434,-.0361354739137169,1.638587753754849,-8.548991709501678,-6.524243860853161,-9.435581899314137,-6.23851191535795,-16.22740433864085,-6.730751371193679,-7.074770212337233,-7.144065152941915,-6.797936246779217,-18.10099164778456,-30.96614566205078,-13.18565167875844,-16.14609021621788,-35.46747761264977,-11.85566362827755,-12.08102967953367,-13.92614834740993,-13.81198346462267,-40.42414024177012,38.6919365073431,72.71979168134271,40.06159987924693,40.59461194796592,76.31111338860538,29.41747586570598,38.02060909316555,35.72631348297333,35.36511885151999
evreg4,7.relative_year_bin_aux#1.treat#1.rice_harvarea_aclvl_ahigh,34.09343389959002,170.6975429689652,4.493347984870947,3.644629644762075,3.567422541001462,1.522938594322807,2.7555380145265,6.62414546301031,1.649094377294095,2.366344779307855,2.915337308619907,0,14.54426469774069,-.1100543068906088,5.537804256084508,-10.36571157594272,-7.666414706103237,-10.2426730543791,-7.467749794163989,-7.046153591613723,-19.72262005067011,-6.650274317343117,-6.679362760187299,-5.541841587675708,-12.38036089494923,-4.340896047585857,-15.88989200235073,-18.37792151010183,-11.69448890055464,-46.70396173801633,-20.99292203056649,-7.535280388886427,-14.08509994703521,-35.18364615914562,30.47772914175524,21.37141625361638,46.0249965834324,43.90545069051894,29.41747586570598,88.1441374896561,42.05575975541144,24.13748999570526,35.6938312592961
evreg4,8.relative_year_bin_aux#1.treat#1.rice_harvarea_aclvl_ahigh,36.46979364058761,170.6975429689652,4.869906161465226,4.380874595726447,3.870508832165169,2.149226646743147,-2.284437675578554,-5.535812830667521,-3.531673903622067,-8.681260569401218,-8.814018964456167,0,25.01059855664165,-.0144575930554921,-.1027391461625038,-8.560966798239264,-7.306352153844103,-9.055819948028089,-7.122632944732251,-7.908305443349323,-7.186882823311749,-16.8054388050185,-8.043092149969441,-6.140058608218005,-20.73071443693709,-27.2343117162915,-14.65845867584878,-19.27337589533787,-11.44097636718174,-21.75035094085514,-90.97410623100602,-29.55766706758144,-25.75260071023744,-54.1206058421459,45.22156230721959,67.70894709897908,45.2915804146959,47.96566810230192,38.02060909316555,42.05575975541144,155.1380153599502,52.96945973981475,50.17419363989698
evreg4,9.relative_year_bin_aux#1.treat#1.rice_harvarea_aclvl_ahigh,56.41685018289857,170.6975429689652,3.048149433260199,2.735140663017652,3.140817610114683,1.434230503779026,1.534526935017377,-.2643005992414826,-1.291625731521157,1.197981660207968,-1.482059316547934,0,19.03390603531841,-.0854961968737128,4.799880977008445,-8.423862814753338,-6.601526817377427,-9.17028201003601,-6.566398568860748,-7.594751154785018,-6.754857349840848,-7.907493848631016,-17.26815037693606,-12.29045156783855,-13.5881742389426,-21.19198898735699,-15.61548413042393,-17.6597789971408,-14.28009659464974,-8.210108647770241,-28.05257323323196,-53.61993364742912,-30.15827376530989,-46.51380124074361,32.3216540174823,56.04208432931397,44.15795804309307,42.49346370172234,35.72631348297333,24.13748999570526,52.96945973981475,110.2113708173094,66.00271904830488
evreg4,10.relative_year_bin_aux#1.treat#1.rice_harvarea_aclvl_ahigh,44.05992953894762,170.6975429689652,3.103679009815918,2.687179912730776,3.013375387236183,1.644352609184002,1.022146443867172,.5008255795154272,-.6691276085904373,-.8441737760629382,1.918565522023841,0,19.78333003743954,-.0667979267108436,1.391903074059528,-8.11084852402684,-6.248685975951028,-8.686530742633641,-7.069847273727756,-7.231568315920327,-5.673720669817659,-6.258973546493072,-12.60363874885466,-23.00162430182055,-12.73151123024001,-20.40677447685845,-15.65643462446504,-18.59964642955173,-14.18013193165374,-15.19057394116786,-25.7317150970392,-31.42117929111655,-50.16792342206939,-48.04520489648726,32.44701294168888,54.19452077749883,43.0860352554585,43.38503514825638,35.36511885151999,35.6938312592961,50.17419363989698,66.00271904830488,113.8881554234568
