reg,var,beta,ymean,cov1,cov2,cov3,cov4,cov5,cov6,cov7,cov8,cov9,cov10,cov11,cov12,cov13,cov14,cov15,cov16,cov17,cov18,cov19,cov20,cov21
evreg1,1bn.relative_year_bin_aux,-22.9756017296371,138.9068534805163,7.71442809567916,1.337428073599909,1.060704796806908,1.646423645642836,.1974243636626076,1.008402105112046,1.826076883793347,1.65880044612632,.322992713801721,0,.0102481673060374,-1.141286880724977,9.225619155524866,.4388201827729457,.759994979009689,2.446543019895909,.0903580187560967,3.242412458482694,3.171024218166532,3.41195487757298,2.333784454907909
evreg1,2.relative_year_bin_aux,-13.27561221153586,138.9068534805163,1.337428073599909,1.272036175782791,.7214986558605931,.7636670949639532,.1425692511516654,.5362415271043952,.8946031960483526,1.028390809692761,.4442602404308428,0,.0060282423582547,-.7293520118685445,1.807407899994186,1.01725929805266,-.4862812294416453,-.5217585003890286,-1.153104370574657,-.7903651486239757,.1722862615543713,.8450716426906966,1.532209146933085
evreg1,3.relative_year_bin_aux,-4.622857243629797,138.9068534805163,1.060704796806908,.7214986558605931,1.095367361920627,.9684305429251281,.57935577551985,.9008679026786763,1.082811610924257,1.141895028532821,.4640325901066303,0,.0031559757148328,-.464334084791708,1.758080741448986,-.5347634371276007,.2566699118992994,.2881782191191523,-.145750966193928,.5814365684825649,.8048091329118201,.8815316819297683,.3240573553306303
evreg1,4.relative_year_bin_aux,-11.49129645172223,138.9068534805163,1.646423645642836,.7636670949639532,.9684305429251281,1.665054801000732,.6906599147887763,1.271580938583132,1.312359302533244,1.56558409282119,.2511767268596435,0,.0037203742402465,-.5016272653547158,2.54794440133262,-.8499536561267086,.3006211067145619,1.223847799278898,.284580573338748,1.910569504725113,1.359041721966504,.8858021562227807,.0873383934643223
evreg1,6.relative_year_bin_aux,28.87824577479926,138.9068534805163,.1974243636626076,.1425692511516654,.57935577551985,.6906599147887763,1.422746709539754,1.197011945678622,.559193275745256,.3981507366318616,-.5844013798476123,0,-.0055948454096554,.6614949039027299,.1981002784489538,-1.380869839171174,.2584894282940249,.7712177889446272,.4031438082551577,1.407739181011981,.4509471224433347,-.1525128628636696,-1.109327835827369
evreg1,7.relative_year_bin_aux,6.328866048219442,138.9068534805163,1.008402105112046,.5362415271043952,.9008679026786763,1.271580938583132,1.197011945678622,1.863435481897307,1.291628833968175,1.174579111561187,-.2955100534713364,0,-.0010743985170832,.1728679821920099,2.059729087604278,-1.271358814537273,.2865514491612454,1.705270963559059,.43980043890924,2.575593114982444,1.196233589655234,.5954188787286729,-.7081716532677107
evreg1,8.relative_year_bin_aux,-26.41715508958734,138.9068534805163,1.826076883793347,.8946031960483526,1.082811610924257,1.312359302533244,.559193275745256,1.291628833968175,2.077052970124701,2.051066307967226,1.160682976212253,0,.0111928790129769,-.3747098554646052,3.264019777387742,-.6158355902192741,.1941204885322614,.8602556427797152,-.0731509476045586,1.310445240124059,1.487950883962677,1.719191051955694,.8794990258566376
evreg1,9.relative_year_bin_aux,-17.44863416714227,138.9068534805163,1.65880044612632,1.028390809692761,1.141895028532821,1.56558409282119,.3981507366318616,1.174579111561187,2.051066307967226,3.077939266596454,1.957886064390834,0,.0146641122210183,-.3487789448838817,2.658744085588197,-.387581349608788,.1433837036118956,.0208459117231674,-.312758385995104,.6088864816776711,1.564172170208902,1.729288805818495,1.823852631010749
evreg1,10.relative_year_bin_aux,-26.86683047745117,138.9068534805163,.322992713801721,.4442602404308428,.4640325901066303,.2511767268596435,-.5844013798476123,-.2955100534713364,1.160682976212253,1.957886064390834,8.849918651331977,0,.0203297901440414,-.1165465926702431,.4210144932751373,.5312159509457762,-.9740925518006855,-1.442865000390898,-.7957362548216361,-2.01111739908246,-.6326937323803798,.1715380335106124,-.3988741798330737
evreg1,1o.treat,0,138.9068534805163,0,0,0,0,0,0,0,0,0,0,0,0,0,0,0,0,0,0,0,0,0
evreg1,wind_direction,-.7185963265789073,138.9068534805163,.0102481673060374,.0060282423582547,.0031559757148328,.0037203742402465,-.0055948454096554,-.0010743985170832,.0111928790129769,.0146641122210183,.0203297901440414,0,.0002208742444719,-.006451946114107,.0428253026276594,.0148057517045947,.0058965638494783,-.0000235334256762,-.0089324696007227,-.0058161027185861,.0187617170646394,.0302647950508015,.0349013238362227
evreg1,av_wind_speed,96.88952552149804,138.9068534805163,-1.141286880724977,-.7293520118685445,-.464334084791708,-.5016272653547158,.6614949039027299,.1728679821920099,-.3747098554646052,-.3487789448838817,-.1165465926702431,0,-.006451946114107,5.403944299338267,-2.911171203673619,-.6781466882668469,.6231712161541352,.491862421073788,.7903580339840685,1.27689420479522,.0795435952378689,-.5320389441369273,-.162449884177452
evreg1,1bn.relative_year_bin_aux#1.treat,-149.2013892836293,138.9068534805163,9.225619155524866,1.807407899994186,1.758080741448986,2.54794440133262,.1981002784489538,2.059729087604278,3.264019777387742,2.658744085588197,.4210144932751373,0,.0428253026276594,-2.911171203673619,987.7158064727756,67.0376175591027,81.60427379213365,176.9957765090083,39.3035566115927,195.0457233484772,227.6373487431048,200.1956794337367,123.4952256508059
evreg1,2.relative_year_bin_aux#1.treat,-57.0461587694893,138.9068534805163,.4388201827729457,1.01725929805266,-.5347634371276007,-.8499536561267086,-1.380869839171174,-1.271358814537273,-.6158355902192741,-.387581349608788,.5312159509457762,0,.0148057517045947,-.6781466882668469,67.0376175591027,143.7274836636398,-4.599272737972432,.9784467684367475,-37.5218563414908,-26.46173114625722,1.026114440076177,21.32685802313938,23.79050522089001
evreg1,3.relative_year_bin_aux#1.treat,-12.25081230534251,138.9068534805163,.759994979009689,-.4862812294416453,.2566699118992994,.3006211067145619,.2584894282940249,.2865514491612454,.1941204885322614,.1433837036118956,-.9740925518006855,0,.0058965638494783,.6231712161541352,81.60427379213365,-4.599272737972432,98.39132160923074,62.2127627213339,42.24324694920812,71.82524430933572,71.03259963672008,67.53632960039425,37.20735684993993
evreg1,4.relative_year_bin_aux#1.treat,-9.011999524405446,138.9068534805163,2.446543019895909,-.5217585003890286,.2881782191191523,1.223847799278898,.7712177889446272,1.705270963559059,.8602556427797152,.0208459117231674,-1.442865000390898,0,-.0000235334256762,.491862421073788,176.9957765090083,.9784467684367475,62.2127627213339,143.2371125323294,47.5263999939877,141.2150818455031,104.3913517985963,85.87660180710002,37.8154564757605
evreg1,6.relative_year_bin_aux#1.treat,55.72072253685221,138.9068534805163,.0903580187560967,-1.153104370574657,-.145750966193928,.284580573338748,.4031438082551577,.43980043890924,-.0731509476045586,-.312758385995104,-.7957362548216361,0,-.0089324696007227,.7903580339840685,39.3035566115927,-37.5218563414908,42.24324694920812,47.5263999939877,87.16964785546965,86.98014993144477,51.25324463201179,26.37413084768708,-14.59130990765057
evreg1,7.relative_year_bin_aux#1.treat,31.49801582987798,138.9068534805163,3.242412458482694,-.7903651486239757,.5814365684825649,1.910569504725113,1.407739181011981,2.575593114982444,1.310445240124059,.6088864816776711,-2.01111739908246,0,-.0058161027185861,1.27689420479522,195.0457233484772,-26.46173114625722,71.82524430933572,141.2150818455031,86.98014993144477,227.5134800183715,133.9298379787554,97.57082764150266,7.869175417017232
evreg1,8.relative_year_bin_aux#1.treat,-86.03598720699854,138.9068534805163,3.171024218166532,.1722862615543713,.8048091329118201,1.359041721966504,.4509471224433347,1.196233589655234,1.487950883962677,1.564172170208902,-.6326937323803798,0,.0187617170646394,.0795435952378689,227.6373487431048,1.026114440076177,71.03259963672008,104.3913517985963,51.25324463201179,133.9298379787554,158.5554485056671,150.5779731429373,70.08247298839748
evreg1,9.relative_year_bin_aux#1.treat,-133.9537006445242,138.9068534805163,3.41195487757298,.8450716426906966,.8815316819297683,.8858021562227807,-.1525128628636696,.5954188787286729,1.719191051955694,1.729288805818495,.1715380335106124,0,.0302647950508015,-.5320389441369273,200.1956794337367,21.32685802313938,67.53632960039425,85.87660180710002,26.37413084768708,97.57082764150266,150.5779731429373,193.8584726557566,127.6473898248596
evreg1,10.relative_year_bin_aux#1.treat,-204.5716391371109,138.9068534805163,2.333784454907909,1.532209146933085,.3240573553306303,.0873383934643223,-1.109327835827369,-.7081716532677107,.8794990258566376,1.823852631010749,-.3988741798330737,0,.0349013238362227,-.162449884177452,123.4952256508059,23.79050522089001,37.20735684993993,37.8154564757605,-14.59130990765057,7.869175417017232,70.08247298839748,127.6473898248596,373.8003560081959
evreg2,1bno.relative_year_bin_aux,0,138.9068534805163,0,0,0,0,0,0,0,0,0,0,0,0,0,0,0,0,0,0,0,0,0
evreg2,2o.relative_year_bin_aux,0,138.9068534805163,0,0,0,0,0,0,0,0,0,0,0,0,0,0,0,0,0,0,0,0,0
evreg2,3o.relative_year_bin_aux,0,138.9068534805163,0,0,0,0,0,0,0,0,0,0,0,0,0,0,0,0,0,0,0,0,0
evreg2,4o.relative_year_bin_aux,0,138.9068534805163,0,0,0,0,0,0,0,0,0,0,0,0,0,0,0,0,0,0,0,0,0
evreg2,6o.relative_year_bin_aux,0,138.9068534805163,0,0,0,0,0,0,0,0,0,0,0,0,0,0,0,0,0,0,0,0,0
evreg2,7o.relative_year_bin_aux,0,138.9068534805163,0,0,0,0,0,0,0,0,0,0,0,0,0,0,0,0,0,0,0,0,0
evreg2,8o.relative_year_bin_aux,0,138.9068534805163,0,0,0,0,0,0,0,0,0,0,0,0,0,0,0,0,0,0,0,0,0
evreg2,9o.relative_year_bin_aux,0,138.9068534805163,0,0,0,0,0,0,0,0,0,0,0,0,0,0,0,0,0,0,0,0,0
evreg2,10o.relative_year_bin_aux,0,138.9068534805163,0,0,0,0,0,0,0,0,0,0,0,0,0,0,0,0,0,0,0,0,0
evreg2,1o.treat,0,138.9068534805163,0,0,0,0,0,0,0,0,0,0,0,0,0,0,0,0,0,0,0,0,0
evreg2,wind_direction,-.3830975621896042,138.9068534805163,0,0,0,0,0,0,0,0,0,0,.0001339468287899,-.0074442085308888,.0290161635674439,.0106680854955412,.0066028754076205,.0038564300448142,-.0045669776299834,.0030116521076044,.0175026069994777,.0258458706856185,.0276349201668885
evreg2,av_wind_speed,86.81105331400401,138.9068534805163,0,0,0,0,0,0,0,0,0,0,-.0074442085308888,21.9461421871864,-8.953450023166374,-1.574009418783078,-.4038195503197183,-.1648433215723448,1.598884505068658,1.070899847187571,-4.108692855924341,-6.418590091846665,-5.325732156462644
evreg2,1bn.relative_year_bin_aux#1.treat,-148.0241325807046,138.9068534805163,0,0,0,0,0,0,0,0,0,0,.0290161635674439,-8.953450023166374,921.8982820063577,67.90132960141132,66.06240514740308,147.8382845407395,30.3966666271789,167.3176658310919,204.9796162868662,181.1664108021229,101.6685770418257
evreg2,2.relative_year_bin_aux#1.treat,-61.00053420107007,138.9068534805163,0,0,0,0,0,0,0,0,0,0,.0106680854955412,-1.574009418783078,67.90132960141132,133.5508178821838,1.384113413529283,6.516166438116684,-29.26470757146366,-20.18593445453805,7.558823702750107,28.18956649791326,25.93342526873815
evreg2,3.relative_year_bin_aux#1.treat,-17.83168538072819,138.9068534805163,0,0,0,0,0,0,0,0,0,0,.0066028754076205,-.4038195503197183,66.06240514740308,1.384113413529283,88.687319792566,49.59809835551792,33.16785002216076,55.8959707911182,59.53067858696942,58.70064706817698,32.86826404517515
evreg2,4.relative_year_bin_aux#1.treat,-16.50932195533023,138.9068534805163,0,0,0,0,0,0,0,0,0,0,.0038564300448142,-.1648433215723448,147.8382845407395,6.516166438116684,49.59809835551792,112.203511462148,32.89697517585188,103.756602362453,84.7718976433402,70.97970841385154,27.09412832027559
evreg2,6.relative_year_bin_aux#1.treat,45.25494599511147,138.9068534805163,0,0,0,0,0,0,0,0,0,0,-.0045669776299834,1.598884505068658,30.3966666271789,-29.26470757146366,33.16785002216076,32.89697517585188,77.75676155141238,68.69607268737441,38.64616126940135,17.31951631651133,-18.28162333560057
evreg2,7.relative_year_bin_aux#1.treat,17.79551836678812,138.9068534805163,0,0,0,0,0,0,0,0,0,0,.0030116521076044,1.070899847187571,167.3176658310919,-20.18593445453805,55.8959707911182,103.756602362453,68.69607268737441,182.635455435271,110.3169452086451,79.71244465607842,-7.003487175659288
evreg2,8.relative_year_bin_aux#1.treat,-89.44282632247734,138.9068534805163,0,0,0,0,0,0,0,0,0,0,.0175026069994777,-4.108692855924341,204.9796162868662,7.558823702750107,59.53067858696942,84.7718976433402,38.64616126940135,110.3169452086451,143.6352845894797,138.8107111437408,62.24406673164048
evreg2,9.relative_year_bin_aux#1.treat,-141.2202901214509,138.9068534805163,0,0,0,0,0,0,0,0,0,0,.0258458706856185,-6.418590091846665,181.1664108021229,28.18956649791326,58.70064706817698,70.97970841385154,17.31951631651133,79.71244465607842,138.8107111437408,181.2226032932978,120.3294487557132
evreg2,10.relative_year_bin_aux#1.treat,-213.1239867407475,138.9068534805163,0,0,0,0,0,0,0,0,0,0,.0276349201668885,-5.325732156462644,101.6685770418257,25.93342526873815,32.86826404517515,27.09412832027559,-18.28162333560057,-7.003487175659288,62.24406673164048,120.3294487557132,366.877100532534
evreg3,1bn.relative_year_bin_aux,-100.086191464448,138.9068534805163,500.7581444264312,374.1281800516838,246.3877893143632,120.3715662134548,-133.1951351484672,-254.9842851819186,-372.9879879290564,-487.9310691328838,-578.0413756536598,0,.0425849717448022,-12.16937509458342,65.01797897088341,51.03819322001656,.1305388246374213,-16.26561551760886,-33.23913749903841,-47.37761680435214,-18.31821182882203,-6.811014848191372,4.586548140947861
evreg3,2.relative_year_bin_aux,-72.26798460759626,138.9068534805163,374.1281800516838,283.8786326608252,186.6002142574943,90.55762028470195,-101.2720280992956,-193.9734511342895,-283.7312995549978,-370.8042774746455,-439.0869183809261,0,.0306334655518954,-9.222487536954322,40.31882521364058,39.66792901232523,-1.154111749874763,-15.88447066072981,-27.15335378595895,-40.93318965404264,-16.66856932582428,-7.482930930269851,2.164809498828489
evreg3,3.relative_year_bin_aux,-44.0950721205122,138.9068534805163,246.3877893143632,186.6002142574943,123.1638895265262,59.79088735526224,-66.31178987515234,-127.2153538411126,-186.1643365271528,-243.4750359093164,-288.3671204508302,0,.0199512217272347,-6.131359109428276,27.23170415055215,25.77181606053469,-.4535851529571424,-10.59845840475391,-17.908494658972,-27.05576539537978,-10.77383825734601,-4.707683545461758,1.172906624233609
evreg3,4.relative_year_bin_aux,-31.53055337763442,138.9068534805163,120.3715662134548,90.55762028470195,59.79088735526224,29.99572836072717,-31.64401713817916,-60.52418386057391,-88.89926855378687,-116.1772815775335,-138.4449399757419,0,.012382620602061,-3.302092485490894,16.09791964580365,12.69075634059543,.0557794884158147,-4.126345647465109,-8.548033903871808,-11.81075274099457,-4.331848236718198,-1.641095552832005,1.210021736896041
evreg3,6.relative_year_bin_aux,47.2978457534605,138.9068534805163,-133.1951351484672,-101.2720280992956,-66.31178987515234,-31.64401713817916,37.75535250575554,71.10962461575117,103.0651209743758,134.3241581389821,157.8442994590263,0,-.0125638887546674,3.589535143435638,-11.91810939524606,-14.13642203422379,.5468014788876303,6.128559698870148,9.288752308236226,15.31148559634161,6.598011856779471,3.300422495087082,-.3766013040113471
evreg3,7.relative_year_bin_aux,41.57180928988772,138.9068534805163,-254.9842851819186,-193.9734511342895,-127.2153538411126,-60.52418386057391,71.10962461575117,136.2426168460123,198.175693557278,258.594313782287,304.3230960336016,0,-.0145421772987667,5.835419191869169,-21.17410556226364,-26.26027636722231,1.385296432818837,12.66719178641728,18.01709488962469,30.0825105016331,13.07438531764422,6.929613147297733,-.0917026263041872
evreg3,8.relative_year_bin_aux,26.0997623478863,138.9068534805163,-372.9879879290564,-283.7312995549978,-186.1643365271528,-88.89926855378687,103.0651209743758,198.175693557278,290.3795517759842,379.04079983514,447.0740555509583,0,-.0089901066560043,7.965520296309432,-31.07033055832899,-37.50357626970792,2.5029930819486,17.69479389624261,26.04154245602736,42.12518403499842,18.60719686201395,10.13675269775921,.1694345829615454
evreg3,9.relative_year_bin_aux,47.89044181039018,138.9068534805163,-487.9310691328838,-370.8042774746455,-243.4750359093164,-116.1772815775335,134.3241581389821,258.594313782287,379.04079983514,495.9324047964974,584.7961439507058,0,-.0101284064442951,10.43113675691791,-41.42073233833219,-48.51470847517493,3.3211123382348,22.5074915374882,33.7319736085916,54.21414165463194,24.04925128238477,12.72602696554533,.4751321632208363
evreg3,10.relative_year_bin_aux,46.40035592096579,138.9068534805163,-578.0413756536598,-439.0869183809261,-288.3671204508302,-138.4449399757419,157.8442994590263,304.3230960336016,447.0740555509583,584.7961439507058,696.7134034411595,0,-.0072636078166473,12.57866089706163,-50.44448169759127,-57.52472976206221,2.898455777802139,26.0957695153153,40.15822859271535,62.97863540153896,27.374684093916,14.3792826973122,-1.690107998644793
evreg3,1o.treat,0,138.9068534805163,0,0,0,0,0,0,0,0,0,0,0,0,0,0,0,0,0,0,0,0,0
evreg3,wind_direction,-.7193757476771613,138.9068534805163,.0425849717448022,.0306334655518954,.0199512217272347,.012382620602061,-.0125638887546674,-.0145421772987667,-.0089901066560043,-.0101284064442951,-.0072636078166473,0,.0002208279196218,-.0072546788799107,.0558434692218878,.0257650125901947,.0150819117754775,.0056062561730146,-.0114394360078322,-.0109198316727131,.0097594013953703,.017386923612938,.0185800921061836
evreg3,av_wind_speed,98.96943249514095,138.9068534805163,-12.16937509458342,-9.222487536954322,-6.131359109428276,-3.302092485490894,3.589535143435638,5.835419191869169,7.965520296309432,10.43113675691791,12.57866089706163,0,-.0072546788799107,5.623891226568039,-4.191312058328418,-1.543054217257132,.4643728328631554,.6585922542824303,1.367271908799562,2.155177341136958,.6169566918523181,-.0162438469353739,.3624250346187271
evreg3,1bn.relative_year_bin_aux#1.treat,-210.5274209141473,138.9068534805163,65.01797897088341,40.31882521364058,27.23170415055215,16.09791964580365,-11.91810939524606,-21.17410556226364,-31.07033055832899,-41.42073233833219,-50.44448169759127,0,.0558434692218878,-4.191312058328418,1279.798302920638,141.0287175372466,121.9168541527644,220.5192799979836,26.36652563644464,204.5711613701604,232.8302527133514,212.035039498198,148.0474214388483
evreg3,2.relative_year_bin_aux#1.treat,-128.0923874362771,138.9068534805163,51.03819322001656,39.66792901232523,25.77181606053469,12.69075634059543,-14.13642203422379,-26.26027636722231,-37.50357626970792,-48.51470847517493,-57.52472976206221,0,.0257650125901947,-1.543054217257132,141.0287175372466,166.3013680652147,13.70465607617617,17.45754216920138,-42.63951005729455,-24.45942807796116,6.560034060668422,24.51906715992615,16.98071761963722
evreg3,3.relative_year_bin_aux#1.treat,-65.80483246885652,138.9068534805163,.1305388246374213,-1.154111749874763,-.4535851529571424,.0557794884158147,.5468014788876303,1.385296432818837,2.5029930819486,3.3211123382348,2.898455777802139,0,.0150819117754775,.4643728328631554,121.9168541527644,13.70465607617617,106.2725247108653,66.70470213011261,37.74897740960275,67.41430320569671,71.0168344420866,68.74879763394115,50.5006443152642
evreg3,4.relative_year_bin_aux#1.treat,-35.91973254664883,138.9068534805163,-16.26561551760886,-15.88447066072981,-10.59845840475391,-4.126345647465109,6.128559698870148,12.66719178641728,17.69479389624261,22.5074915374882,26.0957695153153,0,.0056062561730146,.6585922542824303,220.5192799979836,17.45754216920138,66.70470213011261,144.9902979961347,44.95192255209992,137.8996828734817,104.379816189371,92.32133078132098,58.09655924056531
evreg3,6.relative_year_bin_aux#1.treat,72.43777689864332,138.9068534805163,-33.23913749903841,-27.15335378595895,-17.908494658972,-8.548033903871808,9.288752308236226,18.01709488962469,26.04154245602736,33.7319736085916,40.15822859271535,0,-.0114394360078322,1.367271908799562,26.36652563644464,-42.63951005729455,37.74897740960275,44.95192255209992,92.83443480074143,94.93495665045913,56.82657134624267,33.64864369622822,.9057109121729283
evreg3,7.relative_year_bin_aux#1.treat,62.1793141153775,138.9068534805163,-47.37761680435214,-40.93318965404264,-27.05576539537978,-11.81075274099457,15.31148559634161,30.0825105016331,42.12518403499842,54.21414165463194,62.97863540153896,0,-.0109198316727131,2.155177341136958,204.5711613701604,-24.45942807796116,67.41430320569671,137.8996828734817,94.93495665045913,236.3374317175177,134.5620798350612,103.1824820505589,33.59491999947437
evreg3,8.relative_year_bin_aux#1.treat,-41.87636314195466,138.9068534805163,-18.31821182882203,-16.66856932582428,-10.77383825734601,-4.331848236718198,6.598011856779471,13.07438531764422,18.60719686201395,24.04925128238477,27.374684093916,0,.0097594013953703,.6169566918523181,232.8302527133514,6.560034060668422,71.0168344420866,104.379816189371,56.82657134624267,134.5620798350612,140.8841506605144,127.7564884152408,62.3389992551114
evreg3,9.relative_year_bin_aux#1.treat,-76.88997291643312,138.9068534805163,-6.811014848191372,-7.482930930269851,-4.707683545461758,-1.641095552832005,3.300422495087082,6.929613147297733,10.13675269775921,12.72602696554533,14.3792826973122,0,.017386923612938,-.0162438469353739,212.035039498198,24.51906715992615,68.74879763394115,92.32133078132098,33.64864369622822,103.1824820505589,127.7564884152408,159.177644593515,102.2396992534256
evreg3,10.relative_year_bin_aux#1.treat,-133.6563203014948,138.9068534805163,4.586548140947861,2.164809498828489,1.172906624233609,1.210021736896041,-.3766013040113471,-.0917026263041872,.1694345829615454,.4751321632208363,-1.690107998644793,0,.0185800921061836,.3624250346187271,148.0474214388483,16.98071761963722,50.5006443152642,58.09655924056531,.9057109121729283,33.59491999947437,62.3389992551114,102.2396992534256,313.693879006703
evreg4,1bn.relative_year_bin_aux,-7.53534316195666,138.9068534805163,9.681932032792128,2.535716744822517,1.441019450760301,1.453448451048983,.680280736516095,1.889396611056141,2.02872574025415,.9847490241027426,-1.289159697776997,0,.0049083216632032,-1.191375691135173,9.582379877143046,.3137923989121759,.2175844336628909,2.802717122340373,.0161452319069441,3.504011286499852,2.528856094616252,2.637494664658869,1.668162637635054
evreg4,2.relative_year_bin_aux,5.50768243406861,138.9068534805163,2.535716744822517,1.987375912516035,1.121104113504465,.789412383525086,.4879658443270266,1.158023663851161,1.094203544672868,.5921865985845426,-.7587929030940529,0,.0001205561302996,-.6194145808756484,1.796302785323087,.8262904120446384,-.9528115901594416,-.2922001531370685,-1.004599612475514,-.2511300806910964,-.4678446479487024,-.175637967569715,.509220828016774
evreg4,3.relative_year_bin_aux,17.19202014386805,138.9068534805163,1.441019450760301,1.121104113504465,1.590933006549396,1.239905254576564,.9698289127913127,1.498226177905061,1.28169636888414,.952225204854409,-.2621079373741592,0,-.0041369950136203,-.0830149485853238,.6734475519809887,-1.107288300112603,-.0069112733140283,.5894231605400778,.2951416517707245,1.367342735160151,.1181750299597006,-.4708280140896801,-1.489439847793998
evreg4,4.relative_year_bin_aux,-6.390108476372476,138.9068534805163,1.453448451048983,.789412383525086,1.239905254576564,2.058983794134746,.8974873713536989,1.574118977312434,1.352120597211154,1.550877310719921,.2537768069453358,0,-.0012963085421033,-.1814915911622998,1.353519322512092,-1.517664752013121,.409716111917276,1.604275605182072,.9053799588479572,2.835691359952288,1.105348934666907,-.0202089397685956,-1.50285793166438
evreg4,6.relative_year_bin_aux,35.23866022046603,138.9068534805163,.680280736516095,.4879658443270266,.9698289127913127,.8974873713536989,1.773238641107105,1.61919657041,.9714927118596878,.6223127807915373,-.8058218691837121,0,-.0068359916194894,.6037900627576437,.4829060372006502,-1.470404618773879,-.0048935287824138,.8029225435158429,.3376071333665185,1.475478912270127,.2264378034809962,-.2592705657376805,-1.096446538369406
evreg4,7.relative_year_bin_aux,20.40951150154145,138.9068534805163,1.889396611056141,1.158023663851161,1.498226177905061,1.574118977312434,1.61919657041,2.523211976618571,1.730820936448459,1.194459472166051,-.8681310598679901,0,-.0056774674405073,.2724003559734551,1.958708838740465,-1.540994759840122,-.0686302747900424,1.965027082898253,.619691307388358,3.058060806450045,.6700694161351486,-.1942264730748674,-1.618356351084506
evreg4,8.relative_year_bin_aux,-8.348508386651929,138.9068534805163,2.02872574025415,1.094203544672868,1.28169636888414,1.352120597211154,.9714927118596878,1.730820936448459,2.074626223625836,1.711293396065603,.3004078407461558,0,.0049670009742271,-.0657152991958491,2.307883895919237,-1.1183638392302,-.0014667188929727,1.160499782661837,.3239547239009484,2.007385933174072,.9268296581631607,.6006900689430619,-.68388249216204
evreg4,9.relative_year_bin_aux,-10.84502149194079,138.9068534805163,.9847490241027426,.5921865985845426,.952225204854409,1.550877310719921,.6223127807915373,1.194459472166051,1.711293396065603,2.656848224831733,1.47707484817915,0,.0092576019329698,-.0235158458501488,1.440410450999922,-1.046440712684028,.2486286043302875,.4162694769803363,.3601827365461757,1.622040257085221,1.342423880693273,.8842668955510378,.2718204697688775
evreg4,10.relative_year_bin_aux,-30.5596397619934,138.9068534805163,-1.289159697776997,-.7587929030940529,-.2621079373741592,.2537768069453358,-.8058218691837121,-.8681310598679901,.3004078407461558,1.47707484817915,8.775448876837039,0,.0151211032437804,.2276017673403331,-1.013632719395245,-.1699496460405975,-.5461889345360517,-1.046462127720978,.2578601871498743,-.4791687360915071,-.5015976291729481,-.7819568266620209,-1.886745354973974
evreg4,1o.treat,0,138.9068534805163,0,0,0,0,0,0,0,0,0,0,0,0,0,0,0,0,0,0,0,0,0
evreg4,wind_direction,-.726580892799971,138.9068534805163,.0049083216632032,.0001205561302996,-.0041369950136203,-.0012963085421033,-.0068359916194894,-.0056774674405073,.0049670009742271,.0092576019329698,.0151211032437804,0,.0002202942250091,-.0065446859834125,.0428891785534148,.0154274464967909,.0059283226127268,.0001961540002992,-.0087642898480944,-.0055335411473743,.0192532874440436,.0313886579664069,.036197456714222
evreg4,av_wind_speed,96.47701555641058,138.9068534805163,-1.191375691135173,-.6194145808756484,-.0830149485853238,-.1814915911622998,.6037900627576437,.2724003559734551,-.0657152991958491,-.0235158458501488,.2276017673403331,0,-.0065446859834125,5.425360197922792,-2.964926424921004,-.7206599697391849,.6471094123519329,.5104058822758564,.871973918426287,1.342275963158769,.0761128294414266,-.6084729037250265,-.3005310789641041
evreg4,1bn.relative_year_bin_aux#1.treat,-152.5679912291698,138.9068534805163,9.582379877143046,1.796302785323087,.6734475519809887,1.353519322512092,.4829060372006502,1.958708838740465,2.307883895919237,1.440410450999922,-1.013632719395245,0,.0428891785534148,-2.964926424921004,987.5703761813271,67.37006672171631,78.53445915340168,180.2100751143087,39.87578308626698,195.4970934974199,224.274586056829,199.6908412033407,121.727430470141
evreg4,2.relative_year_bin_aux#1.treat,-61.18467664099865,138.9068534805163,.3137923989121759,.8262904120446384,-1.107288300112603,-1.517664752013121,-1.470404618773879,-1.540994759840122,-1.1183638392302,-1.046440712684028,-.1699496460405975,0,.0154274464967909,-.7206599697391849,67.37006672171631,142.9988552283525,-4.710439339997652,-.6258474114405752,-36.30596435447437,-26.33594452267251,-.4839240416512895,17.89741447578938,23.58884313332639
evreg4,3.relative_year_bin_aux#1.treat,-15.40813526768121,138.9068534805163,.2175844336628909,-.9528115901594416,-.0069112733140283,.409716111917276,-.0048935287824138,-.0686302747900424,-.0014667188929727,.2486286043302875,-.5461889345360517,0,.0059283226127268,.6471094123519329,78.53445915340168,-4.710439339997652,96.50309668869565,64.34951353508497,42.80127363748795,71.93315361270763,67.80713568207655,65.21145963297687,34.29617869364441
evreg4,4.relative_year_bin_aux#1.treat,-10.92696429959838,138.9068534805163,2.802717122340373,-.2922001531370685,.5894231605400778,1.604275605182072,.8029225435158429,1.965027082898253,1.160499782661837,.4162694769803363,-1.046462127720978,0,.0001961540002992,.5104058822758564,180.2100751143087,-.6258474114405752,64.34951353508497,151.4622070436775,49.71868595598568,146.4590351195631,106.9746866359527,89.23196607854636,36.16533668827739
evreg4,6.relative_year_bin_aux#1.treat,54.93971442516607,138.9068534805163,.0161452319069441,-1.004599612475514,.2951416517707245,.9053799588479572,.3376071333665185,.619691307388358,.3239547239009484,.3601827365461757,.2578601871498743,0,-.0087642898480944,.871973918426287,39.87578308626698,-36.30596435447437,42.80127363748795,49.71868595598568,87.28346140491551,88.00956782044786,52.45810914420412,28.01466117102522,-14.03066911507366
evreg4,7.relative_year_bin_aux#1.treat,24.22023960972642,138.9068534805163,3.504011286499852,-.2511300806910964,1.367342735160151,2.835691359952288,1.475478912270127,3.058060806450045,2.007385933174072,1.622040257085221,-.4791687360915071,0,-.0055335411473743,1.342275963158769,195.4970934974199,-26.33594452267251,71.93315361270763,146.4590351195631,88.00956782044786,228.0948109688791,133.1627149745101,97.30536350267504,5.122775176609409
evreg4,8.relative_year_bin_aux#1.treat,-93.68166868115237,138.9068534805163,2.528856094616252,-.4678446479487024,.1181750299597006,1.105348934666907,.2264378034809962,.6700694161351486,.9268296581631607,1.342423880693273,-.5015976291729481,0,.0192532874440436,.0761128294414266,224.274586056829,-.4839240416512895,67.80713568207655,106.9746866359527,52.45810914420412,133.1627149745101,152.3616821288972,145.4150602270538,64.35388774646268
evreg4,9.relative_year_bin_aux#1.treat,-137.6887828772416,138.9068534805163,2.637494664658869,-.175637967569715,-.4708280140896801,-.0202089397685956,-.2592705657376805,-.1942264730748674,.6006900689430619,.8842668955510378,-.7819568266620209,0,.0313886579664069,-.6084729037250265,199.6908412033407,17.89741447578938,65.21145963297687,89.23196607854636,28.01466117102522,97.30536350267504,145.4150602270538,191.8582206225978,123.8834051574852
evreg4,10.relative_year_bin_aux#1.treat,-205.6841539185548,138.9068534805163,1.668162637635054,.509220828016774,-1.489439847793998,-1.50285793166438,-1.096446538369406,-1.618356351084506,-.68388249216204,.2718204697688775,-1.886745354973974,0,.036197456714222,-.3005310789641041,121.727430470141,23.58884313332639,34.29617869364441,36.16533668827739,-14.03066911507366,5.122775176609409,64.35388774646268,123.8834051574852,376.2699385909139
evreg5,1bn.relative_year_bin_aux,-26.14392683177372,138.9068534805163,9.304325836721382,1.889783419510085,1.287961230899196,1.799986937207184,-.6125120075294201,-1.02993281298125,-.1638280374725088,-.2185718603583509,-1.034311400832465,0,.0124706107829587,-1.335288132306528,14.02623765166251,2.013401328830071,1.152325204925218,3.045480568643152,-1.238959080152277,.5335134464075058,.8093601056524534,1.863537038708498,1.405882915838622
evreg5,2.relative_year_bin_aux,-14.43373881375778,138.9068534805163,1.889783419510085,1.5093833286037,.8291246088067159,.8555929887049888,-.1824694906385244,-.4280825473246159,-.1815727942031188,-.0019391422857514,-.651609896394316,0,.0070356992002078,-.869076686862215,2.853840532667313,1.597468323190486,-.2805296296503062,-.3355599191149226,-1.532869209843872,-2.078787774580066,-1.310919749205872,-.4837564228891275,-.0400633248434466
evreg5,3.relative_year_bin_aux,-4.716695943696966,138.9068534805163,1.287961230899196,.8291246088067159,1.109565115586153,.9636356686128957,.4618557034903882,.6554903985207942,.903827464064058,1.023379789627783,.5475563204422542,0,.0037238042474919,-.5184666587542908,2.051289369865631,-.2147343893912875,.2266428949198076,.134744018623312,-.4455896970399663,-.4273293853106374,.0289237647848306,.2599224314029195,-.0083410998961326
evreg5,4.relative_year_bin_aux,-11.54962291595866,138.9068534805163,1.799986937207184,.8555929887049888,.9636356686128957,1.650573971786417,.6348075628009342,1.203835025762134,1.422883143016436,1.766784487857241,.8760298979842215,0,.0041658299159923,-.530491966235799,3.17787905920928,-.4278518053554595,.3020914432388933,1.116709655889714,-.1067954916452976,.8038329604903269,.8482546880503435,.6362961743186331,.5949863611457394
evreg5,6.relative_year_bin_aux,30.47071410246613,138.9068534805163,-.6125120075294201,-.1824694906385244,.4618557034903882,.6348075628009342,1.881626222485672,2.347138668298556,1.842686776777031,1.69707292302106,.8449712637773249,0,-.0074353989917285,.8424271795067514,-1.05102420411269,-2.131131070347557,.2445455453308019,.8872885506136753,1.005511483392631,2.589087629120041,1.889880660557625,1.023210730210173,.6445776238612679
evreg5,7.relative_year_bin_aux,9.419466984671729,138.9068534805163,-1.02993281298125,-.4280825473246159,.6554903985207942,1.203835025762134,2.347138668298556,4.67924346797964,4.340457196080221,4.185054020209122,3.200443369806097,0,-.0074961930829418,.7691644058264414,-.2450260112865588,-3.892064455897953,.6341681884786822,3.068957067385402,2.54807226708001,6.59697544713345,4.049298865997211,2.1052295875874,1.26892499427336
evreg5,8.relative_year_bin_aux,-25.05180423048562,138.9068534805163,-.1638280374725088,-.1815727942031188,.903827464064058,1.422883143016436,1.842686776777031,4.340457196080221,5.378777930404918,5.330246145307232,4.814896906518522,0,.003702351670477,.2775402951414699,1.749200916642552,-3.842907781775472,1.008448774428683,3.499429199642742,2.786702980987206,6.285405084928753,4.046474124534045,2.400964106820007,1.564024913473351
evreg5,9.relative_year_bin_aux,-18.06152052688596,138.9068534805163,-.2185718603583509,-.0019391422857514,1.023379789627783,1.766784487857241,1.69707292302106,4.185054020209122,5.330246145307232,6.222220508728151,5.435812784447847,0,.0077135590083409,.2302505980400982,1.98579716969286,-3.699864189981214,1.104776570612851,3.274590153670206,2.711327744936797,5.88465607953598,3.812344064585212,1.92190606999407,1.730294154953379
evreg5,10.relative_year_bin_aux,-31.58718700239076,138.9068534805163,-1.034311400832465,-.651609896394316,.5475563204422542,.8760298979842215,.8449712637773249,3.200443369806097,4.814896906518522,5.435812784447847,11.57975943040712,0,.0147747379867025,.3555277723598382,1.70497267897396,-3.300325533858996,.4309198608959509,3.032226340557362,2.890388937739965,5.49573509844207,3.268975126269763,1.809846778171443,.3214547695083965
evreg5,1o.treat,0,138.9068534805163,0,0,0,0,0,0,0,0,0,0,0,0,0,0,0,0,0,0,0,0,0
evreg5,wind_direction,-.7205306907296593,138.9068534805163,.0124706107829587,.0070356992002078,.0037238042474919,.0041658299159923,-.0074353989917285,-.0074961930829418,.003702351670477,.0077135590083409,.0147747379867025,0,.0002183983986711,-.007314061962189,.045207577898742,.0164498282918558,.0078141313889904,.0021106504393651,-.01059707690223,-.022927420539023,-.0068727447365177,.0036673202365168,.0063518927482332
evreg5,av_wind_speed,97.81257523004228,138.9068534805163,-1.335288132306528,-.869076686862215,-.5184666587542908,-.530491966235799,.8424271795067514,.7691644058264414,.2775402951414699,.2302505980400982,.3555277723598382,0,-.007314061962189,5.429700279901159,-3.235486156428172,-.8960729701540835,.6509862353981813,.6084978539389789,1.074699886372015,2.195372532356494,1.205980806530166,.5083985774394209,1.0301744294641
evreg5,1bn.relative_year_bin_aux#1.treat,-161.0551037337145,138.9068534805163,14.02623765166251,2.853840532667313,2.051289369865631,3.17787905920928,-1.05102420411269,-.2450260112865588,1.749200916642552,1.98579716969286,1.70497267897396,0,.045207577898742,-3.235486156428172,1129.293020010542,93.72844345255555,96.22591439529424,199.8327342319302,18.40433667849182,154.5323020796356,193.9542708945195,175.2296758500515,114.6182942689813
evreg5,2.relative_year_bin_aux#1.treat,-80.94384957225847,138.9068534805163,2.013401328830071,1.597468323190486,-.2147343893912875,-.4278518053554595,-2.131131070347557,-3.892064455897953,-3.842907781775472,-3.699864189981214,-3.300325533858996,0,.0164498282918558,-.8960729701540835,93.72844345255555,148.9266462137392,.6984824807791277,8.583303496467682,-37.60876831863916,-27.16023444321858,-11.22077108974207,4.742112563731659,.0743187659949438
evreg5,3.relative_year_bin_aux#1.treat,-34.7290832841059,138.9068534805163,1.152325204925218,-.2805296296503062,.2266428949198076,.3020914432388933,.2445455453308019,.6341681884786822,1.008448774428683,1.104776570612851,.4309198608959509,0,.0078141313889904,.6509862353981813,96.22591439529424,.6984824807791277,100.8709913851963,64.76808241244947,40.97599938266091,61.79971087990606,65.37745440398994,60.1027223013204,41.04135912825495
evreg5,4.relative_year_bin_aux#1.treat,-24.30341761739133,138.9068534805163,3.045480568643152,-.3355599191149226,.134744018623312,1.116709655889714,.8872885506136753,3.068957067385402,3.499429199642742,3.274590153670206,3.032226340557362,0,.0021106504393651,.6084978539389789,199.8327342319302,8.583303496467682,64.76808241244947,144.7853194622864,39.61616578103649,123.6895363362634,102.9139244721823,88.0124909968644,52.69778279592148
evreg5,6.relative_year_bin_aux#1.treat,69.07983770317232,138.9068534805163,-1.238959080152277,-1.532869209843872,-.4455896970399663,-.1067954916452976,1.005511483392631,2.54807226708001,2.786702980987206,2.711327744936797,2.890388937739965,0,-.01059707690223,1.074699886372015,18.40433667849182,-37.60876831863916,40.97599938266091,39.61616578103649,90.62650947975635,88.7226896786663,64.08077540963733,39.09689727722762,7.529388092861062
evreg5,7.relative_year_bin_aux#1.treat,106.0303135472601,138.9068534805163,.5335134464075058,-2.078787774580066,-.4273293853106374,.8038329604903269,2.589087629120041,6.59697544713345,6.285405084928753,5.88465607953598,5.49573509844207,0,-.022927420539023,2.195372532356494,154.5323020796356,-27.16023444321858,61.79971087990606,123.6895363362634,88.7226896786663,221.477159477034,137.682064045207,96.7532451626975,32.93881153340386
evreg5,8.relative_year_bin_aux#1.treat,17.81502701450793,138.9068534805163,.8093601056524534,-1.310919749205872,.0289237647848306,.8482546880503435,1.889880660557625,4.049298865997211,4.046474124534045,3.812344064585212,3.268975126269763,0,-.0068727447365177,1.205980806530166,193.9542708945195,-11.22077108974207,65.37745440398994,102.9139244721823,64.08077540963733,137.682064045207,142.9385518664006,120.8243754542582,55.13032163761135
evreg5,9.relative_year_bin_aux#1.treat,-27.12573550631525,138.9068534805163,1.863537038708498,-.4837564228891275,.2599224314029195,.6362961743186331,1.023210730210173,2.1052295875874,2.400964106820007,1.92190606999407,1.809846778171443,0,.0036673202365168,.5083985774394209,175.2296758500515,4.742112563731659,60.1027223013204,88.0124909968644,39.09689727722762,96.7532451626975,120.8243754542582,147.2814843750601,91.55953869126738
evreg5,10.relative_year_bin_aux#1.treat,-84.58407218237751,138.9068534805163,1.405882915838622,-.0400633248434466,-.0083410998961326,.5949863611457394,.6445776238612679,1.26892499427336,1.564024913473351,1.730294154953379,.3214547695083965,0,.0063518927482332,1.0301744294641,114.6182942689813,.0743187659949438,41.04135912825495,52.69778279592148,7.529388092861062,32.93881153340386,55.13032163761135,91.55953869126738,305.7146704583919
evreg6,1bn.relative_year_bin_aux,57.0035762092913,138.9068534805163,189.9393796868725,141.0886034309516,92.19465553906915,45.01709052597138,-51.93255361334879,-91.07898358323482,-117.5955621072324,-138.9828396747745,-157.8586524548675,0,-.000109696564469,-13.69677451580722,29.28875685464761,16.53094687297903,-10.35583333044715,-10.38195095941803,-13.47814683643229,-22.31433496989069,-18.46127203769955,-16.45980654743702,-26.4578479527391
evreg6,2.relative_year_bin_aux,76.30749116578747,138.9068534805163,141.0886034309516,113.1179626785516,74.34395161872459,35.16907749611649,-41.25228621984706,-73.56216291818149,-95.6316118584011,-113.3093238507629,-131.2742617113249,0,-.0061377014301734,-10.47900198347052,15.0331757079005,16.35546937843062,-9.403766573568083,-12.35036614080299,-11.71885481498423,-22.1796968690567,-16.92974054763306,-16.23971296574251,-25.98446144722266
evreg6,3.relative_year_bin_aux,78.714663663351,138.9068534805163,92.19465553906915,74.34395161872459,50.19871503513862,24.21339392815286,-26.25457098917446,-47.36063108233584,-62.38486027074559,-74.31286085071217,-87.64403873781013,0,-.0077379671146771,-6.598969919456236,9.429054253592497,10.37203810428569,-6.078570057809211,-8.616585771471243,-8.175616335814917,-15.02927246988478,-11.11411830989946,-10.92344112445891,-17.80945527888684
evreg6,4.relative_year_bin_aux,26.10599457367639,138.9068534805163,45.01709052597138,35.16907749611649,24.21339392815286,13.90932540788475,-12.01207904094749,-20.77961503883695,-27.72117129209145,-32.45673324934894,-39.49443293792796,0,-.0032311029631443,-3.520365536561623,6.94660427646645,3.715174575824156,-2.785129496653115,-2.725947339898113,-4.398834320995591,-5.485089634912895,-4.557165150210778,-4.453281865941205,-6.379394975113012
evreg6,6.relative_year_bin_aux,25.68928430335839,138.9068534805163,-51.93255361334879,-41.25228621984706,-26.25457098917446,-12.01207904094749,20.24100223155101,33.73449344408333,40.9739854746719,46.91587742445246,50.35064204845406,0,-.0098456992988148,4.663676823892962,-5.492596688753325,-6.916209312738621,3.128114760511704,4.967612912902166,4.22945115296938,10.21870632369175,6.986624944437176,6.552076109076514,12.6047311978145
evreg6,7.relative_year_bin_aux,-12.61396197947004,138.9068534805163,-91.07898358323482,-73.56216291818149,-47.36063108233584,-20.77961503883695,33.73449344408333,61.40211865269105,76.41425132508175,88.64992673477983,97.06992802260464,0,-.009600432384408,7.147167259125844,-5.05578660764619,-12.46207549019727,5.976709592145117,12.73283594242256,8.094297605765478,22.40847313002671,14.05033305104922,13.3947603302721,24.0855484684102
evreg6,8.relative_year_bin_aux,-72.45192166046941,138.9068534805163,-117.5955621072324,-95.6316118584011,-62.38486027074559,-27.72117129209145,40.9739854746719,76.41425132508175,98.54491580305427,116.1564010109875,130.3779910550447,0,.0043862044789418,8.345508858803578,-5.361382366961136,-15.91401381165186,7.630513890863998,15.8754204583363,10.5305483777338,27.65303159969278,17.6091921565137,16.78463873979333,29.35912721007037
evreg6,9.relative_year_bin_aux,-125.3319103954615,138.9068534805163,-138.9828396747745,-113.3093238507629,-74.31286085071217,-32.45673324934894,46.91587742445246,88.64992673477983,116.1564010109875,140.1502790023213,159.524360658333,0,.0169524476812748,9.516458681081945,-4.288583614683692,-18.54654125553923,8.590648589063786,18.43154889482656,11.97523116975526,31.7749075495909,20.36675290629804,19.20319858537977,34.3756257474871
evreg6,10.relative_year_bin_aux,-202.4042431652889,138.9068534805163,-157.8586524548675,-131.2742617113249,-87.64403873781013,-39.49443293792796,50.35064204845406,97.06992802260464,130.3779910550447,159.524360658333,199.603787646946,0,.0323169932605347,10.43531733874537,-2.065911893542277,-19.19846172269792,9.357438459637192,22.53413057606797,14.1345678420783,36.22584100566132,23.73467708114685,24.03606929700276,38.2155296549678
evreg6,1o.treat,0,138.9068534805163,0,0,0,0,0,0,0,0,0,0,0,0,0,0,0,0,0,0,0,0,0
evreg6,wind_direction,-.7463279792370111,138.9068534805163,-.000109696564469,-.0061377014301734,-.0077379671146771,-.0032311029631443,-.0098456992988148,-.009600432384408,.0043862044789418,.0169524476812748,.0323169932605347,0,.0002241233078132,-.0058869788311658,.0278952019045256,.0000775668811209,-.0016682675687289,-.0111923509960713,-.0073774926296883,-.0168562780650179,-.009831483039398,-.0136981069836993,-.0213463936888149
evreg6,av_wind_speed,89.26348939904928,138.9068534805163,-13.69677451580722,-10.47900198347052,-6.598969919456236,-3.520365536561623,4.663676823892962,7.147167259125844,8.345508858803578,9.516458681081945,10.43531733874537,0,-.0058869788311658,6.132878361101985,-3.221421307834253,-1.41802079667426,1.703635932095445,1.953605093545645,1.785921559590023,4.033166669692284,2.241769808131797,2.256142387571721,4.366761583627391
evreg6,1bn.relative_year_bin_aux#1.treat,-104.9273190740381,138.9068534805163,29.28875685464761,15.0331757079005,9.429054253592497,6.94660427646645,-5.492596688753325,-5.05578660764619,-5.361382366961136,-4.288583614683692,-2.065911893542277,0,.0278952019045256,-3.221421307834253,937.0525997729518,49.0352601645938,43.69954599893303,137.121552811959,12.37460496979594,127.017613871216,136.8295771239598,122.9761833122538,85.49682713028385
evreg6,2.relative_year_bin_aux#1.treat,-15.84085281560583,138.9068534805163,16.53094687297903,16.35546937843062,10.37203810428569,3.715174575824156,-6.916209312738621,-12.46207549019727,-15.91401381165186,-18.54654125553923,-19.19846172269792,0,.0000775668811209,-1.41802079667426,49.0352601645938,152.5525510276065,-6.294604751693818,-.0522182691087547,-23.20361085155112,-20.73407140401069,-6.773533576021409,-.3799879281082978,-17.54325619011324
evreg6,3.relative_year_bin_aux#1.treat,17.44238739890608,138.9068534805163,-10.35583333044715,-9.403766573568083,-6.078570057809211,-2.785129496653115,3.128114760511704,5.976709592145117,7.630513890863998,8.590648589063786,9.357438459637192,0,-.0016682675687289,1.703635932095445,43.69954599893303,-6.294604751693818,85.19928707428451,43.93813392273926,36.63965794896313,51.38414455099807,45.88068197296073,44.54000501599717,43.72994879093861
evreg6,4.relative_year_bin_aux#1.treat,34.22866016459751,138.9068534805163,-10.38195095941803,-12.35036614080299,-8.616585771471243,-2.725947339898113,4.967612912902166,12.73283594242256,15.8754204583363,18.43154889482656,22.53413057606797,0,-.0111923509960713,1.953605093545645,137.121552811959,-.0522182691087547,43.93813392273926,131.2631551451027,26.75521923201791,110.3665693400122,72.91956747167295,73.00385108897248,68.53152165643399
evreg6,6.relative_year_bin_aux#1.treat,48.62671583725611,138.9068534805163,-13.47814683643229,-11.71885481498423,-8.175616335814917,-4.398834320995591,4.22945115296938,8.094297605765478,10.5305483777338,11.97523116975526,14.1345678420783,0,-.0073774926296883,1.785921559590023,12.37460496979594,-23.20361085155112,36.63965794896313,26.75521923201791,76.7736130435797,60.81039220293078,46.5983544724672,33.35636044786327,19.4834957720362
evreg6,7.relative_year_bin_aux#1.treat,81.36439564082505,138.9068534805163,-22.31433496989069,-22.1796968690567,-15.02927246988478,-5.485089634912895,10.21870632369175,22.40847313002671,27.65303159969278,31.7749075495909,36.22584100566132,0,-.0168562780650179,4.033166669692284,127.017613871216,-20.73407140401069,51.38414455099807,110.3665693400122,60.81039220293078,176.0940437288673,100.6706122850542,91.26435101156902,67.05995532636996
evreg6,8.relative_year_bin_aux#1.treat,34.35128551548947,138.9068534805163,-18.46127203769955,-16.92974054763306,-11.11411830989946,-4.557165150210778,6.986624944437176,14.05033305104922,17.6091921565137,20.36675290629804,23.73467708114685,0,-.009831483039398,2.241769808131797,136.8295771239598,-6.773533576021409,45.88068197296073,72.91956747167295,46.5983544724672,100.6706122850542,105.9516146501898,98.46991545370277,65.47701391007362
evreg6,9.relative_year_bin_aux#1.treat,34.7800888919981,138.9068534805163,-16.45980654743702,-16.23971296574251,-10.92344112445891,-4.453281865941205,6.552076109076514,13.3947603302721,16.78463873979333,19.20319858537977,24.03606929700276,0,-.0136981069836993,2.256142387571721,122.9761833122538,-.3799879281082978,44.54000501599717,73.00385108897248,33.35636044786327,91.26435101156902,98.46991545370277,132.6539391746965,105.5092471985225
evreg6,10.relative_year_bin_aux#1.treat,5.60864526289643,138.9068534805163,-26.4578479527391,-25.98446144722266,-17.80945527888684,-6.379394975113012,12.6047311978145,24.0855484684102,29.35912721007037,34.3756257474871,38.2155296549678,0,-.0213463936888149,4.366761583627391,85.49682713028385,-17.54325619011324,43.72994879093861,68.53152165643399,19.4834957720362,67.05995532636996,65.47701391007362,105.5092471985225,332.1319286572932
evreg7,1bno.relative_year_bin_aux,0,138.9068534805163,0,0,0,0,0,0,0,0,0,0,0,0,0,0,0,0,0,0,0,0,0
evreg7,2o.relative_year_bin_aux,0,138.9068534805163,0,0,0,0,0,0,0,0,0,0,0,0,0,0,0,0,0,0,0,0,0
evreg7,3o.relative_year_bin_aux,0,138.9068534805163,0,0,0,0,0,0,0,0,0,0,0,0,0,0,0,0,0,0,0,0,0
evreg7,4o.relative_year_bin_aux,0,138.9068534805163,0,0,0,0,0,0,0,0,0,0,0,0,0,0,0,0,0,0,0,0,0
evreg7,6o.relative_year_bin_aux,0,138.9068534805163,0,0,0,0,0,0,0,0,0,0,0,0,0,0,0,0,0,0,0,0,0
evreg7,7o.relative_year_bin_aux,0,138.9068534805163,0,0,0,0,0,0,0,0,0,0,0,0,0,0,0,0,0,0,0,0,0
evreg7,8o.relative_year_bin_aux,0,138.9068534805163,0,0,0,0,0,0,0,0,0,0,0,0,0,0,0,0,0,0,0,0,0
evreg7,9o.relative_year_bin_aux,0,138.9068534805163,0,0,0,0,0,0,0,0,0,0,0,0,0,0,0,0,0,0,0,0,0
evreg7,10o.relative_year_bin_aux,0,138.9068534805163,0,0,0,0,0,0,0,0,0,0,0,0,0,0,0,0,0,0,0,0,0
evreg7,1o.treat,0,138.9068534805163,0,0,0,0,0,0,0,0,0,0,0,0,0,0,0,0,0,0,0,0,0
evreg7,wind_direction,-.3894955155755864,138.9068534805163,0,0,0,0,0,0,0,0,0,0,.0001371654258159,-.0087147285427182,.0398374451826128,.0200525255280242,.0128621138332795,.0070975157641921,-.0077279498075495,-.0030212151704409,.0090658669957621,.0152008895744606,.0152336775625593
evreg7,av_wind_speed,89.29385479446584,138.9068534805163,0,0,0,0,0,0,0,0,0,0,-.0087147285427182,22.25243999831299,-11.84859900025008,-4.020060014054889,-2.077814533302716,-1.02404538705012,2.561780568808273,2.878491968613417,-1.606284276740436,-3.200673637078991,-1.409012524763057
evreg7,1bn.relative_year_bin_aux#1.treat,-210.9570541648429,138.9068534805163,0,0,0,0,0,0,0,0,0,0,.0398374451826128,-11.84859900025008,1158.804337611673,129.7501399672276,98.50205807406233,181.6266346299386,17.02740968176625,172.3069499775435,206.9853282967197,189.2550620111019,115.9155210581695
evreg7,2.relative_year_bin_aux#1.treat,-131.0534691169679,138.9068534805163,0,0,0,0,0,0,0,0,0,0,.0200525255280242,-4.020060014054889,129.7501399672276,154.6504169445929,17.14829624797407,19.43514445252148,-35.17516763243503,-21.54073719458217,10.46865663817953,30.19881567239507,18.42712341890826
evreg7,3.relative_year_bin_aux#1.treat,-69.62719708895575,138.9068534805163,0,0,0,0,0,0,0,0,0,0,.0128621138332795,-2.077814533302716,98.50205807406233,17.14829624797407,95.34013706457418,53.01971224616194,28.76817993135608,51.08610827783928,59.01283068875055,59.90277500126187,43.38627159281245
evreg7,4.relative_year_bin_aux#1.treat,-42.44780035411546,138.9068534805163,0,0,0,0,0,0,0,0,0,0,.0070975157641921,-1.02404538705012,181.6266346299386,19.43514445252148,53.01971224616194,113.774600116371,30.13416124945651,100.6186072219605,84.2963775087606,75.16960325294573,42.08116892456019
evreg7,6.relative_year_bin_aux#1.treat,62.19139963047015,138.9068534805163,0,0,0,0,0,0,0,0,0,0,-.0077279498075495,2.561780568808273,17.02740968176625,-35.17516763243503,28.76817993135608,30.13416124945651,83.03454382842189,75.86498430776837,43.3791496327274,23.20035660430823,-6.679937217945664
evreg7,7.relative_year_bin_aux#1.treat,49.67890404030385,138.9068534805163,0,0,0,0,0,0,0,0,0,0,-.0030212151704409,2.878491968613417,172.3069499775435,-21.54073719458217,51.08610827783928,100.6186072219605,75.86498430776837,190.6699426243143,110.4431965844911,83.13367630061146,12.76640771155452
evreg7,8.relative_year_bin_aux#1.treat,-43.15169571962314,138.9068534805163,0,0,0,0,0,0,0,0,0,0,.0090658669957621,-1.606284276740436,206.9853282967197,10.46865663817953,59.01283068875055,84.2963775087606,43.3791496327274,110.4431965844911,126.7412499552114,117.1750204600886,52.30922845102813
evreg7,9.relative_year_bin_aux#1.treat,-82.31624304070235,138.9068534805163,0,0,0,0,0,0,0,0,0,0,.0152008895744606,-3.200673637078991,189.2550620111019,30.19881567239507,59.90277500126187,75.16960325294573,23.20035660430823,83.13367630061146,117.1750204600886,149.1886645075464,94.35219460307292
evreg7,10.relative_year_bin_aux#1.treat,-141.1016694130163,138.9068534805163,0,0,0,0,0,0,0,0,0,0,.0152336775625593,-1.409012524763057,115.9155210581695,18.42712341890826,43.38627159281245,42.08116892456019,-6.679937217945664,12.76640771155452,52.30922845102813,94.35219460307292,307.48883094223
evreg8,1bno.relative_year_bin_aux,0,138.9068534805163,0,0,0,0,0,0,0,0,0,0,0,0,0,0,0,0,0,0,0,0,0
evreg8,2o.relative_year_bin_aux,0,138.9068534805163,0,0,0,0,0,0,0,0,0,0,0,0,0,0,0,0,0,0,0,0,0
evreg8,3o.relative_year_bin_aux,0,138.9068534805163,0,0,0,0,0,0,0,0,0,0,0,0,0,0,0,0,0,0,0,0,0
evreg8,4o.relative_year_bin_aux,0,138.9068534805163,0,0,0,0,0,0,0,0,0,0,0,0,0,0,0,0,0,0,0,0,0
evreg8,6o.relative_year_bin_aux,0,138.9068534805163,0,0,0,0,0,0,0,0,0,0,0,0,0,0,0,0,0,0,0,0,0
evreg8,7o.relative_year_bin_aux,0,138.9068534805163,0,0,0,0,0,0,0,0,0,0,0,0,0,0,0,0,0,0,0,0,0
evreg8,8o.relative_year_bin_aux,0,138.9068534805163,0,0,0,0,0,0,0,0,0,0,0,0,0,0,0,0,0,0,0,0,0
evreg8,9o.relative_year_bin_aux,0,138.9068534805163,0,0,0,0,0,0,0,0,0,0,0,0,0,0,0,0,0,0,0,0,0
evreg8,10o.relative_year_bin_aux,0,138.9068534805163,0,0,0,0,0,0,0,0,0,0,0,0,0,0,0,0,0,0,0,0,0
evreg8,1o.treat,0,138.9068534805163,0,0,0,0,0,0,0,0,0,0,0,0,0,0,0,0,0,0,0,0,0
evreg8,wind_direction,-.3830975621883392,138.9068534805163,0,0,0,0,0,0,0,0,0,0,.000133946835907,-.0074442090360654,.0290161643772642,.0106680871200073,.0066028763291079,.0038564309147952,-.0045669788499096,.0030116517083426,.0175026076785418,.0258458714809195,.0276349213291279
evreg8,av_wind_speed,86.8110533139693,138.9068534805163,0,0,0,0,0,0,0,0,0,0,-.0074442090360654,21.94614326741702,-8.953450128147534,-1.574009766889709,-.4038197658806507,-.1648435043762991,1.598885072866431,1.070900440755862,-4.108692662400485,-6.41858989328238,-5.325732054607398
evreg8,1bn.relative_year_bin_aux#1.treat,-148.0241325799576,138.9068534805163,0,0,0,0,0,0,0,0,0,0,.0290161643772642,-8.953450128147534,921.8983189040343,67.90133122134294,66.06240740873375,147.8382930266762,30.39667133757788,167.3176832826847,204.97963353268,181.1664275510873,101.6685904182224
evreg8,2.relative_year_bin_aux#1.treat,-61.00053420041108,138.9068534805163,0,0,0,0,0,0,0,0,0,0,.0106680871200073,-1.574009766889709,67.90133122134294,133.5508258145156,1.384115736574013,6.516168178025028,-29.2647125064773,-20.18593996659945,7.558822908820252,28.18956822109038,25.93342652042061
evreg8,3.relative_year_bin_aux#1.treat,-17.83168537999824,138.9068534805163,0,0,0,0,0,0,0,0,0,0,.0066028763291079,-.4038197658806507,66.06240740873375,1.384115736574013,88.68732382464952,49.59810043876012,33.16785109007972,55.89597395705599,59.53068442933696,58.70065558358348,32.8682723171183
evreg8,4.relative_year_bin_aux#1.treat,-16.50932195459731,138.9068534805163,0,0,0,0,0,0,0,0,0,0,.0038564309147952,-.1648435043762991,147.8382930266762,6.516168178025028,49.59810043876012,112.2035177028789,32.89698011157324,103.7566146702585,84.77190982093495,70.97972232031472,27.09414107337776
evreg8,6.relative_year_bin_aux#1.treat,45.25494599587421,138.9068534805163,0,0,0,0,0,0,0,0,0,0,-.0045669788499096,1.598885072866431,30.39667133757788,-29.2647125064773,33.16785109007972,32.89698011157324,77.75676764446044,68.69608426601266,38.64616781829242,17.31952129265383,-18.28161991319686
evreg8,7.relative_year_bin_aux#1.treat,17.7955183674914,138.9068534805163,0,0,0,0,0,0,0,0,0,0,.0030116517083426,1.070900440755862,167.3176832826847,-20.18593996659945,55.89597395705599,103.7566146702585,68.69608426601266,182.6354851953364,110.3169660405804,79.71246432822191,-7.00347081367056
evreg8,8.relative_year_bin_aux#1.treat,-89.44282632187398,138.9068534805163,0,0,0,0,0,0,0,0,0,0,.0175026076785418,-4.108692662400485,204.97963353268,7.558822908820252,59.53068442933696,84.77190982093495,38.64616781829242,110.3169660405804,143.6353044029776,138.8107320396292,62.24408422594603
evreg8,9.relative_year_bin_aux#1.treat,-141.2202901207241,138.9068534805163,0,0,0,0,0,0,0,0,0,0,.0258458714809195,-6.41858989328238,181.1664275510873,28.18956822109038,58.70065558358348,70.97972232031472,17.31952129265383,79.71246432822191,138.8107320396292,181.2226285372519,120.3294711830805
evreg8,10.relative_year_bin_aux#1.treat,-213.1239867387807,138.9068534805163,0,0,0,0,0,0,0,0,0,0,.0276349213291279,-5.325732054607398,101.6685904182224,25.93342652042061,32.8682723171183,27.09414107337776,-18.28161991319686,-7.00347081367056,62.24408422594603,120.3294711830805,366.8771465149053
evreg9,1bno.relative_year_bin_aux,0,138.9068534805163,0,0,0,0,0,0,0,0,0,0,0,0,0,0,0,0,0,0,0,0,0
evreg9,2o.relative_year_bin_aux,0,138.9068534805163,0,0,0,0,0,0,0,0,0,0,0,0,0,0,0,0,0,0,0,0,0
evreg9,3o.relative_year_bin_aux,0,138.9068534805163,0,0,0,0,0,0,0,0,0,0,0,0,0,0,0,0,0,0,0,0,0
evreg9,4o.relative_year_bin_aux,0,138.9068534805163,0,0,0,0,0,0,0,0,0,0,0,0,0,0,0,0,0,0,0,0,0
evreg9,6o.relative_year_bin_aux,0,138.9068534805163,0,0,0,0,0,0,0,0,0,0,0,0,0,0,0,0,0,0,0,0,0
evreg9,7o.relative_year_bin_aux,0,138.9068534805163,0,0,0,0,0,0,0,0,0,0,0,0,0,0,0,0,0,0,0,0,0
evreg9,8o.relative_year_bin_aux,0,138.9068534805163,0,0,0,0,0,0,0,0,0,0,0,0,0,0,0,0,0,0,0,0,0
evreg9,9o.relative_year_bin_aux,0,138.9068534805163,0,0,0,0,0,0,0,0,0,0,0,0,0,0,0,0,0,0,0,0,0
evreg9,10o.relative_year_bin_aux,0,138.9068534805163,0,0,0,0,0,0,0,0,0,0,0,0,0,0,0,0,0,0,0,0,0
evreg9,1o.treat,0,138.9068534805163,0,0,0,0,0,0,0,0,0,0,0,0,0,0,0,0,0,0,0,0,0
evreg9,wind_direction,-.3871395748493432,138.9068534805163,0,0,0,0,0,0,0,0,0,0,.0001342371545333,-.0087811700466535,.0305749660247446,.0123862148240941,.0078229607834528,.0048959927671864,-.0068566714192826,-.0118726091146874,-.0024949915876724,.005686963950195,.006356906764024
evreg9,av_wind_speed,88.63554472198653,138.9068534805163,0,0,0,0,0,0,0,0,0,0,-.0087811700466535,22.11076533803026,-9.304949632737879,-1.90662548920007,-.6209812087804064,-.349954605405404,2.295536176777244,5.351684367216591,1.950623646103683,-.2541007019854596,1.303076433846149
evreg9,1bn.relative_year_bin_aux#1.treat,-161.4523968909335,138.9068534805163,0,0,0,0,0,0,0,0,0,0,.0305749660247446,-9.304949632737879,1037.07836921245,90.29811802642288,77.76753659353261,165.5106815712184,12.8186110187877,131.6873603471352,173.976256964125,159.0588740972907,91.10244127207838
evreg9,2.relative_year_bin_aux#1.treat,-84.91986479859344,138.9068534805163,0,0,0,0,0,0,0,0,0,0,.0123862148240941,-1.90662548920007,90.29811802642288,137.4563873026424,5.731669310994392,12.41347256212726,-28.51340227668233,-21.45931312358815,-5.723634840394976,11.90792775599411,1.93693801017291
evreg9,3.relative_year_bin_aux#1.treat,-40.17461072692841,138.9068534805163,0,0,0,0,0,0,0,0,0,0,.0078229607834528,-.6209812087804064,77.76753659353261,5.731669310994392,90.73841436440493,51.3251776356792,33.09147077575295,47.75545301602565,54.11836480931216,52.6138893000509,36.23445874062662
evreg9,4.relative_year_bin_aux#1.treat,-31.68356318949486,138.9068534805163,0,0,0,0,0,0,0,0,0,0,.0048959927671864,-.349954605405404,165.5106815712184,12.41347256212726,51.3251776356792,113.6075460846536,27.39823570248093,90.19650527051391,82.40266007679568,72.17731052693021,38.92919259362012
evreg9,6.relative_year_bin_aux#1.treat,59.80434388756341,138.9068534805163,0,0,0,0,0,0,0,0,0,0,-.0068566714192826,2.295536176777244,12.8186110187877,-28.51340227668233,33.09147077575295,27.39823570248093,82.82844318381065,74.18453195760524,52.26568812255162,31.41310218741803,3.011449235172584
evreg9,7.relative_year_bin_aux#1.treat,94.65063667444471,138.9068534805163,0,0,0,0,0,0,0,0,0,0,-.0118726091146874,5.351684367216591,131.6873603471352,-21.45931312358815,47.75545301602565,90.19650527051391,74.18453195760524,183.0058037165384,115.8082142909673,81.86351376887275,18.47252523994095
evreg9,8.relative_year_bin_aux#1.treat,16.46357912978599,138.9068534805163,0,0,0,0,0,0,0,0,0,0,-.0024949915876724,1.950623646103683,173.976256964125,-5.723634840394976,54.11836480931216,82.40266007679568,52.26568812255162,115.8082142909673,128.8938799160861,111.6202177916671,46.96401956637484
evreg9,9.relative_year_bin_aux#1.treat,-34.02245650813956,138.9068534805163,0,0,0,0,0,0,0,0,0,0,.005686963950195,-.2541007019854596,159.0588740972907,11.90792775599411,52.6138893000509,72.17731052693021,31.41310218741803,81.86351376887275,111.6202177916671,138.5715456412027,84.65902233301608
evreg9,10.relative_year_bin_aux#1.treat,-96.03777646679704,138.9068534805163,0,0,0,0,0,0,0,0,0,0,.006356906764024,1.303076433846149,91.10244127207838,1.93693801017291,36.23445874062662,38.92919259362012,3.011449235172584,18.47252523994095,46.96401956637484,84.65902233301608,293.1436308294502
evreg10,1bno.relative_year_bin_aux,0,138.9068534805163,0,0,0,0,0,0,0,0,0,0,0,0,0,0,0,0,0,0,0,0,0
evreg10,2o.relative_year_bin_aux,0,138.9068534805163,0,0,0,0,0,0,0,0,0,0,0,0,0,0,0,0,0,0,0,0,0
evreg10,3o.relative_year_bin_aux,0,138.9068534805163,0,0,0,0,0,0,0,0,0,0,0,0,0,0,0,0,0,0,0,0,0
evreg10,4o.relative_year_bin_aux,0,138.9068534805163,0,0,0,0,0,0,0,0,0,0,0,0,0,0,0,0,0,0,0,0,0
evreg10,6o.relative_year_bin_aux,0,138.9068534805163,0,0,0,0,0,0,0,0,0,0,0,0,0,0,0,0,0,0,0,0,0
evreg10,7o.relative_year_bin_aux,0,138.9068534805163,0,0,0,0,0,0,0,0,0,0,0,0,0,0,0,0,0,0,0,0,0
evreg10,8o.relative_year_bin_aux,0,138.9068534805163,0,0,0,0,0,0,0,0,0,0,0,0,0,0,0,0,0,0,0,0,0
evreg10,9o.relative_year_bin_aux,0,138.9068534805163,0,0,0,0,0,0,0,0,0,0,0,0,0,0,0,0,0,0,0,0,0
evreg10,10o.relative_year_bin_aux,0,138.9068534805163,0,0,0,0,0,0,0,0,0,0,0,0,0,0,0,0,0,0,0,0,0
evreg10,1o.treat,0,138.9068534805163,0,0,0,0,0,0,0,0,0,0,0,0,0,0,0,0,0,0,0,0,0
evreg10,wind_direction,-.3856687630000569,138.9068534805163,0,0,0,0,0,0,0,0,0,0,.0001349679689551,-.0079952706014304,.0192693510752377,.0011646629925391,.0003844673213915,-.0054450030989091,-.0047040929112534,-.0079446047866926,-.0060063743669224,-.0084583406808634,-.0133760300778995
evreg10,av_wind_speed,86.7453264497078,138.9068534805163,0,0,0,0,0,0,0,0,0,0,-.0079952706014304,21.89769911623701,-7.147269396983172,.148328497289917,1.401347261685667,1.997903485320323,2.05888603594815,4.920938886449388,2.136381732286066,3.230254459147537,7.496260747934622
evreg10,1bn.relative_year_bin_aux#1.treat,-99.02265521971391,138.9068534805163,0,0,0,0,0,0,0,0,0,0,.0192693510752377,-7.147269396983172,883.8273080284238,50.26194310950924,35.15091336975625,114.6300723808673,10.77157508296824,111.9620680973084,128.3933518040724,113.9233493669967,73.85799872050465
evreg10,2.relative_year_bin_aux#1.treat,-16.6686071602314,138.9068534805163,0,0,0,0,0,0,0,0,0,0,.0011646629925391,.148328497289917,50.26194310950924,139.9303063888891,-1.049521746142397,5.359748344799423,-15.16870687117328,-14.99593152103571,-1.568632882948945,9.010646622463172,-11.04754755743454
evreg10,3.relative_year_bin_aux#1.treat,16.9364982803835,138.9068534805163,0,0,0,0,0,0,0,0,0,0,.0003844673213915,1.401347261685667,35.15091336975625,-1.049521746142397,79.66826962093106,34.53585442677775,32.12679225980795,41.98402041089047,40.15771742002009,39.67685460248928,39.89651971675379
evreg10,4.relative_year_bin_aux#1.treat,30.73690171297388,138.9068534805163,0,0,0,0,0,0,0,0,0,0,-.0054450030989091,1.997903485320323,114.6300723808673,5.359748344799423,34.53585442677775,98.662967399688,19.8513092450165,80.27246492090295,57.99566795408681,56.9850462375379,47.09831925230566
evreg10,6.relative_year_bin_aux#1.treat,43.24148590508019,138.9068534805163,0,0,0,0,0,0,0,0,0,0,-.0047040929112534,2.05888603594815,10.77157508296824,-15.16870687117328,32.12679225980795,19.8513092450165,72.79759823898893,52.09488709350965,40.79094650079934,29.07868739767654,13.2576372628381
evreg10,7.relative_year_bin_aux#1.treat,77.3658854207311,138.9068534805163,0,0,0,0,0,0,0,0,0,0,-.0079446047866926,4.920938886449388,111.9620680973084,-14.99593152103571,41.98402041089047,80.27246492090295,52.09488709350965,146.4043554781646,86.21420274720678,76.98299601795675,46.50765410519123
evreg10,8.relative_year_bin_aux#1.treat,35.23061420799188,138.9068534805163,0,0,0,0,0,0,0,0,0,0,-.0060063743669224,2.136381732286066,128.3933518040724,-1.568632882948945,40.15771742002009,57.99566795408681,40.79094650079934,86.21420274720678,98.18518199787671,91.24889713423359,56.33994633209695
evreg10,9.relative_year_bin_aux#1.treat,29.20389630229428,138.9068534805163,0,0,0,0,0,0,0,0,0,0,-.0084583406808634,3.230254459147537,113.9233493669967,9.010646622463172,39.67685460248928,56.9850462375379,29.07868739767654,76.98299601795675,91.24889713423359,123.1374039752284,95.32601396787464
evreg10,10.relative_year_bin_aux#1.treat,-4.698853626329634,138.9068534805163,0,0,0,0,0,0,0,0,0,0,-.0133760300778995,7.496260747934622,73.85799872050465,-11.04754755743454,39.89651971675379,47.09831925230566,13.2576372628381,46.50765410519123,56.33994633209695,95.32601396787464,307.0283168054487
evreg11,1bn.relative_year_bin_aux,-86.83833413893743,138.9068534805163,496.6931496735744,370.2139621162369,243.7167104017353,120.150434226704,-134.2217401330029,-255.5914296134508,-372.9360990097538,-486.757649065026,-576.2265355520619,0,.0366748311423389,-11.81791773002965,66.11452873454611,49.79983217735462,.121631877265388,-15.91494140508287,-31.26240715737099,-44.05139801348098,-17.69921160228289,-7.238817951286351,5.656387269525228
evreg11,2.relative_year_bin_aux,-54.59755442241174,138.9068534805163,370.2139621162369,280.264073049934,184.3477025407473,90.37724082502531,-102.0894512970327,-194.6073132177742,-283.7197010713293,-369.8651283334505,-437.7517958135127,0,.0244834538882822,-8.79112527333319,40.92571582646411,38.6247838744602,-1.280803213919696,-15.72872808747085,-25.40112332018781,-37.92100410608709,-16.20677771745106,-8.035455106347388,2.780608258054266
evreg11,3.relative_year_bin_aux,-22.86003150962372,138.9068534805163,243.7167104017353,184.3477025407473,121.9079061996043,59.86040826752907,-66.78504181565241,-127.5296512894523,-186.232171286535,-243.0155544908927,-287.7696190512948,0,.0129396884941686,-5.577767462763183,26.60549971484159,24.70680155818892,-.6787838135917069,-10.57527302082889,-16.52963403637468,-24.70326719429866,-10.51592607042593,-5.362304041019488,1.03191882002171
evreg11,4.relative_year_bin_aux,-27.61910776375485,138.9068534805163,120.150434226704,90.37724082502531,59.86040826752907,30.5981601692989,-32.21556181491363,-61.18205711752273,-89.77771775888756,-117.0042481027236,-139.1483225724538,0,.0080027705458914,-2.951581891517003,15.37319226058643,11.94108406103222,.02735668627246,-4.059285309528376,-7.646771494798603,-10.31434701679227,-4.059052158864203,-1.963203610648493,.8860995965142202
evreg11,6.relative_year_bin_aux,56.56959864321422,138.9068534805163,-134.2217401330029,-102.0894512970327,-66.78504181565241,-32.21556181491363,39.8497856710906,74.66351904673236,107.2063969629268,138.6487741000959,161.9113603430325,0,-.0141602405217738,3.501505822912157,-11.31031015052471,-14.43355175150264,.2979509022455741,6.792176393128262,9.230002344678955,15.76411832389928,6.73387569223611,3.717897059443206,-.4793864341398279
evreg11,7.relative_year_bin_aux,62.95177093550294,138.9068534805163,-255.5914296134508,-194.6073132177742,-127.5296512894523,-61.18205711752273,74.66351904673236,142.5217436819693,205.1020599967614,265.5576674869795,310.7861766879182,0,-.0194502445896489,5.880137506974246,-19.52088270777446,-26.98580160919548,1.105452359150318,14.59102785425376,18.45413304420454,32.20860594188139,13.89944155114871,7.830712416938203,-.6710010141263065
evreg11,8.relative_year_bin_aux,54.32093291959765,138.9068534805163,-372.9360990097538,-283.7197010713293,-186.232171286535,-89.77771775888756,107.2063969629268,205.1020599967614,297.4575622120025,385.7543314450872,452.9186621777259,0,-.0156307949067555,8.147621092328995,-29.84846694179155,-38.36812217230052,2.153473854803301,19.93083332789606,26.37016169111376,44.40306419374082,19.57176306615761,11.14794620479109,-1.075853058561779
evreg11,9.relative_year_bin_aux,66.47154253788713,138.9068534805163,-486.757649065026,-369.8651283334505,-243.0155544908927,-117.0042481027236,138.6487741000959,265.5576674869795,385.7543314450872,501.8701874628539,589.8051233544649,0,-.016502854525691,10.55805570236992,-40.21471000749032,-49.36420594293183,3.062213442220191,25.03842743231903,33.91146348582354,56.41463026984577,25.22632648526498,14.11850074433071,-1.013132946175439
evreg11,10.relative_year_bin_aux,54.44865988878342,138.9068534805163,-576.2265355520619,-437.7517958135127,-287.7696190512948,-139.1483225724538,161.9113603430325,310.7861766879182,452.9186621777259,589.8051233544649,700.8243834735329,0,-.013577224969775,12.64037741703519,-48.9473114515593,-58.33329920295775,2.823187193372715,28.97675680854609,40.50901165819219,65.69880631912675,28.97898941615121,15.90689307533637,-3.161240937285994
evreg11,1o.treat,0,138.9068534805163,0,0,0,0,0,0,0,0,0,0,0,0,0,0,0,0,0,0,0,0,0
evreg11,wind_direction,-.7275308218559238,138.9068534805163,.0366748311423389,.0244834538882822,.0129396884941686,.0080027705458914,-.0141602405217738,-.0194502445896489,-.0156307949067555,-.016502854525691,-.013577224969775,0,.0002207048511665,-.0072886565739764,.056038964538154,.0259337401801395,.0145672413355738,.0055132478355416,-.0114346735205383,-.0110856925262704,.0093590636139524,.0175939326898199,.0190020018833228
evreg11,av_wind_speed,98.44887159597614,138.9068534805163,-11.81791773002965,-8.79112527333319,-5.577767462763183,-2.951581891517003,3.501505822912157,5.880137506974246,8.147621092328995,10.55805570236992,12.64037741703519,0,-.0072886565739764,5.623797547664467,-4.235927238294809,-1.528602319904315,.5072835780729855,.6823238166266533,1.410711087675243,2.17559861099897,.6551840145179679,-.0238128658945138,.2941949914522217
evreg11,1bn.relative_year_bin_aux#1.treat,-212.4897394276745,138.9068534805163,66.11452873454611,40.92571582646411,26.60549971484159,15.37319226058643,-11.31031015052471,-19.52088270777446,-29.84846694179155,-40.21471000749032,-48.9473114515593,0,.056038964538154,-4.235927238294809,1277.37005975875,141.7221670352386,118.2246938626387,224.1855644025177,26.72157032494109,204.7919864854025,230.1017440309824,213.5542454595405,145.9832206991141
evreg11,2.relative_year_bin_aux#1.treat,-130.3669603690585,138.9068534805163,49.79983217735462,38.6247838744602,24.70680155818892,11.94108406103222,-14.43355175150264,-26.98580160919548,-38.36812217230052,-49.36420594293183,-58.33329920295775,0,.0259337401801395,-1.528602319904315,141.7221670352386,166.4109131581721,13.89616375113475,16.42101709606127,-41.70398398323843,-23.76499212021013,6.254366407344744,23.15660691656671,18.5527434694113
evreg11,3.relative_year_bin_aux#1.treat,-66.94270411882667,138.9068534805163,.121631877265388,-1.280803213919696,-.6787838135917069,.02735668627246,.2979509022455741,1.105452359150318,2.153473854803301,3.062213442220191,2.823187193372715,0,.0145672413355738,.5072835780729855,118.2246938626387,13.89616375113475,104.8548181740132,69.52573388976667,38.11429140479618,68.38532361905685,69.83168979254246,69.2313163594891,48.26767010266391
evreg11,4.relative_year_bin_aux#1.treat,-36.90796597016069,138.9068534805163,-15.91494140508287,-15.72872808747085,-10.57527302082889,-4.059285309528376,6.792176393128262,14.59102785425376,19.93083332789606,25.03842743231903,28.97675680854609,0,.0055132478355416,.6823238166266533,224.1855644025177,16.42101709606127,69.52573388976667,154.0185071418956,47.06070131934649,143.8217869828562,108.3093684682906,97.27970510550574,56.83245002167615
evreg11,6.relative_year_bin_aux#1.treat,72.64871744609545,138.9068534805163,-31.26240715737099,-25.40112332018781,-16.52963403637468,-7.646771494798603,9.230002344678955,18.45413304420454,26.37016169111376,33.91146348582354,40.50901165819219,0,-.0114346735205383,1.410711087675243,26.72157032494109,-41.70398398323843,38.11429140479618,47.06070131934649,92.32543718908774,95.38003404221661,57.82593732585713,34.42071828759868,-.5381850898186542
evreg11,7.relative_year_bin_aux#1.treat,56.78508273611271,138.9068534805163,-44.05139801348098,-37.92100410608709,-24.70326719429866,-10.31434701679227,15.76411832389928,32.20860594188139,44.40306419374082,56.41463026984577,65.69880631912675,0,-.0110856925262704,2.17559861099897,204.7919864854025,-23.76499212021013,68.38532361905685,143.8217869828562,95.38003404221661,236.878300412863,135.5868603208752,104.0364522157623,29.41448206111494
evreg11,8.relative_year_bin_aux#1.treat,-45.84999976526614,138.9068534805163,-17.69921160228289,-16.20677771745106,-10.51592607042593,-4.059052158864203,6.73387569223611,13.89944155114871,19.57176306615761,25.22632648526498,28.97898941615121,0,.0093590636139524,.6551840145179679,230.1017440309824,6.254366407344744,69.83168979254246,108.3093684682906,57.82593732585713,135.5868603208752,139.5029849717791,128.1387460207993,58.73059715422844
evreg11,9.relative_year_bin_aux#1.treat,-75.0848047240929,138.9068534805163,-7.238817951286351,-8.035455106347388,-5.362304041019488,-1.963203610648493,3.717897059443206,7.830712416938203,11.14794620479109,14.11850074433071,15.90689307533637,0,.0175939326898199,-.0238128658945138,213.5542454595405,23.15660691656671,69.2313163594891,97.27970510550574,34.42071828759868,104.0364522157623,128.1387460207993,164.2983632317319,101.9367807788134
evreg11,10.relative_year_bin_aux#1.treat,-128.6300412344621,138.9068534805163,5.656387269525228,2.780608258054266,1.03191882002171,.8860995965142202,-.4793864341398279,-.6710010141263065,-1.075853058561779,-1.013132946175439,-3.161240937285994,0,.0190020018833228,.2941949914522217,145.9832206991141,18.5527434694113,48.26767010266391,56.83245002167615,-.5381850898186542,29.41448206111494,58.73059715422844,101.9367807788134,319.1280565812461
evreg12,1bn.relative_year_bin_aux,-98.89730953187845,138.9068534805163,498.415783627625,373.5360699315646,246.0876747016413,120.4820067142202,-133.5669209422287,-255.2220054406184,-372.9065691156283,-488.019723994315,-578.9577032274441,0,.0388873680819111,-11.89379975200305,35.73075214920955,32.56357201445248,-13.22109048093561,-21.2754445700607,-32.27655749146187,-53.86282613831771,-35.75880926978046,-19.70866137945422,-5.233952121339166
evreg12,2.relative_year_bin_aux,-74.43301686112662,138.9068534805163,373.5360699315646,284.0840222366072,186.7362589322025,90.74661321859033,-101.8309660364305,-194.4769265504018,-284.3038847211885,-371.9481712261516,-440.8738886324082,0,.0282805744974335,-9.056338820779343,21.81416972211603,26.00150928436403,-11.43918251917245,-19.25141903899366,-25.55248095744961,-44.12068897058994,-29.80423802775545,-17.16202255525945,-4.961977796621346
evreg12,3.relative_year_bin_aux,-46.41987635121664,138.9068534805163,246.0876747016413,186.7362589322025,123.2887891228931,59.97094980835521,-66.67779778985634,-127.4398478942173,-186.3041360140985,-244.0102420307909,-289.4513963988393,0,.0186056288456492,-6.038646080990486,15.58486923829246,16.87209600932442,-7.094892614523496,-12.50040891253509,-16.81486382088942,-28.93616989426448,-19.13745849723174,-10.81076023915306,-3.408877275761139
evreg12,4.relative_year_bin_aux,-32.64572216490287,138.9068534805163,120.4820067142202,90.74661321859033,59.97094980835521,30.14087453142165,-31.81179258635606,-60.62071633534561,-88.89412417685118,-116.3759906153601,-138.9676621224322,0,.0117763126492249,-3.250916409526494,9.438836320914648,7.925822694405813,-3.278953378852845,-5.084209457277598,-8.292304224432545,-13.51462824979408,-8.567217772623389,-4.737802807735453,-1.282640100022624
evreg12,6.relative_year_bin_aux,50.02310606304796,138.9068534805163,-133.5669209422287,-101.8309660364305,-66.67779778985634,-31.81179258635606,38.31472791603168,71.92446226896827,103.8391073090946,135.4358092590808,159.2211331028986,0,-.0135029424441484,3.607060470773417,-6.084902356732266,-9.57489968541512,4.485448392418502,7.577624172759836,8.93482579116827,16.7668556242476,11.81288636389892,6.946626915780764,2.193851522264997
evreg12,7.relative_year_bin_aux,40.71345594074252,138.9068534805163,-255.2220054406184,-194.4769265504018,-127.4398478942173,-60.62071633534561,71.92446226896827,138.2545390819911,200.249757546968,260.7634677733051,306.9790258019019,0,-.0166606453772105,5.994332190742646,-8.992512751167958,-18.16052450375821,9.114712711547204,16.450579874241,17.93375627952118,34.447067500468,23.70017944834712,14.1705268256465,4.863656744951435
evreg12,8.relative_year_bin_aux,21.3870720614869,138.9068534805163,-372.9065691156283,-284.3038847211885,-186.3041360140985,-88.89412417685118,103.8391073090946,200.249757546968,292.8077177697861,381.4775013834041,449.7842475229633,0,-.010463196419469,8.06298047530629,-12.5667550772857,-26.28885000865202,13.10084493092237,23.37879227890758,26.16653367162384,48.17159398582169,33.38162208980667,20.50869871488788,7.202506404336078
evreg12,9.relative_year_bin_aux,45.33407934522092,138.9068534805163,-488.019723994315,-371.9481712261516,-244.0102420307909,-116.3759906153601,135.4358092590808,260.7634677733051,381.4775013834041,498.6086615386254,587.9292763557326,0,-.0119378197935701,10.50760626435369,-18.18066025759725,-34.22611068287813,16.44059986298938,29.09822942826997,33.6837658158797,61.00399989929551,42.14759967391603,25.47354258981165,9.220148607838034
evreg12,10.relative_year_bin_aux,47.50467626686039,138.9068534805163,-578.9577032274441,-440.8738886324082,-289.4513963988393,-138.9676621224322,159.2211331028986,306.9790258019019,449.7842475229633,587.9292763557326,700.8806401719042,0,-.0099314269954774,12.71914649951223,-23.15668731460068,-39.76938129763766,18.55362857310186,33.47052512282176,39.95031547723618,71.36271672953505,48.66905608359131,29.36465370714442,9.565235436468686
evreg12,1o.treat,0,138.9068534805163,0,0,0,0,0,0,0,0,0,0,0,0,0,0,0,0,0,0,0,0,0
evreg12,wind_direction,-.7195461418992007,138.9068534805163,.0388873680819111,.0282805744974335,.0186056288456492,.0117763126492249,-.0135029424441484,-.0166606453772105,-.010463196419469,-.0119378197935701,-.0099314269954774,0,.00021777983346,-.0071664385675801,.0366001540247108,.0083655858378021,.0032376090618794,.0004992938203501,-.0081242632756361,-.0227945455802725,-.0070106679043466,.0054052569793488,.0094744938937987
evreg12,av_wind_speed,97.87902006994263,138.9068534805163,-11.89379975200305,-9.056338820779343,-6.038646080990486,-3.250916409526494,3.607060470773417,5.994332190742646,8.06298047530629,10.50760626435369,12.71914649951223,0,-.0071664385675801,5.553478844078557,-2.72288493081488,-.5552315167243097,1.241417199958458,1.102409541406044,1.296586257600184,2.881473496126054,1.745576871367132,.7923310061357743,.924224120351081
evreg12,1bn.relative_year_bin_aux#1.treat,-133.2114122191485,138.9068534805163,35.73075214920955,21.81416972211603,15.58486923829246,9.438836320914648,-6.084902356732266,-8.992512751167958,-12.5667550772857,-18.18066025759725,-23.15668731460068,0,.0366001540247108,-2.72288493081488,1036.935269943076,75.2042225380622,88.55310440296299,188.8745681356746,23.83015128566156,151.2682708945844,191.6661287353457,169.4224248138679,106.5533439813261
evreg12,2.relative_year_bin_aux#1.treat,-51.48664356355058,138.9068534805163,32.56357201445248,26.00150928436403,16.87209600932442,7.925822694405813,-9.57489968541512,-18.16052450375821,-26.28885000865202,-34.22611068287813,-39.76938129763766,0,.0083655858378021,-.5552315167243097,75.2042225380622,139.5737353410241,-3.05322819811575,7.1584897259097,-30.58646743819281,-15.20548009712196,-6.739611479725965,5.159267025407197,2.356672226395158
evreg12,3.relative_year_bin_aux#1.treat,-14.81704530719363,138.9068534805163,-13.22109048093561,-11.43918251917245,-7.094892614523496,-3.278953378852845,4.485448392418502,9.114712711547204,13.10084493092237,16.44059986298938,18.55362857310186,0,.0032376090618794,1.241417199958458,88.55310440296299,-3.05322819811575,101.5826016845051,67.07540999222815,45.75402882202036,70.96700950088666,71.34050234130743,62.42303794971745,41.03612367291108
evreg12,4.relative_year_bin_aux#1.treat,-15.47394187263969,138.9068534805163,-21.2754445700607,-19.25141903899366,-12.50040891253509,-5.084209457277598,7.577624172759836,16.450579874241,23.37879227890758,29.09822942826997,33.47052512282176,0,.0004992938203501,1.102409541406044,188.8745681356746,7.1584897259097,67.07540999222815,147.2933698581014,40.1560244838633,125.7720797154443,106.6698679614566,89.42772782052438,49.53284577686269
evreg12,6.relative_year_bin_aux#1.treat,63.85070654350717,138.9068534805163,-32.27655749146187,-25.55248095744961,-16.81486382088942,-8.292304224432545,8.93482579116827,17.93375627952118,26.16653367162384,33.6837658158797,39.95031547723618,0,-.0081242632756361,1.296586257600184,23.83015128566156,-30.58646743819281,45.75402882202036,40.1560244838633,89.69105119616916,86.3819266283148,64.85061351623668,39.67611385018967,6.033972236274458
evreg12,7.relative_year_bin_aux#1.treat,110.9612025125622,138.9068534805163,-53.86282613831771,-44.12068897058994,-28.93616989426448,-13.51462824979408,16.7668556242476,34.447067500468,48.17159398582169,61.00399989929551,71.36271672953505,0,-.0227945455802725,2.881473496126054,151.2682708945844,-15.20548009712196,70.96700950088666,125.7720797154443,86.3819266283148,220.6266381345167,141.0097578931941,96.14398369063971,27.41214728570174
evreg12,8.relative_year_bin_aux#1.treat,22.20234790160552,138.9068534805163,-35.75880926978046,-29.80423802775545,-19.13745849723174,-8.567217772623389,11.81288636389892,23.70017944834712,33.38162208980667,42.14759967391603,48.66905608359131,0,-.0070106679043466,1.745576871367132,191.6661287353457,-6.739611479725965,71.34050234130743,106.6698679614566,64.85061351623668,141.0097578931941,147.7265567679393,122.0253835471325,51.48356036736998
evreg12,9.relative_year_bin_aux#1.treat,-30.75342119326585,138.9068534805163,-19.70866137945422,-17.16202255525945,-10.81076023915306,-4.737802807735453,6.946626915780764,14.1705268256465,20.50869871488788,25.47354258981165,29.36465370714442,0,.0054052569793488,.7923310061357743,169.4224248138679,5.159267025407197,62.42303794971745,89.42772782052438,39.67611385018967,96.14398369063971,122.0253835471325,147.2236689497503,88.23540178002537
evreg12,10.relative_year_bin_aux#1.treat,-93.31058060270114,138.9068534805163,-5.233952121339166,-4.961977796621346,-3.408877275761139,-1.282640100022624,2.193851522264997,4.863656744951435,7.202506404336078,9.220148607838034,9.565235436468686,0,.0094744938937987,.924224120351081,106.5533439813261,2.356672226395158,41.03612367291108,49.53284577686269,6.033972236274458,27.41214728570174,51.48356036736998,88.23540178002537,302.34493610826
evreg13,1bn.relative_year_bin_aux,-198.533448948354,138.9068534805163,832.5623324948479,627.2382107283228,412.8070945314116,204.3496560720874,-228.4512959025764,-425.7847310430694,-591.3528057093806,-731.4956901022654,-841.5999647908586,0,.0627452937194819,-14.51275232579098,29.61863512342248,38.58538999186161,-20.909210637826,-27.24150629487686,-29.44352567948354,-55.26907819410865,-38.00996903070465,-33.73751521448786,-48.85068889355692
evreg13,2.relative_year_bin_aux,-110.6794143241509,138.9068534805163,627.2382107283228,480.3785743836519,316.3642329361449,155.0821588207301,-174.9721797923793,-327.2423008303682,-454.8056405078874,-563.4079058424659,-649.0970568018191,0,.0395743968710241,-10.67338272045569,17.72339825100824,32.20809645200107,-17.30731181578308,-23.83266879216142,-23.25871326520625,-45.64190953735274,-30.77107859009435,-27.82438331277282,-40.1862945724793
evreg13,3.relative_year_bin_aux,-43.89084534541585,138.9068534805163,412.8070945314116,316.3642329361449,209.6850207470555,103.2152304856969,-114.448602951965,-214.6009274146541,-299.0985298395847,-370.7941494444417,-428.4416788049439,0,.021929407047628,-6.887611093421277,11.44879718038345,20.91413464398612,-11.38017246712177,-16.29446394271217,-15.88616848839598,-30.72841486213241,-20.40276669156315,-18.7097994538214,-27.43783500451271
evreg13,4.relative_year_bin_aux,-32.45362243212954,138.9068534805163,204.3496560720874,155.0821588207301,103.2152304856969,52.99079548831528,-55.58846089860793,-103.3845720996166,-144.6557071883667,-178.6949942626555,-207.2152834220871,0,.0109010233055757,-3.698015737340778,7.052220855576373,9.150776470870893,-5.463885278512865,-6.628258134464851,-8.284728299442978,-13.42272016606056,-9.242606759760669,-8.399208383886762,-11.81789238706228
evreg13,6.relative_year_bin_aux,81.59539698079551,138.9068534805163,-228.4512959025764,-174.9721797923793,-114.448602951965,-55.58846089860793,68.11828490566495,125.1362899646724,171.2470295890202,211.1293735110452,240.9105079579138,0,-.0235885414646538,4.334222101111085,-5.953685726238874,-11.8754846338682,5.805404310902148,8.925374441563926,8.108580938944048,18.17503744699336,11.6951332256434,10.47173441848711,16.93180316981363
evreg13,7.relative_year_bin_aux,99.15484868056006,138.9068534805163,-425.7847310430694,-327.2423008303682,-214.6009274146541,-103.3845720996166,125.1362899646724,235.4498147869057,323.7502520630304,399.7615384464693,457.1690588745794,0,-.0364270258977216,7.108319122629313,-6.627335866034039,-22.71761220832954,11.34923830848479,20.85468656296007,15.90690055529237,38.60398696611873,23.70512077247387,21.54477891618511,33.84785496118099
evreg13,8.relative_year_bin_aux,94.78225126004182,138.9068534805163,-591.3528057093806,-454.8056405078874,-299.0985298395847,-144.6557071883667,171.2470295890202,323.7502520630304,448.9337313953726,555.8538641650068,637.9259300258816,0,-.0343953666720099,9.218462583485136,-8.26316101134268,-31.74795534738965,15.68284121513775,28.1877803649011,22.26730793401,52.14448497968824,32.32814095366941,29.31806351060036,45.23341622539564
evreg13,9.relative_year_bin_aux,90.23736357621993,138.9068534805163,-731.4956901022654,-563.4079058424659,-370.7941494444417,-178.6949942626555,211.1293735110452,399.7615384464693,555.8538641650068,691.5119546373687,795.150998820196,0,-.0315786083545765,11.36877671515388,-8.876388171567019,-39.55449348290272,19.02102300282781,34.29226825369909,27.10035144007062,63.53411841094339,39.54024487317067,35.4407781675972,55.51501482633853
evreg13,10.relative_year_bin_aux,49.1047193439942,138.9068534805163,-841.5999647908586,-649.0970568018191,-428.4416788049439,-207.2152834220871,240.9105079579138,457.1690588745794,637.9259300258816,795.150998820196,927.7234664446173,0,-.0225751602191163,13.381671614179,-8.740412140805233,-44.44200091877686,21.93417770746798,40.89108674266294,31.88294224483591,73.76329427927021,46.42887299861014,42.77507298470058,63.50824437928082
evreg13,1o.treat,0,138.9068534805163,0,0,0,0,0,0,0,0,0,0,0,0,0,0,0,0,0,0,0,0,0
evreg13,wind_direction,-.7770558334636629,138.9068534805163,.0627452937194819,.0395743968710241,.021929407047628,.0109010233055757,-.0235885414646538,-.0364270258977216,-.0343953666720099,-.0315786083545765,-.0225751602191163,0,.0002398237249805,-.0027783690359657,.0262702330074816,-.0013089759181165,-.0018302560090301,-.0111193748365579,-.0077004343399647,-.0166459933088409,-.0092122877985376,-.0124739805826798,-.0183838420347479
evreg13,av_wind_speed,78.4323089557157,138.9068534805163,-14.51275232579098,-10.67338272045569,-6.887611093421277,-3.698015737340778,4.334222101111085,7.108319122629313,9.218462583485136,11.36877671515388,13.381671614179,0,-.0027783690359657,5.610956605602428,-1.744983169300201,-.316866569217984,1.590201361187395,1.420388666946627,1.445450857070304,3.187590280438155,1.697365389724854,1.633890620139419,3.058463005738068
evreg13,1bn.relative_year_bin_aux#1.treat,-117.5079260912434,138.9068534805163,29.61863512342248,17.72339825100824,11.44879718038345,7.052220855576373,-5.953685726238874,-6.627335866034039,-8.26316101134268,-8.876388171567019,-8.740412140805233,0,.0262702330074816,-1.744983169300201,941.6679940024758,50.16033607059945,45.76057032829488,139.5438822188857,11.21938197100381,127.8536782367588,137.0142879058317,124.5641378814416,86.56217908325152
evreg13,2.relative_year_bin_aux#1.treat,-20.22930685065371,138.9068534805163,38.58538999186161,32.20809645200107,20.91413464398612,9.150776470870893,-11.8754846338682,-22.71761220832954,-31.74795534738965,-39.55449348290272,-44.44200091877686,0,-.0013089759181165,-.316866569217984,50.16033607059945,150.6477818763051,-6.424973667100704,.6073304316404198,-22.10154109150769,-18.74908828310839,-4.71315309216306,3.002908999929817,-11.86696895469555
evreg13,3.relative_year_bin_aux#1.treat,16.24127131765167,138.9068534805163,-20.909210637826,-17.30731181578308,-11.38017246712177,-5.463885278512865,5.805404310902148,11.34923830848479,15.68284121513775,19.02102300282781,21.93417770746798,0,-.0018302560090301,1.590201361187395,45.76057032829488,-6.424973667100704,85.33755118192921,43.50068026741926,36.84314760371045,51.83913890339974,46.07235563282074,45.41789984469179,46.03732635487313
evreg13,4.relative_year_bin_aux#1.treat,35.38898817858187,138.9068534805163,-27.24150629487686,-23.83266879216142,-16.29446394271217,-6.628258134464851,8.925374441563926,20.85468656296007,28.1877803649011,34.29226825369909,40.89108674266294,0,-.0111193748365579,1.420388666946627,139.5438822188857,.6073304316404198,43.50068026741926,129.4787302430848,26.06851834238201,108.851565810035,71.50910319313878,73.09316521117417,68.0088883252071
evreg13,6.relative_year_bin_aux#1.treat,48.82900209361956,138.9068534805163,-29.44352567948354,-23.25871326520625,-15.88616848839598,-8.284728299442978,8.108580938944048,15.90690055529237,22.26730793401,27.10035144007062,31.88294224483591,0,-.0077004343399647,1.445450857070304,11.21938197100381,-22.10154109150769,36.84314760371045,26.06851834238201,77.12922594855583,61.12122981840999,46.88007459948924,34.19067777947513,19.412975373182
evreg13,7.relative_year_bin_aux#1.treat,81.04434115208973,138.9068534805163,-55.26907819410865,-45.64190953735274,-30.72841486213241,-13.42272016606056,18.17503744699336,38.60398696611873,52.14448497968824,63.53411841094339,73.76329427927021,0,-.0166459933088409,3.187590280438155,127.8536782367588,-18.74908828310839,51.83913890339974,108.851565810035,61.12122981840999,176.5196678376906,100.3179197802083,92.21957029889542,67.1222453222086
evreg13,8.relative_year_bin_aux#1.treat,33.47146879856635,138.9068534805163,-38.00996903070465,-30.77107859009435,-20.40276669156315,-9.242606759760669,11.6951332256434,23.70512077247387,32.32814095366941,39.54024487317067,46.42887299861014,0,-.0092122877985376,1.697365389724854,137.0142879058317,-4.71315309216306,46.07235563282074,71.50910319313878,46.88007459948924,100.3179197802083,105.6582076211897,98.29762639628503,63.95775525520556
evreg13,9.relative_year_bin_aux#1.treat,34.64384216932337,138.9068534805163,-33.73751521448786,-27.82438331277282,-18.7097994538214,-8.399208383886762,10.47173441848711,21.54477891618511,29.31806351060036,35.4407781675972,42.77507298470058,0,-.0124739805826798,1.633890620139419,124.5641378814416,3.002908999929817,45.41789984469179,73.09316521117417,34.19067777947513,92.21957029889542,98.29762639628503,131.7644717866507,103.060441735699
evreg13,10.relative_year_bin_aux#1.treat,7.649641059942981,138.9068534805163,-48.85068889355692,-40.1862945724793,-27.43783500451271,-11.81789238706228,16.93180316981363,33.84785496118099,45.23341622539564,55.51501482633853,63.50824437928082,0,-.0183838420347479,3.058463005738068,86.56217908325152,-11.86696895469555,46.03732635487313,68.0088883252071,19.412975373182,67.1222453222086,63.95775525520556,103.060441735699,316.6625202422974
evreg14,1bn.relative_year_bin_aux,84.63573507736915,138.9068534805163,147.552089677204,109.0603048183177,72.20978892713528,35.44799211658739,-41.13785935109107,-76.78525503202529,-110.1335326293216,-143.9580142720595,-171.2561027457688,0,-.0025814266993897,-11.45081644642899,29.28998921574554,19.58544037216537,-5.768071165637386,-10.45493289562446,-17.75124682796365,-28.45259097157589,-20.35402644731128,-12.75783700041957,-9.118017685308951
evreg14,2.relative_year_bin_aux,82.38870412711209,138.9068534805163,109.0603048183177,84.39530047517665,55.64810169045077,26.76103454845315,-31.80676747564069,-59.61328027696023,-85.77741447677941,-111.7738319094459,-133.106547662257,0,-.0059055445951845,-8.644837712719562,15.13549559217601,16.24954012541708,-5.938275147972597,-11.45198371123256,-14.94602154160981,-25.53723795397908,-18.52958630281136,-12.44303490150025,-8.776589198203171
evreg14,3.relative_year_bin_aux,72.85485109313201,138.9068534805163,72.20978892713528,55.64810169045077,37.38732824538911,18.11645907514745,-20.49323437951023,-38.66485023782194,-56.02512087749776,-73.25582485017223,-87.56201921283375,0,-.0078795405159029,-5.425559065421813,9.99287368438762,9.971240856330366,-3.70699679650814,-7.549563913901393,-9.692971131066619,-16.33246178242379,-11.74351140339421,-8.098630416217929,-6.511521923328577
evreg14,4.relative_year_bin_aux,22.28899605290919,138.9068534805163,35.44799211658739,26.76103454845315,18.11645907514745,9.941779815462139,-9.413659340726328,-17.5578243856277,-25.77255745058602,-33.61508566464143,-40.85275673570976,0,-.0026560128854837,-2.756716678884197,6.993277489106593,4.539471201644409,-1.493720676783093,-2.517992048277258,-4.496515677608975,-6.603488815500627,-4.626211155813055,-3.34746861439096,-2.790396700678193
evreg14,6.relative_year_bin_aux,7.780505010451512,138.9068534805163,-41.13785935109107,-31.80676747564069,-20.49323437951023,-9.413659340726328,14.37752872615215,25.2972646149835,34.86562582282062,44.54989482867752,50.98271379654329,0,-.0048377637595769,3.736279603626183,-5.102109737056579,-7.032647109508603,1.872327470677434,4.633289820643023,5.457599316993256,10.68469289203809,7.551806400303946,5.072852580235092,3.667488023321006
evreg14,7.relative_year_bin_aux,-37.77840135019867,138.9068534805163,-76.78525503202529,-59.61328027696023,-38.66485023782194,-17.5578243856277,25.2972646149835,47.03719471015374,65.55868707107464,83.93631193841344,97.02770682959658,0,-.0014878658265654,6.22119665859322,-7.519386536815705,-12.69728489716369,3.879002805318323,10.09695657290859,10.77396779371688,21.45688339401026,14.61522829105924,9.584710789926911,6.648934728133066
evreg14,8.relative_year_bin_aux,-96.85554515103632,138.9068534805163,-110.1335326293216,-85.77741447677941,-56.02512087749776,-25.77255745058602,34.86562582282062,65.55868707107464,93.65780482387524,120.3786727211059,140.4115830745712,0,.0120653565349952,8.375424060960327,-9.912470663248101,-17.37659770130899,6.037560171582043,14.02998621003394,15.33365743272629,28.79447616695911,20.16608044582907,13.58233485371586,9.40834399297961
evreg14,9.relative_year_bin_aux,-126.0480936703019,138.9068534805163,-143.9580142720595,-111.7738319094459,-73.25582485017223,-33.61508566464143,44.54989482867752,83.93631193841344,120.3786727211059,156.1854877601588,182.6206235656017,0,.0192777784929247,10.83324771797914,-13.5922849115789,-21.98050824545154,7.988005138707963,17.41188043092185,19.68810805094934,36.16342778600252,25.62226072441721,17.03611866214131,12.30928195161519
evreg14,10.relative_year_bin_aux,-170.8212043318599,138.9068534805163,-171.2561027457688,-133.106547662257,-87.56201921283375,-40.85275673570976,50.98271379654329,97.02770682959658,140.4115830745712,182.6206235656017,221.4830427108731,0,.0288608866842232,12.87553670720023,-16.72432611684608,-24.94405061521452,8.799896634435528,19.80064994385597,23.28764111344683,41.77750330436348,29.48139599657974,19.70042534435063,13.10777150340439
evreg14,1o.treat,0,138.9068534805163,0,0,0,0,0,0,0,0,0,0,0,0,0,0,0,0,0,0,0,0,0
evreg14,wind_direction,-.7403075051783722,138.9068534805163,-.0025814266993897,-.0059055445951845,-.0078795405159029,-.0026560128854837,-.0048377637595769,-.0014878658265654,.0120653565349952,.0192777784929247,.0288608866842232,0,.0002207967725952,-.0062971223838534,.0439780195725931,.0148591488941345,.0077862864126787,.0025978353153085,-.0092851429173707,-.0211906125441347,-.0056657910358781,.0049068095000772,.0075007115948846
evreg14,av_wind_speed,90.03028351339859,138.9068534805163,-11.45081644642899,-8.644837712719562,-5.425559065421813,-2.756716678884197,3.736279603626183,6.22119665859322,8.375424060960327,10.83324771797914,12.87553670720023,0,-.0062971223838534,6.102081097377313,-4.176566961536095,-2.102823038032407,1.154527838033336,1.606791990908998,2.241999965289833,4.25457859214564,2.700669208355432,1.53126812693188,1.782699124714803
evreg14,1bn.relative_year_bin_aux#1.treat,-163.653758188713,138.9068534805163,29.28998921574554,15.13549559217601,9.99287368438762,6.993277489106593,-5.102109737056579,-7.519386536815705,-9.912470663248101,-13.5922849115789,-16.72432611684608,0,.0439780195725931,-4.176566961536095,1144.900610216444,93.56348529380094,94.28880266409945,205.0144071433685,18.61249635189061,158.1904649074827,193.9268535169331,176.656851999965,116.2209220204677
evreg14,2.relative_year_bin_aux#1.treat,-85.58027487509479,138.9068534805163,19.58544037216537,16.24954012541708,9.971240856330366,4.539471201644409,-7.032647109508603,-12.69728489716369,-17.37659770130899,-21.98050824545154,-24.94405061521452,0,.0148591488941345,-2.102823038032407,93.56348529380094,150.1128499613131,.7556906261241551,5.380955279880877,-36.6725825492688,-27.64845833409331,-11.7847178461815,1.596244627262738,.1678717639930252
evreg14,3.relative_year_bin_aux#1.treat,-37.29321854816554,138.9068534805163,-5.768071165637386,-5.938275147972597,-3.70699679650814,-1.493720676783093,1.872327470677434,3.879002805318323,6.037560171582043,7.988005138707963,8.799896634435528,0,.0077862864126787,1.154527838033336,94.28880266409945,.7556906261241551,100.1259423367832,67.83892553320693,41.54803679052417,64.93008124920775,65.80432928670673,60.67262770188827,40.67506478339097
evreg14,4.relative_year_bin_aux#1.treat,-26.65522060760826,138.9068534805163,-10.45493289562446,-11.45198371123256,-7.549563913901393,-2.517992048277258,4.633289820643023,10.09695657290859,14.02998621003394,17.41188043092185,19.80064994385597,0,.0025978353153085,1.606791990908998,205.0144071433685,5.380955279880877,67.83892553320693,154.2794902573521,42.20462633188843,131.8218071766485,108.326892192725,92.72266388988125,54.35288471269477
evreg14,6.relative_year_bin_aux#1.treat,69.10810464598633,138.9068534805163,-17.75124682796365,-14.94602154160981,-9.692971131066619,-4.496515677608975,5.457599316993256,10.77396779371688,15.33365743272629,19.68810805094934,23.28764111344683,0,-.0092851429173707,2.241999965289833,18.61249635189061,-36.6725825492688,41.54803679052417,42.20462633188843,90.71264315631717,90.76056564861834,65.86282530212112,41.0762039699765,8.793580805690119
evreg14,7.relative_year_bin_aux#1.treat,100.6800630708299,138.9068534805163,-28.45259097157589,-25.53723795397908,-16.33246178242379,-6.603488815500627,10.68469289203809,21.45688339401026,28.79447616695911,36.16342778600252,41.77750330436348,0,-.0211906125441347,4.25457859214564,158.1904649074827,-27.64845833409331,64.93008124920775,131.8218071766485,90.76056564861834,227.8282785191893,143.3228016776244,100.6319741003734,35.16165140759789
evreg14,8.relative_year_bin_aux#1.treat,11.55224520579029,138.9068534805163,-20.35402644731128,-18.52958630281136,-11.74351140339421,-4.626211155813055,7.551806400303946,14.61522829105924,20.16608044582907,25.62226072441721,29.48139599657974,0,-.0056657910358781,2.700669208355432,193.9268535169331,-11.7847178461815,65.80432928670673,108.326892192725,65.86282530212112,143.3228016776244,145.1280889645932,122.0297305345376,54.75814013624438
evreg14,9.relative_year_bin_aux#1.treat,-29.86160999255852,138.9068534805163,-12.75783700041957,-12.44303490150025,-8.098630416217929,-3.34746861439096,5.072852580235092,9.584710789926911,13.58233485371586,17.03611866214131,19.70042534435063,0,.0049068095000772,1.53126812693188,176.656851999965,1.596244627262738,60.67262770188827,92.72266388988125,41.0762039699765,100.6319741003734,122.0297305345376,149.842063448487,91.14993583252405
evreg14,10.relative_year_bin_aux#1.treat,-84.42107354767978,138.9068534805163,-9.118017685308951,-8.776589198203171,-6.511521923328577,-2.790396700678193,3.667488023321006,6.648934728133066,9.40834399297961,12.30928195161519,13.10777150340439,0,.0075007115948846,1.782699124714803,116.2209220204677,.1678717639930252,40.67506478339097,54.35288471269477,8.793580805690119,35.16165140759789,54.75814013624438,91.14993583252405,309.6997956391656
evreg15,1bn.relative_year_bin_aux,57.00357619853236,138.9068534805163,189.9393882590542,141.0886098718709,92.19466005747366,45.01709293227248,-51.93255629538389,-91.07898864495253,-117.5955687268367,-138.982847440486,-157.8586612201595,0,-.0001096974946462,-13.69677511317331,29.28875545711057,16.53094478963435,-10.35583715909399,-10.38195486285022,-13.47815006664915,-22.31433920597769,-18.46127675369009,-16.45981125311435,-26.45785164722265
evreg15,2.relative_year_bin_aux,76.30749115559649,138.9068534805163,141.0886098718709,113.1179678983073,74.3439553102599,35.16907942687481,-41.2522883635481,-73.56216701560739,-95.63161724939849,-113.3093301854028,-131.2742690001447,0,-.0061377025150636,-10.479002440765,15.03317446759701,16.35546818724756,-9.403769371384646,-12.35036914590427,-11.71885718804702,-22.17970006512368,-16.92974413629774,-16.23971665843614,-25.98446427464038
evreg15,3.relative_year_bin_aux,78.71466365309988,138.9068534805163,92.19466005747366,74.3439553102599,50.198717694374,24.21339532698984,-26.25457244658039,-47.36063387594536,-62.38486397427336,-74.31286521334452,-87.6440438277598,0,-.0077379679749091,-6.598970220482525,9.429053552488181,10.37203739094286,-6.078571906558428,-8.616587776193926,-8.175617951576367,-15.02927458234227,-11.11412067370363,-10.92344354581074,-17.80945719234572
evreg15,4.relative_year_bin_aux,26.10599456735581,138.9068534805163,45.01709293227248,35.16907942687481,24.21339532698984,13.9093262321822,-12.0120797886667,-20.77961642306126,-27.72117314099953,-32.4567353969813,-39.49443549079617,0,-.0032311033259769,-3.520365724371977,6.946604033575868,3.715174171356255,-2.78513047091687,-2.725948340278809,-4.398835208793175,-5.485090741013994,-4.557166353404035,-4.453283056148081,-6.37939594894809
evreg15,6.relative_year_bin_aux,25.68928428520553,138.9068534805163,-51.93255629538389,-41.2522883635481,-26.25457244658039,-12.0120797886667,20.24100336318952,33.73449542432998,40.9739879201359,46.91588021919677,50.35064508257744,0,-.0098456996842506,4.663677093395698,-5.49259618007368,-6.916208824816429,3.128115926371049,4.967614108670808,4.229452138265231,10.21870767805902,6.986626462097049,6.552077633447026,12.60473247658843
evreg15,7.relative_year_bin_aux,-12.61396201440155,138.9068534805163,-91.07898864495253,-73.56216701560739,-47.36063387594536,-20.77961642306126,33.73449542432998,61.40212234333156,76.41425595152243,88.64993207746085,97.0699339391816,0,-.0096004328291435,7.147167691771482,-5.055785611585666,-12.4620746945042,5.976711719659013,12.73283830038215,8.094299459517167,22.40847576995223,14.05033587532158,13.39476317077975,24.08555086791337
evreg15,8.relative_year_bin_aux,-72.45192171139213,138.9068534805163,-117.5955687268367,-95.63161724939849,-62.38486397427336,-27.72117314099953,40.9739879201359,76.41425595152243,98.54492175854226,116.1564079635935,130.3779988798291,0,.0043862047019206,8.345509355071274,-5.36138114848564,-15.91401283428259,7.630516572643445,15.87542338841604,10.53055073928477,27.65303485214541,17.60919564726427,16.7846422279503,29.35913011994361
evreg15,9.relative_year_bin_aux,-125.3319104526519,138.9068534805163,-138.982847440486,-113.3093301854028,-74.31286521334452,-32.4567353969813,46.91588021919677,88.64993207746085,116.1564079635935,140.1502872721717,159.5243700644102,0,.0169524483886518,9.516459242700746,-4.288582125327292,-18.54654012765067,8.590651658580255,18.43155228624047,11.97523387538554,31.77491129508163,20.36675689702888,19.20320257410819,34.37562915804288
evreg15,10.relative_year_bin_aux,-202.4042432258772,138.9068534805163,-157.8586612201595,-131.2742690001447,-87.6440438277598,-39.49443549079617,50.35064508257744,97.0699339391816,130.3779988798291,159.5243700644102,199.6037992246281,0,.032316994515109,10.43531796457845,-2.065910116381403,-19.19846049160088,9.357441799362681,22.53413450199981,14.13457086555685,36.22584519750025,23.73468153446589,24.03607388577174,38.21553359666202
evreg15,1o.treat,0,138.9068534805163,0,0,0,0,0,0,0,0,0,0,0,0,0,0,0,0,0,0,0,0,0
evreg15,wind_direction,-.746327979241012,138.9068534805163,-.0001096974946462,-.0061377025150636,-.0077379679749091,-.0032311033259769,-.0098456996842506,-.0096004328291435,.0043862047019206,.0169524483886518,.032316994515109,0,.0002241233187638,-.0058869791907075,.0278952026056188,.0000775662719354,-.0016682682427209,-.011192352119057,-.0073774932673845,-.0168562788321514,-.0098314841619066,-.0136981085149648,-.0213463949193676
evreg15,av_wind_speed,89.26348939737007,138.9068534805163,-13.69677511317331,-10.479002440765,-6.598970220482525,-3.520365724371977,4.663677093395698,7.147167691771482,8.345509355071274,9.516459242700746,10.43531796457845,0,-.0058869791907075,6.132878652947089,-3.221421389080843,-1.418020718465895,1.703636187713811,1.953605330810155,1.785921723119349,4.033166867766325,2.241769991486142,2.256142560704546,4.366761735751092
evreg15,1bn.relative_year_bin_aux#1.treat,-104.9273190689633,138.9068534805163,29.28875545711057,15.03317446759701,9.429053552488181,6.946604033575868,-5.49259618007368,-5.055785611585666,-5.36138114848564,-4.288582125327292,-2.065910116381403,0,.0278952026056188,-3.221421389080843,937.0526318056764,49.03525757116425,43.69954318611931,137.121552898074,12.37460251725326,127.0176140731405,136.8295779326584,122.9761828069632,85.49682592666262
evreg15,2.relative_year_bin_aux#1.treat,-15.84085281005493,138.9068534805163,16.53094478963435,16.35546818724756,10.37203739094286,3.715174171356255,-6.916208824816429,-12.4620746945042,-15.91401283428259,-18.54654012765067,-19.19846049160088,0,.0000775662719354,-1.418020718465895,49.03525757116425,152.5525559899176,-6.294605943251424,-.0522198749691636,-23.20361064354896,-20.73406990980081,-6.773531237724455,-.3799851929301883,-17.54325235943771
evreg15,3.relative_year_bin_aux#1.treat,17.44238740726721,138.9068534805163,-10.35583715909399,-9.403769371384646,-6.078571906558428,-2.78513047091687,3.128115926371049,5.976711719659013,7.630516572643445,8.590651658580255,9.357441799362681,0,-.0016682682427209,1.703636187713811,43.69954318611931,-6.294605943251424,85.1992923240858,43.93813644969431,36.63966047406524,51.38414696905539,45.88068375193107,44.5400064807268,43.72995129005363
evreg15,4.relative_year_bin_aux#1.treat,34.22866017087353,138.9068534805163,-10.38195486285022,-12.35036914590427,-8.616587776193926,-2.725948340278809,4.967614108670808,12.73283830038215,15.87542338841604,18.43155228624047,22.53413450199981,0,-.011192352119057,1.953605330810155,137.121552898074,-.0522198749691636,43.93813644969431,131.2631614425387,26.75522161458388,110.3665745030848,72.91957048189303,73.00385364419712,68.53152381632714
evreg15,6.relative_year_bin_aux#1.treat,48.62671584268415,138.9068534805163,-13.47815006664915,-11.71885718804702,-8.175617951576367,-4.398835208793175,4.229452138265231,8.094299459517167,10.53055073928477,11.97523387538554,14.13457086555685,0,-.0073774932673845,1.785921723119349,12.37460251725326,-23.20361064354896,36.63966047406524,26.75522161458388,76.77361616168659,60.81039444239092,46.59835567881392,33.35636111065713,19.48349528716667
evreg15,7.relative_year_bin_aux#1.treat,81.36439564635631,138.9068534805163,-22.31433920597769,-22.17970006512368,-15.02927458234227,-5.485090741013994,10.21870767805902,22.40847576995223,27.65303485214541,31.77491129508163,36.22584519750025,0,-.0168562788321514,4.033166867766325,127.0176140731405,-20.73406990980081,51.38414696905539,110.3665745030848,60.81039444239092,176.0940492542522,100.670614372835,91.26435231903869,67.05995377727467
evreg15,8.relative_year_bin_aux#1.treat,34.35128552290725,138.9068534805163,-18.46127675369009,-16.92974413629774,-11.11412067370363,-4.557166353404035,6.986626462097049,14.05033587532158,17.60919564726427,20.36675689702888,23.73468153446589,0,-.0098314841619066,2.241769991486142,136.8295779326584,-6.773531237724455,45.88068375193107,72.91957048189303,46.59835567881392,100.670614372835,105.9516178761296,98.46991825246555,65.4770142747676
evreg15,9.relative_year_bin_aux#1.treat,34.78008889700151,138.9068534805163,-16.45981125311435,-16.23971665843614,-10.92344354581074,-4.453283056148081,6.552077633447026,13.39476317077975,16.7846422279503,19.20320257410819,24.03607388577174,0,-.0136981085149648,2.256142560704546,122.9761828069632,-.3799851929301883,44.5400064807268,73.00385364419712,33.35636111065713,91.26435231903869,98.46991825246555,132.653943494584,105.5092492742686
evreg15,10.relative_year_bin_aux#1.treat,5.608645266940176,138.9068534805163,-26.45785164722265,-25.98446427464038,-17.80945719234572,-6.37939594894809,12.60473247658843,24.08555086791337,29.35913011994361,34.37562915804288,38.21553359666202,0,-.0213463949193676,4.366761735751092,85.49682592666262,-17.54325235943771,43.72995129005363,68.53152381632714,19.48349528716667,67.05995377727467,65.4770142747676,105.5092492742686,332.1319393110787
evreg16,1bn.relative_year_bin_aux,57.00357619389352,138.9068534805163,189.9396009213507,141.0887675839148,92.19476290763075,45.01714300681598,-51.93261374365935,-91.07908921972172,-117.5956985473166,-138.9830010379077,-157.8588360041691,0,-.0001096966144981,-13.69679047917868,29.2887908705261,16.53096592592287,-10.35584590048201,-10.38196457611692,-13.47816335212409,-22.31436105237971,-18.46129466340145,-16.45982700614352,-26.45787887400513
evreg16,2.relative_year_bin_aux,76.30749115431281,138.9068534805163,141.0887675839148,113.1180942218371,74.34403816684319,35.16911848207155,-41.25233393035042,-73.56224817093468,-95.63172273146233,-113.3094553159765,-131.2744142970819,0,-.0061377085502882,-10.47901418978516,15.03319307924678,16.35548848990313,-9.403777773727507,-12.35038175410204,-11.71886915550682,-22.17972251229137,-16.92976102762164,-16.23973277880645,-25.98449159654031
evreg16,3.relative_year_bin_aux,78.71466365546769,138.9068534805163,92.19476290763075,74.34403816684319,50.19877355418534,24.21342218818237,-26.25460136620089,-47.36068600836792,-62.3849326668114,-74.3129471561018,-87.64414070967979,0,-.0077379761456944,-6.598977603640745,9.429065088088953,10.37205023361447,-6.078577337341305,-8.616596654178135,-8.175626325718795,-15.02928987470955,-11.11413175989742,-10.92345442863341,-17.80947594400382
evreg16,4.relative_year_bin_aux,26.10599456903078,138.9068534805163,45.01714300681598,35.16911848207155,24.21342218818237,13.90934167057038,-12.01209294379313,-20.77963914107785,-27.72120348391844,-32.45677096108503,-39.49447889471313,0,-.0032311067980193,-3.520369630380637,6.946612406847691,3.715178919245523,-2.78513283674241,-2.725950818892022,-4.398839603163307,-5.485095977581965,-4.557170626257104,-4.453287234262106,-6.37940230578309
evreg16,6.relative_year_bin_aux,25.68928429358523,138.9068534805163,-51.93261374365935,-41.25233393035042,-26.25460136620089,-12.01209294379313,20.24102566050309,33.73453251607906,40.97403289745654,46.9159317285872,50.35070037450827,0,-.0098457109283419,4.663682279958993,-5.492602682662848,-6.916217283878847,3.128118742277244,4.967619483963329,4.229456580436158,10.2187187111235,6.986633743227012,6.552084477040063,12.60474630398807
evreg16,7.relative_year_bin_aux,-12.61396199373416,138.9068534805163,-91.07908921972172,-73.56224817093468,-47.36068600836792,-20.77963914107785,33.73453251607906,61.40218989745185,76.41433993717854,88.65002955493992,97.07004075354146,0,-.0096004439825021,7.147175634367748,-5.055791824870214,-12.46208977665894,5.976717095435609,12.73285224899709,8.094307970605719,22.40849997205964,14.05035055766882,13.39477728564598,24.08557751742872
evreg16,8.relative_year_bin_aux,-72.45192168202281,138.9068534805163,-117.5956985473166,-95.63172273146233,-62.3849326668114,-27.72120348391844,40.97403289745654,76.41433993717854,98.54503006946885,116.15653575981,130.3781425528628,0,.0043862092939855,8.345518647879178,-5.361387876954255,-15.91403213105832,7.630523278620102,15.87544065394343,10.53056164024621,27.65306447070104,17.6092138479685,16.78465975448326,29.35916241969648
evreg16,9.relative_year_bin_aux,-125.3319104209023,138.9068534805163,-138.9830010379077,-113.3094553159765,-74.3129471561018,-32.45677096108503,46.9159317285872,88.65002955493992,116.15653575981,140.1504417132125,159.5245461948683,0,.0169524672163046,9.516469857341203,-4.28858789381787,-18.54656273103633,8.590659065447177,18.43157222892846,11.97524622481099,31.77494531160335,20.36677789105951,19.20322254157526,34.37566687407001
evreg16,10.relative_year_bin_aux,-202.4042431972752,138.9068534805163,-157.8588360041691,-131.2744142970819,-87.64414070967979,-39.49447889471313,50.35070037450827,97.07004075354146,130.3781425528628,159.5245461948683,199.6040204191795,0,.0323170306460288,10.43532965554643,-2.065913672104879,-19.19848430628635,9.357449645580507,22.53415881857636,14.1345854596828,36.22588371795747,23.73470592515602,24.03609889199679,38.21557508459757
evreg16,1o.treat,0,138.9068534805163,0,0,0,0,0,0,0,0,0,0,0,0,0,0,0,0,0,0,0,0,0
evreg16,wind_direction,-.7463279792390521,138.9068534805163,-.0001096966144981,-.0061377085502882,-.0077379761456944,-.0032311067980193,-.0098457109283419,-.0096004439825021,.0043862092939855,.0169524672163046,.0323170306460288,0,.0002241235712454,-.0058869857428301,.0278952348260174,.0000775665884579,-.0016682705464854,-.0111923656003326,-.0073775035433323,-.0168562996479442,-.0098314974013815,-.013698126050263,-.0213464217561444
evreg16,av_wind_speed,89.26348939813381,138.9068534805163,-13.69679047917868,-10.47901418978516,-6.598977603640745,-3.520369630380637,4.663682279958993,7.147175634367748,8.345518647879178,9.516469857341203,10.43532965554643,0,-.0058869857428301,6.132885574338009,-3.221425281250379,-1.418022605194222,1.703637831073381,1.953607396522892,1.785923522996667,4.033171297714012,2.241772368839372,2.256144972543963,4.366766656179083
evreg16,1bn.relative_year_bin_aux#1.treat,-104.9273190666722,138.9068534805163,29.2887908705261,15.03319307924678,9.429065088088953,6.946612406847691,-5.492602682662848,-5.055791824870214,-5.361387876954255,-4.28858789381787,-2.065913672104879,0,.0278952348260174,-3.221425281250379,937.0537256913892,49.03532582489208,43.69959661564574,137.1217157503867,12.37460285915858,127.0177454248242,136.82972384818,122.9763167758629,85.49691851154866
evreg16,2.relative_year_bin_aux#1.treat,-15.84085281101756,138.9068534805163,16.53096592592287,16.35548848990313,10.37205023361447,3.715178919245523,-6.916217283878847,-12.46208977665894,-15.91403213105832,-18.54656273103633,-19.19848430628635,0,.0000775665884579,-1.418022605194222,49.03532582489208,152.5527273822831,-6.294613738392753,-.0522203320215282,-23.20362592261179,-20.73408406477448,-6.773533441029853,-.3799794570484198,-17.54326516259602
evreg16,3.relative_year_bin_aux#1.treat,17.44238740656937,138.9068534805163,-10.35584590048201,-9.403777773727507,-6.078577337341305,-2.78513283674241,3.128118742277244,5.976717095435609,7.630523278620102,8.590659065447177,9.357449645580507,0,-.0016682705464854,1.703637831073381,43.69959661564574,-6.294613738392753,85.19938952733743,43.93818595091677,36.63969282268113,51.38419493655629,45.88073153700557,44.54005279408044,43.72999387944062
evreg16,4.relative_year_bin_aux#1.treat,34.22866017078926,138.9068534805163,-10.38196457611692,-12.35038175410204,-8.616596654178135,-2.725950818892022,4.967619483963329,12.73285224899709,15.87544065394343,18.43157222892846,22.53415881857636,0,-.0111923656003326,1.953607396522892,137.1217157503867,-.0522203320215282,43.93818595091677,131.2633084567109,26.75524539663856,110.3666864031979,72.91964492368218,73.00392882194494,68.53159324619412
evreg16,6.relative_year_bin_aux#1.treat,48.62671584426437,138.9068534805163,-13.47816335212409,-11.71886915550682,-8.175626325718795,-4.398839603163307,4.229456580436158,8.094307970605719,10.53056164024621,11.97524622481099,14.1345854596828,0,-.0073775035433323,1.785923522996667,12.37460285915858,-23.20362592261179,36.63969282268113,26.75524539663856,76.77369421717702,60.81045158622688,46.59840048771945,33.35639175545288,19.48351170386263
evreg16,7.relative_year_bin_aux#1.treat,81.36439564753674,138.9068534805163,-22.31436105237971,-22.17972251229137,-15.02928987470955,-5.485095977581965,10.2187187111235,22.40849997205964,27.65306447070104,31.77494531160335,36.22588371795747,0,-.0168562996479442,4.033171297714012,127.0177454248242,-20.73408406477448,51.38419493655629,110.3666864031979,60.81045158622688,176.094222683111,100.6707119459824,91.26443865658339,67.06001805047676
evreg16,8.relative_year_bin_aux#1.treat,34.35128552434333,138.9068534805163,-18.46129466340145,-16.92976102762164,-11.11413175989742,-4.557170626257104,6.986633743227012,14.05035055766882,17.6092138479685,20.36677789105951,23.73470592515602,0,-.0098314974013815,2.241772368839372,136.82972384818,-6.773533441029853,45.88073153700557,72.91964492368218,46.59840048771945,100.6707119459824,105.9517283014421,98.47001983290878,65.47708087483667
evreg16,9.relative_year_bin_aux#1.treat,34.78008890079236,138.9068534805163,-16.45982700614352,-16.23973277880645,-10.92345442863341,-4.453287234262106,6.552084477040063,13.39477728564598,16.78465975448326,19.20322254157526,24.03609889199679,0,-.013698126050263,2.256144972543963,122.9763167758629,-.3799794570484198,44.54005279408044,73.00392882194494,33.35639175545288,91.26443865658339,98.47001983290878,132.6540834335894,105.5093609411494
evreg16,10.relative_year_bin_aux#1.treat,5.608645269538748,138.9068534805163,-26.45787887400513,-25.98449159654031,-17.80947594400382,-6.37940230578309,12.60474630398807,24.08557751742872,29.35916241969648,34.37566687407001,38.21557508459757,0,-.0213464217561444,4.366766656179083,85.49691851154866,-17.54326516259602,43.72999387944062,68.53159324619412,19.48351170386263,67.06001805047676,65.47708087483667,105.5093609411494,332.1323132844479
evreg17,1bno.relative_year_bin_aux,0,138.9068534805163,0,0,0,0,0,0,0,0,0,0,0,0,0,0,0,0,0,0,0,0,0
evreg17,2o.relative_year_bin_aux,0,138.9068534805163,0,0,0,0,0,0,0,0,0,0,0,0,0,0,0,0,0,0,0,0,0
evreg17,3o.relative_year_bin_aux,0,138.9068534805163,0,0,0,0,0,0,0,0,0,0,0,0,0,0,0,0,0,0,0,0,0
evreg17,4o.relative_year_bin_aux,0,138.9068534805163,0,0,0,0,0,0,0,0,0,0,0,0,0,0,0,0,0,0,0,0,0
evreg17,6o.relative_year_bin_aux,0,138.9068534805163,0,0,0,0,0,0,0,0,0,0,0,0,0,0,0,0,0,0,0,0,0
evreg17,7o.relative_year_bin_aux,0,138.9068534805163,0,0,0,0,0,0,0,0,0,0,0,0,0,0,0,0,0,0,0,0,0
evreg17,8o.relative_year_bin_aux,0,138.9068534805163,0,0,0,0,0,0,0,0,0,0,0,0,0,0,0,0,0,0,0,0,0
evreg17,9o.relative_year_bin_aux,0,138.9068534805163,0,0,0,0,0,0,0,0,0,0,0,0,0,0,0,0,0,0,0,0,0
evreg17,10o.relative_year_bin_aux,0,138.9068534805163,0,0,0,0,0,0,0,0,0,0,0,0,0,0,0,0,0,0,0,0,0
evreg17,1o.treat,0,138.9068534805163,0,0,0,0,0,0,0,0,0,0,0,0,0,0,0,0,0,0,0,0,0
evreg17,wind_direction,-.3894955158186098,138.9068534805163,0,0,0,0,0,0,0,0,0,0,.0001371654336941,-.0087147284215635,.0398395345361256,.0200542573523087,.0128645294488524,.0071000147063072,-.0077253271328505,-.0030185996450651,.0090695396059238,.0152057398823381,.0152363990255797
evreg17,av_wind_speed,89.29385475100042,138.9068534805163,0,0,0,0,0,0,0,0,0,0,-.0087147284215635,22.25244092403049,-11.84903625243776,-4.020393473097189,-2.07828880468018,-1.024542360473156,2.561241186794209,2.87795402212741,-1.60703561791029,-3.201693015481808,-1.409609155420351
evreg17,1bn.relative_year_bin_aux#1.treat,-210.9572990873291,138.9068534805163,0,0,0,0,0,0,0,0,0,0,.0398395345361256,-11.84903625243776,1158.819349526485,129.7567218745594,98.50796453677336,181.6334226378904,17.0322941080026,172.3138467668909,206.9926558343843,189.2665720493843,115.921835039951
evreg17,2.relative_year_bin_aux#1.treat,-131.0536179536062,138.9068534805163,0,0,0,0,0,0,0,0,0,0,.0200542573523087,-4.020393473097189,129.7567218745594,154.6500871931297,17.14815684021533,19.4368200990786,-35.17464452262568,-21.53793717494278,10.47038520994287,30.20080240251378,18.42870907732129
evreg17,3.relative_year_bin_aux#1.treat,-69.62741486798198,138.9068534805163,0,0,0,0,0,0,0,0,0,0,.0128645294488524,-2.07828880468018,98.50796453677336,17.14815684021533,95.33898036991943,53.01960353252721,28.76711554378234,51.0867856026878,59.01160877889111,59.90178434084846,43.38559384138878
evreg17,4.relative_year_bin_aux#1.treat,-42.44802748646597,138.9068534805163,0,0,0,0,0,0,0,0,0,0,.0071000147063072,-1.024542360473156,181.6334226378904,19.4368200990786,53.01960353252721,113.7753392211276,30.13376116989331,100.6197650703219,84.29549803736053,75.17017008823953,42.08109566649998
evreg17,6.relative_year_bin_aux#1.treat,62.19117308464655,138.9068534805163,0,0,0,0,0,0,0,0,0,0,-.0077253271328505,2.561241186794209,17.0322941080026,-35.17464452262568,28.76711554378234,30.13376116989331,83.03339102190833,75.86505634398816,43.37772753154262,23.19915022370113,-6.680765195629483
evreg17,7.relative_year_bin_aux#1.treat,49.67866602874735,138.9068534805163,0,0,0,0,0,0,0,0,0,0,-.0030185996450651,2.87795402212741,172.3138467668909,-21.53793717494278,51.0867856026878,100.6197650703219,75.86505634398816,190.6711184497258,110.4429540223661,83.13490514174474,12.76645425765288
evreg17,8.relative_year_bin_aux#1.treat,-43.15209854190441,138.9068534805163,0,0,0,0,0,0,0,0,0,0,.0090695396059238,-1.60703561791029,206.9926558343843,10.47038520994287,59.01160877889111,84.29549803736053,43.37772753154262,110.4429540223661,126.7384314244263,117.1739797436057,52.30850812916808
evreg17,9.relative_year_bin_aux#1.treat,-82.31661586971062,138.9068534805163,0,0,0,0,0,0,0,0,0,0,.0152057398823381,-3.201693015481808,189.2665720493843,30.20080240251378,59.90178434084846,75.17017008823953,23.19915022370113,83.13490514174474,117.1739797436057,149.1893766556711,94.35263158468074
evreg17,10.relative_year_bin_aux#1.treat,-141.101914381574,138.9068534805163,0,0,0,0,0,0,0,0,0,0,.0152363990255797,-1.409609155420351,115.921835039951,18.42870907732129,43.38559384138878,42.08109566649998,-6.680765195629483,12.76645425765288,52.30850812916808,94.35263158468074,307.4896684857562
evreg18,1bno.relative_year_bin_aux,0,138.9068534805163,0,0,0,0,0,0,0,0,0,0,0,0,0,0,0,0,0,0,0,0,0
evreg18,2o.relative_year_bin_aux,0,138.9068534805163,0,0,0,0,0,0,0,0,0,0,0,0,0,0,0,0,0,0,0,0,0
evreg18,3o.relative_year_bin_aux,0,138.9068534805163,0,0,0,0,0,0,0,0,0,0,0,0,0,0,0,0,0,0,0,0,0
evreg18,4o.relative_year_bin_aux,0,138.9068534805163,0,0,0,0,0,0,0,0,0,0,0,0,0,0,0,0,0,0,0,0,0
evreg18,6o.relative_year_bin_aux,0,138.9068534805163,0,0,0,0,0,0,0,0,0,0,0,0,0,0,0,0,0,0,0,0,0
evreg18,7o.relative_year_bin_aux,0,138.9068534805163,0,0,0,0,0,0,0,0,0,0,0,0,0,0,0,0,0,0,0,0,0
evreg18,8o.relative_year_bin_aux,0,138.9068534805163,0,0,0,0,0,0,0,0,0,0,0,0,0,0,0,0,0,0,0,0,0
evreg18,9o.relative_year_bin_aux,0,138.9068534805163,0,0,0,0,0,0,0,0,0,0,0,0,0,0,0,0,0,0,0,0,0
evreg18,10o.relative_year_bin_aux,0,138.9068534805163,0,0,0,0,0,0,0,0,0,0,0,0,0,0,0,0,0,0,0,0,0
evreg18,1o.treat,0,138.9068534805163,0,0,0,0,0,0,0,0,0,0,0,0,0,0,0,0,0,0,0,0,0
evreg18,wind_direction,-.3847187527878962,138.9068534805163,0,0,0,0,0,0,0,0,0,0,.0001322375019969,-.0084045827373348,.0240005709520102,.0062644513015589,.003615626606659,.0028927952320278,-.0054167106725294,-.0128974919400359,-.0037628105817923,.0059323208086478,.0078089150056622
evreg18,av_wind_speed,87.77907148216038,138.9068534805163,0,0,0,0,0,0,0,0,0,0,-.0084045827373348,21.96610309947837,-7.553134622976455,-.2064710336064327,.5757900354738619,.2306679544192314,1.844300116541146,5.570651910233456,2.308761332263217,-.367339965762655,.8016097086575638
evreg18,1bn.relative_year_bin_aux#1.treat,-130.0700321431867,138.9068534805163,0,0,0,0,0,0,0,0,0,0,.0240005709520102,-7.553134622976455,943.2157993690697,69.10084779272245,68.05775091572025,153.5517054737741,17.28444677617339,125.5822099112002,169.2101851896516,150.1542448529914,81.73856100307958
evreg18,2.relative_year_bin_aux#1.treat,-51.9324051094726,138.9068534805163,0,0,0,0,0,0,0,0,0,0,.0062644513015589,-.2064710336064327,69.10084779272245,128.9779537142334,.888597951290293,8.936074609371635,-22.88577680054351,-12.09067503026584,-3.368689003204276,10.8122263973556,3.656546997865225
evreg18,3.relative_year_bin_aux#1.treat,-16.93347601601621,138.9068534805163,0,0,0,0,0,0,0,0,0,0,.003615626606659,.5757900354738619,68.05775091572025,.888597951290293,90.47199031728414,52.15503717794257,36.37099003290022,53.99506775540171,58.42818540500458,53.09537478781387,34.34863666587719
evreg18,4.relative_year_bin_aux#1.treat,-21.32124497537212,138.9068534805163,0,0,0,0,0,0,0,0,0,0,.0028927952320278,.2306679544192314,153.5517054737741,8.936074609371635,52.15503717794257,114.6225590710728,27.11103114235235,90.21743312082207,84.57423387420641,71.04480522491056,34.31488043671335
evreg18,6.relative_year_bin_aux#1.treat,54.58752952790186,138.9068534805163,0,0,0,0,0,0,0,0,0,0,-.0054167106725294,1.844300116541146,17.28444677617339,-22.88577680054351,36.37099003290022,27.11103114235235,81.23859997925071,69.97558772348,51.13365673769108,30.14834424688333,.7633883546507505
evreg18,7.relative_year_bin_aux#1.treat,100.695386998539,138.9068534805163,0,0,0,0,0,0,0,0,0,0,-.0128974919400359,5.570651910233456,125.5822099112002,-12.09067503026584,53.99506775540171,90.21743312082207,69.97558772348,178.1171511987759,115.2785697382099,75.98925904385761,9.953150802354742
evreg18,8.relative_year_bin_aux#1.treat,23.38686537673999,138.9068534805163,0,0,0,0,0,0,0,0,0,0,-.0037628105817923,2.308761332263217,169.2101851896516,-3.368689003204276,58.42818540500458,84.57423387420641,51.13365673769108,115.2785697382099,131.1906015681901,109.9822066852797,41.12973072651692
evreg18,9.relative_year_bin_aux#1.treat,-34.41665747312222,138.9068534805163,0,0,0,0,0,0,0,0,0,0,.0059323208086478,-.367339965762655,150.1542448529914,10.8122263973556,53.09537478781387,71.04480522491056,30.14834424688333,75.98925904385761,109.9822066852797,136.6311332403828,80.41022250680565
evreg18,10.relative_year_bin_aux#1.treat,-101.5588984115503,138.9068534805163,0,0,0,0,0,0,0,0,0,0,.0078089150056622,.8016097086575638,81.73856100307958,3.656546997865225,34.34863666587719,34.31488043671335,.7633883546507505,9.953150802354742,41.12973072651692,80.41022250680565,292.8025117867871
evreg19,1bno.relative_year_bin_aux,0,138.9068534805163,0,0,0,0,0,0,0,0,0,0,0,0,0,0,0,0,0,0,0,0,0
evreg19,2o.relative_year_bin_aux,0,138.9068534805163,0,0,0,0,0,0,0,0,0,0,0,0,0,0,0,0,0,0,0,0,0
evreg19,3o.relative_year_bin_aux,0,138.9068534805163,0,0,0,0,0,0,0,0,0,0,0,0,0,0,0,0,0,0,0,0,0
evreg19,4o.relative_year_bin_aux,0,138.9068534805163,0,0,0,0,0,0,0,0,0,0,0,0,0,0,0,0,0,0,0,0,0
evreg19,6o.relative_year_bin_aux,0,138.9068534805163,0,0,0,0,0,0,0,0,0,0,0,0,0,0,0,0,0,0,0,0,0
evreg19,7o.relative_year_bin_aux,0,138.9068534805163,0,0,0,0,0,0,0,0,0,0,0,0,0,0,0,0,0,0,0,0,0
evreg19,8o.relative_year_bin_aux,0,138.9068534805163,0,0,0,0,0,0,0,0,0,0,0,0,0,0,0,0,0,0,0,0,0
evreg19,9o.relative_year_bin_aux,0,138.9068534805163,0,0,0,0,0,0,0,0,0,0,0,0,0,0,0,0,0,0,0,0,0
evreg19,10o.relative_year_bin_aux,0,138.9068534805163,0,0,0,0,0,0,0,0,0,0,0,0,0,0,0,0,0,0,0,0,0
evreg19,1o.treat,0,138.9068534805163,0,0,0,0,0,0,0,0,0,0,0,0,0,0,0,0,0,0,0,0,0
evreg19,wind_direction,-.3918539363574858,138.9068534805163,0,0,0,0,0,0,0,0,0,0,.0001319197068854,-.0061300437034578,.0157178703430903,-.0007411401313071,.0008229336980818,-.0044087270357037,-.003872147337696,-.0057510592813243,-.0040919127240538,-.0058544491665612,-.0074502059398831
evreg19,av_wind_speed,86.98705091213722,138.9068534805163,0,0,0,0,0,0,0,0,0,0,-.0061300437034578,21.84331365087817,-5.631112568119552,1.057156927295003,1.474825080563051,2.009864273758349,1.962977592384064,4.79444569039299,1.986590789154441,2.725571425242227,5.926490193677775
evreg19,1bn.relative_year_bin_aux#1.treat,-107.5781768583467,138.9068534805163,0,0,0,0,0,0,0,0,0,0,.0157178703430903,-5.631112568119552,879.6190578051404,51.17000604905915,36.89383253849005,116.1779829633206,10.46185143510906,112.7010046739489,129.0398033987092,114.7810392982764,73.04793682036481
evreg19,2.relative_year_bin_aux#1.treat,-19.14026087837267,138.9068534805163,0,0,0,0,0,0,0,0,0,0,-.0007411401313071,1.057156927295003,51.17000604905915,138.1826341877548,-1.011778514856166,6.581141040621793,-14.29766494422753,-12.79045287532539,.2007842373994766,11.69905110539556,-4.480744407032073
evreg19,3.relative_year_bin_aux#1.treat,16.66194483018591,138.9068534805163,0,0,0,0,0,0,0,0,0,0,.0008229336980818,1.474825080563051,36.89383253849005,-1.011778514856166,79.78714592567437,34.75918295617495,32.16084512361909,42.25283070792054,40.29589692737297,39.68628096356982,40.37686039097241
evreg19,4.relative_year_bin_aux#1.treat,30.52834526258615,138.9068534805163,0,0,0,0,0,0,0,0,0,0,-.0044087270357037,2.009864273758349,116.1779829633206,6.581141040621793,34.75918295617495,98.9124592495382,19.83464577362374,80.40147403178513,57.98518787644299,56.38333894558131,44.75150732677853
evreg19,6.relative_year_bin_aux#1.treat,43.52159941573592,138.9068534805163,0,0,0,0,0,0,0,0,0,0,-.003872147337696,1.962977592384064,10.46185143510906,-14.29766494422753,32.16084512361909,19.83464577362374,72.74201885890946,51.93948486099755,40.73615534753198,28.87773346020246,12.01911452795692
evreg19,7.relative_year_bin_aux#1.treat,77.52332273355651,138.9068534805163,0,0,0,0,0,0,0,0,0,0,-.0057510592813243,4.79444569039299,112.7010046739489,-12.79045287532539,42.25283070792054,80.40147403178513,51.93948486099755,146.2321268019089,86.03996940617601,75.89638110457176,42.43884134911241
evreg19,8.relative_year_bin_aux#1.treat,35.61088519699519,138.9068534805163,0,0,0,0,0,0,0,0,0,0,-.0040919127240538,1.986590789154441,129.0398033987092,.2007842373994766,40.29589692737297,57.98518787644299,40.73615534753198,86.03996940617601,98.09456211475613,90.41296509668894,53.2088369770945
evreg19,9.relative_year_bin_aux#1.treat,30.818451524012,138.9068534805163,0,0,0,0,0,0,0,0,0,0,-.0058544491665612,2.725571425242227,114.7810392982764,11.69905110539556,39.68628096356982,56.38333894558131,28.87773346020246,75.89638110457176,90.41296509668894,121.2477335460921,89.90220443754652
evreg19,10.relative_year_bin_aux#1.treat,-1.435051830907663,138.9068534805163,0,0,0,0,0,0,0,0,0,0,-.0074502059398831,5.926490193677775,73.04793682036481,-4.480744407032073,40.37686039097241,44.75150732677853,12.01911452795692,42.43884134911241,53.2088369770945,89.90220443754652,289.2085965464494
evreg20,1bno.relative_year_bin_aux,0,138.9068534805163,0,0,0,0,0,0,0,0,0,0,0,0,0,0,0,0,0,0,0,0,0
evreg20,2o.relative_year_bin_aux,0,138.9068534805163,0,0,0,0,0,0,0,0,0,0,0,0,0,0,0,0,0,0,0,0,0
evreg20,3o.relative_year_bin_aux,0,138.9068534805163,0,0,0,0,0,0,0,0,0,0,0,0,0,0,0,0,0,0,0,0,0
evreg20,4o.relative_year_bin_aux,0,138.9068534805163,0,0,0,0,0,0,0,0,0,0,0,0,0,0,0,0,0,0,0,0,0
evreg20,6o.relative_year_bin_aux,0,138.9068534805163,0,0,0,0,0,0,0,0,0,0,0,0,0,0,0,0,0,0,0,0,0
evreg20,7o.relative_year_bin_aux,0,138.9068534805163,0,0,0,0,0,0,0,0,0,0,0,0,0,0,0,0,0,0,0,0,0
evreg20,8o.relative_year_bin_aux,0,138.9068534805163,0,0,0,0,0,0,0,0,0,0,0,0,0,0,0,0,0,0,0,0,0
evreg20,9o.relative_year_bin_aux,0,138.9068534805163,0,0,0,0,0,0,0,0,0,0,0,0,0,0,0,0,0,0,0,0,0
evreg20,10o.relative_year_bin_aux,0,138.9068534805163,0,0,0,0,0,0,0,0,0,0,0,0,0,0,0,0,0,0,0,0,0
evreg20,1o.treat,0,138.9068534805163,0,0,0,0,0,0,0,0,0,0,0,0,0,0,0,0,0,0,0,0,0
evreg20,wind_direction,-.3871395748492697,138.9068534805163,0,0,0,0,0,0,0,0,0,0,.0001342371620502,-.0087811706534153,.0305749671899932,.0123862167206482,.0078229614629037,.004895993154309,-.006856672765791,-.0118726100609908,-.0024949925388184,.0056869629593108,.0063569055103873
evreg20,av_wind_speed,88.63554472200957,138.9068534805163,0,0,0,0,0,0,0,0,0,0,-.0087811706534153,22.11076645282304,-9.304949357785478,-1.906625565931134,-.6209811877796403,-.3499545448802996,2.295536840936517,5.351685303787626,1.950624793079819,-.2540993617931614,1.303077787444423
evreg20,1bn.relative_year_bin_aux#1.treat,-161.4523968908345,138.9068534805163,0,0,0,0,0,0,0,0,0,0,.0305749671899932,-9.304949357785478,1037.078413982266,90.29811839334975,77.76753681529426,165.5106838595024,12.81861857283724,131.687379426492,173.9762750668728,159.0588876486282,91.10245195136456
evreg20,2.relative_year_bin_aux#1.treat,-84.91986479847688,138.9068534805163,0,0,0,0,0,0,0,0,0,0,.0123862167206482,-1.906625565931134,90.29811839334975,137.4563950742832,5.731669982980384,12.41347091586584,-28.5134052920247,-21.45932075248792,-5.723644328372025,11.90791855948022,1.93692505188587
evreg20,3.relative_year_bin_aux#1.treat,-40.17461072693312,138.9068534805163,0,0,0,0,0,0,0,0,0,0,.0078229614629037,-.6209811877796403,77.76753681529426,5.731669982980384,90.73841763238011,51.32517711469794,33.09147198326423,47.75545269114176,54.11836545337676,52.61389008857585,36.23445700584735
evreg20,4.relative_year_bin_aux#1.treat,-31.68356318944147,138.9068534805163,0,0,0,0,0,0,0,0,0,0,.004895993154309,-.3499545448802996,165.5106838595024,12.41347091586584,51.32517711469794,113.6075474690647,27.39823949579878,90.19651560136019,82.40267221654383,72.17732230258619,38.92920100319291
evreg20,6.relative_year_bin_aux#1.treat,59.80434388752057,138.9068534805163,0,0,0,0,0,0,0,0,0,0,-.006856672765791,2.295536840936517,12.81861857283724,-28.5134052920247,33.09147198326423,27.39823949579878,82.82844661049202,74.18453967852371,52.26569480153174,31.41310858504133,3.011455239274149
evreg20,7.relative_year_bin_aux#1.treat,94.65063667432555,138.9068534805163,0,0,0,0,0,0,0,0,0,0,-.0118726100609908,5.351685303787626,131.687379426492,-21.45932075248792,47.75545269114176,90.19651560136019,74.18453967852371,183.0058333846897,115.8082400209556,81.86353770084122,18.47254506734073
evreg20,8.relative_year_bin_aux#1.treat,16.46357912986194,138.9068534805163,0,0,0,0,0,0,0,0,0,0,-.0024949925388184,1.950624793079819,173.9762750668728,-5.723644328372025,54.11836545337676,82.40267221654383,52.26569480153174,115.8082400209556,128.8939014094034,111.6202361045289,46.9640362075676
evreg20,9.relative_year_bin_aux#1.treat,-34.02245650808506,138.9068534805163,0,0,0,0,0,0,0,0,0,0,.0056869629593108,-.2540993617931614,159.0588876486282,11.90791855948022,52.61389008857585,72.17732230258619,31.41310858504133,81.86353770084122,111.6202361045289,138.571561797608,84.65903904534687
evreg20,10.relative_year_bin_aux#1.treat,-96.03777646662124,138.9068534805163,0,0,0,0,0,0,0,0,0,0,.0063569055103873,1.303077787444423,91.10245195136456,1.93692505188587,36.23445700584735,38.92920100319291,3.011455239274149,18.47254506734073,46.9640362075676,84.65903904534687,293.1436781907351
evreg21,1bno.relative_year_bin_aux,0,138.9068534805163,0,0,0,0,0,0,0,0,0,0,0,0,0,0,0,0,0,0,0,0,0
evreg21,2o.relative_year_bin_aux,0,138.9068534805163,0,0,0,0,0,0,0,0,0,0,0,0,0,0,0,0,0,0,0,0,0
evreg21,3o.relative_year_bin_aux,0,138.9068534805163,0,0,0,0,0,0,0,0,0,0,0,0,0,0,0,0,0,0,0,0,0
evreg21,4o.relative_year_bin_aux,0,138.9068534805163,0,0,0,0,0,0,0,0,0,0,0,0,0,0,0,0,0,0,0,0,0
evreg21,6o.relative_year_bin_aux,0,138.9068534805163,0,0,0,0,0,0,0,0,0,0,0,0,0,0,0,0,0,0,0,0,0
evreg21,7o.relative_year_bin_aux,0,138.9068534805163,0,0,0,0,0,0,0,0,0,0,0,0,0,0,0,0,0,0,0,0,0
evreg21,8o.relative_year_bin_aux,0,138.9068534805163,0,0,0,0,0,0,0,0,0,0,0,0,0,0,0,0,0,0,0,0,0
evreg21,9o.relative_year_bin_aux,0,138.9068534805163,0,0,0,0,0,0,0,0,0,0,0,0,0,0,0,0,0,0,0,0,0
evreg21,10o.relative_year_bin_aux,0,138.9068534805163,0,0,0,0,0,0,0,0,0,0,0,0,0,0,0,0,0,0,0,0,0
evreg21,1o.treat,0,138.9068534805163,0,0,0,0,0,0,0,0,0,0,0,0,0,0,0,0,0,0,0,0,0
evreg21,wind_direction,-.3856687630000176,138.9068534805163,0,0,0,0,0,0,0,0,0,0,.0001349679760787,-.0079952710171142,.019269350844061,.001164661740577,.0003844666582168,-.0054450038828134,-.0047040942539312,-.0079446059318926,-.0060063755734556,-.0084583411111456,-.0133760328062838
evreg21,av_wind_speed,86.74532644987103,138.9068534805163,0,0,0,0,0,0,0,0,0,0,-.0079952710171142,21.89770021509749,-7.147269124857775,.1483287098550419,1.401347136429348,1.997903450275424,2.058886887864216,4.920940149751598,2.136382991251777,3.230255793635405,7.496262993062832
evreg21,1bn.relative_year_bin_aux#1.treat,-99.02265521973476,138.9068534805163,0,0,0,0,0,0,0,0,0,0,.019269350844061,-7.147269124857775,883.8273407958843,50.26194678567985,35.15091390351758,114.6300792208593,10.77158645717893,111.9620888428592,128.3933697759134,113.9233679823973,73.85801704457302
evreg21,2.relative_year_bin_aux#1.treat,-16.66860716018331,138.9068534805163,0,0,0,0,0,0,0,0,0,0,.001164661740577,.1483287098550419,50.26194678567985,139.9303158132732,-1.049519618718797,5.359747910710448,-15.16871078079082,-14.99593957688063,-1.568638289318978,9.01064162561466,-11.0475582530842
evreg21,3.relative_year_bin_aux#1.treat,16.93649828041247,138.9068534805163,0,0,0,0,0,0,0,0,0,0,.0003844666582168,1.401347136429348,35.15091390351758,-1.049519618718797,79.66827250103451,34.53585163170302,32.12679272820699,41.98401576439715,40.15771649281371,39.6768532657439,39.89651707623224
evreg21,4.relative_year_bin_aux#1.treat,30.73690171300776,138.9068534805163,0,0,0,0,0,0,0,0,0,0,-.0054450038828134,1.997903450275424,114.6300792208593,5.359747910710448,34.53585163170302,98.6629663141494,19.85131657551457,80.27247518140005,57.99568051675123,56.98505972611073,47.09833264799544
evreg21,6.relative_year_bin_aux#1.treat,43.24148590513498,138.9068534805163,0,0,0,0,0,0,0,0,0,0,-.0047040942539312,2.058886887864216,10.77158645717893,-15.16871078079082,32.12679272820699,19.85131657551457,72.79760112269166,52.09489792206656,40.79095341335133,29.0786949690754,13.25765174314678
evreg21,7.relative_year_bin_aux#1.treat,77.36588542076527,138.9068534805163,0,0,0,0,0,0,0,0,0,0,-.0079446059318926,4.920940149751598,111.9620888428592,-14.99593957688063,41.98401576439715,80.27247518140005,52.09489792206656,146.4043850072521,86.21422377946503,76.98301937443344,46.50768576557077
evreg21,8.relative_year_bin_aux#1.treat,35.23061420803066,138.9068534805163,0,0,0,0,0,0,0,0,0,0,-.0060063755734556,2.136382991251777,128.3933697759134,-1.568638289318978,40.15771649281371,57.99568051675123,40.79095341335133,86.21422377946503,98.18519686783,91.24891294234317,56.33997030962376
evreg21,9.relative_year_bin_aux#1.treat,29.20389630232317,138.9068534805163,0,0,0,0,0,0,0,0,0,0,-.0084583411111456,3.230255793635405,113.9233679823973,9.01064162561466,39.6768532657439,56.98505972611073,29.0786949690754,76.98301937443344,91.24891294234317,123.137422902463,95.32604121523381
evreg21,10.relative_year_bin_aux#1.treat,-4.698853625912018,138.9068534805163,0,0,0,0,0,0,0,0,0,0,-.0133760328062838,7.496262993062832,73.85801704457302,-11.0475582530842,39.89651707623224,47.09833264799544,13.25765174314678,46.50768576557077,56.33997030962376,95.32604121523381,307.0283759531212
evreg22,1bno.relative_year_bin_aux,0,138.9068534805163,0,0,0,0,0,0,0,0,0,0,0,0,0,0,0,0,0,0,0,0,0
evreg22,2o.relative_year_bin_aux,0,138.9068534805163,0,0,0,0,0,0,0,0,0,0,0,0,0,0,0,0,0,0,0,0,0
evreg22,3o.relative_year_bin_aux,0,138.9068534805163,0,0,0,0,0,0,0,0,0,0,0,0,0,0,0,0,0,0,0,0,0
evreg22,4o.relative_year_bin_aux,0,138.9068534805163,0,0,0,0,0,0,0,0,0,0,0,0,0,0,0,0,0,0,0,0,0
evreg22,6o.relative_year_bin_aux,0,138.9068534805163,0,0,0,0,0,0,0,0,0,0,0,0,0,0,0,0,0,0,0,0,0
evreg22,7o.relative_year_bin_aux,0,138.9068534805163,0,0,0,0,0,0,0,0,0,0,0,0,0,0,0,0,0,0,0,0,0
evreg22,8o.relative_year_bin_aux,0,138.9068534805163,0,0,0,0,0,0,0,0,0,0,0,0,0,0,0,0,0,0,0,0,0
evreg22,9o.relative_year_bin_aux,0,138.9068534805163,0,0,0,0,0,0,0,0,0,0,0,0,0,0,0,0,0,0,0,0,0
evreg22,10o.relative_year_bin_aux,0,138.9068534805163,0,0,0,0,0,0,0,0,0,0,0,0,0,0,0,0,0,0,0,0,0
evreg22,1o.treat,0,138.9068534805163,0,0,0,0,0,0,0,0,0,0,0,0,0,0,0,0,0,0,0,0,0
evreg22,wind_direction,-.3856687629993979,138.9068534805163,0,0,0,0,0,0,0,0,0,0,.000134968128842,-.0079952799957992,.0192693723544849,.0011646643664339,.0003844671595606,-.005445010442016,-.0047041020068083,-.0079446153595832,-.0060063822922869,-.0084583505392283,-.0133760445496329
evreg22,av_wind_speed,86.74532644975505,138.9068534805163,0,0,0,0,0,0,0,0,0,0,-.0079952799957992,21.8977246732034,-7.147277264368993,.1483287800897399,1.401348956013903,1.997905901762237,2.058889055504973,4.920944230644,2.136383658138457,3.23025755336735,7.496268513044446
evreg22,1bn.relative_year_bin_aux#1.treat,-99.02265521979831,138.9068534805163,0,0,0,0,0,0,0,0,0,0,.0192693723544849,-7.147277264368993,883.8283181018802,50.2620090686716,35.15095557089927,114.6302008203546,10.77159657905042,111.9622092745845,128.3935152783796,113.9234894555913,73.85808564865557
evreg22,2.relative_year_bin_aux#1.treat,-16.6686071602452,138.9068534805163,0,0,0,0,0,0,0,0,0,0,.0011646643664339,.1483287800897399,50.2620090686716,139.9304713415098,-1.049524550420499,5.359750060545384,-15.16871678402865,-14.99593495205939,-1.56862005964169,9.010673943888376,-11.04753784878016
evreg22,3.relative_year_bin_aux#1.treat,16.93649828036025,138.9068534805163,0,0,0,0,0,0,0,0,0,0,.0003844671595606,1.401348956013903,35.15095557089927,-1.049524550420499,79.66836271355488,34.53589258676641,32.12682639322745,41.98405362904912,40.15775239489221,39.67688758895193,39.89655313574578
evreg22,4.relative_year_bin_aux#1.treat,30.73690171295402,138.9068534805163,0,0,0,0,0,0,0,0,0,0,-.005445010442016,1.997905901762237,114.6302008203546,5.359750060545384,34.53589258676641,98.66308013911686,19.85133378470999,80.27255317794847,57.99573343519776,56.98510699108467,47.09836233669638
evreg22,6.relative_year_bin_aux#1.treat,43.24148590505434,138.9068534805163,0,0,0,0,0,0,0,0,0,0,-.0047041020068083,2.058889055504973,10.77159657905042,-15.16871678402865,32.12682639322745,19.85133378470999,72.79766828484004,52.09492992777312,40.79097550686735,29.07870539539791,13.25763448239175
evreg22,7.relative_year_bin_aux#1.treat,77.36588542078216,138.9068534805163,0,0,0,0,0,0,0,0,0,0,-.0079446153595832,4.920944230644,111.9622092745845,-14.99593495205939,41.98405362904912,80.27255317794847,52.09492992777312,146.4044950687289,86.21427683114487,76.98305916194703,46.50767535976563
evreg22,8.relative_year_bin_aux#1.treat,35.23061420800553,138.9068534805163,0,0,0,0,0,0,0,0,0,0,-.0060063822922869,2.136383658138457,128.3935152783796,-1.56862005964169,40.15775239489221,57.99573343519776,40.79097550686735,86.21427683114487,98.18527543986829,91.24898286331884,56.33998598771147
evreg22,9.relative_year_bin_aux#1.treat,29.20389630230465,138.9068534805163,0,0,0,0,0,0,0,0,0,0,-.0084583505392283,3.23025755336735,113.9234894555913,9.010673943888376,39.67688758895193,56.98510699108467,29.07870539539791,76.98305916194703,91.24898286331884,123.1375267229888,95.32609770541902
evreg22,10.relative_year_bin_aux#1.treat,-4.698853626537081,138.9068534805163,0,0,0,0,0,0,0,0,0,0,-.0133760445496329,7.496268513044446,73.85808564865557,-11.04753784878016,39.89655313574578,47.09836233669638,13.25763448239175,46.50767535976563,56.33998598771147,95.32609770541902,307.0286466195215
evreg23,1bn.relative_year_bin_aux,-126.7269128531073,138.9068534805163,500.2294960162281,374.2027290429268,246.5356026405985,121.995566746201,-137.2603865295136,-260.1184797737557,-377.5929423103952,-492.3884631681874,-583.0829656635283,0,.0419102014143739,-10.70945524235007,35.97970856652222,33.3347197272445,-12.50959066360678,-22.21761827327467,-30.91632578608032,-52.20141072355112,-35.33067646748339,-20.22997059461109,-4.332588744245795
evreg23,2.relative_year_bin_aux,-76.24331266227563,138.9068534805163,374.2027290429268,284.137167324631,186.9672489904821,91.82276046198938,-104.5274976448529,-198.0965860804936,-287.649303810022,-375.0203911577649,-443.9810286268573,0,.0272487452174161,-7.955232960112383,21.65023684394876,26.64207990523892,-11.17419150026723,-20.2271414673291,-24.54508010585307,-42.7033597112871,-29.6490638567932,-17.96045864887088,-4.956342242574607
evreg23,3.relative_year_bin_aux,-33.42525934343821,138.9068534805163,246.5356026405985,186.9672489904821,123.7885132404425,60.94952447108989,-68.41095502177443,-129.7610739042788,-188.6019467310683,-246.2560099431992,-291.9273495992442,0,.0143610776872046,-5.091998387129197,15.05202466413321,17.20645502312573,-6.935735182085253,-13.03745885274564,-16.10330630436822,-27.46520252385955,-18.81385418657012,-11.45019975029703,-4.048147452603241
evreg23,4.relative_year_bin_aux,-31.30095742237708,138.9068534805163,121.995566746201,91.82276046198938,60.94952447108989,31.21580255132641,-33.05228403335339,-62.36729520131945,-90.99840206330532,-118.7094500977269,-141.4351675087411,0,.0086469496971533,-2.648138624860023,9.191774924075093,8.065671864334739,-2.973417555329781,-5.097110434299796,-7.783481402878293,-12.25428416112333,-7.99652175233703,-4.880948971873692,-1.788088412734362
evreg23,6.relative_year_bin_aux,60.06829936550553,138.9068534805163,-137.2603865295136,-104.5274976448529,-68.41095502177443,-33.05228403335339,41.11238209945777,76.4341155657479,109.1832160967002,141.4852330506292,165.4342337678958,0,-.015372334116191,3.064129756861258,-6.151190051215958,-10.23357898601233,4.186367163110545,8.067541526383827,8.781248666384538,16.90087011946696,11.84396121533143,7.350242444451649,2.501286275193622
evreg23,7.relative_year_bin_aux,65.07710885283903,138.9068534805163,-260.1184797737557,-198.0965860804936,-129.7610739042788,-62.36729520131945,76.4341155657479,145.2728542664346,208.2548159572683,269.7537074070733,316.1904144838562,0,-.0211269625757233,5.321803343018048,-9.14710326946218,-19.29158264409695,8.583251422930893,17.45159223560485,17.54956561879191,34.63481221123544,23.75644975804308,14.71846332022895,4.781947371026658
evreg23,8.relative_year_bin_aux,56.51732320840902,138.9068534805163,-377.5929423103952,-287.649303810022,-188.6019467310683,-90.99840206330532,109.1832160967002,208.2548159572683,301.3475660742513,390.6758776070836,458.9883783905441,0,-.0172248987099545,7.356706533068885,-12.99711122275079,-27.70250710291914,12.48156732911961,24.79671749518625,25.48753971893008,48.31040807275416,33.57797745057042,21.25291351959283,6.551798436680389
evreg23,9.relative_year_bin_aux,74.72886920367797,138.9068534805163,-492.3884631681874,-375.0203911577649,-246.2560099431992,-118.7094500977269,141.4852330506292,269.7537074070733,390.6758776070836,508.1921632660516,597.6258200060552,0,-.0192412277454982,9.531900279203375,-18.48303370023945,-35.93178924670718,15.89528434032656,31.03847205966469,32.87706033946414,61.20992783985533,42.67214806301499,26.7207361877838,8.569788996847022
evreg23,10.relative_year_bin_aux,72.05424517716546,138.9068534805163,-583.0829656635283,-443.9810286268573,-291.9273495992442,-141.4351675087411,165.4342337678958,316.1904144838562,458.9883783905441,597.6258200060552,710.8582839123567,0,-.0175420391893667,11.75024627739483,-23.31191696342697,-41.5131187078497,18.11198819896378,35.75491413752768,39.16332146390422,71.87135859640601,49.54241849886835,30.73228954023444,9.118717374591196
evreg23,1o.treat,0,138.9068534805163,0,0,0,0,0,0,0,0,0,0,0,0,0,0,0,0,0,0,0,0,0
evreg23,wind_direction,-.7491953956572063,138.9068534805163,.0419102014143739,.0272487452174161,.0143610776872046,.0086469496971533,-.015372334116191,-.0211269625757233,-.0172248987099545,-.0192412277454982,-.0175420391893667,0,.0002250339425831,-.0044336850487949,.0374013634848048,.0085456656277339,.0030088811199633,.000191615191533,-.0080933060505045,-.0232578810698647,-.0071028744765621,.0061806765194295,.0103773103935622
evreg23,av_wind_speed,80.5650899646791,138.9068534805163,-10.70945524235007,-7.955232960112383,-5.091998387129197,-2.648138624860023,3.064129756861258,5.321803343018048,7.356706533068885,9.531900279203375,11.75024627739483,0,-.0044336850487949,5.406263175681048,-2.468430579584547,-.4113493494666685,1.681988865159686,1.425107434827897,1.521987063192339,3.215105715866542,2.234511832241415,1.266261695496904,1.56060271836023
evreg23,1bn.relative_year_bin_aux#1.treat,-135.2098011569601,138.9068534805163,35.97970856652222,21.65023684394876,15.05202466413321,9.191774924075093,-6.151190051215958,-9.14710326946218,-12.99711122275079,-18.48303370023945,-23.31191696342697,0,.0374013634848048,-2.468430579584547,1048.072036769577,74.25979420752246,86.92110523797191,194.0946574765051,23.06080039427479,153.0175285759877,191.1633598631269,171.5234995317533,107.0436433270647
evreg23,2.relative_year_bin_aux#1.treat,-55.48324480744822,138.9068534805163,33.3347197272445,26.64207990523892,17.20645502312573,8.065671864334739,-10.23357898601233,-19.29158264409695,-27.70250710291914,-35.93178924670718,-41.5131187078497,0,.0085456656277339,-.4113493494666685,74.25979420752246,141.8261670806172,-3.346652130356575,4.155571567869719,-30.68104198408548,-16.23976133916912,-7.727372279645436,1.774142685788785,2.110331306841727
evreg23,3.relative_year_bin_aux#1.treat,-16.42927894542623,138.9068534805163,-12.50959066360678,-11.17419150026723,-6.935735182085253,-2.973417555329781,4.186367163110545,8.583251422930893,12.48156732911961,15.89528434032656,18.11198819896378,0,.0030088811199633,1.681988865159686,86.92110523797191,-3.346652130356575,101.3030416623176,71.08860633872507,45.50421935853241,73.35477878317494,71.80323902890885,63.33831729879465,40.0189082486914
evreg23,4.relative_year_bin_aux#1.treat,-17.85596855717389,138.9068534805163,-22.21761827327467,-20.2271414673291,-13.03745885274564,-5.097110434299796,8.067541526383827,17.45159223560485,24.79671749518625,31.03847205966469,35.75491413752768,0,.000191615191533,1.425107434827897,194.0946574765051,4.155571567869719,71.08860633872507,157.3756744699739,41.87954282175885,132.8432839968274,111.8249543310887,93.91375836578349,50.58156731949111
evreg23,6.relative_year_bin_aux#1.treat,64.80431544289011,138.9068534805163,-30.91632578608032,-24.54508010585307,-16.10330630436822,-7.783481402878293,8.781248666384538,17.54956561879191,25.48753971893008,32.87706033946414,39.16332146390422,0,-.0080933060505045,1.521987063192339,23.06080039427479,-30.68104198408548,45.50421935853241,41.87954282175885,89.15880941859326,86.42572525930326,65.1314431434707,40.46765425469274,6.39732420998947
evreg23,7.relative_year_bin_aux#1.treat,106.0570450229198,138.9068534805163,-52.20141072355112,-42.7033597112871,-27.46520252385955,-12.25428416112333,16.90087011946696,34.63481221123544,48.31040807275416,61.20992783985533,71.87135859640601,0,-.0232578810698647,3.215105715866542,153.0175285759877,-16.23976133916912,73.35477878317494,132.8432839968274,86.42572525930326,223.3798865568531,144.134470273021,97.42110065502717,28.03438661181626
evreg23,8.relative_year_bin_aux#1.treat,16.92477087403259,138.9068534805163,-35.33067646748339,-29.6490638567932,-18.81385418657012,-7.99652175233703,11.84396121533143,23.75644975804308,33.57797745057042,42.67214806301499,49.54241849886835,0,-.0071028744765621,2.234511832241415,191.1633598631269,-7.727372279645436,71.80323902890885,111.8249543310887,65.1314431434707,144.134470273021,148.8799831131734,122.7644107939409,49.94829566773688
evreg23,9.relative_year_bin_aux#1.treat,-30.52747902217433,138.9068534805163,-20.22997059461109,-17.96045864887088,-11.45019975029703,-4.880948971873692,7.350242444451649,14.71846332022895,21.25291351959283,26.7207361877838,30.73228954023444,0,.0061806765194295,1.266261695496904,171.5234995317533,1.774142685788785,63.33831729879465,93.91375836578349,40.46765425469274,97.42110065502717,122.7644107939409,151.1399217613075,87.63736299432546
evreg23,10.relative_year_bin_aux#1.treat,-90.94479887381743,138.9068534805163,-4.332588744245795,-4.956342242574607,-4.048147452603241,-1.788088412734362,2.501286275193622,4.781947371026658,6.551798436680389,8.569788996847022,9.118717374591196,0,.0103773103935622,1.56060271836023,107.0436433270647,2.110331306841727,40.0189082486914,50.58156731949111,6.39732420998947,28.03438661181626,49.94829566773688,87.63736299432546,308.0287480768741
evreg24,1bn.relative_year_bin_aux,-198.5337398879749,138.9068534805163,832.6617738916644,627.3218067893822,412.8584091357251,204.3712366585591,-228.4819297759347,-425.8326357938774,-591.4102353358542,-731.5582259582517,-841.66390486184,0,.0628451501846148,-14.52241057072427,29.57041602289331,38.58403519352142,-20.9064876643416,-27.30358226057846,-29.4823748922947,-55.35075819352043,-38.07561189455105,-33.81466335520822,-49.02293398401894
evreg24,2.relative_year_bin_aux,-110.6797827726047,138.9068534805163,627.3218067893822,480.4485955394827,316.4072538930848,155.1000533328777,-174.9976940556447,-327.2827376786366,-454.8543758091005,-563.4611134977882,-649.1522754710887,0,.0396586159085073,-10.68126208866298,17.67799499683297,32.20864331241233,-17.30265249937736,-23.88321564319833,-23.28687000004269,-45.70777442158567,-30.82137474454763,-27.882466018478,-40.32623359593796
evreg24,3.relative_year_bin_aux,-43.89108470115583,138.9068534805163,412.8584091357251,316.4072538930848,209.7112349461796,103.2260150255005,-114.4642691018853,-214.6254808658032,-299.1277654826014,-370.8257173917007,-428.4738451516899,0,.0219858005806801,-6.893094273735252,11.41492247975179,20.91427764536597,-11.37655591770215,-16.32797343238737,-15.90351558366734,-30.77080382701689,-20.43429896467947,-18.74515883854613,-27.5261664106336
evreg24,4.relative_year_bin_aux,-32.4537095789169,138.9068534805163,204.3712366585591,155.1000533328777,103.2260150255005,52.99522154679916,-55.59651582898607,-103.3968928153229,-144.6701522077129,-178.7103710377632,-207.2305741294673,0,.010928943311233,-3.70089415786111,7.041649484145207,9.151772935935492,-5.463958670075098,-6.644230038702156,-8.294674379656273,-13.44437234955471,-9.260198080489419,-8.420347711433999,-11.86579387488881
evreg24,6.relative_year_bin_aux,81.59514198734571,138.9068534805163,-228.4819297759347,-174.9976940556447,-114.4642691018853,-55.59651582898607,68.12770125695329,125.1493592311867,171.262874893421,211.1457021587484,240.9226923574522,0,-.0236203849847153,4.335886127630815,-5.94469498757408,-11.87743501382316,5.803288135979146,8.937865586480012,8.119177879398068,18.19349901404101,11.70967778939174,10.49272014060175,16.98047197198122
evreg24,7.relative_year_bin_aux,99.15444278861226,138.9068534805163,-425.8326357938774,-327.2827376786366,-214.6254808658032,-103.3968928153229,125.1493592311867,235.4674498761134,323.7709711755224,399.782242748821,457.1827309100788,0,-.0364813941118437,7.110471579577459,-6.599476102556181,-22.71746625763681,11.34416162655687,20.87861677754682,15.92402349549531,38.63583904807263,23.72836282210676,21.57557072080023,33.92374005348924
evreg24,8.relative_year_bin_aux,94.78177602851903,138.9068534805163,-591.4102353358542,-454.8543758091005,-299.1277654826014,-144.6701522077129,171.262874893421,323.7709711755224,448.9569397103367,555.8760752782991,637.9382895629594,0,-.0344693369960966,9.220404038296383,-8.223813327440302,-31.74835107322646,15.67531739559075,28.22043409493173,22.28923351899293,52.18685988027708,32.35849029419607,29.35607775552988,45.33551250487736
evreg24,9.relative_year_bin_aux,90.23697275732243,138.9068534805163,-731.5582259582517,-563.4611134977882,-370.8257173917007,-178.7103710377632,211.1457021587484,399.782242748821,555.8760752782991,691.5315145627868,795.1584178649308,0,-.0316675034921233,11.3721166810585,-8.825111668876842,-39.55282362390178,19.01133948000387,34.33375625722127,27.12523117634698,63.58497671040519,39.57613705806006,35.48144950082899,55.63239527035777
evreg24,10.relative_year_bin_aux,49.10420740925375,138.9068534805163,-841.66390486184,-649.1522754710887,-428.4738451516899,-207.2305741294673,240.9226923574522,457.1827309100788,637.9382895629594,795.1584178649308,927.718347025982,0,-.0226744161543751,13.38805303555424,-8.659795251110667,-44.43318657711166,21.91811409020485,40.94252941010677,31.9055520682239,73.81754618452413,46.46301933388798,42.80553935394737,63.60681856008142
evreg24,1o.treat,0,138.9068534805163,0,0,0,0,0,0,0,0,0,0,0,0,0,0,0,0,0,0,0,0,0
evreg24,wind_direction,-.777055214326383,138.9068534805163,.0628451501846148,.0396586159085073,.0219858005806801,.010928943311233,-.0236203849847153,-.0364813941118437,-.0344693369960966,-.0316675034921233,-.0226744161543751,0,.000239824342636,-.0027801312968119,.0263077623455632,-.001285240671252,-.0018379398537851,-.0111231774098617,-.0077361591404152,-.016680440618205,-.009248887494765,-.0125508141143207,-.0185120196881477
evreg24,av_wind_speed,78.43226489318199,138.9068534805163,-14.52241057072427,-10.68126208866298,-6.893094273735252,-3.70089415786111,4.335886127630815,7.110471579577459,9.220404038296383,11.3721166810585,13.38805303555424,0,-.0027801312968119,5.613009511740589,-1.739439328223265,-.3176263979793978,1.58891149975822,1.422138101576452,1.446945600731522,3.189008308053064,1.69961143380672,1.638747778341667,3.061170165112419
evreg24,1bn.relative_year_bin_aux#1.treat,-117.5044324309545,138.9068534805163,29.57041602289331,17.67799499683297,11.41492247975179,7.041649484145207,-5.94469498757408,-6.599476102556181,-8.223813327440302,-8.825111668876842,-8.659795251110667,0,.0263077623455632,-1.739439328223265,941.0578999440136,50.1487858395504,45.74625040398227,139.4138957454989,11.32561261171547,127.8412679727056,137.0511803847077,124.5495579864072,86.55060845570158
evreg24,2.relative_year_bin_aux#1.treat,-20.22726561875082,138.9068534805163,38.58403519352142,32.20864331241233,20.91427764536597,9.151772935935492,-11.87743501382316,-22.71746625763681,-31.74835107322646,-39.55282362390178,-44.43318657711166,0,-.001285240671252,-.3176263979793978,50.1487858395504,150.76052983919,-6.442214302474744,.6102742821256693,-22.12731226320317,-18.78616915949945,-4.737709856438723,2.929718564879462,-11.97477484544037
evreg24,3.relative_year_bin_aux#1.treat,16.24121227888633,138.9068534805163,-20.9064876643416,-17.30265249937736,-11.37655591770215,-5.463958670075098,5.803288135979146,11.34416162655687,15.67531739559075,19.01133948000387,21.91811409020485,0,-.0018379398537851,1.58891149975822,45.74625040398227,-6.442214302474744,85.33072787901581,43.51767494208931,36.84091352605209,51.83195993133827,46.06444282121237,45.39429842448039,46.03845160687327
evreg24,4.relative_year_bin_aux#1.treat,35.38921744731022,138.9068534805163,-27.30358226057846,-23.88321564319833,-16.32797343238737,-6.644230038702156,8.937865586480012,20.87861677754682,28.22043409493173,34.33375625722127,40.94252941010677,0,-.0111231774098617,1.422138101576452,139.4138957454989,.6102742821256693,43.51767494208931,129.5420281122858,26.10819786540225,108.9235298165865,71.55179699112581,73.1125385577328,68.09541943425592
evreg24,6.relative_year_bin_aux#1.treat,48.82831697046405,138.9068534805163,-29.4823748922947,-23.28687000004269,-15.90351558366734,-8.294674379656273,8.119177879398068,15.92402349549531,22.28923351899293,27.12523117634698,31.9055520682239,0,-.0077361591404152,1.446945600731522,11.32561261171547,-22.12731226320317,36.84091352605209,26.10819786540225,77.12960856313099,61.13383577896946,46.88064911716511,34.16916798085726,19.43086678793051
evreg24,7.relative_year_bin_aux#1.treat,81.0438811654691,138.9068534805163,-55.35075819352043,-45.70777442158567,-30.77080382701689,-13.44437234955471,18.19349901404101,38.63583904807263,52.18685988027708,63.58497671040519,73.81754618452413,0,-.016680440618205,3.189008308053064,127.8412679727056,-18.78616915949945,51.83195993133827,108.9235298165865,61.13383577896946,176.5492567076583,100.3318515742248,92.21030067093038,67.1991025627544
evreg24,8.relative_year_bin_aux#1.treat,33.47018344252086,138.9068534805163,-38.07561189455105,-30.82137474454763,-20.43429896467947,-9.260198080489419,11.70967778939174,23.72836282210676,32.35849029419607,39.57613705806006,46.46301933388798,0,-.009248887494765,1.69961143380672,137.0511803847077,-4.737709856438723,46.06444282121237,71.55179699112581,46.88064911716511,100.3318515742248,105.6578788239343,98.28690502431438,63.99037754318979
evreg24,9.relative_year_bin_aux#1.treat,34.64163612833708,138.9068534805163,-33.81466335520822,-27.882466018478,-18.74515883854613,-8.420347711433999,10.49272014060175,21.57557072080023,29.35607775552988,35.48144950082899,42.80553935394737,0,-.0125508141143207,1.638747778341667,124.5495579864072,2.929718564879462,45.39429842448039,73.1125385577328,34.16916798085726,92.21030067093038,98.28690502431438,131.771516091936,103.0973289073221
evreg24,10.relative_year_bin_aux#1.treat,7.646774390321955,138.9068534805163,-49.02293398401894,-40.32623359593796,-27.5261664106336,-11.86579387488881,16.98047197198122,33.92374005348924,45.33551250487736,55.63239527035777,63.60681856008142,0,-.0185120196881477,3.061170165112419,86.55060845570158,-11.97477484544037,46.03845160687327,68.09541943425592,19.43086678793051,67.1991025627544,63.99037754318979,103.0973289073221,316.7762585178658
evreg25,1bn.relative_year_bin_aux,-198.5332637122963,138.9068534805163,832.5638776101713,627.2393183479934,412.8076466201109,204.3501927845368,-228.4517332599143,-425.7856473247829,-591.3539668486743,-731.496664038242,-841.601433905974,0,.0627465152115256,-14.51310636608424,29.61170195184229,38.57845794956878,-20.89558000168652,-27.24934081419647,-29.45778388244002,-55.28692553072604,-38.02714111217736,-33.74817596163586,-48.86073896578963
evreg25,2.relative_year_bin_aux,-110.6792723722275,138.9068534805163,627.2393183479934,480.3793652495451,316.3646071369024,155.0825491987152,-174.9725138118939,-327.2429847082379,-454.8064889446502,-563.4085747233952,-649.0980291703239,0,.0395754391535567,-10.67363695763055,17.71876833995664,32.20362439489219,-17.29530196896002,-23.83788326216223,-23.26890166604177,-45.65527401929524,-30.7827708804769,-27.83170499904346,-40.19332850539482
evreg25,3.relative_year_bin_aux,-43.89075230428328,138.9068534805163,412.8076466201109,316.3646071369024,209.6851622879311,103.2154503414412,-114.4487752186197,-214.6012627494226,-299.098928046083,-370.7943801201544,-428.4420703604204,0,.0219302703579939,-6.887741067178086,11.44588919844655,20.91132607407186,-11.37213536451907,-16.29768540951714,-15.89265752428173,-30.73697257247598,-20.41007008297887,-18.71437789507489,-27.44216057372265
evreg25,4.relative_year_bin_aux,-32.4535760404316,138.9068534805163,204.3501927845368,155.0825491987152,103.2154503414412,52.99097913885894,-55.58863047058455,-103.384900989258,-144.6561621470192,-178.6954674723794,-207.215982374005,0,.010901462934862,-3.698091368830673,7.050519584593605,9.149051406515929,-5.461135768212269,-6.630181023320459,-8.28799075263122,-13.42681611141321,-9.246757910016436,-8.401723354356539,-11.82021797981058
evreg25,6.relative_year_bin_aux,81.59532920084598,138.9068534805163,-228.4517332599143,-174.9725138118939,-114.4487752186197,-55.58863047058455,68.11833815403571,125.1364263571827,171.2471968584032,211.1293354060806,240.9105725378113,0,-.0235888696592749,4.334398122433393,-5.951745507697146,-11.87372764054549,5.800854603073902,8.927541503204591,8.112611644879252,18.18035695778963,11.69968467812963,10.47476513032498,16.93470614730689
evreg25,7.relative_year_bin_aux,99.15470912128555,138.9068534805163,-425.7856473247829,-327.2429847082379,-214.6012627494226,-103.384900989258,125.1364263571827,235.4501437372446,323.7506550652499,399.7615274365756,457.1694186702656,0,-.036428024523278,7.108700808207962,-6.623825206331128,-22.71453480317352,11.34012222676378,20.85858724793604,15.91441832823396,38.61408736891898,23.7132790382211,21.5504063379931,33.85315851117041
evreg25,8.relative_year_bin_aux,94.78203869278423,138.9068534805163,-591.3539668486743,-454.8064889446502,-299.098928046083,-144.6561621470192,171.2471968584032,323.7506550652499,448.9342502789673,555.8537888308151,637.9265074518817,0,-.0343967031721298,9.219027547334463,-8.258531155034943,-31.74395861208646,15.67034782448654,28.19284545152646,22.2771309753762,52.15790164964929,32.33875947323894,29.32532779907615,45.24009143802858
evreg25,9.relative_year_bin_aux,90.23707650295756,138.9068534805163,-731.496664038242,-563.4085747233952,-370.7943801201544,-178.6954674723794,211.1293354060806,399.7615274365756,555.8537888308151,691.5108886039565,795.1506183978037,0,-.0315804122230525,11.36951756424429,-8.87072890200654,-39.54947851473093,19.00614630419064,34.29851168853417,27.11219317303716,63.55036059161795,39.55335209741033,35.44956958579941,55.52297018606843
evreg25,10.relative_year_bin_aux,49.10415699369845,138.9068534805163,-841.601433905974,-649.0980291703239,-428.4420703604204,-207.215982374005,240.9105725378113,457.1694186702656,637.9265074518817,795.1506183978037,927.7251001061687,0,-.0225762754123995,13.38290193022517,-8.734304889989721,-44.43636152540638,21.91501656570788,40.89797506710581,31.89695599902839,73.78243914554291,46.44364455505121,42.78509882325789,63.51624938331102
evreg25,1o.treat,0,138.9068534805163,0,0,0,0,0,0,0,0,0,0,0,0,0,0,0,0,0,0,0,0,0
evreg25,wind_direction,-.7770559628483766,138.9068534805163,.0627465152115256,.0395754391535567,.0219302703579939,.010901462934862,-.0235888696592749,-.036428024523278,-.0343967031721298,-.0315804122230525,-.0225762754123995,0,.000239821275787,-.0027775913213582,.0262686863437224,-.0013108620508902,-.0018242174894772,-.0111216678452432,-.0077067030150673,-.0166518401395024,-.0092173291058525,-.0124775854774743,-.0183883141051725
evreg25,av_wind_speed,78.4322402006718,138.9068534805163,-14.51310636608424,-10.67363695763055,-6.887741067178086,-3.698091368830673,4.334398122433393,7.108700808207962,9.219027547334463,11.36951756424429,13.38290193022517,0,-.0027775913213582,5.611219839521438,-1.744681625848167,-.3164412315439131,1.588554898857107,1.420772468803364,1.446681132524499,3.188805594949064,1.698344642901553,1.634539316324154,3.058600498251768
evreg25,1bn.relative_year_bin_aux#1.treat,-117.5080392452457,138.9068534805163,29.61170195184229,17.71876833995664,11.44588919844655,7.050519584593605,-5.951745507697146,-6.623825206331128,-8.258531155034943,-8.87072890200654,-8.734304889989721,0,.0262686863437224,-1.744681625848167,941.651590646219,50.15539390008391,45.75069300462367,139.5341880903279,11.21881514677728,127.8494099815654,137.0041245439573,124.5582018700657,86.55593645556313
evreg25,2.relative_year_bin_aux#1.treat,-20.22937857551288,138.9068534805163,38.57845794956878,32.20362439489219,20.91132607407186,9.149051406515929,-11.87372764054549,-22.71453480317352,-31.74395861208646,-39.54947851473093,-44.43636152540638,0,-.0013108620508902,-.3164412315439131,50.15539390008391,150.6485511351776,-6.421592747261961,.6073831072836036,-22.10108874151892,-18.74941681284991,-4.712638029033787,3.003024286081686,-11.86650172585028
evreg25,3.relative_year_bin_aux#1.treat,16.24115602725792,138.9068534805163,-20.89558000168652,-17.29530196896002,-11.37213536451907,-5.461135768212269,5.800854603073902,11.34012222676378,15.67034782448654,19.00614630419064,21.91501656570788,0,-.0018242174894772,1.588554898857107,45.75069300462367,-6.421592747261961,85.33555245968212,43.49304690453837,36.84219749573097,51.82959066783407,46.06634258519431,45.40992508842363,46.02269386562259
evreg25,4.relative_year_bin_aux#1.treat,35.38891647585645,138.9068534805163,-27.24934081419647,-23.83788326216223,-16.29768540951714,-6.630181023320459,8.927541503204591,20.85858724793604,28.19284545152646,34.29851168853417,40.89797506710581,0,-.0111216678452432,1.420772468803364,139.5341880903279,.6073831072836036,43.49304690453837,129.478915111009,26.0725935341726,108.856591139746,71.51030660348304,73.0953546533753,68.01078259271465
evreg25,6.relative_year_bin_aux#1.treat,48.82894697601285,138.9068534805163,-29.45778388244002,-23.26890166604177,-15.89265752428173,-8.28799075263122,8.112611644879252,15.91441832823396,22.2771309753762,27.11219317303716,31.89695599902839,0,-.0077067030150673,1.446681132524499,11.21881514677728,-22.10108874151892,36.84219749573097,26.0725935341726,77.13419101272254,61.12894619720318,46.88567229114179,34.19589600597311,19.42105250327069
evreg25,7.relative_year_bin_aux#1.treat,81.04429152346736,138.9068534805163,-55.28692553072604,-45.65527401929524,-30.73697257247598,-13.42681611141321,18.18035695778963,38.61408736891898,52.15790164964929,63.55036059161795,73.78243914554291,0,-.0166518401395024,3.188805594949064,127.8494099815654,-18.74941681284991,51.82959066783407,108.856591139746,61.12894619720318,176.5323159573423,100.3243097384104,92.22732049419034,67.13297990271276
evreg25,8.relative_year_bin_aux#1.treat,33.47132614751345,138.9068534805163,-38.02714111217736,-30.7827708804769,-20.41007008297887,-9.246757910016436,11.69968467812963,23.7132790382211,32.33875947323894,39.55335209741033,46.44364455505121,0,-.0092173291058525,1.698344642901553,137.0041245439573,-4.712638029033787,46.06634258519431,71.51030660348304,46.88567229114179,100.3243097384104,105.6608558787351,98.30064713539238,63.9614455431803
evreg25,9.relative_year_bin_aux#1.treat,34.64375667506302,138.9068534805163,-33.74817596163586,-27.83170499904346,-18.71437789507489,-8.401723354356539,10.47476513032498,21.5504063379931,29.32532779907615,35.44956958579941,42.78509882325789,0,-.0124775854774743,1.634539316324154,124.5582018700657,3.003024286081686,45.40992508842363,73.0953546533753,34.19589600597311,92.22732049419034,98.30064713539238,131.7682554497094,103.065180188495
evreg25,10.relative_year_bin_aux#1.treat,7.649714369541332,138.9068534805163,-48.86073896578963,-40.19332850539482,-27.44216057372265,-11.82021797981058,16.93470614730689,33.85315851117041,45.24009143802858,55.52297018606843,63.51624938331102,0,-.0183883141051725,3.058600498251768,86.55593645556313,-11.86650172585028,46.02269386562259,68.01078259271465,19.42105250327069,67.13297990271276,63.9614455431803,103.065180188495,316.6683745846574
evreg26,1bn.relative_year_bin_aux,57.00357619160081,138.9068534805163,189.9396105286617,141.0887747228778,92.19476762507936,45.01714521522273,-51.93261630196075,-91.07909385502299,-117.5957046203883,-138.9830082772214,-157.8588442819301,0,-.0001096961262526,-13.69679119728575,29.28878841888404,16.53096413641891,-10.35584888389899,-10.38196609951136,-13.478164640948,-22.31436165155944,-18.46129422577371,-16.45982605022885,-26.4578791253552
evreg26,2.relative_year_bin_aux,76.30749115108891,138.9068534805163,141.0887747228778,113.1180999421281,74.34404196620643,35.16912019139222,-41.25233591293684,-73.56225183715354,-95.63172758655338,-113.3094611352676,-131.2744210818835,0,-.0061377084919407,-10.47901474996985,15.03319010393135,16.35548688205204,-9.403780579869691,-12.35038332766328,-11.7188702477575,-22.1797231849749,-16.9297607046589,-16.23973210712633,-25.98449199839458
evreg26,3.relative_year_bin_aux,78.71466365641875,138.9068534805163,92.19476762507936,74.34404196620643,50.19877612891474,24.21342335849497,-26.25460263852272,-47.36068838094447,-62.3849358404257,-74.31295098509707,-87.64414526776754,0,-.0077379762354902,-6.598977982799406,9.429063227053968,10.37204912512132,-6.078579168995896,-8.616597642022313,-8.175626999579753,-15.0292902053602,-11.11413145048969,-10.92345390244593,-17.80947624076211
evreg26,4.relative_year_bin_aux,26.10599456678426,138.9068534805163,45.01714521522273,35.16912019139222,24.21342335849497,13.90934231256712,-12.01209352623537,-20.77964016449375,-27.72120485454421,-32.4567725815251,-39.49448089549963,0,-.0032311067367004,-3.520369834166598,6.946611936804596,3.715178363628413,-2.78513357860126,-2.725951181529016,-4.398839955610356,-5.485096038068859,-4.557170449265211,-4.453286955643651,-6.379402429908642
evreg26,6.relative_year_bin_aux,25.68928429354056,138.9068534805163,-51.93261630196075,-41.25233591293684,-26.25460263852272,-12.01209352623537,20.24102663180861,33.73453417906568,40.97403497210637,46.91593413221963,50.35070290385955,0,-.0098457112723086,4.663682481048448,-5.492601587319255,-6.916216676788334,3.128119766215081,4.967620004651227,4.229456938401942,10.2187188267663,6.986633501980955,6.552084058877353,12.60474622255778
evreg26,7.relative_year_bin_aux,-12.61396199815271,138.9068534805163,-91.07909385502299,-73.56225183715354,-47.36068838094447,-20.77964016449375,33.73453417906568,61.4021930059409,76.41434390751199,88.65003421224044,97.07004575893446,0,-.0096004442619048,7.147175957763144,-5.055789514659983,-12.46208864365319,5.976719174246139,12.73285340214017,8.094308658894047,22.40850045498291,14.05035016142126,13.39477648034994,24.08557700849099
evreg26,8.relative_year_bin_aux,-72.45192168506986,138.9068534805163,-117.5957046203883,-95.63172758655338,-62.3849358404257,-27.72120485454421,40.97403497210637,76.41434390751199,98.54503529757173,116.1565419602312,130.3781493542088,0,.0043862095920974,8.345519019987465,-5.361385251989879,-15.91403080291181,7.630525879447234,15.8754420482748,10.53056256843587,27.65306507272047,17.60921329047719,16.78465864258239,29.35916168811575
evreg26,9.relative_year_bin_aux,-125.3319104255896,138.9068534805163,-138.9830082772214,-113.3094611352676,-74.31295098509707,-32.4567725815251,46.91593413221963,88.65003421224044,116.1565419602312,140.1504492081166,159.5245545249739,0,.016952467942588,9.516470282114026,-4.288585030250436,-18.54656124231004,8.590662039538726,18.43157386295708,11.97524724135024,31.77494594758012,20.36677719976302,19.20322120255312,34.37566618973817
evreg26,10.relative_year_bin_aux,-202.4042432053232,138.9068534805163,-157.8588442819301,-131.2744210818835,-87.64414526776754,-39.49448089549963,50.35070290385955,97.07004575893446,130.3781493542088,159.5245545249739,199.6040305330443,0,.0323170317986159,10.4353301194273,-2.065909948875405,-19.19848238193745,9.357453150903579,22.53416083118379,14.13458673207703,36.22588478296341,23.73470535323009,24.03609765048109,38.21557488149534
evreg26,1o.treat,0,138.9068534805163,0,0,0,0,0,0,0,0,0,0,0,0,0,0,0,0,0,0,0,0,0
evreg26,wind_direction,-.7463279792375637,138.9068534805163,-.0001096961262526,-.0061377084919407,-.0077379762354902,-.0032311067367004,-.0098457112723086,-.0096004442619048,.0043862095920974,.016952467942588,.0323170317986159,0,.0002241235819452,-.0058869862172676,.0278952283116068,.00007756536663,-.0016682723129304,-.0111923672466734,-.00737750288529,-.0168563005363031,-.0098314975713248,-.0136981262873431,-.0213464205041974
evreg26,av_wind_speed,89.26348939859329,138.9068534805163,-13.69679119728575,-10.47901474996985,-6.598977982799406,-3.520369834166598,4.663682481048448,7.147175957763144,8.345519019987465,9.516470282114026,10.4353301194273,0,-.0058869862172676,6.132885863076094,-3.221424958672382,-1.418022280220132,1.703638365557668,1.95360784302206,1.78592381409645,4.03317145164025,2.241772284161495,2.256144848095119,4.366766691192682
evreg26,1bn.relative_year_bin_aux#1.treat,-104.9273190686359,138.9068534805163,29.28878841888404,15.03319010393135,9.429063227053968,6.946611936804596,-5.492601587319255,-5.055789514659983,-5.361385251989879,-4.288585030250436,-2.065909948875405,0,.0278952283116068,-3.221424958672382,937.0537302294575,49.03531937147487,43.69959481834275,137.1217111336699,12.37461435575097,127.0177531439364,136.829731634348,122.9763201989774,85.4969196970995
evreg26,2.relative_year_bin_aux#1.treat,-15.84085280868752,138.9068534805163,16.53096413641891,16.35548688205204,10.37204912512132,3.715178363628413,-6.916216676788334,-12.46208864365319,-15.91403080291181,-18.54656124231004,-19.19848238193745,0,.00007756536663,-1.418022280220132,49.03531937147487,152.5527364818508,-6.294615268032787,-.0522203679253024,-23.20363353453572,-20.73408456303979,-6.773527988301556,-.3799717584283209,-17.54325232180096
evreg26,3.relative_year_bin_aux#1.treat,17.44238740290121,138.9068534805163,-10.35584888389899,-9.403780579869691,-6.078579168995896,-2.78513357860126,3.128119766215081,5.976719174246139,7.630525879447234,8.590662039538726,9.357453150903579,0,-.0016682723129304,1.703638365557668,43.69959481834275,-6.294615268032787,85.19939293362428,43.93818887216275,36.63969994890995,51.38420012240332,45.88073105324117,44.54005216523737,43.72999531982373
evreg26,4.relative_year_bin_aux#1.treat,34.22866017107035,138.9068534805163,-10.38196609951136,-12.35038332766328,-8.616597642022313,-2.725951181529016,4.967620004651227,12.73285340214017,15.8754420482748,18.43157386295708,22.53416083118379,0,-.0111923672466734,1.95360784302206,137.1217111336699,-.0522203679253024,43.93818887216275,131.263314943563,26.75524881176351,110.3666903295376,72.91964139272521,73.00392289972125,68.53158487984848
evreg26,6.relative_year_bin_aux#1.treat,48.62671584225743,138.9068534805163,-13.478164640948,-11.7188702477575,-8.175626999579753,-4.398839955610356,4.229456938401942,8.094308658894047,10.53056256843587,11.97524724135024,14.13458673207703,0,-.00737750288529,1.78592381409645,12.37461435575097,-23.20363353453572,36.63969994890995,26.75524881176351,76.77369836479778,60.81045273577955,46.59839817090813,33.35638793815338,19.4835019685403
evreg26,7.relative_year_bin_aux#1.treat,81.36439564650865,138.9068534805163,-22.31436165155944,-22.1797231849749,-15.0292902053602,-5.485096038068859,10.2187188267663,22.40850045498291,27.65306507272047,31.77494594758012,36.22588478296341,0,-.0168563005363031,4.03317145164025,127.0177531439364,-20.73408456303979,51.38420012240332,110.3666903295376,60.81045273577955,176.0942233771396,100.670703320019,91.26442807541666,67.05999366535018
evreg26,8.relative_year_bin_aux#1.treat,34.35128552050562,138.9068534805163,-18.46129422577371,-16.9297607046589,-11.11413145048969,-4.557170449265211,6.986633501980955,14.05035016142126,17.60921329047719,20.36677719976302,23.73470535323009,0,-.0098314975713248,2.241772284161495,136.829731634348,-6.773527988301556,45.88073105324117,72.91964139272521,46.59839817090813,100.670703320019,105.9517209332254,98.47001144544821,65.47706096877809
evreg26,9.relative_year_bin_aux#1.treat,34.78008889903786,138.9068534805163,-16.45982605022885,-16.23973210712633,-10.92345390244593,-4.453286955643651,6.552084058877353,13.39477648034994,16.78465864258239,19.20322120255312,24.03609765048109,0,-.0136981262873431,2.256144848095119,122.9763201989774,-.3799717584283209,44.54005216523737,73.00392289972125,33.35638793815338,91.26442807541666,98.47001144544821,132.6540748826562,105.5093405979985
evreg26,10.relative_year_bin_aux#1.treat,5.608645272291076,138.9068534805163,-26.4578791253552,-25.98449199839458,-17.80947624076211,-6.379402429908642,12.60474622255778,24.08557700849099,29.35916168811575,34.37566618973817,38.21557488149534,0,-.0213464205041974,4.366766691192682,85.4969196970995,-17.54325232180096,43.72999531982373,68.53158487984848,19.4835019685403,67.05999366535018,65.47706096877809,105.5093405979985,332.1322827957641
evreg27,1bno.relative_year_bin_aux,0,138.9068534805163,0,0,0,0,0,0,0,0,0,0,0,0,0,0,0,0,0,0,0,0,0
evreg27,2o.relative_year_bin_aux,0,138.9068534805163,0,0,0,0,0,0,0,0,0,0,0,0,0,0,0,0,0,0,0,0,0
evreg27,3o.relative_year_bin_aux,0,138.9068534805163,0,0,0,0,0,0,0,0,0,0,0,0,0,0,0,0,0,0,0,0,0
evreg27,4o.relative_year_bin_aux,0,138.9068534805163,0,0,0,0,0,0,0,0,0,0,0,0,0,0,0,0,0,0,0,0,0
evreg27,6o.relative_year_bin_aux,0,138.9068534805163,0,0,0,0,0,0,0,0,0,0,0,0,0,0,0,0,0,0,0,0,0
evreg27,7o.relative_year_bin_aux,0,138.9068534805163,0,0,0,0,0,0,0,0,0,0,0,0,0,0,0,0,0,0,0,0,0
evreg27,8o.relative_year_bin_aux,0,138.9068534805163,0,0,0,0,0,0,0,0,0,0,0,0,0,0,0,0,0,0,0,0,0
evreg27,9o.relative_year_bin_aux,0,138.9068534805163,0,0,0,0,0,0,0,0,0,0,0,0,0,0,0,0,0,0,0,0,0
evreg27,10o.relative_year_bin_aux,0,138.9068534805163,0,0,0,0,0,0,0,0,0,0,0,0,0,0,0,0,0,0,0,0,0
evreg27,1o.treat,0,138.9068534805163,0,0,0,0,0,0,0,0,0,0,0,0,0,0,0,0,0,0,0,0,0
evreg27,wind_direction,-.3847187999114062,138.9068534805163,0,0,0,0,0,0,0,0,0,0,.0001322376069781,-.0084046047976332,.0240001989185506,.0062645291327144,.0036154279824063,.002891980669772,-.0054169673758718,-.01289858507116,-.0037619603637899,.0059319735604485,.0078085361145988
evreg27,av_wind_speed,87.77908282228744,138.9068534805163,0,0,0,0,0,0,0,0,0,0,-.0084046047976332,21.96610845733742,-7.553082153061373,-.2064992217446716,.5758538905303529,.2308707411354634,1.844343921730966,5.570926212850759,2.308526966407999,-.3672717439413362,.8016560283222691
evreg27,1bn.relative_year_bin_aux#1.treat,-130.0699710600244,138.9068534805163,0,0,0,0,0,0,0,0,0,0,.0240001989185506,-7.553082153061373,943.2215506775274,69.10202332916525,68.05923828179469,153.5531333177014,17.28469988475615,125.5831900665715,169.2128035597802,150.1564783421549,81.73895504842497
evreg27,2.relative_year_bin_aux#1.treat,-51.9324146571566,138.9068534805163,0,0,0,0,0,0,0,0,0,0,.0062645291327144,-.2064992217446716,69.10202332916525,128.9774774918387,.8888778600115994,8.936530377386775,-22.88584784422012,-12.09055727364054,-3.368215715921485,10.81272505442551,3.656746248686626
evreg27,3.relative_year_bin_aux#1.treat,-16.93347801898567,138.9068534805163,0,0,0,0,0,0,0,0,0,0,.0036154279824063,.5758538905303529,68.05923828179469,.8888778600115994,90.47329311685937,52.15612329269572,36.37106864121737,53.9962203277089,58.42900575977793,53.09601226446111,34.34796953999766
evreg27,4.relative_year_bin_aux#1.treat,-21.32114856191846,138.9068534805163,0,0,0,0,0,0,0,0,0,0,.002891980669772,.2308707411354634,153.5531333177014,8.936530377386775,52.15612329269572,114.6232505511949,27.11153818330516,90.21811402923332,84.57531201727801,71.04585944143581,34.3142418569839
evreg27,6.relative_year_bin_aux#1.treat,54.58767573430798,138.9068534805163,0,0,0,0,0,0,0,0,0,0,-.0054169673758718,1.844343921730966,17.28469988475615,-22.88584784422012,36.37106864121737,27.11153818330516,81.23832308481197,69.97569867447447,51.13366312017691,30.14856939375711,.7628546721832734
evreg27,7.relative_year_bin_aux#1.treat,100.695491689516,138.9068534805163,0,0,0,0,0,0,0,0,0,0,-.01289858507116,5.570926212850759,125.5831900665715,-12.09055727364054,53.9962203277089,90.21811402923332,69.97569867447447,178.1177456073996,115.2789846895642,75.99002287735317,9.951775228974356
evreg27,8.relative_year_bin_aux#1.treat,23.38689550167254,138.9068534805163,0,0,0,0,0,0,0,0,0,0,-.0037619603637899,2.308526966407999,169.2128035597802,-3.368215715921485,58.42900575977793,84.57531201727801,51.13366312017691,115.2789846895642,131.1905702158378,109.983061054232,41.12879861317156
evreg27,9.relative_year_bin_aux#1.treat,-34.41649534430013,138.9068534805163,0,0,0,0,0,0,0,0,0,0,.0059319735604485,-.3672717439413362,150.1564783421549,10.81272505442551,53.09601226446111,71.04585944143581,30.14856939375711,75.99002287735317,109.983061054232,136.6321665336571,80.40993680346872
evreg27,10.relative_year_bin_aux#1.treat,-101.5587502404682,138.9068534805163,0,0,0,0,0,0,0,0,0,0,.0078085361145988,.8016560283222691,81.73895504842497,3.656746248686626,34.34796953999766,34.3142418569839,.7628546721832734,9.951775228974356,41.12879861317156,80.40993680346872,292.8030076891139
evreg28,1bno.relative_year_bin_aux,0,138.9068534805163,0,0,0,0,0,0,0,0,0,0,0,0,0,0,0,0,0,0,0,0,0
evreg28,2o.relative_year_bin_aux,0,138.9068534805163,0,0,0,0,0,0,0,0,0,0,0,0,0,0,0,0,0,0,0,0,0
evreg28,3o.relative_year_bin_aux,0,138.9068534805163,0,0,0,0,0,0,0,0,0,0,0,0,0,0,0,0,0,0,0,0,0
evreg28,4o.relative_year_bin_aux,0,138.9068534805163,0,0,0,0,0,0,0,0,0,0,0,0,0,0,0,0,0,0,0,0,0
evreg28,6o.relative_year_bin_aux,0,138.9068534805163,0,0,0,0,0,0,0,0,0,0,0,0,0,0,0,0,0,0,0,0,0
evreg28,7o.relative_year_bin_aux,0,138.9068534805163,0,0,0,0,0,0,0,0,0,0,0,0,0,0,0,0,0,0,0,0,0
evreg28,8o.relative_year_bin_aux,0,138.9068534805163,0,0,0,0,0,0,0,0,0,0,0,0,0,0,0,0,0,0,0,0,0
evreg28,9o.relative_year_bin_aux,0,138.9068534805163,0,0,0,0,0,0,0,0,0,0,0,0,0,0,0,0,0,0,0,0,0
evreg28,10o.relative_year_bin_aux,0,138.9068534805163,0,0,0,0,0,0,0,0,0,0,0,0,0,0,0,0,0,0,0,0,0
evreg28,1o.treat,0,138.9068534805163,0,0,0,0,0,0,0,0,0,0,0,0,0,0,0,0,0,0,0,0,0
evreg28,wind_direction,-.3918539340759775,138.9068534805163,0,0,0,0,0,0,0,0,0,0,.000131921110167,-.0061297179361787,.0157203396005537,-.0007396799541262,.000831570385666,-.0043989486012063,-.0038714852684792,-.0057628748533937,-.0040925508998451,-.0058568752031739,-.0074522505739807
evreg28,av_wind_speed,86.98704769434734,138.9068534805163,0,0,0,0,0,0,0,0,0,0,-.0061297179361787,21.84376556641847,-5.632069164155978,1.05655747153019,1.469702188174612,2.004065893037204,1.963097784129744,4.803266834180082,1.987577959869891,2.727683675084547,5.92870628605511
evreg28,1bn.relative_year_bin_aux#1.treat,-107.5781127764985,138.9068534805163,0,0,0,0,0,0,0,0,0,0,.0157203396005537,-5.632069164155978,879.6493115974023,51.16548072620184,36.88433849748415,116.1793317809652,10.4536522103645,112.7126282509484,129.0385037456948,114.7827477648999,73.05385043229529
evreg28,2.relative_year_bin_aux#1.treat,-19.14020655101127,138.9068534805163,0,0,0,0,0,0,0,0,0,0,-.0007396799541262,1.05655747153019,51.16548072620184,138.1785099340883,-1.011740412312704,6.584169287159614,-14.29885369474357,-12.79379761173576,.2005816837412873,11.70040241651269,-4.477442985382817
evreg28,3.relative_year_bin_aux#1.treat,16.66203442626084,138.9068534805163,0,0,0,0,0,0,0,0,0,0,.000831570385666,1.469702188174612,36.88433849748415,-1.011740412312704,79.78072419557228,34.75084401610064,32.15550272394954,42.24391524841361,40.28721829592185,39.67866497434853,40.36374870384066
evreg28,4.relative_year_bin_aux#1.treat,30.5284446081304,138.9068534805163,0,0,0,0,0,0,0,0,0,0,-.0043989486012063,2.004065893037204,116.1793317809652,6.584169287159614,34.75084401610064,98.90042185666789,19.83394951551612,80.40975871387957,57.98021541876517,56.38115690153656,44.74421582673229
evreg28,6.relative_year_bin_aux#1.treat,43.52167967844355,138.9068534805163,0,0,0,0,0,0,0,0,0,0,-.0038714852684792,1.963097784129744,10.4536522103645,-14.29885369474357,32.15550272394954,19.83394951551612,72.74129561230261,51.94791515814466,40.73860500766901,28.88250915497867,12.0266915976961
evreg28,7.relative_year_bin_aux#1.treat,77.52330685335967,138.9068534805163,0,0,0,0,0,0,0,0,0,0,-.0057628748533937,4.803266834180082,112.7126282509484,-12.79379761173576,42.24391524841361,80.40975871387957,51.94791515814466,146.2860596367402,86.0641315652241,75.9270515695121,42.49046229068985
evreg28,8.relative_year_bin_aux#1.treat,35.6109237546538,138.9068534805163,0,0,0,0,0,0,0,0,0,0,-.0040925508998451,1.987577959869891,129.0385037456948,.2005816837412873,40.28721829592185,57.98021541876517,40.73860500766901,86.0641315652241,98.10083877113553,90.42276656658912,53.22314328080492
evreg28,9.relative_year_bin_aux#1.treat,30.81846901029689,138.9068534805163,0,0,0,0,0,0,0,0,0,0,-.0058568752031739,2.727683675084547,114.7827477648999,11.70040241651269,39.67866497434853,56.38115690153656,28.88250915497867,75.9270515695121,90.42276656658912,121.261789979305,89.92199080839862
evreg28,10.relative_year_bin_aux#1.treat,-1.435019762983091,138.9068534805163,0,0,0,0,0,0,0,0,0,0,-.0074522505739807,5.92870628605511,73.05385043229529,-4.477442985382817,40.36374870384066,44.74421582673229,12.0266915976961,42.49046229068985,53.22314328080492,89.92199080839862,289.2366780415898
evreg29,1bno.relative_year_bin_aux,0,138.9068534805163,0,0,0,0,0,0,0,0,0,0,0,0,0,0,0,0,0,0,0,0,0
evreg29,2o.relative_year_bin_aux,0,138.9068534805163,0,0,0,0,0,0,0,0,0,0,0,0,0,0,0,0,0,0,0,0,0
evreg29,3o.relative_year_bin_aux,0,138.9068534805163,0,0,0,0,0,0,0,0,0,0,0,0,0,0,0,0,0,0,0,0,0
evreg29,4o.relative_year_bin_aux,0,138.9068534805163,0,0,0,0,0,0,0,0,0,0,0,0,0,0,0,0,0,0,0,0,0
evreg29,6o.relative_year_bin_aux,0,138.9068534805163,0,0,0,0,0,0,0,0,0,0,0,0,0,0,0,0,0,0,0,0,0
evreg29,7o.relative_year_bin_aux,0,138.9068534805163,0,0,0,0,0,0,0,0,0,0,0,0,0,0,0,0,0,0,0,0,0
evreg29,8o.relative_year_bin_aux,0,138.9068534805163,0,0,0,0,0,0,0,0,0,0,0,0,0,0,0,0,0,0,0,0,0
evreg29,9o.relative_year_bin_aux,0,138.9068534805163,0,0,0,0,0,0,0,0,0,0,0,0,0,0,0,0,0,0,0,0,0
evreg29,10o.relative_year_bin_aux,0,138.9068534805163,0,0,0,0,0,0,0,0,0,0,0,0,0,0,0,0,0,0,0,0,0
evreg29,1o.treat,0,138.9068534805163,0,0,0,0,0,0,0,0,0,0,0,0,0,0,0,0,0,0,0,0,0
evreg29,wind_direction,-.3918539329033564,138.9068534805163,0,0,0,0,0,0,0,0,0,0,.0001319227047933,-.0061291616303875,.0157083842540631,-.0007518995461692,.0008157584017276,-.0044152242489942,-.0038840209968226,-.0057755222911768,-.0041059613504224,-.0058673798414541,-.0074628914221241
evreg29,av_wind_speed,86.98704915089382,138.9068534805163,0,0,0,0,0,0,0,0,0,0,-.0061291616303875,21.84390827195016,-5.624886174654994,1.064057602120982,1.479571204921424,2.014176146692952,1.970779221287444,4.811112360479425,1.995428460645206,2.734065095548704,5.935077561859689
evreg29,1bn.relative_year_bin_aux#1.treat,-107.5781898415888,138.9068534805163,0,0,0,0,0,0,0,0,0,0,.0157083842540631,-5.624886174654994,879.6791343837551,51.16433803580962,36.89228220720057,116.200072541811,10.45552374341286,112.7315855059359,129.0455094706924,114.7963138031216,73.07665282651509
evreg29,2.relative_year_bin_aux#1.treat,-19.14026964417985,138.9068534805163,0,0,0,0,0,0,0,0,0,0,-.0007518995461692,1.064057602120982,51.16433803580962,138.1717364578409,-1.01092182480892,6.591135692672532,-14.29549838131852,-12.7796827478543,.2114001914383639,11.71228631162533,-4.454529676964994
evreg29,3.relative_year_bin_aux#1.treat,16.66192563079922,138.9068534805163,0,0,0,0,0,0,0,0,0,0,.0008157584017276,1.479571204921424,36.89228220720057,-1.01092182480892,79.78952841758721,34.76915101141588,32.16574388138032,42.26936251972693,40.30801706732753,39.69869505088262,40.39821723515966
evreg29,4.relative_year_bin_aux#1.treat,30.52833411258094,138.9068534805163,0,0,0,0,0,0,0,0,0,0,-.0044152242489942,2.014176146692952,116.200072541811,6.591135692672532,34.76915101141588,98.92895959895326,19.85069201982227,80.44330731996391,58.00609450478146,56.4069875043123,44.78465331442025
evreg29,6.relative_year_bin_aux#1.treat,43.52164317989323,138.9068534805163,0,0,0,0,0,0,0,0,0,0,-.0038840209968226,1.970779221287444,10.45552374341286,-14.29549838131852,32.16574388138032,19.85069201982227,72.75174356079042,51.9693917571819,40.75641190836373,28.89961008655091,12.05360834608229
evreg29,7.relative_year_bin_aux#1.treat,77.52325991209847,138.9068534805163,0,0,0,0,0,0,0,0,0,0,-.0057755222911768,4.811112360479425,112.7315855059359,-12.7796827478543,42.26936251972693,80.44330731996391,51.9693917571819,146.3207001852143,86.09213236342191,75.95395738621978,42.52870230864121
evreg29,8.relative_year_bin_aux#1.treat,35.61084145814453,138.9068534805163,0,0,0,0,0,0,0,0,0,0,-.0041059613504224,1.995428460645206,129.0455094706924,.2114001914383639,40.30801706732753,58.00609450478146,40.75641190836373,86.09213236342191,98.12342274580813,90.44447371138939,53.25402657811741
evreg29,9.relative_year_bin_aux#1.treat,30.81842718267126,138.9068534805163,0,0,0,0,0,0,0,0,0,0,-.0058673798414541,2.734065095548704,114.7963138031216,11.71228631162533,39.69869505088262,56.4069875043123,28.89961008655091,75.95395738621978,90.44447371138939,121.2827339496973,89.95121879275474
evreg29,10.relative_year_bin_aux#1.treat,-1.435072938468492,138.9068534805163,0,0,0,0,0,0,0,0,0,0,-.0074628914221241,5.935077561859689,73.07665282651509,-4.454529676964994,40.39821723515966,44.78465331442025,12.05360834608229,42.52870230864121,53.25402657811741,89.95121879275474,289.2731326753959
evreg30,1bno.relative_year_bin_aux,0,138.9068534805163,0,0,0,0,0,0,0,0,0,0,0,0,0,0,0,0,0,0,0,0,0
evreg30,2o.relative_year_bin_aux,0,138.9068534805163,0,0,0,0,0,0,0,0,0,0,0,0,0,0,0,0,0,0,0,0,0
evreg30,3o.relative_year_bin_aux,0,138.9068534805163,0,0,0,0,0,0,0,0,0,0,0,0,0,0,0,0,0,0,0,0,0
evreg30,4o.relative_year_bin_aux,0,138.9068534805163,0,0,0,0,0,0,0,0,0,0,0,0,0,0,0,0,0,0,0,0,0
evreg30,6o.relative_year_bin_aux,0,138.9068534805163,0,0,0,0,0,0,0,0,0,0,0,0,0,0,0,0,0,0,0,0,0
evreg30,7o.relative_year_bin_aux,0,138.9068534805163,0,0,0,0,0,0,0,0,0,0,0,0,0,0,0,0,0,0,0,0,0
evreg30,8o.relative_year_bin_aux,0,138.9068534805163,0,0,0,0,0,0,0,0,0,0,0,0,0,0,0,0,0,0,0,0,0
evreg30,9o.relative_year_bin_aux,0,138.9068534805163,0,0,0,0,0,0,0,0,0,0,0,0,0,0,0,0,0,0,0,0,0
evreg30,10o.relative_year_bin_aux,0,138.9068534805163,0,0,0,0,0,0,0,0,0,0,0,0,0,0,0,0,0,0,0,0,0
evreg30,1o.treat,0,138.9068534805163,0,0,0,0,0,0,0,0,0,0,0,0,0,0,0,0,0,0,0,0,0
evreg30,wind_direction,-.3856687630002356,138.9068534805163,0,0,0,0,0,0,0,0,0,0,.0001349681362931,-.0079952802682192,.0192693746573613,.0011646636103252,.0003844663487898,-.0054450115779064,-.004704101127244,-.0079446142830264,-.0060063811317248,-.0084583491128968,-.0133760423675662
evreg30,av_wind_speed,86.7453264496617,138.9068534805163,0,0,0,0,0,0,0,0,0,0,-.0079952802682192,21.89772560293865,-7.147278089959575,.1483289577457018,1.401349291116266,1.997906284708087,2.058888631784261,4.920943737857607,2.136382896648715,3.230256599689116,7.496267569671385
evreg30,1bn.relative_year_bin_aux#1.treat,-99.02265522000248,138.9068534805163,0,0,0,0,0,0,0,0,0,0,.0192693746573613,-7.147278089959575,883.8283518312084,50.2620044138196,35.15095641708412,114.6302058602008,10.77159886108221,111.9622203020129,128.3935239396258,113.9234981699524,73.85808877462723
evreg30,2.relative_year_bin_aux#1.treat,-16.66860716033079,138.9068534805163,0,0,0,0,0,0,0,0,0,0,.0011646636103252,.1483289577457018,50.2620044138196,139.9304807141197,-1.049524493526451,5.359753014572116,-15.1687236076519,-14.99594255999867,-1.568628934568329,9.010665646784114,-11.04754172578009
evreg30,3.relative_year_bin_aux#1.treat,16.93649828029535,138.9068534805163,0,0,0,0,0,0,0,0,0,0,.0003844663487898,1.401349291116266,35.15095641708412,-1.049524493526451,79.66836524130744,34.53589590103123,32.12683352652495,41.98406655366426,40.15776293911932,39.67689911624922,39.8965700099479
evreg30,4.relative_year_bin_aux#1.treat,30.73690171289172,138.9068534805163,0,0,0,0,0,0,0,0,0,0,-.0054450115779064,1.997906284708087,114.6302058602008,5.359753014572116,34.53589590103123,98.66308799473254,19.85133583913289,80.27255796885626,57.99573440634072,56.98510836153055,47.09836797815144
evreg30,6.relative_year_bin_aux#1.treat,43.24148590501033,138.9068534805163,0,0,0,0,0,0,0,0,0,0,-.004704101127244,2.058888631784261,10.77159886108221,-15.1687236076519,32.12683352652495,19.85133583913289,72.79767661186234,52.09493934834455,40.79098302831346,29.0787097134825,13.25763459774383
evreg30,7.relative_year_bin_aux#1.treat,77.36588542070449,138.9068534805163,0,0,0,0,0,0,0,0,0,0,-.0079446142830264,4.920943737857607,111.9622203020129,-14.99594255999867,41.98406655366426,80.27255796885626,52.09493934834455,146.4045125851223,86.21428892393492,76.9830682495103,46.50767894605465
evreg30,8.relative_year_bin_aux#1.treat,35.23061420794224,138.9068534805163,0,0,0,0,0,0,0,0,0,0,-.0060063811317248,2.136382896648715,128.3935239396258,-1.568628934568329,40.15776293911932,57.99573440634072,40.79098302831346,86.21428892393492,98.18528876109424,91.24899356479854,56.33998938774877
evreg30,9.relative_year_bin_aux#1.treat,29.20389630224487,138.9068534805163,0,0,0,0,0,0,0,0,0,0,-.0084583491128968,3.230256599689116,113.9234981699524,9.010665646784114,39.67689911624922,56.98510836153055,29.0787097134825,76.9830682495103,91.24899356479854,123.1375367163284,95.32610127403473
evreg30,10.relative_year_bin_aux#1.treat,-4.698853626762238,138.9068534805163,0,0,0,0,0,0,0,0,0,0,-.0133760423675662,7.496267569671385,73.85808877462723,-11.04754172578009,39.8965700099479,47.09836797815144,13.25763459774383,46.50767894605465,56.33998938774877,95.32610127403473,307.0286381506322
evreg31,1bn.relative_year_bin_aux,-198.5342666402519,138.9068534805163,832.6511332443102,627.3135614753246,412.851089030658,204.3672610771954,-228.47920367719,-425.8248356870835,-591.3994364438912,-731.5467978693329,-841.6446512390494,0,.0628558537640068,-14.5223599225795,29.62125085222759,38.59675602133098,-20.89146081098363,-27.28234246859368,-29.46545403258472,-55.32219237616585,-38.05528925542545,-33.79117826018188,-48.99039700065624
evreg31,2.relative_year_bin_aux,-110.6801737375516,138.9068534805163,627.3135614753246,480.4420863577475,316.4013281872727,155.09679872337,-174.9959790858572,-327.2772364700717,-454.8467660177882,-563.4529960366644,-649.1377239576321,0,.0396681254859044,-10.68154389724427,17.71270596554798,32.21803840519016,-17.29153759619335,-23.86676411979868,-23.27455759378791,-45.68584880109623,-30.8064452570148,-27.86561449103719,-40.3010570585799
evreg31,3.relative_year_bin_aux,-43.89131434051549,138.9068534805163,412.851089030658,316.4013281872727,209.7060168517818,103.2232442829967,-114.4628824449604,-214.6208676085464,-299.1211555008077,-370.8182357110328,-428.460866001929,0,.0219941559800441,-6.893098279303396,11.43537799280529,20.91980858939183,-11.36920812510417,-16.31644574066965,-15.89550736901449,-30.7558776546912,-20.42432357085397,-18.73412377010344,-27.50864351236416
evreg31,4.relative_year_bin_aux,-32.4537815147385,138.9068534805163,204.3672610771954,155.09679872337,103.2232442829967,52.9943229515801,-55.59579621573191,-103.3939516451692,-144.6658981734411,-178.7051715925875,-207.2210444568355,0,.0109365284111151,-3.700716872120188,7.057435747440276,9.155610718071502,-5.4590843491386,-6.637764178689749,-8.289050976458789,-13.43508665231592,-9.252963589706672,-8.412399552304214,-11.85509329301978
evreg31,6.relative_year_bin_aux,81.59530866459325,138.9068534805163,-228.47920367719,-174.9959790858572,-114.4628824449604,-55.59579621573191,68.12687151802072,125.147575100565,171.2607340089141,211.1440522558774,240.9199362507281,0,-.0236191319218176,4.335766629573642,-5.963271066662081,-11.88227438168434,5.798390125488952,8.930855872124448,8.113163503965678,18.18331595646239,11.70224065119176,10.48338825363723,16.96905383191817
evreg31,7.relative_year_bin_aux,99.1547170242232,138.9068534805163,-425.8248356870835,-327.2772364700717,-214.6208676085464,-103.3939516451692,125.147575100565,235.4631553010149,323.7651252976082,399.7768674726959,457.1743649543632,0,-.0364797181408419,7.110513788768792,-6.623120309178165,-22.7237410202994,11.33647521739405,20.86565021629518,15.91499981793771,38.61856229260243,23.71701581264594,21.56105183011203,33.90328937258608
evreg31,8.relative_year_bin_aux,94.78210343730026,138.9068534805163,-591.3994364438912,-454.8467660177882,-299.1211555008077,-144.6658981734411,171.2607340089141,323.7651252976082,448.9488144403223,555.8685583170661,637.9257902567789,0,-.0344689801429413,9.220803185360886,-8.254451642148254,-31.75631056212673,15.66497693564404,28.20242393555871,22.27720863191807,52.16353606043532,32.34339217476076,29.337368747909,45.30772584416591
evreg31,9.relative_year_bin_aux,90.23738676982835,138.9068534805163,-731.5467978693329,-563.4529960366644,-370.8182357110328,-178.7051715925875,211.1440522558774,399.7768674726959,555.8685583170661,691.5250713119216,795.1463679915817,0,-.0316678153811376,11.37210826038225,-8.859282599730303,-39.56165587432785,18.99950132125894,34.31188605851369,27.11180570720781,63.5580867607663,39.55921047200883,35.46146153338476,55.60039819841484
evreg31,10.relative_year_bin_aux,49.1047629894389,138.9068534805163,-841.6446512390494,-649.1377239576321,-428.460866001929,-207.2210444568355,240.9199362507281,457.1743649543632,637.9257902567789,795.1463679915817,927.6982112604295,0,-.0226757674708128,13.38679632192763,-8.679188537838876,-44.43864180406657,21.90750394793649,40.91700093087441,31.89465906183022,73.79029298889824,46.44872684821944,42.78886189823454,63.5757855228436
evreg31,1o.treat,0,138.9068534805163,0,0,0,0,0,0,0,0,0,0,0,0,0,0,0,0,0,0,0,0,0
evreg31,wind_direction,-.777055453629581,138.9068534805163,.0628558537640068,.0396681254859044,.0219941559800441,.0109365284111151,-.0236191319218176,-.0364797181408419,-.0344689801429413,-.0316678153811376,-.0226757674708128,0,.0002398279171063,-.0027806059704339,.0263740312842836,-.0012684602657424,-.0018243544159975,-.0111183919743527,-.0077173204813332,-.0166608117240005,-.0092288839928201,-.0125225926403092,-.0184941373976424
evreg31,av_wind_speed,78.4323274226867,138.9068534805163,-14.5223599225795,-10.68154389724427,-6.893098279303396,-3.700716872120188,4.335766629573642,7.110513788768792,9.220803185360886,11.37210826038225,13.38679632192763,0,-.0027806059704339,5.611954757847909,-1.744327991277205,-.3183533200272707,1.588155150946395,1.421193243446799,1.446496853482284,3.188174020815019,1.69869222103579,1.636890302064739,3.061841365488794
evreg31,1bn.relative_year_bin_aux#1.treat,-117.503540199118,138.9068534805163,29.62125085222759,17.71270596554798,11.43537799280529,7.057435747440276,-5.963271066662081,-6.623120309178165,-8.254451642148254,-8.859282599730303,-8.679188537838876,0,.0263740312842836,-1.744327991277205,941.4131197278592,50.15093785786409,45.75617774154732,139.495337464202,11.28701634706813,127.8737285307753,137.0561873130348,124.5779328104731,86.59449502887728
evreg31,2.relative_year_bin_aux#1.treat,-20.22760782056971,138.9068534805163,38.59675602133098,32.21803840519016,20.91980858939183,9.155610718071502,-11.88227438168434,-22.7237410202994,-31.75631056212673,-39.56165587432785,-44.43864180406657,0,-.0012684602657424,-.3183533200272707,50.15093785786409,150.7160372918498,-6.429582165524405,.6068622469595237,-22.11371474454814,-18.77126216179568,-4.725526586424991,2.960673178446236,-11.93432792167204
evreg31,3.relative_year_bin_aux#1.treat,16.24163887652066,138.9068534805163,-20.89146081098363,-17.29153759619335,-11.36920812510417,-5.4590843491386,5.798390125488952,11.33647521739405,15.66497693564404,18.99950132125894,21.90750394793649,0,-.0018243544159975,1.588155150946395,45.75617774154732,-6.429582165524405,85.33349226976857,43.50601394245193,36.84174715334263,51.82943607869948,46.06499897016371,45.39920603743222,46.02422977816958
evreg31,4.relative_year_bin_aux#1.treat,35.38944495545626,138.9068534805163,-27.28234246859368,-23.86676411979868,-16.31644574066965,-6.637764178689749,8.930855872124448,20.86565021629518,28.20242393555871,34.31188605851369,40.91700093087441,0,-.0111183919743527,1.421193243446799,139.495337464202,.6068622469595237,43.50601394245193,129.512713041258,26.09193744873283,108.8900935048877,71.53203053668183,73.10208053677943,68.05910486481736
evreg31,6.relative_year_bin_aux#1.treat,48.82921635831343,138.9068534805163,-29.46545403258472,-23.27455759378791,-15.89550736901449,-8.289050976458789,8.113163503965678,15.91499981793771,22.27720863191807,27.11180570720781,31.89465906183022,0,-.0077173204813332,1.446496853482284,11.28701634706813,-22.11371474454814,36.84174715334263,26.09193744873283,77.13200847290145,61.13023260741829,46.88300244098731,34.17950649542901,19.42222994819285
evreg31,7.relative_year_bin_aux#1.treat,81.04456952159494,138.9068534805163,-55.32219237616585,-45.68584880109623,-30.7558776546912,-13.43508665231592,18.18331595646239,38.61856229260243,52.16353606043532,63.5580867607663,73.79029298889824,0,-.0166608117240005,3.188174020815019,127.8737285307753,-18.77126216179568,51.82943607869948,108.8900935048877,61.13023260741829,176.5339903315672,100.3251146950184,92.21223061693526,67.16500157066318
evreg31,8.relative_year_bin_aux#1.treat,33.47138127885719,138.9068534805163,-38.05528925542545,-30.8064452570148,-20.42432357085397,-9.252963589706672,11.70224065119176,23.71701581264594,32.34339217476076,39.55921047200883,46.44872684821944,0,-.0092288839928201,1.69869222103579,137.0561873130348,-4.725526586424991,46.06499897016371,71.53203053668183,46.88300244098731,100.3251146950184,105.6587026201353,98.29038651728305,63.97356640049381
evreg31,9.relative_year_bin_aux#1.treat,34.64329011702424,138.9068534805163,-33.79117826018188,-27.86561449103719,-18.73412377010344,-8.412399552304214,10.48338825363723,21.56105183011203,29.337368747909,35.46146153338476,42.78886189823454,0,-.0125225926403092,1.636890302064739,124.5779328104731,2.960673178446236,45.39920603743222,73.10208053677943,34.17950649542901,92.21223061693526,98.29038651728305,131.7661254935208,103.0797373919277
evreg31,10.relative_year_bin_aux#1.treat,7.648490586293802,138.9068534805163,-48.99039700065624,-40.3010570585799,-27.50864351236416,-11.85509329301978,16.96905383191817,33.90328937258608,45.30772584416591,55.60039819841484,63.5757855228436,0,-.0184941373976424,3.061841365488794,86.59449502887728,-11.93432792167204,46.02422977816958,68.05910486481736,19.42222994819285,67.16500157066318,63.97356640049381,103.0797373919277,316.7323869179675
evreg32,1bno.relative_year_bin_aux,0,138.9068534805163,0,0,0,0,0,0,0,0,0,0,0,0,0,0,0,0,0,0,0,0,0
evreg32,2o.relative_year_bin_aux,0,138.9068534805163,0,0,0,0,0,0,0,0,0,0,0,0,0,0,0,0,0,0,0,0,0
evreg32,3o.relative_year_bin_aux,0,138.9068534805163,0,0,0,0,0,0,0,0,0,0,0,0,0,0,0,0,0,0,0,0,0
evreg32,4o.relative_year_bin_aux,0,138.9068534805163,0,0,0,0,0,0,0,0,0,0,0,0,0,0,0,0,0,0,0,0,0
evreg32,6o.relative_year_bin_aux,0,138.9068534805163,0,0,0,0,0,0,0,0,0,0,0,0,0,0,0,0,0,0,0,0,0
evreg32,7o.relative_year_bin_aux,0,138.9068534805163,0,0,0,0,0,0,0,0,0,0,0,0,0,0,0,0,0,0,0,0,0
evreg32,8o.relative_year_bin_aux,0,138.9068534805163,0,0,0,0,0,0,0,0,0,0,0,0,0,0,0,0,0,0,0,0,0
evreg32,9o.relative_year_bin_aux,0,138.9068534805163,0,0,0,0,0,0,0,0,0,0,0,0,0,0,0,0,0,0,0,0,0
evreg32,10o.relative_year_bin_aux,0,138.9068534805163,0,0,0,0,0,0,0,0,0,0,0,0,0,0,0,0,0,0,0,0,0
evreg32,1o.treat,0,138.9068534805163,0,0,0,0,0,0,0,0,0,0,0,0,0,0,0,0,0,0,0,0,0
evreg32,wind_direction,-.3918539631164628,138.9068534805163,0,0,0,0,0,0,0,0,0,0,.0001319063310067,-.00613595856749,.0157361423370873,-.0007180888138527,.0008597692806626,-.0043673261473649,-.0038458919002675,-.0057351900296293,-.0040739188575669,-.0058348681337163,-.0074292077418383
evreg32,av_wind_speed,86.98705053872425,138.9068534805163,0,0,0,0,0,0,0,0,0,0,-.00613595856749,21.84239603760267,-5.643333601760301,1.042600459124564,1.450732819855779,1.982954484654667,1.945952518987285,4.783953055762087,1.974213677285903,2.712736312715456,5.912116190223441
evreg32,1bn.relative_year_bin_aux#1.treat,-107.5777229184846,138.9068534805163,0,0,0,0,0,0,0,0,0,0,.0157361423370873,-5.643333601760301,879.310575090827,51.16472135094132,36.85793983057371,116.0620507360614,10.47652038167037,112.6377742039698,128.9920393808901,114.7304178035496,72.97268959039752
evreg32,2.relative_year_bin_aux#1.treat,-19.13991512354675,138.9068534805163,0,0,0,0,0,0,0,0,0,0,-.0007180888138527,1.042600459124564,51.16472135094132,138.2150110695287,-1.011893846186652,6.573313781764087,-14.30479760988439,-12.81966986378918,.177353571625251,11.67049019981332,-4.531613950492053
evreg32,3.relative_year_bin_aux#1.treat,16.66283064871467,138.9068534805163,0,0,0,0,0,0,0,0,0,0,.0008597692806626,1.450732819855779,36.85793983057371,-1.011893846186652,79.76905562948409,34.71215283749299,32.13942841031044,42.19056360188983,40.24777760335054,39.63840550915199,40.28875093767512
evreg32,4.relative_year_bin_aux#1.treat,30.52933844077225,138.9068534805163,0,0,0,0,0,0,0,0,0,0,-.0043673261473649,1.982954484654667,116.0620507360614,6.573313781764087,34.71215283749299,98.82949089854837,19.79344315337293,80.32211923541084,57.91670725098345,56.31477604563051,44.63097992062549
evreg32,6.relative_year_bin_aux#1.treat,43.5218112179855,138.9068534805163,0,0,0,0,0,0,0,0,0,0,-.0038458919002675,1.945952518987285,10.47652038167037,-14.30479760988439,32.13942841031044,19.79344315337293,72.72064442494944,51.89397047066343,40.69694974880546,28.83760622673771,11.95711490565919
evreg32,7.relative_year_bin_aux#1.treat,77.52349895410059,138.9068534805163,0,0,0,0,0,0,0,0,0,0,-.0057351900296293,4.783953055762087,112.6377742039698,-12.81966986378918,42.19056360188983,80.32211923541084,51.89397047066343,146.1853115270379,85.98943107381135,75.84794491365965,42.36199636005522
evreg32,8.relative_year_bin_aux#1.treat,35.61093505623619,138.9068534805163,0,0,0,0,0,0,0,0,0,0,-.0040739188575669,1.974213677285903,128.9920393808901,.177353571625251,40.24777760335054,57.91670725098345,40.69694974880546,85.98943107381135,98.04364111085748,90.36434572803681,53.13490925584961
evreg32,9.relative_year_bin_aux#1.treat,30.81866118830046,138.9068534805163,0,0,0,0,0,0,0,0,0,0,-.0058348681337163,2.712736312715456,114.7304178035496,11.67049019981332,39.63840550915199,56.31477604563051,28.83760622673771,75.84794491365965,90.36434572803681,121.1998248584524,89.83110871521711
evreg32,10.relative_year_bin_aux#1.treat,-1.434751528289303,138.9068534805163,0,0,0,0,0,0,0,0,0,0,-.0074292077418383,5.912116190223441,72.97268959039752,-4.531613950492053,40.28875093767512,44.63097992062549,11.95711490565919,42.36199636005522,53.13490925584961,89.83110871521711,289.110722331862
