reg,var,beta,ymean,cov1,cov2,cov3,cov4,cov5,cov6,cov7,cov8,cov9,cov10,cov11,cov12,cov13,cov14,cov15,cov16,cov17,cov18,cov19,cov20,cov21,cov22,cov23,cov24,cov25,cov26,cov27,cov28,cov29,cov30,cov31,cov32,cov33,cov34,cov35,cov36,cov37,cov38,cov39,cov40,cov41,cov42
evreg1,1bn.relative_year_bin_aux,-8.966094274166142,116.2495619449414,13.17951401288247,12.03974963675246,10.66881488823389,11.3594467577073,9.109584068274966,6.231945034733054,3.952350927451071,-.4127927233459639,1.911701893135184,3.159114141798289,-.0120192849990396,-12.42882291241292,-12.65394060978333,-11.65842822645459,-10.39303239638606,-11.04496163779379,-8.74392685687798,-6.011913620633575,-3.930566199261647,.3177041169481505,-1.57176118160882,11.85918016346926,,,,,,,,,,,,,,,,,,,,
evreg1,2.relative_year_bin_aux,-15.61457270599666,116.2495619449414,12.03974963675246,12.41673603533942,11.1073952075626,10.68449244083721,8.802417278521654,6.014996210503122,4.403357918664442,-1.533937763310986,.8388498209201968,7.102242864494963,.0314160124580719,-11.89630808136191,-11.58840750456342,-11.48763731378145,-10.47981510005937,-10.53193188534983,-8.526631320449258,-5.557257448358065,-4.156150334929207,1.272390540388728,-1.346955958356209,7.577218803340094,,,,,,,,,,,,,,,,,,,,
evreg1,3.relative_year_bin_aux,-7.033200496232761,116.2495619449414,10.66881488823389,11.1073952075626,11.20463771758824,10.61020455957939,8.746327134658888,6.371295142651318,4.563012143400713,-1.315669418181879,.3877231015520663,8.943259981613771,.059912800133141,-6.513435221168367,-10.45209836120864,-10.02659813544579,-10.48086978281988,-10.66446043160865,-8.646102813732782,-5.872731464877406,-4.209231005345655,.9993208450135371,-1.499094222092248,-.628716162151331,,,,,,,,,,,,,,,,,,,,
evreg1,4.relative_year_bin_aux,17.30863857698924,116.2495619449414,11.3594467577073,10.68449244083721,10.61020455957939,14.29697319319005,10.67528326755062,6.303949014482095,2.86753335559307,.8963090000948545,2.644007615707443,-6.095195170403567,-.1305882118960925,-15.35822336325041,-10.71964492337549,-11.76379148339055,-11.17186540467359,-13.72210151061284,-10.11262024320934,-6.690264347069226,-3.499987226506645,-.5417231242088701,-.2597454263199314,23.8139670983018,,,,,,,,,,,,,,,,,,,,
evreg1,5.relative_year_bin_aux,9.796527604300636,116.2495619449414,9.109584068274966,8.802417278521654,8.746327134658888,10.67528326755062,9.932011484954174,7.301254253041854,4.257215575815216,.2633374036388187,2.495785320320681,.7330733599866558,-.0347340544644444,-7.93202594873493,-8.800081537864774,-8.915848631432068,-8.747133074384804,-10.46708151273412,-9.681855504501614,-7.320856082087311,-4.438131243020541,-.2002456926799276,-1.915694961774122,8.707341387494685,,,,,,,,,,,,,,,,,,,,
evreg1,6.relative_year_bin_aux,4.795155963207226,116.2495619449414,6.231945034733054,6.014996210503122,6.371295142651318,6.303949014482095,7.301254253041854,7.893688162131077,5.525875170075428,-.2117540916137881,1.657411861845479,6.85275198403558,.0693700237169143,-.5753535057118065,-6.312342521923983,-5.085804540642731,-5.736877794734275,-6.572726989524758,-7.414622843929052,-7.481888102525605,-5.198164782077296,-.1001208524874455,-3.124101738322376,-5.786515464446059,,,,,,,,,,,,,,,,,,,,
evreg1,7.relative_year_bin_aux,-10.10831501647175,116.2495619449414,3.952350927451071,4.403357918664442,4.563012143400713,2.86753335559307,4.257215575815216,5.525875170075428,5.950803149854401,-2.720512694202197,-1.274536610341573,14.42336280446977,.1627790604177491,4.041875812744594,-4.228801792749463,-2.40618186448276,-3.287311202571914,-3.429917809341112,-4.580728824656331,-4.687164069648894,-5.143788476529847,2.114918729175203,-1.877902751885646,-18.19124485515112,,,,,,,,,,,,,,,,,,,,
evreg1,9.relative_year_bin_aux,25.12485803265982,116.2495619449414,-.4127927233459639,-1.533937763310986,-1.315669418181879,.8963090000948545,.2633374036388187,-.2117540916137881,-2.720512694202197,5.620320856822571,6.615339695289999,-12.5072988063156,-.1428364826056172,-.4450777091419359,.4414154530127625,-.3939736948900288,.1460067173494524,-.6008437917553159,-.127994787090225,-.5889767869082667,1.924792107057424,-5.116396959885712,-4.144429077080782,11.75892309883968,,,,,,,,,,,,,,,,,,,,
evreg1,10.relative_year_bin_aux,23.61104009514005,116.2495619449414,1.911701893135184,.8388498209201968,.3877231015520663,2.644007615707443,2.495785320320681,1.657411861845479,-1.274536610341573,6.615339695289999,11.0264443691273,-10.61770250938503,-.1479355402987364,-3.520945137652627,-1.72486675647687,-2.608548305790877,-1.392582928279955,-2.245019855786771,-2.204549475393399,-2.451839099097432,.3707504468797599,-5.977700663388524,-8.508998722543955,14.19138400513655,,,,,,,,,,,,,,,,,,,,
evreg1,1.treat,281.6036149100764,116.2495619449414,3.159114141798289,7.102242864494963,8.943259981613771,-6.095195170403567,.7330733599866558,6.85275198403558,14.42336280446977,-12.5072988063156,-10.61770250938503,600.4099813040604,.9849062699408315,56.36933211122354,-37.18938731373317,-1.138553206329689,-66.79346090610106,27.88664233010639,-27.19903340097077,-81.06342231855378,-100.7529324420326,61.16128999025824,-91.8377600417615,-151.372992457223,,,,,,,,,,,,,,,,,,,,
evreg1,wind_direction,-1.303902822943878,116.2495619449414,-.0120192849990396,.0314160124580719,.059912800133141,-.1305882118960925,-.0347340544644444,.0693700237169143,.1627790604177491,-.1428364826056172,-.1479355402987364,.9849062699408315,.0132568748149052,.6471243167128995,-.0296168593465135,.1106744475877931,.0271099736001242,.0725487007790518,-.0077931600455822,-.0069373467000456,-.0945583232270677,.0887538691736085,-.1128778517423364,-1.711807106651994,,,,,,,,,,,,,,,,,,,,
evreg1,av_wind_speed,-10.71754635607836,116.2495619449414,-12.42882291241292,-11.89630808136191,-6.513435221168367,-15.35822336325041,-7.93202594873493,-.5753535057118065,4.041875812744594,-.4450777091419359,-3.520945137652627,56.36933211122354,.6471243167128995,122.540174462645,7.873246442526562,15.27169373765037,8.200098307626615,11.69469002229486,4.284490712394543,1.681625245154339,-1.082472912762711,-1.05920078321951,-8.462638056784403,-202.4968220375802,,,,,,,,,,,,,,,,,,,,
evreg1,1bn.relative_year_bin_aux#1.treat,69.19821775475523,116.2495619449414,-12.65394060978333,-11.58840750456342,-10.45209836120864,-10.71964492337549,-8.800081537864774,-6.312342521923983,-4.228801792749463,.4414154530127625,-1.72486675647687,-37.18938731373317,-.0296168593465135,7.873246442526562,246.4558969958835,177.2160494970817,216.5326092315319,166.3149030593847,182.7304318449872,95.95607718943809,75.52699184766379,88.22175650924875,242.6698080372948,-3.780799849234359,,,,,,,,,,,,,,,,,,,,
evreg1,2.relative_year_bin_aux#1.treat,48.01729086331059,116.2495619449414,-11.65842822645459,-11.48763731378145,-10.02659813544579,-11.76379148339055,-8.915848631432068,-5.085804540642731,-2.40618186448276,-.3939736948900288,-2.608548305790877,-1.138553206329689,.1106744475877931,15.27169373765037,177.2160494970817,170.9849059063015,168.2601487654707,141.9050196539127,130.1812481131626,66.14283571543956,34.01177199873227,69.33145657257867,130.9514512582618,-21.82371285170581,,,,,,,,,,,,,,,,,,,,
evreg1,3.relative_year_bin_aux#1.treat,37.59408362395673,116.2495619449414,-10.39303239638606,-10.47981510005937,-10.48086978281988,-11.17186540467359,-8.747133074384804,-5.736877794734275,-3.287311202571914,.1460067173494524,-1.392582928279955,-66.79346090610106,.0271099736001242,8.200098307626615,216.5326092315319,168.2601487654707,220.9180923821257,148.6872773410778,175.7703013941435,99.69739067100105,78.96029425136419,81.59870221856895,240.3876842752353,-7.64564128910082,,,,,,,,,,,,,,,,,,,,
evreg1,4.relative_year_bin_aux#1.treat,68.1409516084062,116.2495619449414,-11.04496163779379,-10.53193188534983,-10.66446043160865,-13.72210151061284,-10.46708151273412,-6.572726989524758,-3.429917809341112,-.6008437917553159,-2.245019855786771,27.88664233010639,.0725487007790518,11.69469002229486,166.3149030593847,141.9050196539127,148.6872773410778,152.0454354926404,121.4939917932955,57.09275575597943,34.72297830103854,71.2221013749114,124.4019059891206,-15.91422456589134,,,,,,,,,,,,,,,,,,,,
evreg1,5.relative_year_bin_aux#1.treat,48.9222689889601,116.2495619449414,-8.74392685687798,-8.526631320449258,-8.646102813732782,-10.11262024320934,-9.681855504501614,-7.414622843929052,-4.580728824656331,-.127994787090225,-2.204549475393399,-27.19903340097077,-.0077931600455822,4.284490712394543,182.7304318449872,130.1812481131626,175.7703013941435,121.4939917932955,190.7305498720619,94.47935049733425,92.62982584878137,81.46295155425331,267.7913628255726,-1.781167976994626,,,,,,,,,,,,,,,,,,,,
evreg1,6.relative_year_bin_aux#1.treat,-12.0834628080769,116.2495619449414,-6.011913620633575,-5.557257448358065,-5.872731464877406,-6.690264347069226,-7.320856082087311,-7.481888102525605,-4.687164069648894,-.5889767869082667,-2.451839099097432,-81.06342231855378,-.0069373467000456,1.681625245154339,95.95607718943809,66.14283571543956,99.69739067100105,57.09275575597943,94.47935049733425,84.77526304315117,64.71487815386263,36.12000217455271,129.5907087481685,.4131995421373918,,,,,,,,,,,,,,,,,,,,
evreg1,7.relative_year_bin_aux#1.treat,-6.001006484124099,116.2495619449414,-3.930566199261647,-4.156150334929207,-4.209231005345655,-3.499987226506645,-4.438131243020541,-5.198164782077296,-5.143788476529847,1.924792107057424,.3707504468797599,-100.7529324420326,-.0945583232270677,-1.082472912762711,75.52699184766379,34.01177199873227,78.96029425136419,34.72297830103854,92.62982584878137,64.71487815386263,100.614991345729,28.28290273939276,181.2248728341198,10.11951217439842,,,,,,,,,,,,,,,,,,,,
evreg1,9.relative_year_bin_aux#1.treat,57.89493478556375,116.2495619449414,.3177041169481505,1.272390540388728,.9993208450135371,-.5417231242088701,-.2002456926799276,-.1001208524874455,2.114918729175203,-5.116396959885712,-5.977700663388524,61.16128999025824,.0887538691736085,-1.05920078321951,88.22175650924875,69.33145657257867,81.59870221856895,71.2221013749114,81.46295155425331,36.12000217455271,28.28290273939276,90.68519926778698,143.8239125193139,-6.984153079173449,,,,,,,,,,,,,,,,,,,,
evreg1,10.relative_year_bin_aux#1.treat,37.29747773169846,116.2495619449414,-1.57176118160882,-1.346955958356209,-1.499094222092248,-.2597454263199314,-1.915694961774122,-3.124101738322376,-1.877902751885646,-4.144429077080782,-8.508998722543955,-91.8377600417615,-.1128778517423364,-8.462638056784403,242.6698080372948,130.9514512582618,240.3876842752353,124.4019059891206,267.7913628255726,129.5907087481685,181.2248728341198,143.8239125193139,640.8456122020112,17.91692933397852,,,,,,,,,,,,,,,,,,,,
evreg1,_cons,122.7268223195347,116.2495619449414,11.85918016346926,7.577218803340094,-.628716162151331,23.8139670983018,8.707341387494685,-5.786515464446059,-18.19124485515112,11.75892309883968,14.19138400513655,-151.372992457223,-1.711807106651994,-202.4968220375802,-3.780799849234359,-21.82371285170581,-7.64564128910082,-15.91422456589134,-1.781167976994626,.4131995421373918,10.11951217439842,-6.984153079173449,17.91692933397852,386.8733535305317,,,,,,,,,,,,,,,,,,,,
evreg2,1bn.relative_year_bin_aux,-6.779679472547953,116.2495619449414,16.02584570328487,13.84711664012283,12.75221852978593,14.19933701894313,10.89351335986873,7.407908099667936,3.759222439837435,1.284102563702341,3.342313382507081,2.487372062993278,.5289026523173146,-.0216499537033834,-13.112708187151,-15.52856308670796,-13.59233984800135,-12.51303972870357,-13.97717199895632,-10.52988342172804,-7.233788901887888,-3.835955901009773,-1.373279555534987,-3.041712365781356,-5.497770586477825,-4.188354034630848,-4.51792310859168,-5.393788462478966,-3.966927919370939,-2.459623712073692,-.4508323494545209,-2.246948200295689,-2.332672647994506,-.5301613604798021,5.472260926765067,4.198904675015577,4.499491421493104,5.462965719158849,3.933545510782676,2.475313033486177,.5330022705622768,2.278162193428458,2.550141720811534,13.24578695179795
evreg2,2.relative_year_bin_aux,-12.88784562585077,116.2495619449414,13.84711664012283,14.16404133566333,13.19834493667223,13.17335057483223,10.71342823768287,7.130466906830413,4.327678303730392,-.0962649824632693,2.405460030968746,6.675304798246697,.9453949525493495,.0216695139929322,-11.93832977882799,-13.46787515676678,-13.39264762367205,-12.65199462405414,-13.15571154723093,-10.49506400785904,-6.735484837571619,-4.203887758050024,-.1765663609064164,-3.049461476236828,-3.607918244620955,-3.843146397113528,-4.375452522103166,-4.690149188596004,-3.924052290880454,-2.334046599546014,-.5902719669703965,-1.769296830965493,-2.417429761595816,-.8305526806972067,3.626584088646561,3.849964234133347,4.392133099894822,4.842793256907425,3.961219307419391,2.352268178764735,.7010118778443276,1.840265668782899,2.822485897713328,7.865317429789619
evreg2,3.relative_year_bin_aux,-5.518673390705102,116.2495619449414,12.75221852978593,13.19834493667223,13.82633122724462,13.4682709917087,10.96624546693834,7.818336029847109,4.990320417575473,-.4848029028356415,1.207741313134757,9.772049511503639,1.33200595735999,.0608562932289511,-6.52439369491258,-12.59543350503188,-12.11545439234448,-13.10575038275189,-13.6631793146203,-10.94279336822126,-7.31860646108879,-4.712271740648806,.1124258247085475,-2.662300953585017,-2.973536473785554,-3.197960191951952,-4.375542462347596,-4.676748139707724,-3.627083993904582,-2.193730781408881,-.5905441006967169,-1.28247140678402,-1.316323586721942,-1.132873490384401,2.992125575484319,3.177233221617362,4.400129360950321,4.847847101924871,3.691230610324303,2.203012752267492,.7133114547537092,1.372135690702007,1.795892448253208,-1.564498812371626
evreg2,4.relative_year_bin_aux,19.44041711889554,116.2495619449414,14.19933701894313,13.17335057483223,13.4682709917087,18.27012796955804,13.61709419435268,8.02316714460431,3.230079748244939,1.925957335451076,3.454650963844792,-6.888118830025928,-1.680002082780421,-.136447660376524,-16.58499472379422,-13.56851715891551,-14.33752915971106,-13.98289751396729,-17.7846777376247,-13.02427351420391,-8.429625390293886,-3.984738304092504,-1.59792858077509,-1.257437216793658,-3.687783414806328,-3.28236155710212,-4.254341314485814,-5.976848837065457,-4.566475839267746,-2.434533381613698,-.0796164644463853,-2.216822594662601,-1.683540726955011,1.502896137540214,3.693491146079396,3.367214770747654,4.171332245694332,6.087130306643699,4.504484001807526,2.465124446051088,.2356963279436673,2.285863097800587,2.075851723439456,26.13126942237117
evreg2,5.relative_year_bin_aux,11.2510900860826,116.2495619449414,10.89351335986873,10.71342823768287,10.96624546693834,13.61709419435268,13.14843287908446,9.382232002753787,5.290891172119529,.5637585047793661,3.595118819610492,1.294043995900427,.5669719398864135,-.0395133855069305,-9.519141440168676,-10.50511046571327,-10.82200917578766,-10.92674699974274,-13.37655475726088,-12.82523281367289,-9.410186686071892,-5.545095958755755,-.510089052462507,-3.053503085335063,-2.106963014449793,-2.348193206922303,-3.189275768416855,-4.164971174312819,-4.80965560704806,-3.085216023217002,-1.194283720347122,-1.159131045551154,-2.311592211285256,-.5793231094495049,2.083508944529394,2.346199395818127,3.112785339683364,4.215510881179219,4.751039567181969,3.117306368227923,1.303269822270813,1.200122770919259,2.607489592779609,10.09698342702399
evreg2,6.relative_year_bin_aux,5.732138123286649,116.2495619449414,7.407908099667936,7.130466906830413,7.818336029847109,8.02316714460431,9.382232002753787,9.579438973767889,6.576911858084838,-.188641521537999,2.347433765599234,8.464561336453448,1.848649672648985,.0702470748238365,-.2011795040470236,-7.456513417293981,-6.17161596741328,-7.223102273236243,-8.256818326576223,-9.50633886196961,-9.189339800840106,-6.275795657529536,-.1489208902389374,-3.897059599642227,-1.454143386256486,-1.469225938395214,-2.334096439845004,-2.729039186969532,-3.375393359810384,-2.951614684311263,-1.6608167831167,-.4221678884838337,-1.560470557158506,-1.695153460086365,1.44296604640621,1.402877069329182,2.321325176298712,2.801355255847353,3.397545049405242,2.980921772308244,1.742892654065071,.4800478358538363,1.888165762409662,-7.880265102975443
evreg2,7.relative_year_bin_aux,-9.32149066665618,116.2495619449414,3.759222439837435,4.327678303730392,4.990320417575473,3.230079748244939,5.290891172119529,6.576911858084838,7.15361939675816,-2.895277874889325,-.5931862244170528,16.83472382669211,2.952645040620494,.1754160667494204,5.400363586631186,-4.104638181209116,-2.178771249656726,-3.690048335365577,-3.941722226102658,-5.742547382065039,-5.69031511494938,-6.359189224586972,2.195219485526468,-3.09485872013636,.1303230190555376,-.1467228688654892,-1.030093847211392,-1.186360624795147,-1.995587417414071,-1.939188336334803,-2.006027697926016,.1336223738341381,-1.453770412347497,-2.518732485757134,-.1135331243902843,.0515107895184388,1.088871403209994,1.3911523296988,2.129620258509398,1.923993237631241,2.128151966733423,-.0218760536392807,2.032120454132679,-22.38371930925613
evreg2,9.relative_year_bin_aux,23.69221667008614,116.2495619449414,1.284102563702341,-.0962649824632693,-.4848029028356415,1.925957335451076,.5637585047793661,-.188641521537999,-2.895277874889325,6.128671431732505,7.250266851496232,-13.8324610420629,-2.298969668356674,-.1520907717174056,-2.705023956446272,-1.141941485793298,-1.878134910638171,-.6415653476450095,-1.509163610659562,-.2927852512444962,-.6346211032368035,2.064038582249414,-5.596703403606703,-4.522779341340598,-1.203076572367656,-.7451651993176752,-.3399407319020531,-.5007126763441861,.3383041130462029,.2458818714410292,.6957479415082104,-1.466229734927992,-1.034091063131696,1.935877785155206,1.187677595650065,.8029603415079404,.2432666338511832,.4177821636228056,-.4408936323374406,-.2030755810384713,-.6752595805754134,1.457475143870459,.9533199752921615,15.99513573175251
evreg2,10.relative_year_bin_aux,21.27719119984688,116.2495619449414,3.342313382507081,2.405460030968746,1.207741313134757,3.454650963844792,3.595118819610492,2.347433765599234,-.5931862244170528,7.250266851496232,13.84812135662275,-10.72323999761057,-.0353314059141996,-.157316321155476,-6.372313249446618,-2.94848827494113,-4.173318081551407,-2.120191410229876,-2.860226719633954,-3.088474136848389,-3.140221324517273,-.3700371765999204,-6.575162498984051,-11.06429453840376,-.7512933973302784,-.8704833666115173,-.6391574341500061,-.5697686777053681,-.9993560505788908,-.9207703576138487,-.6056823861858758,-2.108648240867945,-4.971596627139006,-.158484616086871,.695001370096694,.9061107816732945,.4369328192426458,.5145844544242514,.8271063371185742,.9367182262801236,.7053847129674391,2.095504540560269,5.083787846610385,17.91144101029029
evreg2,1.treat,271.5239805997008,116.2495619449414,2.487372062993278,6.675304798246697,9.772049511503639,-6.888118830025928,1.294043995900427,8.464561336453448,16.83472382669211,-13.8324610420629,-10.72323999761057,724.4899369290866,20.02645549442015,1.030515992612291,61.69831160243006,-24.66417702786291,-10.36697801304094,-51.25785786573925,58.0487734289942,11.63712361280242,-80.04028059171831,-109.0606338137478,109.8124112011034,-22.60516745318015,1.012963393997697,.5425993838575053,-1.436581216697962,.6900633545690531,-1.050187490273362,-2.362316064112685,-3.85576451254165,2.47158974761461,-.4017613855719965,-381.9794938178488,60.69752684131014,72.91282067672408,59.77677681346087,-11.94210744112852,23.97618582100942,62.36414893884847,83.93797229910189,-60.98792572457523,59.4063007574722,-171.1935634964657
evreg2,1.downup_ac,-11.87862618823141,116.2495619449414,.5289026523173146,.9453949525493495,1.33200595735999,-1.680002082780421,.5669719398864135,1.848649672648985,2.952645040620494,-2.298969668356674,-.0353314059141996,20.02645549442015,19.76537581485334,.1169653892204528,11.32166414494086,-.5936743649667153,.3258909830137682,-.8308391452733772,1.927619248846361,-.6920035852484048,-1.496966176299611,-2.15156527954871,2.103247715638691,-.9924179608835498,-1.853211406130366,-2.413211020393191,-1.961038980545101,1.030509483235328,-1.07971562247438,-1.617072089790889,-3.169899422334882,3.562246895005936,-1.441559725141376,-19.83126197813973,1.628234500251542,2.164961289971576,1.867948713476926,-1.591276324933663,.8114720064740738,1.686466127084762,2.877921429242295,-3.802787207399937,.3497042568120682,-32.68154919985672
evreg2,wind_direction,-1.3044460026252,116.2495619449414,-.0216499537033834,.0216695139929322,.0608562932289511,-.136447660376524,-.0395133855069305,.0702470748238365,.1754160667494204,-.1520907717174056,-.157316321155476,1.030515992612291,.1169653892204528,.0132551386621836,.6459936377705907,-.0242529153616934,.1217629548857424,.019643487450154,.0695175761261499,-.0123992960470331,-.0074915789248191,-.1087703876745226,.0936096334122729,-.119757839962513,.0191098529551613,.0195796332661666,-.0018666409125357,.0116782302811045,.0096354406246438,-.0016375012317818,-.0251891334466556,.0185063853703238,.0188799185884201,-.0916356874028717,-.0107142605637579,-.0222822783139929,.0148948979730328,.0060548398860318,.0090819286297297,.001150784235278,.0283547706401196,-.0098324065481507,.0140393005239637,-1.768877670047506
evreg2,av_wind_speed,-10.61230024004954,116.2495619449414,-13.112708187151,-11.93832977882799,-6.52439369491258,-16.58499472379422,-9.519141440168676,-.2011795040470236,5.400363586631186,-2.705023956446272,-6.372313249446618,61.69831160243006,11.32166414494086,.6459936377705907,122.2831519374518,8.741516593826864,15.63872901051777,8.036024423205671,13.32435282628315,5.821151568622188,1.341816906267468,-2.196983251072057,1.203982218652993,-4.90309930282302,1.420791917115838,.1721544327690891,.1352148061021486,2.64052106545602,3.276032154679891,-.7073279865991006,-2.70942493131781,4.494384026113605,5.669031644915025,-11.01358090236301,-1.746899887040811,-.8064126757148166,.2289690657105573,-3.411427090540996,-3.139708905112908,.6505630921216587,2.232702228783986,-4.486879584994359,-6.99298291061845,-207.6870044626116
evreg2,1bn.relative_year_bin_aux#1.treat,73.08436533423929,116.2495619449414,-15.52856308670796,-13.46787515676678,-12.59543350503188,-13.56851715891551,-10.50511046571327,-7.456513417293981,-4.104638181209116,-1.141941485793298,-2.94848827494113,-24.66417702786291,-.5936743649667153,-.0242529153616934,8.741516593826864,373.786255582717,276.2302878146481,310.3626338382705,244.0976737335792,275.3308034511025,129.2536944228108,99.81644694993484,125.031291578123,314.8468550561305,5.65118211391312,4.382596886361124,4.681676999895392,5.461821370595982,3.851225713499971,2.404504586044287,.5875841014280712,2.029604176626124,1.946786713913421,9.548799650476251,-245.0817950559345,-183.9902310408322,-183.7818477312812,-149.4569034862155,-179.8038741945728,-81.29153882662393,-59.07162303538197,-59.40506229587419,-150.4630822870395,-5.299023608233309
evreg2,2.relative_year_bin_aux#1.treat,44.9807619749736,116.2495619449414,-13.59233984800135,-13.39264762367205,-12.11545439234448,-14.33752915971106,-10.82200917578766,-6.17161596741328,-2.178771249656726,-1.878134910638171,-4.173318081551407,-10.36697801304094,.3258909830137682,.1217629548857424,15.63872901051777,276.2302878146481,272.3274476136008,250.030409351656,211.9026405011988,203.2915771705128,102.1306421169997,50.92279596028112,96.17723389772355,175.559613486513,3.904544852585551,4.196391796206082,4.415810338087335,4.805742132575864,3.919657696632493,2.317846475118298,.3702077230972307,1.814018353858309,2.366014824384548,12.82886230857008,-164.0065440687532,-174.8873819933533,-138.9833800374387,-124.8615865443136,-130.549383801896,-67.20605458563168,-34.02128723417046,-40.5053336605212,-73.10292407746994,-23.35647513830575
evreg2,3.relative_year_bin_aux#1.treat,48.94133977923002,116.2495619449414,-12.51303972870357,-12.65199462405414,-13.10575038275189,-13.98289751396729,-10.92674699974274,-7.223102273236243,-3.690048335365577,-.6415653476450095,-2.120191410229876,-51.25785786573925,-.8308391452733772,.019643487450154,8.036024423205671,310.3626338382705,250.030409351656,312.5894054602774,210.466407607154,252.1290576828928,125.9529764827406,98.90066471063206,108.6334665016427,301.1652931242703,3.106876064060656,3.372587501042118,4.37294675364452,4.683776830479565,3.617774751443466,2.264669193490189,.4775004401464061,1.29667894300372,1.319914537430203,19.13289106416669,-194.6545979902631,-157.7285857228812,-193.9838756002994,-126.3619500845533,-163.9126974796534,-73.29370763750167,-59.75671151878771,-54.35947283000016,-167.1147246652693,-6.530106690658849
evreg2,4.relative_year_bin_aux#1.treat,79.13841599387793,116.2495619449414,-13.97717199895632,-13.15571154723093,-13.6631793146203,-17.7846777376247,-13.37655475726088,-8.256818326576223,-3.941722226102658,-1.509163610659562,-2.860226719633954,58.0487734289942,1.927619248846361,.0695175761261499,13.32435282628315,244.0976737335792,211.9026405011988,210.466407607154,237.7659832922241,179.8101504762177,77.13845504419805,40.27391015575159,98.97839560155953,150.1264206292416,3.923238464242579,3.503229368746202,4.448571776553788,6.148075877664879,4.455806933034008,2.206517014496521,.1761046105144454,2.047986609382193,1.259947732939887,-30.18012998120388,-142.8330559429131,-126.4868867802563,-123.3569902744237,-156.8633151077458,-113.6253359473399,-53.17171252752543,-23.35997382121456,-48.9071522727379,-54.57954734224154,-18.44602891895944
evreg2,5.relative_year_bin_aux#1.treat,61.25684292903281,116.2495619449414,-10.52988342172804,-10.49506400785904,-10.94279336822126,-13.02427351420391,-12.82523281367289,-9.50633886196961,-5.742547382065039,-.2927852512444962,-3.088474136848389,11.63712361280242,-.6920035852484048,-.0123992960470331,5.821151568622188,275.3308034511025,203.2915771705128,252.1290576828928,179.8101504762177,282.2776015341574,113.5729249659117,110.1869841865418,126.4849307170877,358.0431715413217,2.230514242420653,2.501670071595171,3.341915505454614,4.22972127124463,4.726154785705588,3.050588691034158,1.328242706204196,.9787998046629149,1.997721921104486,-25.0426252236599,-168.7419210899746,-121.9283300142998,-142.619476843572,-102.3539905213739,-184.4247956249438,-59.09686089742434,-60.63486258674743,-71.52487210366195,-195.0705812700169,-2.673378545856797
evreg2,6.relative_year_bin_aux#1.treat,-6.405822220741999,116.2495619449414,-7.233788901887888,-6.735484837571619,-7.31860646108879,-8.429625390293886,-9.410186686071892,-9.189339800840106,-5.69031511494938,-.6346211032368035,-3.140221324517273,-80.04028059171831,-1.496966176299611,-.0074915789248191,1.341816906267468,129.2536944228108,102.1306421169997,125.9529764827406,77.13845504419805,113.5729249659117,111.3924338968896,68.90058968362129,36.75704734004259,124.4016504243698,1.50784737433254,1.570623584023912,2.331912662405244,2.729907709287966,3.373627955385128,3.002355016048834,1.602053126590371,.4175162692234271,1.556351675748319,51.87327346328507,-83.22944519212237,-80.49974292792561,-76.95395040880513,-50.22557725545381,-76.12415862561529,-80.81429441929693,-49.46595331389111,-9.741241063485546,-61.72308062175991,2.148202481797918
evreg2,7.relative_year_bin_aux#1.treat,-1.274318870567971,116.2495619449414,-3.835955901009773,-4.203887758050024,-4.712271740648806,-3.984738304092504,-5.545095958755755,-6.275795657529536,-6.359189224586972,2.064038582249414,-.3700371765999204,-109.0606338137478,-2.15156527954871,-.1087703876745226,-2.196983251072057,99.81644694993484,50.92279596028112,98.90066471063206,40.27391015575159,110.1869841865418,68.90058968362129,137.4337095897193,41.52981250407605,236.6141183821052,.0111964392245535,.3130868300543404,1.089445579509844,1.314714838127148,2.033336457138072,1.862981080506466,1.915016905244161,-.0925545824777164,1.42845026336547,40.30477668860851,-72.23582553059614,-48.98960837171308,-64.21059339366764,-30.86028684047972,-73.98400571259279,-31.51142476486724,-95.22882385745048,-33.83913098253582,-168.4888171648913,13.7280766500436
evreg2,9.relative_year_bin_aux#1.treat,64.29327310955291,116.2495619449414,-1.373279555534987,-.1765663609064164,.1124258247085475,-1.59792858077509,-.510089052462507,-.1489208902389374,2.195219485526468,-5.596703403606703,-6.575162498984051,109.8124112011034,2.103247715638691,.0936096334122729,1.203982218652993,125.031291578123,96.17723389772355,108.6334665016427,98.97839560155953,126.4849307170877,36.75704734004259,41.52981250407605,137.1724194675157,216.8470399455403,1.201240319988572,.7387692505837077,.4035772143548955,.5310858948797716,-.3563383791832808,-.2853979340402387,-.6094164805770187,1.407405050980058,.9272442057727693,-65.10042901485292,-71.86278797892898,-50.69777517379323,-60.89689355122969,-57.777854643492,-85.07911692797002,-18.6450585073982,-29.25129133549775,-94.19505002200017,-134.2441981496786,-10.952325829423
evreg2,10.relative_year_bin_aux#1.treat,66.71541861124814,116.2495619449414,-3.041712365781356,-3.049461476236828,-2.662300953585017,-1.257437216793658,-3.053503085335063,-3.897059599642227,-3.09485872013636,-4.522779341340598,-11.06429453840376,-22.60516745318015,-.9924179608835498,-.119757839962513,-4.90309930282302,314.8468550561305,175.559613486513,301.1652931242703,150.1264206292416,358.0431715413217,124.4016504243698,236.6141183821052,216.8470399455403,954.3545703725677,.7829738270376401,.9164806240107058,1.036271662159642,.7579101875308392,.8097093765737526,.6166996170605837,1.157590935055252,1.625071562146818,4.135409934383468,-33.62136912445492,-175.4591763064138,-95.762296179416,-152.6518196339215,-67.03390078734904,-228.5384163512285,-41.27315059336748,-150.696547175907,-147.5295900753891,-670.5193630792608,14.69271469915209
evreg2,1bn.relative_year_bin_aux#1.downup_ac,-4.370612777367722,116.2495619449414,-5.497770586477825,-3.607918244620955,-2.973536473785554,-3.687783414806328,-2.106963014449793,-1.454143386256486,.1303230190555376,-1.203076572367656,-.7512933973302784,1.012963393997697,-1.853211406130366,.0191098529551613,1.420791917115838,5.65118211391312,3.904544852585551,3.106876064060656,3.923238464242579,2.230514242420653,1.50784737433254,.0111964392245535,1.201240319988572,.7829738270376401,10.55280361722171,8.302700472829843,6.599471709309323,6.743772842228872,4.970444830369535,3.093592122666955,1.383436778822556,.1453865331166967,.4794627880644964,1.779546789683064,-10.70046235550534,-8.420881793293168,-6.693881615262177,-6.987337590288569,-5.148624833078612,-3.057909874390787,-1.444835718681344,-.2289318600705148,-.8297426474030041,-2.467776349752766
evreg2,2.relative_year_bin_aux#1.downup_ac,-5.460132478931321,116.2495619449414,-4.188354034630848,-3.843146397113528,-3.197960191951952,-3.28236155710212,-2.348193206922303,-1.469225938395214,-.1467228688654892,-.7451651993176752,-.8704833666115173,.5425993838575053,-2.413211020393191,.0195796332661666,.1721544327690891,4.382596886361124,4.196391796206082,3.372587501042118,3.503229368746202,2.501670071595171,1.570623584023912,.3130868300543404,.7387692505837077,.9164806240107058,8.302700472829843,8.321881056063555,6.730530191658976,5.919132072310792,4.85656724267337,3.114352767668648,1.749766874326819,-.6889871129719658,.3438081854617743,2.366443550863802,-8.449147414165756,-8.418553071013761,-6.797297744510114,-6.132997140146608,-5.016519614409069,-3.108800233507021,-1.816141627906333,.6018177790595035,-.7173271656651439,-.4631088610014363
evreg2,3.relative_year_bin_aux#1.downup_ac,-3.024405247979507,116.2495619449414,-4.51792310859168,-4.375452522103166,-4.375542462347596,-4.254341314485814,-3.189275768416855,-2.334096439845004,-1.030093847211392,-.3399407319020531,-.6391574341500061,-1.436581216697962,-1.961038980545101,-.0018666409125357,.1352148061021486,4.681676999895392,4.415810338087335,4.37294675364452,4.448571776553788,3.341915505454614,2.331912662405244,1.089445579509844,.4035772143548955,1.036271662159642,6.599471709309323,6.730530191658976,6.975102515781889,6.378744274563961,4.718479070787056,3.241803343188076,1.511250101680529,-.0540240017460794,.6540780866038892,1.885100423486836,-6.735911975914954,-6.788893552433372,-7.016325683872818,-6.55624359298996,-4.854568418948326,-3.266671184813178,-1.578887583003491,-.0309773290139322,-1.047695197986776,1.348009660264398
evreg2,4.relative_year_bin_aux#1.downup_ac,-4.251342209660729,116.2495619449414,-5.393788462478966,-4.690149188596004,-4.676748139707724,-5.976848837065457,-4.164971174312819,-2.729039186969532,-1.186360624795147,-.5007126763441861,-.5697686777053681,.6900633545690531,1.030509483235328,.0116782302811045,2.64052106545602,5.461821370595982,4.805742132575864,4.683776830479565,6.148075877664879,4.22972127124463,2.729907709287966,1.314714838127148,.5310858948797716,.7579101875308392,6.743772842228872,5.919132072310792,6.378744274563961,7.954673299686462,5.652787622638813,3.416728718018012,1.055243237429866,1.344984575399748,1.288586530623677,-1.118425704680997,-6.871605108136538,-6.001191297418234,-6.429837589001447,-8.173755682211896,-5.792700452790065,-3.413147628276151,-1.146174913200776,-1.438732988903674,-1.726310197987565,-3.745048783944611
evreg2,5.relative_year_bin_aux#1.downup_ac,-2.902417484403785,116.2495619449414,-3.966927919370939,-3.924052290880454,-3.627083993904582,-4.566475839267746,-4.80965560704806,-3.375393359810384,-1.995587417414071,.3383041130462029,-.9993560505788908,-1.050187490273362,-1.07971562247438,.0096354406246438,3.276032154679891,3.851225713499971,3.919657696632493,3.617774751443466,4.455806933034008,4.726154785705588,3.373627955385128,2.033336457138072,-.3563383791832808,.8097093765737526,4.970444830369535,4.85656724267337,4.718479070787056,5.652787622638813,6.346789653994487,4.57654553362191,2.229611117102391,.4586937557869198,2.246059941377397,1.079327796492775,-5.015882273377478,-4.871413127118818,-4.712772786608846,-5.668517180122751,-6.36063215008685,-4.609210206074755,-2.235444542608352,-.4686627497978374,-2.318487382580847,-2.962738357343788
evreg2,6.relative_year_bin_aux#1.downup_ac,-1.870964373286509,116.2495619449414,-2.459623712073692,-2.334046599546014,-2.193730781408881,-2.434533381613698,-3.085216023217002,-2.951614684311263,-1.939188336334803,.2458818714410292,-.9207703576138487,-2.362316064112685,-1.617072089790889,-.0016375012317818,-.7073279865991006,2.404504586044287,2.317846475118298,2.264669193490189,2.206517014496521,3.050588691034158,3.002355016048834,1.862981080506466,-.2853979340402387,.6166996170605837,3.093592122666955,3.114352767668648,3.241803343188076,3.416728718018012,4.57654553362191,5.047849703754204,2.984994979263307,.273995254797246,2.221071068942181,1.709858210195555,-3.092977244194713,-3.069329638850584,-3.201818946452079,-3.25072232291692,-4.511882484167067,-5.120595027452861,-2.893610193846707,-.2117477911431991,-1.94424552730381,3.074420770542911
evreg2,7.relative_year_bin_aux#1.downup_ac,-1.574557087228195,116.2495619449414,-.4508323494545209,-.5902719669703965,-.5905441006967169,-.0796164644463853,-1.194283720347122,-1.6608167831167,-2.006027697926016,.6957479415082104,-.6056823861858758,-3.85576451254165,-3.169899422334882,-.0251891334466556,-2.70942493131781,.5875841014280712,.3702077230972307,.4775004401464061,.1761046105144454,1.328242706204196,1.602053126590371,1.915016905244161,-.6094164805770187,1.157590935055252,1.383436778822556,1.749766874326819,1.511250101680529,1.055243237429866,2.229611117102391,2.984994979263307,3.20584384375218,-.9487426680003559,1.410145833179682,3.130290024539617,-1.415970756057463,-1.723782823031208,-1.498485211167906,-1.062518491142679,-2.252399069128124,-3.023525113775593,-3.218215335581998,.9272974814064162,-1.524644422835974,6.988743371187161
evreg2,9.relative_year_bin_aux#1.downup_ac,2.86284105424377,116.2495619449414,-2.246948200295689,-1.769296830965493,-1.28247140678402,-2.216822594662601,-1.159131045551154,-.4221678884838337,.1336223738341381,-1.466229734927992,-2.108648240867945,2.47158974761461,3.562246895005936,.0185063853703238,4.494384026113605,2.029604176626124,1.814018353858309,1.29667894300372,2.047986609382193,.9787998046629149,.4175162692234271,-.0925545824777164,1.407405050980058,1.625071562146818,.1453865331166967,-.6889871129719658,-.0540240017460794,1.344984575399748,.4586937557869198,.273995254797246,-.9487426680003559,3.815534539275049,3.725083961312272,-3.538376532840363,-.1310119419200263,.6712640498565895,.0498299971821964,-1.325571262162612,-.4333741249205881,-.2623817858395978,.9658535863943107,-3.792952655512095,-3.629738907048512,-7.905193922198824
evreg2,10.relative_year_bin_aux#1.downup_ac,4.658338190746278,116.2495619449414,-2.332672647994506,-2.417429761595816,-1.316323586721942,-1.683540726955011,-2.311592211285256,-1.560470557158506,-1.453770412347497,-1.034091063131696,-4.971596627139006,-.4017613855719965,-1.441559725141376,.0188799185884201,5.669031644915025,1.946786713913421,2.366014824384548,1.319914537430203,1.259947732939887,1.997721921104486,1.556351675748319,1.42845026336547,.9272442057727693,4.135409934383468,.4794627880644964,.3438081854617743,.6540780866038892,1.288586530623677,2.246059941377397,2.221071068942181,1.410145833179682,3.725083961312272,8.573480011090597,1.532352173243283,-.4150413776389473,-.3130195599449248,-.6120219972692175,-1.109397960306807,-2.125999561027281,-2.246703891558493,-1.321612586452299,-3.634995109134508,-8.194193876366622,-6.635419506573623
evreg2,1.treat#1.downup_ac,20.02793936992955,116.2495619449414,-.5301613604798021,-.8305526806972067,-1.132873490384401,1.502896137540214,-.5793231094495049,-1.695153460086365,-2.518732485757134,1.935877785155206,-.158484616086871,-381.9794938178488,-19.83126197813973,-.0916356874028717,-11.01358090236301,9.548799650476251,12.82886230857008,19.13289106416669,-30.18012998120388,-25.0426252236599,51.87327346328507,40.30477668860851,-65.10042901485292,-33.62136912445492,1.779546789683064,2.366443550863802,1.885100423486836,-1.118425704680997,1.079327796492775,1.709858210195555,3.130290024539617,-3.538376532840363,1.532352173243283,1022.110428758159,-186.8891487370347,-133.0361306422984,-215.2945148065494,-33.87627427554489,-147.8272208144796,-228.2515706862395,-211.8227587667565,59.69582725736376,-320.0937028794127,30.08083691323986
evreg2,1bn.relative_year_bin_aux#1.treat#1.downup_ac,-7.578532572462457,116.2495619449414,5.472260926765067,3.626584088646561,2.992125575484319,3.693491146079396,2.083508944529394,1.44296604640621,-.1135331243902843,1.187677595650065,.695001370096694,60.69752684131014,1.628234500251542,-.0107142605637579,-1.746899887040811,-245.0817950559345,-164.0065440687532,-194.6545979902631,-142.8330559429131,-168.7419210899746,-83.22944519212237,-72.23582553059614,-71.86278797892898,-175.4591763064138,-10.70046235550534,-8.449147414165756,-6.735911975914954,-6.871605108136538,-5.015882273377478,-3.092977244194713,-1.415970756057463,-.1310119419200263,-.4150413776389473,-186.8891487370347,471.0077329453772,301.3380745718157,380.0019027601629,272.4779368299407,325.6484082816813,193.8365157326439,163.6507061570665,115.3388143326123,358.4240477317778,2.841332753450609
evreg2,2.relative_year_bin_aux#1.treat#1.downup_ac,6.039748643017511,116.2495619449414,4.198904675015577,3.849964234133347,3.177233221617362,3.367214770747654,2.346199395818127,1.402877069329182,.0515107895184388,.8029603415079404,.9061107816732945,72.91282067672408,2.164961289971576,-.0222822783139929,-.8064126757148166,-183.9902310408322,-174.8873819933533,-157.7285857228812,-126.4868867802563,-121.9283300142998,-80.49974292792561,-48.98960837171308,-50.69777517379323,-95.762296179416,-8.420881793293168,-8.418553071013761,-6.788893552433372,-6.001191297418234,-4.871413127118818,-3.069329638850584,-1.723782823031208,.6712640498565895,-.3130195599449248,-133.0361306422984,301.3380745718157,296.0613324473841,266.4748415184501,222.5797356039723,212.7094560258241,150.7255306553341,97.46269628499518,75.21044475899117,157.0937579544938,1.766612486359348
evreg2,3.relative_year_bin_aux#1.treat#1.downup_ac,-22.28409821473929,116.2495619449414,4.499491421493104,4.392133099894822,4.400129360950321,4.171332245694332,3.112785339683364,2.321325176298712,1.088871403209994,.2432666338511832,.4369328192426458,59.77677681346087,1.867948713476926,.0148948979730328,.2289690657105573,-183.7818477312812,-138.9833800374387,-193.9838756002994,-123.3569902744237,-142.619476843572,-76.95395040880513,-64.21059339366764,-60.89689355122969,-152.6518196339215,-6.693881615262177,-6.797297744510114,-7.016325683872818,-6.429837589001447,-4.712772786608846,-3.201818946452079,-1.498485211167906,.0498299971821964,-.6120219972692175,-215.2945148065494,380.0019027601629,266.4748415184501,406.3263811041134,250.1785930058058,304.9100705897563,192.5949691057793,165.5836055911295,121.350184054242,388.6427043458623,-2.200618475731285
evreg2,4.relative_year_bin_aux#1.treat#1.downup_ac,-21.58520330115219,116.2495619449414,5.462965719158849,4.842793256907425,4.847847101924871,6.087130306643699,4.215510881179219,2.801355255847353,1.3911523296988,.4177821636228056,.5145844544242514,-11.94210744112852,-1.591276324933663,.0060548398860318,-3.411427090540996,-149.4569034862155,-124.8615865443136,-126.3619500845533,-156.8633151077458,-102.3539905213739,-50.22557725545381,-30.86028684047972,-57.777854643492,-67.03390078734904,-6.987337590288569,-6.132997140146608,-6.55624359298996,-8.173755682211896,-5.668517180122751,-3.25072232291692,-1.062518491142679,-1.325571262162612,-1.109397960306807,-33.87627427554489,272.4779368299407,222.5797356039723,250.1785930058058,283.723374635192,196.8937273345498,124.6732565242055,84.23660525130545,101.7567602042702,134.8764566832878,4.152577725651764
evreg2,5.relative_year_bin_aux#1.treat#1.downup_ac,-24.24685196903179,116.2495619449414,3.933545510782676,3.961219307419391,3.691230610324303,4.504484001807526,4.751039567181969,3.397545049405242,2.129620258509398,-.4408936323374406,.8271063371185742,23.97618582100942,.8114720064740738,.0090819286297297,-3.139708905112908,-179.8038741945728,-130.549383801896,-163.9126974796534,-113.6253359473399,-184.4247956249438,-76.12415862561529,-73.98400571259279,-85.07911692797002,-228.5384163512285,-5.148624833078612,-5.016519614409069,-4.854568418948326,-5.792700452790065,-6.36063215008685,-4.511882484167067,-2.252399069128124,-.4333741249205881,-2.125999561027281,-147.8272208144796,325.6484082816813,212.7094560258241,304.9100705897563,196.8937273345498,368.1910136410137,190.5127396407276,195.5037188993779,132.9324169466732,478.2476620380481,2.164425899528301
evreg2,6.relative_year_bin_aux#1.treat#1.downup_ac,-11.1612810157428,116.2495619449414,2.475313033486177,2.352268178764735,2.203012752267492,2.465124446051088,3.117306368227923,2.980921772308244,1.923993237631241,-.2030755810384713,.9367182262801236,62.36414893884847,1.686466127084762,.001150784235278,.6505630921216587,-81.29153882662393,-67.20605458563168,-73.29370763750167,-53.17171252752543,-59.09686089742434,-80.81429441929693,-31.51142476486724,-18.6450585073982,-41.27315059336748,-3.057909874390787,-3.108800233507021,-3.266671184813178,-3.413147628276151,-4.609210206074755,-5.120595027452861,-3.023525113775593,-.2623817858395978,-2.246703891558493,-228.2515706862395,193.8365157326439,150.7255306553341,192.5949691057793,124.6732565242055,190.5127396407276,214.0723016759919,142.3646015674527,52.9192205817664,219.8492490362241,-2.782774260499083
evreg2,7.relative_year_bin_aux#1.treat#1.downup_ac,-9.283754984404961,116.2495619449414,.5330022705622768,.7010118778443276,.7133114547537092,.2356963279436673,1.303269822270813,1.742892654065071,2.128151966733423,-.6752595805754134,.7053847129674391,83.93797229910189,2.877921429242295,.0283547706401196,2.232702228783986,-59.07162303538197,-34.02128723417046,-59.75671151878771,-23.35997382121456,-60.63486258674743,-49.46595331389111,-95.22882385745048,-29.25129133549775,-150.696547175907,-1.444835718681344,-1.816141627906333,-1.578887583003491,-1.146174913200776,-2.235444542608352,-2.893610193846707,-3.218215335581998,.9658535863943107,-1.321612586452299,-211.8227587667565,163.6507061570665,97.46269628499518,165.5836055911295,84.23660525130545,195.5037188993779,142.3646015674527,231.4789528845499,72.4672392529022,410.9254904344463,-6.499680333233544
evreg2,9.relative_year_bin_aux#1.treat#1.downup_ac,-12.62679468032258,116.2495619449414,2.278162193428458,1.840265668782899,1.372135690702007,2.285863097800587,1.200122770919259,.4800478358538363,-.0218760536392807,1.457475143870459,2.095504540560269,-60.98792572457523,-3.802787207399937,-.0098324065481507,-4.486879584994359,-59.40506229587419,-40.5053336605212,-54.35947283000016,-48.9071522727379,-71.52487210366195,-9.741241063485546,-33.83913098253582,-94.19505002200017,-147.5295900753891,-.2289318600705148,.6018177790595035,-.0309773290139322,-1.438732988903674,-.4686627497978374,-.2117477911431991,.9272974814064162,-3.792952655512095,-3.634995109134508,59.69582725736376,115.3388143326123,75.21044475899117,121.350184054242,101.7567602042702,132.9324169466732,52.9192205817664,72.4672392529022,190.4513694067585,269.1243188720219,7.669025297044007
evreg2,10.relative_year_bin_aux#1.treat#1.downup_ac,-58.12800636485432,116.2495619449414,2.550141720811534,2.822485897713328,1.795892448253208,2.075851723439456,2.607489592779609,1.888165762409662,2.032120454132679,.9533199752921615,5.083787846610385,59.4063007574722,.3497042568120682,.0140393005239637,-6.99298291061845,-150.4630822870395,-73.10292407746994,-167.1147246652693,-54.57954734224154,-195.0705812700169,-61.72308062175991,-168.4888171648913,-134.2441981496786,-670.5193630792608,-.8297426474030041,-.7173271656651439,-1.047695197986776,-1.726310197987565,-2.318487382580847,-1.94424552730381,-1.524644422835974,-3.629738907048512,-8.194193876366622,-320.0937028794127,358.4240477317778,157.0937579544938,388.6427043458623,134.8764566832878,478.2476620380481,219.8492490362241,410.9254904344463,269.1243188720219,1414.211898637756,7.057099481521901
evreg2,_cons,128.5277633577427,116.2495619449414,13.24578695179795,7.865317429789619,-1.564498812371626,26.13126942237117,10.09698342702399,-7.880265102975443,-22.38371930925613,15.99513573175251,17.91144101029029,-171.1935634964657,-32.68154919985672,-1.768877670047506,-207.6870044626116,-5.299023608233309,-23.35647513830575,-6.530106690658849,-18.44602891895944,-2.673378545856797,2.148202481797918,13.7280766500436,-10.952325829423,14.69271469915209,-2.467776349752766,-.4631088610014363,1.348009660264398,-3.745048783944611,-2.962738357343788,3.074420770542911,6.988743371187161,-7.905193922198824,-6.635419506573623,30.08083691323986,2.841332753450609,1.766612486359348,-2.200618475731285,4.152577725651764,2.164425899528301,-2.782774260499083,-6.499680333233544,7.669025297044007,7.057099481521901,413.8093252811881
evreg3,1bn.relative_year_bin_aux,-12.26040650971653,116.2495619449414,23.37587618994012,20.82803696884741,18.55888249585652,22.28068908797169,18.16426231048385,12.00190675259534,6.622274531365372,-.5067477570392734,2.176952940791741,1.039130933976372,1.339313459493665,-.0582393498388795,-16.11333705814929,-22.6621974121554,-20.85726729673289,-18.45826381449123,-21.73493034801505,-17.67915779378238,-11.9856607680476,-6.793082297010925,.511921142066842,-.945132040260888,-22.86213120127848,-20.01444838028918,-18.05547304169395,-22.5819031384223,-17.88716714864954,-11.8364612341111,-6.477390070531841,-.2742387954802772,-.5739527435465543,-.3804478115611438,22.43973422795627,19.76591124479484,17.85382661904195,22.06768023045462,17.65349045657332,11.91571212105714,6.396181866659583,.3190702291498873,.0101004740514501,17.53747995194314
evreg3,2.relative_year_bin_aux,-17.86730836475177,116.2495619449414,20.82803696884741,20.85370649954308,18.71751695349635,20.49698594395571,17.63216919562214,12.07588836629017,7.533385838856836,-2.327464285343417,.6866915455366306,6.15186577466139,3.372887738073857,-.0107803552290875,-13.90669273664121,-20.18105323981896,-20.30049343022739,-18.29282937969467,-20.11871875435056,-17.22595468875406,-11.78232723643626,-7.462423414879689,2.197530065012479,-.3799440879041794,-20.09799018003655,-19.75814319009214,-17.84302474735571,-20.71643785863461,-17.20924007993339,-11.60989751714145,-6.887264615119199,1.302125426984495,.4605250610331783,-2.580774754403027,19.60258379176114,19.42009393376796,17.63769126402564,20.22887099408197,16.90718248295801,11.5788489388341,6.824759306873973,-1.320775304821158,-.8916130573379757,10.15147142857986
evreg3,3.relative_year_bin_aux,-8.752320438240734,116.2495619449414,18.55888249585652,18.71751695349635,18.86068280533476,20.03977830369177,17.18574287433437,12.45321586106204,7.349611058060762,-1.660235204353994,.4249844939017746,7.730659623387115,4.74956328864161,.0133369108578925,-7.739472057091715,-18.18703628108635,-18.12802930541784,-18.46004819668131,-19.87807831198526,-16.96935439350148,-12.15306136376095,-7.203064793767926,1.518726972436097,-.62990490632211,-18.01054982506808,-17.89716356504815,-18.13920144960291,-20.13840565095877,-16.87677809771379,-12.06046771149679,-6.759473950787447,.90070619053787,.0533362800499513,-4.326109901114415,17.66482750255489,17.64516550036844,18.00948081816517,19.83838786940311,16.65606281800333,11.99489214295865,6.726303981912061,-.9399879444635781,-.2754908163525354,1.460246833849704
evreg3,4.relative_year_bin_aux,15.27624762750783,116.2495619449414,22.28068908797169,20.49698594395571,20.03977830369177,27.20057357922281,21.26725351111811,12.86602907381751,5.53815494059393,.8238469094450304,2.812741431168487,-8.854308778068937,2.009571177403475,-.1910153244983272,-18.82680996202997,-21.52556986277435,-22.32143134753313,-20.97190417551167,-26.25194565344638,-20.64069594790999,-13.72248862121259,-6.423864389915631,-.3773968998182047,1.007973144185385,-22.60732290266499,-20.88977618497518,-20.96629204946726,-27.58783686911431,-21.49841717411253,-13.65888112720259,-7.060571509977271,-.423635992483912,-.1999508362537445,-.7781586603110664,22.57788346042497,21.01219377181544,20.83281384678003,27.1875927829605,21.57349511848667,14.06215382523572,6.964268236076039,.6652004517177552,-.538690184095505,29.83339781303206
evreg3,5.relative_year_bin_aux,6.257694549868286,116.2495619449414,18.16426231048385,17.63216919562214,17.18574287433437,21.26725351111811,19.18988920560317,12.84028405939936,6.822792278784853,-.6547675023208748,2.409682061255461,1.285918117294554,9.615185192842041,-.0926000186533215,-14.15085504612191,-17.55135275143913,-18.24648483624021,-17.4597604618934,-20.65526126911739,-18.72265031754579,-13.14008222282003,-7.2238467927061,.834954993140935,-.5112029124957643,-18.12192922057418,-17.52212719039278,-17.47865237024107,-21.16702866246819,-19.31588874043186,-13.32502118031062,-7.876507400753084,.9358928740917569,-1.399267745993235,-8.733535972962203,18.01973403477111,17.49244581212976,17.35069851136445,20.90325508658493,19.30247172122424,13.50879049747033,7.852212237583298,-.8073733397545551,1.067015395871851,14.97714458825716
evreg3,6.relative_year_bin_aux,-5.145670505562075,116.2495619449414,12.00190675259534,12.07588836629017,12.45321586106204,12.86602907381751,12.84028405939936,10.75086819892837,7.151984774032653,-2.210104471722763,-.5409768425867654,9.97436499840637,7.490155862104419,.0530974402100794,-4.555206591667905,-11.74364276651198,-11.05900706322908,-11.83659897868769,-12.86424283959607,-12.71855114616622,-10.26527604045208,-6.827120905095915,1.985309197408154,-.4438510548401253,-11.40628424843837,-11.21293922449636,-11.63695025980406,-12.64925305020491,-12.57431227992912,-10.35373196078281,-6.598174238387999,1.654567653031916,.1179882694941344,-7.280300966394718,11.11328994180175,10.94882087546353,11.53336324291807,12.48624114267841,12.36996258931786,10.20723774628691,6.613353853363461,-1.729178764527796,-.0822795227037711,-4.155600071219346
evreg3,7.relative_year_bin_aux,-15.8599695676521,116.2495619449414,6.622274531365372,7.533385838856836,7.349611058060762,5.53815494059393,6.822792278784853,7.151984774032653,7.986500488841299,-6.086628613395983,-4.562320027216746,16.87503859670625,11.36726012647988,.1352860587729904,-2.429048230882299,-6.366805960635602,-5.399100320696603,-6.106406853511216,-5.740310659212803,-6.748858588763613,-6.153285703628799,-7.241405998583003,5.650041622130797,2.033852165459965,-5.631731290939782,-6.266553249910674,-6.060135007414582,-4.970733242312167,-6.257188035735521,-6.197598282488467,-6.717261010497916,5.451960254865982,3.347441921824346,-11.34917181217645,5.266807418088065,5.859836440168706,5.935072368959125,4.926903948954845,5.969934281263022,5.856658772144055,6.805012653617739,-5.617398625301822,-2.935001986027048,-12.75791183809596
evreg3,9.relative_year_bin_aux,19.34247895356492,116.2495619449414,-.5067477570392734,-2.327464285343417,-1.660235204353994,.8238469094450304,-.6547675023208748,-2.210104471722763,-6.086628613395983,9.609951842215155,10.1329767618181,-15.11023120042118,-11.20982502714307,-.1264985650877324,2.91807417795888,.2203538525782236,.2873045921496403,.4724906292918862,-.673581878753128,.5462938891688278,1.265383630545929,5.391285326062568,-9.216010288178161,-7.797391353384874,-.4166308012929696,1.206782828325853,.5588726261304028,-1.465646525809156,.1088891509609198,1.307104938846803,4.990840855194191,-9.213011092796217,-8.979196857294554,11.15567748056399,.7208191052091452,-.8390966914897807,-.4376585727712171,1.460520792686752,.1358609200709068,-.987483931079957,-5.0946895892276,9.357251810210606,8.510653262118039,10.37514141031995
evreg3,10.relative_year_bin_aux,19.9588097127362,116.2495619449414,2.176952940791741,.6866915455366306,.4249844939017746,2.812741431168487,2.409682061255461,-.5409768425867654,-4.562320027216746,10.1329767618181,17.21646614620005,-8.657500271843132,16.56900776413248,-.1939748439045116,-11.15663326921587,-1.760854909855386,-2.911573703158837,-1.69322418044046,-1.986630131099104,-1.957722220155665,-.5910692952570855,3.536057773596183,-9.521155489400112,-13.37102972353359,-3.222504779702291,-2.128228809079771,-2.478693775748904,-2.078438726155135,-3.442224803818254,-1.436634386570467,.8804660030581805,-7.739214952088655,-17.01597224874773,-15.76091530729808,3.778612659983878,2.58746836630882,2.50427093644829,2.257339401217467,3.895256806517075,1.905581383758482,-.8233279374806951,8.069238791996028,16.98209202887747,21.05876629547191
evreg3,1.treat,258.3906988959833,116.2495619449414,1.039130933976372,6.15186577466139,7.730659623387115,-8.854308778068937,1.285918117294554,9.97436499840637,16.87503859670625,-15.11023120042118,-8.657500271843132,1233.984737814169,62.95296747883039,.6732426426801171,18.49127599206629,-132.5815205613707,-37.12299738767373,-239.110035321214,24.8662690079651,-96.14399821899734,-227.6004275559289,-239.3529987642068,57.46404425881046,-274.7017814017856,2.190364691193723,-2.162382631213234,-3.110823841693442,11.97062274755044,.3702240146462775,-6.610634191339182,-12.27721415931233,13.88917503381667,-.0015345161993734,-1214.28048207278,128.3357703386311,40.87945550052692,239.3671632788918,-29.11315758584993,93.11509534677539,226.8339298069226,238.7026649832446,-58.8840030145169,273.2096864316447,-100.1255419575782
evreg3,1.rice_area_aclvl_ahigh,79.31798217917255,116.2495619449414,1.339313459493665,3.372887738073857,4.74956328864161,2.009571177403475,9.615185192842041,7.490155862104419,11.36726012647988,-11.20982502714307,16.56900776413248,62.95296747883039,383.9906872136648,-.8287214223279746,-134.2088120213546,4.734493765469894,-8.397197041921117,-6.800880320126137,3.841845228039681,-4.995890614974646,-9.903141240354374,-14.83217179465174,12.91501030302647,.846041899943503,-14.47670841339905,-21.22808478954347,-30.57862484728618,4.389919533036926,-23.73659408985348,-23.74763264326435,-52.02447457039729,43.60780404333793,-35.36222149445366,-373.1556997232491,16.51369235941012,21.6532860240477,27.28217548144588,-2.398336299797811,25.59671517097256,24.83058341213625,53.44441452199249,-42.45680730112743,38.86981193866267,92.08529656993954
evreg3,wind_direction,-1.320813636249038,116.2495619449414,-.0582393498388795,-.0107803552290875,.0133369108578925,-.1910153244983272,-.0926000186533215,.0530974402100794,.1352860587729904,-.1264985650877324,-.1939748439045116,.6732426426801171,-.8287214223279746,.0133325846605901,.7885599785343756,.0284309859565838,.1629131350749332,.0723533200884444,.1342228209018327,.0610809594477311,.0232093921602207,-.0658620127390456,.085217508249915,-.0710312683568492,.1246584715564939,.1049371033107395,.1200796839384012,.159542770010858,.1504323732992522,.0621635045982673,.0819801008700806,-.0153234611834719,.137678372871324,.7720510787767978,-.1580973040086815,-.134352957086295,-.120834269408802,-.1670311746589787,-.1783242799256093,-.0937647729552446,-.0840459156942097,-.0062938597529084,-.1278821611468698,-1.545475756653446
evreg3,av_wind_speed,-31.24484289501952,116.2495619449414,-16.11333705814929,-13.90669273664121,-7.739472057091715,-18.82680996202997,-14.15085504612191,-4.555206591667905,-2.429048230882299,2.91807417795888,-11.15663326921587,18.49127599206629,-134.2088120213546,.7885599785343756,153.5849807555744,9.516930299885313,17.37507647491968,9.144551381000566,12.67295569844846,9.260242812101753,6.594563781271465,5.887000360947207,-4.147993441781487,-4.87048480188996,15.41526197642971,10.72363043528828,9.671730201788675,11.03739710290236,19.48200618815948,15.91954128429125,23.85841076034484,-10.31268859109873,17.39403804343505,124.8032552251297,-14.64013126176054,-10.09304038393977,-8.331746407555521,-8.948048071065601,-19.54326981233804,-17.57068381354177,-24.13254477194963,8.929491569917221,-15.94235071058404,-197.7061931665008
evreg3,1bn.relative_year_bin_aux#1.treat,25.9199928361658,116.2495619449414,-22.6621974121554,-20.18105323981896,-18.18703628108635,-21.52556986277435,-17.55135275143913,-11.74364276651198,-6.366805960635602,.2203538525782236,-1.760854909855386,-132.5815205613707,4.734493765469894,.0284309859565838,9.516930299885313,397.2740354611689,268.4143989853459,352.7199299014878,281.7500811741108,314.6164396374294,195.2291408534134,156.6650848795737,155.1781353107527,495.3941858117294,22.21348949302929,19.5901802308519,17.69582790983141,22.16791741702715,17.02801091948527,11.06887299045401,5.306488920330524,.7929748067190625,-.2296869357911982,126.0256893801536,-396.901315623255,-267.6881505749898,-352.2172610018832,-282.2913510924975,-314.1618705969288,-194.6471823096419,-155.4714907600429,-156.159871345948,-493.5561345178965,-9.627861811599967
evreg3,2.relative_year_bin_aux#1.treat,19.10662817398052,116.2495619449414,-20.85726729673289,-20.30049343022739,-18.12802930541784,-22.32143134753313,-18.24648483624021,-11.05900706322908,-5.399100320696603,.2873045921496403,-2.911573703158837,-37.12299738767373,-8.397197041921117,.1629131350749332,17.37507647491968,268.4143989853459,261.3638276503111,256.3325115794466,229.1445703986366,211.9386433324302,122.5646081380867,58.36679065835934,122.0764844120559,251.9001979102099,21.13116081017979,20.75517427079157,19.11256867135138,22.46977174063148,18.38165639373019,11.66975360116479,6.803240645338643,-.9752964660005371,.6279065588666902,47.26863680098701,-269.4687582567125,-260.477836633074,-256.4508375128167,-229.9206527184698,-212.7927303927481,-122.8103342048836,-58.97263195555998,-122.0212815389727,-252.4547179565456,-22.55476150902596
evreg3,3.relative_year_bin_aux#1.treat,-6.416372647632322,116.2495619449414,-18.45826381449123,-18.29282937969467,-18.46004819668131,-20.97190417551167,-17.4597604618934,-11.83659897868769,-6.106406853511216,.4724906292918862,-1.69322418044046,-239.110035321214,-6.800880320126137,.0723533200884444,9.144551381000566,352.7199299014878,256.3325115794466,369.6219669949938,247.585893665202,305.3728265176674,209.8605385950634,165.4341195555191,133.4086322147878,486.5060141124724,18.48985411732419,18.38306474803692,18.80177717921879,21.10185394165909,17.42875269857604,11.98447357263204,6.552020811391397,-.6362112724509547,.4377219125396661,242.6390861609181,-353.1124902468254,-255.863316665539,-369.6114193446465,-247.9808008030085,-305.6696768729742,-209.8788174135676,-165.532620104566,-133.506376094959,-486.4803047693888,-7.733579551487568
evreg3,4.relative_year_bin_aux#1.treat,34.65789676420516,116.2495619449414,-21.73493034801505,-20.11871875435056,-19.87807831198526,-26.25194565344638,-20.65526126911739,-12.86424283959607,-5.740310659212803,-.673581878753128,-1.986630131099104,24.8662690079651,3.841845228039681,.1342228209018327,12.67295569844846,281.7500811741108,229.1445703986366,247.585893665202,261.6086803773643,218.7848294221623,118.2435535714038,74.93690699758157,126.4139365805315,274.6332893126668,21.91219873369413,20.38514745608958,20.44768199518796,26.89592097892947,20.58092636929103,13.03549298190892,6.133633627627314,.7693484528279364,-.6456782872457535,-22.52987729167319,-282.3578813112923,-228.1642548445711,-247.3949677818764,-262.5535286709199,-219.1431678135193,-118.0916391680255,-74.62044680479657,-126.9712093540874,-274.0551778201096,-20.98378151616825
evreg3,5.relative_year_bin_aux#1.treat,9.360854564286091,116.2495619449414,-17.67915779378238,-17.22595468875406,-16.96935439350148,-20.64069594790999,-18.72265031754579,-12.71855114616622,-6.748858588763613,.5462938891688278,-1.957722220155665,-96.14399821899734,-4.995890614974646,.0610809594477311,9.260242812101753,314.6164396374294,211.9386433324302,305.3728265176674,218.7848294221623,339.833370356863,194.9244211494217,171.3972221168399,130.5999099425746,500.3210339138951,17.61957647137866,17.18482965914488,17.16614978016884,20.7677520657525,18.63658107469376,12.7711178868743,7.033903381471538,-.5836790494783657,.7609982717555863,98.69904714518671,-314.8846699346619,-211.4677796280577,-305.306836761082,-219.1300437727412,-340.0392381864485,-194.9016973449708,-171.3990104600842,-130.7650966267177,-500.1422969455207,-8.765464872552338
evreg3,6.relative_year_bin_aux#1.treat,-33.67512041703116,116.2495619449414,-11.9856607680476,-11.78232723643626,-12.15306136376095,-13.72248862121259,-13.14008222282003,-10.26527604045208,-6.153285703628799,1.265383630545929,-.5910692952570855,-227.6004275559289,-9.903141240354374,.0232093921602207,6.594563781271465,195.2291408534134,122.5646081380867,209.8605385950634,118.2435535714038,194.9244211494217,175.016688241189,132.713219471237,65.21200555197537,288.1436909544263,11.86688299284155,11.65111353069692,12.22085732244785,13.50736729730949,13.13299975502574,10.37789498504065,6.564066223303528,-1.491782721561455,.3774624148249361,231.3010788154945,-195.3792156360992,-122.4055403960694,-209.9023916317434,-118.2166692190567,-195.1335861800127,-175.1613220945828,-133.0577040986895,-65.06758986609611,-288.4366236660085,-2.034343439462722
evreg3,7.relative_year_bin_aux#1.treat,-24.48453956371346,116.2495619449414,-6.793082297010925,-7.462423414879689,-7.203064793767926,-6.423864389915631,-7.2238467927061,-6.827120905095915,-7.241405998583003,5.391285326062568,3.536057773596183,-239.3529987642068,-14.83217179465174,-.0658620127390456,5.887000360947207,156.6650848795737,58.36679065835934,165.4341195555191,74.93690699758157,171.3972221168399,132.713219471237,172.3565607293867,38.47019704184296,322.6539033733834,6.165845040038471,6.726833923408409,6.624359927395006,5.772859161027231,6.921985119079912,6.403772122298497,6.974012749421889,-5.445853154834485,-2.759810053092732,240.4673667643499,-156.2335278662084,-58.69472916462308,-165.5171514599699,-74.35918143406735,-171.1737942797603,-132.7021799058759,-172.5638255033572,-38.14303741847687,-322.6271102841588,5.573936061438157
evreg3,9.relative_year_bin_aux#1.treat,20.66651892651898,116.2495619449414,.511921142066842,2.197530065012479,1.518726972436097,-.3773968998182047,.834954993140935,1.985309197408154,5.650041622130797,-9.216010288178161,-9.521155489400112,57.46404425881046,12.91501030302647,.085217508249915,-4.147993441781487,155.1781353107527,122.0764844120559,133.4086322147878,126.4139365805315,130.5999099425746,65.21200555197537,38.47019704184296,145.5928925251744,236.4365431717538,.1656808038720082,-1.422080090405426,-.8430977426145942,1.018655523143838,-.4564439891885084,-1.400651175146718,-5.11155618451409,9.189227154907595,8.638211414566975,-56.9755842631667,-155.7294537012622,-121.6100908048815,-133.3093276542963,-127.0369067615963,-130.9683789855035,-65.33412351568347,-38.43322704533588,-145.9092973463716,-236.6694935059121,-7.297347851046388
evreg3,10.relative_year_bin_aux#1.treat,-12.99090072779778,116.2495619449414,-.945132040260888,-.3799440879041794,-.62990490632211,1.007973144185385,-.5112029124957643,-.4438510548401253,2.033852165459965,-7.797391353384874,-13.37102972353359,-274.7017814017856,.846041899943503,-.0710312683568492,-4.87048480188996,495.3941858117294,251.9001979102099,486.5060141124724,274.6332893126668,500.3210339138951,288.1436909544263,322.6539033733834,236.4365431717538,1180.472522367206,.689599546855281,.0331584070962659,.1088306896370225,-1.080261374860104,.3338151972003846,.0331369410849658,-2.784882590347761,8.173865730823152,14.10923443216712,269.9698673546077,-494.8744160447704,-252.2314075702631,-486.4269422720012,-274.3187223550902,-499.883710902947,-287.950261683084,-322.2758127425469,-236.5207361705882,-1179.994382851389,9.537306769456006
evreg3,1bn.relative_year_bin_aux#1.rice_area_aclvl_ahigh,11.6232073045325,116.2495619449414,-22.86213120127848,-20.09799018003655,-18.01054982506808,-22.60732290266499,-18.12192922057418,-11.40628424843837,-5.631731290939782,-.4166308012929696,-3.222504779702291,2.190364691193723,-14.47670841339905,.1246584715564939,15.41526197642971,22.21348949302929,21.13116081017979,18.48985411732419,21.91219873369413,17.61957647137866,11.86688299284155,6.165845040038471,.1656808038720082,.689599546855281,46.02258661253389,41.41132358034078,37.57170823699825,40.3777891191928,28.84526203076351,17.32438139732952,10.87362571890609,1.947627513054407,6.637558229085435,13.82265383635492,-45.04307286318787,-41.10867675989437,-37.4512187540315,-39.0662956540797,-28.15818728326413,-17.63511841429754,-10.75446822322267,-2.067961486805493,-5.139917598898788,-19.49710096144891
evreg3,2.relative_year_bin_aux#1.rice_area_aclvl_ahigh,8.762781909312574,116.2495619449414,-20.01444838028918,-19.75814319009214,-17.89716356504815,-20.88977618497518,-17.52212719039278,-11.21293922449636,-6.266553249910674,1.206782828325853,-2.128228809079771,-2.162382631213234,-21.22808478954347,.1049371033107395,10.72363043528828,19.5901802308519,20.75517427079157,18.38306474803692,20.38514745608958,17.18482965914488,11.65111353069692,6.726833923408409,-1.422080090405426,.0331584070962659,41.41132358034078,42.5537038689297,38.87246323565333,39.11099890166088,27.5192078386871,14.93686786476099,10.77708102937494,-1.145269329501555,4.680034191448546,20.71039137538601,-40.67465293941875,-42.32877388299649,-38.6942795731607,-38.15035309870305,-26.97737686348985,-15.18661044094699,-10.71918860360988,1.055252131819165,-3.586897639313341,-9.613779524676564
evreg3,3.relative_year_bin_aux#1.rice_area_aclvl_ahigh,6.186437074476204,116.2495619449414,-18.05547304169395,-17.84302474735571,-18.13920144960291,-20.96629204946726,-17.47865237024107,-11.63695025980406,-6.060135007414582,.5588726261304028,-2.478693775748904,-3.110823841693442,-30.57862484728618,.1200796839384012,9.671730201788675,17.69582790983141,19.11256867135138,18.80177717921879,20.44768199518796,17.16614978016884,12.22085732244785,6.624359927395006,-.8430977426145942,.1088306896370225,37.57170823699825,38.87246323565333,40.52386760494514,40.90915170425948,29.77648796062147,17.88329639077605,12.93541904111959,-1.435080996354733,5.445679468052912,29.89410269503391,-37.24379240409316,-38.79764788688146,-40.21518760116665,-40.45565204790007,-29.49277618531796,-18.14016166350421,-12.98119779364826,1.310059993834154,-4.926503044209384,-7.383341843185701
evreg3,4.relative_year_bin_aux#1.rice_area_aclvl_ahigh,7.123333625904461,116.2495619449414,-22.5819031384223,-20.71643785863461,-20.13840565095877,-27.58783686911431,-21.16702866246819,-12.64925305020491,-4.970733242312167,-1.465646525809156,-2.078438726155135,11.97062274755044,4.389919533036926,.159542770010858,11.03739710290236,22.16791741702715,22.46977174063148,21.10185394165909,26.89592097892947,20.7677520657525,13.50736729730949,5.772859161027231,1.018655523143838,-1.080261374860104,40.3777891191928,39.11099890166088,40.90915170425948,53.70713585332408,36.51774233021946,20.33252092504668,11.10453985656929,4.444230535711675,3.40520433038063,-5.11460142657099,-40.21111324612494,-39.17084082644503,-40.68629758597449,-53.31851532541808,-36.34182227108845,-20.71187588601601,-11.14823403129208,-4.661902984577504,-2.880060463618297,-24.12129212186938
evreg3,5.relative_year_bin_aux#1.rice_area_aclvl_ahigh,11.59597542213948,116.2495619449414,-17.88716714864954,-17.20924007993339,-16.87677809771379,-21.49841717411253,-19.31588874043186,-12.57431227992912,-6.257188035735521,.1088891509609198,-3.442224803818254,.3702240146462775,-23.73659408985348,.1504323732992522,19.48200618815948,17.02801091948527,18.38165639373019,17.42875269857604,20.58092636929103,18.63658107469376,13.13299975502574,6.921985119079912,-.4564439891885084,.3338151972003846,28.84526203076351,27.5192078386871,29.77648796062147,36.51774233021946,35.14719775070191,26.78663618235043,17.55371412010056,2.941611659105555,12.18827558196615,22.36200538099421,-28.67142214767177,-27.46613369450483,-29.33081250400664,-36.21466703161892,-35.03338526670315,-27.06458281799291,-17.71355482915641,-3.135221704358752,-12.02088663115167,-22.63952428056252
evreg3,6.relative_year_bin_aux#1.rice_area_aclvl_ahigh,28.19797929048037,116.2495619449414,-11.8364612341111,-11.60989751714145,-12.06046771149679,-13.65888112720259,-13.32502118031062,-10.35373196078281,-6.197598282488467,1.307104938846803,-1.436634386570467,-6.610634191339182,-23.74763264326435,.0621635045982673,15.91954128429125,11.06887299045401,11.66975360116479,11.98447357263204,13.03549298190892,12.7711178868743,10.37789498504065,6.403772122298497,-1.400651175146718,.0331369410849658,17.32438139732952,14.93686786476099,17.88329639077605,20.33252092504668,26.78663618235043,31.54173341285163,20.51865038277441,5.34717823661927,16.96606748838144,22.47658743272103,-17.21229105450163,-14.75213580981014,-17.28018109778398,-20.3843413232911,-26.66764356031263,-31.57506625877184,-20.79254350413902,-5.418704566566874,-17.44208929205242,-12.06971273223522
evreg3,7.relative_year_bin_aux#1.rice_area_aclvl_ahigh,15.96438299899517,116.2495619449414,-6.477390070531841,-6.887264615119199,-6.759473950787447,-7.060571509977271,-7.876507400753084,-6.598174238387999,-6.717261010497916,4.990840855194191,.8804660030581805,-12.27721415931233,-52.02447457039729,.0819801008700806,23.85841076034484,5.306488920330524,6.803240645338643,6.552020811391397,6.133633627627314,7.033903381471538,6.564066223303528,6.974012749421889,-5.11155618451409,-2.784882590347761,10.87362571890609,10.77708102937494,12.93541904111959,11.10453985656929,17.55371412010056,20.51865038277441,20.15887922456489,-4.356376624588615,10.80606840475204,50.13218550330499,-10.89513008019204,-10.57742982136599,-12.13662301048328,-11.357653295529,-17.54964521189825,-20.54164380352083,-20.53345070329744,4.245661876028548,-11.65339125995542,-15.91278039844724
evreg3,9.relative_year_bin_aux#1.rice_area_aclvl_ahigh,15.28042408270749,116.2495619449414,-.2742387954802772,1.302125426984495,.90070619053787,-.423635992483912,.9358928740917569,1.654567653031916,5.451960254865982,-9.213011092796217,-7.739214952088655,13.88917503381667,43.60780404333793,-.0153234611834719,-10.31268859109873,.7929748067190625,-.9752964660005371,-.6362112724509547,.7693484528279364,-.5836790494783657,-1.491782721561455,-5.445853154834485,9.189227154907595,8.173865730823152,1.947627513054407,-1.145269329501555,-1.435080996354733,4.444230535711675,2.941611659105555,5.34717823661927,-4.356376624588615,20.04818934432304,18.11932228183238,-42.89906925828256,-2.045161416297853,.9971523764317383,1.201032305586123,-4.455333552229829,-3.006167147553605,-5.377386367848623,4.379297892837517,-20.03680879783384,-18.03920846413264,-1.621277463128077
evreg3,10.relative_year_bin_aux#1.rice_area_aclvl_ahigh,12.02879544097839,116.2495619449414,-.5739527435465543,.4605250610331783,.0533362800499513,-.1999508362537445,-1.399267745993235,.1179882694941344,3.347441921824346,-8.979196857294554,-17.01597224874773,-.0015345161993734,-35.36222149445366,.137678372871324,17.39403804343505,-.2296869357911982,.6279065588666902,.4377219125396661,-.6456782872457535,.7609982717555863,.3774624148249361,-2.759810053092732,8.638211414566975,14.10923443216712,6.637558229085435,4.680034191448546,5.445679468052912,3.40520433038063,12.18827558196615,16.96606748838144,10.80606840475204,18.11932228183238,44.53497412154162,33.51267924773489,-7.421344736415433,-4.9342792250775,-4.673289294274698,-4.338051000804756,-12.78789592945634,-17.08444970987232,-11.25963257173016,-18.29394742494196,-45.93708850398952,-19.84543663693222
evreg3,1.treat#1.rice_area_aclvl_ahigh,28.16021651254598,116.2495619449414,-.3804478115611438,-2.580774754403027,-4.326109901114415,-.7781586603110664,-8.733535972962203,-7.280300966394718,-11.34917181217645,11.15567748056399,-15.76091530729808,-1214.28048207278,-373.1556997232491,.7720510787767978,124.8032552251297,126.0256893801536,47.26863680098701,242.6390861609181,-22.52987729167319,98.69904714518671,231.3010788154945,240.4673667643499,-56.9755842631667,269.9698673546077,13.82265383635492,20.71039137538601,29.89410269503391,-5.11460142657099,22.36200538099421,22.47658743272103,50.13218550330499,-42.89906925828256,33.51267924773489,2352.218573346685,-172.4398225972837,-66.61104899834217,-309.2406793325638,79.87282286889754,-143.6294379690116,-350.7989881316309,-423.567820521004,231.8087847187353,-370.7724557066963,-79.52339076544855
evreg3,1bn.relative_year_bin_aux#1.treat#1.rice_area_aclvl_ahigh,87.48385747602175,116.2495619449414,22.43973422795627,19.60258379176114,17.66482750255489,22.57788346042497,18.01973403477111,11.11328994180175,5.266807418088065,.7208191052091452,3.778612659983878,128.3357703386311,16.51369235941012,-.1580973040086815,-14.64013126176054,-396.901315623255,-269.4687582567125,-353.1124902468254,-282.3578813112923,-314.8846699346619,-195.3792156360992,-156.2335278662084,-155.7294537012622,-494.8744160447704,-45.04307286318787,-40.67465293941875,-37.24379240409316,-40.21111324612494,-28.67142214767177,-17.21229105450163,-10.89513008019204,-2.045161416297853,-7.421344736415433,-172.4398225972837,939.8590509867718,677.4132382189405,817.8669047279324,626.0101262531084,684.4476048875168,342.0023118063459,271.6502215845301,312.7086813993923,899.4329998765212,19.0579965829967
evreg3,2.relative_year_bin_aux#1.treat#1.rice_area_aclvl_ahigh,57.2059407338198,116.2495619449414,19.76591124479484,19.42009393376796,17.64516550036844,21.01219377181544,17.49244581212976,10.94882087546353,5.859836440168706,-.8390966914897807,2.58746836630882,40.87945550052692,21.6532860240477,-.134352957086295,-10.09304038393977,-267.6881505749898,-260.477836633074,-255.863316665539,-228.1642548445711,-211.4677796280577,-122.4055403960694,-58.69472916462308,-121.6100908048815,-252.2314075702631,-41.10867675989437,-42.32877388299649,-38.79764788688146,-39.17084082644503,-27.46613369450483,-14.75213580981014,-10.57742982136599,.9971523764317383,-4.9342792250775,-66.61104899834217,677.4132382189405,658.5138986178905,639.3594710633913,538.1882798147616,486.6738006156963,233.834451860711,118.4981461628187,245.2438892464368,478.0167526222857,9.926014222237288
evreg3,3.relative_year_bin_aux#1.treat#1.rice_area_aclvl_ahigh,89.46037780337596,116.2495619449414,17.85382661904195,17.63769126402564,18.00948081816517,20.83281384678003,17.35069851136445,11.53336324291807,5.935072368959125,-.4376585727712171,2.50427093644829,239.3671632788918,27.28217548144588,-.120834269408802,-8.331746407555521,-352.2172610018832,-256.4508375128167,-369.6114193446465,-247.3949677818764,-305.306836761082,-209.9023916317434,-165.5171514599699,-133.3093276542963,-486.4269422720012,-37.4512187540315,-38.6942795731607,-40.21518760116665,-40.68629758597449,-29.33081250400664,-17.28018109778398,-12.13662301048328,1.201032305586123,-4.673289294274698,-309.2406793325638,817.8669047279324,639.3594710633913,833.1368034869478,554.6316004582582,655.7797334450498,355.749759355029,288.0327217924655,282.7116668759247,883.3233084033461,5.928893768545342
evreg3,4.relative_year_bin_aux#1.treat#1.rice_area_aclvl_ahigh,67.5075738235378,116.2495619449414,22.06768023045462,20.22887099408197,19.83838786940311,27.1875927829605,20.90325508658493,12.48624114267841,4.926903948954845,1.460520792686752,2.257339401217467,-29.11315758584993,-2.398336299797811,-.1670311746589787,-8.948048071065601,-282.2913510924975,-229.9206527184698,-247.9808008030085,-262.5535286709199,-219.1300437727412,-118.2166692190567,-74.35918143406735,-127.0369067615963,-274.3187223550902,-39.0662956540797,-38.15035309870305,-40.45565204790007,-53.31851532541808,-36.21466703161892,-20.3843413232911,-11.357653295529,-4.455333552229829,-4.338051000804756,79.87282286889754,626.0101262531084,538.1882798147616,554.6316004582582,580.8090180610468,448.642683776098,194.6743805658846,115.6414206724577,255.4384575445081,452.6322983154762,20.72672292783323
evreg3,5.relative_year_bin_aux#1.treat#1.rice_area_aclvl_ahigh,78.88001809485657,116.2495619449414,17.65349045657332,16.90718248295801,16.65606281800333,21.57349511848667,19.30247172122424,12.36996258931786,5.969934281263022,.1358609200709068,3.895256806517075,93.11509534677539,25.59671517097256,-.1783242799256093,-19.54326981233804,-314.1618705969288,-212.7927303927481,-305.6696768729742,-219.1431678135193,-340.0392381864485,-195.1335861800127,-171.1737942797603,-130.9683789855035,-499.883710902947,-28.15818728326413,-26.97737686348985,-29.49277618531796,-36.34182227108845,-35.03338526670315,-26.66764356031263,-17.54964521189825,-3.006167147553605,-12.78789592945634,-143.6294379690116,684.4476048875168,486.6738006156963,655.7797334450498,448.642683776098,724.6205183802144,344.749739944638,351.0604419181709,294.2156652689924,1009.737790815019,23.27705687874855
evreg3,6.relative_year_bin_aux#1.treat#1.rice_area_aclvl_ahigh,37.81661515294056,116.2495619449414,11.91571212105714,11.5788489388341,11.99489214295865,14.06215382523572,13.50879049747033,10.20723774628691,5.856658772144055,-.987483931079957,1.905581383758482,226.8339298069226,24.83058341213625,-.0937647729552446,-17.57068381354177,-194.6471823096419,-122.8103342048836,-209.8788174135676,-118.0916391680255,-194.9016973449708,-175.1613220945828,-132.7021799058759,-65.33412351568347,-287.950261683084,-17.63511841429754,-15.18661044094699,-18.14016166350421,-20.71187588601601,-27.06458281799291,-31.57506625877184,-20.54164380352083,-5.377386367848623,-17.08444970987232,-350.7989881316309,342.0023118063459,233.834451860711,355.749759355029,194.6743805658846,344.749739944638,317.5825718955903,244.9567726880427,119.0114367669467,475.7098781249553,15.43990977530418
evreg3,7.relative_year_bin_aux#1.treat#1.rice_area_aclvl_ahigh,34.34993778393385,116.2495619449414,6.396181866659583,6.824759306873973,6.726303981912061,6.964268236076039,7.852212237583298,6.613353853363461,6.805012653617739,-5.0946895892276,-.8233279374806951,238.7026649832446,53.44441452199249,-.0840459156942097,-24.13254477194963,-155.4714907600429,-58.97263195555998,-165.532620104566,-74.62044680479657,-171.3990104600842,-133.0577040986895,-172.5638255033572,-38.43322704533588,-322.2758127425469,-10.75446822322267,-10.71918860360988,-12.98119779364826,-11.14823403129208,-17.71355482915641,-20.79254350413902,-20.53345070329744,4.379297892837517,-11.25963257173016,-423.567820521004,271.6502215845301,118.4981461628187,288.0327217924655,115.6414206724577,351.0604419181709,244.9567726880427,397.9352483998824,97.63611605749298,685.4153886025553,15.66104480280026
evreg3,9.relative_year_bin_aux#1.treat#1.rice_area_aclvl_ahigh,72.80618727225126,116.2495619449414,.3190702291498873,-1.320775304821158,-.9399879444635781,.6652004517177552,-.8073733397545551,-1.729178764527796,-5.617398625301822,9.357251810210606,8.069238791996028,-58.8840030145169,-42.45680730112743,-.0062938597529084,8.929491569917221,-156.159871345948,-122.0212815389727,-133.506376094959,-126.9712093540874,-130.7650966267177,-65.06758986609611,-38.14303741847687,-145.9092973463716,-236.5207361705882,-2.067961486805493,1.055252131819165,1.310059993834154,-4.661902984577504,-3.135221704358752,-5.418704566566874,4.245661876028548,-20.03680879783384,-18.29394742494196,231.8087847187353,312.7086813993923,245.2438892464368,282.7116668759247,255.4384575445081,294.2156652689924,119.0114367669467,97.63611605749298,331.7309455385814,513.3440239625282,3.906743227916211
evreg3,10.relative_year_bin_aux#1.treat#1.rice_area_aclvl_ahigh,81.96186107408688,116.2495619449414,.0101004740514501,-.8916130573379757,-.2754908163525354,-.538690184095505,1.067015395871851,-.0822795227037711,-2.935001986027048,8.510653262118039,16.98209202887747,273.2096864316447,38.86981193866267,-.1278821611468698,-15.94235071058404,-493.5561345178965,-252.4547179565456,-486.4803047693888,-274.0551778201096,-500.1422969455207,-288.4366236660085,-322.6271102841588,-236.6694935059121,-1179.994382851389,-5.139917598898788,-3.586897639313341,-4.926503044209384,-2.880060463618297,-12.02088663115167,-17.44208929205242,-11.65339125995542,-18.03920846413264,-45.93708850398952,-370.7724557066963,899.4329998765212,478.0167526222857,883.3233084033461,452.6322983154762,1009.737790815019,475.7098781249553,685.4153886025553,513.3440239625282,2358.100110185855,15.20985236497905
evreg3,_cons,119.3756403246529,116.2495619449414,17.53747995194314,10.15147142857986,1.460246833849704,29.83339781303206,14.97714458825716,-4.155600071219346,-12.75791183809596,10.37514141031995,21.05876629547191,-100.1255419575782,92.08529656993954,-1.545475756653446,-197.7061931665008,-9.627861811599967,-22.55476150902596,-7.733579551487568,-20.98378151616825,-8.765464872552338,-2.034343439462722,5.573936061438157,-7.297347851046388,9.537306769456006,-19.49710096144891,-9.613779524676564,-7.383341843185701,-24.12129212186938,-22.63952428056252,-12.06971273223522,-15.91278039844724,-1.621277463128077,-19.84543663693222,-79.52339076544855,19.0579965829967,9.926014222237288,5.928893768545342,20.72672292783323,23.27705687874855,15.43990977530418,15.66104480280026,3.906743227916211,15.20985236497905,325.070762495714
evreg4,1bn.relative_year_bin_aux,-13.83164792837526,116.2495619449414,15.83595700096041,13.64424790426421,11.69853548555539,13.74160569605297,10.41190612540271,7.627228360242519,5.043938091621035,-2.228057913776891,-1.373728738185306,2.05500627741487,-5.298692183493245,-.0056985969015811,-12.28419393731784,-15.03369374337749,-12.88652658322346,-11.18084277572225,-13.24755871327257,-9.879595620377669,-7.245613278980857,-4.906860711037437,2.162066748198738,1.602940704340699,-15.51724332031622,-12.85196242053912,-10.83838144415807,-14.39992727680888,-10.18844021705789,-6.940677089111603,-3.840896524779692,.9298845871145018,2.8043151212641,4.52785432370231,14.88294165993392,12.33232930326611,10.54149004246175,13.86978071034482,9.752862688939933,6.763504802518184,3.714876827783935,-1.016787292900186,-3.055860969813937,13.34056788186077
evreg4,2.relative_year_bin_aux,-18.95563993410498,116.2495619449414,13.64424790426421,13.79083610360468,11.85565261860145,12.56074505589706,10.40529117286946,7.645830575297205,5.660816088439061,-3.692252975532663,-2.304756836790044,4.933947394778723,-5.220465430360283,.0248318469146545,-10.30262748866284,-12.8048659296897,-12.67126959331595,-11.1519309632808,-12.15161176017692,-9.941353121996537,-7.101198634028784,-5.395095438811959,3.612799205595895,2.059674347837521,-13.31393060773445,-12.92244348755957,-10.7944170356456,-13.37882314099668,-10.11110682063389,-6.662878580393412,-3.940943422674142,2.10919780888426,3.580188169232636,4.676076898885227,12.49337978024016,12.34090435922091,10.50056170976962,12.8023107962743,9.641951084413115,6.437944553800055,3.851963995545765,-2.327883306665144,-3.974850658285662,8.095954470827435
evreg4,3.relative_year_bin_aux,-7.528977146945476,116.2495619449414,11.69853548555539,11.85565261860145,11.74896797534858,12.81609537425441,9.891081040076889,7.367829174127512,4.747439607276916,-2.609223049043541,-2.454362485947391,2.256891470589584,-6.346101759247757,.0141170772647507,-6.248563094472338,-11.19800806990429,-11.19484737983764,-11.33357372713861,-12.57087937042316,-9.611863310106493,-7.045812186935688,-4.591086295283898,2.561103679713993,2.319638000099889,-11.5620800539309,-11.3495740434415,-11.0293951727647,-13.58258293741209,-9.680108264440415,-6.605890389367983,-3.355531763305969,1.375708692876184,3.590184018440566,5.930072934111216,11.03715985949916,10.98163118000263,10.8532320490129,13.19138958322561,9.366244964027556,6.477523688713646,3.295570905239061,-1.524496209820115,-3.890380373596156,5.636491513379588
evreg4,4.relative_year_bin_aux,10.35948877919827,116.2495619449414,13.74160569605297,12.56074505589706,12.81609537425441,16.90318022048884,12.54743889242496,8.49865965547297,4.84267919302727,-1.76031271774464,-.6432386387125081,-1.176775453479769,4.83829239890849,-.1009912170072337,-14.13228074337647,-13.34699238971723,-13.23071286384481,-13.07787774290364,-16.31555958859852,-11.98928876032209,-8.774726559968748,-5.165449505135712,1.762008354100848,2.302323213239277,-13.53323470396722,-12.32771294344797,-13.00883243241982,-16.62522675762109,-12.61674710515533,-9.088601246773626,-5.949916876750253,2.079781780444266,1.864725308143127,-5.965491400158109,13.76213572992666,12.21565243895006,12.81255242197926,16.48210334227777,12.48029336018043,9.124033257595618,5.757356857094797,-1.692551335656399,-1.501440863032635,18.51756690369131
evreg4,5.relative_year_bin_aux,5.356919464310185,116.2495619449414,10.41190612540271,10.40529117286946,9.891081040076889,12.54743889242496,10.86658892578536,7.44706803811471,4.673686567981365,-2.119811106658032,-.1017450629145638,1.129059457312029,6.949460450537621,-.0757570800478295,-13.11613065150796,-9.941737278356811,-10.73058748655911,-9.967823418866647,-12.00251555815114,-10.33673253469741,-7.566111932340369,-4.882046463287177,2.10722976788905,1.375454767651541,-10.11663082431718,-10.01408600271892,-9.915500220990062,-12.1591730161387,-10.94073928023898,-7.971945892864999,-5.682940208680106,2.377728085693655,.840063912197102,-7.876039645212646,10.17864239661105,9.835031528314943,9.702883523728884,11.97917361652773,10.77399896823899,7.953028488902763,5.518100809027294,-2.093065409475692,-.5659872373570302,15.04119576328736
evreg4,6.relative_year_bin_aux,-1.327624267282425,116.2495619449414,7.627228360242519,7.645830575297205,7.367829174127512,8.49865965547297,7.44706803811471,6.214502655487825,4.337052762854191,-2.322098795727141,-2.308559755540134,1.914147173573525,-2.892778196838247,.0096301302653988,-5.60691541549941,-7.192381508723674,-7.099958131948822,-7.020203486968262,-8.275421246763761,-7.197071310656542,-5.947701592400435,-4.212433644864142,2.281896649308065,2.232060905051001,-7.451228677261017,-7.172455520195126,-6.814107167417412,-8.885127497284813,-7.330800091624502,-5.775326344897429,-3.543766179258836,1.520433002812298,2.918423968095842,2.569346404484872,7.035934671926109,6.871433031916641,6.658160761280643,8.581762767182409,7.083784189196666,5.662746495634575,3.492183274073225,-1.624320966794207,-3.118852850562076,5.161340092211183
evreg4,7.relative_year_bin_aux,-10.4229762677276,116.2495619449414,5.043938091621035,5.660816088439061,4.747439607276916,4.84267919302727,4.673686567981365,4.337052762854191,5.105713667845428,-4.978318881632734,-5.04377286805255,5.265482687948271,-1.326923337303322,.0488767814118763,-3.502700496176426,-4.527134369087993,-4.616252351306562,-4.136941644344175,-4.706908015101741,-4.489674673587093,-3.843501738099473,-4.808852908512716,4.919547346333943,4.364750342201115,-4.789459938387008,-5.154324975661747,-4.082969640485438,-5.241912838249271,-4.378336678459917,-3.520399715996094,-3.819431334955071,4.105887970681511,5.39418551502143,1.415899900144846,4.177377360406091,4.791037325180582,3.926859669922438,4.938218135437032,4.129828442852062,3.333885826105852,3.821071312215309,-4.343826799444802,-5.674671282627729,-.667824632291673
evreg4,9.relative_year_bin_aux,15.31327653231541,116.2495619449414,-2.228057913776891,-3.692252975532663,-2.609223049043541,-1.76031271774464,-2.119811106658032,-2.322098795727141,-4.978318881632734,8.131467767950781,9.05192792240859,-8.168949593615972,-4.828219307015106,-.0554351905798887,3.782494897511328,1.649049442568095,2.516082081301556,1.920803680300251,1.608486586943593,1.91629722263202,1.766668954144563,4.643774397097292,-8.067330996002195,-8.28048818062835,1.847618400065014,3.159092991169589,2.057432465445295,1.772200266270433,1.793043868681112,1.631759588009794,4.079322040480934,-7.666079818358605,-8.946820626454649,4.548553817996407,-1.238791901868644,-2.796402364063151,-1.887665496962577,-1.527535755853436,-1.584011096747225,-1.41394065242341,-4.094240637322791,7.891072635632028,9.128213353654461,3.183259342704622
evreg4,10.relative_year_bin_aux,21.50688971617971,116.2495619449414,-1.373728738185306,-2.304756836790044,-2.454362485947391,-.6432386387125081,-.1017450629145638,-2.308559755540134,-5.04377286805255,9.05192792240859,16.45668911892997,-6.81180215135413,24.39144596366522,-.2234702265778282,-12.32847001590929,.9639659102473319,-.485223948968332,1.000819778026239,1.186711004481818,.511373059605347,1.042968009838512,4.071555779511957,-8.939328565106566,-13.0133174379788,1.451896376712855,1.795903556178856,.6557521349994938,2.956850010478537,-.7368094614785842,-.7975783438185126,-.4302965563505,-5.826119065587372,-17.14524646418944,-25.72813931593309,.1136455754245351,-1.202415004162297,-.6363064103979185,-2.411200731593799,1.13814906833922,1.162264933748706,.1930397840427857,6.855455878120754,18.40274833089765,21.41305376889842
evreg4,1.treat,27.59908746694381,116.2495619449414,2.05500627741487,4.933947394778723,2.256891470589584,-1.176775453479769,1.129059457312029,1.914147173573525,5.265482687948271,-8.168949593615972,-6.81180215135413,141.9639911175363,16.43647030470077,.127948835714093,-1.995324475688095,15.49099161022623,10.7289851807156,10.42283455709904,17.4446623046326,-5.268851269182008,-9.184855949178459,-21.09499860029459,12.07146148897667,-16.96328361777758,-1.388716291529632,-4.002146206757979,-1.280606848415151,1.423573060166712,-.6594761519178279,-.8341448237117586,-3.881595313199415,7.555690259528015,5.660032410141917,-136.6061394866551,-16.38419595034982,-9.992943887223474,-10.36067711469991,-17.9609104655566,4.67628673447576,8.758575194557537,20.48148628202481,-12.06954753017707,15.86753260359725,-17.85248424725849
evreg4,1.rice_harvarea_aclvl_ahigh,168.7960146039506,116.2495619449414,-5.298692183493245,-5.220465430360283,-6.346101759247757,4.83829239890849,6.949460450537621,-2.892778196838247,-1.326923337303322,-4.828219307015106,24.39144596366522,16.43647030470077,429.8115874512798,-1.751714930702146,-133.1849560953729,4.359812784050379,-14.3146480342271,-3.545081285046602,.6892398213201961,-2.234528785669246,-5.82760047788272,-5.778394959193123,5.465573229283472,3.0782746873522,-12.64042909420561,-20.36109949160054,-36.19209243773142,.7669774485463786,-35.57732178745017,-38.80851266440193,-68.69117733608063,46.30596925010518,-52.38553007585022,-445.6735284967177,23.24175496749172,23.02937702818191,34.63378959970692,2.403142319375281,37.22539738210151,41.4531070876712,67.49841863404905,-39.44781505277079,62.60306092624777,143.5347939671544
evreg4,wind_direction,-1.281744727057973,116.2495619449414,-.0056985969015811,.0248318469146545,.0141170772647507,-.1009912170072337,-.0757570800478295,.0096301302653988,.0488767814118763,-.0554351905798887,-.2234702265778282,.127948835714093,-1.751714930702146,.0123249098029799,.7630312017526414,.0223002080959961,.1230230293734046,.0619122709326305,.0673476979423846,.0493362556925749,.0571484940743169,.0035695979478608,.0496042238179487,.0324676626230799,-.0060434159055769,.0024883950860385,.0922941084482146,-.0443880433213098,.1171438006533049,.1647886418717615,.2700061921072237,-.1432670731940411,.2713351945549247,1.81905849239516,-.080806072192832,-.0343512511301592,-.0916730958691644,.011869605107492,-.1406942826005617,-.1830796318844826,-.2568608038988236,.0842673901990533,-.3476843195935609,-1.038133222336635
evreg4,av_wind_speed,-38.65940043868546,116.2495619449414,-12.28419393731784,-10.30262748866284,-6.248563094472338,-14.13228074337647,-13.11613065150796,-5.60691541549941,-3.502700496176426,3.782494897511328,-12.32847001590929,-1.995324475688095,-133.1849560953729,.7630312017526414,134.4996061050203,7.33862484400914,13.35049449864965,6.856389647818079,8.501518174728227,7.668526150452702,6.719130839820166,5.596333254825868,-3.639911667527661,-.4686729585557998,7.489955913748836,2.470485696293021,5.376108493583841,1.997232918116095,18.25558974852619,19.50707441713367,26.76881645606567,-11.04751828779234,20.96770762265871,142.8052104914862,-7.854298683602166,-.4841311943596817,-2.923275811135179,-.0873899401477578,-16.44772291885251,-19.14847111894004,-25.06827071575595,8.305039029959556,-23.73148998661991,-163.9547160416425
evreg4,1bn.relative_year_bin_aux#1.treat,30.91254977025015,116.2495619449414,-15.03369374337749,-12.8048659296897,-11.19800806990429,-13.34699238971723,-9.941737278356811,-7.192381508723674,-4.527134369087993,1.649049442568095,.9639659102473319,15.49099161022623,4.359812784050379,.0223002080959961,7.33862484400914,142.978109239146,127.9952034193747,129.1778794141513,129.5227595903606,83.4704111662675,76.82713131050293,17.90200863616599,17.68319194526554,1.313626747206293,14.9704317898201,12.70171252607741,11.00399500614035,13.99210319357043,9.599663746732352,6.546845811685337,3.553615655595431,-.9987386816893161,-2.680119469176056,-20.5533145202124,-143.1169839179578,-127.8299626041432,-128.9865048018711,-130.2530304119652,-83.25957688117889,-76.21540179509336,-16.83370034580236,-18.3676359488312,-.0119529561950062,-7.939780641162383
evreg4,2.relative_year_bin_aux#1.treat,20.781658716344,116.2495619449414,-12.88652658322346,-12.67126959331595,-11.19484737983764,-13.23071286384481,-10.73058748655911,-7.099958131948822,-4.616252351306562,2.516082081301556,-.485223948968332,10.7289851807156,-14.3146480342271,.1230230293734046,13.35049449864965,127.9952034193747,133.9930596202731,125.1334663779318,120.3490377134071,78.92204199599519,69.01075081278591,13.56055213762339,14.04677799778337,2.349884836478958,12.69347756632625,12.79499011368851,11.94069661418777,12.4948928494157,10.75687097602387,8.011631830168454,6.514511608818153,-3.698848011550772,-.5740795413174418,1.860347966834572,-128.6004282942365,-133.11536494507,-125.2519546472316,-120.2706836304268,-79.50779326056275,-69.55284714465498,-14.83057129226675,-13.4446627453269,-3.934089099504878,-13.59252387277653
evreg4,3.relative_year_bin_aux#1.treat,22.87500761996093,116.2495619449414,-11.18084277572225,-11.1519309632808,-11.33357372713861,-13.07787774290364,-9.967823418866647,-7.020203486968262,-4.136941644344175,1.920803680300251,1.000819778026239,10.42283455709904,-3.545081285046602,.0619122709326305,6.856389647818079,129.1778794141513,125.1334663779318,137.1735466738673,128.6309796167612,83.39824684511775,78.37211395144362,19.86766930856875,13.0311615676752,1.994409538284663,11.15660899672873,11.26072821007192,11.63030571805197,13.06599156756627,9.894369753575024,7.206531738975841,4.584702349121702,-2.180000954787237,-2.071010625854568,-7.29414847717415,-129.5217244104481,-124.7211850822139,-137.1577916150464,-128.9041050583992,-83.5764337389024,-78.38059908751548,-19.99527163651992,-13.04371271939894,-2.192218689070614,-7.377189442639262
evreg4,4.relative_year_bin_aux#1.treat,21.77805485660599,116.2495619449414,-13.24755871327257,-12.15161176017692,-12.57087937042316,-16.31555958859852,-12.00251555815114,-8.275421246763761,-4.706908015101741,1.608486586943593,1.186711004481818,17.4446623046326,.6892398213201961,.0673476979423846,8.501518174728227,129.5227595903606,120.3490377134071,128.6309796167612,137.9068118866847,83.84625481285235,74.23382801216695,18.88174429544847,17.62320244632104,-3.369404533228342,13.22979673160074,12.23148281513938,12.78788370198743,16.53144465264498,11.85615443410939,8.280797527431668,4.839763922707707,-1.623961854435296,-2.732751788184143,-16.16929638638189,-129.9027172493899,-119.8790750565822,-128.5310397045916,-138.4079467824243,-83.96730040148765,-74.0681838748406,-18.66818829422612,-17.87992300047299,3.574208758573012,-11.65399085051255
evreg4,5.relative_year_bin_aux#1.treat,11.43388109691762,116.2495619449414,-9.879595620377669,-9.941353121996537,-9.611863310106493,-11.98928876032209,-10.33673253469741,-7.197071310656542,-4.489674673587093,1.91629722263202,.511373059605347,-5.268851269182008,-2.234528785669246,.0493362556925749,7.668526150452702,83.4704111662675,78.92204199599519,83.39824684511775,83.84625481285235,67.41403177874646,56.11641944974302,25.01665402166559,12.79413295460923,18.24701500418584,9.783890211238468,9.909613127421926,9.741473109440705,12.03521215159124,10.2086566990471,7.218961153497792,4.678734187817521,-1.986289867828032,-1.585897400912468,7.085306129422922,-83.71741959854508,-78.54256486129971,-83.32954714580904,-84.13534316156586,-67.52073952313106,-56.03717133123027,-24.96193107017479,-12.92073214665461,-18.19553433658075,-8.475907803340121
evreg4,6.relative_year_bin_aux#1.treat,4.525388293516864,116.2495619449414,-7.245613278980857,-7.101198634028784,-7.045812186935688,-8.774726559968748,-7.566111932340369,-5.947701592400435,-3.843501738099473,1.766668954144563,1.042968009838512,-9.184855949178459,-5.82760047788272,.0571484940743169,6.719130839820166,76.82713131050293,69.01075081278591,78.37211395144362,74.23382801216695,56.11641944974302,60.88055381942127,25.89372156749292,12.78452532182507,16.22808128066625,7.144516536860192,7.107169492038469,7.332363514169126,8.471812834239094,7.584100720064553,6.350627963584766,4.668234435517602,-2.228945040047376,-1.579958935173018,14.64029036523944,-77.09515975162934,-68.56001353808369,-78.37693399179608,-74.22491157348493,-56.39113788338474,-61.12179414273685,-26.42719739360579,-12.57963229501493,-16.90070800828525,-7.344509105061951
evreg4,7.relative_year_bin_aux#1.treat,5.138314427922182,116.2495619449414,-4.906860711037437,-5.395095438811959,-4.591086295283898,-5.165449505135712,-4.882046463287177,-4.212433644864142,-4.808852908512716,4.643774397097292,4.071555779511957,-21.09499860029459,-5.778394959193123,.0035695979478608,5.596333254825868,17.90200863616599,13.56055213762339,19.86766930856875,18.88174429544847,25.01665402166559,25.89372156749292,37.5840986968845,7.495673286339978,27.00505555885889,4.656573122489365,5.133659191162686,4.480367305577919,4.989665464007069,4.725601300930348,4.09269010646813,4.828135107158612,-4.684365341004095,-4.300782374843749,22.41161310735808,-17.8434392357771,-13.45884843890567,-19.86310724448938,-18.8253508490059,-25.00177406099166,-25.85447821743324,-37.61937860379553,-7.453401808346763,-26.96826296570641,-2.436495472152064
evreg4,9.relative_year_bin_aux#1.treat,1.158414482707661,116.2495619449414,2.162066748198738,3.612799205595895,2.561103679713993,1.762008354100848,2.10722976788905,2.281896649308065,4.919547346333943,-8.067330996002195,-8.939328565106566,12.07146148897667,5.465573229283472,.0496042238179487,-3.639911667527661,17.68319194526554,14.04677799778337,13.0311615676752,17.62320244632104,12.79413295460923,12.78452532182507,7.495673286339978,32.46231160682871,22.10364293993389,-1.800898241932632,-3.146124244230733,-2.099066379620888,-1.729075720038832,-1.786138177386821,-1.654156733235806,-4.144396802220792,7.71701221482934,8.8492283340388,-9.202637997454525,-18.04797639587461,-13.76807131937812,-13.02071404792264,-17.71725716483365,-13.10151759813267,-13.10633142365941,-7.954152585367491,-32.36312920400974,-22.83660398378679,-3.274576775339894
evreg4,10.relative_year_bin_aux#1.treat,-8.783622084492531,116.2495619449414,1.602940704340699,2.059674347837521,2.319638000099889,2.302323213239277,1.375454767651541,2.232060905051001,4.364750342201115,-8.28048818062835,-13.0133174379788,-16.96328361777758,3.0782746873522,.0324676626230799,-.4686729585557998,1.313626747206293,2.349884836478958,1.994409538284663,-3.369404533228342,18.24701500418584,16.22808128066625,27.00505555885889,22.10364293993389,104.8185209478975,-1.452961749582607,-1.861667186644051,-2.081826819113165,-2.323302443632273,-1.213904161086785,-1.872900569536855,-3.882217341555711,8.075810083300738,12.88052776714376,19.06256400776923,-1.521733339478945,-2.125956408700524,-1.967681256658587,3.320603589157096,-18.44043624069266,-16.42076600596916,-27.29193483096351,-22.05299349112245,-105.2570396868927,-4.223540387136054
evreg4,1bn.relative_year_bin_aux#1.rice_harvarea_aclvl_ahigh,18.13011732276177,116.2495619449414,-15.51724332031622,-13.31393060773445,-11.5620800539309,-13.53323470396722,-10.11663082431718,-7.451228677261017,-4.789459938387008,1.847618400065014,1.451896376712855,-1.388716291529632,-12.64042909420561,-.0060434159055769,7.489955913748836,14.9704317898201,12.69347756632625,11.15660899672873,13.22979673160074,9.783890211238468,7.144516536860192,4.656573122489365,-1.800898241932632,-1.452961749582607,59.74446556434845,54.94347660922412,50.16720187808267,53.69407776247374,41.29806337319394,24.82137144039272,13.09031886243741,4.711860738721198,10.79797487068158,13.04011701149661,-58.75352793931205,-54.39681080379336,-49.93192303877586,-52.7836805973462,-40.59005793177928,-24.67921659828592,-12.98120300696428,-4.616288982504463,-10.06874539529685,-8.043248597555026
evreg4,2.relative_year_bin_aux#1.rice_harvarea_aclvl_ahigh,14.04157387137097,116.2495619449414,-12.85196242053912,-12.92244348755957,-11.3495740434415,-12.32771294344797,-10.01408600271892,-7.172455520195126,-5.154324975661747,3.159092991169589,1.795903556178856,-4.002146206757979,-20.36109949160054,.0024883950860385,2.470485696293021,12.70171252607741,12.79499011368851,11.26072821007192,12.23148281513938,9.909613127421926,7.107169492038469,5.133659191162686,-3.146124244230733,-1.861667186644051,54.94347660922412,56.02493473088454,51.46526649610099,52.44121286011288,39.3822349747443,22.0684651797159,12.92245336869705,1.525602153513978,8.246630121363065,20.65790328215234,-54.3595972758635,-55.7267128315161,-51.30582183721538,-51.8675791979362,-38.89700940651819,-22.03553720266991,-12.90081892324428,-1.465029691149883,-7.772258836565715,.9172915598751944
evreg4,3.relative_year_bin_aux#1.rice_harvarea_aclvl_ahigh,4.498488988192641,116.2495619449414,-10.83838144415807,-10.7944170356456,-11.0293951727647,-13.00883243241982,-9.915500220990062,-6.814107167417412,-4.082969640485438,2.057432465445295,.6557521349994938,-1.280606848415151,-36.19209243773142,.0922941084482146,5.376108493583841,11.00399500614035,11.94069661418777,11.63030571805197,12.78788370198743,9.741473109440705,7.332363514169126,4.480367305577919,-2.099066379620888,-2.081826819113165,50.16720187808267,51.46526649610099,53.29753233933087,53.8632852268203,42.56280267641786,26.6508163811951,16.84004774211507,.796396288067187,10.26344977928285,37.09793230320352,-50.39757363277295,-51.47646912032697,-53.11644305564265,-53.7186991993777,-42.32283286066758,-26.81293689530337,-16.79568415102242,-1.106901180385923,-10.46622418796737,-5.080099466726333
evreg4,4.relative_year_bin_aux#1.rice_harvarea_aclvl_ahigh,21.47074327429908,116.2495619449414,-14.39992727680888,-13.37882314099668,-13.58258293741209,-16.62522675762109,-12.1591730161387,-8.885127497284813,-5.241912838249271,1.772200266270433,2.956850010478537,1.423573060166712,.7669774485463786,-.0443880433213098,1.997232918116095,13.99210319357043,12.4948928494157,13.06599156756627,16.53144465264498,12.03521215159124,8.471812834239094,4.989665464007069,-1.729075720038832,-2.323302443632273,53.69407776247374,52.44121286011288,53.8632852268203,66.14409299299699,49.32538650553202,28.97610213365993,14.50433765766069,6.490392863959017,7.864486182454527,-1.361082732225899,-53.11332626907969,-52.11643014110304,-53.56300142541607,-65.96760422400493,-49.02895576619054,-28.77843158287232,-14.58860276054679,-6.365998615576417,-7.87844515386154,-4.145147595245541
evreg4,5.relative_year_bin_aux#1.rice_harvarea_aclvl_ahigh,15.23531283964562,116.2495619449414,-10.18844021705789,-10.11110682063389,-9.680108264440415,-12.61674710515533,-10.94073928023898,-7.330800091624502,-4.378336678459917,1.793043868681112,-.7368094614785842,-.6594761519178279,-35.57732178745017,.1171438006533049,18.25558974852619,9.599663746732352,10.75687097602387,9.894369753575024,11.85615443410939,10.2086566990471,7.584100720064553,4.725601300930348,-1.786138177386821,-1.213904161086785,41.29806337319394,39.3822349747443,42.56280267641786,49.32538650553202,49.02863634462648,37.06279778313191,22.72729023187296,4.178023001604664,17.21249284490309,36.69384492406351,-41.50271572241036,-39.16665492063223,-42.11082922745831,-49.22703102802882,-48.7964657396397,-37.06035078913789,-22.65515186035118,-4.665161150098668,-18.03886588510544,-21.8009146038176
evreg4,6.relative_year_bin_aux#1.rice_harvarea_aclvl_ahigh,19.77350142204888,116.2495619449414,-6.940677089111603,-6.662878580393412,-6.605890389367983,-9.088601246773626,-7.971945892864999,-5.775326344897429,-3.520399715996094,1.631759588009794,-.7975783438185126,-.8341448237117586,-38.80851266440193,.1647886418717615,19.50707441713367,6.546845811685337,8.011631830168454,7.206531738975841,8.280797527431668,7.218961153497792,6.350627963584766,4.09269010646813,-1.654156733235806,-1.872900569536855,24.82137144039272,22.0684651797159,26.6508163811951,28.97610213365993,37.06279778313191,40.49922430328972,26.05685033080336,6.106816848586015,22.40375814171058,40.3685872480887,-25.44613378533485,-22.00354516406606,-26.17956387027534,-29.08441265516304,-36.93564158481557,-40.61830729249277,-25.99222205040562,-6.757591809912083,-23.55725161728335,-22.98717876403473
evreg4,7.relative_year_bin_aux#1.rice_harvarea_aclvl_ahigh,2.449515710265883,116.2495619449414,-3.840896524779692,-3.940943422674142,-3.355531763305969,-5.949916876750253,-5.682940208680106,-3.543766179258836,-3.819431334955071,4.079322040480934,-.4302965563505,-3.881595313199415,-68.69117733608063,.2700061921072237,26.76881645606567,3.553615655595431,6.514511608818153,4.584702349121702,4.839763922707707,4.678734187817521,4.668234435517602,4.828135107158612,-4.144396802220792,-3.882217341555711,13.09031886243741,12.92245336869705,16.84004774211507,14.50433765766069,22.72729023187296,26.05685033080336,25.47417407479559,-5.133592506721791,15.57447904032814,71.14427577395355,-14.43080381716555,-13.06846933548543,-16.31222335304778,-14.86996217552403,-22.75880596426988,-26.34779165836747,-25.33599674120947,4.057417469342457,-17.37534860909887,-28.62207706747981
evreg4,9.relative_year_bin_aux#1.rice_harvarea_aclvl_ahigh,26.25936478488744,116.2495619449414,.9298845871145018,2.10919780888426,1.375708692876184,2.079781780444266,2.377728085693655,1.520433002812298,4.105887970681511,-7.666079818358605,-5.826119065587372,7.555690259528015,46.30596925010518,-.1432670731940411,-11.04751828779234,-.9987386816893161,-3.698848011550772,-2.180000954787237,-1.623961854435296,-1.986289867828032,-2.228945040047376,-4.684365341004095,7.71701221482934,8.075810083300738,4.711860738721198,1.525602153513978,.796396288067187,6.490392863959017,4.178023001604664,6.106816848586015,-5.133592506721791,20.9594518418129,17.2383432305758,-47.69819297295302,-3.964263572609419,-1.357631502015346,-.8810590276476706,-6.374522974699682,-4.145066114493427,-5.886925728241756,4.947905528094097,-20.41690909895122,-16.68269515181711,5.717741422134741
evreg4,10.relative_year_bin_aux#1.rice_harvarea_aclvl_ahigh,7.065761264344511,116.2495619449414,2.8043151212641,3.580188169232636,3.590184018440566,1.864725308143127,.840063912197102,2.918423968095842,5.39418551502143,-8.946820626454649,-17.14524646418944,5.660032410141917,-52.38553007585022,.2713351945549247,20.96770762265871,-2.680119469176056,-.5740795413174418,-2.071010625854568,-2.732751788184143,-1.585897400912468,-1.579958935173018,-4.300782374843749,8.8492283340388,12.88052776714376,10.79797487068158,8.246630121363065,10.26344977928285,7.864486182454527,17.21249284490309,22.40375814171058,15.57447904032814,17.2383432305758,48.39338301310013,54.59927316496094,-12.81025165090164,-8.771023172028221,-9.864257530665871,-8.84147645521174,-17.73539504212872,-22.80911825184383,-15.62575410633359,-18.34989513029863,-50.81518082775534,-30.86032955583767
evreg4,1.treat#1.rice_harvarea_aclvl_ahigh,282.6403904861822,116.2495619449414,4.52785432370231,4.676076898885227,5.930072934111216,-5.965491400158109,-7.876039645212646,2.569346404484872,1.415899900144846,4.548553817996407,-25.72813931593309,-136.6061394866551,-445.6735284967177,1.81905849239516,142.8052104914862,-20.5533145202124,1.860347966834572,-7.29414847717415,-16.16929638638189,7.085306129422922,14.64029036523944,22.41161310735808,-9.202637997454525,19.06256400776923,13.04011701149661,20.65790328215234,37.09793230320352,-1.361082732225899,36.69384492406351,40.3685872480887,71.14427577395355,-47.69819297295302,54.59927316496094,1320.99392254561,-114.576054684525,-53.8985612921412,-170.3486111138788,12.77743510579078,-129.5115339825061,-195.6333531982968,-256.2579322595254,90.64483409242712,-264.756457699144,-156.2678706173558
evreg4,1bn.relative_year_bin_aux#1.treat#1.rice_harvarea_aclvl_ahigh,47.05743911642136,116.2495619449414,14.88294165993392,12.49337978024016,11.03715985949916,13.76213572992666,10.17864239661105,7.035934671926109,4.177377360406091,-1.238791901868644,.1136455754245351,-16.38419595034982,23.24175496749172,-.080806072192832,-7.854298683602166,-143.1169839179578,-128.6004282942365,-129.5217244104481,-129.9027172493899,-83.71741959854508,-77.09515975162934,-17.8434392357771,-18.04797639587461,-1.521733339478945,-58.75352793931205,-54.3595972758635,-50.39757363277295,-53.11332626907969,-41.50271572241036,-25.44613378533485,-14.43080381716555,-3.964263572609419,-12.81025165090164,-114.576054684525,642.3976044621236,486.5855250516908,570.528148376598,460.7526871959983,454.8759842726921,270.2881992101279,174.6206690108337,193.9652694417468,462.5265860390284,9.254910762428306
evreg4,2.relative_year_bin_aux#1.treat#1.rice_harvarea_aclvl_ahigh,32.06570431409959,116.2495619449414,12.33232930326611,12.34090435922091,10.98163118000263,12.21565243895006,9.835031528314943,6.871433031916641,4.791037325180582,-2.796402364063151,-1.202415004162297,-9.992943887223474,23.02937702818191,-.0343512511301592,-.4841311943596817,-127.8299626041432,-133.11536494507,-124.7211850822139,-119.8790750565822,-78.54256486129971,-68.56001353808369,-13.45884843890567,-13.76807131937812,-2.125956408700524,-54.39681080379336,-55.7267128315161,-51.47646912032697,-52.11643014110304,-39.16665492063223,-22.00354516406606,-13.06846933548543,-1.357631502015346,-8.771023172028221,-53.8985612921412,486.5855250516908,475.80255856421,466.1820689448651,402.2460444317546,340.6420391009107,198.2944264695732,85.29309628335191,150.4933171926831,251.3285297219198,-2.963217047311399
evreg4,3.relative_year_bin_aux#1.treat#1.rice_harvarea_aclvl_ahigh,18.80365511835888,116.2495619449414,10.54149004246175,10.50056170976962,10.8532320490129,12.81255242197926,9.702883523728884,6.658160761280643,3.926859669922438,-1.887665496962577,-.6363064103979185,-10.36067711469991,34.63378959970692,-.0916730958691644,-2.923275811135179,-128.9865048018711,-125.2519546472316,-137.1577916150464,-128.5310397045916,-83.32954714580904,-78.37693399179608,-19.86310724448938,-13.02071404792264,-1.967681256658587,-49.93192303877586,-51.30582183721538,-53.11644305564265,-53.56300142541607,-42.11082922745831,-26.17956387027534,-16.31222335304778,-.8810590276476706,-9.864257530665871,-170.3486111138788,570.528148376598,466.1820689448651,586.6644792795031,428.1887780144144,443.6368477852833,277.7920718198328,184.7000053267577,178.6740714806372,457.3710860092092,2.237135955241713
evreg4,4.relative_year_bin_aux#1.treat#1.rice_harvarea_aclvl_ahigh,55.90297316518583,116.2495619449414,13.86978071034482,12.8023107962743,13.19138958322561,16.48210334227777,11.97917361652773,8.581762767182409,4.938218135437032,-1.527535755853436,-2.411200731593799,-17.9609104655566,2.403142319375281,.011869605107492,-.0873899401477578,-130.2530304119652,-120.2706836304268,-128.9041050583992,-138.4079467824243,-84.13534316156586,-74.22491157348493,-18.8253508490059,-17.71725716483365,3.320603589157096,-52.7836805973462,-51.8675791979362,-53.7186991993777,-65.96760422400493,-49.22703102802882,-29.08441265516304,-14.86996217552403,-6.374522974699682,-8.84147645521174,12.77743510579078,460.7526871959983,402.2460444317546,428.1887780144144,440.3891064555704,329.2174629499206,188.3178167626983,92.13958180614657,156.3633289728593,235.1390021085608,1.954809431451555
evreg4,5.relative_year_bin_aux#1.treat#1.rice_harvarea_aclvl_ahigh,46.02784253354724,116.2495619449414,9.752862688939933,9.641951084413115,9.366244964027556,12.48029336018043,10.77399896823899,7.083784189196666,4.129828442852062,-1.584011096747225,1.13814906833922,4.67628673447576,37.22539738210151,-.1406942826005617,-16.44772291885251,-83.25957688117889,-79.50779326056275,-83.5764337389024,-83.96730040148765,-67.52073952313106,-56.39113788338474,-25.00177406099166,-13.10151759813267,-18.44043624069266,-40.59005793177928,-38.89700940651819,-42.32283286066758,-49.02895576619054,-48.7964657396397,-36.93564158481557,-22.75880596426988,-4.145066114493427,-17.73539504212872,-129.5115339825061,454.8759842726921,340.6420391009107,443.6368477852833,329.2174629499206,461.5783683024702,257.6604270803043,221.9212890464748,175.2874509757258,525.6021702204284,19.72695818438216
evreg4,6.relative_year_bin_aux#1.treat#1.rice_harvarea_aclvl_ahigh,-33.69914699881917,116.2495619449414,6.763504802518184,6.437944553800055,6.477523688713646,9.124033257595618,7.953028488902763,5.662746495634575,3.333885826105852,-1.41394065242341,1.162264933748706,8.758575194557537,41.4531070876712,-.1830796318844826,-19.14847111894004,-76.21540179509336,-69.55284714465498,-78.38059908751548,-74.0681838748406,-56.03717133123027,-61.12179414273685,-25.85447821743324,-13.10633142365941,-16.42076600596916,-24.67921659828592,-22.03553720266991,-26.81293689530337,-28.77843158287232,-37.06035078913789,-40.61830729249277,-26.34779165836747,-5.886925728241756,-22.80911825184383,-195.6333531982968,270.2881992101279,198.2944264695732,277.7920718198328,188.3178167626983,257.6604270803043,243.4882477907945,166.7477217472525,94.41524240023787,272.7264972226971,22.85973844042996
evreg4,7.relative_year_bin_aux#1.treat#1.rice_harvarea_aclvl_ahigh,-17.42352893557903,116.2495619449414,3.714876827783935,3.851963995545765,3.295570905239061,5.757356857094797,5.518100809027294,3.492183274073225,3.821071312215309,-4.094240637322791,.1930397840427857,20.48148628202481,67.49841863404905,-.2568608038988236,-25.06827071575595,-16.83370034580236,-14.83057129226675,-19.99527163651992,-18.66818829422612,-24.96193107017479,-26.42719739360579,-37.61937860379553,-7.954152585367491,-27.29193483096351,-12.98120300696428,-12.90081892324428,-16.79568415102242,-14.58860276054679,-22.65515186035118,-25.99222205040562,-25.33599674120947,4.947905528094097,-15.62575410633359,-256.2579322595254,174.6206690108337,85.29309628335191,184.7000053267577,92.13958180614657,221.9212890464748,166.7477217472525,248.3782811070145,70.64573955822141,377.543677189204,26.44567223970701
evreg4,9.relative_year_bin_aux#1.treat#1.rice_harvarea_aclvl_ahigh,66.39738443768636,116.2495619449414,-1.016787292900186,-2.327883306665144,-1.524496209820115,-1.692551335656399,-2.093065409475692,-1.624320966794207,-4.343826799444802,7.891072635632028,6.855455878120754,-12.06954753017707,-39.44781505277079,.0842673901990533,8.305039029959556,-18.3676359488312,-13.4446627453269,-13.04371271939894,-17.87992300047299,-12.92073214665461,-12.57963229501493,-7.453401808346763,-32.36312920400974,-22.05299349112245,-4.616288982504463,-1.465029691149883,-1.106901180385923,-6.365998615576417,-4.665161150098668,-6.757591809912083,4.057417469342457,-20.41690909895122,-18.34989513029863,90.64483409242712,193.9652694417468,150.4933171926831,178.6740714806372,156.3633289728593,175.2874509757258,94.41524240023787,70.64573955822141,203.4010611135395,289.9273073452355,-2.008080247614903
evreg4,10.relative_year_bin_aux#1.treat#1.rice_harvarea_aclvl_ahigh,44.74657262435172,116.2495619449414,-3.055860969813937,-3.974850658285662,-3.890380373596156,-1.501440863032635,-.5659872373570302,-3.118852850562076,-5.674671282627729,9.128213353654461,18.40274833089765,15.86753260359725,62.60306092624777,-.3476843195935609,-23.73148998661991,-.0119529561950062,-3.934089099504878,-2.192218689070614,3.574208758573012,-18.19553433658075,-16.90070800828525,-26.96826296570641,-22.83660398378679,-105.2570396868927,-10.06874539529685,-7.772258836565715,-10.46622418796737,-7.87844515386154,-18.03886588510544,-23.55725161728335,-17.37534860909887,-16.68269515181711,-50.81518082775534,-264.756457699144,462.5265860390284,251.3285297219198,457.3710860092092,235.1390021085608,525.6021702204284,272.7264972226971,377.543677189204,289.9273073452355,1185.237776420352,34.40250894753025
evreg4,_cons,96.60671105230261,116.2495619449414,13.34056788186077,8.095954470827435,5.636491513379588,18.51756690369131,15.04119576328736,5.161340092211183,-.667824632291673,3.183259342704622,21.41305376889842,-17.85248424725849,143.5347939671544,-1.038133222336635,-163.9547160416425,-7.939780641162383,-13.59252387277653,-7.377189442639262,-11.65399085051255,-8.475907803340121,-7.344509105061951,-2.436495472152064,-3.274576775339894,-4.223540387136054,-8.043248597555026,.9172915598751944,-5.080099466726333,-4.145147595245541,-21.8009146038176,-22.98717876403473,-28.62207706747981,5.717741422134741,-30.86032955583767,-156.2678706173558,9.254910762428306,-2.963217047311399,2.237135955241713,1.954809431451555,19.72695818438216,22.85973844042996,26.44567223970701,-2.008080247614903,34.40250894753025,219.6806691728715
evreg5,1bn.relative_year_bin_aux,-16.19088342124332,116.2495619449414,16.2136798652482,13.89597296443284,11.67798651830176,13.12131431704989,9.870865182902914,7.563237258423183,5.350944675125527,-3.429872093355609,-2.765490497475716,3.786457453053867,-6.019210068497127,.0263371827074937,-11.81289575417424,-15.2259492119952,-12.63192410421076,-10.90168002188197,-12.63205253446223,-9.36038110098937,-6.969080151750656,-5.018182004325692,3.359413512167639,2.745572561381257,-15.84694842404567,-13.03830624772684,-10.68629004055529,-13.89118306457436,-9.549473509288477,-6.551469085963018,-3.703119575314891,1.92852234895874,3.740230465919497,5.204649134220087,14.97001015899927,12.42493987087624,10.39631130274245,13.30270920787944,9.113350436496408,6.325843752108104,3.55471900197737,-2.149129346529232,-4.381526869461305,11.39381221929394
evreg5,2.relative_year_bin_aux,-21.4493600795181,116.2495619449414,13.89597296443284,14.24860029234128,12.05973347315629,12.14408537280135,10.11523194295311,7.683401203234183,6.087355409330772,-4.98214914621281,-3.71514240524667,6.47687500567997,-6.192179613430243,.0575703472425955,-9.900472390742683,-12.82691441159727,-12.59367375671815,-11.09414048735879,-11.69856236558997,-9.675035958363715,-6.928555740858124,-5.604499856742716,4.93009224848058,3.193192485599573,-13.56512317404071,-13.35167835819466,-10.89864458052528,-13.1854481430588,-9.753181105391501,-6.356842263302313,-3.897050138332777,3.122554010409143,4.506601564580902,5.717338618806924,12.44722403455766,12.6526263557325,10.61709202844609,12.48756783910411,9.282357111918806,6.09705141703082,3.759843865144034,-3.520617622153194,-5.2784220423188,6.325418135189658
evreg5,3.relative_year_bin_aux,-9.455310968779616,116.2495619449414,11.67798651830176,12.05973347315629,11.8568323817635,12.40590731791955,9.491162245019288,7.289657875730692,4.92642165317784,-3.668634331920774,-3.834158637632902,2.980348578109991,-7.38379962917316,.0396842726782506,-6.767788486162427,-10.94712249623973,-10.92507057585058,-11.19598914881797,-12.10317385099605,-9.191343115742219,-6.772383024979354,-4.59435252471731,3.63295815288375,3.473117877304281,-11.5176912187866,-11.49632060645155,-11.04504229647874,-13.32397309667006,-9.222070461176763,-6.258629346855043,-3.180434706401699,2.232773294267965,4.643718695045199,7.018494933349852,10.7338856296313,11.00819535857231,10.85462924497511,12.82356760962768,8.884206839637878,6.084588523934645,3.084352316923628,-2.516422260235893,-5.205631187908601,5.771126779764401
evreg5,4.relative_year_bin_aux,6.605756500504447,116.2495619449414,13.12131431704989,12.14408537280135,12.40590731791955,15.58877032484306,11.5995439439993,8.329771580844103,5.143019593020594,-3.279004823024875,-2.632159915490202,1.32276871548235,3.694865565193578,-.0580894750236752,-13.4606887276172,-12.59165753731954,-12.17893919458697,-12.30029145822169,-15.11646507763286,-11.04683471062102,-8.288715908028564,-5.270087031176891,3.181739893234787,3.863064370614015,-12.66047459630387,-11.59538496998225,-12.18688941501074,-15.18883041474101,-11.43466473586722,-8.484267964164539,-5.600088771699479,3.374119021914665,3.512409039898834,-5.030285257151632,12.65913033841954,11.38067534464493,11.95333344960248,15.08398210295996,11.24074044101343,8.397109431334092,5.470882765664173,-3.069636441706423,-3.576511682517722,15.77847674468502
evreg5,5.relative_year_bin_aux,4.028184476254612,116.2495619449414,9.870865182902914,10.11523194295311,9.491162245019288,11.5995439439993,10.35510316657293,7.367865762445985,5.029241033705858,-3.454374023776377,-1.321241722576394,2.934072572183918,7.13518726304963,-.0586797999115082,-13.01161586938179,-9.373821020563938,-10.18909251128435,-9.409241286379276,-11.14329837692421,-9.82050477446527,-7.345366152436661,-5.166745523949361,3.359943361426796,2.546515643135178,-9.364616495644809,-9.521764908746604,-9.288324141566621,-10.9865541166127,-10.24714812876966,-7.691136505397711,-5.774714114885532,3.71038693693253,1.870680219264143,-8.418610359780175,9.396225942239724,9.330462283602436,9.060956737838383,10.90967470351602,10.07363350145246,7.60755908747911,5.650814431552652,-3.396913343646213,-1.900517224549877,13.59163530129586
evreg5,6.relative_year_bin_aux,-1.290331651601819,116.2495619449414,7.563237258423183,7.683401203234183,7.289657875730692,8.329771580844103,7.367865762445985,6.261941893671873,4.598819002790687,-3.109957900363354,-2.992510016850279,2.126568608973122,-2.372866408681394,.0086640079304703,-6.613711297736655,-7.051155638664748,-7.077301770001831,-6.908552827916592,-8.061516498057136,-7.083974727543828,-5.973116602773952,-4.447507698512867,3.069291343264879,3.067779100906421,-7.353415307144174,-7.20872124940671,-6.773427055792292,-8.662233902642841,-7.223521195781597,-5.810927450205519,-3.85819846578093,2.373270423004572,3.474668377566051,1.87451102625076,6.923667386551038,6.894726139470962,6.615966406243476,8.363588146655166,6.994078724402543,5.695913215413609,3.776260467720141,-2.462450707638907,-3.799505077068921,6.35890021483424
evreg5,7.relative_year_bin_aux,-9.533836534803729,116.2495619449414,5.350944675125527,6.087355409330772,4.92642165317784,5.143019593020594,5.029241033705858,4.598819002790687,5.590664748855985,-5.821027505198401,-5.735664931275961,5.428073788778433,-.6610079530463443,.0414779713624752,-4.291356718207157,-4.773851197645115,-5.091472460717997,-4.360003213482359,-4.932015260050448,-4.831786644601864,-4.151202397834195,-5.286347943205902,5.802051319353413,5.274187484704686,-5.135506933439402,-5.653260152011249,-4.373541727067141,-5.612754750986702,-4.769492380766924,-3.828438801524973,-4.431116277099329,4.973106413522265,5.972338683992787,.6478030660374576,4.517404023087696,5.287695934558508,4.237813295963299,5.26722649846057,4.554587623732853,3.680248235088013,4.373836953979225,-5.220209234375115,-6.339603290604388,.1587317000694571
evreg5,9.relative_year_bin_aux,11.77839590153952,116.2495619449414,-3.429872093355609,-4.98214914621281,-3.668634331920774,-3.279004823024875,-3.454374023776377,-3.109957900363354,-5.821027505198401,8.842526113978749,9.278171282998152,-8.466767535542573,-6.770261545214203,-.0280448730359542,4.214517870384205,2.946221175917445,4.213937144508811,3.221958060880032,3.081370274967031,3.263045515713038,2.760490495880154,5.595118013125646,-8.821785720182994,-9.005125465042269,3.117803899919272,4.598257675803604,3.33549043665109,3.280812468373854,3.20783714521487,2.659717399541258,5.326916413603866,-8.554639581451898,-9.191592729760844,6.74522456123321,-2.696385640498745,-4.331113703904466,-3.216813209353115,-3.074131953867512,-3.077304157329994,-2.533427344354013,-5.283415623863823,8.693562672899192,9.380792096974407,3.007347895626046
evreg5,10.relative_year_bin_aux,17.98125912532357,116.2495619449414,-2.765490497475716,-3.71514240524667,-3.834158637632902,-2.632159915490202,-1.321241722576394,-2.992510016850279,-5.735664931275961,9.278171282998152,16.7574393296767,-5.942106121325144,19.72503013960424,-.1984708608061571,-10.558075480477,2.148837433384847,1.129672948538662,2.567501578890067,2.856848472782596,1.7052385537122,1.92155277978775,4.756790555835873,-9.384538848722331,-13.61749512813582,3.205090415234352,3.68493197548365,2.721060152842225,5.243418902055325,.8400182210156494,.320976043317854,1.12575796541927,-6.360560563722317,-16.98920521317911,-21.66305485838246,-1.571717259453896,-3.064082065338946,-2.757583000975949,-4.449549725465841,-.5454647963136589,-.0986147076651393,-1.178048254955091,7.512445956561951,17.94383070400676,19.01474492842835
evreg5,1.treat,-1.31391344289232,116.2495619449414,3.786457453053867,6.47687500567997,2.980348578109991,1.32276871548235,2.934072572183918,2.126568608973122,5.428073788778433,-8.466767535542573,-5.942106121325144,41.13952948802766,16.20276993481372,.0286435523595151,-6.005045821274448,22.83243556035595,18.70629609961639,24.86799134605158,26.68246316875523,9.889257661980087,13.10642463236613,-9.018453457932102,12.21801932957066,-5.496941376032356,-3.326650625344028,-5.956971782419705,-2.603189965867776,-1.126651644322211,-2.630658753912441,-1.690498455239575,-5.072699501311502,8.28984309396815,5.712882136826756,-40.74371174919016,-23.15630958175675,-18.64159341624864,-24.86683596173208,-26.83396726809396,-10.07427245763655,-13.28506141889793,8.861862107276409,-12.20181350086088,5.307479869364505,-8.868878512658583
evreg5,1.rice_prod_aclvl_ahigh,163.7715393812371,116.2495619449414,-6.019210068497127,-6.192179613430243,-7.38379962917316,3.694865565193578,7.13518726304963,-2.372866408681394,-.6610079530463443,-6.770261545214203,19.72503013960424,16.20276993481372,342.0733891913029,-1.660189098020208,-93.12956050022807,.9215646100730482,-15.36697728307277,-3.256531020337212,-1.892935267438907,-3.868656388802951,-6.559563102285993,-7.441252101294983,5.829682192687843,6.740527689669002,-5.923807129872604,-13.06361272537371,-25.17749080289914,5.282144072047174,-27.20575473688154,-30.6930730892571,-54.84538680684415,42.46528674151106,-35.88255656385287,-363.1909043095731,19.12479432160661,17.49205001045284,24.17947411795958,.9297843192659353,28.90518905815447,32.96849569110758,55.15809040975807,-33.95928523897857,43.60973384956954,99.22299912748363
evreg5,wind_direction,-1.290900833296227,116.2495619449414,.0263371827074937,.0575703472425955,.0396842726782506,-.0580894750236752,-.0586797999115082,.0086640079304703,.0414779713624752,-.0280448730359542,-.1984708608061571,.0286435523595151,-1.660189098020208,.0122921415405776,.6228603468589347,.0139218924579865,.1046680608641747,.0401464882079419,.0453342320614197,.0361714463394521,.0586836880529603,.0196138872300428,.0344076839766768,.0049211865168194,-.0561458489262627,-.0483856441408353,.0406209029928602,-.1135906701845375,.0827139488038807,.1569047598892577,.2541694638227744,-.1725447388593624,.2149642067315387,1.770022663124335,-.0502770659681156,.006734508138755,-.039536304155071,.0590421700034011,-.1050151120692219,-.1710246631013672,-.2519992489699259,.0990203953847098,-.2814769259498558,-.7985798307612361
evreg5,av_wind_speed,-22.79058142997717,116.2495619449414,-11.81289575417424,-9.900472390742683,-6.767788486162427,-13.4606887276172,-13.01161586938179,-6.613711297736655,-4.291356718207157,4.214517870384205,-10.558075480477,-6.005045821274448,-93.12956050022807,.6228603468589347,114.1132793215391,8.123442695953962,12.29620497758255,6.939636429247698,9.501652261328864,8.328205043218814,7.170194145893497,6.127201695841443,-3.361669363294955,-1.705338022564087,6.072977928685832,1.1794296232898,3.136578633106216,1.927839856098378,15.55196238424575,16.32546089542644,20.28901960268211,-8.394561909434655,16.65715094693568,106.119577407396,-6.800870426874138,.3076507986661555,-.9823565453981656,-1.181949556671497,-13.80866168522268,-15.67811752577617,-19.06991699036943,5.354210432987701,-16.13491568193175,-138.6999697717472
evreg5,1bn.relative_year_bin_aux#1.treat,23.72364483862285,116.2495619449414,-15.2259492119952,-12.82691441159727,-10.94712249623973,-12.59165753731954,-9.373821020563938,-7.051155638664748,-4.773851197645115,2.946221175917445,2.148837433384847,22.83243556035595,.9215646100730482,.0139218924579865,8.123442695953962,145.7823483637688,139.5552513943631,134.6461280445039,134.3236012589612,77.11035435485148,71.1637984255384,-2.026245417948584,5.936400230650387,-25.21687992932408,15.04372009775535,12.6281390821779,10.75558032958051,12.96096005513891,9.042844157063829,6.510472251323923,4.065336732317954,-2.544738715012192,-3.388634719527298,-26.27584553315408,-145.8568984530763,-139.4594798163646,-134.5527381246872,-134.8319244455375,-76.9568625107355,-70.71314220884501,2.767682190668884,-6.352852298666718,26.16090986803963,-7.193281310494577
evreg5,2.relative_year_bin_aux#1.treat,16.58679733796368,116.2495619449414,-12.63192410421076,-12.59367375671815,-10.92507057585058,-12.17893919458697,-10.18909251128435,-7.077301770001831,-5.091472460717997,4.213937144508811,1.129672948538662,18.70629609961639,-15.36697728307277,.1046680608641747,12.29620497758255,139.5552513943631,145.3178445604994,135.8777713830644,132.6654272046585,77.48325009493777,68.96249703370761,-2.818057941449485,2.598520898739185,-27.35244504094526,12.19480580006084,12.45728952695386,11.36966972535622,11.11971104650958,10.05460931795784,7.863299073963226,6.772805947018821,-5.451095466196403,-2.028702935818502,-7.517225758007219,-139.8704930150057,-144.3903795350046,-135.8132111125933,-132.2600447203268,-77.86504681939387,-69.43511813302817,1.636328671402424,-1.885089206995784,26.00610340709253,-9.935257466640506
evreg5,3.relative_year_bin_aux#1.treat,21.24903103895009,116.2495619449414,-10.90168002188197,-11.09414048735879,-11.19598914881797,-12.30029145822169,-9.409241286379276,-6.908552827916592,-4.360003213482359,3.221958060880032,2.567501578890067,24.86799134605158,-3.256531020337212,.0401464882079419,6.939636429247698,134.6461280445039,135.8777713830644,140.7120349391479,135.203530522833,77.70567364857283,70.00344401967743,-1.849851681185138,1.920093048717404,-26.52504776677009,10.73504530268331,11.01230813297982,11.26916328262113,12.20194025437586,9.238063017927621,6.911436695049583,4.527489370382623,-3.396111023205462,-3.470669613696472,-23.33163777789964,-134.8092471038589,-135.5565574455951,-140.6468312283528,-135.3577110532292,-77.75868943129323,-69.93328327926733,1.863977465415497,-1.92140194878955,26.58965579274247,-6.34946983076887
evreg5,4.relative_year_bin_aux#1.treat,17.41491462601356,116.2495619449414,-12.63205253446223,-11.69856236558997,-12.10317385099605,-15.11646507763286,-11.14329837692421,-8.061516498057136,-4.932015260050448,3.081370274967031,2.856848472782596,26.68246316875523,-1.892935267438907,.0453342320614197,9.501652261328864,134.3236012589612,132.6654272046585,135.203530522833,141.1683615624424,80.7730388782969,70.58653598394147,1.281532988579017,5.651901501756202,-23.1595100244003,12.3605847708257,11.50023704986129,12.11243362629206,14.97381230852593,10.90391756937095,8.01156390800136,5.082654626976693,-3.235670343805166,-3.919598737291475,-24.92497811875988,-134.4721888389625,-132.2551143769424,-135.097582398551,-141.3352817297297,-80.82186026866329,-70.48526193968921,-1.235855860487007,-5.685575330612347,23.26224434666441,-11.00950800203512
evreg5,5.relative_year_bin_aux#1.treat,10.66308219398744,116.2495619449414,-9.36038110098937,-9.675035958363715,-9.191343115742219,-11.04683471062102,-9.82050477446527,-7.083974727543828,-4.831786644601864,3.263045515713038,1.7052385537122,9.889257661980087,-3.868656388802951,.0361714463394521,8.328205043218814,77.11035435485148,77.48325009493777,77.70567364857283,80.7730388782969,54.22813861592767,42.99614093599181,5.804299933655781,2.444421643073037,-9.222120488805734,9.083796896168892,9.454473078352613,9.173893594922786,10.85021761095427,9.613366675623618,7.05852833705373,5.015430843859082,-3.424566355717531,-2.485445222413513,-7.926354345374031,-77.19751225105423,-77.12385992947792,-77.61481376864033,-80.84348398331579,-54.27301227509342,-42.94269983413704,-5.836152143483346,-2.432169939484044,9.218098788016743,-7.915033997790397
evreg5,6.relative_year_bin_aux#1.treat,5.650460301460745,116.2495619449414,-6.969080151750656,-6.928555740858124,-6.772383024979354,-8.288715908028564,-7.345366152436661,-5.973116602773952,-4.151202397834195,2.760490495880154,1.92155277978775,13.10642463236613,-6.559563102285993,.0586836880529603,7.170194145893497,71.1637984255384,68.96249703370761,70.00344401967743,70.58653598394147,42.99614093599181,42.40102758767067,4.080433438788443,3.544924151542585,-11.43375177348247,6.73631175828722,6.817901668231596,6.964441477424943,7.760459645078323,7.288350475718664,6.393801180886448,5.016643062237179,-3.344733982585407,-2.472126660022931,-7.417903397003467,-71.34085001034695,-68.40724497903526,-69.91445087790585,-70.40577960064371,-43.21752344152264,-42.65195467190131,-4.663651949893166,-3.241836449639783,10.75619625165034,-7.337151524430703
evreg5,7.relative_year_bin_aux#1.treat,2.98906850969292,116.2495619449414,-5.018182004325692,-5.604499856742716,-4.59435252471731,-5.270087031176891,-5.166745523949361,-4.447507698512867,-5.286347943205902,5.595118013125646,4.756790555835873,-9.018453457932102,-7.441252101294983,.0196138872300428,6.127201695841443,-2.026245417948584,-2.818057941449485,-1.849851681185138,1.281532988579017,5.804299933655781,4.080433438788443,16.75530723521021,-4.209489727966801,4.010941783057481,4.719552087949496,5.357068115401662,4.558540952779452,4.93120842765174,5.005665560950892,4.478580979022761,5.578802386470196,-5.834990386394252,-4.99441175705388,11.73414466780221,2.05323903543738,3.068459102846547,1.884158315258049,-1.145681045383959,-5.838296705661419,-4.123628306188224,-16.97811309793022,4.363062792239939,-4.259090725067161,-2.629234370419665
evreg5,9.relative_year_bin_aux#1.treat,-3.819651568825547,116.2495619449414,3.359413512167639,4.93009224848058,3.63295815288375,3.181739893234787,3.359943361426796,3.069291343264879,5.802051319353413,-8.821785720182994,-9.384538848722331,12.21801932957066,5.829682192687843,.0344076839766768,-3.361669363294955,5.936400230650387,2.598520898739185,1.920093048717404,5.651901501756202,2.444421643073037,3.544924151542585,-4.209489727966801,20.37298687012734,10.87494078769898,-3.090957153227467,-4.600416206727616,-3.306607119282764,-3.293494399415183,-3.092930003740517,-2.523851124092568,-5.145256717687148,8.465200542073141,9.342888339116891,-9.48429757178398,-6.184279965909748,-2.379332593881595,-1.888012290270507,-5.583437041912387,-2.678621135310463,-3.849192896768629,3.766788533819106,-20.20332475120468,-11.42186766779653,-4.053262976241335
evreg5,10.relative_year_bin_aux#1.treat,-10.01973231945691,116.2495619449414,2.745572561381257,3.193192485599573,3.473117877304281,3.863064370614015,2.546515643135178,3.067779100906421,5.274187484704686,-9.005125465042269,-13.61749512813582,-5.496941376032356,6.740527689669002,.0049211865168194,-1.705338022564087,-25.21687992932408,-27.35244504094526,-26.52504776677009,-23.1595100244003,-9.222120488805734,-11.43375177348247,4.010941783057481,10.87494078769898,40.6586229063845,-2.587796849794487,-3.031686776758128,-3.394924959321835,-3.679857349086027,-2.484608302263617,-3.047449178227505,-5.358318991838706,9.072209033347498,13.42243075908335,4.458855113925393,25.11615154150782,27.32327749215932,26.52866517368595,23.01206678421367,9.207422245331575,11.46821662388678,-3.887276150171203,-10.96604789907664,-40.50543372848908,-3.518886158519742
evreg5,1bn.relative_year_bin_aux#1.rice_prod_aclvl_ahigh,19.00148583469861,116.2495619449414,-15.84694842404567,-13.56512317404071,-11.5176912187866,-12.66047459630387,-9.364616495644809,-7.353415307144174,-5.135506933439402,3.117803899919272,3.205090415234352,-3.326650625344028,-5.923807129872604,-.0561458489262627,6.072977928685832,15.04372009775535,12.19480580006084,10.73504530268331,12.3605847708257,9.083796896168892,6.73631175828722,4.719552087949496,-3.090957153227467,-2.587796849794487,54.65456880094811,49.76720516950974,45.30800623258767,49.46234948403961,37.72902176275017,23.38254857431276,12.2642717427228,3.58696934772063,7.637391727343525,5.913734020308834,-53.38721540795796,-49.11287391418944,-45.08219990644698,-48.5423945060085,-37.09547824061145,-23.166988311322,-12.15512820013686,-3.257468285535366,-6.712987361995445,-4.575263470428673
evreg5,2.relative_year_bin_aux#1.rice_prod_aclvl_ahigh,15.74358105315732,116.2495619449414,-13.03830624772684,-13.35167835819466,-11.49632060645155,-11.59538496998225,-9.521764908746604,-7.20872124940671,-5.653260152011249,4.598257675803604,3.68493197548365,-5.956971782419705,-13.06361272537371,-.0483856441408353,1.1794296232898,12.6281390821779,12.45728952695386,11.01230813297982,11.50023704986129,9.454473078352613,6.817901668231596,5.357068115401662,-4.600416206727616,-3.031686776758128,49.76720516950974,50.44991325672718,46.12077767874325,47.83947414655221,36.09916519399899,21.02511958843079,12.16668638238811,.5711587185359072,5.357842793971826,12.86882783436074,-48.8541014784312,-50.01496454114832,-45.9603296961693,-47.19332858140712,-35.63463533711816,-20.9046117438374,-12.1491912651437,-.2647836398590062,-4.731187384486024,4.338451144675682
evreg5,3.relative_year_bin_aux#1.rice_prod_aclvl_ahigh,6.971998328862328,116.2495619449414,-10.68629004055529,-10.89864458052528,-11.04504229647874,-12.18688941501074,-9.288324141566621,-6.773427055792292,-4.373541727067141,3.33549043665109,2.721060152842225,-2.603189965867776,-25.17749080289914,.0406209029928602,3.136578633106216,10.75558032958051,11.36966972535622,11.26916328262113,12.11243362629206,9.173893594922786,6.964441477424943,4.558540952779452,-3.306607119282764,-3.394924959321835,45.30800623258767,46.12077767874325,47.54246652395488,49.0089381065919,38.51866799968661,24.65887790590007,15.02876352127728,.1467312925220133,6.678055319308371,25.85590531612997,-45.30757502477682,-46.05096465041062,-47.36383754945371,-48.89586912480667,-38.26115836929927,-24.69939341404134,-15.06141061840418,-.3078462613234246,-6.657026535380025,-1.318055740709712
evreg5,4.relative_year_bin_aux#1.rice_prod_aclvl_ahigh,26.30497490724159,116.2495619449414,-13.89118306457436,-13.1854481430588,-13.32397309667006,-15.18883041474101,-10.9865541166127,-8.662233902642841,-5.612754750986702,3.280812468373854,5.243418902055325,-1.126651644322211,5.282144072047174,-.1135906701845375,1.927839856098378,12.96096005513891,11.11971104650958,12.20194025437586,14.97381230852593,10.85021761095427,7.760459645078323,4.93120842765174,-3.293494399415183,-3.679857349086027,49.46234948403961,47.83947414655221,49.0089381065919,60.41865799218604,44.70363033230274,27.02145880882175,13.4112552954249,4.939466039501427,4.801899851863917,-6.550883008122399,-48.22659442001974,-47.21319497264829,-48.68878906002086,-59.92680266507402,-44.35439022899805,-26.70642747617277,-13.43444526114723,-4.406445977523546,-4.468748996422242,-1.604646315967292
evreg5,5.relative_year_bin_aux#1.rice_prod_aclvl_ahigh,14.85068293343905,116.2495619449414,-9.549473509288477,-9.753181105391501,-9.222070461176763,-11.43466473586722,-10.24714812876966,-7.223521195781597,-4.769492380766924,3.20783714521487,.8400182210156494,-2.630658753912441,-27.20575473688154,.0827139488038807,15.55196238424575,9.042844157063829,10.05460931795784,9.238063017927621,10.90391756937095,9.613366675623618,7.288350475718664,5.005665560950892,-3.092930003740517,-2.484608302263617,37.72902176275017,36.09916519399899,38.51866799968661,44.70363033230274,43.88906712596172,33.22219866309744,20.29265740559318,2.343650149385347,12.83558970247021,28.60234462386072,-37.92552005938236,-35.92575682087964,-38.11748895289097,-44.79070495713171,-43.70205216802628,-33.14306319517915,-20.29123607481007,-2.829826563760551,-13.22912406756307,-17.09303031381721
evreg5,6.relative_year_bin_aux#1.rice_prod_aclvl_ahigh,15.62696474179196,116.2495619449414,-6.551469085963018,-6.356842263302313,-6.258629346855043,-8.484267964164539,-7.691136505397711,-5.810927450205519,-3.828438801524973,2.659717399541258,.320976043317854,-1.690498455239575,-30.6930730892571,.1569047598892577,16.32546089542644,6.510472251323923,7.863299073963226,6.911436695049583,8.01156390800136,7.05852833705373,6.393801180886448,4.478580979022761,-2.523851124092568,-3.047449178227505,23.38254857431276,21.02511958843079,24.65887790590007,27.02145880882175,33.22219866309744,35.2857444222307,22.72713813898266,3.479976654741281,16.22300171385463,32.91565308207602,-24.29443323018706,-21.15113544111559,-24.27375098614146,-27.46734525702611,-33.16066448793753,-35.36796500487635,-22.76890150843098,-4.322826304394058,-17.00316262401398,-18.85215286446071
evreg5,7.relative_year_bin_aux#1.rice_prod_aclvl_ahigh,-.7138278763226135,116.2495619449414,-3.703119575314891,-3.897050138332777,-3.180434706401699,-5.600088771699479,-5.774714114885532,-3.85819846578093,-4.431116277099329,5.326916413603866,1.12575796541927,-5.072699501311502,-54.84538680684415,.2541694638227744,20.28901960268211,4.065336732317954,6.772805947018821,4.527489370382623,5.082654626976693,5.015430843859082,5.016643062237179,5.578802386470196,-5.145256717687148,-5.358318991838706,12.2642717427228,12.16668638238811,15.02876352127728,13.4112552954249,20.29265740559318,22.72713813898266,22.31916927975874,-6.661079573684807,9.771887673904301,58.25034831539381,-14.02592643648538,-12.60986794922862,-14.62975373032298,-14.2690304612121,-20.37612150902524,-22.96973184626449,-22.38637139570935,5.326758384117275,-11.02659264331682,-20.32095475916048
evreg5,9.relative_year_bin_aux#1.rice_prod_aclvl_ahigh,31.40297749857256,116.2495619449414,1.92852234895874,3.122554010409143,2.232773294267965,3.374119021914665,3.71038693693253,2.373270423004572,4.973106413522265,-8.554639581451898,-6.360560563722317,8.28984309396815,42.46528674151106,-.1725447388593624,-8.394561909434655,-2.544738715012192,-5.451095466196403,-3.396111023205462,-3.235670343805166,-3.424566355717531,-3.344733982585407,-5.834990386394252,8.465200542073141,9.072209033347498,3.58696934772063,.5711587185359072,.1467312925220133,4.939466039501427,2.343650149385347,3.479976654741281,-6.661079573684807,20.30483698639653,16.51392814345105,-44.59644258238846,-2.270427359110312,-.0982788838703094,-.1687130536392379,-4.394523211251167,-2.222780543218947,-3.226337052163226,6.612546420447795,-19.41991684401286,-15.94921215388368,2.062724266384709
evreg5,10.relative_year_bin_aux#1.rice_prod_aclvl_ahigh,13.6925261679018,116.2495619449414,3.740230465919497,4.506601564580902,4.643718695045199,3.512409039898834,1.870680219264143,3.474668377566051,5.972338683992787,-9.191592729760844,-16.98920521317911,5.712882136826756,-35.88255656385287,.2149642067315387,16.65715094693568,-3.388634719527298,-2.028702935818502,-3.470669613696472,-3.919598737291475,-2.485445222413513,-2.472126660022931,-4.99441175705388,9.342888339116891,13.42243075908335,7.637391727343525,5.357842793971826,6.678055319308371,4.801899851863917,12.83558970247021,16.22300171385463,9.771887673904301,16.51392814345105,41.87671429313833,38.8196786432208,-9.464843682310317,-5.851078644325984,-6.29824629950772,-5.891495840056028,-13.16496097177544,-16.45645204622956,-9.984905041388272,-17.6203386814854,-43.47081437741331,-26.5431058421583
evreg5,1.treat#1.rice_prod_aclvl_ahigh,315.5951346842937,116.2495619449414,5.204649134220087,5.717338618806924,7.018494933349852,-5.030285257151632,-8.418610359780175,1.87451102625076,.6478030660374576,6.74522456123321,-21.66305485838246,-40.74371174919016,-363.1909043095731,1.770022663124335,106.119577407396,-26.27584553315408,-7.517225758007219,-23.33163777789964,-24.92497811875988,-7.926354345374031,-7.417903397003467,11.73414466780221,-9.48429757178398,4.458855113925393,5.913734020308834,12.86882783436074,25.85590531612997,-6.550883008122399,28.60234462386072,32.91565308207602,58.25034831539381,-44.59644258238846,38.8196786432208,1104.883049315306,-91.33256953467155,-32.56347831287861,-130.6721962840483,27.03129320494354,-96.92426615269626,-155.5037360655446,-220.4113474211988,81.73600365926677,-222.4333604423609,-115.5870820995191
evreg5,1bn.relative_year_bin_aux#1.treat#1.rice_prod_aclvl_ahigh,55.44403206651865,116.2495619449414,14.97001015899927,12.44722403455766,10.7338856296313,12.65913033841954,9.396225942239724,6.923667386551038,4.517404023087696,-2.696385640498745,-1.571717259453896,-23.15630958175675,19.12479432160661,-.0502770659681156,-6.800870426874138,-145.8568984530763,-139.8704930150057,-134.8092471038589,-134.4721888389625,-77.19751225105423,-71.34085001034695,2.05323903543738,-6.184279965909748,25.11615154150782,-53.38721540795796,-48.8541014784312,-45.30757502477682,-48.22659442001974,-37.92552005938236,-24.29443323018706,-14.02592643648538,-2.270427359110312,-9.464843682310317,-91.33256953467155,600.69929499581,465.523861073746,536.8004135107185,437.5914683044543,416.9599344459953,250.1967296401304,143.1868212452865,167.5091411105226,397.3832309296795,5.745007124794606
evreg5,2.relative_year_bin_aux#1.treat#1.rice_prod_aclvl_ahigh,36.05608873628245,116.2495619449414,12.42493987087624,12.6526263557325,11.00819535857231,11.38067534464493,9.330462283602436,6.894726139470962,5.287695934558508,-4.331113703904466,-3.064082065338946,-18.64159341624864,17.49205001045284,.006734508138755,.3076507986661555,-139.4594798163646,-144.3903795350046,-135.5565574455951,-132.2551143769424,-77.12385992947792,-68.40724497903526,3.068459102846547,-2.379332593881595,27.32327749215932,-49.11287391418944,-50.01496454114832,-46.05096465041062,-47.21319497264829,-35.92575682087964,-21.15113544111559,-12.60986794922862,-.0982788838703094,-5.851078644325984,-32.56347831287861,465.523861073746,456.251714261288,446.1972325637906,390.0442467135555,317.3252638928216,188.7926522828325,64.33232650361157,128.6153018979686,201.9427472302817,-6.015201584978415
evreg5,3.relative_year_bin_aux#1.treat#1.rice_prod_aclvl_ahigh,19.26254432928869,116.2495619449414,10.39631130274245,10.61709202844609,10.85462924497511,11.95333344960248,9.060956737838383,6.615966406243476,4.237813295963299,-3.216813209353115,-2.757583000975949,-24.86683596173208,24.17947411795958,-.039536304155071,-.9823565453981656,-134.5527381246872,-135.8132111125933,-140.6468312283528,-135.097582398551,-77.61481376864033,-69.91445087790585,1.884158315258049,-1.888012290270507,26.52866517368595,-45.08219990644698,-45.9603296961693,-47.36383754945371,-48.68878906002086,-38.11748895289097,-24.27375098614146,-14.62975373032298,-.1687130536392379,-6.29824629950772,-130.6721962840483,536.8004135107185,446.1972325637906,550.3163842069993,409.6775219629275,406.928792074639,254.2294934203502,150.0645285488066,154.3870448900636,390.1786245634003,-1.278908964395784
evreg5,4.relative_year_bin_aux#1.treat#1.rice_prod_aclvl_ahigh,57.82004814455939,116.2495619449414,13.30270920787944,12.48756783910411,12.82356760962768,15.08398210295996,10.90967470351602,8.363588146655166,5.26722649846057,-3.074131953867512,-4.449549725465841,-26.83396726809396,.9297843192659353,.0590421700034011,-1.181949556671497,-134.8319244455375,-132.2600447203268,-135.3577110532292,-141.3352817297297,-80.84348398331579,-70.40577960064371,-1.145681045383959,-5.583437041912387,23.01206678421367,-48.5423945060085,-47.19332858140712,-48.89586912480667,-59.92680266507402,-44.79070495713171,-27.46734525702611,-14.2690304612121,-4.394523211251167,-5.891495840056028,27.03129320494354,437.5914683044543,390.0442467135555,409.6775219629275,419.0021460607671,306.2853700217079,177.3091273372632,70.37608453909917,133.3841694276946,195.5295428453182,.7526661925915588
evreg5,5.relative_year_bin_aux#1.treat#1.rice_prod_aclvl_ahigh,45.64375098142407,116.2495619449414,9.113350436496408,9.282357111918806,8.884206839637878,11.24074044101343,10.07363350145246,6.994078724402543,4.554587623732853,-3.077304157329994,-.5454647963136589,-10.07427245763655,28.90518905815447,-.1050151120692219,-13.80866168522268,-76.9568625107355,-77.86504681939387,-77.75868943129323,-80.82186026866329,-54.27301227509342,-43.21752344152264,-5.838296705661419,-2.678621135310463,9.207422245331575,-37.09547824061145,-35.63463533711816,-38.26115836929927,-44.35439022899805,-43.70205216802628,-33.16066448793753,-20.37612150902524,-2.222780543218947,-13.16496097177544,-96.92426615269626,416.9599344459953,317.3252638928216,406.928792074639,306.2853700217079,414.395104126556,227.9480604014617,186.1679361339537,151.5627967974693,455.8795984014769,14.96087646950502
evreg5,6.relative_year_bin_aux#1.treat#1.rice_prod_aclvl_ahigh,-31.02525531027935,116.2495619449414,6.325843752108104,6.09705141703082,6.084588523934645,8.397109431334092,7.60755908747911,5.695913215413609,3.680248235088013,-2.533427344354013,-.0986147076651393,-13.28506141889793,32.96849569110758,-.1710246631013672,-15.67811752577617,-70.71314220884501,-69.43511813302817,-69.93328327926733,-70.48526193968921,-42.94269983413704,-42.65195467190131,-4.123628306188224,-3.849192896768629,11.46821662388678,-23.166988311322,-20.9046117438374,-24.69939341404134,-26.70642747617277,-33.14306319517915,-35.36796500487635,-22.96973184626449,-3.226337052163226,-16.45645204622956,-155.5037360655446,250.1967296401304,188.7926522828325,254.2294934203502,177.3091273372632,227.9480604014617,210.1350886613831,133.8495713235611,78.14964116299467,222.6471126596334,18.15100954415304
evreg5,7.relative_year_bin_aux#1.treat#1.rice_prod_aclvl_ahigh,-12.07565446201714,116.2495619449414,3.55471900197737,3.759843865144034,3.084352316923628,5.470882765664173,5.650814431552652,3.776260467720141,4.373836953979225,-5.283415623863823,-1.178048254955091,8.861862107276409,55.15809040975807,-.2519992489699259,-19.06991699036943,2.767682190668884,1.636328671402424,1.863977465415497,-1.235855860487007,-5.836152143483346,-4.663651949893166,-16.97811309793022,3.766788533819106,-3.887276150171203,-12.15512820013686,-12.1491912651437,-15.06141061840418,-13.43444526114723,-20.29123607481007,-22.76890150843098,-22.38637139570935,6.612546420447795,-9.984905041388272,-220.4113474211988,143.1868212452865,64.33232650361157,150.0645285488066,70.37608453909917,186.1679361339537,133.8495713235611,210.2788449403681,54.11208163503949,323.9894190028036,18.82285501535374
evreg5,9.relative_year_bin_aux#1.treat#1.rice_prod_aclvl_ahigh,68.31328137050689,116.2495619449414,-2.149129346529232,-3.520617622153194,-2.516422260235893,-3.069636441706423,-3.396913343646213,-2.462450707638907,-5.220209234375115,8.693562672899192,7.512445956561951,-12.20181350086088,-33.95928523897857,.0990203953847098,5.354210432987701,-6.352852298666718,-1.885089206995784,-1.92140194878955,-5.685575330612347,-2.432169939484044,-3.241836449639783,4.363062792239939,-20.20332475120468,-10.96604789907664,-3.257468285535366,-.2647836398590062,-.3078462613234246,-4.406445977523546,-2.829826563760551,-4.322826304394058,5.326758384117275,-19.41991684401286,-17.6203386814854,81.73600365926677,167.5091411105226,128.6153018979686,154.3870448900636,133.3841694276946,151.5627967974693,78.14964116299467,54.11208163503949,176.7795819004879,256.4817538389889,1.79359369397408
evreg5,10.relative_year_bin_aux#1.treat#1.rice_prod_aclvl_ahigh,42.52775116456955,116.2495619449414,-4.381526869461305,-5.2784220423188,-5.205631187908601,-3.576511682517722,-1.900517224549877,-3.799505077068921,-6.339603290604388,9.380792096974407,17.94383070400676,5.307479869364505,43.60973384956954,-.2814769259498558,-16.13491568193175,26.16090986803963,26.00610340709253,26.58965579274247,23.26224434666441,9.218098788016743,10.75619625165034,-4.259090725067161,-11.42186766779653,-40.50543372848908,-6.712987361995445,-4.731187384486024,-6.657026535380025,-4.468748996422242,-13.22912406756307,-17.00316262401398,-11.02659264331682,-15.94921215388368,-43.47081437741331,-222.4333604423609,397.3832309296795,201.9427472302817,390.1786245634003,195.5295428453182,455.8795984014769,222.6471126596334,323.9894190028036,256.4817538389889,1039.427475850725,25.91398853860443
evreg5,_cons,69.06825620183446,116.2495619449414,11.39381221929394,6.325418135189658,5.771126779764401,15.77847674468502,13.59163530129586,6.35890021483424,.1587317000694571,3.007347895626046,19.01474492842835,-8.868878512658583,99.22299912748363,-.7985798307612361,-138.6999697717472,-7.193281310494577,-9.935257466640506,-6.34946983076887,-11.00950800203512,-7.915033997790397,-7.337151524430703,-2.629234370419665,-4.053262976241335,-3.518886158519742,-4.575263470428673,4.338451144675682,-1.318055740709712,-1.604646315967292,-17.09303031381721,-18.85215286446071,-20.32095475916048,2.062724266384709,-26.5431058421583,-115.5870820995191,5.745007124794606,-6.015201584978415,-1.278908964395784,.7526661925915588,14.96087646950502,18.15100954415304,18.82285501535374,1.79359369397408,25.91398853860443,184.6575271238601
