reg,var,beta,ymean,cov1,cov2,cov3,cov4,cov5,cov6,cov7,cov8,cov9,cov10,cov11,cov12,cov13,cov14,cov15,cov16,cov17,cov18,cov19,cov20,cov21,cov22,cov23,cov24,cov25,cov26,cov27,cov28,cov29,cov30,cov31,cov32,cov33,cov34,cov35,cov36,cov37,cov38,cov39,cov40,cov41
evreg1,1bn.relative_year_bin_aux,-4.034879506954662,119.919483881655,42.22358806491281,23.42404439821001,3.111494135957106,4.773360455780229,5.721695862213759,.7349478393963798,2.83131942089481,2.223955424613269,1.85561851888175,0,-.0109117983192781,-1.457218181809628,-34.8958785249031,-18.375990730867,-1.701102151001406,-4.139332203708469,-7.706794153362568,-3.752766040935134,-6.006204598779921,-4.858237171109511,-4.481565665173179,,,,,,,,,,,,,,,,,,,,
evreg1,2.relative_year_bin_aux,4.058314141064844,119.919483881655,23.42404439821001,40.70044571031541,8.025544854088151,8.29788943089056,7.587152930304972,-3.855502624266261,2.624923663800191,2.11065393807876,1.546645978656794,0,-.060073663206752,1.755033116707519,-16.2333378848776,-36.06175259957156,-6.048381083102696,-7.629928464564742,-10.98028269798949,-1.043613412987352,-7.96684055717267,-7.041789383847349,-6.618320339285887,,,,,,,,,,,,,,,,,,,,
evreg1,3.relative_year_bin_aux,12.8345672095525,119.919483881655,3.111494135957106,8.025544854088151,19.46072602353577,5.972833608801126,2.9343591410889,1.665395126707673,.9250578539438398,1.822766133686655,1.982738179627502,0,-.009370099362084,.049831871721412,-2.257443375534049,-6.600448622360817,-18.64103075462983,-5.670326236441444,-4.754293370666644,-4.478633500256875,-4.173950344506616,-4.929978139407249,-4.873076326969997,,,,,,,,,,,,,,,,,,,,
evreg1,4.relative_year_bin_aux,-8.93558699182682,119.919483881655,4.773360455780229,8.29788943089056,5.972833608801126,11.49190850532499,4.742921472129356,5.215619973053438,4.436610310550182,4.72499878664604,5.201297229049102,0,.031841919914598,-2.089152965356182,-4.193000954182771,-7.914001978207445,-5.798352155479645,-11.31997845981786,-5.403243949650696,-6.00788925614884,-5.466722427907523,-5.6200390826286,-6.023502649181792,,,,,,,,,,,,,,,,,,,,
evreg1,6.relative_year_bin_aux,7.74605851984368,119.919483881655,5.721695862213759,7.587152930304972,2.9343591410889,4.742921472129356,13.5461114550232,7.775584881694725,10.82526142874545,9.880016402082047,9.888393666885294,0,-.0150584220304662,1.021965669090475,-6.090654952981771,-8.680701884688437,-3.419995673800744,-4.70265706912426,-11.15018150655115,-4.099795563224537,-6.0337242851481,-5.235845849171305,-5.058902018967006,,,,,,,,,,,,,,,,,,,,
evreg1,7.relative_year_bin_aux,-6.45144924102971,119.919483881655,.7349478393963798,-3.855502624266261,1.665395126707673,5.215619973053438,7.775584881694725,24.84985723727416,21.01770816886004,14.08545932102692,16.5991961538248,0,.042317020197067,-1.334223039906257,-4.005793320441009,.1530696269653941,-3.336675866651456,-5.540466349866734,-2.573148992497558,-16.28899442201146,-10.22609776212758,-2.60203693399269,-5.163653423778892,,,,,,,,,,,,,,,,,,,,
evreg1,8.relative_year_bin_aux,7.113368354678148,119.919483881655,2.83131942089481,2.624923663800191,.9250578539438398,4.436610310550182,10.82526142874545,21.01770816886004,53.42482059728324,31.35145648805976,31.30176685634788,0,-.04936812342152,4.908929509925933,-6.477415864609997,-7.122330514767481,-3.058623427463314,-4.890995529963011,-1.457851794315738,-5.709239479797299,-32.54542122236512,-7.863073974742196,-7.588484603216349,,,,,,,,,,,,,,,,,,,,
evreg1,9.relative_year_bin_aux,-16.56618967595464,119.919483881655,2.223955424613269,2.11065393807876,1.822766133686655,4.72499878664604,9.880016402082047,14.08545932102692,31.35145648805976,37.99177343350578,30.94422578203535,0,.0213209466612615,1.472684744618255,-4.641169756837185,-5.668238259252056,-3.31981122483513,-5.050531703500847,-2.739354625406877,-2.089441154464199,-14.4133962606317,-17.67642064196961,-10.2080164930223,,,,,,,,,,,,,,,,,,,,
evreg1,10.relative_year_bin_aux,3.149500270977334,119.919483881655,1.85561851888175,1.546645978656794,1.982738179627502,5.201297229049102,9.888393666885294,16.5991961538248,31.30176685634788,30.94422578203535,38.53525704702613,0,-.0272094329756382,4.57952932376822,-4.855972592157253,-5.465291371312038,-3.279534905623936,-5.395068807791471,-2.292836670538172,-4.150341773021363,-13.79618031713217,-9.950772736013457,-16.68966564451148,,,,,,,,,,,,,,,,,,,,
evreg1,1o.treat,0,119.919483881655,0,0,0,0,0,0,0,0,0,0,0,0,0,0,0,0,0,0,0,0,0,,,,,,,,,,,,,,,,,,,,
evreg1,wind_direction,-2.147333003537066,119.919483881655,-.0109117983192781,-.060073663206752,-.009370099362084,.031841919914598,-.0150584220304662,.042317020197067,-.04936812342152,.0213209466612615,-.0272094329756382,0,.0060884596511638,-.3124592068375685,-.0204728499097547,.0041859758483194,-.0214981169278969,-.0421621225858784,-.0317995369895893,-.074503731336457,-.0139774373942917,-.0563409147941324,-.0394445470924424,,,,,,,,,,,,,,,,,,,,
evreg1,av_wind_speed,151.530824768553,119.919483881655,-1.457218181809628,1.755033116707519,.049831871721412,-2.089152965356182,1.021965669090475,-1.334223039906257,4.908929509925933,1.472684744618255,4.57952932376822,0,-.3124592068375685,31.96936721855383,.8313723343630178,-1.995320395928117,-.3124117936954325,1.906100285947448,1.548627537484663,3.198395473625472,.2241633175924941,3.567944281766042,1.361743194098424,,,,,,,,,,,,,,,,,,,,
evreg1,1bn.relative_year_bin_aux#1.treat,18.29619959522773,119.919483881655,-34.8958785249031,-16.2333378848776,-2.257443375534049,-4.193000954182771,-6.090654952981771,-4.005793320441009,-6.477415864609997,-4.641169756837185,-4.855972592157253,0,-.0204728499097547,.8313723343630178,66.17527845829883,26.50542962359919,14.93883219769231,12.39168547232968,13.95374910877214,11.21497424416434,15.49058874305957,11.80338765014688,12.02282041022527,,,,,,,,,,,,,,,,,,,,
evreg1,2.relative_year_bin_aux#1.treat,14.75397864716128,119.919483881655,-18.375990730867,-36.06175259957156,-6.600448622360817,-7.914001978207445,-8.680701884688437,.1530696269653941,-7.122330514767481,-5.668238259252056,-5.465291371312038,0,.0041859758483194,-1.995320395928117,26.50542962359919,72.22515800524157,22.3274253634447,17.97172282265118,21.61404483487068,7.497250250990495,20.38781707755161,17.24079406142818,16.6557013616855,,,,,,,,,,,,,,,,,,,,
evreg1,3.relative_year_bin_aux#1.treat,.8872931647483195,119.919483881655,-1.701102151001406,-6.048381083102696,-18.64103075462983,-5.798352155479645,-3.419995673800744,-3.336675866651456,-3.058623427463314,-3.31981122483513,-3.279534905623936,0,-.0214981169278969,-.3124117936954325,14.93883219769231,22.3274253634447,41.68142315019648,16.87705933068792,13.22179232465875,14.47959926934501,14.57175901161991,14.51463358336356,14.15267364621858,,,,,,,,,,,,,,,,,,,,
evreg1,4.relative_year_bin_aux#1.treat,13.15620453770769,119.919483881655,-4.139332203708469,-7.629928464564742,-5.670326236441444,-11.31997845981786,-4.70265706912426,-5.540466349866734,-4.890995529963011,-5.050531703500847,-5.395068807791471,0,-.0421621225858784,1.906100285947448,12.39168547232968,17.97172282265118,16.87705933068792,25.49688827467603,12.52401804768166,14.07260029877795,14.11039304368351,13.21504924472032,13.63267795294797,,,,,,,,,,,,,,,,,,,,
evreg1,6.relative_year_bin_aux#1.treat,8.451985824241776,119.919483881655,-7.706794153362568,-10.98028269798949,-4.754293370666644,-5.403243949650696,-11.15018150655115,-2.573148992497558,-1.457851794315738,-2.739354625406877,-2.292836670538172,0,-.0317995369895893,1.548627537484663,13.95374910877214,21.61404483487068,13.22179232465875,12.52401804768166,24.97255216178529,9.352650151371341,11.07159658657058,11.7295796504138,11.2507891221513,,,,,,,,,,,,,,,,,,,,
evreg1,7.relative_year_bin_aux#1.treat,15.75456294331669,119.919483881655,-3.752766040935134,-1.043613412987352,-4.478633500256875,-6.00788925614884,-4.099795563224537,-16.28899442201146,-5.709239479797299,-2.089441154464199,-4.150341773021363,0,-.074503731336457,3.198395473625472,11.21497424416434,7.497250250990495,14.47959926934501,14.07260029877795,9.352650151371341,29.846325016059,12.16656617404608,7.555084005728911,10.56413345007483,,,,,,,,,,,,,,,,,,,,
evreg1,8.relative_year_bin_aux#1.treat,14.27012932917614,119.919483881655,-6.006204598779921,-7.96684055717267,-4.173950344506616,-5.466722427907523,-6.0337242851481,-10.22609776212758,-32.54542122236512,-14.4133962606317,-13.79618031713217,0,-.0139774373942917,.2241633175924941,15.49058874305957,20.38781707755161,14.57175901161991,14.11039304368351,11.07159658657058,12.16656617404608,44.82180384942298,14.95641896365671,14.26944852345031,,,,,,,,,,,,,,,,,,,,
evreg1,9.relative_year_bin_aux#1.treat,24.93561065205525,119.919483881655,-4.858237171109511,-7.041789383847349,-4.929978139407249,-5.6200390826286,-5.235845849171305,-2.60203693399269,-7.863073974742196,-17.67642064196961,-9.950772736013457,0,-.0563409147941324,3.567944281766042,11.80338765014688,17.24079406142818,14.51463358336356,13.21504924472032,11.7295796504138,7.555084005728911,14.95641896365671,33.42860756088078,20.39704702653844,,,,,,,,,,,,,,,,,,,,
evreg1,10.relative_year_bin_aux#1.treat,13.38422656382869,119.919483881655,-4.481565665173179,-6.618320339285887,-4.873076326969997,-6.023502649181792,-5.058902018967006,-5.163653423778892,-7.588484603216349,-10.2080164930223,-16.68966564451148,0,-.0394445470924424,1.361743194098424,12.02282041022527,16.6557013616855,14.15267364621858,13.63267795294797,11.2507891221513,10.56413345007483,14.26944852345031,20.39704702653844,36.28275064743937,,,,,,,,,,,,,,,,,,,,
evreg2,1bn.relative_year_bin_aux,-5.702382451903676,119.919483881655,48.34951892302821,23.7398442355658,4.724321693586152,5.850445858030564,6.651675307402251,1.942001385611147,3.828290621743788,3.560852921846912,3.091681839784924,0,2.94086064591631,-.0062214696990362,-2.114467571056438,-42.10377641308003,-19.30587615186099,-3.836948519741492,-5.260584424884104,-8.671555246698585,-4.910951157852555,-7.026039478952048,-6.170245118594369,-5.740948466781915,-10.65927158852844,-1.818531520573568,-1.682209172244316,-2.231424132136584,-1.685838666294007,-2.155292946352921,-2.242961191590924,-2.52080483331252,-2.399125993007412,-2.221136574906363,12.24134344251385,2.846585321274398,2.694220279993128,2.297279304588303,1.545674537848795,1.76465028382331,1.914347183585123,2.091713666694968,2.06205355255234
evreg2,2.relative_year_bin_aux,2.843063267509676,119.919483881655,23.7398442355658,43.028894214312,9.38409262013039,8.811717126147464,8.61051510314746,-3.878684666522456,2.584132044743277,2.515719384663509,1.925222586533652,0,.9845164506586331,-.0585175011549908,1.663748634483087,-17.37743660722287,-38.86213460504432,-7.85987053510362,-8.174652178348074,-11.97241327718791,-1.011551627749909,-7.982058323535619,-7.490933249875222,-7.05193968475768,-1.557746986108753,-5.338547953575414,-1.582170056029116,-1.160110697932791,-1.966110631785255,-.0957265440756125,-.7416298969593264,-1.054372362660091,-.9598396458531632,-.6938055650293238,2.651984961456502,5.992159475169721,2.405262296702884,1.195308446328463,1.751820058414335,-.1817447798458763,.4745320838895666,.7262702683745661,.6882492662894281
evreg2,3.relative_year_bin_aux,11.72701624443741,119.919483881655,4.724321693586152,9.38409262013039,23.6005049316839,7.010868206508833,4.508891832532355,3.029893828979509,1.812533947392947,3.298888310210443,3.449146723307238,0,3.029228773563327,-.0029241092035408,-.4138168750819728,-4.157481822441546,-8.157964445872794,-22.95593850290256,-6.73045949388133,-6.26971805796654,-5.756007111216359,-5.052612519661133,-6.396873430390519,-6.366618263288914,-3.717591904613724,-3.15037495301227,-6.510373247040438,-2.077566301106808,-2.424178457922201,-2.154087648206173,-2.110963970983164,-2.647188999078983,-2.653380773543486,-2.645459180294734,3.983003119589611,3.413917746021402,6.798431585805567,2.113062950647939,2.259757931952519,1.893181889732931,1.901568622418829,2.407819538634273,2.481841139895333
evreg2,4.relative_year_bin_aux,-9.262600247203737,119.919483881655,5.850445858030564,8.811717126147464,7.010868206508833,13.66758257753323,6.096088494878994,6.537435183887149,5.89877789283139,5.909310788487744,6.553437572074062,0,2.123196409111931,.0307732234043585,-2.202120269016675,-5.336329468017207,-8.428504273132987,-6.873489733672612,-13.5074333242784,-6.639297207266972,-7.182074202100805,-6.745383554929121,-6.609995789518513,-7.172870258319533,-1.512459034724892,-1.110394495059091,-1.4562796037564,-3.516279202109717,-1.830111227792555,-1.767247646395771,-1.818801650127368,-1.578927641124656,-1.783274203058578,-1.901945826614942,1.55203472719498,1.102359318978836,1.468148277512834,3.533346150506181,1.765789822191609,1.688674190154247,1.729940840042876,1.483664639942193,1.692046906939926
evreg2,6.relative_year_bin_aux,5.530834417995058,119.919483881655,6.651675307402251,8.61051510314746,4.508891832532355,6.096088494878994,18.14746463481645,9.825645380184833,12.56201199002568,12.04873903457681,11.52350360218465,0,2.569228022105105,-.0143294990563426,.6718305533331728,-7.269359239662021,-9.693043601044462,-5.05947604571218,-6.086564810807533,-15.92917586924877,-6.433704944120265,-8.040289586226999,-7.752512660162927,-6.928338080536191,-1.680418771378182,-1.589680616208326,-2.531932966249612,-2.417527908530962,-7.695027365366345,-4.019423804681047,-3.306186796557355,-3.708373717931432,-2.914804167819514,-3.004230057509811,2.176501973838586,1.626872139754199,2.616853176254471,2.469107445819947,7.925017083914005,4.442038137337192,3.733325247907059,4.265902599630025,3.283247200093011
evreg2,7.relative_year_bin_aux,-7.531696962643665,119.919483881655,1.942001385611147,-3.878684666522456,3.029893828979509,6.537435183887149,9.825645380184833,30.99075465159294,24.54103484109199,17.04659712270398,20.140359375124,0,4.330097455220407,.0450490252221028,-1.945321190918798,-5.663081358212144,.0616727645871179,-4.794498338633375,-6.851433907111995,-4.716730910247589,-22.57888277758487,-13.92171661162818,-5.806722750452647,-8.885596329647207,-2.537369324989754,-.4326134882526045,-2.120460864665024,-2.385689613778946,-3.157841502598343,-10.20472317805257,-6.237367692483049,-5.35193159537482,-5.894527398278901,-4.758908612909069,3.080919800821724,.5499776790201419,2.154572661706376,2.336732758124011,3.597340698847253,10.77308900250745,6.878823117140439,6.128813684933876,6.52112678863095
evreg2,8.relative_year_bin_aux,7.203195430860205,119.919483881655,3.828290621743788,2.584132044743277,1.812533947392947,5.89877789283139,12.56201199002568,24.54103484109199,58.40433708743256,33.67056440418661,33.92445657738634,0,2.791977224516042,-.0445502099996326,4.269017029779548,-7.867668695779996,-7.172781730671433,-3.970365453265007,-6.301310054706321,-3.480366464221257,-9.420052978117727,-37.74298434867865,-10.46394644150806,-10.51346516445702,-1.981228534222771,-.2447161639358587,-.9202969064494713,-2.476016144338586,-2.91900328103417,-5.343274331262855,-8.954336906984183,-4.316519324518961,-4.25080467930772,-3.643218973899076,2.47141390830171,.3015135974810312,.8402604770183919,2.354465096335582,3.584900667318328,5.913262266578802,9.617374544816551,5.064892530223655,5.048859607434109
evreg2,9.relative_year_bin_aux,-16.73944065509468,119.919483881655,3.560852921846912,2.515719384663509,3.298888310210443,5.909310788487744,12.04873903457681,17.04659712270398,33.67056440418661,42.6526459148055,35.07925702946218,0,4.641747109471718,.0256740647879843,.7277238861112775,-6.273193534564915,-6.043694389584257,-4.820930434370418,-6.173136011791028,-5.482710243363996,-5.556944803988396,-17.29179477082261,-22.87885082542245,-14.96051678342323,-2.778513258044707,-1.231307582829842,-1.99597293591367,-2.275258366285645,-3.869534602813413,-5.213669688544671,-5.442826698394225,-8.713687561014272,-7.925397464821282,-5.331134216185381,3.323634520038663,1.337780026293462,2.02723883837523,2.15171479152532,4.799200384270831,5.927274401990713,6.279021574600669,9.532763979781551,8.918377619284273
evreg2,10.relative_year_bin_aux,3.770778014440716,119.919483881655,3.091681839784924,1.925222586533652,3.449146723307238,6.553437572074062,11.52350360218465,20.140359375124,33.92445657738634,35.07925702946218,44.85116865189794,0,4.061215627409169,-.0216571401175431,4.047395584391347,-6.485538248491326,-5.856052998089619,-4.773047388920095,-6.690928138782813,-4.482262209298653,-8.111551589839005,-16.88876927387843,-14.46617277169524,-23.49492375642981,-2.63531123453517,-1.266421495882264,-1.974331594249648,-2.501276964465524,-3.307168477999729,-6.311218918981924,-6.254954103489029,-7.371778856449628,-11.51401031882493,-4.983167593457434,3.338159217813964,1.308444422799288,2.043143236020536,2.387917333675245,4.371558451127056,7.048957017457932,7.158862471588364,8.177172200345947,12.60116291278141
evreg2,1o.treat,0,119.919483881655,0,0,0,0,0,0,0,0,0,0,0,0,0,0,0,0,0,0,0,0,0,0,0,0,0,0,0,0,0,0,0,0,0,0,0,0,0,0,0,0,0
evreg2,1.downup_ac_pop,-15.0181045224394,119.919483881655,2.94086064591631,.9845164506586331,3.029228773563327,2.123196409111931,2.569228022105105,4.330097455220407,2.791977224516042,4.641747109471718,4.061215627409169,0,12.70691137390311,.0484690355539127,-5.281572347293054,-3.002985292659137,-1.054726070661495,-3.146008386768283,-2.172464518767332,-3.299975246616382,-5.190415949682922,-4.034484118676508,-5.81830810580435,-5.374711633579627,-6.191780062507775,-3.388813022325649,-3.786939122767667,-3.287024724513884,-4.988220190759168,-7.517872552202147,-7.608717288642954,-8.810851781888664,-8.435997255321579,-12.57254044960623,6.221850158665124,3.402830428598135,3.791580259238155,3.257668318379414,4.98160203292352,7.544936454576643,7.669081887904224,8.874341867362746,8.452867235964785
evreg2,wind_direction,-2.148368194943738,119.919483881655,-.0062214696990362,-.0585175011549908,-.0029241092035408,.0307732234043585,-.0143294990563426,.0450490252221028,-.0445502099996326,.0256740647879843,-.0216571401175431,0,.0484690355539127,.0060933609545074,-.3129230854980011,-.0332054858033107,-.0001618159235763,-.0305777436094037,-.0392086170782534,-.0331600855945949,-.0811736735123406,-.0253126083378328,-.0666246205982579,-.0472159854607949,-.009569278495464,-.0033580665759043,-.0130345322759262,.002159988216118,-.0014641946983392,-.0053661729448595,-.0096195793289517,-.0085032255111096,-.0109192058950643,-.0516157735493204,.0252521682466946,.0089689932721642,.0182441301336784,-.0058468101123791,.0026442566043142,.0130422090742017,.0223934949885658,.0201451044724355,.0153336717796264
evreg2,av_wind_speed,151.5538087959481,119.919483881655,-2.114467571056438,1.663748634483087,-.4138168750819728,-2.202120269016675,.6718305533331728,-1.945321190918798,4.269017029779548,.7277238861112775,4.047395584391347,0,-5.281572347293054,-.3129230854980011,32.00855283758131,1.801040502787113,-1.660460780516767,.211107322646414,1.781733919750048,1.517804029380757,3.502140045224646,.4669074569988249,4.056403935973456,1.449445366249972,1.335184039339018,.1951559220116242,.9335731177599679,.2232352183411454,.7088453427581795,1.222624665998648,1.283789212797764,1.48429308127199,1.058619933152636,3.322876098499963,-1.929604578987264,-.6605403776322849,-1.046431868717772,.2424036620870833,.0417814149973557,-.6182018954494524,-.5058540820371586,-.9842039607565499,-.1982495356633675
evreg2,1bn.relative_year_bin_aux#1.treat,22.48779207298557,119.919483881655,-42.10377641308003,-17.37743660722287,-4.157481822441546,-5.336329468017207,-7.269359239662021,-5.663081358212144,-7.867668695779996,-6.273193534564915,-6.485538248491326,0,-3.002985292659137,-.0332054858033107,1.801040502787113,87.65732556022763,29.94867890036056,19.60123663465448,13.50450994179621,15.89097488993482,13.47075352783003,17.6056108403967,14.20531976141442,14.78302510609499,11.15841671487297,2.335161035833739,1.981956239139837,2.321848781230152,1.678604183431253,2.50066361137559,2.538222455890591,2.557957083686831,2.474377236623716,5.554576795411589,-36.12936406873858,-9.217449103667663,-6.603952717698337,-4.062750298923512,-3.751487993719791,-5.426950921555347,-5.173804138003174,-5.519303368995581,-5.391000320795324
evreg2,2.relative_year_bin_aux#1.treat,16.4249011282726,119.919483881655,-19.30587615186099,-38.86213460504432,-8.157964445872794,-8.428504273132987,-9.693043601044462,.0616727645871179,-7.172781730671433,-6.043694389584257,-5.856052998089619,0,-1.054726070661495,-.0001618159235763,-1.660460780516767,29.94867890036056,78.40044961962685,27.50220247494835,18.94846628112225,24.41263342694905,9.360018171201713,22.07513700744767,19.39912881931797,19.10548131450037,1.715468388105524,5.60288805145412,1.709793553075668,1.168222437969618,1.911683673755955,.215975046829288,.8825825456780898,.9018716269597011,.9598145948264724,4.956969166940669,-7.313649078224774,-14.83371911042103,-7.127060501844274,-2.329314542301887,-4.680460688718361,-3.81734525660436,-4.171499584839601,-4.631973577573453,-4.626117939494455
evreg2,3.relative_year_bin_aux#1.treat,1.920744171923891,119.919483881655,-3.836948519741492,-7.85987053510362,-22.95593850290256,-6.873489733672612,-5.05947604571218,-4.794498338633375,-3.970365453265007,-4.820930434370418,-4.773047388920095,0,-3.146008386768283,-.0305777436094037,.211107322646414,19.60123663465448,27.50220247494835,49.20840689474507,19.50429731600345,16.33011942633597,17.43272746978075,16.84808856411868,17.72382974519485,17.51608020590021,3.720724041982659,3.209749139632578,6.564231538835615,2.138170660626555,2.469164476804794,2.306591101323773,2.246534577301388,2.670291962019893,2.6446246669536,7.141622052710228,-9.923960183919732,-9.835340478326545,-13.55047313319595,-5.528973257382908,-5.791987036869102,-5.951416996470813,-5.319879506859207,-6.731333974411883,-6.607055116008982
evreg2,4.relative_year_bin_aux#1.treat,13.16578269306796,119.919483881655,-5.260584424884104,-8.174652178348074,-6.73045949388133,-13.5074333242784,-6.086564810807533,-6.851433907111995,-6.301310054706321,-6.173136011791028,-6.690928138782813,0,-2.172464518767332,-.0392086170782534,1.781733919750048,13.50450994179621,18.94846628112225,19.50429731600345,28.25310644833853,14.16294631313215,15.84149912948554,15.7944129524366,15.17271150242097,15.6443144531551,1.535551765185503,1.133559835075293,1.465612407130837,3.523108878648431,1.837305904689429,1.794356705506342,1.839574715830464,1.58102460338622,1.785739347257402,4.16819356102415,-2.962373663868689,-2.524492671032744,-4.273946205265217,-6.6659597718394,-2.700856426029723,-3.426642655296658,-3.146225073702016,-3.689106604513219,-3.774835436198308
evreg2,6.relative_year_bin_aux#1.treat,9.596682186124719,119.919483881655,-8.671555246698585,-11.97241327718791,-6.26971805796654,-6.639297207266972,-15.92917586924877,-4.716730910247589,-3.480366464221257,-5.482710243363996,-4.482262209298653,0,-3.299975246616382,-.0331600855945949,1.517804029380757,15.89097488993482,24.41263342694905,16.33011942633597,14.16294631313215,34.10536601939284,13.73660412462893,14.41886217480289,15.95754998953867,13.82911349527204,1.890013588504537,1.741365403470236,2.579727822508264,2.244722182345579,7.807799024401569,3.748055750198755,3.185176231991831,3.901717500923382,2.934531343103685,6.335771995113325,-3.80375246216839,-4.954242093564202,-5.353829636019714,-4.388501944999465,-16.53890803429506,-8.156862930251886,-7.751073474180175,-8.673417109459502,-7.134594381118521
evreg2,7.relative_year_bin_aux#1.treat,16.46625473390599,119.919483881655,-4.910951157852555,-1.011551627749909,-5.756007111216359,-7.182074202100805,-6.433704944120265,-22.57888277758487,-9.420052978117727,-5.556944803988396,-8.111551589839005,0,-5.190415949682922,-.0811736735123406,3.502140045224646,13.47075352783003,9.360018171201713,17.43272746978075,15.84149912948554,13.73660412462893,38.9927223038564,16.60072715759913,12.71318439863831,16.03645160015283,2.840248384890655,.6928027380315945,2.213053362918247,2.165370899726211,3.284794646455318,9.90786237977828,6.006521105047979,5.62263955323802,5.96524731145823,7.764562934199391,-4.27488979506874,-2.191348014018243,-4.812250992406349,-4.349185725001378,-7.899889422469768,-17.71852152437751,-9.327305635141569,-9.957649681934619,-9.983321164592644
evreg2,8.relative_year_bin_aux#1.treat,13.18774711850421,119.919483881655,-7.026039478952048,-7.982058323535619,-5.052612519661133,-6.745383554929121,-8.040289586226999,-13.92171661162818,-37.74298434867865,-17.29179477082261,-16.88876927387843,0,-4.034484118676508,-.0253126083378328,.4669074569988249,17.6056108403967,22.07513700744767,16.84808856411868,15.7944129524366,14.41886217480289,16.60072715759913,51.80528701185656,19.05071390186664,19.34787161351107,2.367228975782526,.6297267627905251,1.119396953312586,2.193094688385558,3.012678710772653,5.014026282461109,8.682148070558604,4.561518532180139,4.24444190237447,7.383486800666806,-3.886176809022681,-2.114832034891893,-3.126187849956521,-3.693479783491992,-6.115048260966424,-8.871566559603538,-14.65487071634792,-9.389172327265154,-9.976489134314033
evreg2,9.relative_year_bin_aux#1.treat,24.77871537850868,119.919483881655,-6.170245118594369,-7.490933249875222,-6.396873430390519,-6.609995789518513,-7.752512660162927,-5.806722750452647,-10.46394644150806,-22.87885082542245,-14.46617277169524,0,-5.81830810580435,-.0666246205982579,4.056403935973456,14.20531976141442,19.39912881931797,17.72382974519485,15.17271150242097,15.95754998953867,12.71318439863831,19.05071390186664,41.40084630237936,27.66003016406533,3.176716697497709,1.661695576003098,2.223387099017321,1.977942637090607,3.985382376889953,4.886620688779761,5.20794340759925,8.938887990282227,7.835802483962801,9.305425697276712,-4.850711689813085,-3.453038373182685,-4.573926502139604,-4.046306239319894,-7.197925235718276,-10.84392695269693,-9.486762863253325,-16.56905749475619,-14.25065432219976
evreg2,10.relative_year_bin_aux#1.treat,10.9746944794866,119.919483881655,-5.740948466781915,-7.05193968475768,-6.366618263288914,-7.172870258319533,-6.928338080536191,-8.885596329647207,-10.51346516445702,-14.96051678342323,-23.49492375642981,0,-5.374711633579627,-.0472159854607949,1.449445366249972,14.78302510609499,19.10548131450037,17.51608020590021,15.6443144531551,13.82911349527204,16.03645160015283,19.34787161351107,27.66003016406533,44.66845543181116,3.028293908189487,1.652361875375663,2.20282674596957,2.183283239173902,3.388063091023305,6.009969879506124,6.01159570259685,7.57318830696448,11.3608885181923,9.733950631301163,-5.240459518970854,-3.558833866915168,-4.718272536896881,-4.209217859257123,-5.446189161385608,-10.63304886100562,-10.75172538521091,-14.14321661755853,-19.19664123465124
evreg2,1bn.relative_year_bin_aux#1.downup_ac_pop,3.368095434506484,119.919483881655,-10.65927158852844,-1.557746986108753,-3.717591904613724,-1.512459034724892,-1.680418771378182,-2.537369324989754,-1.981228534222771,-2.778513258044707,-2.63531123453517,0,-6.191780062507775,-.009569278495464,1.335184039339018,11.15841671487297,1.715468388105524,3.720724041982659,1.535551765185503,1.890013588504537,2.840248384890655,2.367228975782526,3.176716697497709,3.028293908189487,18.06520007307186,5.516298356612185,4.347692630980886,3.180216347892269,3.013482723026613,4.558096676253365,4.47225043527484,5.254533177132386,5.130459069265204,6.143790180359291,-17.97408217305107,-5.480394146405075,-4.326330271008501,-3.181922883049494,-3.000420350019842,-4.554475389582122,-4.47348186295858,-5.265368499761448,-5.12893448481285
evreg2,2.relative_year_bin_aux#1.downup_ac_pop,2.459392531343704,119.919483881655,-1.818531520573568,-5.338547953575414,-3.15037495301227,-1.110394495059091,-1.589680616208326,-.4326134882526045,-.2447161639358587,-1.231307582829842,-1.266421495882264,0,-3.388813022325649,-.0033580665759043,.1951559220116242,2.335161035833739,5.60288805145412,3.209749139632578,1.133559835075293,1.741365403470236,.6928027380315945,.6297267627905251,1.661695576003098,1.652361875375663,5.516298356612185,12.0656538407915,4.030840944807462,2.485340976828545,3.014627801844818,1.146329769262112,2.150345189328887,2.953156583607593,2.940024675698092,3.370967389490898,-5.475260790291698,-12.03894678579278,-4.014273732767481,-2.477642417144635,-3.001555043326269,-1.130838748264522,-2.145438362201788,-2.962670013304985,-2.936282067925323
evreg2,3.relative_year_bin_aux#1.downup_ac_pop,2.226116870925617,119.919483881655,-1.682209172244316,-1.582170056029116,-6.510373247040438,-1.4562796037564,-2.531932966249612,-2.120460864665024,-.9202969064494713,-1.99597293591367,-1.974331594249648,0,-3.786939122767667,-.0130345322759262,.9335731177599679,1.981956239139837,1.709793553075668,6.564231538835615,1.465612407130837,2.579727822508264,2.213053362918247,1.119396953312586,2.223387099017321,2.20282674596957,4.347692630980886,4.030840944807462,9.43576446178391,2.911705373456481,3.595658240041185,3.086853960217423,2.525169059225102,3.377719094506367,3.387312047950652,3.71064614420804,-4.337132989213947,-4.024743761799932,-9.429985394050703,-2.912622910026914,-3.588891410379027,-3.08270974025101,-2.523556531981423,-3.371767066359558,-3.378638005417925
evreg2,4.relative_year_bin_aux#1.downup_ac_pop,.6502951512001588,119.919483881655,-2.231424132136584,-1.160110697932791,-2.077566301106808,-3.516279202109717,-2.417527908530962,-2.385689613778946,-2.476016144338586,-2.275258366285645,-2.501276964465524,0,-3.287024724513884,.002159988216118,.2232352183411454,2.321848781230152,1.168222437969618,2.138170660626555,3.523108878648431,2.244722182345579,2.165370899726211,2.193094688385558,1.977942637090607,2.183283239173902,3.180216347892269,2.485340976828545,2.911705373456481,5.353394558482214,3.070367286318227,3.00859928604244,2.725420871645812,2.962716819243953,3.150421473816981,3.290372971038583,-3.17951347358739,-2.483330183921452,-2.908705033784493,-5.353577611811282,-3.064669731548471,-3.002200868087799,-2.718133893571129,-2.957112336862361,-3.146064288307692
evreg2,6.relative_year_bin_aux#1.downup_ac_pop,4.454909340764708,119.919483881655,-1.685838666294007,-1.966110631785255,-2.424178457922201,-1.830111227792555,-7.695027365366345,-3.157841502598343,-2.91900328103417,-3.869534602813413,-3.307168477999729,0,-4.988220190759168,-.0014641946983392,.7088453427581795,1.678604183431253,1.911683673755955,2.469164476804794,1.837305904689429,7.807799024401569,3.284794646455318,3.012678710772653,3.985382376889953,3.388063091023305,3.013482723026613,3.014627801844818,3.595658240041185,3.070367286318227,12.33613494405285,6.128007008492802,5.478126464522973,6.456461211873526,5.879331741581371,4.95679308784247,-3.017236539058522,-3.019377592989839,-3.594838233958025,-3.067907605650718,-12.32293042545546,-6.11588348789136,-5.46544617332685,-6.441822192879434,-5.863182564830161
evreg2,7.relative_year_bin_aux#1.downup_ac_pop,2.162166947049117,119.919483881655,-2.155292946352921,-.0957265440756125,-2.154087648206173,-1.767247646395771,-4.019423804681047,-10.20472317805257,-5.343274331262855,-5.213669688544671,-6.311218918981924,0,-7.517872552202147,-.0053661729448595,1.222624665998648,2.50066361137559,.215975046829288,2.306591101323773,1.794356705506342,3.748055750198755,9.90786237977828,5.014026282461109,4.886620688779761,6.009969879506124,4.558096676253365,1.146329769262112,3.086853960217423,3.00859928604244,6.128007008492802,16.21147761113891,9.004484714799473,9.252449713781152,10.20490556488306,7.470653658386103,-4.555496809836219,-1.157524073393381,-3.082314290968388,-3.007807775981228,-6.118264118867954,-16.20264284872787,-8.987924309125683,-9.230542062825288,-10.17808778971122
evreg2,8.relative_year_bin_aux#1.downup_ac_pop,-.1930248987092692,119.919483881655,-2.242961191590924,-.7416298969593264,-2.110963970983164,-1.818801650127368,-3.306186796557355,-6.237367692483049,-8.954336906984183,-5.442826698394225,-6.254954103489029,0,-7.608717288642954,-.0096195793289517,1.283789212797764,2.538222455890591,.8825825456780898,2.246534577301388,1.839574715830464,3.185176231991831,6.006521105047979,8.682148070558604,5.20794340759925,6.01159570259685,4.47225043527484,2.150345189328887,2.525169059225102,2.725420871645812,5.478126464522973,9.004484714799473,15.79671068305151,10.19632629900713,10.46926402588916,7.533495857814453,-4.474019324033973,-2.160006829395665,-2.524349107747557,-2.728051357575626,-5.470186947511512,-8.994753456450743,-15.77679233106851,-10.17047754287858,-10.44306333711271
evreg2,9.relative_year_bin_aux#1.downup_ac_pop,.3213013379662694,119.919483881655,-2.52080483331252,-1.054372362660091,-2.647188999078983,-1.578927641124656,-3.708373717931432,-5.35193159537482,-4.316519324518961,-8.713687561014272,-7.371778856449628,0,-8.810851781888664,-.0085032255111096,1.48429308127199,2.557957083686831,.9018716269597011,2.670291962019893,1.58102460338622,3.901717500923382,5.62263955323802,4.561518532180139,8.938887990282227,7.57318830696448,5.254533177132386,2.953156583607593,3.377719094506367,2.962716819243953,6.456461211873526,9.252449713781152,10.19632629900713,16.18547562588683,14.01940787993705,8.745367199737126,-5.253694927620793,-2.968424650447317,-3.380393948880144,-2.964890153684629,-6.448179370446312,-9.244874065960445,-10.17877233383525,-16.15912162868159,-13.99102675991879
evreg2,10.relative_year_bin_aux#1.downup_ac_pop,-1.270987104379564,119.919483881655,-2.399125993007412,-.9598396458531632,-2.653380773543486,-1.783274203058578,-2.914804167819514,-5.894527398278901,-4.25080467930772,-7.925397464821282,-11.51401031882493,0,-8.435997255321579,-.0109192058950643,1.058619933152636,2.474377236623716,.9598145948264724,2.6446246669536,1.785739347257402,2.934531343103685,5.96524731145823,4.24444190237447,7.835802483962801,11.3608885181923,5.130459069265204,2.940024675698092,3.387312047950652,3.150421473816981,5.879331741581371,10.20490556488306,10.46926402588916,14.01940787993705,20.73931967026911,8.358197525813198,-5.133545061908196,-2.961128239766173,-3.395749350043834,-3.153651552956581,-5.882056171367923,-10.19691723740741,-10.45344733291514,-13.98938995646069,-20.71049028787399
evreg2,1.treat#1.downup_ac_pop,14.14940832476499,119.919483881655,-2.221136574906363,-.6938055650293238,-2.645459180294734,-1.901945826614942,-3.004230057509811,-4.758908612909069,-3.643218973899076,-5.331134216185381,-4.983167593457434,0,-12.57254044960623,-.0516157735493204,3.322876098499963,5.554576795411589,4.956969166940669,7.141622052710228,4.16819356102415,6.335771995113325,7.764562934199391,7.383486800666806,9.305425697276712,9.733950631301163,6.143790180359291,3.370967389490898,3.71064614420804,3.290372971038583,4.95679308784247,7.470653658386103,7.533495857814453,8.745367199737126,8.358197525813198,26.24102121487175,-12.21325921997257,-7.738717019100511,-10.28994175821771,-8.437743464853769,-11.18236884885621,-15.47106466961062,-15.51333423250315,-18.03794200867149,-17.58984592766896
evreg2,1bn.relative_year_bin_aux#1.treat#1.downup_ac_pop,-8.282841402017738,119.919483881655,12.24134344251385,2.651984961456502,3.983003119589611,1.55203472719498,2.176501973838586,3.080919800821724,2.47141390830171,3.323634520038663,3.338159217813964,0,6.221850158665124,.0252521682466946,-1.929604578987264,-36.12936406873858,-7.313649078224774,-9.923960183919732,-2.962373663868689,-3.80375246216839,-4.27488979506874,-3.886176809022681,-4.850711689813085,-5.240459518970854,-17.97408217305107,-5.475260790291698,-4.337132989213947,-3.17951347358739,-3.017236539058522,-4.555496809836219,-4.474019324033973,-5.253694927620793,-5.133545061908196,-12.21325921997257,58.85843349780051,19.18497490067272,14.41498873355222,9.486783508340235,7.351319654519205,10.33138068413332,9.627317523395533,11.09340190813392,10.23934596802316
evreg2,2.relative_year_bin_aux#1.treat#1.downup_ac_pop,-3.341335724856734,119.919483881655,2.846585321274398,5.992159475169721,3.413917746021402,1.102359318978836,1.626872139754199,.5499776790201419,.3015135974810312,1.337780026293462,1.308444422799288,0,3.402830428598135,.0089689932721642,-.6605403776322849,-9.217449103667663,-14.83371911042103,-9.835340478326545,-2.524492671032744,-4.954242093564202,-2.191348014018243,-2.114832034891893,-3.453038373182685,-3.558833866915168,-5.480394146405075,-12.03894678579278,-4.024743761799932,-2.483330183921452,-3.019377592989839,-1.157524073393381,-2.160006829395665,-2.968424650447317,-2.961128239766173,-7.738717019100511,19.18497490067272,34.41302564261219,13.32133960812337,5.787897456758206,8.117291984409732,4.634061269863103,5.87601687597529,7.583494067751942,6.657642670447371
evreg2,3.relative_year_bin_aux#1.treat#1.downup_ac_pop,-2.076384672843945,119.919483881655,2.694220279993128,2.405262296702884,6.798431585805567,1.468148277512834,2.616853176254471,2.154572661706376,.8402604770183919,2.02723883837523,2.043143236020536,0,3.791580259238155,.0182441301336784,-1.046431868717772,-6.603952717698337,-7.127060501844274,-13.55047313319595,-4.273946205265217,-5.353829636019714,-4.812250992406349,-3.126187849956521,-4.573926502139604,-4.718272536896881,-4.326330271008501,-4.014273732767481,-9.429985394050703,-2.908705033784493,-3.594838233958025,-3.082314290968388,-2.524349107747557,-3.380393948880144,-3.395749350043834,-10.28994175821771,14.41498873355222,13.32133960812337,24.01709203182489,9.100171800300688,9.831898198405371,9.697099689674205,7.784660955451137,9.765646101651214,9.215165710206714
evreg2,4.relative_year_bin_aux#1.treat#1.downup_ac_pop,-.0243072980801677,119.919483881655,2.297279304588303,1.195308446328463,2.113062950647939,3.533346150506181,2.469107445819947,2.336732758124011,2.354465096335582,2.15171479152532,2.387917333675245,0,3.257668318379414,-.0058468101123791,.2424036620870833,-4.062750298923512,-2.329314542301887,-5.528973257382908,-6.6659597718394,-4.388501944999465,-4.349185725001378,-3.693479783491992,-4.046306239319894,-4.209217859257123,-3.181922883049494,-2.477642417144635,-2.912622910026914,-5.353577611811282,-3.067907605650718,-3.007807775981228,-2.728051357575626,-2.964890153684629,-3.153651552956581,-8.437743464853769,9.486783508340235,5.787897456758206,9.100171800300688,15.52009370893001,7.567286095981227,8.42282985673658,6.892853289592082,7.627820711644281,7.900235895100496
evreg2,6.relative_year_bin_aux#1.treat#1.downup_ac_pop,-2.349481152451977,119.919483881655,1.545674537848795,1.751820058414335,2.259757931952519,1.765789822191609,7.925017083914005,3.597340698847253,3.584900667318328,4.799200384270831,4.371558451127056,0,4.98160203292352,.0026442566043142,.0417814149973557,-3.751487993719791,-4.680460688718361,-5.791987036869102,-2.700856426029723,-16.53890803429506,-7.899889422469768,-6.115048260966424,-7.197925235718276,-5.446189161385608,-3.000420350019842,-3.001555043326269,-3.588891410379027,-3.064669731548471,-12.32293042545546,-6.118264118867954,-5.470186947511512,-6.448179370446312,-5.882056171367923,-11.18236884885621,7.351319654519205,8.117291984409732,9.831898198405371,7.567286095981227,29.59426513191881,14.57814170336148,14.30101384451088,14.8029924241406,14.7477120041403
evreg2,7.relative_year_bin_aux#1.treat#1.downup_ac_pop,-1.452244286748973,119.919483881655,1.76465028382331,-.1817447798458763,1.893181889732931,1.688674190154247,4.442038137337192,10.77308900250745,5.913262266578802,5.927274401990713,7.048957017457932,0,7.544936454576643,.0130422090742017,-.6182018954494524,-5.426950921555347,-3.81734525660436,-5.951416996470813,-3.426642655296658,-8.156862930251886,-17.71852152437751,-8.871566559603538,-10.84392695269693,-10.63304886100562,-4.554475389582122,-1.130838748264522,-3.08270974025101,-3.002200868087799,-6.11588348789136,-16.20264284872787,-8.994753456450743,-9.244874065960445,-10.19691723740741,-15.47106466961062,10.33138068413332,4.634061269863103,9.697099689674205,8.42282985673658,14.57814170336148,34.19469706527639,18.56025484454631,20.91159250569966,19.32008687617986
evreg2,8.relative_year_bin_aux#1.treat#1.downup_ac_pop,2.131755746984712,119.919483881655,1.914347183585123,.4745320838895666,1.901568622418829,1.729940840042876,3.733325247907059,6.878823117140439,9.617374544816551,6.279021574600669,7.158862471588364,0,7.669081887904224,.0223934949885658,-.5058540820371586,-5.173804138003174,-4.171499584839601,-5.319879506859207,-3.146225073702016,-7.751073474180175,-9.327305635141569,-14.65487071634792,-9.486762863253325,-10.75172538521091,-4.47348186295858,-2.145438362201788,-2.523556531981423,-2.718133893571129,-5.46544617332685,-8.987924309125683,-15.77679233106851,-10.17877233383525,-10.45344733291514,-15.51333423250315,9.627317523395533,5.87601687597529,7.784660955451137,6.892853289592082,14.30101384451088,18.56025484454631,30.55090157493942,21.30087011806064,21.12406007909584
evreg2,9.relative_year_bin_aux#1.treat#1.downup_ac_pop,.3079795535539771,119.919483881655,2.091713666694968,.7262702683745661,2.407819538634273,1.483664639942193,4.265902599630025,6.128813684933876,5.064892530223655,9.532763979781551,8.177172200345947,0,8.874341867362746,.0201451044724355,-.9842039607565499,-5.519303368995581,-4.631973577573453,-6.731333974411883,-3.689106604513219,-8.673417109459502,-9.957649681934619,-9.389172327265154,-16.56905749475619,-14.14321661755853,-5.265368499761448,-2.962670013304985,-3.371767066359558,-2.957112336862361,-6.441822192879434,-9.230542062825288,-10.17047754287858,-16.15912162868159,-13.98938995646069,-18.03794200867149,11.09340190813392,7.583494067751942,9.765646101651214,7.627820711644281,14.8029924241406,20.91159250569966,21.30087011806064,34.29178162897345,27.68780727699012
evreg2,10.relative_year_bin_aux#1.treat#1.downup_ac_pop,4.773152760056912,119.919483881655,2.06205355255234,.6882492662894281,2.481841139895333,1.692046906939926,3.283247200093011,6.52112678863095,5.048859607434109,8.918377619284273,12.60116291278141,0,8.452867235964785,.0153336717796264,-.1982495356633675,-5.391000320795324,-4.626117939494455,-6.607055116008982,-3.774835436198308,-7.134594381118521,-9.983321164592644,-9.976489134314033,-14.25065432219976,-19.19664123465124,-5.12893448481285,-2.936282067925323,-3.378638005417925,-3.146064288307692,-5.863182564830161,-10.17808778971122,-10.44306333711271,-13.99102675991879,-20.71049028787399,-17.58984592766896,10.23934596802316,6.657642670447371,9.215165710206714,7.900235895100496,14.7477120041403,19.32008687617986,21.12406007909584,27.68780727699012,42.94902436951341
evreg3,1bn.relative_year_bin_aux,-12.21145119654643,119.919483881655,34.73681536181606,18.13221206005728,5.159645098138534,5.424462158052617,4.847511185080908,1.835021482480142,2.496267037230989,1.750900654719038,1.423021759298443,0,0,-.0013627275974918,-1.840363861429205,-28.64412902371993,-14.72287502373712,-3.724338228572234,-4.820235160141758,-6.801267477951709,-4.79321107569962,-5.844798457374013,-4.678185433988046,-4.28417492936498,-13.25147135071202,-1.491488425124445,-6.421926304495685,-5.24052781842673,-2.442199072184057,-6.437719645704324,-6.404406814375133,-3.777454062775881,-3.609405004004643,0,13.04809063553303,3.257634695270898,6.695852441237839,5.157518121822823,2.595976228619687,6.172972066668829,6.61141929896892,3.973297665030937,3.599963398021044
evreg3,2.relative_year_bin_aux,-.7076536550032539,119.919483881655,18.13221206005728,32.43912520467121,8.990163976690832,6.616747191025454,5.908947235710194,-1.272142327289511,2.821327014647878,2.083009806384364,1.815143830954199,0,0,-.0291243028924248,1.052053376362296,-12.53221563140643,-29.11956834115019,-7.456528360756173,-6.148712388860544,-8.497706974483394,-2.489467787603355,-7.090647803860715,-6.024499362865356,-5.706710161483667,-4.607030351828837,-20.70958708248495,-9.178331092182978,-6.312714758024526,-5.877408712754814,-4.056853071913399,-8.119293900597397,-5.434333138592646,-5.659483710389326,0,4.112749473828613,21.78438447525236,9.745526455982546,6.51811879155597,6.230771704157206,3.97093086084131,8.473232647258556,5.883058360698433,5.74164410863365
evreg3,3.relative_year_bin_aux,2.971703318857553,119.919483881655,5.159645098138534,8.990163976690832,22.58507356377864,5.512155350544116,5.838546168595925,4.259565770429295,2.783326224054094,3.690835380537794,3.599589494462773,0,0,-.0047915762073169,-.2196925769213552,-3.572946984886622,-7.516665831972299,-21.73813695144835,-5.252944145501568,-7.351046597151538,-6.583245717677527,-5.734211366389963,-6.444519823954962,-6.094144694396372,-3.419681172056089,-5.712970662995115,-22.84959744069332,-5.207024009036635,-8.113364947190471,-9.048695401454948,-7.586341583593354,-7.383660271204802,-7.129236281932592,0,3.066195522351336,6.296347783169773,23.25816111263434,5.366374205059969,8.238198326511139,8.936935491650164,8.007937820858999,7.714381353691418,7.218320605030317
evreg3,4.relative_year_bin_aux,-5.717924428550853,119.919483881655,5.424462158052617,6.616747191025454,5.512155350544116,10.63474404235689,4.769826480959132,4.725744061325,4.972747250869244,4.226050882690338,4.477540658582696,0,0,.0195902046959097,-1.555649224462554,-4.908024547949251,-6.256329014506132,-5.34008195585194,-10.44174722204437,-5.306109014245441,-5.376718891530042,-5.895029148671219,-5.134034261551833,-5.418229112274219,-4.551731590890697,-5.704345459101856,-5.192387021575319,-10.25097267146093,-5.038670849859022,-5.84999493483548,-7.241317868259785,-5.357696870205551,-5.405105693586255,0,4.507763122684166,5.802748581042677,5.210459464906885,10.16564030604142,5.03292358743172,5.634972720926728,7.064534500590808,5.292180138792698,5.343676168356416
evreg3,6.relative_year_bin_aux,8.252582689873499,119.919483881655,4.847511185080908,5.908947235710194,5.838546168595925,4.769826480959132,17.48277863809849,10.80873957589703,11.60917999515374,12.66155572038952,11.56615418627984,0,0,-.0191461925979412,1.182708651444076,-6.122187285758246,-7.210913660238849,-6.53045968226696,-4.967677344683492,-14.38369739088841,-6.221794259831928,-5.576606256715645,-6.391831881921126,-5.302186100978144,-5.670924583222205,-9.695419024261055,-9.496823348428224,-5.552922694107429,-16.94476052665183,-6.257054113921388,-1.195863270973371,-6.073526528029157,-4.510125063136349,0,5.915975340265235,9.140316847736468,9.366085763058493,5.908417186013947,17.26531748779761,7.141007926478759,1.575199430525377,6.025647103245752,4.927878307807512
evreg3,7.relative_year_bin_aux,-.2616557882102808,119.919483881655,1.835021482480142,-1.272142327289511,4.259565770429295,4.725744061325,10.80873957589703,25.51942262251757,17.29503780214958,15.01102132446371,16.89602725765723,0,0,.0099377467887393,.1965318729085364,-4.665705202462793,-1.464406518444296,-5.534083403369598,-5.177382349907378,-6.048338261735603,-18.0500678704987,-7.34760184315263,-3.792917507512429,-5.732747131389411,-4.522261029370863,-4.679071237457389,-8.551784097440077,-5.777676418686652,-9.279397181788358,-17.67539540931786,-.1523184999854303,-3.691526551404268,-4.802879797447592,0,4.727005213446629,3.506772816575309,8.365076893512081,6.180104487844483,9.723095108147444,19.11269532032376,.8530494883533638,3.13500883036734,4.684648708494102
evreg3,8.relative_year_bin_aux,9.698642271330653,119.919483881655,2.496267037230989,2.821327014647878,2.783326224054094,4.972747250869244,11.60917999515374,17.29503780214958,43.6877003503171,24.90627969239582,25.27479357174626,0,0,-.0357105164696376,4.176334834220965,-5.633699356363899,-6.177419688040781,-4.4645579965916,-5.576821262841841,-4.585024047331109,-6.372736593261486,-27.8906766084434,-6.104956601412986,-6.002499551769136,-4.265837143205642,-8.708850896081492,-7.041668914144258,-6.39459059375933,-9.385966191132249,-6.398076817299275,-17.37299745500443,-6.193246579023974,-6.052534789231705,0,4.707804863353063,7.72245759169787,7.132597707736935,6.985009063241828,9.922080879589524,8.764866021969922,18.48991904641577,4.916790011954562,4.737856528817073
evreg3,9.relative_year_bin_aux,-1.561534667966675,119.919483881655,1.750900654719038,2.083009806384364,3.690835380537794,4.226050882690338,12.66155572038952,15.01102132446371,24.90627969239582,35.70054485942108,28.16322835173231,0,0,.0012269502814187,1.890572689263504,-4.211472036053396,-4.808470408747387,-5.028138840975102,-4.848014466561615,-6.341660957114872,-5.02974750461572,-9.871588873891245,-16.30212219502881,-7.83569292090206,-3.119547010472951,-7.977327813424663,-8.023864640185817,-5.299329113998207,-10.89213726433378,-4.581156965302074,2.882525994940029,-16.31420609094785,-8.14155786882692,0,3.404469478946191,6.525048961932662,7.89804486168994,5.925353222866388,11.62092043645288,7.095484031058382,-1.565536834742407,14.42556041860298,5.606512859412197
evreg3,10.relative_year_bin_aux,8.786826107475058,119.919483881655,1.423021759298443,1.815143830954199,3.599589494462773,4.477540658582696,11.56615418627984,16.89602725765723,25.27479357174626,28.16322835173231,35.41700452154465,0,0,-.0285932628297856,4.178083031705615,-4.203842915135305,-4.813759209144313,-4.764301508851921,-5.004726137582703,-4.934034001791232,-6.630148580724435,-9.837323088527837,-8.070950621431281,-13.84974895020633,-2.733535896747437,-7.823083406859236,-7.584195946765434,-5.007057265551278,-9.363734220211322,-5.396922420094491,4.522224785335857,-6.063188133450739,-12.8219769804022,0,2.86900861752265,6.431464337090988,7.583822475774015,5.69635244425396,10.21030632730189,8.361688882607526,-2.564802648511761,4.723840191402629,10.54265603011437
evreg3,1o.treat,0,119.919483881655,0,0,0,0,0,0,0,0,0,0,0,0,0,0,0,0,0,0,0,0,0,0,0,0,0,0,0,0,0,0,0,0,0,0,0,0,0,0,0,0,0
evreg3,1o.rice_area_aclvl_ahigh,0,119.919483881655,0,0,0,0,0,0,0,0,0,0,0,0,0,0,0,0,0,0,0,0,0,0,0,0,0,0,0,0,0,0,0,0,0,0,0,0,0,0,0,0,0
evreg3,wind_direction,-2.148054798518401,119.919483881655,-.0013627275974918,-.0291243028924248,-.0047915762073169,.0195902046959097,-.0191461925979412,.0099377467887393,-.0357105164696376,.0012269502814187,-.0285932628297856,0,0,.0060897573763418,-.3123795117438037,-.0061844587153034,-.0028889823152675,-.0091986512727749,-.0238206952445204,-.0281329451414675,-.0285508904807851,-.0179385636047923,-.0177989441615959,-.011070175371361,-.0100319964232897,-.0667095340946208,.0060860970250629,.0242957393405059,.0082914374713549,.0663857070894491,-.0358893364208923,.0295372062197857,-.0040073868716775,0,-.0410266115129457,.0126694919687425,-.0432855189293504,-.0381483249093153,-.0110623418406053,-.1027852029626485,.01127130492626,-.0754663485168491,-.0623321081096065
evreg3,av_wind_speed,151.580316320078,119.919483881655,-1.840363861429205,1.052053376362296,-.2196925769213552,-1.555649224462554,1.182708651444076,.1965318729085364,4.176334834220965,1.890572689263504,4.178083031705615,0,0,-.3123795117438037,31.93814347190908,1.562407150814864,-.3198137101618812,.2677862063279682,1.371864935065525,1.791477390190477,1.617054374777132,.3776979090944371,1.574836779180899,.6296563792953782,.4304497428732349,1.403375470074487,-.0814925621117306,-1.073803708580807,-.3204649918890036,-3.154033930382838,1.887339527864492,-.3368805388433567,1.175621787388762,0,-1.591101638275974,-4.126153881270701,-.7860345960823156,1.055517597914346,-.5601942382711168,3.505344651944753,-.2833501136991017,4.299430360358111,1.748002500598371
evreg3,1bn.relative_year_bin_aux#1.treat,17.63552763689102,119.919483881655,-28.64412902371993,-12.53221563140643,-3.572946984886622,-4.908024547949251,-6.122187285758246,-4.665705202462793,-5.633699356363899,-4.211472036053396,-4.203842915135305,0,0,-.0061844587153034,1.562407150814864,77.78778523340227,32.37734204542056,23.11229542791187,19.55222007084892,18.42357195799348,16.86436858503183,19.97683780141429,16.37162362924853,16.25099423196156,14.71082452954589,3.386909411702348,5.052200668152428,5.426379250198265,4.375096082756434,6.023268173953098,4.863851946678716,3.766701680964203,3.098261906201264,0,-68.44424757799011,-25.40749270256922,-24.52204166129984,-20.14057817636064,-16.21665859255883,-17.79323381786073,-18.55033168367953,-15.46009904327688,-15.05231718607798
evreg3,2.relative_year_bin_aux#1.treat,12.29984724891213,119.919483881655,-14.72287502373712,-29.11956834115019,-7.516665831972299,-6.256329014506132,-7.210913660238849,-1.464406518444296,-6.177419688040781,-4.808470408747387,-4.813759209144313,0,0,-.0028889823152675,-.3198137101618812,32.37734204542056,78.41566705970496,29.5369197977235,22.44789491867908,23.29322535239019,12.17282299812042,23.08717259912274,19.5931466999215,18.87661463455476,5.808634023311487,21.41448783011064,8.419662370782257,6.24262331737103,6.770372256729273,3.482803770763784,6.524299914655727,5.030734227759256,4.924987755455978,0,-27.17257534538333,-73.2503871566124,-30.76246435194606,-22.51549718093437,-21.94162763643879,-13.13374121197168,-22.29055024691679,-18.70496624191168,-18.14293778050236
evreg3,3.relative_year_bin_aux#1.treat,2.612498365234945,119.919483881655,-3.724338228572234,-7.456528360756173,-21.73813695144835,-5.34008195585194,-6.53045968226696,-5.534083403369598,-4.4645579965916,-5.028138840975102,-4.764301508851921,0,0,-.0091986512727749,.2677862063279682,23.11229542791187,29.5369197977235,51.58548933248141,20.14116327339708,20.04860366898081,20.27678051614734,18.99147632896209,19.62131260331,18.76758404833556,2.650141465137896,5.56792764566826,22.2676231493321,5.158618210614243,8.71032367617104,8.570971685433801,6.448313586178233,7.12850772717091,6.729013662379104,0,-22.37833699737289,-28.52806224088558,-52.32674934282348,-20.0383145547695,-21.39233232515517,-22.114737076829,-19.6923970692906,-20.36961052896447,-19.43003008146216
evreg3,4.relative_year_bin_aux#1.treat,7.645935345006373,119.919483881655,-4.820235160141758,-6.148712388860544,-5.252944145501568,-10.44174722204437,-4.967677344683492,-5.177382349907378,-5.576821262841841,-4.848014466561615,-5.004726137582703,0,0,-.0238206952445204,1.371864935065525,19.55222007084892,22.44789491867908,20.14116327339708,33.80485434996203,16.91059163256679,17.72849891757961,19.55842493030249,17.06140054187692,17.64397561548114,4.57582592972092,5.742153138419798,5.088558981120215,10.25098080324197,5.235519549274525,5.86963453544241,7.033287875119671,5.550100064918484,5.532014979156058,0,-19.29240366970081,-22.15988229347126,-20.0399311939677,-33.54218760982096,-16.83922429238319,-18.01979741145298,-20.46577532882324,-17.37894070028696,-17.74071263638794
evreg3,6.relative_year_bin_aux#1.treat,9.507657327786788,119.919483881655,-6.801267477951709,-8.497706974483394,-7.351046597151538,-5.306109014245441,-14.38369739088841,-6.048338261735603,-4.585024047331109,-6.341660957114872,-4.934034001791232,0,0,-.0281329451414675,1.791477390190477,18.42357195799348,23.29322535239019,20.04860366898081,16.91059163256679,32.67332433552744,13.86802618764533,16.82479736583692,15.93813905765396,15.18679052930372,5.506687794213093,7.859310114810761,8.964998996798396,5.305421870169627,14.84357954989105,6.718849097942343,6.0245330238656,7.463927037614406,6.072267019127514,0,-17.19273562192467,-22.80099282292391,-21.33827091231112,-16.68531214791968,-32.83517865502622,-14.1949469975306,-17.7937034468986,-16.47717507642198,-15.69642310747489
evreg3,7.relative_year_bin_aux#1.treat,5.075937317947825,119.919483881655,-4.79321107569962,-2.489467787603355,-6.583245717677527,-5.376718891530042,-6.221794259831928,-18.0500678704987,-6.372736593261486,-5.02974750461572,-6.630148580724435,0,0,-.0285508904807851,1.617054374777132,16.86436858503183,12.17282299812042,20.27678051614734,17.72849891757961,13.86802618764533,39.40029232349035,16.33735478036238,12.73958058871358,12.85380509603111,4.548480850651325,2.420121194573724,7.880833106808598,5.688083485692891,6.434879510137186,18.83982466747647,7.693956633147873,6.142549663571838,7.288038548731315,0,-16.2092251256869,-11.80920472019127,-21.222818062159,-17.76851425353484,-14.13243082143729,-40.37857581504825,-17.82239158455865,-14.0891771489795,-13.61246539764953
evreg3,8.relative_year_bin_aux#1.treat,3.759571869041368,119.919483881655,-5.844798457374013,-7.090647803860715,-5.734211366389963,-5.895029148671219,-5.576606256715645,-7.34760184315263,-27.8906766084434,-9.871588873891245,-9.837323088527837,0,0,-.0179385636047923,.3776979090944371,19.97683780141429,23.08717259912274,18.99147632896209,19.55842493030249,16.82479736583692,16.33735478036238,51.90453273583624,18.14964036704519,15.12032505048559,4.477598892625726,6.152032939249629,6.327389683281408,6.44240257353874,6.043249582141105,7.792286771186705,27.82800328514186,9.491940594438056,9.263721558818993,0,-18.42449285723407,-21.92763592104358,-19.39987525641208,-19.83191763307911,-17.7896672249822,-18.09466875647731,-53.50539630431856,-19.81295990310242,-16.55763584084988
evreg3,9.relative_year_bin_aux#1.treat,3.779969507749168,119.919483881655,-4.678185433988046,-6.024499362865356,-6.444519823954962,-5.134034261551833,-6.391831881921126,-3.792917507512429,-6.104956601412986,-16.30212219502881,-8.070950621431281,0,0,-.0177989441615959,1.574836779180899,16.37162362924853,19.5931466999215,19.62131260331,17.06140054187692,15.93813905765396,12.73958058871358,18.14964036704519,41.64888212420965,27.11544090244135,3.453008654683535,5.12631048568144,7.110602221068591,5.476695297845782,7.381663169371381,6.28376550913143,9.201845439045169,20.08739621691653,11.55655959194538,0,-14.99906180820396,-18.48773403290004,-19.91525774700908,-17.28791311142511,-16.29365652749308,-14.01471646303118,-19.48220043445173,-43.58160630505995,-28.65849423978044
evreg3,10.relative_year_bin_aux#1.treat,-.2244710034795201,119.919483881655,-4.28417492936498,-5.706710161483667,-6.094144694396372,-5.418229112274219,-5.302186100978144,-5.732747131389411,-6.002499551769136,-7.83569292090206,-13.84974895020633,0,0,-.011070175371361,.6296563792953782,16.25099423196156,18.87661463455476,18.76758404833556,17.64397561548114,15.18679052930372,12.85380509603111,15.12032505048559,27.11544090244135,48.61808537147348,3.11989053372239,5.004891178086785,6.641821610068265,5.265669435019671,5.964616933576166,7.067158786874548,7.654951803888316,9.754817331292752,16.07385003958955,0,-14.50913517213825,-17.69923115114871,-18.79700215076398,-17.43699692365973,-15.46497417526456,-13.33343635224114,-15.25216155660807,-27.29917350112989,-48.94269289055863
evreg3,1bn.relative_year_bin_aux#1.rice_area_aclvl_ahigh,20.85108646442413,119.919483881655,-13.25147135071202,-4.607030351828837,-3.419681172056089,-4.551731590890697,-5.670924583222205,-4.522261029370863,-4.265837143205642,-3.119547010472951,-2.733535896747437,0,0,-.0100319964232897,.4304497428732349,14.71082452954589,5.808634023311487,2.650141465137896,4.57582592972092,5.506687794213093,4.548480850651325,4.477598892625726,3.453008654683535,3.11989053372239,116.1585592512531,45.1649469817905,10.66777851947096,20.14952603496575,24.45952606706646,20.82954954605333,27.98012199889837,20.12389476535492,18.46445016787982,0,-112.5004450263039,-43.8854583083353,-10.68965587220755,-20.0572162974354,-24.29557026360606,-20.28289694400635,-27.54621192414073,-19.4101693894683,-17.70799918167336
evreg3,2.relative_year_bin_aux#1.rice_area_aclvl_ahigh,11.71344825589239,119.919483881655,-1.491488425124445,-20.70958708248495,-5.712970662995115,-5.704345459101856,-9.695419024261055,-4.679071237457389,-8.708850896081492,-7.977327813424663,-7.823083406859236,0,0,-.0667095340946208,1.403375470074487,3.386909411702348,21.41448783011064,5.56792764566826,5.742153138419798,7.859310114810761,2.420121194573724,6.152032939249629,5.12631048568144,5.004891178086785,45.1649469817905,146.4634143173678,29.01978001549751,39.2840332551712,47.0082265068156,6.829875746141711,38.95412816693617,32.48608285854084,30.89653054204622,0,-41.87642488703889,-144.9897552205864,-28.51739642413047,-38.88051292646846,-47.4268192627345,-7.290841528712557,-39.34306193688209,-32.16732226204721,-30.92580155794569
evreg3,3.relative_year_bin_aux#1.rice_area_aclvl_ahigh,23.84872776705036,119.919483881655,-6.421926304495685,-9.178331092182978,-22.84959744069332,-5.192387021575319,-9.496823348428224,-8.551784097440077,-7.041668914144258,-8.023864640185817,-7.584195946765434,0,0,.0060860970250629,-.0814925621117306,5.052200668152428,8.419662370782257,22.2676231493321,5.088558981120215,8.964998996798396,7.880833106808598,6.327389683281408,7.110602221068591,6.641821610068265,10.66777851947096,29.01978001549751,91.95750904147594,27.95587747299868,25.57594235246716,28.35576434538242,24.07857188684081,26.6960632783156,26.38879438749063,0,-11.80540761628529,-29.45999220489723,-92.14272101187717,-28.05324652757977,-26.20412135783581,-29.07842449589634,-24.81188899530948,-27.0618251802425,-26.41722845086139
evreg3,4.relative_year_bin_aux#1.rice_area_aclvl_ahigh,-7.693151551907984,119.919483881655,-5.24052781842673,-6.312714758024526,-5.207024009036635,-10.25097267146093,-5.552922694107429,-5.777676418686652,-6.39459059375933,-5.299329113998207,-5.007057265551278,0,0,.0242957393405059,-1.073803708580807,5.426379250198265,6.24262331737103,5.158618210614243,10.25098080324197,5.305421870169627,5.688083485692891,6.44240257353874,5.476695297845782,5.265669435019671,20.14952603496575,39.2840332551712,27.95587747299868,53.6837209986908,25.32033215878218,30.37673094550297,29.92162804197393,28.47223555641799,29.10537663855367,0,-20.26044125648498,-39.22541495433354,-27.91424927335061,-53.65488912020781,-25.26756609307179,-30.36046867130387,-30.09495893905825,-28.56116442035455,-28.83057563863326
evreg3,6.relative_year_bin_aux#1.rice_area_aclvl_ahigh,-1.507914446509377,119.919483881655,-2.442199072184057,-5.877408712754814,-8.113364947190471,-5.038670849859022,-16.94476052665183,-9.279397181788358,-9.385966191132249,-10.89213726433378,-9.363734220211322,0,0,.0082914374713549,-.3204649918890036,4.375096082756434,6.770372256729273,8.71032367617104,5.235519549274525,14.84357954989105,6.434879510137186,6.043249582141105,7.381663169371381,5.964616933576166,24.45952606706646,47.0082265068156,25.57594235246716,25.32033215878218,58.60139902647899,20.76753457446262,22.63086278982258,25.49090122304094,24.30600957392966,0,-24.43269352078548,-46.76151291894217,-25.64516877757673,-25.27855094333971,-58.06365884593284,-20.68879633770667,-22.08406680373154,-25.57423086297668,-24.52993124355363
evreg3,7.relative_year_bin_aux#1.rice_area_aclvl_ahigh,-15.34805604345871,119.919483881655,-6.437719645704324,-4.056853071913399,-9.048695401454948,-5.84999493483548,-6.257054113921388,-17.67539540931786,-6.398076817299275,-4.581156965302074,-5.396922420094491,0,0,.0663857070894491,-3.154033930382838,6.023268173953098,3.482803770763784,8.570971685433801,5.86963453544241,6.718849097942343,18.83982466747647,7.792286771186705,6.28376550913143,7.067158786874548,20.82954954605333,6.829875746141711,28.35576434538242,30.37673094550297,20.76753457446262,82.88543374670604,41.81220548922651,19.42365579195863,27.12338063564783,0,-21.64550925991981,-7.5310254693585,-28.7767362704044,-30.63596240394371,-20.02963298444075,-81.31759833082592,-39.93940267271207,-18.1537778402317,-26.19634680623976
evreg3,8.relative_year_bin_aux#1.rice_area_aclvl_ahigh,-7.254423955745777,119.919483881655,-6.404406814375133,-8.119293900597397,-7.586341583593354,-7.241317868259785,-1.195863270973371,-.1523184999854303,-17.37299745500443,2.882525994940029,4.522224785335857,0,0,-.0358893364208923,1.887339527864492,4.863851946678716,6.524299914655727,6.448313586178233,7.033287875119671,6.0245330238656,7.693956633147873,27.82800328514186,9.201845439045169,7.654951803888316,27.98012199889837,38.95412816693617,24.07857188684081,29.92162804197393,22.63086278982258,41.81220548922651,144.6318228004,51.22169238348351,44.69952489511008,0,-27.32866984293571,-38.98267467678671,-23.96144754809722,-29.88089005770052,-21.17948730954639,-37.87787161677052,-140.7003153899033,-47.59093011558002,-41.77407280546355
evreg3,9.relative_year_bin_aux#1.rice_area_aclvl_ahigh,-36.1806373718476,119.919483881655,-3.777454062775881,-5.434333138592646,-7.383660271204802,-5.357696870205551,-6.073526528029157,-3.691526551404268,-6.193246579023974,-16.31420609094785,-6.063188133450739,0,0,.0295372062197857,-.3368805388433567,3.766701680964203,5.030734227759256,7.12850772717091,5.550100064918484,7.463927037614406,6.142549663571838,9.491940594438056,20.08739621691653,9.754817331292752,20.12389476535492,32.48608285854084,26.6960632783156,28.47223555641799,25.49090122304094,19.42365579195863,51.22169238348351,93.36906466489906,55.04401140880559,0,-20.24293594814119,-33.02314594949814,-26.6647055738447,-28.63160099977116,-24.78952018046148,-17.39105428921096,-49.06272946619602,-90.81788496349463,-52.78594871611664
evreg3,10.relative_year_bin_aux#1.rice_area_aclvl_ahigh,-14.38487985005312,119.919483881655,-3.609405004004643,-5.659483710389326,-7.129236281932592,-5.405105693586255,-4.510125063136349,-4.802879797447592,-6.052534789231705,-8.14155786882692,-12.8219769804022,0,0,-.0040073868716775,1.175621787388762,3.098261906201264,4.924987755455978,6.729013662379104,5.532014979156058,6.072267019127514,7.288038548731315,9.263721558818993,11.55655959194538,16.07385003958955,18.46445016787982,30.89653054204622,26.38879438749063,29.10537663855367,24.30600957392966,27.12338063564783,44.69952489511008,55.04401140880559,83.01970786154006,0,-18.34702024000561,-31.14254111206598,-26.10945027348018,-29.08648814222212,-23.77120846191687,-25.40073502862966,-42.96177447347186,-52.89814139008387,-81.06009279407867
evreg3,1o.treat#1o.rice_area_aclvl_ahigh,0,119.919483881655,0,0,0,0,0,0,0,0,0,0,0,0,0,0,0,0,0,0,0,0,0,0,0,0,0,0,0,0,0,0,0,0,0,0,0,0,0,0,0,0,0
evreg3,1bn.relative_year_bin_aux#1.treat#1.rice_area_aclvl_ahigh,.8127474209358923,119.919483881655,13.04809063553303,4.112749473828613,3.066195522351336,4.507763122684166,5.915975340265235,4.727005213446629,4.707804863353063,3.404469478946191,2.86900861752265,0,0,-.0410266115129457,-1.591101638275974,-68.44424757799011,-27.17257534538333,-22.37833699737289,-19.29240366970081,-17.19273562192467,-16.2092251256869,-18.42449285723407,-14.99906180820396,-14.50913517213825,-112.5004450263039,-41.87642488703889,-11.80540761628529,-20.26044125648498,-24.43269352078548,-21.64550925991981,-27.32866984293571,-20.24293594814119,-18.34702024000561,0,271.772591131196,90.36436210614751,63.17349308493034,52.74626405429778,52.79951291022021,46.87567655287936,60.31067532018059,45.3608282218059,44.8720363428658
evreg3,2.relative_year_bin_aux#1.treat#1.rice_area_aclvl_ahigh,5.776096016843507,119.919483881655,3.257634695270898,21.78438447525236,6.296347783169773,5.802748581042677,9.140316847736468,3.506772816575309,7.72245759169787,6.525048961932662,6.431464337090988,0,0,.0126694919687425,-4.126153881270701,-25.40749270256922,-73.2503871566124,-28.52806224088558,-22.15988229347126,-22.80099282292391,-11.80920472019127,-21.92763592104358,-18.48773403290004,-17.69923115114871,-43.8854583083353,-144.9897552205864,-29.45999220489723,-39.22541495433354,-46.76151291894217,-7.5310254693585,-38.98267467678671,-33.02314594949814,-31.14254111206598,0,90.36436210614751,322.0925264740728,99.490795540045,81.64154018581218,98.07406313154188,31.12912527144804,88.79126388226301,75.0456547066419,72.38086836890405
evreg3,3.relative_year_bin_aux#1.treat#1.rice_area_aclvl_ahigh,-3.621909544594446,119.919483881655,6.695852441237839,9.745526455982546,23.25816111263434,5.210459464906885,9.366085763058493,8.365076893512081,7.132597707736935,7.89804486168994,7.583822475774015,0,0,-.0432855189293504,-.7860345960823156,-24.52204166129984,-30.76246435194606,-52.32674934282348,-20.0399311939677,-21.33827091231112,-21.222818062159,-19.39987525641208,-19.91525774700908,-18.79700215076398,-10.68965587220755,-28.51739642413047,-92.14272101187717,-27.91424927335061,-25.64516877757673,-28.7767362704044,-23.96144754809722,-26.6647055738447,-26.10945027348018,0,63.17349308493034,99.490795540045,196.1121774353945,78.48965616015916,63.1769809119647,71.03976132102567,67.02082485067874,66.9465165491369,64.78996622823327
evreg3,4.relative_year_bin_aux#1.treat#1.rice_area_aclvl_ahigh,13.35031953243126,119.919483881655,5.157518121822823,6.51811879155597,5.366374205059969,10.16564030604142,5.908417186013947,6.180104487844483,6.985009063241828,5.925353222866388,5.69635244425396,0,0,-.0381483249093153,1.055517597914346,-20.14057817636064,-22.51549718093437,-20.0383145547695,-33.54218760982096,-16.68531214791968,-17.76851425353484,-19.83191763307911,-17.28791311142511,-17.43699692365973,-20.0572162974354,-38.88051292646846,-28.05324652757977,-53.65488912020781,-25.27855094333971,-30.63596240394371,-29.88089005770052,-28.63160099977116,-29.08648814222212,0,52.74626405429778,81.64154018581218,78.48965616015916,112.9665804998353,55.0932211964264,64.63064664589373,65.29467099963377,60.91676639602421,61.16065418124491
evreg3,6.relative_year_bin_aux#1.treat#1.rice_area_aclvl_ahigh,-1.825501462606187,119.919483881655,2.595976228619687,6.230771704157206,8.238198326511139,5.03292358743172,17.26531748779761,9.723095108147444,9.922080879589524,11.62092043645288,10.21030632730189,0,0,-.0110623418406053,-.5601942382711168,-16.21665859255883,-21.94162763643879,-21.39233232515517,-16.83922429238319,-32.83517865502622,-14.13243082143729,-17.7896672249822,-16.29365652749308,-15.46497417526456,-24.29557026360606,-47.4268192627345,-26.20412135783581,-25.26756609307179,-58.06365884593284,-20.02963298444075,-21.17948730954639,-24.78952018046148,-23.77120846191687,0,52.79951291022021,98.07406313154188,63.1769809119647,55.0932211964264,112.7146610610199,42.29578018276843,52.71281594894757,53.47709423614602,51.22599152829174
evreg3,7.relative_year_bin_aux#1.treat#1.rice_area_aclvl_ahigh,27.27534225192153,119.919483881655,6.172972066668829,3.97093086084131,8.936935491650164,5.634972720926728,7.141007926478759,19.11269532032376,8.764866021969922,7.095484031058382,8.361688882607526,0,0,-.1027852029626485,3.505344651944753,-17.79323381786073,-13.13374121197168,-22.114737076829,-18.01979741145298,-14.1949469975306,-40.37857581504825,-18.09466875647731,-14.01471646303118,-13.33343635224114,-20.28289694400635,-7.290841528712557,-29.07842449589634,-30.36046867130387,-20.68879633770667,-81.31759833082592,-37.87787161677052,-17.39105428921096,-25.40073502862966,0,46.87567655287936,31.12912527144804,71.03976132102567,64.63064664589373,42.29578018276843,138.7389619803194,62.54407157591522,38.08724562290347,52.09088157400505
evreg3,8.relative_year_bin_aux#1.treat#1.rice_area_aclvl_ahigh,27.67771014548211,119.919483881655,6.61141929896892,8.473232647258556,8.007937820858999,7.064534500590808,1.575199430525377,.8530494883533638,18.48991904641577,-1.565536834742407,-2.564802648511761,0,0,.01127130492626,-.2833501136991017,-18.55033168367953,-22.29055024691679,-19.6923970692906,-20.46577532882324,-17.7937034468986,-17.82239158455865,-53.50539630431856,-19.48220043445173,-15.25216155660807,-27.54621192414073,-39.34306193688209,-24.81188899530948,-30.09495893905825,-22.08406680373154,-39.93940267271207,-140.7003153899033,-49.06272946619602,-42.96177447347186,0,60.31067532018059,88.79126388226301,67.02082485067874,65.29467099963377,52.71281594894757,62.54407157591522,217.1349998636144,77.48832323116081,73.6207573986454
evreg3,9.relative_year_bin_aux#1.treat#1.rice_area_aclvl_ahigh,51.98151120689336,119.919483881655,3.973297665030937,5.883058360698433,7.714381353691418,5.292180138792698,6.025647103245752,3.13500883036734,4.916790011954562,14.42556041860298,4.723840191402629,0,0,-.0754663485168491,4.299430360358111,-15.46009904327688,-18.70496624191168,-20.36961052896447,-17.37894070028696,-16.47717507642198,-14.0891771489795,-19.81295990310242,-43.58160630505995,-27.29917350112989,-19.4101693894683,-32.16732226204721,-27.0618251802425,-28.56116442035455,-25.57423086297668,-18.1537778402317,-47.59093011558002,-90.81788496349463,-52.89814139008387,0,45.3608282218059,75.0456547066419,66.9465165491369,60.91676639602421,53.47709423614602,38.08724562290347,77.48832323116081,160.9693324910681,97.23376397767798
evreg3,10.relative_year_bin_aux#1.treat#1.rice_area_aclvl_ahigh,34.73071091085903,119.919483881655,3.599963398021044,5.74164410863365,7.218320605030317,5.343676168356416,4.927878307807512,4.684648708494102,4.737856528817073,5.606512859412197,10.54265603011437,0,0,-.0623321081096065,1.748002500598371,-15.05231718607798,-18.14293778050236,-19.43003008146216,-17.74071263638794,-15.69642310747489,-13.61246539764953,-16.55763584084988,-28.65849423978044,-48.94269289055863,-17.70799918167336,-30.92580155794569,-26.41722845086139,-28.83057563863326,-24.52993124355363,-26.19634680623976,-41.77407280546355,-52.78594871611664,-81.06009279407867,0,44.8720363428658,72.38086836890405,64.78996622823327,61.16065418124491,51.22599152829174,52.09088157400505,73.6207573986454,97.23376397767798,164.0681860837497
evreg4,1bn.relative_year_bin_aux,-5.877030336066691,119.919483881655,18.47597068456888,10.47306738190932,7.831808052950504,4.443890726093061,2.379466840919335,1.61556230082086,.7662960768377309,.4616205278559316,.389438888257353,0,0,-.008653113448591,-.7617123439711421,-14.31375101505155,-8.86015953052012,-6.332638985450838,-3.885234476035772,-4.453105521133709,-4.612075627181067,-4.172641877934202,-3.927371928385894,-3.76492737515849,.4406652527024314,4.473036971787634,-8.771129749803617,-4.455315169055714,-1.002883775386037,-7.280762456645581,-7.505897552517492,-4.209320776960324,-4.510070818845313,0,.4409984554996726,-.321606046360646,9.180482033559739,4.525172771500904,1.890339051445109,7.156578711722339,7.747518768365961,5.145724602860999,5.279143024697742
evreg4,2.relative_year_bin_aux,3.254703276737949,119.919483881655,10.47306738190932,14.1895477169765,6.495449692753757,3.014736114886598,.7848857876489825,.3848828489961995,-.0082276453843148,-.2170633025312405,-.3753269487680473,0,0,-.0181414368084828,.2260736088526027,-6.777047069900471,-12.41505979213619,-5.217247359225531,-2.625345113141939,-2.839624372924898,-3.422356138149976,-3.411686185927244,-3.266859045714041,-3.075415303065422,1.116269746514641,-2.565552194239281,-5.865311893721038,-2.748790746720602,.0247137282110567,-5.564451581306116,-6.494246443567956,-3.532146795748792,-3.677849323181787,0,-.656044425068381,5.795796485741056,6.673646545237127,3.101563996130513,.8740842558571451,5.676576963933786,6.834116620237885,4.486211183879331,4.496414066507774
evreg4,3.relative_year_bin_aux,1.831739288123937,119.919483881655,7.831808052950504,6.495449692753757,10.28996852190284,3.073422570322191,2.518732316985169,1.939095208455768,.8563379859592356,1.212672756882945,1.134301603249029,0,0,-.014979110986598,.2080793485748884,-5.726464622554727,-5.146383503752288,-9.417640822012695,-2.815631185201893,-3.933682849521422,-4.03521686001629,-3.373032987534017,-3.845222735713739,-3.597229484846294,-2.372729802825337,.000519303340361,-9.067548227576363,-2.735586162170939,-2.423388775723252,-5.410405039506104,-5.75770291624895,-4.200116424649869,-4.085413920217166,0,2.869825456708838,1.966508404303825,9.888507508754616,3.010570137065224,2.959012549630795,5.555967614288088,5.960633804654366,4.994374346282628,4.879261320893772
evreg4,4.relative_year_bin_aux,-2.530011320300671,119.919483881655,4.443890726093061,3.014736114886598,3.073422570322191,5.152811985074417,1.380895791064035,1.168021360619784,.5914728358905825,.5708131725357363,.8368622267966098,0,0,.0118336347427605,-.8905561800088503,-3.616248915609547,-2.466523666837932,-2.771647214202054,-4.972131142821287,-2.211338914405478,-2.284326605340412,-2.057138631569699,-2.181009231137373,-2.469272841643646,-2.887021777040292,-1.284632303587384,-2.25640697334285,-4.769262019031228,-1.539296126405844,-2.454111992417242,-3.500654711755554,-2.309136358240124,-2.737349206372738,0,2.747518555871846,1.610810446133446,2.402843473340202,4.763150584634837,1.576703360194663,2.258510997697945,3.215910649497321,2.234815733713942,2.572230465546242
evreg4,6.relative_year_bin_aux,8.885085206988725,119.919483881655,2.379466840919335,.7848857876489825,2.518732316985169,1.380895791064035,13.26707659115716,9.106328103860609,8.833583267701322,10.27260161964708,9.226050435777772,0,0,-.0243152897937813,1.843963267404232,-3.97538771646694,-1.879429528120037,-3.314038246989121,-1.732190923726084,-9.698218752396082,-4.072224659801282,-2.636854346413919,-3.57180155993613,-2.549442051000921,-4.650569904496985,-5.236327626125247,-5.16220268157829,-1.772093691276044,-12.11696177212073,-3.215687059502884,4.641718269488348,-1.643238989694902,-.2709282121639619,0,4.555873090451327,3.470213603776856,4.732086748080116,2.2455004439232,12.16515890184128,4.195783414704015,-3.348615002685272,2.123327666113878,1.237857392110192
evreg4,7.relative_year_bin_aux,1.878354838617328,119.919483881655,1.61556230082086,.3848828489961995,1.939095208455768,1.168021360619784,9.106328103860609,18.60170502161283,10.93667046386729,12.89669544183852,13.68686024327814,0,0,-.0086735445630514,1.559751620050232,-3.699952874201897,-2.013681931498763,-2.873666426751047,-1.728201025547593,-4.395259655920141,-11.49990029157643,-1.79615134613539,-2.332055111521628,-3.027701111877918,-4.035378723994332,-6.539938327241178,-4.998385950469545,-1.357771703869952,-7.530738243158479,-9.275801926632132,10.36767662200913,1.329564675842594,.5457786470884876,0,3.752667036758668,3.598904074557104,4.360383876485396,1.983505854447134,7.505933861584607,10.76874907038241,-8.446730248100017,-.8837862257245743,.2170509875657179
evreg4,8.relative_year_bin_aux,7.988005696880826,119.919483881655,.7662960768377309,-.0082276453843148,.8563379859592356,.5914728358905825,8.833583267701322,10.93667046386729,20.49971626601759,15.5585106966013,16.69128133105007,0,0,-.0251757447707318,2.963992952612591,-3.024662769729352,-1.980887544907327,-1.951341040360192,-1.27868907188569,-3.204932355331894,-2.435172711802653,-8.799491916931233,-1.450344521438125,-1.984420852307394,-2.965998825322013,-6.465576417344738,-4.219209679536402,-.7782007522033118,-7.006843825505876,.2023864479418962,7.649673477154312,3.563842595385877,2.469524283507543,0,2.882056153566545,3.564652962062185,3.725818543125665,1.633573718254953,7.2008789650629,2.044730554577553,-4.858119081332896,-2.837630954580478,-1.779255862853732
evreg4,9.relative_year_bin_aux,2.263888924896496,119.919483881655,.4616205278559316,-.2170633025312405,1.212672756882945,.5708131725357363,10.27260161964708,12.89669544183852,15.5585106966013,23.15346803243809,20.39770295073837,0,0,-.0100590876731687,2.553218270491496,-2.713888557381268,-1.674559971074047,-2.329779547329814,-1.397674299596575,-4.197109182475885,-3.764626056752091,-2.568122326826275,-6.756866955626351,-2.932270990070251,-2.374042982278369,-6.681990893034958,-4.795725413747116,-.4632732323392264,-8.464958335084173,-.8813014348866464,16.46723992517162,-.3674885486472613,2.118471558292095,0,2.234687027120647,3.341712694853234,4.12422814990627,1.441656776355077,8.624160830255368,3.380553978302148,-13.42407938686319,1.19515765095415,-1.999915926072598
evreg4,10.relative_year_bin_aux,5.066985457002414,119.919483881655,.389438888257353,-.3753269487680473,1.134301603249029,.8368622267966098,9.226050435777772,13.68686024327814,16.69128133105007,20.39770295073837,26.08500921371499,0,0,-.0219611547035509,3.297466540407869,-2.741924072767294,-1.674436582726382,-2.080884966187197,-1.583289033263404,-2.917250960978877,-4.234775989603068,-3.151801444144297,-3.184374152682872,-7.382713485731579,-2.097983578858194,-6.320867359052583,-4.640746708497802,-.5068461779111347,-7.291556168694709,-1.391316330832462,16.89013640755877,4.317717821728023,-1.350696274861693,0,1.863098443240585,3.066332471913959,4.047098560187679,1.542293487186929,7.554047649278871,4.267087500450419,-13.47436311239696,-2.800746524729419,2.130154057967233
evreg4,1o.treat,0,119.919483881655,0,0,0,0,0,0,0,0,0,0,0,0,0,0,0,0,0,0,0,0,0,0,0,0,0,0,0,0,0,0,0,0,0,0,0,0,0,0,0,0,0
evreg4,1o.rice_harvarea_aclvl_ahigh,0,119.919483881655,0,0,0,0,0,0,0,0,0,0,0,0,0,0,0,0,0,0,0,0,0,0,0,0,0,0,0,0,0,0,0,0,0,0,0,0,0,0,0,0,0
evreg4,wind_direction,-2.147926794249519,119.919483881655,-.008653113448591,-.0181414368084828,-.014979110986598,.0118336347427605,-.0243152897937813,-.0086735445630514,-.0251757447707318,-.0100590876731687,-.0219611547035509,0,0,.006088433740637,-.3123002809479866,.0271232602398128,.0086400483183016,.0095349870515167,-.0097743016286201,-.009737238608282,.0003726535650373,-.0032907158322898,.0076120501053252,.0062506045516417,-.0034856019738583,-.0956803367800797,.0364984109786232,.0327949449492473,.0179034348891988,.0994207279640882,-.0588657501672829,.0403095555846172,-.0182250321511576,0,-.1075270366756575,-.0122207125142736,-.0909171648336412,-.0627552360331229,-.0549787718787361,-.1594304796224439,-.0206829429515635,-.117568591576421,-.0974796734352232
evreg4,av_wind_speed,151.5146294965122,119.919483881655,-.7617123439711421,.2260736088526027,.2080793485748884,-.8905561800088503,1.843963267404232,1.559751620050232,2.963992952612591,2.553218270491496,3.297466540407869,0,0,-.3123002809479866,31.93984080094492,-.476864146048668,-.0672638751653038,-.2389263678993608,.5356784798474992,.6328896956647716,-.0889485101223158,.488225976785691,.3460204100936104,.9004259538079475,-1.79593680643704,3.401450166089155,-1.649824469231139,-2.058310835376035,-1.677696268621028,-5.57593981449191,4.917119124392787,-.6962853744352518,3.437269687499521,0,2.830002367243452,-4.960945736156841,.7571257966400229,2.467453979992453,2.202390939296398,6.826712404154851,-.5466568562218932,6.22490179774722,.8233848153349483
evreg4,1bn.relative_year_bin_aux#1.treat,3.889948177169116,119.919483881655,-14.31375101505155,-6.777047069900471,-5.726464622554727,-3.616248915609547,-3.97538771646694,-3.699952874201897,-3.024662769729352,-2.713888557381268,-2.741924072767294,0,0,.0271232602398128,-.476864146048668,47.65520560904739,22.15974388819324,20.34804048492011,15.63468730048194,13.79924937666186,14.33437392289598,12.79005627676866,12.49792681201561,12.13065887309991,6.138011231920057,.7239871976970309,6.579887035977126,3.886142616888995,3.478861913549624,5.714370366850845,3.959446284772139,3.641225279180989,3.489806222680976,0,-42.1541753586858,-17.83838465339013,-21.32568548755781,-16.08798876558197,-12.93693825959888,-15.74856327536266,-12.86873533224843,-12.59389892608369,-12.33416466340464
evreg4,2.relative_year_bin_aux#1.treat,3.643592571860362,119.919483881655,-8.86015953052012,-12.41505979213619,-5.146383503752288,-2.466523666837932,-1.879429528120037,-2.013681931498763,-1.980887544907327,-1.674559971074047,-1.674436582726382,0,0,.0086400483183016,-.0672638751653038,22.15974388819324,38.8549532796664,20.89995516095409,9.832611276520133,10.66498186669735,10.61174622812199,10.50186022695601,9.948888307218731,9.300929180352291,1.862184961856296,6.071094947771517,5.120834792729321,2.354447271263276,1.340947368074214,4.145512145895136,3.666894103687188,2.932129983091868,2.8935370090817,0,-18.24547240027395,-34.89148860608551,-21.26218755074999,-9.843586718123781,-9.519211806461332,-11.65954305209807,-10.91180103458869,-9.91259195902439,-9.43992961797966
evreg4,3.relative_year_bin_aux#1.treat,1.652340785606663,119.919483881655,-6.332638985450838,-5.217247359225531,-9.417640822012695,-2.771647214202054,-3.314038246989121,-2.873666426751047,-1.951341040360192,-2.329779547329814,-2.080884966187197,0,0,.0095349870515167,-.2389263678993608,20.34804048492011,20.89995516095409,30.81431530217001,13.84057072500889,14.71394433333891,14.84081008645511,12.94525511341568,13.83453263868552,13.05532070587052,3.125905877107681,1.67669669623315,9.012513933388204,2.568003017053908,3.232318575081762,4.426203144222043,3.710492489269968,3.568971149613799,3.340167338444506,0,-18.22038003289819,-18.63657203550077,-30.76454028073807,-13.80569374165063,-14.16423885018363,-15.47655725281949,-13.62274670511356,-13.88877413991083,-13.15310878114296
evreg4,4.relative_year_bin_aux#1.treat,4.492978640637929,119.919483881655,-3.885234476035772,-2.625345113141939,-2.815631185201893,-4.972131142821287,-1.732190923726084,-1.728201025547593,-1.27868907188569,-1.397674299596575,-1.583289033263404,0,0,-.0097743016286201,.5356784798474992,15.63468730048194,9.832611276520133,13.84057072500889,19.49942428043384,9.800147924945435,11.13790281769935,9.892887075430377,9.964797111906423,10.55300952251994,2.907656192720736,1.555365944798827,2.333100947585646,4.75792667092827,1.790615840368614,2.377224239718738,2.780358371077267,2.077700332435088,2.475650649429888,0,-14.88016979522089,-9.138187649795352,-13.57254647987379,-19.27179272808189,-9.378841186277883,-11.0999427841658,-10.48478614999024,-9.876177020003988,-10.54694872139406
evreg4,6.relative_year_bin_aux#1.treat,5.886472369743959,119.919483881655,-4.453105521133709,-2.839624372924898,-3.933682849521422,-2.211338914405478,-9.698218752396082,-4.395259655920141,-3.204932355331894,-4.197109182475885,-2.917250960978877,0,0,-.009737238608282,.6328896956647716,13.79924937666186,10.66498186669735,14.71394433333891,9.800147924945435,24.75921341972299,10.33401095094754,11.02528194072077,11.27766310434122,10.12340928006613,4.012776406915453,2.510866078999495,4.514318231069049,2.307568169515287,9.567946669708306,4.515299474921703,4.074799028651072,4.650764018059664,3.438234736640834,0,-13.13850921480882,-10.36954600763461,-15.16053931143881,-9.759263277766395,-24.68604405211306,-10.4765258086338,-11.78373910688466,-11.55073731060798,-10.38768214747036
evreg4,7.relative_year_bin_aux#1.treat,.0953524952273614,119.919483881655,-4.612075627181067,-3.422356138149976,-4.03521686001629,-2.284326605340412,-4.072224659801282,-11.49990029157643,-2.435172711802653,-3.764626056752091,-4.234775989603068,0,0,.0003726535650373,-.0889485101223158,14.33437392289598,10.61174622812199,14.84081008645511,11.13790281769935,10.33401095094754,30.35330863955654,9.148067805809911,10.07302802659174,8.10866229145739,3.667000377524658,2.655070251090073,4.209013644771126,2.408624140100716,3.839044934414674,11.5610704693799,3.230497024647046,3.957742339867834,4.496772514992088,0,-13.45455019246535,-10.10878572423696,-15.03831910002598,-11.14119491382722,-10.06657444528279,-30.40990564951562,-9.892057918495221,-10.3093593982395,-8.254789053654475
evreg4,8.relative_year_bin_aux#1.treat,-1.287208798634241,119.919483881655,-4.172641877934202,-3.411686185927244,-3.373032987534017,-2.057138631569699,-2.636854346413919,-1.79615134613539,-8.799491916931233,-2.568122326826275,-3.151801444144297,0,0,-.0032907158322898,.488225976785691,12.79005627676866,10.50186022695601,12.94525511341568,9.892887075430377,11.02528194072077,9.148067805809911,23.85270456234203,10.96394849514841,8.772252009190291,3.114440542422285,2.46436234358782,3.312862588790733,2.209404139856347,2.581259660952707,2.291131156307313,10.49400806182935,3.773896239614894,4.282208291410852,0,-11.85193535460509,-9.783312222162403,-13.06113849005422,-9.932977093097447,-10.60995618946166,-9.130783224483045,-24.71767368133064,-11.37103984958749,-9.066406108291421
evreg4,9.relative_year_bin_aux#1.treat,-3.404574802997011,119.919483881655,-3.927371928385894,-3.266859045714041,-3.845222735713739,-2.181009231137373,-3.57180155993613,-2.332055111521628,-1.450344521438125,-6.756866955626351,-3.184374152682872,0,0,.0076120501053252,.3460204100936104,12.49792681201561,9.948888307218731,13.83453263868552,9.964797111906423,11.27766310434122,10.07302802659174,10.96394849514841,24.7046632688748,17.94355916280309,2.62525125487138,2.070934995251376,3.776813398698278,2.238176053838928,3.845943478477269,3.673008259486854,3.925036732757627,8.97225950667359,5.409509585165222,0,-11.22452848353154,-8.934238101569443,-13.74091059719627,-9.999918966080534,-10.89737382791271,-10.11670716319379,-11.54503905723498,-24.86262727015274,-18.04017312972956
evreg4,10.relative_year_bin_aux#1.treat,-6.002601256757941,119.919483881655,-3.76492737515849,-3.075415303065422,-3.597229484846294,-2.469272841643646,-2.549442051000921,-3.027701111877918,-1.984420852307394,-2.932270990070251,-7.382713485731579,0,0,.0062506045516417,.9004259538079475,12.13065887309991,9.300929180352291,13.05532070587052,10.55300952251994,10.12340928006613,8.10866229145739,8.772252009190291,17.94355916280309,33.67368823033058,2.494884865574754,2.054678223286794,3.511516198642221,2.317577777105152,2.748674913236655,4.078334995229441,3.931067820557016,4.588893471850375,9.29429002826636,0,-10.6139978473223,-8.252027092942997,-12.85302498917928,-10.42693694746117,-9.787923488247189,-8.030977513713477,-8.79412013220545,-17.54802241372067,-33.46102731854287
evreg4,1bn.relative_year_bin_aux#1.rice_harvarea_aclvl_ahigh,4.738675433068875,119.919483881655,.4406652527024314,1.116269746514641,-2.372729802825337,-2.887021777040292,-4.650569904496985,-4.035378723994332,-2.965998825322013,-2.374042982278369,-2.097983578858194,0,0,-.0034856019738583,-1.79593680643704,6.138011231920057,1.862184961856296,3.125905877107681,2.907656192720736,4.012776406915453,3.667000377524658,3.114440542422285,2.62525125487138,2.494884865574754,130.4484383936446,57.02679797783755,-.6852955640321114,18.73364340963955,30.57705959998558,21.44986370721471,35.16707247010784,25.06110562152766,23.43678904753022,0,-133.8213481702454,-55.91782534773416,-4.236424956856563,-18.61101181482786,-29.76449724770081,-20.04718622257198,-34.04149071814633,-22.69201506477375,-21.50460217600057
evreg4,2.relative_year_bin_aux#1.rice_harvarea_aclvl_ahigh,2.100295363300284,119.919483881655,4.473036971787634,-2.565552194239281,.000519303340361,-1.284632303587384,-5.236327626125247,-6.539938327241178,-6.465576417344738,-6.681990893034958,-6.320867359052583,0,0,-.0956803367800797,3.401450166089155,.7239871976970309,6.071094947771517,1.67669669623315,1.555365944798827,2.510866078999495,2.655070251090073,2.46436234358782,2.070934995251376,2.054678223286794,57.02679797783755,150.5294789138211,19.34017186752255,37.41717700237025,47.93496383499529,6.097667222398558,43.65378505088105,36.27656164111779,33.53830816412952,0,-55.05255264323719,-153.244537050658,-23.18883745158047,-37.47987566194585,-49.30181027607772,-5.851363795083906,-43.65519122205783,-33.80773699375204,-32.73257551621382
evreg4,3.relative_year_bin_aux#1.rice_harvarea_aclvl_ahigh,25.22794753412185,119.919483881655,-8.771129749803617,-5.865311893721038,-9.067548227576363,-2.25640697334285,-5.16220268157829,-4.998385950469545,-4.219209679536402,-4.795725413747116,-4.640746708497802,0,0,.0364984109786232,-1.649824469231139,6.579887035977126,5.120834792729321,9.012513933388204,2.333100947585646,4.514318231069049,4.209013644771126,3.312862588790733,3.776813398698278,3.511516198642221,-.6852955640321114,19.34017186752255,89.00441203875756,26.73237852266247,19.87589614759597,24.06058132223288,23.17028490184326,24.68739004385089,25.12889902207949,0,-3.231796656492359,-22.37588105088545,-91.92929365661287,-27.60004410526648,-21.10633773771386,-25.58819225406086,-24.35828114172263,-25.33470134669886,-25.38283885468724
evreg4,4.relative_year_bin_aux#1.rice_harvarea_aclvl_ahigh,-14.85319812904573,119.919483881655,-4.455315169055714,-2.748790746720602,-2.735586162170939,-4.769262019031228,-1.772093691276044,-1.357771703869952,-.7782007522033118,-.4632732323392264,-.5068461779111347,0,0,.0327949449492473,-2.058310835376035,3.886142616888995,2.354447271263276,2.568003017053908,4.75792667092827,2.307568169515287,2.408624140100716,2.209404139856347,2.238176053838928,2.317577777105152,18.73364340963955,37.41717700237025,26.73237852266247,54.44989342267229,25.47336104525634,29.89320281011647,31.17621867055627,28.64913994557898,30.78076302959873,0,-18.52563482522646,-38.19884909152406,-27.46990981990087,-54.51664724781997,-25.61689211686553,-29.93082578483131,-31.18567931701599,-28.4308355936646,-29.90266736888389
evreg4,6.relative_year_bin_aux#1.rice_harvarea_aclvl_ahigh,-2.734946544786522,119.919483881655,-1.002883775386037,.0247137282110567,-2.423388775723252,-1.539296126405844,-12.11696177212073,-7.530738243158479,-7.006843825505876,-8.464958335084173,-7.291556168694709,0,0,.0179034348891988,-1.677696268621028,3.478861913549624,1.340947368074214,3.232318575081762,1.790615840368614,9.567946669708306,3.839044934414674,2.581259660952707,3.845943478477269,2.748674913236655,30.57705959998558,47.93496383499529,19.87589614759597,25.47336104525634,57.39028078147059,18.86809357021676,18.71265926981183,22.40486973320201,22.20523665618485,0,-29.5342187482807,-47.86718198604726,-19.3701537204912,-24.97984613122833,-57.60169993751303,-19.01940227005418,-18.03304467458848,-23.15966564195391,-22.96553349667194
evreg4,7.relative_year_bin_aux#1.rice_harvarea_aclvl_ahigh,-19.562873852567,119.919483881655,-7.280762456645581,-5.564451581306116,-5.410405039506104,-2.454111992417242,-3.215687059502884,-9.275801926632132,.2023864479418962,-.8813014348866464,-1.391316330832462,0,0,.0994207279640882,-5.57593981449191,5.714370366850845,4.145512145895136,4.426203144222043,2.377224239718738,4.515299474921703,11.5610704693799,2.291131156307313,3.673008259486854,4.078334995229441,21.44986370721471,6.097667222398558,24.06058132223288,29.89320281011647,18.86809357021676,78.83976763773096,36.03135414369864,11.89384438536773,22.85862302898472,0,-21.99818072011404,-6.929597798219941,-23.95167460011265,-29.75094863568561,-19.14114848949026,-78.67502562269024,-35.52364090508143,-12.72535204738868,-24.25650187378481
evreg4,8.relative_year_bin_aux#1.rice_harvarea_aclvl_ahigh,-3.147520684912955,119.919483881655,-7.505897552517492,-6.494246443567956,-5.75770291624895,-3.500654711755554,4.641718269488348,10.36767662200913,7.649673477154312,16.46723992517162,16.89013640755877,0,0,-.0588657501672829,4.917119124392787,3.959446284772139,3.666894103687188,3.710492489269968,2.780358371077267,4.074799028651072,3.230497024647046,10.49400806182935,3.925036732757627,3.931067820557016,35.16707247010784,43.65378505088105,23.17028490184326,31.17621867055627,18.71265926981183,36.03135414369864,151.9375390837987,50.50935474527878,45.34246005226946,0,-33.10009888813141,-44.36245289195731,-22.72053120884961,-29.85472520249828,-18.68531541432284,-34.00623146558937,-148.4528736004402,-46.89528726610157,-43.83517873904509
evreg4,9.relative_year_bin_aux#1.rice_harvarea_aclvl_ahigh,-44.10476612740995,119.919483881655,-4.209320776960324,-3.532146795748792,-4.200116424649869,-2.309136358240124,-1.643238989694902,1.329564675842594,3.563842595385877,-.3674885486472613,4.317717821728023,0,0,.0403095555846172,-.6962853744352518,3.641225279180989,2.932129983091868,3.568971149613799,2.077700332435088,4.650764018059664,3.957742339867834,3.773896239614894,8.97225950667359,4.588893471850375,25.06110562152766,36.27656164111779,24.68739004385089,28.64913994557898,22.40486973320201,11.89384438536773,50.50935474527878,88.7314405307576,52.47035809993649,0,-24.13733002374317,-37.30063200765842,-23.72526274923415,-27.28495827272971,-22.44016331749705,-11.5285606437972,-49.65955115301607,-87.36136151123279,-52.82070370264657
evreg4,10.relative_year_bin_aux#1.rice_harvarea_aclvl_ahigh,-5.651671835002411,119.919483881655,-4.510070818845313,-3.677849323181787,-4.085413920217166,-2.737349206372738,-.2709282121639619,.5457786470884876,2.469524283507543,2.118471558292095,-1.350696274861693,0,0,-.0182250321511576,3.437269687499521,3.489806222680976,2.8935370090817,3.340167338444506,2.475650649429888,3.438234736640834,4.496772514992088,4.282208291410852,5.409509585165222,9.29429002826636,23.43678904753022,33.53830816412952,25.12889902207949,30.78076302959873,22.20523665618485,22.85862302898472,45.34246005226946,52.47035809993649,80.67456158402642,0,-23.6187198928871,-35.37878211855003,-23.8543188983153,-29.23818310404872,-22.1704464372481,-22.4116647193861,-44.26298573058761,-50.89028025930071,-81.24331138202027
evreg4,1o.treat#1o.rice_harvarea_aclvl_ahigh,0,119.919483881655,0,0,0,0,0,0,0,0,0,0,0,0,0,0,0,0,0,0,0,0,0,0,0,0,0,0,0,0,0,0,0,0,0,0,0,0,0,0,0,0,0
evreg4,1bn.relative_year_bin_aux#1.treat#1.rice_harvarea_aclvl_ahigh,38.20549088387808,119.919483881655,.4409984554996726,-.656044425068381,2.869825456708838,2.747518555871846,4.555873090451327,3.752667036758668,2.882056153566545,2.234687027120647,1.863098443240585,0,0,-.1075270366756575,2.830002367243452,-42.1541753586858,-18.24547240027395,-18.22038003289819,-14.88016979522089,-13.13850921480882,-13.45455019246535,-11.85193535460509,-11.22452848353154,-10.6139978473223,-133.8213481702454,-55.05255264323719,-3.231796656492359,-18.52563482522646,-29.5342187482807,-21.99818072011404,-33.10009888813141,-24.13733002374317,-23.6187198928871,0,322.9303513118065,109.5839456373372,65.19195726205145,55.4391074577258,60.68534383400255,48.36903304508098,71.53434490099498,50.83336282465955,52.00402081048196
evreg4,2.relative_year_bin_aux#1.treat#1.rice_harvarea_aclvl_ahigh,29.2654694295206,119.919483881655,-.321606046360646,5.795796485741056,1.966508404303825,1.610810446133446,3.470213603776856,3.598904074557104,3.564652962062185,3.341712694853234,3.066332471913959,0,0,-.0122207125142736,-4.960945736156841,-17.83838465339013,-34.89148860608551,-18.63657203550077,-9.138187649795352,-10.36954600763461,-10.10878572423696,-9.783312222162403,-8.934238101569443,-8.252027092942997,-55.91782534773416,-153.244537050658,-22.37588105088545,-38.19884909152406,-47.86718198604726,-6.929597798219941,-44.36245289195731,-37.30063200765842,-35.37878211855003,0,109.5839456373372,379.4454729212439,106.0712612802997,96.65943466906495,113.500255518214,32.09520323014571,106.4522827475044,87.89918274045405,85.50249803428008
evreg4,3.relative_year_bin_aux#1.treat#1.rice_harvarea_aclvl_ahigh,1.683891737665579,119.919483881655,9.180482033559739,6.673646545237127,9.888507508754616,2.402843473340202,4.732086748080116,4.360383876485396,3.725818543125665,4.12422814990627,4.047098560187679,0,0,-.0909171648336412,.7571257966400229,-21.32568548755781,-21.26218755074999,-30.76454028073807,-13.57254647987379,-15.16053931143881,-15.03831910002598,-13.06113849005422,-13.74091059719627,-12.85302498917928,-4.236424956856563,-23.18883745158047,-91.92929365661287,-27.46990981990087,-19.3701537204912,-23.95167460011265,-22.72053120884961,-23.72526274923415,-23.8543188983153,0,65.19195726205145,106.0712612802997,215.309437371594,86.36573576571709,62.40317103214308,73.18581702359594,72.46549455549605,70.19834520611717,68.59364601411092
evreg4,4.relative_year_bin_aux#1.treat#1.rice_harvarea_aclvl_ahigh,20.6597547477404,119.919483881655,4.525172771500904,3.101563996130513,3.010570137065224,4.763150584634837,2.2455004439232,1.983505854447134,1.633573718254953,1.441656776355077,1.542293487186929,0,0,-.0627552360331229,2.467453979992453,-16.08798876558197,-9.843586718123781,-13.80569374165063,-19.27179272808189,-9.759263277766395,-11.14119491382722,-9.932977093097447,-9.999918966080534,-10.42693694746117,-18.61101181482786,-37.47987566194585,-27.60004410526648,-54.51664724781997,-24.97984613122833,-29.75094863568561,-29.85472520249828,-27.28495827272971,-29.23818310404872,0,55.4391074577258,96.65943466906495,86.36573576571709,128.5175166184486,62.72096878882739,70.63183494398469,75.49784719569648,67.27842799822004,68.64920618002398
evreg4,6.relative_year_bin_aux#1.treat#1.rice_harvarea_aclvl_ahigh,7.488112208712929,119.919483881655,1.890339051445109,.8740842558571451,2.959012549630795,1.576703360194663,12.16515890184128,7.505933861584607,7.2008789650629,8.624160830255368,7.554047649278871,0,0,-.0549787718787361,2.202390939296398,-12.93693825959888,-9.519211806461332,-14.16423885018363,-9.378841186277883,-24.68604405211306,-10.06657444528279,-10.60995618946166,-10.89737382791271,-9.787923488247189,-29.76449724770081,-49.30181027607772,-21.10633773771386,-25.61689211686553,-57.60169993751303,-19.14114848949026,-18.68531541432284,-22.44016331749705,-22.1704464372481,0,60.68534383400255,113.500255518214,62.40317103214308,62.72096878882739,119.1697980290435,45.0667530841603,56.72004037648806,55.56711630904288,54.49917605806792
evreg4,7.relative_year_bin_aux#1.treat#1.rice_harvarea_aclvl_ahigh,40.14183484768783,119.919483881655,7.156578711722339,5.676576963933786,5.555967614288088,2.258510997697945,4.195783414704015,10.76874907038241,2.044730554577553,3.380553978302148,4.267087500450419,0,0,-.1594304796224439,6.826712404154851,-15.74856327536266,-11.65954305209807,-15.47655725281949,-11.0999427841658,-10.4765258086338,-30.40990564951562,-9.130783224483045,-10.11670716319379,-8.030977513713477,-20.04718622257198,-5.851363795083906,-25.58819225406086,-29.93082578483131,-19.01940227005418,-78.67502562269024,-34.00623146558937,-11.5285606437972,-22.4116647193861,0,48.36903304508098,32.09520323014571,73.18581702359594,70.63183494398469,45.0667530841603,143.2385687742304,64.82608688140672,36.76294813844665,55.30749168092244
evreg4,8.relative_year_bin_aux#1.treat#1.rice_harvarea_aclvl_ahigh,42.63777991219234,119.919483881655,7.747518768365961,6.834116620237885,5.960633804654366,3.215910649497321,-3.348615002685272,-8.446730248100017,-4.858119081332896,-13.42407938686319,-13.47436311239696,0,0,-.0206829429515635,-.5466568562218932,-12.86873533224843,-10.91180103458869,-13.62274670511356,-10.48478614999024,-11.78373910688466,-9.892057918495221,-24.71767368133064,-11.54503905723498,-8.79412013220545,-34.04149071814633,-43.65519122205783,-24.35828114172263,-31.18567931701599,-18.03304467458848,-35.52364090508143,-148.4528736004402,-49.65955115301607,-44.26298573058761,0,71.53434490099498,106.4522827475044,72.46549455549605,75.49784719569648,56.72004037648806,64.82608688140672,243.8355434907569,82.32248183722177,79.68317439195111
evreg4,9.relative_year_bin_aux#1.treat#1.rice_harvarea_aclvl_ahigh,69.65892576112125,119.919483881655,5.145724602860999,4.486211183879331,4.994374346282628,2.234815733713942,2.123327666113878,-.8837862257245743,-2.837630954580478,1.19515765095415,-2.800746524729419,0,0,-.117568591576421,6.22490179774722,-12.59389892608369,-9.91259195902439,-13.88877413991083,-9.876177020003988,-11.55073731060798,-10.3093593982395,-11.37103984958749,-24.86262727015274,-17.54802241372067,-22.69201506477375,-33.80773699375204,-25.33470134669886,-28.4308355936646,-23.15966564195391,-12.72535204738868,-46.89528726610157,-87.36136151123279,-50.89028025930071,0,50.83336282465955,87.89918274045405,70.19834520611717,67.27842799822004,55.56711630904288,36.76294813844665,82.32248183722177,171.9653741418402,104.0718324727584
evreg4,10.relative_year_bin_aux#1.treat#1.rice_harvarea_aclvl_ahigh,51.92338762827215,119.919483881655,5.279143024697742,4.496414066507774,4.879261320893772,2.572230465546242,1.237857392110192,.2170509875657179,-1.779255862853732,-1.999915926072598,2.130154057967233,0,0,-.0974796734352232,.8233848153349483,-12.33416466340464,-9.43992961797966,-13.15310878114296,-10.54694872139406,-10.38768214747036,-8.254789053654475,-9.066406108291421,-18.04017312972956,-33.46102731854287,-21.50460217600057,-32.73257551621382,-25.38283885468724,-29.90266736888389,-22.96553349667194,-24.25650187378481,-43.83517873904509,-52.82070370264657,-81.24331138202027,0,52.00402081048196,85.50249803428008,68.59364601411092,68.64920618002398,54.49917605806792,55.30749168092244,79.68317439195111,104.0718324727584,176.5842016552659
evreg5,1bn.relative_year_bin_aux,-.3205093144412801,119.919483881655,19.38813000567466,10.91224816154129,8.599258490852041,4.888223816161823,2.999054845069474,2.340659217463753,1.32418879794155,.9943963364537556,.8918944653059884,0,0,-.0206755269971459,-.0307099335389634,-15.05819732562261,-9.440059761032407,-7.253105667653356,-4.301125883215905,-5.090870617736305,-5.421948969599074,-4.715434682766502,-4.485664165136545,-4.264989139181609,-1.318550452425866,3.868264743445884,-8.334877600192954,-4.862661115598405,-1.818413149444037,-7.761280175114613,-7.452761356198613,-4.628051295232852,-4.780416292772706,0,2.200061643926186,.4840117349448724,9.482399460770205,4.921957992209614,2.783933399325829,7.966198604085852,7.850946007607095,5.664560925313317,5.750657557756828
evreg5,2.relative_year_bin_aux,7.709156742559057,119.919483881655,10.91224816154129,15.13093336342731,7.233716176202964,3.150287592987169,1.223634775552774,1.154796941882752,.4851915296674195,.2491914458086022,.0605573799667853,0,0,-.0280745976364199,.9007837062912365,-7.113576381488917,-13.43872105889123,-6.07907737145416,-2.755627977456304,-3.274688266226661,-4.239765211941549,-3.855595802469147,-3.712937374883067,-3.490095089619198,.2802448071797241,-3.417139153104539,-5.732218942227355,-2.813748133099918,-.5131935808359174,-6.166045772593725,-6.403623676516447,-3.921763596762921,-3.82883391471151,0,.188944297279672,6.863516151994475,7.108628046306531,3.188370118093288,1.506528386068713,6.559724688810189,6.868491796981893,4.859326174304097,4.830596029881021
evreg5,3.relative_year_bin_aux,3.343035430679618,119.919483881655,8.599258490852041,7.233716176202964,11.53372890898158,3.461908944351697,3.183875007937632,2.603880832143751,1.401794330422034,1.754236881750056,1.670650472195849,0,0,-.0198278562012287,.534214208895715,-6.327566524612843,-5.850971455399107,-10.69890440572301,-3.171146968922857,-4.591650166557684,-4.702868078997907,-3.814854168364138,-4.33714993039592,-4.086523040985166,-3.261579203698522,-.8295147326799661,-9.991044560644333,-3.066654622200346,-3.177181095927001,-5.899362160417287,-5.754464272882625,-4.546336864000844,-4.380318728625719,0,3.554038238569849,2.648345534886719,10.98965279489782,3.29428266898266,3.7406021335107,6.236695882597115,5.979710788414535,5.381042537115484,5.291965219288724
evreg5,4.relative_year_bin_aux,-2.161091995170008,119.919483881655,4.888223816161823,3.150287592987169,3.461908944351697,5.690060790647811,1.705237029379007,1.455401300113033,.7885861836772481,.7516203681424407,1.085791009947878,0,0,.0095744388342747,-.7834269756545585,-4.026279080898807,-2.595754998838415,-3.199485729116229,-5.519026821159622,-2.548447508150321,-2.64822140629092,-2.287561150099858,-2.380453023292117,-2.71648268074572,-3.260458971977531,-1.344547952945846,-2.646051311076731,-5.311515590717753,-1.923173743806508,-2.724731529703935,-3.476810287025767,-2.423376761618729,-2.896409567693574,0,3.138148554155505,1.653254877552965,2.860817177058748,5.324411556239108,1.963382897743019,2.719109100319197,3.312905116254281,2.392170475499721,2.77554906711738
evreg5,6.relative_year_bin_aux,8.065057702172531,119.919483881655,2.999054845069474,1.223634775552774,3.183875007937632,1.705237029379007,14.44427026896307,9.788811772822942,9.312856417648543,10.93375627125778,9.688990493261937,0,0,-.0245810816503624,1.80764931143305,-4.512792205505209,-2.137121948356668,-3.980419850140735,-2.083748782724594,-10.72453098155204,-4.379011945590652,-2.854924667771634,-4.051555354255857,-2.834862994313561,-5.475787821339363,-5.381653645501035,-5.368839981955948,-2.132780127032475,-12.82627073909076,-3.846968419562454,3.750124965599675,-2.226673401119619,-.6919359520757055,0,5.082987721229901,3.389338472852513,4.969306041574256,2.63752141488162,12.72763883325445,4.08368643527616,-2.846491187534194,2.669617637647074,1.549295338009381
evreg5,7.relative_year_bin_aux,.0748411193741032,119.919483881655,2.340659217463753,1.154796941882752,2.603880832143751,1.455401300113033,9.788811772822942,20.65124872829383,11.583365529968,13.48236513180268,14.45394030476569,0,0,-.007717376695005,1.386772974351367,-4.375024020096643,-2.612577649571933,-3.490187115790957,-2.048173221826564,-4.741020224254797,-12.83001902775976,-1.915391305020378,-2.540430106753362,-3.431026248060063,-5.06271419143898,-7.146643177733921,-5.391786277775846,-1.686894036849773,-7.749830620639432,-11.43051580165113,8.901622190474482,.9098889794024208,-.18045235442966,0,4.516348747012903,4.162348486894881,4.67550625350688,2.3524785461168,7.385507343862656,11.6548230181545,-7.681990036058227,-.4837897293276605,.8614093019806669
evreg5,8.relative_year_bin_aux,4.527464936249486,119.919483881655,1.32418879794155,.4851915296674195,1.401794330422034,.7885861836772481,9.312856417648543,11.583365529968,21.94129927159265,15.68016973486996,16.77785058921837,0,0,-.0228272089076206,2.746162479393333,-3.510643638214403,-2.294376889599931,-2.4512309426159,-1.494384700229853,-3.375457778669629,-2.267044271291155,-9.799253657206744,-1.489660242770938,-2.04091250445336,-4.05978966890017,-6.961109316079752,-4.646137610587995,-1.018527231888308,-7.117704584900479,-.7932395516638604,4.553811877372155,3.446167798345076,2.275740394630609,0,3.607469162929148,4.047152028113896,4.04347983028641,1.859947978812174,6.829069417724165,1.289701208247739,-2.58203317781649,-2.328463119220118,-1.198382576730499
evreg5,9.relative_year_bin_aux,-2.677060404872011,119.919483881655,.9943963364537556,.2491914458086022,1.754236881750056,.7516203681424407,10.93375627125778,13.48236513180268,15.68016973486996,23.3756065969869,20.55110313799602,0,0,-.0039919483320353,2.173713419293535,-3.128171883411314,-1.894715769805502,-2.827157054255534,-1.589426130171163,-4.548611777208436,-3.555396680387902,-2.409256549732067,-7.246354638811669,-3.429923695246939,-3.497956876648735,-7.124995831475863,-5.188424843284509,-.7431459346138055,-8.666849003141733,-1.902877914907269,14.23827481993464,-.6937414116300734,1.716671717972851,0,2.98995943469615,3.833915434414306,4.459647540768404,1.684765420479274,8.163583510643958,2.399344136565067,-12.01684526141113,2.42232137685232,-.6759350962208462
evreg5,10.relative_year_bin_aux,-.8197186727502483,119.919483881655,.8918944653059884,.0605573799667853,1.670650472195849,1.085791009947878,9.688990493261937,14.45394030476569,16.77785058921837,20.55110313799602,26.02966993835953,0,0,-.0127233917277897,2.849018837514766,-3.077791522383822,-1.874216044060555,-2.548566822404335,-1.829753650992979,-3.083301944786427,-4.175218915577163,-2.949671169733924,-3.677009401706977,-7.788125570263388,-3.182506652518379,-6.726546787797631,-5.074212745698529,-.9834281612881509,-7.376939581109555,-2.856447336691048,14.37997710082027,3.747474638192978,-1.634118534947693,0,2.612595260777836,3.592254953461989,4.355853012102481,1.93922516985046,6.855380967136367,3.464151910228987,-12.01012269022847,-1.330644602982958,3.407875219657674
evreg5,1o.treat,0,119.919483881655,0,0,0,0,0,0,0,0,0,0,0,0,0,0,0,0,0,0,0,0,0,0,0,0,0,0,0,0,0,0,0,0,0,0,0,0,0,0,0,0,0
evreg5,1o.rice_prod_aclvl_ahigh,0,119.919483881655,0,0,0,0,0,0,0,0,0,0,0,0,0,0,0,0,0,0,0,0,0,0,0,0,0,0,0,0,0,0,0,0,0,0,0,0,0,0,0,0,0
evreg5,wind_direction,-2.147021377492237,119.919483881655,-.0206755269971459,-.0280745976364199,-.0198278562012287,.0095744388342747,-.0245810816503624,-.007717376695005,-.0228272089076206,-.0039919483320353,-.0127233917277897,0,0,.0060855606638462,-.3122647623978466,.0256999783989141,.0091267254350091,.0082310538507154,-.00884886408294,-.0031287033002825,-.0044294215546205,-.0091659684150154,-.0035616268205849,-.0036102455936592,.013807120140152,-.0706303964571694,.0354520333241022,.0352907107883031,.0184087940964435,.092237074877512,-.0527141207107644,.0332906516138401,-.0278884217804156,0,-.0871879783009007,-.0068990943130355,-.0719427924770201,-.0593786474647683,-.061802363698411,-.1335029695112049,-.0086019440673346,-.0892761755936471,-.0730883915034917
evreg5,av_wind_speed,151.4865047262635,119.919483881655,-.0307099335389634,.9007837062912365,.534214208895715,-.7834269756545585,1.80764931143305,1.386772974351367,2.746162479393333,2.173713419293535,2.849018837514766,0,0,-.3122647623978466,31.96841569539875,-.7330245937235461,-.4945505353219464,-.4355685802435191,.4803602891741684,.3901614608565993,.1504215847509496,.7268363848502235,.7749980924181717,1.105307740220241,-2.700997624054445,1.956191593413013,-1.741768025702838,-2.101662025808282,-1.506953555735946,-4.864593606116399,4.682921491008369,-.2244805957442594,3.717971179681987,0,2.727060970412858,-3.769741930718411,.6188355814118405,2.329619253980113,2.360002309191843,5.509755650727226,-1.108341039375482,5.009744345271224,.3272693867177226
evreg5,1bn.relative_year_bin_aux#1.treat,3.286088154657534,119.919483881655,-15.05819732562261,-7.113576381488917,-6.327566524612843,-4.026279080898807,-4.512792205505209,-4.375024020096643,-3.510643638214403,-3.128171883411314,-3.077791522383822,0,0,.0256999783989141,-.7330245937235461,51.59767931197538,22.21852417235252,19.50271882984518,15.17675393618003,13.88374986437474,14.28016345597788,12.56811041651836,12.1682245243613,11.68548892332988,8.107629738365345,1.597909910228294,6.46061453294916,4.225352064589792,4.078278394060801,6.188061146797565,4.392070302951132,4.108136885159723,3.799199889057316,0,-47.16467173513325,-18.12893046219381,-19.78839137821301,-15.51837266865034,-12.97788489644701,-15.39552000080099,-12.46205490535471,-12.10130289999282,-11.66721324347158
evreg5,2.relative_year_bin_aux#1.treat,1.887715372838025,119.919483881655,-9.440059761032407,-13.43872105889123,-5.850971455399107,-2.595754998838415,-2.137121948356668,-2.612577649571933,-2.294376889599931,-1.894715769805502,-1.874216044060555,0,0,.0091267254350091,-.4945505353219464,22.21852417235252,38.94273766489865,18.65652042929043,7.961589099647678,9.427693968002526,10.09094713018266,9.332738848712154,8.638938067129139,7.839705511234079,2.988129250835613,7.288021699526596,5.221046774953118,2.413706516549987,1.742987194720097,4.667446653977109,4.026117645499853,3.300754929967648,3.22279992073442,0,-18.95223579533159,-35.23015929800154,-18.58920565511497,-7.892338701680123,-8.248280090376987,-10.91201068071052,-9.60711523108961,-8.489868867871619,-7.85696227909595
evreg5,3.relative_year_bin_aux#1.treat,.3561533004526654,119.919483881655,-7.253105667653356,-6.07907737145416,-10.69890440572301,-3.199485729116229,-3.980419850140735,-3.490187115790957,-2.4512309426159,-2.827157054255534,-2.548566822404335,0,0,.0082310538507154,-.4355685802435191,19.50271882984518,18.65652042929043,27.46770962499311,11.63852994789239,12.98139328914157,13.05023594844882,10.84524601000418,11.78074980440383,10.93956619602524,4.096369922024085,2.659099131677995,10.0691515999666,2.944107517324646,4.017792100531459,4.985155132718049,4.111623091685016,4.075492220139865,3.818626516628163,0,-17.51920665526607,-16.54908490603995,-27.27200497130103,-11.53484293078714,-12.39110601158175,-13.56134192914664,-11.3025772293429,-11.72068686628771,-10.93974940384938
evreg5,4.relative_year_bin_aux#1.treat,3.528362957940269,119.919483881655,-4.301125883215905,-2.755627977456304,-3.171146968922857,-5.519026821159622,-2.083748782724594,-2.048173221826564,-1.494384700229853,-1.589426130171163,-1.829753650992979,0,0,-.00884886408294,.4803602891741684,15.17675393618003,7.961589099647678,11.63852994789239,17.52983922960354,8.458271664326988,9.569182608390463,8.273195398368561,8.287603795977015,8.99045386622063,3.355596687882196,1.703316564681498,2.743984010332023,5.318552392012502,2.169735240184259,2.695427884574478,2.893560145923316,2.296637618173658,2.694412560775854,0,-14.49587011766538,-7.320229557762484,-11.39264408494845,-17.33582619853857,-8.030662878679497,-9.557181888150515,-8.769417242345913,-8.203024832039727,-8.932701563073849
evreg5,6.relative_year_bin_aux#1.treat,2.889330175347969,119.919483881655,-5.090870617736305,-3.274688266226661,-4.591650166557684,-2.548447508150321,-10.72453098155204,-4.741020224254797,-3.375457778669629,-4.548611777208436,-3.083301944786427,0,0,-.0031287033002825,.3901614608565993,13.88374986437474,9.427693968002526,12.98139328914157,8.458271664326988,24.67550710993381,9.855707062260882,9.974974506420596,11.02881032332884,9.709276819760326,4.820607525661537,2.767140626963051,4.670463247144554,2.63062119554872,10.36092100572661,4.645943235107863,4.000571620947837,4.915535440302424,3.528655974740359,0,-13.54879351260808,-9.187185142800359,-13.14146432695082,-8.560570359386041,-24.48531464512337,-9.928100977254202,-10.59370618726114,-11.21343369032927,-9.863801313889898
evreg5,7.relative_year_bin_aux#1.treat,.6252098510582371,119.919483881655,-5.421948969599074,-4.239765211941549,-4.702868078997907,-2.64822140629092,-4.379011945590652,-12.83001902775976,-2.267044271291155,-3.555396680387902,-4.175218915577163,0,0,-.0044294215546205,.1504215847509496,14.28016345597788,10.09094713018266,13.05023594844882,9.569182608390463,9.855707062260882,29.90239124550147,8.331513646253565,9.140729863560477,7.40581829961932,4.808607522140871,3.500471868388319,4.541358389779368,2.715348172796867,4.08338814696032,13.00179704880352,3.699956090374844,4.226414061929413,5.001234386151594,0,-13.82793901192756,-9.790586939697036,-13.11287394021807,-9.586266210085116,-9.364916396343148,-29.79991194752257,-9.271247686322274,-9.368527572938671,-7.595775590268483
evreg5,8.relative_year_bin_aux#1.treat,1.575567748128863,119.919483881655,-4.715434682766502,-3.855595802469147,-3.814854168364138,-2.287561150099858,-2.854924667771634,-1.915391305020378,-9.799253657206744,-2.409256549732067,-2.949671169733924,0,0,-.0091659684150154,.7268363848502235,12.56811041651836,9.332738848712154,10.84524601000418,8.273195398368561,9.974974506420596,8.331513646253565,23.0143946930819,9.968603682902762,7.796031022940872,4.035007254503341,3.167926185949732,3.556408932671288,2.291626768411631,2.787720216981715,2.212086581614849,11.60642743823693,3.26014844509286,3.92995722490863,0,-11.93536824303027,-8.853719355117343,-10.76645955549346,-8.209755527109836,-9.477202016783439,-8.088233249718158,-23.86905535805228,-9.877962673387019,-7.703479556796656
evreg5,9.relative_year_bin_aux#1.treat,.6962773744018573,119.919483881655,-4.485664165136545,-3.712937374883067,-4.33714993039592,-2.380453023292117,-4.051555354255857,-2.540430106753362,-1.489660242770938,-7.246354638811669,-3.677009401706977,0,0,-.0035616268205849,.7749980924181717,12.1682245243613,8.638938067129139,11.78074980440383,8.287603795977015,11.02881032332884,9.140729863560477,9.968603682902762,23.02929426055827,16.51534927738311,3.691219644396237,2.89398015264914,4.09195436148926,2.332881559720517,4.164708231086619,3.48643228259622,3.618104709836094,8.571534004705095,5.202500810056942,0,-11.35584563632837,-7.980020321960598,-11.63376497003632,-8.230869208591834,-10.56623176181829,-9.002555518886464,-10.41646800690465,-22.65084560802425,-16.24755315977521
evreg5,10.relative_year_bin_aux#1.treat,-3.168671129141236,119.919483881655,-4.264989139181609,-3.490095089619198,-4.086523040985166,-2.71648268074572,-2.834862994313561,-3.431026248060063,-2.04091250445336,-3.429923695246939,-7.788125570263388,0,0,-.0036102455936592,1.105307740220241,11.68548892332988,7.839705511234079,10.93956619602524,8.99045386622063,9.709276819760326,7.40581829961932,7.796031022940872,16.51534927738311,31.82465552048972,3.464910094964161,2.762987437978007,3.865159872762276,2.56603761249731,2.895710004562571,4.313661333123836,3.875787528457653,4.45674898588699,9.022016482166539,0,-10.66734162389212,-7.114435706996925,-10.71401945169745,-8.874192570579041,-9.350714447597802,-7.36040000423859,-7.869770550201555,-15.8210781123567,-31.27459181263472
evreg5,1bn.relative_year_bin_aux#1.rice_prod_aclvl_ahigh,-7.851575206577095,119.919483881655,-1.318550452425866,.2802448071797241,-3.261579203698522,-3.260458971977531,-5.475787821339363,-5.06271419143898,-4.05978966890017,-3.497956876648735,-3.182506652518379,0,0,.013807120140152,-2.700997624054445,8.107629738365345,2.988129250835613,4.096369922024085,3.355596687882196,4.820607525661537,4.808607522140871,4.035007254503341,3.691219644396237,3.464910094964161,102.7731994059521,44.58776311045128,.1511829652044326,15.93274747014314,25.89661771671244,18.96851604904264,29.43172132374795,21.64443711386006,20.12267638062393,0,-108.7386979777043,-45.50466869002851,-4.968487488307899,-16.14423498215354,-25.60976718169815,-18.69111570240533,-29.16676553756838,-20.26379213050614,-19.36175584903327
evreg5,2.relative_year_bin_aux#1.rice_prod_aclvl_ahigh,-7.614027787920581,119.919483881655,3.868264743445884,-3.417139153104539,-.8295147326799661,-1.344547952945846,-5.381653645501035,-7.146643177733921,-6.961109316079752,-7.124995831475863,-6.726546787797631,0,0,-.0706303964571694,1.956191593413013,1.597909910228294,7.288021699526596,2.659099131677995,1.703316564681498,2.767140626963051,3.500471868388319,3.167926185949732,2.89398015264914,2.762987437978007,44.58776311045128,119.3026535545596,15.16238548638738,29.63532648466009,38.21130250025608,6.202106190514295,35.84311976054185,30.30732573912166,27.66805240964274,0,-44.92219719300261,-123.3360818211876,-19.41418483262751,-30.13299892820167,-39.66310580563847,-6.330824728754186,-36.34678649553209,-28.48261513044574,-27.53731934871606
evreg5,3.relative_year_bin_aux#1.rice_prod_aclvl_ahigh,19.17096742946518,119.919483881655,-8.334877600192954,-5.732218942227355,-9.991044560644333,-2.646051311076731,-5.368839981955948,-5.391786277775846,-4.646137610587995,-5.188424843284509,-5.074212745698529,0,0,.0354520333241022,-1.741768025702838,6.46061453294916,5.221046774953118,10.0691515999666,2.743984010332023,4.670463247144554,4.541358389779368,3.556408932671288,4.09195436148926,3.865159872762276,.1511829652044326,15.16238548638738,72.31992366336054,21.85790142420456,16.640770012538,20.05432102404278,19.26595385309827,20.65559538406582,20.95443030366681,0,-3.584329769658139,-18.1848952281979,-75.2878196829633,-22.75494689322765,-17.47564079263848,-21.27639120185315,-20.10017106616148,-21.10394198860108,-21.14025700582885
evreg5,4.relative_year_bin_aux#1.rice_prod_aclvl_ahigh,-13.86935941200938,119.919483881655,-4.862661115598405,-2.813748133099918,-3.066654622200346,-5.311515590717753,-2.132780127032475,-1.686894036849773,-1.018527231888308,-.7431459346138055,-.9834281612881509,0,0,.0352907107883031,-2.101662025808282,4.225352064589792,2.413706516549987,2.944107517324646,5.318552392012502,2.63062119554872,2.715348172796867,2.291626768411631,2.332881559720517,2.56603761249731,15.93274747014314,29.63532648466009,21.85790142420456,45.14986095662717,20.9227458676765,24.436408433997,25.02787939735783,23.15752853840956,25.18188661824604,0,-15.72101730711032,-30.34039636251205,-22.55316333149509,-45.25751280985963,-21.08863317410407,-24.69301878653403,-25.10118172186825,-23.01950112121614,-24.45688746416244
evreg5,6.relative_year_bin_aux#1.rice_prod_aclvl_ahigh,-.4936280656763117,119.919483881655,-1.818413149444037,-.5131935808359174,-3.177181095927001,-1.923173743806508,-12.82627073909076,-7.749830620639432,-7.117704584900479,-8.666849003141733,-7.376939581109555,0,0,.0184087940964435,-1.506953555735946,4.078278394060801,1.742987194720097,4.017792100531459,2.169735240184259,10.36092100572661,4.08338814696032,2.787720216981715,4.164708231086619,2.895710004562571,25.89661771671244,38.21130250025608,16.640770012538,20.9227458676765,48.49446071424992,15.73885529195493,14.21531684373939,18.41593096103161,17.93454184136171,0,-24.93977847695245,-37.90792037591966,-16.16040810070739,-20.39954475262308,-48.71203890098496,-15.65664451487107,-13.68789351413759,-19.26151211439477,-18.69766234909281
evreg5,7.relative_year_bin_aux#1.rice_prod_aclvl_ahigh,-13.41847075532825,119.919483881655,-7.761280175114613,-6.166045772593725,-5.899362160417287,-2.724731529703935,-3.846968419562454,-11.43051580165113,-.7932395516638604,-1.902877914907269,-2.856447336691048,0,0,.092237074877512,-4.864593606116399,6.188061146797565,4.667446653977109,4.985155132718049,2.695427884574478,4.645943235107863,13.00179704880352,2.212086581614849,3.48643228259622,4.313661333123836,18.96851604904264,6.202106190514295,20.05432102404278,24.436408433997,15.73885529195493,65.56374839063244,25.9895175953062,7.849828991109221,17.70998636103648,0,-19.12058757274832,-6.399967581442296,-19.70100846537499,-24.23555722093308,-16.20806234329289,-66.14956473022326,-26.17121250226528,-9.320638012533719,-19.77551392023845
evreg5,8.relative_year_bin_aux#1.rice_prod_aclvl_ahigh,5.11355295680849,119.919483881655,-7.452761356198613,-6.403623676516447,-5.754464272882625,-3.476810287025767,3.750124965599675,8.901622190474482,4.553811877372155,14.23827481993464,14.37997710082027,0,0,-.0527141207107644,4.682921491008369,4.392070302951132,4.026117645499853,4.111623091685016,2.893560145923316,4.000571620947837,3.699956090374844,11.60642743823693,3.618104709836094,3.875787528457653,29.43172132374795,35.84311976054185,19.26595385309827,25.02787939735783,14.21531684373939,25.9895175953062,120.3427738881064,37.50331591087316,34.42799076515512,0,-27.95858440683624,-36.64579920327922,-19.03672458171603,-23.87458769738761,-15.21868398043682,-27.48098280399971,-119.6113623470543,-35.81625011976484,-34.85485485227344
evreg5,9.relative_year_bin_aux#1.rice_prod_aclvl_ahigh,-28.14041110759563,119.919483881655,-4.628051295232852,-3.921763596762921,-4.546336864000844,-2.423376761618729,-2.226673401119619,.9098889794024208,3.446167798345076,-.6937414116300734,3.747474638192978,0,0,.0332906516138401,-.2244805957442594,4.108136885159723,3.300754929967648,4.075492220139865,2.296637618173658,4.915535440302424,4.226414061929413,3.26014844509286,8.571534004705095,4.45674898588699,21.64443711386006,30.30732573912166,20.65559538406582,23.15752853840956,18.41593096103161,7.849828991109221,37.50331591087316,70.01316924869352,39.9034089443923,0,-20.78068331617544,-30.90310310425039,-19.79686756953532,-22.02545660165648,-18.94575198371838,-9.579215767895164,-38.12376316278972,-69.88394350470273,-41.58660156128886
evreg5,10.relative_year_bin_aux#1.rice_prod_aclvl_ahigh,7.95272734933782,119.919483881655,-4.780416292772706,-3.82883391471151,-4.380318728625719,-2.896409567693574,-.6919359520757055,-.18045235442966,2.275740394630609,1.716671717972851,-1.634118534947693,0,0,-.0278884217804156,3.717971179681987,3.799199889057316,3.22279992073442,3.818626516628163,2.694412560775854,3.528655974740359,5.001234386151594,3.92995722490863,5.202500810056942,9.022016482166539,20.12267638062393,27.66805240964274,20.95443030366681,25.18188661824604,17.93454184136171,17.70998636103648,34.42799076515512,39.9034089443923,64.10231324679255,0,-20.25131120419666,-29.39922145052373,-19.8597875967065,-23.75539910689719,-18.13013672233642,-18.90782143289253,-34.69517806395472,-39.54722633560495,-65.99681075106419
evreg5,1o.treat#1o.rice_prod_aclvl_ahigh,0,119.919483881655,0,0,0,0,0,0,0,0,0,0,0,0,0,0,0,0,0,0,0,0,0,0,0,0,0,0,0,0,0,0,0,0,0,0,0,0,0,0,0,0,0
evreg5,1bn.relative_year_bin_aux#1.treat#1.rice_prod_aclvl_ahigh,34.48679941282045,119.919483881655,2.200061643926186,.188944297279672,3.554038238569849,3.138148554155505,5.082987721229901,4.516348747012903,3.607469162929148,2.98995943469615,2.612595260777836,0,0,-.0871879783009007,2.727060970412858,-47.16467173513325,-18.95223579533159,-17.51920665526607,-14.49587011766538,-13.54879351260808,-13.82793901192756,-11.93536824303027,-11.35584563632837,-10.66734162389212,-108.7386979777043,-44.92219719300261,-3.584329769658139,-15.72101730711032,-24.93977847695245,-19.12058757274832,-27.95858440683624,-20.78068331617544,-20.25131120419666,0,272.9101353067415,101.0833058823325,64.14704741510918,53.68287239816579,56.86605573375167,48.02607905456892,65.94353584994276,48.85429460676684,49.76485106738749
evreg5,2.relative_year_bin_aux#1.treat#1.rice_prod_aclvl_ahigh,29.63154176133244,119.919483881655,.4840117349448724,6.863516151994475,2.648345534886719,1.653254877552965,3.389338472852513,4.162348486894881,4.047152028113896,3.833915434414306,3.592254953461989,0,0,-.0068990943130355,-3.769741930718411,-18.12893046219381,-35.23015929800154,-16.54908490603995,-7.320229557762484,-9.187185142800359,-9.790586939697036,-8.853719355117343,-7.980020321960598,-7.114435706996925,-45.50466869002851,-123.3360818211876,-18.1848952281979,-30.34039636251205,-37.90792037591966,-6.399967581442296,-36.64579920327922,-30.90310310425039,-29.39922145052373,0,101.0833058823325,314.3807776142135,98.21813399666104,83.8482586016182,96.68155106548762,32.84723063053504,93.00383707591845,77.40196705287647,75.36809795628329
evreg5,3.relative_year_bin_aux#1.treat#1.rice_prod_aclvl_ahigh,5.025545123641928,119.919483881655,9.482399460770205,7.108628046306531,10.98965279489782,2.860817177058748,4.969306041574256,4.67550625350688,4.04347983028641,4.459647540768404,4.355853012102481,0,0,-.0719427924770201,.6188355814118405,-19.78839137821301,-18.58920565511497,-27.27200497130103,-11.39264408494845,-13.14146432695082,-13.11287394021807,-10.76645955549346,-11.63376497003632,-10.71401945169745,-4.968487488307899,-19.41418483262751,-75.2878196829633,-22.55316333149509,-16.16040810070739,-19.70100846537499,-19.03672458171603,-19.79686756953532,-19.8597875967065,0,64.14704741510918,98.21813399666104,191.1258441189394,79.05814890279309,58.91880234109012,68.03861460845485,67.22851216986369,65.46889726720995,63.92113475658989
evreg5,4.relative_year_bin_aux#1.treat#1.rice_prod_aclvl_ahigh,20.72314149951241,119.919483881655,4.921957992209614,3.188370118093288,3.29428266898266,5.324411556239108,2.63752141488162,2.3524785461168,1.859947978812174,1.684765420479274,1.93922516985046,0,0,-.0593786474647683,2.329619253980113,-15.51837266865034,-7.892338701680123,-11.53484293078714,-17.33582619853857,-8.560570359386041,-9.586266210085116,-8.209755527109836,-8.230869208591834,-8.874192570579041,-16.14423498215354,-30.13299892820167,-22.75494689322765,-45.25751280985963,-20.39954475262308,-24.23555722093308,-23.87458769738761,-22.02545660165648,-23.75539910689719,0,53.68287239816579,83.8482586016182,79.05814890279309,116.2320687941077,57.19256181818935,64.35930735913165,67.464103969135,60.76064318934849,62.00451450930405
evreg5,6.relative_year_bin_aux#1.treat#1.rice_prod_aclvl_ahigh,13.40866095234942,119.919483881655,2.783933399325829,1.506528386068713,3.7406021335107,1.963382897743019,12.72763883325445,7.385507343862656,6.829069417724165,8.163583510643958,6.855380967136367,0,0,-.061802363698411,2.360002309191843,-12.97788489644701,-8.248280090376987,-12.39110601158175,-8.030662878679497,-24.48531464512337,-9.364916396343148,-9.477202016783439,-10.56623176181829,-9.350714447597802,-25.60976718169815,-39.66310580563847,-17.47564079263848,-21.08863317410407,-48.71203890098496,-16.20806234329289,-15.21868398043682,-18.94575198371838,-18.13013672233642,0,56.86605573375167,96.68155106548762,58.91880234109012,57.19256181818935,108.6846366541077,41.44284249264678,51.82941427428548,51.12943892733991,49.79611540057842
evreg5,7.relative_year_bin_aux#1.treat#1.rice_prod_aclvl_ahigh,34.14476056172009,119.919483881655,7.966198604085852,6.559724688810189,6.236695882597115,2.719109100319197,4.08368643527616,11.6548230181545,1.289701208247739,2.399344136565067,3.464151910228987,0,0,-.1335029695112049,5.509755650727226,-15.39552000080099,-10.91201068071052,-13.56134192914664,-9.557181888150515,-9.928100977254202,-29.79991194752257,-8.088233249718158,-9.002555518886464,-7.36040000423859,-18.69111570240533,-6.330824728754186,-21.27639120185315,-24.69301878653403,-15.65664451487107,-66.14956473022326,-27.48098280399971,-9.579215767895164,-18.90782143289253,0,48.02607905456892,32.84723063053504,68.03861460845485,64.35930735913165,41.44284249264678,130.7411686648195,57.40875658414399,35.31911266726624,50.5707882594802
evreg5,8.relative_year_bin_aux#1.treat#1.rice_prod_aclvl_ahigh,31.81222070730896,119.919483881655,7.850946007607095,6.868491796981893,5.979710788414535,3.312905116254281,-2.846491187534194,-7.681990036058227,-2.58203317781649,-12.01684526141113,-12.01012269022847,0,0,-.0086019440673346,-1.108341039375482,-12.46205490535471,-9.60711523108961,-11.3025772293429,-8.769417242345913,-10.59370618726114,-9.271247686322274,-23.86905535805228,-10.41646800690465,-7.869770550201555,-29.16676553756838,-36.34678649553209,-20.10017106616148,-25.10118172186825,-13.68789351413759,-26.17121250226528,-119.6113623470543,-38.12376316278972,-34.69517806395472,0,65.94353584994276,93.00383707591845,67.22851216986369,67.464103969135,51.82941427428548,57.40875658414399,210.4875285361022,70.63893438312303,68.81838791365475
evreg5,9.relative_year_bin_aux#1.treat#1.rice_prod_aclvl_ahigh,53.00025303794487,119.919483881655,5.664560925313317,4.859326174304097,5.381042537115484,2.392170475499721,2.669617637647074,-.4837897293276605,-2.328463119220118,2.42232137685232,-1.330644602982958,0,0,-.0892761755936471,5.009744345271224,-12.10130289999282,-8.489868867871619,-11.72068686628771,-8.203024832039727,-11.21343369032927,-9.368527572938671,-9.877962673387019,-22.65084560802425,-15.8210781123567,-20.26379213050614,-28.48261513044574,-21.10394198860108,-23.01950112121614,-19.26151211439477,-9.320638012533719,-35.81625011976484,-69.88394350470273,-39.54722633560495,0,48.85429460676684,77.40196705287647,65.46889726720995,60.76064318934849,51.12943892733991,35.31911266726624,70.63893438312303,152.0542922520293,92.58838973331868
evreg5,10.relative_year_bin_aux#1.treat#1.rice_prod_aclvl_ahigh,41.89873292360102,119.919483881655,5.750657557756828,4.830596029881021,5.291965219288724,2.77554906711738,1.549295338009381,.8614093019806669,-1.198382576730499,-.6759350962208462,3.407875219657674,0,0,-.0730883915034917,.3272693867177226,-11.66721324347158,-7.85696227909595,-10.93974940384938,-8.932701563073849,-9.863801313889898,-7.595775590268483,-7.703479556796656,-16.24755315977521,-31.27459181263472,-19.36175584903327,-27.53731934871606,-21.14025700582885,-24.45688746416244,-18.69766234909281,-19.77551392023845,-34.85485485227344,-41.58660156128886,-65.99681075106419,0,49.76485106738749,75.36809795628329,63.92113475658989,62.00451450930405,49.79611540057842,50.5707882594802,68.81838791365475,92.58838973331868,159.4687347154426
