reg,var,beta,ymean,cov1,cov2,cov3,cov4,cov5,cov6,cov7,cov8,cov9,cov10,cov11,cov12,cov13,cov14,cov15,cov16,cov17,cov18,cov19,cov20,cov21,cov22,cov23,cov24,cov25,cov26,cov27,cov28,cov29,cov30,cov31,cov32,cov33,cov34,cov35,cov36,cov37,cov38,cov39,cov40,cov41,cov42,cov43,cov44,cov45,cov46,cov47,cov48,cov49,cov50,cov51,cov52,cov53,cov54,cov55,cov56,cov57,cov58,cov59,cov60,cov61,cov62,cov63,cov64,cov65,cov66,cov67,cov68,cov69,cov70,cov71,cov72,cov73,cov74,cov75,cov76,cov77,cov78,cov79,cov80,cov81,cov82,cov83,cov84,cov85,cov86,cov87,cov88,cov89,cov90,cov91,cov92,cov93,cov94,cov95,cov96,cov97,cov98,cov99,cov100,cov101
evreg1,1o.relative_year_bin_aux,0,215.2555910543131,0,0,0,0,0,0,0,0,0,0,0,0,0,0,0,0,0,0,0,0,0,0,0,0,0,0,0,0,0,0,0,0,0,0,0,0,0,0,0,0,0,0,0,0,0,0,0,0,0,0,0,0,0,0,0,0,0,0,0,0,0,0,0,0,0,0,0,0,,,,,,,,,,,,,,,,,,,,,,,,,,,,,,,,,
evreg1,2o.relative_year_bin_aux,0,215.2555910543131,0,0,0,0,0,0,0,0,0,0,0,0,0,0,0,0,0,0,0,0,0,0,0,0,0,0,0,0,0,0,0,0,0,0,0,0,0,0,0,0,0,0,0,0,0,0,0,0,0,0,0,0,0,0,0,0,0,0,0,0,0,0,0,0,0,0,0,0,,,,,,,,,,,,,,,,,,,,,,,,,,,,,,,,,
evreg1,3o.relative_year_bin_aux,0,215.2555910543131,0,0,0,0,0,0,0,0,0,0,0,0,0,0,0,0,0,0,0,0,0,0,0,0,0,0,0,0,0,0,0,0,0,0,0,0,0,0,0,0,0,0,0,0,0,0,0,0,0,0,0,0,0,0,0,0,0,0,0,0,0,0,0,0,0,0,0,0,,,,,,,,,,,,,,,,,,,,,,,,,,,,,,,,,
evreg1,4o.relative_year_bin_aux,0,215.2555910543131,0,0,0,0,0,0,0,0,0,0,0,0,0,0,0,0,0,0,0,0,0,0,0,0,0,0,0,0,0,0,0,0,0,0,0,0,0,0,0,0,0,0,0,0,0,0,0,0,0,0,0,0,0,0,0,0,0,0,0,0,0,0,0,0,0,0,0,0,,,,,,,,,,,,,,,,,,,,,,,,,,,,,,,,,
evreg1,5b.relative_year_bin_aux,0,215.2555910543131,0,0,0,0,0,0,0,0,0,0,0,0,0,0,0,0,0,0,0,0,0,0,0,0,0,0,0,0,0,0,0,0,0,0,0,0,0,0,0,0,0,0,0,0,0,0,0,0,0,0,0,0,0,0,0,0,0,0,0,0,0,0,0,0,0,0,0,0,,,,,,,,,,,,,,,,,,,,,,,,,,,,,,,,,
evreg1,6o.relative_year_bin_aux,0,215.2555910543131,0,0,0,0,0,0,0,0,0,0,0,0,0,0,0,0,0,0,0,0,0,0,0,0,0,0,0,0,0,0,0,0,0,0,0,0,0,0,0,0,0,0,0,0,0,0,0,0,0,0,0,0,0,0,0,0,0,0,0,0,0,0,0,0,0,0,0,0,,,,,,,,,,,,,,,,,,,,,,,,,,,,,,,,,
evreg1,7o.relative_year_bin_aux,0,215.2555910543131,0,0,0,0,0,0,0,0,0,0,0,0,0,0,0,0,0,0,0,0,0,0,0,0,0,0,0,0,0,0,0,0,0,0,0,0,0,0,0,0,0,0,0,0,0,0,0,0,0,0,0,0,0,0,0,0,0,0,0,0,0,0,0,0,0,0,0,0,,,,,,,,,,,,,,,,,,,,,,,,,,,,,,,,,
evreg1,8o.relative_year_bin_aux,0,215.2555910543131,0,0,0,0,0,0,0,0,0,0,0,0,0,0,0,0,0,0,0,0,0,0,0,0,0,0,0,0,0,0,0,0,0,0,0,0,0,0,0,0,0,0,0,0,0,0,0,0,0,0,0,0,0,0,0,0,0,0,0,0,0,0,0,0,0,0,0,0,,,,,,,,,,,,,,,,,,,,,,,,,,,,,,,,,
evreg1,9o.relative_year_bin_aux,0,215.2555910543131,0,0,0,0,0,0,0,0,0,0,0,0,0,0,0,0,0,0,0,0,0,0,0,0,0,0,0,0,0,0,0,0,0,0,0,0,0,0,0,0,0,0,0,0,0,0,0,0,0,0,0,0,0,0,0,0,0,0,0,0,0,0,0,0,0,0,0,0,,,,,,,,,,,,,,,,,,,,,,,,,,,,,,,,,
evreg1,10o.relative_year_bin_aux,0,215.2555910543131,0,0,0,0,0,0,0,0,0,0,0,0,0,0,0,0,0,0,0,0,0,0,0,0,0,0,0,0,0,0,0,0,0,0,0,0,0,0,0,0,0,0,0,0,0,0,0,0,0,0,0,0,0,0,0,0,0,0,0,0,0,0,0,0,0,0,0,0,,,,,,,,,,,,,,,,,,,,,,,,,,,,,,,,,
evreg1,0b.treat,0,215.2555910543131,0,0,0,0,0,0,0,0,0,0,0,0,0,0,0,0,0,0,0,0,0,0,0,0,0,0,0,0,0,0,0,0,0,0,0,0,0,0,0,0,0,0,0,0,0,0,0,0,0,0,0,0,0,0,0,0,0,0,0,0,0,0,0,0,0,0,0,0,,,,,,,,,,,,,,,,,,,,,,,,,,,,,,,,,
evreg1,1o.treat,0,215.2555910543131,0,0,0,0,0,0,0,0,0,0,0,0,0,0,0,0,0,0,0,0,0,0,0,0,0,0,0,0,0,0,0,0,0,0,0,0,0,0,0,0,0,0,0,0,0,0,0,0,0,0,0,0,0,0,0,0,0,0,0,0,0,0,0,0,0,0,0,0,,,,,,,,,,,,,,,,,,,,,,,,,,,,,,,,,
evreg1,1o.relative_year_bin_aux#0b.treat,0,215.2555910543131,0,0,0,0,0,0,0,0,0,0,0,0,0,0,0,0,0,0,0,0,0,0,0,0,0,0,0,0,0,0,0,0,0,0,0,0,0,0,0,0,0,0,0,0,0,0,0,0,0,0,0,0,0,0,0,0,0,0,0,0,0,0,0,0,0,0,0,0,,,,,,,,,,,,,,,,,,,,,,,,,,,,,,,,,
evreg1,1.relative_year_bin_aux#1.treat,-1.138959807532793,215.2555910543131,0,0,0,0,0,0,0,0,0,0,0,0,0,687.0485576982041,0,162.8085476212102,0,281.4888560780761,0,254.6845011166282,0,0,0,204.3526176531685,0,196.9935488079306,0,192.3815566664786,0,184.4040667767892,0,181.728431587087,0,0,0,0,0,0,0,0,0,0,0,0,0,0,0,0,0,0,0,0,0,0,0,0,0,0,0,0,0,0,0,0,0,.1253733772719818,-79.89289786433883,1.082926774585721,,,,,,,,,,,,,,,,,,,,,,,,,,,,,,,,,
evreg1,2o.relative_year_bin_aux#0b.treat,0,215.2555910543131,0,0,0,0,0,0,0,0,0,0,0,0,0,0,0,0,0,0,0,0,0,0,0,0,0,0,0,0,0,0,0,0,0,0,0,0,0,0,0,0,0,0,0,0,0,0,0,0,0,0,0,0,0,0,0,0,0,0,0,0,0,0,0,0,0,0,0,0,,,,,,,,,,,,,,,,,,,,,,,,,,,,,,,,,
evreg1,2.relative_year_bin_aux#1.treat,-12.71568534613622,215.2555910543131,0,0,0,0,0,0,0,0,0,0,0,0,0,162.8085476212102,0,562.9813158681487,0,242.5955980892783,0,233.8597215012065,0,0,0,230.582997349987,0,224.0589288069031,0,228.0016549717655,0,230.9314177759209,0,223.5229349189022,0,0,0,0,0,0,0,0,0,0,0,0,0,0,0,0,0,0,0,0,0,0,0,0,0,0,0,0,0,0,0,0,0,.8091981687318996,-97.24709584876763,24.67420773558896,,,,,,,,,,,,,,,,,,,,,,,,,,,,,,,,,
evreg1,3o.relative_year_bin_aux#0b.treat,0,215.2555910543131,0,0,0,0,0,0,0,0,0,0,0,0,0,0,0,0,0,0,0,0,0,0,0,0,0,0,0,0,0,0,0,0,0,0,0,0,0,0,0,0,0,0,0,0,0,0,0,0,0,0,0,0,0,0,0,0,0,0,0,0,0,0,0,0,0,0,0,0,,,,,,,,,,,,,,,,,,,,,,,,,,,,,,,,,
evreg1,3.relative_year_bin_aux#1.treat,23.80712579403854,215.2555910543131,0,0,0,0,0,0,0,0,0,0,0,0,0,281.4888560780761,0,242.5955980892783,0,619.6903756732498,0,313.4119109507466,0,0,0,294.1495093447907,0,288.6593142974016,0,288.3290462777315,0,287.288539020145,0,283.4616826091673,0,0,0,0,0,0,0,0,0,0,0,0,0,0,0,0,0,0,0,0,0,0,0,0,0,0,0,0,0,0,0,0,0,.5382708543143264,-45.62981812086106,-70.98800329539384,,,,,,,,,,,,,,,,,,,,,,,,,,,,,,,,,
evreg1,4o.relative_year_bin_aux#0b.treat,0,215.2555910543131,0,0,0,0,0,0,0,0,0,0,0,0,0,0,0,0,0,0,0,0,0,0,0,0,0,0,0,0,0,0,0,0,0,0,0,0,0,0,0,0,0,0,0,0,0,0,0,0,0,0,0,0,0,0,0,0,0,0,0,0,0,0,0,0,0,0,0,0,,,,,,,,,,,,,,,,,,,,,,,,,,,,,,,,,
evreg1,4.relative_year_bin_aux#1.treat,18.52536955991924,215.2555910543131,0,0,0,0,0,0,0,0,0,0,0,0,0,254.6845011166282,0,233.8597215012065,0,313.4119109507466,0,454.0516165681413,0,0,0,249.20435994772,0,245.6871567191456,0,241.6234573798427,0,241.4705635450531,0,238.5390647975851,0,0,0,0,0,0,0,0,0,0,0,0,0,0,0,0,0,0,0,0,0,0,0,0,0,0,0,0,0,0,0,0,0,.0809659746599216,-32.1277924359961,-71.48902854328267,,,,,,,,,,,,,,,,,,,,,,,,,,,,,,,,,
evreg1,5b.relative_year_bin_aux#0b.treat,0,215.2555910543131,0,0,0,0,0,0,0,0,0,0,0,0,0,0,0,0,0,0,0,0,0,0,0,0,0,0,0,0,0,0,0,0,0,0,0,0,0,0,0,0,0,0,0,0,0,0,0,0,0,0,0,0,0,0,0,0,0,0,0,0,0,0,0,0,0,0,0,0,,,,,,,,,,,,,,,,,,,,,,,,,,,,,,,,,
evreg1,5b.relative_year_bin_aux#1o.treat,0,215.2555910543131,0,0,0,0,0,0,0,0,0,0,0,0,0,0,0,0,0,0,0,0,0,0,0,0,0,0,0,0,0,0,0,0,0,0,0,0,0,0,0,0,0,0,0,0,0,0,0,0,0,0,0,0,0,0,0,0,0,0,0,0,0,0,0,0,0,0,0,0,,,,,,,,,,,,,,,,,,,,,,,,,,,,,,,,,
evreg1,6o.relative_year_bin_aux#0b.treat,0,215.2555910543131,0,0,0,0,0,0,0,0,0,0,0,0,0,0,0,0,0,0,0,0,0,0,0,0,0,0,0,0,0,0,0,0,0,0,0,0,0,0,0,0,0,0,0,0,0,0,0,0,0,0,0,0,0,0,0,0,0,0,0,0,0,0,0,0,0,0,0,0,,,,,,,,,,,,,,,,,,,,,,,,,,,,,,,,,
evreg1,6.relative_year_bin_aux#1.treat,21.2905587537413,215.2555910543131,0,0,0,0,0,0,0,0,0,0,0,0,0,204.3526176531685,0,230.582997349987,0,294.1495093447907,0,249.20435994772,0,0,0,467.2507829100203,0,239.6236563795866,0,269.1907208506639,0,330.3608524156207,0,210.3257617869381,0,0,0,0,0,0,0,0,0,0,0,0,0,0,0,0,0,0,0,0,0,0,0,0,0,0,0,0,0,0,0,0,0,.0290678416434121,-46.54404122603889,-52.5290750174402,,,,,,,,,,,,,,,,,,,,,,,,,,,,,,,,,
evreg1,7o.relative_year_bin_aux#0b.treat,0,215.2555910543131,0,0,0,0,0,0,0,0,0,0,0,0,0,0,0,0,0,0,0,0,0,0,0,0,0,0,0,0,0,0,0,0,0,0,0,0,0,0,0,0,0,0,0,0,0,0,0,0,0,0,0,0,0,0,0,0,0,0,0,0,0,0,0,0,0,0,0,0,,,,,,,,,,,,,,,,,,,,,,,,,,,,,,,,,
evreg1,7.relative_year_bin_aux#1.treat,48.40474565745372,215.2555910543131,0,0,0,0,0,0,0,0,0,0,0,0,0,196.9935488079306,0,224.0589288069031,0,288.6593142974016,0,245.6871567191456,0,0,0,239.6236563795866,0,552.2000613363946,0,247.5219201441047,0,155.2425015698572,0,279.7871377478571,0,0,0,0,0,0,0,0,0,0,0,0,0,0,0,0,0,0,0,0,0,0,0,0,0,0,0,0,0,0,0,0,0,.0267637307714694,8.879911065687494,-120.5897678397737,,,,,,,,,,,,,,,,,,,,,,,,,,,,,,,,,
evreg1,8o.relative_year_bin_aux#0b.treat,0,215.2555910543131,0,0,0,0,0,0,0,0,0,0,0,0,0,0,0,0,0,0,0,0,0,0,0,0,0,0,0,0,0,0,0,0,0,0,0,0,0,0,0,0,0,0,0,0,0,0,0,0,0,0,0,0,0,0,0,0,0,0,0,0,0,0,0,0,0,0,0,0,,,,,,,,,,,,,,,,,,,,,,,,,,,,,,,,,
evreg1,8.relative_year_bin_aux#1.treat,11.23826566754658,215.2555910543131,0,0,0,0,0,0,0,0,0,0,0,0,0,192.3815566664786,0,228.0016549717655,0,288.3290462777315,0,241.6234573798427,0,0,0,269.1907208506639,0,247.5219201441047,0,513.5210727068751,0,268.948656765803,0,200.073066518834,0,0,0,0,0,0,0,0,0,0,0,0,0,0,0,0,0,0,0,0,0,0,0,0,0,0,0,0,0,0,0,0,0,.3979045564769489,-23.06945929076306,-78.23525320153573,,,,,,,,,,,,,,,,,,,,,,,,,,,,,,,,,
evreg1,9o.relative_year_bin_aux#0b.treat,0,215.2555910543131,0,0,0,0,0,0,0,0,0,0,0,0,0,0,0,0,0,0,0,0,0,0,0,0,0,0,0,0,0,0,0,0,0,0,0,0,0,0,0,0,0,0,0,0,0,0,0,0,0,0,0,0,0,0,0,0,0,0,0,0,0,0,0,0,0,0,0,0,,,,,,,,,,,,,,,,,,,,,,,,,,,,,,,,,
evreg1,9.relative_year_bin_aux#1.treat,36.47365787362973,215.2555910543131,0,0,0,0,0,0,0,0,0,0,0,0,0,184.4040667767892,0,230.9314177759209,0,287.288539020145,0,241.4705635450531,0,0,0,330.3608524156207,0,155.2425015698572,0,268.948656765803,0,720.6830301234471,0,163.0949181273036,0,0,0,0,0,0,0,0,0,0,0,0,0,0,0,0,0,0,0,0,0,0,0,0,0,0,0,0,0,0,0,0,0,-.3620484752996956,-72.46676633753914,-21.08713951839979,,,,,,,,,,,,,,,,,,,,,,,,,,,,,,,,,
evreg1,10o.relative_year_bin_aux#0b.treat,0,215.2555910543131,0,0,0,0,0,0,0,0,0,0,0,0,0,0,0,0,0,0,0,0,0,0,0,0,0,0,0,0,0,0,0,0,0,0,0,0,0,0,0,0,0,0,0,0,0,0,0,0,0,0,0,0,0,0,0,0,0,0,0,0,0,0,0,0,0,0,0,0,,,,,,,,,,,,,,,,,,,,,,,,,,,,,,,,,
evreg1,10.relative_year_bin_aux#1.treat,8.172923183224723,215.2555910543131,0,0,0,0,0,0,0,0,0,0,0,0,0,181.728431587087,0,223.5229349189022,0,283.4616826091673,0,238.5390647975851,0,0,0,210.3257617869381,0,279.7871377478571,0,200.073066518834,0,163.0949181273036,0,645.4635285938234,0,0,0,0,0,0,0,0,0,0,0,0,0,0,0,0,0,0,0,0,0,0,0,0,0,0,0,0,0,0,0,0,0,.2607647582823403,4.80392249611033,-113.9228986765163,,,,,,,,,,,,,,,,,,,,,,,,,,,,,,,,,
evreg1,0b.moderator,0,215.2555910543131,0,0,0,0,0,0,0,0,0,0,0,0,0,0,0,0,0,0,0,0,0,0,0,0,0,0,0,0,0,0,0,0,0,0,0,0,0,0,0,0,0,0,0,0,0,0,0,0,0,0,0,0,0,0,0,0,0,0,0,0,0,0,0,0,0,0,0,0,,,,,,,,,,,,,,,,,,,,,,,,,,,,,,,,,
evreg1,1o.relative_year_bin_aux#0b.moderator,0,215.2555910543131,0,0,0,0,0,0,0,0,0,0,0,0,0,0,0,0,0,0,0,0,0,0,0,0,0,0,0,0,0,0,0,0,0,0,0,0,0,0,0,0,0,0,0,0,0,0,0,0,0,0,0,0,0,0,0,0,0,0,0,0,0,0,0,0,0,0,0,0,,,,,,,,,,,,,,,,,,,,,,,,,,,,,,,,,
evreg1,2o.relative_year_bin_aux#0b.moderator,0,215.2555910543131,0,0,0,0,0,0,0,0,0,0,0,0,0,0,0,0,0,0,0,0,0,0,0,0,0,0,0,0,0,0,0,0,0,0,0,0,0,0,0,0,0,0,0,0,0,0,0,0,0,0,0,0,0,0,0,0,0,0,0,0,0,0,0,0,0,0,0,0,,,,,,,,,,,,,,,,,,,,,,,,,,,,,,,,,
evreg1,3o.relative_year_bin_aux#0b.moderator,0,215.2555910543131,0,0,0,0,0,0,0,0,0,0,0,0,0,0,0,0,0,0,0,0,0,0,0,0,0,0,0,0,0,0,0,0,0,0,0,0,0,0,0,0,0,0,0,0,0,0,0,0,0,0,0,0,0,0,0,0,0,0,0,0,0,0,0,0,0,0,0,0,,,,,,,,,,,,,,,,,,,,,,,,,,,,,,,,,
evreg1,4o.relative_year_bin_aux#0b.moderator,0,215.2555910543131,0,0,0,0,0,0,0,0,0,0,0,0,0,0,0,0,0,0,0,0,0,0,0,0,0,0,0,0,0,0,0,0,0,0,0,0,0,0,0,0,0,0,0,0,0,0,0,0,0,0,0,0,0,0,0,0,0,0,0,0,0,0,0,0,0,0,0,0,,,,,,,,,,,,,,,,,,,,,,,,,,,,,,,,,
evreg1,5b.relative_year_bin_aux#0b.moderator,0,215.2555910543131,0,0,0,0,0,0,0,0,0,0,0,0,0,0,0,0,0,0,0,0,0,0,0,0,0,0,0,0,0,0,0,0,0,0,0,0,0,0,0,0,0,0,0,0,0,0,0,0,0,0,0,0,0,0,0,0,0,0,0,0,0,0,0,0,0,0,0,0,,,,,,,,,,,,,,,,,,,,,,,,,,,,,,,,,
evreg1,6o.relative_year_bin_aux#0b.moderator,0,215.2555910543131,0,0,0,0,0,0,0,0,0,0,0,0,0,0,0,0,0,0,0,0,0,0,0,0,0,0,0,0,0,0,0,0,0,0,0,0,0,0,0,0,0,0,0,0,0,0,0,0,0,0,0,0,0,0,0,0,0,0,0,0,0,0,0,0,0,0,0,0,,,,,,,,,,,,,,,,,,,,,,,,,,,,,,,,,
evreg1,7o.relative_year_bin_aux#0b.moderator,0,215.2555910543131,0,0,0,0,0,0,0,0,0,0,0,0,0,0,0,0,0,0,0,0,0,0,0,0,0,0,0,0,0,0,0,0,0,0,0,0,0,0,0,0,0,0,0,0,0,0,0,0,0,0,0,0,0,0,0,0,0,0,0,0,0,0,0,0,0,0,0,0,,,,,,,,,,,,,,,,,,,,,,,,,,,,,,,,,
evreg1,8o.relative_year_bin_aux#0b.moderator,0,215.2555910543131,0,0,0,0,0,0,0,0,0,0,0,0,0,0,0,0,0,0,0,0,0,0,0,0,0,0,0,0,0,0,0,0,0,0,0,0,0,0,0,0,0,0,0,0,0,0,0,0,0,0,0,0,0,0,0,0,0,0,0,0,0,0,0,0,0,0,0,0,,,,,,,,,,,,,,,,,,,,,,,,,,,,,,,,,
evreg1,9o.relative_year_bin_aux#0b.moderator,0,215.2555910543131,0,0,0,0,0,0,0,0,0,0,0,0,0,0,0,0,0,0,0,0,0,0,0,0,0,0,0,0,0,0,0,0,0,0,0,0,0,0,0,0,0,0,0,0,0,0,0,0,0,0,0,0,0,0,0,0,0,0,0,0,0,0,0,0,0,0,0,0,,,,,,,,,,,,,,,,,,,,,,,,,,,,,,,,,
evreg1,10o.relative_year_bin_aux#0b.moderator,0,215.2555910543131,0,0,0,0,0,0,0,0,0,0,0,0,0,0,0,0,0,0,0,0,0,0,0,0,0,0,0,0,0,0,0,0,0,0,0,0,0,0,0,0,0,0,0,0,0,0,0,0,0,0,0,0,0,0,0,0,0,0,0,0,0,0,0,0,0,0,0,0,,,,,,,,,,,,,,,,,,,,,,,,,,,,,,,,,
evreg1,0b.treat#0b.moderator,0,215.2555910543131,0,0,0,0,0,0,0,0,0,0,0,0,0,0,0,0,0,0,0,0,0,0,0,0,0,0,0,0,0,0,0,0,0,0,0,0,0,0,0,0,0,0,0,0,0,0,0,0,0,0,0,0,0,0,0,0,0,0,0,0,0,0,0,0,0,0,0,0,,,,,,,,,,,,,,,,,,,,,,,,,,,,,,,,,
evreg1,1o.treat#0b.moderator,0,215.2555910543131,0,0,0,0,0,0,0,0,0,0,0,0,0,0,0,0,0,0,0,0,0,0,0,0,0,0,0,0,0,0,0,0,0,0,0,0,0,0,0,0,0,0,0,0,0,0,0,0,0,0,0,0,0,0,0,0,0,0,0,0,0,0,0,0,0,0,0,0,,,,,,,,,,,,,,,,,,,,,,,,,,,,,,,,,
evreg1,1o.relative_year_bin_aux#0b.treat#0b.moderator,0,215.2555910543131,0,0,0,0,0,0,0,0,0,0,0,0,0,0,0,0,0,0,0,0,0,0,0,0,0,0,0,0,0,0,0,0,0,0,0,0,0,0,0,0,0,0,0,0,0,0,0,0,0,0,0,0,0,0,0,0,0,0,0,0,0,0,0,0,0,0,0,0,,,,,,,,,,,,,,,,,,,,,,,,,,,,,,,,,
evreg1,1o.relative_year_bin_aux#1o.treat#0b.moderator,0,215.2555910543131,0,0,0,0,0,0,0,0,0,0,0,0,0,0,0,0,0,0,0,0,0,0,0,0,0,0,0,0,0,0,0,0,0,0,0,0,0,0,0,0,0,0,0,0,0,0,0,0,0,0,0,0,0,0,0,0,0,0,0,0,0,0,0,0,0,0,0,0,,,,,,,,,,,,,,,,,,,,,,,,,,,,,,,,,
evreg1,2o.relative_year_bin_aux#0b.treat#0b.moderator,0,215.2555910543131,0,0,0,0,0,0,0,0,0,0,0,0,0,0,0,0,0,0,0,0,0,0,0,0,0,0,0,0,0,0,0,0,0,0,0,0,0,0,0,0,0,0,0,0,0,0,0,0,0,0,0,0,0,0,0,0,0,0,0,0,0,0,0,0,0,0,0,0,,,,,,,,,,,,,,,,,,,,,,,,,,,,,,,,,
evreg1,2o.relative_year_bin_aux#1o.treat#0b.moderator,0,215.2555910543131,0,0,0,0,0,0,0,0,0,0,0,0,0,0,0,0,0,0,0,0,0,0,0,0,0,0,0,0,0,0,0,0,0,0,0,0,0,0,0,0,0,0,0,0,0,0,0,0,0,0,0,0,0,0,0,0,0,0,0,0,0,0,0,0,0,0,0,0,,,,,,,,,,,,,,,,,,,,,,,,,,,,,,,,,
evreg1,3o.relative_year_bin_aux#0b.treat#0b.moderator,0,215.2555910543131,0,0,0,0,0,0,0,0,0,0,0,0,0,0,0,0,0,0,0,0,0,0,0,0,0,0,0,0,0,0,0,0,0,0,0,0,0,0,0,0,0,0,0,0,0,0,0,0,0,0,0,0,0,0,0,0,0,0,0,0,0,0,0,0,0,0,0,0,,,,,,,,,,,,,,,,,,,,,,,,,,,,,,,,,
evreg1,3o.relative_year_bin_aux#1o.treat#0b.moderator,0,215.2555910543131,0,0,0,0,0,0,0,0,0,0,0,0,0,0,0,0,0,0,0,0,0,0,0,0,0,0,0,0,0,0,0,0,0,0,0,0,0,0,0,0,0,0,0,0,0,0,0,0,0,0,0,0,0,0,0,0,0,0,0,0,0,0,0,0,0,0,0,0,,,,,,,,,,,,,,,,,,,,,,,,,,,,,,,,,
evreg1,4o.relative_year_bin_aux#0b.treat#0b.moderator,0,215.2555910543131,0,0,0,0,0,0,0,0,0,0,0,0,0,0,0,0,0,0,0,0,0,0,0,0,0,0,0,0,0,0,0,0,0,0,0,0,0,0,0,0,0,0,0,0,0,0,0,0,0,0,0,0,0,0,0,0,0,0,0,0,0,0,0,0,0,0,0,0,,,,,,,,,,,,,,,,,,,,,,,,,,,,,,,,,
evreg1,4o.relative_year_bin_aux#1o.treat#0b.moderator,0,215.2555910543131,0,0,0,0,0,0,0,0,0,0,0,0,0,0,0,0,0,0,0,0,0,0,0,0,0,0,0,0,0,0,0,0,0,0,0,0,0,0,0,0,0,0,0,0,0,0,0,0,0,0,0,0,0,0,0,0,0,0,0,0,0,0,0,0,0,0,0,0,,,,,,,,,,,,,,,,,,,,,,,,,,,,,,,,,
evreg1,5b.relative_year_bin_aux#0b.treat#0b.moderator,0,215.2555910543131,0,0,0,0,0,0,0,0,0,0,0,0,0,0,0,0,0,0,0,0,0,0,0,0,0,0,0,0,0,0,0,0,0,0,0,0,0,0,0,0,0,0,0,0,0,0,0,0,0,0,0,0,0,0,0,0,0,0,0,0,0,0,0,0,0,0,0,0,,,,,,,,,,,,,,,,,,,,,,,,,,,,,,,,,
evreg1,5b.relative_year_bin_aux#1o.treat#0b.moderator,0,215.2555910543131,0,0,0,0,0,0,0,0,0,0,0,0,0,0,0,0,0,0,0,0,0,0,0,0,0,0,0,0,0,0,0,0,0,0,0,0,0,0,0,0,0,0,0,0,0,0,0,0,0,0,0,0,0,0,0,0,0,0,0,0,0,0,0,0,0,0,0,0,,,,,,,,,,,,,,,,,,,,,,,,,,,,,,,,,
evreg1,6o.relative_year_bin_aux#0b.treat#0b.moderator,0,215.2555910543131,0,0,0,0,0,0,0,0,0,0,0,0,0,0,0,0,0,0,0,0,0,0,0,0,0,0,0,0,0,0,0,0,0,0,0,0,0,0,0,0,0,0,0,0,0,0,0,0,0,0,0,0,0,0,0,0,0,0,0,0,0,0,0,0,0,0,0,0,,,,,,,,,,,,,,,,,,,,,,,,,,,,,,,,,
evreg1,6o.relative_year_bin_aux#1o.treat#0b.moderator,0,215.2555910543131,0,0,0,0,0,0,0,0,0,0,0,0,0,0,0,0,0,0,0,0,0,0,0,0,0,0,0,0,0,0,0,0,0,0,0,0,0,0,0,0,0,0,0,0,0,0,0,0,0,0,0,0,0,0,0,0,0,0,0,0,0,0,0,0,0,0,0,0,,,,,,,,,,,,,,,,,,,,,,,,,,,,,,,,,
evreg1,7o.relative_year_bin_aux#0b.treat#0b.moderator,0,215.2555910543131,0,0,0,0,0,0,0,0,0,0,0,0,0,0,0,0,0,0,0,0,0,0,0,0,0,0,0,0,0,0,0,0,0,0,0,0,0,0,0,0,0,0,0,0,0,0,0,0,0,0,0,0,0,0,0,0,0,0,0,0,0,0,0,0,0,0,0,0,,,,,,,,,,,,,,,,,,,,,,,,,,,,,,,,,
evreg1,7o.relative_year_bin_aux#1o.treat#0b.moderator,0,215.2555910543131,0,0,0,0,0,0,0,0,0,0,0,0,0,0,0,0,0,0,0,0,0,0,0,0,0,0,0,0,0,0,0,0,0,0,0,0,0,0,0,0,0,0,0,0,0,0,0,0,0,0,0,0,0,0,0,0,0,0,0,0,0,0,0,0,0,0,0,0,,,,,,,,,,,,,,,,,,,,,,,,,,,,,,,,,
evreg1,8o.relative_year_bin_aux#0b.treat#0b.moderator,0,215.2555910543131,0,0,0,0,0,0,0,0,0,0,0,0,0,0,0,0,0,0,0,0,0,0,0,0,0,0,0,0,0,0,0,0,0,0,0,0,0,0,0,0,0,0,0,0,0,0,0,0,0,0,0,0,0,0,0,0,0,0,0,0,0,0,0,0,0,0,0,0,,,,,,,,,,,,,,,,,,,,,,,,,,,,,,,,,
evreg1,8o.relative_year_bin_aux#1o.treat#0b.moderator,0,215.2555910543131,0,0,0,0,0,0,0,0,0,0,0,0,0,0,0,0,0,0,0,0,0,0,0,0,0,0,0,0,0,0,0,0,0,0,0,0,0,0,0,0,0,0,0,0,0,0,0,0,0,0,0,0,0,0,0,0,0,0,0,0,0,0,0,0,0,0,0,0,,,,,,,,,,,,,,,,,,,,,,,,,,,,,,,,,
evreg1,9o.relative_year_bin_aux#0b.treat#0b.moderator,0,215.2555910543131,0,0,0,0,0,0,0,0,0,0,0,0,0,0,0,0,0,0,0,0,0,0,0,0,0,0,0,0,0,0,0,0,0,0,0,0,0,0,0,0,0,0,0,0,0,0,0,0,0,0,0,0,0,0,0,0,0,0,0,0,0,0,0,0,0,0,0,0,,,,,,,,,,,,,,,,,,,,,,,,,,,,,,,,,
evreg1,9o.relative_year_bin_aux#1o.treat#0b.moderator,0,215.2555910543131,0,0,0,0,0,0,0,0,0,0,0,0,0,0,0,0,0,0,0,0,0,0,0,0,0,0,0,0,0,0,0,0,0,0,0,0,0,0,0,0,0,0,0,0,0,0,0,0,0,0,0,0,0,0,0,0,0,0,0,0,0,0,0,0,0,0,0,0,,,,,,,,,,,,,,,,,,,,,,,,,,,,,,,,,
evreg1,10o.relative_year_bin_aux#0b.treat#0b.moderator,0,215.2555910543131,0,0,0,0,0,0,0,0,0,0,0,0,0,0,0,0,0,0,0,0,0,0,0,0,0,0,0,0,0,0,0,0,0,0,0,0,0,0,0,0,0,0,0,0,0,0,0,0,0,0,0,0,0,0,0,0,0,0,0,0,0,0,0,0,0,0,0,0,,,,,,,,,,,,,,,,,,,,,,,,,,,,,,,,,
evreg1,10o.relative_year_bin_aux#1o.treat#0b.moderator,0,215.2555910543131,0,0,0,0,0,0,0,0,0,0,0,0,0,0,0,0,0,0,0,0,0,0,0,0,0,0,0,0,0,0,0,0,0,0,0,0,0,0,0,0,0,0,0,0,0,0,0,0,0,0,0,0,0,0,0,0,0,0,0,0,0,0,0,0,0,0,0,0,,,,,,,,,,,,,,,,,,,,,,,,,,,,,,,,,
evreg1,wind_direction,-.9833662517230835,215.2555910543131,0,0,0,0,0,0,0,0,0,0,0,0,0,.1253733772719818,0,.8091981687318996,0,.5382708543143264,0,.0809659746599216,0,0,0,.0290678416434121,0,.0267637307714694,0,.3979045564769489,0,-.3620484752996956,0,.2607647582823403,0,0,0,0,0,0,0,0,0,0,0,0,0,0,0,0,0,0,0,0,0,0,0,0,0,0,0,0,0,0,0,0,0,.0111931188467615,-.4837599420270079,.6346905775614461,,,,,,,,,,,,,,,,,,,,,,,,,,,,,,,,,
evreg1,av_wind_speed,94.66001187587275,215.2555910543131,0,0,0,0,0,0,0,0,0,0,0,0,0,-79.89289786433883,0,-97.24709584876763,0,-45.62981812086106,0,-32.1277924359961,0,0,0,-46.54404122603889,0,8.879911065687494,0,-23.06945929076306,0,-72.46676633753914,0,4.80392249611033,0,0,0,0,0,0,0,0,0,0,0,0,0,0,0,0,0,0,0,0,0,0,0,0,0,0,0,0,0,0,0,0,0,-.4837599420270079,245.681526575001,-309.4078785233185,,,,,,,,,,,,,,,,,,,,,,,,,,,,,,,,,
evreg1,_cons,33.31745752562958,215.2555910543131,0,0,0,0,0,0,0,0,0,0,0,0,0,1.082926774585721,0,24.67420773558896,0,-70.98800329539384,0,-71.48902854328267,0,0,0,-52.5290750174402,0,-120.5897678397737,0,-78.23525320153573,0,-21.08713951839979,0,-113.9228986765163,0,0,0,0,0,0,0,0,0,0,0,0,0,0,0,0,0,0,0,0,0,0,0,0,0,0,0,0,0,0,0,0,0,.6346905775614461,-309.4078785233185,438.5844992886168,,,,,,,,,,,,,,,,,,,,,,,,,,,,,,,,,
evreg2,1o.relative_year_bin_aux,0,215.2555910543131,0,0,0,0,0,0,0,0,0,0,0,0,0,0,0,0,0,0,0,0,0,0,0,0,0,0,0,0,0,0,0,0,0,0,0,0,0,0,0,0,0,0,0,0,0,0,0,0,0,0,0,0,0,0,0,0,0,0,0,0,0,0,0,0,0,0,0,0,0,0,0,0,0,0,0,0,0,0,0,0,0,0,0,0,0,0,0,0,0,0,0,0,0,0,0,0,0,0,0,0,0
evreg2,2o.relative_year_bin_aux,0,215.2555910543131,0,0,0,0,0,0,0,0,0,0,0,0,0,0,0,0,0,0,0,0,0,0,0,0,0,0,0,0,0,0,0,0,0,0,0,0,0,0,0,0,0,0,0,0,0,0,0,0,0,0,0,0,0,0,0,0,0,0,0,0,0,0,0,0,0,0,0,0,0,0,0,0,0,0,0,0,0,0,0,0,0,0,0,0,0,0,0,0,0,0,0,0,0,0,0,0,0,0,0,0,0
evreg2,3o.relative_year_bin_aux,0,215.2555910543131,0,0,0,0,0,0,0,0,0,0,0,0,0,0,0,0,0,0,0,0,0,0,0,0,0,0,0,0,0,0,0,0,0,0,0,0,0,0,0,0,0,0,0,0,0,0,0,0,0,0,0,0,0,0,0,0,0,0,0,0,0,0,0,0,0,0,0,0,0,0,0,0,0,0,0,0,0,0,0,0,0,0,0,0,0,0,0,0,0,0,0,0,0,0,0,0,0,0,0,0,0
evreg2,4o.relative_year_bin_aux,0,215.2555910543131,0,0,0,0,0,0,0,0,0,0,0,0,0,0,0,0,0,0,0,0,0,0,0,0,0,0,0,0,0,0,0,0,0,0,0,0,0,0,0,0,0,0,0,0,0,0,0,0,0,0,0,0,0,0,0,0,0,0,0,0,0,0,0,0,0,0,0,0,0,0,0,0,0,0,0,0,0,0,0,0,0,0,0,0,0,0,0,0,0,0,0,0,0,0,0,0,0,0,0,0,0
evreg2,5b.relative_year_bin_aux,0,215.2555910543131,0,0,0,0,0,0,0,0,0,0,0,0,0,0,0,0,0,0,0,0,0,0,0,0,0,0,0,0,0,0,0,0,0,0,0,0,0,0,0,0,0,0,0,0,0,0,0,0,0,0,0,0,0,0,0,0,0,0,0,0,0,0,0,0,0,0,0,0,0,0,0,0,0,0,0,0,0,0,0,0,0,0,0,0,0,0,0,0,0,0,0,0,0,0,0,0,0,0,0,0,0
evreg2,6o.relative_year_bin_aux,0,215.2555910543131,0,0,0,0,0,0,0,0,0,0,0,0,0,0,0,0,0,0,0,0,0,0,0,0,0,0,0,0,0,0,0,0,0,0,0,0,0,0,0,0,0,0,0,0,0,0,0,0,0,0,0,0,0,0,0,0,0,0,0,0,0,0,0,0,0,0,0,0,0,0,0,0,0,0,0,0,0,0,0,0,0,0,0,0,0,0,0,0,0,0,0,0,0,0,0,0,0,0,0,0,0
evreg2,7o.relative_year_bin_aux,0,215.2555910543131,0,0,0,0,0,0,0,0,0,0,0,0,0,0,0,0,0,0,0,0,0,0,0,0,0,0,0,0,0,0,0,0,0,0,0,0,0,0,0,0,0,0,0,0,0,0,0,0,0,0,0,0,0,0,0,0,0,0,0,0,0,0,0,0,0,0,0,0,0,0,0,0,0,0,0,0,0,0,0,0,0,0,0,0,0,0,0,0,0,0,0,0,0,0,0,0,0,0,0,0,0
evreg2,8o.relative_year_bin_aux,0,215.2555910543131,0,0,0,0,0,0,0,0,0,0,0,0,0,0,0,0,0,0,0,0,0,0,0,0,0,0,0,0,0,0,0,0,0,0,0,0,0,0,0,0,0,0,0,0,0,0,0,0,0,0,0,0,0,0,0,0,0,0,0,0,0,0,0,0,0,0,0,0,0,0,0,0,0,0,0,0,0,0,0,0,0,0,0,0,0,0,0,0,0,0,0,0,0,0,0,0,0,0,0,0,0
evreg2,9o.relative_year_bin_aux,0,215.2555910543131,0,0,0,0,0,0,0,0,0,0,0,0,0,0,0,0,0,0,0,0,0,0,0,0,0,0,0,0,0,0,0,0,0,0,0,0,0,0,0,0,0,0,0,0,0,0,0,0,0,0,0,0,0,0,0,0,0,0,0,0,0,0,0,0,0,0,0,0,0,0,0,0,0,0,0,0,0,0,0,0,0,0,0,0,0,0,0,0,0,0,0,0,0,0,0,0,0,0,0,0,0
evreg2,10o.relative_year_bin_aux,0,215.2555910543131,0,0,0,0,0,0,0,0,0,0,0,0,0,0,0,0,0,0,0,0,0,0,0,0,0,0,0,0,0,0,0,0,0,0,0,0,0,0,0,0,0,0,0,0,0,0,0,0,0,0,0,0,0,0,0,0,0,0,0,0,0,0,0,0,0,0,0,0,0,0,0,0,0,0,0,0,0,0,0,0,0,0,0,0,0,0,0,0,0,0,0,0,0,0,0,0,0,0,0,0,0
evreg2,0b.treat,0,215.2555910543131,0,0,0,0,0,0,0,0,0,0,0,0,0,0,0,0,0,0,0,0,0,0,0,0,0,0,0,0,0,0,0,0,0,0,0,0,0,0,0,0,0,0,0,0,0,0,0,0,0,0,0,0,0,0,0,0,0,0,0,0,0,0,0,0,0,0,0,0,0,0,0,0,0,0,0,0,0,0,0,0,0,0,0,0,0,0,0,0,0,0,0,0,0,0,0,0,0,0,0,0,0
evreg2,1o.treat,0,215.2555910543131,0,0,0,0,0,0,0,0,0,0,0,0,0,0,0,0,0,0,0,0,0,0,0,0,0,0,0,0,0,0,0,0,0,0,0,0,0,0,0,0,0,0,0,0,0,0,0,0,0,0,0,0,0,0,0,0,0,0,0,0,0,0,0,0,0,0,0,0,0,0,0,0,0,0,0,0,0,0,0,0,0,0,0,0,0,0,0,0,0,0,0,0,0,0,0,0,0,0,0,0,0
evreg2,1o.relative_year_bin_aux#0b.treat,0,215.2555910543131,0,0,0,0,0,0,0,0,0,0,0,0,0,0,0,0,0,0,0,0,0,0,0,0,0,0,0,0,0,0,0,0,0,0,0,0,0,0,0,0,0,0,0,0,0,0,0,0,0,0,0,0,0,0,0,0,0,0,0,0,0,0,0,0,0,0,0,0,0,0,0,0,0,0,0,0,0,0,0,0,0,0,0,0,0,0,0,0,0,0,0,0,0,0,0,0,0,0,0,0,0
evreg2,1.relative_year_bin_aux#1.treat,-58.21648494378211,215.2555910543131,0,0,0,0,0,0,0,0,0,0,0,0,0,1581.793238362166,0,207.9119865808842,0,89.91140455906304,0,382.0290529880871,0,0,0,244.9685883600595,0,238.6979723890957,0,231.1634487909718,0,234.9505145770876,0,241.8589479016288,0,-295.4459356956908,0,822.6456647866048,0,142.9865297898588,0,268.525970653902,0,166.3693692448454,0,0,0,282.9720138401923,0,285.6193245340786,0,283.847004685773,0,291.948794758593,0,295.8124357725094,0,0,0,438.9850997258848,0,0,0,-1973.7477587622,0,0,0,-460.2364697764428,0,0,0,-205.8897467511602,0,0,0,-485.2501497315405,0,0,0,0,0,0,0,-425.7847538048012,0,0,0,-422.6274607049357,0,0,0,-417.951324889882,0,0,0,-435.4455346498393,0,0,0,-444.4762427521046,-.2949295478286166,-5.347078341865667,-108.7782312816057
evreg2,2o.relative_year_bin_aux#0b.treat,0,215.2555910543131,0,0,0,0,0,0,0,0,0,0,0,0,0,0,0,0,0,0,0,0,0,0,0,0,0,0,0,0,0,0,0,0,0,0,0,0,0,0,0,0,0,0,0,0,0,0,0,0,0,0,0,0,0,0,0,0,0,0,0,0,0,0,0,0,0,0,0,0,0,0,0,0,0,0,0,0,0,0,0,0,0,0,0,0,0,0,0,0,0,0,0,0,0,0,0,0,0,0,0,0,0
evreg2,2.relative_year_bin_aux#1.treat,-19.8949106557646,215.2555910543131,0,0,0,0,0,0,0,0,0,0,0,0,0,207.9119865808842,0,881.342598528299,0,338.2897596036744,0,311.7946040086003,0,0,0,375.1152292118735,0,369.8726155210638,0,372.9794199002316,0,372.3444916639476,0,373.2846060886463,0,-164.3758304424811,0,97.61189812377421,0,306.0714598011974,0,200.5572859798678,0,153.7716123552431,0,0,0,161.9485512816605,0,165.3546223567915,0,162.5998217745744,0,156.3375954560912,0,160.9900973137798,0,0,0,475.5463539851195,0,0,0,-290.5076153127521,0,0,0,-741.6066925780119,0,0,0,-392.0412700685848,0,0,0,-337.4177811669421,0,0,0,0,0,0,0,-431.1300438125702,0,0,0,-424.9925031249409,0,0,0,-424.5093622779237,0,0,0,-414.0501592444041,0,0,0,-425.4484887509103,.5930007669957142,-97.37420166339049,-52.70530640494387
evreg2,3o.relative_year_bin_aux#0b.treat,0,215.2555910543131,0,0,0,0,0,0,0,0,0,0,0,0,0,0,0,0,0,0,0,0,0,0,0,0,0,0,0,0,0,0,0,0,0,0,0,0,0,0,0,0,0,0,0,0,0,0,0,0,0,0,0,0,0,0,0,0,0,0,0,0,0,0,0,0,0,0,0,0,0,0,0,0,0,0,0,0,0,0,0,0,0,0,0,0,0,0,0,0,0,0,0,0,0,0,0,0,0,0,0,0,0
evreg2,3.relative_year_bin_aux#1.treat,-12.12001673840231,215.2555910543131,0,0,0,0,0,0,0,0,0,0,0,0,0,89.91140455906304,0,338.2897596036744,0,1543.009507014322,0,464.6982374685673,0,0,0,624.5745001202135,0,615.8442767928065,0,615.7348934769075,0,603.4427686172183,0,603.989409486156,0,-466.6453366095435,0,356.0040748517871,0,313.0717430220971,0,714.1473456134541,0,297.2678641438491,0,0,0,440.5730905247863,0,445.7807246420846,0,439.737541478485,0,432.0573212102344,0,433.5074770434115,0,0,0,692.8601652295959,0,0,0,199.2552578491465,0,0,0,-312.4110336605808,0,0,0,-1528.043580694217,0,0,0,-371.2857486404187,0,0,0,0,0,0,0,-639.3907877150407,0,0,0,-631.6274282814941,0,0,0,-625.6215733139011,0,0,0,-604.5214051037303,0,0,0,-611.802979586885,.7118532929579569,-143.668066650282,-64.30724715434393
evreg2,4o.relative_year_bin_aux#0b.treat,0,215.2555910543131,0,0,0,0,0,0,0,0,0,0,0,0,0,0,0,0,0,0,0,0,0,0,0,0,0,0,0,0,0,0,0,0,0,0,0,0,0,0,0,0,0,0,0,0,0,0,0,0,0,0,0,0,0,0,0,0,0,0,0,0,0,0,0,0,0,0,0,0,0,0,0,0,0,0,0,0,0,0,0,0,0,0,0,0,0,0,0,0,0,0,0,0,0,0,0,0,0,0,0,0,0
evreg2,4.relative_year_bin_aux#1.treat,-17.55294527246931,215.2555910543131,0,0,0,0,0,0,0,0,0,0,0,0,0,382.0290529880871,0,311.7946040086003,0,464.6982374685673,0,971.7436928439695,0,0,0,394.8809516535594,0,390.9608657905986,0,387.3489000501757,0,375.2699465050105,0,373.7523363456197,0,-242.4758805980782,0,192.3765785265982,0,126.6283870111501,0,257.767902442672,0,528.3837095953243,0,0,0,246.0585275584302,0,247.7038824226653,0,246.8311629812609,0,245.4220411433691,0,246.1920910480861,0,0,0,399.2789042973853,0,0,0,-342.63800270319,0,0,0,-297.2200607796568,0,0,0,-420.3259988715727,0,0,0,-1037.678735162802,0,0,0,0,0,0,0,-402.1979701916881,0,0,0,-402.3107576126604,0,0,0,-400.1614872589829,0,0,0,-385.6251199804998,0,0,0,-386.8110397002273,.0439840506842577,-72.01236281605972,-85.91766442312611
evreg2,5b.relative_year_bin_aux#0b.treat,0,215.2555910543131,0,0,0,0,0,0,0,0,0,0,0,0,0,0,0,0,0,0,0,0,0,0,0,0,0,0,0,0,0,0,0,0,0,0,0,0,0,0,0,0,0,0,0,0,0,0,0,0,0,0,0,0,0,0,0,0,0,0,0,0,0,0,0,0,0,0,0,0,0,0,0,0,0,0,0,0,0,0,0,0,0,0,0,0,0,0,0,0,0,0,0,0,0,0,0,0,0,0,0,0,0
evreg2,5b.relative_year_bin_aux#1o.treat,0,215.2555910543131,0,0,0,0,0,0,0,0,0,0,0,0,0,0,0,0,0,0,0,0,0,0,0,0,0,0,0,0,0,0,0,0,0,0,0,0,0,0,0,0,0,0,0,0,0,0,0,0,0,0,0,0,0,0,0,0,0,0,0,0,0,0,0,0,0,0,0,0,0,0,0,0,0,0,0,0,0,0,0,0,0,0,0,0,0,0,0,0,0,0,0,0,0,0,0,0,0,0,0,0,0
evreg2,6o.relative_year_bin_aux#0b.treat,0,215.2555910543131,0,0,0,0,0,0,0,0,0,0,0,0,0,0,0,0,0,0,0,0,0,0,0,0,0,0,0,0,0,0,0,0,0,0,0,0,0,0,0,0,0,0,0,0,0,0,0,0,0,0,0,0,0,0,0,0,0,0,0,0,0,0,0,0,0,0,0,0,0,0,0,0,0,0,0,0,0,0,0,0,0,0,0,0,0,0,0,0,0,0,0,0,0,0,0,0,0,0,0,0,0
evreg2,6.relative_year_bin_aux#1.treat,10.7630816957082,215.2555910543131,0,0,0,0,0,0,0,0,0,0,0,0,0,244.9685883600595,0,375.1152292118735,0,624.5745001202135,0,394.8809516535594,0,0,0,1603.879620352282,0,1256.580614699049,0,1200.197891407019,0,1256.150134452603,0,1161.075909526473,0,-845.7637708560828,0,362.4009048275851,0,349.983952837414,0,432.344996533277,0,335.7874670968565,0,0,0,1121.105055572772,0,964.4936701101255,0,969.8265688330862,0,1030.197170374657,0,1109.124993163628,0,0,0,1306.94061662376,0,0,0,-225.5607363612304,0,0,0,-409.5624367409911,0,0,0,-588.8609388263704,0,0,0,-328.5734234883087,0,0,0,0,0,0,0,-2220.85128823063,0,0,0,-1896.320878370742,0,0,0,-1767.800164227603,0,0,0,-1636.104630243799,0,0,0,-1883.792151975103,-.2485930311151237,-119.9680337315624,-167.8423315083235
evreg2,7o.relative_year_bin_aux#0b.treat,0,215.2555910543131,0,0,0,0,0,0,0,0,0,0,0,0,0,0,0,0,0,0,0,0,0,0,0,0,0,0,0,0,0,0,0,0,0,0,0,0,0,0,0,0,0,0,0,0,0,0,0,0,0,0,0,0,0,0,0,0,0,0,0,0,0,0,0,0,0,0,0,0,0,0,0,0,0,0,0,0,0,0,0,0,0,0,0,0,0,0,0,0,0,0,0,0,0,0,0,0,0,0,0,0,0
evreg2,7.relative_year_bin_aux#1.treat,9.736208581951587,215.2555910543131,0,0,0,0,0,0,0,0,0,0,0,0,0,238.6979723890957,0,369.8726155210638,0,615.8442767928065,0,390.9608657905986,0,0,0,1256.580614699049,0,1755.902103642586,0,1226.198855132849,0,1004.095979763207,0,1275.169190515811,0,-860.5564993368562,0,361.5992182986342,0,355.8002981902263,0,433.5772506244843,0,339.2232380328503,0,0,0,1030.866637497573,0,1261.568972846246,0,1044.291978137261,0,927.4799222809502,0,1224.278639430998,0,0,0,1317.969075022987,0,0,0,-223.9364798893685,0,0,0,-413.1776752975353,0,0,0,-583.4675293382436,0,0,0,-327.3021416780883,0,0,0,0,0,0,0,-1936.84887241164,0,0,0,-2342.58037256869,0,0,0,-1773.865915048541,0,0,0,-1643.912469463731,0,0,0,-1945.393814020876,.0091892009000954,-41.68182238419115,-272.4818503801617
evreg2,8o.relative_year_bin_aux#0b.treat,0,215.2555910543131,0,0,0,0,0,0,0,0,0,0,0,0,0,0,0,0,0,0,0,0,0,0,0,0,0,0,0,0,0,0,0,0,0,0,0,0,0,0,0,0,0,0,0,0,0,0,0,0,0,0,0,0,0,0,0,0,0,0,0,0,0,0,0,0,0,0,0,0,0,0,0,0,0,0,0,0,0,0,0,0,0,0,0,0,0,0,0,0,0,0,0,0,0,0,0,0,0,0,0,0,0
evreg2,8.relative_year_bin_aux#1.treat,21.27003724393814,215.2555910543131,0,0,0,0,0,0,0,0,0,0,0,0,0,231.1634487909718,0,372.9794199002316,0,615.7348934769075,0,387.3489000501757,0,0,0,1200.197891407019,0,1226.198855132849,0,1701.810557417037,0,1329.124486443719,0,1261.074375559069,0,-847.8777819002818,0,353.6415228392125,0,350.3042517857508,0,426.9810407104289,0,338.641392880221,0,0,0,999.8761162114779,0,1032.145682007282,0,1113.615048687632,0,1049.711761837915,0,1130.779083774669,0,0,0,1306.057550122004,0,0,0,-223.0979411933277,0,0,0,-413.6040119712019,0,0,0,-586.5673225900282,0,0,0,-331.4280606355475,0,0,0,0,0,0,0,-1702.355960579179,0,0,0,-1912.727588498379,0,0,0,-2328.874904639973,0,0,0,-2100.241411794009,0,0,0,-2047.856340169119,.2286158746909395,-51.74516478342015,-249.9756847239245
evreg2,9o.relative_year_bin_aux#0b.treat,0,215.2555910543131,0,0,0,0,0,0,0,0,0,0,0,0,0,0,0,0,0,0,0,0,0,0,0,0,0,0,0,0,0,0,0,0,0,0,0,0,0,0,0,0,0,0,0,0,0,0,0,0,0,0,0,0,0,0,0,0,0,0,0,0,0,0,0,0,0,0,0,0,0,0,0,0,0,0,0,0,0,0,0,0,0,0,0,0,0,0,0,0,0,0,0,0,0,0,0,0,0,0,0,0,0
evreg2,9.relative_year_bin_aux#1.treat,-2.270863938987784,215.2555910543131,0,0,0,0,0,0,0,0,0,0,0,0,0,234.9505145770876,0,372.3444916639476,0,603.4427686172183,0,375.2699465050105,0,0,0,1256.150134452603,0,1004.095979763207,0,1329.124486443719,0,2120.046446920752,0,1233.254963316991,0,-839.662976075487,0,359.3108873010908,0,356.3703591398836,0,430.4696572141281,0,338.494538943908,0,0,0,1138.846426382995,0,947.429340316163,0,1103.154716830207,0,1704.035323301266,0,1167.789358499317,0,0,0,1301.677155196759,0,0,0,-240.7220403871436,0,0,0,-422.8631809111172,0,0,0,-574.697522091345,0,0,0,-316.4384349858651,0,0,0,0,0,0,0,-1809.278457762406,0,0,0,-1725.688062889715,0,0,0,-1924.959336900359,0,0,0,-2852.473117545177,0,0,0,-1934.656358363137,-.0274681078225923,-119.7966998355369,-192.9163747607408
evreg2,10o.relative_year_bin_aux#0b.treat,0,215.2555910543131,0,0,0,0,0,0,0,0,0,0,0,0,0,0,0,0,0,0,0,0,0,0,0,0,0,0,0,0,0,0,0,0,0,0,0,0,0,0,0,0,0,0,0,0,0,0,0,0,0,0,0,0,0,0,0,0,0,0,0,0,0,0,0,0,0,0,0,0,0,0,0,0,0,0,0,0,0,0,0,0,0,0,0,0,0,0,0,0,0,0,0,0,0,0,0,0,0,0,0,0,0
evreg2,10.relative_year_bin_aux#1.treat,-29.9997084609062,215.2555910543131,0,0,0,0,0,0,0,0,0,0,0,0,0,241.8589479016288,0,373.2846060886463,0,603.989409486156,0,373.7523363456197,0,0,0,1161.075909526473,0,1275.169190515811,0,1261.074375559069,0,1233.254963316991,0,2046.910305518308,0,-850.9412611577577,0,359.0590995512654,0,355.6737198932891,0,431.6393914430653,0,338.872450534469,0,0,0,1144.702856159848,0,1108.374166933005,0,1212.915807565996,0,1265.438959039237,0,1864.908786250288,0,0,0,1314.605112041452,0,0,0,-248.0931185282693,0,0,0,-424.2880474514876,0,0,0,-576.8967189976595,0,0,0,-317.3182660915224,0,0,0,0,0,0,0,-1710.324843034086,0,0,0,-1860.030500607425,0,0,0,-2019.014195936657,0,0,0,-2073.528468181786,0,0,0,-2947.12083757005,.3468119139835643,-69.73539322205963,-278.5334089868691
evreg2,0b.downup_ac_pop,0,215.2555910543131,0,0,0,0,0,0,0,0,0,0,0,0,0,0,0,0,0,0,0,0,0,0,0,0,0,0,0,0,0,0,0,0,0,0,0,0,0,0,0,0,0,0,0,0,0,0,0,0,0,0,0,0,0,0,0,0,0,0,0,0,0,0,0,0,0,0,0,0,0,0,0,0,0,0,0,0,0,0,0,0,0,0,0,0,0,0,0,0,0,0,0,0,0,0,0,0,0,0,0,0,0
evreg2,1.downup_ac_pop,.1329094539820157,215.2555910543131,0,0,0,0,0,0,0,0,0,0,0,0,0,-295.4459356956908,0,-164.3758304424811,0,-466.6453366095435,0,-242.4758805980782,0,0,0,-845.7637708560828,0,-860.5564993368562,0,-847.8777819002818,0,-839.662976075487,0,-850.9412611577577,0,1893.95346457954,0,-778.851720063966,0,-811.7268942888943,0,-905.8420267550756,0,-656.3961845355136,0,0,0,-1756.641852449793,0,-1769.525192197615,0,-1741.376477641099,0,-1735.374340456403,0,-1736.027798037235,0,0,0,-1905.069938179614,0,0,0,805.1892167528557,0,0,0,776.5958872736506,0,0,0,941.6117986372649,0,0,0,647.479847480571,0,0,0,0,0,0,0,1767.854488339919,0,0,0,1784.925688693437,0,0,0,1759.738896622064,0,0,0,1760.870255993529,0,0,0,1756.270079759044,.5861937620096105,2.59995251888548,38.40273884593995
evreg2,1o.relative_year_bin_aux#0b.downup_ac_pop,0,215.2555910543131,0,0,0,0,0,0,0,0,0,0,0,0,0,0,0,0,0,0,0,0,0,0,0,0,0,0,0,0,0,0,0,0,0,0,0,0,0,0,0,0,0,0,0,0,0,0,0,0,0,0,0,0,0,0,0,0,0,0,0,0,0,0,0,0,0,0,0,0,0,0,0,0,0,0,0,0,0,0,0,0,0,0,0,0,0,0,0,0,0,0,0,0,0,0,0,0,0,0,0,0,0
evreg2,1.relative_year_bin_aux#1.downup_ac_pop,-48.87087295487647,215.2555910543131,0,0,0,0,0,0,0,0,0,0,0,0,0,822.6456647866048,0,97.61189812377421,0,356.0040748517871,0,192.3765785265982,0,0,0,362.4009048275851,0,361.5992182986342,0,353.6415228392125,0,359.3108873010908,0,359.0590995512654,0,-778.851720063966,0,1541.439541493776,0,461.9091633585909,0,690.00113567521,0,393.8274160765728,0,0,0,749.2791458495558,0,749.3167337932,0,738.8756702619344,0,746.9850142868568,0,746.5041433973781,0,0,0,789.7372852636649,0,0,0,-1538.792800846071,0,0,0,-444.6168219047889,0,0,0,-724.1839384828569,0,0,0,-392.7472224945818,0,0,0,0,0,0,0,-765.0862859473096,0,0,0,-764.268993115999,0,0,0,-755.9705613638471,0,0,0,-761.7959559086682,0,0,0,-763.0956970524543,-.2867307380866522,-87.23745820942003,5.608626944681987
evreg2,2o.relative_year_bin_aux#0b.downup_ac_pop,0,215.2555910543131,0,0,0,0,0,0,0,0,0,0,0,0,0,0,0,0,0,0,0,0,0,0,0,0,0,0,0,0,0,0,0,0,0,0,0,0,0,0,0,0,0,0,0,0,0,0,0,0,0,0,0,0,0,0,0,0,0,0,0,0,0,0,0,0,0,0,0,0,0,0,0,0,0,0,0,0,0,0,0,0,0,0,0,0,0,0,0,0,0,0,0,0,0,0,0,0,0,0,0,0,0
evreg2,2.relative_year_bin_aux#1.downup_ac_pop,-.3337541832878395,215.2555910543131,0,0,0,0,0,0,0,0,0,0,0,0,0,142.9865297898588,0,306.0714598011974,0,313.0717430220971,0,126.6283870111501,0,0,0,349.983952837414,0,355.8002981902263,0,350.3042517857508,0,356.3703591398836,0,355.6737198932891,0,-811.7268942888943,0,461.9091633585909,0,863.9473613974334,0,588.6749231504963,0,394.4720030575875,0,0,0,772.455067398417,0,773.6713479934733,0,765.4464875168273,0,774.6636376166057,0,770.3874114828554,0,0,0,829.4849601575839,0,0,0,-448.8886363766852,0,0,0,-840.949541510614,0,0,0,-586.0578027980381,0,0,0,-363.5638229727265,0,0,0,0,0,0,0,-787.055501649023,0,0,0,-790.0391589017161,0,0,0,-782.5222599131964,0,0,0,-795.2363805062535,0,0,0,-787.9295516067473,-.163885371687838,10.5267968551025,-82.99072234225389
evreg2,3o.relative_year_bin_aux#0b.downup_ac_pop,0,215.2555910543131,0,0,0,0,0,0,0,0,0,0,0,0,0,0,0,0,0,0,0,0,0,0,0,0,0,0,0,0,0,0,0,0,0,0,0,0,0,0,0,0,0,0,0,0,0,0,0,0,0,0,0,0,0,0,0,0,0,0,0,0,0,0,0,0,0,0,0,0,0,0,0,0,0,0,0,0,0,0,0,0,0,0,0,0,0,0,0,0,0,0,0,0,0,0,0,0,0,0,0,0,0
evreg2,3.relative_year_bin_aux#1.downup_ac_pop,-37.03705624754168,215.2555910543131,0,0,0,0,0,0,0,0,0,0,0,0,0,268.525970653902,0,200.5572859798678,0,714.1473456134541,0,257.767902442672,0,0,0,432.344996533277,0,433.5772506244843,0,426.9810407104289,0,430.4696572141281,0,431.6393914430653,0,-905.8420267550756,0,690.00113567521,0,588.6749231504963,0,1166.397576744646,0,481.3065434741965,0,0,0,860.508343091263,0,859.4385820440273,0,848.3464792762621,0,853.7055158544291,0,850.7363055560279,0,0,0,917.7561634950972,0,0,0,-664.5549343965713,0,0,0,-579.2526073014238,0,0,0,-1210.301799739092,0,0,0,-475.1410214083677,0,0,0,0,0,0,0,-872.5059735458315,0,0,0,-872.9372812657165,0,0,0,-863.66130039369,0,0,0,-871.7967869966759,0,0,0,-866.8874655521302,-.204846851780034,-47.52832719892288,-53.05186899051361
evreg2,4o.relative_year_bin_aux#0b.downup_ac_pop,0,215.2555910543131,0,0,0,0,0,0,0,0,0,0,0,0,0,0,0,0,0,0,0,0,0,0,0,0,0,0,0,0,0,0,0,0,0,0,0,0,0,0,0,0,0,0,0,0,0,0,0,0,0,0,0,0,0,0,0,0,0,0,0,0,0,0,0,0,0,0,0,0,0,0,0,0,0,0,0,0,0,0,0,0,0,0,0,0,0,0,0,0,0,0,0,0,0,0,0,0,0,0,0,0,0
evreg2,4.relative_year_bin_aux#1.downup_ac_pop,-42.46818287866809,215.2555910543131,0,0,0,0,0,0,0,0,0,0,0,0,0,166.3693692448454,0,153.7716123552431,0,297.2678641438491,0,528.3837095953243,0,0,0,335.7874670968565,0,339.2232380328503,0,338.641392880221,0,338.494538943908,0,338.872450534469,0,-656.3961845355136,0,393.8274160765728,0,394.4720030575875,0,481.3065434741965,0,917.2507188804287,0,0,0,644.4558210302484,0,647.9245612676051,0,646.5626761417104,0,647.5165059282192,0,649.5827596936881,0,0,0,666.8480215774778,0,0,0,-405.2023420754865,0,0,0,-391.1172308373904,0,0,0,-482.9339406012497,0,0,0,-922.2299663594172,0,0,0,0,0,0,0,-652.5718687165153,0,0,0,-655.0116588746735,0,0,0,-655.4805327104838,0,0,0,-655.626107956909,0,0,0,-656.833487613671,.0679909821218792,-38.05371927600932,-53.40111754762601
evreg2,5b.relative_year_bin_aux#0b.downup_ac_pop,0,215.2555910543131,0,0,0,0,0,0,0,0,0,0,0,0,0,0,0,0,0,0,0,0,0,0,0,0,0,0,0,0,0,0,0,0,0,0,0,0,0,0,0,0,0,0,0,0,0,0,0,0,0,0,0,0,0,0,0,0,0,0,0,0,0,0,0,0,0,0,0,0,0,0,0,0,0,0,0,0,0,0,0,0,0,0,0,0,0,0,0,0,0,0,0,0,0,0,0,0,0,0,0,0,0
evreg2,5b.relative_year_bin_aux#1o.downup_ac_pop,0,215.2555910543131,0,0,0,0,0,0,0,0,0,0,0,0,0,0,0,0,0,0,0,0,0,0,0,0,0,0,0,0,0,0,0,0,0,0,0,0,0,0,0,0,0,0,0,0,0,0,0,0,0,0,0,0,0,0,0,0,0,0,0,0,0,0,0,0,0,0,0,0,0,0,0,0,0,0,0,0,0,0,0,0,0,0,0,0,0,0,0,0,0,0,0,0,0,0,0,0,0,0,0,0,0
evreg2,6o.relative_year_bin_aux#0b.downup_ac_pop,0,215.2555910543131,0,0,0,0,0,0,0,0,0,0,0,0,0,0,0,0,0,0,0,0,0,0,0,0,0,0,0,0,0,0,0,0,0,0,0,0,0,0,0,0,0,0,0,0,0,0,0,0,0,0,0,0,0,0,0,0,0,0,0,0,0,0,0,0,0,0,0,0,0,0,0,0,0,0,0,0,0,0,0,0,0,0,0,0,0,0,0,0,0,0,0,0,0,0,0,0,0,0,0,0,0
evreg2,6.relative_year_bin_aux#1.downup_ac_pop,2.587061834201974,215.2555910543131,0,0,0,0,0,0,0,0,0,0,0,0,0,282.9720138401923,0,161.9485512816605,0,440.5730905247863,0,246.0585275584302,0,0,0,1121.105055572772,0,1030.866637497573,0,999.8761162114779,0,1138.846426382995,0,1144.702856159848,0,-1756.641852449793,0,749.2791458495558,0,772.455067398417,0,860.508343091263,0,644.4558210302484,0,0,0,2385.128743605009,0,2068.74816499939,0,2006.584671184434,0,2200.015929506797,0,2322.779643161,0,0,0,1765.897867915987,0,0,0,-777.5962749460464,0,0,0,-741.4428722588775,0,0,0,-891.0472138400796,0,0,0,-636.502631534262,0,0,0,0,0,0,0,-2399.936438776163,0,0,0,-2075.736361034536,0,0,0,-2022.795031210198,0,0,0,-2221.828242943558,0,0,0,-2333.879980615461,-.5004217150005578,-23.7362818948482,-150.2432460643425
evreg2,7o.relative_year_bin_aux#0b.downup_ac_pop,0,215.2555910543131,0,0,0,0,0,0,0,0,0,0,0,0,0,0,0,0,0,0,0,0,0,0,0,0,0,0,0,0,0,0,0,0,0,0,0,0,0,0,0,0,0,0,0,0,0,0,0,0,0,0,0,0,0,0,0,0,0,0,0,0,0,0,0,0,0,0,0,0,0,0,0,0,0,0,0,0,0,0,0,0,0,0,0,0,0,0,0,0,0,0,0,0,0,0,0,0,0,0,0,0,0
evreg2,7.relative_year_bin_aux#1.downup_ac_pop,7.870487142026107,215.2555910543131,0,0,0,0,0,0,0,0,0,0,0,0,0,285.6193245340786,0,165.3546223567915,0,445.7807246420846,0,247.7038824226653,0,0,0,964.4936701101255,0,1261.568972846246,0,1032.145682007282,0,947.429340316163,0,1108.374166933005,0,-1769.525192197615,0,749.3167337932,0,773.6713479934733,0,859.4385820440273,0,647.9245612676051,0,0,0,2068.74816499939,0,2482.456863493833,0,2013.926283011177,0,1997.74342947708,0,2212.059020268745,0,0,0,1782.330761556586,0,0,0,-772.9360829168248,0,0,0,-740.3853624996198,0,0,0,-895.0462276392029,0,0,0,-639.5408776248142,0,0,0,0,0,0,0,-2079.839700689428,0,0,0,-2496.362948860022,0,0,0,-2046.095319546485,0,0,0,-2029.130757336794,0,0,0,-2230.119759558532,-.4020992855233029,23.54275121391995,-197.7911875000736
evreg2,8o.relative_year_bin_aux#0b.downup_ac_pop,0,215.2555910543131,0,0,0,0,0,0,0,0,0,0,0,0,0,0,0,0,0,0,0,0,0,0,0,0,0,0,0,0,0,0,0,0,0,0,0,0,0,0,0,0,0,0,0,0,0,0,0,0,0,0,0,0,0,0,0,0,0,0,0,0,0,0,0,0,0,0,0,0,0,0,0,0,0,0,0,0,0,0,0,0,0,0,0,0,0,0,0,0,0,0,0,0,0,0,0,0,0,0,0,0,0
evreg2,8.relative_year_bin_aux#1.downup_ac_pop,44.96141582706969,215.2555910543131,0,0,0,0,0,0,0,0,0,0,0,0,0,283.847004685773,0,162.5998217745744,0,439.737541478485,0,246.8311629812609,0,0,0,969.8265688330862,0,1044.291978137261,0,1113.615048687632,0,1103.154716830207,0,1212.915807565996,0,-1741.376477641099,0,738.8756702619344,0,765.4464875168273,0,848.3464792762621,0,646.5626761417104,0,0,0,2006.584671184434,0,2013.926283011177,0,2462.440293556031,0,2400.450291611074,0,2440.699610774239,0,0,0,1753.997563361172,0,0,0,-765.3971145058753,0,0,0,-732.1720828403184,0,0,0,-881.7891486349242,0,0,0,-637.9965229438205,0,0,0,0,0,0,0,-2020.390741526028,0,0,0,-2032.482605594292,0,0,0,-2474.586216223726,0,0,0,-2408.570735559137,0,0,0,-2459.488774103787,-.4082205446566478,27.41457660820128,-219.6382597927046
evreg2,9o.relative_year_bin_aux#0b.downup_ac_pop,0,215.2555910543131,0,0,0,0,0,0,0,0,0,0,0,0,0,0,0,0,0,0,0,0,0,0,0,0,0,0,0,0,0,0,0,0,0,0,0,0,0,0,0,0,0,0,0,0,0,0,0,0,0,0,0,0,0,0,0,0,0,0,0,0,0,0,0,0,0,0,0,0,0,0,0,0,0,0,0,0,0,0,0,0,0,0,0,0,0,0,0,0,0,0,0,0,0,0,0,0,0,0,0,0,0
evreg2,9.relative_year_bin_aux#1.downup_ac_pop,-4.072575674452456,215.2555910543131,0,0,0,0,0,0,0,0,0,0,0,0,0,291.948794758593,0,156.3375954560912,0,432.0573212102344,0,245.4220411433691,0,0,0,1030.197170374657,0,927.4799222809502,0,1049.711761837915,0,1704.035323301266,0,1265.438959039237,0,-1735.374340456403,0,746.9850142868568,0,774.6636376166057,0,853.7055158544291,0,647.5165059282192,0,0,0,2200.015929506797,0,1997.74342947708,0,2400.450291611074,0,3363.029899973212,0,2613.237811605593,0,0,0,1740.404793159271,0,0,0,-781.4304397207242,0,0,0,-743.5076659500093,0,0,0,-879.6007591274813,0,0,0,-642.0599385726161,0,0,0,0,0,0,0,-2205.841135145882,0,0,0,-2014.392087893948,0,0,0,-2412.227977755347,0,0,0,-3379.129548922346,0,0,0,-2627.323187378726,-.2449128813926253,-64.29944663654973,-140.9770288691785
evreg2,10o.relative_year_bin_aux#0b.downup_ac_pop,0,215.2555910543131,0,0,0,0,0,0,0,0,0,0,0,0,0,0,0,0,0,0,0,0,0,0,0,0,0,0,0,0,0,0,0,0,0,0,0,0,0,0,0,0,0,0,0,0,0,0,0,0,0,0,0,0,0,0,0,0,0,0,0,0,0,0,0,0,0,0,0,0,0,0,0,0,0,0,0,0,0,0,0,0,0,0,0,0,0,0,0,0,0,0,0,0,0,0,0,0,0,0,0,0,0
evreg2,10.relative_year_bin_aux#1.downup_ac_pop,14.36650076427854,215.2555910543131,0,0,0,0,0,0,0,0,0,0,0,0,0,295.8124357725094,0,160.9900973137798,0,433.5074770434115,0,246.1920910480861,0,0,0,1109.124993163628,0,1224.278639430998,0,1130.779083774669,0,1167.789358499317,0,1864.908786250288,0,-1736.027798037235,0,746.5041433973781,0,770.3874114828554,0,850.7363055560279,0,649.5827596936881,0,0,0,2322.779643161,0,2212.059020268745,0,2440.699610774239,0,2613.237811605593,0,3825.661145620207,0,0,0,1743.508760492686,0,0,0,-780.9283453608286,0,0,0,-738.7476062623002,0,0,0,-878.8034336463677,0,0,0,-642.3408367556647,0,0,0,0,0,0,0,-2338.15177374216,0,0,0,-2210.343826952804,0,0,0,-2448.78034420962,0,0,0,-2626.282305830351,0,0,0,-3840.616375382497,-.2917363755272918,22.06065055260908,-304.796657379514
evreg2,0b.treat#0b.downup_ac_pop,0,215.2555910543131,0,0,0,0,0,0,0,0,0,0,0,0,0,0,0,0,0,0,0,0,0,0,0,0,0,0,0,0,0,0,0,0,0,0,0,0,0,0,0,0,0,0,0,0,0,0,0,0,0,0,0,0,0,0,0,0,0,0,0,0,0,0,0,0,0,0,0,0,0,0,0,0,0,0,0,0,0,0,0,0,0,0,0,0,0,0,0,0,0,0,0,0,0,0,0,0,0,0,0,0,0
evreg2,0b.treat#1o.downup_ac_pop,0,215.2555910543131,0,0,0,0,0,0,0,0,0,0,0,0,0,0,0,0,0,0,0,0,0,0,0,0,0,0,0,0,0,0,0,0,0,0,0,0,0,0,0,0,0,0,0,0,0,0,0,0,0,0,0,0,0,0,0,0,0,0,0,0,0,0,0,0,0,0,0,0,0,0,0,0,0,0,0,0,0,0,0,0,0,0,0,0,0,0,0,0,0,0,0,0,0,0,0,0,0,0,0,0,0
evreg2,1o.treat#0b.downup_ac_pop,0,215.2555910543131,0,0,0,0,0,0,0,0,0,0,0,0,0,0,0,0,0,0,0,0,0,0,0,0,0,0,0,0,0,0,0,0,0,0,0,0,0,0,0,0,0,0,0,0,0,0,0,0,0,0,0,0,0,0,0,0,0,0,0,0,0,0,0,0,0,0,0,0,0,0,0,0,0,0,0,0,0,0,0,0,0,0,0,0,0,0,0,0,0,0,0,0,0,0,0,0,0,0,0,0,0
evreg2,1.treat#1.downup_ac_pop,-37.56286202752175,215.2555910543131,0,0,0,0,0,0,0,0,0,0,0,0,0,438.9850997258848,0,475.5463539851195,0,692.8601652295959,0,399.2789042973853,0,0,0,1306.94061662376,0,1317.969075022987,0,1306.057550122004,0,1301.677155196759,0,1314.605112041452,0,-1905.069938179614,0,789.7372852636649,0,829.4849601575839,0,917.7561634950972,0,666.8480215774778,0,0,0,1765.897867915987,0,1782.330761556586,0,1753.997563361172,0,1740.404793159271,0,1743.508760492686,0,0,0,2725.053975135263,0,0,0,-1060.347701720473,0,0,0,-1122.676541209455,0,0,0,-1178.194665114314,0,0,0,-833.5205844094928,0,0,0,0,0,0,0,-2453.66050933236,0,0,0,-2457.101204711953,0,0,0,-2427.529060311859,0,0,0,-2421.388203945736,0,0,0,-2434.229597776403,.2255879820449729,-57.87215131257324,-199.3004485658826
evreg2,1o.relative_year_bin_aux#0b.treat#0b.downup_ac_pop,0,215.2555910543131,0,0,0,0,0,0,0,0,0,0,0,0,0,0,0,0,0,0,0,0,0,0,0,0,0,0,0,0,0,0,0,0,0,0,0,0,0,0,0,0,0,0,0,0,0,0,0,0,0,0,0,0,0,0,0,0,0,0,0,0,0,0,0,0,0,0,0,0,0,0,0,0,0,0,0,0,0,0,0,0,0,0,0,0,0,0,0,0,0,0,0,0,0,0,0,0,0,0,0,0,0
evreg2,1o.relative_year_bin_aux#0b.treat#1o.downup_ac_pop,0,215.2555910543131,0,0,0,0,0,0,0,0,0,0,0,0,0,0,0,0,0,0,0,0,0,0,0,0,0,0,0,0,0,0,0,0,0,0,0,0,0,0,0,0,0,0,0,0,0,0,0,0,0,0,0,0,0,0,0,0,0,0,0,0,0,0,0,0,0,0,0,0,0,0,0,0,0,0,0,0,0,0,0,0,0,0,0,0,0,0,0,0,0,0,0,0,0,0,0,0,0,0,0,0,0
evreg2,1o.relative_year_bin_aux#1o.treat#0b.downup_ac_pop,0,215.2555910543131,0,0,0,0,0,0,0,0,0,0,0,0,0,0,0,0,0,0,0,0,0,0,0,0,0,0,0,0,0,0,0,0,0,0,0,0,0,0,0,0,0,0,0,0,0,0,0,0,0,0,0,0,0,0,0,0,0,0,0,0,0,0,0,0,0,0,0,0,0,0,0,0,0,0,0,0,0,0,0,0,0,0,0,0,0,0,0,0,0,0,0,0,0,0,0,0,0,0,0,0,0
evreg2,1.relative_year_bin_aux#1.treat#1.downup_ac_pop,111.0007834328547,215.2555910543131,0,0,0,0,0,0,0,0,0,0,0,0,0,-1973.7477587622,0,-290.5076153127521,0,199.2552578491465,0,-342.63800270319,0,0,0,-225.5607363612304,0,-223.9364798893685,0,-223.0979411933277,0,-240.7220403871436,0,-248.0931185282693,0,805.1892167528557,0,-1538.792800846071,0,-448.8886363766852,0,-664.5549343965713,0,-405.2023420754865,0,0,0,-777.5962749460464,0,-772.9360829168248,0,-765.3971145058753,0,-781.4304397207242,0,-780.9283453608286,0,0,0,-1060.347701720473,0,0,0,4177.53152191186,0,0,0,1235.507553893441,0,0,0,672.7799633719593,0,0,0,1075.686790565869,0,0,0,0,0,0,0,1064.394082131048,0,0,0,1056.983809493404,0,0,0,1054.504020477229,0,0,0,1082.242288064478,0,0,0,1081.686653348197,.7383311682283102,-128.6313669574913,206.9056674140546
evreg2,2o.relative_year_bin_aux#0b.treat#0b.downup_ac_pop,0,215.2555910543131,0,0,0,0,0,0,0,0,0,0,0,0,0,0,0,0,0,0,0,0,0,0,0,0,0,0,0,0,0,0,0,0,0,0,0,0,0,0,0,0,0,0,0,0,0,0,0,0,0,0,0,0,0,0,0,0,0,0,0,0,0,0,0,0,0,0,0,0,0,0,0,0,0,0,0,0,0,0,0,0,0,0,0,0,0,0,0,0,0,0,0,0,0,0,0,0,0,0,0,0,0
evreg2,2o.relative_year_bin_aux#0b.treat#1o.downup_ac_pop,0,215.2555910543131,0,0,0,0,0,0,0,0,0,0,0,0,0,0,0,0,0,0,0,0,0,0,0,0,0,0,0,0,0,0,0,0,0,0,0,0,0,0,0,0,0,0,0,0,0,0,0,0,0,0,0,0,0,0,0,0,0,0,0,0,0,0,0,0,0,0,0,0,0,0,0,0,0,0,0,0,0,0,0,0,0,0,0,0,0,0,0,0,0,0,0,0,0,0,0,0,0,0,0,0,0
evreg2,2o.relative_year_bin_aux#1o.treat#0b.downup_ac_pop,0,215.2555910543131,0,0,0,0,0,0,0,0,0,0,0,0,0,0,0,0,0,0,0,0,0,0,0,0,0,0,0,0,0,0,0,0,0,0,0,0,0,0,0,0,0,0,0,0,0,0,0,0,0,0,0,0,0,0,0,0,0,0,0,0,0,0,0,0,0,0,0,0,0,0,0,0,0,0,0,0,0,0,0,0,0,0,0,0,0,0,0,0,0,0,0,0,0,0,0,0,0,0,0,0,0
evreg2,2.relative_year_bin_aux#1.treat#1.downup_ac_pop,13.80390325852582,215.2555910543131,0,0,0,0,0,0,0,0,0,0,0,0,0,-460.2364697764428,0,-741.6066925780119,0,-312.4110336605808,0,-297.2200607796568,0,0,0,-409.5624367409911,0,-413.1776752975353,0,-413.6040119712019,0,-422.8631809111172,0,-424.2880474514876,0,776.5958872736506,0,-444.6168219047889,0,-840.949541510614,0,-579.2526073014238,0,-391.1172308373904,0,0,0,-741.4428722588775,0,-740.3853624996198,0,-732.1720828403184,0,-743.5076659500093,0,-738.7476062623002,0,0,0,-1122.676541209455,0,0,0,1235.507553893441,0,0,0,1672.13718307716,0,0,0,986.735355561724,0,0,0,923.0453804987355,0,0,0,0,0,0,0,1087.613446729576,0,0,0,1082.32973117713,0,0,0,1083.922065962248,0,0,0,1096.728619713923,0,0,0,1093.517644486802,.3976159126691314,-4.198943158800374,111.668176182539
evreg2,3o.relative_year_bin_aux#0b.treat#0b.downup_ac_pop,0,215.2555910543131,0,0,0,0,0,0,0,0,0,0,0,0,0,0,0,0,0,0,0,0,0,0,0,0,0,0,0,0,0,0,0,0,0,0,0,0,0,0,0,0,0,0,0,0,0,0,0,0,0,0,0,0,0,0,0,0,0,0,0,0,0,0,0,0,0,0,0,0,0,0,0,0,0,0,0,0,0,0,0,0,0,0,0,0,0,0,0,0,0,0,0,0,0,0,0,0,0,0,0,0,0
evreg2,3o.relative_year_bin_aux#0b.treat#1o.downup_ac_pop,0,215.2555910543131,0,0,0,0,0,0,0,0,0,0,0,0,0,0,0,0,0,0,0,0,0,0,0,0,0,0,0,0,0,0,0,0,0,0,0,0,0,0,0,0,0,0,0,0,0,0,0,0,0,0,0,0,0,0,0,0,0,0,0,0,0,0,0,0,0,0,0,0,0,0,0,0,0,0,0,0,0,0,0,0,0,0,0,0,0,0,0,0,0,0,0,0,0,0,0,0,0,0,0,0,0
evreg2,3o.relative_year_bin_aux#1o.treat#0b.downup_ac_pop,0,215.2555910543131,0,0,0,0,0,0,0,0,0,0,0,0,0,0,0,0,0,0,0,0,0,0,0,0,0,0,0,0,0,0,0,0,0,0,0,0,0,0,0,0,0,0,0,0,0,0,0,0,0,0,0,0,0,0,0,0,0,0,0,0,0,0,0,0,0,0,0,0,0,0,0,0,0,0,0,0,0,0,0,0,0,0,0,0,0,0,0,0,0,0,0,0,0,0,0,0,0,0,0,0,0
evreg2,3.relative_year_bin_aux#1.treat#1.downup_ac_pop,69.88869907940409,215.2555910543131,0,0,0,0,0,0,0,0,0,0,0,0,0,-205.8897467511602,0,-392.0412700685848,0,-1528.043580694217,0,-420.3259988715727,0,0,0,-588.8609388263704,0,-583.4675293382436,0,-586.5673225900282,0,-574.697522091345,0,-576.8967189976595,0,941.6117986372649,0,-724.1839384828569,0,-586.0578027980381,0,-1210.301799739092,0,-482.9339406012497,0,0,0,-891.0472138400796,0,-895.0462276392029,0,-881.7891486349242,0,-879.6007591274813,0,-878.8034336463677,0,0,0,-1178.194665114314,0,0,0,672.7799633719593,0,0,0,986.735355561724,0,0,0,2458.128186308283,0,0,0,943.1594271888757,0,0,0,0,0,0,0,1146.876349420318,0,0,0,1140.350900375656,0,0,0,1134.986005974636,0,0,0,1114.470135132532,0,0,0,1118.485439529174,-.3392713888946189,185.5651772381246,-73.2318486990287
evreg2,4o.relative_year_bin_aux#0b.treat#0b.downup_ac_pop,0,215.2555910543131,0,0,0,0,0,0,0,0,0,0,0,0,0,0,0,0,0,0,0,0,0,0,0,0,0,0,0,0,0,0,0,0,0,0,0,0,0,0,0,0,0,0,0,0,0,0,0,0,0,0,0,0,0,0,0,0,0,0,0,0,0,0,0,0,0,0,0,0,0,0,0,0,0,0,0,0,0,0,0,0,0,0,0,0,0,0,0,0,0,0,0,0,0,0,0,0,0,0,0,0,0
evreg2,4o.relative_year_bin_aux#0b.treat#1o.downup_ac_pop,0,215.2555910543131,0,0,0,0,0,0,0,0,0,0,0,0,0,0,0,0,0,0,0,0,0,0,0,0,0,0,0,0,0,0,0,0,0,0,0,0,0,0,0,0,0,0,0,0,0,0,0,0,0,0,0,0,0,0,0,0,0,0,0,0,0,0,0,0,0,0,0,0,0,0,0,0,0,0,0,0,0,0,0,0,0,0,0,0,0,0,0,0,0,0,0,0,0,0,0,0,0,0,0,0,0
evreg2,4o.relative_year_bin_aux#1o.treat#0b.downup_ac_pop,0,215.2555910543131,0,0,0,0,0,0,0,0,0,0,0,0,0,0,0,0,0,0,0,0,0,0,0,0,0,0,0,0,0,0,0,0,0,0,0,0,0,0,0,0,0,0,0,0,0,0,0,0,0,0,0,0,0,0,0,0,0,0,0,0,0,0,0,0,0,0,0,0,0,0,0,0,0,0,0,0,0,0,0,0,0,0,0,0,0,0,0,0,0,0,0,0,0,0,0,0,0,0,0,0,0
evreg2,4.relative_year_bin_aux#1.treat#1.downup_ac_pop,69.64570141746904,215.2555910543131,0,0,0,0,0,0,0,0,0,0,0,0,0,-485.2501497315405,0,-337.4177811669421,0,-371.2857486404187,0,-1037.678735162802,0,0,0,-328.5734234883087,0,-327.3021416780883,0,-331.4280606355475,0,-316.4384349858651,0,-317.3182660915224,0,647.479847480571,0,-392.7472224945818,0,-363.5638229727265,0,-475.1410214083677,0,-922.2299663594172,0,0,0,-636.502631534262,0,-639.5408776248142,0,-637.9965229438205,0,-642.0599385726161,0,-642.3408367556647,0,0,0,-833.5205844094928,0,0,0,1075.686790565869,0,0,0,923.0453804987355,0,0,0,943.1594271888757,0,0,0,2060.401962908572,0,0,0,0,0,0,0,862.2493758380169,0,0,0,864.684390672214,0,0,0,867.7506907401289,0,0,0,856.1383189566179,0,0,0,855.6845286951104,.053975193699323,76.36377759101637,-7.433660942076734
evreg2,5b.relative_year_bin_aux#0b.treat#0b.downup_ac_pop,0,215.2555910543131,0,0,0,0,0,0,0,0,0,0,0,0,0,0,0,0,0,0,0,0,0,0,0,0,0,0,0,0,0,0,0,0,0,0,0,0,0,0,0,0,0,0,0,0,0,0,0,0,0,0,0,0,0,0,0,0,0,0,0,0,0,0,0,0,0,0,0,0,0,0,0,0,0,0,0,0,0,0,0,0,0,0,0,0,0,0,0,0,0,0,0,0,0,0,0,0,0,0,0,0,0
evreg2,5b.relative_year_bin_aux#0b.treat#1o.downup_ac_pop,0,215.2555910543131,0,0,0,0,0,0,0,0,0,0,0,0,0,0,0,0,0,0,0,0,0,0,0,0,0,0,0,0,0,0,0,0,0,0,0,0,0,0,0,0,0,0,0,0,0,0,0,0,0,0,0,0,0,0,0,0,0,0,0,0,0,0,0,0,0,0,0,0,0,0,0,0,0,0,0,0,0,0,0,0,0,0,0,0,0,0,0,0,0,0,0,0,0,0,0,0,0,0,0,0,0
evreg2,5b.relative_year_bin_aux#1o.treat#0b.downup_ac_pop,0,215.2555910543131,0,0,0,0,0,0,0,0,0,0,0,0,0,0,0,0,0,0,0,0,0,0,0,0,0,0,0,0,0,0,0,0,0,0,0,0,0,0,0,0,0,0,0,0,0,0,0,0,0,0,0,0,0,0,0,0,0,0,0,0,0,0,0,0,0,0,0,0,0,0,0,0,0,0,0,0,0,0,0,0,0,0,0,0,0,0,0,0,0,0,0,0,0,0,0,0,0,0,0,0,0
evreg2,5b.relative_year_bin_aux#1o.treat#1o.downup_ac_pop,0,215.2555910543131,0,0,0,0,0,0,0,0,0,0,0,0,0,0,0,0,0,0,0,0,0,0,0,0,0,0,0,0,0,0,0,0,0,0,0,0,0,0,0,0,0,0,0,0,0,0,0,0,0,0,0,0,0,0,0,0,0,0,0,0,0,0,0,0,0,0,0,0,0,0,0,0,0,0,0,0,0,0,0,0,0,0,0,0,0,0,0,0,0,0,0,0,0,0,0,0,0,0,0,0,0
evreg2,6o.relative_year_bin_aux#0b.treat#0b.downup_ac_pop,0,215.2555910543131,0,0,0,0,0,0,0,0,0,0,0,0,0,0,0,0,0,0,0,0,0,0,0,0,0,0,0,0,0,0,0,0,0,0,0,0,0,0,0,0,0,0,0,0,0,0,0,0,0,0,0,0,0,0,0,0,0,0,0,0,0,0,0,0,0,0,0,0,0,0,0,0,0,0,0,0,0,0,0,0,0,0,0,0,0,0,0,0,0,0,0,0,0,0,0,0,0,0,0,0,0
evreg2,6o.relative_year_bin_aux#0b.treat#1o.downup_ac_pop,0,215.2555910543131,0,0,0,0,0,0,0,0,0,0,0,0,0,0,0,0,0,0,0,0,0,0,0,0,0,0,0,0,0,0,0,0,0,0,0,0,0,0,0,0,0,0,0,0,0,0,0,0,0,0,0,0,0,0,0,0,0,0,0,0,0,0,0,0,0,0,0,0,0,0,0,0,0,0,0,0,0,0,0,0,0,0,0,0,0,0,0,0,0,0,0,0,0,0,0,0,0,0,0,0,0
evreg2,6o.relative_year_bin_aux#1o.treat#0b.downup_ac_pop,0,215.2555910543131,0,0,0,0,0,0,0,0,0,0,0,0,0,0,0,0,0,0,0,0,0,0,0,0,0,0,0,0,0,0,0,0,0,0,0,0,0,0,0,0,0,0,0,0,0,0,0,0,0,0,0,0,0,0,0,0,0,0,0,0,0,0,0,0,0,0,0,0,0,0,0,0,0,0,0,0,0,0,0,0,0,0,0,0,0,0,0,0,0,0,0,0,0,0,0,0,0,0,0,0,0
evreg2,6.relative_year_bin_aux#1.treat#1.downup_ac_pop,20.81553633559052,215.2555910543131,0,0,0,0,0,0,0,0,0,0,0,0,0,-425.7847538048012,0,-431.1300438125702,0,-639.3907877150407,0,-402.1979701916881,0,0,0,-2220.85128823063,0,-1936.84887241164,0,-1702.355960579179,0,-1809.278457762406,0,-1710.324843034086,0,1767.854488339919,0,-765.0862859473096,0,-787.055501649023,0,-872.5059735458315,0,-652.5718687165153,0,0,0,-2399.936438776163,0,-2079.839700689428,0,-2020.390741526028,0,-2205.841135145882,0,-2338.15177374216,0,0,0,-2453.66050933236,0,0,0,1064.394082131048,0,0,0,1087.613446729576,0,0,0,1146.876349420318,0,0,0,862.2493758380169,0,0,0,0,0,0,0,4350.995403663834,0,0,0,3630.497349156641,0,0,0,3252.392962032173,0,0,0,3228.25988119741,0,0,0,3422.437581641304,.5193816930955987,134.1896371507707,204.1963112105788
evreg2,7o.relative_year_bin_aux#0b.treat#0b.downup_ac_pop,0,215.2555910543131,0,0,0,0,0,0,0,0,0,0,0,0,0,0,0,0,0,0,0,0,0,0,0,0,0,0,0,0,0,0,0,0,0,0,0,0,0,0,0,0,0,0,0,0,0,0,0,0,0,0,0,0,0,0,0,0,0,0,0,0,0,0,0,0,0,0,0,0,0,0,0,0,0,0,0,0,0,0,0,0,0,0,0,0,0,0,0,0,0,0,0,0,0,0,0,0,0,0,0,0,0
evreg2,7o.relative_year_bin_aux#0b.treat#1o.downup_ac_pop,0,215.2555910543131,0,0,0,0,0,0,0,0,0,0,0,0,0,0,0,0,0,0,0,0,0,0,0,0,0,0,0,0,0,0,0,0,0,0,0,0,0,0,0,0,0,0,0,0,0,0,0,0,0,0,0,0,0,0,0,0,0,0,0,0,0,0,0,0,0,0,0,0,0,0,0,0,0,0,0,0,0,0,0,0,0,0,0,0,0,0,0,0,0,0,0,0,0,0,0,0,0,0,0,0,0
evreg2,7o.relative_year_bin_aux#1o.treat#0b.downup_ac_pop,0,215.2555910543131,0,0,0,0,0,0,0,0,0,0,0,0,0,0,0,0,0,0,0,0,0,0,0,0,0,0,0,0,0,0,0,0,0,0,0,0,0,0,0,0,0,0,0,0,0,0,0,0,0,0,0,0,0,0,0,0,0,0,0,0,0,0,0,0,0,0,0,0,0,0,0,0,0,0,0,0,0,0,0,0,0,0,0,0,0,0,0,0,0,0,0,0,0,0,0,0,0,0,0,0,0
evreg2,7.relative_year_bin_aux#1.treat#1.downup_ac_pop,72.26740256234217,215.2555910543131,0,0,0,0,0,0,0,0,0,0,0,0,0,-422.6274607049357,0,-424.9925031249409,0,-631.6274282814941,0,-402.3107576126604,0,0,0,-1896.320878370742,0,-2342.58037256869,0,-1912.727588498379,0,-1725.688062889715,0,-1860.030500607425,0,1784.925688693437,0,-764.268993115999,0,-790.0391589017161,0,-872.9372812657165,0,-655.0116588746735,0,0,0,-2075.736361034536,0,-2496.362948860022,0,-2032.482605594292,0,-2014.392087893948,0,-2210.343826952804,0,0,0,-2457.101204711953,0,0,0,1056.983809493404,0,0,0,1082.32973117713,0,0,0,1140.350900375656,0,0,0,864.684390672214,0,0,0,0,0,0,0,3630.497349156641,0,0,0,4563.556694094726,0,0,0,3475.398022165016,0,0,0,3366.347440625917,0,0,0,3642.493146270078,.0661911262197979,88.90624834355177,239.0328558627863
evreg2,8o.relative_year_bin_aux#0b.treat#0b.downup_ac_pop,0,215.2555910543131,0,0,0,0,0,0,0,0,0,0,0,0,0,0,0,0,0,0,0,0,0,0,0,0,0,0,0,0,0,0,0,0,0,0,0,0,0,0,0,0,0,0,0,0,0,0,0,0,0,0,0,0,0,0,0,0,0,0,0,0,0,0,0,0,0,0,0,0,0,0,0,0,0,0,0,0,0,0,0,0,0,0,0,0,0,0,0,0,0,0,0,0,0,0,0,0,0,0,0,0,0
evreg2,8o.relative_year_bin_aux#0b.treat#1o.downup_ac_pop,0,215.2555910543131,0,0,0,0,0,0,0,0,0,0,0,0,0,0,0,0,0,0,0,0,0,0,0,0,0,0,0,0,0,0,0,0,0,0,0,0,0,0,0,0,0,0,0,0,0,0,0,0,0,0,0,0,0,0,0,0,0,0,0,0,0,0,0,0,0,0,0,0,0,0,0,0,0,0,0,0,0,0,0,0,0,0,0,0,0,0,0,0,0,0,0,0,0,0,0,0,0,0,0,0,0
evreg2,8o.relative_year_bin_aux#1o.treat#0b.downup_ac_pop,0,215.2555910543131,0,0,0,0,0,0,0,0,0,0,0,0,0,0,0,0,0,0,0,0,0,0,0,0,0,0,0,0,0,0,0,0,0,0,0,0,0,0,0,0,0,0,0,0,0,0,0,0,0,0,0,0,0,0,0,0,0,0,0,0,0,0,0,0,0,0,0,0,0,0,0,0,0,0,0,0,0,0,0,0,0,0,0,0,0,0,0,0,0,0,0,0,0,0,0,0,0,0,0,0,0
evreg2,8.relative_year_bin_aux#1.treat#1.downup_ac_pop,-19.16325288569093,215.2555910543131,0,0,0,0,0,0,0,0,0,0,0,0,0,-417.951324889882,0,-424.5093622779237,0,-625.6215733139011,0,-400.1614872589829,0,0,0,-1767.800164227603,0,-1773.865915048541,0,-2328.874904639973,0,-1924.959336900359,0,-2019.014195936657,0,1759.738896622064,0,-755.9705613638471,0,-782.5222599131964,0,-863.66130039369,0,-655.4805327104838,0,0,0,-2022.795031210198,0,-2046.095319546485,0,-2474.586216223726,0,-2412.227977755347,0,-2448.78034420962,0,0,0,-2427.529060311859,0,0,0,1054.504020477229,0,0,0,1083.922065962248,0,0,0,1134.986005974636,0,0,0,867.7506907401289,0,0,0,0,0,0,0,3252.392962032173,0,0,0,3475.398022165016,0,0,0,4591.53962416621,0,0,0,3877.509793377805,0,0,0,3919.799090064546,.3166521913877775,46.49450190932011,314.2206061776942
evreg2,9o.relative_year_bin_aux#0b.treat#0b.downup_ac_pop,0,215.2555910543131,0,0,0,0,0,0,0,0,0,0,0,0,0,0,0,0,0,0,0,0,0,0,0,0,0,0,0,0,0,0,0,0,0,0,0,0,0,0,0,0,0,0,0,0,0,0,0,0,0,0,0,0,0,0,0,0,0,0,0,0,0,0,0,0,0,0,0,0,0,0,0,0,0,0,0,0,0,0,0,0,0,0,0,0,0,0,0,0,0,0,0,0,0,0,0,0,0,0,0,0,0
evreg2,9o.relative_year_bin_aux#0b.treat#1o.downup_ac_pop,0,215.2555910543131,0,0,0,0,0,0,0,0,0,0,0,0,0,0,0,0,0,0,0,0,0,0,0,0,0,0,0,0,0,0,0,0,0,0,0,0,0,0,0,0,0,0,0,0,0,0,0,0,0,0,0,0,0,0,0,0,0,0,0,0,0,0,0,0,0,0,0,0,0,0,0,0,0,0,0,0,0,0,0,0,0,0,0,0,0,0,0,0,0,0,0,0,0,0,0,0,0,0,0,0,0
evreg2,9o.relative_year_bin_aux#1o.treat#0b.downup_ac_pop,0,215.2555910543131,0,0,0,0,0,0,0,0,0,0,0,0,0,0,0,0,0,0,0,0,0,0,0,0,0,0,0,0,0,0,0,0,0,0,0,0,0,0,0,0,0,0,0,0,0,0,0,0,0,0,0,0,0,0,0,0,0,0,0,0,0,0,0,0,0,0,0,0,0,0,0,0,0,0,0,0,0,0,0,0,0,0,0,0,0,0,0,0,0,0,0,0,0,0,0,0,0,0,0,0,0
evreg2,9.relative_year_bin_aux#1.treat#1.downup_ac_pop,72.46719622680692,215.2555910543131,0,0,0,0,0,0,0,0,0,0,0,0,0,-435.4455346498393,0,-414.0501592444041,0,-604.5214051037303,0,-385.6251199804998,0,0,0,-1636.104630243799,0,-1643.912469463731,0,-2100.241411794009,0,-2852.473117545177,0,-2073.528468181786,0,1760.870255993529,0,-761.7959559086682,0,-795.2363805062535,0,-871.7967869966759,0,-655.626107956909,0,0,0,-2221.828242943558,0,-2029.130757336794,0,-2408.570735559137,0,-3379.129548922346,0,-2626.282305830351,0,0,0,-2421.388203945736,0,0,0,1082.242288064478,0,0,0,1096.728619713923,0,0,0,1114.470135132532,0,0,0,856.1383189566179,0,0,0,0,0,0,0,3228.25988119741,0,0,0,3366.347440625917,0,0,0,3877.509793377805,0,0,0,5768.350047693631,0,0,0,3806.328298630734,-.5778915336892874,89.92427190534744,288.9427684230183
evreg2,10o.relative_year_bin_aux#0b.treat#0b.downup_ac_pop,0,215.2555910543131,0,0,0,0,0,0,0,0,0,0,0,0,0,0,0,0,0,0,0,0,0,0,0,0,0,0,0,0,0,0,0,0,0,0,0,0,0,0,0,0,0,0,0,0,0,0,0,0,0,0,0,0,0,0,0,0,0,0,0,0,0,0,0,0,0,0,0,0,0,0,0,0,0,0,0,0,0,0,0,0,0,0,0,0,0,0,0,0,0,0,0,0,0,0,0,0,0,0,0,0,0
evreg2,10o.relative_year_bin_aux#0b.treat#1o.downup_ac_pop,0,215.2555910543131,0,0,0,0,0,0,0,0,0,0,0,0,0,0,0,0,0,0,0,0,0,0,0,0,0,0,0,0,0,0,0,0,0,0,0,0,0,0,0,0,0,0,0,0,0,0,0,0,0,0,0,0,0,0,0,0,0,0,0,0,0,0,0,0,0,0,0,0,0,0,0,0,0,0,0,0,0,0,0,0,0,0,0,0,0,0,0,0,0,0,0,0,0,0,0,0,0,0,0,0,0
evreg2,10o.relative_year_bin_aux#1o.treat#0b.downup_ac_pop,0,215.2555910543131,0,0,0,0,0,0,0,0,0,0,0,0,0,0,0,0,0,0,0,0,0,0,0,0,0,0,0,0,0,0,0,0,0,0,0,0,0,0,0,0,0,0,0,0,0,0,0,0,0,0,0,0,0,0,0,0,0,0,0,0,0,0,0,0,0,0,0,0,0,0,0,0,0,0,0,0,0,0,0,0,0,0,0,0,0,0,0,0,0,0,0,0,0,0,0,0,0,0,0,0,0
evreg2,10.relative_year_bin_aux#1.treat#1.downup_ac_pop,70.33689409688138,215.2555910543131,0,0,0,0,0,0,0,0,0,0,0,0,0,-444.4762427521046,0,-425.4484887509103,0,-611.802979586885,0,-386.8110397002273,0,0,0,-1883.792151975103,0,-1945.393814020876,0,-2047.856340169119,0,-1934.656358363137,0,-2947.12083757005,0,1756.270079759044,0,-763.0956970524543,0,-787.9295516067473,0,-866.8874655521302,0,-656.833487613671,0,0,0,-2333.879980615461,0,-2230.119759558532,0,-2459.488774103787,0,-2627.323187378726,0,-3840.616375382497,0,0,0,-2434.229597776403,0,0,0,1081.686653348197,0,0,0,1093.517644486802,0,0,0,1118.485439529174,0,0,0,855.6845286951104,0,0,0,0,0,0,0,3422.437581641304,0,0,0,3642.493146270078,0,0,0,3919.799090064546,0,0,0,3806.328298630734,0,0,0,6131.853593364118,-.1184686269478329,131.4624165810951,292.1832632487722
evreg2,wind_direction,-.9813908603977572,215.2555910543131,0,0,0,0,0,0,0,0,0,0,0,0,0,-.2949295478286166,0,.5930007669957142,0,.7118532929579569,0,.0439840506842577,0,0,0,-.2485930311151237,0,.0091892009000954,0,.2286158746909395,0,-.0274681078225923,0,.3468119139835643,0,.5861937620096105,0,-.2867307380866522,0,-.163885371687838,0,-.204846851780034,0,.0679909821218792,0,0,0,-.5004217150005578,0,-.4020992855233029,0,-.4082205446566478,0,-.2449128813926253,0,-.2917363755272918,0,0,0,.2255879820449729,0,0,0,.7383311682283102,0,0,0,.3976159126691314,0,0,0,-.3392713888946189,0,0,0,.053975193699323,0,0,0,0,0,0,0,.5193816930955987,0,0,0,.0661911262197979,0,0,0,.3166521913877775,0,0,0,-.5778915336892874,0,0,0,-.1184686269478329,.0111895665579526,-.4850967892099126,.3987980769585014
evreg2,av_wind_speed,94.64315395931541,215.2555910543131,0,0,0,0,0,0,0,0,0,0,0,0,0,-5.347078341865667,0,-97.37420166339049,0,-143.668066650282,0,-72.01236281605972,0,0,0,-119.9680337315624,0,-41.68182238419115,0,-51.74516478342015,0,-119.7966998355369,0,-69.73539322205963,0,2.59995251888548,0,-87.23745820942003,0,10.5267968551025,0,-47.52832719892288,0,-38.05371927600932,0,0,0,-23.7362818948482,0,23.54275121391995,0,27.41457660820128,0,-64.29944663654973,0,22.06065055260908,0,0,0,-57.87215131257324,0,0,0,-128.6313669574913,0,0,0,-4.198943158800374,0,0,0,185.5651772381246,0,0,0,76.36377759101637,0,0,0,0,0,0,0,134.1896371507707,0,0,0,88.90624834355177,0,0,0,46.49450190932011,0,0,0,89.92427190534744,0,0,0,131.4624165810951,-.4850967892099126,245.9698932812803,-287.6040779866994
evreg2,_cons,45.99857793412697,215.2555910543131,0,0,0,0,0,0,0,0,0,0,0,0,0,-108.7782312816057,0,-52.70530640494387,0,-64.30724715434393,0,-85.91766442312611,0,0,0,-167.8423315083235,0,-272.4818503801617,0,-249.9756847239245,0,-192.9163747607408,0,-278.5334089868691,0,38.40273884593995,0,5.608626944681987,0,-82.99072234225389,0,-53.05186899051361,0,-53.40111754762601,0,0,0,-150.2432460643425,0,-197.7911875000736,0,-219.6382597927046,0,-140.9770288691785,0,-304.796657379514,0,0,0,-199.3004485658826,0,0,0,206.9056674140546,0,0,0,111.668176182539,0,0,0,-73.2318486990287,0,0,0,-7.433660942076734,0,0,0,0,0,0,0,204.1963112105788,0,0,0,239.0328558627863,0,0,0,314.2206061776942,0,0,0,288.9427684230183,0,0,0,292.1832632487722,.3987980769585014,-287.6040779866994,502.1252219595856
evreg3,1o.relative_year_bin_aux,0,215.2555910543131,0,0,0,0,0,0,0,0,0,0,0,0,0,0,0,0,0,0,0,0,0,0,0,0,0,0,0,0,0,0,0,0,0,0,0,0,0,0,0,0,0,0,0,0,0,0,0,0,0,0,0,0,0,0,0,0,0,0,0,0,0,0,0,0,0,0,0,0,0,0,0,0,0,0,0,0,0,0,0,0,0,0,0,0,0,0,0,0,0,0,0,0,0,0,0,0,0,0,0,0,0
evreg3,2o.relative_year_bin_aux,0,215.2555910543131,0,0,0,0,0,0,0,0,0,0,0,0,0,0,0,0,0,0,0,0,0,0,0,0,0,0,0,0,0,0,0,0,0,0,0,0,0,0,0,0,0,0,0,0,0,0,0,0,0,0,0,0,0,0,0,0,0,0,0,0,0,0,0,0,0,0,0,0,0,0,0,0,0,0,0,0,0,0,0,0,0,0,0,0,0,0,0,0,0,0,0,0,0,0,0,0,0,0,0,0,0
evreg3,3o.relative_year_bin_aux,0,215.2555910543131,0,0,0,0,0,0,0,0,0,0,0,0,0,0,0,0,0,0,0,0,0,0,0,0,0,0,0,0,0,0,0,0,0,0,0,0,0,0,0,0,0,0,0,0,0,0,0,0,0,0,0,0,0,0,0,0,0,0,0,0,0,0,0,0,0,0,0,0,0,0,0,0,0,0,0,0,0,0,0,0,0,0,0,0,0,0,0,0,0,0,0,0,0,0,0,0,0,0,0,0,0
evreg3,4o.relative_year_bin_aux,0,215.2555910543131,0,0,0,0,0,0,0,0,0,0,0,0,0,0,0,0,0,0,0,0,0,0,0,0,0,0,0,0,0,0,0,0,0,0,0,0,0,0,0,0,0,0,0,0,0,0,0,0,0,0,0,0,0,0,0,0,0,0,0,0,0,0,0,0,0,0,0,0,0,0,0,0,0,0,0,0,0,0,0,0,0,0,0,0,0,0,0,0,0,0,0,0,0,0,0,0,0,0,0,0,0
evreg3,5b.relative_year_bin_aux,0,215.2555910543131,0,0,0,0,0,0,0,0,0,0,0,0,0,0,0,0,0,0,0,0,0,0,0,0,0,0,0,0,0,0,0,0,0,0,0,0,0,0,0,0,0,0,0,0,0,0,0,0,0,0,0,0,0,0,0,0,0,0,0,0,0,0,0,0,0,0,0,0,0,0,0,0,0,0,0,0,0,0,0,0,0,0,0,0,0,0,0,0,0,0,0,0,0,0,0,0,0,0,0,0,0
evreg3,6o.relative_year_bin_aux,0,215.2555910543131,0,0,0,0,0,0,0,0,0,0,0,0,0,0,0,0,0,0,0,0,0,0,0,0,0,0,0,0,0,0,0,0,0,0,0,0,0,0,0,0,0,0,0,0,0,0,0,0,0,0,0,0,0,0,0,0,0,0,0,0,0,0,0,0,0,0,0,0,0,0,0,0,0,0,0,0,0,0,0,0,0,0,0,0,0,0,0,0,0,0,0,0,0,0,0,0,0,0,0,0,0
evreg3,7o.relative_year_bin_aux,0,215.2555910543131,0,0,0,0,0,0,0,0,0,0,0,0,0,0,0,0,0,0,0,0,0,0,0,0,0,0,0,0,0,0,0,0,0,0,0,0,0,0,0,0,0,0,0,0,0,0,0,0,0,0,0,0,0,0,0,0,0,0,0,0,0,0,0,0,0,0,0,0,0,0,0,0,0,0,0,0,0,0,0,0,0,0,0,0,0,0,0,0,0,0,0,0,0,0,0,0,0,0,0,0,0
evreg3,8o.relative_year_bin_aux,0,215.2555910543131,0,0,0,0,0,0,0,0,0,0,0,0,0,0,0,0,0,0,0,0,0,0,0,0,0,0,0,0,0,0,0,0,0,0,0,0,0,0,0,0,0,0,0,0,0,0,0,0,0,0,0,0,0,0,0,0,0,0,0,0,0,0,0,0,0,0,0,0,0,0,0,0,0,0,0,0,0,0,0,0,0,0,0,0,0,0,0,0,0,0,0,0,0,0,0,0,0,0,0,0,0
evreg3,9o.relative_year_bin_aux,0,215.2555910543131,0,0,0,0,0,0,0,0,0,0,0,0,0,0,0,0,0,0,0,0,0,0,0,0,0,0,0,0,0,0,0,0,0,0,0,0,0,0,0,0,0,0,0,0,0,0,0,0,0,0,0,0,0,0,0,0,0,0,0,0,0,0,0,0,0,0,0,0,0,0,0,0,0,0,0,0,0,0,0,0,0,0,0,0,0,0,0,0,0,0,0,0,0,0,0,0,0,0,0,0,0
evreg3,10o.relative_year_bin_aux,0,215.2555910543131,0,0,0,0,0,0,0,0,0,0,0,0,0,0,0,0,0,0,0,0,0,0,0,0,0,0,0,0,0,0,0,0,0,0,0,0,0,0,0,0,0,0,0,0,0,0,0,0,0,0,0,0,0,0,0,0,0,0,0,0,0,0,0,0,0,0,0,0,0,0,0,0,0,0,0,0,0,0,0,0,0,0,0,0,0,0,0,0,0,0,0,0,0,0,0,0,0,0,0,0,0
evreg3,0b.treat,0,215.2555910543131,0,0,0,0,0,0,0,0,0,0,0,0,0,0,0,0,0,0,0,0,0,0,0,0,0,0,0,0,0,0,0,0,0,0,0,0,0,0,0,0,0,0,0,0,0,0,0,0,0,0,0,0,0,0,0,0,0,0,0,0,0,0,0,0,0,0,0,0,0,0,0,0,0,0,0,0,0,0,0,0,0,0,0,0,0,0,0,0,0,0,0,0,0,0,0,0,0,0,0,0,0
evreg3,1o.treat,0,215.2555910543131,0,0,0,0,0,0,0,0,0,0,0,0,0,0,0,0,0,0,0,0,0,0,0,0,0,0,0,0,0,0,0,0,0,0,0,0,0,0,0,0,0,0,0,0,0,0,0,0,0,0,0,0,0,0,0,0,0,0,0,0,0,0,0,0,0,0,0,0,0,0,0,0,0,0,0,0,0,0,0,0,0,0,0,0,0,0,0,0,0,0,0,0,0,0,0,0,0,0,0,0,0
evreg3,1o.relative_year_bin_aux#0b.treat,0,215.2555910543131,0,0,0,0,0,0,0,0,0,0,0,0,0,0,0,0,0,0,0,0,0,0,0,0,0,0,0,0,0,0,0,0,0,0,0,0,0,0,0,0,0,0,0,0,0,0,0,0,0,0,0,0,0,0,0,0,0,0,0,0,0,0,0,0,0,0,0,0,0,0,0,0,0,0,0,0,0,0,0,0,0,0,0,0,0,0,0,0,0,0,0,0,0,0,0,0,0,0,0,0,0
evreg3,1.relative_year_bin_aux#1.treat,39.9506941396037,215.2555910543131,0,0,0,0,0,0,0,0,0,0,0,0,0,839.3994471526955,0,265.2613887278433,0,299.3697518812221,0,376.7040905291759,0,0,0,269.9469216151041,0,266.934573960063,0,263.2780077139325,0,255.1882606060787,0,238.787133718757,0,0,0,20.98429978355211,0,2.041708682502351,0,-1.02865027800947,0,-67.84055687038293,0,0,0,-25.93358309495714,0,-30.62152013223062,0,-26.90055604928808,0,-24.91464381988054,0,-28.86413906612881,0,0,0,0,0,0,0,-779.0934321392854,0,0,0,-248.5117764981872,0,0,0,-273.8783100257484,0,0,0,-339.7467223571407,0,0,0,0,0,0,0,-251.1104231855387,0,0,0,-245.4742531522832,0,0,0,-240.1976851498807,0,0,0,-243.5228362271036,0,0,0,-216.0907448008176,-.0981528295759187,15.15578397918843,-87.1083409106698
evreg3,2o.relative_year_bin_aux#0b.treat,0,215.2555910543131,0,0,0,0,0,0,0,0,0,0,0,0,0,0,0,0,0,0,0,0,0,0,0,0,0,0,0,0,0,0,0,0,0,0,0,0,0,0,0,0,0,0,0,0,0,0,0,0,0,0,0,0,0,0,0,0,0,0,0,0,0,0,0,0,0,0,0,0,0,0,0,0,0,0,0,0,0,0,0,0,0,0,0,0,0,0,0,0,0,0,0,0,0,0,0,0,0,0,0,0,0
evreg3,2.relative_year_bin_aux#1.treat,33.51522543449806,215.2555910543131,0,0,0,0,0,0,0,0,0,0,0,0,0,265.2613887278433,0,382.2980129029484,0,245.2286387738033,0,265.2470023964097,0,0,0,240.409326557131,0,252.1806497421064,0,253.9504023938558,0,261.9726662244107,0,248.1984227586859,0,0,0,2.728720742422885,0,116.7469610241611,0,78.62555839154473,0,116.3115650159783,0,0,0,70.39756829711628,0,76.9947989146989,0,77.02695294686814,0,83.34612941117453,0,79.87717340444175,0,0,0,0,0,0,0,-259.4235077654021,0,0,0,-404.4706441954467,0,0,0,-264.4572372854041,0,0,0,-280.2762906474713,0,0,0,0,0,0,0,-250.1478777715988,0,0,0,-262.5085658116687,0,0,0,-267.9334690235297,0,0,0,-270.8712449281134,0,0,0,-262.3469990461693,-.195073540794879,19.41876052453377,-110.2931814418669
evreg3,3o.relative_year_bin_aux#0b.treat,0,215.2555910543131,0,0,0,0,0,0,0,0,0,0,0,0,0,0,0,0,0,0,0,0,0,0,0,0,0,0,0,0,0,0,0,0,0,0,0,0,0,0,0,0,0,0,0,0,0,0,0,0,0,0,0,0,0,0,0,0,0,0,0,0,0,0,0,0,0,0,0,0,0,0,0,0,0,0,0,0,0,0,0,0,0,0,0,0,0,0,0,0,0,0,0,0,0,0,0,0,0,0,0,0,0
evreg3,3.relative_year_bin_aux#1.treat,63.88813048924978,215.2555910543131,0,0,0,0,0,0,0,0,0,0,0,0,0,299.3697518812221,0,245.2286387738033,0,531.3297968540707,0,202.5380710947038,0,0,0,277.6750127788969,0,288.905546507067,0,291.7625768732014,0,300.0683014693585,0,291.7766781180798,0,0,0,-5.141946754069307,0,80.48886254627854,0,170.3939808537703,0,55.93184603846633,0,0,0,84.76763120945571,0,92.66059905733825,0,91.19571683508278,0,100.789655998688,0,96.7006085947813,0,0,0,0,0,0,0,-278.2190030938881,0,0,0,-259.7291766752726,0,0,0,-550.9705808054675,0,0,0,-210.8648840910988,0,0,0,0,0,0,0,-286.0244105995426,0,0,0,-295.6958411246217,0,0,0,-302.5311018857967,0,0,0,-310.3337530367548,0,0,0,-303.1787949613793,-.3340434028911402,63.10819145210042,-178.4522132741708
evreg3,4o.relative_year_bin_aux#0b.treat,0,215.2555910543131,0,0,0,0,0,0,0,0,0,0,0,0,0,0,0,0,0,0,0,0,0,0,0,0,0,0,0,0,0,0,0,0,0,0,0,0,0,0,0,0,0,0,0,0,0,0,0,0,0,0,0,0,0,0,0,0,0,0,0,0,0,0,0,0,0,0,0,0,0,0,0,0,0,0,0,0,0,0,0,0,0,0,0,0,0,0,0,0,0,0,0,0,0,0,0,0,0,0,0,0,0
evreg3,4.relative_year_bin_aux#1.treat,43.15815934731076,215.2555910543131,0,0,0,0,0,0,0,0,0,0,0,0,0,376.7040905291759,0,265.2470023964097,0,202.5380710947038,0,593.0317875166545,0,0,0,282.2545047967631,0,285.972482756366,0,282.6054618425092,0,281.9784200899074,0,284.4082841806398,0,0,0,-77.81885133736063,0,119.2221850818223,0,52.87309984002742,0,140.960822562522,0,0,0,68.11023284439081,0,77.38801580293826,0,74.20913060239968,0,82.38122017378758,0,79.35813191293605,0,0,0,0,0,0,0,-344.1096774997628,0,0,0,-278.998746503631,0,0,0,-211.2839335182482,0,0,0,-586.9316316951522,0,0,0,0,0,0,0,-282.5877985522058,0,0,0,-283.0749929820998,0,0,0,-284.191596734647,0,0,0,-283.281197792597,0,0,0,-285.9851068372056,-.488580660439648,7.912339098755476,-106.3013344039504
evreg3,5b.relative_year_bin_aux#0b.treat,0,215.2555910543131,0,0,0,0,0,0,0,0,0,0,0,0,0,0,0,0,0,0,0,0,0,0,0,0,0,0,0,0,0,0,0,0,0,0,0,0,0,0,0,0,0,0,0,0,0,0,0,0,0,0,0,0,0,0,0,0,0,0,0,0,0,0,0,0,0,0,0,0,0,0,0,0,0,0,0,0,0,0,0,0,0,0,0,0,0,0,0,0,0,0,0,0,0,0,0,0,0,0,0,0,0
evreg3,5b.relative_year_bin_aux#1o.treat,0,215.2555910543131,0,0,0,0,0,0,0,0,0,0,0,0,0,0,0,0,0,0,0,0,0,0,0,0,0,0,0,0,0,0,0,0,0,0,0,0,0,0,0,0,0,0,0,0,0,0,0,0,0,0,0,0,0,0,0,0,0,0,0,0,0,0,0,0,0,0,0,0,0,0,0,0,0,0,0,0,0,0,0,0,0,0,0,0,0,0,0,0,0,0,0,0,0,0,0,0,0,0,0,0,0
evreg3,6o.relative_year_bin_aux#0b.treat,0,215.2555910543131,0,0,0,0,0,0,0,0,0,0,0,0,0,0,0,0,0,0,0,0,0,0,0,0,0,0,0,0,0,0,0,0,0,0,0,0,0,0,0,0,0,0,0,0,0,0,0,0,0,0,0,0,0,0,0,0,0,0,0,0,0,0,0,0,0,0,0,0,0,0,0,0,0,0,0,0,0,0,0,0,0,0,0,0,0,0,0,0,0,0,0,0,0,0,0,0,0,0,0,0,0
evreg3,6.relative_year_bin_aux#1.treat,29.23407884027996,215.2555910543131,0,0,0,0,0,0,0,0,0,0,0,0,0,269.9469216151041,0,240.409326557131,0,277.6750127788969,0,282.2545047967631,0,0,0,584.984515800423,0,301.8026534621443,0,368.4131773118868,0,333.3094572566888,0,236.1406487475342,0,0,0,-34.53768627642542,0,70.29821009862999,0,83.34398523166281,0,69.71676107034105,0,0,0,240.0061940170051,0,79.9964694510758,0,91.93692078452349,0,63.47502618189286,0,91.85088849907018,0,0,0,0,0,0,0,-247.7691873490928,0,0,0,-247.2653939714845,0,0,0,-283.2222494186492,0,0,0,-279.9733082062136,0,0,0,0,0,0,0,-594.1566493453419,0,0,0,-305.8232166169637,0,0,0,-360.3246832661949,0,0,0,-338.2357558227159,0,0,0,-246.6339193626028,-.2185925788345875,25.81365344056617,-137.2098457599901
evreg3,7o.relative_year_bin_aux#0b.treat,0,215.2555910543131,0,0,0,0,0,0,0,0,0,0,0,0,0,0,0,0,0,0,0,0,0,0,0,0,0,0,0,0,0,0,0,0,0,0,0,0,0,0,0,0,0,0,0,0,0,0,0,0,0,0,0,0,0,0,0,0,0,0,0,0,0,0,0,0,0,0,0,0,0,0,0,0,0,0,0,0,0,0,0,0,0,0,0,0,0,0,0,0,0,0,0,0,0,0,0,0,0,0,0,0,0
evreg3,7.relative_year_bin_aux#1.treat,66.86268959379636,215.2555910543131,0,0,0,0,0,0,0,0,0,0,0,0,0,266.934573960063,0,252.1806497421064,0,288.905546507067,0,285.972482756366,0,0,0,301.8026534621443,0,754.0127949370581,0,259.7500337662119,0,204.8210604043251,0,479.332469197498,0,0,0,-35.36299513069905,0,75.40767715977719,0,89.52272422137465,0,76.61746102919486,0,0,0,77.35746659253329,0,263.6261753395152,0,102.6942363956263,0,52.95248712347671,0,174.4992204963438,0,0,0,0,0,0,0,-245.580644452621,0,0,0,-259.8462816685135,0,0,0,-296.690232619814,0,0,0,-283.3505958583888,0,0,0,0,0,0,0,-312.1487081081092,0,0,0,-739.3101144696147,0,0,0,-286.6593639861509,0,0,0,-248.6011929558615,0,0,0,-464.0065798323714,-.4830460357694599,97.35267133063184,-237.3014659448583
evreg3,8o.relative_year_bin_aux#0b.treat,0,215.2555910543131,0,0,0,0,0,0,0,0,0,0,0,0,0,0,0,0,0,0,0,0,0,0,0,0,0,0,0,0,0,0,0,0,0,0,0,0,0,0,0,0,0,0,0,0,0,0,0,0,0,0,0,0,0,0,0,0,0,0,0,0,0,0,0,0,0,0,0,0,0,0,0,0,0,0,0,0,0,0,0,0,0,0,0,0,0,0,0,0,0,0,0,0,0,0,0,0,0,0,0,0,0
evreg3,8.relative_year_bin_aux#1.treat,37.27906683706069,215.2555910543131,0,0,0,0,0,0,0,0,0,0,0,0,0,263.2780077139325,0,253.9504023938558,0,291.7625768732014,0,282.6054618425092,0,0,0,368.4131773118868,0,259.7500337662119,0,706.2343461535929,0,442.0522950553262,0,174.0890802028418,0,0,0,-30.43667697559276,0,75.90515073819499,0,91.14036624685619,0,76.61169644831932,0,0,0,90.94941422949923,0,98.99021081427151,0,226.2257000359832,0,106.3850926708545,0,82.24886058802569,0,0,0,0,0,0,0,-244.0725339533569,0,0,0,-258.3757797789151,0,0,0,-296.019523221968,0,0,0,-278.328334628286,0,0,0,0,0,0,0,-359.6772302142834,0,0,0,-272.7273979375917,0,0,0,-702.6371820713016,0,0,0,-419.2109681527129,0,0,0,-198.9880847785407,-.3460803374385948,45.66605324481729,-165.8729737316048
evreg3,9o.relative_year_bin_aux#0b.treat,0,215.2555910543131,0,0,0,0,0,0,0,0,0,0,0,0,0,0,0,0,0,0,0,0,0,0,0,0,0,0,0,0,0,0,0,0,0,0,0,0,0,0,0,0,0,0,0,0,0,0,0,0,0,0,0,0,0,0,0,0,0,0,0,0,0,0,0,0,0,0,0,0,0,0,0,0,0,0,0,0,0,0,0,0,0,0,0,0,0,0,0,0,0,0,0,0,0,0,0,0,0,0,0,0,0
evreg3,9.relative_year_bin_aux#1.treat,44.022692401693,215.2555910543131,0,0,0,0,0,0,0,0,0,0,0,0,0,255.1882606060787,0,261.9726662244107,0,300.0683014693585,0,281.9784200899074,0,0,0,333.3094572566888,0,204.8210604043251,0,442.0522950553262,0,800.0682469859189,0,294.7801934364951,0,0,0,-30.23582474268684,0,82.45042438601189,0,97.71185428038358,0,79.56261870557967,0,0,0,57.00152874429584,0,42.72075689118546,0,97.45644863186513,0,273.0772391364582,0,57.68754589129425,0,0,0,0,0,0,0,-239.5805961853699,0,0,0,-269.5047201797869,0,0,0,-304.8666366083181,0,0,0,-277.0897989080178,0,0,0,0,0,0,0,-332.9551073956029,0,0,0,-233.6784269618607,0,0,0,-406.4398067092193,0,0,0,-792.1168112063663,0,0,0,-285.9764884604452,-.3094964608889558,29.89929871484993,-139.738618402174
evreg3,10o.relative_year_bin_aux#0b.treat,0,215.2555910543131,0,0,0,0,0,0,0,0,0,0,0,0,0,0,0,0,0,0,0,0,0,0,0,0,0,0,0,0,0,0,0,0,0,0,0,0,0,0,0,0,0,0,0,0,0,0,0,0,0,0,0,0,0,0,0,0,0,0,0,0,0,0,0,0,0,0,0,0,0,0,0,0,0,0,0,0,0,0,0,0,0,0,0,0,0,0,0,0,0,0,0,0,0,0,0,0,0,0,0,0,0
evreg3,10.relative_year_bin_aux#1.treat,53.90500427849481,215.2555910543131,0,0,0,0,0,0,0,0,0,0,0,0,0,238.787133718757,0,248.1984227586859,0,291.7766781180798,0,284.4082841806398,0,0,0,236.1406487475342,0,479.332469197498,0,174.0890802028418,0,294.7801934364951,0,1099.957248475124,0,0,0,-32.11204307218227,0,84.98646052454747,0,97.07708143405897,0,83.56203751242097,0,0,0,93.90086783248549,0,179.1584966090509,0,89.50235212763153,0,70.93935025480401,0,270.0228600351679,0,0,0,0,0,0,0,-222.1642170326829,0,0,0,-262.5707582714042,0,0,0,-301.8865256052724,0,0,0,-281.4398440676898,0,0,0,0,0,0,0,-246.6197814226398,0,0,0,-456.7752226633114,0,0,0,-212.2216650739877,0,0,0,-299.1810997392763,0,0,0,-1078.15812617402,-.5928651323553746,88.37304404442514,-229.6142568598646
evreg3,0b.rice_area_aclvl_ahigh,0,215.2555910543131,0,0,0,0,0,0,0,0,0,0,0,0,0,0,0,0,0,0,0,0,0,0,0,0,0,0,0,0,0,0,0,0,0,0,0,0,0,0,0,0,0,0,0,0,0,0,0,0,0,0,0,0,0,0,0,0,0,0,0,0,0,0,0,0,0,0,0,0,0,0,0,0,0,0,0,0,0,0,0,0,0,0,0,0,0,0,0,0,0,0,0,0,0,0,0,0,0,0,0,0,0
evreg3,1o.rice_area_aclvl_ahigh,0,215.2555910543131,0,0,0,0,0,0,0,0,0,0,0,0,0,0,0,0,0,0,0,0,0,0,0,0,0,0,0,0,0,0,0,0,0,0,0,0,0,0,0,0,0,0,0,0,0,0,0,0,0,0,0,0,0,0,0,0,0,0,0,0,0,0,0,0,0,0,0,0,0,0,0,0,0,0,0,0,0,0,0,0,0,0,0,0,0,0,0,0,0,0,0,0,0,0,0,0,0,0,0,0,0
evreg3,1o.relative_year_bin_aux#0b.rice_area_aclvl_ahigh,0,215.2555910543131,0,0,0,0,0,0,0,0,0,0,0,0,0,0,0,0,0,0,0,0,0,0,0,0,0,0,0,0,0,0,0,0,0,0,0,0,0,0,0,0,0,0,0,0,0,0,0,0,0,0,0,0,0,0,0,0,0,0,0,0,0,0,0,0,0,0,0,0,0,0,0,0,0,0,0,0,0,0,0,0,0,0,0,0,0,0,0,0,0,0,0,0,0,0,0,0,0,0,0,0,0
evreg3,1.relative_year_bin_aux#1.rice_area_aclvl_ahigh,57.59215848848503,215.2555910543131,0,0,0,0,0,0,0,0,0,0,0,0,0,20.98429978355211,0,2.728720742422885,0,-5.141946754069307,0,-77.81885133736063,0,0,0,-34.53768627642542,0,-35.36299513069905,0,-30.43667697559276,0,-30.23582474268684,0,-32.11204307218227,0,0,0,2075.981859919098,0,282.7461050361916,0,791.3513715988533,0,593.0503668232461,0,0,0,505.0551828776969,0,470.1893672108602,0,447.8194790380115,0,439.3301633004235,0,437.9851573822277,0,0,0,0,0,0,0,-1770.47342684512,0,0,0,-135.9040890164574,0,0,0,-686.8993206963744,0,0,0,-436.4215664136813,0,0,0,0,0,0,0,-403.8165557137124,0,0,0,-374.7873684023965,0,0,0,-354.8480939075623,0,0,0,-348.3030012847903,0,0,0,-338.9675695299289,-.0069840191933103,128.8902368828421,-291.1617095984038
evreg3,2o.relative_year_bin_aux#0b.rice_area_aclvl_ahigh,0,215.2555910543131,0,0,0,0,0,0,0,0,0,0,0,0,0,0,0,0,0,0,0,0,0,0,0,0,0,0,0,0,0,0,0,0,0,0,0,0,0,0,0,0,0,0,0,0,0,0,0,0,0,0,0,0,0,0,0,0,0,0,0,0,0,0,0,0,0,0,0,0,0,0,0,0,0,0,0,0,0,0,0,0,0,0,0,0,0,0,0,0,0,0,0,0,0,0,0,0,0,0,0,0,0
evreg3,2.relative_year_bin_aux#1.rice_area_aclvl_ahigh,91.64333755993722,215.2555910543131,0,0,0,0,0,0,0,0,0,0,0,0,0,2.041708682502351,0,116.7469610241611,0,80.48886254627854,0,119.2221850818223,0,0,0,70.29821009862999,0,75.40767715977719,0,75.90515073819499,0,82.45042438601189,0,84.98646052454747,0,0,0,282.7461050361916,0,1107.3566332944,0,408.6254223852769,0,410.1799034854363,0,0,0,370.9029564291808,0,377.3587689436292,0,353.5790361133966,0,367.2549316788147,0,357.9631942903177,0,0,0,0,0,0,0,-132.0088729183541,0,0,0,-1322.935234067029,0,0,0,-447.5467158966032,0,0,0,-418.4553239768124,0,0,0,0,0,0,0,-401.8225812938934,0,0,0,-383.1199853642479,0,0,0,-386.0947052226433,0,0,0,-376.0732470103041,0,0,0,-383.4560324930842,-1.30642250805846,98.71270970163528,-236.191093204223
evreg3,3o.relative_year_bin_aux#0b.rice_area_aclvl_ahigh,0,215.2555910543131,0,0,0,0,0,0,0,0,0,0,0,0,0,0,0,0,0,0,0,0,0,0,0,0,0,0,0,0,0,0,0,0,0,0,0,0,0,0,0,0,0,0,0,0,0,0,0,0,0,0,0,0,0,0,0,0,0,0,0,0,0,0,0,0,0,0,0,0,0,0,0,0,0,0,0,0,0,0,0,0,0,0,0,0,0,0,0,0,0,0,0,0,0,0,0,0,0,0,0,0,0
evreg3,3.relative_year_bin_aux#1.rice_area_aclvl_ahigh,35.49866530302311,215.2555910543131,0,0,0,0,0,0,0,0,0,0,0,0,0,-1.02865027800947,0,78.62555839154473,0,170.3939808537703,0,52.87309984002742,0,0,0,83.34398523166281,0,89.52272422137465,0,91.14036624685619,0,97.71185428038358,0,97.07708143405897,0,0,0,791.3513715988533,0,408.6254223852769,0,1245.128157526107,0,671.3888005762337,0,0,0,594.7115604852411,0,587.5327876012707,0,575.1217992924594,0,579.1324293060873,0,578.8807984537711,0,0,0,0,0,0,0,-687.9845551571593,0,0,0,-439.2667596396071,0,0,0,-1276.968024803706,0,0,0,-652.7520766824957,0,0,0,0,0,0,0,-577.1979784338788,0,0,0,-554.8904419997127,0,0,0,-546.2530041828677,0,0,0,-552.439595501767,0,0,0,-554.4739233697949,-.4243448063361088,162.6221928509555,-361.5624719689175
evreg3,4o.relative_year_bin_aux#0b.rice_area_aclvl_ahigh,0,215.2555910543131,0,0,0,0,0,0,0,0,0,0,0,0,0,0,0,0,0,0,0,0,0,0,0,0,0,0,0,0,0,0,0,0,0,0,0,0,0,0,0,0,0,0,0,0,0,0,0,0,0,0,0,0,0,0,0,0,0,0,0,0,0,0,0,0,0,0,0,0,0,0,0,0,0,0,0,0,0,0,0,0,0,0,0,0,0,0,0,0,0,0,0,0,0,0,0,0,0,0,0,0,0
evreg3,4.relative_year_bin_aux#1.rice_area_aclvl_ahigh,9.884984178428164,215.2555910543131,0,0,0,0,0,0,0,0,0,0,0,0,0,-67.84055687038293,0,116.3115650159783,0,55.93184603846633,0,140.960822562522,0,0,0,69.71676107034105,0,76.61746102919486,0,76.61169644831932,0,79.56261870557967,0,83.56203751242097,0,0,0,593.0503668232461,0,410.1799034854363,0,671.3888005762337,0,962.7692218626879,0,0,0,543.2201111912007,0,552.1756452405591,0,544.6295251561014,0,548.6169903417456,0,549.5277534989968,0,0,0,0,0,0,0,-442.5688028079738,0,0,0,-432.9735047427441,0,0,0,-671.80418507013,0,0,0,-839.5679215823577,0,0,0,0,0,0,0,-482.1238610282162,0,0,0,-479.8408918845549,0,0,0,-483.742645936096,0,0,0,-477.3687618807456,0,0,0,-495.0749977365724,-.4264963407117113,100.9398257998779,-276.1405051043959
evreg3,5b.relative_year_bin_aux#0b.rice_area_aclvl_ahigh,0,215.2555910543131,0,0,0,0,0,0,0,0,0,0,0,0,0,0,0,0,0,0,0,0,0,0,0,0,0,0,0,0,0,0,0,0,0,0,0,0,0,0,0,0,0,0,0,0,0,0,0,0,0,0,0,0,0,0,0,0,0,0,0,0,0,0,0,0,0,0,0,0,0,0,0,0,0,0,0,0,0,0,0,0,0,0,0,0,0,0,0,0,0,0,0,0,0,0,0,0,0,0,0,0,0
evreg3,5b.relative_year_bin_aux#1o.rice_area_aclvl_ahigh,0,215.2555910543131,0,0,0,0,0,0,0,0,0,0,0,0,0,0,0,0,0,0,0,0,0,0,0,0,0,0,0,0,0,0,0,0,0,0,0,0,0,0,0,0,0,0,0,0,0,0,0,0,0,0,0,0,0,0,0,0,0,0,0,0,0,0,0,0,0,0,0,0,0,0,0,0,0,0,0,0,0,0,0,0,0,0,0,0,0,0,0,0,0,0,0,0,0,0,0,0,0,0,0,0,0
evreg3,6o.relative_year_bin_aux#0b.rice_area_aclvl_ahigh,0,215.2555910543131,0,0,0,0,0,0,0,0,0,0,0,0,0,0,0,0,0,0,0,0,0,0,0,0,0,0,0,0,0,0,0,0,0,0,0,0,0,0,0,0,0,0,0,0,0,0,0,0,0,0,0,0,0,0,0,0,0,0,0,0,0,0,0,0,0,0,0,0,0,0,0,0,0,0,0,0,0,0,0,0,0,0,0,0,0,0,0,0,0,0,0,0,0,0,0,0,0,0,0,0,0
evreg3,6.relative_year_bin_aux#1.rice_area_aclvl_ahigh,-16.94124406465706,215.2555910543131,0,0,0,0,0,0,0,0,0,0,0,0,0,-25.93358309495714,0,70.39756829711628,0,84.76763120945571,0,68.11023284439081,0,0,0,240.0061940170051,0,77.35746659253329,0,90.94941422949923,0,57.00152874429584,0,93.90086783248549,0,0,0,505.0551828776969,0,370.9029564291808,0,594.7115604852411,0,543.2201111912007,0,0,0,968.9361057807445,0,466.2435630604137,0,622.8180829271062,0,642.117123016468,0,544.8127812777118,0,0,0,0,0,0,0,-404.0997232294835,0,0,0,-389.2244711074075,0,0,0,-570.4001164132364,0,0,0,-471.9166375173322,0,0,0,0,0,0,0,-899.8026714812877,0,0,0,-393.2426243457529,0,0,0,-529.9365355242895,0,0,0,-589.0624225045281,0,0,0,-500.4836707507864,-.1743985874139309,91.4418480594037,-266.4234055061658
evreg3,7o.relative_year_bin_aux#0b.rice_area_aclvl_ahigh,0,215.2555910543131,0,0,0,0,0,0,0,0,0,0,0,0,0,0,0,0,0,0,0,0,0,0,0,0,0,0,0,0,0,0,0,0,0,0,0,0,0,0,0,0,0,0,0,0,0,0,0,0,0,0,0,0,0,0,0,0,0,0,0,0,0,0,0,0,0,0,0,0,0,0,0,0,0,0,0,0,0,0,0,0,0,0,0,0,0,0,0,0,0,0,0,0,0,0,0,0,0,0,0,0,0
evreg3,7.relative_year_bin_aux#1.rice_area_aclvl_ahigh,23.30796057681146,215.2555910543131,0,0,0,0,0,0,0,0,0,0,0,0,0,-30.62152013223062,0,76.9947989146989,0,92.66059905733825,0,77.38801580293826,0,0,0,79.9964694510758,0,263.6261753395152,0,98.99021081427151,0,42.72075689118546,0,179.1584966090509,0,0,0,470.1893672108602,0,377.3587689436292,0,587.5327876012707,0,552.1756452405591,0,0,0,466.2435630604137,0,1216.047798976575,0,511.089461454013,0,279.048296637709,0,780.4926455971608,0,0,0,0,0,0,0,-374.7060015819882,0,0,0,-396.2372058954836,0,0,0,-568.8071655400995,0,0,0,-474.9668806896868,0,0,0,0,0,0,0,-420.2470697971622,0,0,0,-963.4907478442921,0,0,0,-451.9116001327367,0,0,0,-259.490752659311,0,0,0,-699.5226844883292,-.8943428970967191,147.6601769651358,-352.1375390310224
evreg3,8o.relative_year_bin_aux#0b.rice_area_aclvl_ahigh,0,215.2555910543131,0,0,0,0,0,0,0,0,0,0,0,0,0,0,0,0,0,0,0,0,0,0,0,0,0,0,0,0,0,0,0,0,0,0,0,0,0,0,0,0,0,0,0,0,0,0,0,0,0,0,0,0,0,0,0,0,0,0,0,0,0,0,0,0,0,0,0,0,0,0,0,0,0,0,0,0,0,0,0,0,0,0,0,0,0,0,0,0,0,0,0,0,0,0,0,0,0,0,0,0,0
evreg3,8.relative_year_bin_aux#1.rice_area_aclvl_ahigh,9.008609360935306,215.2555910543131,0,0,0,0,0,0,0,0,0,0,0,0,0,-26.90055604928808,0,77.02695294686814,0,91.19571683508278,0,74.20913060239968,0,0,0,91.93692078452349,0,102.6942363956263,0,226.2257000359832,0,97.45644863186513,0,89.50235212763153,0,0,0,447.8194790380115,0,353.5790361133966,0,575.1217992924594,0,544.6295251561014,0,0,0,622.8180829271062,0,511.089461454013,0,1144.084472017544,0,833.5560772691347,0,524.2557969608895,0,0,0,0,0,0,0,-356.0328788415431,0,0,0,-365.9232731196773,0,0,0,-542.1447037562009,0,0,0,-461.8593304635023,0,0,0,0,0,0,0,-535.7671547047655,0,0,0,-430.671705207307,0,0,0,-951.1594140859941,0,0,0,-708.8317335488709,0,0,0,-497.7999829467493,-.4784123830730811,114.7666145212896,-304.1747465741416
evreg3,9o.relative_year_bin_aux#0b.rice_area_aclvl_ahigh,0,215.2555910543131,0,0,0,0,0,0,0,0,0,0,0,0,0,0,0,0,0,0,0,0,0,0,0,0,0,0,0,0,0,0,0,0,0,0,0,0,0,0,0,0,0,0,0,0,0,0,0,0,0,0,0,0,0,0,0,0,0,0,0,0,0,0,0,0,0,0,0,0,0,0,0,0,0,0,0,0,0,0,0,0,0,0,0,0,0,0,0,0,0,0,0,0,0,0,0,0,0,0,0,0,0
evreg3,9.relative_year_bin_aux#1.rice_area_aclvl_ahigh,8.041393461939707,215.2555910543131,0,0,0,0,0,0,0,0,0,0,0,0,0,-24.91464381988054,0,83.34612941117453,0,100.789655998688,0,82.38122017378758,0,0,0,63.47502618189286,0,52.95248712347671,0,106.3850926708545,0,273.0772391364582,0,70.93935025480401,0,0,0,439.3301633004235,0,367.2549316788147,0,579.1324293060873,0,548.6169903417456,0,0,0,642.117123016468,0,279.048296637709,0,833.5560772691347,0,1585.918841806726,0,428.9853307361979,0,0,0,0,0,0,0,-347.4542637540919,0,0,0,-388.9468534610489,0,0,0,-568.7392202378794,0,0,0,-484.394661618291,0,0,0,0,0,0,0,-597.5476442857325,0,0,0,-257.177868566637,0,0,0,-729.3697874481729,0,0,0,-1512.069217887199,0,0,0,-345.4988063073437,-.2647345454254549,101.1357429865929,-273.0265804032573
evreg3,10o.relative_year_bin_aux#0b.rice_area_aclvl_ahigh,0,215.2555910543131,0,0,0,0,0,0,0,0,0,0,0,0,0,0,0,0,0,0,0,0,0,0,0,0,0,0,0,0,0,0,0,0,0,0,0,0,0,0,0,0,0,0,0,0,0,0,0,0,0,0,0,0,0,0,0,0,0,0,0,0,0,0,0,0,0,0,0,0,0,0,0,0,0,0,0,0,0,0,0,0,0,0,0,0,0,0,0,0,0,0,0,0,0,0,0,0,0,0,0,0,0
evreg3,10.relative_year_bin_aux#1.rice_area_aclvl_ahigh,20.20559032479255,215.2555910543131,0,0,0,0,0,0,0,0,0,0,0,0,0,-28.86413906612881,0,79.87717340444175,0,96.7006085947813,0,79.35813191293605,0,0,0,91.85088849907018,0,174.4992204963438,0,82.24886058802569,0,57.68754589129425,0,270.0228600351679,0,0,0,437.9851573822277,0,357.9631942903177,0,578.8807984537711,0,549.5277534989968,0,0,0,544.8127812777118,0,780.4926455971608,0,524.2557969608895,0,428.9853307361979,0,1200.360204688194,0,0,0,0,0,0,0,-344.8066499680044,0,0,0,-374.9386912865285,0,0,0,-559.8672780611043,0,0,0,-475.5922471505793,0,0,0,0,0,0,0,-505.9711597431092,0,0,0,-672.1039185344425,0,0,0,-498.5568944469073,0,0,0,-327.0392976472343,0,0,0,-1042.903580970191,-.5629039835211986,138.6462701622718,-334.5067814603438
evreg3,0b.treat#0b.rice_area_aclvl_ahigh,0,215.2555910543131,0,0,0,0,0,0,0,0,0,0,0,0,0,0,0,0,0,0,0,0,0,0,0,0,0,0,0,0,0,0,0,0,0,0,0,0,0,0,0,0,0,0,0,0,0,0,0,0,0,0,0,0,0,0,0,0,0,0,0,0,0,0,0,0,0,0,0,0,0,0,0,0,0,0,0,0,0,0,0,0,0,0,0,0,0,0,0,0,0,0,0,0,0,0,0,0,0,0,0,0,0
evreg3,0b.treat#1o.rice_area_aclvl_ahigh,0,215.2555910543131,0,0,0,0,0,0,0,0,0,0,0,0,0,0,0,0,0,0,0,0,0,0,0,0,0,0,0,0,0,0,0,0,0,0,0,0,0,0,0,0,0,0,0,0,0,0,0,0,0,0,0,0,0,0,0,0,0,0,0,0,0,0,0,0,0,0,0,0,0,0,0,0,0,0,0,0,0,0,0,0,0,0,0,0,0,0,0,0,0,0,0,0,0,0,0,0,0,0,0,0,0
evreg3,1o.treat#0b.rice_area_aclvl_ahigh,0,215.2555910543131,0,0,0,0,0,0,0,0,0,0,0,0,0,0,0,0,0,0,0,0,0,0,0,0,0,0,0,0,0,0,0,0,0,0,0,0,0,0,0,0,0,0,0,0,0,0,0,0,0,0,0,0,0,0,0,0,0,0,0,0,0,0,0,0,0,0,0,0,0,0,0,0,0,0,0,0,0,0,0,0,0,0,0,0,0,0,0,0,0,0,0,0,0,0,0,0,0,0,0,0,0
evreg3,1o.treat#1o.rice_area_aclvl_ahigh,0,215.2555910543131,0,0,0,0,0,0,0,0,0,0,0,0,0,0,0,0,0,0,0,0,0,0,0,0,0,0,0,0,0,0,0,0,0,0,0,0,0,0,0,0,0,0,0,0,0,0,0,0,0,0,0,0,0,0,0,0,0,0,0,0,0,0,0,0,0,0,0,0,0,0,0,0,0,0,0,0,0,0,0,0,0,0,0,0,0,0,0,0,0,0,0,0,0,0,0,0,0,0,0,0,0
evreg3,1o.relative_year_bin_aux#0b.treat#0b.rice_area_aclvl_ahigh,0,215.2555910543131,0,0,0,0,0,0,0,0,0,0,0,0,0,0,0,0,0,0,0,0,0,0,0,0,0,0,0,0,0,0,0,0,0,0,0,0,0,0,0,0,0,0,0,0,0,0,0,0,0,0,0,0,0,0,0,0,0,0,0,0,0,0,0,0,0,0,0,0,0,0,0,0,0,0,0,0,0,0,0,0,0,0,0,0,0,0,0,0,0,0,0,0,0,0,0,0,0,0,0,0,0
evreg3,1o.relative_year_bin_aux#0b.treat#1o.rice_area_aclvl_ahigh,0,215.2555910543131,0,0,0,0,0,0,0,0,0,0,0,0,0,0,0,0,0,0,0,0,0,0,0,0,0,0,0,0,0,0,0,0,0,0,0,0,0,0,0,0,0,0,0,0,0,0,0,0,0,0,0,0,0,0,0,0,0,0,0,0,0,0,0,0,0,0,0,0,0,0,0,0,0,0,0,0,0,0,0,0,0,0,0,0,0,0,0,0,0,0,0,0,0,0,0,0,0,0,0,0,0
evreg3,1o.relative_year_bin_aux#1o.treat#0b.rice_area_aclvl_ahigh,0,215.2555910543131,0,0,0,0,0,0,0,0,0,0,0,0,0,0,0,0,0,0,0,0,0,0,0,0,0,0,0,0,0,0,0,0,0,0,0,0,0,0,0,0,0,0,0,0,0,0,0,0,0,0,0,0,0,0,0,0,0,0,0,0,0,0,0,0,0,0,0,0,0,0,0,0,0,0,0,0,0,0,0,0,0,0,0,0,0,0,0,0,0,0,0,0,0,0,0,0,0,0,0,0,0
evreg3,1.relative_year_bin_aux#1.treat#1.rice_area_aclvl_ahigh,-97.67658614129692,215.2555910543131,0,0,0,0,0,0,0,0,0,0,0,0,0,-779.0934321392854,0,-259.4235077654021,0,-278.2190030938881,0,-344.1096774997628,0,0,0,-247.7691873490928,0,-245.580644452621,0,-244.0725339533569,0,-239.5805961853699,0,-222.1642170326829,0,0,0,-1770.47342684512,0,-132.0088729183541,0,-687.9845551571593,0,-442.5688028079738,0,0,0,-404.0997232294835,0,-374.7060015819882,0,-356.0328788415431,0,-347.4542637540919,0,-344.8066499680044,0,0,0,0,0,0,0,3120.317313832909,0,0,0,484.6543772486301,0,0,0,1188.273944655054,0,0,0,1043.499839963458,0,0,0,0,0,0,0,837.8224702683465,0,0,0,797.4648842186758,0,0,0,760.838095657589,0,0,0,760.4429525378732,0,0,0,733.3089125693626,.1798380337577356,-195.8559164607502,362.447695714822
evreg3,2o.relative_year_bin_aux#0b.treat#0b.rice_area_aclvl_ahigh,0,215.2555910543131,0,0,0,0,0,0,0,0,0,0,0,0,0,0,0,0,0,0,0,0,0,0,0,0,0,0,0,0,0,0,0,0,0,0,0,0,0,0,0,0,0,0,0,0,0,0,0,0,0,0,0,0,0,0,0,0,0,0,0,0,0,0,0,0,0,0,0,0,0,0,0,0,0,0,0,0,0,0,0,0,0,0,0,0,0,0,0,0,0,0,0,0,0,0,0,0,0,0,0,0,0
evreg3,2o.relative_year_bin_aux#0b.treat#1o.rice_area_aclvl_ahigh,0,215.2555910543131,0,0,0,0,0,0,0,0,0,0,0,0,0,0,0,0,0,0,0,0,0,0,0,0,0,0,0,0,0,0,0,0,0,0,0,0,0,0,0,0,0,0,0,0,0,0,0,0,0,0,0,0,0,0,0,0,0,0,0,0,0,0,0,0,0,0,0,0,0,0,0,0,0,0,0,0,0,0,0,0,0,0,0,0,0,0,0,0,0,0,0,0,0,0,0,0,0,0,0,0,0
evreg3,2o.relative_year_bin_aux#1o.treat#0b.rice_area_aclvl_ahigh,0,215.2555910543131,0,0,0,0,0,0,0,0,0,0,0,0,0,0,0,0,0,0,0,0,0,0,0,0,0,0,0,0,0,0,0,0,0,0,0,0,0,0,0,0,0,0,0,0,0,0,0,0,0,0,0,0,0,0,0,0,0,0,0,0,0,0,0,0,0,0,0,0,0,0,0,0,0,0,0,0,0,0,0,0,0,0,0,0,0,0,0,0,0,0,0,0,0,0,0,0,0,0,0,0,0
evreg3,2.relative_year_bin_aux#1.treat#1.rice_area_aclvl_ahigh,-115.9848556759933,215.2555910543131,0,0,0,0,0,0,0,0,0,0,0,0,0,-248.5117764981872,0,-404.4706441954467,0,-259.7291766752726,0,-278.998746503631,0,0,0,-247.2653939714845,0,-259.8462816685135,0,-258.3757797789151,0,-269.5047201797869,0,-262.5707582714042,0,0,0,-135.9040890164574,0,-1322.935234067029,0,-439.2667596396071,0,-432.9735047427441,0,0,0,-389.2244711074075,0,-396.2372058954836,0,-365.9232731196773,0,-388.9468534610489,0,-374.9386912865285,0,0,0,0,0,0,0,484.6543772486301,0,0,0,2682.246035273004,0,0,0,1015.489138091795,0,0,0,998.6389651922157,0,0,0,0,0,0,0,967.4578433958378,0,0,0,934.6095662588526,0,0,0,940.5221482421475,0,0,0,946.7049195214693,0,0,0,947.6787701772454,2.091049513408871,-232.8686778722721,381.3991353385975
evreg3,3o.relative_year_bin_aux#0b.treat#0b.rice_area_aclvl_ahigh,0,215.2555910543131,0,0,0,0,0,0,0,0,0,0,0,0,0,0,0,0,0,0,0,0,0,0,0,0,0,0,0,0,0,0,0,0,0,0,0,0,0,0,0,0,0,0,0,0,0,0,0,0,0,0,0,0,0,0,0,0,0,0,0,0,0,0,0,0,0,0,0,0,0,0,0,0,0,0,0,0,0,0,0,0,0,0,0,0,0,0,0,0,0,0,0,0,0,0,0,0,0,0,0,0,0
evreg3,3o.relative_year_bin_aux#0b.treat#1o.rice_area_aclvl_ahigh,0,215.2555910543131,0,0,0,0,0,0,0,0,0,0,0,0,0,0,0,0,0,0,0,0,0,0,0,0,0,0,0,0,0,0,0,0,0,0,0,0,0,0,0,0,0,0,0,0,0,0,0,0,0,0,0,0,0,0,0,0,0,0,0,0,0,0,0,0,0,0,0,0,0,0,0,0,0,0,0,0,0,0,0,0,0,0,0,0,0,0,0,0,0,0,0,0,0,0,0,0,0,0,0,0,0
evreg3,3o.relative_year_bin_aux#1o.treat#0b.rice_area_aclvl_ahigh,0,215.2555910543131,0,0,0,0,0,0,0,0,0,0,0,0,0,0,0,0,0,0,0,0,0,0,0,0,0,0,0,0,0,0,0,0,0,0,0,0,0,0,0,0,0,0,0,0,0,0,0,0,0,0,0,0,0,0,0,0,0,0,0,0,0,0,0,0,0,0,0,0,0,0,0,0,0,0,0,0,0,0,0,0,0,0,0,0,0,0,0,0,0,0,0,0,0,0,0,0,0,0,0,0,0
evreg3,3.relative_year_bin_aux#1.treat#1.rice_area_aclvl_ahigh,-88.29587338387293,215.2555910543131,0,0,0,0,0,0,0,0,0,0,0,0,0,-273.8783100257484,0,-264.4572372854041,0,-550.9705808054675,0,-211.2839335182482,0,0,0,-283.2222494186492,0,-296.690232619814,0,-296.019523221968,0,-304.8666366083181,0,-301.8865256052724,0,0,0,-686.8993206963744,0,-447.5467158966032,0,-1276.968024803706,0,-671.80418507013,0,0,0,-570.4001164132364,0,-568.8071655400995,0,-542.1447037562009,0,-568.7392202378794,0,-559.8672780611043,0,0,0,0,0,0,0,1188.273944655054,0,0,0,1015.489138091795,0,0,0,2800.110600822189,0,0,0,1454.205222893211,0,0,0,0,0,0,0,1297.345104121149,0,0,0,1264.950804263576,0,0,0,1253.023582018621,0,0,0,1256.032141732248,0,0,0,1252.472162833528,1.645667325760421,-235.6455576520901,397.3231820338958
evreg3,4o.relative_year_bin_aux#0b.treat#0b.rice_area_aclvl_ahigh,0,215.2555910543131,0,0,0,0,0,0,0,0,0,0,0,0,0,0,0,0,0,0,0,0,0,0,0,0,0,0,0,0,0,0,0,0,0,0,0,0,0,0,0,0,0,0,0,0,0,0,0,0,0,0,0,0,0,0,0,0,0,0,0,0,0,0,0,0,0,0,0,0,0,0,0,0,0,0,0,0,0,0,0,0,0,0,0,0,0,0,0,0,0,0,0,0,0,0,0,0,0,0,0,0,0
evreg3,4o.relative_year_bin_aux#0b.treat#1o.rice_area_aclvl_ahigh,0,215.2555910543131,0,0,0,0,0,0,0,0,0,0,0,0,0,0,0,0,0,0,0,0,0,0,0,0,0,0,0,0,0,0,0,0,0,0,0,0,0,0,0,0,0,0,0,0,0,0,0,0,0,0,0,0,0,0,0,0,0,0,0,0,0,0,0,0,0,0,0,0,0,0,0,0,0,0,0,0,0,0,0,0,0,0,0,0,0,0,0,0,0,0,0,0,0,0,0,0,0,0,0,0,0
evreg3,4o.relative_year_bin_aux#1o.treat#0b.rice_area_aclvl_ahigh,0,215.2555910543131,0,0,0,0,0,0,0,0,0,0,0,0,0,0,0,0,0,0,0,0,0,0,0,0,0,0,0,0,0,0,0,0,0,0,0,0,0,0,0,0,0,0,0,0,0,0,0,0,0,0,0,0,0,0,0,0,0,0,0,0,0,0,0,0,0,0,0,0,0,0,0,0,0,0,0,0,0,0,0,0,0,0,0,0,0,0,0,0,0,0,0,0,0,0,0,0,0,0,0,0,0
evreg3,4.relative_year_bin_aux#1.treat#1.rice_area_aclvl_ahigh,-52.35821750117082,215.2555910543131,0,0,0,0,0,0,0,0,0,0,0,0,0,-339.7467223571407,0,-280.2762906474713,0,-210.8648840910988,0,-586.9316316951522,0,0,0,-279.9733082062136,0,-283.3505958583888,0,-278.328334628286,0,-277.0897989080178,0,-281.4398440676898,0,0,0,-436.4215664136813,0,-418.4553239768124,0,-652.7520766824957,0,-839.5679215823577,0,0,0,-471.9166375173322,0,-474.9668806896868,0,-461.8593304635023,0,-484.394661618291,0,-475.5922471505793,0,0,0,0,0,0,0,1043.499839963458,0,0,0,998.6389651922157,0,0,0,1454.205222893211,0,0,0,1975.786037196971,0,0,0,0,0,0,0,1090.339959105374,0,0,0,1062.597869874289,0,0,0,1048.994390717888,0,0,0,1048.956325886119,0,0,0,1043.434624447193,1.134604442905434,-92.8449804044682,208.0173940322041
evreg3,5b.relative_year_bin_aux#0b.treat#0b.rice_area_aclvl_ahigh,0,215.2555910543131,0,0,0,0,0,0,0,0,0,0,0,0,0,0,0,0,0,0,0,0,0,0,0,0,0,0,0,0,0,0,0,0,0,0,0,0,0,0,0,0,0,0,0,0,0,0,0,0,0,0,0,0,0,0,0,0,0,0,0,0,0,0,0,0,0,0,0,0,0,0,0,0,0,0,0,0,0,0,0,0,0,0,0,0,0,0,0,0,0,0,0,0,0,0,0,0,0,0,0,0,0
evreg3,5b.relative_year_bin_aux#0b.treat#1o.rice_area_aclvl_ahigh,0,215.2555910543131,0,0,0,0,0,0,0,0,0,0,0,0,0,0,0,0,0,0,0,0,0,0,0,0,0,0,0,0,0,0,0,0,0,0,0,0,0,0,0,0,0,0,0,0,0,0,0,0,0,0,0,0,0,0,0,0,0,0,0,0,0,0,0,0,0,0,0,0,0,0,0,0,0,0,0,0,0,0,0,0,0,0,0,0,0,0,0,0,0,0,0,0,0,0,0,0,0,0,0,0,0
evreg3,5b.relative_year_bin_aux#1o.treat#0b.rice_area_aclvl_ahigh,0,215.2555910543131,0,0,0,0,0,0,0,0,0,0,0,0,0,0,0,0,0,0,0,0,0,0,0,0,0,0,0,0,0,0,0,0,0,0,0,0,0,0,0,0,0,0,0,0,0,0,0,0,0,0,0,0,0,0,0,0,0,0,0,0,0,0,0,0,0,0,0,0,0,0,0,0,0,0,0,0,0,0,0,0,0,0,0,0,0,0,0,0,0,0,0,0,0,0,0,0,0,0,0,0,0
evreg3,5b.relative_year_bin_aux#1o.treat#1o.rice_area_aclvl_ahigh,0,215.2555910543131,0,0,0,0,0,0,0,0,0,0,0,0,0,0,0,0,0,0,0,0,0,0,0,0,0,0,0,0,0,0,0,0,0,0,0,0,0,0,0,0,0,0,0,0,0,0,0,0,0,0,0,0,0,0,0,0,0,0,0,0,0,0,0,0,0,0,0,0,0,0,0,0,0,0,0,0,0,0,0,0,0,0,0,0,0,0,0,0,0,0,0,0,0,0,0,0,0,0,0,0,0
evreg3,6o.relative_year_bin_aux#0b.treat#0b.rice_area_aclvl_ahigh,0,215.2555910543131,0,0,0,0,0,0,0,0,0,0,0,0,0,0,0,0,0,0,0,0,0,0,0,0,0,0,0,0,0,0,0,0,0,0,0,0,0,0,0,0,0,0,0,0,0,0,0,0,0,0,0,0,0,0,0,0,0,0,0,0,0,0,0,0,0,0,0,0,0,0,0,0,0,0,0,0,0,0,0,0,0,0,0,0,0,0,0,0,0,0,0,0,0,0,0,0,0,0,0,0,0
evreg3,6o.relative_year_bin_aux#0b.treat#1o.rice_area_aclvl_ahigh,0,215.2555910543131,0,0,0,0,0,0,0,0,0,0,0,0,0,0,0,0,0,0,0,0,0,0,0,0,0,0,0,0,0,0,0,0,0,0,0,0,0,0,0,0,0,0,0,0,0,0,0,0,0,0,0,0,0,0,0,0,0,0,0,0,0,0,0,0,0,0,0,0,0,0,0,0,0,0,0,0,0,0,0,0,0,0,0,0,0,0,0,0,0,0,0,0,0,0,0,0,0,0,0,0,0
evreg3,6o.relative_year_bin_aux#1o.treat#0b.rice_area_aclvl_ahigh,0,215.2555910543131,0,0,0,0,0,0,0,0,0,0,0,0,0,0,0,0,0,0,0,0,0,0,0,0,0,0,0,0,0,0,0,0,0,0,0,0,0,0,0,0,0,0,0,0,0,0,0,0,0,0,0,0,0,0,0,0,0,0,0,0,0,0,0,0,0,0,0,0,0,0,0,0,0,0,0,0,0,0,0,0,0,0,0,0,0,0,0,0,0,0,0,0,0,0,0,0,0,0,0,0,0
evreg3,6.relative_year_bin_aux#1.treat#1.rice_area_aclvl_ahigh,-10.93298700173364,215.2555910543131,0,0,0,0,0,0,0,0,0,0,0,0,0,-251.1104231855387,0,-250.1478777715988,0,-286.0244105995426,0,-282.5877985522058,0,0,0,-594.1566493453419,0,-312.1487081081092,0,-359.6772302142834,0,-332.9551073956029,0,-246.6197814226398,0,0,0,-403.8165557137124,0,-401.8225812938934,0,-577.1979784338788,0,-482.1238610282162,0,0,0,-899.8026714812877,0,-420.2470697971622,0,-535.7671547047655,0,-597.5476442857325,0,-505.9711597431092,0,0,0,0,0,0,0,837.8224702683465,0,0,0,967.4578433958378,0,0,0,1297.345104121149,0,0,0,1090.339959105374,0,0,0,0,0,0,0,2023.188086619293,0,0,0,1034.808832143188,0,0,0,1122.425620210322,0,0,0,1499.302013809644,0,0,0,980.5288722112206,.4105281732177363,-151.6082959713656,294.93310800849
evreg3,7o.relative_year_bin_aux#0b.treat#0b.rice_area_aclvl_ahigh,0,215.2555910543131,0,0,0,0,0,0,0,0,0,0,0,0,0,0,0,0,0,0,0,0,0,0,0,0,0,0,0,0,0,0,0,0,0,0,0,0,0,0,0,0,0,0,0,0,0,0,0,0,0,0,0,0,0,0,0,0,0,0,0,0,0,0,0,0,0,0,0,0,0,0,0,0,0,0,0,0,0,0,0,0,0,0,0,0,0,0,0,0,0,0,0,0,0,0,0,0,0,0,0,0,0
evreg3,7o.relative_year_bin_aux#0b.treat#1o.rice_area_aclvl_ahigh,0,215.2555910543131,0,0,0,0,0,0,0,0,0,0,0,0,0,0,0,0,0,0,0,0,0,0,0,0,0,0,0,0,0,0,0,0,0,0,0,0,0,0,0,0,0,0,0,0,0,0,0,0,0,0,0,0,0,0,0,0,0,0,0,0,0,0,0,0,0,0,0,0,0,0,0,0,0,0,0,0,0,0,0,0,0,0,0,0,0,0,0,0,0,0,0,0,0,0,0,0,0,0,0,0,0
evreg3,7o.relative_year_bin_aux#1o.treat#0b.rice_area_aclvl_ahigh,0,215.2555910543131,0,0,0,0,0,0,0,0,0,0,0,0,0,0,0,0,0,0,0,0,0,0,0,0,0,0,0,0,0,0,0,0,0,0,0,0,0,0,0,0,0,0,0,0,0,0,0,0,0,0,0,0,0,0,0,0,0,0,0,0,0,0,0,0,0,0,0,0,0,0,0,0,0,0,0,0,0,0,0,0,0,0,0,0,0,0,0,0,0,0,0,0,0,0,0,0,0,0,0,0,0
evreg3,7.relative_year_bin_aux#1.treat#1.rice_area_aclvl_ahigh,-41.60731643513387,215.2555910543131,0,0,0,0,0,0,0,0,0,0,0,0,0,-245.4742531522832,0,-262.5085658116687,0,-295.6958411246217,0,-283.0749929820998,0,0,0,-305.8232166169637,0,-739.3101144696147,0,-272.7273979375917,0,-233.6784269618607,0,-456.7752226633114,0,0,0,-374.7873684023965,0,-383.1199853642479,0,-554.8904419997127,0,-479.8408918845549,0,0,0,-393.2426243457529,0,-963.4907478442921,0,-430.671705207307,0,-257.177868566637,0,-672.1039185344425,0,0,0,0,0,0,0,797.4648842186758,0,0,0,934.6095662588526,0,0,0,1264.950804263576,0,0,0,1062.597869874289,0,0,0,0,0,0,0,1034.808832143188,0,0,0,2280.616815728568,0,0,0,1142.471168242596,0,0,0,781.336331410231,0,0,0,1101.400987234001,1.125822482226999,-201.0395625427741,366.6049524972292
evreg3,8o.relative_year_bin_aux#0b.treat#0b.rice_area_aclvl_ahigh,0,215.2555910543131,0,0,0,0,0,0,0,0,0,0,0,0,0,0,0,0,0,0,0,0,0,0,0,0,0,0,0,0,0,0,0,0,0,0,0,0,0,0,0,0,0,0,0,0,0,0,0,0,0,0,0,0,0,0,0,0,0,0,0,0,0,0,0,0,0,0,0,0,0,0,0,0,0,0,0,0,0,0,0,0,0,0,0,0,0,0,0,0,0,0,0,0,0,0,0,0,0,0,0,0,0
evreg3,8o.relative_year_bin_aux#0b.treat#1o.rice_area_aclvl_ahigh,0,215.2555910543131,0,0,0,0,0,0,0,0,0,0,0,0,0,0,0,0,0,0,0,0,0,0,0,0,0,0,0,0,0,0,0,0,0,0,0,0,0,0,0,0,0,0,0,0,0,0,0,0,0,0,0,0,0,0,0,0,0,0,0,0,0,0,0,0,0,0,0,0,0,0,0,0,0,0,0,0,0,0,0,0,0,0,0,0,0,0,0,0,0,0,0,0,0,0,0,0,0,0,0,0,0
evreg3,8o.relative_year_bin_aux#1o.treat#0b.rice_area_aclvl_ahigh,0,215.2555910543131,0,0,0,0,0,0,0,0,0,0,0,0,0,0,0,0,0,0,0,0,0,0,0,0,0,0,0,0,0,0,0,0,0,0,0,0,0,0,0,0,0,0,0,0,0,0,0,0,0,0,0,0,0,0,0,0,0,0,0,0,0,0,0,0,0,0,0,0,0,0,0,0,0,0,0,0,0,0,0,0,0,0,0,0,0,0,0,0,0,0,0,0,0,0,0,0,0,0,0,0,0
evreg3,8.relative_year_bin_aux#1.treat#1.rice_area_aclvl_ahigh,-53.85299551492336,215.2555910543131,0,0,0,0,0,0,0,0,0,0,0,0,0,-240.1976851498807,0,-267.9334690235297,0,-302.5311018857967,0,-284.191596734647,0,0,0,-360.3246832661949,0,-286.6593639861509,0,-702.6371820713016,0,-406.4398067092193,0,-212.2216650739877,0,0,0,-354.8480939075623,0,-386.0947052226433,0,-546.2530041828677,0,-483.742645936096,0,0,0,-529.9365355242895,0,-451.9116001327367,0,-951.1594140859941,0,-729.3697874481729,0,-498.5568944469073,0,0,0,0,0,0,0,760.838095657589,0,0,0,940.5221482421475,0,0,0,1253.023582018621,0,0,0,1048.994390717888,0,0,0,0,0,0,0,1122.425620210322,0,0,0,1142.471168242596,0,0,0,2213.018249902183,0,0,0,1084.224777158529,0,0,0,1052.29103295334,1.539785443136182,-151.6814423592557,308.5948430369791
evreg3,9o.relative_year_bin_aux#0b.treat#0b.rice_area_aclvl_ahigh,0,215.2555910543131,0,0,0,0,0,0,0,0,0,0,0,0,0,0,0,0,0,0,0,0,0,0,0,0,0,0,0,0,0,0,0,0,0,0,0,0,0,0,0,0,0,0,0,0,0,0,0,0,0,0,0,0,0,0,0,0,0,0,0,0,0,0,0,0,0,0,0,0,0,0,0,0,0,0,0,0,0,0,0,0,0,0,0,0,0,0,0,0,0,0,0,0,0,0,0,0,0,0,0,0,0
evreg3,9o.relative_year_bin_aux#0b.treat#1o.rice_area_aclvl_ahigh,0,215.2555910543131,0,0,0,0,0,0,0,0,0,0,0,0,0,0,0,0,0,0,0,0,0,0,0,0,0,0,0,0,0,0,0,0,0,0,0,0,0,0,0,0,0,0,0,0,0,0,0,0,0,0,0,0,0,0,0,0,0,0,0,0,0,0,0,0,0,0,0,0,0,0,0,0,0,0,0,0,0,0,0,0,0,0,0,0,0,0,0,0,0,0,0,0,0,0,0,0,0,0,0,0,0
evreg3,9o.relative_year_bin_aux#1o.treat#0b.rice_area_aclvl_ahigh,0,215.2555910543131,0,0,0,0,0,0,0,0,0,0,0,0,0,0,0,0,0,0,0,0,0,0,0,0,0,0,0,0,0,0,0,0,0,0,0,0,0,0,0,0,0,0,0,0,0,0,0,0,0,0,0,0,0,0,0,0,0,0,0,0,0,0,0,0,0,0,0,0,0,0,0,0,0,0,0,0,0,0,0,0,0,0,0,0,0,0,0,0,0,0,0,0,0,0,0,0,0,0,0,0,0
evreg3,9.relative_year_bin_aux#1.treat#1.rice_area_aclvl_ahigh,-14.46481612142605,215.2555910543131,0,0,0,0,0,0,0,0,0,0,0,0,0,-243.5228362271036,0,-270.8712449281134,0,-310.3337530367548,0,-283.281197792597,0,0,0,-338.2357558227159,0,-248.6011929558615,0,-419.2109681527129,0,-792.1168112063663,0,-299.1810997392763,0,0,0,-348.3030012847903,0,-376.0732470103041,0,-552.439595501767,0,-477.3687618807456,0,0,0,-589.0624225045281,0,-259.490752659311,0,-708.8317335488709,0,-1512.069217887199,0,-327.0392976472343,0,0,0,0,0,0,0,760.4429525378732,0,0,0,946.7049195214693,0,0,0,1256.032141732248,0,0,0,1048.956325886119,0,0,0,0,0,0,0,1499.302013809644,0,0,0,781.336331410231,0,0,0,1084.224777158529,0,0,0,3268.686220472199,0,0,0,675.9877900757906,-.1913266955162824,-216.6051032104383,372.7734683524382
evreg3,10o.relative_year_bin_aux#0b.treat#0b.rice_area_aclvl_ahigh,0,215.2555910543131,0,0,0,0,0,0,0,0,0,0,0,0,0,0,0,0,0,0,0,0,0,0,0,0,0,0,0,0,0,0,0,0,0,0,0,0,0,0,0,0,0,0,0,0,0,0,0,0,0,0,0,0,0,0,0,0,0,0,0,0,0,0,0,0,0,0,0,0,0,0,0,0,0,0,0,0,0,0,0,0,0,0,0,0,0,0,0,0,0,0,0,0,0,0,0,0,0,0,0,0,0
evreg3,10o.relative_year_bin_aux#0b.treat#1o.rice_area_aclvl_ahigh,0,215.2555910543131,0,0,0,0,0,0,0,0,0,0,0,0,0,0,0,0,0,0,0,0,0,0,0,0,0,0,0,0,0,0,0,0,0,0,0,0,0,0,0,0,0,0,0,0,0,0,0,0,0,0,0,0,0,0,0,0,0,0,0,0,0,0,0,0,0,0,0,0,0,0,0,0,0,0,0,0,0,0,0,0,0,0,0,0,0,0,0,0,0,0,0,0,0,0,0,0,0,0,0,0,0
evreg3,10o.relative_year_bin_aux#1o.treat#0b.rice_area_aclvl_ahigh,0,215.2555910543131,0,0,0,0,0,0,0,0,0,0,0,0,0,0,0,0,0,0,0,0,0,0,0,0,0,0,0,0,0,0,0,0,0,0,0,0,0,0,0,0,0,0,0,0,0,0,0,0,0,0,0,0,0,0,0,0,0,0,0,0,0,0,0,0,0,0,0,0,0,0,0,0,0,0,0,0,0,0,0,0,0,0,0,0,0,0,0,0,0,0,0,0,0,0,0,0,0,0,0,0,0
evreg3,10.relative_year_bin_aux#1.treat#1.rice_area_aclvl_ahigh,-98.58835211622262,215.2555910543131,0,0,0,0,0,0,0,0,0,0,0,0,0,-216.0907448008176,0,-262.3469990461693,0,-303.1787949613793,0,-285.9851068372056,0,0,0,-246.6339193626028,0,-464.0065798323714,0,-198.9880847785407,0,-285.9764884604452,0,-1078.15812617402,0,0,0,-338.9675695299289,0,-383.4560324930842,0,-554.4739233697949,0,-495.0749977365724,0,0,0,-500.4836707507864,0,-699.5226844883292,0,-497.7999829467493,0,-345.4988063073437,0,-1042.903580970191,0,0,0,0,0,0,0,733.3089125693626,0,0,0,947.6787701772454,0,0,0,1252.472162833528,0,0,0,1043.434624447193,0,0,0,0,0,0,0,980.5288722112206,0,0,0,1101.400987234001,0,0,0,1052.29103295334,0,0,0,675.9877900757906,0,0,0,2606.891451566385,1.736444061341914,-192.183119162001,370.0336371754453
evreg3,wind_direction,-.9839785781209028,215.2555910543131,0,0,0,0,0,0,0,0,0,0,0,0,0,-.0981528295759187,0,-.195073540794879,0,-.3340434028911402,0,-.488580660439648,0,0,0,-.2185925788345875,0,-.4830460357694599,0,-.3460803374385948,0,-.3094964608889558,0,-.5928651323553746,0,0,0,-.0069840191933103,0,-1.30642250805846,0,-.4243448063361088,0,-.4264963407117113,0,0,0,-.1743985874139309,0,-.8943428970967191,0,-.4784123830730811,0,-.2647345454254549,0,-.5629039835211986,0,0,0,0,0,0,0,.1798380337577356,0,0,0,2.091049513408871,0,0,0,1.645667325760421,0,0,0,1.134604442905434,0,0,0,0,0,0,0,.4105281732177363,0,0,0,1.125822482226999,0,0,0,1.539785443136182,0,0,0,-.1913266955162824,0,0,0,1.736444061341914,.0112331308121197,-.4847409707057705,.8290392737399921
evreg3,av_wind_speed,94.73057628690853,215.2555910543131,0,0,0,0,0,0,0,0,0,0,0,0,0,15.15578397918843,0,19.41876052453377,0,63.10819145210042,0,7.912339098755476,0,0,0,25.81365344056617,0,97.35267133063184,0,45.66605324481729,0,29.89929871484993,0,88.37304404442514,0,0,0,128.8902368828421,0,98.71270970163528,0,162.6221928509555,0,100.9398257998779,0,0,0,91.4418480594037,0,147.6601769651358,0,114.7666145212896,0,101.1357429865929,0,138.6462701622718,0,0,0,0,0,0,0,-195.8559164607502,0,0,0,-232.8686778722721,0,0,0,-235.6455576520901,0,0,0,-92.8449804044682,0,0,0,0,0,0,0,-151.6082959713656,0,0,0,-201.0395625427741,0,0,0,-151.6814423592557,0,0,0,-216.6051032104383,0,0,0,-192.183119162001,-.4847409707057705,245.736702124241,-351.183014535607
evreg3,_cons,25.16364504070711,215.2555910543131,0,0,0,0,0,0,0,0,0,0,0,0,0,-87.1083409106698,0,-110.2931814418669,0,-178.4522132741708,0,-106.3013344039504,0,0,0,-137.2098457599901,0,-237.3014659448583,0,-165.8729737316048,0,-139.738618402174,0,-229.6142568598646,0,0,0,-291.1617095984038,0,-236.191093204223,0,-361.5624719689175,0,-276.1405051043959,0,0,0,-266.4234055061658,0,-352.1375390310224,0,-304.1747465741416,0,-273.0265804032573,0,-334.5067814603438,0,0,0,0,0,0,0,362.447695714822,0,0,0,381.3991353385975,0,0,0,397.3231820338958,0,0,0,208.0173940322041,0,0,0,0,0,0,0,294.93310800849,0,0,0,366.6049524972292,0,0,0,308.5948430369791,0,0,0,372.7734683524382,0,0,0,370.0336371754453,.8290392737399921,-351.183014535607,575.1725956847537
evreg4,1o.relative_year_bin_aux,0,215.2555910543131,0,0,0,0,0,0,0,0,0,0,0,0,0,0,0,0,0,0,0,0,0,0,0,0,0,0,0,0,0,0,0,0,0,0,0,0,0,0,0,0,0,0,0,0,0,0,0,0,0,0,0,0,0,0,0,0,0,0,0,0,0,0,0,0,0,0,0,0,0,0,0,0,0,0,0,0,0,0,0,0,0,0,0,0,0,0,0,0,0,0,0,0,0,0,0,0,0,0,0,0,0
evreg4,2o.relative_year_bin_aux,0,215.2555910543131,0,0,0,0,0,0,0,0,0,0,0,0,0,0,0,0,0,0,0,0,0,0,0,0,0,0,0,0,0,0,0,0,0,0,0,0,0,0,0,0,0,0,0,0,0,0,0,0,0,0,0,0,0,0,0,0,0,0,0,0,0,0,0,0,0,0,0,0,0,0,0,0,0,0,0,0,0,0,0,0,0,0,0,0,0,0,0,0,0,0,0,0,0,0,0,0,0,0,0,0,0
evreg4,3o.relative_year_bin_aux,0,215.2555910543131,0,0,0,0,0,0,0,0,0,0,0,0,0,0,0,0,0,0,0,0,0,0,0,0,0,0,0,0,0,0,0,0,0,0,0,0,0,0,0,0,0,0,0,0,0,0,0,0,0,0,0,0,0,0,0,0,0,0,0,0,0,0,0,0,0,0,0,0,0,0,0,0,0,0,0,0,0,0,0,0,0,0,0,0,0,0,0,0,0,0,0,0,0,0,0,0,0,0,0,0,0
evreg4,4o.relative_year_bin_aux,0,215.2555910543131,0,0,0,0,0,0,0,0,0,0,0,0,0,0,0,0,0,0,0,0,0,0,0,0,0,0,0,0,0,0,0,0,0,0,0,0,0,0,0,0,0,0,0,0,0,0,0,0,0,0,0,0,0,0,0,0,0,0,0,0,0,0,0,0,0,0,0,0,0,0,0,0,0,0,0,0,0,0,0,0,0,0,0,0,0,0,0,0,0,0,0,0,0,0,0,0,0,0,0,0,0
evreg4,5b.relative_year_bin_aux,0,215.2555910543131,0,0,0,0,0,0,0,0,0,0,0,0,0,0,0,0,0,0,0,0,0,0,0,0,0,0,0,0,0,0,0,0,0,0,0,0,0,0,0,0,0,0,0,0,0,0,0,0,0,0,0,0,0,0,0,0,0,0,0,0,0,0,0,0,0,0,0,0,0,0,0,0,0,0,0,0,0,0,0,0,0,0,0,0,0,0,0,0,0,0,0,0,0,0,0,0,0,0,0,0,0
evreg4,6o.relative_year_bin_aux,0,215.2555910543131,0,0,0,0,0,0,0,0,0,0,0,0,0,0,0,0,0,0,0,0,0,0,0,0,0,0,0,0,0,0,0,0,0,0,0,0,0,0,0,0,0,0,0,0,0,0,0,0,0,0,0,0,0,0,0,0,0,0,0,0,0,0,0,0,0,0,0,0,0,0,0,0,0,0,0,0,0,0,0,0,0,0,0,0,0,0,0,0,0,0,0,0,0,0,0,0,0,0,0,0,0
evreg4,7o.relative_year_bin_aux,0,215.2555910543131,0,0,0,0,0,0,0,0,0,0,0,0,0,0,0,0,0,0,0,0,0,0,0,0,0,0,0,0,0,0,0,0,0,0,0,0,0,0,0,0,0,0,0,0,0,0,0,0,0,0,0,0,0,0,0,0,0,0,0,0,0,0,0,0,0,0,0,0,0,0,0,0,0,0,0,0,0,0,0,0,0,0,0,0,0,0,0,0,0,0,0,0,0,0,0,0,0,0,0,0,0
evreg4,8o.relative_year_bin_aux,0,215.2555910543131,0,0,0,0,0,0,0,0,0,0,0,0,0,0,0,0,0,0,0,0,0,0,0,0,0,0,0,0,0,0,0,0,0,0,0,0,0,0,0,0,0,0,0,0,0,0,0,0,0,0,0,0,0,0,0,0,0,0,0,0,0,0,0,0,0,0,0,0,0,0,0,0,0,0,0,0,0,0,0,0,0,0,0,0,0,0,0,0,0,0,0,0,0,0,0,0,0,0,0,0,0
evreg4,9o.relative_year_bin_aux,0,215.2555910543131,0,0,0,0,0,0,0,0,0,0,0,0,0,0,0,0,0,0,0,0,0,0,0,0,0,0,0,0,0,0,0,0,0,0,0,0,0,0,0,0,0,0,0,0,0,0,0,0,0,0,0,0,0,0,0,0,0,0,0,0,0,0,0,0,0,0,0,0,0,0,0,0,0,0,0,0,0,0,0,0,0,0,0,0,0,0,0,0,0,0,0,0,0,0,0,0,0,0,0,0,0
evreg4,10o.relative_year_bin_aux,0,215.2555910543131,0,0,0,0,0,0,0,0,0,0,0,0,0,0,0,0,0,0,0,0,0,0,0,0,0,0,0,0,0,0,0,0,0,0,0,0,0,0,0,0,0,0,0,0,0,0,0,0,0,0,0,0,0,0,0,0,0,0,0,0,0,0,0,0,0,0,0,0,0,0,0,0,0,0,0,0,0,0,0,0,0,0,0,0,0,0,0,0,0,0,0,0,0,0,0,0,0,0,0,0,0
evreg4,0b.treat,0,215.2555910543131,0,0,0,0,0,0,0,0,0,0,0,0,0,0,0,0,0,0,0,0,0,0,0,0,0,0,0,0,0,0,0,0,0,0,0,0,0,0,0,0,0,0,0,0,0,0,0,0,0,0,0,0,0,0,0,0,0,0,0,0,0,0,0,0,0,0,0,0,0,0,0,0,0,0,0,0,0,0,0,0,0,0,0,0,0,0,0,0,0,0,0,0,0,0,0,0,0,0,0,0,0
evreg4,1o.treat,0,215.2555910543131,0,0,0,0,0,0,0,0,0,0,0,0,0,0,0,0,0,0,0,0,0,0,0,0,0,0,0,0,0,0,0,0,0,0,0,0,0,0,0,0,0,0,0,0,0,0,0,0,0,0,0,0,0,0,0,0,0,0,0,0,0,0,0,0,0,0,0,0,0,0,0,0,0,0,0,0,0,0,0,0,0,0,0,0,0,0,0,0,0,0,0,0,0,0,0,0,0,0,0,0,0
evreg4,1o.relative_year_bin_aux#0b.treat,0,215.2555910543131,0,0,0,0,0,0,0,0,0,0,0,0,0,0,0,0,0,0,0,0,0,0,0,0,0,0,0,0,0,0,0,0,0,0,0,0,0,0,0,0,0,0,0,0,0,0,0,0,0,0,0,0,0,0,0,0,0,0,0,0,0,0,0,0,0,0,0,0,0,0,0,0,0,0,0,0,0,0,0,0,0,0,0,0,0,0,0,0,0,0,0,0,0,0,0,0,0,0,0,0,0
evreg4,1.relative_year_bin_aux#1.treat,22.653051438436,215.2555910543131,0,0,0,0,0,0,0,0,0,0,0,0,0,540.1246472806611,0,153.8629955353316,0,181.9196972570624,0,313.7301351526071,0,0,0,185.2580700809742,0,190.6620512102699,0,190.0326415457853,0,186.5356446385833,0,172.2685076495881,0,0,0,-209.2129970372203,0,28.08146183136747,0,-79.66054051729861,0,-115.0650083289241,0,0,0,-55.62266375398163,0,-52.52542282475241,0,-50.60363921863295,0,-43.38023871842123,0,-51.3752501282446,0,0,0,0,0,0,0,-466.9154129447833,0,0,0,-146.206290754763,0,0,0,-148.1823967539996,0,0,0,-280.250922982716,0,0,0,0,0,0,0,-170.5407598572728,0,0,0,-175.219772856392,0,0,0,-171.2819451929461,0,0,0,-183.217493274812,0,0,0,-154.568844716686,-.1317533482330394,12.79253819561913,-44.42715015883679
evreg4,2o.relative_year_bin_aux#0b.treat,0,215.2555910543131,0,0,0,0,0,0,0,0,0,0,0,0,0,0,0,0,0,0,0,0,0,0,0,0,0,0,0,0,0,0,0,0,0,0,0,0,0,0,0,0,0,0,0,0,0,0,0,0,0,0,0,0,0,0,0,0,0,0,0,0,0,0,0,0,0,0,0,0,0,0,0,0,0,0,0,0,0,0,0,0,0,0,0,0,0,0,0,0,0,0,0,0,0,0,0,0,0,0,0,0,0
evreg4,2.relative_year_bin_aux#1.treat,15.0116066652416,215.2555910543131,0,0,0,0,0,0,0,0,0,0,0,0,0,153.8629955353316,0,182.1363493609392,0,120.8613315640696,0,159.3104631115652,0,0,0,100.1058166310672,0,108.743969674803,0,110.6085969312792,0,110.5285593586817,0,99.67501855671145,0,0,0,24.72309333888634,0,84.34000399788734,0,57.74207615575199,0,1.489866675405672,0,0,0,13.80915689794881,0,15.479809263237,0,16.7819455403472,0,11.96962236864065,0,13.29363337127012,0,0,0,0,0,0,0,-163.6968612001105,0,0,0,-233.0776561709246,0,0,0,-152.8858382270582,0,0,0,-170.4468911480231,0,0,0,0,0,0,0,-118.559749546986,0,0,0,-127.4470958239698,0,0,0,-133.4337645838474,0,0,0,-122.9948472458642,0,0,0,-121.0987744803869,-.1235905544414381,26.13782517221792,-69.0240609975979
evreg4,3o.relative_year_bin_aux#0b.treat,0,215.2555910543131,0,0,0,0,0,0,0,0,0,0,0,0,0,0,0,0,0,0,0,0,0,0,0,0,0,0,0,0,0,0,0,0,0,0,0,0,0,0,0,0,0,0,0,0,0,0,0,0,0,0,0,0,0,0,0,0,0,0,0,0,0,0,0,0,0,0,0,0,0,0,0,0,0,0,0,0,0,0,0,0,0,0,0,0,0,0,0,0,0,0,0,0,0,0,0,0,0,0,0,0,0
evreg4,3.relative_year_bin_aux#1.treat,43.52322329946897,215.2555910543131,0,0,0,0,0,0,0,0,0,0,0,0,0,181.9196972570624,0,120.8613315640696,0,335.9345278622108,0,148.2204497022717,0,0,0,144.7126077502189,0,152.9276752741441,0,153.0655566459707,0,155.9791794343512,0,149.2395625384173,0,0,0,-84.06528703750671,0,61.62862790796938,0,30.69178275476788,0,-10.68792186316809,0,0,0,3.174471401878675,0,7.670046260529068,0,5.736757578071062,0,10.3846722498674,0,7.566382115278877,0,0,0,0,0,0,0,-159.9483829252309,0,0,0,-141.52290667717,0,0,0,-360.3209704823114,0,0,0,-166.5204398682597,0,0,0,0,0,0,0,-156.3453148457797,0,0,0,-162.3684308822163,0,0,0,-163.9576282899101,0,0,0,-168.6204048238704,0,0,0,-160.5277648507019,-.2666710629861674,44.67440980313097,-97.89607874244419
evreg4,4o.relative_year_bin_aux#0b.treat,0,215.2555910543131,0,0,0,0,0,0,0,0,0,0,0,0,0,0,0,0,0,0,0,0,0,0,0,0,0,0,0,0,0,0,0,0,0,0,0,0,0,0,0,0,0,0,0,0,0,0,0,0,0,0,0,0,0,0,0,0,0,0,0,0,0,0,0,0,0,0,0,0,0,0,0,0,0,0,0,0,0,0,0,0,0,0,0,0,0,0,0,0,0,0,0,0,0,0,0,0,0,0,0,0,0
evreg4,4.relative_year_bin_aux#1.treat,13.25933419807575,215.2555910543131,0,0,0,0,0,0,0,0,0,0,0,0,0,313.7301351526071,0,159.3104631115652,0,148.2204497022717,0,475.3399824838767,0,0,0,185.6413097641083,0,185.4912234086038,0,179.8261949739119,0,175.6639598580396,0,177.3222801422685,0,0,0,-131.1690653349878,0,5.525804855689957,0,-12.96745781963201,0,-24.65767796420561,0,0,0,-32.20998649313818,0,-29.31555144636981,0,-30.98190448814735,0,-27.2202784878326,0,-29.39102476771174,0,0,0,0,0,0,0,-288.8932834816204,0,0,0,-165.1858011700683,0,0,0,-167.0757617815821,0,0,0,-475.2259799717604,0,0,0,0,0,0,0,-183.4054641786927,0,0,0,-179.5211415565293,0,0,0,-175.0409117620749,0,0,0,-171.4015019536517,0,0,0,-172.5833382908493,-.2980226918021177,-5.64319298310798,-30.51762931376857
evreg4,5b.relative_year_bin_aux#0b.treat,0,215.2555910543131,0,0,0,0,0,0,0,0,0,0,0,0,0,0,0,0,0,0,0,0,0,0,0,0,0,0,0,0,0,0,0,0,0,0,0,0,0,0,0,0,0,0,0,0,0,0,0,0,0,0,0,0,0,0,0,0,0,0,0,0,0,0,0,0,0,0,0,0,0,0,0,0,0,0,0,0,0,0,0,0,0,0,0,0,0,0,0,0,0,0,0,0,0,0,0,0,0,0,0,0,0
evreg4,5b.relative_year_bin_aux#1o.treat,0,215.2555910543131,0,0,0,0,0,0,0,0,0,0,0,0,0,0,0,0,0,0,0,0,0,0,0,0,0,0,0,0,0,0,0,0,0,0,0,0,0,0,0,0,0,0,0,0,0,0,0,0,0,0,0,0,0,0,0,0,0,0,0,0,0,0,0,0,0,0,0,0,0,0,0,0,0,0,0,0,0,0,0,0,0,0,0,0,0,0,0,0,0,0,0,0,0,0,0,0,0,0,0,0,0
evreg4,6o.relative_year_bin_aux#0b.treat,0,215.2555910543131,0,0,0,0,0,0,0,0,0,0,0,0,0,0,0,0,0,0,0,0,0,0,0,0,0,0,0,0,0,0,0,0,0,0,0,0,0,0,0,0,0,0,0,0,0,0,0,0,0,0,0,0,0,0,0,0,0,0,0,0,0,0,0,0,0,0,0,0,0,0,0,0,0,0,0,0,0,0,0,0,0,0,0,0,0,0,0,0,0,0,0,0,0,0,0,0,0,0,0,0,0
evreg4,6.relative_year_bin_aux#1.treat,15.60893033341751,215.2555910543131,0,0,0,0,0,0,0,0,0,0,0,0,0,185.2580700809742,0,100.1058166310672,0,144.7126077502189,0,185.6413097641083,0,0,0,310.8401577286826,0,137.7087879587457,0,206.0214820891358,0,176.1207948142912,0,70.45422850084915,0,0,0,-65.86418849104265,0,18.08297417752626,0,3.467530497884294,0,-29.844120009364,0,0,0,42.49629261187312,0,41.5257361119775,0,-24.06685143552184,0,-32.22276166503904,0,-11.25518299874175,0,0,0,0,0,0,0,-169.8527602449402,0,0,0,-114.6219993617048,0,0,0,-154.1862065065365,0,0,0,-181.9763080495711,0,0,0,0,0,0,0,-311.3947431610952,0,0,0,-157.1389561073334,0,0,0,-193.7768151502109,0,0,0,-182.9778963276218,0,0,0,-77.92833951945414,-.1076991619112874,10.2148652400461,-49.66026454188506
evreg4,7o.relative_year_bin_aux#0b.treat,0,215.2555910543131,0,0,0,0,0,0,0,0,0,0,0,0,0,0,0,0,0,0,0,0,0,0,0,0,0,0,0,0,0,0,0,0,0,0,0,0,0,0,0,0,0,0,0,0,0,0,0,0,0,0,0,0,0,0,0,0,0,0,0,0,0,0,0,0,0,0,0,0,0,0,0,0,0,0,0,0,0,0,0,0,0,0,0,0,0,0,0,0,0,0,0,0,0,0,0,0,0,0,0,0,0
evreg4,7.relative_year_bin_aux#1.treat,23.65531114956988,215.2555910543131,0,0,0,0,0,0,0,0,0,0,0,0,0,190.6620512102699,0,108.743969674803,0,152.9276752741441,0,185.4912234086038,0,0,0,137.7087879587457,0,423.3236383528191,0,13.01574044883457,0,71.43911534654745,0,310.2336747496789,0,0,0,-61.58454511949162,0,19.25299223448238,0,7.404547653914776,0,-28.16427319701655,0,0,0,41.60381313950428,0,41.40908832804124,0,-16.11507344877131,0,5.871051393181895,0,3.022985883880431,0,0,0,0,0,0,0,-177.0990715874364,0,0,0,-127.0487791475898,0,0,0,-165.9352831046444,0,0,0,-182.2815595864082,0,0,0,0,0,0,0,-163.3799148630754,0,0,0,-384.8469441570863,0,0,0,-36.70360086427775,0,0,0,-133.2324125884375,0,0,0,-282.650651731431,-.1442455405314645,53.4437875907383,-107.7330756310948
evreg4,8o.relative_year_bin_aux#0b.treat,0,215.2555910543131,0,0,0,0,0,0,0,0,0,0,0,0,0,0,0,0,0,0,0,0,0,0,0,0,0,0,0,0,0,0,0,0,0,0,0,0,0,0,0,0,0,0,0,0,0,0,0,0,0,0,0,0,0,0,0,0,0,0,0,0,0,0,0,0,0,0,0,0,0,0,0,0,0,0,0,0,0,0,0,0,0,0,0,0,0,0,0,0,0,0,0,0,0,0,0,0,0,0,0,0,0
evreg4,8.relative_year_bin_aux#1.treat,11.76450921061759,215.2555910543131,0,0,0,0,0,0,0,0,0,0,0,0,0,190.0326415457853,0,110.6085969312792,0,153.0655566459707,0,179.8261949739119,0,0,0,206.0214820891358,0,13.01574044883457,0,408.7238702343752,0,261.9449756803537,0,-3.813203338524636,0,0,0,-55.11072019488292,0,17.48607952340726,0,6.325490078944803,0,-29.4031057535409,0,0,0,-25.25363948282094,0,-26.41441838254008,0,64.24429483242795,0,-1.306806122335401,0,-18.85508682820259,0,0,0,0,0,0,0,-176.5921436492033,0,0,0,-120.9541029803354,0,0,0,-159.1784779786914,0,0,0,-173.0964844307052,0,0,0,0,0,0,0,-194.3205937835681,0,0,0,-26.51051652527008,0,0,0,-400.8979078624695,0,0,0,-243.1971572391272,0,0,0,-26.89066543772447,-.0517127829959858,19.33419118245465,-59.18026531146374
evreg4,9o.relative_year_bin_aux#0b.treat,0,215.2555910543131,0,0,0,0,0,0,0,0,0,0,0,0,0,0,0,0,0,0,0,0,0,0,0,0,0,0,0,0,0,0,0,0,0,0,0,0,0,0,0,0,0,0,0,0,0,0,0,0,0,0,0,0,0,0,0,0,0,0,0,0,0,0,0,0,0,0,0,0,0,0,0,0,0,0,0,0,0,0,0,0,0,0,0,0,0,0,0,0,0,0,0,0,0,0,0,0,0,0,0,0,0
evreg4,9.relative_year_bin_aux#1.treat,-3.592108064155213,215.2555910543131,0,0,0,0,0,0,0,0,0,0,0,0,0,186.5356446385833,0,110.5285593586817,0,155.9791794343512,0,175.6639598580396,0,0,0,176.1207948142912,0,71.43911534654745,0,261.9449756803537,0,486.5229383620143,0,47.30380210306601,0,0,0,-54.8054642056706,0,12.52380883511178,0,7.554731013455456,0,-30.33471551231382,0,0,0,-33.52164679128656,0,-4.160078753178697,0,-4.044064920863088,0,76.74647718129879,0,26.23702325917917,0,0,0,0,0,0,0,-175.5105181555871,0,0,0,-120.3060752093411,0,0,0,-161.7264084759022,0,0,0,-168.5956680816139,0,0,0,0,0,0,0,-177.9754046976086,0,0,0,-127.4063062764025,0,0,0,-232.3165114624351,0,0,0,-468.5745148165082,0,0,0,-61.51133254502044,.1101932805228978,16.46350990758162,-56.54166397240157
evreg4,10o.relative_year_bin_aux#0b.treat,0,215.2555910543131,0,0,0,0,0,0,0,0,0,0,0,0,0,0,0,0,0,0,0,0,0,0,0,0,0,0,0,0,0,0,0,0,0,0,0,0,0,0,0,0,0,0,0,0,0,0,0,0,0,0,0,0,0,0,0,0,0,0,0,0,0,0,0,0,0,0,0,0,0,0,0,0,0,0,0,0,0,0,0,0,0,0,0,0,0,0,0,0,0,0,0,0,0,0,0,0,0,0,0,0,0
evreg4,10.relative_year_bin_aux#1.treat,6.555052252176816,215.2555910543131,0,0,0,0,0,0,0,0,0,0,0,0,0,172.2685076495881,0,99.67501855671145,0,149.2395625384173,0,177.3222801422685,0,0,0,70.45422850084915,0,310.2336747496789,0,-3.813203338524636,0,47.30380210306601,0,663.8328416066976,0,0,0,-58.87750816133614,0,16.38079648806587,0,9.011615212506875,0,-26.81157504609006,0,0,0,-6.928479465556659,0,8.171046849308837,0,-6.413819690818005,0,38.4095562603044,0,157.4047046204747,0,0,0,0,0,0,0,-161.3798331411553,0,0,0,-119.0716682452152,0,0,0,-161.8167213029669,0,0,0,-172.2218099027507,0,0,0,0,0,0,0,-80.90284974647437,0,0,0,-283.6621861558091,0,0,0,-40.83668333906409,0,0,0,-75.6751795738935,0,0,0,-645.807464688904,-.1559068251344007,51.62716242040104,-109.1420356445535
evreg4,0b.rice_harvarea_aclvl_ahigh,0,215.2555910543131,0,0,0,0,0,0,0,0,0,0,0,0,0,0,0,0,0,0,0,0,0,0,0,0,0,0,0,0,0,0,0,0,0,0,0,0,0,0,0,0,0,0,0,0,0,0,0,0,0,0,0,0,0,0,0,0,0,0,0,0,0,0,0,0,0,0,0,0,0,0,0,0,0,0,0,0,0,0,0,0,0,0,0,0,0,0,0,0,0,0,0,0,0,0,0,0,0,0,0,0,0
evreg4,1o.rice_harvarea_aclvl_ahigh,0,215.2555910543131,0,0,0,0,0,0,0,0,0,0,0,0,0,0,0,0,0,0,0,0,0,0,0,0,0,0,0,0,0,0,0,0,0,0,0,0,0,0,0,0,0,0,0,0,0,0,0,0,0,0,0,0,0,0,0,0,0,0,0,0,0,0,0,0,0,0,0,0,0,0,0,0,0,0,0,0,0,0,0,0,0,0,0,0,0,0,0,0,0,0,0,0,0,0,0,0,0,0,0,0,0
evreg4,1o.relative_year_bin_aux#0b.rice_harvarea_aclvl_ahigh,0,215.2555910543131,0,0,0,0,0,0,0,0,0,0,0,0,0,0,0,0,0,0,0,0,0,0,0,0,0,0,0,0,0,0,0,0,0,0,0,0,0,0,0,0,0,0,0,0,0,0,0,0,0,0,0,0,0,0,0,0,0,0,0,0,0,0,0,0,0,0,0,0,0,0,0,0,0,0,0,0,0,0,0,0,0,0,0,0,0,0,0,0,0,0,0,0,0,0,0,0,0,0,0,0,0
evreg4,1.relative_year_bin_aux#1.rice_harvarea_aclvl_ahigh,7.637792122539293,215.2555910543131,0,0,0,0,0,0,0,0,0,0,0,0,0,-209.2129970372203,0,24.72309333888634,0,-84.06528703750671,0,-131.1690653349878,0,0,0,-65.86418849104265,0,-61.58454511949162,0,-55.11072019488292,0,-54.8054642056706,0,-58.87750816133614,0,0,0,1441.371018946518,0,239.4693769318379,0,566.2914529340086,0,569.0424054841667,0,0,0,410.6426216458261,0,388.5463428534791,0,369.712615512156,0,374.4001075532012,0,367.754123277185,0,0,0,0,0,0,0,-1170.392493999663,0,0,0,-279.6696016024788,0,0,0,-523.249770270176,0,0,0,-334.1365986658649,0,0,0,0,0,0,0,-348.4567081807249,0,0,0,-328.3153578852488,0,0,0,-312.9367068844415,0,0,0,-313.1619902432508,0,0,0,-292.7154118393823,.1497352413571182,108.7125500579074,-223.8416526514343
evreg4,2o.relative_year_bin_aux#0b.rice_harvarea_aclvl_ahigh,0,215.2555910543131,0,0,0,0,0,0,0,0,0,0,0,0,0,0,0,0,0,0,0,0,0,0,0,0,0,0,0,0,0,0,0,0,0,0,0,0,0,0,0,0,0,0,0,0,0,0,0,0,0,0,0,0,0,0,0,0,0,0,0,0,0,0,0,0,0,0,0,0,0,0,0,0,0,0,0,0,0,0,0,0,0,0,0,0,0,0,0,0,0,0,0,0,0,0,0,0,0,0,0,0,0
evreg4,2.relative_year_bin_aux#1.rice_harvarea_aclvl_ahigh,46.22999393450338,215.2555910543131,0,0,0,0,0,0,0,0,0,0,0,0,0,28.08146183136747,0,84.34000399788734,0,61.62862790796938,0,5.525804855689957,0,0,0,18.08297417752626,0,19.25299223448238,0,17.48607952340726,0,12.52380883511178,0,16.38079648806587,0,0,0,239.4693769318379,0,1016.455948265834,0,412.2531231128252,0,451.7102209460382,0,0,0,399.4837832671173,0,406.7401980165632,0,394.0418646102149,0,403.422857011808,0,403.4093876775299,0,0,0,0,0,0,0,-278.0090515627086,0,0,0,-1477.507678229674,0,0,0,-636.5185260766835,0,0,0,-577.6593194000734,0,0,0,0,0,0,0,-586.1333988393344,0,0,0,-573.4880219698009,0,0,0,-582.1251823650409,0,0,0,-558.4716428850531,0,0,0,-572.6039312188584,-1.011722354300935,130.6590733732927,-239.0033213367522
evreg4,3o.relative_year_bin_aux#0b.rice_harvarea_aclvl_ahigh,0,215.2555910543131,0,0,0,0,0,0,0,0,0,0,0,0,0,0,0,0,0,0,0,0,0,0,0,0,0,0,0,0,0,0,0,0,0,0,0,0,0,0,0,0,0,0,0,0,0,0,0,0,0,0,0,0,0,0,0,0,0,0,0,0,0,0,0,0,0,0,0,0,0,0,0,0,0,0,0,0,0,0,0,0,0,0,0,0,0,0,0,0,0,0,0,0,0,0,0,0,0,0,0,0,0
evreg4,3.relative_year_bin_aux#1.rice_harvarea_aclvl_ahigh,1.062588757544922,215.2555910543131,0,0,0,0,0,0,0,0,0,0,0,0,0,-79.66054051729861,0,57.74207615575199,0,30.69178275476788,0,-12.96745781963201,0,0,0,3.467530497884294,0,7.404547653914776,0,6.325490078944803,0,7.554731013455456,0,9.011615212506875,0,0,0,566.2914529340086,0,412.2531231128252,0,1056.554129744377,0,570.7944708358093,0,0,0,505.7832084666936,0,505.4539103721992,0,494.32677974828,0,496.9232195963802,0,500.2788949259033,0,0,0,0,0,0,0,-510.3822220344424,0,0,0,-618.3533069353766,0,0,0,-1328.042429033698,0,0,0,-696.8543946312201,0,0,0,0,0,0,0,-618.2313947277835,0,0,0,-598.8017354206061,0,0,0,-598.2359645394355,0,0,0,-600.6508768295982,0,0,0,-608.5565561116532,-.5214364590124689,118.7143965861937,-250.013922430093
evreg4,4o.relative_year_bin_aux#0b.rice_harvarea_aclvl_ahigh,0,215.2555910543131,0,0,0,0,0,0,0,0,0,0,0,0,0,0,0,0,0,0,0,0,0,0,0,0,0,0,0,0,0,0,0,0,0,0,0,0,0,0,0,0,0,0,0,0,0,0,0,0,0,0,0,0,0,0,0,0,0,0,0,0,0,0,0,0,0,0,0,0,0,0,0,0,0,0,0,0,0,0,0,0,0,0,0,0,0,0,0,0,0,0,0,0,0,0,0,0,0,0,0,0,0
evreg4,4.relative_year_bin_aux#1.rice_harvarea_aclvl_ahigh,-31.0392139043874,215.2555910543131,0,0,0,0,0,0,0,0,0,0,0,0,0,-115.0650083289241,0,1.489866675405672,0,-10.68792186316809,0,-24.65767796420561,0,0,0,-29.844120009364,0,-28.16427319701655,0,-29.4031057535409,0,-30.33471551231382,0,-26.81157504609006,0,0,0,569.0424054841667,0,451.7102209460382,0,570.7944708358093,0,975.7531474935395,0,0,0,523.2087155055028,0,526.1956807506181,0,525.3809741567828,0,521.819396589459,0,526.7333930543909,0,0,0,0,0,0,0,-340.9050104918384,0,0,0,-590.4441790429719,0,0,0,-722.1265297528112,0,0,0,-881.9264761116164,0,0,0,0,0,0,0,-494.9523722769707,0,0,0,-485.6746117856444,0,0,0,-491.5339307105338,0,0,0,-481.2116339515846,0,0,0,-499.3296545726855,-.2782410433272964,76.24291715810944,-207.3042414034749
evreg4,5b.relative_year_bin_aux#0b.rice_harvarea_aclvl_ahigh,0,215.2555910543131,0,0,0,0,0,0,0,0,0,0,0,0,0,0,0,0,0,0,0,0,0,0,0,0,0,0,0,0,0,0,0,0,0,0,0,0,0,0,0,0,0,0,0,0,0,0,0,0,0,0,0,0,0,0,0,0,0,0,0,0,0,0,0,0,0,0,0,0,0,0,0,0,0,0,0,0,0,0,0,0,0,0,0,0,0,0,0,0,0,0,0,0,0,0,0,0,0,0,0,0,0
evreg4,5b.relative_year_bin_aux#1o.rice_harvarea_aclvl_ahigh,0,215.2555910543131,0,0,0,0,0,0,0,0,0,0,0,0,0,0,0,0,0,0,0,0,0,0,0,0,0,0,0,0,0,0,0,0,0,0,0,0,0,0,0,0,0,0,0,0,0,0,0,0,0,0,0,0,0,0,0,0,0,0,0,0,0,0,0,0,0,0,0,0,0,0,0,0,0,0,0,0,0,0,0,0,0,0,0,0,0,0,0,0,0,0,0,0,0,0,0,0,0,0,0,0,0
evreg4,6o.relative_year_bin_aux#0b.rice_harvarea_aclvl_ahigh,0,215.2555910543131,0,0,0,0,0,0,0,0,0,0,0,0,0,0,0,0,0,0,0,0,0,0,0,0,0,0,0,0,0,0,0,0,0,0,0,0,0,0,0,0,0,0,0,0,0,0,0,0,0,0,0,0,0,0,0,0,0,0,0,0,0,0,0,0,0,0,0,0,0,0,0,0,0,0,0,0,0,0,0,0,0,0,0,0,0,0,0,0,0,0,0,0,0,0,0,0,0,0,0,0,0
evreg4,6.relative_year_bin_aux#1.rice_harvarea_aclvl_ahigh,-36.15316662176306,215.2555910543131,0,0,0,0,0,0,0,0,0,0,0,0,0,-55.62266375398163,0,13.80915689794881,0,3.174471401878675,0,-32.20998649313818,0,0,0,42.49629261187312,0,41.60381313950428,0,-25.25363948282094,0,-33.52164679128656,0,-6.928479465556659,0,0,0,410.6426216458261,0,399.4837832671173,0,505.7832084666936,0,523.2087155055028,0,0,0,845.3888923446387,0,452.1790158622216,0,517.1879847448994,0,584.1951767328998,0,380.9329679682701,0,0,0,0,0,0,0,-337.8765852102341,0,0,0,-568.7219842381216,0,0,0,-616.3366275444325,0,0,0,-487.0310850852102,0,0,0,0,0,0,0,-973.6294353439403,0,0,0,-531.5929606964756,0,0,0,-489.3425702226789,0,0,0,-645.3751522090499,0,0,0,-480.3103761229924,.0848901818183839,67.83210004929263,-177.2519603154226
evreg4,7o.relative_year_bin_aux#0b.rice_harvarea_aclvl_ahigh,0,215.2555910543131,0,0,0,0,0,0,0,0,0,0,0,0,0,0,0,0,0,0,0,0,0,0,0,0,0,0,0,0,0,0,0,0,0,0,0,0,0,0,0,0,0,0,0,0,0,0,0,0,0,0,0,0,0,0,0,0,0,0,0,0,0,0,0,0,0,0,0,0,0,0,0,0,0,0,0,0,0,0,0,0,0,0,0,0,0,0,0,0,0,0,0,0,0,0,0,0,0,0,0,0,0
evreg4,7.relative_year_bin_aux#1.rice_harvarea_aclvl_ahigh,-59.47143172577287,215.2555910543131,0,0,0,0,0,0,0,0,0,0,0,0,0,-52.52542282475241,0,15.479809263237,0,7.670046260529068,0,-29.31555144636981,0,0,0,41.5257361119775,0,41.40908832804124,0,-26.41441838254008,0,-4.160078753178697,0,8.171046849308837,0,0,0,388.5463428534791,0,406.7401980165632,0,505.4539103721992,0,526.1956807506181,0,0,0,452.1790158622216,0,987.8395270695966,0,347.5880208002773,0,276.515500435944,0,608.0230490114975,0,0,0,0,0,0,0,-318.1245908892927,0,0,0,-575.8419525112372,0,0,0,-617.4158455126011,0,0,0,-484.9736774612139,0,0,0,0,0,0,0,-550.8644681118546,0,0,0,-974.3882000182448,0,0,0,-507.7809920012832,0,0,0,-413.4452373865886,0,0,0,-570.5869924959582,-.1793792530591994,49.66981290799215,-152.0999324145575
evreg4,8o.relative_year_bin_aux#0b.rice_harvarea_aclvl_ahigh,0,215.2555910543131,0,0,0,0,0,0,0,0,0,0,0,0,0,0,0,0,0,0,0,0,0,0,0,0,0,0,0,0,0,0,0,0,0,0,0,0,0,0,0,0,0,0,0,0,0,0,0,0,0,0,0,0,0,0,0,0,0,0,0,0,0,0,0,0,0,0,0,0,0,0,0,0,0,0,0,0,0,0,0,0,0,0,0,0,0,0,0,0,0,0,0,0,0,0,0,0,0,0,0,0,0
evreg4,8.relative_year_bin_aux#1.rice_harvarea_aclvl_ahigh,-16.07194505048491,215.2555910543131,0,0,0,0,0,0,0,0,0,0,0,0,0,-50.60363921863295,0,16.7819455403472,0,5.736757578071062,0,-30.98190448814735,0,0,0,-24.06685143552184,0,-16.11507344877131,0,64.24429483242795,0,-4.044064920863088,0,-6.413819690818005,0,0,0,369.712615512156,0,394.0418646102149,0,494.32677974828,0,525.3809741567828,0,0,0,517.1879847448994,0,347.5880208002773,0,1215.688547065802,0,724.7818787554163,0,378.6624286670584,0,0,0,0,0,0,0,-301.1934893257687,0,0,0,-561.5813210383716,0,0,0,-598.3905914039117,0,0,0,-475.4126886433974,0,0,0,0,0,0,0,-499.9539365281007,0,0,0,-501.6894188928503,0,0,0,-1196.715029955284,0,0,0,-619.0561574550665,0,0,0,-575.8146517248545,-.2387824973689658,55.0995617585665,-167.0260740466426
evreg4,9o.relative_year_bin_aux#0b.rice_harvarea_aclvl_ahigh,0,215.2555910543131,0,0,0,0,0,0,0,0,0,0,0,0,0,0,0,0,0,0,0,0,0,0,0,0,0,0,0,0,0,0,0,0,0,0,0,0,0,0,0,0,0,0,0,0,0,0,0,0,0,0,0,0,0,0,0,0,0,0,0,0,0,0,0,0,0,0,0,0,0,0,0,0,0,0,0,0,0,0,0,0,0,0,0,0,0,0,0,0,0,0,0,0,0,0,0,0,0,0,0,0,0
evreg4,9.relative_year_bin_aux#1.rice_harvarea_aclvl_ahigh,-50.87283172871046,215.2555910543131,0,0,0,0,0,0,0,0,0,0,0,0,0,-43.38023871842123,0,11.96962236864065,0,10.3846722498674,0,-27.2202784878326,0,0,0,-32.22276166503904,0,5.871051393181895,0,-1.306806122335401,0,76.74647718129879,0,38.4095562603044,0,0,0,374.4001075532012,0,403.422857011808,0,496.9232195963802,0,521.819396589459,0,0,0,584.1951767328998,0,276.515500435944,0,724.7818787554163,0,1391.560338354572,0,310.299561263901,0,0,0,0,0,0,0,-307.1944331143261,0,0,0,-575.4075010975553,0,0,0,-621.7945176394777,0,0,0,-496.2570220063504,0,0,0,0,0,0,0,-649.0098024366021,0,0,0,-421.1648397446326,0,0,0,-624.1877286233423,0,0,0,-1617.771813257275,0,0,0,-417.6724686844353,.3857305155662867,113.7013510443242,-239.8018794777997
evreg4,10o.relative_year_bin_aux#0b.rice_harvarea_aclvl_ahigh,0,215.2555910543131,0,0,0,0,0,0,0,0,0,0,0,0,0,0,0,0,0,0,0,0,0,0,0,0,0,0,0,0,0,0,0,0,0,0,0,0,0,0,0,0,0,0,0,0,0,0,0,0,0,0,0,0,0,0,0,0,0,0,0,0,0,0,0,0,0,0,0,0,0,0,0,0,0,0,0,0,0,0,0,0,0,0,0,0,0,0,0,0,0,0,0,0,0,0,0,0,0,0,0,0,0
evreg4,10.relative_year_bin_aux#1.rice_harvarea_aclvl_ahigh,-32.88986601171622,215.2555910543131,0,0,0,0,0,0,0,0,0,0,0,0,0,-51.3752501282446,0,13.29363337127012,0,7.566382115278877,0,-29.39102476771174,0,0,0,-11.25518299874175,0,3.022985883880431,0,-18.85508682820259,0,26.23702325917917,0,157.4047046204747,0,0,0,367.754123277185,0,403.4093876775299,0,500.2788949259033,0,526.7333930543909,0,0,0,380.9329679682701,0,608.0230490114975,0,378.6624286670584,0,310.299561263901,0,1087.975278981283,0,0,0,0,0,0,0,-290.6203250981655,0,0,0,-564.5288357424183,0,0,0,-612.4710613112275,0,0,0,-485.5816355020411,0,0,0,0,0,0,0,-485.6250268861822,0,0,0,-556.1975805751408,0,0,0,-571.910601030334,0,0,0,-407.6472737910963,0,0,0,-1261.494392236784,-.2236927158549394,64.19411209139717,-168.7609050109183
evreg4,0b.treat#0b.rice_harvarea_aclvl_ahigh,0,215.2555910543131,0,0,0,0,0,0,0,0,0,0,0,0,0,0,0,0,0,0,0,0,0,0,0,0,0,0,0,0,0,0,0,0,0,0,0,0,0,0,0,0,0,0,0,0,0,0,0,0,0,0,0,0,0,0,0,0,0,0,0,0,0,0,0,0,0,0,0,0,0,0,0,0,0,0,0,0,0,0,0,0,0,0,0,0,0,0,0,0,0,0,0,0,0,0,0,0,0,0,0,0,0
evreg4,0b.treat#1o.rice_harvarea_aclvl_ahigh,0,215.2555910543131,0,0,0,0,0,0,0,0,0,0,0,0,0,0,0,0,0,0,0,0,0,0,0,0,0,0,0,0,0,0,0,0,0,0,0,0,0,0,0,0,0,0,0,0,0,0,0,0,0,0,0,0,0,0,0,0,0,0,0,0,0,0,0,0,0,0,0,0,0,0,0,0,0,0,0,0,0,0,0,0,0,0,0,0,0,0,0,0,0,0,0,0,0,0,0,0,0,0,0,0,0
evreg4,1o.treat#0b.rice_harvarea_aclvl_ahigh,0,215.2555910543131,0,0,0,0,0,0,0,0,0,0,0,0,0,0,0,0,0,0,0,0,0,0,0,0,0,0,0,0,0,0,0,0,0,0,0,0,0,0,0,0,0,0,0,0,0,0,0,0,0,0,0,0,0,0,0,0,0,0,0,0,0,0,0,0,0,0,0,0,0,0,0,0,0,0,0,0,0,0,0,0,0,0,0,0,0,0,0,0,0,0,0,0,0,0,0,0,0,0,0,0,0
evreg4,1o.treat#1o.rice_harvarea_aclvl_ahigh,0,215.2555910543131,0,0,0,0,0,0,0,0,0,0,0,0,0,0,0,0,0,0,0,0,0,0,0,0,0,0,0,0,0,0,0,0,0,0,0,0,0,0,0,0,0,0,0,0,0,0,0,0,0,0,0,0,0,0,0,0,0,0,0,0,0,0,0,0,0,0,0,0,0,0,0,0,0,0,0,0,0,0,0,0,0,0,0,0,0,0,0,0,0,0,0,0,0,0,0,0,0,0,0,0,0
evreg4,1o.relative_year_bin_aux#0b.treat#0b.rice_harvarea_aclvl_ahigh,0,215.2555910543131,0,0,0,0,0,0,0,0,0,0,0,0,0,0,0,0,0,0,0,0,0,0,0,0,0,0,0,0,0,0,0,0,0,0,0,0,0,0,0,0,0,0,0,0,0,0,0,0,0,0,0,0,0,0,0,0,0,0,0,0,0,0,0,0,0,0,0,0,0,0,0,0,0,0,0,0,0,0,0,0,0,0,0,0,0,0,0,0,0,0,0,0,0,0,0,0,0,0,0,0,0
evreg4,1o.relative_year_bin_aux#0b.treat#1o.rice_harvarea_aclvl_ahigh,0,215.2555910543131,0,0,0,0,0,0,0,0,0,0,0,0,0,0,0,0,0,0,0,0,0,0,0,0,0,0,0,0,0,0,0,0,0,0,0,0,0,0,0,0,0,0,0,0,0,0,0,0,0,0,0,0,0,0,0,0,0,0,0,0,0,0,0,0,0,0,0,0,0,0,0,0,0,0,0,0,0,0,0,0,0,0,0,0,0,0,0,0,0,0,0,0,0,0,0,0,0,0,0,0,0
evreg4,1o.relative_year_bin_aux#1o.treat#0b.rice_harvarea_aclvl_ahigh,0,215.2555910543131,0,0,0,0,0,0,0,0,0,0,0,0,0,0,0,0,0,0,0,0,0,0,0,0,0,0,0,0,0,0,0,0,0,0,0,0,0,0,0,0,0,0,0,0,0,0,0,0,0,0,0,0,0,0,0,0,0,0,0,0,0,0,0,0,0,0,0,0,0,0,0,0,0,0,0,0,0,0,0,0,0,0,0,0,0,0,0,0,0,0,0,0,0,0,0,0,0,0,0,0,0
evreg4,1.relative_year_bin_aux#1.treat#1.rice_harvarea_aclvl_ahigh,-50.36485038019095,215.2555910543131,0,0,0,0,0,0,0,0,0,0,0,0,0,-466.9154129447833,0,-163.6968612001105,0,-159.9483829252309,0,-288.8932834816204,0,0,0,-169.8527602449402,0,-177.0990715874364,0,-176.5921436492033,0,-175.5105181555871,0,-161.3798331411553,0,0,0,-1170.392493999663,0,-278.0090515627086,0,-510.3822220344424,0,-340.9050104918384,0,0,0,-337.8765852102341,0,-318.1245908892927,0,-301.1934893257687,0,-307.1944331143261,0,-290.6203250981655,0,0,0,0,0,0,0,2806.43934024177,0,0,0,669.1676043433708,0,0,0,1145.949336159475,0,0,0,1031.857743995394,0,0,0,0,0,0,0,846.2342748849467,0,0,0,801.5265693252536,0,0,0,763.8718310268255,0,0,0,782.9804039244187,0,0,0,738.0075880736603,.3469168997503957,-187.4021847473782,287.6121703125789
evreg4,2o.relative_year_bin_aux#0b.treat#0b.rice_harvarea_aclvl_ahigh,0,215.2555910543131,0,0,0,0,0,0,0,0,0,0,0,0,0,0,0,0,0,0,0,0,0,0,0,0,0,0,0,0,0,0,0,0,0,0,0,0,0,0,0,0,0,0,0,0,0,0,0,0,0,0,0,0,0,0,0,0,0,0,0,0,0,0,0,0,0,0,0,0,0,0,0,0,0,0,0,0,0,0,0,0,0,0,0,0,0,0,0,0,0,0,0,0,0,0,0,0,0,0,0,0,0
evreg4,2o.relative_year_bin_aux#0b.treat#1o.rice_harvarea_aclvl_ahigh,0,215.2555910543131,0,0,0,0,0,0,0,0,0,0,0,0,0,0,0,0,0,0,0,0,0,0,0,0,0,0,0,0,0,0,0,0,0,0,0,0,0,0,0,0,0,0,0,0,0,0,0,0,0,0,0,0,0,0,0,0,0,0,0,0,0,0,0,0,0,0,0,0,0,0,0,0,0,0,0,0,0,0,0,0,0,0,0,0,0,0,0,0,0,0,0,0,0,0,0,0,0,0,0,0,0
evreg4,2o.relative_year_bin_aux#1o.treat#0b.rice_harvarea_aclvl_ahigh,0,215.2555910543131,0,0,0,0,0,0,0,0,0,0,0,0,0,0,0,0,0,0,0,0,0,0,0,0,0,0,0,0,0,0,0,0,0,0,0,0,0,0,0,0,0,0,0,0,0,0,0,0,0,0,0,0,0,0,0,0,0,0,0,0,0,0,0,0,0,0,0,0,0,0,0,0,0,0,0,0,0,0,0,0,0,0,0,0,0,0,0,0,0,0,0,0,0,0,0,0,0,0,0,0,0
evreg4,2.relative_year_bin_aux#1.treat#1.rice_harvarea_aclvl_ahigh,-61.15848275023497,215.2555910543131,0,0,0,0,0,0,0,0,0,0,0,0,0,-146.206290754763,0,-233.0776561709246,0,-141.52290667717,0,-165.1858011700683,0,0,0,-114.6219993617048,0,-127.0487791475898,0,-120.9541029803354,0,-120.3060752093411,0,-119.0716682452152,0,0,0,-279.6696016024788,0,-1477.507678229674,0,-618.3533069353766,0,-590.4441790429719,0,0,0,-568.7219842381216,0,-575.8419525112372,0,-561.5813210383716,0,-575.4075010975553,0,-564.5288357424183,0,0,0,0,0,0,0,669.1676043433708,0,0,0,2780.316873673682,0,0,0,1185.039560036138,0,0,0,1145.983117057991,0,0,0,0,0,0,0,1129.420994476324,0,0,0,1103.730904997135,0,0,0,1111.514871378826,0,0,0,1107.566418519221,0,0,0,1111.789910452106,1.826556910331907,-250.6462393580654,398.9531995185101
evreg4,3o.relative_year_bin_aux#0b.treat#0b.rice_harvarea_aclvl_ahigh,0,215.2555910543131,0,0,0,0,0,0,0,0,0,0,0,0,0,0,0,0,0,0,0,0,0,0,0,0,0,0,0,0,0,0,0,0,0,0,0,0,0,0,0,0,0,0,0,0,0,0,0,0,0,0,0,0,0,0,0,0,0,0,0,0,0,0,0,0,0,0,0,0,0,0,0,0,0,0,0,0,0,0,0,0,0,0,0,0,0,0,0,0,0,0,0,0,0,0,0,0,0,0,0,0,0
evreg4,3o.relative_year_bin_aux#0b.treat#1o.rice_harvarea_aclvl_ahigh,0,215.2555910543131,0,0,0,0,0,0,0,0,0,0,0,0,0,0,0,0,0,0,0,0,0,0,0,0,0,0,0,0,0,0,0,0,0,0,0,0,0,0,0,0,0,0,0,0,0,0,0,0,0,0,0,0,0,0,0,0,0,0,0,0,0,0,0,0,0,0,0,0,0,0,0,0,0,0,0,0,0,0,0,0,0,0,0,0,0,0,0,0,0,0,0,0,0,0,0,0,0,0,0,0,0
evreg4,3o.relative_year_bin_aux#1o.treat#0b.rice_harvarea_aclvl_ahigh,0,215.2555910543131,0,0,0,0,0,0,0,0,0,0,0,0,0,0,0,0,0,0,0,0,0,0,0,0,0,0,0,0,0,0,0,0,0,0,0,0,0,0,0,0,0,0,0,0,0,0,0,0,0,0,0,0,0,0,0,0,0,0,0,0,0,0,0,0,0,0,0,0,0,0,0,0,0,0,0,0,0,0,0,0,0,0,0,0,0,0,0,0,0,0,0,0,0,0,0,0,0,0,0,0,0
evreg4,3.relative_year_bin_aux#1.treat#1.rice_harvarea_aclvl_ahigh,-40.09740669739701,215.2555910543131,0,0,0,0,0,0,0,0,0,0,0,0,0,-148.1823967539996,0,-152.8858382270582,0,-360.3209704823114,0,-167.0757617815821,0,0,0,-154.1862065065365,0,-165.9352831046444,0,-159.1784779786914,0,-161.7264084759022,0,-161.8167213029669,0,0,0,-523.249770270176,0,-636.5185260766835,0,-1328.042429033698,0,-722.1265297528112,0,0,0,-616.3366275444325,0,-617.4158455126011,0,-598.3905914039117,0,-621.7945176394777,0,-612.4710613112275,0,0,0,0,0,0,0,1145.949336159475,0,0,0,1185.039560036138,0,0,0,2903.851072062846,0,0,0,1554.635472543116,0,0,0,0,0,0,0,1395.679598666861,0,0,0,1369.768142926585,0,0,0,1355.838337382463,0,0,0,1358.218436702577,0,0,0,1354.065737453274,1.601408323056322,-189.433308686767,306.1736195650979
evreg4,4o.relative_year_bin_aux#0b.treat#0b.rice_harvarea_aclvl_ahigh,0,215.2555910543131,0,0,0,0,0,0,0,0,0,0,0,0,0,0,0,0,0,0,0,0,0,0,0,0,0,0,0,0,0,0,0,0,0,0,0,0,0,0,0,0,0,0,0,0,0,0,0,0,0,0,0,0,0,0,0,0,0,0,0,0,0,0,0,0,0,0,0,0,0,0,0,0,0,0,0,0,0,0,0,0,0,0,0,0,0,0,0,0,0,0,0,0,0,0,0,0,0,0,0,0,0
evreg4,4o.relative_year_bin_aux#0b.treat#1o.rice_harvarea_aclvl_ahigh,0,215.2555910543131,0,0,0,0,0,0,0,0,0,0,0,0,0,0,0,0,0,0,0,0,0,0,0,0,0,0,0,0,0,0,0,0,0,0,0,0,0,0,0,0,0,0,0,0,0,0,0,0,0,0,0,0,0,0,0,0,0,0,0,0,0,0,0,0,0,0,0,0,0,0,0,0,0,0,0,0,0,0,0,0,0,0,0,0,0,0,0,0,0,0,0,0,0,0,0,0,0,0,0,0,0
evreg4,4o.relative_year_bin_aux#1o.treat#0b.rice_harvarea_aclvl_ahigh,0,215.2555910543131,0,0,0,0,0,0,0,0,0,0,0,0,0,0,0,0,0,0,0,0,0,0,0,0,0,0,0,0,0,0,0,0,0,0,0,0,0,0,0,0,0,0,0,0,0,0,0,0,0,0,0,0,0,0,0,0,0,0,0,0,0,0,0,0,0,0,0,0,0,0,0,0,0,0,0,0,0,0,0,0,0,0,0,0,0,0,0,0,0,0,0,0,0,0,0,0,0,0,0,0,0
evreg4,4.relative_year_bin_aux#1.treat#1.rice_harvarea_aclvl_ahigh,14.35328852660423,215.2555910543131,0,0,0,0,0,0,0,0,0,0,0,0,0,-280.250922982716,0,-170.4468911480231,0,-166.5204398682597,0,-475.2259799717604,0,0,0,-181.9763080495711,0,-182.2815595864082,0,-173.0964844307052,0,-168.5956680816139,0,-172.2218099027507,0,0,0,-334.1365986658649,0,-577.6593194000734,0,-696.8543946312201,0,-881.9264761116164,0,0,0,-487.0310850852102,0,-484.9736774612139,0,-475.4126886433974,0,-496.2570220063504,0,-485.5816355020411,0,0,0,0,0,0,0,1031.857743995394,0,0,0,1145.983117057991,0,0,0,1554.635472543116,0,0,0,2077.393451504073,0,0,0,0,0,0,0,1139.763997378992,0,0,0,1112.160090024777,0,0,0,1091.174223577221,0,0,0,1091.260909847146,0,0,0,1081.994458436626,.8711187760598049,-68.82393314486613,151.9028687028624
evreg4,5b.relative_year_bin_aux#0b.treat#0b.rice_harvarea_aclvl_ahigh,0,215.2555910543131,0,0,0,0,0,0,0,0,0,0,0,0,0,0,0,0,0,0,0,0,0,0,0,0,0,0,0,0,0,0,0,0,0,0,0,0,0,0,0,0,0,0,0,0,0,0,0,0,0,0,0,0,0,0,0,0,0,0,0,0,0,0,0,0,0,0,0,0,0,0,0,0,0,0,0,0,0,0,0,0,0,0,0,0,0,0,0,0,0,0,0,0,0,0,0,0,0,0,0,0,0
evreg4,5b.relative_year_bin_aux#0b.treat#1o.rice_harvarea_aclvl_ahigh,0,215.2555910543131,0,0,0,0,0,0,0,0,0,0,0,0,0,0,0,0,0,0,0,0,0,0,0,0,0,0,0,0,0,0,0,0,0,0,0,0,0,0,0,0,0,0,0,0,0,0,0,0,0,0,0,0,0,0,0,0,0,0,0,0,0,0,0,0,0,0,0,0,0,0,0,0,0,0,0,0,0,0,0,0,0,0,0,0,0,0,0,0,0,0,0,0,0,0,0,0,0,0,0,0,0
evreg4,5b.relative_year_bin_aux#1o.treat#0b.rice_harvarea_aclvl_ahigh,0,215.2555910543131,0,0,0,0,0,0,0,0,0,0,0,0,0,0,0,0,0,0,0,0,0,0,0,0,0,0,0,0,0,0,0,0,0,0,0,0,0,0,0,0,0,0,0,0,0,0,0,0,0,0,0,0,0,0,0,0,0,0,0,0,0,0,0,0,0,0,0,0,0,0,0,0,0,0,0,0,0,0,0,0,0,0,0,0,0,0,0,0,0,0,0,0,0,0,0,0,0,0,0,0,0
evreg4,5b.relative_year_bin_aux#1o.treat#1o.rice_harvarea_aclvl_ahigh,0,215.2555910543131,0,0,0,0,0,0,0,0,0,0,0,0,0,0,0,0,0,0,0,0,0,0,0,0,0,0,0,0,0,0,0,0,0,0,0,0,0,0,0,0,0,0,0,0,0,0,0,0,0,0,0,0,0,0,0,0,0,0,0,0,0,0,0,0,0,0,0,0,0,0,0,0,0,0,0,0,0,0,0,0,0,0,0,0,0,0,0,0,0,0,0,0,0,0,0,0,0,0,0,0,0
evreg4,6o.relative_year_bin_aux#0b.treat#0b.rice_harvarea_aclvl_ahigh,0,215.2555910543131,0,0,0,0,0,0,0,0,0,0,0,0,0,0,0,0,0,0,0,0,0,0,0,0,0,0,0,0,0,0,0,0,0,0,0,0,0,0,0,0,0,0,0,0,0,0,0,0,0,0,0,0,0,0,0,0,0,0,0,0,0,0,0,0,0,0,0,0,0,0,0,0,0,0,0,0,0,0,0,0,0,0,0,0,0,0,0,0,0,0,0,0,0,0,0,0,0,0,0,0,0
evreg4,6o.relative_year_bin_aux#0b.treat#1o.rice_harvarea_aclvl_ahigh,0,215.2555910543131,0,0,0,0,0,0,0,0,0,0,0,0,0,0,0,0,0,0,0,0,0,0,0,0,0,0,0,0,0,0,0,0,0,0,0,0,0,0,0,0,0,0,0,0,0,0,0,0,0,0,0,0,0,0,0,0,0,0,0,0,0,0,0,0,0,0,0,0,0,0,0,0,0,0,0,0,0,0,0,0,0,0,0,0,0,0,0,0,0,0,0,0,0,0,0,0,0,0,0,0,0
evreg4,6o.relative_year_bin_aux#1o.treat#0b.rice_harvarea_aclvl_ahigh,0,215.2555910543131,0,0,0,0,0,0,0,0,0,0,0,0,0,0,0,0,0,0,0,0,0,0,0,0,0,0,0,0,0,0,0,0,0,0,0,0,0,0,0,0,0,0,0,0,0,0,0,0,0,0,0,0,0,0,0,0,0,0,0,0,0,0,0,0,0,0,0,0,0,0,0,0,0,0,0,0,0,0,0,0,0,0,0,0,0,0,0,0,0,0,0,0,0,0,0,0,0,0,0,0,0
evreg4,6.relative_year_bin_aux#1.treat#1.rice_harvarea_aclvl_ahigh,15.99557087425177,215.2555910543131,0,0,0,0,0,0,0,0,0,0,0,0,0,-170.5407598572728,0,-118.559749546986,0,-156.3453148457797,0,-183.4054641786927,0,0,0,-311.3947431610952,0,-163.3799148630754,0,-194.3205937835681,0,-177.9754046976086,0,-80.90284974647437,0,0,0,-348.4567081807249,0,-586.1333988393344,0,-618.2313947277835,0,-494.9523722769707,0,0,0,-973.6294353439403,0,-550.8644681118546,0,-499.9539365281007,0,-649.0098024366021,0,-485.6250268861822,0,0,0,0,0,0,0,846.2342748849467,0,0,0,1129.420994476324,0,0,0,1395.679598666861,0,0,0,1139.763997378992,0,0,0,0,0,0,0,2175.223997133774,0,0,0,1162.793274645956,0,0,0,1161.348836898928,0,0,0,1546.710323695163,0,0,0,1014.647805441781,.2495587887088863,-121.3007419877895,208.6428351123516
evreg4,7o.relative_year_bin_aux#0b.treat#0b.rice_harvarea_aclvl_ahigh,0,215.2555910543131,0,0,0,0,0,0,0,0,0,0,0,0,0,0,0,0,0,0,0,0,0,0,0,0,0,0,0,0,0,0,0,0,0,0,0,0,0,0,0,0,0,0,0,0,0,0,0,0,0,0,0,0,0,0,0,0,0,0,0,0,0,0,0,0,0,0,0,0,0,0,0,0,0,0,0,0,0,0,0,0,0,0,0,0,0,0,0,0,0,0,0,0,0,0,0,0,0,0,0,0,0
evreg4,7o.relative_year_bin_aux#0b.treat#1o.rice_harvarea_aclvl_ahigh,0,215.2555910543131,0,0,0,0,0,0,0,0,0,0,0,0,0,0,0,0,0,0,0,0,0,0,0,0,0,0,0,0,0,0,0,0,0,0,0,0,0,0,0,0,0,0,0,0,0,0,0,0,0,0,0,0,0,0,0,0,0,0,0,0,0,0,0,0,0,0,0,0,0,0,0,0,0,0,0,0,0,0,0,0,0,0,0,0,0,0,0,0,0,0,0,0,0,0,0,0,0,0,0,0,0
evreg4,7o.relative_year_bin_aux#1o.treat#0b.rice_harvarea_aclvl_ahigh,0,215.2555910543131,0,0,0,0,0,0,0,0,0,0,0,0,0,0,0,0,0,0,0,0,0,0,0,0,0,0,0,0,0,0,0,0,0,0,0,0,0,0,0,0,0,0,0,0,0,0,0,0,0,0,0,0,0,0,0,0,0,0,0,0,0,0,0,0,0,0,0,0,0,0,0,0,0,0,0,0,0,0,0,0,0,0,0,0,0,0,0,0,0,0,0,0,0,0,0,0,0,0,0,0,0
evreg4,7.relative_year_bin_aux#1.treat#1.rice_harvarea_aclvl_ahigh,62.16519631797319,215.2555910543131,0,0,0,0,0,0,0,0,0,0,0,0,0,-175.219772856392,0,-127.4470958239698,0,-162.3684308822163,0,-179.5211415565293,0,0,0,-157.1389561073334,0,-384.8469441570863,0,-26.51051652527008,0,-127.4063062764025,0,-283.6621861558091,0,0,0,-328.3153578852488,0,-573.4880219698009,0,-598.8017354206061,0,-485.6746117856444,0,0,0,-531.5929606964756,0,-974.3882000182448,0,-501.6894188928503,0,-421.1648397446326,0,-556.1975805751408,0,0,0,0,0,0,0,801.5265693252536,0,0,0,1103.730904997135,0,0,0,1369.768142926585,0,0,0,1112.160090024777,0,0,0,0,0,0,0,1162.793274645956,0,0,0,2391.057425717816,0,0,0,1314.770630096928,0,0,0,925.1450685251906,0,0,0,1105.904105821076,.4247181299979158,-93.53425303616295,168.9106983339458
evreg4,8o.relative_year_bin_aux#0b.treat#0b.rice_harvarea_aclvl_ahigh,0,215.2555910543131,0,0,0,0,0,0,0,0,0,0,0,0,0,0,0,0,0,0,0,0,0,0,0,0,0,0,0,0,0,0,0,0,0,0,0,0,0,0,0,0,0,0,0,0,0,0,0,0,0,0,0,0,0,0,0,0,0,0,0,0,0,0,0,0,0,0,0,0,0,0,0,0,0,0,0,0,0,0,0,0,0,0,0,0,0,0,0,0,0,0,0,0,0,0,0,0,0,0,0,0,0
evreg4,8o.relative_year_bin_aux#0b.treat#1o.rice_harvarea_aclvl_ahigh,0,215.2555910543131,0,0,0,0,0,0,0,0,0,0,0,0,0,0,0,0,0,0,0,0,0,0,0,0,0,0,0,0,0,0,0,0,0,0,0,0,0,0,0,0,0,0,0,0,0,0,0,0,0,0,0,0,0,0,0,0,0,0,0,0,0,0,0,0,0,0,0,0,0,0,0,0,0,0,0,0,0,0,0,0,0,0,0,0,0,0,0,0,0,0,0,0,0,0,0,0,0,0,0,0,0
evreg4,8o.relative_year_bin_aux#1o.treat#0b.rice_harvarea_aclvl_ahigh,0,215.2555910543131,0,0,0,0,0,0,0,0,0,0,0,0,0,0,0,0,0,0,0,0,0,0,0,0,0,0,0,0,0,0,0,0,0,0,0,0,0,0,0,0,0,0,0,0,0,0,0,0,0,0,0,0,0,0,0,0,0,0,0,0,0,0,0,0,0,0,0,0,0,0,0,0,0,0,0,0,0,0,0,0,0,0,0,0,0,0,0,0,0,0,0,0,0,0,0,0,0,0,0,0,0
evreg4,8.relative_year_bin_aux#1.treat#1.rice_harvarea_aclvl_ahigh,1.668599009771139,215.2555910543131,0,0,0,0,0,0,0,0,0,0,0,0,0,-171.2819451929461,0,-133.4337645838474,0,-163.9576282899101,0,-175.0409117620749,0,0,0,-193.7768151502109,0,-36.70360086427775,0,-400.8979078624695,0,-232.3165114624351,0,-40.83668333906409,0,0,0,-312.9367068844415,0,-582.1251823650409,0,-598.2359645394355,0,-491.5339307105338,0,0,0,-489.3425702226789,0,-507.7809920012832,0,-1196.715029955284,0,-624.1877286233423,0,-571.910601030334,0,0,0,0,0,0,0,763.8718310268255,0,0,0,1111.514871378826,0,0,0,1355.838337382463,0,0,0,1091.174223577221,0,0,0,0,0,0,0,1161.348836898928,0,0,0,1314.770630096928,0,0,0,2424.215506013749,0,0,0,1080.799953188324,0,0,0,1172.769355859994,.9630875759755797,-85.36069709367573,166.9144636253379
evreg4,9o.relative_year_bin_aux#0b.treat#0b.rice_harvarea_aclvl_ahigh,0,215.2555910543131,0,0,0,0,0,0,0,0,0,0,0,0,0,0,0,0,0,0,0,0,0,0,0,0,0,0,0,0,0,0,0,0,0,0,0,0,0,0,0,0,0,0,0,0,0,0,0,0,0,0,0,0,0,0,0,0,0,0,0,0,0,0,0,0,0,0,0,0,0,0,0,0,0,0,0,0,0,0,0,0,0,0,0,0,0,0,0,0,0,0,0,0,0,0,0,0,0,0,0,0,0
evreg4,9o.relative_year_bin_aux#0b.treat#1o.rice_harvarea_aclvl_ahigh,0,215.2555910543131,0,0,0,0,0,0,0,0,0,0,0,0,0,0,0,0,0,0,0,0,0,0,0,0,0,0,0,0,0,0,0,0,0,0,0,0,0,0,0,0,0,0,0,0,0,0,0,0,0,0,0,0,0,0,0,0,0,0,0,0,0,0,0,0,0,0,0,0,0,0,0,0,0,0,0,0,0,0,0,0,0,0,0,0,0,0,0,0,0,0,0,0,0,0,0,0,0,0,0,0,0
evreg4,9o.relative_year_bin_aux#1o.treat#0b.rice_harvarea_aclvl_ahigh,0,215.2555910543131,0,0,0,0,0,0,0,0,0,0,0,0,0,0,0,0,0,0,0,0,0,0,0,0,0,0,0,0,0,0,0,0,0,0,0,0,0,0,0,0,0,0,0,0,0,0,0,0,0,0,0,0,0,0,0,0,0,0,0,0,0,0,0,0,0,0,0,0,0,0,0,0,0,0,0,0,0,0,0,0,0,0,0,0,0,0,0,0,0,0,0,0,0,0,0,0,0,0,0,0,0
evreg4,9.relative_year_bin_aux#1.treat#1.rice_harvarea_aclvl_ahigh,93.50646642116452,215.2555910543131,0,0,0,0,0,0,0,0,0,0,0,0,0,-183.217493274812,0,-122.9948472458642,0,-168.6204048238704,0,-171.4015019536517,0,0,0,-182.9778963276218,0,-133.2324125884375,0,-243.1971572391272,0,-468.5745148165082,0,-75.6751795738935,0,0,0,-313.1619902432508,0,-558.4716428850531,0,-600.6508768295982,0,-481.2116339515846,0,0,0,-645.3751522090499,0,-413.4452373865886,0,-619.0561574550665,0,-1617.771813257275,0,-407.6472737910963,0,0,0,0,0,0,0,782.9804039244187,0,0,0,1107.566418519221,0,0,0,1358.218436702577,0,0,0,1091.260909847146,0,0,0,0,0,0,0,1546.710323695163,0,0,0,925.1450685251906,0,0,0,1080.799953188324,0,0,0,3327.065378965024,0,0,0,823.8041937040598,-.9526138954887331,-196.9644819395222,306.5367838962306
evreg4,10o.relative_year_bin_aux#0b.treat#0b.rice_harvarea_aclvl_ahigh,0,215.2555910543131,0,0,0,0,0,0,0,0,0,0,0,0,0,0,0,0,0,0,0,0,0,0,0,0,0,0,0,0,0,0,0,0,0,0,0,0,0,0,0,0,0,0,0,0,0,0,0,0,0,0,0,0,0,0,0,0,0,0,0,0,0,0,0,0,0,0,0,0,0,0,0,0,0,0,0,0,0,0,0,0,0,0,0,0,0,0,0,0,0,0,0,0,0,0,0,0,0,0,0,0,0
evreg4,10o.relative_year_bin_aux#0b.treat#1o.rice_harvarea_aclvl_ahigh,0,215.2555910543131,0,0,0,0,0,0,0,0,0,0,0,0,0,0,0,0,0,0,0,0,0,0,0,0,0,0,0,0,0,0,0,0,0,0,0,0,0,0,0,0,0,0,0,0,0,0,0,0,0,0,0,0,0,0,0,0,0,0,0,0,0,0,0,0,0,0,0,0,0,0,0,0,0,0,0,0,0,0,0,0,0,0,0,0,0,0,0,0,0,0,0,0,0,0,0,0,0,0,0,0,0
evreg4,10o.relative_year_bin_aux#1o.treat#0b.rice_harvarea_aclvl_ahigh,0,215.2555910543131,0,0,0,0,0,0,0,0,0,0,0,0,0,0,0,0,0,0,0,0,0,0,0,0,0,0,0,0,0,0,0,0,0,0,0,0,0,0,0,0,0,0,0,0,0,0,0,0,0,0,0,0,0,0,0,0,0,0,0,0,0,0,0,0,0,0,0,0,0,0,0,0,0,0,0,0,0,0,0,0,0,0,0,0,0,0,0,0,0,0,0,0,0,0,0,0,0,0,0,0,0
evreg4,10.relative_year_bin_aux#1.treat#1.rice_harvarea_aclvl_ahigh,7.171513374479028,215.2555910543131,0,0,0,0,0,0,0,0,0,0,0,0,0,-154.568844716686,0,-121.0987744803869,0,-160.5277648507019,0,-172.5833382908493,0,0,0,-77.92833951945414,0,-282.650651731431,0,-26.89066543772447,0,-61.51133254502044,0,-645.807464688904,0,0,0,-292.7154118393823,0,-572.6039312188584,0,-608.5565561116532,0,-499.3296545726855,0,0,0,-480.3103761229924,0,-570.5869924959582,0,-575.8146517248545,0,-417.6724686844353,0,-1261.494392236784,0,0,0,0,0,0,0,738.0075880736603,0,0,0,1111.789910452106,0,0,0,1354.065737453274,0,0,0,1081.994458436626,0,0,0,0,0,0,0,1014.647805441781,0,0,0,1105.904105821076,0,0,0,1172.769355859994,0,0,0,823.8041937040598,0,0,0,2826.219243820706,.9052381445733555,-99.83312147342454,188.0223338916813
evreg4,wind_direction,-.9835175500728844,215.2555910543131,0,0,0,0,0,0,0,0,0,0,0,0,0,-.1317533482330394,0,-.1235905544414381,0,-.2666710629861674,0,-.2980226918021177,0,0,0,-.1076991619112874,0,-.1442455405314645,0,-.0517127829959858,0,.1101932805228978,0,-.1559068251344007,0,0,0,.1497352413571182,0,-1.011722354300935,0,-.5214364590124689,0,-.2782410433272964,0,0,0,.0848901818183839,0,-.1793792530591994,0,-.2387824973689658,0,.3857305155662867,0,-.2236927158549394,0,0,0,0,0,0,0,.3469168997503957,0,0,0,1.826556910331907,0,0,0,1.601408323056322,0,0,0,.8711187760598049,0,0,0,0,0,0,0,.2495587887088863,0,0,0,.4247181299979158,0,0,0,.9630875759755797,0,0,0,-.9526138954887331,0,0,0,.9052381445733555,.0112192549047319,-.4846273949466054,.7256661458582784
evreg4,av_wind_speed,94.66301728825594,215.2555910543131,0,0,0,0,0,0,0,0,0,0,0,0,0,12.79253819561913,0,26.13782517221792,0,44.67440980313097,0,-5.64319298310798,0,0,0,10.2148652400461,0,53.4437875907383,0,19.33419118245465,0,16.46350990758162,0,51.62716242040104,0,0,0,108.7125500579074,0,130.6590733732927,0,118.7143965861937,0,76.24291715810944,0,0,0,67.83210004929263,0,49.66981290799215,0,55.0995617585665,0,113.7013510443242,0,64.19411209139717,0,0,0,0,0,0,0,-187.4021847473782,0,0,0,-250.6462393580654,0,0,0,-189.433308686767,0,0,0,-68.82393314486613,0,0,0,0,0,0,0,-121.3007419877895,0,0,0,-93.53425303616295,0,0,0,-85.36069709367573,0,0,0,-196.9644819395222,0,0,0,-99.83312147342454,-.4846273949466054,245.911301917856,-342.4402482646979
evreg4,_cons,39.9048619718162,215.2555910543131,0,0,0,0,0,0,0,0,0,0,0,0,0,-44.42715015883679,0,-69.0240609975979,0,-97.89607874244419,0,-30.51762931376857,0,0,0,-49.66026454188506,0,-107.7330756310948,0,-59.18026531146374,0,-56.54166397240157,0,-109.1420356445535,0,0,0,-223.8416526514343,0,-239.0033213367522,0,-250.013922430093,0,-207.3042414034749,0,0,0,-177.2519603154226,0,-152.0999324145575,0,-167.0260740466426,0,-239.8018794777997,0,-168.7609050109183,0,0,0,0,0,0,0,287.6121703125789,0,0,0,398.9531995185101,0,0,0,306.1736195650979,0,0,0,151.9028687028624,0,0,0,0,0,0,0,208.6428351123516,0,0,0,168.9106983339458,0,0,0,166.9144636253379,0,0,0,306.5367838962306,0,0,0,188.0223338916813,.7256661458582784,-342.4402482646979,518.5855981757414
evreg5,1o.relative_year_bin_aux,0,215.2555910543131,0,0,0,0,0,0,0,0,0,0,0,0,0,0,0,0,0,0,0,0,0,0,0,0,0,0,0,0,0,0,0,0,0,0,0,0,0,0,0,0,0,0,0,0,0,0,0,0,0,0,0,0,0,0,0,0,0,0,0,0,0,0,0,0,0,0,0,0,0,0,0,0,0,0,0,0,0,0,0,0,0,0,0,0,0,0,0,0,0,0,0,0,0,0,0,0,0,0,0,0,0
evreg5,2o.relative_year_bin_aux,0,215.2555910543131,0,0,0,0,0,0,0,0,0,0,0,0,0,0,0,0,0,0,0,0,0,0,0,0,0,0,0,0,0,0,0,0,0,0,0,0,0,0,0,0,0,0,0,0,0,0,0,0,0,0,0,0,0,0,0,0,0,0,0,0,0,0,0,0,0,0,0,0,0,0,0,0,0,0,0,0,0,0,0,0,0,0,0,0,0,0,0,0,0,0,0,0,0,0,0,0,0,0,0,0,0
evreg5,3o.relative_year_bin_aux,0,215.2555910543131,0,0,0,0,0,0,0,0,0,0,0,0,0,0,0,0,0,0,0,0,0,0,0,0,0,0,0,0,0,0,0,0,0,0,0,0,0,0,0,0,0,0,0,0,0,0,0,0,0,0,0,0,0,0,0,0,0,0,0,0,0,0,0,0,0,0,0,0,0,0,0,0,0,0,0,0,0,0,0,0,0,0,0,0,0,0,0,0,0,0,0,0,0,0,0,0,0,0,0,0,0
evreg5,4o.relative_year_bin_aux,0,215.2555910543131,0,0,0,0,0,0,0,0,0,0,0,0,0,0,0,0,0,0,0,0,0,0,0,0,0,0,0,0,0,0,0,0,0,0,0,0,0,0,0,0,0,0,0,0,0,0,0,0,0,0,0,0,0,0,0,0,0,0,0,0,0,0,0,0,0,0,0,0,0,0,0,0,0,0,0,0,0,0,0,0,0,0,0,0,0,0,0,0,0,0,0,0,0,0,0,0,0,0,0,0,0
evreg5,5b.relative_year_bin_aux,0,215.2555910543131,0,0,0,0,0,0,0,0,0,0,0,0,0,0,0,0,0,0,0,0,0,0,0,0,0,0,0,0,0,0,0,0,0,0,0,0,0,0,0,0,0,0,0,0,0,0,0,0,0,0,0,0,0,0,0,0,0,0,0,0,0,0,0,0,0,0,0,0,0,0,0,0,0,0,0,0,0,0,0,0,0,0,0,0,0,0,0,0,0,0,0,0,0,0,0,0,0,0,0,0,0
evreg5,6o.relative_year_bin_aux,0,215.2555910543131,0,0,0,0,0,0,0,0,0,0,0,0,0,0,0,0,0,0,0,0,0,0,0,0,0,0,0,0,0,0,0,0,0,0,0,0,0,0,0,0,0,0,0,0,0,0,0,0,0,0,0,0,0,0,0,0,0,0,0,0,0,0,0,0,0,0,0,0,0,0,0,0,0,0,0,0,0,0,0,0,0,0,0,0,0,0,0,0,0,0,0,0,0,0,0,0,0,0,0,0,0
evreg5,7o.relative_year_bin_aux,0,215.2555910543131,0,0,0,0,0,0,0,0,0,0,0,0,0,0,0,0,0,0,0,0,0,0,0,0,0,0,0,0,0,0,0,0,0,0,0,0,0,0,0,0,0,0,0,0,0,0,0,0,0,0,0,0,0,0,0,0,0,0,0,0,0,0,0,0,0,0,0,0,0,0,0,0,0,0,0,0,0,0,0,0,0,0,0,0,0,0,0,0,0,0,0,0,0,0,0,0,0,0,0,0,0
evreg5,8o.relative_year_bin_aux,0,215.2555910543131,0,0,0,0,0,0,0,0,0,0,0,0,0,0,0,0,0,0,0,0,0,0,0,0,0,0,0,0,0,0,0,0,0,0,0,0,0,0,0,0,0,0,0,0,0,0,0,0,0,0,0,0,0,0,0,0,0,0,0,0,0,0,0,0,0,0,0,0,0,0,0,0,0,0,0,0,0,0,0,0,0,0,0,0,0,0,0,0,0,0,0,0,0,0,0,0,0,0,0,0,0
evreg5,9o.relative_year_bin_aux,0,215.2555910543131,0,0,0,0,0,0,0,0,0,0,0,0,0,0,0,0,0,0,0,0,0,0,0,0,0,0,0,0,0,0,0,0,0,0,0,0,0,0,0,0,0,0,0,0,0,0,0,0,0,0,0,0,0,0,0,0,0,0,0,0,0,0,0,0,0,0,0,0,0,0,0,0,0,0,0,0,0,0,0,0,0,0,0,0,0,0,0,0,0,0,0,0,0,0,0,0,0,0,0,0,0
evreg5,10o.relative_year_bin_aux,0,215.2555910543131,0,0,0,0,0,0,0,0,0,0,0,0,0,0,0,0,0,0,0,0,0,0,0,0,0,0,0,0,0,0,0,0,0,0,0,0,0,0,0,0,0,0,0,0,0,0,0,0,0,0,0,0,0,0,0,0,0,0,0,0,0,0,0,0,0,0,0,0,0,0,0,0,0,0,0,0,0,0,0,0,0,0,0,0,0,0,0,0,0,0,0,0,0,0,0,0,0,0,0,0,0
evreg5,0b.treat,0,215.2555910543131,0,0,0,0,0,0,0,0,0,0,0,0,0,0,0,0,0,0,0,0,0,0,0,0,0,0,0,0,0,0,0,0,0,0,0,0,0,0,0,0,0,0,0,0,0,0,0,0,0,0,0,0,0,0,0,0,0,0,0,0,0,0,0,0,0,0,0,0,0,0,0,0,0,0,0,0,0,0,0,0,0,0,0,0,0,0,0,0,0,0,0,0,0,0,0,0,0,0,0,0,0
evreg5,1o.treat,0,215.2555910543131,0,0,0,0,0,0,0,0,0,0,0,0,0,0,0,0,0,0,0,0,0,0,0,0,0,0,0,0,0,0,0,0,0,0,0,0,0,0,0,0,0,0,0,0,0,0,0,0,0,0,0,0,0,0,0,0,0,0,0,0,0,0,0,0,0,0,0,0,0,0,0,0,0,0,0,0,0,0,0,0,0,0,0,0,0,0,0,0,0,0,0,0,0,0,0,0,0,0,0,0,0
evreg5,1o.relative_year_bin_aux#0b.treat,0,215.2555910543131,0,0,0,0,0,0,0,0,0,0,0,0,0,0,0,0,0,0,0,0,0,0,0,0,0,0,0,0,0,0,0,0,0,0,0,0,0,0,0,0,0,0,0,0,0,0,0,0,0,0,0,0,0,0,0,0,0,0,0,0,0,0,0,0,0,0,0,0,0,0,0,0,0,0,0,0,0,0,0,0,0,0,0,0,0,0,0,0,0,0,0,0,0,0,0,0,0,0,0,0,0
evreg5,1.relative_year_bin_aux#1.treat,11.53396749593605,215.2555910543131,0,0,0,0,0,0,0,0,0,0,0,0,0,396.7090181761777,0,115.6069876274832,0,73.21311698192238,0,175.6376764512671,0,0,0,107.6929020280238,0,108.9954203108481,0,111.7801418101756,0,109.7327715623779,0,91.41631873171792,0,0,0,53.94844031315367,0,56.48814265706278,0,45.57997412222817,0,61.86544536095435,0,0,0,42.61209627043772,0,44.67740034204364,0,44.41069462278263,0,43.58498445491801,0,41.07645163244625,0,0,0,0,0,0,0,-391.0037777724832,0,0,0,-109.3501022623608,0,0,0,-64.73400507700083,0,0,0,-183.034983179625,0,0,0,0,0,0,0,-110.4938062189702,0,0,0,-112.6297401870323,0,0,0,-110.4721223156766,0,0,0,-120.2007297774479,0,0,0,-91.33907201425663,.1154572014217135,1.872719029166961,-50.37274569772352
evreg5,2o.relative_year_bin_aux#0b.treat,0,215.2555910543131,0,0,0,0,0,0,0,0,0,0,0,0,0,0,0,0,0,0,0,0,0,0,0,0,0,0,0,0,0,0,0,0,0,0,0,0,0,0,0,0,0,0,0,0,0,0,0,0,0,0,0,0,0,0,0,0,0,0,0,0,0,0,0,0,0,0,0,0,0,0,0,0,0,0,0,0,0,0,0,0,0,0,0,0,0,0,0,0,0,0,0,0,0,0,0,0,0,0,0,0,0
evreg5,2.relative_year_bin_aux#1.treat,15.02001792033133,215.2555910543131,0,0,0,0,0,0,0,0,0,0,0,0,0,115.6069876274832,0,154.5672073372249,0,104.070783145051,0,106.8490566405576,0,0,0,71.70800491268032,0,75.90986253151914,0,80.27482446209194,0,82.27316836394934,0,66.78208918378078,0,0,0,61.5754919927437,0,89.16531857837562,0,55.6917044243684,0,52.80444229833947,0,0,0,35.64330663484708,0,39.34153699382278,0,38.09815435391742,0,34.18307318047869,0,36.84849351136539,0,0,0,0,0,0,0,-118.243424442818,0,0,0,-177.7933938164086,0,0,0,-110.8000914507899,0,0,0,-110.7856136448065,0,0,0,0,0,0,0,-76.4828013407749,0,0,0,-82.97970072012157,0,0,0,-89.86539187475329,0,0,0,-84.30870860211212,0,0,0,-77.07105368469516,-.0422492731537969,17.86006883047414,-63.50525222328957
evreg5,3o.relative_year_bin_aux#0b.treat,0,215.2555910543131,0,0,0,0,0,0,0,0,0,0,0,0,0,0,0,0,0,0,0,0,0,0,0,0,0,0,0,0,0,0,0,0,0,0,0,0,0,0,0,0,0,0,0,0,0,0,0,0,0,0,0,0,0,0,0,0,0,0,0,0,0,0,0,0,0,0,0,0,0,0,0,0,0,0,0,0,0,0,0,0,0,0,0,0,0,0,0,0,0,0,0,0,0,0,0,0,0,0,0,0,0
evreg5,3.relative_year_bin_aux#1.treat,28.45183484665326,215.2555910543131,0,0,0,0,0,0,0,0,0,0,0,0,0,73.21311698192238,0,104.070783145051,0,249.6141770648744,0,86.61840715423568,0,0,0,102.1637902055557,0,110.63287421823,0,113.3866884794728,0,117.717866553968,0,109.0810163597514,0,0,0,51.41219330600856,0,52.10863425956438,0,106.8724211117599,0,36.54926264195225,0,0,0,41.50136957086777,0,44.47511035636234,0,43.26603702254236,0,43.75842383224327,0,43.53647495316463,0,0,0,0,0,0,0,-76.06947583256365,0,0,0,-105.9355532865122,0,0,0,-274.0839484422029,0,0,0,-102.8709703412011,0,0,0,0,0,0,0,-111.5536561852816,0,0,0,-120.6586260159518,0,0,0,-123.3366587239892,0,0,0,-127.1284649784346,0,0,0,-118.3490032148925,-.0182012367578129,30.88306441526571,-86.966991453341
evreg5,4o.relative_year_bin_aux#0b.treat,0,215.2555910543131,0,0,0,0,0,0,0,0,0,0,0,0,0,0,0,0,0,0,0,0,0,0,0,0,0,0,0,0,0,0,0,0,0,0,0,0,0,0,0,0,0,0,0,0,0,0,0,0,0,0,0,0,0,0,0,0,0,0,0,0,0,0,0,0,0,0,0,0,0,0,0,0,0,0,0,0,0,0,0,0,0,0,0,0,0,0,0,0,0,0,0,0,0,0,0,0,0,0,0,0,0
evreg5,4.relative_year_bin_aux#1.treat,12.77362944397848,215.2555910543131,0,0,0,0,0,0,0,0,0,0,0,0,0,175.6376764512671,0,106.8490566405576,0,86.61840715423568,0,346.6736290657961,0,0,0,114.3326873772315,0,114.3809460966339,0,109.2328549464429,0,106.1198481807107,0,107.4323821341492,0,0,0,63.94666215329413,0,54.84139438467521,0,38.88333238569797,0,154.6925397583485,0,0,0,52.20613046509087,0,52.62196340107738,0,51.60021028836283,0,52.39505706752104,0,52.54892503383579,0,0,0,0,0,0,0,-185.3216192814835,0,0,0,-115.2200012389352,0,0,0,-106.5929958864301,0,0,0,-382.1517097043618,0,0,0,0,0,0,0,-123.2339589021614,0,0,0,-121.957583911573,0,0,0,-117.9112263421107,0,0,0,-108.8657972228888,0,0,0,-115.3414523415314,-.1446352270731454,-10.06850634972587,-42.43267741718383
evreg5,5b.relative_year_bin_aux#0b.treat,0,215.2555910543131,0,0,0,0,0,0,0,0,0,0,0,0,0,0,0,0,0,0,0,0,0,0,0,0,0,0,0,0,0,0,0,0,0,0,0,0,0,0,0,0,0,0,0,0,0,0,0,0,0,0,0,0,0,0,0,0,0,0,0,0,0,0,0,0,0,0,0,0,0,0,0,0,0,0,0,0,0,0,0,0,0,0,0,0,0,0,0,0,0,0,0,0,0,0,0,0,0,0,0,0,0
evreg5,5b.relative_year_bin_aux#1o.treat,0,215.2555910543131,0,0,0,0,0,0,0,0,0,0,0,0,0,0,0,0,0,0,0,0,0,0,0,0,0,0,0,0,0,0,0,0,0,0,0,0,0,0,0,0,0,0,0,0,0,0,0,0,0,0,0,0,0,0,0,0,0,0,0,0,0,0,0,0,0,0,0,0,0,0,0,0,0,0,0,0,0,0,0,0,0,0,0,0,0,0,0,0,0,0,0,0,0,0,0,0,0,0,0,0,0
evreg5,6o.relative_year_bin_aux#0b.treat,0,215.2555910543131,0,0,0,0,0,0,0,0,0,0,0,0,0,0,0,0,0,0,0,0,0,0,0,0,0,0,0,0,0,0,0,0,0,0,0,0,0,0,0,0,0,0,0,0,0,0,0,0,0,0,0,0,0,0,0,0,0,0,0,0,0,0,0,0,0,0,0,0,0,0,0,0,0,0,0,0,0,0,0,0,0,0,0,0,0,0,0,0,0,0,0,0,0,0,0,0,0,0,0,0,0
evreg5,6.relative_year_bin_aux#1.treat,15.03713745681723,215.2555910543131,0,0,0,0,0,0,0,0,0,0,0,0,0,107.6929020280238,0,71.70800491268032,0,102.1637902055557,0,114.3326873772315,0,0,0,271.6886907281497,0,118.9940045827915,0,131.695686665207,0,115.6339927264447,0,52.68554839533074,0,0,0,39.92290394251106,0,33.76368730841223,0,40.8670713841604,0,52.71539967149347,0,0,0,112.7938880769066,0,51.0265211195243,0,51.76844616394948,0,46.70468323782039,0,3.622504311025216,0,0,0,0,0,0,0,-110.4238369350353,0,0,0,-75.71465017989283,0,0,0,-109.9035477297492,0,0,0,-123.2960605375669,0,0,0,0,0,0,0,-278.8537570112929,0,0,0,-129.1625573228202,0,0,0,-133.6399197313054,0,0,0,-133.9933694926027,0,0,0,-60.78806448386303,.0261239218584431,2.824747799731633,-50.59563253351956
evreg5,7o.relative_year_bin_aux#0b.treat,0,215.2555910543131,0,0,0,0,0,0,0,0,0,0,0,0,0,0,0,0,0,0,0,0,0,0,0,0,0,0,0,0,0,0,0,0,0,0,0,0,0,0,0,0,0,0,0,0,0,0,0,0,0,0,0,0,0,0,0,0,0,0,0,0,0,0,0,0,0,0,0,0,0,0,0,0,0,0,0,0,0,0,0,0,0,0,0,0,0,0,0,0,0,0,0,0,0,0,0,0,0,0,0,0,0
evreg5,7.relative_year_bin_aux#1.treat,13.7354212161821,215.2555910543131,0,0,0,0,0,0,0,0,0,0,0,0,0,108.9954203108481,0,75.90986253151914,0,110.63287421823,0,114.3809460966339,0,0,0,118.9940045827915,0,344.3008094458612,0,-.9991359235375494,0,53.51561865379016,0,235.9216985686315,0,0,0,45.99909622745675,0,42.06332932943697,0,47.33203473037642,0,56.01233935578904,0,0,0,49.51811194682603,0,130.9946807866614,0,-14.89183760987689,0,6.632980451231381,0,83.185278992787,0,0,0,0,0,0,0,-113.5476782547836,0,0,0,-88.89949607074317,0,0,0,-123.8921208077412,0,0,0,-124.5971254849409,0,0,0,0,0,0,0,-136.0638631695545,0,0,0,-332.0816280563657,0,0,0,-18.53688216430301,0,0,0,-90.23393549497777,0,0,0,-240.4439569956385,-.0274079443874182,41.49143247877171,-99.65308563287756
evreg5,8o.relative_year_bin_aux#0b.treat,0,215.2555910543131,0,0,0,0,0,0,0,0,0,0,0,0,0,0,0,0,0,0,0,0,0,0,0,0,0,0,0,0,0,0,0,0,0,0,0,0,0,0,0,0,0,0,0,0,0,0,0,0,0,0,0,0,0,0,0,0,0,0,0,0,0,0,0,0,0,0,0,0,0,0,0,0,0,0,0,0,0,0,0,0,0,0,0,0,0,0,0,0,0,0,0,0,0,0,0,0,0,0,0,0,0
evreg5,8.relative_year_bin_aux#1.treat,8.048951492347671,215.2555910543131,0,0,0,0,0,0,0,0,0,0,0,0,0,111.7801418101756,0,80.27482446209194,0,113.3866884794728,0,109.2328549464429,0,0,0,131.695686665207,0,-.9991359235375494,0,356.5885016276366,0,214.2395479926497,0,-15.36484867691354,0,0,0,43.74563067125931,0,34.10522036008437,0,42.92997383085811,0,52.20104961287207,0,0,0,47.79659351395343,0,-19.95159778231051,0,155.2462335204002,0,86.15719295517795,0,-3.394661306377459,0,0,0,0,0,0,0,-115.765442661446,0,0,0,-84.05317845862544,0,0,0,-119.9726592122765,0,0,0,-116.4699022365384,0,0,0,0,0,0,0,-133.8423892655985,0,0,0,-8.994953988764124,0,0,0,-354.9165723472049,0,0,0,-225.248869230564,0,0,0,-5.165498069060673,.1275991777027123,12.15181877951728,-61.13211691388955
evreg5,9o.relative_year_bin_aux#0b.treat,0,215.2555910543131,0,0,0,0,0,0,0,0,0,0,0,0,0,0,0,0,0,0,0,0,0,0,0,0,0,0,0,0,0,0,0,0,0,0,0,0,0,0,0,0,0,0,0,0,0,0,0,0,0,0,0,0,0,0,0,0,0,0,0,0,0,0,0,0,0,0,0,0,0,0,0,0,0,0,0,0,0,0,0,0,0,0,0,0,0,0,0,0,0,0,0,0,0,0,0,0,0,0,0,0,0
evreg5,9.relative_year_bin_aux#1.treat,6.156645296147079,215.2555910543131,0,0,0,0,0,0,0,0,0,0,0,0,0,109.7327715623779,0,82.27316836394934,0,117.717866553968,0,106.1198481807107,0,0,0,115.6339927264447,0,53.51561865379016,0,214.2395479926497,0,405.6839550855738,0,34.01004275874634,0,0,0,41.16452253882488,0,32.67071263957978,0,44.27197071813399,0,51.9442708563511,0,0,0,44.09498901017949,0,4.836086883577964,0,89.38823053807491,0,159.1931605617345,0,27.65331104682882,0,0,0,0,0,0,0,-114.8779576142858,0,0,0,-89.35204159585103,0,0,0,-126.252546707323,0,0,0,-112.8754043233209,0,0,0,0,0,0,0,-127.2908079228399,0,0,0,-87.36154491524098,0,0,0,-219.2061478196393,0,0,0,-390.9218267464288,0,0,0,-35.49411487652041,.1610233104366068,12.24114611632537,-63.97613786273023
evreg5,10o.relative_year_bin_aux#0b.treat,0,215.2555910543131,0,0,0,0,0,0,0,0,0,0,0,0,0,0,0,0,0,0,0,0,0,0,0,0,0,0,0,0,0,0,0,0,0,0,0,0,0,0,0,0,0,0,0,0,0,0,0,0,0,0,0,0,0,0,0,0,0,0,0,0,0,0,0,0,0,0,0,0,0,0,0,0,0,0,0,0,0,0,0,0,0,0,0,0,0,0,0,0,0,0,0,0,0,0,0,0,0,0,0,0,0
evreg5,10.relative_year_bin_aux#1.treat,2.163164825357048,215.2555910543131,0,0,0,0,0,0,0,0,0,0,0,0,0,91.41631873171792,0,66.78208918378078,0,109.0810163597514,0,107.4323821341492,0,0,0,52.68554839533074,0,235.9216985686315,0,-15.36484867691354,0,34.01004275874634,0,583.5654011920276,0,0,0,44.89946695489946,0,40.62881546692084,0,47.65357589922228,0,56.70226681601892,0,0,0,8.491624576341568,0,86.52870341752565,0,7.070379293399649,0,36.66076834030375,0,227.4028360735456,0,0,0,0,0,0,0,-98.16434593830765,0,0,0,-82.81322088754494,0,0,0,-122.4977053395306,0,0,0,-115.6039497876425,0,0,0,0,0,0,0,-64.67592510465188,0,0,0,-239.0207220038338,0,0,0,-20.47982062600549,0,0,0,-45.48456225267869,0,0,0,-573.383013808859,-.0759954481649863,48.73883201052829,-113.7627658281889
evreg5,0b.rice_prod_aclvl_ahigh,0,215.2555910543131,0,0,0,0,0,0,0,0,0,0,0,0,0,0,0,0,0,0,0,0,0,0,0,0,0,0,0,0,0,0,0,0,0,0,0,0,0,0,0,0,0,0,0,0,0,0,0,0,0,0,0,0,0,0,0,0,0,0,0,0,0,0,0,0,0,0,0,0,0,0,0,0,0,0,0,0,0,0,0,0,0,0,0,0,0,0,0,0,0,0,0,0,0,0,0,0,0,0,0,0,0
evreg5,1o.rice_prod_aclvl_ahigh,0,215.2555910543131,0,0,0,0,0,0,0,0,0,0,0,0,0,0,0,0,0,0,0,0,0,0,0,0,0,0,0,0,0,0,0,0,0,0,0,0,0,0,0,0,0,0,0,0,0,0,0,0,0,0,0,0,0,0,0,0,0,0,0,0,0,0,0,0,0,0,0,0,0,0,0,0,0,0,0,0,0,0,0,0,0,0,0,0,0,0,0,0,0,0,0,0,0,0,0,0,0,0,0,0,0
evreg5,1o.relative_year_bin_aux#0b.rice_prod_aclvl_ahigh,0,215.2555910543131,0,0,0,0,0,0,0,0,0,0,0,0,0,0,0,0,0,0,0,0,0,0,0,0,0,0,0,0,0,0,0,0,0,0,0,0,0,0,0,0,0,0,0,0,0,0,0,0,0,0,0,0,0,0,0,0,0,0,0,0,0,0,0,0,0,0,0,0,0,0,0,0,0,0,0,0,0,0,0,0,0,0,0,0,0,0,0,0,0,0,0,0,0,0,0,0,0,0,0,0,0
evreg5,1.relative_year_bin_aux#1.rice_prod_aclvl_ahigh,27.45076934556712,215.2555910543131,0,0,0,0,0,0,0,0,0,0,0,0,0,53.94844031315367,0,61.5754919927437,0,51.41219330600856,0,63.94666215329413,0,0,0,39.92290394251106,0,45.99909622745675,0,43.74563067125931,0,41.16452253882488,0,44.89946695489946,0,0,0,930.250165005138,0,204.5672979844213,0,387.6310044597689,0,349.3744028067399,0,0,0,279.3076874064456,0,267.7348613689015,0,264.6523817844874,0,266.3580952035974,0,258.3063737295959,0,0,0,0,0,0,0,-1302.633565560113,0,0,0,-337.6787493331373,0,0,0,-649.0964134070784,0,0,0,-538.7852895644817,0,0,0,0,0,0,0,-448.1736099070221,0,0,0,-433.9085814967319,0,0,0,-428.2211585468842,0,0,0,-409.2651748555415,0,0,0,-413.5409451313432,-.1378596550633457,114.193603141291,-207.6383889180275
evreg5,2o.relative_year_bin_aux#0b.rice_prod_aclvl_ahigh,0,215.2555910543131,0,0,0,0,0,0,0,0,0,0,0,0,0,0,0,0,0,0,0,0,0,0,0,0,0,0,0,0,0,0,0,0,0,0,0,0,0,0,0,0,0,0,0,0,0,0,0,0,0,0,0,0,0,0,0,0,0,0,0,0,0,0,0,0,0,0,0,0,0,0,0,0,0,0,0,0,0,0,0,0,0,0,0,0,0,0,0,0,0,0,0,0,0,0,0,0,0,0,0,0,0
evreg5,2.relative_year_bin_aux#1.rice_prod_aclvl_ahigh,48.44485430243517,215.2555910543131,0,0,0,0,0,0,0,0,0,0,0,0,0,56.48814265706278,0,89.16531857837562,0,52.10863425956438,0,54.84139438467521,0,0,0,33.76368730841223,0,42.06332932943697,0,34.10522036008437,0,32.67071263957978,0,40.62881546692084,0,0,0,204.5672979844213,0,786.3103786232008,0,365.1995009202425,0,360.4025436760815,0,0,0,332.8588361366193,0,332.1512027307281,0,327.6827214144183,0,345.5547553442783,0,336.2015144288613,0,0,0,0,0,0,0,-332.3449640566732,0,0,0,-1238.690416460836,0,0,0,-566.6177263217896,0,0,0,-586.6528906826913,0,0,0,0,0,0,0,-546.9507766886871,0,0,0,-548.0024921969964,0,0,0,-553.6379422128053,0,0,0,-535.8240504180078,0,0,0,-556.1088093566748,-.8995494704263457,119.8992840184913,-219.684616059115
evreg5,3o.relative_year_bin_aux#0b.rice_prod_aclvl_ahigh,0,215.2555910543131,0,0,0,0,0,0,0,0,0,0,0,0,0,0,0,0,0,0,0,0,0,0,0,0,0,0,0,0,0,0,0,0,0,0,0,0,0,0,0,0,0,0,0,0,0,0,0,0,0,0,0,0,0,0,0,0,0,0,0,0,0,0,0,0,0,0,0,0,0,0,0,0,0,0,0,0,0,0,0,0,0,0,0,0,0,0,0,0,0,0,0,0,0,0,0,0,0,0,0,0,0
evreg5,3.relative_year_bin_aux#1.rice_prod_aclvl_ahigh,20.83323231247457,215.2555910543131,0,0,0,0,0,0,0,0,0,0,0,0,0,45.57997412222817,0,55.6917044243684,0,106.8724211117599,0,38.88333238569797,0,0,0,40.8670713841604,0,47.33203473037642,0,42.92997383085811,0,44.27197071813399,0,47.65357589922228,0,0,0,387.6310044597689,0,365.1995009202425,0,816.7881075904753,0,436.0913177353565,0,0,0,397.7755803723717,0,395.7962033076732,0,387.9690305057476,0,399.684355178348,0,398.7026457172636,0,0,0,0,0,0,0,-624.4689250538306,0,0,0,-559.7831943242952,0,0,0,-1273.045164156722,0,0,0,-666.820371757774,0,0,0,0,0,0,0,-586.4609243383887,0,0,0,-570.3958542273857,0,0,0,-572.9305718366404,0,0,0,-570.1291764258092,0,0,0,-583.5732955139351,-.662327844018173,127.3304446478874,-249.8683068235605
evreg5,4o.relative_year_bin_aux#0b.rice_prod_aclvl_ahigh,0,215.2555910543131,0,0,0,0,0,0,0,0,0,0,0,0,0,0,0,0,0,0,0,0,0,0,0,0,0,0,0,0,0,0,0,0,0,0,0,0,0,0,0,0,0,0,0,0,0,0,0,0,0,0,0,0,0,0,0,0,0,0,0,0,0,0,0,0,0,0,0,0,0,0,0,0,0,0,0,0,0,0,0,0,0,0,0,0,0,0,0,0,0,0,0,0,0,0,0,0,0,0,0,0,0
evreg5,4.relative_year_bin_aux#1.rice_prod_aclvl_ahigh,-11.24941483962379,215.2555910543131,0,0,0,0,0,0,0,0,0,0,0,0,0,61.86544536095435,0,52.80444229833947,0,36.54926264195225,0,154.6925397583485,0,0,0,52.71539967149347,0,56.01233935578904,0,52.20104961287207,0,51.9442708563511,0,56.70226681601892,0,0,0,349.3744028067399,0,360.4025436760815,0,436.0913177353565,0,712.8781370066215,0,0,0,386.9118605402456,0,388.8320960570148,0,388.567643948405,0,391.0796092218851,0,394.3748220653902,0,0,0,0,0,0,0,-535.7693797256725,0,0,0,-598.4733220381188,0,0,0,-690.3793461102034,0,0,0,-994.2311611797541,0,0,0,0,0,0,0,-535.3725222682083,0,0,0,-529.224552802037,0,0,0,-536.811153290458,0,0,0,-518.7250400771011,0,0,0,-545.8977529504464,-.4198360013134715,78.61282920474503,-192.6178759117655
evreg5,5b.relative_year_bin_aux#0b.rice_prod_aclvl_ahigh,0,215.2555910543131,0,0,0,0,0,0,0,0,0,0,0,0,0,0,0,0,0,0,0,0,0,0,0,0,0,0,0,0,0,0,0,0,0,0,0,0,0,0,0,0,0,0,0,0,0,0,0,0,0,0,0,0,0,0,0,0,0,0,0,0,0,0,0,0,0,0,0,0,0,0,0,0,0,0,0,0,0,0,0,0,0,0,0,0,0,0,0,0,0,0,0,0,0,0,0,0,0,0,0,0,0
evreg5,5b.relative_year_bin_aux#1o.rice_prod_aclvl_ahigh,0,215.2555910543131,0,0,0,0,0,0,0,0,0,0,0,0,0,0,0,0,0,0,0,0,0,0,0,0,0,0,0,0,0,0,0,0,0,0,0,0,0,0,0,0,0,0,0,0,0,0,0,0,0,0,0,0,0,0,0,0,0,0,0,0,0,0,0,0,0,0,0,0,0,0,0,0,0,0,0,0,0,0,0,0,0,0,0,0,0,0,0,0,0,0,0,0,0,0,0,0,0,0,0,0,0
evreg5,6o.relative_year_bin_aux#0b.rice_prod_aclvl_ahigh,0,215.2555910543131,0,0,0,0,0,0,0,0,0,0,0,0,0,0,0,0,0,0,0,0,0,0,0,0,0,0,0,0,0,0,0,0,0,0,0,0,0,0,0,0,0,0,0,0,0,0,0,0,0,0,0,0,0,0,0,0,0,0,0,0,0,0,0,0,0,0,0,0,0,0,0,0,0,0,0,0,0,0,0,0,0,0,0,0,0,0,0,0,0,0,0,0,0,0,0,0,0,0,0,0,0
evreg5,6.relative_year_bin_aux#1.rice_prod_aclvl_ahigh,-19.39115835945999,215.2555910543131,0,0,0,0,0,0,0,0,0,0,0,0,0,42.61209627043772,0,35.64330663484708,0,41.50136957086777,0,52.20613046509087,0,0,0,112.7938880769066,0,49.51811194682603,0,47.79659351395343,0,44.09498901017949,0,8.491624576341568,0,0,0,279.3076874064456,0,332.8588361366193,0,397.7755803723717,0,386.9118605402456,0,0,0,637.630324997129,0,360.522161063817,0,405.3493205173085,0,455.9689417878786,0,317.0658138867989,0,0,0,0,0,0,0,-440.1158267045034,0,0,0,-540.9454725399737,0,0,0,-594.4495837518836,0,0,0,-534.0319964066182,0,0,0,0,0,0,0,-915.9446921405829,0,0,0,-467.7534232386865,0,0,0,-543.9829959349079,0,0,0,-678.191768996129,0,0,0,-443.4325893935573,-.0797353291862659,72.87530727267287,-172.8207182948632
evreg5,7o.relative_year_bin_aux#0b.rice_prod_aclvl_ahigh,0,215.2555910543131,0,0,0,0,0,0,0,0,0,0,0,0,0,0,0,0,0,0,0,0,0,0,0,0,0,0,0,0,0,0,0,0,0,0,0,0,0,0,0,0,0,0,0,0,0,0,0,0,0,0,0,0,0,0,0,0,0,0,0,0,0,0,0,0,0,0,0,0,0,0,0,0,0,0,0,0,0,0,0,0,0,0,0,0,0,0,0,0,0,0,0,0,0,0,0,0,0,0,0,0,0
evreg5,7.relative_year_bin_aux#1.rice_prod_aclvl_ahigh,-47.21612811839128,215.2555910543131,0,0,0,0,0,0,0,0,0,0,0,0,0,44.67740034204364,0,39.34153699382278,0,44.47511035636234,0,52.62196340107738,0,0,0,51.0265211195243,0,130.9946807866614,0,-19.95159778231051,0,4.836086883577964,0,86.52870341752565,0,0,0,267.7348613689015,0,332.1512027307281,0,395.7962033076732,0,388.8320960570148,0,0,0,360.522161063817,0,711.1816131373266,0,298.4426535331284,0,256.0167096981653,0,456.08943664832,0,0,0,0,0,0,0,-423.684682130681,0,0,0,-539.4622428969856,0,0,0,-585.5423360845728,0,0,0,-527.7147012304863,0,0,0,0,0,0,0,-492.074252344401,0,0,0,-963.1995684505005,0,0,0,-450.1556200812307,0,0,0,-364.6227805233323,0,0,0,-622.1468845769531,-.2127119748524793,55.53648765263914,-147.8006867434252
evreg5,8o.relative_year_bin_aux#0b.rice_prod_aclvl_ahigh,0,215.2555910543131,0,0,0,0,0,0,0,0,0,0,0,0,0,0,0,0,0,0,0,0,0,0,0,0,0,0,0,0,0,0,0,0,0,0,0,0,0,0,0,0,0,0,0,0,0,0,0,0,0,0,0,0,0,0,0,0,0,0,0,0,0,0,0,0,0,0,0,0,0,0,0,0,0,0,0,0,0,0,0,0,0,0,0,0,0,0,0,0,0,0,0,0,0,0,0,0,0,0,0,0,0
evreg5,8.relative_year_bin_aux#1.rice_prod_aclvl_ahigh,-3.285336397161565,215.2555910543131,0,0,0,0,0,0,0,0,0,0,0,0,0,44.41069462278263,0,38.09815435391742,0,43.26603702254236,0,51.60021028836283,0,0,0,51.76844616394948,0,-14.89183760987689,0,155.2462335204002,0,89.38823053807491,0,7.070379293399649,0,0,0,264.6523817844874,0,327.6827214144183,0,387.9690305057476,0,388.567643948405,0,0,0,405.3493205173085,0,298.4426535331284,0,840.2897410542104,0,549.6242222683403,0,315.8396545277103,0,0,0,0,0,0,0,-418.5456383494288,0,0,0,-529.1322003014077,0,0,0,-573.0981855255634,0,0,0,-523.2493898651392,0,0,0,0,0,0,0,-555.1616557109642,0,0,0,-435.1983565977581,0,0,0,-1062.686768681594,0,0,0,-664.8910124907417,0,0,0,-502.7795287083313,-.2609641060267558,64.58155293441335,-166.7344738553813
evreg5,9o.relative_year_bin_aux#0b.rice_prod_aclvl_ahigh,0,215.2555910543131,0,0,0,0,0,0,0,0,0,0,0,0,0,0,0,0,0,0,0,0,0,0,0,0,0,0,0,0,0,0,0,0,0,0,0,0,0,0,0,0,0,0,0,0,0,0,0,0,0,0,0,0,0,0,0,0,0,0,0,0,0,0,0,0,0,0,0,0,0,0,0,0,0,0,0,0,0,0,0,0,0,0,0,0,0,0,0,0,0,0,0,0,0,0,0,0,0,0,0,0,0
evreg5,9.relative_year_bin_aux#1.rice_prod_aclvl_ahigh,-15.90428127260755,215.2555910543131,0,0,0,0,0,0,0,0,0,0,0,0,0,43.58498445491801,0,34.18307318047869,0,43.75842383224327,0,52.39505706752104,0,0,0,46.70468323782039,0,6.632980451231381,0,86.15719295517795,0,159.1931605617345,0,36.66076834030375,0,0,0,266.3580952035974,0,345.5547553442783,0,399.684355178348,0,391.0796092218851,0,0,0,455.9689417878786,0,256.0167096981653,0,549.6242222683403,0,1013.149943862332,0,282.1436101391719,0,0,0,0,0,0,0,-414.668419917154,0,0,0,-559.8645487833296,0,0,0,-600.3534356436658,0,0,0,-538.8723572263946,0,0,0,0,0,0,0,-679.4115667391834,0,0,0,-360.838381417543,0,0,0,-664.6443272892889,0,0,0,-1436.479005713343,0,0,0,-375.867258536829,.0930277576121841,115.4822052952817,-233.4762149747521
evreg5,10o.relative_year_bin_aux#0b.rice_prod_aclvl_ahigh,0,215.2555910543131,0,0,0,0,0,0,0,0,0,0,0,0,0,0,0,0,0,0,0,0,0,0,0,0,0,0,0,0,0,0,0,0,0,0,0,0,0,0,0,0,0,0,0,0,0,0,0,0,0,0,0,0,0,0,0,0,0,0,0,0,0,0,0,0,0,0,0,0,0,0,0,0,0,0,0,0,0,0,0,0,0,0,0,0,0,0,0,0,0,0,0,0,0,0,0,0,0,0,0,0,0
evreg5,10.relative_year_bin_aux#1.rice_prod_aclvl_ahigh,-24.74287652222893,215.2555910543131,0,0,0,0,0,0,0,0,0,0,0,0,0,41.07645163244625,0,36.84849351136539,0,43.53647495316463,0,52.54892503383579,0,0,0,3.622504311025216,0,83.185278992787,0,-3.394661306377459,0,27.65331104682882,0,227.4028360735456,0,0,0,258.3063737295959,0,336.2015144288613,0,398.7026457172636,0,394.3748220653902,0,0,0,317.0658138867989,0,456.08943664832,0,315.8396545277103,0,282.1436101391719,0,792.1800926733742,0,0,0,0,0,0,0,-405.7721387988504,0,0,0,-544.5900669091905,0,0,0,-590.6679149853005,0,0,0,-532.8336810841771,0,0,0,0,0,0,0,-448.8983959970687,0,0,0,-616.0235306682116,0,0,0,-506.9987859897446,0,0,0,-365.2370070954855,0,0,0,-1165.085978024323,-.3262917959987456,69.36958856520863,-166.4138089853755
evreg5,0b.treat#0b.rice_prod_aclvl_ahigh,0,215.2555910543131,0,0,0,0,0,0,0,0,0,0,0,0,0,0,0,0,0,0,0,0,0,0,0,0,0,0,0,0,0,0,0,0,0,0,0,0,0,0,0,0,0,0,0,0,0,0,0,0,0,0,0,0,0,0,0,0,0,0,0,0,0,0,0,0,0,0,0,0,0,0,0,0,0,0,0,0,0,0,0,0,0,0,0,0,0,0,0,0,0,0,0,0,0,0,0,0,0,0,0,0,0
evreg5,0b.treat#1o.rice_prod_aclvl_ahigh,0,215.2555910543131,0,0,0,0,0,0,0,0,0,0,0,0,0,0,0,0,0,0,0,0,0,0,0,0,0,0,0,0,0,0,0,0,0,0,0,0,0,0,0,0,0,0,0,0,0,0,0,0,0,0,0,0,0,0,0,0,0,0,0,0,0,0,0,0,0,0,0,0,0,0,0,0,0,0,0,0,0,0,0,0,0,0,0,0,0,0,0,0,0,0,0,0,0,0,0,0,0,0,0,0,0
evreg5,1o.treat#0b.rice_prod_aclvl_ahigh,0,215.2555910543131,0,0,0,0,0,0,0,0,0,0,0,0,0,0,0,0,0,0,0,0,0,0,0,0,0,0,0,0,0,0,0,0,0,0,0,0,0,0,0,0,0,0,0,0,0,0,0,0,0,0,0,0,0,0,0,0,0,0,0,0,0,0,0,0,0,0,0,0,0,0,0,0,0,0,0,0,0,0,0,0,0,0,0,0,0,0,0,0,0,0,0,0,0,0,0,0,0,0,0,0,0
evreg5,1o.treat#1o.rice_prod_aclvl_ahigh,0,215.2555910543131,0,0,0,0,0,0,0,0,0,0,0,0,0,0,0,0,0,0,0,0,0,0,0,0,0,0,0,0,0,0,0,0,0,0,0,0,0,0,0,0,0,0,0,0,0,0,0,0,0,0,0,0,0,0,0,0,0,0,0,0,0,0,0,0,0,0,0,0,0,0,0,0,0,0,0,0,0,0,0,0,0,0,0,0,0,0,0,0,0,0,0,0,0,0,0,0,0,0,0,0,0
evreg5,1o.relative_year_bin_aux#0b.treat#0b.rice_prod_aclvl_ahigh,0,215.2555910543131,0,0,0,0,0,0,0,0,0,0,0,0,0,0,0,0,0,0,0,0,0,0,0,0,0,0,0,0,0,0,0,0,0,0,0,0,0,0,0,0,0,0,0,0,0,0,0,0,0,0,0,0,0,0,0,0,0,0,0,0,0,0,0,0,0,0,0,0,0,0,0,0,0,0,0,0,0,0,0,0,0,0,0,0,0,0,0,0,0,0,0,0,0,0,0,0,0,0,0,0,0
evreg5,1o.relative_year_bin_aux#0b.treat#1o.rice_prod_aclvl_ahigh,0,215.2555910543131,0,0,0,0,0,0,0,0,0,0,0,0,0,0,0,0,0,0,0,0,0,0,0,0,0,0,0,0,0,0,0,0,0,0,0,0,0,0,0,0,0,0,0,0,0,0,0,0,0,0,0,0,0,0,0,0,0,0,0,0,0,0,0,0,0,0,0,0,0,0,0,0,0,0,0,0,0,0,0,0,0,0,0,0,0,0,0,0,0,0,0,0,0,0,0,0,0,0,0,0,0
evreg5,1o.relative_year_bin_aux#1o.treat#0b.rice_prod_aclvl_ahigh,0,215.2555910543131,0,0,0,0,0,0,0,0,0,0,0,0,0,0,0,0,0,0,0,0,0,0,0,0,0,0,0,0,0,0,0,0,0,0,0,0,0,0,0,0,0,0,0,0,0,0,0,0,0,0,0,0,0,0,0,0,0,0,0,0,0,0,0,0,0,0,0,0,0,0,0,0,0,0,0,0,0,0,0,0,0,0,0,0,0,0,0,0,0,0,0,0,0,0,0,0,0,0,0,0,0
evreg5,1.relative_year_bin_aux#1.treat#1.rice_prod_aclvl_ahigh,-25.46284495070522,215.2555910543131,0,0,0,0,0,0,0,0,0,0,0,0,0,-391.0037777724832,0,-118.243424442818,0,-76.06947583256365,0,-185.3216192814835,0,0,0,-110.4238369350353,0,-113.5476782547836,0,-115.765442661446,0,-114.8779576142858,0,-98.16434593830765,0,0,0,-1302.633565560113,0,-332.3449640566732,0,-624.4689250538306,0,-535.7693797256725,0,0,0,-440.1158267045034,0,-423.684682130681,0,-418.5456383494288,0,-414.668419917154,0,-405.7721387988504,0,0,0,0,0,0,0,2845.746755524566,0,0,0,698.2455820926652,0,0,0,1260.050434114292,0,0,0,1184.821383342151,0,0,0,0,0,0,0,941.4810912361256,0,0,0,903.9586601838075,0,0,0,876.7280252986657,0,0,0,877.4213443939587,0,0,0,841.7261309361552,-.0418130596047751,-164.4974642766243,266.4846898713326
evreg5,2o.relative_year_bin_aux#0b.treat#0b.rice_prod_aclvl_ahigh,0,215.2555910543131,0,0,0,0,0,0,0,0,0,0,0,0,0,0,0,0,0,0,0,0,0,0,0,0,0,0,0,0,0,0,0,0,0,0,0,0,0,0,0,0,0,0,0,0,0,0,0,0,0,0,0,0,0,0,0,0,0,0,0,0,0,0,0,0,0,0,0,0,0,0,0,0,0,0,0,0,0,0,0,0,0,0,0,0,0,0,0,0,0,0,0,0,0,0,0,0,0,0,0,0,0
evreg5,2o.relative_year_bin_aux#0b.treat#1o.rice_prod_aclvl_ahigh,0,215.2555910543131,0,0,0,0,0,0,0,0,0,0,0,0,0,0,0,0,0,0,0,0,0,0,0,0,0,0,0,0,0,0,0,0,0,0,0,0,0,0,0,0,0,0,0,0,0,0,0,0,0,0,0,0,0,0,0,0,0,0,0,0,0,0,0,0,0,0,0,0,0,0,0,0,0,0,0,0,0,0,0,0,0,0,0,0,0,0,0,0,0,0,0,0,0,0,0,0,0,0,0,0,0
evreg5,2o.relative_year_bin_aux#1o.treat#0b.rice_prod_aclvl_ahigh,0,215.2555910543131,0,0,0,0,0,0,0,0,0,0,0,0,0,0,0,0,0,0,0,0,0,0,0,0,0,0,0,0,0,0,0,0,0,0,0,0,0,0,0,0,0,0,0,0,0,0,0,0,0,0,0,0,0,0,0,0,0,0,0,0,0,0,0,0,0,0,0,0,0,0,0,0,0,0,0,0,0,0,0,0,0,0,0,0,0,0,0,0,0,0,0,0,0,0,0,0,0,0,0,0,0
evreg5,2.relative_year_bin_aux#1.treat#1.rice_prod_aclvl_ahigh,-55.95871550846746,215.2555910543131,0,0,0,0,0,0,0,0,0,0,0,0,0,-109.3501022623608,0,-177.7933938164086,0,-105.9355532865122,0,-115.2200012389352,0,0,0,-75.71465017989283,0,-88.89949607074317,0,-84.05317845862544,0,-89.35204159585103,0,-82.81322088754494,0,0,0,-337.6787493331373,0,-1238.690416460836,0,-559.7831943242952,0,-598.4733220381188,0,0,0,-540.9454725399737,0,-539.4622428969856,0,-529.1322003014077,0,-559.8645487833296,0,-544.5900669091905,0,0,0,0,0,0,0,698.2455820926652,0,0,0,2424.602786488666,0,0,0,1099.792336646518,0,0,0,1100.724083636927,0,0,0,0,0,0,0,1060.501405971522,0,0,0,1052.965722182352,0,0,0,1059.390345152973,0,0,0,1065.406597227928,0,0,0,1066.700426783886,1.5670028707505,-223.627513955412,362.8733763369682
evreg5,3o.relative_year_bin_aux#0b.treat#0b.rice_prod_aclvl_ahigh,0,215.2555910543131,0,0,0,0,0,0,0,0,0,0,0,0,0,0,0,0,0,0,0,0,0,0,0,0,0,0,0,0,0,0,0,0,0,0,0,0,0,0,0,0,0,0,0,0,0,0,0,0,0,0,0,0,0,0,0,0,0,0,0,0,0,0,0,0,0,0,0,0,0,0,0,0,0,0,0,0,0,0,0,0,0,0,0,0,0,0,0,0,0,0,0,0,0,0,0,0,0,0,0,0,0
evreg5,3o.relative_year_bin_aux#0b.treat#1o.rice_prod_aclvl_ahigh,0,215.2555910543131,0,0,0,0,0,0,0,0,0,0,0,0,0,0,0,0,0,0,0,0,0,0,0,0,0,0,0,0,0,0,0,0,0,0,0,0,0,0,0,0,0,0,0,0,0,0,0,0,0,0,0,0,0,0,0,0,0,0,0,0,0,0,0,0,0,0,0,0,0,0,0,0,0,0,0,0,0,0,0,0,0,0,0,0,0,0,0,0,0,0,0,0,0,0,0,0,0,0,0,0,0
evreg5,3o.relative_year_bin_aux#1o.treat#0b.rice_prod_aclvl_ahigh,0,215.2555910543131,0,0,0,0,0,0,0,0,0,0,0,0,0,0,0,0,0,0,0,0,0,0,0,0,0,0,0,0,0,0,0,0,0,0,0,0,0,0,0,0,0,0,0,0,0,0,0,0,0,0,0,0,0,0,0,0,0,0,0,0,0,0,0,0,0,0,0,0,0,0,0,0,0,0,0,0,0,0,0,0,0,0,0,0,0,0,0,0,0,0,0,0,0,0,0,0,0,0,0,0,0
evreg5,3.relative_year_bin_aux#1.treat#1.rice_prod_aclvl_ahigh,-9.351826376501824,215.2555910543131,0,0,0,0,0,0,0,0,0,0,0,0,0,-64.73400507700083,0,-110.8000914507899,0,-274.0839484422029,0,-106.5929958864301,0,0,0,-109.9035477297492,0,-123.8921208077412,0,-119.9726592122765,0,-126.252546707323,0,-122.4977053395306,0,0,0,-649.0964134070784,0,-566.6177263217896,0,-1273.045164156722,0,-690.3793461102034,0,0,0,-594.4495837518836,0,-585.5423360845728,0,-573.0981855255634,0,-600.3534356436658,0,-590.6679149853005,0,0,0,0,0,0,0,1260.050434114292,0,0,0,1099.792336646518,0,0,0,2876.422248364224,0,0,0,1523.458488770477,0,0,0,0,0,0,0,1376.200159181441,0,0,0,1358.579927046516,0,0,0,1343.298644015834,0,0,0,1338.15745130754,0,0,0,1334.284845619238,1.163756594882293,-163.073520132847,264.2417917607061
evreg5,4o.relative_year_bin_aux#0b.treat#0b.rice_prod_aclvl_ahigh,0,215.2555910543131,0,0,0,0,0,0,0,0,0,0,0,0,0,0,0,0,0,0,0,0,0,0,0,0,0,0,0,0,0,0,0,0,0,0,0,0,0,0,0,0,0,0,0,0,0,0,0,0,0,0,0,0,0,0,0,0,0,0,0,0,0,0,0,0,0,0,0,0,0,0,0,0,0,0,0,0,0,0,0,0,0,0,0,0,0,0,0,0,0,0,0,0,0,0,0,0,0,0,0,0,0
evreg5,4o.relative_year_bin_aux#0b.treat#1o.rice_prod_aclvl_ahigh,0,215.2555910543131,0,0,0,0,0,0,0,0,0,0,0,0,0,0,0,0,0,0,0,0,0,0,0,0,0,0,0,0,0,0,0,0,0,0,0,0,0,0,0,0,0,0,0,0,0,0,0,0,0,0,0,0,0,0,0,0,0,0,0,0,0,0,0,0,0,0,0,0,0,0,0,0,0,0,0,0,0,0,0,0,0,0,0,0,0,0,0,0,0,0,0,0,0,0,0,0,0,0,0,0,0
evreg5,4o.relative_year_bin_aux#1o.treat#0b.rice_prod_aclvl_ahigh,0,215.2555910543131,0,0,0,0,0,0,0,0,0,0,0,0,0,0,0,0,0,0,0,0,0,0,0,0,0,0,0,0,0,0,0,0,0,0,0,0,0,0,0,0,0,0,0,0,0,0,0,0,0,0,0,0,0,0,0,0,0,0,0,0,0,0,0,0,0,0,0,0,0,0,0,0,0,0,0,0,0,0,0,0,0,0,0,0,0,0,0,0,0,0,0,0,0,0,0,0,0,0,0,0,0
evreg5,4.relative_year_bin_aux#1.treat#1.rice_prod_aclvl_ahigh,12.66880892554793,215.2555910543131,0,0,0,0,0,0,0,0,0,0,0,0,0,-183.034983179625,0,-110.7856136448065,0,-102.8709703412011,0,-382.1517097043618,0,0,0,-123.2960605375669,0,-124.5971254849409,0,-116.4699022365384,0,-112.8754043233209,0,-115.6039497876425,0,0,0,-538.7852895644817,0,-586.6528906826913,0,-666.820371757774,0,-994.2311611797541,0,0,0,-534.0319964066182,0,-527.7147012304863,0,-523.2493898651392,0,-538.8723572263946,0,-532.8336810841771,0,0,0,0,0,0,0,1184.821383342151,0,0,0,1100.724083636927,0,0,0,1523.458488770477,0,0,0,2173.250300473274,0,0,0,0,0,0,0,1169.833718160867,0,0,0,1150.870580773083,0,0,0,1130.224855961698,0,0,0,1113.727723157497,0,0,0,1114.44536262947,.5320205957453557,-53.11871362997528,133.2856634740432
evreg5,5b.relative_year_bin_aux#0b.treat#0b.rice_prod_aclvl_ahigh,0,215.2555910543131,0,0,0,0,0,0,0,0,0,0,0,0,0,0,0,0,0,0,0,0,0,0,0,0,0,0,0,0,0,0,0,0,0,0,0,0,0,0,0,0,0,0,0,0,0,0,0,0,0,0,0,0,0,0,0,0,0,0,0,0,0,0,0,0,0,0,0,0,0,0,0,0,0,0,0,0,0,0,0,0,0,0,0,0,0,0,0,0,0,0,0,0,0,0,0,0,0,0,0,0,0
evreg5,5b.relative_year_bin_aux#0b.treat#1o.rice_prod_aclvl_ahigh,0,215.2555910543131,0,0,0,0,0,0,0,0,0,0,0,0,0,0,0,0,0,0,0,0,0,0,0,0,0,0,0,0,0,0,0,0,0,0,0,0,0,0,0,0,0,0,0,0,0,0,0,0,0,0,0,0,0,0,0,0,0,0,0,0,0,0,0,0,0,0,0,0,0,0,0,0,0,0,0,0,0,0,0,0,0,0,0,0,0,0,0,0,0,0,0,0,0,0,0,0,0,0,0,0,0
evreg5,5b.relative_year_bin_aux#1o.treat#0b.rice_prod_aclvl_ahigh,0,215.2555910543131,0,0,0,0,0,0,0,0,0,0,0,0,0,0,0,0,0,0,0,0,0,0,0,0,0,0,0,0,0,0,0,0,0,0,0,0,0,0,0,0,0,0,0,0,0,0,0,0,0,0,0,0,0,0,0,0,0,0,0,0,0,0,0,0,0,0,0,0,0,0,0,0,0,0,0,0,0,0,0,0,0,0,0,0,0,0,0,0,0,0,0,0,0,0,0,0,0,0,0,0,0
evreg5,5b.relative_year_bin_aux#1o.treat#1o.rice_prod_aclvl_ahigh,0,215.2555910543131,0,0,0,0,0,0,0,0,0,0,0,0,0,0,0,0,0,0,0,0,0,0,0,0,0,0,0,0,0,0,0,0,0,0,0,0,0,0,0,0,0,0,0,0,0,0,0,0,0,0,0,0,0,0,0,0,0,0,0,0,0,0,0,0,0,0,0,0,0,0,0,0,0,0,0,0,0,0,0,0,0,0,0,0,0,0,0,0,0,0,0,0,0,0,0,0,0,0,0,0,0
evreg5,6o.relative_year_bin_aux#0b.treat#0b.rice_prod_aclvl_ahigh,0,215.2555910543131,0,0,0,0,0,0,0,0,0,0,0,0,0,0,0,0,0,0,0,0,0,0,0,0,0,0,0,0,0,0,0,0,0,0,0,0,0,0,0,0,0,0,0,0,0,0,0,0,0,0,0,0,0,0,0,0,0,0,0,0,0,0,0,0,0,0,0,0,0,0,0,0,0,0,0,0,0,0,0,0,0,0,0,0,0,0,0,0,0,0,0,0,0,0,0,0,0,0,0,0,0
evreg5,6o.relative_year_bin_aux#0b.treat#1o.rice_prod_aclvl_ahigh,0,215.2555910543131,0,0,0,0,0,0,0,0,0,0,0,0,0,0,0,0,0,0,0,0,0,0,0,0,0,0,0,0,0,0,0,0,0,0,0,0,0,0,0,0,0,0,0,0,0,0,0,0,0,0,0,0,0,0,0,0,0,0,0,0,0,0,0,0,0,0,0,0,0,0,0,0,0,0,0,0,0,0,0,0,0,0,0,0,0,0,0,0,0,0,0,0,0,0,0,0,0,0,0,0,0
evreg5,6o.relative_year_bin_aux#1o.treat#0b.rice_prod_aclvl_ahigh,0,215.2555910543131,0,0,0,0,0,0,0,0,0,0,0,0,0,0,0,0,0,0,0,0,0,0,0,0,0,0,0,0,0,0,0,0,0,0,0,0,0,0,0,0,0,0,0,0,0,0,0,0,0,0,0,0,0,0,0,0,0,0,0,0,0,0,0,0,0,0,0,0,0,0,0,0,0,0,0,0,0,0,0,0,0,0,0,0,0,0,0,0,0,0,0,0,0,0,0,0,0,0,0,0,0
evreg5,6.relative_year_bin_aux#1.treat#1.rice_prod_aclvl_ahigh,13.5973780730844,215.2555910543131,0,0,0,0,0,0,0,0,0,0,0,0,0,-110.4938062189702,0,-76.4828013407749,0,-111.5536561852816,0,-123.2339589021614,0,0,0,-278.8537570112929,0,-136.0638631695545,0,-133.8423892655985,0,-127.2908079228399,0,-64.67592510465188,0,0,0,-448.1736099070221,0,-546.9507766886871,0,-586.4609243383887,0,-535.3725222682083,0,0,0,-915.9446921405829,0,-492.074252344401,0,-555.1616557109642,0,-679.4115667391834,0,-448.8983959970687,0,0,0,0,0,0,0,941.4810912361256,0,0,0,1060.501405971522,0,0,0,1376.200159181441,0,0,0,1169.833718160867,0,0,0,0,0,0,0,2164.41267064023,0,0,0,1118.685011456743,0,0,0,1230.482529537673,0,0,0,1591.027148714792,0,0,0,1001.348971230939,-.0169367957772589,-105.890657703552,186.6079264173029
evreg5,7o.relative_year_bin_aux#0b.treat#0b.rice_prod_aclvl_ahigh,0,215.2555910543131,0,0,0,0,0,0,0,0,0,0,0,0,0,0,0,0,0,0,0,0,0,0,0,0,0,0,0,0,0,0,0,0,0,0,0,0,0,0,0,0,0,0,0,0,0,0,0,0,0,0,0,0,0,0,0,0,0,0,0,0,0,0,0,0,0,0,0,0,0,0,0,0,0,0,0,0,0,0,0,0,0,0,0,0,0,0,0,0,0,0,0,0,0,0,0,0,0,0,0,0,0
evreg5,7o.relative_year_bin_aux#0b.treat#1o.rice_prod_aclvl_ahigh,0,215.2555910543131,0,0,0,0,0,0,0,0,0,0,0,0,0,0,0,0,0,0,0,0,0,0,0,0,0,0,0,0,0,0,0,0,0,0,0,0,0,0,0,0,0,0,0,0,0,0,0,0,0,0,0,0,0,0,0,0,0,0,0,0,0,0,0,0,0,0,0,0,0,0,0,0,0,0,0,0,0,0,0,0,0,0,0,0,0,0,0,0,0,0,0,0,0,0,0,0,0,0,0,0,0
evreg5,7o.relative_year_bin_aux#1o.treat#0b.rice_prod_aclvl_ahigh,0,215.2555910543131,0,0,0,0,0,0,0,0,0,0,0,0,0,0,0,0,0,0,0,0,0,0,0,0,0,0,0,0,0,0,0,0,0,0,0,0,0,0,0,0,0,0,0,0,0,0,0,0,0,0,0,0,0,0,0,0,0,0,0,0,0,0,0,0,0,0,0,0,0,0,0,0,0,0,0,0,0,0,0,0,0,0,0,0,0,0,0,0,0,0,0,0,0,0,0,0,0,0,0,0,0
evreg5,7.relative_year_bin_aux#1.treat#1.rice_prod_aclvl_ahigh,79.63132986892897,215.2555910543131,0,0,0,0,0,0,0,0,0,0,0,0,0,-112.6297401870323,0,-82.97970072012157,0,-120.6586260159518,0,-121.957583911573,0,0,0,-129.1625573228202,0,-332.0816280563657,0,-8.994953988764124,0,-87.36154491524098,0,-239.0207220038338,0,0,0,-433.9085814967319,0,-548.0024921969964,0,-570.3958542273857,0,-529.224552802037,0,0,0,-467.7534232386865,0,-963.1995684505005,0,-435.1983565977581,0,-360.838381417543,0,-616.0235306682116,0,0,0,0,0,0,0,903.9586601838075,0,0,0,1052.965722182352,0,0,0,1358.579927046516,0,0,0,1150.870580773083,0,0,0,0,0,0,0,1118.685011456743,0,0,0,2530.648337286965,0,0,0,1303.317541304959,0,0,0,808.2980895784369,0,0,0,1218.905157673847,.2020680471877851,-70.24572038038662,132.0765450387907
evreg5,8o.relative_year_bin_aux#0b.treat#0b.rice_prod_aclvl_ahigh,0,215.2555910543131,0,0,0,0,0,0,0,0,0,0,0,0,0,0,0,0,0,0,0,0,0,0,0,0,0,0,0,0,0,0,0,0,0,0,0,0,0,0,0,0,0,0,0,0,0,0,0,0,0,0,0,0,0,0,0,0,0,0,0,0,0,0,0,0,0,0,0,0,0,0,0,0,0,0,0,0,0,0,0,0,0,0,0,0,0,0,0,0,0,0,0,0,0,0,0,0,0,0,0,0,0
evreg5,8o.relative_year_bin_aux#0b.treat#1o.rice_prod_aclvl_ahigh,0,215.2555910543131,0,0,0,0,0,0,0,0,0,0,0,0,0,0,0,0,0,0,0,0,0,0,0,0,0,0,0,0,0,0,0,0,0,0,0,0,0,0,0,0,0,0,0,0,0,0,0,0,0,0,0,0,0,0,0,0,0,0,0,0,0,0,0,0,0,0,0,0,0,0,0,0,0,0,0,0,0,0,0,0,0,0,0,0,0,0,0,0,0,0,0,0,0,0,0,0,0,0,0,0,0
evreg5,8o.relative_year_bin_aux#1o.treat#0b.rice_prod_aclvl_ahigh,0,215.2555910543131,0,0,0,0,0,0,0,0,0,0,0,0,0,0,0,0,0,0,0,0,0,0,0,0,0,0,0,0,0,0,0,0,0,0,0,0,0,0,0,0,0,0,0,0,0,0,0,0,0,0,0,0,0,0,0,0,0,0,0,0,0,0,0,0,0,0,0,0,0,0,0,0,0,0,0,0,0,0,0,0,0,0,0,0,0,0,0,0,0,0,0,0,0,0,0,0,0,0,0,0,0
evreg5,8.relative_year_bin_aux#1.treat#1.rice_prod_aclvl_ahigh,8.122856834639453,215.2555910543131,0,0,0,0,0,0,0,0,0,0,0,0,0,-110.4721223156766,0,-89.86539187475329,0,-123.3366587239892,0,-117.9112263421107,0,0,0,-133.6399197313054,0,-18.53688216430301,0,-354.9165723472049,0,-219.2061478196393,0,-20.47982062600549,0,0,0,-428.2211585468842,0,-553.6379422128053,0,-572.9305718366404,0,-536.811153290458,0,0,0,-543.9829959349079,0,-450.1556200812307,0,-1062.686768681594,0,-664.6443272892889,0,-506.9987859897446,0,0,0,0,0,0,0,876.7280252986657,0,0,0,1059.390345152973,0,0,0,1343.298644015834,0,0,0,1130.224855961698,0,0,0,0,0,0,0,1230.482529537673,0,0,0,1303.317541304959,0,0,0,2363.565847273154,0,0,0,1175.734051440374,0,0,0,1095.919273770419,.6013512717420144,-73.53636627520828,151.5056059517989
evreg5,9o.relative_year_bin_aux#0b.treat#0b.rice_prod_aclvl_ahigh,0,215.2555910543131,0,0,0,0,0,0,0,0,0,0,0,0,0,0,0,0,0,0,0,0,0,0,0,0,0,0,0,0,0,0,0,0,0,0,0,0,0,0,0,0,0,0,0,0,0,0,0,0,0,0,0,0,0,0,0,0,0,0,0,0,0,0,0,0,0,0,0,0,0,0,0,0,0,0,0,0,0,0,0,0,0,0,0,0,0,0,0,0,0,0,0,0,0,0,0,0,0,0,0,0,0
evreg5,9o.relative_year_bin_aux#0b.treat#1o.rice_prod_aclvl_ahigh,0,215.2555910543131,0,0,0,0,0,0,0,0,0,0,0,0,0,0,0,0,0,0,0,0,0,0,0,0,0,0,0,0,0,0,0,0,0,0,0,0,0,0,0,0,0,0,0,0,0,0,0,0,0,0,0,0,0,0,0,0,0,0,0,0,0,0,0,0,0,0,0,0,0,0,0,0,0,0,0,0,0,0,0,0,0,0,0,0,0,0,0,0,0,0,0,0,0,0,0,0,0,0,0,0,0
evreg5,9o.relative_year_bin_aux#1o.treat#0b.rice_prod_aclvl_ahigh,0,215.2555910543131,0,0,0,0,0,0,0,0,0,0,0,0,0,0,0,0,0,0,0,0,0,0,0,0,0,0,0,0,0,0,0,0,0,0,0,0,0,0,0,0,0,0,0,0,0,0,0,0,0,0,0,0,0,0,0,0,0,0,0,0,0,0,0,0,0,0,0,0,0,0,0,0,0,0,0,0,0,0,0,0,0,0,0,0,0,0,0,0,0,0,0,0,0,0,0,0,0,0,0,0,0
evreg5,9.relative_year_bin_aux#1.treat#1.rice_prod_aclvl_ahigh,69.72027265210862,215.2555910543131,0,0,0,0,0,0,0,0,0,0,0,0,0,-120.2007297774479,0,-84.30870860211212,0,-127.1284649784346,0,-108.8657972228888,0,0,0,-133.9933694926027,0,-90.23393549497777,0,-225.248869230564,0,-390.9218267464288,0,-45.48456225267869,0,0,0,-409.2651748555415,0,-535.8240504180078,0,-570.1291764258092,0,-518.7250400771011,0,0,0,-678.191768996129,0,-364.6227805233323,0,-664.8910124907417,0,-1436.479005713343,0,-365.2370070954855,0,0,0,0,0,0,0,877.4213443939587,0,0,0,1065.406597227928,0,0,0,1338.15745130754,0,0,0,1113.727723157497,0,0,0,0,0,0,0,1591.027148714792,0,0,0,808.2980895784369,0,0,0,1175.734051440374,0,0,0,3289.040507108626,0,0,0,766.721247704731,-1.100848374400526,-190.2652060659785,299.3218937017872
evreg5,10o.relative_year_bin_aux#0b.treat#0b.rice_prod_aclvl_ahigh,0,215.2555910543131,0,0,0,0,0,0,0,0,0,0,0,0,0,0,0,0,0,0,0,0,0,0,0,0,0,0,0,0,0,0,0,0,0,0,0,0,0,0,0,0,0,0,0,0,0,0,0,0,0,0,0,0,0,0,0,0,0,0,0,0,0,0,0,0,0,0,0,0,0,0,0,0,0,0,0,0,0,0,0,0,0,0,0,0,0,0,0,0,0,0,0,0,0,0,0,0,0,0,0,0,0
evreg5,10o.relative_year_bin_aux#0b.treat#1o.rice_prod_aclvl_ahigh,0,215.2555910543131,0,0,0,0,0,0,0,0,0,0,0,0,0,0,0,0,0,0,0,0,0,0,0,0,0,0,0,0,0,0,0,0,0,0,0,0,0,0,0,0,0,0,0,0,0,0,0,0,0,0,0,0,0,0,0,0,0,0,0,0,0,0,0,0,0,0,0,0,0,0,0,0,0,0,0,0,0,0,0,0,0,0,0,0,0,0,0,0,0,0,0,0,0,0,0,0,0,0,0,0,0
evreg5,10o.relative_year_bin_aux#1o.treat#0b.rice_prod_aclvl_ahigh,0,215.2555910543131,0,0,0,0,0,0,0,0,0,0,0,0,0,0,0,0,0,0,0,0,0,0,0,0,0,0,0,0,0,0,0,0,0,0,0,0,0,0,0,0,0,0,0,0,0,0,0,0,0,0,0,0,0,0,0,0,0,0,0,0,0,0,0,0,0,0,0,0,0,0,0,0,0,0,0,0,0,0,0,0,0,0,0,0,0,0,0,0,0,0,0,0,0,0,0,0,0,0,0,0,0
evreg5,10.relative_year_bin_aux#1.treat#1.rice_prod_aclvl_ahigh,11.86060655384222,215.2555910543131,0,0,0,0,0,0,0,0,0,0,0,0,0,-91.33907201425663,0,-77.07105368469516,0,-118.3490032148925,0,-115.3414523415314,0,0,0,-60.78806448386303,0,-240.4439569956385,0,-5.165498069060673,0,-35.49411487652041,0,-573.383013808859,0,0,0,-413.5409451313432,0,-556.1088093566748,0,-583.5732955139351,0,-545.8977529504464,0,0,0,-443.4325893935573,0,-622.1468845769531,0,-502.7795287083313,0,-375.867258536829,0,-1165.085978024323,0,0,0,0,0,0,0,841.7261309361552,0,0,0,1066.700426783886,0,0,0,1334.284845619238,0,0,0,1114.44536262947,0,0,0,0,0,0,0,1001.348971230939,0,0,0,1218.905157673847,0,0,0,1095.919273770419,0,0,0,766.721247704731,0,0,0,2842.823138733262,.7560857116801349,-95.37604571230329,178.709492333055
evreg5,wind_direction,-.9836770417048148,215.2555910543131,0,0,0,0,0,0,0,0,0,0,0,0,0,.1154572014217135,0,-.0422492731537969,0,-.0182012367578129,0,-.1446352270731454,0,0,0,.0261239218584431,0,-.0274079443874182,0,.1275991777027123,0,.1610233104366068,0,-.0759954481649863,0,0,0,-.1378596550633457,0,-.8995494704263457,0,-.662327844018173,0,-.4198360013134715,0,0,0,-.0797353291862659,0,-.2127119748524793,0,-.2609641060267558,0,.0930277576121841,0,-.3262917959987456,0,0,0,0,0,0,0,-.0418130596047751,0,0,0,1.5670028707505,0,0,0,1.163756594882293,0,0,0,.5320205957453557,0,0,0,0,0,0,0,-.0169367957772589,0,0,0,.2020680471877851,0,0,0,.6013512717420144,0,0,0,-1.100848374400526,0,0,0,.7560857116801349,.0112244349962962,-.4850211389970559,.7740451325003521
evreg5,av_wind_speed,94.65021588990295,215.2555910543131,0,0,0,0,0,0,0,0,0,0,0,0,0,1.872719029166961,0,17.86006883047414,0,30.88306441526571,0,-10.06850634972587,0,0,0,2.824747799731633,0,41.49143247877171,0,12.15181877951728,0,12.24114611632537,0,48.73883201052829,0,0,0,114.193603141291,0,119.8992840184913,0,127.3304446478874,0,78.61282920474503,0,0,0,72.87530727267287,0,55.53648765263914,0,64.58155293441335,0,115.4822052952817,0,69.36958856520863,0,0,0,0,0,0,0,-164.4974642766243,0,0,0,-223.627513955412,0,0,0,-163.073520132847,0,0,0,-53.11871362997528,0,0,0,0,0,0,0,-105.890657703552,0,0,0,-70.24572038038662,0,0,0,-73.53636627520828,0,0,0,-190.2652060659785,0,0,0,-95.37604571230329,-.4850211389970559,245.9138968807092,-346.1924355287588
evreg5,_cons,34.38296728439256,215.2555910543131,0,0,0,0,0,0,0,0,0,0,0,0,0,-50.37274569772352,0,-63.50525222328957,0,-86.966991453341,0,-42.43267741718383,0,0,0,-50.59563253351956,0,-99.65308563287756,0,-61.13211691388955,0,-63.97613786273023,0,-113.7627658281889,0,0,0,-207.6383889180275,0,-219.684616059115,0,-249.8683068235605,0,-192.6178759117655,0,0,0,-172.8207182948632,0,-147.8006867434252,0,-166.7344738553813,0,-233.4762149747521,0,-166.4138089853755,0,0,0,0,0,0,0,266.4846898713326,0,0,0,362.8733763369682,0,0,0,264.2417917607061,0,0,0,133.2856634740432,0,0,0,0,0,0,0,186.6079264173029,0,0,0,132.0765450387907,0,0,0,151.5056059517989,0,0,0,299.3218937017872,0,0,0,178.709492333055,.7740451325003521,-346.1924355287588,530.635177681234
