reg,var,beta,ymean,cov1,cov2,cov3,cov4,cov5,cov6,cov7,cov8,cov9,cov10,cov11,cov12,cov13,cov14,cov15,cov16,cov17,cov18,cov19,cov20,cov21,cov22,cov23,cov24,cov25,cov26,cov27,cov28,cov29,cov30,cov31,cov32,cov33,cov34,cov35,cov36,cov37,cov38,cov39,cov40,cov41
evreg1,1bn.relative_year_bin_aux,-147.0818384485729,439.5555615837712,708.7663814986099,610.1842520097827,508.1191507208505,407.0216828774326,300.1617262904497,200.1994110706266,98.7624556608277,-106.943020354791,-205.7481873605396,0,.025479614459143,-6.859184068555243,-18.60917477167411,-5.016313301698439,-20.48226087323468,-6.638419520725371,-40.10300346013359,-11.1144610684722,-14.47794497697754,-32.60252295585688,-93.64466431447467,,,,,,,,,,,,,,,,,,,,
evreg1,2.relative_year_bin_aux,-141.3901600146731,439.5555615837712,610.1842520097827,525.7921250492856,437.7028568664597,350.7307082271714,258.40439489134,172.4386060781082,85.13781729959132,-91.98633348511393,-176.9408356855946,0,.0231845683419002,-5.989119862976096,-16.07683326073042,-4.037580408527115,-17.83548782682519,-5.504211459893366,-35.06260290206168,-9.440060675959634,-12.17193696681307,-28.12589528495069,-80.46982442091553,,,,,,,,,,,,,,,,,,,,
evreg1,3.relative_year_bin_aux,-118.1808109151509,439.5555615837712,508.1191507208505,437.7028568664597,364.9366314570321,292.0887884692614,215.2774723569581,143.6646257566196,71.02979001325642,-76.52134150017557,-147.2571295769066,0,.0205377958966618,-5.006478315207666,-13.35515407713307,-3.611783253130242,-14.61487751538917,-4.663233888727469,-29.23635173839692,-8.05823569538787,-10.23785003833721,-23.63571900541128,-67.28497698649149,,,,,,,,,,,,,,,,,,,,
evreg1,4.relative_year_bin_aux,-74.13857634082083,439.5555615837712,407.0216828774326,350.7307082271714,292.0887884692614,234.8220828220154,172.4941790152793,115.1373663890751,57.04067913633325,-61.29766565376387,-117.86153888283,0,.0146350896230832,-4.076588258834275,-10.9409260025656,-2.675788513214029,-11.97799921683199,-3.177539075866711,-23.65361427208324,-6.408111318218553,-7.997343124971231,-19.04772196863905,-53.87928234787633,,,,,,,,,,,,,,,,,,,,
evreg1,5.relative_year_bin_aux,-55.76733339775298,439.5555615837712,300.1617262904497,258.40439489134,215.2774723569581,172.4941790152793,127.9818668125422,85.15558151667641,42.11405392746552,-45.31653823598938,-87.68815020575015,0,.0105563335557728,-2.991582158631125,-9.003391573044704,-3.373615491342226,-9.20553852058066,-3.799553429078777,-15.21773591699131,-5.447425802810205,-6.849361639538212,-14.5780619041854,-41.88167175899187,,,,,,,,,,,,,,,,,,,,
evreg1,6.relative_year_bin_aux,-34.09978759269165,439.5555615837712,200.1994110706266,172.4386060781082,143.6646257566196,115.1373663890751,85.15558151667641,57.11671665292139,28.31337917066742,-29.88682640533222,-58.00065310192173,0,.0072156394050953,-1.969100331094166,-5.510073715331608,-1.613925052542264,-5.868881571267704,-2.057341363088737,-10.93071147520035,-3.307364998990395,-4.266094513185486,-9.630576270508318,-27.15902532324218,,,,,,,,,,,,,,,,,,,,
evreg1,7.relative_year_bin_aux,-25.43045279706004,439.5555615837712,98.7624556608277,85.13781729959132,71.02979001325642,57.04067913633325,42.11405392746552,28.31337917066742,14.69799724444243,-14.45806003176226,-27.94824246942265,0,.004899229091033,-1.094022081367424,-2.543244168987636,-.5463394757104274,-2.607974157100378,-.6505766939129513,-5.407672235962595,-1.452710409683422,-1.473608582449369,-4.868095458360127,-12.41522399436791,,,,,,,,,,,,,,,,,,,,
evreg1,9.relative_year_bin_aux,40.38450314504166,439.5555615837712,-106.943020354791,-91.98633348511393,-76.52134150017557,-61.29766565376387,-45.31653823598938,-29.88682640533222,-14.45806003176226,17.74191528206694,32.58044629357519,0,-.0056947435446003,1.184463680302674,3.384909130449662,1.301398589696302,3.084049926455974,1.187038975686955,4.728098578834023,1.907282770305646,2.559723086350052,4.727410906158848,15.83539386180043,,,,,,,,,,,,,,,,,,,,
evreg1,10.relative_year_bin_aux,43.68030386362039,439.5555615837712,-205.7481873605396,-176.9408356855946,-147.2571295769066,-117.86153888283,-87.68815020575015,-58.00065310192173,-27.94824246942265,32.58044629357519,65.79378509670406,0,-.010726453397495,2.093076046683326,9.823314921314678,5.614331028691418,8.695279286578875,4.884648720345004,9.92443352563024,6.316205201017263,9.284065909805294,11.55337657273913,39.19048577101499,,,,,,,,,,,,,,,,,,,,
evreg1,1o.treat,0,439.5555615837712,0,0,0,0,0,0,0,0,0,0,0,0,0,0,0,0,0,0,0,0,0,,,,,,,,,,,,,,,,,,,,
evreg1,wind_direction,-.6359347358861296,439.5555615837712,.025479614459143,.0231845683419002,.0205377958966618,.0146350896230832,.0105563335557728,.0072156394050953,.004899229091033,-.0056947435446003,-.010726453397495,0,.0000730399244716,-.0021546796610174,-.0041201629851473,-.0016668652099582,.0014649138760147,.0000598897712428,-.0025101606571255,-.0013244666718446,-.0010220604731018,-.0045555869076898,-.0187723255968716,,,,,,,,,,,,,,,,,,,,
evreg1,av_wind_speed,64.27281049000403,439.5555615837712,-6.859184068555243,-5.989119862976096,-5.006478315207666,-4.076588258834275,-2.991582158631125,-1.969100331094166,-1.094022081367424,1.184463680302674,2.093076046683326,0,-.0021546796610174,1.580937431012711,.9197979072477709,.6460319289452688,.620625597219271,.4372173838533497,.5723789033384622,.4593561317280247,.3836607489012486,.8178490763328761,2.851770450859881,,,,,,,,,,,,,,,,,,,,
evreg1,1bn.relative_year_bin_aux#1.treat,61.90701582074584,439.5555615837712,-18.60917477167411,-16.07683326073042,-13.35515407713307,-10.9409260025656,-9.003391573044704,-5.510073715331608,-2.543244168987636,3.384909130449662,9.823314921314678,0,-.0041201629851473,.9197979072477709,124.3939611301452,86.78115247341162,97.77459822744726,81.44961846531676,51.58839530373197,63.00444997850973,70.05493490054046,58.5666008703968,164.2467085859133,,,,,,,,,,,,,,,,,,,,
evreg1,2.relative_year_bin_aux#1.treat,31.54606521467452,439.5555615837712,-5.016313301698439,-4.037580408527115,-3.611783253130242,-2.675788513214029,-3.373615491342226,-1.613925052542264,-.5463394757104274,1.301398589696302,5.614331028691418,0,-.0016668652099582,.6460319289452688,86.78115247341162,124.0800520058232,88.11409559583893,103.442281488914,22.16009327885748,62.51887986418224,68.92596527469424,56.94665675870857,162.1443083898822,,,,,,,,,,,,,,,,,,,,
evreg1,3.relative_year_bin_aux#1.treat,3.337181561519387,439.5555615837712,-20.48226087323468,-17.83548782682519,-14.61487751538917,-11.97799921683199,-9.20553852058066,-5.868881571267704,-2.607974157100378,3.084049926455974,8.695279286578875,0,.0014649138760147,.620625597219271,97.77459822744726,88.11409559583893,118.1225054782896,76.76958702829,57.54460469446126,61.04224337401293,68.91427442069072,56.44629515037636,155.8665719560121,,,,,,,,,,,,,,,,,,,,
evreg1,4.relative_year_bin_aux#1.treat,33.68963293876303,439.5555615837712,-6.638419520725371,-5.504211459893366,-4.663233888727469,-3.177539075866711,-3.799553429078777,-2.057341363088737,-.6505766939129513,1.187038975686955,4.884648720345004,0,.0000598897712428,.4372173838533497,81.44961846531676,103.442281488914,76.76958702829,153.397955867212,18.27993999691435,64.45342985980417,79.28777028787481,46.78168681182947,161.9340057171164,,,,,,,,,,,,,,,,,,,,
evreg1,5.relative_year_bin_aux#1.treat,54.14075075137248,439.5555615837712,-40.10300346013359,-35.06260290206168,-29.23635173839692,-23.65361427208324,-15.21773591699131,-10.93071147520035,-5.407672235962595,4.728098578834023,9.92443352563024,0,-.0025101606571255,.5723789033384622,51.58839530373197,22.16009327885748,57.54460469446126,18.27993999691435,180.9898775102028,32.7428493766529,39.48811968937747,5.93536134221378,19.27740241488705,,,,,,,,,,,,,,,,,,,,
evreg1,6.relative_year_bin_aux#1.treat,5.32730334583399,439.5555615837712,-11.1144610684722,-9.440060675959634,-8.05823569538787,-6.408111318218553,-5.447425802810205,-3.307364998990395,-1.452710409683422,1.907282770305646,6.316205201017263,0,-.0013244666718446,.4593561317280247,63.00444997850973,62.51887986418224,61.04224337401293,64.45342985980417,32.7428493766529,72.92051981916326,60.96464148236976,41.11414472298093,110.1213791812814,,,,,,,,,,,,,,,,,,,,
evreg1,7.relative_year_bin_aux#1.treat,1.012594834853729,439.5555615837712,-14.47794497697754,-12.17193696681307,-10.23785003833721,-7.997343124971231,-6.849361639538212,-4.266094513185486,-1.473608582449369,2.559723086350052,9.284065909805294,0,-.0010220604731018,.3836607489012486,70.05493490054046,68.92596527469424,68.91427442069072,79.28777028787481,39.48811968937747,60.96464148236976,113.5248788179597,34.64157436728661,160.869274036764,,,,,,,,,,,,,,,,,,,,
evreg1,9.relative_year_bin_aux#1.treat,60.32876641858306,439.5555615837712,-32.60252295585688,-28.12589528495069,-23.63571900541128,-19.04772196863905,-14.5780619041854,-9.630576270508318,-4.868095458360127,4.727410906158848,11.55337657273913,0,-.0045555869076898,.8178490763328761,58.5666008703968,56.94665675870857,56.44629515037636,46.78168681182947,5.93536134221378,41.11414472298093,34.64157436728661,97.53722081864464,141.3562540959406,,,,,,,,,,,,,,,,,,,,
evreg1,10.relative_year_bin_aux#1.treat,111.2847232977293,439.5555615837712,-93.64466431447467,-80.46982442091553,-67.28497698649149,-53.87928234787633,-41.88167175899187,-27.15902532324218,-12.41522399436791,15.83539386180043,39.19048577101499,0,-.0187723255968716,2.851770450859881,164.2467085859133,162.1443083898822,155.8665719560121,161.9340057171164,19.27740241488705,110.1213791812814,160.869274036764,141.3562540959406,616.743028644212,,,,,,,,,,,,,,,,,,,,
evreg2,1bn.relative_year_bin_aux,-147.1515298683323,439.5555615837712,709.6928002005034,610.8715961902525,508.711082690794,407.5988809918998,300.5606710625084,200.6003421394147,98.96811567871755,-106.4980432119447,-204.9323757762623,0,.0536969403377947,.0251037240420485,-6.869735300264115,-12.50036604847812,.4891010747854493,-15.36349855166811,-4.426901597295711,-34.2880663735155,-5.6909252186317,-16.63031864216664,-32.53057017247318,-94.71600570995793,-1.345825466943399,-.9346176759649555,-.7777231224263986,-.9126956466297259,-.618531581758942,-.6420497469125468,-.3684303670510846,-.9708830389906629,-1.794672568654344,1.867487250552995,-12.45411603829564,-11.23707245854159,-10.71842040706249,-4.724178998052011,-12.05303961538502,-11.0016167289151,4.002148696314972,-.1485415549439946,1.577033805115212
evreg2,2.relative_year_bin_aux,-141.2115473275011,439.5555615837712,610.8715961902525,526.4248687636741,438.2182692789945,351.2357560262432,258.7653156457524,172.7826262114299,85.30424002140039,-91.58239646781324,-176.2005161402428,0,.0583404261908186,.0228116922117311,-6.003282723882116,-10.88343718188917,.5937651885335524,-13.51036050904894,-3.812230241495893,-30.11945228982676,-4.759927684826291,-14.03872734174553,-28.0160258871819,-81.31163614847449,-1.09258839018769,-1.021499448275154,-.8104684046828924,-.9147821645704468,-.6046402377681839,-.5769881726785913,-.3254276220619793,-.8448286175392994,-1.553806157906998,1.672281658638572,-10.6128069021027,-9.638191105266042,-9.090528330052155,-3.818624768731616,-10.37636711735692,-9.464815956425459,3.459020098157399,-.1861960038837484,1.186739199410876
evreg2,3.relative_year_bin_aux,-118.4784873449181,439.5555615837712,508.711082690794,438.2182692789945,365.4208405652823,292.5495142180117,215.6222499416204,143.9752283023951,71.19675063815575,-76.19466700718738,-146.641210552671,0,.0706787126882737,.0202088312444069,-5.012394081012457,-9.371110865611309,.0193310569360605,-11.26673499509877,-3.549711956111265,-25.12193702023185,-4.105504321030161,-11.78556730086509,-23.54555964725277,-68.0204113617645,-.943555048629355,-.8232471367224491,-.8736248847258898,-.822877605135226,-.5859046900285023,-.5197874261038012,-.3078351083652686,-.7109503961113017,-1.311400032154398,1.366743253962357,-8.129620358331563,-7.462490749951262,-6.863101557683078,-2.725306289089485,-8.512425195825125,-7.933632533487215,2.81890090109205,-.1411353151688824,1.007942669581213
evreg2,4.relative_year_bin_aux,-74.36590077821756,439.5555615837712,407.5988809918998,351.2357560262432,292.5495142180117,235.3061256263507,172.8422682678709,115.4540277845154,57.18737314565268,-61.05713929423957,-117.4150539174729,0,.0782509775818926,.0143480237494105,-4.085213794141631,-7.465065671207133,.4454058885974653,-9.083378996655956,-2.200396415134344,-20.36925587651516,-3.246435945814677,-9.255656347501199,-18.89353246669148,-54.34948963955122,-.7588051771238992,-.6818461228186985,-.682861984937097,-.9053529673455085,-.5147300873344375,-.4712853173377307,-.2718527613605112,-.5801363210542256,-1.067338586389461,1.178303621126929,-6.996047858679402,-6.426400492929353,-6.089399290744758,-2.179167065215925,-6.907294669353403,-6.335534576896689,2.266971814201155,-.2650771789159675,.5294625869030359
evreg2,5.relative_year_bin_aux,-55.06663668113277,439.5555615837712,300.5606710625084,258.7653156457524,215.6222499416204,172.8422682678709,128.3103575075,85.41235414879564,42.29238468070906,-45.08308858059389,-87.31553753470203,0,.0666820363271277,.0103330490127625,-2.996890495684442,-6.725265772574392,-1.214733653090371,-7.289533989163439,-3.058402113182789,-13.24946157972844,-3.191521964448664,-7.964273103847491,-14.56982535215715,-42.04989192811986,-.4576392414516757,-.4148797306315616,-.4602035297412245,-.5130300666451936,-.5576767972573992,-.4316567331683575,-.2685030865798231,-.5393747118004724,-.8304752110916916,1.084386836928354,-4.799850871335441,-4.428373544623565,-4.048589551695971,-1.712713291623365,-4.2224338355852,-4.67323690390606,2.004761302812619,-.0037932696183161,-.0524581973399676
evreg2,6.relative_year_bin_aux,-34.60504995212464,439.5555615837712,200.6003421394147,172.7826262114299,143.9752283023951,115.4540277845154,85.41235414879564,57.38621714515634,28.46789710726714,-29.75264284063766,-57.74686385060409,0,.1483106887488536,.0070268543497827,-1.970622513965716,-3.620637481866517,.1022017162383295,-4.204019251649266,-1.241926339459615,-9.257939700915056,-1.902701556847888,-5.138475419321495,-9.627373050119949,-27.63745692017295,-.3834058766235928,-.3497988328906482,-.3713444895924634,-.4594616758957368,-.3441014088457598,-.4495417820445002,-.2863456999939586,-.441970046594057,-.7361384411469124,.94505547728052,-3.892185793014652,-3.563317121881632,-3.469893446142677,-1.726943412344137,-3.48313587281871,-2.838319686766135,1.551969093770146,.1517571637492997,.6351749339542753
evreg2,7.relative_year_bin_aux,-25.00111594920551,439.5555615837712,98.96811567871755,85.30424002140039,71.19675063815575,57.18737314565268,42.29238468070906,28.46789710726714,14.87480455432507,-14.32848157344332,-27.81775335826589,0,.1794211389782304,.0047220259960511,-1.100353265272172,-1.692830053881724,.2306400127051084,-1.878439651379714,-.3166689967964437,-4.668038432037651,-.8179714661239262,-2.17177743970771,-4.904116319535563,-12.80020296454488,-.2950481763555242,-.2579204015683494,-.2756153004525072,-.3072169487008593,-.301767221857327,-.2646174050255759,-.3618129849683458,-.3252480774313049,-.4795040157789855,.3668981962216484,-1.7863495028241,-1.637774991698146,-1.55592588157992,-.7090549089335749,-1.517755365465029,-1.258946530280681,1.076794353293595,.1140283645289116,.5086331777564476
evreg2,9.relative_year_bin_aux,40.46340145739718,439.5555615837712,-106.4980432119447,-91.58239646781324,-76.19466700718738,-61.05713929423957,-45.08308858059389,-29.75264284063766,-14.32848157344332,17.78099341380539,32.50995861617586,0,.2083461538221753,-.0057595887532322,1.180692113488277,2.681334455299558,.6598098599166774,2.496711099691974,1.0762056851423,3.89651155215048,1.074531242795479,2.700027450613216,4.512628359020735,15.68919381259006,-.0910966520454661,-.1355082749724532,-.1197017123644228,-.0559803741056966,-.0932533714558698,-.0288582459062504,-.133993325166097,-.3034667536995898,-.0940019037396249,-.0468982783317686,1.644054015127915,1.535494755538901,1.451185116140527,.467417676421315,1.806766267058167,1.874585192894816,-.3778440042319269,.7549841028207608,.6541517376257064
evreg2,10.relative_year_bin_aux,45.20075030499631,439.5555615837712,-204.9323757762623,-176.2005161402428,-146.641210552671,-117.4150539174729,-87.31553753470203,-57.74686385060409,-27.81775335826589,32.50995861617586,65.60841403580633,0,.4449147924402954,-.0112209334615558,2.075473597479938,8.039018424063199,3.917024185447007,7.014910919774855,4.086125016504321,8.263365458006998,4.412661467263956,9.959852005738476,11.6114051271765,38.88042346841972,-.160792445837621,-.2532541956535161,-.2513605331234368,-.142292031557105,-.0787485512721532,-.0181950951499774,-.109559163971633,-.0741721636565042,-.4518364633126185,-.4265827584854768,3.454168089102321,3.262415656683313,3.238358112689192,1.402323204192792,3.280940526646753,3.739930751146516,-2.046565899360397,-.0923000548467379,.4623820798192612
evreg2,1o.treat,0,439.5555615837712,0,0,0,0,0,0,0,0,0,0,0,0,0,0,0,0,0,0,0,0,0,0,0,0,0,0,0,0,0,0,0,0,0,0,0,0,0,0,0,0,0
evreg2,1.downup_ac,7.324716531993197,439.5555615837712,.0536969403377947,.0583404261908186,.0706787126882737,.0782509775818926,.0666820363271277,.1483106887488536,.1794211389782304,.2083461538221753,.4449147924402954,0,.8808076219526462,-.0017816429542207,-.0148938733026852,-1.155449162431318,-1.202877121999103,-1.287091245549691,-1.178371636208392,-.7263679341785299,-.2027151020010084,-.8583534454769255,-.0389612441129356,-1.257360467361994,-.7476739018493913,-.7474009493395497,-.745397862155239,-.6878164018312124,-.4493019141384913,-.4374660492145694,-.5143615637108901,-.3564466397663108,-.7327009542725323,-2.762225863649395,2.132952988759739,2.132378751722932,2.179971134482424,1.812440051974055,1.052290295716797,.6873511547421667,1.13041808991786,.0896525622018825,1.641052078590469
evreg2,wind_direction,-.6361522642025524,439.5555615837712,.0251037240420485,.0228116922117311,.0202088312444069,.0143480237494105,.0103330490127625,.0070268543497827,.0047220259960511,-.0057595887532322,-.0112209334615558,0,-.0017816429542207,.0000730738427246,-.0021461862870168,-.0009807828463989,.0007982195509061,.004231035234049,.0014609938036684,.0004967975397083,.0002777427944157,.0000426814568935,-.0038965799916496,-.0157099044360748,.0007989826269723,.0007875087751094,.0006947494840053,.0006036700874139,.0004642928801028,.0003849575847981,.000355041952975,.0001170481107182,.0009506131325751,.0099638196724541,-.0063151046665002,-.0049341278234038,-.0055781596928476,-.0027972779038227,-.0060672162378862,-.0032235476365614,-.0021436904077804,-.0012990304389464,-.0061555307416922
evreg2,av_wind_speed,64.22495582760189,439.5555615837712,-6.869735300264115,-6.003282723882116,-5.012394081012457,-4.085213794141631,-2.996890495684442,-1.970622513965716,-1.100353265272172,1.180692113488277,2.075473597479938,0,-.0148938733026852,-.0021461862870168,1.579577258855256,.9797893645197492,.6828781121265315,.6289448060206257,.4640890171623982,.565657845128411,.5285820429920474,.5858547526083088,.9396029376740441,2.641142325246133,.0267771337753322,.0333309803801983,.0161717849613066,.020478669328163,.013299410964192,.004569645759363,.0132942687068433,.0064475154712257,.0324272981399256,-.599217702546908,-.1163252669104949,-.0708923607226773,-.0076930135665439,-.0505885552589958,.0225066944236429,-.1359983110154863,-.4060354009682801,-.2452854958173204,.4372747340724237
evreg2,1bn.relative_year_bin_aux#1.treat,52.21980865099295,439.5555615837712,-12.50036604847812,-10.88343718188917,-9.371110865611309,-7.465065671207133,-6.725265772574392,-3.620637481866517,-1.692830053881724,2.681334455299558,8.039018424063199,0,-1.155449162431318,-.0009807828463989,.9797893645197492,388.8226628064477,327.6743015483299,327.92311027882,332.1719480239079,153.6565858872478,125.3004624516494,139.9890713036611,93.47921518506509,280.6592518090505,1.784118334016413,1.821511900437165,1.835233454861161,1.491536205549878,1.068951463025416,.245251088962207,.505197714249795,-.2057503679781544,.781072211549526,310.4634014919202,-516.2722527199937,-458.2408806274374,-447.2548121893764,-454.705981979877,-205.2346067694605,-98.61219814646681,-111.4201141875061,-40.58359187424431,-187.033881073993
evreg2,2.relative_year_bin_aux#1.treat,24.17412640832349,439.5555615837712,.4891010747854493,.5937651885335524,.0193310569360605,.4454058885974653,-1.214733653090371,.1022017162383295,.2306400127051084,.6598098599166774,3.917024185447007,0,-1.202877121999103,.0007982195509061,.6828781121265315,327.6743015483299,405.4814620425819,321.9602685715756,374.766104224884,116.7780470159198,126.2836084428619,137.9510071593764,91.65000571341191,277.7408772394562,1.898729035277987,2.190267513265778,1.822106571898431,1.746340148495262,.6967116735051108,.2252371123505427,.5288908185763488,-.2254027617798171,.8044438624878667,309.9411616574326,-471.408167568448,-531.8458834631666,-459.3813681475544,-491.5981905629376,-186.0384637286721,-101.3054187674532,-109.6686064469889,-40.06571330421537,-186.7747659087154
evreg2,3.relative_year_bin_aux#1.treat,-13.25109729339559,439.5555615837712,-15.36349855166811,-13.51036050904894,-11.26673499509877,-9.083378996655956,-7.289533989163439,-4.204019251649266,-1.878439651379714,2.496711099691974,7.014910919774855,0,-1.287091245549691,.004231035234049,.6289448060206257,327.92311027882,321.9602685715756,352.5690876299903,321.046608208547,166.9677653029204,126.6315497857146,140.1863305288027,91.35939648909883,272.5204513323566,1.965761793086659,1.823666618778351,1.85194706011326,1.577847098225714,.9831598648556039,.1887720580534285,.4989045500619612,-.2393337047873735,.7953098948669395,311.9091081189437,-443.6320045523808,-446.2116634595424,-464.6416834452878,-446.4990955056854,-216.2983127006281,-105.6203674348631,-113.6431405875304,-40.39147788607652,-187.8267432181259
evreg2,4.relative_year_bin_aux#1.treat,28.77678647029521,439.5555615837712,-4.426901597295711,-3.812230241495893,-3.549711956111265,-2.200396415134344,-3.058402113182789,-1.241926339459615,-.3166689967964437,1.0762056851423,4.086125016504321,0,-1.178371636208392,.0014609938036684,.4640890171623982,332.1719480239079,374.766104224884,321.046608208547,450.5503590149563,121.9761778364279,131.6448428632816,149.573838592647,81.18606850381509,277.0482192348264,1.899423162954189,2.025415644696812,2.089638158289565,2.06192610639997,.8625734939811145,.2137310085478539,.4418225197708553,-.2749112032238164,.6939923276837306,300.0822159563152,-489.6885596798244,-517.4457819706895,-485.0193934139361,-555.8043718246831,-202.0273600715644,-110.7152392038003,-114.4268280575555,-40.14672009152667,-185.2381771450148
evreg2,5.relative_year_bin_aux#1.treat,38.13481292064478,439.5555615837712,-34.2880663735155,-30.11945228982676,-25.12193702023185,-20.36925587651516,-13.24946157972844,-9.257939700915056,-4.668038432037651,3.89651155215048,8.263365458006998,0,-.7263679341785299,.0004967975397083,.565657845128411,153.6565858872478,116.7780470159198,166.9677653029204,121.9761778364279,283.9458239447737,76.90139576835558,75.87725161058883,16.47009828209917,68.582876805721,1.091760304059041,1.012067959207972,1.018299247083372,.9003475946484645,1.34778355525735,.2572202209690899,.2562727039440982,.0101277289589706,.3132739209755362,172.620878691865,-213.2379447418874,-191.9301257094987,-226.5433734212908,-195.0295486674797,-223.6322185998869,-79.80549258178569,-64.72861430307121,-13.91098314720064,-79.24818895685672
evreg2,6.relative_year_bin_aux#1.treat,-7.499191237184558,439.5555615837712,-5.6909252186317,-4.759927684826291,-4.105504321030161,-3.246435945814677,-3.191521964448664,-1.902701556847888,-.8179714661239262,1.074531242795479,4.412661467263956,0,-.2027151020010084,.0002777427944157,.5285820429920474,125.3004624516494,126.2836084428619,126.6315497857146,131.6448428632816,76.90139576835558,124.8143041061343,107.5199531843207,67.32999154977304,165.8657297553112,.2301137968201712,.1733904439531697,.1574295329689047,.1764994771332355,.3289713678793418,.2776658059964841,.2684289092986915,.1155936879213094,.6302289075439618,125.7695676623136,-117.7338978308468,-121.6595339357376,-126.4259448759103,-123.6541303430037,-75.75243961304605,-100.4470827134967,-79.62208534004243,-51.181056518674,-103.7918383502027
evreg2,7.relative_year_bin_aux#1.treat,-5.32465149049601,439.5555615837712,-16.63031864216664,-14.03872734174553,-11.78556730086509,-9.255656347501199,-7.964273103847491,-5.138475419321495,-2.17177743970771,2.700027450613216,9.959852005738476,0,-.8583534454769255,.0000426814568935,.5858547526083088,139.9890713036611,137.9510071593764,140.1863305288027,149.573838592647,75.87725161058883,107.5199531843207,206.7516883693762,83.64916768195113,291.4517799075966,.8626250839575665,.8265975567788882,.7841679075905115,.7124576534359516,.5035396655383465,.5021874723299132,1.014458882750156,.6075575062901234,1.817302622503341,136.4363746550209,-126.6156018447477,-125.7871241493094,-133.1234595873569,-123.5701642085114,-70.15063040363118,-81.51664176821872,-160.899111007526,-84.39227143526615,-214.2808276095043
evreg2,9.relative_year_bin_aux#1.treat,55.59705755257693,439.5555615837712,-32.53057017247318,-28.0160258871819,-23.54555964725277,-18.89353246669148,-14.56982535215715,-9.627373050119949,-4.904116319535563,4.512628359020735,11.6114051271765,0,-.0389612441129356,-.0038965799916496,.9396029376740441,93.47921518506509,91.65000571341191,91.35939648909883,81.18606850381509,16.47009828209917,67.32999154977304,83.64916768195113,158.1087915787003,213.8249428416175,.0839059947909719,.0354277451247953,.0365263355259061,-.0254121579455432,.0590140796176725,.0129244495328033,.2379863885910816,.4636443046716364,.6369716531401342,60.38054336695781,-60.20384681500729,-60.02047284482428,-60.67427359464213,-56.1797559309374,-17.21136687591816,-40.1426882362036,-76.70839556744052,-113.9425188640847,-128.7608384323115
evreg2,10.relative_year_bin_aux#1.treat,103.0308121640239,439.5555615837712,-94.71600570995793,-81.31163614847449,-68.0204113617645,-54.34948963955122,-42.04989192811986,-27.63745692017295,-12.80020296454488,15.68919381259006,38.88042346841972,0,-1.257360467361994,-.0157099044360748,2.641142325246133,280.6592518090505,277.7408772394562,272.5204513323566,277.0482192348264,68.582876805721,165.8657297553112,291.4517799075966,213.8249428416175,878.770017481296,1.268387163251002,1.185400739037323,1.161905049705518,.9872582190611929,.3142810690633008,.604998475381294,1.237595313912924,.4855523197203293,3.165289090607109,259.9564644544556,-237.0997361651332,-236.2537977693268,-236.9419205599928,-226.057252179033,-82.34782170293684,-110.9931978279402,-234.777356928181,-147.8603595096646,-555.990594469532
evreg2,1bn.relative_year_bin_aux#1.downup_ac,-.0898788558624851,439.5555615837712,-1.345825466943399,-1.09258839018769,-.943555048629355,-.7588051771238992,-.4576392414516757,-.3834058766235928,-.2950481763555242,-.0910966520454661,-.160792445837621,0,-.7476739018493913,.0007989826269723,.0267771337753322,1.784118334016413,1.898729035277987,1.965761793086659,1.899423162954189,1.091760304059041,.2301137968201712,.8626250839575665,.0839059947909719,1.268387163251002,1.668338313374427,1.297539188089635,1.074766354111561,1.035649266480505,.553021765489162,.4470439631262091,.5042033308798686,.3660301971834302,.6830444024570221,2.122866422315056,-3.677766058735581,-3.86982967626155,-3.552346829238321,-3.498781181782269,-1.929533657873015,-.6585853247170987,-1.08675586675944,-.14726489989213,-1.542484463932771
evreg2,2.relative_year_bin_aux#1.downup_ac,-.561747075782824,439.5555615837712,-.9346176759649555,-1.021499448275154,-.8232471367224491,-.6818461228186985,-.4148797306315616,-.3497988328906482,-.2579204015683494,-.1355082749724532,-.2532541956535161,0,-.7474009493395497,.0007875087751094,.0333309803801983,1.821511900437165,2.190267513265778,1.823666618778351,2.025415644696812,1.012067959207972,.1733904439531697,.8265975567788882,.0354277451247953,1.185400739037323,1.297539188089635,1.549023573332156,1.205655308366838,1.17359104504484,.5940936644591965,.4772052719386735,.4999370840223912,.3636673188498905,.6828533098969886,2.120676333118538,-3.696744599689723,-4.097159106803469,-3.270012968430666,-3.443729463554005,-1.555949277035566,-.5698053062744409,-1.074735115192108,-.1255334992430603,-1.499003474707941
evreg2,3.relative_year_bin_aux#1.downup_ac,.3945635616333819,439.5555615837712,-.7777231224263986,-.8104684046828924,-.8736248847258898,-.682861984937097,-.4602035297412245,-.3713444895924634,-.2756153004525072,-.1197017123644228,-.2513605331234368,0,-.745397862155239,.0006947494840053,.0161717849613066,1.835233454861161,1.822106571898431,1.85194706011326,2.089638158289565,1.018299247083372,.1574295329689047,.7841679075905115,.0365263355259061,1.161905049705518,1.074766354111561,1.205655308366838,1.555221244785809,1.171371724584933,.7136041741898386,.5400772203310031,.4995806978423263,.3676336964697464,.6833255934234487,2.113027766979421,-3.756856371810265,-3.610518955587832,-3.767976697441996,-3.395037989135446,-1.891738224468399,-.6159617090040324,-.994640760959505,-.1365895240651486,-1.499309102943892
evreg2,4.relative_year_bin_aux#1.downup_ac,.2977384528096753,439.5555615837712,-.9126956466297259,-.9147821645704468,-.822877605135226,-.9053529673455085,-.5130300666451936,-.4594616758957368,-.3072169487008593,-.0559803741056966,-.142292031557105,0,-.6878164018312124,.0006036700874139,.020478669328163,1.491536205549878,1.746340148495262,1.577847098225714,2.06192610639997,.9003475946484645,.1764994771332355,.7124576534359516,-.0254121579455432,.9872582190611929,1.035649266480505,1.17359104504484,1.171371724584933,1.681356225111067,.6661422462949205,.5966137991392436,.5699122663087685,.3192173755352753,.6464514340626208,1.785063823460242,-3.229956140279732,-3.435455742096744,-2.897430169106915,-3.845443065973169,-1.467657182677688,-.6146386270803061,-.9057060933955539,-.0239514946585228,-1.23979187946547
evreg2,5.relative_year_bin_aux#1.downup_ac,-1.460260446648747,439.5555615837712,-.618531581758942,-.6046402377681839,-.5859046900285023,-.5147300873344375,-.5576767972573992,-.3441014088457598,-.301767221857327,-.0932533714558698,-.0787485512721532,0,-.4493019141384913,.0004642928801028,.013299410964192,1.068951463025416,.6967116735051108,.9831598648556039,.8625734939811145,1.34778355525735,.3289713678793418,.5035396655383465,.0590140796176725,.3142810690633008,.553021765489162,.5940936644591965,.7136041741898386,.6661422462949205,.9130549289363101,.5237257969233234,.4291663591830549,.3400316090829268,.3435951184634868,.9663736935173511,-1.889670318690551,-1.378821377939016,-1.770033939308639,-1.387786300551618,-2.378197278804025,-.5628607318795075,-.5412364217193341,-.1409462884043776,.0624317806223208
evreg2,6.relative_year_bin_aux#1.downup_ac,.9481650084824159,439.5555615837712,-.6420497469125468,-.5769881726785913,-.5197874261038012,-.4712853173377307,-.4316567331683575,-.4495417820445002,-.2646174050255759,-.0288582459062504,-.0181950951499774,0,-.4374660492145694,.0003849575847981,.004569645759363,.245251088962207,.2252371123505427,.1887720580534285,.2137310085478539,.2572202209690899,.2776658059964841,.5021874723299132,.0129244495328033,.604998475381294,.4470439631262091,.4772052719386735,.5400772203310031,.5966137991392436,.5237257969233234,.7181866769733619,.4829706939066989,.4071470595294593,.5012876772393011,.4482919963739582,-.4346545180835437,-.3420043596772696,-.2696808917708192,-.3283968409738464,-.4109912426267862,-.6414605547722405,-.6087851459552832,-.3351148117169033,-.6115174991403236
evreg2,7.relative_year_bin_aux#1.downup_ac,-.863661644564292,439.5555615837712,-.3684303670510846,-.3254276220619793,-.3078351083652686,-.2718527613605112,-.2685030865798231,-.2863456999939586,-.3618129849683458,-.133993325166097,-.109559163971633,0,-.5143615637108901,.000355041952975,.0132942687068433,.505197714249795,.5288908185763488,.4989045500619612,.4418225197708553,.2562727039440982,.2684289092986915,1.014458882750156,.2379863885910816,1.237595313912924,.5042033308798686,.4999370840223912,.4995806978423263,.5699122663087685,.4291663591830549,.4829706939066989,.7383233461481085,.401176423530056,.6531971709985009,.9778413643741758,-.9199360829898457,-.9635925676370755,-.8856549246677765,-.8426370433341913,-.5074766071664406,-.6137203340569204,-1.391397457309685,-.5564980878290411,-1.991918470934622
evreg2,9.relative_year_bin_aux#1.downup_ac,-.120068797404492,439.5555615837712,-.9708830389906629,-.8448286175392994,-.7109503961113017,-.5801363210542256,-.5393747118004724,-.441970046594057,-.3252480774313049,-.3034667536995898,-.0741721636565042,0,-.3564466397663108,.0001170481107182,.0064475154712257,-.2057503679781544,-.2254027617798171,-.2393337047873735,-.2749112032238164,.0101277289589706,.1155936879213094,.6075575062901234,.4636443046716364,.4855523197203293,.3660301971834302,.3636673188498905,.3676336964697464,.3192173755352753,.3400316090829268,.4071470595294593,.401176423530056,1.043772647710241,.606459085894421,-.1259551585893774,.020500358475991,.0221423405721708,.0085483524790684,.1034902598300371,-.2181909292021451,-.5594339355118716,-1.036660626794938,-1.562774847380989,-1.657563737804254
evreg2,10.relative_year_bin_aux#1.downup_ac,-2.909335765192728,439.5555615837712,-1.794672568654344,-1.553806157906998,-1.311400032154398,-1.067338586389461,-.8304752110916916,-.7361384411469124,-.4795040157789855,-.0940019037396249,-.4518364633126185,0,-.7327009542725323,.0009506131325751,.0324272981399256,.781072211549526,.8044438624878667,.7953098948669395,.6939923276837306,.3132739209755362,.6302289075439618,1.817302622503341,.6369716531401342,3.165289090607109,.6830444024570221,.6828533098969886,.6833255934234487,.6464514340626208,.3435951184634868,.5012876772393011,.6531971709985009,.606459085894421,2.505896332102587,1.362140669560328,-1.193754795300464,-1.218827303291538,-1.206326125525357,-.9267685129878011,-.3703628592127402,-.9495291255834049,-2.316279657145116,-1.337988843642716,-6.030247231194235
evreg2,1.treat#1.downup_ac,-34.78189427386666,439.5555615837712,1.867487250552995,1.672281658638572,1.366743253962357,1.178303621126929,1.084386836928354,.94505547728052,.3668981962216484,-.0468982783317686,-.4265827584854768,0,-2.762225863649395,.0099638196724541,-.599217702546908,310.4634014919202,309.9411616574326,311.9091081189437,300.0822159563152,172.620878691865,125.7695676623136,136.4363746550209,60.38054336695781,259.9564644544556,2.122866422315056,2.120676333118538,2.113027766979421,1.785063823460242,.9663736935173511,.4482919963739582,.9778413643741758,-.1259551585893774,1.362140669560328,689.6569941461453,-543.1374058800097,-545.7422568073088,-545.6107976196039,-512.2008867961881,-280.6553889201464,-187.3536817257847,-205.6369651387526,-48.66836042199493,-414.4128933093726
evreg2,1bn.relative_year_bin_aux#1.treat#1.downup_ac,19.57496593531069,439.5555615837712,-12.45411603829564,-10.6128069021027,-8.129620358331563,-6.996047858679402,-4.799850871335441,-3.892185793014652,-1.7863495028241,1.644054015127915,3.454168089102321,0,2.132952988759739,-.0063151046665002,-.1163252669104949,-516.2722527199937,-471.408167568448,-443.6320045523808,-489.6885596798244,-213.2379447418874,-117.7338978308468,-126.6156018447477,-60.20384681500729,-237.0997361651332,-3.677766058735581,-3.696744599689723,-3.756856371810265,-3.229956140279732,-1.889670318690551,-.4346545180835437,-.9199360829898457,.020500358475991,-1.193754795300464,-543.1374058800097,1006.461422100004,894.7146340325613,859.9746964054656,884.0182042864313,429.0379706588109,182.3146455680527,195.1304126883612,60.87160685818183,382.3364817394041
evreg2,2.relative_year_bin_aux#1.treat#1.downup_ac,14.84606393686687,439.5555615837712,-11.23707245854159,-9.638191105266042,-7.462490749951262,-6.426400492929353,-4.428373544623565,-3.563317121881632,-1.637774991698146,1.535494755538901,3.262415656683313,0,2.132378751722932,-.0049341278234038,-.0708923607226773,-458.2408806274374,-531.8458834631666,-446.2116634595424,-517.4457819706895,-191.9301257094987,-121.6595339357376,-125.7871241493094,-60.02047284482428,-236.2537977693268,-3.86982967626155,-4.097159106803469,-3.610518955587832,-3.435455742096744,-1.378821377939016,-.3420043596772696,-.9635925676370755,.0221423405721708,-1.218827303291538,-545.7422568073088,894.7146340325613,999.7142133898997,874.8799183743865,930.236396966103,377.4782115807006,189.6431401020246,193.6258312745924,60.31411787115979,383.5126479578823
evreg2,3.relative_year_bin_aux#1.treat#1.downup_ac,33.64734486163519,439.5555615837712,-10.71842040706249,-9.090528330052155,-6.863101557683078,-6.089399290744758,-4.048589551695971,-3.469893446142677,-1.55592588157992,1.451185116140527,3.238358112689192,0,2.179971134482424,-.0055781596928476,-.0076930135665439,-447.2548121893764,-459.3813681475544,-464.6416834452878,-485.0193934139361,-226.5433734212908,-126.4259448759103,-133.1234595873569,-60.67427359464213,-236.9419205599928,-3.552346829238321,-3.270012968430666,-3.767976697441996,-2.897430169106915,-1.770033939308639,-.2696808917708192,-.8856549246677765,.0085483524790684,-1.206326125525357,-545.6107976196039,859.9746964054656,874.8799183743865,919.9216949468014,884.5724419367273,448.0684435271929,200.5224508241471,207.3446196816574,61.4148151557861,382.5754085743387
evreg2,4.relative_year_bin_aux#1.treat#1.downup_ac,9.918222888690661,439.5555615837712,-4.724178998052011,-3.818624768731616,-2.725306289089485,-2.179167065215925,-1.712713291623365,-1.726943412344137,-.7090549089335749,.467417676421315,1.402323204192792,0,1.812440051974055,-.0027972779038227,-.0505885552589958,-454.705981979877,-491.5981905629376,-446.4990955056854,-555.8043718246831,-195.0295486674797,-123.6541303430037,-123.5701642085114,-56.1797559309374,-226.057252179033,-3.498781181782269,-3.443729463554005,-3.395037989135446,-3.845443065973169,-1.387786300551618,-.3283968409738464,-.8426370433341913,.1034902598300371,-.9267685129878011,-512.2008867961881,884.0182042864313,930.236396966103,884.5724419367273,1031.813680540363,378.6201534623626,198.5900727617296,193.6262714130135,54.06308892149319,361.6688280372813
evreg2,5.relative_year_bin_aux#1.treat#1.downup_ac,32.35938681001745,439.5555615837712,-12.05303961538502,-10.37636711735692,-8.512425195825125,-6.907294669353403,-4.2224338355852,-3.48313587281871,-1.517755365465029,1.806766267058167,3.280940526646753,0,1.052290295716797,-.0060672162378862,.0225066944236429,-205.2346067694605,-186.0384637286721,-216.2983127006281,-202.0273600715644,-223.6322185998869,-75.75243961304605,-70.15063040363118,-17.21136687591816,-82.34782170293684,-1.929533657873015,-1.555949277035566,-1.891738224468399,-1.467657182677688,-2.378197278804025,-.4109912426267862,-.5074766071664406,-.2181909292021451,-.3703628592127402,-280.6553889201464,429.0379706588109,377.4782115807006,448.0684435271929,378.6201534623626,483.7176753718232,133.6314862915957,123.9273108555703,19.86376630364009,125.6187999762376
evreg2,6.relative_year_bin_aux#1.treat#1.downup_ac,25.98251845022076,439.5555615837712,-11.0016167289151,-9.464815956425459,-7.933632533487215,-6.335534576896689,-4.67323690390606,-2.838319686766135,-1.258946530280681,1.874585192894816,3.739930751146516,0,.6873511547421667,-.0032235476365614,-.1359983110154863,-98.61219814646681,-101.3054187674532,-105.6203674348631,-110.7152392038003,-79.80549258178569,-100.4470827134967,-81.51664176821872,-40.1426882362036,-110.9931978279402,-.6585853247170987,-.5698053062744409,-.6159617090040324,-.6146386270803061,-.5628607318795075,-.6414605547722405,-.6137203340569204,-.5594339355118716,-.9495291255834049,-187.3536817257847,182.3146455680527,189.6431401020246,200.5224508241471,198.5900727617296,133.6314862915957,193.5249578430146,135.3080892746977,77.34157749529545,207.1789744220397
evreg2,7.relative_year_bin_aux#1.treat#1.downup_ac,12.78825528210817,439.5555615837712,4.002148696314972,3.459020098157399,2.81890090109205,2.266971814201155,2.004761302812619,1.551969093770146,1.076794353293595,-.3778440042319269,-2.046565899360397,0,1.13041808991786,-.0021436904077804,-.4060354009682801,-111.4201141875061,-109.6686064469889,-113.6431405875304,-114.4268280575555,-64.72861430307121,-79.62208534004243,-160.899111007526,-76.70839556744052,-234.777356928181,-1.08675586675944,-1.074735115192108,-.994640760959505,-.9057060933955539,-.5412364217193341,-.6087851459552832,-1.391397457309685,-1.036660626794938,-2.316279657145116,-205.6369651387526,195.1304126883612,193.6258312745924,207.3446196816574,193.6262714130135,123.9273108555703,135.3080892746977,269.3156551709594,125.2490437024265,373.9904080326826
evreg2,9.relative_year_bin_aux#1.treat#1.downup_ac,9.533363124274613,439.5555615837712,-.1485415549439946,-.1861960038837484,-.1411353151688824,-.2650771789159675,-.0037932696183161,.1517571637492997,.1140283645289116,.7549841028207608,-.0923000548467379,0,.0896525622018825,-.0012990304389464,-.2452854958173204,-40.58359187424431,-40.06571330421537,-40.39147788607652,-40.14672009152667,-13.91098314720064,-51.181056518674,-84.39227143526615,-113.9425188640847,-147.8603595096646,-.14726489989213,-.1255334992430603,-.1365895240651486,-.0239514946585228,-.1409462884043776,-.3351148117169033,-.5564980878290411,-1.562774847380989,-1.337988843642716,-48.66836042199493,60.87160685818183,60.31411787115979,61.4148151557861,54.06308892149319,19.86376630364009,77.34157749529545,125.2490437024265,212.9327062394201,263.6486774514042
evreg2,10.relative_year_bin_aux#1.treat#1.downup_ac,16.47957405364628,439.5555615837712,1.577033805115212,1.186739199410876,1.007942669581213,.5294625869030359,-.0524581973399676,.6351749339542753,.5086331777564476,.6541517376257064,.4623820798192612,0,1.641052078590469,-.0061555307416922,.4372747340724237,-187.033881073993,-186.7747659087154,-187.8267432181259,-185.2381771450148,-79.24818895685672,-103.7918383502027,-214.2808276095043,-128.7608384323115,-555.990594469532,-1.542484463932771,-1.499003474707941,-1.499309102943892,-1.23979187946547,.0624317806223208,-.6115174991403236,-1.991918470934622,-1.657563737804254,-6.030247231194235,-414.4128933093726,382.3364817394041,383.5126479578823,382.5754085743387,361.6688280372813,125.6187999762376,207.1789744220397,373.9904080326826,263.6486774514042,1180.885826655336
evreg3,1bn.relative_year_bin_aux,-152.1937717186348,439.5555615837712,708.9139007318983,610.2260521130428,508.2657163404664,407.0254535815197,300.7767567166188,200.6189287806352,99.45590010501385,-103.7299916663799,-199.7976162730095,0,0,.0259038996072322,-6.870752714184959,-21.11566744468456,-11.46937832612497,-25.66749501353989,-18.59553312356234,-37.10703776373983,-13.07738566410694,-10.22793721222625,-24.47948408470702,-67.82648608025204,-.5462028750503068,-.3198277470278655,-.571468294032477,.1221056189675083,-1.17312805812004,-.598440993927007,-1.57257325289742,-8.955036379645303,-16.57488207367229,0,9.704872137645875,16.0003627300224,14.5717914851688,27.51197973517781,-1.405879467250472,7.219299736092498,-6.591048134202634,-11.27905675257183,-41.85247875771871
evreg3,2.relative_year_bin_aux,-144.8004329895377,439.5555615837712,610.2260521130428,526.0084866990949,437.8734530035101,350.8249204772783,259.0024477335164,172.8523797125499,85.72900233594194,-89.12302397675327,-171.7122237337399,0,0,.0232190262711952,-6.022885823797487,-18.15178938419725,-9.474104862700353,-22.47892550186928,-15.84430481460174,-32.44009180386044,-11.06135064446266,-8.385025278062876,-21.03276774413492,-57.86288548430672,-.3112832765999079,-.7813045944920062,-.6772141862502935,-.2039620167097453,-1.127963726151656,-.651928989931527,-1.388432823258281,-7.858422811425405,-14.41083757862384,0,8.401879857551103,13.4105156592142,12.77525132591652,23.47561062939852,-.9459531314004317,6.103382952027975,-5.93766878340576,-9.833129432344165,-36.66463401730579
evreg3,3.relative_year_bin_aux,-119.2511895880028,439.5555615837712,508.2657163404664,437.8734530035101,365.3179038956667,292.1898996592249,215.8281182439186,144.0749280888606,71.59807199648753,-74.05524447148909,-142.8545570760781,0,0,.0202895652909447,-4.999724725446825,-15.10514623390583,-8.408629178619321,-18.24611478660642,-13.31223276137396,-26.92703834047567,-9.473114548339844,-7.174301199849666,-17.82457186828784,-48.36944360197427,-.3660496218681593,-.4484255620540353,-1.152874573752986,-.0715437201985742,-1.099258782849974,-.6688444013929954,-1.350577056755702,-6.736562159437175,-12.20013843902814,0,6.923797203170738,11.67255257348609,10.29338785435443,19.82683914342118,-1.117291454975349,5.261138967714311,-4.831547888405706,-8.028925931570516,-30.68261344255432
evreg3,4.relative_year_bin_aux,-75.94448928388249,439.5555615837712,407.0254535815197,350.8249204772783,292.1898996592249,234.9633199258326,172.8859412956619,115.463475195229,57.5014151577615,-59.17241292229357,-114.0765812064798,0,0,.014219811303941,-4.022287704358306,-12.30200329720781,-6.279154077940301,-15.09315670866147,-10.06288801185307,-22.054764946269,-7.475650201476727,-5.345728725939106,-14.41582618058347,-38.17134865987722,-.5041442015493003,-.765105811349936,-.7463184037829309,-1.075692834371448,-.9754291387061167,-.6957840348669786,-1.285232799828111,-5.458540400599708,-10.10090828142116,0,5.543156012951975,8.676957813699115,8.436861072069632,15.07299507391602,-.3195689238360023,4.024391819880096,-4.38981975339051,-6.358681669122399,-25.43507450465542
evreg3,5.relative_year_bin_aux,-62.4766755970746,439.5555615837712,300.7767567166188,259.0024477335164,215.8281182439186,172.8859412956619,128.5727108746625,85.65747448824916,42.65211821875314,-43.7374455299471,-84.79812484986381,0,0,.0108989472635129,-3.000315100499364,-9.478523389481579,-5.786787768644571,-11.00182564556928,-8.584760279218139,-13.97772677498724,-6.101810993904786,-4.471920976538494,-11.18719864397935,-30.2854357221064,-.6458399193831267,-.6256271645639719,-.7836778249001809,-.3862585159134082,-1.389339707672839,-.8900674999879595,-1.144376793132194,-4.193808775198296,-7.518442544203873,0,3.549229297361568,6.868868901734387,5.6866909139405,11.78963789124828,-1.929109329550478,3.048075953771408,-3.384644353193911,-4.307361722834323,-17.66193311988982
evreg3,6.relative_year_bin_aux,-47.00367080380254,439.5555615837712,200.6189287806352,172.8523797125499,144.0749280888606,115.463475195229,85.65747448824916,57.66667090068521,28.88541449277857,-28.6216850414277,-55.97668916302032,0,0,.0082396658024711,-2.018287401203863,-6.307383353122683,-3.532205412613516,-7.324547459761504,-5.384437958062891,-10.31177510300684,-4.022617666446659,-3.120268419551332,-7.578537604023766,-19.78697321340539,-.8374814812163903,-.8517182676599964,-.9197512407693647,-.7143356118972384,-1.040990408528102,-1.270914179512552,-1.303562106112586,-3.34171854115295,-5.604537839260625,0,2.662446149328349,4.485781893471753,3.982666880282978,7.551583835740685,.1364163064941069,2.266367360738637,-1.969674094129743,-2.857704486668073,-12.39138312108878
evreg3,7.relative_year_bin_aux,-31.54644235283336,439.5555615837712,99.45590010501385,85.72900233594194,71.59807199648753,57.5014151577615,42.65211821875314,28.88541449277857,15.2035160975496,-13.73651374898033,-26.97877378617038,0,0,.004896695500711,-1.163149510426845,-2.825532613470057,-1.375743908322688,-3.136616465085739,-2.016457620484441,-4.851191913805497,-1.881058423966091,-.7996974143383111,-4.067955257670985,-8.250566721980864,-.9741695822549378,-.9079114945327861,-.961872438658985,-.9148663427431084,-.9839942749223048,-1.114010399025924,-1.622629571961489,-2.072232138027474,-3.475938686866797,0,.9441176568331109,1.808376411854275,1.450046846614563,3.002504824756183,-.2482807068114609,1.052752457469189,-1.685276610387839,-1.196352217129592,-7.884584190872725
evreg3,9.relative_year_bin_aux,36.04607128590278,439.5555615837712,-103.7299916663799,-89.12302397675327,-74.05524447148909,-59.17241292229357,-43.7374455299471,-28.6216850414277,-13.73651374898033,17.85081454571979,31.39014694444549,0,0,-.0049941857365068,1.207201454624568,3.159107758047725,1.724313288102788,3.396648719090355,2.4806016875419,4.18690024659018,1.614377017663328,1.268193956197646,2.782050385875007,11.9425119377137,-1.064433241594832,-1.121229062174223,-1.114163002269136,-1.188850519705834,-.8784840070558805,-1.097171844837656,-.8213729368755353,-1.10588349684121,.8549458680885854,0,-.9834507275480348,-1.950238912399484,-1.811994882386501,-3.607593100621065,.6540856784953797,-.3853221918852975,1.564609574519359,2.357702555551754,4.377492493431709
evreg3,10.relative_year_bin_aux,37.16099293008925,439.5555615837712,-199.7976162730095,-171.7122237337399,-142.8545570760781,-114.0765812064798,-84.79812484986381,-55.97668916302032,-26.97877378617038,31.39014694444549,63.19921368609879,0,0,-.0097705793731607,2.085743108726077,10.63938884616502,7.790793103260606,10.7540210653975,9.114695252966966,10.96551862973168,7.191560026544159,7.99589864111069,8.81772805418373,33.85006390306312,-1.063344352139582,-1.223229024192823,-1.170570397975513,-1.674265832239057,-.9859446193490965,-1.055429168568214,-.7550579896851344,1.03388438852062,.531295305155332,0,-5.000591196258499,-7.001869318399714,-6.840028852495794,-10.83180642540914,-2.593182724454095,-3.884060629468394,-.7722554449151691,2.009409215004641,1.053820652769836
evreg3,1o.treat,0,439.5555615837712,0,0,0,0,0,0,0,0,0,0,0,0,0,0,0,0,0,0,0,0,0,0,0,0,0,0,0,0,0,0,0,0,0,0,0,0,0,0,0,0,0
evreg3,1o.rice_area_aclvl_ahigh,0,439.5555615837712,0,0,0,0,0,0,0,0,0,0,0,0,0,0,0,0,0,0,0,0,0,0,0,0,0,0,0,0,0,0,0,0,0,0,0,0,0,0,0,0,0
evreg3,wind_direction,-.6363788515935627,439.5555615837712,.0259038996072322,.0232190262711952,.0202895652909447,.014219811303941,.0108989472635129,.0082396658024711,.004896695500711,-.0049941857365068,-.0097705793731607,0,0,.0000732675605568,-.0021334650375552,-.0028069033780414,-.0012977725408227,.0040058883120604,.0005689301164435,-.0033824985502064,-.0005447297993606,.0015005928469933,-.0005577903563344,-.0096445698377443,-.0008753343240911,.0000689755723546,.0007607154181412,.0013131296102433,-.0004319108718131,-.0019161104791242,.000455001561502,-.001811574858727,-.0024351096958348,0,-.0009272608735522,.0003847462005948,-.00374542277623,.0000883015428597,.0032353651410038,-.000359192518657,-.0046181869105214,-.0062424722744397,-.0152345988693773
evreg3,av_wind_speed,64.178275014015,439.5555615837712,-6.870752714184959,-6.022885823797487,-4.999724725446825,-4.022287704358306,-3.000315100499364,-2.018287401203863,-1.163149510426845,1.207201454624568,2.085743108726077,0,0,-.0021334650375552,1.585580317545204,.8632767101563501,.6442822328556369,.5913202531226922,.4639387591528849,.6759236758364848,.5786789873593958,.4431453586108239,.6447101300551389,2.576573416269992,.2632034683099367,.2968885864090495,.1556809844441693,-.000382268841226,.14230792223766,.2369852666224147,.237565731479176,-.0846572767047855,-.058271313922431,0,.0186393940767835,-.1107315803123747,-.0124776554231007,-.1103316677790782,-.2829393695099571,-.3724900591906842,-.26330952161698,.2617980209285641,.342278587550028
evreg3,1bn.relative_year_bin_aux#1.treat,24.35615775419187,439.5555615837712,-21.11566744468456,-18.15178938419725,-15.10514623390583,-12.30200329720781,-9.478523389481579,-6.307383353122683,-2.825532613470057,3.159107758047725,10.63938884616502,0,0,-.0028069033780414,.8632767101563501,191.117473335629,133.1147804269056,153.3412849893388,133.9531972669114,100.1728229055888,108.2089057374465,114.8518601882013,97.13658850701448,277.4121752608207,-.5752941288839754,-.6438119980875934,-.8863825609249908,-.7034696600263136,-.2758446917013719,.318173782024202,-.4124631499647541,.2034547932100683,-2.722977501451679,0,-192.7237273296742,-134.5532504326969,-157.1778866384265,-138.3955372964681,-105.8307049664238,-106.2579799647185,-112.050491497069,-96.63003153743313,-271.9185442676924
evreg3,2.relative_year_bin_aux#1.treat,9.98616983620569,439.5555615837712,-11.46937832612497,-9.474104862700353,-8.408629178619321,-6.279154077940301,-5.786787768644571,-3.532205412613516,-1.375743908322688,1.724313288102788,7.790793103260606,0,0,-.0012977725408227,.6442822328556369,133.1147804269056,208.1229350770113,138.1488885761866,164.384161702145,64.73128075940431,107.5955017527443,112.8668956771683,96.16357346354418,277.617416490353,-.485447123601788,-.9628903177232245,-.5357479443121013,-1.093959057712786,.2688614365154136,.2910226644041717,-.4204647444986207,.1312078004104818,-2.930400204386836,0,-134.0602059631168,-209.3868838442028,-141.8999150978672,-169.036001661682,-68.76155433728668,-105.09806102053,-110.132969864626,-96.98044806168069,-275.4386732764896
evreg3,3.relative_year_bin_aux#1.treat,-35.387493045911,439.5555615837712,-25.66749501353989,-22.47892550186928,-18.24611478660642,-15.09315670866147,-11.00182564556928,-7.324547459761504,-3.136616465085739,3.396648719090355,10.7540210653975,0,0,.0040058883120604,.5913202531226922,153.3412849893388,138.1488885761866,203.3241878426217,130.3560843728208,107.9588231287946,106.913674065739,115.6443074264756,95.51158060911625,271.7854388290353,-.5974261530688488,-.2476010265446701,-.754712140966916,-.2832223145795496,-.1787362761000031,.1680473593300274,-.5307969101224775,.1281939944356544,-2.962893469725579,0,-155.7242405999935,-140.613266271721,-207.1811145713786,-134.9249415829151,-110.8354964277019,-105.600994735863,-114.1867082654898,-97.12558786374824,-272.8979316301377
evreg3,4.relative_year_bin_aux#1.treat,4.799962838451112,439.5555615837712,-18.59553312356234,-15.84430481460174,-13.31223276137396,-10.06288801185307,-8.584760279218139,-5.384437958062891,-2.016457620484441,2.4806016875419,9.114695252966966,0,0,.0005689301164435,.4639387591528849,133.9531972669114,164.384161702145,130.3560843728208,233.7445359726785,52.07524383311127,111.5466290683582,126.2830423523001,84.41586320669842,283.4065646757851,-.7799898398426712,-.9020978142404001,-.6088056723088024,-1.239092713129465,.1741534122929129,-.0759454659161765,-.8880575481698576,.2399277329053258,-3.293848167014005,0,-136.373467496699,-167.1717423379421,-134.1503413867745,-238.2214245764049,-54.29158608918063,-110.7527498345906,-125.7706091544645,-86.13131562813363,-287.3962650045716
evreg3,5.relative_year_bin_aux#1.treat,20.85428012031013,439.5555615837712,-37.10703776373983,-32.44009180386044,-26.92703834047567,-22.054764946269,-13.97772677498724,-10.31177510300684,-4.851191913805497,4.18690024659018,10.96551862973168,0,0,-.0033824985502064,.6759236758364848,100.1728229055888,64.73128075940431,107.9588231287946,52.07524383311127,267.0516822975001,65.00384346788698,82.79538581994001,19.60723709618425,94.19292113280859,-.6299280228887857,-.1241320598672706,-.6189646584933293,-.0054801282404164,-2.066522828278526,-.0514204323422088,-.546218287218126,.8447017325226271,-.8000662640790525,0,-107.4262868514418,-70.71079053345197,-114.3846904054071,-58.12050181354005,-271.7703754259371,-66.68522328483742,-83.7402879557484,-18.35075323014868,-91.60470865481138
evreg3,6.relative_year_bin_aux#1.treat,-18.03504049406548,439.5555615837712,-13.07738566410694,-11.06135064446266,-9.473114548339844,-7.475650201476727,-6.101810993904786,-4.022617666446659,-1.881058423966091,1.614377017663328,7.191560026544159,0,0,-.0005447297993606,.5786789873593958,108.2089057374465,107.5955017527443,106.913674065739,111.5466290683582,65.00384346788698,117.5874807164851,99.32597487626896,73.91885334829995,204.787485478747,.0696301479122416,-.1011962561364859,-.1606379495528358,-.3726623911144719,.1741913581929076,.389932725877665,-.0053664127658456,.5437180147024385,-1.918509731759107,0,-106.7113964380319,-106.4500733542071,-107.9304644602328,-113.502213048188,-66.74532232136367,-115.5381605426292,-97.56563056375342,-73.26848092956673,-200.7946433787442
evreg3,7.relative_year_bin_aux#1.treat,-18.74543037370799,439.5555615837712,-10.22793721222625,-8.385025278062876,-7.174301199849666,-5.345728725939106,-4.471920976538494,-3.120268419551332,-.7996974143383111,1.268193956197646,7.99589864111069,0,0,.0015005928469933,.4431453586108239,114.8518601882013,112.8668956771683,115.6443074264756,126.2830423523001,82.79538581994001,99.32597487626896,179.4545241327615,49.85865691532359,264.5425689142668,-.3754074569261251,-.5694012771905286,-.4727063310836258,-.8193071492767336,-.4638305128140874,.0577781871892435,-.6703062183985039,.6313022344655783,-2.965096942189407,0,-113.8501360351738,-112.0800505159353,-116.5620590277285,-128.0501235813677,-84.66278184820534,-97.79032978277367,-177.8160596307051,-49.62747817639816,-261.634243657591
evreg3,9.relative_year_bin_aux#1.treat,22.06549812348531,439.5555615837712,-24.47948408470702,-21.03276774413492,-17.82457186828784,-14.41582618058347,-11.18719864397935,-7.578537604023766,-4.067955257670985,2.782050385875007,8.81772805418373,0,0,-.0005577903563344,.6447101300551389,97.13658850701448,96.16357346354418,95.51158060911625,84.41586320669842,19.60723709618425,73.91885334829995,49.85865691532359,152.6846321125282,205.9398100412841,.3429068007866681,.1492469518665989,.2161968556378768,.2613667228407984,1.096587948002128,.8802432328084786,.7339899509124145,.7886300367861694,-1.466051282567913,0,-97.25954952888516,-97.56732594416029,-98.00011868760201,-87.26193278241188,-18.23265194389604,-72.25324016606936,-49.38255498639033,-154.0306333195073,-208.8157591914997
evreg3,10.relative_year_bin_aux#1.treat,57.08834559402801,439.5555615837712,-67.82648608025204,-57.86288548430672,-48.36944360197427,-38.17134865987722,-30.2854357221064,-19.78697321340539,-8.250566721980864,11.9425119377137,33.85006390306312,0,0,-.0096445698377443,2.576573416269992,277.4121752608207,277.617416490353,271.7854388290353,283.4065646757851,94.19292113280859,204.787485478747,264.5425689142668,205.9398100412841,1001.750871587448,-1.695963096837182,-2.179389479250264,-2.194560683843898,-2.92616107204029,-.1926235667269657,-.3048385813713108,-2.159758582668388,-1.419125790147569,-10.77373826972134,0,-274.3852227492305,-278.725919781977,-276.7304647410631,-291.8276963428085,-93.74200966141312,-199.0976699429427,-261.2182260042786,-208.2673399065093,-1007.82100178111
evreg3,1bn.relative_year_bin_aux#1.rice_area_aclvl_ahigh,13.81494515973195,439.5555615837712,-.5462028750503068,-.3112832765999079,-.3660496218681593,-.5041442015493003,-.6458399193831267,-.8374814812163903,-.9741695822549378,-1.064433241594832,-1.063344352139582,0,0,-.0008753343240911,.2632034683099367,-.5752941288839754,-.485447123601788,-.5974261530688488,-.7799898398426712,-.6299280228887857,.0696301479122416,-.3754074569261251,.3429068007866681,-1.695963096837182,4.025654948905219,3.141641140353601,2.963586004002364,2.599852596712513,2.325344117286959,2.540738478200329,2.965207981483925,2.147495245836844,3.230873391883224,0,3.355616773794584,2.450984071579067,2.74833773628479,2.627362209977277,-.0438519626609677,.8876770321988467,2.111040828531846,.3380366110986095,6.38193491366867
evreg3,2.relative_year_bin_aux#1.rice_area_aclvl_ahigh,9.766085361344274,439.5555615837712,-.3198277470278655,-.7813045944920062,-.4484255620540353,-.765105811349936,-.6256271645639719,-.8517182676599964,-.9079114945327861,-1.121229062174223,-1.223229024192823,0,0,.0000689755723546,.2968885864090495,-.6438119980875934,-.9628903177232245,-.2476010265446701,-.9020978142404001,-.1241320598672706,-.1011962561364859,-.5694012771905286,.1492469518665989,-2.179389479250264,3.141641140353601,4.041513408086434,2.978687844467772,3.19661564432926,1.978214579114215,2.509603011835657,2.858573339287204,2.133768527550928,3.266984549735856,0,2.700676430373186,3.496982563361985,2.28751957028412,3.475726030666809,-1.713837367398837,1.027284570430248,2.266842794595815,.4342786880121483,6.661364281766073
evreg3,3.relative_year_bin_aux#1.rice_area_aclvl_ahigh,3.866397261837624,439.5555615837712,-.571468294032477,-.6772141862502935,-1.152874573752986,-.7463184037829309,-.7836778249001809,-.9197512407693647,-.961872438658985,-1.114163002269136,-1.170570397975513,0,0,.0007607154181412,.1556809844441693,-.8863825609249908,-.5357479443121013,-.754712140966916,-.6088056723088024,-.6189646584933293,-.1606379495528358,-.4727063310836258,.2161968556378768,-2.194560683843898,2.963586004002364,2.978687844467772,4.445944585735131,2.561777111563653,2.439010271446381,2.516094724765264,2.908575840594353,2.157713721901489,3.23051945065738,0,3.29456019783574,2.493846858445652,2.604627022394784,2.025397200825787,-.10107532101101,.9043812047831808,2.062017035627428,.3235678659665013,6.256996241328923
evreg3,4.relative_year_bin_aux#1.rice_area_aclvl_ahigh,6.481720290581355,439.5555615837712,.1221056189675083,-.2039620167097453,-.0715437201985742,-1.075692834371448,-.3862585159134082,-.7143356118972384,-.9148663427431084,-1.188850519705834,-1.674265832239057,0,0,.0013131296102433,-.000382268841226,-.7034696600263136,-1.093959057712786,-.2832223145795496,-1.239092713129465,-.0054801282404164,-.3726623911144719,-.8193071492767336,.2613667228407984,-2.92616107204029,2.599852596712513,3.19661564432926,2.561777111563653,5.935961033132626,2.218492181824755,2.601967563801334,3.320973819690542,1.458610556302476,3.196093303295679,0,2.335575180144354,3.803225133465747,2.033587942389647,4.782142307661229,-1.081617602660276,1.240274345227999,2.598284379419137,.0403570820718523,6.392458015482679
evreg3,5.relative_year_bin_aux#1.rice_area_aclvl_ahigh,17.87674198491675,439.5555615837712,-1.17312805812004,-1.127963726151656,-1.099258782849974,-.9754291387061167,-1.389339707672839,-1.040990408528102,-.9839942749223048,-.8784840070558805,-.9859446193490965,0,0,-.0004319108718131,.14230792223766,-.2758446917013719,.2688614365154136,-.1787362761000031,.1741534122929129,-2.066522828278526,.1741913581929076,-.4638305128140874,1.096587948002128,-.1926235667269657,2.325344117286959,1.978214579114215,2.439010271446381,2.218492181824755,4.43491026020041,2.559387639293401,2.482265889190393,1.282486079967171,1.000606780962441,0,-.0768365613164121,-1.43703337336792,.2833566289583303,-1.502024320310995,7.468451885407806,-.5718040341562836,.0298705938289556,-2.394535830649779,-1.419179823325795
evreg3,6.relative_year_bin_aux#1.rice_area_aclvl_ahigh,33.86511045206623,439.5555615837712,-.598440993927007,-.651928989931527,-.6688444013929954,-.6957840348669786,-.8900674999879595,-1.270914179512552,-1.114010399025924,-1.097171844837656,-1.055429168568214,0,0,-.0019161104791242,.2369852666224147,.318173782024202,.2910226644041717,.1680473593300274,-.0759454659161765,-.0514204323422088,.389932725877665,.0577781871892435,.8802432328084786,-.3048385813713108,2.540738478200329,2.509603011835657,2.516094724765264,2.601967563801334,2.559387639293401,3.574117962182449,2.863568642555167,2.03105353920833,2.407703515532699,0,.5435838694383932,.4726179918113563,.3861643353054789,.7978611998184834,-.4409159808239489,-.276100298408699,.8036345765346165,-1.042964741877594,2.408564449107729
evreg3,7.relative_year_bin_aux#1.rice_area_aclvl_ahigh,16.38367457065965,439.5555615837712,-1.57257325289742,-1.388432823258281,-1.350577056755702,-1.285232799828111,-1.144376793132194,-1.303562106112586,-1.622629571961489,-.8213729368755353,-.7550579896851344,0,0,.000455001561502,.237565731479176,-.4124631499647541,-.4204647444986207,-.5307969101224775,-.8880575481698576,-.546218287218126,-.0053664127658456,-.6703062183985039,.7339899509124145,-2.159758582668388,2.965207981483925,2.858573339287204,2.908575840594353,3.320973819690542,2.482265889190393,2.863568642555167,5.382455877455831,2.135320707880632,3.782283916466786,0,1.717886673841237,1.716094118128105,1.702194896564031,2.411944618853891,.3033236775962414,.8353377931710214,2.739194321350061,-.5892514764260341,6.758080521834277
evreg3,9.relative_year_bin_aux#1.rice_area_aclvl_ahigh,11.89273863102846,439.5555615837712,-8.955036379645303,-7.858422811425405,-6.736562159437175,-5.458540400599708,-4.193808775198296,-3.34171854115295,-2.072232138027474,-1.10588349684121,1.03388438852062,0,0,-.001811574858727,-.0846572767047855,.2034547932100683,.1312078004104818,.1281939944356544,.2399277329053258,.8447017325226271,.5437180147024385,.6313022344655783,.7886300367861694,-1.419125790147569,2.147495245836844,2.133768527550928,2.157713721901489,1.458610556302476,1.282486079967171,2.03105353920833,2.135320707880632,5.547338959517883,4.120375471631334,0,1.122074733546382,1.011015102063058,.9401579101558523,.6181846188713243,-2.433456267091797,-.0954094429798995,.4017283843916035,.2337454416930082,7.365272597832911
evreg3,10.relative_year_bin_aux#1.rice_area_aclvl_ahigh,17.38973205480269,439.5555615837712,-16.57488207367229,-14.41083757862384,-12.20013843902814,-10.10090828142116,-7.518442544203873,-5.604537839260625,-3.475938686866797,.8549458680885854,.531295305155332,0,0,-.0024351096958348,-.058271313922431,-2.722977501451679,-2.930400204386836,-2.962893469725579,-3.293848167014005,-.8000662640790525,-1.918509731759107,-2.965096942189407,-1.466051282567913,-10.77373826972134,3.230873391883224,3.266984549735856,3.23051945065738,3.196093303295679,1.000606780962441,2.407703515532699,3.782283916466786,4.120375471631334,16.07719834433475,0,8.823924234503945,8.607349383738306,8.333356772493801,8.662148412187802,-1.513731395032929,5.375566973686277,11.7526786370927,6.566285151172552,35.22452182466873
evreg3,1o.treat#1o.rice_area_aclvl_ahigh,0,439.5555615837712,0,0,0,0,0,0,0,0,0,0,0,0,0,0,0,0,0,0,0,0,0,0,0,0,0,0,0,0,0,0,0,0,0,0,0,0,0,0,0,0,0
evreg3,1bn.relative_year_bin_aux#1.treat#1.rice_area_aclvl_ahigh,74.84136670410402,439.5555615837712,9.704872137645875,8.401879857551103,6.923797203170738,5.543156012951975,3.549229297361568,2.662446149328349,.9441176568331109,-.9834507275480348,-5.000591196258499,0,0,-.0009272608735522,.0186393940767835,-192.7237273296742,-134.0602059631168,-155.7242405999935,-136.373467496699,-107.4262868514418,-106.7113964380319,-113.8501360351738,-97.25954952888516,-274.3852227492305,3.355616773794584,2.700676430373186,3.29456019783574,2.335575180144354,-.0768365613164121,.5435838694383932,1.717886673841237,1.122074733546382,8.823924234503945,0,484.8157133902999,334.1907745473714,382.9596974283353,321.8338680846672,218.4285273375125,221.6027148167019,254.8800316635907,202.0543658914444,588.5957648678894
evreg3,2.relative_year_bin_aux#1.treat#1.rice_area_aclvl_ahigh,41.63727620293109,439.5555615837712,16.0003627300224,13.4105156592142,11.67255257348609,8.676957813699115,6.868868901734387,4.485781893471753,1.808376411854275,-1.950238912399484,-7.001869318399714,0,0,.0003847462005948,-.1107315803123747,-134.5532504326969,-209.3868838442028,-140.613266271721,-167.1717423379421,-70.71079053345197,-106.4500733542071,-112.0800505159353,-97.56732594416029,-278.725919781977,2.450984071579067,3.496982563361985,2.493846858445652,3.803225133465747,-1.43703337336792,.4726179918113563,1.716094118128105,1.011015102063058,8.607349383738306,0,334.1907745473714,480.0596510491084,348.0607021140943,413.0165798099364,101.1333356467759,219.4278197872416,251.225146369564,201.3583697728021,595.4700401242241
evreg3,3.relative_year_bin_aux#1.treat#1.rice_area_aclvl_ahigh,78.06243892670497,439.5555615837712,14.5717914851688,12.77525132591652,10.29338785435443,8.436861072069632,5.6866909139405,3.982666880282978,1.450046846614563,-1.811994882386501,-6.840028852495794,0,0,-.00374542277623,-.0124776554231007,-157.1778866384265,-141.8999150978672,-207.1811145713786,-134.1503413867745,-114.3846904054071,-107.9304644602328,-116.5620590277285,-98.00011868760201,-276.7304647410631,2.74833773628479,2.28751957028412,2.604627022394784,2.033587942389647,.2833566289583303,.3861643353054789,1.702194896564031,.9401579101558523,8.333356772493801,0,382.9596974283353,348.0607021140943,469.1085379485704,306.4903952942079,237.2726033257682,220.8558254940795,257.5070818374287,204.0660307701438,586.477355069993
evreg3,4.relative_year_bin_aux#1.treat#1.rice_area_aclvl_ahigh,56.66957534340354,439.5555615837712,27.51197973517781,23.47561062939852,19.82683914342118,15.07299507391602,11.78963789124828,7.551583835740685,3.002504824756183,-3.607593100621065,-10.83180642540914,0,0,.0000883015428597,-.1103316677790782,-138.3955372964681,-169.036001661682,-134.9249415829151,-238.2214245764049,-58.12050181354005,-113.502213048188,-128.0501235813677,-87.26193278241188,-291.8276963428085,2.627362209977277,3.475726030666809,2.025397200825787,4.782142307661229,-1.502024320310995,.7978611998184834,2.411944618853891,.6181846188713243,8.662148412187802,0,321.8338680846672,413.0165798099364,306.4903952942079,622.7897075488336,83.33527820406302,240.9891655767928,306.3048947820515,169.3123974856366,626.55300248792
evreg3,5.relative_year_bin_aux#1.treat#1.rice_area_aclvl_ahigh,65.28189167446928,439.5555615837712,-1.405879467250472,-.9459531314004317,-1.117291454975349,-.3195689238360023,-1.929109329550478,.1364163064941069,-.2482807068114609,.6540856784953797,-2.593182724454095,0,0,.0032353651410038,-.2829393695099571,-105.8307049664238,-68.76155433728668,-110.8354964277019,-54.29158608918063,-271.7703754259371,-66.74532232136367,-84.66278184820534,-18.23265194389604,-93.74200966141312,-.0438519626609677,-1.713837367398837,-.10107532101101,-1.081617602660276,7.468451885407806,-.4409159808239489,.3033236775962414,-2.433456267091797,-1.513731395032929,0,218.4285273375125,101.1333356467759,237.2726033257682,83.33527820406302,757.4332059654251,128.1320860557538,155.303573247523,1.857477147091606,42.33392886585524
evreg3,6.relative_year_bin_aux#1.treat#1.rice_area_aclvl_ahigh,41.29615780632209,439.5555615837712,7.219299736092498,6.103382952027975,5.261138967714311,4.024391819880096,3.048075953771408,2.266367360738637,1.052752457469189,-.3853221918852975,-3.884060629468394,0,0,-.000359192518657,-.3724900591906842,-106.2579799647185,-105.09806102053,-105.600994735863,-110.7527498345906,-66.68522328483742,-115.5381605426292,-97.79032978277367,-72.25324016606936,-199.0976699429427,.8876770321988467,1.027284570430248,.9043812047831808,1.240274345227999,-.5718040341562836,-.276100298408699,.8353377931710214,-.0954094429798995,5.375566973686277,0,221.6027148167019,219.4278197872416,220.8558254940795,240.9891655767928,128.1320860557538,261.2002046124961,219.8063586742627,126.8012956671802,369.4646107282004
evreg3,7.relative_year_bin_aux#1.treat#1.rice_area_aclvl_ahigh,36.90862245816982,439.5555615837712,-6.591048134202634,-5.93766878340576,-4.831547888405706,-4.38981975339051,-3.384644353193911,-1.969674094129743,-1.685276610387839,1.564609574519359,-.7722554449151691,0,0,-.0046181869105214,-.26330952161698,-112.050491497069,-110.132969864626,-114.1867082654898,-125.7706091544645,-83.7402879557484,-97.56563056375342,-177.8160596307051,-49.38255498639033,-261.2182260042786,2.111040828531846,2.266842794595815,2.062017035627428,2.598284379419137,.0298705938289556,.8036345765346165,2.739194321350061,.4017283843916035,11.7526786370927,0,254.8800316635907,251.225146369564,257.5070818374287,306.3048947820515,155.303573247523,219.8063586742627,435.6318276211657,112.7782422209829,588.7854491977924
evreg3,9.relative_year_bin_aux#1.treat#1.rice_area_aclvl_ahigh,75.81723341308793,439.5555615837712,-11.27905675257183,-9.833129432344165,-8.028925931570516,-6.358681669122399,-4.307361722834323,-2.857704486668073,-1.196352217129592,2.357702555551754,2.009409215004641,0,0,-.0062424722744397,.2617980209285641,-96.63003153743313,-96.98044806168069,-97.12558786374824,-86.13131562813363,-18.35075323014868,-73.26848092956673,-49.62747817639816,-154.0306333195073,-208.2673399065093,.3380366110986095,.4342786880121483,.3235678659665013,.0403570820718523,-2.394535830649779,-1.042964741877594,-.5892514764260341,.2337454416930082,6.566285151172552,0,202.0543658914444,201.3583697728021,204.0660307701438,169.3123974856366,1.857477147091606,126.8012956671802,112.7782422209829,357.7951234121978,509.5012866861684
evreg3,10.relative_year_bin_aux#1.treat#1.rice_area_aclvl_ahigh,103.0215122142247,439.5555615837712,-41.85247875771871,-36.66463401730579,-30.68261344255432,-25.43507450465542,-17.66193311988982,-12.39138312108878,-7.884584190872725,4.377492493431709,1.053820652769836,0,0,-.0152345988693773,.342278587550028,-271.9185442676924,-275.4386732764896,-272.8979316301377,-287.3962650045716,-91.60470865481138,-200.7946433787442,-261.634243657591,-208.8157591914997,-1007.82100178111,6.38193491366867,6.661364281766073,6.256996241328923,6.392458015482679,-1.419179823325795,2.408564449107729,6.758080521834277,7.365272597832911,35.22452182466873,0,588.5957648678894,595.4700401242241,586.477355069993,626.55300248792,42.33392886585524,369.4646107282004,588.7854491977924,509.5012866861684,2352.591417049185
evreg4,1bn.relative_year_bin_aux,-155.8143009304814,439.5555615837712,707.4550173437862,608.376116360674,507.709761826046,406.0483518231525,302.2859200468118,201.4135397583761,100.0535123215807,-99.77435668253358,-192.0122100867036,0,0,.0268315066136499,-6.754235737701776,.5823319344905619,-2.441276927272532,-6.381424090480166,-5.767163478342435,-.0095525071142415,1.186095193323665,2.231149272411781,-1.566783063240851,-2.280054718397531,1.257369289571715,2.959909731135475,-.7668199141116713,1.603798033188597,-5.890054234408213,-3.244724752072486,-3.74151051785329,-19.64212386522796,-38.08910110877969,0,-20.33379816392547,.6610062486562718,-16.99706284033512,1.8378526050306,-47.50066132650021,-13.19583337279232,-22.00746581828421,-33.56101521877819,-113.5059556624957
evreg4,2.relative_year_bin_aux,-145.6159032227008,439.5555615837712,608.376116360674,523.6289781099388,436.8839985130692,349.4091454651232,260.0535120997609,173.320092424285,86.13431153795416,-85.65642051039559,-164.9505675892773,0,0,.0239366783911077,-5.885323252293558,.5464344207087704,-2.276369161782232,-5.833150833938887,-5.1812637828805,-.0176779334202234,1.076832640284378,2.039362340952811,-1.376847654878953,-1.859961146780089,1.110216058819564,2.200735402247689,-.8623098004770428,1.196564276548602,-5.256175683528524,-2.883581302401551,-3.21180162629888,-17.03289252352163,-32.78980635038872,0,-17.47120603306002,.8281412079783923,-14.2630168489305,1.931230568097226,-41.03911064290816,-11.35077616319054,-18.93087701122004,-28.80241972080202,-97.66367949914124
evreg4,3.relative_year_bin_aux,-115.4144219430683,439.5555615837712,507.709761826046,436.8839985130692,365.1775350257117,291.7119793792326,217.0980699699554,144.7399461085501,71.99918175822661,-71.28999750328924,-137.5040250587687,0,0,.0202029932008828,-4.859250033188702,.2875547879641479,-1.974957572727068,-4.905649688834126,-4.084046537467763,-.0604456400480469,.6329702886383791,1.382487799917153,-1.444067384425009,-2.010198739189234,.8275078625776312,1.86930950756381,-1.30787506864366,.9111668723601047,-4.593121487047209,-2.546459933125789,-2.766324565354394,-14.41401109352768,-27.4849635031591,0,-14.41879942206819,.7764053780021669,-11.82099439331838,1.489243245264033,-34.43734176041871,-9.275352671110197,-15.55203818903184,-23.79855889583284,-81.10077202743847
evreg4,4.relative_year_bin_aux,-78.53435849506708,439.5555615837712,406.0483518231525,349.4091454651232,291.7119793792326,233.8943310471724,173.6813617987031,115.8489950932217,57.7235009980671,-56.87308771165067,-109.7968893609262,0,0,.0148430131915065,-3.89887726659148,.2283612426976991,-1.558176186170671,-3.692274051618301,-3.621608048815051,-.063720272869173,.5400279415035815,1.101537844771506,-1.138568777036845,-1.503228572465706,.4680285434795327,1.301058878430585,-.854704198974352,.18065106374708,-3.723015760133487,-2.190011673443593,-2.387407101314436,-11.65289342530579,-22.2085268000351,0,-11.6861600316029,.4684406872736585,-9.899814781420934,1.410413497303854,-27.45296788118979,-7.513969081578319,-12.49755439859292,-19.13261950095285,-65.09477249638566
evreg4,5.relative_year_bin_aux,-66.58882452562543,439.5555615837712,302.2859200468118,260.0535120997609,217.0980699699554,173.6813617987031,129.7555181047602,86.50945915006004,43.14476629800087,-42.26193020189441,-81.85967978190676,0,0,.0116684198061872,-2.949848742201222,.1180899942251134,-1.119312538698252,-2.743142547607514,-2.474562653817606,-.1603117467981524,.4347321990569352,.8128385311793002,-.9253448030766303,-1.149161321675602,.0615761708391967,.7044826022629663,-.8495541094455973,.2533682942673097,-3.021262121730932,-1.957840067659485,-1.993886945128278,-8.902832692634698,-16.96593651459778,0,-9.071164937372975,-.1295366095866892,-7.48510294844007,.4215040527254994,-19.4923814537562,-5.813542377762373,-9.664193712213345,-14.32336507615806,-49.42616874457853
evreg4,6.relative_year_bin_aux,-47.07273054651814,439.5555615837712,201.4135397583761,173.320092424285,144.7399461085501,115.8489950932217,86.50945915006004,58.1191991415346,29.13616324680107,-27.71393121747355,-54.18353382156648,0,0,.0084136310962723,-2.000181526230397,-.1093813614947064,-.9141013108036679,-2.044555081512354,-1.866078973503929,-.2624497241422374,.0024983123841801,.2858392863793491,-.9614529390073131,-.9207026056384002,-.4231574556178856,.0189399443943658,-.9823715267902764,-.2953422027069422,-2.24035902111663,-1.949203204485479,-1.856477173322927,-6.433278289879287,-11.83424592502178,0,-5.932932899322845,-.0159316792833911,-4.762161843976649,.4092413632824287,-12.44502958870294,-3.575562936654544,-6.239012978348164,-9.23891604583179,-33.25487947469015
evreg4,7.relative_year_bin_aux,-28.26897251923509,439.5555615837712,100.0535123215807,86.13431153795416,71.99918175822661,57.7235009980671,43.14476629800087,29.13616324680107,15.10415773119691,-13.31489051731631,-26.5358305224049,0,0,.0043061015784238,-1.10583118929493,-.4296345979631304,-.8612892549384017,-1.356554270996223,-1.320047418574298,-.4361667208096863,-.3451473793672502,-.2869617925206702,-.9099803897402279,-.8307920811022865,-.61565225004249,-.3525206839351472,-.8529636413486857,-.5463699951458099,-1.438416025790356,-1.347182536676942,-1.618535763174172,-3.638423920720112,-6.271694703340566,0,-2.622042735255462,.3569462696718111,-2.056557575554189,.5645000501412047,-5.800456841603103,-1.433382246292088,-2.651574339856105,-4.192919004562146,-16.25088546456905
evreg4,9.relative_year_bin_aux,30.52338160572324,439.5555615837712,-99.77435668253358,-85.65642051039559,-71.28999750328924,-56.87308771165067,-42.26193020189441,-27.71393121747355,-13.31489051731631,16.40952797707707,28.66556985291392,0,0,-.0042794216243701,1.100990505910093,-.7331763574992796,-.3257850494295236,-.018166982423294,.0223919919796355,-.7498043311257602,-.8501233495767012,-1.000031535727391,-1.310865524138787,-.32999247261433,-1.064003746516311,-1.27590967071321,-.8542885542667402,-1.143249831651346,-.1929747126147054,-.5762713953658765,-.4119807413222698,.7806691954658983,4.632790534861897,0,3.953804132417005,1.009411717749834,3.470608152112673,.868036571886181,6.90895767014694,2.861933437831934,4.23898750420568,6.507569982580865,17.89578976829644
evreg4,10.relative_year_bin_aux,31.13006865253502,439.5555615837712,-192.0122100867036,-164.9505675892773,-137.5040250587687,-109.7968893609262,-81.85967978190676,-54.18353382156648,-26.5358305224049,28.66556985291392,56.39499601817857,0,0,-.0088396900084793,1.899671872228845,-.4411456135278427,.2676755492557809,.6714320082124503,.7515475694907879,-.5514202105053242,-.5146768104673813,-.5086406969508422,-.225599366368276,-.6371704759324579,-.6338959400389488,-1.094011439175816,-.2933514911225736,-1.077913079669158,.5706394261936637,.1589835669964315,.6663885069142078,4.452789927921749,9.28288885019359,0,8.135561261527606,2.444528130073444,7.114631868762946,1.998684062220447,12.2177754438073,5.505809535222207,8.42930745052133,10.95644902671356,38.54256981278907
evreg4,1o.treat,0,439.5555615837712,0,0,0,0,0,0,0,0,0,0,0,0,0,0,0,0,0,0,0,0,0,0,0,0,0,0,0,0,0,0,0,0,0,0,0,0,0,0,0,0,0
evreg4,1o.rice_harvarea_aclvl_ahigh,0,439.5555615837712,0,0,0,0,0,0,0,0,0,0,0,0,0,0,0,0,0,0,0,0,0,0,0,0,0,0,0,0,0,0,0,0,0,0,0,0,0,0,0,0,0
evreg4,wind_direction,-.6364255587514465,439.5555615837712,.0268315066136499,.0239366783911077,.0202029932008828,.0148430131915065,.0116684198061872,.0084136310962723,.0043061015784238,-.0042794216243701,-.0088396900084793,0,0,.0000733087175468,-.0021461374177329,-.0014712503649343,-.0001698420168488,.0007073615813585,.000016451396582,.0006431628813689,.0002055672122063,-.000405329636001,-.0009517284649855,-.0013630368855051,-.0027350636131602,-.0013939475919137,.0011225934442546,.0001317449613124,-.0018595306158091,-.0019507954908336,.0019867196235266,-.0031495257148795,-.0043279709821825,0,-.0006565944996789,-.0000689082832776,.0011006505754903,.0015491085845814,-.0009587580896476,-.0005835908991909,-.0015757915468361,-.0013918919517116,-.0204266847470221
evreg4,av_wind_speed,64.17691844965093,439.5555615837712,-6.754235737701776,-5.885323252293558,-4.859250033188702,-3.89887726659148,-2.949848742201222,-2.000181526230397,-1.10583118929493,1.100990505910093,1.899671872228845,0,0,-.0021461374177329,1.580646108629677,.1487468561664003,.0585106102919808,.1370496681224526,.1146455722418518,.0841701999026665,.0043739784246915,.1015407293905736,-.2058123704704006,-.1608379093610104,.1876767035680822,.1241876840546384,-.0763485770186358,-.2049263377894043,.1028902711602493,.2283737296927431,.0903997798041722,.175384271828865,.3691329611033531,0,.8237253831426303,.6107974967897393,.5833227821938298,.3842123265742586,.4660053999049001,.439902055588674,.2892365666448918,1.161341487852547,3.737730158798792
evreg4,1bn.relative_year_bin_aux#1.treat,18.94461671039613,439.5555615837712,.5823319344905619,.5464344207087704,.2875547879641479,.2283612426976991,.1180899942251134,-.1093813614947064,-.4296345979631304,-.7331763574992796,-.4411456135278427,0,0,-.0014712503649343,.1487468561664003,74.04506424954538,46.43989024477784,44.46945231167981,47.2563350929148,46.50340656885229,47.77160388833057,21.28586464075187,18.90076393850177,29.11026068175145,.0419582819694455,.0523431059917516,-.001889874843217,.0682285324591989,-.1617172091082152,.1471851502080555,.3464391259678976,.514484899814672,.5254955598185378,0,-72.50242895736741,-44.74061155107911,-43.72819103638096,-46.14356425455525,-46.91915901282513,-46.34901501195397,-19.99456601001314,-18.35234575420764,-26.95584051430932
evreg4,2.relative_year_bin_aux#1.treat,3.239853259343086,439.5555615837712,-2.441276927272532,-2.276369161782232,-1.974957572727068,-1.558176186170671,-1.119312538698252,-.9141013108036679,-.8612892549384017,-.3257850494295236,.2676755492557809,0,0,-.0001698420168488,.0585106102919808,46.43989024477784,73.83459594940187,62.41996064828382,59.07867366466814,45.39537319629119,46.10215665470456,18.50742450920499,19.21436690208001,31.68854070995092,-.0420641485851044,.0654322820099625,-.0198923426332263,-.0414359576493252,-.1958207122761562,.1092295865466313,.4086187857930043,.4597048780458191,.4244291471069931,0,-45.32806094276475,-72.1894855218321,-61.56396012196269,-57.8463707848465,-45.57551667505508,-44.86997233612983,-17.21236954445882,-18.82996518467464,-29.9716138476653
evreg4,3.relative_year_bin_aux#1.treat,.3600483383474575,439.5555615837712,-6.381424090480166,-5.833150833938887,-4.905649688834126,-3.692274051618301,-2.743142547607514,-2.044555081512354,-1.356554270996223,-.018166982423294,.6714320082124503,0,0,.0007073615813585,.1370496681224526,44.46945231167981,62.41996064828382,75.85160568812245,67.7728452018421,47.51483374996804,47.87065502251658,18.51523260045832,18.73476218597552,29.99208466530234,-.2019087742803589,-.25349468205822,.0307985106789439,-.3524275016590391,-.2249545055504435,.0964632001950821,.4639670628377534,.3712043819034614,.0519913767223555,0,-44.16597255578139,-61.47590490185046,-74.93204381253976,-66.6247283747319,-46.63533310203465,-47.31025887567052,-18.25588135412344,-19.16999750558856,-31.03674419157605
evreg4,4.relative_year_bin_aux#1.treat,3.547850177296031,439.5555615837712,-5.767163478342435,-5.1812637828805,-4.084046537467763,-3.621608048815051,-2.474562653817606,-1.866078973503929,-1.320047418574298,.0223919919796355,.7515475694907879,0,0,.000016451396582,.1146455722418518,47.2563350929148,59.07867366466814,67.7728452018421,80.49973039525231,48.75085718931648,48.49421336707286,19.22596234723069,19.46266430405689,31.27165631736418,-.058476349722168,-.158299562146646,-.3138217405917457,.0340039205840459,-.2006113380590229,.1549927470911677,.5333179467975943,.4587529508115396,.3247803412938128,0,-46.67847621481609,-57.97088917106826,-66.9861880780316,-79.29271074370398,-48.12463829036222,-47.57763868457936,-18.34111041577633,-19.59717289456999,-30.89894865508169
evreg4,5.relative_year_bin_aux#1.treat,-6.472257941439011,439.5555615837712,-.0095525071142415,-.0176779334202234,-.0604456400480469,-.063720272869173,-.1603117467981524,-.2624497241422374,-.4361667208096863,-.7498043311257602,-.5514202105053242,0,0,.0006431628813689,.0841701999026665,46.50340656885229,45.39537319629119,47.51483374996804,48.75085718931648,61.63567910237936,48.96249037208558,19.37666948568261,17.33047854031316,21.94671960073916,-.2128481150098653,-.2020415009184452,-.2084967033030534,-.1907778464333325,-.2166479499191083,.0145527804485538,.2897435876484707,.3486694697795792,.2131651438706365,0,-45.89905622873115,-44.5945281872913,-46.92439214802687,-47.86413126398271,-60.95290210032726,-47.88926828759199,-18.61498705174015,-17.08122376303839,-21.50000053105589
evreg4,6.relative_year_bin_aux#1.treat,-12.6928689672457,439.5555615837712,1.186095193323665,1.076832640284378,.6329702886383791,.5400279415035815,.4347321990569352,.0024983123841801,-.3451473793672502,-.8501233495767012,-.5146768104673813,0,0,.0002055672122063,.0043739784246915,47.77160388833057,46.10215665470456,47.87065502251658,48.49421336707286,48.96249037208558,60.00855143711596,25.8505638926458,18.81970312058348,30.08071796249316,-.0709142083548029,.0192471161500033,-.025395048855938,.0670727229169074,-.032452219364018,.1977946164062113,.3849198186910835,.4082987249820551,.2196771300888688,0,-46.63803516058295,-45.13180896627829,-47.34302335777255,-47.96551755491575,-48.00526570264521,-58.6262358998363,-24.81792780455904,-18.4329740015211,-29.41532582748865
evreg4,7.relative_year_bin_aux#1.treat,-6.802831635861295,439.5555615837712,2.231149272411781,2.039362340952811,1.382487799917153,1.101537844771506,.8128385311793002,.2858392863793491,-.2869617925206702,-1.000031535727391,-.5086406969508422,0,0,-.000405329636001,.1015407293905736,21.28586464075187,18.50742450920499,18.51523260045832,19.22596234723069,19.37666948568261,25.8505638926458,35.44491453294224,15.11859502412453,13.26696575714325,.3442871603228711,.4046588606801782,.3183609962700684,.4092951998511669,.247025146942765,.5290042116611632,.7358177132156244,.6670654292082137,.6678971283223804,0,-20.38586636452461,-17.6157732828874,-18.38463274590596,-18.81571530408914,-19.37538441664318,-24.52913853849498,-33.74772088510223,-14.72740263484176,-11.02231542844252
evreg4,9.relative_year_bin_aux#1.treat,9.117487550336197,439.5555615837712,-1.566783063240851,-1.376847654878953,-1.444067384425009,-1.138568777036845,-.9253448030766303,-.9614529390073131,-.9099803897402279,-1.310865524138787,-.225599366368276,0,0,-.0009517284649855,-.2058123704704006,18.90076393850177,19.21436690208001,18.73476218597552,19.46266430405689,17.33047854031316,18.81970312058348,15.11859502412453,31.50286496784489,18.38934779895886,.7191445177951105,.7649768654848729,.7722410411707894,.7765916163509776,.7102661631306778,.7737838731268897,.8188080453033079,1.729067338292801,1.224649748221361,0,-18.67481988797789,-19.10403386378552,-18.88545232044535,-19.58758039028139,-17.520242215594,-18.46039014039988,-14.38616823697453,-30.90340707011343,-16.29921675618799
evreg4,10.relative_year_bin_aux#1.treat,30.16406090374086,439.5555615837712,-2.280054718397531,-1.859961146780089,-2.010198739189234,-1.503228572465706,-1.149161321675602,-.9207026056384002,-.8307920811022865,-.32999247261433,-.6371704759324579,0,0,-.0013630368855051,-.1608379093610104,29.11026068175145,31.68854070995092,29.99208466530234,31.27165631736418,21.94671960073916,30.08071796249316,13.26696575714325,18.38934779895886,75.71747679093322,.3979518677405291,.4588107992089034,.4735182490829181,.4606463206775072,.6459673593289296,.5270037212862497,.4871195192474497,.7699235157477955,1.331572189340897,0,-28.78712860724744,-31.66926686954857,-30.45304590053148,-31.78376443611646,-21.95639303940244,-29.5009077999429,-12.25492727511302,-17.67271102606283,-73.31341863797968
evreg4,1bn.relative_year_bin_aux#1.rice_harvarea_aclvl_ahigh,24.29103073611627,439.5555615837712,1.257369289571715,1.110216058819564,.8275078625776312,.4680285434795327,.0615761708391967,-.4231574556178856,-.61565225004249,-1.064003746516311,-.6338959400389488,0,0,-.0027350636131602,.1876767035680822,.0419582819694455,-.0420641485851044,-.2019087742803589,-.058476349722168,-.2128481150098653,-.0709142083548029,.3442871603228711,.7191445177951105,.3979518677405291,4.900847905868092,3.70535353855225,3.521168317492288,2.795720794488529,2.446575276283257,3.118085434570185,3.29063649573503,2.460954391377848,3.945838169154616,0,2.504009634493529,2.156301026094968,1.832033993748258,1.515845549356382,-1.371422884014422,1.482272648483646,1.867312559087672,-.2447409789830938,5.682409406811127
evreg4,2.relative_year_bin_aux#1.rice_harvarea_aclvl_ahigh,12.22332236898932,439.5555615837712,2.959909731135475,2.200735402247689,1.86930950756381,1.301058878430585,.7044826022629663,.0189399443943658,-.3525206839351472,-1.27590967071321,-1.094011439175816,0,0,-.0013939475919137,.1241876840546384,.0523431059917516,.0654322820099625,-.25349468205822,-.158299562146646,-.2020415009184452,.0192471161500033,.4046588606801782,.7649768654848729,.4588107992089034,3.70535353855225,4.866019383936232,3.516661519913102,3.776281151383098,2.073634768139122,3.046616207008958,3.14429925162458,2.32448670388038,3.766147512299382,0,1.945545219713807,2.478041178627659,1.305095712946853,1.85103074040243,-2.422327680792166,1.309056789234997,1.878419272120685,-.590053437889537,4.750841810562715
evreg4,3.relative_year_bin_aux#1.rice_harvarea_aclvl_ahigh,-6.630283381918562,439.5555615837712,-.7668199141116713,-.8623098004770428,-1.30787506864366,-.854704198974352,-.8495541094455973,-.9823715267902764,-.8529636413486857,-.8542885542667402,-.2933514911225736,0,0,.0011225934442546,-.0763485770186358,-.001889874843217,-.0198923426332263,.0307985106789439,-.3138217405917457,-.2084967033030534,-.025395048855938,.3183609962700684,.7722410411707894,.4735182490829181,3.521168317492288,3.516661519913102,5.051880559604867,3.036108154690346,2.748586203703277,2.972891345569926,3.277265584446742,2.31979517520598,3.704204546220484,0,2.105579257024001,1.462501556870137,1.318738603118486,1.081689108220965,-1.197315070210617,.928153374831199,1.635261380050326,-.6972269236724666,3.987723527642958
evreg4,4.relative_year_bin_aux#1.rice_harvarea_aclvl_ahigh,13.29961093956562,439.5555615837712,1.603798033188597,1.196564276548602,.9111668723601047,.18065106374708,.2533682942673097,-.2953422027069422,-.5463699951458099,-1.143249831651346,-1.077913079669158,0,0,.0001317449613124,-.2049263377894043,.0682285324591989,-.0414359576493252,-.3524275016590391,.0340039205840459,-.1907778464333325,.0670727229169074,.4092951998511669,.7765916163509776,.4606463206775072,2.795720794488529,3.776281151383098,3.036108154690346,6.610845322724918,2.215911707211518,2.85261788788024,3.580177698772954,1.457628239880112,3.415463626101434,0,1.214507440139358,2.227767166425335,1.204642000813053,2.229212621157341,-2.070644399581639,.7465741440084432,1.641139475048351,-.7717018107800372,2.926121574632721
evreg4,5.relative_year_bin_aux#1.rice_harvarea_aclvl_ahigh,29.39712255384261,439.5555615837712,-5.890054234408213,-5.256175683528524,-4.593121487047209,-3.723015760133487,-3.021262121730932,-2.24035902111663,-1.438416025790356,-.1929747126147054,.5706394261936637,0,0,-.0018595306158091,.1028902711602493,-.1617172091082152,-.1958207122761562,-.2249545055504435,-.2006113380590229,-.2166479499191083,-.032452219364018,.247025146942765,.7102661631306778,.6459673593289296,2.446575276283257,2.073634768139122,2.748586203703277,2.215911707211518,4.906684789042807,2.701795924453145,2.38878409724754,1.413530150985858,.930571885579659,0,-.7644057424332814,-1.581777241730093,.0921791475436397,-1.690032107964971,4.531274411056595,-1.020680424160857,-.5922153945146507,-1.672271074274218,-1.299239678273453
evreg4,6.relative_year_bin_aux#1.rice_harvarea_aclvl_ahigh,34.88688294239252,439.5555615837712,-3.244724752072486,-2.883581302401551,-2.546459933125789,-2.190011673443593,-1.957840067659485,-1.949203204485479,-1.347182536676942,-.5762713953658765,.1589835669964315,0,0,-.0019507954908336,.2283737296927431,.1471851502080555,.1092295865466313,.0964632001950821,.1549927470911677,.0145527804485538,.1977946164062113,.5290042116611632,.7737838731268897,.5270037212862497,3.118085434570185,3.046616207008958,2.972891345569926,2.85261788788024,2.701795924453145,4.167527148549523,3.174621820397592,2.36497134761809,2.909578828480484,0,1.296078282909837,1.250433934109531,.8509624728433506,.7091617714007689,-.5583172969042826,.1962440513271117,.5811653484398585,-.7780785856468198,2.724953791067272
evreg4,7.relative_year_bin_aux#1.rice_harvarea_aclvl_ahigh,7.567651004516205,439.5555615837712,-3.74151051785329,-3.21180162629888,-2.766324565354394,-2.387407101314436,-1.993886945128278,-1.856477173322927,-1.618535763174172,-.4119807413222698,.6663885069142078,0,0,.0019867196235266,.0903997798041722,.3464391259678976,.4086187857930043,.4639670628377534,.5333179467975943,.2897435876484707,.3849198186910835,.7358177132156244,.8188080453033079,.4871195192474497,3.29063649573503,3.14429925162458,3.277265584446742,3.580177698772954,2.38878409724754,3.174621820397592,6.093650892505925,2.28191477877565,4.468302450130654,0,1.308635108036128,1.417980655990752,1.151668404356379,1.190257722505934,-.4774620772172476,.7672832437650506,1.269449184629448,-.6444256491862357,5.060503803124146
evreg4,9.relative_year_bin_aux#1.rice_harvarea_aclvl_ahigh,27.65666223561351,439.5555615837712,-19.64212386522796,-17.03289252352163,-14.41401109352768,-11.65289342530579,-8.902832692634698,-6.433278289879287,-3.638423920720112,.7806691954658983,4.452789927921749,0,0,-.0031495257148795,.175384271828865,.514484899814672,.4597048780458191,.3712043819034614,.4587529508115396,.3486694697795792,.4082987249820551,.6670654292082137,1.729067338292801,.7699235157477955,2.460954391377848,2.32448670388038,2.31979517520598,1.457628239880112,1.413530150985858,2.36497134761809,2.28191477877565,5.752703724819077,4.349430426975854,0,.8366576710463625,.4921675764013483,.3532154537285092,.2933674564246058,-1.342537859151093,.2755534791297055,.1149095151340929,-1.39833762328644,4.097321897143087
evreg4,10.relative_year_bin_aux#1.rice_harvarea_aclvl_ahigh,34.601177368857,439.5555615837712,-38.08910110877969,-32.78980635038872,-27.4849635031591,-22.2085268000351,-16.96593651459778,-11.83424592502178,-6.271694703340566,4.632790534861897,9.28288885019359,0,0,-.0043279709821825,.3691329611033531,.5254955598185378,.4244291471069931,.0519913767223555,.3247803412938128,.2131651438706365,.2196771300888688,.6678971283223804,1.224649748221361,1.331572189340897,3.945838169154616,3.766147512299382,3.704204546220484,3.415463626101434,.930571885579659,2.909578828480484,4.468302450130654,4.349430426975854,17.73704125190278,0,7.880712680658055,6.893674042480778,6.639830235279192,5.679844503226183,-.437941162548405,5.611361523300398,9.245892497402229,3.84077111837044,24.78195984213834
evreg4,1o.treat#1o.rice_harvarea_aclvl_ahigh,0,439.5555615837712,0,0,0,0,0,0,0,0,0,0,0,0,0,0,0,0,0,0,0,0,0,0,0,0,0,0,0,0,0,0,0,0,0,0,0,0,0,0,0,0,0
evreg4,1bn.relative_year_bin_aux#1.treat#1.rice_harvarea_aclvl_ahigh,49.46265084774873,439.5555615837712,-20.33379816392547,-17.47120603306002,-14.41879942206819,-11.6861600316029,-9.071164937372975,-5.932932899322845,-2.622042735255462,3.953804132417005,8.135561261527606,0,0,-.0006565944996789,.8237253831426303,-72.50242895736741,-45.32806094276475,-44.16597255578139,-46.67847621481609,-45.89905622873115,-46.63803516058295,-20.38586636452461,-18.67481988797789,-28.78712860724744,2.504009634493529,1.945545219713807,2.105579257024001,1.214507440139358,-.7644057424332814,1.296078282909837,1.308635108036128,.8366576710463625,7.880712680658055,0,302.7319656939035,204.7351360418187,229.2280275016177,197.0187089636556,138.960722631159,157.7327604375949,150.9483752852799,125.2546287526922,321.9846748283847
evreg4,2.relative_year_bin_aux#1.treat#1.rice_harvarea_aclvl_ahigh,33.09918149516108,439.5555615837712,.6610062486562718,.8281412079783923,.7764053780021669,.4684406872736585,-.1295366095866892,-.0159316792833911,.3569462696718111,1.009411717749834,2.444528130073444,0,0,-.0000689082832776,.6107974967897393,-44.74061155107911,-72.1894855218321,-61.47590490185046,-57.97088917106826,-44.5945281872913,-45.13180896627829,-17.6157732828874,-19.10403386378552,-31.66926686954857,2.156301026094968,2.478041178627659,1.462501556870137,2.227767166425335,-1.581777241730093,1.250433934109531,1.417980655990752,.4921675764013483,6.893674042480778,0,204.7351360418187,301.6277313413482,221.3774951225666,250.2238138801483,82.55384937815795,155.8080687291847,146.2620198820873,123.4392305485586,322.3711725377954
evreg4,3.relative_year_bin_aux#1.treat#1.rice_harvarea_aclvl_ahigh,4.904865548924299,439.5555615837712,-16.99706284033512,-14.2630168489305,-11.82099439331838,-9.899814781420934,-7.48510294844007,-4.762161843976649,-2.056557575554189,3.470608152112673,7.114631868762946,0,0,.0011006505754903,.5833227821938298,-43.72819103638096,-61.56396012196269,-74.93204381253976,-66.9861880780316,-46.92439214802687,-47.34302335777255,-18.38463274590596,-18.88545232044535,-30.45304590053148,1.832033993748258,1.305095712946853,1.318738603118486,1.204642000813053,.0921791475436397,.8509624728433506,1.151668404356379,.3532154537285092,6.639830235279192,0,229.2280275016177,221.3774951225666,291.2178505909525,205.3923669114996,157.5782715752869,156.5779019842013,149.0185391735018,124.0718882527195,314.6986747349444
evreg4,4.relative_year_bin_aux#1.treat#1.rice_harvarea_aclvl_ahigh,34.60183434370984,439.5555615837712,1.8378526050306,1.931230568097226,1.489243245264033,1.410413497303854,.4215040527254994,.4092413632824287,.5645000501412047,.868036571886181,1.998684062220447,0,0,.0015491085845814,.3842123265742586,-46.14356425455525,-57.8463707848465,-66.6247283747319,-79.29271074370398,-47.86413126398271,-47.96551755491575,-18.81571530408914,-19.58758039028139,-31.78376443611646,1.515845549356382,1.85103074040243,1.081689108220965,2.229212621157341,-1.690032107964971,.7091617714007689,1.190257722505934,.2933674564246058,5.679844503226183,0,197.0187089636556,250.2238138801483,205.3923669114996,368.9251486764134,76.63682275462476,163.8852968473981,169.4200738766889,106.7656156278351,328.1513779242766
evreg4,5.relative_year_bin_aux#1.treat#1.rice_harvarea_aclvl_ahigh,74.69425017130249,439.5555615837712,-47.50066132650021,-41.03911064290816,-34.43734176041871,-27.45296788118979,-19.4923814537562,-12.44502958870294,-5.800456841603103,6.90895767014694,12.2177754438073,0,0,-.0009587580896476,.4660053999049001,-46.91915901282513,-45.57551667505508,-46.63533310203465,-48.12463829036222,-60.95290210032726,-48.00526570264521,-19.37538441664318,-17.520242215594,-21.95639303940244,-1.371422884014422,-2.422327680792166,-1.197315070210617,-2.070644399581639,4.531274411056595,-.5583172969042826,-.4774620772172476,-1.342537859151093,-.437941162548405,0,138.960722631159,82.55384937815795,157.5782715752869,76.63682275462476,412.8588680989767,103.3719919157974,93.51306124177754,23.86066174128012,40.60854540288911
evreg4,6.relative_year_bin_aux#1.treat#1.rice_harvarea_aclvl_ahigh,11.14333787480933,439.5555615837712,-13.19583337279232,-11.35077616319054,-9.275352671110197,-7.513969081578319,-5.813542377762373,-3.575562936654544,-1.433382246292088,2.861933437831934,5.505809535222207,0,0,-.0005835908991909,.439902055588674,-46.34901501195397,-44.86997233612983,-47.31025887567052,-47.57763868457936,-47.88926828759199,-58.6262358998363,-24.52913853849498,-18.46039014039988,-29.5009077999429,1.482272648483646,1.309056789234997,.928153374831199,.7465741440084432,-1.020680424160857,.1962440513271117,.7672832437650506,.2755534791297055,5.611361523300398,0,157.7327604375949,155.8080687291847,156.5779019842013,163.8852968473981,103.3719919157974,189.0427245920481,136.5633803593286,91.91246350217045,221.7309463582071
evreg4,7.relative_year_bin_aux#1.treat#1.rice_harvarea_aclvl_ahigh,8.465148097308251,439.5555615837712,-22.00746581828421,-18.93087701122004,-15.55203818903184,-12.49755439859292,-9.664193712213345,-6.239012978348164,-2.651574339856105,4.23898750420568,8.42930745052133,0,0,-.0015757915468361,.2892365666448918,-19.99456601001314,-17.21236954445882,-18.25588135412344,-18.34111041577633,-18.61498705174015,-24.81792780455904,-33.74772088510223,-14.38616823697453,-12.25492727511302,1.867312559087672,1.878419272120685,1.635261380050326,1.641139475048351,-.5922153945146507,.5811653484398585,1.269449184629448,.1149095151340929,9.245892497402229,0,150.9483752852799,146.2620198820873,149.0185391735018,169.4200738766889,93.51306124177754,136.5633803593286,249.3351217179609,76.03672821599181,308.4913843952967
evreg4,9.relative_year_bin_aux#1.treat#1.rice_harvarea_aclvl_ahigh,60.0142592834468,439.5555615837712,-33.56101521877819,-28.80241972080202,-23.79855889583284,-19.13261950095285,-14.32336507615806,-9.23891604583179,-4.192919004562146,6.507569982580865,10.95644902671356,0,0,-.0013918919517116,1.161341487852547,-18.35234575420764,-18.82996518467464,-19.16999750558856,-19.59717289456999,-17.08122376303839,-18.4329740015211,-14.72740263484176,-30.90340707011343,-17.67271102606283,-.2447409789830938,-.590053437889537,-.6972269236724666,-.7717018107800372,-1.672271074274218,-.7780785856468198,-.6444256491862357,-1.39833762328644,3.84077111837044,0,125.2546287526922,123.4392305485586,124.0718882527195,106.7656156278351,23.86066174128012,91.91246350217045,76.03672821599181,212.9921285626359,266.0246426497288
evreg4,10.relative_year_bin_aux#1.treat#1.rice_harvarea_aclvl_ahigh,100.469213748279,439.5555615837712,-113.5059556624957,-97.66367949914124,-81.10077202743847,-65.09477249638566,-49.42616874457853,-33.25487947469015,-16.25088546456905,17.89578976829644,38.54256981278907,0,0,-.0204266847470221,3.737730158798792,-26.95584051430932,-29.9716138476653,-31.03674419157605,-30.89894865508169,-21.50000053105589,-29.41532582748865,-11.02231542844252,-16.29921675618799,-73.31341863797968,5.682409406811127,4.750841810562715,3.987723527642958,2.926121574632721,-1.299239678273453,2.724953791067272,5.060503803124146,4.097321897143087,24.78195984213834,0,321.9846748283847,322.3711725377954,314.6986747349444,328.1513779242766,40.60854540288911,221.7309463582071,308.4913843952967,266.0246426497288,1189.68768774779
evreg5,1bn.relative_year_bin_aux,-157.2506060245826,439.5555615837712,706.7298689678196,607.5981670383842,507.1112222229717,405.3805869736734,302.1496779928244,201.3107928904861,100.1160827612414,-99.32991261249381,-191.3823165709537,0,0,.026818286485477,-6.888739780441949,-.4290139856997941,-3.132358752085774,-6.746359000407516,-7.00274427719567,.2946975807216548,.7860658839232054,2.368205995599068,-2.184013461548436,-.5485359042840948,1.710065393915981,3.515685472253314,-.0521501585673442,2.298057471970291,-5.638234117519712,-3.195807739051029,-3.810574767095607,-17.0573830374519,-33.81722555326829,0,-17.94906248563522,1.523046829334913,-15.76717301747291,3.280512458365394,-46.16232927441711,-12.30277191718531,-21.09256935902214,-33.03176587643249,-113.5462191656812
evreg5,2.relative_year_bin_aux,-146.2137261286963,439.5555615837712,607.5981670383842,522.816664972726,436.267556498519,348.7072912776503,259.8811554860047,173.1966710731063,86.18033152730655,-85.24724211871494,-164.3725030091702,0,0,.0239400498026004,-6.003054755153737,-.2785435583779048,-2.897525266647497,-6.135327481428599,-6.265659618671381,.2305018562230539,.7006541850591574,2.10397332935349,-1.943547389086617,-.4112376836373373,1.499587836685243,2.693294982814581,-.2547248995771133,1.838991463671486,-5.045266091748396,-2.856347560227217,-3.298382865979613,-14.81616597321203,-29.11756107567805,0,-15.45158445188506,1.612068266292249,-13.20461365550844,3.198614484311507,-39.86774368675174,-10.53468346217547,-18.07721815262536,-28.29752879800741,-97.6269705374547
evreg5,3.relative_year_bin_aux,-115.8441642083993,439.5555615837712,507.1112222229717,436.267556498519,364.7237658218472,291.1832880222219,216.9830398782494,144.6755567090435,72.05532176385564,-70.94232659386897,-137.0144203473109,0,0,.0201400794841819,-4.955610317000725,-.3940431839155878,-2.47119874316952,-5.227493101945612,-5.020679440719364,.0948356487065438,.2733210853227819,1.407819311656266,-1.940675819428262,-.7866903195392765,1.180072235415208,2.297461609903523,-.7839917683059064,1.455776764420369,-4.419123941245602,-2.555779653602496,-2.861795207254362,-12.56732411278302,-24.42113110227164,0,-12.70860777046957,1.439091754701593,-10.86940691225607,2.577279414833,-33.39739531387574,-8.531994206027932,-14.80286911914719,-23.33815991048455,-81.04220528838115
evreg5,4.relative_year_bin_aux,-81.53755806849281,439.5555615837712,405.3805869736734,348.7072912776503,291.1832880222219,233.3553573750076,173.5307230669349,115.7596618977871,57.76347417364932,-56.56204909455987,-109.3707960974276,0,0,.0149291505147033,-3.983294642286486,-.3816614132865563,-1.94489356542235,-3.884818251120088,-4.431409214279275,.0994966291007145,.250502172737446,1.086580284067594,-1.583645346862858,-.5537704697049159,.7609034715985457,1.706274745014009,-.4049989866339159,.6210521759925421,-3.59409055306362,-2.190793868545774,-2.463864563357933,-10.17482346778188,-19.71982930640862,0,-10.20449419778179,1.026532037905787,-9.138535570624938,2.39032456058992,-26.62251822275486,-6.894192449863824,-11.83889456553711,-18.70397893513449,-64.92399468058429
evreg5,5.relative_year_bin_aux,-67.70415140878241,439.5555615837712,302.1496779928244,259.8811554860047,216.9830398782494,173.5307230669349,129.7644716764108,86.53973047150674,43.21733980214152,-42.05075371959847,-81.60370697708819,0,0,.0116059988460953,-3.021144384971177,-.314193315373933,-1.453477352089535,-2.989085781716866,-3.019109655782468,-.1832626297374015,.1728024152948101,.7439683736395259,-1.299353491842808,-.39033855361952,.3018937088247675,.9591108365187443,-.543660574223449,.4917802129481678,-2.898158243983575,-1.92523807389547,-2.030248049865147,-7.826749781344865,-15.09896585817491,0,-7.961872710538854,.3419448540987137,-6.815276716903277,1.122384874595098,-18.72436261752482,-5.289179433525458,-9.0731946880151,-14.00427574669225,-49.36265342172251
evreg5,6.relative_year_bin_aux,-46.81986384032707,439.5555615837712,201.3107928904861,173.1966710731063,144.6755567090435,115.7596618977871,86.53973047150674,58.17630463725629,29.23294928801718,-27.51075468692521,-53.96590758515747,0,0,.0082534659619537,-2.044681377839846,-.4927130653806447,-1.229708593560481,-2.274886706449659,-2.350236617410656,-.3038484520236215,-.2980061058189449,.1233013751903986,-1.333460618063696,-.5949267574000521,-.2956778774252113,.1462728624457739,-.8365308597945731,-.1920344031453153,-2.199789425712877,-1.965906090717456,-1.926797823428781,-5.764813923933538,-10.64615249187593,0,-5.168508028329699,.3268600831853043,-4.300965245771689,.9594213524874319,-11.93704057446784,-3.1467569880886,-5.769719536016105,-8.9264032950492,-33.09387796582028
evreg5,7.relative_year_bin_aux,-27.36860480315848,439.5555615837712,100.1160827612414,86.18033152730655,72.05532176385564,57.76347417364932,43.21733980214152,29.23294928801718,15.21314103110946,-13.1837327003786,-26.42489235532222,0,0,.0042314828798601,-1.132886955244977,-.7428206265821917,-1.143630431553241,-1.608415691715624,-1.688581202133955,-.5561287100076903,-.637419653853098,-.4909342745710816,-1.179717432173853,-.788132722939199,-.5865845738607121,-.3244387553260046,-.8115970725079147,-.5385857955816516,-1.445007397419106,-1.406271928153097,-1.700981042915239,-3.35129650258944,-5.725277502949199,0,-2.114962079767771,.6530062133051723,-1.679860257722921,.9754545282848079,-5.441572584080648,-1.075766030645012,-2.300094222916493,-3.957802882609676,-16.08602500525195
evreg5,9.relative_year_bin_aux,25.79570720676384,439.5555615837712,-99.32991261249381,-85.24724211871494,-70.94232659386897,-56.56204909455987,-42.05075371959847,-27.51075468692521,-13.1837327003786,16.576496943019,28.70336381068267,0,0,-.0041391542819093,1.107655093333865,-.7891467288973005,-.4164725642780289,-.1713660986209777,.0123755595981551,-.8728823030155471,-1.024788446801609,-1.306553880313745,-1.635137312739644,-.7392708280140979,-1.209540150283781,-1.416827369212792,-1.019003483669804,-1.259695658630524,-.2858015054345118,-.671275009346744,-.4784443888069464,.1656110111987663,3.881128381709412,0,3.881756284009974,1.144795300275474,3.547638858192784,.8818314763647076,6.800958555266561,2.990331262179755,4.429917782597331,6.876293046517855,18.14589898172978
evreg5,10.relative_year_bin_aux,25.9827713237508,439.5555615837712,-191.3823165709537,-164.3725030091702,-137.0144203473109,-109.3707960974276,-81.60370697708819,-53.96590758515747,-26.42489235532222,28.70336381068267,55.99188618910744,0,0,-.0087433627448723,1.881709911501261,-.6550954786413518,.0008184603870356,.3226099428341416,.6777522105337829,-.8376909237091025,-.9504440902630382,-1.224970259108607,-.3306788806758778,-1.607514212383362,-.8330263564797956,-1.279727717228247,-.5338468665702186,-1.162810595333174,.5321427930547965,.0922024511338568,.6252923093730552,3.445264029014514,8.357816406739312,0,8.042638298209912,2.74667004005289,7.287095388031627,2.061958797193961,12.10891882567183,5.827785297527768,8.921245099890246,11.09324106510824,39.04177501022328
evreg5,1o.treat,0,439.5555615837712,0,0,0,0,0,0,0,0,0,0,0,0,0,0,0,0,0,0,0,0,0,0,0,0,0,0,0,0,0,0,0,0,0,0,0,0,0,0,0,0,0
evreg5,1o.rice_prod_aclvl_ahigh,0,439.5555615837712,0,0,0,0,0,0,0,0,0,0,0,0,0,0,0,0,0,0,0,0,0,0,0,0,0,0,0,0,0,0,0,0,0,0,0,0,0,0,0,0,0
evreg5,wind_direction,-.635534908449362,439.5555615837712,.026818286485477,.0239400498026004,.0201400794841819,.0149291505147033,.0116059988460953,.0082534659619537,.0042314828798601,-.0041391542819093,-.0087433627448723,0,0,.000073083730423,-.0021612606210894,-.001021713689405,.0000601518020197,.0006518623961458,-.0003135725207764,.0006957375431215,.0001145190983133,-.000334717162429,-.0014029877920354,-.002362313722347,-.0026676987817934,-.0014911988198369,.0009206293288039,-.0002166602692844,-.0017337930084752,-.0016710558557597,.0016485005142091,-.0026815364770918,-.0035886164516777,0,-.0012773301132828,-.0004563024854577,.0010995151164134,.0018621717409661,-.0010387826039428,-.0004996943706751,-.0012336935950612,-.0010534529154037,-.0185539396710799
evreg5,av_wind_speed,64.19239418571932,439.5555615837712,-6.888739780441949,-6.003054755153737,-4.955610317000725,-3.983294642286486,-3.021144384971177,-2.044681377839846,-1.132886955244977,1.107655093333865,1.881709911501261,0,0,-.0021612606210894,1.577637976819213,.0792663820509574,-.0127648259496305,.1530011459861305,.109147006544117,.0174159758323889,-.0412988475732755,.0726969971261588,-.2225325984676085,-.1837504403748995,.2452210628998269,.177243027809915,-.0086389339762064,-.1120320731698774,.161402810352491,.2441514186350509,.1189623887548038,.1703125316564944,.4650207759352598,0,.8901229026970192,.6931951848061542,.5350548280511428,.355529874142499,.5091204501889642,.4945329080922678,.3325027838947797,1.146311981184278,3.676484927650333
evreg5,1bn.relative_year_bin_aux#1.treat,9.366519989162327,439.5555615837712,-.4290139856997941,-.2785435583779048,-.3940431839155878,-.3816614132865563,-.314193315373933,-.4927130653806447,-.7428206265821917,-.7891467288973005,-.6550954786413518,0,0,-.001021713689405,.0792663820509574,69.40233539979712,42.43037359993014,41.41028457074299,44.13379263924958,43.70213912425523,42.61990904969115,8.198556136530668,10.86006430979063,23.30033770098831,.253727561799968,.1887727891531864,.1361953669045141,.2062694766197728,.0391785589222223,.2644782912069569,.5962142465457845,.6244678950158991,.8053150276948418,0,-67.56094115564707,-40.62141026387685,-40.28361456306176,-42.91223105300701,-43.13921974570391,-41.21259566898092,-7.092023019603393,-10.18408240600327,-21.69503557898196
evreg5,2.relative_year_bin_aux#1.treat,-1.332230903633167,439.5555615837712,-3.132358752085774,-2.897525266647497,-2.47119874316952,-1.94489356542235,-1.453477352089535,-1.229708593560481,-1.143630431553241,-.4164725642780289,.0008184603870356,0,0,.0000601518020197,-.0127648259496305,42.43037359993014,69.90570932043752,61.35337177152588,59.51826535427831,42.59240483417951,40.36800483913712,4.593358541751761,11.27588681222034,26.4121084516582,.1674289464037058,.2234181108910314,.0952996719008571,-.0099065099824244,.0007635695804599,.2829052083674966,.6569077097764056,.5913007860680246,.7174329821276227,0,-40.83577438189392,-67.94895909264572,-59.9635954656944,-58.07674138421049,-41.89388957633759,-38.93363474655681,-3.278390819945706,-10.68781222121885,-24.83263035386877
evreg5,3.relative_year_bin_aux#1.treat,.926701354856295,439.5555615837712,-6.746359000407516,-6.135327481428599,-5.227493101945612,-3.884818251120088,-2.989085781716866,-2.274886706449659,-1.608415691715624,-.1713660986209777,.3226099428341416,0,0,.0006518623961458,.1530011459861305,41.41028457074299,61.35337177152588,73.6549890146685,67.6996763327692,45.15196507783165,41.98631548642341,3.334733035990551,10.68152851091569,24.58327170546524,.0167212244458873,-.1163800032297327,.2520535547778024,-.3354278537922958,-.0231632342428245,.2624652135637132,.7130530598213688,.5538674077054184,.3774447792820526,0,-40.65573168240851,-60.11099642953227,-72.17816276104746,-66.2745619994699,-43.60035260196673,-41.26541539025555,-3.185871710141116,-10.86852470508804,-25.52139332017923
evreg5,4.relative_year_bin_aux#1.treat,3.923169333601521,439.5555615837712,-7.00274427719567,-6.265659618671381,-5.020679440719364,-4.431409214279275,-3.019109655782468,-2.350236617410656,-1.688581202133955,.0123755595981551,.6777522105337829,0,0,-.0003135725207764,.109147006544117,44.13379263924958,59.51826535427831,67.6996763327692,75.65996386418969,50.06528961729203,43.57775601687089,5.518038992910039,11.90177753887463,26.24534136526961,.1369007643916129,.0018447537291078,-.0978810218957577,.1799033225292997,-.1120297177707097,.3060281324064842,.779783562839006,.6314031076072081,.7158344864691794,0,-42.96574923580467,-57.96908919442977,-66.26218423900507,-74.05459738266406,-48.78749156589838,-42.39668279649597,-4.595373953053072,-11.61131893676534,-25.25179412790834
evreg5,5.relative_year_bin_aux#1.treat,-10.56624823259543,439.5555615837712,.2946975807216548,.2305018562230539,.0948356487065438,.0994966291007145,-.1832626297374015,-.3038484520236215,-.5561287100076903,-.8728823030155471,-.8376909237091025,0,0,.0006957375431215,.0174159758323889,43.70213912425523,42.59240483417951,45.15196507783165,50.06528961729203,52.81774089274466,45.07147206357855,8.682988389572499,11.16218726335417,20.76387753175389,-.0178658616658137,.0065773614411427,.0515510610427313,-.0486191837934191,.0483370357235874,.1850480777652312,.5908847488967391,.4442147751966126,.4956320675399801,0,-42.64956817551749,-41.46301759755618,-44.24169781453303,-48.91429025069385,-51.64268776922468,-43.77941026735169,-7.759767391860779,-10.91623280129988,-20.55616055165347
evreg5,6.relative_year_bin_aux#1.treat,-15.4015217691589,439.5555615837712,.7860658839232054,.7006541850591574,.2733210853227819,.250502172737446,.1728024152948101,-.2980061058189449,-.637419653853098,-1.024788446801609,-.9504440902630382,0,0,.0001145190983133,-.0412988475732755,42.61990904969115,40.36800483913712,41.98631548642341,43.57775601687089,45.07147206357855,49.92828495340454,10.36266569857697,10.28212730482288,21.09734480847041,.0542191916316469,.1536724354575497,.1543795144953955,.2136110366666017,.2002343532137705,.3984841940181154,.6581816480825474,.5494145591601012,.5622203402693867,0,-41.71685329501756,-39.68495900162338,-41.54351282018718,-43.15072424111828,-43.69006040499243,-48.67706547762612,-9.454051411855774,-9.971305994518845,-21.16124531818081
evreg5,7.relative_year_bin_aux#1.treat,-10.82411375981556,439.5555615837712,2.368205995599068,2.10397332935349,1.407819311656266,1.086580284067594,.7439683736395259,.1233013751903986,-.4909342745710816,-1.306553880313745,-1.224970259108607,0,0,-.000334717162429,.0726969971261588,8.198556136530668,4.593358541751761,3.334733035990551,5.518038992910039,8.682988389572499,10.36266569857697,18.83819636843269,3.520140749448092,-2.531793068942258,.6184315150709907,.706262908119881,.6385579400314038,.7125788921497492,.556655879067972,.7993180769947438,.9947903670283056,.8705050281743812,1.151525543081965,0,-7.270855367657962,-3.690031607330737,-3.008455538645469,-4.907157750312414,-8.398189958062666,-9.097282897526716,-17.12014035669431,-3.06395382601047,4.606721947519161
evreg5,9.relative_year_bin_aux#1.treat,6.377356525312749,439.5555615837712,-2.184013461548436,-1.943547389086617,-1.940675819428262,-1.583645346862858,-1.299353491842808,-1.333460618063696,-1.179717432173853,-1.635137312739644,-.3306788806758778,0,0,-.0014029877920354,-.2225325984676085,10.86006430979063,11.27588681222034,10.68152851091569,11.90177753887463,11.16218726335417,10.28212730482288,3.520140749448092,22.16712474148378,12.89988335208166,.9972552231172545,1.059574303397637,1.011789439072867,1.029432216432006,.9091805973786972,1.071262811135965,1.044376903953189,2.083574335390437,1.466841027219713,0,-10.24163117076472,-10.8245171898524,-10.52849730666506,-11.78019312723224,-11.36425814303871,-9.658553099555856,-2.5471096596447,-21.28975200739059,-10.08162466798337
evreg5,10.relative_year_bin_aux#1.treat,26.21895436212039,439.5555615837712,-.5485359042840948,-.4112376836373373,-.7866903195392765,-.5537704697049159,-.39033855361952,-.5949267574000521,-.788132722939199,-.7392708280140979,-1.607514212383362,0,0,-.002362313722347,-.1837504403748995,23.30033770098831,26.4121084516582,24.58327170546524,26.24534136526961,20.76387753175389,21.09734480847041,-2.531793068942258,12.89988335208166,40.04162107918771,.5430147919026825,.686218972861656,.5832430062036273,.6280232780733348,.669004316750209,.7262836145225325,.751312151255172,.9766958104999646,1.908439333114169,0,-22.99063227513982,-26.34794483692156,-24.98044976728472,-26.57586791695274,-20.86912879592174,-20.40607204187402,3.488883132008598,-12.01657170964289,-37.81673993561567
evreg5,1bn.relative_year_bin_aux#1.rice_prod_aclvl_ahigh,23.79781908859658,439.5555615837712,1.710065393915981,1.499587836685243,1.180072235415208,.7609034715985457,.3018937088247675,-.2956778774252113,-.5865845738607121,-1.209540150283781,-.8330263564797956,0,0,-.0026676987817934,.2452210628998269,.253727561799968,.1674289464037058,.0167212244458873,.1369007643916129,-.0178658616658137,.0542191916316469,.6184315150709907,.9972552231172545,.5430147919026825,3.993124177116284,2.977740065518236,2.864369917240061,2.258221809949968,2.027913727698417,2.664910889350805,2.804426791460714,2.257556974391016,3.279057517690752,0,1.866222081324477,1.566473591507884,1.255496148933602,.9201606020672661,-1.443897895408631,1.207414570841211,1.321679903838013,-.5170055854138518,4.636120134991171
evreg5,2.relative_year_bin_aux#1.rice_prod_aclvl_ahigh,11.1671759491913,439.5555615837712,3.515685472253314,2.693294982814581,2.297461609903523,1.706274745014009,.9591108365187443,.1462728624457739,-.3244387553260046,-1.416827369212792,-1.279727717228247,0,0,-.0014911988198369,.177243027809915,.1887727891531864,.2234181108910314,-.1163800032297327,.0018447537291078,.0065773614411427,.1536724354575497,.706262908119881,1.059574303397637,.686218972861656,2.977740065518236,4.014752484986684,2.89421664586853,3.089772446942242,1.771468036411069,2.634204141265183,2.668861897386552,2.146488442418574,3.11610236036808,0,1.417954453989226,1.853922504043333,.8583098436738682,1.277258432883224,-2.357968495373693,1.011269200692509,1.316589574206244,-.8885242676853534,3.66180657643019
evreg5,3.relative_year_bin_aux#1.rice_prod_aclvl_ahigh,-5.756696611064929,439.5555615837712,-.0521501585673442,-.2547248995771133,-.7839917683059064,-.4049989866339159,-.543660574223449,-.8365308597945731,-.8115970725079147,-1.019003483669804,-.5338468665702186,0,0,.0009206293288039,-.0086389339762064,.1361953669045141,.0952996719008571,.2520535547778024,-.0978810218957577,.0515510610427313,.1543795144953955,.6385579400314038,1.011789439072867,.5832430062036273,2.864369917240061,2.89421664586853,4.265389096608025,2.481133275884525,2.324167600109422,2.615772977375034,2.817936453785667,2.178211346986698,3.10733227270851,0,1.490067340014321,1.01307150353826,.7789613925597033,.6844381292990785,-1.405275516414671,.6383714902060557,1.099549436764845,-.9728431200284343,3.070395975256194
evreg5,4.relative_year_bin_aux#1.rice_prod_aclvl_ahigh,16.98086784826118,439.5555615837712,2.298057471970291,1.838991463671486,1.455776764420369,.6210521759925421,.4917802129481678,-.1920344031453153,-.5385857955816516,-1.259695658630524,-1.162810595333174,0,0,-.0002166602692844,-.1120320731698774,.2062694766197728,-.0099065099824244,-.3354278537922958,.1799033225292997,-.0486191837934191,.2136110366666017,.7125788921497492,1.029432216432006,.6280232780733348,2.258221809949968,3.089772446942242,2.481133275884525,5.354610900835448,1.741879541791148,2.416862997916301,2.99866397929181,1.498166747212005,2.891962034578577,0,.7838201717974723,1.756265249732414,.937251247806641,1.778661684824766,-2.160258834277854,.5518402075774932,1.184262947212786,-1.049397119868076,2.18349648502214
evreg5,5.relative_year_bin_aux#1.rice_prod_aclvl_ahigh,28.15188522708097,439.5555615837712,-5.638234117519712,-5.045266091748396,-4.419123941245602,-3.59409055306362,-2.898158243983575,-2.199789425712877,-1.445007397419106,-.2858015054345118,.5321427930547965,0,0,-.0017337930084752,.161402810352491,.0391785589222223,.0007635695804599,-.0231632342428245,-.1120297177707097,.0483370357235874,.2002343532137705,.556655879067972,.9091805973786972,.669004316750209,2.027913727698417,1.771468036411069,2.324167600109422,1.741879541791148,3.990103491599641,2.293272677486297,2.050359259043382,1.569195211818241,1.036263916264069,0,-1.034636284429976,-1.670178946473609,-.1562323708933595,-1.577509104112044,3.513062808315567,-1.07978913208437,-.8460876561918494,-1.633103892652853,-1.288344156382782
evreg5,6.relative_year_bin_aux#1.rice_prod_aclvl_ahigh,30.17243476973211,439.5555615837712,-3.195807739051029,-2.856347560227217,-2.555779653602496,-2.190793868545774,-1.92523807389547,-1.965906090717456,-1.406271928153097,-.671275009346744,.0922024511338568,0,0,-.0016710558557597,.2441514186350509,.2644782912069569,.2829052083674966,.2624652135637132,.3060281324064842,.1850480777652312,.3984841940181154,.7993180769947438,1.071262811135965,.7262836145225325,2.664910889350805,2.634204141265183,2.615772977375034,2.416862997916301,2.293272677486297,3.616062210590395,2.76668173653422,2.295383953274405,2.645310526218783,0,1.085480960012937,.9702333960864209,.6297545880119517,.4486453896076482,-.6429185390572419,.1291974351142706,.2689100610477259,-.9033414724394467,2.264382993487225
evreg5,7.relative_year_bin_aux#1.rice_prod_aclvl_ahigh,4.669279626022482,439.5555615837712,-3.810574767095607,-3.298382865979613,-2.861795207254362,-2.463864563357933,-2.030248049865147,-1.926797823428781,-1.700981042915239,-.4784443888069464,.6252923093730552,0,0,.0016485005142091,.1189623887548038,.5962142465457845,.6569077097764056,.7130530598213688,.779783562839006,.5908847488967391,.6581816480825474,.9947903670283056,1.044376903953189,.751312151255172,2.804426791460714,2.668861897386552,2.817936453785667,2.99866397929181,2.050359259043382,2.76668173653422,5.10014935390324,2.189497939408993,3.790453318039802,0,.9035255602056183,.9998560510450202,.7424138818978482,.751739972605056,-.795064142864668,.4779412316694637,.9764000515971638,-.7672039354165061,4.276857436107233
evreg5,9.relative_year_bin_aux#1.rice_prod_aclvl_ahigh,33.88064769750354,439.5555615837712,-17.0573830374519,-14.81616597321203,-12.56732411278302,-10.17482346778188,-7.826749781344865,-5.764813923933538,-3.35129650258944,.1656110111987663,3.445264029014514,0,0,-.0026815364770918,.1703125316564944,.6244678950158991,.5913007860680246,.5538674077054184,.6314031076072081,.4442147751966126,.5494145591601012,.8705050281743812,2.083574335390437,.9766958104999646,2.257556974391016,2.146488442418574,2.178211346986698,1.498166747212005,1.569195211818241,2.295383953274405,2.189497939408993,5.117472531183365,3.405038787875101,0,.2710874687936037,-.0363762899977201,-.1583332243665979,-.2644264347087245,-1.275220179361442,-.1332345641106286,-.4306380098033515,-1.910934760847534,2.42324064284604
evreg5,10.relative_year_bin_aux#1.rice_prod_aclvl_ahigh,41.26854476339489,439.5555615837712,-33.81722555326829,-29.11756107567805,-24.42113110227164,-19.71982930640862,-15.09896585817491,-10.64615249187593,-5.725277502949199,3.881128381709412,8.357816406739312,0,0,-.0035886164516777,.4650207759352598,.8053150276948418,.7174329821276227,.3774447792820526,.7158344864691794,.4956320675399801,.5622203402693867,1.151525543081965,1.466841027219713,1.908439333114169,3.279057517690752,3.11610236036808,3.10733227270851,2.891962034578577,1.036263916264069,2.645310526218783,3.790453318039802,3.405038787875101,13.68794463601496,0,6.402287454940438,5.505928649921921,5.299291899383157,4.231087355651358,-.5239472495154042,4.442608513230751,7.335447674356581,3.023518776641978,20.20220760436117
evreg5,1o.treat#1o.rice_prod_aclvl_ahigh,0,439.5555615837712,0,0,0,0,0,0,0,0,0,0,0,0,0,0,0,0,0,0,0,0,0,0,0,0,0,0,0,0,0,0,0,0,0,0,0,0,0,0,0,0,0
evreg5,1bn.relative_year_bin_aux#1.treat#1.rice_prod_aclvl_ahigh,59.81706905242957,439.5555615837712,-17.94906248563522,-15.45158445188506,-12.70860777046957,-10.20449419778179,-7.961872710538854,-5.168508028329699,-2.114962079767771,3.881756284009974,8.042638298209912,0,0,-.0012773301132828,.8901229026970192,-67.56094115564707,-40.83577438189392,-40.65573168240851,-42.96574923580467,-42.64956817551749,-41.71685329501756,-7.270855367657962,-10.24163117076472,-22.99063227513982,1.866222081324477,1.417954453989226,1.490067340014321,.7838201717974723,-1.034636284429976,1.085480960012937,.9035255602056183,.2710874687936037,6.402287454940438,0,279.2279285342436,187.561681326285,210.1826941367515,181.2311576001857,126.7752759076748,145.0052445081539,128.4452813550277,108.8130940929163,294.1515652667668
evreg5,2.relative_year_bin_aux#1.treat#1.rice_prod_aclvl_ahigh,37.94305448564282,439.5555615837712,1.523046829334913,1.612068266292249,1.439091754701593,1.026532037905787,.3419448540987137,.3268600831853043,.6530062133051723,1.144795300275474,2.74667004005289,0,0,-.0004563024854577,.6931951848061542,-40.62141026387685,-67.94895909264572,-60.11099642953227,-57.96908919442977,-41.46301759755618,-39.68495900162338,-3.690031607330737,-10.8245171898524,-26.34794483692156,1.566473591507884,1.853922504043333,1.01307150353826,1.756265249732414,-1.670178946473609,.9702333960864209,.9998560510450202,-.0363762899977201,5.505928649921921,0,187.561681326285,279.0761967934596,206.8218812195427,234.0706862708263,75.60149407515657,142.3238872097721,122.8665399996237,107.1974926086829,294.5585105866787
evreg5,3.relative_year_bin_aux#1.treat#1.rice_prod_aclvl_ahigh,3.235723241714794,439.5555615837712,-15.76717301747291,-13.20461365550844,-10.86940691225607,-9.138535570624938,-6.815276716903277,-4.300965245771689,-1.679860257722921,3.547638858192784,7.287095388031627,0,0,.0010995151164134,.5350548280511428,-40.28361456306176,-59.9635954656944,-72.17816276104746,-66.26218423900507,-44.24169781453303,-41.54351282018718,-3.008455538645469,-10.52849730666506,-24.98044976728472,1.255496148933602,.8583098436738682,.7789613925597033,.937251247806641,-.1562323708933595,.6297545880119517,.7424138818978482,-.1583332243665979,5.299291899383157,0,210.1826941367515,206.8218812195427,270.2800301065677,193.4867673039449,144.9229423171336,142.991776854722,124.2877714210995,107.5625702046604,286.7634275302342
evreg5,4.relative_year_bin_aux#1.treat#1.rice_prod_aclvl_ahigh,31.42476667164652,439.5555615837712,3.280512458365394,3.198614484311507,2.577279414833,2.39032456058992,1.122384874595098,.9594213524874319,.9754545282848079,.8818314763647076,2.061958797193961,0,0,.0018621717409661,.355529874142499,-42.91223105300701,-58.07674138421049,-66.2745619994699,-74.05459738266406,-48.91429025069385,-43.15072424111828,-4.907157750312414,-11.78019312723224,-26.57586791695274,.9201606020672661,1.277258432883224,.6844381292990785,1.778661684824766,-1.577509104112044,.4486453896076482,.751739972605056,-.2644264347087245,4.231087355651358,0,181.2311576001857,234.0706862708263,193.4867673039449,339.6131514762027,75.30113506236064,150.240865576854,143.8948698259145,92.1051088282363,298.3536795889362
evreg5,5.relative_year_bin_aux#1.treat#1.rice_prod_aclvl_ahigh,77.0001744701263,439.5555615837712,-46.16232927441711,-39.86774368675174,-33.39739531387574,-26.62251822275486,-18.72436261752482,-11.93704057446784,-5.441572584080648,6.800958555266561,12.10891882567183,0,0,-.0010387826039428,.5091204501889642,-43.13921974570391,-41.89388957633759,-43.60035260196673,-48.78749156589838,-51.64268776922468,-43.69006040499243,-8.398189958062666,-11.36425814303871,-20.86912879592174,-1.443897895408631,-2.357968495373693,-1.405275516414671,-2.160258834277854,3.513062808315567,-.6429185390572419,-.795064142864668,-1.275220179361442,-.5239472495154042,0,126.7752759076748,75.60149407515657,144.9229423171336,75.30113506236064,373.7961686759486,95.21619944818256,77.17118895321052,18.2760621429541,39.65729818652709
evreg5,6.relative_year_bin_aux#1.treat#1.rice_prod_aclvl_ahigh,16.08430091278894,439.5555615837712,-12.30277191718531,-10.53468346217547,-8.531994206027932,-6.894192449863824,-5.289179433525458,-3.1467569880886,-1.075766030645012,2.990331262179755,5.827785297527768,0,0,-.0004996943706751,.4945329080922678,-41.21259566898092,-38.93363474655681,-41.26541539025555,-42.39668279649597,-43.77941026735169,-48.67706547762612,-9.097282897526716,-9.658553099555856,-20.40607204187402,1.207414570841211,1.011269200692509,.6383714902060557,.5518402075774932,-1.07978913208437,.1291974351142706,.4779412316694637,-.1332345641106286,4.442608513230751,0,145.0052445081539,142.3238872097721,142.991776854722,150.240865576854,95.21619944818256,170.4354772238465,113.7392353392592,78.25130596935426,199.4971249075597
evreg5,7.relative_year_bin_aux#1.treat#1.rice_prod_aclvl_ahigh,14.46676671064184,439.5555615837712,-21.09256935902214,-18.07721815262536,-14.80286911914719,-11.83889456553711,-9.0731946880151,-5.769719536016105,-2.300094222916493,4.429917782597331,8.921245099890246,0,0,-.0012336935950612,.3325027838947797,-7.092023019603393,-3.278390819945706,-3.185871710141116,-4.595373953053072,-7.759767391860779,-9.454051411855774,-17.12014035669431,-2.5471096596447,3.488883132008598,1.321679903838013,1.316589574206244,1.099549436764845,1.184262947212786,-.8460876561918494,.2689100610477259,.9764000515971638,-.4306380098033515,7.335447674356581,0,128.4452813550277,122.8665399996237,124.2877714210995,143.8948698259145,77.17118895321052,113.7392353392592,216.0681835981258,60.58192751116742,269.3768844863023
evreg5,9.relative_year_bin_aux#1.treat#1.rice_prod_aclvl_ahigh,59.71236098828933,439.5555615837712,-33.03176587643249,-28.29752879800741,-23.33815991048455,-18.70397893513449,-14.00427574669225,-8.9264032950492,-3.957802882609676,6.876293046517855,11.09324106510824,0,0,-.0010534529154037,1.146311981184278,-10.18408240600327,-10.68781222121885,-10.86852470508804,-11.61131893676534,-10.91623280129988,-9.971305994518845,-3.06395382601047,-21.28975200739059,-12.01657170964289,-.5170055854138518,-.8885242676853534,-.9728431200284343,-1.049397119868076,-1.633103892652853,-.9033414724394467,-.7672039354165061,-1.910934760847534,3.023518776641978,0,108.8130940929163,107.1974926086829,107.5625702046604,92.1051088282363,18.2760621429541,78.25130596935426,60.58192751116742,188.7900169079299,240.9784634855083
evreg5,10.relative_year_bin_aux#1.treat#1.rice_prod_aclvl_ahigh,101.0198501165312,439.5555615837712,-113.5462191656812,-97.6269705374547,-81.04220528838115,-64.92399468058429,-49.36265342172251,-33.09387796582028,-16.08602500525195,18.14589898172978,39.04177501022328,0,0,-.0185539396710799,3.676484927650333,-21.69503557898196,-24.83263035386877,-25.52139332017923,-25.25179412790834,-20.55616055165347,-21.16124531818081,4.606721947519161,-10.08162466798337,-37.81673993561567,4.636120134991171,3.66180657643019,3.070395975256194,2.18349648502214,-1.288344156382782,2.264382993487225,4.276857436107233,2.42324064284604,20.20220760436117,0,294.1515652667668,294.5585105866787,286.7634275302342,298.3536795889362,39.65729818652709,199.4971249075597,269.3768844863023,240.9784634855083,1069.99740205302
