reg,var,beta,ymean,cov1,cov2,cov3,cov4,cov5,cov6,cov7,cov8,cov9,cov10,cov11,cov12,cov13,cov14,cov15,cov16,cov17,cov18,cov19,cov20,cov21,cov22,cov23,cov24,cov25,cov26,cov27,cov28,cov29,cov30,cov31,cov32,cov33,cov34,cov35,cov36,cov37,cov38,cov39,cov40,cov41
evreg1,1bn.relative_year_bin_aux,587.2227002435073,112.4798886164195,10667.09359090846,8365.489529048071,5346.898546751139,2667.059011109996,-2956.890119778035,-5992.385593868504,-8444.920407803524,-10922.6667057166,-13372.77459174977,0,-2.619525466928573,612.2535127946953,-996.2915926663355,-1041.332474070204,-442.2742445699266,-210.2723490025488,-879.7356659232834,-257.3517362652581,-279.790013393039,-200.7232371647611,-146.9314755304832,,,,,,,,,,,,,,,,,,,,
evreg1,2.relative_year_bin_aux,444.6171629804588,112.4798886164195,8365.489529048071,6634.08688799479,4230.844500562924,2115.353484683547,-2322.583733342473,-4731.916368804928,-6650.503075209392,-8605.006540875074,-10536.79404927662,0,-2.061672363237659,481.3891044690026,-754.7728061434588,-867.1177783465043,-368.4466648193966,-181.1439188269941,-713.8927983213551,-207.0147324643609,-237.7384740169267,-175.2750081956368,-132.1858286735655,,,,,,,,,,,,,,,,,,,,
evreg1,3.relative_year_bin_aux,303.0431983272882,112.4798886164195,5346.898546751139,4230.844500562924,2739.048057206463,1359.391064520109,-1499.035025631795,-3037.904394571366,-4289.973178326259,-5553.044062720621,-6794.621495178663,0,-1.325578997146494,312.0124839158416,-468.8965141469229,-531.4843260485579,-259.0553149994067,-116.8437664841269,-460.7815330411264,-144.8893341798865,-149.1303766402152,-103.1297911972099,-76.33169517482607,,,,,,,,,,,,,,,,,,,,
evreg1,4.relative_year_bin_aux,133.5467058972138,112.4798886164195,2667.059011109996,2115.353484683547,1359.391064520109,690.1793151579501,-734.4629101217744,-1498.416338515346,-2124.188456710715,-2753.515884074741,-3371.476655262843,0,-.6273751203752749,151.3227725268198,-235.245911454944,-271.3385268414846,-123.4471733944682,-70.77189899374412,-231.6662626179585,-77.37214990497941,-78.57861366444416,-55.80798341993344,-43.80910399299072,,,,,,,,,,,,,,,,,,,,
evreg1,6.relative_year_bin_aux,-155.3960345116785,112.4798886164195,-2956.890119778035,-2322.583733342473,-1499.035025631795,-734.4629101217744,874.0542584129888,1727.879786532347,2433.664884715606,3137.913037159815,3829.735318636807,0,.7149692985058967,-172.6069686325626,257.8680215618285,274.675141155668,127.5093883745837,47.66604478481756,252.2061899671175,78.44075029349479,65.34853880780172,38.75002018666149,21.1211067233465,,,,,,,,,,,,,,,,,,,,
evreg1,7.relative_year_bin_aux,-303.4694684506868,112.4798886164195,-5992.385593868504,-4731.916368804928,-3037.904394571366,-1498.416338515346,1727.879786532347,3499.946077823266,4895.333551391774,6296.586739920225,7700.911475500024,0,1.407477845841614,-344.4972929826727,525.1025505794798,585.2594662663406,261.3044840541385,107.9161221856085,528.9902083255719,131.5615938060917,139.6657318612669,106.474878963445,64.92636135578279,,,,,,,,,,,,,,,,,,,,
evreg1,8.relative_year_bin_aux,-370.1515790988936,112.4798886164195,-8444.920407803524,-6650.503075209392,-4289.973178326259,-2124.188456710715,2433.664884715606,4895.333551391774,6984.844179073664,8948.07673458007,10936.16359521217,0,1.854264116353491,-472.3748495608912,707.295599910242,777.8350490262089,353.449158141903,150.8243294737286,735.32520319121,226.247253356043,138.9859346440759,118.1353687005883,68.83519699206366,,,,,,,,,,,,,,,,,,,,
evreg1,9.relative_year_bin_aux,-505.7532529627777,112.4798886164195,-10922.6667057166,-8605.006540875074,-5553.044062720621,-2753.515884074741,3137.913037159815,6296.586739920225,8948.07673458007,11564.81618970814,14118.47908449777,0,2.486787519713264,-617.2701549827791,915.4135106638037,1008.278093654538,459.9106848075309,200.0852822658568,935.0669921363497,299.2958896951872,241.4783541408958,136.0801321393543,89.03028921009597,,,,,,,,,,,,,,,,,,,,
evreg1,10.relative_year_bin_aux,-592.3056682799636,112.4798886164195,-13372.77459174977,-10536.79404927662,-6794.621495178663,-3371.476655262843,3829.735318636807,7700.911475500024,10936.16359521217,14118.47908449777,17274.17014022225,0,3.017704647934352,-754.8388150602702,1119.830112276463,1235.764171368342,558.6945492979124,244.6826763566646,1141.171450963918,357.2966819476893,299.7070581795754,189.5807979868174,102.1557130767784,,,,,,,,,,,,,,,,,,,,
evreg1,1o.treat,0,112.4798886164195,0,0,0,0,0,0,0,0,0,0,0,0,0,0,0,0,0,0,0,0,0,,,,,,,,,,,,,,,,,,,,
evreg1,wind_direction,-1.050703972994833,112.4798886164195,-2.619525466928573,-2.061672363237659,-1.325578997146494,-.6273751203752749,.7149692985058967,1.407477845841614,1.854264116353491,2.486787519713264,3.017704647934352,0,.0022912232552859,-.2590043676875575,.2492378736755258,.293762235381849,.1475397366143994,.0676516261402967,.1743971036028489,.0125430743824275,.1501662404332521,.038218048846459,.0699805645806844,,,,,,,,,,,,,,,,,,,,
evreg1,av_wind_speed,146.9004746287157,112.4798886164195,612.2535127946953,481.3891044690026,312.0124839158416,151.3227725268198,-172.6069686325626,-344.4972929826727,-472.3748495608912,-617.2701549827791,-754.8388150602702,0,-.2590043676875575,73.6784502282097,-55.34106769972097,-62.01909823759208,-32.96371386609703,-10.96443107597581,-44.56422501630962,-13.48824827263561,-20.52571905776277,-7.75370694237133,-6.35439597080248,,,,,,,,,,,,,,,,,,,,
evreg1,1bn.relative_year_bin_aux#1.treat,-75.04255689795608,112.4798886164195,-996.2915926663355,-754.7728061434588,-468.8965141469229,-235.245911454944,257.8680215618285,525.1025505794798,707.295599910242,915.4135106638037,1119.830112276463,0,.2492378736755258,-55.34106769972097,260.5754761450912,176.5029571008099,99.10920028912254,55.37433559032692,127.0341565336202,57.14020491007915,66.65085090950903,52.82082999152284,43.7737626940876,,,,,,,,,,,,,,,,,,,,
evreg1,2.relative_year_bin_aux#1.treat,-75.79311848437001,112.4798886164195,-1041.332474070204,-867.1177783465043,-531.4843260485579,-271.3385268414846,274.675141155668,585.2594662663406,777.8350490262089,1008.278093654538,1235.764171368342,0,.293762235381849,-62.01909823759208,176.5029571008099,222.7478958660639,111.2862699767831,69.49200599036379,140.2475643431526,51.39650516800157,73.66935002385097,61.87411467550073,52.35238189158655,,,,,,,,,,,,,,,,,,,,
evreg1,3.relative_year_bin_aux#1.treat,-51.43032227565013,112.4798886164195,-442.2742445699266,-368.4466648193966,-259.0553149994067,-123.4471733944682,127.5093883745837,261.3044840541385,353.449158141903,459.9106848075309,558.6945492979124,0,.1475397366143994,-32.96371386609703,99.10920028912254,111.2862699767831,112.1611249968936,56.39237457378085,88.93586543288987,51.32668957574035,50.26205461594212,37.94691272765112,33.53374211142719,,,,,,,,,,,,,,,,,,,,
evreg1,4.relative_year_bin_aux#1.treat,-19.55713639513879,112.4798886164195,-210.2723490025488,-181.1439188269941,-116.8437664841269,-70.77189899374412,47.66604478481756,107.9161221856085,150.8243294737286,200.0852822658568,244.6826763566646,0,.0676516261402967,-10.96443107597581,55.37433559032692,69.49200599036379,56.39237457378085,62.96367404055029,52.54959920165729,36.95160520066713,35.60465456488819,30.65460099627824,30.49296451774427,,,,,,,,,,,,,,,,,,,,
evreg1,6.relative_year_bin_aux#1.treat,-37.77009844045477,112.4798886164195,-879.7356659232834,-713.8927983213551,-460.7815330411264,-231.6662626179585,252.2061899671175,528.9902083255719,735.32520319121,935.0669921363497,1141.171450963918,0,.1743971036028489,-44.56422501630962,127.0341565336202,140.2475643431526,88.93586543288987,52.54959920165729,157.086147924369,63.89928921688708,50.62954511761161,42.83766795547407,34.48104567152172,,,,,,,,,,,,,,,,,,,,
evreg1,7.relative_year_bin_aux#1.treat,-1.59670470967583,112.4798886164195,-257.3517362652581,-207.0147324643609,-144.8893341798865,-77.37214990497941,78.44075029349479,131.5615938060917,226.247253356043,299.2958896951872,357.2966819476893,0,.0125430743824275,-13.48824827263561,57.14020491007915,51.39650516800157,51.32668957574035,36.95160520066713,63.89928921688708,88.46959478528267,28.53787775233211,15.53301156097857,15.44397104899732,,,,,,,,,,,,,,,,,,,,
evreg1,8.relative_year_bin_aux#1.treat,-37.53218755528242,112.4798886164195,-279.790013393039,-237.7384740169267,-149.1303766402152,-78.57861366444416,65.34853880780172,139.6657318612669,138.9859346440759,241.4783541408958,299.7070581795754,0,.1501662404332521,-20.52571905776277,66.65085090950903,73.66935002385097,50.26205461594212,35.60465456488819,50.62954511761161,28.53787775233211,109.3689718374278,42.30003363356839,40.81857854401617,,,,,,,,,,,,,,,,,,,,
evreg1,9.relative_year_bin_aux#1.treat,-12.95640479805984,112.4798886164195,-200.7232371647611,-175.2750081956368,-103.1297911972099,-55.80798341993344,38.75002018666149,106.474878963445,118.1353687005883,136.0801321393543,189.5807979868174,0,.038218048846459,-7.75370694237133,52.82082999152284,61.87411467550073,37.94691272765112,30.65460099627824,42.83766795547407,15.53301156097857,42.30003363356839,104.5432869719644,77.06499391910219,,,,,,,,,,,,,,,,,,,,
evreg1,10.relative_year_bin_aux#1.treat,-32.96825094399824,112.4798886164195,-146.9314755304832,-132.1858286735655,-76.33169517482607,-43.80910399299072,21.1211067233465,64.92636135578279,68.83519699206366,89.03028921009597,102.1557130767784,0,.0699805645806844,-6.35439597080248,43.7737626940876,52.35238189158655,33.53374211142719,30.49296451774427,34.48104567152172,15.44397104899732,40.81857854401617,77.06499391910219,104.6081033792086,,,,,,,,,,,,,,,,,,,,
evreg2,1bn.relative_year_bin_aux,588.8743773545548,112.4798886164195,10686.21280114043,8383.030633986287,5365.46799383684,2671.938526215816,-2953.971246194183,-5982.759332974893,-8435.269530418602,-10926.47682498187,-13375.01530974658,0,11.00330369372826,-2.621844707853637,612.6325157619517,-1007.565566735599,-1047.849212309484,-453.7505299469944,-208.7297501146936,-873.5421189062466,-267.0883201255539,-281.479465837113,-196.5670999620674,-139.5957304192021,-22.95850639542387,-20.14337246185558,-28.93564626210738,-4.673404216520363,-8.708702818096642,-26.82881253371495,-29.4418539877385,-7.238461106469349,-13.54631787319064,27.25972199743002,23.26938815625713,10.1592861899619,22.68427818055273,-4.132404675873865,-13.72681469985982,18.76735671150435,1.712789395175361,-9.102676804218056,-15.80350006170761
evreg2,2.relative_year_bin_aux,445.0760899139632,112.4798886164195,8383.030633986287,6651.233815903241,4247.627751435604,2120.547393329124,-2320.299486713361,-4725.336709707164,-6644.059858409515,-8608.772046944034,-10539.40596137998,0,8.831384211873011,-2.068463104615774,481.6277632253632,-765.9541235795791,-875.4629069265596,-379.5599447621595,-181.4000474391624,-710.4551616547197,-215.0201012209959,-239.5373914135946,-172.8043262417333,-127.3150481966101,-16.9049338553429,-21.46862272111309,-25.17426782606637,-4.35798652739228,-7.72752200489079,-20.29781267242636,-22.69923564619014,-6.041832722117428,-10.87095888095936,20.74232906500833,17.10764685994223,13.64923345535895,20.26975913491906,-2.259828884929107,-9.410786994302939,14.22781396533636,1.601631246732496,-6.319102071255693,-11.45129634037193
evreg2,3.relative_year_bin_aux,304.0175898772912,112.4798886164195,5365.46799383684,4247.627751435604,2755.621871306056,1365.365631442627,-1499.81180968,-3037.544190039324,-4292.016462274069,-5564.209441899854,-6806.562660709714,0,6.639148338732094,-1.330550598397259,312.4706803619596,-475.7741810044762,-536.6810103154044,-267.943195715622,-117.5723527474137,-459.2362216406025,-151.3827288969319,-150.8387383579509,-101.6955963594254,-73.51134226582107,-10.31944921531698,-11.73769213708638,-19.91051540211454,-4.470837033121597,-5.760349424949093,-15.68196914089756,-15.53070782259144,-3.88534298495197,-7.719569614927144,12.74492299648233,10.18169855110622,6.340362352467551,16.448132245611,-.0374874966248172,-5.648614920815783,12.00333817473665,1.301621568418667,-4.365158665717055,-7.567466783067396
evreg2,4.relative_year_bin_aux,133.7824059406468,112.4798886164195,2671.938526215816,2120.547393329124,1365.365631442627,693.7773270090648,-731.8936805702619,-1493.244527282975,-2121.307851242947,-2753.428337960632,-3370.828104658942,0,4.794181873988324,-.6279027769755663,151.0093575994802,-238.0944948524224,-273.6291979273243,-127.4127733788624,-72.66938611635125,-231.2546957224853,-82.18019414871232,-78.95713636580558,-55.48112514454133,-42.80102572390252,-6.933177206221052,-7.43670013299983,-10.07039995878171,-5.843865176157745,-4.50780855509347,-10.59269807267768,-8.834683278709843,-3.582530416100401,-5.4183913054964,4.893221412293632,6.690344025175567,4.692637741988997,8.233600294799501,3.57282633014442,-1.166578606798134,8.863801639203297,1.66222488921156,-.5862904494065697,-2.443220154957934
evreg2,6.relative_year_bin_aux,-154.5182555360618,112.4798886164195,-2953.971246194183,-2320.299486713361,-1499.81180968,-731.8936805702619,877.7590029287568,1727.642343974044,2430.444019854133,3139.446301942741,3829.517759639956,0,3.27013783075403,.7142411840601518,-172.4331878905965,257.4578977918446,273.1972736046188,129.1192117746231,45.04699148149903,246.3854101559524,77.52641444850568,64.32347182790608,33.50720895322987,15.39430301947972,-.8804508241196334,-.0636471385491605,3.270770299438825,-2.785249915107056,-7.834610112085887,.0262146877970525,3.800364692808541,-6.247756621316276,-2.759762332279979,-12.61461726304012,.8223291504675532,2.477153694375072,-1.963166612593792,4.393230881556958,12.7730318696247,1.444776042458717,2.307892962155047,9.81444750570426,9.080409388912383
evreg2,7.relative_year_bin_aux,-300.7952546553933,112.4798886164195,-5982.759332974893,-4725.336709707164,-3037.544190039324,-1493.244527282975,1727.642343974044,3494.092889698652,4882.829854407799,6289.50873001849,7688.917902293622,0,2.490234664334801,1.401841858090726,-344.0543714658745,524.4878556509481,583.0428703028465,264.0270300108557,103.2211586853065,520.2919957560655,129.8968938337298,137.2862235965226,99.12853050179396,56.78840668789539,1.919756145274817,3.793721857453285,10.47905411167547,-3.158496363974131,-3.56496450987213,-.2781529506327583,10.20848773563266,-5.822383526044463,-2.132568530208058,-22.17171602989088,-1.914949438376746,1.304563929373542,-7.367952295886515,6.88291191197772,14.1905607311459,3.409539070044952,3.064902807708401,13.65445704357841,16.61482104401632
evreg2,8.relative_year_bin_aux,-367.8251228367752,112.4798886164195,-8435.269530418602,-6644.059858409515,-4292.016462274069,-2121.307851242947,2430.444019854133,4882.829854407799,6967.094424743717,8937.869609778058,10919.43172683096,0,2.420835935909864,1.852507802450002,-471.3685589883011,708.2242476611686,775.8921953156048,358.5339724986674,147.8432337023832,725.7598118690961,228.8445982158779,135.7363286134067,108.6911016645182,57.40567301189157,4.084306241670079,5.698447982234765,15.01586628075978,-.0734104937603496,-.8194400326255815,8.964911207751275,12.58621247915817,-8.959546174058646,-1.501980866685512,-31.39458796835204,-3.251037551419766,2.217577546034631,-9.641238753591692,6.066511199912191,17.03395437148633,-4.459545631952699,8.019567297165796,21.08813381965716,24.49559914663624
evreg2,9.relative_year_bin_aux,-504.0451343019441,112.4798886164195,-10926.47682498187,-8608.772046944034,-5564.209441899854,-2753.428337960632,3139.446301942741,6289.50873001849,8937.869609778058,11577.56482083011,14122.3573610629,0,1.155087023703437,2.486956260240225,-616.5357651677755,917.0486366454536,1005.412839946809,466.6268413204064,195.5888937805503,924.5994312741481,306.103154527182,240.4360801118055,118.5884097310858,72.93562316978718,6.845927088702258,7.767993377691051,20.39401493183989,.0997801508925391,-.6354706569859847,14.50548130059421,24.30518731834543,-17.54341085715393,-1.279755653955664,-39.15497903498469,-5.02441489362162,3.454303354149479,-12.87517594557107,8.000317530842501,22.05609968425374,-9.461311267252421,3.427656680834357,33.41213721554797,32.59809248965843
evreg2,10.relative_year_bin_aux,-591.4062588868399,112.4798886164195,-13375.01530974658,-10539.40596137998,-6806.562660709714,-3370.828104658942,3829.517759639956,7688.917902293622,10919.43172683096,14122.3573610629,17275.40265456106,0,.2216473269772835,3.016910860718444,-754.1612312013955,1122.171089464808,1232.29596622755,566.4140262426497,239.1261733954066,1126.537392480716,364.5791332669713,296.9447636460401,173.608874827068,78.5592248675387,9.376592838798407,9.81313460840629,25.42310322931727,.5372049763364358,.2493394751323363,20.79544459587979,30.01437545183751,-13.25355540943801,-8.029807865189367,-47.381606075278,-6.867433849045747,4.393358338522662,-15.70740746517343,9.838231518714403,26.66932883825579,-14.68117767057633,4.933990635962845,33.16331077113666,47.67332591184909
evreg2,1o.treat,0,112.4798886164195,0,0,0,0,0,0,0,0,0,0,0,0,0,0,0,0,0,0,0,0,0,0,0,0,0,0,0,0,0,0,0,0,0,0,0,0,0,0,0,0,0
evreg2,1.downup_ac,9.967464174346308,112.4798886164195,11.00330369372826,8.831384211873011,6.639148338732094,4.794181873988324,3.27013783075403,2.490234664334801,2.420835935909864,1.155087023703437,.2216473269772835,0,13.34499544856976,-.009626244698991,1.264115785602528,-5.595564839958677,-4.646570877039889,-3.916658157444303,-3.486907324230264,-4.476911505651922,-4.972763906565615,-6.243435102001474,-6.237901338359202,-6.63532800150086,-9.700664261052109,-6.461608511129596,-7.669112181627408,-5.139829675075065,-7.674014205995694,-10.2487219958238,-9.682210075171485,-11.51158539338849,-11.3203694142601,-13.31819009164343,9.694619391813854,6.439894885883328,7.658268794161494,5.137588535325612,7.684470072007316,10.17320010944901,9.693544836682323,11.52309666120002,11.33586543490402
evreg2,wind_direction,-1.05094763739753,112.4798886164195,-2.621844707853637,-2.068463104615774,-1.330550598397259,-.6279027769755663,.7142411840601518,1.401841858090726,1.852507802450002,2.486956260240225,3.016910860718444,0,-.009626244698991,.0022907901673685,-.2591101281112085,.2497453886616009,.300795391637497,.1512491219524529,.0669139591244058,.1708955661528545,.0150550986602101,.1472406221025468,.0380761272125889,.0700285823580667,.0048570791055433,.0135529900763291,.0099343656981585,.0010928132937545,.0014007375613928,.0110333155831862,.0033543075938312,-.0004838671319569,.0013736118979071,-.0007054753876095,-.0011590116018703,-.0139427443771936,-.00733786267481,.0014431741664399,.0069286822328565,-.0049153914981524,.0058015447645547,.0003076306310741,-.0000887025127622
evreg2,av_wind_speed,146.8455127240294,112.4798886164195,612.6325157619517,481.6277632253632,312.4706803619596,151.0093575994802,-172.4331878905965,-344.0543714658745,-471.3685589883011,-616.5357651677755,-754.1612312013955,0,1.264115785602528,-.2591101281112085,73.68463033789968,-56.39779679693717,-62.4114502992654,-33.90148498001732,-10.91253840048924,-44.22433090387669,-14.05312062758324,-20.15017155484159,-7.011498136033997,-6.93077368159287,-.276677566221456,-.1010894728072667,-.6548640631303811,.7296656361629943,-.4737998708602854,-1.129973188476758,-2.335569419419742,-1.905694234652913,-1.888324162461247,.391529900639334,2.066553157163063,.7467432317189566,1.824063002283051,-.1016210676803076,-.6978856876774369,1.115300773342705,-.781586716735974,-1.505942912352136,1.110047764305575
evreg2,1bn.relative_year_bin_aux#1.treat,-78.62186283724151,112.4798886164195,-1007.565566735599,-765.9541235795791,-475.7741810044762,-238.0944948524224,257.4578977918446,524.4878556509481,708.2242476611686,917.0486366454536,1122.171089464808,0,-5.595564839958677,.2497453886616009,-56.39779679693717,287.7990924725484,198.1623814745261,112.6872868818323,58.24467225294138,134.7947597969438,65.60528454082312,75.18560062305012,61.18973757007257,53.13168076239572,10.66360468435063,10.09822976698542,7.822493079630782,1.763272607312419,2.868539129340472,7.072164716820723,4.972788515330509,6.01587260177299,6.368166716926255,15.439292409177,-44.30400423012945,-31.13054493740086,-19.70322858664627,-4.559253206712671,-12.45468180009718,-15.5543487146786,-14.78261566213899,-15.46170658404119,-17.76123119743716
evreg2,2.relative_year_bin_aux#1.treat,-79.21122619609081,112.4798886164195,-1047.849212309484,-875.4629069265596,-536.6810103154044,-273.6291979273243,273.1972736046188,583.0428703028465,775.8921953156048,1005.412839946809,1232.29596622755,0,-4.646570877039889,.300795391637497,-62.4114502992654,198.1623814745261,244.7277078525152,124.888949175003,73.9824284750061,147.2773605462838,57.9393015382491,80.40181255287852,68.69397031797568,60.18896013806031,7.588448768208933,13.82223801170149,8.98609380276411,1.975287798922704,3.033557322456692,5.155251579455102,3.917166966638615,5.256154457108796,5.467177476193981,11.9676251467253,-30.57815575257547,-34.59394344411022,-21.54359675469599,-4.321938134861967,-10.67829465641102,-11.14614252325575,-11.6843140845102,-12.49620154259801,-14.61113664125836
evreg2,3.relative_year_bin_aux#1.treat,-56.95315867774738,112.4798886164195,-453.7505299469944,-379.5599447621595,-267.943195715622,-127.4127733788624,129.1192117746231,264.0270300108557,358.5339724986674,466.6268413204064,566.4140262426497,0,-3.916658157444303,.1512491219524529,-33.90148498001732,112.6872868818323,124.888949175003,125.8922075453991,58.11043420879134,95.73108828333153,57.62488117479404,56.55925705366378,43.75525896734479,40.53089422262902,4.163018104805314,6.698306799465231,9.040361531632712,2.733077810460427,2.384163409815002,5.571230160005743,2.883236524511045,3.437427702090421,4.272807233610041,13.05214706509985,-22.88103197906906,-19.59900538811423,-24.32012291129337,-6.011001213588097,-11.29156382220764,-12.58518879646219,-11.53911033624001,-11.42844551181831,-13.60699040678675
evreg2,4.relative_year_bin_aux#1.treat,-23.61267812499788,112.4798886164195,-208.7297501146936,-181.4000474391624,-117.5723527474137,-72.66938611635125,45.04699148149903,103.2211586853065,147.8432337023832,195.5888937805503,239.1261733954066,0,-3.486907324230264,.0669139591244058,-10.91253840048924,58.24467225294138,73.9824284750061,58.11043420879134,64.79366799815203,52.61633774363524,37.79635945571214,34.56020128709289,30.15132013018532,30.8423016970557,3.859983637012413,4.933952278183074,4.644384570962713,4.955429717143345,2.787592159740484,5.470902070004654,2.408787382225873,3.331327965407474,3.702397162697373,4.033988047234504,-8.331264315855536,-9.015157671448607,-5.696464423090553,-9.715242418136919,-3.253335836012447,-4.908377810056298,-2.847063662327436,-3.48955573702779,-4.869216570536243
evreg2,6.relative_year_bin_aux#1.treat,-43.30018331918827,112.4798886164195,-873.5421189062466,-710.4551616547197,-459.2362216406025,-231.2546957224853,246.3854101559524,520.2919957560655,725.7598118690961,924.5994312741481,1126.537392480716,0,-4.476911505651922,.1708955661528545,-44.22433090387669,134.7947597969438,147.2773605462838,95.73108828333153,52.61633774363524,172.7144377583653,82.09914906218582,62.73767127297331,58.39515250538602,49.99921990795111,4.118563615038103,4.958376464258802,5.982832035733916,2.287050176958146,7.423171894284193,7.659245560993645,6.148695230911293,3.741601560850083,6.707420129631282,13.11277962966269,-13.19450974956197,-13.2689004088097,-12.75470836863191,-.5970458018097474,-35.41421990385231,-34.67417680300267,-24.67519076281391,-27.06624371486937,-26.0900740806711
evreg2,7.relative_year_bin_aux#1.treat,-7.966414031104268,112.4798886164195,-267.0883201255539,-215.0201012209959,-151.3827288969319,-82.18019414871232,77.52641444850568,129.8968938337298,228.8445982158779,306.103154527182,364.5791332669713,0,-4.972763906565615,.0150550986602101,-14.05312062758324,65.60528454082312,57.9393015382491,57.62488117479404,37.79635945571214,82.09914906218582,107.3841700859946,43.19930289010426,25.75831825309224,25.8400971455696,4.390204925195103,3.527211021415047,4.22871468929778,3.662738629025097,4.883058532023707,13.02522308643157,6.320527192772276,3.357951694415019,7.800601593338071,14.24708747060689,-12.44541192880955,-11.21437277432673,-10.32426909381515,-1.524315326846631,-30.88965535972088,-43.29417212428072,-27.12462566893008,-17.97478812148412,-23.15495325589128
evreg2,8.relative_year_bin_aux#1.treat,-42.06677538682263,112.4798886164195,-281.479465837113,-239.5373914135946,-150.8387383579509,-78.95713636580558,64.32347182790608,137.2862235965226,135.7363286134067,240.4360801118055,296.9447636460401,0,-6.243435102001474,.1472406221025468,-20.15017155484159,75.18560062305012,80.40181255287852,56.55925705366378,34.56020128709289,62.73767127297331,43.19930289010426,125.5058620998525,55.25159751902883,55.18804426740505,5.040664642406982,3.976310877179618,5.090738702261462,1.597136960544194,3.890956645729797,8.768079472260041,10.50851652232102,6.508006706865765,8.757783885723066,14.92718189164901,-13.21953786564585,-11.47809710617735,-11.24259225250053,.6242661212914219,-24.54758718383555,-30.90642510444226,-34.41102663919291,-22.75150058432866,-26.78132727901502
evreg2,9.relative_year_bin_aux#1.treat,-17.07683616596005,112.4798886164195,-196.5670999620674,-172.8043262417333,-101.6955963594254,-55.48112514454133,33.50720895322987,99.12853050179396,108.6911016645182,118.5884097310858,173.608874827068,0,-6.237901338359202,.0380761272125889,-7.011498136033997,61.18973757007257,68.69397031797568,43.75525896734479,30.15132013018532,58.39515250538602,25.75831825309224,55.25159751902883,129.594944569645,95.57392488273902,5.078732360952128,4.229447646313159,5.081918785324785,2.324888655853681,5.411679670651973,8.235382841998913,5.269141973052865,15.00985345124562,10.05248788469783,14.18165513365273,-13.12213984243747,-11.73990270705216,-11.00100060106658,.3589047019995462,-26.46928871349701,-28.79060076259469,-28.01556367840482,-44.61078537505755,-27.70518027984405
evreg2,10.relative_year_bin_aux#1.treat,-37.04762751664816,112.4798886164195,-139.5957304192021,-127.3150481966101,-73.51134226582107,-42.80102572390252,15.39430301947972,56.78840668789539,57.40567301189157,72.93562316978718,78.5592248675387,0,-6.63532800150086,.0700285823580667,-6.93077368159287,53.13168076239572,60.18896013806031,40.53089422262902,30.8423016970557,49.99921990795111,25.8400971455696,55.18804426740505,95.57392488273902,124.6067571834281,5.427910304149452,4.54945281048173,5.492864387291709,2.948796668891318,6.394178798999078,7.009724692534644,6.102730127281515,10.84844362601528,18.3380606832332,14.73236373403633,-12.71471345706004,-11.65489177041084,-11.14864170163314,-.0254320414994485,-21.19027240538514,-22.31543499800516,-25.36265276054298,-36.85866731170966,-42.95508869335921
evreg2,1bn.relative_year_bin_aux#1.downup_ac,-3.364517628054048,112.4798886164195,-22.95850639542387,-16.9049338553429,-10.31944921531698,-6.933177206221052,-.8804508241196334,1.919756145274817,4.084306241670079,6.845927088702258,9.376592838798407,0,-9.700664261052109,.0048570791055433,-.276677566221456,10.66360468435063,7.588448768208933,4.163018104805314,3.859983637012413,4.118563615038103,4.390204925195103,5.040664642406982,5.078732360952128,5.427910304149452,22.52277214470121,9.792402718267875,8.50441738459778,5.468895510610777,5.755310582833962,7.967387467462106,7.323890436636009,8.742820589434434,8.650191121163576,9.686042967797521,-22.57347835952448,-9.787849008090252,-8.518074190269372,-5.497671096211192,-5.790417219195858,-7.929627084837152,-7.342960497790703,-8.750091673686912,-8.667395153164966
evreg2,2.relative_year_bin_aux#1.downup_ac,-.9887987455466672,112.4798886164195,-20.14337246185558,-21.46862272111309,-11.73769213708638,-7.43670013299983,-.0636471385491605,3.793721857453285,5.698447982234765,7.767993377691051,9.81313460840629,0,-6.461608511129596,.0135529900763291,-.1010894728072667,10.09822976698542,13.82223801170149,6.698306799465231,4.933952278183074,4.958376464258802,3.527211021415047,3.976310877179618,4.229447646313159,4.54945281048173,9.792402718267875,21.86281088297813,10.11537201043987,4.278884448759373,5.060228178892909,4.035764048798752,4.439116646838104,5.884250246233845,5.767968957076752,6.442049310073473,-9.8069452121459,-21.84129700674186,-10.13735153770545,-4.308521349817309,-5.105064325639599,-3.982865654683399,-4.471240514842215,-5.895504490612501,-5.797191159092614
evreg2,3.relative_year_bin_aux#1.downup_ac,-1.958775135206824,112.4798886164195,-28.93564626210738,-25.17426782606637,-19.91051540211454,-10.07039995878171,3.270770299438825,10.47905411167547,15.01586628075978,20.39401493183989,25.42310322931727,0,-7.669112181627408,.0099343656981585,-.6548640631303811,7.822493079630782,8.98609380276411,9.040361531632712,4.644384570962713,5.982832035733916,4.22871468929778,5.090738702261462,5.081918785324785,5.492864387291709,8.50441738459778,10.11537201043987,15.79622314640775,6.247035173614631,6.968542977058445,6.894553678730722,6.257220055482966,7.262821053859574,7.178520602072285,7.61408471428042,-8.522727810457413,-10.10315559229943,-15.80463017258036,-6.261512724465438,-6.999755243770143,-6.814942142980768,-6.269557447677062,-7.243926911061963,-7.179372854091062
evreg2,4.relative_year_bin_aux#1.downup_ac,-.489669660778874,112.4798886164195,-4.673404216520363,-4.35798652739228,-4.470837033121597,-5.843865176157745,-2.785249915107056,-3.158496363974131,-.0734104937603496,.0997801508925391,.5372049763364358,0,-5.139829675075065,.0010928132937545,.7296656361629943,1.763272607312419,1.975287798922704,2.733077810460427,4.955429717143345,2.287050176958146,3.662738629025097,1.597136960544194,2.324888655853681,2.948796668891318,5.468895510610777,4.278884448759373,6.247035173614631,9.427097446532004,3.96137661902871,6.106455124113267,5.10117859740427,4.849938228992293,5.079408341805329,5.123862030333374,-5.468629601834953,-4.27461672081884,-6.247752014459547,-9.434228455964965,-3.978719714602026,-6.044600694886332,-5.102813979484368,-4.832071524414399,-5.080868088679146
evreg2,6.relative_year_bin_aux#1.downup_ac,-1.683710528410468,112.4798886164195,-8.708702818096642,-7.72752200489079,-5.760349424949093,-4.50780855509347,-7.834610112085887,-3.56496450987213,-.8194400326255815,-.6354706569859847,.2493394751323363,0,-7.674014205995694,.0014007375613928,-.4737998708602854,2.868539129340472,3.033557322456692,2.384163409815002,2.787592159740484,7.423171894284193,4.883058532023707,3.890956645729797,5.411679670651973,6.394178798999078,5.755310582833962,5.060228178892909,6.968542977058445,3.96137661902871,16.98964218067242,8.948037350283084,8.054309125950468,9.521227552120278,8.128429034382126,7.66038343311208,-5.775188092988586,-5.053787050746577,-7.001502898342966,-3.976640384992626,-17.01463796375133,-8.89891001443279,-8.06658250390222,-9.521617822998431,-8.136418687936677
evreg2,7.relative_year_bin_aux#1.downup_ac,-5.172856615195673,112.4798886164195,-26.82881253371495,-20.29781267242636,-15.68196914089756,-10.59269807267768,.0262146877970525,-.2781529506327583,8.964911207751275,14.50548130059421,20.79544459587979,0,-10.2487219958238,.0110333155831862,-1.129973188476758,7.072164716820723,5.155251579455102,5.571230160005743,5.470902070004654,7.659245560993645,13.02522308643157,8.768079472260041,8.235382841998913,7.009724692534644,7.967387467462106,4.035764048798752,6.894553678730722,6.106455124113267,8.948037350283084,25.97976528788069,13.7431484332075,14.3153936582661,14.60062485696949,10.17069610461485,-7.992761903244824,-4.008743667202853,-6.898641121934445,-6.104420905895009,-8.950261484998702,-25.85840315404186,-13.74567383950913,-14.30427805719281,-14.61601180891144
evreg2,8.relative_year_bin_aux#1.downup_ac,-4.445910671597681,112.4798886164195,-29.4418539877385,-22.69923564619014,-15.53070782259144,-8.834683278709843,3.800364692808541,10.20848773563266,12.58621247915817,24.30518731834543,30.01437545183751,0,-9.682210075171485,.0033543075938312,-2.335569419419742,4.972788515330509,3.917166966638615,2.883236524511045,2.408787382225873,6.148695230911293,6.320527192772276,10.50851652232102,5.269141973052865,6.102730127281515,7.323890436636009,4.439116646838104,6.257220055482966,5.10117859740427,8.054309125950468,13.7431484332075,23.42795289666656,14.88164492860918,15.45656373953903,9.603763205229505,-7.324189425253016,-4.414720846379895,-6.260041777058731,-5.102078828547797,-8.042782724556638,-13.67182207664939,-23.41159905819472,-14.8612116309951,-15.43791147990085
evreg2,9.relative_year_bin_aux#1.downup_ac,-3.202631512751362,112.4798886164195,-7.238461106469349,-6.041832722117428,-3.88534298495197,-3.582530416100401,-6.247756621316276,-5.822383526044463,-8.959546174058646,-17.54341085715393,-13.25355540943801,0,-11.51158539338849,-.0004838671319569,-1.905694234652913,6.01587260177299,5.256154457108796,3.437427702090421,3.331327965407474,3.741601560850083,3.357951694415019,6.508006706865765,15.00985345124562,10.84844362601528,8.742820589434434,5.884250246233845,7.262821053859574,4.849938228992293,9.521227552120278,14.3153936582661,14.88164492860918,26.9758188013159,22.47428925087095,11.50587749458504,-8.729108466123746,-5.860750153705757,-7.260234624032059,-4.848638260374176,-9.532332886854908,-14.27969318180322,-14.89385429708073,-26.98854792428481,-22.48270610453758
evreg2,10.relative_year_bin_aux#1.downup_ac,-1.584538514663548,112.4798886164195,-13.54631787319064,-10.87095888095936,-7.719569614927144,-5.4183913054964,-2.759762332279979,-2.132568530208058,-1.501980866685512,-1.279755653955664,-8.029807865189367,0,-11.3203694142601,.0013736118979071,-1.888324162461247,6.368166716926255,5.467177476193981,4.272807233610041,3.702397162697373,6.707420129631282,7.800601593338071,8.757783885723066,10.05248788469783,18.3380606832332,8.650191121163576,5.767968957076752,7.178520602072285,5.079408341805329,8.128429034382126,14.60062485696949,15.45656373953903,22.47428925087095,37.62975752403383,11.29856450668305,-8.629700314013983,-5.741254782895555,-7.175640807424641,-5.081309384003124,-8.134369398989364,-14.57521971664614,-15.46771203899691,-22.49487441863264,-37.63962335470461
evreg2,1.treat#1.downup_ac,-11.68329102739261,112.4798886164195,27.25972199743002,20.74232906500833,12.74492299648233,4.893221412293632,-12.61461726304012,-22.17171602989088,-31.39458796835204,-39.15497903498469,-47.381606075278,0,-13.31819009164343,-.0007054753876095,.391529900639334,15.439292409177,11.9676251467253,13.05214706509985,4.033988047234504,13.11277962966269,14.24708747060689,14.92718189164901,14.18165513365273,14.73236373403633,9.686042967797521,6.442049310073473,7.61408471428042,5.123862030333374,7.66038343311208,10.17069610461485,9.603763205229505,11.50587749458504,11.29856450668305,36.38132387255735,-25.2130419591522,-22.62669556618785,-22.79471930297893,-7.989422455155549,-25.76875861049849,-27.88304638116444,-28.46491836024751,-30.86267152147687,-31.09785224724557
evreg2,1bn.relative_year_bin_aux#1.treat#1.downup_ac,7.10409115041593,112.4798886164195,23.26938815625713,17.10764685994223,10.18169855110622,6.690344025175567,.8223291504675532,-1.914949438376746,-3.251037551419766,-5.02441489362162,-6.867433849045747,0,9.694619391813854,-.0011590116018703,2.066553157163063,-44.30400423012945,-30.57815575257547,-22.88103197906906,-8.331264315855536,-13.19450974956197,-12.44541192880955,-13.21953786564585,-13.12213984243747,-12.71471345706004,-22.57347835952448,-9.8069452121459,-8.522727810457413,-5.468629601834953,-5.775188092988586,-7.992761903244824,-7.324189425253016,-8.729108466123746,-8.629700314013983,-25.2130419591522,68.35865629277268,37.06377663369143,30.9720771912314,14.18674528115334,20.30198270014382,22.2488241172172,21.95432206433879,23.74486215021527,23.60721429468355
evreg2,2.relative_year_bin_aux#1.treat#1.downup_ac,6.806426954010917,112.4798886164195,10.1592861899619,13.64923345535895,6.340362352467551,4.692637741988997,2.477153694375072,1.304563929373542,2.217577546034631,3.454303354149479,4.393358338522662,0,6.439894885883328,-.0139427443771936,.7467432317189566,-31.13054493740086,-34.59394344411022,-19.59900538811423,-9.015157671448607,-13.2689004088097,-11.21437277432673,-11.47809710617735,-11.73990270705216,-11.65489177041084,-9.787849008090252,-21.84129700674186,-10.10315559229943,-4.27461672081884,-5.053787050746577,-4.008743667202853,-4.414720846379895,-5.860750153705757,-5.741254782895555,-22.62669556618785,37.06377663369143,50.68853768517665,28.14936534447817,8.759751528691076,19.87735349236686,18.67451798607093,19.51496136588864,21.29342250197215,21.32015154684886
evreg2,3.relative_year_bin_aux#1.treat#1.downup_ac,10.93600513533997,112.4798886164195,22.68427818055273,20.26975913491906,16.448132245611,8.233600294799501,-1.963166612593792,-7.367952295886515,-9.641238753591692,-12.87517594557107,-15.70740746517343,0,7.658268794161494,-.00733786267481,1.824063002283051,-19.70322858664627,-21.54359675469599,-24.32012291129337,-5.696464423090553,-12.75470836863191,-10.32426909381515,-11.24259225250053,-11.00100060106658,-11.14864170163314,-8.518074190269372,-10.13735153770545,-15.80463017258036,-6.247752014459547,-7.001502898342966,-6.898641121934445,-6.260041777058731,-7.260234624032059,-7.175640807424641,-22.79471930297893,30.9720771912314,28.14936534447817,42.47052319557633,16.41513462752717,20.97949693516011,20.69283676050166,20.44153862576127,21.64364334684639,21.59980605446371
evreg2,4.relative_year_bin_aux#1.treat#1.downup_ac,8.033620841628061,112.4798886164195,-4.132404675873865,-2.259828884929107,-.0374874966248172,3.57282633014442,4.393230881556958,6.88291191197772,6.066511199912191,8.000317530842501,9.838231518714403,0,5.137588535325612,.0014431741664399,-.1016210676803076,-4.559253206712671,-4.321938134861967,-6.011001213588097,-9.715242418136919,-.5970458018097474,-1.524315326846631,.6242661212914219,.3589047019995462,-.0254320414994485,-5.497671096211192,-4.308521349817309,-6.261512724465438,-9.434228455964965,-3.976640384992626,-6.104420905895009,-5.102078828547797,-4.848638260374176,-5.081309384003124,-7.989422455155549,14.18674528115334,8.759751528691076,16.41513462752717,31.25328343706659,7.366657379245817,9.454627188230482,8.475507521128577,8.173315830054715,8.33089477450984
evreg2,6.relative_year_bin_aux#1.treat#1.downup_ac,10.98805619747035,112.4798886164195,-13.72681469985982,-9.410786994302939,-5.648614920815783,-1.166578606798134,12.7730318696247,14.1905607311459,17.03395437148633,22.05609968425374,26.66932883825579,0,7.684470072007316,.0069286822328565,-.6978856876774369,-12.45468180009718,-10.67829465641102,-11.29156382220764,-3.253335836012447,-35.41421990385231,-30.88965535972088,-24.54758718383555,-26.46928871349701,-21.19027240538514,-5.790417219195858,-5.105064325639599,-6.999755243770143,-3.978719714602026,-17.01463796375133,-8.950261484998702,-8.042782724556638,-9.532332886854908,-8.134369398989364,-25.76875861049849,20.30198270014382,19.87735349236686,20.97949693516011,7.366657379245817,78.94139532216174,58.47737814346846,50.03078795092639,45.04328506133851,32.87270503066967
evreg2,7.relative_year_bin_aux#1.treat#1.downup_ac,12.59467814647474,112.4798886164195,18.76735671150435,14.22781396533636,12.00333817473665,8.863801639203297,1.444776042458717,3.409539070044952,-4.459545631952699,-9.461311267252421,-14.68117767057633,0,10.17320010944901,-.0049153914981524,1.115300773342705,-15.5543487146786,-11.14614252325575,-12.58518879646219,-4.908377810056298,-34.67417680300267,-43.29417212428072,-30.90642510444226,-28.79060076259469,-22.31543499800516,-7.929627084837152,-3.982865654683399,-6.814942142980768,-6.044600694886332,-8.89891001443279,-25.85840315404186,-13.67182207664939,-14.27969318180322,-14.57521971664614,-27.88304638116444,22.2488241172172,18.67451798607093,20.69283676050166,9.454627188230482,58.47737814346846,97.29666808147648,57.44940599073641,52.46685234856921,49.269733591563
evreg2,8.relative_year_bin_aux#1.treat#1.downup_ac,8.944034657779893,112.4798886164195,1.712789395175361,1.601631246732496,1.301621568418667,1.66222488921156,2.307892962155047,3.064902807708401,8.019567297165796,3.427656680834357,4.933990635962845,0,9.693544836682323,.0058015447645547,-.781586716735974,-14.78261566213899,-11.6843140845102,-11.53911033624001,-2.847063662327436,-24.67519076281391,-27.12462566893008,-34.41102663919291,-28.01556367840482,-25.36265276054298,-7.342960497790703,-4.471240514842215,-6.269557447677062,-5.102813979484368,-8.06658250390222,-13.74567383950913,-23.41159905819472,-14.89385429708073,-15.46771203899691,-28.46491836024751,21.95432206433879,19.51496136588864,20.44153862576127,8.475507521128577,50.03078795092639,57.44940599073641,72.97016991981035,49.66569736695212,46.8310659084081
evreg2,9.relative_year_bin_aux#1.treat#1.downup_ac,8.120888192445218,112.4798886164195,-9.102676804218056,-6.319102071255693,-4.365158665717055,-.5862904494065697,9.81444750570426,13.65445704357841,21.08813381965716,33.41213721554797,33.16331077113666,0,11.52309666120002,.0003076306310741,-1.505942912352136,-15.46170658404119,-12.49620154259801,-11.42844551181831,-3.48955573702779,-27.06624371486937,-17.97478812148412,-22.75150058432866,-44.61078537505755,-36.85866731170966,-8.750091673686912,-5.895504490612501,-7.243926911061963,-4.832071524414399,-9.521617822998431,-14.30427805719281,-14.8612116309951,-26.98854792428481,-22.49487441863264,-30.86267152147687,23.74486215021527,21.29342250197215,21.64364334684639,8.173315830054715,45.04328506133851,52.46685234856921,49.66569736695212,78.45093678555054,55.21428007509326
evreg2,10.relative_year_bin_aux#1.treat#1.downup_ac,8.059399785373605,112.4798886164195,-15.80350006170761,-11.45129634037193,-7.567466783067396,-2.443220154957934,9.080409388912383,16.61482104401632,24.49559914663624,32.59809248965843,47.67332591184909,0,11.33586543490402,-.0000887025127622,1.110047764305575,-17.76123119743716,-14.61113664125836,-13.60699040678675,-4.869216570536243,-26.0900740806711,-23.15495325589128,-26.78132727901502,-27.70518027984405,-42.95508869335921,-8.667395153164966,-5.797191159092614,-7.179372854091062,-5.080868088679146,-8.136418687936677,-14.61601180891144,-15.43791147990085,-22.48270610453758,-37.63962335470461,-31.09785224724557,23.60721429468355,21.32015154684886,21.59980605446371,8.33089477450984,32.87270503066967,49.269733591563,46.8310659084081,55.21428007509326,91.71668320486371
evreg3,1bn.relative_year_bin_aux,566.4141915242244,112.4798886164195,10310.95097137872,7905.371418752267,5235.417097867899,2628.731566796363,-2972.7373329677,-5724.476933351276,-8207.165778030954,-10663.78263311694,-13138.83242995434,0,0,-2.56901235348122,604.0846741224112,-887.8384678290504,-719.7864308160194,-441.1975896447448,-235.2908042575779,-817.4902106459147,-468.5665315645247,-384.430171747738,-277.3232695246148,-169.5252796563543,354.8920967340764,715.8675610193525,36.95734397696562,4.623023613319394,134.0298443024419,-405.5932925928531,-297.199801196595,-238.246359289588,-124.7405440265896,0,-209.3393980497777,-728.339073383949,8.515808617447048,38.45131776214864,-127.5595896788088,475.936087376697,291.7679405277317,202.815400240495,114.1323714170545
evreg3,2.relative_year_bin_aux,428.4340130605709,112.4798886164195,7905.371418752267,6116.238393652719,4038.463008453647,2028.844943040719,-2282.558232842919,-4413.272847362722,-6310.146848029527,-8201.924833437253,-10106.08711837641,0,0,-1.964799392352792,465.7552749184939,-664.6335100767116,-593.0078552975129,-353.190370203478,-188.9439440289171,-640.5426452378101,-358.2860668142278,-305.9974411503148,-221.8840497914074,-138.5084958054634,269.2381896269304,507.9278563652489,23.11910650396887,-1.211810286083198,99.55974793484577,-298.0052566279331,-232.612033301907,-186.5589705012135,-98.6981958778663,0,-157.1811329305143,-516.6737084820576,13.54216912266284,34.45880878884196,-92.93406283161944,353.3318304680495,229.1457928047677,159.208489486298,90.19085666184255
evreg3,3.relative_year_bin_aux,286.2232475017121,112.4798886164195,5235.417097867899,4038.463008453647,2701.817676444239,1351.94677027767,-1520.219978157395,-2931.134930214577,-4207.452439760215,-5467.306029443332,-6735.451411846769,0,0,-1.296025268605962,309.5310993473648,-428.5981369961529,-369.9715320965943,-253.2039100914231,-129.0262602773054,-430.6708903446961,-249.8755401630941,-202.0168360773102,-144.4733538561938,-87.92853090641213,183.7338069494221,367.2276098566711,5.50108130648011,-2.371582746096706,64.96383597154356,-207.6762474949387,-157.3083889544513,-131.0233146379374,-71.17931744639371,0,-111.2382738089365,-372.7862488885968,20.84937406056185,25.45701442933381,-59.7996182440066,245.4175045157218,154.835912167928,109.7494821911269,62.14724167671448
evreg3,4.relative_year_bin_aux,139.5905290916581,112.4798886164195,2628.731566796363,2028.844943040719,1351.94677027767,689.7683689519151,-754.9565229126287,-1459.470662715181,-2098.857230320046,-2732.609202296681,-3367.994944177163,0,0,-.6376047415149906,153.2470436342647,-220.8041407743324,-190.9348405908748,-125.299604099788,-77.00220564629879,-219.4563392247561,-131.4311392486313,-108.5140813955083,-77.08672855612674,-49.21645904866994,85.64270677695643,178.373617970838,4.847238856924604,-13.58552429624228,27.40539607999129,-111.6313370973634,-87.40967944094983,-71.33461678330978,-41.47097261554046,0,-49.71872914770576,-181.5302031769662,7.977409520314676,24.95540510273814,-24.82660268158892,130.5641199046163,86.55233957761291,60.45893849596794,36.82582912387208
evreg3,6.relative_year_bin_aux,-149.1464822954956,112.4798886164195,-2972.7373329677,-2282.558232842919,-1520.219978157395,-754.9565229126287,911.8926644791906,1711.218943163265,2446.612094031012,3170.297631994751,3896.468659984374,0,0,.7106401033091464,-174.4408415628594,238.2706151047699,193.1841452977871,127.1798597067515,58.60355784629783,239.8308392930791,142.3890500546131,104.5578522315157,70.5127836093194,35.80469637052475,-115.6148118632409,-231.5510664771008,-30.30374254085953,-11.42354725801517,-62.89342940598895,113.8783606907171,86.75520450614817,68.70058853674611,34.29118677380498,0,74.93171726503306,235.0474521267048,14.73439259956172,.0792859461667266,57.61979156279461,-134.7354484554077,-87.68374759533148,-61.26079319294149,-32.38888750970828
evreg3,7.relative_year_bin_aux,-282.424092064868,112.4798886164195,-5724.476933351276,-4413.272847362722,-2931.134930214577,-1459.470662715181,1711.218943163265,3289.727232955239,4680.983106181202,6059.720630318397,7460.318262447563,0,0,1.347806374026433,-332.9106416842949,462.456489035795,394.46539600606,251.0844364744994,119.9693352437792,476.9791021108492,248.3903578297958,201.9944630669244,145.293213541615,73.74398740234169,-201.1953572226972,-401.7655534739753,-36.00001164047183,-11.8983938247862,-91.01290119674418,197.9538518389924,171.444197548613,131.9600828441384,62.15651517452874,0,124.8356284374286,410.6241591420497,8.533700276871871,-9.633441020026959,85.40454591634628,-237.4386675768334,-171.5052087514692,-113.8617107712423,-56.7326037260996
evreg3,8.relative_year_bin_aux,-377.2675387276965,112.4798886164195,-8207.165778030954,-6310.146848029527,-4207.452439760215,-2098.857230320046,2446.612094031012,4680.983106181202,6770.729920868802,8730.65932107912,10740.32612700406,0,0,1.877348903754394,-468.4362908117685,637.7626761480354,527.4278609570318,349.0586536156175,169.3186061183378,676.0590438369111,387.8090306488726,241.7784079427553,184.9104772865394,92.43312649365876,-293.6848495214119,-597.2151054134775,-55.04199198683358,-17.95761916051003,-126.2268824873245,310.7977459628214,208.0079997496627,181.9960141104249,90.19694647437125,0,188.2044929588361,611.6964412977769,14.44212821269091,-13.80808979890744,117.7336053016939,-368.9818548380027,-206.5695900554677,-150.0364511724073,-76.43443304197075
evreg3,9.relative_year_bin_aux,-489.6694754210162,112.4798886164195,-10663.78263311694,-8201.924833437253,-5467.306029443332,-2732.609202296681,3170.297631994751,6059.720630318397,8730.65932107912,11337.4469883274,13937.96089402541,0,0,2.460888500925288,-612.9949067787708,825.8721013187455,685.3490175127453,451.4328273209611,224.3666067753994,866.774417810526,506.6123942732835,365.7379557383735,229.9029792512905,121.7589623934469,-377.9600306004815,-767.5386003533979,-73.35404580461007,-21.54899420764006,-160.27317773642,400.8080400421782,320.679061661234,237.6255710954185,127.4681731607567,0,242.4092330672125,786.2900916726659,19.08693732164847,-21.74166397947771,148.3770449942939,-478.8163420223578,-318.2281292883184,-190.0146838648106,-104.2966599978754
evreg3,10.relative_year_bin_aux,-595.1551910045749,112.4798886164195,-13138.83242995434,-10106.08711837641,-6735.451411846769,-3367.994944177163,3896.468659984374,7460.318262447563,10740.32612700406,13937.96089402541,17175.69777376789,0,0,3.026712474296683,-753.9801218588101,1016.460584504366,844.4499539780807,554.7693259507829,277.3130746943129,1066.490239461297,618.6370181232561,457.7557182167732,302.3894790441612,135.4460233810105,-466.6229963193362,-945.1859983444953,-87.6030545775714,-25.58401992781229,-193.9887688762183,490.2746862693409,400.0591972728267,317.0078497331768,144.3696490210476,0,299.881047093873,968.3948299943143,20.72126539176833,-28.41040555062872,179.9447994186659,-586.6218704138713,-396.5319400675523,-255.7397607332249,-114.009361257016
evreg3,1o.treat,0,112.4798886164195,0,0,0,0,0,0,0,0,0,0,0,0,0,0,0,0,0,0,0,0,0,0,0,0,0,0,0,0,0,0,0,0,0,0,0,0,0,0,0,0,0
evreg3,1o.rice_area_aclvl_ahigh,0,112.4798886164195,0,0,0,0,0,0,0,0,0,0,0,0,0,0,0,0,0,0,0,0,0,0,0,0,0,0,0,0,0,0,0,0,0,0,0,0,0,0,0,0,0
evreg3,wind_direction,-1.051143376901377,112.4798886164195,-2.56901235348122,-1.964799392352792,-1.296025268605962,-.6376047415149906,.7106401033091464,1.347806374026433,1.877348903754394,2.460888500925288,3.026712474296683,0,0,.0022941288213218,-.259406427838498,.2400703454252398,.2091309802226997,.1285871755819828,.0775768370750934,.1859651781249809,.0954132433576264,.1197376274261247,.0927306363726751,.0918520635820938,-.105701437679337,-.2150615850303274,-.0544429532144172,.0089716921355279,.0065858763586496,.117840899928359,-.0332052662541732,.0555373184393686,.0037466693196433,0,.0123876634283997,.1914697278962253,.036089950483437,-.0064221399236268,-.019618084892192,-.1617919293828815,.0605860202942502,-.1106176230743327,-.0619463310851298
evreg3,av_wind_speed,147.0645031644871,112.4798886164195,604.0846741224112,465.7552749184939,309.5310993473648,153.2470436342647,-174.4408415628594,-332.9106416842949,-468.4362908117685,-612.9949067787708,-753.9801218588101,0,0,-.259406427838498,73.8336032025499,-52.14910906131704,-47.71453793365076,-32.35726365291501,-15.69996720314979,-43.08208289664645,-27.64448114440525,-28.84708865823544,-14.2133604339477,-6.392913136737711,20.11165974315794,36.90869372527432,5.500582350381513,-2.34244344414126,3.722797383340578,-26.69279446852238,-12.9291297228474,-12.90969167347096,-7.906374533745295,0,-9.391382082072434,-34.85080962641658,-1.186188471958821,9.006821115675578,-3.684186665308131,31.49103562877729,22.08827970034955,15.96716671130484,3.395400512319399
evreg3,1bn.relative_year_bin_aux#1.treat,-70.90985488627152,112.4798886164195,-887.8384678290504,-664.6335100767116,-428.5981369961529,-220.8041407743324,238.2706151047699,462.456489035795,637.7626761480354,825.8721013187455,1016.460584504366,0,0,.2400703454252398,-52.14910906131704,290.0137517912573,178.0840968708708,135.9381349126203,86.99488082364513,146.1620206618454,100.9301778605897,97.70900296216726,86.8654642344662,71.73178140272888,-2.237028712913435,-39.09616336100364,10.31269270577439,16.68573361828614,1.247666591296588,51.19511212798282,31.95820730873501,30.59315414937026,20.54656967440231,0,-124.7269150172467,-20.06779570596344,-81.40595106407498,-60.24818358445198,-45.74009966255041,-96.26611206720243,-76.25120105425493,-77.48825186566579,-65.97902931190319
evreg3,2.relative_year_bin_aux#1.treat,-67.26570844548149,112.4798886164195,-719.7864308160194,-593.0078552975129,-369.9715320965943,-190.9348405908748,193.1841452977871,394.46539600606,527.4278609570318,685.3490175127453,844.4499539780807,0,0,.2091309802226997,-47.71453793365076,178.0840968708708,190.6850846234026,115.8310183961005,83.48942075372409,123.9933976288646,73.97915810081935,84.58430790687115,76.33069492107008,63.90506557622941,.9701647955303334,10.78140875152871,15.16050994553481,17.89505277670655,5.533171368142157,29.2853456129246,29.08245897259927,26.8958728308257,17.75125265091016,0,-69.19250479263059,-66.52242968006617,-65.34085154255712,-59.73429374555744,-38.28362126515258,-62.86632877705556,-62.71331261779905,-63.88825186468948,-53.37357418130645
evreg3,3.relative_year_bin_aux#1.treat,-47.20252008384064,112.4798886164195,-441.1975896447448,-353.190370203478,-253.2039100914231,-125.299604099788,127.1798597067515,251.0844364744994,349.0586536156175,451.4328273209611,554.7693259507829,0,0,.1285871755819828,-32.35726365291501,135.9381349126203,115.8310183961005,128.1868981206667,79.3601629959937,104.8512504360632,77.7189752603251,71.36978073452426,65.53860585952887,56.41883550291575,-5.783782474839823,-23.12015977853069,20.08601137981637,13.37057582083267,4.506236446797613,28.79046387083462,20.33786299208507,23.40392087722917,16.08921700423838,0,-65.91787172167361,-25.088598263571,-85.89601496521506,-61.59084869994959,-43.43347782742774,-67.84305541506085,-58.73695775728874,-64.03478932060018,-55.49005048024539
evreg3,4.relative_year_bin_aux#1.treat,-28.63226099651185,112.4798886164195,-235.2908042575779,-188.9439440289171,-129.0262602773054,-77.00220564629879,58.60355784629783,119.9693352437792,169.3186061183378,224.3666067753994,277.3130746943129,0,0,.0775768370750934,-15.69996720314979,86.99488082364513,83.48942075372409,79.3601629959937,93.84718685910401,73.27229827090964,61.79305911628462,59.6047696558853,56.74907579545744,53.75323330201694,3.475612401987057,-6.620307490798883,8.161504759438971,19.20851482683185,8.399383336929933,23.43327805551927,18.66591455190094,17.28374574443487,13.0559402573262,0,-52.84949518368791,-36.92665930577852,-58.63103143758236,-85.18508403572915,-45.06693766835205,-60.29162165427754,-54.72280580933464,-57.39504859516954,-53.50180076794022
evreg3,6.relative_year_bin_aux#1.treat,-47.01186759545502,112.4798886164195,-817.4902106459147,-640.5426452378101,-430.6708903446961,-219.4563392247561,239.8308392930791,476.9791021108492,676.0590438369111,866.774417810526,1066.490239461297,0,0,.1859651781249809,-43.08208289664645,146.1620206618454,123.9933976288646,104.8512504360632,73.27229827090964,177.6309110749505,98.43346511260083,83.70529787418022,67.95536494219354,62.28314460899838,-7.749058417571493,-43.05878718787677,6.144424750679751,16.16055381032694,8.14070030277777,50.4580257836142,42.93607153358496,36.71482001106281,22.75119867310208,0,-42.99899181521318,14.15638048478451,-45.47928900694152,-51.59824541893371,-66.82362640735906,-82.19857843682748,-83.15121735951064,-68.99244127030316,-67.80621143163995
evreg3,7.relative_year_bin_aux#1.treat,-34.06194948671792,112.4798886164195,-468.5665315645247,-358.2860668142278,-249.8755401630941,-131.4311392486313,142.3890500546131,248.3903578297958,387.8090306488726,506.6123942732835,618.6370181232561,0,0,.0954132433576264,-27.64448114440525,100.9301778605897,73.97915810081935,77.7189752603251,61.79305911628462,98.43346511260083,127.801400169216,60.98437762493604,48.04179684869591,30.6453045774654,-8.361409858632815,-44.27568366199028,-1.126256569939663,11.92950654571123,2.07106498832182,56.17219197810276,29.42637474536843,28.24905682173063,22.01590075630834,0,-36.82301855572808,13.56911577033994,-37.84192442221732,-47.71582248899022,-34.05027444932593,-115.1992353944502,-58.161352529429,-53.4050263325076,-35.51484037502777
evreg3,8.relative_year_bin_aux#1.treat,-36.96118698160619,112.4798886164195,-384.430171747738,-305.9974411503148,-202.0168360773102,-108.5140813955083,104.5578522315157,201.9944630669244,241.7784079427553,365.7379557383735,457.7557182167732,0,0,.1197376274261247,-28.84708865823544,97.70900296216726,84.58430790687115,71.36978073452426,59.6047696558853,83.70529787418022,60.98437762493604,137.9063150419864,58.80193379860998,47.72833963064861,-1.37467707877894,-17.42906894450347,4.472804229425922,13.00765287496302,3.123270034131401,29.84318917903526,63.51270647558388,32.13802661292532,21.30099044908452,0,-42.96175415215757,-14.32772344383223,-42.7097716734754,-49.79052517230547,-42.7283553864177,-58.68387562689996,-126.2966987788036,-48.97540279374041,-35.57752271203809
evreg3,9.relative_year_bin_aux#1.treat,-35.37362899628387,112.4798886164195,-277.3232695246148,-221.8840497914074,-144.4733538561938,-77.08672855612674,70.5127836093194,145.293213541615,184.9104772865394,229.9029792512905,302.3894790441612,0,0,.0927306363726751,-14.2133604339477,86.8654642344662,76.33069492107008,65.53860585952887,56.74907579545744,67.95536494219354,48.04179684869591,58.80193379860998,122.9034377306424,95.62575949886116,-3.465616453610351,-18.8870818362378,8.815628005993787,11.33630223049456,2.48129190335787,28.59005962700736,21.50878132113948,32.27355382041189,12.84493533097745,0,-37.77075677656433,-11.70682758899877,-45.75464294489452,-48.76871120817123,-29.02443584563586,-53.06866615288114,-41.02803371562312,-100.4815248561842,-72.57779982262664
evreg3,10.relative_year_bin_aux#1.treat,-38.23292737448268,112.4798886164195,-169.5252796563543,-138.5084958054634,-87.92853090641213,-49.21645904866994,35.80469637052475,73.74398740234169,92.43312649365876,121.7589623934469,135.4460233810105,0,0,.0918520635820938,-6.392913136737711,71.73178140272888,63.90506557622941,56.41883550291575,53.75323330201694,62.28314460899838,30.6453045774654,47.72833963064861,95.62575949886116,149.2497179981202,-1.776006102346586,-11.61778775012144,8.954102585053631,9.84502783893641,1.069182488460385,26.13390384969843,12.85443320088057,8.004704368723733,25.24618393883038,0,-36.92886698380312,-19.12324645607426,-46.36422122971611,-48.80994067659056,-40.44797896519621,-39.990843556944,-28.66864481366931,-62.40824503859137,-117.8146017277775
evreg3,1bn.relative_year_bin_aux#1.rice_area_aclvl_ahigh,51.23097762143868,112.4798886164195,354.8920967340764,269.2381896269304,183.7338069494221,85.64270677695643,-115.6148118632409,-201.1953572226972,-293.6848495214119,-377.9600306004815,-466.6229963193362,0,0,-.105701437679337,20.11165974315794,-2.237028712913435,.9701647955303334,-5.783782474839823,3.475612401987057,-7.749058417571493,-8.361409858632815,-1.37467707877894,-3.465616453610351,-1.776006102346586,215.6557434130157,125.7367220897656,27.42821764988871,40.43839556434845,48.98065214574371,7.845059584773203,44.00235818191103,30.07513137171406,33.34585783612109,0,-201.5620384425298,-121.121276348766,-22.11548781227118,-39.54326679447052,-45.08187159143147,-3.293128961261773,-39.03615116923497,-22.8458435418708,-24.68628171210598
evreg3,2.relative_year_bin_aux#1.rice_area_aclvl_ahigh,39.13762694232415,112.4798886164195,715.8675610193525,507.9278563652489,367.2276098566711,178.373617970838,-231.5510664771008,-401.7655534739753,-597.2151054134775,-767.5386003533979,-945.1859983444953,0,0,-.2150615850303274,36.90869372527432,-39.09616336100364,10.78140875152871,-23.12015977853069,-6.620307490798883,-43.05878718787677,-44.27568366199028,-17.42906894450347,-18.8870818362378,-11.61778775012144,125.7367220897656,364.3955483811992,74.70482206553378,84.64922947040903,99.1827627559326,-48.86630670083291,68.3651920294524,55.37805088067168,61.42141134210073,0,-108.3404109818347,-361.1223263378916,-68.19772885185664,-82.60335587475592,-96.20960078066491,54.11592462262363,-65.49761820026019,-50.90786284175746,-55.55658656730514
evreg3,3.relative_year_bin_aux#1.rice_area_aclvl_ahigh,39.75621559862448,112.4798886164195,36.95734397696562,23.11910650396887,5.50108130648011,4.847238856924604,-30.30374254085953,-36.00001164047183,-55.04199198683358,-73.35404580461007,-87.6030545775714,0,0,-.0544429532144172,5.500582350381513,10.31269270577439,15.16050994553481,20.08601137981637,8.161504759438971,6.144424750679751,-1.126256569939663,4.472804229425922,8.815628005993787,8.954102585053631,27.42821764988871,74.70482206553378,130.3505716956104,48.5744427656166,44.63520936660965,29.14169710156314,43.75153888199559,38.67636012433422,41.84103383221964,0,-27.44034086600328,-73.77071818004065,-127.7657805269264,-48.25402019779786,-43.33109717296994,-27.93278899193596,-44.07992564234469,-38.6010069296867,-42.07419382598468
evreg3,4.relative_year_bin_aux#1.rice_area_aclvl_ahigh,-12.93307164857111,112.4798886164195,4.623023613319394,-1.211810286083198,-2.371582746096706,-13.58552429624228,-11.42354725801517,-11.8983938247862,-17.95761916051003,-21.54899420764006,-25.58401992781229,0,0,.0089716921355279,-2.34244344414126,16.68573361828614,17.89505277670655,13.37057582083267,19.20851482683185,16.16055381032694,11.92950654571123,13.00765287496302,11.33630223049456,9.84502783893641,40.43839556434845,84.64922947040903,48.5744427656166,86.90525707851687,58.12504475962778,54.99999587742249,55.83716579271574,49.21220495466596,51.29106338813831,0,-37.99364817299455,-83.35991361291013,-47.2033811879346,-86.88675277977403,-56.35180128104766,-53.81049969207911,-55.16714267022564,-47.79939758302801,-50.203277380571
evreg3,6.relative_year_bin_aux#1.rice_area_aclvl_ahigh,-14.75723478372932,112.4798886164195,134.0298443024419,99.55974793484577,64.96383597154356,27.40539607999129,-62.89342940598895,-91.01290119674418,-126.2268824873245,-160.27317773642,-193.9887688762183,0,0,.0065858763586496,3.722797383340578,1.247666591296588,5.533171368142157,4.506236446797613,8.399383336929933,8.14070030277777,2.07106498832182,3.123270034131401,2.48129190335787,1.069182488460385,48.98065214574371,99.1827627559326,44.63520936660965,58.12504475962778,88.37149219173023,31.83210501009309,43.6973798840187,46.30948892643548,43.96515519575188,0,-44.54238260242796,-96.88422584192421,-41.7663168923636,-57.63896034834742,-83.22060202839809,-28.41703674137286,-40.90412182314087,-43.863992852256,-41.76587601570004
evreg3,7.relative_year_bin_aux#1.rice_area_aclvl_ahigh,-49.01337689503995,112.4798886164195,-405.5932925928531,-298.0052566279331,-207.6762474949387,-111.6313370973634,113.8783606907171,197.9538518389924,310.7977459628214,400.8080400421782,490.2746862693409,0,0,.117840899928359,-26.69279446852238,51.19511212798282,29.2853456129246,28.79046387083462,23.43327805551927,50.4580257836142,56.17219197810276,29.84318917903526,28.59005962700736,26.13390384969843,7.845059584773203,-48.86630670083291,29.14169710156314,54.99999587742249,31.83210501009309,195.5229267003959,63.96794931650828,40.67135998913724,51.41826296449198,0,-15.42268416749065,50.12611598819289,-29.58437613488357,-55.88581955009948,-26.97310384449385,-193.1591044948771,-60.76923451107836,-38.35234240343215,-50.46417682846023
evreg3,8.relative_year_bin_aux#1.rice_area_aclvl_ahigh,14.65483581148865,112.4798886164195,-297.199801196595,-232.612033301907,-157.3083889544513,-87.40967944094983,86.75520450614817,171.444197548613,208.0079997496627,320.679061661234,400.0591972728267,0,0,-.0332052662541732,-12.9291297228474,31.95820730873501,29.08245897259927,20.33786299208507,18.66591455190094,42.93607153358496,29.42637474536843,63.51270647558388,21.50878132113948,12.85443320088057,44.00235818191103,68.3651920294524,43.75153888199559,55.83716579271574,43.6973798840187,63.96794931650828,288.8770299077022,92.17138286950899,82.47610154158176,0,-43.24938251677209,-63.20490411218271,-44.00893544665123,-55.25445657565726,-41.12218808718026,-61.45271582211082,-283.619979503472,-87.64840610511887,-76.7868580308299
evreg3,9.relative_year_bin_aux#1.rice_area_aclvl_ahigh,-38.62866554181951,112.4798886164195,-238.246359289588,-186.5589705012135,-131.0233146379374,-71.33461678330978,68.70058853674611,131.9600828441384,181.9960141104249,237.6255710954185,317.0078497331768,0,0,.0555373184393686,-12.90969167347096,30.59315414937026,26.8958728308257,23.40392087722917,17.28374574443487,36.71482001106281,28.24905682173063,32.13802661292532,32.27355382041189,8.004704368723733,30.07513137171406,55.37805088067168,38.67636012433422,49.21220495466596,46.30948892643548,40.67135998913724,92.17138286950899,170.0832517476195,85.50814306119241,0,-29.98802649753339,-52.00179578132678,-40.40856191559092,-49.05813298631538,-44.86101684446043,-39.72900445178789,-87.85311644326039,-168.6507339316562,-83.41823188973446
evreg3,10.relative_year_bin_aux#1.rice_area_aclvl_ahigh,3.957930566596345,112.4798886164195,-124.7405440265896,-98.6981958778663,-71.17931744639371,-41.47097261554046,34.29118677380498,62.15651517452874,90.19694647437125,127.4681731607567,144.3696490210476,0,0,.0037466693196433,-7.906374533745295,20.54656967440231,17.75125265091016,16.08921700423838,13.0559402573262,22.75119867310208,22.01590075630834,21.30099044908452,12.84493533097745,25.24618393883038,33.34585783612109,61.42141134210073,41.84103383221964,51.29106338813831,43.96515519575188,51.41826296449198,82.47610154158176,85.50814306119241,122.9858162598269,0,-32.5866378525677,-58.50033410347886,-43.17739466206128,-50.04047334596132,-43.34138070012954,-50.18990630098419,-77.95295894509846,-85.59924319692891,-122.0484216722703
evreg3,1o.treat#1o.rice_area_aclvl_ahigh,0,112.4798886164195,0,0,0,0,0,0,0,0,0,0,0,0,0,0,0,0,0,0,0,0,0,0,0,0,0,0,0,0,0,0,0,0,0,0,0,0,0,0,0,0,0
evreg3,1bn.relative_year_bin_aux#1.treat#1.rice_area_aclvl_ahigh,-12.4020379041128,112.4798886164195,-209.3393980497777,-157.1811329305143,-111.2382738089365,-49.71872914770576,74.93171726503306,124.8356284374286,188.2044929588361,242.4092330672125,299.881047093873,0,0,.0123876634283997,-9.391382082072434,-124.7269150172467,-69.19250479263059,-65.91787172167361,-52.84949518368791,-42.99899181521318,-36.82301855572808,-42.96175415215757,-37.77075677656433,-36.92886698380312,-201.5620384425298,-108.3404109818347,-27.44034086600328,-37.99364817299455,-44.54238260242796,-15.42268416749065,-43.24938251677209,-29.98802649753339,-32.5866378525677,0,419.0986555891481,189.0168789586029,115.2501499839609,94.30193334082733,97.47661774044835,65.62170296378818,92.45116548611711,70.17962551754093,70.13609073563799
evreg3,2.relative_year_bin_aux#1.treat#1.rice_area_aclvl_ahigh,-23.69914604548576,112.4798886164195,-728.339073383949,-516.6737084820576,-372.7862488885968,-181.5302031769662,235.0474521267048,410.6241591420497,611.6964412977769,786.2900916726659,968.3948299943143,0,0,.1914697278962253,-34.85080962641658,-20.06779570596344,-66.52242968006617,-25.088598263571,-36.92665930577852,14.15638048478451,13.56911577033994,-14.32772344383223,-11.70682758899877,-19.12324645607426,-121.121276348766,-361.1223263378916,-73.77071818004065,-83.35991361291013,-96.88422584192421,50.12611598819289,-63.20490411218271,-52.00179578132678,-58.50033410347886,0,189.0168789586029,484.7600744724851,176.0954337678799,156.0765206807042,146.2820871082844,-6.570356021151824,108.4964455514237,88.39324219143663,91.29767298807263
evreg3,3.relative_year_bin_aux#1.treat#1.rice_area_aclvl_ahigh,-11.07074933623211,112.4798886164195,8.515808617447048,13.54216912266284,20.84937406056185,7.977409520314676,14.73439259956172,8.533700276871871,14.44212821269091,19.08693732164847,20.72126539176833,0,0,.036089950483437,-1.186188471958821,-81.40595106407498,-65.34085154255712,-85.89601496521506,-58.63103143758236,-45.47928900694152,-37.84192442221732,-42.7097716734754,-45.75464294489452,-46.36422122971611,-22.11548781227118,-68.19772885185664,-127.7657805269264,-47.2033811879346,-41.7663168923636,-29.58437613488357,-44.00893544665123,-40.40856191559092,-43.17739466206128,0,115.2501499839609,176.0954337678799,301.1049954543437,157.3695748503801,114.6019197813154,99.6540810385028,110.7749473021664,100.5591937709595,103.3623432587776
evreg3,4.relative_year_bin_aux#1.treat#1.rice_area_aclvl_ahigh,19.71756298183249,112.4798886164195,38.45131776214864,34.45880878884196,25.45701442933381,24.95540510273814,.0792859461667266,-9.633441020026959,-13.80808979890744,-21.74166397947771,-28.41040555062872,0,0,-.0064221399236268,9.006821115675578,-60.24818358445198,-59.73429374555744,-61.59084869994959,-85.18508403572915,-51.59824541893371,-47.71582248899022,-49.79052517230547,-48.76871120817123,-48.80994067659056,-39.54326679447052,-82.60335587475592,-48.25402019779786,-86.88675277977403,-57.63896034834742,-55.88581955009948,-55.25445657565726,-49.05813298631538,-50.04047334596132,0,94.30193334082733,156.0765206807042,157.3695748503801,231.1744515526595,119.901613873721,118.568837216951,115.1525750890056,107.3390722157214,109.5931267945041
evreg3,6.relative_year_bin_aux#1.treat#1.rice_area_aclvl_ahigh,21.91921284450029,112.4798886164195,-127.5595896788088,-92.93406283161944,-59.7996182440066,-24.82660268158892,57.61979156279461,85.40454591634628,117.7336053016939,148.3770449942939,179.9447994186659,0,0,-.019618084892192,-3.684186665308131,-45.74009966255041,-38.28362126515258,-43.43347782742774,-45.06693766835205,-66.82362640735906,-34.05027444932593,-42.7283553864177,-29.02443584563586,-40.44797896519621,-45.08187159143147,-96.20960078066491,-43.33109717296994,-56.35180128104766,-83.22060202839809,-26.97310384449385,-41.12218808718026,-44.86101684446043,-43.34138070012954,0,97.47661774044835,146.2820871082844,114.6019197813154,119.901613873721,192.8054361841112,75.547926828721,104.7983938751891,83.45969369756075,88.15498495537335
evreg3,7.relative_year_bin_aux#1.treat#1.rice_area_aclvl_ahigh,75.34093276447778,112.4798886164195,475.936087376697,353.3318304680495,245.4175045157218,130.5641199046163,-134.7354484554077,-237.4386675768334,-368.9818548380027,-478.8163420223578,-586.6218704138713,0,0,-.1617919293828815,31.49103562877729,-96.26611206720243,-62.86632877705556,-67.84305541506085,-60.29162165427754,-82.19857843682748,-115.1992353944502,-58.68387562689996,-53.06866615288114,-39.990843556944,-3.293128961261773,54.11592462262363,-27.93278899193596,-53.81049969207911,-28.41703674137286,-193.1591044948771,-61.45271582211082,-39.72900445178789,-50.18990630098419,0,65.62170296378818,-6.570356021151824,99.6540810385028,118.568837216951,75.547926828721,313.6735984146599,97.56466596533608,73.25730424290082,93.43823485757147
evreg3,8.relative_year_bin_aux#1.treat#1.rice_area_aclvl_ahigh,1.077186142986468,112.4798886164195,291.7679405277317,229.1457928047677,154.835912167928,86.55233957761291,-87.68374759533148,-171.5052087514692,-206.5695900554677,-318.2281292883184,-396.5319400675523,0,0,.0605860202942502,22.08827970034955,-76.25120105425493,-62.71331261779905,-58.73695775728874,-54.72280580933464,-83.15121735951064,-58.161352529429,-126.2966987788036,-41.02803371562312,-28.66864481366931,-39.03615116923497,-65.49761820026019,-44.07992564234469,-55.16714267022564,-40.90412182314087,-60.76923451107836,-283.619979503472,-87.85311644326039,-77.95295894509846,0,92.45116548611711,108.4964455514237,110.7749473021664,115.1525750890056,104.7983938751891,97.56466596533608,429.8301936095961,117.1642596389241,109.8533392159964
evreg3,9.relative_year_bin_aux#1.treat#1.rice_area_aclvl_ahigh,53.34375156624895,112.4798886164195,202.815400240495,159.208489486298,109.7494821911269,60.45893849596794,-61.26079319294149,-113.8617107712423,-150.0364511724073,-190.0146838648106,-255.7397607332249,0,0,-.1106176230743327,15.96716671130484,-77.48825186566579,-63.88825186468948,-64.03478932060018,-57.39504859516954,-68.99244127030316,-53.4050263325076,-48.97540279374041,-100.4815248561842,-62.40824503859137,-22.8458435418708,-50.90786284175746,-38.6010069296867,-47.79939758302801,-43.863992852256,-38.35234240343215,-87.64840610511887,-168.6507339316562,-85.59924319692891,0,70.17962551754093,88.39324219143663,100.5591937709595,107.3390722157214,83.45969369756075,73.25730424290082,117.1642596389241,361.7281214831162,212.3182072948017
evreg3,10.relative_year_bin_aux#1.treat#1.rice_area_aclvl_ahigh,14.94604833238938,112.4798886164195,114.1323714170545,90.19085666184255,62.14724167671448,36.82582912387208,-32.38888750970828,-56.7326037260996,-76.43443304197075,-104.2966599978754,-114.009361257016,0,0,-.0619463310851298,3.395400512319399,-65.97902931190319,-53.37357418130645,-55.49005048024539,-53.50180076794022,-67.80621143163995,-35.51484037502777,-35.57752271203809,-72.57779982262664,-117.8146017277775,-24.68628171210598,-55.55658656730514,-42.07419382598468,-50.203277380571,-41.76587601570004,-50.46417682846023,-76.7868580308299,-83.41823188973446,-122.0484216722703,0,70.13609073563799,91.29767298807263,103.3623432587776,109.5931267945041,88.15498495537335,93.43823485757147,109.8533392159964,212.3182072948017,297.4963572538264
evreg4,1bn.relative_year_bin_aux,554.5334376167867,112.4798886164195,9958.759818688364,7532.66637607219,5108.432064789318,2581.099129617398,-2940.932273978935,-5534.001497859053,-8002.02672238733,-10431.66784596633,-12887.75861132172,0,0,-2.512546334077907,593.0716545224113,-758.558088453378,-525.1356424782035,-413.9067696164037,-237.2830825336245,-795.7908064748877,-561.3026427833125,-403.5554963559226,-331.817230328274,-189.327574189878,698.7969053065119,1192.524337240603,117.7123949074151,28.0690705904253,153.1221910171546,-587.3348178409076,-469.717326170987,-390.0388465324917,-278.7739013255743,0,-473.4944970150037,-1105.048378792418,-52.56348010190749,27.55258342674188,-123.5335347128988,673.2072358386398,365.4300687102774,367.2378382362219,252.9510799496462
evreg4,2.relative_year_bin_aux,418.6653730083758,112.4798886164195,7532.66637607219,5712.125547871834,3872.409909328624,1955.938842738583,-2229.166429463042,-4194.066730693262,-6064.041246277495,-7906.195817714274,-9767.705522837292,0,0,-1.89748017103809,449.0413136890819,-567.3736433944621,-405.8977081376188,-317.3009091883847,-180.9801362853991,-606.0368631357652,-428.0920004476191,-308.6135802075877,-253.0552056834298,-144.5133724262729,517.7870173128593,900.4926988282339,95.56375426081559,23.56056220439944,118.5388376951289,-443.4139944715717,-357.4972763885986,-297.5983770622072,-212.2027168246115,0,-348.1283864078773,-833.5609503811911,-44.60670290415493,19.15416673485102,-95.0783598414083,508.9094493286036,278.1845938725451,278.8960031114649,191.2758170541863
evreg4,3.relative_year_bin_aux,275.4978965249712,112.4798886164195,5108.432064789318,3872.409909328624,2635.410857399247,1331.407185590343,-1513.265272602595,-2848.710052709542,-4120.754024772592,-5373.3119017337,-6638.686726859908,0,0,-1.267420525594355,303.5085679579715,-382.8498543223344,-271.5846847470467,-222.5102304003561,-126.5065002540581,-415.8276649229367,-293.9222995737896,-211.5300942407874,-172.6281112558436,-98.30193728658261,340.4592572507244,611.291575904136,64.9470104666314,13.35838568603233,77.73710974879266,-300.2273795592106,-249.0319629922168,-208.2825530832668,-149.3388625753081,0,-227.8260086521409,-565.870115981273,-29.3523586968851,16.34767670123633,-61.1786199935138,344.5703819295826,194.7218970253491,193.5472145417377,133.790024758345
evreg4,4.relative_year_bin_aux,140.4193284892937,112.4798886164195,2581.099129617398,1955.938842738583,1331.407185590343,677.4215981815148,-763.7647545978759,-1438.223758818626,-2080.995644310207,-2714.240454577036,-3353.535251016109,0,0,-.6335494969037427,153.181212568949,-197.1152043574781,-139.0949169558303,-113.9553267961994,-69.35901976256486,-212.7194210299534,-150.9897423875218,-109.1749409983992,-88.86586879867284,-51.18910696058279,167.1852863551962,305.4689857428078,32.70145682209055,2.076253920879148,37.74409814760396,-151.8275581800168,-128.0443491286568,-107.1349609431991,-77.71679835755251,0,-110.9257661861635,-282.6508959154415,-15.04494316529072,12.68672246736284,-29.13940080085393,174.454745697341,100.2977283248376,99.58697682340458,70.03706459138829
evreg4,6.relative_year_bin_aux,-148.826782282829,112.4798886164195,-2940.932273978935,-2229.166429463042,-1513.265272602595,-763.7647545978759,906.55850672409,1678.46745067562,2415.363751475817,3143.71533360018,3877.246990209303,0,0,.7052615012265251,-173.0003358564314,218.0639766655175,152.9473480052402,123.156483175881,70.01199869315417,243.9805062339792,173.1390897823058,123.4385572824938,95.89270672722195,50.26316214297979,-200.2701507719796,-360.3977271322273,-52.66891825177898,-8.398432268439089,-58.36104330070466,174.5560133785589,155.0743283192661,124.6278575168509,90.409156122917,0,139.4682547282814,333.4888866259997,31.5164667293102,-9.273684129490778,49.19450343851658,-197.2945133667219,-132.0680436071181,-118.2946288993462,-80.7731032950425
evreg4,7.relative_year_bin_aux,-275.523156028527,112.4798886164195,-5534.001497859053,-4194.066730693262,-2848.710052709542,-1438.223758818626,1678.46745067562,3148.838255531468,4529.031120481094,5898.499214357212,7280.719658897158,0,0,1.318120498003304,-324.4157249950565,405.4847370020965,284.2448925768003,230.0792086201379,130.5933493905732,462.7030580341794,312.9197864425099,227.6082799252258,178.3074137655386,91.97290280819388,-369.7535338453915,-667.9391071307942,-88.4041231989118,-14.11229045293296,-93.46535851902524,322.9854310688117,299.1737785905735,233.2890677158827,168.1160040113876,0,254.8904880363707,619.156977568369,50.14322438512178,-17.28971696039632,77.88895393059566,-367.0729831972847,-246.5987649640155,-218.11529844722,-150.3000731646449
evreg4,8.relative_year_bin_aux,-390.1711852098135,112.4798886164195,-8002.02672238733,-6064.041246277495,-4120.754024772592,-2080.995644310207,2415.363751475817,4529.031120481094,6553.007888197746,8528.377326406851,10528.72892836164,0,0,1.896022591018639,-468.3685067281584,574.8695274108145,401.2786441393239,326.8416681731148,185.7462252379906,659.8202093452177,459.8020424268666,313.6892037586107,252.4145845441943,131.1477339293097,-528.0124206259438,-954.2597659957376,-124.5989931461271,-21.18663325411603,-130.2772236965405,467.1245105882928,425.8045902526197,340.411498630472,244.1829517835481,0,363.6601455819894,884.7766883897768,69.24057703374807,-23.81579281308927,106.9202082499988,-532.3522812981849,-342.4046358969579,-314.9404847423218,-217.120013946668
evreg4,9.relative_year_bin_aux,-492.0874663586078,112.4798886164195,-10431.66784596633,-7906.195817714274,-5373.3119017337,-2714.240454577036,3143.71533360018,5898.499214357212,8528.377326406851,11121.13366776852,13730.0315118721,0,0,2.455936730947106,-609.0393603361675,740.8148140906517,516.5436315885852,421.5372010572774,240.1764711515405,852.6582828663143,595.4306997443323,417.8885613065693,324.2666927832208,169.2511254185763,-686.4613097569546,-1236.980084888292,-162.5439678113597,-30.12666164440493,-168.3764288013874,594.9472115779366,560.2952293350406,447.0882785820536,320.5213421734924,0,474.9940829584244,1147.770327408246,90.06971015056835,-29.13643050034332,135.7732298015245,-682.5415476824336,-445.3787247578766,-409.6361969676157,-283.5328278103597
evreg4,10.relative_year_bin_aux,-606.6193936653821,112.4798886164195,-12887.75861132172,-9767.705522837292,-6638.686726859908,-3353.535251016109,3877.246990209303,7280.719658897158,10528.72892836164,13730.0315118721,16970.53328946708,0,0,3.033987439033341,-752.0743347604908,912.4583167886708,636.1056980191196,519.2631639488343,295.8933384375698,1051.7257225104,734.3457230486086,517.1860775055001,404.3001954209348,196.4794140053658,-848.4181863355545,-1526.542588423527,-200.1012800036436,-39.33754995734452,-204.746877703213,730.9919849403977,687.0939772823723,558.8081428635066,386.8165716994101,0,587.45506312948,1416.598654290224,110.4244480510418,-33.94014794319386,163.8982308202946,-840.1912022088945,-541.691141651288,-510.8886422267476,-340.9910784617736
evreg4,1o.treat,0,112.4798886164195,0,0,0,0,0,0,0,0,0,0,0,0,0,0,0,0,0,0,0,0,0,0,0,0,0,0,0,0,0,0,0,0,0,0,0,0,0,0,0,0,0
evreg4,1o.rice_harvarea_aclvl_ahigh,0,112.4798886164195,0,0,0,0,0,0,0,0,0,0,0,0,0,0,0,0,0,0,0,0,0,0,0,0,0,0,0,0,0,0,0,0,0,0,0,0,0,0,0,0,0
evreg4,wind_direction,-1.050702256933557,112.4798886164195,-2.512546334077907,-1.89748017103809,-1.267420525594355,-.6335494969037427,.7052615012265251,1.318120498003304,1.896022591018639,2.455936730947106,3.033987439033341,0,0,.0022912444070773,-.2590668640282042,.2202738200543715,.1506842806136112,.1060315140648821,.0688180040194599,.1868057003882396,.1332448483934743,.0873547350340045,.1094397882066871,.0701742114131986,-.1984309596706562,-.3309664725040933,-.0916251699378794,-.0037487810236078,.0151722857491162,.1578799958345553,-.0564300965828698,.0598222852904353,.0063355564322091,0,.0516755498072674,.3061462911685424,.0730581536164761,.0213617322391239,-.0266424460453403,-.2197619002436107,.1105495138890969,-.1462635387064629,-.0353140027872192
evreg4,av_wind_speed,147.0044149936389,112.4798886164195,593.0716545224113,449.0413136890819,303.5085679579715,153.181212568949,-173.0003358564314,-324.4157249950565,-468.3685067281584,-609.0393603361675,-752.0743347604908,0,0,-.2590668640282042,73.7260889221544,-46.2554075963944,-34.98159838233374,-27.15825701665086,-15.29438355506759,-43.30042428490713,-35.24952171249539,-23.15740925953337,-17.087631150337,-5.472356822048368,38.38940239198528,67.70990147605018,14.36832157532341,-1.54054009330694,1.411766928670729,-39.53274925425916,-11.79188470943228,-17.79841555564786,-11.65116035027753,0,-22.50786009567043,-60.71609136366988,-11.36393566410158,5.998437890143345,-1.436619904485984,46.51852039853953,12.15986633514504,24.39747466857223,7.260187268452031
evreg4,1bn.relative_year_bin_aux#1.treat,-67.75939900504581,112.4798886164195,-758.558088453378,-567.3736433944621,-382.8498543223344,-197.1152043574781,218.0639766655175,405.4847370020965,574.8695274108145,740.8148140906517,912.4583167886708,0,0,.2202738200543715,-46.2554075963944,222.7922319374179,141.8882720374575,122.5570241575636,87.59627468163855,132.5761407487335,104.7747414793998,88.05794346661813,78.94116440779175,59.85999245048468,-52.44998747578086,-87.58274322343476,5.824987057747338,12.65588866752834,-2.745616232322224,69.07525461710054,36.1739729744189,34.60144368250283,28.00308318473179,0,-55.01166324746279,22.87574964445691,-70.8053437246609,-62.98131010118964,-39.20381098381335,-112.3922054401545,-78.86822103876816,-77.00695466851543,-61.54235137822181
evreg4,2.relative_year_bin_aux#1.treat,-57.28371750658838,112.4798886164195,-525.1356424782035,-405.8977081376188,-271.5846847470467,-139.0949169558303,152.9473480052402,284.2448925768003,401.2786441393239,516.5436315885852,636.1056980191196,0,0,.1506842806136112,-34.98159838233374,141.8882720374575,117.8304112575937,91.26866342929689,60.14545868065741,95.09318340721148,75.40310035764787,63.49169969218529,56.59449553490931,42.07256994707812,-28.06539636707787,-59.10665463972808,.7309133682890572,7.50196806883759,-3.853878815892383,49.95127615703458,23.750101523573,23.85597415145506,18.75003929800186,0,-35.42495619156624,7.597780604087126,-44.78066579738265,-39.30388555226578,-23.1884862646002,-77.92539226240164,-53.4091910037512,-52.84285015412929,-40.28112393357279
evreg4,3.relative_year_bin_aux#1.treat,-36.62433609173095,112.4798886164195,-413.9067696164037,-317.3009091883847,-222.5102304003561,-113.9553267961994,123.156483175881,230.0792086201379,326.8416681731148,421.5372010572774,519.2631639488343,0,0,.1060315140648821,-27.15825701665086,122.5570241575636,91.26866342929689,98.54945433469091,67.00000327954577,89.89382019370508,73.77528814505604,62.85366372131413,56.4938436175605,45.15251981938854,-16.28315036608578,-50.92197596091271,.1687393271979309,7.35735417037808,-1.20314318684751,38.46479182458024,23.72258250047839,23.57525062809183,18.44689832592529,0,-48.30067959058439,5.896802795252635,-55.57871837263841,-49.90825053210876,-31.49855999845049,-72.20245439334609,-58.24677116661083,-57.37730786917012,-47.52616993191535
evreg4,4.relative_year_bin_aux#1.treat,-26.30877743154289,112.4798886164195,-237.2830825336245,-180.9801362853991,-126.5065002540581,-69.35901976256486,70.01199869315417,130.5933493905732,185.7462252379906,240.1764711515405,295.8933384375698,0,0,.0688180040194599,-15.29438355506759,87.59627468163855,60.14545868065741,67.00000327954577,65.44526718541704,64.61277455406575,55.02843655427783,48.86480428873103,45.18090254258311,38.81960454294276,-6.954640189399949,-27.57201461506638,-.8919504381176464,8.041652772064454,.3752212133994225,21.68524702996363,13.92525905979864,14.29022442176472,11.54726256347848,0,-46.50229706588728,-5.911065970650551,-42.67432286356828,-55.30768635424127,-31.51333197562469,-52.99520302295011,-45.87487421025338,-45.96168655373715,-39.9994963520322
evreg4,6.relative_year_bin_aux#1.treat,-45.49376025515526,112.4798886164195,-795.7908064748877,-606.0368631357652,-415.8276649229367,-212.7194210299534,243.9805062339792,462.7030580341794,659.8202093452177,852.6582828663143,1051.7257225104,0,0,.1868057003882396,-43.30042428490713,132.5761407487335,95.09318340721148,89.89382019370508,64.61277455406575,159.7935526990183,95.71918601228045,81.86459310559279,64.85592011110712,47.95824473671998,-31.14907047291593,-88.48751813227385,-8.880090772867783,11.81740241411513,1.820832093647535,68.35634108599758,63.23587887680762,50.30635449070192,37.86912279390525,0,-20.97815552743266,53.42730739700468,-29.83141418659091,-47.69744724176909,-54.9902343701282,-93.55894836116279,-100.1860603410705,-75.63380021545331,-61.35705007582198
evreg4,7.relative_year_bin_aux#1.treat,-47.48496602056542,112.4798886164195,-561.3026427833125,-428.0920004476191,-293.9222995737896,-150.9897423875218,173.1390897823058,312.9197864425099,459.8020424268666,595.4306997443323,734.3457230486086,0,0,.1332448483934743,-35.24952171249539,104.7747414793998,75.40310035764787,73.77528814505604,55.02843655427783,95.71918601228045,111.3772191737643,65.89227103693447,47.48363727493982,26.37853974301539,-20.74400363434927,-60.81162167669081,-6.869628807047108,8.041684616813168,-.8310346255752616,50.97957625127187,36.8491134536138,37.01967839972464,27.27868758038576,0,-25.26375574364069,28.58216871773801,-29.09572366548775,-42.09105494995188,-22.35895443283288,-101.7556762007022,-67.38784827723408,-51.50977072607678,-30.95227107577336
evreg4,8.relative_year_bin_aux#1.treat,-24.00845752021294,112.4798886164195,-403.5554963559226,-308.6135802075877,-211.5300942407874,-109.1749409983992,123.4385572824938,227.6082799252258,313.6892037586107,417.8885613065693,517.1860775055001,0,0,.0873547350340045,-23.15740925953337,88.05794346661813,63.49169969218529,62.85366372131413,48.86480428873103,81.86459310559279,65.89227103693447,80.65461341949228,55.1589512340415,39.6985605141202,-17.24494700256782,-47.47509979728141,-3.55408120664138,5.379717726539211,-2.198122870309805,32.89624639807291,28.16606051251184,24.88770123984138,18.89868428937362,0,-23.82284408602582,17.4661192810828,-31.35309268381206,-38.87977704490496,-28.49984517246029,-60.44488451276865,-68.35581485365623,-46.05869467224889,-33.73990718801149
evreg4,9.relative_year_bin_aux#1.treat,-39.56585444803971,112.4798886164195,-331.817230328274,-253.0552056834298,-172.6281112558436,-88.86586879867284,95.89270672722195,178.3074137655386,252.4145845441943,324.2666927832208,404.3001954209348,0,0,.1094397882066871,-17.087631150337,78.94116440779175,56.59449553490931,56.4938436175605,45.18090254258311,64.85592011110712,47.48363727493982,55.1589512340415,81.6229854494902,70.74090610013651,-17.92042453198696,-44.88276232950593,-.4575646494795858,4.352343168532532,-1.776814976820228,34.96620441022955,10.72786928235128,14.63177724334766,10.69059704312463,0,-22.25334872078124,16.23851611802155,-33.50953490685026,-36.47435857053082,-22.66202609836013,-51.54793182638354,-35.43936079590969,-59.9688771927185,-53.99513534664838
evreg4,10.relative_year_bin_aux#1.treat,-30.53111384064823,112.4798886164195,-189.327574189878,-144.5133724262729,-98.30193728658261,-51.18910696058279,50.26316214297979,91.97290280819388,131.1477339293097,169.2511254185763,196.4794140053658,0,0,.0701742114131986,-5.472356822048368,59.85999245048468,42.07256994707812,45.15251981938854,38.81960454294276,47.95824473671998,26.37853974301539,39.6985605141202,70.74090610013651,122.9761595265429,-12.42064213594422,-30.01725007273277,3.968578711451528,3.711156258233714,-3.275848346879696,26.39179254473944,1.040440656437071,-2.319600745166102,11.87029983664513,0,-21.88385081786551,5.20299393307983,-36.11283184120708,-34.54824120103613,-25.11051308125314,-34.48254054460951,-16.80579620232264,-37.12658471521301,-93.34677640590596
evreg4,1bn.relative_year_bin_aux#1.rice_harvarea_aclvl_ahigh,76.48493243263898,112.4798886164195,698.7969053065119,517.7870173128593,340.4592572507244,167.1852863551962,-200.2701507719796,-369.7535338453915,-528.0124206259438,-686.4613097569546,-848.4181863355545,0,0,-.1984309596706562,38.38940239198528,-52.44998747578086,-28.06539636707787,-16.28315036608578,-6.954640189399949,-31.14907047291593,-20.74400363434927,-17.24494700256782,-17.92042453198696,-12.42064213594422,249.4564232065897,159.4082193369831,26.21485808044493,46.60688107437341,56.08334691503292,2.624246329063617,48.64446767711701,33.59935674857695,37.65984129310262,0,-232.3738708107217,-146.357525120401,-16.86321703448465,-40.10569968981014,-47.74684652859708,10.14375459067122,-40.82096707235252,-19.06241012059902,-24.9239368698087
evreg4,2.relative_year_bin_aux#1.rice_harvarea_aclvl_ahigh,59.93268613369252,112.4798886164195,1192.524337240603,900.4926988282339,611.291575904136,305.4689857428078,-360.3977271322273,-667.9391071307942,-954.2597659957376,-1236.980084888292,-1526.542588423527,0,0,-.3309664725040933,67.70990147605018,-87.58274322343476,-59.10665463972808,-50.92197596091271,-27.57201461506638,-88.48751813227385,-60.81162167669081,-47.47509979728141,-44.88276232950593,-30.01725007273277,159.4082193369831,395.3417110817074,74.45439793603613,88.32738392506576,108.2803083433362,-53.41341606352336,65.66202313330716,52.33058002200247,59.79880925441181,0,-128.9751413301175,-376.7441299131696,-61.9062407510127,-79.7524975450865,-99.93909660188821,66.24875318614282,-62.63248778915683,-44.75012859191904,-55.68993110280433
evreg4,3.relative_year_bin_aux#1.rice_harvarea_aclvl_ahigh,62.17787993755474,112.4798886164195,117.7123949074151,95.56375426081559,64.9470104666314,32.70145682209055,-52.66891825177898,-88.4041231989118,-124.5989931461271,-162.5439678113597,-200.1012800036436,0,0,-.0916251699378794,14.36832157532341,5.824987057747338,.7309133682890572,.1687393271979309,-.8919504381176464,-8.880090772867783,-6.869628807047108,-3.55408120664138,-.4575646494795858,3.968578711451528,26.21485808044493,74.45439793603613,125.8477740263965,46.18714648920984,44.2868523584708,32.50815034035976,41.62799149792134,27.57071663195175,36.40261031918201,0,-28.66618885419794,-72.29802602212433,-122.961841577141,-43.97330336840282,-41.92379485347998,-28.74522028213277,-41.62966467358806,-24.72089217641874,-36.22297334620323
evreg4,4.relative_year_bin_aux#1.rice_harvarea_aclvl_ahigh,-14.08426875214277,112.4798886164195,28.0690705904253,23.56056220439944,13.35838568603233,2.076253920879148,-8.398432268439089,-14.11229045293296,-21.18663325411603,-30.12666164440493,-39.33754995734452,0,0,-.0037487810236078,-1.54054009330694,12.65588866752834,7.50196806883759,7.35735417037808,8.041652772064454,11.81740241411513,8.041684616813168,5.379717726539211,4.352343168532532,3.711156258233714,46.60688107437341,88.32738392506576,46.18714648920984,83.3886811382624,60.59655179573129,55.31355383427378,58.45460738657374,46.69664880811884,52.02587166090196,0,-41.90494695848008,-84.31795489074591,-43.48542515775745,-82.13760435073422,-57.39156611349335,-52.7139551278107,-56.59984684060614,-44.04153225621388,-51.0295127146216
evreg4,6.relative_year_bin_aux#1.rice_harvarea_aclvl_ahigh,-14.86979769260657,112.4798886164195,153.1221910171546,118.5388376951289,77.73710974879266,37.74409814760396,-58.36104330070466,-93.46535851902524,-130.2772236965405,-168.3764288013874,-204.746877703213,0,0,.0151722857491162,1.411766928670729,-2.745616232322224,-3.853878815892383,-1.20314318684751,.3752212133994225,1.820832093647535,-.8310346255752616,-2.198122870309805,-1.776814976820228,-3.275848346879696,56.08334691503292,108.2803083433362,44.2868523584708,60.59655179573129,92.66385285649419,33.1114824394772,38.68670844478098,53.34694678848899,48.19217625191309,0,-52.14211424030206,-100.7854672855053,-39.28115877307279,-55.4707261427509,-88.40965975508799,-29.961091685358,-35.21857661306146,-50.15673175491652,-48.06928218675529
evreg4,7.relative_year_bin_aux#1.rice_harvarea_aclvl_ahigh,-61.6674667418128,112.4798886164195,-587.3348178409076,-443.4139944715717,-300.2273795592106,-151.8275581800168,174.5560133785589,322.9854310688117,467.1245105882928,594.9472115779366,730.9919849403977,0,0,.1578799958345553,-39.53274925425916,69.07525461710054,49.95127615703458,38.46479182458024,21.68524702996363,68.35634108599758,50.97957625127187,32.89624639807291,34.96620441022955,26.39179254473944,2.624246329063617,-53.41341606352336,32.50815034035976,55.31355383427378,33.1114824394772,201.3154702294724,50.7702805020533,29.0541773160429,40.31849375964575,0,-14.45329799419659,55.24494764220869,-31.34799772324661,-53.16468872580582,-29.70868194779742,-200.9886241319676,-47.69460715917003,-27.82276009736989,-41.99839733694493
evreg4,8.relative_year_bin_aux#1.rice_harvarea_aclvl_ahigh,44.17141366222835,112.4798886164195,-469.717326170987,-357.4972763885986,-249.0319629922168,-128.0443491286568,155.0743283192661,299.1737785905735,425.8045902526197,560.2952293350406,687.0939772823723,0,0,-.0564300965828698,-11.79188470943228,36.1739729744189,23.750101523573,23.72258250047839,13.92525905979864,63.23587887680762,36.8491134536138,28.16606051251184,10.72786928235128,1.040440656437071,48.64446767711701,65.66202313330716,41.62799149792134,58.45460738657374,38.68670844478098,50.7702805020533,278.2871062470322,88.51716135231416,91.68387165246104,0,-54.57434726153891,-62.35314680481221,-42.10098228165098,-55.94983548559697,-42.34860466703917,-51.83847272101512,-275.6381803396974,-85.94564906872412,-85.88468776641049
evreg4,9.relative_year_bin_aux#1.rice_harvarea_aclvl_ahigh,-30.74397248098508,112.4798886164195,-390.0388465324917,-297.5983770622072,-208.2825530832668,-107.1349609431991,124.6278575168509,233.2890677158827,340.411498630472,447.0882785820536,558.8081428635066,0,0,.0598222852904353,-17.79841555564786,34.60144368250283,23.85597415145506,23.57525062809183,14.29022442176472,50.30635449070192,37.01967839972464,24.88770123984138,14.63177724334766,-2.319600745166102,33.59935674857695,52.33058002200247,27.57071663195175,46.69664880811884,53.34694678848899,29.0541773160429,88.51716135231416,169.1438025804189,96.40631224802659,0,-32.59255095822348,-46.14931055069967,-26.63457118261154,-45.03079610882738,-50.19149082967251,-27.420123512969,-84.37236144056708,-171.6820759985215,-96.44668281619218
evreg4,10.relative_year_bin_aux#1.rice_harvarea_aclvl_ahigh,28.73278705316284,112.4798886164195,-278.7739013255743,-212.2027168246115,-149.3388625753081,-77.71679835755251,90.409156122917,168.1160040113876,244.1829517835481,320.5213421734924,386.8165716994101,0,0,.0063355564322091,-11.65116035027753,28.00308318473179,18.75003929800186,18.44689832592529,11.54726256347848,37.86912279390525,27.27868758038576,18.89868428937362,10.69059704312463,11.87029983664513,37.65984129310262,59.79880925441181,36.40261031918201,52.02587166090196,48.19217625191309,40.31849375964575,91.68387165246104,96.40631224802659,129.3878604534227,0,-37.63296052913306,-56.28065652108103,-36.41565171392975,-50.85676333775059,-46.99584347123489,-39.31349098020784,-88.3843877071691,-101.7716479738421,-129.4182752213281
evreg4,1o.treat#1o.rice_harvarea_aclvl_ahigh,0,112.4798886164195,0,0,0,0,0,0,0,0,0,0,0,0,0,0,0,0,0,0,0,0,0,0,0,0,0,0,0,0,0,0,0,0,0,0,0,0,0,0,0,0,0
evreg4,1bn.relative_year_bin_aux#1.treat#1.rice_harvarea_aclvl_ahigh,-15.85494137433369,112.4798886164195,-473.4944970150037,-348.1283864078773,-227.8260086521409,-110.9257661861635,139.4682547282814,254.8904880363707,363.6601455819894,474.9940829584244,587.45506312948,0,0,.0516755498072674,-22.50786009567043,-55.01166324746279,-35.42495619156624,-48.30067959058439,-46.50229706588728,-20.97815552743266,-25.26375574364069,-23.82284408602582,-22.25334872078124,-21.88385081786551,-232.3738708107217,-128.9751413301175,-28.66618885419794,-41.90494695848008,-52.14211424030206,-14.45329799419659,-54.57434726153891,-32.59255095822348,-37.63296052913306,0,465.93791159989,198.5777388039323,114.4308597094619,87.05172573912461,94.92048575330209,52.39531784928095,92.63644828421165,66.06511076977972,67.89993864433538
evreg4,2.relative_year_bin_aux#1.treat#1.rice_harvarea_aclvl_ahigh,-46.90300151028842,112.4798886164195,-1105.048378792418,-833.5609503811911,-565.870115981273,-282.6508959154415,333.4888866259997,619.156977568369,884.7766883897768,1147.770327408246,1416.598654290224,0,0,.3061462911685424,-60.71609136366988,22.87574964445691,7.597780604087126,5.896802795252635,-5.911065970650551,53.42730739700468,28.58216871773801,17.4661192810828,16.23851611802155,5.20299393307983,-146.357525120401,-376.7441299131696,-72.29802602212433,-84.31795489074591,-100.7854672855053,55.24494764220869,-62.35314680481221,-46.14931055069967,-56.28065652108103,0,198.5777388039323,503.3902989576562,178.5368646298231,169.2640530324585,154.3914872754484,-10.7999886032747,113.4630974785053,92.41477679890382,99.20115891608663
evreg4,3.relative_year_bin_aux#1.treat#1.rice_harvarea_aclvl_ahigh,-32.89248304852603,112.4798886164195,-52.56348010190749,-44.60670290415493,-29.3523586968851,-15.04494316529072,31.5164667293102,50.14322438512178,69.24057703374807,90.06971015056835,110.4244480510418,0,0,.0730581536164761,-11.36393566410158,-70.8053437246609,-44.78066579738265,-55.57871837263841,-42.67432286356828,-29.83141418659091,-29.09572366548775,-31.35309268381206,-33.50953490685026,-36.11283184120708,-16.86321703448465,-61.9062407510127,-122.961841577141,-43.48542515775745,-39.28115877307279,-31.34799772324661,-42.10098228165098,-26.63457118261154,-36.41565171392975,0,114.4308597094619,178.5368646298231,313.430412548752,164.4254820596993,122.218854607158,107.6068052196823,117.1726617145901,97.9366761120046,107.46435720637
evreg4,4.relative_year_bin_aux#1.treat#1.rice_harvarea_aclvl_ahigh,12.5552742701751,112.4798886164195,27.55258342674188,19.15416673485102,16.34767670123633,12.68672246736284,-9.273684129490778,-17.28971696039632,-23.81579281308927,-29.13643050034332,-33.94014794319386,0,0,.0213617322391239,5.998437890143345,-62.98131010118964,-39.30388555226578,-49.90825053210876,-55.30768635424127,-47.69744724176909,-42.09105494995188,-38.87977704490496,-36.47435857053082,-34.54824120103613,-40.10569968981014,-79.7524975450865,-43.97330336840282,-82.13760435073422,-55.4707261427509,-53.16468872580582,-55.94983548559697,-45.03079610882738,-50.85676333775059,0,87.05172573912461,169.2640530324585,164.4254820596993,250.3823325016645,133.249729187908,129.8705473350616,128.333298861607,117.2361998032666,122.6875048990069
evreg4,6.relative_year_bin_aux#1.treat#1.rice_harvarea_aclvl_ahigh,19.05702093288333,112.4798886164195,-123.5335347128988,-95.0783598414083,-61.1786199935138,-29.13940080085393,49.19450343851658,77.88895393059566,106.9202082499988,135.7732298015245,163.8982308202946,0,0,-.0266424460453403,-1.436619904485984,-39.20381098381335,-23.1884862646002,-31.49855999845049,-31.51333197562469,-54.9902343701282,-22.35895443283288,-28.49984517246029,-22.66202609836013,-25.11051308125314,-47.74684652859708,-99.93909660188821,-41.92379485347998,-57.39156611349335,-88.40965975508799,-29.70868194779742,-42.34860466703917,-50.19149082967251,-46.99584347123489,0,94.92048575330209,154.3914872754484,122.218854607158,133.249729187908,209.8670014402894,94.84041405496336,115.4925305393425,93.27657081951943,96.76919620671494
evreg4,7.relative_year_bin_aux#1.treat#1.rice_harvarea_aclvl_ahigh,106.3183622132619,112.4798886164195,673.2072358386398,508.9094493286036,344.5703819295826,174.454745697341,-197.2945133667219,-367.0729831972847,-532.3522812981849,-682.5415476824336,-840.1912022088945,0,0,-.2197619002436107,46.51852039853953,-112.3922054401545,-77.92539226240164,-72.20245439334609,-52.99520302295011,-93.55894836116279,-101.7556762007022,-60.44488451276865,-51.54793182638354,-34.48254054460951,10.14375459067122,66.24875318614282,-28.74522028213277,-52.7139551278107,-29.961091685358,-200.9886241319676,-51.83847272101512,-27.420123512969,-39.31349098020784,0,52.39531784928095,-10.7999886032747,107.6068052196823,129.8705473350616,94.84041405496336,329.0818168002007,89.78977602832741,68.09771238161939,86.5208611826679
evreg4,8.relative_year_bin_aux#1.treat#1.rice_harvarea_aclvl_ahigh,-26.9080024755509,112.4798886164195,365.4300687102774,278.1845938725451,194.7218970253491,100.2977283248376,-132.0680436071181,-246.5987649640155,-342.4046358969579,-445.3787247578766,-541.691141651288,0,0,.1105495138890969,12.15986633514504,-78.86822103876816,-53.4091910037512,-58.24677116661083,-45.87487421025338,-100.1860603410705,-67.38784827723408,-68.35581485365623,-35.43936079590969,-16.80579620232264,-40.82096707235252,-62.63248778915683,-41.62966467358806,-56.59984684060614,-35.21857661306146,-47.69460715917003,-275.6381803396974,-84.37236144056708,-88.3843877071691,0,92.63644828421165,113.4630974785053,117.1726617145901,128.333298861607,115.4925305393425,89.78977602832741,453.3722663540314,107.4899324928163,113.4045767586856
evreg4,9.relative_year_bin_aux#1.treat#1.rice_harvarea_aclvl_ahigh,63.49511209670824,112.4798886164195,367.2378382362219,278.8960031114649,193.5472145417377,99.58697682340458,-118.2946288993462,-218.11529844722,-314.9404847423218,-409.6361969676157,-510.8886422267476,0,0,-.1462635387064629,24.39747466857223,-77.00695466851543,-52.84285015412929,-57.37730786917012,-45.96168655373715,-75.63380021545331,-51.50977072607678,-46.05869467224889,-59.9688771927185,-37.12658471521301,-19.06241012059902,-44.75012859191904,-24.72089217641874,-44.04153225621388,-50.15673175491652,-27.82276009736989,-85.94564906872412,-171.6820759985215,-101.7716479738421,0,66.06511076977972,92.41477679890382,97.9366761120046,117.2361998032666,93.27657081951943,68.09771238161939,107.4899324928163,385.9861369480872,237.3616365367162
evreg4,10.relative_year_bin_aux#1.treat#1.rice_harvarea_aclvl_ahigh,1.44214238558534,112.4798886164195,252.9510799496462,191.2758170541863,133.790024758345,70.03706459138829,-80.7731032950425,-150.3000731646449,-217.120013946668,-283.5328278103597,-340.9910784617736,0,0,-.0353140027872192,7.260187268452031,-61.54235137822181,-40.28112393357279,-47.52616993191535,-39.9994963520322,-61.35705007582198,-30.95227107577336,-33.73990718801149,-53.99513534664838,-93.34677640590596,-24.9239368698087,-55.68993110280433,-36.22297334620323,-51.0295127146216,-48.06928218675529,-41.99839733694493,-85.88468776641049,-96.44668281619218,-129.4182752213281,0,67.89993864433538,99.20115891608663,107.46435720637,122.6875048990069,96.76919620671494,86.5208611826679,113.4045767586856,237.3616365367162,310.2596633623479
evreg5,1bn.relative_year_bin_aux,554.6736649911679,112.4798886164195,9978.523144337814,7542.345319618994,5110.468033282958,2578.818095250559,-2942.051602346177,-5541.806540828853,-8013.418528069188,-10442.04873297965,-12891.58253682607,0,0,-2.515958421694534,590.9931888760318,-747.9843213294171,-544.2501896935045,-407.0223306443847,-238.2429441632438,-799.6999632512742,-551.6302664744917,-391.7373796336231,-339.471290793556,-188.3254018692342,596.6196564590502,1053.149820889065,110.618666761081,25.68735350145433,135.4362453941638,-512.3313369638004,-390.5316780929438,-329.4457607609064,-236.6096594471537,0,-426.8799062142953,-919.7895855433375,-54.32369972684879,41.58114423546238,-95.92932808957191,590.7870706910588,274.8037931140264,333.7222724184925,199.554742369415
evreg5,2.relative_year_bin_aux,418.7967640181514,112.4798886164195,7542.345319618994,5716.896770295921,3871.413655049212,1952.805602498207,-2228.775990996547,-4197.496590028222,-6069.148916520475,-7909.489916337991,-9764.894202499983,0,0,-1.900594359701349,447.3617714430072,-557.8505554497783,-420.5547373240295,-311.2291586048175,-181.16121964332,-608.3320364216268,-420.3196386445454,-299.3245078431617,-258.665074661186,-143.8007901010198,442.9200479860136,793.7515428469669,90.15390812124279,22.00974914727084,104.5977802933597,-386.9517733881272,-296.853235003878,-251.1861614322422,-179.9949407563369,0,-316.1673558740633,-693.241046226581,-47.19176536303934,28.90252996992117,-74.63046637209237,446.0612884568136,208.4490068157364,252.9865141534228,150.8753429202011
evreg5,3.relative_year_bin_aux,274.4748203433202,112.4798886164195,5110.468033282958,3871.413655049212,2632.766634664757,1328.399466067584,-1510.997313945523,-2848.07033646108,-4120.108500990311,-5370.265837713398,-6630.234284244443,0,0,-1.267856435414509,301.9150409036648,-376.1844626265055,-280.4869804579592,-218.3766973492571,-126.6811330524347,-417.4759735769235,-288.534780477991,-205.1974926390752,-176.5579407182791,-98.2608790207979,290.4528922389597,539.8853335663911,60.45605544902618,12.31885697054563,67.83013956551733,-262.5191435734453,-207.4559341895106,-175.9599935791473,-127.0991513321476,0,-206.6727951567271,-472.1777538512945,-31.28761071778765,22.36367928348213,-47.23166534294558,302.2226167450613,146.7386840781365,175.4323026888949,106.46665452892
evreg5,4.relative_year_bin_aux,139.6776782070774,112.4798886164195,2578.818095250559,1952.805602498207,1328.399466067584,675.6006913354981,-761.1350355798066,-1435.258918760429,-2076.862977052772,-2707.927599751763,-3343.436440835904,0,0,-.6323810351539276,152.204734258271,-194.2764021148597,-143.8200076432247,-112.0367067449584,-70.04668610552353,-213.5025178727798,-148.4051992419131,-106.235700934166,-91.08168648719521,-51.45948154422581,140.9992273616684,268.5190850159642,29.75531789668241,.9600668497467678,32.45776802195611,-133.0155858383696,-107.5609106946831,-91.26673600897517,-67.02641709288403,0,-99.42056221653398,-234.7107188018904,-15.70984361666272,16.11227332525894,-22.03364889852515,153.0748495049945,76.24224209147745,90.49358645771927,56.32069483337413
evreg5,6.relative_year_bin_aux,-149.9408257734992,112.4798886164195,-2942.051602346177,-2228.775990996547,-1510.997313945523,-761.1350355798066,908.2834126151572,1680.863667354769,2417.895521440843,3145.33828076767,3876.003908509346,0,0,.7037605093043428,-172.540639280026,211.8632833475889,156.3941540363056,118.1274334290952,67.8833152793412,241.5441272684411,167.971849850588,118.6438537479463,96.85164080285773,49.84992808482439,-173.3155328177362,-319.5241530813836,-50.60400737689655,-9.855753556099918,-55.3471817770623,149.6112218979787,128.9309722746476,103.5414371024077,75.66976995156601,0,130.3019664590397,281.0307022030491,35.31506556254859,-9.332281404723551,46.69086037676219,-167.4434074150815,-101.3310589844813,-104.7748033999596,-63.81584372560994
evreg5,7.relative_year_bin_aux,-276.8231711808533,112.4798886164195,-5541.806540828853,-4197.496590028222,-2848.07033646108,-1435.258918760429,1680.863667354769,3156.805301268268,4537.462410209862,5906.591812013979,7285.541263609112,0,0,1.31614187651317,-323.467643513477,395.7527330386619,292.2205737889298,222.7503291728077,128.0577968033679,463.0465478019376,304.2831927057497,219.9237701975027,181.1507279095848,90.59538166845681,-318.6054446656277,-591.1547995754208,-84.36477420911235,-15.80282666964695,-85.22188215961862,275.7010381769588,250.9412740486718,196.9734411710105,142.0631804327609,0,235.5615747260841,518.9242915417491,55.62290761136782,-19.39988631833397,66.8602486879893,-313.1489806619703,-190.5279837014301,-195.7267230565009,-118.3120462557069
evreg5,8.relative_year_bin_aux,-393.1355014803769,112.4798886164195,-8013.418528069188,-6069.148916520475,-4120.108500990311,-2076.862977052772,2417.895521440843,4537.462410209862,6564.25091334483,8537.485626619129,10532.55760479507,0,0,1.894545046011396,-467.0777171386282,562.2802600553341,413.854751539871,317.0123636575866,182.7272953682246,660.7174971531527,449.4328716533803,301.9505179522317,257.5475072467563,130.1456823588344,-453.2471015443863,-842.8242606135619,-117.4754027811701,-22.74650272564806,-118.2028862241716,402.370519636569,356.039916870467,289.7305759019383,208.3570956244519,0,333.5629601884213,739.2445385812754,76.38564305422429,-27.77410038296873,90.12251779722993,-458.8149135285204,-261.5909178945373,-284.9549331566478,-172.7805035564215
evreg5,9.relative_year_bin_aux,-495.4511728525483,112.4798886164195,-10442.04873297965,-7909.489916337991,-5370.265837713398,-2707.927599751763,3145.33828076767,5906.591812013979,8537.485626619129,11125.92558779025,13725.984903835,0,0,2.454422787692988,-606.9919463499164,724.8603156698612,533.1745127640226,408.8536517294193,236.6375980366044,853.6573477265833,581.5128980314122,403.0985139490608,331.9789870228751,169.3520714461428,-588.5396122239898,-1092.178912874647,-152.40710075006,-31.43503880560869,-152.635369870573,511.7355912924664,468.4312296995544,380.7885887708404,274.6309037336842,0,434.6937182701305,959.0976354216017,99.6473854756384,-34.51601324231536,114.0488069842214,-588.1495924861351,-338.7661494244666,-370.6384263877243,-226.6185540304584
evreg5,10.relative_year_bin_aux,-609.2442132766914,112.4798886164195,-12891.58253682607,-9764.894202499983,-6630.234284244443,-3343.436440835904,3876.003908509346,7285.541263609112,10532.55760479507,13725.984903835,16955.76917269898,0,0,3.030219354683001,-748.8559446719072,892.4115649758672,656.3614311457172,503.381940628327,291.524598044022,1053.157724805736,716.94823360412,498.5422684611994,413.9257026026316,194.1150122710835,-726.9735380592992,-1347.414628585763,-187.5490347852811,-40.70651998314639,-184.7401314893066,629.0327097137416,573.3377530444852,475.6324574832549,327.017792042573,0,536.9276881323667,1183.261286363651,122.2033666858452,-40.83790110836645,135.9072396691352,-724.9747914061579,-409.649430517069,-461.5701162672431,-267.2734895975598
evreg5,1o.treat,0,112.4798886164195,0,0,0,0,0,0,0,0,0,0,0,0,0,0,0,0,0,0,0,0,0,0,0,0,0,0,0,0,0,0,0,0,0,0,0,0,0,0,0,0,0
evreg5,1o.rice_prod_aclvl_ahigh,0,112.4798886164195,0,0,0,0,0,0,0,0,0,0,0,0,0,0,0,0,0,0,0,0,0,0,0,0,0,0,0,0,0,0,0,0,0,0,0,0,0,0,0,0,0
evreg5,wind_direction,-1.050021893173771,112.4798886164195,-2.515958421694534,-1.900594359701349,-1.267856435414509,-.6323810351539276,.7037605093043428,1.31614187651317,1.894545046011396,2.454422787692988,3.030219354683001,0,0,.0022899040369187,-.2583966492110921,.2217627009133812,.1586222271291846,.1095522244344559,.0751295616447533,.187302785377435,.128244648167591,.0862719677090248,.1176435945554261,.069870113256263,-.1708744660913349,-.2884144797921294,-.0826896347241871,-.0001544742377777,.0174003787136114,.1495423390726593,-.0544913175482648,.0557506243805468,.0032328085720757,0,.049217204880557,.2536758129079404,.0589102109728631,.0015717647632611,-.0265756029417564,-.2012903000362635,.1080186441893457,-.1605312903857545,-.0315630243261104
evreg5,av_wind_speed,146.7501201356793,112.4798886164195,590.9931888760318,447.3617714430072,301.9150409036648,152.204734258271,-172.540639280026,-323.467643513477,-467.0777171386282,-606.9919463499164,-748.8559446719072,0,0,-.2583966492110921,73.38094565677454,-45.2294226050527,-35.39170841438827,-25.9542780712535,-14.54292584011942,-42.41350534715124,-34.26576826832429,-20.90051927361171,-16.96921898849194,-4.416225016741484,33.14427536294449,59.5760149378393,13.62118946383279,-1.343218877499577,1.732468539610955,-34.4498382497303,-8.180461911173001,-14.32387167315177,-9.084634851691971,0,-21.2154808489643,-51.7332892189143,-12.45320986429014,4.851613156835862,-2.695839821326802,40.03327027898418,4.890320691628146,21.71430219689459,2.065214022893454
evreg5,1bn.relative_year_bin_aux#1.treat,-68.21677862353698,112.4798886164195,-747.9843213294171,-557.8505554497783,-376.1844626265055,-194.2764021148597,211.8632833475889,395.7527330386619,562.2802600553341,724.8603156698612,892.4115649758672,0,0,.2217627009133812,-45.2294226050527,219.8217855124297,137.4360741638205,115.4492771159147,82.80895194197619,124.4781428846469,97.72819925055634,80.7632127558049,73.11027445734683,54.11675981670272,-38.92298836975616,-73.55186709289103,6.168675880179908,13.75723673019557,.6177428984462714,62.34811183937111,31.25741178933421,29.02081528243788,23.81023898316018,0,-60.15372998253886,13.58558328936419,-62.06576011168644,-58.37778570522183,-31.98738505295511,-95.72598666245379,-64.67000052719592,-68.35791048230936,-52.53773849029822
evreg5,2.relative_year_bin_aux#1.treat,-58.73179517541423,112.4798886164195,-544.2501896935045,-420.5547373240295,-280.4869804579592,-143.8200076432247,156.3941540363056,292.2205737889298,413.854751539871,533.1745127640226,656.3614311457172,0,0,.1586222271291846,-35.39170841438827,137.4360741638205,115.3895568727096,82.37064384205996,51.69001319117226,87.8515177492482,68.60861345164058,55.76238063339013,49.5180768964457,34.68035933836278,-23.36744438382921,-51.95886223566245,.6368591423890581,7.814785754321218,-1.610299434956251,47.16202794881288,21.2162857267027,20.29419318800017,16.28797691501587,0,-30.39022590029114,5.483000535607418,-33.78253318937361,-30.35316821785997,-14.14836309434499,-64.8723844378153,-40.29507207793768,-43.52707767717536,-30.96265215586405
evreg5,3.relative_year_bin_aux#1.treat,-38.83807636324272,112.4798886164195,-407.0223306443847,-311.2291586048175,-218.3766973492571,-112.0367067449584,118.1274334290952,222.7503291728077,317.0123636575866,408.8536517294193,503.381940628327,0,0,.1095522244344559,-25.9542780712535,115.4492771159147,82.37064384205996,84.186911592413,55.54161570646118,79.30440421148111,63.86757208775074,52.41611391827142,46.46740321486399,35.2734860483833,-12.16730667930355,-44.15839038977613,1.464511172892957,7.699612471927435,1.236634811612029,36.02288614634646,19.93210272171946,18.81265813506482,15.40062403314515,0,-43.81137874687294,7.400388457873234,-41.87116615011272,-38.53368722334049,-21.83998483166597,-58.33578207644663,-43.15782449192823,-43.94638913676896,-35.19725750827897
evreg5,4.relative_year_bin_aux#1.treat,-28.93465676763729,112.4798886164195,-238.2429441632438,-181.16121964332,-126.6811330524347,-70.04668610552353,67.8833152793412,128.0577968033679,182.7272953682246,236.6375980366044,291.524598044022,0,0,.0751295616447533,-14.54292584011942,82.80895194197619,51.69001319117226,55.54161570646118,54.8478115992806,55.55079237262553,46.33837006419723,40.10642301303387,36.54928020276805,30.29982220759299,-3.366057404974945,-22.89819768189621,.5066715929249176,8.944932782037826,2.155522271163976,20.97514307121511,12.83021434599478,12.76462258535962,10.96273262245142,0,-43.87327122327115,-2.242980995264251,-31.77222471872512,-44.69044750104825,-23.01721353404072,-42.33984697533918,-34.82066280980886,-36.14402593425343,-30.87185307327458
evreg5,6.relative_year_bin_aux#1.treat,-48.59295162302644,112.4798886164195,-799.6999632512742,-608.3320364216268,-417.4759735769235,-213.5025178727798,241.5441272684411,463.0465478019376,660.7174971531527,853.6573477265833,1053.157724805736,0,0,.187302785377435,-42.41350534715124,124.4781428846469,87.8515177492482,79.30440421148111,55.55079237262553,151.5386394334772,86.09090913435682,71.97769918447874,59.47224881448807,41.52274870843644,-23.09377045426202,-74.92770410829233,-6.035636835130566,12.27004043229737,5.605899837812388,60.17371817652865,54.85161149099996,44.21524944240676,32.77370236868428,0,-17.62897156607398,46.2052815145674,-20.79700411758026,-39.37202667950044,-46.93473731880754,-74.30999556596728,-80.44246115445351,-67.31805227602229,-52.69651040599493
evreg5,7.relative_year_bin_aux#1.treat,-44.46866484808883,112.4798886164195,-551.6302664744917,-420.3196386445454,-288.534780477991,-148.4051992419131,167.971849850588,304.2831927057497,449.4328716533803,581.5128980314122,716.94823360412,0,0,.128244648167591,-34.26576826832429,97.72819925055634,68.60861345164058,63.86757208775074,46.33837006419723,86.09090913435682,103.1373666080768,56.84186226070822,40.56401817948228,21.32459349068774,-13.81941433865473,-49.60557271333906,-4.060849126439112,8.767914761705301,.9302131732413865,46.33741944572247,30.46007088447092,31.65428024575361,23.84587459934559,0,-24.2635348098527,22.57206275203545,-22.95280361528896,-35.36348807643584,-15.79572097258935,-88.34182830058747,-52.08233534069234,-40.78174703701922,-22.06332437827832
evreg5,8.relative_year_bin_aux#1.treat,-21.58912418715401,112.4798886164195,-391.7373796336231,-299.3245078431617,-205.1974926390752,-106.235700934166,118.6438537479463,219.9237701975027,301.9505179522317,403.0985139490608,498.5422684611994,0,0,.0862719677090248,-20.90051927361171,80.7632127558049,55.76238063339013,52.41611391827142,40.10642301303387,71.97769918447874,56.84186226070822,70.35954764465842,50.62884973526073,35.9669665562699,-11.74992994662229,-39.40965854568207,-2.109882819811998,6.044893188969132,-.4557518877883204,28.59419924876836,24.38775993514548,20.53481586736591,16.33949156629657,0,-21.22057490948604,16.59098344396724,-22.76488297481447,-31.13013561283712,-19.28843564299666,-46.3233148102622,-53.95308218031141,-39.24599092485987,-28.93642328605748
evreg5,9.relative_year_bin_aux#1.treat,-40.01732710535819,112.4798886164195,-339.471290793556,-258.665074661186,-176.5579407182791,-91.08168648719521,96.85164080285773,181.1507279095848,257.5475072467563,331.9789870228751,413.9257026026316,0,0,.1176435945554261,-16.96921898849194,73.11027445734683,49.5180768964457,46.46740321486399,36.54928020276805,59.47224881448807,40.56401817948228,50.62884973526073,72.24110456137444,62.95011252303991,-13.71133701364909,-38.84288608483011,-.5136587656533134,4.939415787993488,-.0685086258120083,31.86631066715119,9.074916119589313,12.02476699060247,8.547659962665076,0,-19.78484104960395,16.76390780601978,-24.31572936300889,-29.18208486615611,-18.28061763141369,-40.57397012672058,-30.01513998887613,-50.32200937146371,-45.41368507770511
evreg5,10.relative_year_bin_aux#1.treat,-27.30720302384108,112.4798886164195,-188.3254018692342,-143.8007901010198,-98.2608790207979,-51.45948154422581,49.84992808482439,90.59538166845681,130.1456823588344,169.3520714461428,194.1150122710835,0,0,.069870113256263,-4.416225016741484,54.11675981670272,34.68035933836278,35.2734860483833,30.29982220759299,41.52274870843644,21.32459349068774,35.9669665562699,62.95011252303991,117.1843530591952,-8.264392777327114,-24.57851845810713,3.772723987513374,4.471806383421542,-2.333067432321307,23.50339368075625,1.970199504261607,-2.228292952199465,14.20170931068503,0,-20.17906427639205,6.619572438056211,-27.11138941139086,-27.44449183224751,-20.19803138005918,-26.06145916046348,-16.6625216402606,-32.26492866255377,-89.77656056374526
evreg5,1bn.relative_year_bin_aux#1.rice_prod_aclvl_ahigh,65.13779892773132,112.4798886164195,596.6196564590502,442.9200479860136,290.4528922389597,140.9992273616684,-173.3155328177362,-318.6054446656277,-453.2471015443863,-588.5396122239898,-726.9735380592992,0,0,-.1708744660913349,33.14427536294449,-38.92298836975616,-23.36744438382921,-12.16730667930355,-3.366057404974945,-23.09377045426202,-13.81941433865473,-11.74992994662229,-13.71133701364909,-8.264392777327114,189.5947691881143,118.2758353018419,20.00340165396866,37.62449108256022,46.54709763003722,6.392892861479589,40.25741742785998,28.9404953232186,31.97612321587584,0,-183.4687724896051,-105.8096518134061,-12.33734682521211,-31.82686507255082,-40.11613422160594,3.11806874609377,-36.16582168908141,-16.12170416230703,-23.70401446807863
evreg5,2.relative_year_bin_aux#1.rice_prod_aclvl_ahigh,51.35202015533572,112.4798886164195,1053.149820889065,793.7515428469669,539.8853335663911,268.5190850159642,-319.5241530813836,-591.1547995754208,-842.8242606135619,-1092.178912874647,-1347.414628585763,0,0,-.2884144797921294,59.5760149378393,-73.55186709289103,-51.95886223566245,-44.15839038977613,-22.89819768189621,-74.92770410829233,-49.60557271333906,-39.40965854568207,-38.84288608483011,-24.57851845810713,118.2758353018419,305.7442911329281,54.79419466820152,68.3797246206444,88.31573056874083,-38.10649199611179,53.11027108292034,43.39069292708432,49.49119823474501,0,-101.9031526527318,-286.2015073299382,-45.46848518574195,-60.72740555782043,-82.04939736107035,46.22090243363179,-53.73464669020511,-35.52441134699439,-48.80400784089669
evreg5,3.relative_year_bin_aux#1.rice_prod_aclvl_ahigh,56.26690389615695,112.4798886164195,110.618666761081,90.15390812124279,60.45605544902618,29.75531789668241,-50.60400737689655,-84.36477420911235,-117.4754027811701,-152.40710075006,-187.5490347852811,0,0,-.0826896347241871,13.62118946383279,6.168675880179908,.6368591423890581,1.464511172892957,.5066715929249176,-6.035636835130566,-4.060849126439112,-2.109882819811998,-.5136587656533134,3.772723987513374,20.00340165396866,54.79419466820152,98.53678300582338,36.44477330338664,37.43196594780317,29.10405016501448,33.87885233986702,20.93032107912751,29.17119175080753,0,-23.72045145392951,-53.97133027450622,-98.18581451107268,-35.18403442858585,-36.92200179994696,-26.96025727302045,-34.39729370863523,-16.59676449463139,-27.54759261810471
evreg5,4.relative_year_bin_aux#1.rice_prod_aclvl_ahigh,-11.65991283107702,112.4798886164195,25.68735350145433,22.00974914727084,12.31885697054563,.9600668497467678,-9.855753556099918,-15.80282666964695,-22.74650272564806,-31.43503880560869,-40.70651998314639,0,0,-.0001544742377777,-1.343218877499577,13.75723673019557,7.814785754321218,7.699612471927435,8.944932782037826,12.27004043229737,8.767914761705301,6.044893188969132,4.939415787993488,4.471806383421542,37.62449108256022,68.3797246206444,36.44477330338664,67.70494170667774,50.06604104831794,46.17175831640602,46.56088996751777,37.09934170071376,42.26522759579426,0,-34.56580360710481,-64.79752417833569,-34.1090165362135,-66.66832448467417,-47.59967065239133,-44.03387510161384,-45.05267372949957,-34.56144302206134,-41.08153327159577
evreg5,6.relative_year_bin_aux#1.rice_prod_aclvl_ahigh,-10.68908072575886,112.4798886164195,135.4362453941638,104.5977802933597,67.83013956551733,32.45776802195611,-55.3471817770623,-85.22188215961862,-118.2028862241716,-152.635369870573,-184.7401314893066,0,0,.0174003787136114,1.732468539610955,.6177428984462714,-1.610299434956251,1.236634811612029,2.155522271163976,5.605899837812388,.9302131732413865,-.4557518877883204,-.0685086258120083,-2.333067432321307,46.54709763003722,88.31573056874083,37.43196594780317,50.06604104831794,78.34848700216618,27.40360100791195,30.29753660861787,45.65822181165462,40.03558986156862,0,-45.00923487481801,-81.37633594785801,-33.0116491217854,-45.33100956658745,-76.52610130979537,-25.63594179558662,-28.22470902931102,-42.67704139720711,-39.29893369067118
evreg5,7.relative_year_bin_aux#1.rice_prod_aclvl_ahigh,-51.58755974412841,112.4798886164195,-512.3313369638004,-386.9517733881272,-262.5191435734453,-133.0155858383696,149.6112218979787,275.7010381769588,402.370519636569,511.7355912924664,629.0327097137416,0,0,.1495423390726593,-34.4498382497303,62.34811183937111,47.16202794881288,36.02288614634646,20.97514307121511,60.17371817652865,46.33741944572247,28.59419924876836,31.86631066715119,23.50339368075625,6.392892861479589,-38.10649199611179,29.10405016501448,46.17175831640602,27.40360100791195,159.646455235572,32.39359577496053,19.0371256112381,28.92192812146715,0,-12.91606053809785,37.73475022661857,-27.44159803317697,-44.32436361409322,-26.30606865973914,-159.5170790622688,-30.03673098579766,-19.58931375493967,-29.682394432471
evreg5,8.relative_year_bin_aux#1.rice_prod_aclvl_ahigh,46.37591811285395,112.4798886164195,-390.5316780929438,-296.853235003878,-207.4559341895106,-107.5609106946831,128.9309722746476,250.9412740486718,356.039916870467,468.4312296995544,573.3377530444852,0,0,-.0544913175482648,-8.180461911173001,31.25741178933421,21.2162857267027,19.93210272171946,12.83021434599478,54.85161149099996,30.46007088447092,24.38775993514548,9.074916119589313,1.970199504261607,40.25741742785998,53.11027108292034,33.87885233986702,46.56088996751777,30.29753660861787,32.39359577496053,210.8018030509892,63.26047581467544,67.99773556368963,0,-44.76409426974454,-52.51953310127116,-31.39775762526786,-43.26113292232139,-34.42530728995336,-33.8516791803052,-210.8063163253887,-63.8741771081741,-66.77013103036759
evreg5,9.relative_year_bin_aux#1.rice_prod_aclvl_ahigh,-19.26545128771416,112.4798886164195,-329.4457607609064,-251.1861614322422,-175.9599935791473,-91.26673600897517,103.5414371024077,196.9734411710105,289.7305759019383,380.7885887708404,475.6324574832549,0,0,.0557506243805468,-14.32387167315177,29.02081528243788,20.29419318800017,18.81265813506482,12.76462258535962,44.21524944240676,31.65428024575361,20.53481586736591,12.02476699060247,-2.228292952199465,28.9404953232186,43.39069292708432,20.93032107912751,37.09934170071376,45.65822181165462,19.0371256112381,63.26047581467544,128.9284843074549,71.25331335016415,0,-26.57576647959332,-38.62893837864205,-16.35203862779275,-34.64101911580079,-41.00049863967413,-15.88025325938765,-59.75304020269476,-134.4010556505952,-74.99006722106682
evreg5,10.relative_year_bin_aux#1.rice_prod_aclvl_ahigh,32.3986445627961,112.4798886164195,-236.6096594471537,-179.9949407563369,-127.0991513321476,-67.02641709288403,75.66976995156601,142.0631804327609,208.3570956244519,274.6309037336842,327.017792042573,0,0,.0032328085720757,-9.084634851691971,23.81023898316018,16.28797691501587,15.40062403314515,10.96273262245142,32.77370236868428,23.84587459934559,16.33949156629657,8.547659962665076,14.20170931068503,31.97612321587584,49.49119823474501,29.17119175080753,42.26522759579426,40.03558986156862,28.92192812146715,67.99773556368963,71.25331335016415,105.1676123271046,0,-30.91618950045377,-46.9981920165914,-26.55291125733588,-40.80464295125286,-37.31708971956915,-26.97953331386732,-65.72951722248395,-79.38411507464436,-109.5035792374845
evreg5,1o.treat#1o.rice_prod_aclvl_ahigh,0,112.4798886164195,0,0,0,0,0,0,0,0,0,0,0,0,0,0,0,0,0,0,0,0,0,0,0,0,0,0,0,0,0,0,0,0,0,0,0,0,0,0,0,0,0
evreg5,1bn.relative_year_bin_aux#1.treat#1.rice_prod_aclvl_ahigh,-12.49645133075132,112.4798886164195,-426.8799062142953,-316.1673558740633,-206.6727951567271,-99.42056221653398,130.3019664590397,235.5615747260841,333.5629601884213,434.6937182701305,536.9276881323667,0,0,.049217204880557,-21.2154808489643,-60.15372998253886,-30.39022590029114,-43.81137874687294,-43.87327122327115,-17.62897156607398,-24.2635348098527,-21.22057490948604,-19.78484104960395,-20.17906427639205,-183.4687724896051,-101.9031526527318,-23.72045145392951,-34.56580360710481,-45.00923487481801,-12.91606053809785,-44.76409426974454,-26.57576647959332,-30.91618950045377,0,404.7168741326425,180.1297562835686,126.2073354838203,98.36482782924165,97.19509133451162,64.37425764084682,95.81952353680896,78.11154506741363,81.12471410610868
evreg5,2.relative_year_bin_aux#1.treat#1.rice_prod_aclvl_ahigh,-34.73927123535695,112.4798886164195,-919.7895855433375,-693.241046226581,-472.1777538512945,-234.7107188018904,281.0307022030491,518.9242915417491,739.2445385812754,959.0976354216017,1183.261286363651,0,0,.2536758129079404,-51.7332892189143,13.58558328936419,5.483000535607418,7.400388457873234,-2.242980995264251,46.2052815145674,22.57206275203545,16.59098344396724,16.76390780601978,6.619572438056211,-105.8096518134061,-286.2015073299382,-53.97133027450622,-64.79752417833569,-81.37633594785801,37.73475022661857,-52.51953310127116,-38.62893837864205,-46.9981920165914,0,180.1297562835686,398.9156453180222,164.2598785953684,153.1242329574569,134.5989545060629,13.95748136999138,107.1816404677302,91.93113286102046,101.4378408973941
evreg5,3.relative_year_bin_aux#1.treat#1.rice_prod_aclvl_ahigh,-19.99593528543539,112.4798886164195,-54.32369972684879,-47.19176536303934,-31.28761071778765,-15.70984361666272,35.31506556254859,55.62290761136782,76.38564305422429,99.6473854756384,122.2033666858452,0,0,.0589102109728631,-12.45320986429014,-62.06576011168644,-33.78253318937361,-41.87116615011272,-31.77222471872512,-20.79700411758026,-22.95280361528896,-22.76488297481447,-24.31572936300889,-27.11138941139086,-12.33734682521211,-45.46848518574195,-98.18581451107268,-34.1090165362135,-33.0116491217854,-27.44159803317697,-31.39775762526786,-16.35203862779275,-26.55291125733588,0,126.2073354838203,164.2598785953684,294.772291654273,160.1980333860674,118.054316451218,110.8466944627452,112.1584956081894,97.38449668038254,108.7647020375383
evreg5,4.relative_year_bin_aux#1.treat#1.rice_prod_aclvl_ahigh,18.22797184595787,112.4798886164195,41.58114423546238,28.90252996992117,22.36367928348213,16.11227332525894,-9.332281404723551,-19.39988631833397,-27.77410038296873,-34.51601324231536,-40.83790110836645,0,0,.0015717647632611,4.851613156835862,-58.37778570522183,-30.35316821785997,-38.53368722334049,-44.69044750104825,-39.37202667950044,-35.36348807643584,-31.13013561283712,-29.18208486615611,-27.44449183224751,-31.82686507255082,-60.72740555782043,-35.18403442858585,-66.66832448467417,-45.33100956658745,-44.32436361409322,-43.26113292232139,-34.64101911580079,-40.80464295125286,0,98.36482782924165,153.1242329574569,160.1980333860674,236.8927863187417,126.5043697938912,127.3393874043775,120.4022325836416,115.219342124911,121.6276362077572
evreg5,6.relative_year_bin_aux#1.treat#1.rice_prod_aclvl_ahigh,25.06864184398896,112.4798886164195,-95.92932808957191,-74.63046637209237,-47.23166534294558,-22.03364889852515,46.69086037676219,66.8602486879893,90.12251779722993,114.0488069842214,135.9072396691352,0,0,-.0265756029417564,-2.695839821326802,-31.98738505295511,-14.14836309434499,-21.83998483166597,-23.01721353404072,-46.93473731880754,-15.79572097258935,-19.28843564299666,-18.28061763141369,-20.19803138005918,-40.11613422160594,-82.04939736107035,-36.92200179994696,-47.59967065239133,-76.52610130979537,-26.30606865973914,-34.42530728995336,-41.00049863967413,-37.31708971956915,0,97.19509133451162,134.5989545060629,118.054316451218,126.5043697938912,195.3331738315702,92.23435710645529,106.9078834234747,92.87309560493307,99.81959946637444
evreg5,7.relative_year_bin_aux#1.treat#1.rice_prod_aclvl_ahigh,92.36246288727197,112.4798886164195,590.7870706910588,446.0612884568136,302.2226167450613,153.0748495049945,-167.4434074150815,-313.1489806619703,-458.8149135285204,-588.1495924861351,-724.9747914061579,0,0,-.2012903000362635,40.03327027898418,-95.72598666245379,-64.8723844378153,-58.33578207644663,-42.33984697533918,-74.30999556596728,-88.34182830058747,-46.3233148102622,-40.57397012672058,-26.06145916046348,3.11806874609377,46.22090243363179,-26.96025727302045,-44.03387510161384,-25.63594179558662,-159.5170790622688,-33.8516791803052,-15.88025325938765,-26.97953331386732,0,64.37425764084682,13.95748136999138,110.8466944627452,127.3393874043775,92.23435710645529,297.4332195657559,73.45931695707213,64.97960535134338,78.21179019572421
evreg5,8.relative_year_bin_aux#1.treat#1.rice_prod_aclvl_ahigh,-27.62534780923376,112.4798886164195,274.8037931140264,208.4490068157364,146.7386840781365,76.24224209147745,-101.3310589844813,-190.5279837014301,-261.5909178945373,-338.7661494244666,-409.649430517069,0,0,.1080186441893457,4.890320691628146,-64.67000052719592,-40.29507207793768,-43.15782449192823,-34.82066280980886,-80.44246115445351,-52.08233534069234,-53.95308218031141,-30.01513998887613,-16.6625216402606,-36.16582168908141,-53.73464669020511,-34.39729370863523,-45.05267372949957,-28.22470902931102,-30.03673098579766,-210.8063163253887,-59.75304020269476,-65.72951722248395,0,95.81952353680896,107.1816404677302,112.1584956081894,120.4022325836416,106.9078834234747,73.45931695707213,394.5435917679114,93.0258611847382,108.1491563677885
evreg5,9.relative_year_bin_aux#1.treat#1.rice_prod_aclvl_ahigh,61.47993703422522,112.4798886164195,333.7222724184925,252.9865141534228,175.4323026888949,90.49358645771927,-104.7748033999596,-195.7267230565009,-284.9549331566478,-370.6384263877243,-461.5701162672431,0,0,-.1605312903857545,21.71430219689459,-68.35791048230936,-43.52707767717536,-43.94638913676896,-36.14402593425343,-67.31805227602229,-40.78174703701922,-39.24599092485987,-50.32200937146371,-32.26492866255377,-16.12170416230703,-35.52441134699439,-16.59676449463139,-34.56144302206134,-42.67704139720711,-19.58931375493967,-63.8741771081741,-134.4010556505952,-79.38411507464436,0,78.11154506741363,91.93113286102046,97.38449668038254,115.219342124911,92.87309560493307,64.97960535134338,93.0258611847382,361.2671218849658,228.1664238886875
evreg5,10.relative_year_bin_aux#1.treat#1.rice_prod_aclvl_ahigh,-3.353659270463833,112.4798886164195,199.554742369415,150.8753429202011,106.46665452892,56.32069483337413,-63.81584372560994,-118.3120462557069,-172.7805035564215,-226.6185540304584,-267.2734895975598,0,0,-.0315630243261104,2.065214022893454,-52.53773849029822,-30.96265215586405,-35.19725750827897,-30.87185307327458,-52.69651040599493,-22.06332437827832,-28.93642328605748,-45.41368507770511,-89.77656056374526,-23.70401446807863,-48.80400784089669,-27.54759261810471,-41.08153327159577,-39.29893369067118,-29.682394432471,-66.77013103036759,-74.99006722106682,-109.5035792374845,0,81.12471410610868,101.4378408973941,108.7647020375383,121.6276362077572,99.81959946637444,78.21179019572421,108.1491563677885,228.1664238886875,304.9406115461758
