reg,var,beta,ymean,cov1,cov2,cov3,cov4,cov5,cov6,cov7,cov8,cov9,cov10,cov11,cov12,cov13,cov14,cov15,cov16,cov17,cov18,cov19,cov20,cov21,cov22,cov23,cov24,cov25,cov26,cov27,cov28,cov29,cov30,cov31,cov32,cov33,cov34,cov35,cov36,cov37,cov38,cov39,cov40,cov41,cov42
evreg1,1bn.relative_year_bin_aux,-7.39267308629239,103.6164851007835,9.758412329031126,8.849076626578091,7.71488352746884,7.980485622763314,6.39911989615779,4.477311776215353,3.029638827781323,-.4592578351472011,1.169710622921156,2.884441858297093,-.000674688727222,-8.26550252938234,-9.403336161159421,-8.473510849240649,-7.458405613948909,-7.786241438450385,-6.159485913789473,-4.258363839695594,-2.909957720784749,.3628403977216509,-1.037102423385088,7.295175992619231,,,,,,,,,,,,,,,,,,,,
evreg1,2.relative_year_bin_aux,-13.49823501593303,103.6164851007835,8.849076626578091,9.054239603293821,8.056840666693484,7.571835908928786,6.127144524192624,4.148549559069997,3.207749800859743,-1.276299952934981,.2989803569824777,5.628056402325883,.0307172868362676,-7.872733285564718,-8.510230979635798,-8.285845263642699,-7.51886344093849,-7.426605764247279,-5.934957163177857,-3.756588011902108,-2.910309904798352,1.090376125758646,-.6710535492621578,4.189308749567656,,,,,,,,,,,,,,,,,,,,
evreg1,3.relative_year_bin_aux,-6.152621675688315,103.6164851007835,7.71488352746884,8.056840666693484,8.237399581582512,7.782851922884884,6.310732407806154,4.545673957650243,3.414455459580775,-1.126533766044566,.0800672473348641,6.908594563785496,.0502435464425629,-4.425711260860131,-7.520525904130276,-7.1894661109429,-7.609671889138941,-7.742087449117435,-6.233589455124503,-4.133390504133125,-3.05475999109709,.9208634411069387,-.8281116660980551,-1.285224778941544,,,,,,,,,,,,,,,,,,,,
evreg1,4.relative_year_bin_aux,14.93865281005224,103.6164851007835,7.980485622763314,7.571835908928786,7.782851922884884,10.47386506080166,7.932948395432718,4.93203529741045,2.447885008847478,.5684239921883208,1.96273534240182,-3.58138387878948,-.0856646078979683,-9.73708034077999,-7.662810733949435,-8.27209480664356,-8.226204295311257,-10.2694010115956,-7.616279388752992,-5.156784486478147,-2.851921219168353,-.4344685914046659,-.6479932643301668,15.15453603891673,,,,,,,,,,,,,,,,,,,,
evreg1,5.relative_year_bin_aux,10.41373704566718,103.6164851007835,6.39911989615779,6.127144524192624,6.310732407806154,7.932948395432718,7.55261433401967,5.973067520470952,3.515686098486104,.4683109219846162,2.335322127198905,.4957439970253509,-.0265712490066257,-4.758994865294206,-6.244060905262682,-6.262441403164914,-6.36690767254075,-7.849892275184796,-7.411853767052405,-6.002115980327703,-3.6399011170289,-.4413446529095015,-1.969248617725837,5.253728690419483,,,,,,,,,,,,,,,,,,,,
evreg1,6.relative_year_bin_aux,7.776584361159989,103.6164851007835,4.477311776215353,4.148549559069997,4.545673957650243,4.93203529741045,5.973067520470952,6.867078399164368,4.678905774190217,.4285232119805089,2.263547837312883,4.339457761988196,.0405229435709075,.1400654219574509,-4.529412609537848,-3.642134460200671,-4.14332601193435,-5.039287631339679,-6.05281783603016,-6.637850176772405,-4.465001785114741,-.5756659584056419,-3.028399510864825,-4.483513915724191,,,,,,,,,,,,,,,,,,,,
evreg1,7.relative_year_bin_aux,-6.674918068683652,103.6164851007835,3.029638827781323,3.207749800859743,3.414455459580775,2.447885008847478,3.515686098486104,4.678905774190217,4.768273890523368,-1.587703696998712,-.2694656587190131,10.06806829436921,.1120559026043032,3.016572662727386,-3.131721043083676,-1.865858659366502,-2.437691870638368,-2.627404560240674,-3.70623083286569,-4.116445760188548,-4.156962120793062,1.28451116087113,-1.561780059247017,-13.36409898625195,,,,,,,,,,,,,,,,,,,,
evreg1,9.relative_year_bin_aux,22.15869464377785,103.6164851007835,-.4592578351472011,-1.276299952934981,-1.126533766044566,.5684239921883208,.4683109219846162,.4285232119805089,-1.587703696998712,4.102145493232459,5.011901939130266,-8.935767798464678,-.1044758338271002,.0401187042156681,.3466217748049795,-.1475761481868865,.1549948069853043,-.5671049362821727,-.4320700666388725,-1.026666590903219,.9514923454329339,-3.841134734861889,-3.528120618772464,8.232021732972671,,,,,,,,,,,,,,,,,,,,
evreg1,10.relative_year_bin_aux,22.50409597036264,103.6164851007835,1.169710622921156,.2989803569824777,.0800672473348641,1.96273534240182,2.335322127198905,2.263547837312883,-.2694656587190131,5.011901939130266,8.483487185689054,-7.786032503967381,-.1117928331896439,-1.525161508106407,-1.173143795179487,-1.674522454548101,-.9736519596173098,-1.873271405691098,-2.183192111975677,-2.894891578072703,-.4638986145100133,-4.628117039603171,-6.906338030151598,9.468622332402166,,,,,,,,,,,,,,,,,,,,
evreg1,1.treat,208.0654001331336,103.6164851007835,2.884441858297093,5.628056402325883,6.908594563785496,-3.58138387878948,.4957439970253509,4.339457761988196,10.06806829436921,-8.935767798464678,-7.786032503967381,416.961594327065,.6925047672359321,35.85481620430965,-8.379439319891631,7.022479201401065,-31.81171614615182,31.9813841563915,-6.771390228721568,-54.14346014812799,-63.44989971700541,51.41987533602207,-53.68912874768994,-104.2184445836863,,,,,,,,,,,,,,,,,,,,
evreg1,wind_direction,-1.156125307165736,103.6164851007835,-.000674688727222,.0307172868362676,.0502435464425629,-.0856646078979683,-.0265712490066257,.0405229435709075,.1120559026043032,-.1044758338271002,-.1117928331896439,.6925047672359321,.0095173444212551,.4046728923560114,-.018647232036564,.0716371528269684,.0216541616817713,.0627156169902147,.0008149014971959,.0049627336168827,-.0593590438484833,.0741761600732619,-.0456218016232945,-1.179622657530098,,,,,,,,,,,,,,,,,,,,
evreg1,av_wind_speed,-11.00748816822913,103.6164851007835,-8.26550252938234,-7.872733285564718,-4.425711260860131,-9.73708034077999,-4.758994865294206,.1400654219574509,3.016572662727386,.0401187042156681,-1.525161508106407,35.85481620430965,.4046728923560114,76.45296766443946,5.590546967206278,9.712946427506967,5.736664298634946,8.059178700607934,2.50751935461432,.2706688148799563,-1.263495289421249,-.6027635730306034,-5.025088929001534,-129.8246291158928,,,,,,,,,,,,,,,,,,,,
evreg1,1bn.relative_year_bin_aux#1.treat,62.87301070591763,103.6164851007835,-9.403336161159421,-8.510230979635798,-7.520525904130276,-7.662810733949435,-6.244060905262682,-4.529412609537848,-3.131721043083676,.3466217748049795,-1.173143795179487,-8.379439319891631,-.018647232036564,5.590546967206278,154.7733960511924,109.4571835930576,134.6068491524889,105.7671145695242,117.6840534703935,56.50272179308,44.16839532416533,55.940413305375,151.6962092884419,-2.94203859761717,,,,,,,,,,,,,,,,,,,,
evreg1,2.relative_year_bin_aux#1.treat,42.86917241691406,103.6164851007835,-8.473510849240649,-8.285845263642699,-7.1894661109429,-8.27209480664356,-6.262441403164914,-3.642134460200671,-1.865858659366502,-.1475761481868865,-1.674522454548101,7.022479201401065,.0716371528269684,9.712946427506967,109.4571835930576,104.0048790578012,103.7666930987675,88.77647525433244,83.11039057557331,39.51524289833946,20.40883825332203,41.80083637147755,81.37901483833618,-13.94207284065317,,,,,,,,,,,,,,,,,,,,
evreg1,3.relative_year_bin_aux#1.treat,36.92527150298491,103.6164851007835,-7.458405613948909,-7.51886344093849,-7.609671889138941,-8.226204295311257,-6.36690767254075,-4.14332601193435,-2.437691870638368,.1549948069853043,-.9736519596173098,-31.81171614615182,.0216541616817713,5.736664298634946,134.6068491524889,103.7666930987675,136.9100412240134,94.14511598989924,113.1385448982146,59.70724480455199,47.3803509662799,49.40613588153239,148.8700240836248,-5.628462923635444,,,,,,,,,,,,,,,,,,,,
evreg1,4.relative_year_bin_aux#1.treat,56.03052769517291,103.6164851007835,-7.786241438450385,-7.426605764247279,-7.742087449117435,-10.2694010115956,-7.849892275184796,-5.039287631339679,-2.627404560240674,-.5671049362821727,-1.873271405691098,31.9813841563915,.0627156169902147,8.059178700607934,105.7671145695242,88.77647525433244,94.14511598989924,97.41506910689212,79.78996038788827,33.81929540800406,19.40750816878108,45.54403856071667,79.10851500193101,-11.95739429301116,,,,,,,,,,,,,,,,,,,,
evreg1,5.relative_year_bin_aux#1.treat,44.15602754175559,103.6164851007835,-6.159485913789473,-5.934957163177857,-6.233589455124503,-7.616279388752992,-7.411853767052405,-6.05281783603016,-3.70623083286569,-.4320700666388725,-2.183192111975677,-6.771390228721568,.0008149014971959,2.50751935461432,117.6840534703935,83.11039057557331,113.1385448982146,79.78996038788827,124.6918506670646,58.32282802373774,57.8632854715386,51.63345754710308,168.7201412228449,-1.033193553140556,,,,,,,,,,,,,,,,,,,,
evreg1,6.relative_year_bin_aux#1.treat,-10.33300763133355,103.6164851007835,-4.258363839695594,-3.756588011902108,-4.133390504133125,-5.156784486478147,-6.002115980327703,-6.637850176772405,-4.116445760188548,-1.026666590903219,-2.894891578072703,-54.14346014812799,.0049627336168827,.2706688148799563,56.50272179308,39.51524289833946,59.70724480455199,33.81929540800406,58.32282802373774,53.21848065580687,41.75807684505608,19.21197912650119,78.57071105922937,1.045876524496686,,,,,,,,,,,,,,,,,,,,
evreg1,7.relative_year_bin_aux#1.treat,-1.999049169416854,103.6164851007835,-2.909957720784749,-2.910309904798352,-3.05475999109709,-2.851921219168353,-3.6399011170289,-4.465001785114741,-4.156962120793062,.9514923454329339,-.4638986145100133,-63.44989971700541,-.0593590438484833,-1.263495289421249,44.16839532416533,20.40883825332203,47.3803509662799,19.40750816878108,57.8632854715386,41.75807684505608,63.22756080894577,15.58763697962332,109.7750617059745,7.657801273185678,,,,,,,,,,,,,,,,,,,,
evreg1,9.relative_year_bin_aux#1.treat,44.9450602098162,103.6164851007835,.3628403977216509,1.090376125758646,.9208634411069387,-.4344685914046659,-.4413446529095015,-.5756659584056419,1.28451116087113,-3.841134734861889,-4.628117039603171,51.41987533602207,.0741761600732619,-.6027635730306034,55.940413305375,41.80083637147755,49.40613588153239,45.54403856071667,51.63345754710308,19.21197912650119,15.58763697962332,56.24601450082776,86.0762072160075,-6.050670134694817,,,,,,,,,,,,,,,,,,,,
evreg1,10.relative_year_bin_aux#1.treat,14.1605742127478,103.6164851007835,-1.037102423385088,-.6710535492621578,-.8281116660980551,-.6479932643301668,-1.969248617725837,-3.028399510864825,-1.561780059247017,-3.528120618772464,-6.906338030151598,-53.68912874768994,-.0456218016232945,-5.025088929001534,151.6962092884419,81.37901483833618,148.8700240836248,79.10851500193101,168.7201412228449,78.57071105922937,109.7750617059745,86.0762072160075,378.7021378036071,9.401534669955637,,,,,,,,,,,,,,,,,,,,
evreg1,_cons,112.6041205968987,103.6164851007835,7.295175992619231,4.189308749567656,-1.285224778941544,15.15453603891673,5.253728690419483,-4.483513915724191,-13.36409898625195,8.232021732972671,9.468622332402166,-104.2184445836863,-1.179622657530098,-129.8246291158928,-2.94203859761717,-13.94207284065317,-5.628462923635444,-11.95739429301116,-1.033193553140556,1.045876524496686,7.657801273185678,-6.050670134694817,9.401534669955637,260.6100612896124,,,,,,,,,,,,,,,,,,,,
evreg2,1bn.relative_year_bin_aux,-5.569546767092762,103.6164851007835,11.9935706568692,10.31972186380198,9.397420628757862,10.3373700456355,7.992314276215302,5.615502964426671,3.269512348544795,.4941812147559803,2.17786440608401,2.280228673195825,.6335504486613823,-.0112632910161481,-9.126527004777204,-11.64546897179504,-10.05990791130715,-9.206621553111457,-10.17557607963093,-7.735999914549992,-5.436885692596964,-3.210241680514457,-.5661953421650714,-1.932864338557416,-4.301222179141783,-3.29846536544939,-3.508240801504151,-4.175384173800496,-3.155851119484881,-2.059704245207739,-.8396545546441848,-1.294611797851685,-1.831343195835184,-.678855015032618,4.299560651800103,3.301584413900126,3.505202884871301,4.193296116707657,3.137329963461286,2.07370173955838,.8373980203726961,1.282699864534264,1.852288658428895,8.917652408307822
evreg2,2.relative_year_bin_aux,-11.56591678478438,103.6164851007835,10.31972186380198,10.37256211587822,9.597181854273236,9.520250920080219,7.644452034763381,5.12213541741701,3.4079668412527,-.4294132550413806,1.365185790386215,5.220673675279614,.9006614253692083,.0201792608294348,-8.166692561276182,-10.022356504899,-9.745093579093767,-9.164584596593194,-9.445443127814382,-7.474044231528468,-4.788826223193905,-3.193023897223498,.2621517903656646,-1.674045639578366,-2.871371514286146,-2.913781322776945,-3.278543464929658,-3.59593001281659,-3.0064646881628,-1.881883096952398,-.7951415337715709,-1.050406713996345,-1.797537956456654,-.8538641003920937,2.893674747655804,2.910489467404202,3.304283110105871,3.673259214471048,3.02683958423749,1.901856157238554,.8228801128653881,1.051516692700627,1.905700748473135,4.853462237486527
evreg2,3.relative_year_bin_aux,-5.581537524366374,103.6164851007835,9.397420628757862,9.597181854273236,9.994454652859801,9.760282287406843,7.922463465176827,5.73342889658948,3.969109882716636,-.6491215203428061,.6636351642807639,7.49532099677216,1.161451470445007,.0488367825800323,-4.619765564237388,-9.242864095511923,-8.742987904275074,-9.392893461283123,-9.812280379353073,-7.889168940508611,-5.335698062890046,-3.665797926556376,.4257302718035377,-1.557712566888662,-2.328833764989712,-2.421297330428949,-3.264168052100966,-3.596736691347388,-2.85917231359617,-1.835672661852921,-.7909200110358293,-.756316846013382,-1.079421089410556,-1.015342474439029,2.362910818710554,2.39951978927941,3.291055131527355,3.723723956688915,2.905021534858686,1.86494920698637,.860060730386388,.7841194327700425,1.326213295297617,-1.731879340062292
evreg2,4.relative_year_bin_aux,16.07506903087047,103.6164851007835,10.3373700456355,9.520250920080219,9.760282287406843,13.19430820952433,10.03953681840406,6.328909968885473,3.028604767675517,1.179357927518606,2.544480783462951,-3.826635496917897,-.7232296012046128,-.0897848932559226,-10.71572319795134,-10.02884359138985,-10.26786777336083,-10.1814475122485,-13.02254746946642,-9.70660503771307,-6.556485123539055,-3.475275131407108,-1.065783116344533,-1.311227316696659,-3.026638862855386,-2.655358251867858,-3.330358630331276,-4.610196012023633,-3.586179373410711,-2.053460785955542,-.5572517649011406,-1.406269766013998,-1.414711332357372,.542357689522235,3.059322051877362,2.708172427293066,3.282035186270018,4.644848410831168,3.567688764542547,2.070869229013353,.585917572884348,1.449099818889392,1.621696809200907,16.67718626604448
evreg2,5.relative_year_bin_aux,11.18195892422424,103.6164851007835,7.992314276215302,7.644452034763381,7.922463465176827,10.03953681840406,9.743319551343362,7.460519665818479,4.421963508854574,.6038913304392071,2.989254015750743,1.111114778849168,.6490042039320905,-.0288903226465333,-5.922336173999391,-7.789304058362854,-7.758317709578709,-7.9446808194928,-9.939791604722251,-9.558855080013466,-7.481980946264221,-4.567147272038922,-.5913702119870959,-2.653390346244852,-1.86107029660708,-1.873989400863341,-2.502068548213554,-3.306978176839654,-3.557423700302246,-2.3538836821264,-1.192314312921567,-.6960324533019534,-1.626686512268415,-.6891944401704519,1.86579187754246,1.878128258888684,2.451763115578724,3.336018825153565,3.534755529093726,2.375663193404821,1.227922590598033,.7259954453311493,1.801690580887427,6.122252920549803
evreg2,6.relative_year_bin_aux,8.487033368726447,103.6164851007835,5.615502964426671,5.12213541741701,5.73342889658948,6.328909968885473,7.460519665818479,8.113077277108541,5.63300393406413,.3668738994740429,2.665279723921217,5.543230830779867,1.315902570219945,.0421331922824243,.1867891534425323,-5.645848015814157,-4.573536950898948,-5.342931089943459,-6.434931375077745,-7.544595409333928,-7.89530541831604,-5.430215954479092,-.5307359248720172,-3.499085914263112,-1.336176077778805,-1.199384682595799,-1.923325585179443,-2.315702843175982,-2.555994083528016,-2.274718005059467,-1.512297368726397,-.2268288689130112,-1.140529497535037,-1.206598944478434,1.34650674422037,1.162175938100779,1.914368143396455,2.389567562332945,2.5779737098551,2.309724228357652,1.571217013863838,.2558478925272543,1.351279929226506,-5.754024789674915
evreg2,7.relative_year_bin_aux,-5.83540142732681,103.6164851007835,3.269512348544795,3.4079668412527,3.969109882716636,3.028604767675517,4.421963508854574,5.63300393406413,5.85449089259676,-1.728700188538368,.2483288114239839,11.66659007406541,2.158709560689702,.1192782524708619,3.538719984909403,-3.402321870838262,-1.961945752862514,-2.970233986290252,-3.311477526680505,-4.676860893426844,-5.056551358998985,-5.268116783980132,1.390954470381775,-2.36982181779298,-.2838389827720809,-.3497517742563035,-1.054198700370473,-1.217253358869115,-1.605732209424441,-1.619708943694796,-1.709686660436826,.0967731706480121,-1.14924539373989,-1.812085580826028,.310188748070559,.2811749534294145,1.093898301581903,1.398589432666948,1.683675757347045,1.645688229151097,1.821110127387054,-.0608022531934472,1.495689402622805,-15.74551891788632
evreg2,9.relative_year_bin_aux,20.9988114041222,103.6164851007835,.4941812147559803,-.4294132550413806,-.6491215203428061,1.179357927518606,.6038913304392071,.3668738994740429,-1.728700188538368,4.410646533928377,5.398991117354685,-9.794994218597013,-1.515685322770064,-.1110294799363006,-1.289174345040849,-.5424151320166668,-1.039049287834505,-.3064342630732406,-1.087393563393145,-.4904222477450992,-.9672742854002385,1.097708943111602,-4.143908543080245,-3.751428231041016,-.6428835032645741,-.4041663723682826,-.1783923410311144,-.2775341079449634,.2512978659077749,.2144798700497046,.4904463060279003,-.9960396132077742,-.7513706644259998,1.215259214901526,.6354354675471701,.4532372738204797,.1153250567172751,.1778916159154936,-.3021622873817402,-.2129179387146563,-.531804103277538,1.007842436744465,.6952554916454392,10.8835731075278
evreg2,10.relative_year_bin_aux,20.8004424940591,103.6164851007835,2.17786440608401,1.365185790386215,.6636351642807639,2.544480783462951,2.989254015750743,2.665279723921217,.2483288114239839,5.398991117354685,10.31535753972012,-7.790828356647423,.3603445097311085,-.120703440190987,-3.415122443740227,-2.050315395858262,-2.77912214001042,-1.512418526406139,-2.326154159268603,-2.700255564171056,-3.281867064343236,-.997282808347518,-5.00675146730063,-8.55111401517477,-.5088004952670463,-.596800786781836,-.5137430902513852,-.3937095009869122,-.5930034338943099,-.5634151207653022,-.4746517678526434,-1.414760314523415,-3.439668349979826,-.5586580049084313,.4643553810474866,.6392972838315936,.3651125103841155,.3112749312774667,.4871471723014782,.5308823310012476,.4722598995772869,1.435939013451666,3.508247809101984,11.9369069532367
evreg2,1.treat,201.2176158678239,103.6164851007835,2.280228673195825,5.220673675279614,7.49532099677216,-3.826635496917897,1.111114778849168,5.543230830779867,11.66659007406541,-9.794994218597013,-7.790828356647423,498.9492968682475,13.63365900394013,.715922736879301,38.61109101239191,6.633772423951322,2.267734569331338,-16.19957267515014,52.87450711417596,20.34871805606738,-52.37702561576857,-70.74110948343802,79.79832491538541,-20.02788861243059,1.175279581593609,.7933125700751951,-.675891987303881,.6754278928716362,-.6853941127333603,-1.609841994534411,-2.48454775529303,1.705901748705698,-.1760513561593042,-244.332052257017,18.84338267487494,43.1937440086889,23.50124802960707,-15.31686629696241,5.455913350705216,31.3977984296179,51.40426434906382,-36.72173013536653,47.80642846704901,-116.1826793006024
evreg2,1.downup_ac,-8.414904791879964,103.6164851007835,.6335504486613823,.9006614253692083,1.161451470445007,-.7232296012046128,.6490042039320905,1.315902570219945,2.158709560689702,-1.515685322770064,.3603445097311085,13.63365900394013,15.25177883114974,.0698974986467611,6.215744123623635,-.6359310807000107,-.1608150981561252,-.7735524555223471,.8795117496665258,-.7354994851887805,-1.131275305766421,-1.719191267908849,1.410794786266667,-1.018734655260598,-1.491529836904986,-1.806199889604149,-1.105971829476937,1.35897258508894,-.3075660721517892,-.7680813586404281,-2.228814254027234,2.44225215647306,-1.39922529070282,-15.2449986066002,1.380437562120345,1.694462677076653,1.041889777289642,-1.57831807215825,.1965619863248232,.8294715140080656,2.143355052764775,-2.493065106490826,1.023529467822,-20.87914666653646
evreg2,wind_direction,-1.156655405549539,103.6164851007835,-.0112632910161481,.0201792608294348,.0488367825800323,-.0897848932559226,-.0288903226465333,.0421331922824243,.1192782524708619,-.1110294799363006,-.120703440190987,.715922736879301,.0698974986467611,.0095209003410493,.404696290958276,-.0113076182916303,.0836439161002934,.018130476850495,.0589403803290501,-.0027209795568315,.0020350247781281,-.0701545044326655,.0793751538408749,-.0470807849714701,.0211344254088693,.0211743650137067,.0028780795564498,.0082480118685151,.0047148233759656,-.0031350235453487,-.0144059296144155,.0131316168001659,.0178644552337555,-.047089997192401,-.0148329313827335,-.0240499681374796,.0068595422213472,.0072869424753117,.006817196948258,.005794528152838,.021480427237971,-.010530952272722,.0027196207102907,-1.214631505822095
evreg2,av_wind_speed,-10.99299289942698,103.6164851007835,-9.126527004777204,-8.166692561276182,-4.619765564237388,-10.71572319795134,-5.922336173999391,.1867891534425323,3.538719984909403,-1.289174345040849,-3.415122443740227,38.61109101239191,6.215744123623635,.404696290958276,76.42023447394286,6.546840531416012,10.21145177285993,5.81418851978,9.178386191787864,3.631459069872483,.1739401859811361,-1.723202171628541,.7390367032528002,-2.851065453594659,1.735698937574042,.613175396502438,.4305782997288407,2.026754146124954,2.369624974170577,-.0767418913274001,-1.042626667004712,2.658743017531362,3.772102860119266,-5.643055124595244,-1.911214745660571,-1.005305400817769,-.1894528257163836,-2.295351047663022,-2.27878714840748,.1828672420981812,.9277472865745768,-2.680117039650331,-4.310640212493295,-132.8361530581958
evreg2,1bn.relative_year_bin_aux#1.treat,66.83533788890531,103.6164851007835,-11.64546897179504,-10.022356504899,-9.242864095511923,-10.02884359138985,-7.789304058362854,-5.645848015814157,-3.402321870838262,-.5424151320166668,-2.050315395858262,6.633772423951322,-.6359310807000107,-.0113076182916303,6.546840531416012,230.8159104825283,166.4461427730722,189.3832517119462,151.8255865845982,174.6921616216281,76.73175908922511,62.83781647092081,77.97982663798922,204.9285283605584,4.355415757123742,3.396495755876291,3.593997808836511,4.19866531514208,3.069974539127666,2.001626286889813,.8847910328382709,1.166983757274288,1.59755317979447,2.927340698613913,-144.870531966384,-110.0937408031541,-107.1591781916718,-87.97244458774394,-109.2411151305771,-50.64201668227997,-40.74980342016087,-34.86518651205931,-101.0632480350782,-4.646046525010577
evreg2,2.relative_year_bin_aux#1.treat,41.09805451574798,103.6164851007835,-10.05990791130715,-9.745093579093767,-8.742987904275074,-10.26786777336083,-7.758317709578709,-4.573536950898948,-1.961945752862514,-1.039049287834505,-2.77912214001042,2.267734569331338,-.1608150981561252,.0836439161002934,10.21145177285993,166.4461427730722,161.822171059729,149.0759940394227,128.2656151228427,125.7742941278079,62.12991415749904,35.20358572830583,56.51766438290093,112.4426283742461,3.13523826861782,3.232530228649103,3.350067063879556,3.66122668748792,2.970426408874391,1.83391124730517,.6556456422914451,1.095262441759541,1.831171015308584,5.99378070160836,-94.06673873418518,-102.846594072722,-77.73236234958605,-70.07997510268608,-76.23379892946475,-41.97276285569612,-26.39576681095453,-22.4792068252182,-48.02110432237841,-15.40241900694403
evreg2,3.relative_year_bin_aux#1.treat,46.96858312799149,103.6164851007835,-9.206621553111457,-9.164584596593194,-9.392893461283123,-10.1814475122485,-7.9446808194928,-5.342931089943459,-2.970233986290252,-.3064342630732406,-1.512418526406139,-16.19957267515014,-.7735524555223471,.018130476850495,5.81418851978,189.3832517119462,149.0759940394227,190.6585148314793,129.7756512174384,160.7397121831159,77.78787941268405,65.17338185372279,66.26253879005408,192.5625401757603,2.49951127442361,2.637833696829444,3.312786847801948,3.625361564501262,2.85113777864938,1.8684259892255,.709512917856888,.7915808964248096,1.132328886137058,7.820694268555834,-113.8413791093885,-92.98861467837033,-113.725103728514,-74.50224222336404,-101.2839696463127,-47.42846427843821,-42.59621963818486,-33.02289531108985,-107.2730711917569,-5.071810916561025
evreg2,4.relative_year_bin_aux#1.treat,63.97766507849249,103.6164851007835,-10.17557607963093,-9.445443127814382,-9.812280379353073,-13.02254746946642,-9.939791604722251,-6.434931375077745,-3.311477526680505,-1.087393563393145,-2.326154159268603,52.87450711417596,.8795117496665258,.0589403803290501,9.178386191787864,151.8255865845982,128.2656151228427,129.7756512174384,143.565702614748,116.0918116464931,47.75656453562095,28.27190254627723,61.4046031484356,100.0251369256382,3.131368707154774,2.766734225830925,3.443924878588275,4.702848407371557,3.534436493935843,1.936056939304483,.5920571260817307,1.312023601960585,1.191204331076847,-20.35019181545361,-83.16276793774081,-73.41458768475277,-69.8944866053771,-86.30384446463539,-67.96578034081635,-34.20090743867982,-19.75413721955514,-26.71772642401794,-35.2453872653841,-13.33432102272521
evreg2,5.relative_year_bin_aux#1.treat,53.81099680857243,103.6164851007835,-7.735999914549992,-7.474044231528468,-7.889168940508611,-9.70660503771307,-9.558855080013466,-7.544595409333928,-4.676860893426844,-.4904222477450992,-2.700255564171056,20.34871805606738,-.7354994851887805,-.0027209795568315,3.631459069872483,174.6921616216281,125.7742941278079,160.7397121831159,116.0918116464931,183.0047577252862,72.01663440277525,73.74909228154013,77.43106826083802,230.1931203788263,1.889757163659907,1.937933476543579,2.585956233066701,3.332986766668192,3.503483755497372,2.330412230267604,1.253762119652156,.5831671881379556,1.432031710086541,-16.66987585868182,-103.4797235854246,-75.79310042575713,-87.4679652127929,-64.31486845945042,-115.3184420095874,-38.37646141079842,-42.3914249102075,-40.13572099355768,-125.9115355307118,-1.608116550891513
evreg2,6.relative_year_bin_aux#1.treat,-7.192216014759431,103.6164851007835,-5.436885692596964,-4.788826223193905,-5.335698062890046,-6.556485123539055,-7.481980946264221,-7.89530541831604,-5.056551358998985,-.9672742854002385,-3.281867064343236,-52.37702561576857,-1.131275305766421,.0020350247781281,.1739401859811361,76.73175908922511,62.12991415749904,77.78787941268405,47.75656453562095,72.01663440277525,68.60569914279739,48.01585553086468,21.26674281411224,82.16244701024925,1.37914021010002,1.28088014428299,1.921350619664741,2.293767771511865,2.519538646181751,2.272485659450672,1.466905231252478,.2217980766634622,1.14696938108395,35.65985968681067,-47.99808480325,-49.93114298314162,-47.97064931467615,-30.63664136846807,-48.21434938805131,-49.08121057342679,-36.43594467580791,-8.689374688592514,-47.78939161467871,2.269351352542142
evreg2,7.relative_year_bin_aux#1.treat,.486084348677057,103.6164851007835,-3.210241680514457,-3.193023897223498,-3.665797926556376,-3.475275131407108,-4.567147272038922,-5.430215954479092,-5.268116783980132,1.097708943111602,-.997282808347518,-70.74110948343802,-1.719191267908849,-.0701545044326655,-1.723202171628541,62.83781647092081,35.20358572830583,65.17338185372279,28.27190254627723,73.74909228154013,48.01585553086468,89.81933887667923,24.72556216514102,151.4340284485136,.4199551353389308,.500356126217139,1.124876460649536,1.300000571838583,1.61547785502245,1.562010152136927,1.658107972679237,-.080269850314644,1.154137782808599,30.05978550105914,-46.4409229123871,-36.46701086251761,-44.84665990462561,-24.82530062242643,-50.96882965024272,-23.41595393652751,-63.12048645295406,-20.83703062620263,-110.332126516757,9.955467263222213
evreg2,9.relative_year_bin_aux#1.treat,47.83218330867649,103.6164851007835,-.5661953421650714,.2621517903656646,.4257302718035377,-1.065783116344533,-.5913702119870959,-.5307359248720172,1.390954470381775,-4.143908543080245,-5.00675146730063,79.79832491538541,1.410794786266667,.0793751538408749,.7390367032528002,77.97982663798922,56.51766438290093,66.26253879005408,61.4046031484356,77.43106826083802,21.26674281411224,24.72556216514102,81.03539340918969,124.6835810851341,.6128534635983613,.3761376479088428,.2095432213879375,.2951938566219315,-.2457723997386976,-.2163577125654393,-.4473781458228259,.9605732551307674,.6969464009205931,-40.4948119167185,-43.16148119146216,-29.07877518292522,-35.46977286718495,-33.64239278164865,-49.30768899623263,-12.49843242031804,-18.55324960013101,-49.35440678887511,-71.64819131600687,-8.637743351387476
evreg2,10.relative_year_bin_aux#1.treat,35.04131967559809,103.6164851007835,-1.932864338557416,-1.674045639578366,-1.557712566888662,-1.311227316696659,-2.653390346244852,-3.499085914263112,-2.36982181779298,-3.751428231041016,-8.55111401517477,-20.02788861243059,-1.018734655260598,-.0470807849714701,-2.851065453594659,204.9285283605584,112.4426283742461,192.5625401757603,100.0251369256382,230.1931203788263,82.16244701024925,151.4340284485136,124.6835810851341,563.3530721494334,.3087211857386357,.4061083622020213,.6517906393916657,.4417618274818215,.4837051363568728,.4002988493764001,.7399804186655762,1.089466019995026,2.890375412664692,-3.604114534777195,-121.8662982551724,-72.23138862690672,-102.5080043699316,-51.58507382403599,-147.3656635675628,-32.68236906602078,-98.4680629012164,-77.33933250955319,-388.9866550889737,7.430096560562414
evreg2,1bn.relative_year_bin_aux#1.downup_ac,-3.669050946678021,103.6164851007835,-4.301222179141783,-2.871371514286146,-2.328833764989712,-3.026638862855386,-1.86107029660708,-1.336176077778805,-.2838389827720809,-.6428835032645741,-.5088004952670463,1.175279581593609,-1.491529836904986,.0211344254088693,1.735698937574042,4.355415757123742,3.13523826861782,2.49951127442361,3.131368707154774,1.889757163659907,1.37914021010002,.4199551353389308,.6128534635983613,.3087211857386357,8.244902979416327,6.442158332868765,4.923648575654004,4.942514809812629,3.642363815582599,2.223351952178228,1.281491156333302,.0540405615542442,.64176555558508,1.469552585107851,-8.323885506925325,-6.515481727376355,-5.001702311389321,-5.058503751650496,-3.732307798667477,-2.181054607699109,-1.309955686095975,-.0681399481050665,-.7395238947986473,-3.169548398082864
evreg2,2.relative_year_bin_aux#1.downup_ac,-3.892072358701474,103.6164851007835,-3.29846536544939,-2.913781322776945,-2.421297330428949,-2.655358251867858,-1.873989400863341,-1.199384682595799,-.3497517742563035,-.4041663723682826,-.596800786781836,.7933125700751951,-1.806199889604149,.0211743650137067,.613175396502438,3.396495755876291,3.232530228649103,2.637833696829444,2.766734225830925,1.937933476543579,1.28088014428299,.500356126217139,.3761376479088428,.4061083622020213,6.442158332868765,6.371359111897319,5.222816218018774,4.678462987797168,3.674237587722232,2.256075361989041,1.486470175451007,-.4868811738178929,.5140784216477897,1.800574486694598,-6.52074466984544,-6.438472645955778,-5.290339156509534,-4.77756857647225,-3.760282705069659,-2.227993300596078,-1.514885079803981,.4646957926866595,-.6129564770544487,-1.380505224702239
evreg2,3.relative_year_bin_aux#1.downup_ac,-1.152635461406798,103.6164851007835,-3.508240801504151,-3.278543464929658,-3.264168052100966,-3.330358630331276,-2.502068548213554,-1.923325585179443,-1.054198700370473,-.1783923410311144,-.5137430902513852,-.675891987303881,-1.105971829476937,.0028780795564498,.4305782997288407,3.593997808836511,3.350067063879556,3.312786847801948,3.443924878588275,2.585956233066701,1.921350619664741,1.124876460649536,.2095432213879375,.6517906393916657,4.923648575654004,5.222816218018774,6.016314138656593,5.924285478506307,4.259867722372013,2.753566253076436,1.46511114547931,-.0441109921140897,.8451878789587109,1.051390830950583,-5.009714025161061,-5.271563522446064,-6.067423380933097,-6.040146540373983,-4.348907230683318,-2.753639463160058,-1.521854252587355,-.0041214390778399,-1.040827957884393,.2230305518750779
evreg2,4.relative_year_bin_aux#1.downup_ac,-2.280814069622755,103.6164851007835,-4.175384173800496,-3.59593001281659,-3.596736691347388,-4.610196012023633,-3.306978176839654,-2.315702843175982,-1.217253358869115,-.2775341079449634,-.3937095009869122,.6754278928716362,1.35897258508894,.0082480118685151,2.026754146124954,4.19866531514208,3.66122668748792,3.625361564501262,4.702848407371557,3.332986766668192,2.293767771511865,1.300000571838583,.2951938566219315,.4417618274818215,4.942514809812629,4.678462987797168,5.924285478506307,7.53061802236536,5.33779930014718,3.13201252351847,1.21502663614292,.9234600901331975,1.285638980453039,-1.416842174907799,-5.025035891196671,-4.733120227265132,-5.978752301075737,-7.658528534975106,-5.423657970271445,-3.118560361322027,-1.270853025426369,-.9639426392279119,-1.484249812435375,-3.102609341632244
evreg2,5.relative_year_bin_aux#1.downup_ac,-1.54114250050516,103.6164851007835,-3.155851119484881,-3.0064646881628,-2.85917231359617,-3.586179373410711,-3.557423700302246,-2.555994083528016,-1.605732209424441,.2512978659077749,-.5930034338943099,-.6853941127333603,-.3075660721517892,.0047148233759656,2.369624974170577,3.069974539127666,2.970426408874391,2.85113777864938,3.534436493935843,3.503483755497372,2.519538646181751,1.61547785502245,-.2457723997386976,.4837051363568728,3.642363815582599,3.674237587722232,4.259867722372013,5.33779930014718,5.448727020384557,3.857202850061741,1.962083511521171,.3494255830240128,1.821606512743778,.3022984873701216,-3.675923335477174,-3.698492725675244,-4.279323172083279,-5.362501837664245,-5.473133089227256,-3.861238869106457,-1.970983865787048,-.3639763674258349,-1.843149880849403,-2.29174972765321
evreg2,6.relative_year_bin_aux#1.downup_ac,-1.426986398873449,103.6164851007835,-2.059704245207739,-1.881883096952398,-1.835672661852921,-2.053460785955542,-2.3538836821264,-2.274718005059467,-1.619708943694796,.2144798700497046,-.5634151207653022,-1.609841994534411,-.7680813586404281,-.0031350235453487,-.0767418913274001,2.001626286889813,1.83391124730517,1.8684259892255,1.936056939304483,2.330412230267604,2.272485659450672,1.562010152136927,-.2163577125654393,.4002988493764001,2.223351952178228,2.256075361989041,2.753566253076436,3.13201252351847,3.857202850061741,4.108102272415166,2.440928469614595,.2757764882569941,1.803901390372941,.8160663526696531,-2.218410006489988,-2.2536919090012,-2.753337185155636,-3.055342212232328,-3.839604417439698,-4.128672566437778,-2.401517506502541,-.2655284002058543,-1.633845149120129,1.587564744020019
evreg2,7.relative_year_bin_aux#1.downup_ac,-1.688844284999801,103.6164851007835,-.8396545546441848,-.7951415337715709,-.7909200110358293,-.5572517649011406,-1.192314312921567,-1.512297368726397,-1.709686660436826,.4904463060279003,-.4746517678526434,-2.48454775529303,-2.228814254027234,-.0144059296144155,-1.042626667004712,.8847910328382709,.6556456422914451,.709512917856888,.5920571260817307,1.253762119652156,1.466905231252478,1.658107972679237,-.4473781458228259,.7399804186655762,1.281491156333302,1.486470175451007,1.46511114547931,1.21502663614292,1.962083511521171,2.440928469614595,2.485887221882824,-.607805502284577,1.175767046619935,2.186945562254914,-1.302980723042746,-1.484560716966681,-1.470515137424344,-1.239072828439093,-1.984274561433414,-2.457144446944818,-2.507978940089148,.5862907141637195,-1.240856225036532,3.717000226453534
evreg2,9.relative_year_bin_aux#1.downup_ac,2.328795855901571,103.6164851007835,-1.294611797851685,-1.050406713996345,-.756316846013382,-1.406269766013998,-.6960324533019534,-.2268288689130112,.0967731706480121,-.9960396132077742,-1.414760314523415,1.705901748705698,2.44225215647306,.0131316168001659,2.658743017531362,1.166983757274288,1.095262441759541,.7915808964248096,1.312023601960585,.5831671881379556,.2217980766634622,-.080269850314644,.9605732551307674,1.089466019995026,.0540405615542442,-.4868811738178929,-.0441109921140897,.9234600901331975,.3494255830240128,.2757764882569941,-.607805502284577,2.751583722471771,2.786157232116554,-2.401744573614301,-.0412002431840434,.4768220091893977,.0387916229455933,-.8959875229639858,-.330834101797639,-.2609334417012538,.6367679559731201,-2.728054036061637,-2.684639593666351,-5.00520019891149
evreg2,10.relative_year_bin_aux#1.downup_ac,3.42568871356868,103.6164851007835,-1.831343195835184,-1.797537956456654,-1.079421089410556,-1.414711332357372,-1.626686512268415,-1.140529497535037,-1.14924539373989,-.7513706644259998,-3.439668349979826,-.1760513561593042,-1.39922529070282,.0178644552337555,3.772102860119266,1.59755317979447,1.831171015308584,1.132328886137058,1.191204331076847,1.432031710086541,1.14696938108395,1.154137782808599,.6969464009205931,2.890375412664692,.64176555558508,.5140784216477897,.8451878789587109,1.285638980453039,1.821606512743778,1.803901390372941,1.175767046619935,2.786157232116554,6.430332377533805,1.490397056226408,-.604923462278791,-.5109263390888016,-.8225373784430152,-1.186874747215982,-1.762607153585167,-1.807548925247953,-1.117894801483068,-2.753927654905232,-6.22098606846399,-4.587138690792115
evreg2,1.treat#1.downup_ac,13.62195413992403,103.6164851007835,-.678855015032618,-.8538641003920937,-1.015342474439029,.542357689522235,-.6891944401704519,-1.206598944478434,-1.812085580826028,1.215259214901526,-.5586580049084313,-244.332052257017,-15.2449986066002,-.047089997192401,-5.643055124595244,2.927340698613913,5.99378070160836,7.820694268555834,-20.35019181545361,-16.66987585868182,35.65985968681067,30.05978550105914,-40.4948119167185,-3.604114534777195,1.469552585107851,1.800574486694598,1.051390830950583,-1.416842174907799,.3022984873701216,.8160663526696531,2.186945562254914,-2.401744573614301,1.490397056226408,642.5832140030051,-100.6377154861728,-78.40971129216635,-121.5077836375716,-10.48582155976559,-82.15882530317312,-138.0978392815384,-131.4502833692906,42.21158483775275,-216.6753885094056,18.19053448455339
evreg2,1bn.relative_year_bin_aux#1.treat#1.downup_ac,-7.673652360756687,103.6164851007835,4.299560651800103,2.893674747655804,2.362910818710554,3.059322051877362,1.86579187754246,1.34650674422037,.310188748070559,.6354354675471701,.4643553810474866,18.84338267487494,1.380437562120345,-.0148329313827335,-1.911214745660571,-144.870531966384,-94.06673873418518,-113.8413791093885,-83.16276793774081,-103.4797235854246,-47.99808480325,-46.4409229123871,-43.16148119146216,-121.8662982551724,-8.323885506925325,-6.52074466984544,-5.009714025161061,-5.025035891196671,-3.675923335477174,-2.218410006489988,-1.302980723042746,-.0412002431840434,-.604923462278791,-100.6377154861728,275.3865098072161,181.14007739153,221.9722067644268,157.7619504521576,197.0057393924243,115.208661554373,98.87457655174828,68.13124137346976,230.8605500390536,3.366922171310329
evreg2,2.relative_year_bin_aux#1.treat#1.downup_ac,3.555284136609021,103.6164851007835,3.301584413900126,2.910489467404202,2.39951978927941,2.708172427293066,1.878128258888684,1.162175938100779,.2811749534294145,.4532372738204797,.6392972838315936,43.1937440086889,1.694462677076653,-.0240499681374796,-1.005305400817769,-110.0937408031541,-102.846594072722,-92.98861467837033,-73.41458768475277,-75.79310042575713,-49.93114298314162,-36.46701086251761,-29.07877518292522,-72.23138862690672,-6.515481727376355,-6.438472645955778,-5.271563522446064,-4.733120227265132,-3.698492725675244,-2.2536919090012,-1.484560716966681,.4768220091893977,-.5109263390888016,-78.40971129216635,181.14007739153,181.1488267463606,160.1811264370637,129.1058092008031,133.5619367386719,93.03085364185684,66.24221656051377,44.40703660423169,115.4126756499134,2.256306744646973
evreg2,3.relative_year_bin_aux#1.treat#1.downup_ac,-19.66454606056343,103.6164851007835,3.505202884871301,3.304283110105871,3.291055131527355,3.282035186270018,2.451763115578724,1.914368143396455,1.093898301581903,.1153250567172751,.3651125103841155,23.50124802960707,1.041889777289642,.0068595422213472,-.1894528257163836,-107.1591781916718,-77.73236234958605,-113.725103728514,-69.8944866053771,-87.4679652127929,-47.97064931467615,-44.84665990462561,-35.46977286718495,-102.5080043699316,-5.001702311389321,-5.290339156509534,-6.067423380933097,-5.978752301075737,-4.279323172083279,-2.753337185155636,-1.470515137424344,.0387916229455933,-.8225373784430152,-121.5077836375716,221.9722067644268,160.1811264370637,238.2051656244743,145.2366428039115,185.7187044036846,116.9549063882681,102.5129781009233,69.27695749011613,240.936050991108,-.8151397330044257
evreg2,4.relative_year_bin_aux#1.treat#1.downup_ac,-15.53509239589741,103.6164851007835,4.193296116707657,3.673259214471048,3.723723956688915,4.644848410831168,3.336018825153565,2.389567562332945,1.398589432666948,.1778916159154936,.3112749312774667,-15.31686629696241,-1.57831807215825,.0072869424753117,-2.295351047663022,-87.97244458774394,-70.07997510268608,-74.50224222336404,-86.30384446463539,-64.31486845945042,-30.63664136846807,-24.82530062242643,-33.64239278164865,-51.58507382403599,-5.058503751650496,-4.77756857647225,-6.040146540373983,-7.658528534975106,-5.362501837664245,-3.055342212232328,-1.239072828439093,-.8959875229639858,-1.186874747215982,-10.48582155976559,157.7619504521576,129.1058092008031,145.2366428039115,160.3335809573823,118.7653228378805,73.11029177647124,52.93633308025045,57.1884778384175,88.0129418751804,2.755816846197219
evreg2,5.relative_year_bin_aux#1.treat#1.downup_ac,-18.91744238081667,103.6164851007835,3.137329963461286,3.02683958423749,2.905021534858686,3.567688764542547,3.534755529093726,2.5779737098551,1.683675757347045,-.3021622873817402,.4871471723014782,5.455913350705216,.1965619863248232,.006817196948258,-2.27878714840748,-109.2411151305771,-76.23379892946475,-101.2839696463127,-67.96578034081635,-115.3184420095874,-48.21434938805131,-50.96882965024272,-49.30768899623263,-147.3656635675628,-3.732307798667477,-3.760282705069659,-4.348907230683318,-5.423657970271445,-5.473133089227256,-3.839604417439698,-1.984274561433414,-.330834101797639,-1.762607153585167,-82.15882530317312,197.0057393924243,133.5619367386719,185.7187044036846,118.7653228378805,226.4147521164317,116.4802129022383,121.3322061077401,75.92753621557068,296.8207034058099,1.825061541884686
evreg2,6.relative_year_bin_aux#1.treat#1.downup_ac,-6.13865395717831,103.6164851007835,2.07370173955838,1.901856157238554,1.86494920698637,2.070869229013353,2.375663193404821,2.309724228357652,1.645688229151097,-.2129179387146563,.5308823310012476,31.3977984296179,.8294715140080656,.005794528152838,.1828672420981812,-50.64201668227997,-41.97276285569612,-47.42846427843821,-34.20090743867982,-38.37646141079842,-49.08121057342679,-23.41595393652751,-12.49843242031804,-32.68236906602078,-2.181054607699109,-2.227993300596078,-2.753639463160058,-3.118560361322027,-3.861238869106457,-4.128672566437778,-2.457144446944818,-.2609334417012538,-1.807548925247953,-138.0978392815384,115.208661554373,93.03085364185684,116.9549063882681,73.11029177647124,116.4802129022383,133.0518875191345,93.02026184859078,33.55346084128227,142.8341444024907,-1.72707593665014
evreg2,7.relative_year_bin_aux#1.treat#1.downup_ac,-4.842190391784346,103.6164851007835,.8373980203726961,.8228801128653881,.860060730386388,.585917572884348,1.227922590598033,1.571217013863838,1.821110127387054,-.531804103277538,.4722598995772869,51.40426434906382,2.143355052764775,.021480427237971,.9277472865745768,-40.74980342016087,-26.39576681095453,-42.59621963818486,-19.75413721955514,-42.3914249102075,-36.43594467580791,-63.12048645295406,-18.55324960013101,-98.4680629012164,-1.309955686095975,-1.514885079803981,-1.521854252587355,-1.270853025426369,-1.970983865787048,-2.401517506502541,-2.507978940089148,.6367679559731201,-1.117894801483068,-131.4502833692906,98.87457655174828,66.24221656051377,102.5129781009233,52.93633308025045,121.3322061077401,93.02026184859078,144.9620659368464,41.99522179092588,248.000254729499,-3.958498134149024
evreg2,9.relative_year_bin_aux#1.treat#1.downup_ac,-5.715689966579211,103.6164851007835,1.282699864534264,1.051516692700627,.7841194327700425,1.449099818889392,.7259954453311493,.2558478925272543,-.0608022531934472,1.007842436744465,1.435939013451666,-36.72173013536653,-2.493065106490826,-.010530952272722,-2.680117039650331,-34.86518651205931,-22.4792068252182,-33.02289531108985,-26.71772642401794,-40.13572099355768,-8.689374688592514,-20.83703062620263,-49.35440678887511,-77.33933250955319,-.0681399481050665,.4646957926866595,-.0041214390778399,-.9639426392279119,-.3639763674258349,-.2655284002058543,.5862907141637195,-2.728054036061637,-2.753927654905232,42.21158483775275,68.13124137346976,44.40703660423169,69.27695749011613,57.1884778384175,75.92753621557068,33.55346084128227,41.99522179092588,98.25273564813668,142.9129440608207,5.002910524832892
evreg2,10.relative_year_bin_aux#1.treat#1.downup_ac,-41.18532883112976,103.6164851007835,1.852288658428895,1.905700748473135,1.326213295297617,1.621696809200907,1.801690580887427,1.351279929226506,1.495689402622805,.6952554916454392,3.508247809101984,47.80642846704901,1.023529467822,.0027196207102907,-4.310640212493295,-101.0632480350782,-48.02110432237841,-107.2730711917569,-35.2453872653841,-125.9115355307118,-47.78939161467871,-110.332126516757,-71.64819131600687,-388.9866550889737,-.7395238947986473,-.6129564770544487,-1.040827957884393,-1.484249812435375,-1.843149880849403,-1.633845149120129,-1.240856225036532,-2.684639593666351,-6.22098606846399,-216.6753885094056,230.8605500390536,115.4126756499134,240.936050991108,88.0129418751804,296.8207034058099,142.8341444024907,248.000254729499,142.9129440608207,810.9565816007162,4.386552903306381
evreg2,_cons,116.7756709278814,103.6164851007835,8.917652408307822,4.853462237486527,-1.731879340062292,16.67718626604448,6.122252920549803,-5.754024789674915,-15.74551891788632,10.8835731075278,11.9369069532367,-116.1826793006024,-20.87914666653646,-1.214631505822095,-132.8361530581958,-4.646046525010577,-15.40241900694403,-5.071810916561025,-13.33432102272521,-1.608116550891513,2.269351352542142,9.955467263222213,-8.637743351387476,7.430096560562414,-3.169548398082864,-1.380505224702239,.2230305518750779,-3.102609341632244,-2.29174972765321,1.587564744020019,3.717000226453534,-5.00520019891149,-4.587138690792115,18.19053448455339,3.366922171310329,2.256306744646973,-.8151397330044257,2.755816846197219,1.825061541884686,-1.72707593665014,-3.958498134149024,5.002910524832892,4.386552903306381,277.4517869808631
evreg3,1bn.relative_year_bin_aux,-10.40047771569402,103.6164851007835,18.67429692246591,16.46596821874136,14.39554274746424,17.08096554974595,13.91912543025771,9.43582901093456,5.515279877385227,-.6653381695258899,1.085820638579466,1.459566647137464,1.650434767982326,-.036541309690976,-11.02983149521982,-18.20213270075156,-16.41092785340912,-14.32609125691377,-16.76074130018709,-13.57994070786943,-9.35241774243762,-5.594518701276111,.6231204305597369,-.44654104823852,-18.33431960896189,-15.89726292426024,-14.06351718890523,-17.42736536914957,-13.87268899943112,-9.513557389038168,-5.503432749265089,-.03450779062784,-.1896342783726684,-.8541998633784165,18.04266544921029,15.7225213774769,13.92123376873837,17.03777702350437,13.67446945528619,9.566590427870041,5.455063124175195,.0298475357375592,-.0474438266563732,11.49378813888113
evreg3,2.relative_year_bin_aux,-15.54241195345012,103.6164851007835,16.46596821874136,16.27799239431244,14.51731360953419,15.84167284948995,13.53497468209734,9.41895249577413,6.072891955190693,-1.977974493158715,-.0170666740751922,5.154892140328041,2.692216244467118,.0009268908821121,-9.256267092465739,-16.02080976494257,-15.76875678964857,-14.15341555558949,-15.61055453042744,-13.26246038464808,-9.117974363491127,-5.947806578067159,1.853676435675098,.0676619489749123,-15.94362414985032,-15.48235273646408,-13.87727578397361,-16.11983139906094,-13.40546286674939,-9.323421160832133,-5.67343653304779,1.038838153254669,.5177008284600556,-2.088305801294317,15.5922892417435,15.21802944313375,13.71420511881935,15.78750079329335,13.17593113548982,9.278645541305648,5.636016582367033,-1.076839662999877,-.7283294339211946,5.825430711856466
evreg3,3.relative_year_bin_aux,-7.324653549317987,103.6164851007835,14.39554274746424,14.51731360953419,14.91238026286039,16.03000901732981,13.59057249344936,9.856056109237821,6.006052590823515,-1.612845614289944,-.1730421239909813,6.275881987734708,3.601860512648124,.0171267215133148,-5.363241699462142,-14.11162783515776,-13.97871781857539,-14.5412322338441,-15.91514663570318,-13.43854550630413,-9.561003905969072,-5.833490561146983,1.494844763964101,-.0527737903666781,-13.97045082710017,-13.89192341410628,-14.3560369732165,-16.17137051884898,-13.47203137104817,-9.723944341493631,-5.587618773997733,.8992231105302169,.3121828339054017,-3.28510636586222,13.71373002016952,13.67827175441285,14.23915338466115,15.97883361380197,13.30775600467274,9.651358675969551,5.568919257068567,-.9383399023986491,-.4356916455240382,.1489901282435735
evreg3,4.relative_year_bin_aux,14.4095357349927,103.6164851007835,17.08096554974595,15.84167284948995,16.03000901732981,21.85209671654223,16.95413834111918,10.33571724974797,4.684357902312612,.1943909635467199,1.438982697109092,-6.490551044846424,.4299062402643181,-.1340678875973937,-12.45021486802811,-16.68850824530378,-17.14006380988786,-16.84591821203975,-21.38027721577911,-16.53389683646449,-10.91571333238719,-5.333032265032307,.0189463064065731,.7160387341571083,-17.38250887857065,-16.13832962720777,-16.71156875279296,-22.37722132534381,-17.10804577168619,-10.79001192424055,-5.647127227934248,-.0292983255618695,.5239120000925974,.6553013588928401,17.353403186538,16.28183542680445,16.67551156376082,21.9410980613346,17.06034246875539,11.11000843741985,5.576191260033844,.11948564474315,-.7791298342862946,20.77313369779018
evreg3,5.relative_year_bin_aux,6.675363460128046,103.6164851007835,13.91912543025771,13.53497468209734,13.59057249344936,16.95413834111918,15.08824624433641,10.18753192320172,5.517044441294938,-.68672197221618,1.470746141869139,1.158790264062561,6.516720283229641,-.0626527123586005,-9.537640568037904,-13.54355935767378,-13.9298617363659,-13.83082310080906,-16.61719739480148,-14.76346749043463,-10.35573471027273,-5.784843072876821,.7602291636511149,-.4297448665437896,-13.90674467053149,-13.45501542268033,-13.79194962377018,-16.99287190257068,-15.16915371271016,-10.4859365972513,-6.185032423997617,.8010338628641845,-.7124772727618416,-5.749292146663016,13.83064970345821,13.45419700859916,13.72311875204059,16.73524499345374,15.10659628907045,10.62383161690119,6.171872461646775,-.7528981715546423,.6365673784874181,10.07323549122666
evreg3,6.relative_year_bin_aux,-3.561032923992369,103.6164851007835,9.43582901093456,9.41895249577413,9.856056109237821,10.33571724974797,10.18753192320172,8.579715698953446,5.795265852587248,-1.760339619574588,-.5025492336363799,7.771559455876158,6.078121085939192,.0412488688411378,-3.511712154692951,-9.192763713581952,-8.615987432773373,-9.324126485736414,-10.27789610040285,-10.08483277765468,-8.179603816970589,-5.510571545144828,1.616616098772261,-.1016239592427649,-8.975995282420865,-8.78368698667634,-9.256502466016808,-10.15335610073918,-10.07769357656723,-8.448783732820162,-5.465409122611035,1.292458660468496,.0440956182461165,-5.91820282221145,8.769375629579681,8.561751250203146,9.149189350374686,10.08664704195112,9.951708611865834,8.320806814040882,5.484737611448573,-1.333437423059736,-.032320373201148,-3.342290545486325
evreg3,7.relative_year_bin_aux,-13.91401414596834,103.6164851007835,5.515279877385227,6.072891955190693,6.006052590823515,4.684357902312612,5.517044441294938,5.795265852587248,6.510284444878196,-4.655486877169793,-3.433502371777443,13.26959383454178,9.591923962770977,.1006920234701362,-2.128347141494761,-5.211297270316223,-4.449638981068122,-4.944014756313885,-4.690105183834957,-5.438307432660062,-5.019015405943395,-5.895030754751153,4.404004591033384,1.937604972078586,-4.751124967616913,-5.144146910703482,-5.052651813145101,-4.14973829233684,-5.183586897170412,-5.277442640276726,-5.677495737912239,4.17653691347176,2.408833226183362,-9.620114620310421,4.498137414812387,4.792208236130534,4.899810510218968,4.231296994616839,5.037306973376895,4.990827133722342,5.751236464889244,-4.252289583808923,-2.220139828352815,-10.05494025762304
evreg3,9.relative_year_bin_aux,16.62186925964728,103.6164851007835,-.6653381695258899,-1.977974493158715,-1.612845614289944,.1943909635467199,-.68672197221618,-1.760339619574588,-4.655486877169793,6.924751655090099,7.156345630959304,-11.4331361204375,-8.894967715122778,-.0908385272806178,2.04296482947148,.3722209922337094,.4987126029780042,.6466868174536795,-.207289479901282,.5976560472042879,1.060808902234158,4.102744683973047,-6.711037498092687,-5.819923002144901,-.0090299701882577,1.197439245302395,.8269018948920368,-.7643536260369214,.3512763437477845,1.244369216471149,3.940772349100602,-6.654549623850446,-6.257661611411492,8.904262840592651,.2068283498528167,-.8946739140527504,-.6908887473024047,.6576544851106979,-.2382896186540237,-.9860763977157078,-4.021319740201299,6.715394952964451,6.032809597840056,8.310656167245915
evreg3,10.relative_year_bin_aux,16.74591290539374,103.6164851007835,1.085820638579466,-.0170666740751922,-.1730421239909813,1.438982697109092,1.470746141869139,-.5025492336363799,-3.433502371777443,7.156345630959304,12.19887430669776,-5.892993186595255,11.32031417409341,-.1342992701747368,-7.385940632908275,-.9006661373232896,-1.521286367325566,-.8457029147790646,-1.030926390673725,-1.149746542966077,-.2845391946332779,2.681489254381059,-6.813957054367733,-10.05782437732795,-1.823887564297399,-.9750385174838736,-1.228032884733044,-.8885262299338121,-1.892687155456372,-.3978658179849013,1.1401153324568,-5.31849084696342,-11.62400178554403,-10.51877844694086,2.204250545676454,1.365523979767345,1.31843999365364,.857940185376638,2.114926593372255,.7572511244130452,-1.091090578812242,5.488649878878474,11.84443793278733,14.57715874401138
evreg3,1.treat,189.0233057204427,103.6164851007835,1.459566647137464,5.154892140328041,6.275881987734708,-6.490551044846424,1.158790264062561,7.771559455876158,13.26959383454178,-11.4331361204375,-5.892993186595255,810.0886057302858,52.35018257982241,.489019301946188,9.376005791361651,-60.68608810122825,-14.865228634598,-129.5910629316753,32.94100580886139,-45.56930054952853,-145.8255651495351,-142.3347787511503,52.8546677259204,-180.8496890398379,1.18803095866752,-2.158567418944572,-2.804458666896611,9.611903482144816,.0278879082869023,-5.713583468638286,-10.20066751914175,10.79933985792272,-.5184348192460096,-798.3445757978564,57.98663998861125,17.48969451075542,130.1071961703955,-35.58403227821103,43.88613806062773,145.6142185144799,142.4179604362316,-53.51742860956266,181.0856699545706,-73.45388610082738
evreg3,1.rice_area_aclvl_ahigh,57.96417446971382,103.6164851007835,1.650434767982326,2.692216244467118,3.601860512648124,.4299062402643181,6.516720283229641,6.078121085939192,9.591923962770977,-8.894967715122778,11.32031417409341,52.35018257982241,261.983850842557,-.543021206211034,-91.64023574762254,2.2441593212506,-5.531169310637337,-5.246035006058636,2.901468475899058,-3.231411148136796,-7.244498820839326,-11.7932554078492,9.597752367318941,-1.997353812360003,-9.604918393022437,-13.97929012383354,-19.84665067404373,5.77152914631606,-12.92060747682008,-13.35164528746574,-34.23711493228008,31.52172952920508,-19.73536306745375,-252.6671046624162,10.85431462603593,14.47941407461776,17.86524616410837,-5.402119347273302,13.66262339788419,14.12802264834608,35.37792014730156,-31.01244600972823,23.28706990026199,56.3725914950906
evreg3,wind_direction,-1.170323176751154,103.6164851007835,-.036541309690976,.0009268908821121,.0171267215133148,-.1340678875973937,-.0626527123586005,.0412488688411378,.1006920234701362,-.0908385272806178,-.1342992701747368,.489019301946188,-.543021206211034,.0096042323540504,.5074457932880369,.0246791384220278,.1107579187081677,.0562036511705698,.1064303534937775,.0410085058250675,.0147144707639376,-.0474523853333653,.0670818156579314,-.0187304901316479,.0873532311753828,.067743809074869,.0781575770650278,.114763171069412,.0863500062187281,.0106501477070349,.0361554682674098,-.0192657869092851,.0637023295048466,.4879669476933945,-.111043557871829,-.0942902165809144,-.0841557713719832,-.1089892219696264,-.0998463956485547,-.0360628322196385,-.0377245263831038,.0082536232011069,-.0728241882163487,-1.077911001581258
evreg3,av_wind_speed,-27.37882312130815,103.6164851007835,-11.02983149521982,-9.256267092465739,-5.363241699462142,-12.45021486802811,-9.537640568037904,-3.511712154692951,-2.128347141494761,2.04296482947148,-7.385940632908275,9.376005791361651,-91.64023574762254,.5074457932880369,98.08416928124869,7.071042544525855,11.27181497258343,6.689155065459496,9.073992012284616,6.280338993531316,4.50190226893278,4.265419053108311,-2.484559407598855,-.9548225479165928,10.56812403872073,7.181067330048657,6.52386196654682,7.174072439188462,13.03686512840834,11.3518730636688,16.52384886585304,-6.67641563263053,11.99988807183876,83.85921600133112,-10.1764370208653,-7.010906596541522,-5.845408263776394,-5.319979231930819,-12.731362995398,-12.50383548694563,-16.8424666331129,6.041191161504734,-12.59551734939742,-126.5645644442429
evreg3,1bn.relative_year_bin_aux#1.treat,28.43515380860909,103.6164851007835,-18.20213270075156,-16.02080976494257,-14.11162783515776,-16.68850824530378,-13.54355935767378,-9.192763713581952,-5.211297270316223,.3722209922337094,-.9006661373232896,-60.68608810122825,2.2441593212506,.0246791384220278,7.071042544525855,243.9876998145482,163.5857642514212,214.6561681145069,170.9822413783926,200.2408191670665,111.7515651710794,94.14249401439238,98.05105960398976,297.1951091481467,17.95296720895656,15.66618358926112,13.87927378910842,17.24707405202732,13.32832123979309,8.911917769133165,4.660288394489791,.3533964657908479,-.3758617376600366,56.97578842399255,-243.8151559467989,-163.119038715273,-214.3648797911089,-171.4475007768008,-200.0861849573833,-111.5608512397985,-93.48888850814714,-98.73132572933667,-296.1301598491673,-7.269368551670438
evreg3,2.relative_year_bin_aux#1.treat,20.14879551849579,103.6164851007835,-16.41092785340912,-15.76875678964857,-13.97871781857539,-17.14006380988786,-13.9298617363659,-8.615987432773373,-4.449638981068122,.4987126029780042,-1.521286367325566,-14.865228634598,-5.531169310637337,.1107579187081677,11.27181497258343,163.5857642514212,158.1031120753979,156.7873932568555,140.2422353656466,133.5752812812194,70.05366271437035,37.08515675145301,73.15639380120396,153.0066976173083,16.65659558617952,16.10175167681567,14.6807881755541,17.40466444355363,13.94138555228167,8.827755933930714,5.254791965448963,-.9497018449020777,-.270417314213754,21.06981036579225,-164.2596521793167,-157.5720902768422,-156.8246929137652,-140.6540284714665,-133.9885776525279,-70.06858857506043,-37.33024396785811,-72.99502584628621,-152.9392500768536,-14.81095021508404
evreg3,3.relative_year_bin_aux#1.treat,2.77671995706204,103.6164851007835,-14.32609125691377,-14.15341555558949,-14.5412322338441,-16.84591821203975,-13.83082310080906,-9.324126485736414,-4.944014756313885,.6466868174536795,-.8457029147790646,-129.5910629316753,-5.246035006058636,.0562036511705698,6.689155065459496,214.6561681145069,156.7873932568555,226.4572960475281,151.307871385771,195.0045395218977,121.7964759370248,99.99897846331487,81.06378904440732,294.1285970226349,14.40115976716969,14.26640524076202,14.86050126760253,17.00828310928715,13.79084523334925,9.368426336393775,5.270419773308124,-.8165805600996936,-.195878836299669,132.3870245943165,-214.9731288684374,-156.4946855740116,-226.4621548790377,-151.5498667590371,-195.184086483433,-121.766636700928,-100.0525858687986,-81.03109713063046,-293.9672796149545,-5.962220798628766
evreg3,4.relative_year_bin_aux#1.treat,30.33775184874904,103.6164851007835,-16.76074130018709,-15.61055453042744,-15.91514663570318,-21.38027721577911,-16.61719739480148,-10.27789610040285,-4.690105183834957,-.207289479901282,-1.030926390673725,32.94100580886139,2.901468475899058,.1064303534937775,9.073992012284616,170.9822413783926,140.2422353656466,151.307871385771,158.5548994232443,138.9755112618268,66.91922754827768,43.57654872425616,77.92674216974559,160.835788381933,17.01085560210555,15.89762202695225,16.46814572610093,22.03679424261042,16.62094078976923,10.41305065394897,5.074077749088609,.2450166562105623,-.9799329189080057,-30.70834300442898,-171.4716318312692,-139.5702932552934,-151.1646376365424,-159.2000349736712,-139.2391033292076,-66.83279536488774,-43.37022588732331,-78.19955618859848,-160.2822984782877,-16.2456115370074
evreg3,5.relative_year_bin_aux#1.treat,13.85181507654248,103.6164851007835,-13.57994070786943,-13.26246038464808,-13.43854550630413,-16.53389683646449,-14.76346749043463,-10.08483277765468,-5.438307432660062,.5976560472042879,-1.149746542966077,-45.56930054952853,-3.231411148136796,.0410085058250675,6.280338993531316,200.2408191670665,133.5752812812194,195.0045395218977,138.9755112618268,219.662122574647,113.9847603851383,106.3649118457165,83.87417800627689,308.3543192028642,13.55483284366329,13.23146968606481,13.58011955044688,16.71813698443467,14.69469393009945,10.0679515298755,5.569151551159622,-.5687082318661919,.2467620817317525,46.90518679388306,-200.4068373373211,-133.2839888762051,-194.9463596086661,-139.2024515315406,-219.7603703041103,-113.9523463241016,-106.3087806594748,-83.97927392702093,-308.0713327746489,-5.993831561236879
evreg3,6.relative_year_bin_aux#1.treat,-23.99442128437055,103.6164851007835,-9.35241774243762,-9.117974363491127,-9.561003905969072,-10.91571333238719,-10.35573471027273,-8.179603816970589,-5.019015405943395,1.060808902234158,-.2845391946332779,-145.8255651495351,-7.244498820839326,.0147144707639376,4.50190226893278,111.7515651710794,70.05366271437035,121.7964759370248,66.91922754827768,113.9847603851383,100.9222366344081,78.3906299718936,33.49451988375174,166.6729953408669,9.269173491936208,9.03236246219612,9.611078179768862,10.78045435669972,10.3077307213899,8.183775321340274,5.231130243870578,-1.219994044863762,.0378488984064189,148.1016166336946,-111.8560083518996,-69.98414026292799,-121.8349661310422,-66.88165563689812,-114.0808161429618,-100.9727376986936,-78.57809800591377,-33.36973457083927,-166.7544869806001,-.8465946653009533
evreg3,7.relative_year_bin_aux#1.treat,-13.7211143683785,103.6164851007835,-5.594518701276111,-5.947806578067159,-5.833490561146983,-5.333032265032307,-5.784843072876821,-5.510571545144828,-5.895030754751153,4.102744683973047,2.681489254381059,-142.3347787511503,-11.7932554078492,-.0474523853333653,4.265419053108311,94.14249401439238,37.08515675145301,99.99897846331487,43.57654872425616,106.3649118457165,78.3906299718936,102.0776386205931,21.18929536655365,193.8424230424586,5.13666910516623,5.447194092451565,5.434600524343776,4.766319151264971,5.549974948566591,5.21061107236688,5.705840650162691,-4.206446648123055,-2.178863102983514,143.3663892617973,-93.90896703156366,-37.35779981820379,-100.1204711998729,-43.19449514307352,-106.2409403747335,-78.39511121493264,-102.2803565324662,-20.95459368063848,-193.9215281018395,4.881987682089592
evreg3,9.relative_year_bin_aux#1.treat,18.75832293951057,103.6164851007835,.6231204305597369,1.853676435675098,1.494844763964101,.0189463064065731,.7602291636511149,1.616616098772261,4.404004591033384,-6.711037498092687,-6.813957054367733,52.8546677259204,9.597752367318941,.0670818156579314,-2.484559407598855,98.05105960398976,73.15639380120396,81.06378904440732,77.92674216974559,83.87417800627689,33.49451988375174,21.18929536655365,90.49055980596333,143.7682656744746,-.1003331525110937,-1.273905208026921,-.9479374145759051,.5124843071179106,-.4791919349170164,-1.203440046083641,-3.939043018051882,6.645958854851584,6.158034959061227,-51.9478401136054,-98.43311489445901,-72.80950403669175,-80.96850522434856,-78.31397163709748,-84.12230119780764,-33.56057328488775,-21.16422988272506,-90.61635948091561,-143.8605855516981,-6.877646275472541
evreg3,10.relative_year_bin_aux#1.treat,-23.64164801050072,103.6164851007835,-.44654104823852,.0676619489749123,-.0527737903666781,.7160387341571083,-.4297448665437896,-.1016239592427649,1.937604972078586,-5.819923002144901,-10.05782437732795,-180.8496890398379,-1.997353812360003,-.0187304901316479,-.9548225479165928,297.1951091481467,153.0066976173083,294.1285970226349,160.835788381933,308.3543192028642,166.6729953408669,193.8424230424586,143.7682656744746,685.8975969672828,.3903689538878308,-.117075200303791,-.0160956076078819,-.9345420076827136,.4203009755780679,.0806202249413044,-1.918604944854128,5.694259054438872,10.45938479913049,181.3911238872596,-297.1485259708797,-153.1670177342148,-294.2019183901199,-160.6623885290657,-308.3366366193475,-166.7041720817093,-193.9815211698013,-143.6116536146253,-686.0987780840239,2.52779396720601
evreg3,1bn.relative_year_bin_aux#1.rice_area_aclvl_ahigh,9.414260391661426,103.6164851007835,-18.33431960896189,-15.94362414985032,-13.97045082710017,-17.38250887857065,-13.90674467053149,-8.975995282420865,-4.751124967616913,-.0090299701882577,-1.823887564297399,1.18803095866752,-9.604918393022437,.0873532311753828,10.56812403872073,17.95296720895656,16.65659558617952,14.40115976716969,17.01085560210555,13.55483284366329,9.269173491936208,5.13666910516623,-.1003331525110937,.3903689538878308,34.27418042906678,30.43036631422816,27.16395710636785,29.48260405322196,21.2415358919361,13.17035785678048,8.542387418011772,1.101220891565268,4.208411553520504,9.030149476333317,-33.70419774968858,-30.25754389753977,-27.06982277503941,-28.55649195226563,-20.76110556973461,-13.46293198982842,-8.294898155079348,-1.105262526225092,-3.403192802064629,-13.39413459504031
evreg3,2.relative_year_bin_aux#1.rice_area_aclvl_ahigh,6.991956423589615,103.6164851007835,-15.89726292426024,-15.48235273646408,-13.89192341410628,-16.13832962720777,-13.45501542268033,-8.78368698667634,-5.144146910703482,1.197439245302395,-.9750385174838736,-2.158567418944572,-13.97929012383354,.067743809074869,7.181067330048657,15.66618358926112,16.10175167681567,14.26640524076202,15.89762202695225,13.23146968606481,9.03236246219612,5.447194092451565,-1.273905208026921,-.117075200303791,30.43036631422816,30.76857374798831,27.91408426277239,28.36306908954607,19.93130894763503,10.88426366536719,7.943865955846263,-1.24732356223465,2.277003690795642,13.58442799097772,-29.96496281640571,-30.61739292418115,-27.78561190233588,-27.63053671863941,-19.52109947968336,-11.11464578823764,-7.734224103104729,1.262451514612255,-1.623343960890796,-5.977254914554038
evreg3,3.relative_year_bin_aux#1.rice_area_aclvl_ahigh,3.963625360036807,103.6164851007835,-14.06351718890523,-13.87727578397361,-14.3560369732165,-16.71156875279296,-13.79194962377018,-9.256502466016808,-5.052651813145101,.8269018948920368,-1.228032884733044,-2.804458666896611,-19.84665067404373,.0781575770650278,6.52386196654682,13.87927378910842,14.6807881755541,14.86050126760253,16.46814572610093,13.58011955044688,9.611078179768862,5.434600524343776,-.9479374145759051,-.0160956076078819,27.16395710636785,27.91408426277239,29.29114105724163,30.25882826763541,22.03598232508289,13.34795933774631,9.618341239278784,-1.245664424414937,3.202102913066126,19.28059321730829,-26.9823201782816,-27.8904692794043,-29.07966514837947,-29.83880084298798,-21.80996562991206,-13.57916085227922,-9.529951857189726,1.229619770324186,-2.985438235549442,-4.573973209062575
evreg3,4.relative_year_bin_aux#1.rice_area_aclvl_ahigh,2.454385384960455,103.6164851007835,-17.42736536914957,-16.11983139906094,-16.17137051884898,-22.37722132534381,-16.99287190257068,-10.15335610073918,-4.14973829233684,-.7643536260369214,-.8885262299338121,9.611903482144816,5.77152914631606,.114763171069412,7.174072439188462,17.24707405202732,17.40466444355363,17.00828310928715,22.03679424261042,16.71813698443467,10.78045435669972,4.766319151264971,.5124843071179106,-.9345420076827136,29.48260405322196,28.36306908954607,30.25882826763541,40.80853353477526,28.44971252611492,17.18971571045552,9.414981225576781,3.804518055719298,3.265889326928682,-6.410183413023471,-29.45264158918236,-28.49135118887923,-30.14219230311222,-40.40789316453981,-28.30693851102448,-17.54327259929202,-9.327974568414785,-3.885958419962384,-3.107500268841431,-17.8724114287751
evreg3,5.relative_year_bin_aux#1.rice_area_aclvl_ahigh,10.75627878161433,103.6164851007835,-13.87268899943112,-13.40546286674939,-13.47203137104817,-17.10804577168619,-15.16915371271016,-10.07769357656723,-5.183586897170412,.3512763437477845,-1.892687155456372,.0278879082869023,-12.92060747682008,.0863500062187281,13.03686512840834,13.32832123979309,13.94138555228167,13.79084523334925,16.62094078976923,14.69469393009945,10.3077307213899,5.549974948566591,-.4791919349170164,.4203009755780679,21.2415358919361,19.93130894763503,22.03598232508289,28.44971252611492,27.82801570927667,23.12112455591835,14.47190536107699,3.702990187090403,10.5612440076394,11.76189373794732,-21.14541376312118,-19.89989133604188,-21.72450171680029,-28.13875799724066,-27.68512830338623,-23.32429318042904,-14.51194168316967,-3.755143678252548,-10.70990389687346,-15.46438552254309
evreg3,6.relative_year_bin_aux#1.rice_area_aclvl_ahigh,29.19112531208761,103.6164851007835,-9.513557389038168,-9.323421160832133,-9.723944341493631,-10.79001192424055,-10.4859365972513,-8.448783732820162,-5.277442640276726,1.244369216471149,-.3978658179849013,-5.713583468638286,-13.35164528746574,.0106501477070349,11.3518730636688,8.911917769133165,8.827755933930714,9.368426336393775,10.41305065394897,10.0679515298755,8.183775321340274,5.21061107236688,-1.203440046083641,.0806202249413044,13.17035785678048,10.88426366536719,13.34795933774631,17.18971571045552,23.12112455591835,28.33786565134434,17.76930864074575,6.217464976602973,15.65274476619884,12.30085297111032,-13.08161710954103,-10.68865057592885,-12.87922885029113,-17.18068905558213,-22.99718459555072,-28.30550597181619,-17.92064839787591,-6.209755026221842,-16.16586618042925,-8.094445048999331
evreg3,7.relative_year_bin_aux#1.rice_area_aclvl_ahigh,18.31629987646108,103.6164851007835,-5.503432749265089,-5.67343653304779,-5.587618773997733,-5.647127227934248,-6.185032423997617,-5.465409122611035,-5.677495737912239,3.940772349100602,1.1401153324568,-10.20066751914175,-34.23711493228008,.0361554682674098,16.52384886585304,4.660288394489791,5.254791965448963,5.270419773308124,5.074077749088609,5.569151551159622,5.231130243870578,5.705840650162691,-3.939043018051882,-1.918604944854128,8.542387418011772,7.943865955846263,9.618341239278784,9.414981225576781,14.47190536107699,17.76930864074575,16.18656136509238,-1.88695304109459,9.0622840692449,32.66136158814574,-8.556157366444856,-7.784792675180968,-9.052390578869208,-9.48090713216528,-14.4175031473084,-17.75960215992052,-16.41359540035869,1.863642553703184,-9.819610544561806,-9.827206064649912
evreg3,9.relative_year_bin_aux#1.rice_area_aclvl_ahigh,13.52307669572539,103.6164851007835,-.03450779062784,1.038838153254669,.8992231105302169,-.0292983255618695,.8010338628641845,1.292458660468496,4.17653691347176,-6.654549623850446,-5.31849084696342,10.79933985792272,31.52172952920508,-.0192657869092851,-6.67641563263053,.3533964657908479,-.9497018449020777,-.8165805600996936,.2450166562105623,-.5687082318661919,-1.219994044863762,-4.206446648123055,6.645958854851584,5.694259054438872,1.101220891565268,-1.24732356223465,-1.245664424414937,3.804518055719298,3.702990187090403,6.217464976602973,-1.88695304109459,15.22110907584191,14.63492081403663,-30.93898220578176,-1.15176846805904,1.18123009717269,1.094388831465774,-3.864353954131666,-3.745276075923607,-6.216146092371531,1.919732834776225,-15.21989878595179,-14.53995598625354,-2.850585274012082
evreg3,10.relative_year_bin_aux#1.rice_area_aclvl_ahigh,16.10985617681094,103.6164851007835,-.1896342783726684,.5177008284600556,.3121828339054017,.5239120000925974,-.7124772727618416,.0440956182461165,2.408833226183362,-6.257661611411492,-11.62400178554403,-.5184348192460096,-19.73536306745375,.0637023295048466,11.99988807183876,-.3758617376600366,-.270417314213754,-.195878836299669,-.9799329189080057,.2467620817317525,.0378488984064189,-2.178863102983514,6.158034959061227,10.45938479913049,4.208411553520504,2.277003690795642,3.202102913066126,3.265889326928682,10.5612440076394,15.65274476619884,9.0622840692449,14.63492081403663,33.04783999317468,18.20980812094629,-4.643999893109611,-2.409083542293601,-2.708533102024091,-3.719448822940266,-10.83377543415262,-15.67005824848179,-9.392437611203976,-14.69549070263975,-34.13499618414853,-13.80174730842911
evreg3,1.treat#1.rice_area_aclvl_ahigh,30.87114774995017,103.6164851007835,-.8541998633784165,-2.088305801294317,-3.28510636586222,.6553013588928401,-5.749292146663016,-5.91820282221145,-9.620114620310421,8.904262840592651,-10.51877844694086,-798.3445757978564,-252.6671046624162,.4879669476933945,83.85921600133112,56.97578842399255,21.06981036579225,132.3870245943165,-30.70834300442898,46.90518679388306,148.1016166336946,143.3663892617973,-51.9478401136054,181.3911238872596,9.030149476333317,13.58442799097772,19.28059321730829,-6.410183413023471,11.76189373794732,12.30085297111032,32.66136158814574,-30.93898220578176,18.20980812094629,1627.511991067987,-34.68073790244123,-2.897048314146221,-139.4961797667513,117.6022847919628,-37.8531701597456,-225.1666530389463,-263.0557184615234,207.3569968844192,-216.788940506522,-45.69294703746165
evreg3,1bn.relative_year_bin_aux#1.treat#1.rice_area_aclvl_ahigh,72.58734098749377,103.6164851007835,18.04266544921029,15.5922892417435,13.71373002016952,17.353403186538,13.83064970345821,8.769375629579681,4.498137414812387,.2068283498528167,2.204250545676454,57.98663998861125,10.85431462603593,-.111043557871829,-10.1764370208653,-243.8151559467989,-164.2596521793167,-214.9731288684374,-171.4716318312692,-200.4068373373211,-111.8560083518996,-93.90896703156366,-98.43311489445901,-297.1485259708797,-33.70419774968858,-29.96496281640571,-26.9823201782816,-29.45264158918236,-21.14541376312118,-13.08161710954103,-8.556157366444856,-1.15176846805904,-4.643999893109611,-34.68073790244123,601.781283703617,426.9818524756164,519.5671703094908,409.2810848218936,449.6006824001071,202.3163926878254,157.3853551500192,205.9323555325079,568.9668186375637,13.31322915681011
evreg3,2.relative_year_bin_aux#1.treat#1.rice_area_aclvl_ahigh,47.10376700791991,103.6164851007835,15.7225213774769,15.21802944313375,13.67827175441285,16.28183542680445,13.45419700859916,8.561751250203146,4.792208236130534,-.8946739140527504,1.365523979767345,17.48969451075542,14.47941407461776,-.0942902165809144,-7.010906596541522,-163.119038715273,-157.5720902768422,-156.4946855740116,-139.5702932552934,-133.2839888762051,-69.98414026292799,-37.35779981820379,-72.80950403669175,-153.1670177342148,-30.25754389753977,-30.61739292418115,-27.8904692794043,-28.49135118887923,-19.89989133604188,-10.68865057592885,-7.784792675180968,1.18123009717269,-2.409083542293601,-2.897048314146221,426.9818524756164,407.1974979662247,402.9574804864712,344.0856556641973,317.5452503600036,141.6086205358156,71.51876704150698,151.5689562209126,300.9581548048774,6.844492334403109
evreg3,3.relative_year_bin_aux#1.treat#1.rice_area_aclvl_ahigh,72.18290652189631,103.6164851007835,13.92123376873837,13.71420511881935,14.23915338466115,16.67551156376082,13.72311875204059,9.149189350374686,4.899810510218968,-.6908887473024047,1.31843999365364,130.1071961703955,17.86524616410837,-.0841557713719832,-5.845408263776394,-214.3648797911089,-156.8246929137652,-226.4621548790377,-151.1646376365424,-194.9463596086661,-121.8349661310422,-100.1204711998729,-80.96850522434856,-294.2019183901199,-27.06982277503941,-27.78561190233588,-29.07966514837947,-30.14219230311222,-21.72450171680029,-12.87922885029113,-9.052390578869208,1.094388831465774,-2.708533102024091,-139.4961797667513,519.5671703094908,402.9574804864712,527.0967008705314,361.1500455963181,430.9180375999825,214.7384766194588,172.9787057125052,178.7547799698414,555.4575396489483,4.128322238927781
evreg3,4.relative_year_bin_aux#1.treat#1.rice_area_aclvl_ahigh,54.34251520236526,103.6164851007835,17.03777702350437,15.78750079329335,15.97883361380197,21.9410980613346,16.73524499345374,10.08664704195112,4.231296994616839,.6576544851106979,.857940185376638,-35.58403227821103,-5.402119347273302,-.1089892219696264,-5.319979231930819,-171.4475007768008,-140.6540284714665,-151.5498667590371,-159.2000349736712,-139.2024515315406,-66.88165563689812,-43.19449514307352,-78.31397163709748,-160.6623885290657,-28.55649195226563,-27.63053671863941,-29.83880084298798,-40.40789316453981,-28.13875799724066,-17.18068905558213,-9.48090713216528,-3.864353954131666,-3.719448822940266,117.6022847919628,409.2810848218936,344.0856556641973,361.1500455963181,382.0363861347917,302.6494061457719,117.5100007686859,63.73937651121115,170.678074708935,291.6698078206634,14.50956358644733
evreg3,5.relative_year_bin_aux#1.treat#1.rice_area_aclvl_ahigh,62.90620135017591,103.6164851007835,13.67446945528619,13.17593113548982,13.30775600467274,17.06034246875539,15.10659628907045,9.951708611865834,5.037306973376895,-.2382896186540237,2.114926593372255,43.88613806062773,13.66262339788419,-.0998463956485547,-12.731362995398,-200.0861849573833,-133.9885776525279,-195.184086483433,-139.2391033292076,-219.7603703041103,-114.0808161429618,-106.2409403747335,-84.12230119780764,-308.3366366193475,-20.76110556973461,-19.52109947968336,-21.80996562991206,-28.30693851102448,-27.68512830338623,-22.99718459555072,-14.4175031473084,-3.745276075923607,-10.83377543415262,-37.8531701597456,449.6006824001071,317.5452503600036,430.9180375999825,302.6494061457719,481.2203736928636,215.3613170820638,221.0984439853585,193.9795947190643,646.2311341509894,15.26165544614287
evreg3,6.relative_year_bin_aux#1.treat#1.rice_area_aclvl_ahigh,24.86234227020758,103.6164851007835,9.566590427870041,9.278645541305648,9.651358675969551,11.11000843741985,10.62383161690119,8.320806814040882,4.990827133722342,-.9860763977157078,.7572511244130452,145.6142185144799,14.12802264834608,-.0360628322196385,-12.50383548694563,-111.5608512397985,-70.06858857506043,-121.766636700928,-66.83279536488774,-113.9523463241016,-100.9727376986936,-78.39511121493264,-33.56057328488775,-166.7041720817093,-13.46293198982842,-11.11464578823764,-13.57916085227922,-17.54327259929202,-23.32429318042904,-28.30550597181619,-17.75960215992052,-6.216146092371531,-15.67005824848179,-225.1666530389463,202.3163926878254,141.6086205358156,214.7384766194588,117.5100007686859,215.3613170820638,201.5413834472175,159.8800814240916,64.81179782620018,290.6801858404392,10.71951495443145
evreg3,7.relative_year_bin_aux#1.treat#1.rice_area_aclvl_ahigh,22.34360884133627,103.6164851007835,5.455063124175195,5.636016582367033,5.568919257068567,5.576191260033844,6.171872461646775,5.484737611448573,5.751236464889244,-4.021319740201299,-1.091090578812242,142.4179604362316,35.37792014730156,-.0377245263831038,-16.8424666331129,-93.48888850814714,-37.33024396785811,-100.0525858687986,-43.37022588732331,-106.3087806594748,-78.57809800591377,-102.2803565324662,-21.16422988272506,-193.9815211698013,-8.294898155079348,-7.734224103104729,-9.529951857189726,-9.327974568414785,-14.51194168316967,-17.92064839787591,-16.41359540035869,1.919732834776225,-9.392437611203976,-263.0557184615234,157.3853551500192,71.51876704150698,172.9787057125052,63.73937651121115,221.0984439853585,159.8800814240916,253.8495856334624,55.90441826704216,423.4006679643494,9.751597255056016
evreg3,9.relative_year_bin_aux#1.treat#1.rice_area_aclvl_ahigh,53.43881383325321,103.6164851007835,.0298475357375592,-1.076839662999877,-.9383399023986491,.11948564474315,-.7528981715546423,-1.333437423059736,-4.252289583808923,6.715394952964451,5.488649878878474,-53.51742860956266,-31.01244600972823,.0082536232011069,6.041191161504734,-98.73132572933667,-72.99502584628621,-81.03109713063046,-78.19955618859848,-83.97927392702093,-33.36973457083927,-20.95459368063848,-90.61635948091561,-143.6116536146253,-1.105262526225092,1.262451514612255,1.229619770324186,-3.885958419962384,-3.755143678252548,-6.209755026221842,1.863642553703184,-15.21989878595179,-14.69549070263975,207.3569968844192,205.9323555325079,151.5689562209126,178.7547799698414,170.678074708935,193.9795947190643,64.81179782620018,55.90441826704216,214.7564818146168,318.7146700027409,3.867343410472508
evreg3,10.relative_year_bin_aux#1.treat#1.rice_area_aclvl_ahigh,66.03842362240027,103.6164851007835,-.0474438266563732,-.7283294339211946,-.4356916455240382,-.7791298342862946,.6365673784874181,-.032320373201148,-2.220139828352815,6.032809597840056,11.84443793278733,181.0856699545706,23.28706990026199,-.0728241882163487,-12.59551734939742,-296.1301598491673,-152.9392500768536,-293.9672796149545,-160.2822984782877,-308.0713327746489,-166.7544869806001,-193.9215281018395,-143.8605855516981,-686.0987780840239,-3.403192802064629,-1.623343960890796,-2.985438235549442,-3.107500268841431,-10.70990389687346,-16.16586618042925,-9.819610544561806,-14.53995598625354,-34.13499618414853,-216.788940506522,568.9668186375637,300.9581548048774,555.4575396489483,291.6698078206634,646.2311341509894,290.6801858404392,423.4006679643494,318.7146700027409,1421.500369486862,13.07398771262614
evreg3,_cons,110.5238479957326,103.6164851007835,11.49378813888113,5.825430711856466,.1489901282435735,20.77313369779018,10.07323549122666,-3.342290545486325,-10.05494025762304,8.310656167245915,14.57715874401138,-73.45388610082738,56.3725914950906,-1.077911001581258,-126.5645644442429,-7.269368551670438,-14.81095021508404,-5.962220798628766,-16.2456115370074,-5.993831561236879,-.8465946653009533,4.881987682089592,-6.877646275472541,2.52779396720601,-13.39413459504031,-5.977254914554038,-4.573973209062575,-17.8724114287751,-15.46438552254309,-8.094445048999331,-9.827206064649912,-2.850585274012082,-13.80174730842911,-45.69294703746165,13.31322915681011,6.844492334403109,4.128322238927781,14.50956358644733,15.26165544614287,10.71951495443145,9.751597255056016,3.867343410472508,13.07398771262614,221.2248513719683
evreg4,1bn.relative_year_bin_aux,-11.86141290227968,103.6164851007835,12.63916093060658,10.78951105088951,9.03089723288501,10.43144079685632,8.049485112684986,6.111157874834055,4.250115902049193,-1.84230945175408,-1.38319520927235,2.080866052755201,-3.027708803221437,.000740461180343,-8.075603521553305,-12.0961759292102,-10.21929126307952,-8.648538518546065,-10.12164271155167,-7.696878668808962,-5.795996158619058,-4.103410866375627,1.793833230819421,1.468981326458228,-12.39711015041893,-10.21614657536175,-8.41699969194684,-10.94334976666316,-8.002835914360404,-5.833360978236846,-3.508987557043825,.8026655796715584,2.11147059858379,2.506962788995458,11.94926326661112,9.859841868726168,8.211036853060531,10.58616849642996,7.693517593823461,5.712526232717091,3.421461386534704,-.8987640999748038,-2.276489389603529,8.160607579325873
evreg4,2.relative_year_bin_aux,-16.58465858421252,103.6164851007835,10.78951105088951,10.72120341288187,9.153240543638104,9.683703882108254,8.019219583775692,6.02752355163848,4.548436055884479,-2.834163611705758,-2.113527316861713,3.903513056547381,-3.995286210865324,.0262489411957586,-6.388551619643938,-10.21986586643928,-9.851670607355137,-8.572784027638111,-9.393826225573484,-7.715399911608031,-5.5840624913453,-4.285779078174791,2.789081988137406,1.915409357350553,-10.53909083776419,-10.08963481753668,-8.348683803945848,-10.35861680682608,-7.929021050369414,-5.51795635152959,-3.335588629630433,1.493440370888633,2.724017673541874,3.643922880460872,9.952344614155736,9.663924455503995,8.109918222073574,9.941268184051832,7.581144131794298,5.357875350986247,3.277195884074788,-1.696523842576545,-3.089986219765689,4.222663839295915
evreg4,3.relative_year_bin_aux,-6.44216900172025,103.6164851007835,9.03089723288501,9.153240543638104,9.308964052898181,10.37314734762065,7.996294458990189,5.935036144009434,3.905102255755065,-2.142924785378345,-2.188496842629478,1.720520203832105,-5.262110964783453,.0156880323267953,-4.026913009931247,-8.678525485477623,-8.621153703413031,-8.954342259117256,-10.19418423497534,-7.806551727241819,-5.66259912971276,-3.74442907744323,2.113987915339986,2.073109341618106,-8.926467064556006,-8.780146436910419,-8.750605197220883,-11.04051053511392,-7.922217892837097,-5.493243508121451,-2.862732390668274,1.063576234335198,2.853085674209181,4.961880663411449,8.53396397483173,8.499637131923713,8.601469274569311,10.74605079990982,7.679215154808385,5.401502472897402,2.820886866806833,-1.205602332605338,-3.127378377985729,3.396702805389205
evreg4,4.relative_year_bin_aux,9.525342527783064,103.6164851007835,10.43144079685632,9.683703882108254,10.37314734762065,13.83875588290273,10.32448776951226,6.983902528139162,4.039254697612408,-1.552220227050368,-.9083640637552808,-1.000992262985959,2.226476729417224,-.069007557520918,-9.385859007214318,-10.18269685153093,-10.1612262458429,-10.68653166627113,-13.60173248555353,-9.982724071240561,-7.146329193146646,-4.26769311354928,1.513912203380113,1.732865965714658,-10.34535744758669,-9.53743014531311,-10.51317622904106,-13.85817753021285,-10.3760100355307,-7.330113317241537,-4.670356230099173,1.626407054939267,1.88967303602494,-3.024617091784315,10.44766838177064,9.509263521930656,10.48170809340884,13.79663237624743,10.28786815548209,7.369068372814404,4.537129755328773,-1.39820005905985,-1.459863709647554,12.83610291000694
evreg4,5.relative_year_bin_aux,5.828523649906004,103.6164851007835,8.049485112684986,8.019219583775692,7.996294458990189,10.32448776951226,8.819933374999179,6.088031425131872,3.756539591382702,-1.585838976173779,-.2439944192027856,.5217094750355331,4.24326725946614,-.054295700107065,-8.74980951710179,-7.761024353383257,-8.298836306894106,-8.177916991082702,-10.08397403068594,-8.490868554326539,-6.163091674281999,-3.912336111809044,1.548110716006119,.9077223182322475,-7.890242755307405,-7.771407551235203,-8.044116391597402,-10.18485637105506,-8.892490924241169,-6.46878322370562,-4.435288849813567,1.687100179402465,.830910707828503,-4.902506712932946,7.917995264339532,7.701937584075431,7.984297039692127,10.10364404336972,8.791289256092703,6.473113613938159,4.319301549290233,-1.510078036259797,-.4807269406564275,10.52469265584227
evreg4,6.relative_year_bin_aux,.0161851212625036,103.6164851007835,6.111157874834055,6.02752355163848,5.935036144009434,6.983902528139162,6.088031425131872,5.092289124102198,3.553475534824277,-1.695095968759498,-1.663383201856339,1.376341383483509,-1.808073246978979,.005959432433027,-3.965617198415419,-5.814062098718432,-5.656268605589761,-5.686693393379591,-6.822085917901272,-5.909575527911109,-4.895297074246147,-3.449593854466121,1.669752148513012,1.6472567426145,-5.973555910370322,-5.687960665855051,-5.550748461575588,-7.273149990816837,-6.075572751532825,-4.93148164493532,-3.095573060730691,1.069118507571612,1.967478717520259,1.556376731536724,5.69853191910188,5.479203575357704,5.431515180646777,7.064285997060328,5.897660531677349,4.857968378790576,3.05459409041433,-1.146668529298781,-2.10556319518837,3.658061915775775
evreg4,7.relative_year_bin_aux,-8.863065896841468,103.6164851007835,4.250115902049193,4.548436055884479,3.905102255755065,4.039254697612408,3.756539591382702,3.553475534824277,4.156336543101341,-3.629439369633861,-3.69715472977252,4.102286793638972,-.4276521950915687,.0358866383193081,-2.298481148344202,-3.897706978294766,-3.801677266426848,-3.407021839164931,-3.885387260643486,-3.619856752694077,-3.192661432673318,-3.910313821114659,3.607580381649313,3.351971392370785,-4.051487808525812,-4.185936362791137,-3.423351258220025,-4.297102100120094,-3.609865901012944,-3.100183127352906,-3.319358780833466,2.96765890449111,3.802838387706706,.5045067384528049,3.659698967904746,3.917239481466607,3.266945443919861,4.07308770021612,3.429294416897042,2.966966241811866,3.317351451834027,-3.136320549328626,-4.084338433612398,-1.147699699622398
evreg4,9.relative_year_bin_aux,12.81899576816512,103.6164851007835,-1.84230945175408,-2.834163611705758,-2.142924785378345,-1.552220227050368,-1.585838976173779,-1.695095968759498,-3.629439369633861,5.590363589606762,6.197825507096569,-5.862937126097174,-3.732131714417088,-.0388775172806683,2.27114635610335,1.47196224014898,2.037359784110732,1.610530379189901,1.390381937238788,1.445614904341099,1.31143738214782,3.366442260828365,-5.569271669285977,-5.821169435741765,1.575193756438789,2.482359924194709,1.764168163632434,1.511346626887079,1.394616440886424,1.293135874409165,3.058349678380994,-5.273565416551433,-6.053456721488634,3.497727052786158,-1.219166553817647,-2.232208264548043,-1.606266623138826,-1.341701741364839,-1.25654436038872,-1.142172386403837,-3.0663599663378,5.419882548764473,6.263474879261678,2.933447122841047
evreg4,10.relative_year_bin_aux,18.27843445959522,103.6164851007835,-1.38319520927235,-2.113527316861713,-2.188496842629478,-.9083640637552808,-.2439944192027856,-1.663383201856339,-3.69715472977252,6.197825507096569,11.27999856185896,-4.943785250856392,17.34092795302373,-.1601926309743562,-8.401036007976074,1.070961732538952,.0844523964583191,.8446975139703067,.9515761864613377,.4550131266727308,.7735518326801134,2.929439464569333,-6.205688465200835,-9.524817527324911,1.360031094820031,1.741017812470759,.8474760758747082,2.479771324436921,-.2080122106920558,-.2627106768047027,-.0673097072935457,-3.771897836600572,-11.44536663733313,-18.24013060012862,-.3640563646762855,-1.207083338896882,-.595140022452213,-1.993914546266189,.5396196375400107,.5331370129355997,-.0891148410172802,4.471163445200857,12.76842896047654,15.45010508803458
evreg4,1.treat,14.58836216725414,103.6164851007835,2.080866052755201,3.903513056547381,1.720520203832105,-1.000992262985959,.5217094750355331,1.376341383483509,4.102286793638972,-5.862937126097174,-4.943785250856392,75.21686550698718,14.68366011170959,.0907155485450298,-1.561767318934181,5.043615199753356,5.632999059017629,5.588528706676032,12.38204774970355,-1.807854386921666,-4.694626052416686,-10.29758787954571,11.95873014010653,-12.87724833024131,-1.532159262710355,-3.248997254795872,-1.061292370208199,1.470809175450621,-.2070336974941183,-.772553979650067,-3.358588346828609,5.624839568899889,3.92920216816516,-72.93749444979095,-5.621172586531629,-5.116210709230909,-5.46014203462746,-12.86376503467591,1.463686108804647,4.543543758092279,10.15929374305058,-12.05650459918136,12.53157335695751,-14.11117386804639
evreg4,1.rice_harvarea_aclvl_ahigh,136.7111013918728,103.6164851007835,-3.027708803221437,-3.995286210865324,-5.262110964783453,2.226476729417224,4.24326725946614,-1.808073246978979,-.4276521950915687,-3.732131714417088,17.34092795302373,14.68366011170959,301.4573321735181,-1.252418037544716,-94.85423521964455,2.42505464495375,-9.968425742238454,-4.002244255083885,-.8974359010837042,-1.366690376903098,-4.057257606130899,-5.049671059314503,3.458917596803517,-3.226849284084317,-7.811611369193523,-12.0168458679495,-23.00836730554359,3.74855146059903,-20.52493129460388,-23.75069700454704,-46.56761733339621,33.94043112643991,-32.37113543904693,-313.0793118689963,14.09617053844164,14.61474542036676,23.54489886844684,-1.085795241283045,21.77250326149952,25.75221427152442,45.77503960133182,-29.54805157603465,42.80998535087474,104.2186168470986
evreg4,wind_direction,-1.139649861290444,103.6164851007835,.000740461180343,.0262489411957586,.0156880323267953,-.069007557520918,-.054295700107065,.005959432433027,.0358866383193081,-.0388775172806683,-.1601926309743562,.0907155485450298,-1.252418037544716,.0089502517288157,.5181569565705862,.0132464586506562,.0835748179095534,.0569519471729979,.0645087097736141,.0402604138424774,.0418010913929011,.0061056964372472,.0395208230519472,.0615300319645957,-.003359466972724,-.0041245555508604,.065316613404585,-.0303232894965186,.0735743031639025,.0983215137036708,.1815614418154112,-.1128930426122451,.1688855251910899,1.296168606774109,-.053704251472034,-.0258446511819272,-.0788025624945135,.0008734617696351,-.0937554549816016,-.1121481047235129,-.1728137309633275,.0719313181799835,-.2481732229833351,-.739956920752286
evreg4,av_wind_speed,-35.20295739458211,103.6164851007835,-8.075603521553305,-6.388551619643938,-4.026913009931247,-9.385859007214318,-8.74980951710179,-3.965617198415419,-2.298481148344202,2.27114635610335,-8.401036007976074,-1.561767318934181,-94.85423521964455,.5181569565705862,87.10542196598763,5.056615541889154,8.770348538571811,5.560805797107529,6.921631595518731,5.450308126586188,4.545704024507007,3.737671756812301,-1.894316218626679,2.068484540638981,4.761818129183469,1.004213672722893,3.678746242645345,1.023330230486681,12.54847804994442,14.75603448439519,19.31351837893822,-7.097625081521231,15.31828783249589,101.1246609651444,-4.833374202692649,-.1909799303458802,-2.842331155172073,-.237571623467854,-11.50253227337054,-14.60107035422976,-18.20761327551168,5.4478015527876,-18.81658473480309,-108.4944906012803
evreg4,1bn.relative_year_bin_aux#1.treat,26.16946000657885,103.6164851007835,-12.0961759292102,-10.21986586643928,-8.678525485477623,-10.18269685153093,-7.761024353383257,-5.814062098718432,-3.897706978294766,1.47196224014898,1.070961732538952,5.043615199753356,2.42505464495375,.0132464586506562,5.056615541889154,65.54222674175362,57.674212394072,58.25183437682049,56.47225444887235,38.44619354856875,34.95701169962997,11.46540284270107,6.343585611702907,1.735108347845591,12.05849317646463,10.12940639953448,8.536561777142005,10.69594575041753,7.562707991970734,5.385617047960881,3.218832814650503,-.9574215789886643,-2.201044950812823,-8.604639557821397,-65.63057295985665,-57.57919848095899,-58.12367462729566,-57.01443117065882,-38.32941308688729,-34.58690863702457,-10.74059472042242,-6.849813605479849,-.8409078085388905,-4.931503678918956
evreg4,2.relative_year_bin_aux#1.treat,17.36887293299675,103.6164851007835,-10.21929126307952,-9.851670607355137,-8.621153703413031,-10.1612262458429,-8.298836306894106,-5.656268605589761,-3.801677266426848,2.037359784110732,.0844523964583191,5.632999059017629,-9.968425742238454,.0835748179095534,8.770348538571811,57.674212394072,61.04268120692236,57.16021013044938,53.85319987053014,35.68109107262236,30.88515022372117,9.313628572993894,4.828052672693379,1.118732102553835,10.15306824302193,9.955657905593425,9.167647599740485,9.779798263389003,8.258167121624561,6.103038451429659,4.970410055939739,-2.856034122746859,-1.016326003746868,2.653885045520644,-58.08102278983591,-60.51301471658518,-57.24953748405174,-53.78440468266381,-35.99990252440246,-31.11278884911426,-10.0371339208986,-4.331652628323633,-1.843898034292548,-8.744912231388064
evreg4,3.relative_year_bin_aux#1.treat,16.34415207225263,103.6164851007835,-8.648538518546065,-8.572784027638111,-8.954342259117256,-10.68653166627113,-8.177916991082702,-5.686693393379591,-3.407021839164931,1.610530379189901,.8446975139703067,5.588528706676032,-4.002244255083885,.0569519471729979,5.560805797107529,58.25183437682049,57.16021013044938,64.47950543561396,59.08925117471517,39.48366951232212,35.94392040740269,11.92650694994025,4.223640677057932,-.198634065893793,8.667140968349909,8.691574652276843,9.295698229105215,10.65132899593485,8.133962716730371,5.875454974734197,3.942573702408777,-1.969413958803885,-1.722115040679693,-1.764573875656313,-58.55520180626903,-56.8175311547583,-64.49737263751211,-59.23113722802138,-39.65414263899953,-35.97994740018544,-12.15116830340421,-4.07254144586969,-.0054477456392796,-6.345375573301009
evreg4,4.relative_year_bin_aux#1.treat,15.01601160157941,103.6164851007835,-10.12164271155167,-9.393826225573484,-10.19418423497534,-13.60173248555353,-10.08397403068594,-6.822085917901272,-3.885387260643486,1.390381937238788,.9515761864613377,12.38204774970355,-.8974359010837042,.0645087097736141,6.921631595518731,56.47225444887235,53.85319987053014,59.08925117471517,64.18357530196627,39.02592719025606,32.58131441440858,10.72683986915147,6.492548895157253,-4.544988216742387,10.1548683706931,9.494974614701047,10.49614250480372,13.75091113320176,10.02046796400144,6.938696404504809,4.258405442748278,-1.566017959786344,-2.167539184004184,-9.625916723590098,-56.81576669516679,-53.43594721275337,-59.03597585366234,-64.50664989195184,-39.19166632724477,-32.54347662378402,-10.74909114680042,-6.52980127617041,4.571951312162378,-9.948380410121652
evreg4,5.relative_year_bin_aux#1.treat,10.54463909934728,103.6164851007835,-7.696878668808962,-7.715399911608031,-7.806551727241819,-9.982724071240561,-8.490868554326539,-5.909575527911109,-3.619856752694077,1.445614904341099,.4550131266727308,-1.807854386921666,-1.366690376903098,.0402604138424774,5.450308126586188,38.44619354856875,35.68109107262236,39.48366951232212,39.02592719025606,34.32141884856025,27.55666693924906,12.96102669861363,4.004901349467412,6.173017492079538,7.678032528480455,7.725056811634715,7.951348675734278,10.10458254480447,8.414055373458863,5.919981854711672,3.771886802817763,-1.492724000255662,-1.331259218275097,3.239909293966424,-38.65209272380434,-35.4058783883844,-39.43423837172914,-39.26861483391585,-34.40869235816344,-27.4957642795276,-12.90402702864228,-4.081296802539762,-6.055239293188825,-6.514723714084509
evreg4,6.relative_year_bin_aux#1.treat,3.774665117120856,103.6164851007835,-5.795996158619058,-5.5840624913453,-5.66259912971276,-7.146329193146646,-6.163091674281999,-4.895297074246147,-3.192661432673318,1.31143738214782,.7735518326801134,-4.694626052416686,-4.057257606130899,.0418010913929011,4.545704024507007,34.95701169962997,30.88515022372117,35.94392040740269,32.58131441440858,27.55666693924906,29.94605201233584,13.93915141698081,4.589561805663384,9.073798160104932,5.764559727636507,5.61921029287181,5.906665834196747,7.00046359196742,6.14889874086981,5.108484050469529,3.729678473955806,-1.654552567668518,-1.275377962730299,8.465913470571016,-35.15616024773672,-30.6028794210234,-35.96137599477801,-32.58214039169597,-27.71641994302378,-30.05443527586223,-14.25349201753911,-4.400174380225916,-9.387559850454339,-5.101564539781853
evreg4,7.relative_year_bin_aux#1.treat,5.495258231396424,103.6164851007835,-4.103410866375627,-4.285779078174791,-3.74442907744323,-4.26769311354928,-3.912336111809044,-3.449593854466121,-3.910313821114659,3.366442260828365,2.929439464569333,-10.29758787954571,-5.049671059314503,.0061056964372472,3.737671756812301,11.46540284270107,9.313628572993894,11.92650694994025,10.72683986915147,12.96102669861363,13.93915141698081,17.7960842125121,1.186444985019652,11.30416350012245,3.947800257599442,4.144820877287516,3.731963958814634,4.105907514610548,3.807235161306447,3.399459494266941,4.013532344134001,-3.487001299590386,-3.110943560103752,11.85421667285871,-11.46279824956255,-9.251626744087664,-11.96005569718678,-10.65980377216202,-12.96836581651899,-13.93604270646844,-17.89851873376544,-1.083346436144936,-11.33995066838426,-1.186834231927279
evreg4,9.relative_year_bin_aux#1.treat,1.957625584471889,103.6164851007835,1.793833230819421,2.789081988137406,2.113987915339986,1.513912203380113,1.548110716006119,1.669752148513012,3.607580381649313,-5.569271669285977,-6.205688465200835,11.95873014010653,3.458917596803517,.0395208230519472,-1.894316218626679,6.343585611702907,4.828052672693379,4.223640677057932,6.492548895157253,4.004901349467412,4.589561805663384,1.186444985019652,16.89388915505747,10.6841392951877,-1.546912583748959,-2.47418646874798,-1.756025293894925,-1.502298160586992,-1.34095536196902,-1.231204842720018,-2.988337781918391,5.256326079711116,6.103972031462797,-9.325501600865731,-6.584353264883076,-4.599919611778451,-4.209382487536686,-6.514388118212918,-4.215280008834658,-4.80008834393081,-1.533570788760689,-16.74584043632859,-11.1813712588954,-3.384095576230614
evreg4,10.relative_year_bin_aux#1.treat,-9.089738308835802,103.6164851007835,1.468981326458228,1.915409357350553,2.073109341618106,1.732865965714658,.9077223182322475,1.6472567426145,3.351971392370785,-5.821169435741765,-9.524817527324911,-12.87724833024131,-3.226849284084317,.0615300319645957,2.068484540638981,1.735108347845591,1.118732102553835,-.198634065893793,-4.544988216742387,6.173017492079538,9.073798160104932,11.30416350012245,10.6841392951877,66.70442445915135,-1.380694219219875,-1.710332268680698,-1.568582120719435,-2.173231995892085,-.701960798973943,-.931785811835089,-2.045232687708908,5.028364047208333,9.508734308242941,20.50001546939905,-2.026210516906324,-.6936207910497419,.1446828690289141,4.82713441686524,-6.541565481469121,-9.530704280117764,-12.24185615687405,-10.15008087119551,-67.81051620979348,-6.582070088396258
evreg4,1bn.relative_year_bin_aux#1.rice_harvarea_aclvl_ahigh,15.42700670913168,103.6164851007835,-12.39711015041893,-10.53909083776419,-8.926467064556006,-10.34535744758669,-7.890242755307405,-5.973555910370322,-4.051487808525812,1.575193756438789,1.360031094820031,-1.532159262710355,-7.811611369193523,-.003359466972724,4.761818129183469,12.05849317646463,10.15306824302193,8.667140968349909,10.1548683706931,7.678032528480455,5.764559727636507,3.947800257599442,-1.546912583748959,-1.380694219219875,41.86265110281169,38.03176477779165,34.13477388732822,36.41853601784713,27.54018691502398,16.78161019898603,9.458738167494232,2.638359555418912,6.610954958749095,8.114770415218095,-41.27446437480105,-37.67645835756991,-33.96157738447038,-35.84161166540695,-27.08913202406415,-16.73678238720485,-9.255111732594823,-2.560360376326341,-6.106097815476923,-4.514215508206107
evreg4,2.relative_year_bin_aux#1.rice_harvarea_aclvl_ahigh,11.92180289643081,103.6164851007835,-10.21614657536175,-10.08963481753668,-8.780146436910419,-9.53743014531311,-7.771407551235203,-5.687960665855051,-4.185936362791137,2.482359924194709,1.741017812470759,-3.248997254795872,-12.0168458679495,-.0041245555508604,1.004213672722893,10.12940639953448,9.955657905593425,8.691574652276843,9.494974614701047,7.725056811634715,5.61921029287181,4.144820877287516,-2.47418646874798,-1.710332268680698,38.03176477779165,38.46048363932211,34.94186476171639,35.54808110329763,25.88348197255494,14.03088296538288,8.571804667013577,.2865209828311545,4.112496201698994,12.26059509753652,-37.62537739744687,-38.23558690471697,-34.81347531367595,-35.12676111909292,-25.53944035233742,-14.04910975503388,-8.437328159785775,-.1936219995767694,-3.667078876935217,1.977261553614732
evreg4,3.relative_year_bin_aux#1.rice_harvarea_aclvl_ahigh,3.180544555251657,103.6164851007835,-8.41699969194684,-8.348683803945848,-8.750605197220883,-10.51317622904106,-8.044116391597402,-5.550748461575588,-3.423351258220025,1.764168163632434,.8474760758747082,-1.061292370208199,-23.00836730554359,.065316613404585,3.678746242645345,8.536561777142005,9.167647599740485,9.295698229105215,10.49614250480372,7.951348675734278,5.906665834196747,3.731963958814634,-1.756025293894925,-1.568582120719435,34.13477388732822,34.94186476171639,36.42876995873409,37.31708425000463,28.71401726662259,17.73491430503209,11.61133624948882,-.0074176825015512,5.966594632812556,23.72730052874613,-34.26325222477694,-34.98284059893391,-36.35937848617601,-37.22106063302304,-28.56245510213046,-17.89712811017761,-11.4909294007744,-.1654001440011692,-6.242747299691355,-3.524933774033424
evreg4,4.relative_year_bin_aux#1.rice_harvarea_aclvl_ahigh,16.0588243617447,103.6164851007835,-10.94334976666316,-10.35861680682608,-11.04051053511392,-13.85817753021285,-10.18485637105506,-7.273149990816837,-4.297102100120094,1.511346626887079,2.479771324436921,1.470809175450621,3.74855146059903,-.0303232894965186,1.023330230486681,10.69594575041753,9.779798263389003,10.65132899593485,13.75091113320176,10.10458254480447,7.00046359196742,4.105907514610548,-1.502298160586992,-2.173231995892085,36.41853601784713,35.54808110329763,37.31708425000463,47.14843291837251,35.06582985773122,21.68603189091813,11.23737881720552,4.948590630917288,5.987443403050168,-4.263158536767768,-36.13199718034905,-35.34634414084024,-37.06464101428092,-47.02298835640279,-34.90537757894681,-21.57362522711513,-11.2081430346375,-4.880819588280792,-5.928327163565601,-2.825210404777927
evreg4,5.relative_year_bin_aux#1.rice_harvarea_aclvl_ahigh,14.42691569009276,103.6164851007835,-8.002835914360404,-7.929021050369414,-7.922217892837097,-10.3760100355307,-8.892490924241169,-6.075572751532825,-3.609865901012944,1.394616440886424,-.2080122106920558,-.2070336974941183,-20.52493129460388,.0735743031639025,12.54847804994442,7.562707991970734,8.258167121624561,8.133962716730371,10.02046796400144,8.414055373458863,6.14889874086981,3.807235161306447,-1.34095536196902,-.701960798973943,27.54018691502398,25.88348197255494,28.71401726662259,35.06582985773122,35.31920836798272,29.03595660317561,17.6841663263105,4.540681067890922,14.07235230076949,21.19771458052204,-27.61844769261518,-25.77042815215255,-28.47111189914528,-35.02812162597978,-35.17894228533052,-29.04065124122883,-17.57465482269552,-4.81299512974321,-14.84704087964729,-15.64389466601742
evreg4,6.relative_year_bin_aux#1.rice_harvarea_aclvl_ahigh,22.63996237575625,103.6164851007835,-5.833360978236846,-5.51795635152959,-5.493243508121451,-7.330113317241537,-6.46878322370562,-4.93148164493532,-3.100183127352906,1.293135874409165,-.2627106768047027,-.772553979650067,-23.75069700454704,.0983215137036708,14.75603448439519,5.385617047960881,6.103038451429659,5.875454974734197,6.938696404504809,5.919981854711672,5.108484050469529,3.399459494266941,-1.231204842720018,-.931785811835089,16.78161019898603,14.03088296538288,17.73491430503209,21.68603189091813,29.03595660317561,34.38347747529333,21.74891455752616,7.059880594554844,19.98407361990633,24.71182828077103,-17.01547761217092,-13.96239372021499,-17.46220511248371,-21.7492445842768,-28.93144751808666,-34.42724515004587,-21.65654055001778,-7.40075085653525,-21.04851635252735,-17.8444487609166
evreg4,7.relative_year_bin_aux#1.rice_harvarea_aclvl_ahigh,6.987349149536051,103.6164851007835,-3.508987557043825,-3.335588629630433,-2.862732390668274,-4.670356230099173,-4.435288849813567,-3.095573060730691,-3.319358780833466,3.058349678380994,-.0673097072935457,-3.358588346828609,-46.56761733339621,.1815614418154112,19.31351837893822,3.218832814650503,4.970410055939739,3.942573702408777,4.258405442748278,3.771886802817763,3.729678473955806,4.013532344134001,-2.988337781918391,-2.045232687708908,9.458738167494232,8.571804667013577,11.61133624948882,11.23737881720552,17.6841663263105,21.74891455752616,20.06764436674919,-2.126461197073535,13.01749825048558,48.23899476797138,-10.19129112915096,-8.748213108050122,-11.44147169751441,-11.53459043629726,-17.72067107711457,-21.9521568420038,-19.92976938582069,1.482005693265567,-14.75118871265842,-20.94392384801901
evreg4,9.relative_year_bin_aux#1.rice_harvarea_aclvl_ahigh,23.83862701502423,103.6164851007835,.8026655796715584,1.493440370888633,1.063576234335198,1.626407054939267,1.687100179402465,1.069118507571612,2.96765890449111,-5.273565416551433,-3.771897836600572,5.624839568899889,33.94043112643991,-.1128930426122451,-7.097625081521231,-.9574215789886643,-2.856034122746859,-1.969413958803885,-1.566017959786344,-1.492724000255662,-1.654552567668518,-3.487001299590386,5.256326079711116,5.028364047208333,2.638359555418912,.2865209828311545,-.0074176825015512,4.948590630917288,4.540681067890922,7.059880594554844,-2.126461197073535,16.00566299699385,14.34723311284326,-35.07624984836617,-2.114262972658733,-.0424390174574162,.1241421566886199,-4.79185146806288,-4.472874052337683,-6.842503598209604,2.009853720600916,-15.63126544091163,-13.62639325887728,3.243814252058092
evreg4,10.relative_year_bin_aux#1.rice_harvarea_aclvl_ahigh,12.5168304077809,103.6164851007835,2.11147059858379,2.724017673541874,2.853085674209181,1.88967303602494,.830910707828503,1.967478717520259,3.802838387706706,-6.053456721488634,-11.44536663733313,3.92920216816516,-32.37113543904693,.1688855251910899,15.31828783249589,-2.201044950812823,-1.016326003746868,-1.722115040679693,-2.167539184004184,-1.331259218275097,-1.275377962730299,-3.110943560103752,6.103972031462797,9.508734308242941,6.610954958749095,4.112496201698994,5.966594632812556,5.987443403050168,14.07235230076949,19.98407361990633,13.01749825048558,14.34723311284326,36.79816958071397,33.74859106340835,-7.657510222310069,-4.478623791094597,-5.864038535725534,-6.635933776124248,-14.38777423364025,-20.20177207454586,-13.06159465167075,-14.97839064408456,-38.82113905391483,-23.17045463860587
evreg4,1.treat#1.rice_harvarea_aclvl_ahigh,244.2744738932707,103.6164851007835,2.506962788995458,3.643922880460872,4.961880663411449,-3.024617091784315,-4.902506712932946,1.556376731536724,.5045067384528049,3.497727052786158,-18.24013060012862,-72.93749444979095,-313.0793118689963,1.296168606774109,101.1246609651444,-8.604639557821397,2.653885045520644,-1.764573875656313,-9.625916723590098,3.239909293966424,8.465913470571016,11.85421667285871,-9.325501600865731,20.50001546939905,8.114770415218095,12.26059509753652,23.72730052874613,-4.263158536767768,21.19771458052204,24.71182828077103,48.23899476797138,-35.07624984836617,33.74859106340835,998.7524750329239,-62.09755386959758,-27.66194624293011,-112.430426686763,35.12685328884322,-72.62840072795336,-148.0854690662888,-182.9594131627319,93.11908031323109,-180.5812080814567,-112.906661867069
evreg4,1bn.relative_year_bin_aux#1.treat#1.rice_harvarea_aclvl_ahigh,51.59228657133745,103.6164851007835,11.94926326661112,9.952344614155736,8.53396397483173,10.44766838177064,7.917995264339532,5.69853191910188,3.659698967904746,-1.219166553817647,-.3640563646762855,-5.621172586531629,14.09617053844164,-.053704251472034,-4.833374202692649,-65.63057295985665,-58.08102278983591,-58.55520180626903,-56.81576669516679,-38.65209272380434,-35.15616024773672,-11.46279824956255,-6.584353264883076,-2.026210516906324,-41.27446437480105,-37.62537739744687,-34.26325222477694,-36.13199718034905,-27.61844769261518,-17.01547761217092,-10.19129112915096,-2.114262972658733,-7.657510222310069,-62.09755386959758,425.9789028963418,311.0176943808329,374.2143624556906,297.5092699423683,312.7099053992166,166.0489662154768,116.6250407993185,134.8356013334771,345.792190257511,5.189130878402234
evreg4,2.relative_year_bin_aux#1.treat#1.rice_harvarea_aclvl_ahigh,34.7030193613661,103.6164851007835,9.859841868726168,9.663924455503995,8.499637131923713,9.509263521930656,7.701937584075431,5.479203575357704,3.917239481466607,-2.232208264548043,-1.207083338896882,-5.116210709230909,14.61474542036676,-.0258446511819272,-.1909799303458802,-57.57919848095899,-60.51301471658518,-56.8175311547583,-53.43594721275337,-35.4058783883844,-30.6028794210234,-9.251626744087664,-4.599919611778451,-.6936207910497419,-37.67645835756991,-38.23558690471697,-34.98284059893391,-35.34634414084024,-25.77042815215255,-13.96239372021499,-8.748213108050122,-.0424390174574162,-4.478623791094597,-27.66194624293011,311.0176943808329,298.8822165037646,297.8060960949617,254.346634841431,225.9758121453441,118.6050347303178,57.10010364494926,99.20034239047453,184.4563806827198,-2.610683741966804
evreg4,3.relative_year_bin_aux#1.treat#1.rice_harvarea_aclvl_ahigh,30.71507678750361,103.6164851007835,8.211036853060531,8.109918222073574,8.601469274569311,10.48170809340884,7.984297039692127,5.431515180646777,3.266945443919861,-1.606266623138826,-.595140022452213,-5.46014203462746,23.54489886844684,-.0788025624945135,-2.842331155172073,-58.12367462729566,-57.24953748405174,-64.49737263751211,-59.03597585366234,-39.43423837172914,-35.96137599477801,-11.96005569718678,-4.209382487536686,.1446828690289141,-33.96157738447038,-34.81347531367595,-36.35937848617601,-37.06464101428092,-28.47111189914528,-17.46220511248371,-11.44147169751441,.1241421566886199,-5.864038535725534,-112.430426686763,374.2143624556906,297.8060960949617,384.8767555157482,274.3209011026592,304.9976591740053,173.3655865162669,125.9751613267148,119.6385278520147,335.7100625183871,2.73199564431406
evreg4,4.relative_year_bin_aux#1.treat#1.rice_harvarea_aclvl_ahigh,57.06581217769723,103.6164851007835,10.58616849642996,9.941268184051832,10.74605079990982,13.79663237624743,10.10364404336972,7.064285997060328,4.07308770021612,-1.341701741364839,-1.993914546266189,-12.86376503467591,-1.085795241283045,.0008734617696351,-.237571623467854,-57.01443117065882,-53.78440468266381,-59.23113722802138,-64.50664989195184,-39.26861483391585,-32.58214039169597,-10.65980377216202,-6.514388118212918,4.82713441686524,-35.84161166540695,-35.12676111909292,-37.22106063302304,-47.02298835640279,-35.02812162597978,-21.7492445842768,-11.53459043629726,-4.79185146806288,-6.635933776124248,35.12685328884322,297.5092699423683,254.346634841431,274.3209011026592,283.3514276298938,221.4879442060858,110.1499244536749,57.08707012610894,109.0149311434487,178.3590577484366,2.040174462015479
evreg4,5.relative_year_bin_aux#1.treat#1.rice_harvarea_aclvl_ahigh,46.09775869788638,103.6164851007835,7.693517593823461,7.581144131794298,7.679215154808385,10.28786815548209,8.791289256092703,5.897660531677349,3.429294416897042,-1.25654436038872,.5396196375400107,1.463686108804647,21.77250326149952,-.0937554549816016,-11.50253227337054,-38.32941308688729,-35.99990252440246,-39.65414263899953,-39.19166632724477,-34.40869235816344,-27.71641994302378,-12.96836581651899,-4.215280008834658,-6.541565481469121,-27.08913202406415,-25.53944035233742,-28.56245510213046,-34.90537757894681,-35.17894228533052,-28.93144751808666,-17.72067107711457,-4.472874052337683,-14.38777423364025,-72.62840072795336,312.7099053992166,225.9758121453441,304.9976591740053,221.4879442060858,329.6693899946113,171.5759144371349,155.7345930198537,123.9155250349675,388.2907994091351,14.48563441104866
evreg4,6.relative_year_bin_aux#1.treat#1.rice_harvarea_aclvl_ahigh,-31.32734187427935,103.6164851007835,5.712526232717091,5.357875350986247,5.401502472897402,7.369068372814404,6.473113613938159,4.857968378790576,2.966966241811866,-1.142172386403837,.5331370129355997,4.543543758092279,25.75221427152442,-.1121481047235129,-14.60107035422976,-34.58690863702457,-31.11278884911426,-35.97994740018544,-32.54347662378402,-27.4957642795276,-30.05443527586223,-13.93604270646844,-4.80008834393081,-9.530704280117764,-16.73678238720485,-14.04910975503388,-17.89712811017761,-21.57362522711513,-29.04065124122883,-34.42724515004587,-21.9521568420038,-6.842503598209604,-20.20177207454586,-148.0854690662888,166.0489662154768,118.6050347303178,173.3655865162669,110.1499244536749,171.5759144371349,163.887390351673,119.7773796599009,57.18278689197805,194.2022474860398,17.93501058720941
evreg4,7.relative_year_bin_aux#1.treat#1.rice_harvarea_aclvl_ahigh,-14.5912217215325,103.6164851007835,3.421461386534704,3.277195884074788,2.820886866806833,4.537129755328773,4.319301549290233,3.05459409041433,3.317351451834027,-3.0663599663378,-.0891148410172802,10.15929374305058,45.77503960133182,-.1728137309633275,-18.20761327551168,-10.74059472042242,-10.0371339208986,-12.15116830340421,-10.74909114680042,-12.90402702864228,-14.25349201753911,-17.89851873376544,-1.533570788760689,-12.24185615687405,-9.255111732594823,-8.437328159785775,-11.4909294007744,-11.2081430346375,-17.57465482269552,-21.65654055001778,-19.92976938582069,2.009853720600916,-13.06159465167075,-182.9594131627319,116.6250407993185,57.10010364494926,125.9751613267148,57.08707012610894,155.7345930198537,119.7773796599009,172.6788172212786,43.02650193026491,263.29249124205,19.48944131316882
evreg4,9.relative_year_bin_aux#1.treat#1.rice_harvarea_aclvl_ahigh,55.56379393875516,103.6164851007835,-.8987640999748038,-1.696523842576545,-1.205602332605338,-1.39820005905985,-1.510078036259797,-1.146668529298781,-3.136320549328626,5.419882548764473,4.471163445200857,-12.05650459918136,-29.54805157603465,.0719313181799835,5.4478015527876,-6.849813605479849,-4.331652628323633,-4.07254144586969,-6.52980127617041,-4.081296802539762,-4.400174380225916,-1.083346436144936,-16.74584043632859,-10.15008087119551,-2.560360376326341,-.1936219995767694,-.1654001440011692,-4.880819588280792,-4.81299512974321,-7.40075085653525,1.482005693265567,-15.63126544091163,-14.97839064408456,93.11908031323109,134.8356013334771,99.20034239047453,119.6385278520147,109.0149311434487,123.9155250349675,57.18278689197805,43.02650193026491,139.6448716329645,203.926091472745,-.8832489537130611
evreg4,10.relative_year_bin_aux#1.treat#1.rice_harvarea_aclvl_ahigh,26.02734264999123,103.6164851007835,-2.276489389603529,-3.089986219765689,-3.127378377985729,-1.459863709647554,-.4807269406564275,-2.10556319518837,-4.084338433612398,6.263474879261678,12.76842896047654,12.53157335695751,42.80998535087474,-.2481732229833351,-18.81658473480309,-.8409078085388905,-1.843898034292548,-.0054477456392796,4.571951312162378,-6.055239293188825,-9.387559850454339,-11.33995066838426,-11.1813712588954,-67.81051620979348,-6.106097815476923,-3.667078876935217,-6.242747299691355,-5.928327163565601,-14.84704087964729,-21.04851635252735,-14.75118871265842,-13.62639325887728,-38.82113905391483,-180.5812080814567,345.792190257511,184.4563806827198,335.7100625183871,178.3590577484366,388.2907994091351,194.2022474860398,263.29249124205,203.926091472745,843.1093171100464,27.9626256622602
evreg4,_cons,91.4216816191564,103.6164851007835,8.160607579325873,4.222663839295915,3.396702805389205,12.83610291000694,10.52469265584227,3.658061915775775,-1.147699699622398,2.933447122841047,15.45010508803458,-14.11117386804639,104.2186168470986,-.739956920752286,-108.4944906012803,-4.931503678918956,-8.744912231388064,-6.345375573301009,-9.948380410121652,-6.514723714084509,-5.101564539781853,-1.186834231927279,-3.384095576230614,-6.582070088396258,-4.514215508206107,1.977261553614732,-3.524933774033424,-2.825210404777927,-15.64389466601742,-17.8444487609166,-20.94392384801901,3.243814252058092,-23.17045463860587,-112.906661867069,5.189130878402234,-2.610683741966804,2.73199564431406,2.040174462015479,14.48563441104866,17.93501058720941,19.48944131316882,-.8832489537130611,27.9626256622602,151.0736178431758
evreg5,1bn.relative_year_bin_aux,-13.57120038924519,103.6164851007835,12.18497369832062,10.49526729643574,8.816954870920815,9.851547027886838,7.542361193186309,5.916205497734972,4.341223990427576,-2.609496349633104,-2.252912432077051,3.03133791197834,-4.519872547406879,.0235186101665297,-7.688677459177575,-11.52334389893018,-9.575097307160684,-8.220994596835244,-9.488212826726851,-7.204720271605732,-5.45876023468949,-4.040939075178611,2.577076596700693,2.223240596361258,-11.90823560408486,-9.876032848244797,-8.089779238556254,-10.50910769726208,-7.411256528877118,-5.328971465184583,-3.179322052518862,1.383452167378841,2.739046299646396,3.946180290140099,11.32218223492941,9.453216361124646,7.87517384369751,10.08277236325052,7.113355583208588,5.180583187068767,3.066797515106362,-1.572329255036381,-3.211404517652431,6.930867776000517
evreg5,2.relative_year_bin_aux,-18.49247694942665,103.6164851007835,10.49526729643574,10.57835290742331,8.892903532818034,9.00498898718231,7.463684846211756,5.783884805444879,4.642789006483508,-3.541626826744839,-2.957551550237039,4.580653522913691,-5.760031436186859,.0499130078237505,-6.166117280447974,-9.76617077406978,-9.323744759674746,-8.086836888722287,-8.603610349080464,-7.170711392253979,-5.196971459309445,-4.20886260789583,3.544977233188758,2.628164879721962,-10.24818812320276,-9.928246951211845,-8.000661918506388,-9.931763753428285,-7.308575046934722,-4.93193295610533,-2.978240590755206,1.95350821727031,3.318862258788706,5.483550725437119,9.476118488006707,9.413400866099664,7.756009405088085,9.361604484960804,6.969132224160563,4.759321618858372,2.877765373201876,-2.300652377850802,-3.984299414945718,3.377223137206484
evreg5,3.relative_year_bin_aux,-8.837420355597333,103.6164851007835,8.816954870920815,8.892903532818034,8.596725364838628,9.06917551462235,6.96849627673305,5.422850931813333,3.791040990123609,-2.684620561461202,-3.044086176399902,2.198805806367172,-6.594424281144915,.0369037765636754,-4.3547184116307,-8.292736851929995,-7.980645935526488,-8.01133576835795,-8.781135574906461,-6.761072679792,-4.997216145544437,-3.474242280765444,2.688468815151116,2.79549429967734,-8.691068763279032,-8.473632114895656,-7.948110811549128,-9.907744515050592,-6.835038674562429,-4.699500529520422,-2.387512504024757,1.417651947416151,3.512023587300921,6.376793086458992,8.120015328733416,8.095110128872637,7.772898073462186,9.47985575515048,6.580537721685515,4.579134438124195,2.314659666568607,-1.679893810221261,-4.015978341978064,3.419228190191489
evreg5,4.relative_year_bin_aux,4.409776674058818,103.6164851007835,9.851547027886838,9.00498898718231,9.06917551462235,11.34873546213868,8.562334521017791,6.275861826784529,3.952207534556851,-2.359873415640496,-2.255178250323314,.9869822436101334,.6140348794568775,-.0277370919116343,-8.327489053049753,-9.474826726374676,-8.893467275419129,-8.985742500526582,-11.1434817060229,-8.234507823481495,-6.15731836437357,-3.957837303779652,2.274558276385094,2.746901747589706,-9.580817089234788,-8.623383420133276,-8.855555350876751,-11.32108647682793,-8.467185904464628,-6.26928876942372,-3.982269504458196,2.165888528622417,2.844232677977362,-1.50927799005137,9.482290115086183,8.476711515604149,8.750679490613713,11.27018439681224,8.332366885048907,6.198957856263545,3.881018542909948,-2.024855997168503,-2.836306133281262,9.857167660628857
evreg5,5.relative_year_bin_aux,3.772671985747553,103.6164851007835,7.542361193186309,7.463684846211756,6.96849627673305,8.562334521017791,7.636464988618567,5.578895777893893,3.729328249863756,-2.289030118304578,-1.014603131736423,1.793105102055295,3.908202658230415,-.0372294392735688,-8.182956786963548,-7.234698389885815,-7.518767293170349,-6.990558837222098,-8.394700874739687,-7.320827631955839,-5.532558657844207,-3.796976099935268,2.195803104707753,1.595497087359586,-7.238206935163177,-7.070698614217597,-6.834418111907255,-8.261796087281207,-7.604549401107539,-5.818655750952662,-4.180763957394587,2.359498379573305,1.361623483613442,-4.835453325657122,7.238226152567294,6.983239502738998,6.751228047565133,8.287904385944978,7.505618298992362,5.762838460787616,4.084240729635366,-2.156778839508673,-1.257794736026951,8.873307767573721
evreg5,6.relative_year_bin_aux,-.1335768382009152,103.6164851007835,5.916205497734972,5.783884805444879,5.422850931813333,6.275861826784529,5.578895777893893,4.816303460543524,3.537980228351439,-2.100305409274264,-1.98803293931434,1.465154014522376,-1.700487898252038,.0047986947337463,-4.594175970881805,-5.579844407467773,-5.387849546645107,-5.164333219868619,-6.091348938217906,-5.38368663934502,-4.608499573528863,-3.416136670063768,2.072161061168457,2.061208890440714,-5.753555459530086,-5.436032535568596,-5.059646151810968,-6.538687855356148,-5.538956757352924,-4.613630114863494,-3.089964846295611,1.527392228846171,2.230990204209384,1.290861459079605,5.486722862338123,5.23221188610924,4.951145397530676,6.345522672280381,5.385629501361266,4.540633876015526,3.024609686403958,-1.585340863142372,-2.437101322294062,4.496925224714276
evreg5,7.relative_year_bin_aux,-8.026116829196052,103.6164851007835,4.341223990427576,4.642789006483508,3.791040990123609,3.952207534556851,3.729328249863756,3.537980228351439,4.300228847032445,-3.990899136377453,-3.965132299498904,4.043343294498515,-.335273876022302,.0304603967890247,-2.66592272273504,-3.968253806637136,-3.951617087927476,-3.34770631063102,-3.746265929487852,-3.595741119530897,-3.22074958082186,-4.057363216907052,4.000922350426434,3.73549542320825,-4.181610433334871,-4.334937207603626,-3.386173283409635,-4.303911047274412,-3.598441602815486,-3.073123415145542,-3.512122937082481,3.33552004840298,4.031530792681306,.3463697530667729,3.794698620539812,4.080289181221843,3.263967496391801,4.028764357459403,3.45140175195046,2.978788645090336,3.471154749176396,-3.52251066372434,-4.348521038190859,-.6113163301595458
evreg5,9.relative_year_bin_aux,9.508187319335141,103.6164851007835,-2.609496349633104,-3.541626826744839,-2.684620561461202,-2.359873415640496,-2.289030118304578,-2.100305409274264,-3.990899136377453,5.686286051799183,5.935888915008277,-5.765097770680198,-4.740749938809272,-.0198902846354681,2.162891627282506,2.336187315088758,3.059550462233467,2.374302639235859,2.208353286462179,2.183230714466815,1.876310066855314,3.823850627342938,-5.690071056232485,-5.797058487677367,2.41644388908184,3.30906111277137,2.471287650951733,2.349366126350165,2.153465511078813,1.842759439723295,3.690530820344958,-5.497744490089659,-5.813629958862197,4.67025950847914,-2.185885425260897,-3.149814204773885,-2.386844865408729,-2.202834837775038,-2.081485637224644,-1.768269221345365,-3.664684432706885,5.597675142035178,5.967008161631136,2.975124762536477
evreg5,10.relative_year_bin_aux,15.29274637766571,103.6164851007835,-2.252912432077051,-2.957551550237039,-3.044086176399902,-2.255178250323314,-1.014603131736423,-1.98803293931434,-3.965132299498904,5.935888915008277,10.87296519556211,-4.210041561754911,14.46290977508642,-.1415342645386528,-6.766667847278817,1.801741391121064,1.071762899870378,1.858188508232678,2.003964318096851,1.197568354472359,1.242390200732276,3.22018917890714,-6.117751043454684,-9.304086368477719,2.493032887121511,2.934284164240169,2.186571454209834,4.153691375929577,.6893222193859109,.1091294455447138,.6185548271737463,-3.74810151637128,-11.0517243028514,-15.93329326049842,-1.450095250091662,-2.397736418565675,-2.010305789038997,-3.347783086895974,-.4381965543566481,.0297685118940593,-.6682320938382599,4.597652896751837,12.11687008969981,13.14331268832575
evreg5,1.treat,-4.519781762018731,103.6164851007835,3.03133791197834,4.580653522913691,2.198805806367172,.9869822436101334,1.793105102055295,1.465154014522376,4.043343294498515,-5.765097770680198,-4.210041561754911,23.67342656800813,12.02703705142241,.0215189934452867,-2.58272962893315,6.957248199976362,5.323551611511574,9.454741589744195,10.28557148086306,3.253787489175639,4.22668381532574,-5.671980052704225,7.107890499019698,-1.979080359834308,-2.765458270995387,-4.32155982762576,-2.015696827683211,-.814229771962214,-1.601653154361171,-1.20352199570342,-3.855629235595586,5.739335048564377,3.98765183882684,-23.68523353993056,-7.139244465998224,-5.207366005122444,-9.38273924578588,-10.41579214343946,-3.377627464735528,-4.324840087249549,5.643711375165373,-7.170669587697965,1.934420126371231,-8.551518074736249
evreg5,1.rice_prod_aclvl_ahigh,141.7723339756279,103.6164851007835,-4.519872547406879,-5.760031436186859,-6.594424281144915,.6140348794568775,3.908202658230415,-1.700487898252038,-.335273876022302,-4.740749938809272,14.46290977508642,12.02703705142241,251.3271033797207,-1.195702247241433,-56.5781445861185,.517020882308312,-10.3678734741273,-3.612452562151794,-2.911234097296372,-2.468588143834972,-4.693351661754604,-5.964339954479064,3.195888055740583,-1.19746206753753,-4.044741535856198,-8.010858783026826,-17.31978122539125,7.199939788246862,-17.12417687426078,-21.19760919968782,-40.10939545074706,32.23544973303693,-25.39237833794895,-267.9763908927929,12.4041163372046,11.98083957899632,18.19898870251555,-.9346747514767065,18.54351450985505,22.84970615804949,40.29565563936655,-26.10945868140134,34.05040096749595,62.62696321631241
evreg5,wind_direction,-1.131468193505093,103.6164851007835,.0235186101665297,.0499130078237505,.0369037765636754,-.0277370919116343,-.0372294392735688,.0047986947337463,.0304603967890247,-.0198902846354681,-.1415342645386528,.0215189934452867,-1.195702247241433,.0087191958920845,.3670884914578476,.0075840454145211,.0696854900946771,.038407257407407,.0450295640042584,.0280277237734577,.0430076559399931,.0164200567737264,.0307269369129245,.0461453098101982,-.0374617532589032,-.0392592919367465,.0266163067670641,-.0958056477817279,.0505860215822751,.105674675629072,.179256031046075,-.1328892135862685,.1467235356928854,1.275742704272898,-.0319644978198703,.0027843668840026,-.0391080334164652,.041566549307816,-.0698468910799283,-.1148167794314571,-.1773575411055369,.0787429169971323,-.2182410643902485,-.5072254682799445
evreg5,av_wind_speed,-17.52266537569865,103.6164851007835,-7.688677459177575,-6.166117280447974,-4.3547184116307,-8.327489053049753,-8.182956786963548,-4.594175970881805,-2.66592272273504,2.162891627282506,-6.766667847278817,-2.58272962893315,-56.5781445861185,.3670884914578476,68.48473508942726,5.429388175597778,7.50952530515269,5.082086381431069,7.079837707556274,5.56209131418846,4.584641589115244,3.581666230010665,-1.329035396872147,1.380837338379255,3.851906322043855,-.0240430218421271,1.747957410257211,1.196946324557152,10.71163525193609,12.47834332244025,13.78167501168717,-3.732056902102172,13.07863124248263,65.31930254316813,-3.894353304868758,.7003801655655159,-.9686686097943434,-1.406797996516849,-9.699219940299788,-12.00083906702667,-12.8989864548842,1.91010765666567,-13.85792404240845,-86.7509575472414
evreg5,1bn.relative_year_bin_aux#1.treat,20.15995547195026,103.6164851007835,-11.52334389893018,-9.76617077406978,-8.292736851929995,-9.474826726374676,-7.234698389885815,-5.579844407467773,-3.968253806637136,2.336187315088758,1.801741391121064,6.957248199976362,.517020882308312,.0075840454145211,5.429388175597778,58.88078875600353,55.50037992718065,54.26717229930793,52.29517634308969,31.18316934742498,27.64927853932116,3.110587171655045,1.147412137518323,-7.756158383305858,11.40939769488349,9.626829172196278,8.14896393672697,9.801166673829046,7.020338286587633,5.180238989982587,3.423363001208906,-1.998125887199051,-2.654948630178754,-9.699782205652291,-58.93458214044758,-55.46335987376895,-54.20416092384004,-52.69910133126227,-31.08406811489494,-27.34227851594709,-2.562512324576551,-1.475940587921994,8.455115130699971,-4.340674489080487
evreg5,2.relative_year_bin_aux#1.treat,12.99283511888047,103.6164851007835,-9.575097307160684,-9.323744759674746,-7.980645935526488,-8.893467275419129,-7.518767293170349,-5.387849546645107,-3.951617087927476,3.059550462233467,1.071762899870378,5.323551611511574,-10.3678734741273,.0696854900946771,7.50952530515269,55.50037992718065,59.20472816637905,55.97731226742081,52.27288420108817,31.2914637547621,27.08778006255379,2.686032216879836,-.7140368883044933,-9.395524498002235,9.356684502611555,9.276846327505204,8.328683690874927,8.239121319307863,7.411554347025011,5.837687038849758,5.027912699821481,-3.921557841706906,-1.760824212013941,1.998578517905179,-55.71852882728038,-58.65546316812855,-55.94593493400184,-51.96557472701349,-31.50123576970685,-27.34034046443509,-3.409156750091743,1.26655872434163,8.727094696024233,-5.783271886325744
evreg5,3.relative_year_bin_aux#1.treat,15.47682474379128,103.6164851007835,-8.220994596835244,-8.086836888722287,-8.01133576835795,-8.985742500526582,-6.990558837222098,-5.164333219868619,-3.34770631063102,2.374302639235859,1.858188508232678,9.454741589744195,-3.612452562151794,.038407257407407,5.082086381431069,54.26717229930793,55.97731226742081,60.37466446994151,55.33590122014392,33.06007805714464,28.30366298112493,3.074980344010815,-.933031871738458,-10.70476622270767,8.117863377035107,8.060052254883926,8.155932244079116,8.824579430573229,6.883652628281242,5.258338625606203,3.674528246889883,-2.667299329768295,-2.535641345361576,-7.036724256596756,-54.41829860805935,-55.69919624766522,-60.33447359234763,-55.36076186461943,-33.13464888547914,-28.31503595656411,-3.21289696351323,1.07078203268911,10.65048464785808,-4.788491164073142
evreg5,4.relative_year_bin_aux#1.treat,11.19211218530193,103.6164851007835,-9.488212826726851,-8.603610349080464,-8.781135574906461,-11.1434817060229,-8.394700874739687,-6.091348938217906,-3.746265929487852,2.208353286462179,2.003964318096851,10.28557148086306,-2.911234097296372,.0450295640042584,7.079837707556274,52.29517634308969,52.27288420108817,55.33590122014392,57.5815627718151,33.32308790623979,27.503733025253,3.587766877166913,1.060362619330083,-9.326245345992101,9.304689641166588,8.485363298626929,8.891459645399616,10.92223338215999,8.254440976048167,6.194886421707372,4.13012218536508,-2.514069797059463,-2.784721224153811,-7.338326866234522,-52.44192164586713,-51.90053587098532,-55.25786090436288,-57.59372756567057,-33.41854277186299,-27.53511140731144,-3.758713307016918,-.9284031529265535,9.241415592051988,-8.427944691933117
evreg5,5.relative_year_bin_aux#1.treat,9.673344547940564,103.6164851007835,-7.204720271605732,-7.170711392253979,-6.761072679792,-8.234507823481495,-7.320827631955839,-5.38368663934502,-3.595741119530897,2.183230714466815,1.197568354472359,3.253787489175639,-2.468588143834972,.0280277237734577,5.56209131418846,31.18316934742498,31.2914637547621,33.06007805714464,33.32308790623979,25.50483031513448,19.09207945062164,5.31780695243523,.0447423111492698,-3.889860292692418,7.048834599460754,7.043693944220063,6.783398317416886,8.134605013896907,7.192507615651251,5.376372448218126,3.741689749068112,-2.306116417347859,-1.79397123875198,-1.839311596262257,-31.2665793102503,-31.04792609315721,-32.9955782155239,-33.38333651456835,-25.54683432096902,-19.06698231382434,-5.340454929846399,-.0214415964416792,3.939689993869701,-5.584733294154542
evreg5,6.relative_year_bin_aux#1.treat,4.105613241408901,103.6164851007835,-5.45876023468949,-5.196971459309445,-4.997216145544437,-6.15731836437357,-5.532558657844207,-4.608499573528863,-3.22074958082186,1.876310066855314,1.242390200732276,4.22668381532574,-4.693351661754604,.0430076559399931,4.584641589115244,27.64927853932116,27.08778006255379,28.30366298112493,27.503733025253,19.09207945062164,18.74560094783805,4.711013367523549,.8107156627059861,-2.685549788254427,5.340640242181015,5.158748463801505,5.18477558734374,5.806525794363357,5.491114767434068,4.893059894340984,3.84608437300728,-2.334667238832471,-1.67828522825374,-.105348515466659,-27.7855659273378,-26.73017562172038,-28.25348165657222,-27.35180357721736,-19.2338190370682,-18.90851798908097,-5.115792747130361,-.5361690683092086,2.304771957468919,-4.785270130776731
evreg5,7.relative_year_bin_aux#1.treat,3.084752268590238,103.6164851007835,-4.040939075178611,-4.20886260789583,-3.474242280765444,-3.957837303779652,-3.796976099935268,-3.416136670063768,-4.057363216907052,3.823850627342938,3.22018917890714,-5.671980052704225,-5.964339954479064,.0164200567737264,3.581666230010665,3.110587171655045,2.686032216879836,3.074980344010815,3.587766877166913,5.31780695243523,4.711013367523549,9.343127389866178,-3.305097441948552,2.50439355916008,3.87140327276787,4.091228378400833,3.516570923890451,3.684398713314542,3.698259903554589,3.479953604055505,4.350275889428816,-4.086936368064655,-3.381697515040622,8.090587358446973,-3.119500199534408,-2.528499503416647,-3.077997240062953,-3.445783331453849,-5.350540632673043,-4.766715253995916,-9.570590794045492,3.49559020218511,-2.710948836398116,-.8114901729987619
evreg5,9.relative_year_bin_aux#1.treat,-3.083457420371438,103.6164851007835,2.577076596700693,3.544977233188758,2.688468815151116,2.274558276385094,2.195803104707753,2.072161061168457,4.000922350426434,-5.690071056232485,-6.117751043454684,7.107890499019698,3.195888055740583,.0307269369129245,-1.329035396872147,1.147412137518323,-.7140368883044933,-.933031871738458,1.060362619330083,.0447423111492698,.8107156627059861,-3.305097441948552,11.44107659742564,7.189396061685376,-2.425027038158873,-3.346383672178472,-2.433140918402164,-2.433206824610826,-2.030056746896723,-1.653961817355897,-3.421906508021912,5.344122536291115,6.046547242356876,-4.328717887126556,-1.309587306510979,.9308504504322422,.9735000356100042,-.9423294546791936,-.2152582108522402,-1.039571106558821,2.926037565768693,-11.239347779975,-7.612238310093203,-4.071858298450102
evreg5,10.relative_year_bin_aux#1.treat,-5.613808024025632,103.6164851007835,2.223240596361258,2.628164879721962,2.79549429967734,2.746901747589706,1.595497087359586,2.061208890440714,3.73549542320825,-5.797058487677367,-9.304086368477719,-1.979080359834308,-1.19746206753753,.0461453098101982,1.380837338379255,-7.756158383305858,-9.395524498002235,-10.70476622270767,-9.326245345992101,-3.889860292692418,-2.685549788254427,2.50439355916008,7.189396061685376,44.2814253646617,-2.225860928977736,-2.547507130224874,-2.494883362723348,-3.241056494772477,-1.469237609311488,-1.478416299370572,-2.746900894684423,5.154925525572131,9.261550300658275,7.698315208563903,7.603689717650444,9.792779174512313,10.75580418080917,9.667071769597246,3.651211761064263,2.316402433812089,-3.225499120562768,-6.762897819698656,-45.06970134431314,-5.90650418693607
evreg5,1bn.relative_year_bin_aux#1.rice_prod_aclvl_ahigh,16.01065336488167,103.6164851007835,-11.90823560408486,-10.24818812320276,-8.691068763279032,-9.580817089234788,-7.238206935163177,-5.753555459530086,-4.181610433334871,2.41644388908184,2.493032887121511,-2.765458270995387,-4.044741535856198,-.0374617532589032,3.851906322043855,11.40939769488349,9.356684502611555,8.117863377035107,9.304689641166588,7.048834599460754,5.340640242181015,3.87140327276787,-2.425027038158873,-2.225860928977736,40.79989554384724,36.77945756249585,32.6062530630597,35.11915880635066,26.56499895332991,16.65290414486334,9.283851329071604,2.371533136297475,5.357170748186965,4.053255689837537,-40.05026136398477,-36.3395049918386,-32.40662590685129,-34.47090758778253,-26.15278392902534,-16.55608102771437,-9.095060551398571,-2.141051557818948,-4.634024890734008,-2.200819124334785
evreg5,2.relative_year_bin_aux#1.rice_prod_aclvl_ahigh,13.28701125251311,103.6164851007835,-9.876032848244797,-9.928246951211845,-8.473632114895656,-8.623383420133276,-7.070698614217597,-5.436032535568596,-4.334937207603626,3.30906111277137,2.934284164240169,-4.32155982762576,-8.010858783026826,-.0392592919367465,-.0240430218421271,9.626829172196278,9.276846327505204,8.060052254883926,8.485363298626929,7.043693944220063,5.158748463801505,4.091228378400833,-3.346383672178472,-2.547507130224874,36.77945756249585,36.99423562389354,33.39087262811037,34.46591628671487,25.24900557397928,14.16451862936101,8.441903684055402,.1093948129786891,2.949039570686169,7.824650489763291,-36.17363752516653,-36.66248319405263,-33.22549295166556,-33.92285262465049,-24.91125563958016,-14.12729853982649,-8.327393536865401,.1610468295769887,-2.324988737571791,4.392658897236754
evreg5,3.relative_year_bin_aux#1.rice_prod_aclvl_ahigh,7.348414337310088,103.6164851007835,-8.089779238556254,-8.000661918506388,-7.948110811549128,-8.855555350876751,-6.834418111907255,-5.059646151810968,-3.386173283409635,2.471287650951733,2.186571454209834,-2.015696827683211,-17.31978122539125,.0266163067670641,1.747957410257211,8.14896393672697,8.328683690874927,8.155932244079116,8.891459645399616,6.783398317416886,5.18477558734374,3.516570923890451,-2.433140918402164,-2.494883362723348,32.6062530630597,33.39087262811037,34.99425877995891,36.48377730669445,28.00905834461802,17.48104826155135,10.96054236177774,-.3200954513337604,4.279715783039756,17.85870397718242,-32.59029758158501,-33.35083166581683,-34.87438981112901,-36.41826502328404,-27.83434653284778,-17.54361454180172,-10.90575004588882,.2374181112988038,-4.304544480251625,-.2796317344260638
evreg5,4.relative_year_bin_aux#1.rice_prod_aclvl_ahigh,25.67492177002296,103.6164851007835,-10.50910769726208,-9.931763753428285,-9.907744515050592,-11.32108647682793,-8.261796087281207,-6.538687855356148,-4.303911047274412,2.349366126350165,4.153691375929577,-.814229771962214,7.199939788246862,-.0958056477817279,1.196946324557152,9.801166673829046,8.239121319307863,8.824579430573229,10.92223338215999,8.134605013896907,5.806525794363357,3.684398713314542,-2.433206824610826,-3.241056494772477,35.11915880635066,34.46591628671487,36.48377730669445,46.24180481710324,33.91341643375753,20.90777084512989,10.46816798706914,4.162144376089242,4.032556692714103,-8.40627981731428,-34.29136215818753,-33.95425094049028,-36.122329428326,-45.70568262998082,-33.67258868902766,-20.68601422588909,-10.41732481152421,-3.70259554096121,-3.517690732691351,-.649086409481635
evreg5,5.relative_year_bin_aux#1.rice_prod_aclvl_ahigh,16.48750258184067,103.6164851007835,-7.411256528877118,-7.308575046934722,-6.835038674562429,-8.467185904464628,-7.604549401107539,-5.538956757352924,-3.598441602815486,2.153465511078813,.6893222193859109,-1.601653154361171,-17.12417687426078,.0505860215822751,10.71163525193609,7.020338286587633,7.411554347025011,6.883652628281242,8.254440976048167,7.192507615651251,5.491114767434068,3.698259903554589,-2.030056746896723,-1.469237609311488,26.56499895332991,25.24900557397928,28.00905834461802,33.91341643375753,33.85246067050334,27.60435846859876,16.72889029555201,3.258692092000797,11.92335507588062,18.11004217466656,-26.66133441655336,-25.15880966306784,-27.7766863508291,-34.06235083092647,-33.75634069731309,-27.54391531846539,-16.65813948727666,-3.571248107320756,-12.37118486852155,-12.3632233174598
evreg5,6.relative_year_bin_aux#1.rice_prod_aclvl_ahigh,19.68254709605215,103.6164851007835,-5.328971465184583,-4.93193295610533,-4.699500529520422,-6.26928876942372,-5.818655750952662,-4.613630114863494,-3.073123415145542,1.842759439723295,.1091294455447138,-1.20352199570342,-21.19760919968782,.105674675629072,12.47834332244025,5.180238989982587,5.837687038849758,5.258338625606203,6.194886421707372,5.376372448218126,4.893059894340984,3.479953604055505,-1.653961817355897,-1.478416299370572,16.65290414486334,14.16451862936101,17.48104826155135,20.90777084512989,27.60435846859876,32.04197917533328,20.40185271589654,5.155284572032571,16.87708512183919,22.93452000798525,-17.17375703947792,-14.2812366479103,-17.29413985274877,-21.37711464416932,-27.58899614722758,-32.07362046106626,-20.35657417579628,-5.737611967597601,-17.74663178738275,-15.10918086831773
evreg5,7.relative_year_bin_aux#1.rice_prod_aclvl_ahigh,3.78203457431652,103.6164851007835,-3.179322052518862,-2.978240590755206,-2.387512504024757,-3.982269504458196,-4.180763957394587,-3.089964846295611,-3.512122937082481,3.690530820344958,.6185548271737463,-3.855629235595586,-40.10939545074706,.179256031046075,13.78167501168717,3.423363001208906,5.027912699821481,3.674528246889883,4.13012218536508,3.741689749068112,3.84608437300728,4.350275889428816,-3.421906508021912,-2.746900894684423,9.283851329071604,8.441903684055402,10.96054236177774,10.46816798706914,16.72889029555201,20.40185271589654,18.83961174848256,-3.307658771769785,10.30338331084035,42.77887968352196,-10.38562919694255,-8.86794256892987,-10.88607477599165,-11.3546500860305,-16.83665685759794,-20.56971556826893,-18.82493187767466,2.36042210443838,-11.6950181391082,-14.22116472626383
evreg5,9.relative_year_bin_aux#1.rice_prod_aclvl_ahigh,29.9068213405488,103.6164851007835,1.383452167378841,1.95350821727031,1.417651947416151,2.165888528622417,2.359498379573305,1.527392228846171,3.33552004840298,-5.497744490089659,-3.74810151637128,5.739335048564377,32.23544973303693,-.1328892135862685,-3.732056902102172,-1.998125887199051,-3.921557841706906,-2.667299329768295,-2.514069797059463,-2.306116417347859,-2.334667238832471,-4.086936368064655,5.344122536291115,5.154925525572131,2.371533136297475,.1093948129786891,-.3200954513337604,4.162144376089242,3.258692092000797,5.155284572032571,-3.307658771769785,15.62193892349895,13.45077330447995,-33.9584025324782,-1.440032026604027,.3842243630070051,.5111483829258155,-3.520253675422311,-3.115849208593312,-4.930320966338912,3.291285064253861,-14.94697157082595,-12.64776347260442,-.7621645426333089
evreg5,10.relative_year_bin_aux#1.rice_prod_aclvl_ahigh,16.80119805018995,103.6164851007835,2.739046299646396,3.318862258788706,3.512023587300921,2.844232677977362,1.361623483613442,2.230990204209384,4.031530792681306,-5.813629958862197,-11.0517243028514,3.98765183882684,-25.39237833794895,.1467235356928854,13.07863124248263,-2.654948630178754,-1.760824212013941,-2.535641345361576,-2.784721224153811,-1.79397123875198,-1.67828522825374,-3.381697515040622,6.046547242356876,9.261550300658275,5.357170748186965,2.949039570686169,4.279715783039756,4.032556692714103,11.92335507588062,16.87708512183919,10.30338331084035,13.45077330447995,33.62762699028269,27.71389431899934,-6.401535487924971,-3.314742865952252,-4.146776661720098,-4.96508923897821,-12.13954803297627,-16.98039184815292,-10.41460207219474,-14.21910480237579,-35.1048110358871,-21.11792064933725
evreg5,1.treat#1.rice_prod_aclvl_ahigh,261.66553647813,103.6164851007835,3.946180290140099,5.483550725437119,6.376793086458992,-1.50927799005137,-4.835453325657122,1.290861459079605,.3463697530667729,4.67025950847914,-15.93329326049842,-23.68523353993056,-267.9763908927929,1.275742704272898,65.31930254316813,-9.699782205652291,1.998578517905179,-7.036724256596756,-7.338326866234522,-1.839311596262257,-.105348515466659,8.090587358446973,-4.328717887126556,7.698315208563903,4.053255689837537,7.824650489763291,17.85870397718242,-8.40627981731428,18.11004217466656,22.93452000798525,42.77887968352196,-33.9584025324782,27.71389431899934,874.7319407134308,-52.92364787677767,-21.55200188508509,-94.11098458010837,33.51616144442743,-59.89363708906748,-129.0674177451808,-164.8796152963864,79.73575473184911,-154.2793633108282,-74.19464812621794
evreg5,1bn.relative_year_bin_aux#1.treat#1.rice_prod_aclvl_ahigh,58.90292058886643,103.6164851007835,11.32218223492941,9.476118488006707,8.120015328733416,9.482290115086183,7.238226152567294,5.486722862338123,3.794698620539812,-2.185885425260897,-1.450095250091662,-7.139244465998224,12.4041163372046,-.0319644978198703,-3.894353304868758,-58.93458214044758,-55.71852882728038,-54.41829860805935,-52.44192164586713,-31.2665793102503,-27.7855659273378,-3.119500199534408,-1.309587306510979,7.603689717650444,-40.05026136398477,-36.17363752516653,-32.59029758158501,-34.29136215818753,-26.66133441655336,-17.17375703947792,-10.38562919694255,-1.440032026604027,-6.401535487924971,-52.92364787677767,393.2837293448491,290.4462749113856,346.3938553341291,275.9781549001451,285.543413180668,151.3965450514062,101.7718307812605,119.7794200651221,310.395158752279,2.554767658606373
evreg5,2.relative_year_bin_aux#1.treat#1.rice_prod_aclvl_ahigh,39.4000820190011,103.6164851007835,9.453216361124646,9.413400866099664,8.095110128872637,8.476711515604149,6.983239502738998,5.23221188610924,4.080289181221843,-3.149814204773885,-2.397736418565675,-5.207366005122444,11.98083957899632,.0027843668840026,.7003801655655159,-55.46335987376895,-58.65546316812855,-55.69919624766522,-51.90053587098532,-31.04792609315721,-26.73017562172038,-2.528499503416647,.9308504504322422,9.792779174512313,-36.3395049918386,-36.66248319405263,-33.35083166581683,-33.95425094049028,-25.15880966306784,-14.2812366479103,-8.86794256892987,.3842243630070051,-3.314742865952252,-21.55200188508509,290.4462749113856,279.8416227321625,278.886616896988,238.844119349243,208.5237651504484,110.2551969057962,48.33263274308054,86.84630890771699,160.8839466883703,-5.070515348410585
evreg5,3.relative_year_bin_aux#1.treat#1.rice_prod_aclvl_ahigh,29.08969952462557,103.6164851007835,7.87517384369751,7.756009405088085,7.772898073462186,8.750679490613713,6.751228047565133,4.951145397530676,3.263967496391801,-2.386844865408729,-2.010305789038997,-9.38273924578588,18.19898870251555,-.0391080334164652,-.9686686097943434,-54.20416092384004,-55.94593493400184,-60.33447359234763,-55.25786090436288,-32.9955782155239,-28.25348165657222,-3.077997240062953,.9735000356100042,10.75580418080917,-32.40662590685129,-33.22549295166556,-34.87438981112901,-36.122329428326,-27.7766863508291,-17.29413985274877,-10.88607477599165,.5111483829258155,-4.146776661720098,-94.11098458010837,346.3938553341291,278.886616896988,357.4829511635774,257.2515606864947,279.9844297390571,157.8513394145127,109.6191714571221,105.7163074550321,298.991308592246,-.6272885975992064
evreg5,4.relative_year_bin_aux#1.treat#1.rice_prod_aclvl_ahigh,56.69233802073941,103.6164851007835,10.08277236325052,9.361604484960804,9.47985575515048,11.27018439681224,8.287904385944978,6.345522672280381,4.028764357459403,-2.202834837775038,-3.347783086895974,-10.41579214343946,-.9346747514767065,.041566549307816,-1.406797996516849,-52.69910133126227,-51.96557472701349,-55.36076186461943,-57.59372756567057,-33.38333651456835,-27.35180357721736,-3.445783331453849,-.9423294546791936,9.667071769597246,-34.47090758778253,-33.92285262465049,-36.41826502328404,-45.70568262998082,-34.06235083092647,-21.37711464416932,-11.3546500860305,-3.520253675422311,-4.96508923897821,33.51616144442743,275.9781549001451,238.844119349243,257.2515606864947,264.1889368278772,204.8201052234375,102.0651546033028,48.28228266126995,95.16501314321522,158.9647912164372,1.10716370162453
evreg5,5.relative_year_bin_aux#1.treat#1.rice_prod_aclvl_ahigh,44.79291601061798,103.6164851007835,7.113355583208588,6.969132224160563,6.580537721685515,8.332366885048907,7.505618298992362,5.385629501361266,3.45140175195046,-2.081485637224644,-.4381965543566481,-3.377627464735528,18.54351450985505,-.0698468910799283,-9.699219940299788,-31.08406811489494,-31.50123576970685,-33.13464888547914,-33.41854277186299,-25.54683432096902,-19.2338190370682,-5.350540632673043,-.2152582108522402,3.651211761064263,-26.15278392902534,-24.91125563958016,-27.83434653284778,-33.67258868902766,-33.75634069731309,-27.58899614722758,-16.83665685759794,-3.115849208593312,-12.13954803297627,-59.89363708906748,285.543413180668,208.5237651504484,279.9844297390571,204.8201052234375,300.021758185975,154.2425969402149,137.8538118070102,110.0620961112061,348.985029403448,11.12457734067855
evreg5,6.relative_year_bin_aux#1.treat#1.rice_prod_aclvl_ahigh,-28.89117114459942,103.6164851007835,5.180583187068767,4.759321618858372,4.579134438124195,6.198957856263545,5.762838460787616,4.540633876015526,2.978788645090336,-1.768269221345365,.0297685118940593,-4.324840087249549,22.84970615804949,-.1148167794314571,-12.00083906702667,-27.34227851594709,-27.34034046443509,-28.31503595656411,-27.53511140731144,-19.06698231382434,-18.90851798908097,-4.766715253995916,-1.039571106558821,2.316402433812089,-16.55608102771437,-14.12729853982649,-17.54361454180172,-20.68601422588909,-27.54391531846539,-32.07362046106626,-20.56971556826893,-4.930320966338912,-16.98039184815292,-129.0674177451808,151.3965450514062,110.2551969057962,157.8513394145127,102.0651546033028,154.2425969402149,144.9165638181765,104.012496777856,49.32555914550941,168.7280571565538,14.58702383304055
evreg5,7.relative_year_bin_aux#1.treat#1.rice_prod_aclvl_ahigh,-8.965037379704162,103.6164851007835,3.066797515106362,2.877765373201876,2.314659666568607,3.881018542909948,4.084240729635366,3.024609686403958,3.471154749176396,-3.664684432706885,-.6682320938382599,5.643711375165373,40.29565563936655,-.1773575411055369,-12.8989864548842,-2.562512324576551,-3.409156750091743,-3.21289696351323,-3.758713307016918,-5.340454929846399,-5.115792747130361,-9.570590794045492,2.926037565768693,-3.225499120562768,-9.095060551398571,-8.327393536865401,-10.90575004588882,-10.41732481152421,-16.65813948727666,-20.35657417579628,-18.82493187767466,3.291285064253861,-10.41460207219474,-164.8796152963864,101.7718307812605,48.33263274308054,109.6191714571221,48.28228266126995,137.8538118070102,104.012496777856,153.3348726229876,35.4382136667835,234.7404858779375,13.09867722868406
evreg5,9.relative_year_bin_aux#1.treat#1.rice_prod_aclvl_ahigh,58.27955372849495,103.6164851007835,-1.572329255036381,-2.300652377850802,-1.679893810221261,-2.024855997168503,-2.156778839508673,-1.585340863142372,-3.52251066372434,5.597675142035178,4.597652896751837,-7.170669587697965,-26.10945868140134,.0787429169971323,1.91010765666567,-1.475940587921994,1.26655872434163,1.07078203268911,-.9284031529265535,-.0214415964416792,-.5361690683092086,3.49559020218511,-11.239347779975,-6.762897819698656,-2.141051557818948,.1610468295769887,.2374181112988038,-3.70259554096121,-3.571248107320756,-5.737611967597601,2.36042210443838,-14.94697157082595,-14.21910480237579,79.73575473184911,119.7794200651221,86.84630890771699,105.7163074550321,95.16501314321522,110.0620961112061,49.32555914550941,35.4382136667835,124.1129669507159,185.1332593193143,3.274493157703083
evreg5,10.relative_year_bin_aux#1.treat#1.rice_prod_aclvl_ahigh,20.33208066815139,103.6164851007835,-3.211404517652431,-3.984299414945718,-4.015978341978064,-2.836306133281262,-1.257794736026951,-2.437101322294062,-4.348521038190859,5.967008161631136,12.11687008969981,1.934420126371231,34.05040096749595,-.2182410643902485,-13.85792404240845,8.455115130699971,8.727094696024233,10.65048464785808,9.241415592051988,3.939689993869701,2.304771957468919,-2.710948836398116,-7.612238310093203,-45.06970134431314,-4.634024890734008,-2.324988737571791,-4.304544480251625,-3.517690732691351,-12.37118486852155,-17.74663178738275,-11.6950181391082,-12.64776347260442,-35.1048110358871,-154.2793633108282,310.395158752279,160.8839466883703,298.991308592246,158.9647912164372,348.985029403448,168.7280571565538,234.7404858779375,185.1332593193143,769.213645739888,22.32488557356793
evreg5,_cons,61.47538231135085,103.6164851007835,6.930867776000517,3.377223137206484,3.419228190191489,9.857167660628857,8.873307767573721,4.496925224714276,-.6113163301595458,2.975124762536477,13.14331268832575,-8.551518074736249,62.62696321631241,-.5072254682799445,-86.7509575472414,-4.340674489080487,-5.783271886325744,-4.788491164073142,-8.427944691933117,-5.584733294154542,-4.785270130776731,-.8114901729987619,-4.071858298450102,-5.90650418693607,-2.200819124334785,4.392658897236754,-.2796317344260638,-.649086409481635,-12.3632233174598,-15.10918086831773,-14.22116472626383,-.7621645426333089,-21.11792064933725,-74.19464812621794,2.554767658606373,-5.070515348410585,-.6272885975992064,1.10716370162453,11.12457734067855,14.58702383304055,13.09867722868406,3.274493157703083,22.32488557356793,121.75404141356
