reg,var,beta,ymean,cov1,cov2,cov3,cov4,cov5,cov6,cov7,cov8,cov9,cov10,cov11,cov12,cov13,cov14,cov15,cov16,cov17,cov18,cov19,cov20,cov21,cov22,cov23,cov24,cov25,cov26,cov27,cov28,cov29,cov30,cov31,cov32,cov33,cov34,cov35,cov36,cov37,cov38,cov39,cov40,cov41
evreg1,1bn.relative_year_bin_aux,242.2529101383275,112.4798886164195,5064.061867112297,4075.403621394113,2492.665556175898,1258.324960970878,-1240.400168280501,-2591.379660257973,-3630.232383545916,-4703.367510737043,-5820.518716419612,0,-1.23999592031281,242.6582438926931,-701.7010757802994,-790.1370261816639,-288.4681367431393,-148.1944332147192,-433.3089900660128,-139.9428688566243,-247.4150712909543,-212.1921853088583,-164.2913429862353,,,,,,,,,,,,,,,,,,,,
evreg1,2.relative_year_bin_aux,217.2302486655694,112.4798886164195,4075.403621394113,3375.520113690739,2058.152020825331,1038.393619664606,-1018.699146620193,-2132.800069355979,-2969.132900303036,-3847.025568854517,-4758.836598078716,0,-1.048120351046926,198.2118605679696,-537.1043192090561,-705.6000660161,-266.7662889075305,-137.8602506660646,-392.3921057290065,-141.3609247561254,-233.7976517345642,-205.2895179265633,-164.032437693276,,,,,,,,,,,,,,,,,,,,
evreg1,3.relative_year_bin_aux,132.8292568703563,112.4798886164195,2492.665556175898,2058.152020825331,1284.45898396983,642.4126354570598,-627.66976856271,-1312.38763139278,-1838.538124757173,-2379.551162750164,-2941.641425400306,0,-.6446869656782852,120.9526318380243,-313.2976781704701,-412.0682947802471,-178.2791561567419,-85.92085641779079,-240.6643196385087,-89.22618073932625,-141.195428186941,-124.1253796963251,-100.8516220186692,,,,,,,,,,,,,,,,,,,,
evreg1,4.relative_year_bin_aux,63.22349894833273,112.4798886164195,1258.324960970878,1038.393619664606,642.4126354570598,330.3651024577621,-312.7388231353225,-660.2173714838518,-928.1861285670263,-1203.319656848827,-1488.52184141769,0,-.310323500122445,59.6072863336169,-150.7905216880514,-201.7194180777465,-80.33075755722608,-47.60187771083235,-121.931632787596,-45.80368178714178,-72.37284331664006,-63.71556303120423,-52.82136016677544,,,,,,,,,,,,,,,,,,,,
evreg1,6.relative_year_bin_aux,-58.94994867961875,112.4798886164195,-1240.400168280501,-1018.699146620193,-627.66976856271,-312.7388231353225,329.4662117846472,670.8239192261083,937.7320337127262,1206.549110287954,1485.350357233874,0,.3087417222697241,-60.53202176875035,156.5269091709582,199.7780715095974,78.29785497102489,36.72386520311827,116.8309129291432,41.40934040605539,59.58987896518928,52.71598014965071,42.05643355497445,,,,,,,,,,,,,,,,,,,,
evreg1,7.relative_year_bin_aux,-117.7604243878985,112.4798886164195,-2591.379660257973,-2132.800069355979,-1312.38763139278,-660.2173714838518,670.8239192261083,1402.979688282977,1952.978342423906,2516.636743713452,3107.239675028262,0,.6247683102085854,-126.7814585280908,312.8240852135928,410.5489825236472,156.4979340814001,79.23456819241063,243.1953901265654,70.78927665405938,122.9298762225835,110.7755333362871,84.91963077454119,,,,,,,,,,,,,,,,,,,,
evreg1,8.relative_year_bin_aux,-140.4023254519542,112.4798886164195,-3630.232383545916,-2969.132900303036,-1838.538124757173,-928.1861285670263,937.7320337127262,1952.978342423906,2784.121807901547,3564.453151955289,4402.624193982352,0,.8036958177589426,-173.3731761215347,396.4537562095452,522.9666222567757,194.5314974410708,100.4207531985151,315.6493801425984,97.71441450030751,132.0869276363864,135.1547622651585,103.3510288070732,,,,,,,,,,,,,,,,,,,,
evreg1,9.relative_year_bin_aux,-185.0299710457494,112.4798886164195,-4703.367510737043,-3847.025568854517,-2379.551162750164,-1203.319656848827,1206.549110287954,2516.636743713452,3564.453151955289,4624.689798285238,5707.292579130081,0,1.060521356291342,-223.2236242348052,504.0367478846769,668.4324641962936,241.6372493570524,125.8249806657535,400.5060784416808,125.5211431330452,210.1405535153705,165.779149818978,131.0452103769632,,,,,,,,,,,,,,,,,,,,
evreg1,10.relative_year_bin_aux,-218.8374200679771,112.4798886164195,-5820.518716419612,-4758.836598078716,-2941.641425400306,-1488.52184141769,1485.350357233874,3107.239675028262,4402.624193982352,5707.292579130081,7079.45430731029,0,1.29901222008046,-276.8345919208093,605.9586079461783,810.7869924284568,285.4337496420791,149.3909949882043,484.4526504912047,148.3483973143578,263.8391323517932,220.2538554962309,150.6311824549962,,,,,,,,,,,,,,,,,,,,
evreg1,1o.treat,0,112.4798886164195,0,0,0,0,0,0,0,0,0,0,0,0,0,0,0,0,0,0,0,0,0,,,,,,,,,,,,,,,,,,,,
evreg1,wind_direction,-.6697368569711494,112.4798886164195,-1.23999592031281,-1.048120351046926,-.6446869656782852,-.310323500122445,.3087417222697241,.6247683102085854,.8036958177589426,1.060521356291342,1.29901222008046,0,.0013196925902849,-.0778055359099954,.1832286582380387,.2861623091267557,.134167474076403,.0827613904459531,.1204539547403587,.0095733329776226,.0970724037750831,.0209934740186075,.0312774042752209,,,,,,,,,,,,,,,,,,,,
evreg1,av_wind_speed,66.72105007415172,112.4798886164195,242.6582438926931,198.2118605679696,120.9526318380243,59.6072863336169,-60.53202176875035,-126.7814585280908,-173.3731761215347,-223.2236242348052,-276.8345919208093,0,-.0778055359099954,38.48712892419484,-31.93440612344602,-41.50482779231754,-17.51820488226585,-6.185419144688683,-14.63929496192109,-3.651910105757507,-6.782041640843641,-1.977812446287179,.7604306233518662,,,,,,,,,,,,,,,,,,,,
evreg1,1bn.relative_year_bin_aux#1.treat,-60.50927409720682,112.4798886164195,-701.7010757802994,-537.1043192090561,-313.2976781704701,-150.7905216880514,156.5269091709582,312.8240852135928,396.4537562095452,504.0367478846769,605.9586079461783,0,.1832286582380387,-31.93440612344602,337.6526682105434,248.9850528848692,140.5947824905347,68.9524925735861,135.098457939666,75.21783427783886,77.87513020603791,69.94732780054166,63.30485612822942,,,,,,,,,,,,,,,,,,,,
evreg1,2.relative_year_bin_aux#1.treat,-98.32556240217519,112.4798886164195,-790.1370261816639,-705.6000660161,-412.0682947802471,-201.7194180777465,199.7780715095974,410.5489825236472,522.9666222567757,668.4324641962936,810.7869924284568,0,.2861623091267557,-41.50482779231754,248.9850528848692,311.2625109422213,162.6524664722712,86.38635878062105,170.3322627927436,95.31191156322456,105.8137584018005,97.75684878823562,87.06581776812982,,,,,,,,,,,,,,,,,,,,
evreg1,3.relative_year_bin_aux#1.treat,-44.90134216103336,112.4798886164195,-288.4681367431393,-266.7662889075305,-178.2791561567419,-80.33075755722608,78.29785497102489,156.4979340814001,194.5314974410708,241.6372493570524,285.4337496420791,0,.134167474076403,-17.51820488226585,140.5947824905347,162.6524664722712,136.4176980727575,66.06125237320101,105.4037758942097,70.69802793446513,65.68753495394995,61.16262943819052,58.4922391083634,,,,,,,,,,,,,,,,,,,,
evreg1,4.relative_year_bin_aux#1.treat,-29.49948811627301,112.4798886164195,-148.1944332147192,-137.8602506660646,-85.92085641779079,-47.60187771083235,36.72386520311827,79.23456819241063,100.4207531985151,125.8249806657535,149.3909949882043,0,.0827613904459531,-6.185419144688683,68.9524925735861,86.38635878062105,66.06125237320101,58.8535895616069,62.61688733190655,44.1121548763148,41.03923903470129,39.6777737371966,39.18555035777145,,,,,,,,,,,,,,,,,,,,
evreg1,6.relative_year_bin_aux#1.treat,-34.26940675803149,112.4798886164195,-433.3089900660128,-392.3921057290065,-240.6643196385087,-121.931632787596,116.8309129291432,243.1953901265654,315.6493801425984,400.5060784416808,484.4526504912047,0,.1204539547403587,-14.63929496192109,135.098457939666,170.3322627927436,105.4037758942097,62.61688733190655,189.078393726631,126.4807760337269,119.7503967051125,105.4900328815029,99.82156312623988,,,,,,,,,,,,,,,,,,,,
evreg1,7.relative_year_bin_aux#1.treat,-8.647380504436521,112.4798886164195,-139.9428688566243,-141.3609247561254,-89.22618073932625,-45.80368178714178,41.40934040605539,70.78927665405938,97.71441450030751,125.5211431330452,148.3483973143578,0,.0095733329776226,-3.651910105757507,75.21783427783886,95.31191156322456,70.69802793446513,44.1121548763148,126.4807760337269,132.6604601616216,97.56316852210358,87.69139134805175,81.06993531139491,,,,,,,,,,,,,,,,,,,,
evreg1,8.relative_year_bin_aux#1.treat,-13.57572231914861,112.4798886164195,-247.4150712909543,-233.7976517345642,-141.195428186941,-72.37284331664006,59.58987896518928,122.9298762225835,132.0869276363864,210.1405535153705,263.8391323517932,0,.0970724037750831,-6.782041640843641,77.87513020603791,105.8137584018005,65.68753495394995,41.03923903470129,119.7503967051125,97.56316852210358,156.2425117703474,99.31097387591829,90.39793281459372,,,,,,,,,,,,,,,,,,,,
evreg1,9.relative_year_bin_aux#1.treat,-1.154891139332746,112.4798886164195,-212.1921853088583,-205.2895179265633,-124.1253796963251,-63.71556303120423,52.71598014965071,110.7755333362871,135.1547622651585,165.779149818978,220.2538554962309,0,.0209934740186075,-1.977812446287179,69.94732780054166,97.75684878823562,61.16262943819052,39.6777737371966,105.4900328815029,87.69139134805175,99.31097387591829,148.2711694060777,121.3596501244996,,,,,,,,,,,,,,,,,,,,
evreg1,10.relative_year_bin_aux#1.treat,-.4971628897805522,112.4798886164195,-164.2913429862353,-164.032437693276,-100.8516220186692,-52.82136016677544,42.05643355497445,84.91963077454119,103.3510288070732,131.0452103769632,150.6311824549962,0,.0312774042752209,.7604306233518662,63.30485612822942,87.06581776812982,58.4922391083634,39.18555035777145,99.82156312623988,81.06993531139491,90.39793281459372,121.3596501244996,144.700128443015,,,,,,,,,,,,,,,,,,,,
evreg2,1bn.relative_year_bin_aux,241.1921677987229,112.4798886164195,5060.200319848838,4071.96299777401,2496.74419014982,1259.507984537431,-1248.035981407357,-2577.705645747983,-3621.715320796199,-4704.440357370556,-5817.574202091097,0,1.913182355681887,-1.239869910565581,243.0314642981209,-701.8282610006077,-784.9625358135812,-291.9573283589512,-146.6444484145994,-414.9149236107,-149.6430794678837,-239.9147389278517,-197.1257148968323,-145.5540994023733,-4.782039050766708,5.394932073810175,-11.80355170476891,-4.333028155125046,15.64425817542609,-25.63020341836322,-11.4088179340606,10.53073635647945,4.838116117579379,26.33306033183954,3.550679543936912,-16.04280544806736,5.930775260605163,-3.476490853643161,-35.75177933618942,21.67382825141362,-13.61445257584693,-28.47159143237784,-34.98236852309025
evreg2,2.relative_year_bin_aux,217.7742486508281,112.4798886164195,4071.96299777401,3374.925332541017,2058.964893568173,1038.14235710469,-1023.925763403523,-2119.73405964321,-2959.921831233197,-3844.537000931037,-4752.549666191951,0,.6639277118891534,-1.045927955219261,198.7501640121974,-536.9887437086084,-704.115849134085,-267.5996501249064,-135.8758464560372,-375.0958940998362,-147.193848389565,-226.3668843117929,-192.241643727648,-148.8069444963044,-3.373225257532093,-6.412533523420008,-9.520813124525112,-2.969599982097874,13.77541066766687,-18.88579771448408,-7.538204542793584,8.756406364458909,4.076983531258572,21.00232701785721,2.484432319803933,-1.632790188561056,5.193454257174795,-2.650072399454804,-28.92647239289863,15.96939893583809,-11.26055924478876,-22.3105821403924,-26.642794226142
evreg2,3.relative_year_bin_aux,132.8364142262926,112.4798886164195,2496.74419014982,2058.964893568173,1287.228607779853,643.2324675187925,-633.4937088040285,-1308.235724407363,-1838.660160161244,-2385.813764862989,-2946.802353151483,0,-.6265178488594745,-.6439406284018999,121.8391125524554,-313.0782604333154,-407.4521168207378,-177.7898592826002,-83.99349892758775,-230.3177379084986,-93.8233307776151,-136.6707417329813,-115.9265343047695,-91.28731328310026,1.957671546087804,4.36135624088361,-5.300235719445493,-1.583957876111312,9.087056073453445,-12.14409231212276,-4.478023382053322,6.551817487445463,2.941890028385922,14.59010310883232,-2.793076636508331,-9.61316253020199,2.356347471237275,-2.145492944655282,-18.92620340241651,10.71920272069745,-7.885872390426593,-15.37464013952029,-18.01453330115428
evreg2,4.relative_year_bin_aux,63.13545229058256,112.4798886164195,1259.507984537431,1038.14235710469,643.2324675187925,332.3851734953174,-315.2031273780919,-658.781881786476,-928.9056754340968,-1208.630702121645,-1492.808877189982,0,-.270018506169779,-.3113688291648787,59.86815537758337,-148.6898553440414,-197.8690581417119,-78.87427140246203,-47.9362196281969,-116.6554937219836,-47.29497032357411,-69.57790817272947,-58.04138121403214,-47.18633490539708,1.956531401449525,2.844210362959806,-1.067970297957226,-3.091021269660484,3.726456918518819,-6.140524859643861,-3.531538929152579,4.105972944439907,1.126682861136193,7.344336082149424,-2.544414070393605,-5.530735763670098,-.4645322849387034,1.219250666645803,-8.623374842829394,5.518431070769634,-2.701999394717868,-8.52276210327436,-8.924341138462731
evreg2,6.relative_year_bin_aux,-57.44918889727563,112.4798886164195,-1248.035981407357,-1023.925763403523,-633.4937088040285,-315.2031273780919,337.3956117130764,674.2136388731445,946.7427795047578,1220.250452188487,1500.004195665862,0,2.605608312603442,.3087037436933748,-60.71534162795852,154.806306816178,196.8518406103578,78.83028145640618,36.07289934240093,110.5771954249063,44.11274310999848,56.7443346588044,48.41030147043858,37.91048533496042,-2.672384388800673,-5.468146577401975,.7063671401540433,-.018615965804894,-10.00918939987209,4.879075314064911,-.6495706562679692,-6.56553086399733,-3.618705615262851,-8.914806172689781,3.140338833204419,7.826824903128403,.5230369879313684,1.495642908845451,14.33801224990532,-4.276743901146196,6.073061067834221,10.49620431848918,10.12060583319016
evreg2,7.relative_year_bin_aux,-115.8416224208923,112.4798886164195,-2577.705645747983,-2119.73405964321,-1308.235724407363,-658.781881786476,674.2136388731445,1393.501686992571,1943.932738063355,2512.541066453097,3097.677346925601,0,3.66508310057134,.6216747103526659,-125.9428349455817,307.424872890736,401.7128643051655,155.3743142989412,78.2632966026392,230.9694603445586,73.44753342425234,117.9527958582369,100.510289472848,75.00177804270587,-4.591009192435976,-8.378572624967925,1.441840706348635,1.902898995777765,-14.17878945180977,6.118736008778877,.9689591675821116,-12.52514099752714,-7.456221507867912,-17.27918883139507,5.693456542471346,13.20114599898201,1.221204423682301,1.410099718811687,23.39690049200537,-4.807342182037419,10.66050472260945,20.91857675178679,21.88141443359713
evreg2,8.relative_year_bin_aux,-140.1580413152281,112.4798886164195,-3621.715320796199,-2959.921831233197,-1838.660160161244,-928.9056754340968,946.7427795047578,1943.932738063355,2781.173975028354,3570.165496048489,4404.076786228673,0,7.755462302399835,.8045215348082086,-174.1757746387602,389.7757067792033,512.4389077152986,194.0354417541117,99.21789536219731,297.6442733839057,103.3633402904594,122.6345888344799,118.8938934674307,85.47994336213118,-9.46837921245694,-13.39912845488102,2.331417490168571,3.409564317193826,-19.61939430082196,13.9807383877155,-.9564179594433195,-20.39886084310319,-13.54890827492302,-28.44822659930773,11.58194289733692,20.65185689330738,1.984581356822058,1.86112524746685,33.8694611569527,-12.28400807329088,19.11050552396732,33.34539831337299,36.4390246729149
evreg2,9.relative_year_bin_aux,-184.6835587121712,112.4798886164195,-4704.440357370556,-3844.537000931037,-2385.813764862989,-1208.630702121645,1220.250452188487,2512.541066453097,3570.165496048489,4649.466573231457,5729.233194966189,0,9.659536042795086,1.061997810580277,-223.9829909647065,494.1039553553085,653.849744434199,240.1185888015805,125.1278476432903,381.8085304799969,136.2493496080403,201.5703125290076,144.2595757667635,107.0946744558909,-13.80940247166041,-17.58939649196109,2.28201239170406,5.000801739732771,-23.07967300107128,17.72554584210879,5.150513929343814,-30.64736631820978,-15.07578660568624,-37.5875290320901,18.21993070360937,28.42950484110649,4.353927298667589,2.450248711189148,42.19814665419805,-16.80197731315898,19.46668991428358,47.8215520300944,47.08838843436398
evreg2,10.relative_year_bin_aux,-218.4275110099337,112.4798886164195,-5817.574202091097,-4752.549666191951,-2946.802353151483,-1492.808877189982,1500.004195665862,3097.677346925601,4404.076786228673,5729.233194966189,7097.992356333677,0,10.54537652779193,1.303914959273986,-277.3292424146992,592.8298064343037,792.0875287106452,282.5588470955761,146.9521445839864,455.6335592119094,157.5071140262735,248.8124943769562,191.7086326009704,117.6530568641289,-16.54966024208546,-20.68999552945389,3.593607443525649,5.507703797106458,-27.53208400934886,23.68229852289925,8.664280784183601,-33.58245621408433,-23.54635635616939,-45.7582368820256,22.51933476131589,34.56872950461769,4.998857745920657,4.038587870534061,51.70174224380952,-22.92802670229232,22.51464922820033,55.1874777414445,64.39955600869206
evreg2,1o.treat,0,112.4798886164195,0,0,0,0,0,0,0,0,0,0,0,0,0,0,0,0,0,0,0,0,0,0,0,0,0,0,0,0,0,0,0,0,0,0,0,0,0,0,0,0,0
evreg2,1.downup_ac_pop,4.025607377163351,112.4798886164195,1.913182355681887,.6639277118891534,-.6265178488594745,-.270018506169779,2.605608312603442,3.66508310057134,7.755462302399835,9.659536042795086,10.54537652779193,0,7.931508182952934,-.0081106903313743,1.754675418876742,-5.739564279619509,-3.855361289537105,-1.654379343289668,-.997826869268552,-.7491052236053628,-.1695027800688055,-2.684057222942407,-3.019687230032604,-2.433993955248421,-5.665404070516684,-3.767249578579472,-4.205839447176293,-2.001104832105547,-4.376924200559055,-5.192378998562694,-5.709373282088989,-7.595506728204803,-7.088763918310454,-7.948308042779613,5.601050077682975,3.72609728403167,4.215385056935536,2.024004617459667,4.419356792803137,5.121531360044675,5.741412295735019,7.621260696108289,7.125910809752297
evreg2,wind_direction,-.6698705999239309,112.4798886164195,-1.239869910565581,-1.045927955219261,-.6439406284018999,-.3113688291648787,.3087037436933748,.6216747103526659,.8045215348082086,1.061997810580277,1.303914959273986,0,-.0081106903313743,.0013201395855897,-.0778954073891541,.1838309919919399,.2834236149838502,.1332995224334708,.0836250817320996,.1171481665504788,.0073220429822654,.0901223430685319,.0155328652977537,.0210444928114814,-.0004376445149001,-.004401438885202,-.0015320624917397,.0020471915926688,.0000877792944197,.0061769250084312,-.0017611591544895,-.0030615774252745,-.0097983919364778,.002257163762733,-.0011984339358983,.0054028619944146,.0016873748983247,-.0017564479627987,.0063551038773389,.004244952966171,.0137395397398903,.01087200740781,.0202385782059223
evreg2,av_wind_speed,66.73884506518496,112.4798886164195,243.0314642981209,198.7501640121974,121.8391125524554,59.86815537758337,-60.71534162795852,-125.9428349455817,-174.1757746387602,-223.9829909647065,-277.3292424146992,0,1.754675418876742,-.0778954073891541,38.49862168736246,-32.63971561447946,-42.14072948817408,-18.92583093976671,-6.585040997369379,-13.74792064864043,-4.46061019070772,-4.348380580377563,.9082352763837546,1.597030204178856,-.5310928424689261,-.9082270840879746,-1.654960941689418,-.4665488433513688,.3197474098359816,-1.756076113425391,1.486043262733784,1.346005597869265,.7689072927981796,.1348557980533422,1.408846862552797,1.254938683583022,2.789106957371876,.797302426470088,-1.742572206949011,1.635530227824578,-4.847789947592501,-5.757096189187284,-1.692101870484584
evreg2,1bn.relative_year_bin_aux#1.treat,-61.70902245871464,112.4798886164195,-701.8282610006077,-536.9887437086084,-313.0782604333154,-148.6898553440414,154.806306816178,307.424872890736,389.7757067792033,494.1039553553085,592.8298064343037,0,-5.739564279619509,.1838309919919399,-32.63971561447946,364.1815718088,266.4288683577011,150.6417586441461,69.52730310289235,140.7810960085949,80.66498187219584,83.82656255808256,75.07518950288647,70.02790205957858,16.5518736936393,3.998675538627086,5.435229847464814,-.9507355894740103,1.663855646682433,6.580212325716075,3.261605148234341,3.91283857204707,5.713651348958385,13.42589208976939,-48.07765346576591,-20.48328943607963,-13.51069216769493,-.5174056329691353,-9.15747711801921,-11.3784352299187,-11.24836358497548,-10.40792077531875,-14.66798389408869
evreg2,2.relative_year_bin_aux#1.treat,-101.4360637023444,112.4798886164195,-784.9625358135812,-704.115849134085,-407.4521168207378,-197.8690581417119,196.8518406103578,401.7128643051655,512.4389077152986,653.849744434199,792.0875287106452,0,-3.855361289537105,.2834236149838502,-42.14072948817408,266.4288683577011,328.6723842606439,168.8478008026037,85.75960432465992,171.5184612352763,97.61927225370042,108.5089756281939,100.0083254269717,91.48295469951164,12.47477623375317,14.0780927548061,4.964342465910344,-1.013241571060389,-.5209705557548415,4.553326910565459,1.173747382796892,2.249817219974797,4.023780089047426,11.66197597557169,-34.04616836539564,-32.20976186351561,-15.30532962881522,-.8135396202026202,-7.426993491949517,-9.174375491647126,-9.252077267221377,-8.746836689953087,-13.11593594365239
evreg2,3.relative_year_bin_aux#1.treat,-49.79551225902531,112.4798886164195,-291.9573283589512,-267.5996501249064,-177.7898592826002,-78.87427140246203,78.83028145640618,155.3743142989412,194.0354417541117,240.1185888015805,282.5588470955761,0,-1.654379343289668,.1332995224334708,-18.92583093976671,150.6417586441461,168.8478008026037,142.1345526823283,62.2168103587038,107.9859788027508,72.51007782832647,67.9466985022665,62.81354995576041,61.93409296740398,4.035790530693681,.9606429009518126,2.442080318585133,-1.061807051265498,-.1926843063371316,2.729380061492312,.2221293222043094,.7898903413978827,2.598382412975181,9.916265920925667,-20.77922610127314,-11.07951295281104,-15.95816276361083,-.2764621445651102,-8.199282173766951,-7.370331317215297,-7.999475004625376,-7.117226405384611,-10.83516614601507
evreg2,4.relative_year_bin_aux#1.treat,-33.49841379220715,112.4798886164195,-146.6444484145994,-135.8758464560372,-83.99349892758775,-47.9362196281969,36.07289934240093,78.2632966026392,99.21789536219731,125.1278476432903,146.9521445839864,0,-.997826869268552,.0836250817320996,-6.585040997369379,69.52730310289235,85.75960432465992,62.2168103587038,57.59810494270645,60.08149707985011,40.14339612285051,37.80372738516415,34.9838824791517,36.248865396257,1.146071408542354,-.1328343538893052,-.288067106929666,1.804583090699425,.7839111606498507,1.519183166521223,1.469650523601505,-.4209115553062284,1.695127290083382,.7798968449855945,-5.598284897001966,-1.477858284317509,1.157647745070449,-5.550655450992588,-.7188569830456786,.644057551873511,-1.169335925264986,1.354647134526967,-1.881497959394948
evreg2,6.relative_year_bin_aux#1.treat,-40.81231947628108,112.4798886164195,-414.9149236107,-375.0958940998362,-230.3177379084986,-116.6554937219836,110.5771954249063,230.9694603445586,297.6442733839057,381.8085304799969,455.6335592119094,0,-.7491052236053628,.1171481665504788,-13.74792064864043,140.7810960085949,171.5184612352763,107.9859788027508,60.08149707985011,202.6561636095554,141.6961250280923,131.2094969857887,115.842761415808,113.376762719508,1.05396354792706,-3.595930050272907,-.1015741182341035,-.7916659787207684,2.569764662590517,3.78764508744507,4.884002797164376,-1.881603705145666,8.457232607481014,10.73516103100829,-10.20917804689891,-4.63162185468692,-5.882120817531649,2.711578553625136,-33.02348063477287,-30.97171131041753,-24.45872204025673,-19.56218597854927,-27.20699659701018
evreg2,7.relative_year_bin_aux#1.treat,-14.43169726145834,112.4798886164195,-149.6430794678837,-147.193848389565,-93.8233307776151,-47.29497032357411,44.11274310999848,73.44753342425234,103.3633402904594,136.2493496080403,157.5071140262735,0,-.1695027800688055,.0073220429822654,-4.46061019070772,80.66498187219584,97.61927225370042,72.51007782832647,40.14339612285051,141.6961250280923,147.1495060644488,109.5342495024472,95.70405287952504,91.41601700937157,-.4330211441167364,-3.888624218750881,.1998590210145028,-1.516972024062813,1.85027676546986,6.796069395053194,5.285527721651254,-.0807215109188825,9.305020049017543,9.75842031854226,-7.667963041611855,-3.831038279826538,-5.431627208729902,4.182704748531482,-29.5140427837884,-37.62611753723515,-26.62510581633947,-15.42029664663149,-25.62605584191795
evreg2,8.relative_year_bin_aux#1.treat,-14.52368848871653,112.4798886164195,-239.9147389278517,-226.3668843117929,-136.6707417329813,-69.57790817272947,56.7443346588044,117.9527958582369,122.6345888344799,201.5703125290076,248.8124943769562,0,-2.684057222942407,.0901223430685319,-4.348380580377563,83.82656255808256,108.5089756281939,67.9466985022665,37.80372738516415,131.2094969857887,109.5342495024472,171.8292139874195,112.2624283463598,105.8650679658759,1.07525355812684,-2.033853402208873,.3785200700480763,-1.745116253824351,2.547017449230732,3.299502172625262,9.183661492366459,3.650212708462545,11.99638599469524,11.59501040654307,-9.179080848995346,-5.556724391449396,-5.465944370132738,4.555214419104328,-24.28175362375915,-25.25765399386307,-33.31020789722804,-19.75756263957078,-28.53423802801009
evreg2,9.relative_year_bin_aux#1.treat,-2.054787039167111,112.4798886164195,-197.1257148968323,-192.241643727648,-115.9265343047695,-58.04138121403214,48.41030147043858,100.510289472848,118.8938934674307,144.2595757667635,191.7086326009704,0,-3.019687230032604,.0155328652977537,.9082352763837546,75.07518950288647,100.0083254269717,62.81354995576041,34.9838824791517,115.842761415808,95.70405287952504,112.2624283463598,170.6465367862094,142.2577035097613,1.55381549987082,-1.488240719620015,1.369498377318953,-1.959768179136487,1.308099354455071,3.897331662743136,5.27940600063513,10.06501033789393,10.34883505147128,11.27895454933021,-9.392664968580476,-6.131517310263136,-6.108365398292428,5.258987559202334,-24.03447237131692,-26.94318226711113,-31.28686536567657,-43.15252345686503,-33.3274761283101
evreg2,10.relative_year_bin_aux#1.treat,-3.818603527214878,112.4798886164195,-145.5540994023733,-148.8069444963044,-91.28731328310026,-47.18633490539708,37.91048533496042,75.00177804270587,85.47994336213118,107.0946744558909,117.6530568641289,0,-2.433993955248421,.0210444928114814,1.597030204178856,70.02790205957858,91.48295469951164,61.93409296740398,36.248865396257,113.376762719508,91.41601700937157,105.8650679658759,142.2577035097613,164.5780514792876,.8074378460566104,-1.537688403960784,1.194546670255497,-1.159018838779577,1.115075774630325,2.337576957667435,3.884753018276363,9.116922314251365,15.7554505253837,10.97468712074823,-8.049270675296201,-5.862234549285684,-5.698621203807547,4.796292727247937,-17.48585025964548,-19.14848803213258,-23.93167736212767,-36.41815821195209,-43.06055255127279
evreg2,1bn.relative_year_bin_aux#1.downup_ac_pop,2.080986625745518,112.4798886164195,-4.782039050766708,-3.373225257532093,1.957671546087804,1.956531401449525,-2.672384388800673,-4.591009192435976,-9.46837921245694,-13.80940247166041,-16.54966024208546,0,-5.665404070516684,-.0004376445149001,-.5310928424689261,16.5518736936393,12.47477623375317,4.035790530693681,1.146071408542354,1.05396354792706,-.4330211441167364,1.07525355812684,1.55381549987082,.8074378460566104,38.41553050296297,12.61263280936871,5.721184197810707,1.196754598806319,3.044887451118536,3.588241298305825,3.941372647644584,5.670390243981977,5.370318005635918,5.736287225395638,-38.36005596721172,-12.60751417355029,-5.704878634524961,-1.233037909106602,-3.134544897728555,-3.590605035830025,-4.039032934227025,-5.735417927750599,-5.404935981893654
evreg2,2.relative_year_bin_aux#1.downup_ac_pop,-1.105059829691491,112.4798886164195,5.394932073810175,-6.412533523420008,4.36135624088361,2.844210362959806,-5.468146577401975,-8.378572624967925,-13.39912845488102,-17.58939649196109,-20.68999552945389,0,-3.767249578579472,-.004401438885202,-.9082270840879746,3.998675538627086,14.0780927548061,.9606429009518126,-.1328343538893052,-3.595930050272907,-3.888624218750881,-2.033853402208873,-1.488240719620015,-1.537688403960784,12.61263280936871,30.00946742496824,8.648407937251717,2.055172999431858,3.143891860766068,.7968252836341277,2.372620880073466,4.012009173410013,3.6026236044913,3.813235842072958,-12.5341487034822,-29.98759153411988,-8.645219034980663,-2.088342786765877,-3.198914969441093,-.7363702237605996,-2.421579601177214,-4.028847878289021,-3.62953491876368
evreg2,3.relative_year_bin_aux#1.downup_ac_pop,-.0262388875872458,112.4798886164195,-11.80355170476891,-9.520813124525112,-5.300235719445493,-1.067970297957226,.7063671401540433,1.441840706348635,2.331417490168571,2.28201239170406,3.593607443525649,0,-4.205839447176293,-.0015320624917397,-1.654960941689418,5.435229847464814,4.964342465910344,2.442080318585133,-.288067106929666,-.1015741182341035,.1998590210145028,.3785200700480763,1.369498377318953,1.194546670255497,5.721184197810707,8.648407937251717,11.28664420553415,2.619540228160711,2.786951652899619,3.496524901048745,2.605556163496529,4.424159350677892,4.015518960861121,4.201363088697792,-5.642500684520351,-8.612237541253094,-11.26960161373839,-2.627401084566075,-2.815498604117911,-3.424177733523439,-2.635013251377667,-4.435926379983547,-4.036429734015334
evreg2,4.relative_year_bin_aux#1.downup_ac_pop,.1720543279512136,112.4798886164195,-4.333028155125046,-2.969599982097874,-1.583957876111312,-3.091021269660484,-.018615965804894,1.902898995777765,3.409564317193826,5.000801739732771,5.507703797106458,0,-2.001104832105547,.0020471915926688,-.4665488433513688,-.9507355894740103,-1.013241571060389,-1.061807051265498,1.804583090699425,-.7916659787207684,-1.516972024062813,-1.745116253824351,-1.959768179136487,-1.159018838779577,1.196754598806319,2.055172999431858,2.619540228160711,4.613111019322051,1.989852243523156,2.05374799807883,1.979002576041622,1.461867481021204,2.018731672165327,1.993150301660354,-1.10475843662369,-2.005021907062424,-2.614683331898924,-4.619807705069464,-2.012694307594692,-1.9995447321612,-2.018347089476713,-1.498167383931396,-2.042470191350886
evreg2,6.relative_year_bin_aux#1.downup_ac_pop,-2.946274638189132,112.4798886164195,15.64425817542609,13.77541066766687,9.087056073453445,3.726456918518819,-10.00918939987209,-14.17878945180977,-19.61939430082196,-23.07967300107128,-27.53208400934886,0,-4.376924200559055,.0000877792944197,.3197474098359816,1.663855646682433,-.5209705557548415,-.1926843063371316,.7839111606498507,2.569764662590517,1.85027676546986,2.547017449230732,1.308099354455071,1.115075774630325,3.044887451118536,3.143891860766068,2.786951652899619,1.989852243523156,8.920998378411518,5.918058484379595,5.982548685216906,6.446341362259959,6.039175687978902,4.425735720662,-2.962695801531981,-3.110052718244842,-2.782175461421585,-1.997257884389273,-8.980220564726627,-5.876654453319746,-6.030649723946685,-6.494654629804017,-6.075270006298418
evreg2,7.relative_year_bin_aux#1.downup_ac_pop,-3.770681973846318,112.4798886164195,-25.63020341836322,-18.88579771448408,-12.14409231212276,-6.140524859643861,4.879075314064911,6.118736008778877,13.9807383877155,17.72554584210879,23.68229852289925,0,-5.192378998562694,.0061769250084312,-1.756076113425391,6.580212325716075,4.553326910565459,2.729380061492312,1.519183166521223,3.78764508744507,6.796069395053194,3.299502172625262,3.897331662743136,2.337576957667435,3.588241298305825,.7968252836341277,3.496524901048745,2.05374799807883,5.918058484379595,14.58494780023192,8.372794015118899,8.873112466274042,9.23464431127209,5.140098655741972,-3.512325410014929,-.7383114350898173,-3.493978931658794,-2.06849609606734,-5.921953122647855,-14.48099449061021,-8.368873917213433,-8.870002351274675,-9.243375824347048
evreg2,8.relative_year_bin_aux#1.downup_ac_pop,-.4242096978406265,112.4798886164195,-11.4088179340606,-7.538204542793584,-4.478023382053322,-3.531538929152579,-.6495706562679692,.9689591675821116,-.9564179594433195,5.150513929343814,8.664280784183601,0,-5.709373282088989,-.0017611591544895,1.486043262733784,3.261605148234341,1.173747382796892,.2221293222043094,1.469650523601505,4.884002797164376,5.285527721651254,9.183661492366459,5.27940600063513,3.884753018276363,3.941372647644584,2.372620880073466,2.605556163496529,1.979002576041622,5.982548685216906,8.372794015118899,19.24441974977978,12.5888794110259,9.92282222538164,5.765288322000415,-3.779951944936805,-2.288845439346432,-2.567533390162136,-1.993467860566364,-6.056743698172551,-8.368035700564528,-19.32469943004818,-12.66316289813795,-10.00731844180559
evreg2,9.relative_year_bin_aux#1.downup_ac_pop,-.6390310662058729,112.4798886164195,10.53073635647945,8.756406364458909,6.551817487445463,4.105972944439907,-6.56553086399733,-12.52514099752714,-20.39886084310319,-30.64736631820978,-33.58245621408433,0,-7.595506728204803,-.0030615774252745,1.346005597869265,3.91283857204707,2.249817219974797,.7898903413978827,-.4209115553062284,-1.881603705145666,-.0807215109188825,3.650212708462545,10.06501033789393,9.116922314251365,5.670390243981977,4.012009173410013,4.424159350677892,1.461867481021204,6.446341362259959,8.873112466274042,12.5888794110259,30.1033477830751,17.61387132543065,7.663816179610358,-5.576319821227631,-3.974109834386621,-4.418536994783243,-1.4604528316867,-6.489004928203112,-8.802138323166282,-12.66481172585292,-30.17846787544303,-17.71344778390206
evreg2,10.relative_year_bin_aux#1.downup_ac_pop,-.7624989773558546,112.4798886164195,4.838116117579379,4.076983531258572,2.941890028385922,1.126682861136193,-3.618705615262851,-7.456221507867912,-13.54890827492302,-15.07578660568624,-23.54635635616939,0,-7.088763918310454,-.0097983919364778,.7689072927981796,5.713651348958385,4.023780089047426,2.598382412975181,1.695127290083382,8.457232607481014,9.305020049017543,11.99638599469524,10.34883505147128,15.7554505253837,5.370318005635918,3.6026236044913,4.015518960861121,2.018731672165327,6.039175687978902,9.23464431127209,9.92282222538164,17.61387132543065,29.62928771514869,7.165114969797454,-5.28619111570048,-3.591171086525775,-4.015119004856354,-2.017275069687967,-6.067008239559692,-9.13063932855011,-10.00487487592971,-17.71904659128476,-29.80470134088065
evreg2,1.treat#1.downup_ac_pop,-7.13535098991103,112.4798886164195,26.33306033183954,21.00232701785721,14.59010310883232,7.344336082149424,-8.914806172689781,-17.27918883139507,-28.44822659930773,-37.5875290320901,-45.7582368820256,0,-7.948308042779613,.002257163762733,.1348557980533422,13.42589208976939,11.66197597557169,9.916265920925667,.7798968449855945,10.73516103100829,9.75842031854226,11.59501040654307,11.27895454933021,10.97468712074823,5.736287225395638,3.813235842072958,4.201363088697792,1.993150301660354,4.425735720662,5.140098655741972,5.765288322000415,7.663816179610358,7.165114969797454,34.43544472291714,-19.14916314299576,-21.14496137341558,-20.3840514130266,-5.479182013449917,-25.32545214585583,-25.51314707316078,-27.53806447765383,-29.67032692182447,-29.57438442675645
evreg2,1bn.relative_year_bin_aux#1.treat#1.downup_ac_pop,2.39332219183675,112.4798886164195,3.550679543936912,2.484432319803933,-2.793076636508331,-2.544414070393605,3.140338833204419,5.693456542471346,11.58194289733692,18.21993070360937,22.51933476131589,0,5.601050077682975,-.0011984339358983,1.408846862552797,-48.07765346576591,-34.04616836539564,-20.77922610127314,-5.598284897001966,-10.20917804689891,-7.667963041611855,-9.179080848995346,-9.392664968580476,-8.049270675296201,-38.36005596721172,-12.5341487034822,-5.642500684520351,-1.10475843662369,-2.962695801531981,-3.512325410014929,-3.779951944936805,-5.576319821227631,-5.28619111570048,-19.14916314299576,85.74807539627739,39.06214180932766,28.28507357796418,9.732465566623013,15.72913000729058,16.04063410833318,16.85475043111626,18.84080084424336,18.41529295089233
evreg2,2.relative_year_bin_aux#1.treat#1.downup_ac_pop,6.193351137825381,112.4798886164195,-16.04280544806736,-1.632790188561056,-9.61316253020199,-5.530735763670098,7.826824903128403,13.20114599898201,20.65185689330738,28.42950484110649,34.56872950461769,0,3.72609728403167,.0054028619944146,1.254938683583022,-20.48328943607963,-32.20976186351561,-11.07951295281104,-1.477858284317509,-4.63162185468692,-3.831038279826538,-5.556724391449396,-6.131517310263136,-5.862234549285684,-12.60751417355029,-29.98759153411988,-8.612237541253094,-2.005021907062424,-3.110052718244842,-.7383114350898173,-2.288845439346432,-3.974109834386621,-3.591171086525775,-21.14496137341558,39.06214180932766,58.89685097745293,27.82071462168413,6.904090163124092,18.98308270417433,16.48174694761838,18.60017463190165,20.46679154933207,20.15050487017224
evreg2,3.relative_year_bin_aux#1.treat#1.downup_ac_pop,9.716354154399751,112.4798886164195,5.930775260605163,5.193454257174795,2.356347471237275,-.4645322849387034,.5230369879313684,1.221204423682301,1.984581356822058,4.353927298667589,4.998857745920657,0,4.215385056935536,.0016873748983247,2.789106957371876,-13.51069216769493,-15.30532962881522,-15.95816276361083,1.157647745070449,-5.882120817531649,-5.431627208729902,-5.465944370132738,-6.108365398292428,-5.698621203807547,-5.704878634524961,-8.645219034980663,-11.26960161373839,-2.614683331898924,-2.782175461421585,-3.493978931658794,-2.567533390162136,-4.418536994783243,-4.015119004856354,-20.3840514130266,28.28507357796418,27.82071462168413,40.7822264261364,13.30444864094388,17.72238359991668,18.15656405493129,17.76057855118598,19.67083056596428,19.24293742325016
evreg2,4.relative_year_bin_aux#1.treat#1.downup_ac_pop,7.913750189962711,112.4798886164195,-3.476490853643161,-2.650072399454804,-2.145492944655282,1.219250666645803,1.495642908845451,1.410099718811687,1.86112524746685,2.450248711189148,4.038587870534061,0,2.024004617459667,-.0017564479627987,.797302426470088,-.5174056329691353,-.8135396202026202,-.2764621445651102,-5.550655450992588,2.711578553625136,4.182704748531482,4.555214419104328,5.258987559202334,4.796292727247937,-1.233037909106602,-2.088342786765877,-2.627401084566075,-4.619807705069464,-1.997257884389273,-2.06849609606734,-1.993467860566364,-1.4604528316867,-2.017275069687967,-5.479182013449917,9.732465566623013,6.904090163124092,13.30444864094388,26.82563952613792,5.966031009571231,5.942682775514639,5.920368552045386,5.251602785149978,5.702583388634464
evreg2,6.relative_year_bin_aux#1.treat#1.downup_ac_pop,12.97387176948508,112.4798886164195,-35.75177933618942,-28.92647239289863,-18.92620340241651,-8.623374842829394,14.33801224990532,23.39690049200537,33.8694611569527,42.19814665419805,51.70174224380952,0,4.419356792803137,.0063551038773389,-1.742572206949011,-9.15747711801921,-7.426993491949517,-8.199282173766951,-.7188569830456786,-33.02348063477287,-29.5140427837884,-24.28175362375915,-24.03447237131692,-17.48585025964548,-3.134544897728555,-3.198914969441093,-2.815498604117911,-2.012694307594692,-8.980220564726627,-5.921953122647855,-6.056743698172551,-6.489004928203112,-6.067008239559692,-25.32545214585583,15.72913000729058,18.98308270417433,17.72238359991668,5.966031009571231,77.42856787990526,60.06597889497424,51.46111467757657,45.79168608741735,35.35928746481255
evreg2,7.relative_year_bin_aux#1.treat#1.downup_ac_pop,11.48071718663826,112.4798886164195,21.67382825141362,15.96939893583809,10.71920272069745,5.518431070769634,-4.276743901146196,-4.807342182037419,-12.28400807329088,-16.80197731315898,-22.92802670229232,0,5.121531360044675,.004244952966171,1.635530227824578,-11.3784352299187,-9.174375491647126,-7.370331317215297,.644057551873511,-30.97171131041753,-37.62611753723515,-25.25765399386307,-26.94318226711113,-19.14848803213258,-3.590605035830025,-.7363702237605996,-3.424177733523439,-1.9995447321612,-5.876654453319746,-14.48099449061021,-8.368035700564528,-8.802138323166282,-9.13063932855011,-25.51314707316078,16.04063410833318,16.48174694761838,18.15656405493129,5.942682775514639,60.06597889497424,92.03532876351281,55.6878632434057,52.41101903412398,48.05496652771122
evreg2,8.relative_year_bin_aux#1.treat#1.downup_ac_pop,1.894722008509034,112.4798886164195,-13.61445257584693,-11.26055924478876,-7.885872390426593,-2.701999394717868,6.073061067834221,10.66050472260945,19.11050552396732,19.46668991428358,22.51464922820033,0,5.741412295735019,.0137395397398903,-4.847789947592501,-11.24836358497548,-9.252077267221377,-7.999475004625376,-1.169335925264986,-24.45872204025673,-26.62510581633947,-33.31020789722804,-31.28686536567657,-23.93167736212767,-4.039032934227025,-2.421579601177214,-2.635013251377667,-2.018347089476713,-6.030649723946685,-8.368873917213433,-19.32469943004818,-12.66481172585292,-10.00487487592971,-27.53806447765383,16.85475043111626,18.60017463190165,17.76057855118598,5.920368552045386,51.46111467757657,55.6878632434057,70.64989510595652,50.23751963195603,43.20509622709427
evreg2,9.relative_year_bin_aux#1.treat#1.downup_ac_pop,1.813225137174337,112.4798886164195,-28.47159143237784,-22.3105821403924,-15.37464013952029,-8.52276210327436,10.49620431848918,20.91857675178679,33.34539831337299,47.8215520300944,55.1874777414445,0,7.621260696108289,.01087200740781,-5.757096189187284,-10.40792077531875,-8.746836689953087,-7.117226405384611,1.354647134526967,-19.56218597854927,-15.42029664663149,-19.75756263957078,-43.15252345686503,-36.41815821195209,-5.735417927750599,-4.028847878289021,-4.435926379983547,-1.498167383931396,-6.494654629804017,-8.870002351274675,-12.66316289813795,-30.17846787544303,-17.71904659128476,-29.67032692182447,18.84080084424336,20.46679154933207,19.67083056596428,5.251602785149978,45.79168608741735,52.41101903412398,50.23751963195603,83.26617020801692,56.23708224681913
evreg2,10.relative_year_bin_aux#1.treat#1.downup_ac_pop,6.572538427379564,112.4798886164195,-34.98236852309025,-26.642794226142,-18.01453330115428,-8.924341138462731,10.12060583319016,21.88141443359713,36.4390246729149,47.08838843436398,64.39955600869206,0,7.125910809752297,.0202385782059223,-1.692101870484584,-14.66798389408869,-13.11593594365239,-10.83516614601507,-1.881497959394948,-27.20699659701018,-25.62605584191795,-28.53423802801009,-33.3274761283101,-43.06055255127279,-5.404935981893654,-3.62953491876368,-4.036429734015334,-2.042470191350886,-6.075270006298418,-9.243375824347048,-10.00731844180559,-17.71344778390206,-29.80470134088065,-29.57438442675645,18.41529295089233,20.15050487017224,19.24293742325016,5.702583388634464,35.35928746481255,48.05496652771122,43.20509622709427,56.23708224681913,92.48186492309155
evreg3,1bn.relative_year_bin_aux,229.9992816824757,112.4798886164195,4955.214094571519,3895.434905502073,2428.318478925576,1232.369188708116,-1258.26364750938,-2562.043402954668,-3603.077229177922,-4670.45119779692,-5763.450827312581,0,0,-1.198614779414702,238.175520698666,-653.0347845091643,-631.023121053321,-245.7404983073237,-142.4631689098115,-387.8977972519564,-153.8432845751728,-227.6506601103256,-178.2613807795525,-149.5742413502769,97.60331468158701,373.3605628357702,79.13433806504621,26.88929232329164,86.7658407819488,2.723587668300566,32.99029304808843,48.42840659967001,14.51350841012942,0,-85.54511186873901,-427.1826967061517,-91.50487959799884,-8.847795062395127,-112.3343698282802,19.11351549201092,-56.31285612501052,-94.86331616228019,-48.10045789473877
evreg3,2.relative_year_bin_aux,204.345198487521,112.4798886164195,3895.434905502073,3163.467717500496,1967.587603511119,993.9669972317713,-1009.073493724502,-2066.013818336516,-2882.396707793543,-3733.488779282008,-4605.55506897924,0,0,-.9914953615584401,192.3955263709606,-485.5309233148754,-572.6458499333104,-236.0336971499206,-129.6516852087592,-343.3479994323711,-138.367192142608,-205.6215004684281,-167.4941191130704,-141.596861813717,105.758471296077,234.1628680238798,43.02926185126429,15.22872806353134,60.78218419570465,15.77438857821049,25.2294910352592,34.87906563460199,9.848661328270538,0,-94.92176972985749,-273.340224680911,-48.75927174722629,-1.371005286072356,-79.61584779413637,2.630945485820628,-41.89898216382008,-69.41703584820226,-34.58922006912965
evreg3,3.relative_year_bin_aux,127.2223354765651,112.4798886164195,2428.318478925576,1967.587603511119,1263.041982321241,630.1977464115865,-639.6243718271836,-1305.201477784762,-1835.205701533414,-2370.778135685917,-2921.281138180622,0,0,-.6193334821987543,120.3824554196364,-276.9890065492711,-331.50508921669,-168.6917025627658,-83.50137655467299,-218.8663837232747,-93.54251345957221,-126.174717723145,-104.1441718723575,-90.424787810951,97.49994832854298,197.9701108147736,14.98358909999767,11.83610458802428,42.76295860348486,1.614939586197696,20.77188760029739,22.01607696495659,4.382436538642659,0,-93.39390605978745,-223.3020444017447,-17.18650842089919,-2.488904149196784,-55.13492144184122,10.11534105343311,-32.45342325978901,-47.27255504925945,-23.72271743052785
evreg3,4.relative_year_bin_aux,63.40066973636802,112.4798886164195,1232.369188708116,993.9669972317713,630.1977464115865,328.3164014384155,-318.6140468758085,-656.4474676777395,-928.4991398723845,-1202.492847801521,-1481.416067532532,0,0,-.3006760810445808,59.65017548679887,-135.7146887840719,-159.7390677532467,-72.23975815910755,-49.45792129898053,-109.3833359774203,-47.19481929005015,-62.80184508946027,-50.9394588396053,-46.31597324718366,48.38582414345716,101.5721474994445,14.85372914123838,-3.669237815012187,19.14165568786394,-1.858957306481641,9.237763483544411,11.79001012128134,.6013658642333348,0,-45.10617892561904,-113.8637553466716,-15.88234623361249,8.151614135334892,-25.55932684232297,7.523031296995104,-15.28981872840386,-24.73882939875815,-10.2331206109205
evreg3,6.relative_year_bin_aux,-59.18462275093061,112.4798886164195,-1258.26364750938,-1009.073493724502,-639.6243718271836,-318.6140468758085,354.8584208579766,696.0633329838176,975.9164037843302,1252.826988348143,1537.52808715067,0,0,.3197536398707815,-62.44035394848947,143.3552367885014,160.3598364656335,73.06875715528402,35.54354739183133,106.8016260615538,45.61814118780549,55.20280624526345,46.82968508524769,40.52678537081501,-67.10280064611926,-133.6011913918517,-29.65591474260527,-18.26743849645304,-43.04748766531419,-9.753697789516664,-24.32157718018739,-22.21360140546946,-13.38352697018911,0,63.35364491489464,145.6404730915619,30.31228540955127,14.50265553018708,48.27924820399801,3.398347491793603,28.42395723452001,31.58750284881904,19.50766823061501
evreg3,7.relative_year_bin_aux,-117.3724704299508,112.4798886164195,-2562.043402954668,-2066.013818336516,-1305.201477784762,-656.4474676777395,696.0633329838176,1420.548421187291,1981.650087970874,2548.543425654201,3136.758146946429,0,0,.6264382280926426,-126.9089537092295,280.237013778705,328.7848389362841,144.7278177884433,76.20142186894282,220.9477766233276,71.25824199876085,105.7354744855294,88.81782882041864,71.79088840175179,-111.5728263378603,-214.7467459035506,-45.05785649530258,-24.24716146377944,-59.13821590908995,-35.45860034977433,-46.80610288324842,-45.24133817079227,-28.56008491189834,0,105.8605558341524,240.286423795439,46.96529534677974,16.84350513922719,72.89725161492139,24.31319944507514,57.33973826890584,67.56193843915794,43.62366462001947
evreg3,8.relative_year_bin_aux,-145.0070452478893,112.4798886164195,-3603.077229177922,-2882.396707793543,-1835.205701533414,-928.4991398723845,975.9164037843302,1981.650087970874,2845.532069953601,3618.293193948626,4453.058322712685,0,0,.8085384779699404,-175.4003600198855,354.6013003079063,407.9242807101877,180.6493628484299,99.91436282937364,288.7717092893426,104.2687836364818,97.27582945600014,106.6347535477968,89.41418249675534,-161.2982031211336,-327.6372716338689,-63.57210245113281,-30.35426562638282,-83.06903994533332,-31.00523672120404,-104.1287002117032,-66.92300880701569,-34.94709329038746,0,155.6886447415641,364.772948119253,65.64453483737886,19.42754466421742,103.4245979880188,15.59902669766734,121.3332972975691,104.531732906114,62.05533130649465
evreg3,9.relative_year_bin_aux,-183.5803063772852,112.4798886164195,-4670.45119779692,-3733.488779282008,-2370.778135685917,-1202.492847801521,1252.826988348143,2548.543425654201,3618.293193948626,4694.550739997366,5772.167093589141,0,0,1.057144565553408,-226.0934515250644,447.1123527586176,515.376770523766,217.8721064243712,123.9886524310933,359.8220523245587,131.8221517200945,183.1509586289997,119.1528592799279,105.2933752675148,-201.0169288862804,-422.7077177705997,-84.87322319845632,-37.64824389962352,-101.2265996571637,-28.57736914128271,-70.89795300033303,-102.8829745652204,-51.43071918656469,0,198.5835906228343,473.4157831155827,87.40178096370811,21.82133985686496,129.7098774321683,9.062748810563614,96.12720079900204,160.2389736693711,93.46521237490137
evreg3,10.relative_year_bin_aux,-220.6730653460403,112.4798886164195,-5763.450827312581,-4605.55506897924,-2921.281138180622,-1481.416067532532,1537.52808715067,3136.758146946429,4453.058322712685,5772.167093589141,7137.305193909569,0,0,1.295760642482723,-281.0701881780402,539.708443902061,625.006740019058,257.5847762957951,146.7025146364895,431.9726562824492,153.6402869043088,227.4887061781526,158.6096632916553,110.0530280678812,-244.6303346967781,-519.1770961404687,-103.9202494712499,-46.58327480398965,-122.0869889944635,-32.09958984423865,-78.63244110926652,-108.2331341510756,-77.37213277905526,0,242.2376903890773,581.6417719581426,106.4999103766761,26.22733967768005,157.6815965259787,8.360394893002908,111.5127901577768,183.4625627473162,133.4189668951909
evreg3,1o.treat,0,112.4798886164195,0,0,0,0,0,0,0,0,0,0,0,0,0,0,0,0,0,0,0,0,0,0,0,0,0,0,0,0,0,0,0,0,0,0,0,0,0,0,0,0,0
evreg3,1o.rice_area_aclvl_ahigh,0,112.4798886164195,0,0,0,0,0,0,0,0,0,0,0,0,0,0,0,0,0,0,0,0,0,0,0,0,0,0,0,0,0,0,0,0,0,0,0,0,0,0,0,0,0
evreg3,wind_direction,-.6702576166738844,112.4798886164195,-1.198614779414702,-.9914953615584401,-.6193334821987543,-.3006760810445808,.3197536398707815,.6264382280926426,.8085384779699404,1.057144565553408,1.295760642482723,0,0,.0013207532183681,-.0778388287022139,.164243459407213,.2308278663425598,.1100833335872175,.0652434395354766,.1178769406654284,.0291869332852479,.0841746972890846,.0563593980662851,.0643475247026545,-.1226679995877163,-.1630118420035399,-.0714338917911595,-.0284857908677728,-.0264617883039524,.0001753841974894,-.0037383806236019,.0163453944303091,.019674914676277,0,.067242930658709,.1609281127431763,.0727361158647845,.0480570366341006,.0178119060648611,-.034740268556643,.0389799965739253,-.0762211134641078,-.0737958016655978
evreg3,av_wind_speed,66.78273854328002,112.4798886164195,238.175520698666,192.3955263709606,120.3824554196364,59.65017548679887,-62.44035394848947,-126.9089537092295,-175.4003600198855,-226.0934515250644,-281.0701881780402,0,0,-.0778388287022139,38.63497223851633,-27.58259926883424,-34.81540628746993,-16.85656820363802,-8.201606405476435,-12.13293629047434,-5.038713675628061,-9.793722788776169,-1.286240890201243,6.690541793818236,17.40226244498466,20.41527316829345,3.544335146167763,.6265518802956235,4.330807379153963,-1.47363889739069,3.148115508011165,4.391202930765041,7.689982780659504,0,-16.3721305656519,-22.13210183864215,-2.995142782375536,4.455868354306142,-6.986725895986381,3.244868952710125,6.516427162062848,-2.258408744213138,-15.44558031336672
evreg3,1bn.relative_year_bin_aux#1.treat,-58.31425039499073,112.4798886164195,-653.0347845091643,-485.5309233148754,-276.9890065492711,-135.7146887840719,143.3552367885014,280.237013778705,354.6013003079063,447.1123527586176,539.708443902061,0,0,.164243459407213,-27.58259926883424,365.6060407173039,244.5823058056907,147.4729439706745,81.96218493014018,143.205056197545,92.2915980226927,93.84404608002562,91.84649700587033,82.6149040605542,63.47075141960926,-10.32509182272821,-4.373126631266054,.5664693537319113,-5.125507698315586,3.875196350682261,.1264222631860321,8.05984695601313,.2033161301480255,0,-146.052667283812,-19.50463777123245,-41.17769103453278,-31.71007951686635,-25.85627245956528,-35.98764517090657,-34.01746076368165,-47.10950722169486,-37.37340371538799
evreg3,2.relative_year_bin_aux#1.treat,-88.95416491618535,112.4798886164195,-631.023121053321,-572.6458499333104,-331.50508921669,-159.7390677532467,160.3598364656335,328.7848389362841,407.9242807101877,515.376770523766,625.006740019058,0,0,.2308278663425598,-34.81540628746993,244.5823058056907,292.8459274824327,161.3540061934066,95.23732325584632,158.4553936126063,93.20495986033325,104.2124176779647,102.8410375458566,90.6827783509042,18.51874310605645,45.12890742122281,14.93949872109574,6.197880424673496,2.140991842830246,-9.629203581045346,1.024659764502777,8.40584813332217,-.0427028342250197,0,-59.33614873762635,-81.38670328755904,-50.25018838716386,-41.56054777835152,-25.77192505389239,-16.36514395708927,-29.39249382992843,-42.64144550181611,-32.35360609433763
evreg3,3.relative_year_bin_aux#1.treat,-50.07663236206685,112.4798886164195,-245.7404983073237,-236.0336971499206,-168.6917025627658,-72.23975815910755,73.06875715528402,144.7278177884433,180.6493628484299,217.8721064243712,257.5847762957951,0,0,.1100833335872175,-16.85656820363802,147.4729439706745,161.3540061934066,152.0063455265099,79.42901625830157,113.2486041118219,79.87365790451513,73.49985581199327,77.23216169288884,72.90263996514474,-17.0940635617287,-13.11092669122705,23.27590688900653,2.304430987753868,-1.253534874466797,2.30287803904022,-3.962942650913893,5.960923970796514,1.26649446044944,0,-31.33614232260775,-21.6184262266119,-76.25558144932202,-42.51760563465477,-28.90552454193154,-33.09711907080651,-28.39603904319826,-44.52378197884266,-37.4960331679872
evreg3,4.relative_year_bin_aux#1.treat,-31.31510045829461,112.4798886164195,-142.4631689098115,-129.6516852087592,-83.50137655467299,-49.45792129898053,35.54354739183133,76.20142186894282,99.91436282937364,123.9886524310933,146.7025146364895,0,0,.0652434395354766,-8.201606405476435,81.96218493014018,95.23732325584632,79.42901625830157,84.72266685344373,72.4867370605991,55.58966964227263,50.38820962908319,53.89610469181009,54.61829498383414,-7.267942741289507,-9.234484966636428,4.028308890863091,10.5894669449063,1.921649643392414,4.3036551272241,-.7064751746558192,2.069495815726595,1.901055524231458,0,-27.85568186516747,-26.70830629870734,-45.93151233311013,-67.24608802345695,-30.28023038771511,-33.4010916793072,-27.84580423685717,-37.78134499383946,-37.69706131226433
evreg3,6.relative_year_bin_aux#1.treat,-36.78685068364897,112.4798886164195,-387.8977972519564,-343.3479994323711,-218.8663837232747,-109.3833359774203,106.8016260615538,220.9477766233276,288.7717092893426,359.8220523245587,431.9726562824492,0,0,.1178769406654284,-12.13293629047434,143.205056197545,158.4553936126063,113.2486041118219,72.4867370605991,198.6760619476674,128.831559509287,123.4901792513147,114.6645480731199,121.1249216959915,-8.089636039838171,-33.59832237060657,4.243555502494329,-.5565258112833311,2.221274227790765,-.3716274078226239,-8.739908605569081,4.313397827607825,7.741624697219073,0,-22.8227407870781,15.19789379346207,-29.87019489551816,-25.17716200333349,-41.5533433042456,-16.79886596272662,-19.72560819492233,-33.87592593128375,-49.49859126946496
evreg3,7.relative_year_bin_aux#1.treat,-18.56678750955802,112.4798886164195,-153.8432845751728,-138.367192142608,-93.54251345957221,-47.19481929005015,45.61814118780549,71.25824199876085,104.2687836364818,131.8221517200945,153.6402869043088,0,0,.0291869332852479,-5.038713675628061,92.2915980226927,93.20495986033325,79.87365790451513,55.58966964227263,128.831559509287,151.4381027001312,106.0219172006668,101.7932960854458,87.32557055177573,-5.381835810661875,-46.3367865791028,.9293638808464404,-1.622407414659938,-1.67657945628021,22.55237112634094,4.189077373502903,12.18522168887677,18.85436018002843,0,-24.25898668080601,24.76208711785977,-27.66299173322236,-24.7483020991917,-14.02027211550919,-65.63858366811375,-22.72557653574705,-36.30834965314196,-29.25794610906181
evreg3,8.relative_year_bin_aux#1.treat,-15.34767018328987,112.4798886164195,-227.6506601103256,-205.6215004684281,-126.174717723145,-62.80184508946027,55.20280624526345,105.7354744855294,97.27582945600014,183.1509586289997,227.4887061781526,0,0,.0841746972890846,-9.793722788776169,93.84404608002562,104.2124176779647,73.49985581199327,50.38820962908319,123.4901792513147,106.0219172006668,188.6400029763518,103.5631446902137,94.30562353571716,2.674729129549551,-26.20351750513092,.6608026392065316,-2.391901059326183,1.293761621168882,15.30296138938903,53.66761700790414,19.95339330732068,24.16515051113244,0,-33.31686000657868,2.834575288071838,-29.90537279945654,-26.0274959347406,-28.7012323122607,-34.64513014483412,-107.9707482382063,-30.91807686963953,-28.55951766948234
evreg3,9.relative_year_bin_aux#1.treat,-8.437363144990332,112.4798886164195,-178.2613807795525,-167.4941191130704,-104.1441718723575,-50.9394588396053,46.82968508524769,88.81782882041864,106.6347535477968,119.1528592799279,158.6096632916553,0,0,.0563593980662851,-1.286240890201243,91.84649700587033,102.8410375458566,77.23216169288884,53.89610469181009,114.6645480731199,101.7932960854458,103.5631446902137,172.7568382096272,152.1397475801855,.7951784866894333,-24.92011562276943,2.973987120532763,-2.063718304301799,-.5044416009561947,10.67070724046911,10.79500432986696,40.74877823673607,36.55797518810292,0,-30.51580247959211,1.648395760367844,-33.5402263816119,-27.66996626625077,-18.15367073484284,-31.29400584590491,-24.25644540557316,-105.7863412943049,-93.23555536298171
evreg3,10.relative_year_bin_aux#1.treat,-4.707351741765265,112.4798886164195,-149.5742413502769,-141.596861813717,-90.424787810951,-46.31597324718366,40.52678537081501,71.79088840175179,89.41418249675534,105.2933752675148,110.0530280678812,0,0,.0643475247026545,6.690541793818236,82.6149040605542,90.6827783509042,72.90263996514474,54.61829498383414,121.1249216959915,87.32557055177573,94.30562353571716,152.1397475801855,207.3361721595793,2.416614638833785,-21.42831476651879,3.244198071089966,-.0260166375457726,-.2902181683955079,11.76078424736602,10.23778596183597,32.38760997463775,61.46128998329755,0,-32.43505135796167,-3.184051234491007,-36.18744183046804,-31.76118326829649,-34.2301424019648,-22.15126102885815,-19.45473672089641,-86.12327198006473,-152.7629065034889
evreg3,1bn.relative_year_bin_aux#1.rice_area_aclvl_ahigh,36.74907295081314,112.4798886164195,97.60331468158701,105.758471296077,97.49994832854298,48.38582414345716,-67.10280064611926,-111.5728263378603,-161.2982031211336,-201.0169288862804,-244.6303346967781,0,0,-.1226679995877163,17.40226244498466,63.47075141960926,18.51874310605645,-17.0940635617287,-7.267942741289507,-8.089636039838171,-5.381835810661875,2.674729129549551,.7951784866894333,2.416614638833785,431.0623771559755,182.8121526370791,63.48300277958033,23.29119924155707,37.17231838927071,.3033393520581071,29.08675418544882,20.08521641226579,21.56016372181807,0,-422.8279234412153,-179.4266243684977,-58.935178777753,-24.21973401353609,-33.5811392346663,5.17555591459355,-25.73672784777641,-15.1243865906075,-15.93309428194504
evreg3,2.relative_year_bin_aux#1.rice_area_aclvl_ahigh,38.27187474234616,112.4798886164195,373.3605628357702,234.1628680238798,197.9701108147736,101.5721474994445,-133.6011913918517,-214.7467459035506,-327.6372716338689,-422.7077177705997,-519.1770961404687,0,0,-.1630118420035399,20.41527316829345,-10.32509182272821,45.12890742122281,-13.11092669122705,-9.234484966636428,-33.59832237060657,-46.3367865791028,-26.20351750513092,-24.92011562276943,-21.42831476651879,182.8121526370791,479.1401459445772,91.38031560136899,54.35319420970281,82.65707622735917,-42.95587431604314,49.73224993317981,45.28241465027396,45.16216867583778,0,-175.0308697807401,-477.8680885266041,-87.11967759328223,-53.68440784285625,-82.07966646160708,46.34373753910333,-49.44718796553895,-44.66758428065502,-43.46760618648591
evreg3,3.relative_year_bin_aux#1.rice_area_aclvl_ahigh,16.67821964378111,112.4798886164195,79.13433806504621,43.02926185126429,14.98358909999767,14.85372914123838,-29.65591474260527,-45.05785649530258,-63.57210245113281,-84.87322319845632,-103.9202494712499,0,0,-.0714338917911595,3.544335146167763,-4.373126631266054,14.93949872109574,23.27590688900653,4.028308890863091,4.243555502494329,.9293638808464404,.6608026392065316,2.973987120532763,3.244198071089966,63.48300277958033,91.38031560136899,108.1671084000197,35.67183097623722,34.40876172618833,33.20577377223447,39.15093293660045,38.76049888437892,37.31684219202397,0,-58.39867909324427,-88.33126727309642,-104.8665173242408,-34.66362368363784,-32.3830035786351,-30.38201284781694,-37.80665289093131,-38.1402604161811,-36.31813310476491
evreg3,4.relative_year_bin_aux#1.rice_area_aclvl_ahigh,-.1289992406146466,112.4798886164195,26.88929232329164,15.22872806353134,11.83610458802428,-3.669237815012187,-18.26743849645304,-24.24716146377944,-30.35426562638282,-37.64824389962352,-46.58327480398965,0,0,-.0284857908677728,.6265518802956235,.5664693537319113,6.197880424673496,2.304430987753868,10.5894669449063,-.5565258112833311,-1.622407414659938,-2.391901059326183,-2.063718304301799,-.0260166375457726,23.29119924155707,54.35319420970281,35.67183097623722,44.83924865245385,30.05716114679282,24.23215279806151,31.091045071749,27.56534395672,28.13982206074893,0,-21.56539384581286,-53.12480149716554,-34.44545491309373,-44.45139022758567,-29.10787922423702,-23.05268370936636,-30.74108598273888,-27.61476510986038,-28.18303842790727
evreg3,6.relative_year_bin_aux#1.rice_area_aclvl_ahigh,.5844868719948922,112.4798886164195,86.7658407819488,60.78218419570465,42.76295860348486,19.14165568786394,-43.04748766531419,-59.13821590908995,-83.06903994533332,-101.2265996571637,-122.0869889944635,0,0,-.0264617883039524,4.330807379153963,-5.125507698315586,2.140991842830246,-1.253534874466797,1.921649643392414,2.221274227790765,-1.67657945628021,1.293761621168882,-.5044416009561947,-.2902181683955079,37.17231838927071,82.65707622735917,34.40876172618833,30.05716114679282,58.94240730259897,23.1684405638597,44.11590693217033,36.63656745731418,35.60731771526752,0,-33.97830305232797,-80.78220999512033,-32.67358155126055,-29.76987556712813,-55.56221502436686,-19.79226916274119,-41.59563625176624,-35.34712263999884,-33.98379678800374
evreg3,7.relative_year_bin_aux#1.rice_area_aclvl_ahigh,-.8078520043603515,112.4798886164195,2.723587668300566,15.77438857821049,1.614939586197696,-1.858957306481641,-9.753697789516664,-35.45860034977433,-31.00523672120404,-28.57736914128271,-32.09958984423865,0,0,.0001753841974894,-1.47363889739069,3.875196350682261,-9.629203581045346,2.30287803904022,4.3036551272241,-.3716274078226239,22.55237112634094,15.30296138938903,10.67070724046911,11.76078424736602,.3033393520581071,-42.95587431604314,33.20577377223447,24.23215279806151,23.1684405638597,106.3883495753531,62.78799358200281,44.70051565340454,42.63714061042892,0,1.048159816760298,44.69370044502889,-31.88407819725103,-23.90709327174824,-19.68661337862503,-102.891985676549,-59.32520707608593,-43.0541604525767,-41.29398308475199
evreg3,8.relative_year_bin_aux#1.rice_area_aclvl_ahigh,12.84157534353792,112.4798886164195,32.99029304808843,25.2294910352592,20.77188760029739,9.237763483544411,-24.32157718018739,-46.80610288324842,-104.1287002117032,-70.89795300033303,-78.63244110926652,0,0,-.0037383806236019,3.148115508011165,.1264222631860321,1.024659764502777,-3.962942650913893,-.7064751746558192,-8.739908605569081,4.189077373502903,53.66761700790414,10.79500432986696,10.23778596183597,29.08675418544882,49.73224993317981,39.15093293660045,31.091045071749,44.11590693217033,62.78799358200281,207.3833196515832,94.24266443714087,77.96203524713337,0,-26.40664070086701,-47.59649409181056,-38.54315529385686,-30.92496605606504,-40.23232782755941,-58.87732328009512,-202.8925683930744,-91.13270394093645,-75.23735883783823
evreg3,9.relative_year_bin_aux#1.rice_area_aclvl_ahigh,-3.271392744203073,112.4798886164195,48.42840659967001,34.87906563460199,22.01607696495659,11.79001012128134,-22.21360140546946,-45.24133817079227,-66.92300880701569,-102.8829745652204,-108.2331341510756,0,0,.0163453944303091,4.391202930765041,8.05984695601313,8.40584813332217,5.960923970796514,2.069495815726595,4.313397827607825,12.18522168887677,19.95339330732068,40.74877823673607,32.38760997463775,20.08521641226579,45.28241465027396,38.76049888437892,27.56534395672,36.63656745731418,44.70051565340454,94.24266443714087,179.6611299804815,125.774064844551,0,-22.90488987421827,-48.57514056418475,-42.29440826237468,-29.18300910280391,-39.04365269714467,-45.67971996285227,-92.90121685486901,-177.3262558889902,-122.0588809862661
evreg3,10.relative_year_bin_aux#1.rice_area_aclvl_ahigh,5.807171418776541,112.4798886164195,14.51350841012942,9.848661328270538,4.382436538642659,.6013658642333348,-13.38352697018911,-28.56008491189834,-34.94709329038746,-51.43071918656469,-77.37213277905526,0,0,.019674914676277,7.689982780659504,.2033161301480255,-.0427028342250197,1.26649446044944,1.901055524231458,7.741624697219073,18.85436018002843,24.16515051113244,36.55797518810292,61.46128998329755,21.56016372181807,45.16216867583778,37.31684219202397,28.13982206074893,35.60731771526752,42.63714061042892,77.96203524713337,125.774064844551,200.8259052776754,0,-23.51531386894039,-47.26069588413642,-41.2456923616026,-29.29107370041482,-36.35937052515949,-42.88879809684246,-75.05517015157395,-122.7523235129078,-197.6530448715112
evreg3,1o.treat#1o.rice_area_aclvl_ahigh,0,112.4798886164195,0,0,0,0,0,0,0,0,0,0,0,0,0,0,0,0,0,0,0,0,0,0,0,0,0,0,0,0,0,0,0,0,0,0,0,0,0,0,0,0,0
evreg3,1bn.relative_year_bin_aux#1.treat#1.rice_area_aclvl_ahigh,-13.24901447994899,112.4798886164195,-85.54511186873901,-94.92176972985749,-93.39390605978745,-45.10617892561904,63.35364491489464,105.8605558341524,155.6886447415641,198.5835906228343,242.2376903890773,0,0,.067242930658709,-16.3721305656519,-146.052667283812,-59.33614873762635,-31.33614232260775,-27.85568186516747,-22.8227407870781,-24.25898668080601,-33.31686000657868,-30.51580247959211,-32.43505135796167,-422.8279234412153,-175.0308697807401,-58.39867909324427,-21.56539384581286,-33.97830305232797,1.048159816760298,-26.40664070086701,-22.90488987421827,-23.51531386894039,0,592.4985087391378,240.2008156003645,136.1169082373036,69.95179046343412,73.36012269625554,35.11677869912969,64.08947745608211,51.18398942862527,50.76917679885995
evreg3,2.relative_year_bin_aux#1.treat#1.rice_area_aclvl_ahigh,-31.86459976422422,112.4798886164195,-427.1826967061517,-273.340224680911,-223.3020444017447,-113.8637553466716,145.6404730915619,240.286423795439,364.772948119253,473.4157831155827,581.6417719581426,0,0,.1609281127431763,-22.13210183864215,-19.50463777123245,-81.38670328755904,-21.6184262266119,-26.70830629870734,15.19789379346207,24.76208711785977,2.834575288071838,1.648395760367844,-3.184051234491007,-179.4266243684977,-477.8680885266041,-88.33126727309642,-53.12480149716554,-80.78220999512033,44.69370044502889,-47.59649409181056,-48.57514056418475,-47.26069588413642,0,240.2008156003645,602.4009566742932,195.3291835777546,127.3836895627224,130.2174495339121,-1.874026105094016,91.75824492113841,82.44277774623963,78.64589288690148
evreg3,3.relative_year_bin_aux#1.treat#1.rice_area_aclvl_ahigh,8.327898337167131,112.4798886164195,-91.50487959799884,-48.75927174722629,-17.18650842089919,-15.88234623361249,30.31228540955127,46.96529534677974,65.64453483737886,87.40178096370811,106.4999103766761,0,0,.0727361158647845,-2.995142782375536,-41.17769103453278,-50.25018838716386,-76.25558144932202,-45.93151233311013,-29.87019489551816,-27.66299173322236,-29.90537279945654,-33.5402263816119,-36.18744183046804,-58.935178777753,-87.11967759328223,-104.8665173242408,-34.44545491309373,-32.67358155126055,-31.88407819725103,-38.54315529385686,-42.29440826237468,-41.2456923616026,0,136.1169082373036,195.3291835777546,279.0885071207434,141.3014208876764,101.0944098541678,96.03140701242251,98.24622099230945,94.10259022394844,93.30156287517404
evreg3,4.relative_year_bin_aux#1.treat#1.rice_area_aclvl_ahigh,3.876904565880785,112.4798886164195,-8.847795062395127,-1.371005286072356,-2.488904149196784,8.151614135334892,14.50265553018708,16.84350513922719,19.42754466421742,21.82133985686496,26.22733967768005,0,0,.0480570366341006,4.455868354306142,-31.71007951686635,-41.56054777835152,-42.51760563465477,-67.24608802345695,-25.17716200333349,-24.7483020991917,-26.0274959347406,-27.66996626625077,-31.76118326829649,-24.21973401353609,-53.68440784285625,-34.66362368363784,-44.45139022758567,-29.76987556712813,-23.90709327174824,-30.92496605606504,-29.18300910280391,-29.29107370041482,0,69.95179046343412,127.3836895627224,141.3014208876764,179.3928536681081,85.10706862331065,78.57553177750498,82.6174624459499,79.78184537646631,81.50097890017224
evreg3,6.relative_year_bin_aux#1.treat#1.rice_area_aclvl_ahigh,5.990564979445457,112.4798886164195,-112.3343698282802,-79.61584779413637,-55.13492144184122,-25.55932684232297,48.27924820399801,72.89725161492139,103.4245979880188,129.7098774321683,157.6815965259787,0,0,.0178119060648611,-6.986725895986381,-25.85627245956528,-25.77192505389239,-28.90552454193154,-30.28023038771511,-41.5533433042456,-14.02027211550919,-28.7012323122607,-18.15367073484284,-34.2301424019648,-33.5811392346663,-82.07966646160708,-32.3830035786351,-29.10787922423702,-55.56221502436686,-19.68661337862503,-40.23232782755941,-39.04365269714467,-36.35937052515949,0,73.36012269625554,130.2174495339121,101.0944098541678,85.10706862331065,162.432184587856,66.06593994352242,102.2320083654639,71.8103087060074,78.18461861729736
evreg3,7.relative_year_bin_aux#1.treat#1.rice_area_aclvl_ahigh,22.64666296681628,112.4798886164195,19.11351549201092,2.630945485820628,10.11534105343311,7.523031296995104,3.398347491793603,24.31319944507514,15.59902669766734,9.062748810563614,8.360394893002908,0,0,-.034740268556643,3.244868952710125,-35.98764517090657,-16.36514395708927,-33.09711907080651,-33.4010916793072,-16.79886596272662,-65.63858366811375,-34.64513014483412,-31.29400584590491,-22.15126102885815,5.17555591459355,46.34373753910333,-30.38201284781694,-23.05268370936636,-19.79226916274119,-102.891985676549,-58.87732328009512,-45.67971996285227,-42.88879809684246,0,35.11677869912969,-1.874026105094016,96.03140701242251,78.57553177750498,66.06593994352242,213.1455137649907,93.81078733933305,80.65422852849046,86.75535089106796
evreg3,8.relative_year_bin_aux#1.treat#1.rice_area_aclvl_ahigh,1.523637637124946,112.4798886164195,-56.31285612501052,-41.89898216382008,-32.45342325978901,-15.28981872840386,28.42395723452001,57.33973826890584,121.3332972975691,96.12720079900204,111.5127901577768,0,0,.0389799965739253,6.516427162062848,-34.01746076368165,-29.39249382992843,-28.39603904319826,-27.84580423685717,-19.72560819492233,-22.72557653574705,-107.9707482382063,-24.25644540557316,-19.45473672089641,-25.73672784777641,-49.44718796553895,-37.80665289093131,-30.74108598273888,-41.59563625176624,-59.32520707608593,-202.8925683930744,-92.90121685486901,-75.05517015157395,0,64.08947745608211,91.75824492113841,98.24622099230945,82.6174624459499,102.2320083654639,93.81078733933305,346.1696017886725,117.7604392901864,100.9391156495241
evreg3,9.relative_year_bin_aux#1.treat#1.rice_area_aclvl_ahigh,16.00814097286783,112.4798886164195,-94.86331616228019,-69.41703584820226,-47.27255504925945,-24.73882939875815,31.58750284881904,67.56193843915794,104.531732906114,160.2389736693711,183.4625627473162,0,0,-.0762211134641078,-2.258408744213138,-47.10950722169486,-42.64144550181611,-44.52378197884266,-37.78134499383946,-33.87592593128375,-36.30834965314196,-30.91807686963953,-105.7863412943049,-86.12327198006473,-15.1243865906075,-44.66758428065502,-38.1402604161811,-27.61476510986038,-35.34712263999884,-43.0541604525767,-91.13270394093645,-177.3262558889902,-122.7523235129078,0,51.18398942862527,82.44277774623963,94.10259022394844,79.78184537646631,71.8103087060074,80.65422852849046,117.7604392901864,373.6535937607844,256.8215321064459
evreg3,10.relative_year_bin_aux#1.treat#1.rice_area_aclvl_ahigh,7.124122457546473,112.4798886164195,-48.10045789473877,-34.58922006912965,-23.72271743052785,-10.2331206109205,19.50766823061501,43.62366462001947,62.05533130649465,93.46521237490137,133.4189668951909,0,0,-.0737958016655978,-15.44558031336672,-37.37340371538799,-32.35360609433763,-37.4960331679872,-37.69706131226433,-49.49859126946496,-29.25794610906181,-28.55951766948234,-93.23555536298171,-152.7629065034889,-15.93309428194504,-43.46760618648591,-36.31813310476491,-28.18303842790727,-33.98379678800374,-41.29398308475199,-75.23735883783823,-122.0588809862661,-197.6530448715112,0,50.76917679885995,78.64589288690148,93.30156287517404,81.50097890017224,78.18461861729736,86.75535089106796,100.9391156495241,256.8215321064459,378.462995916467
evreg4,1bn.relative_year_bin_aux,223.6353791431266,112.4798886164195,4610.779937115212,3510.741788440056,2358.084583800122,1199.757709165862,-1246.824491720072,-2383.649106982871,-3411.320564599226,-4511.605097175734,-5574.669813073005,0,0,-1.168858997507475,231.0290666484682,-465.0680741761147,-364.4076770816363,-247.9632813915718,-141.6115603442942,-370.2460291088365,-281.5397357791109,-291.9425720068889,-241.5538548911232,-208.0997899168563,579.4628659309813,1085.451076861683,84.82879147112006,22.76401899889753,148.3165262108027,-288.2951779919485,-236.0525717412044,-46.98852731345621,-82.93030023461225,0,-490.2954752483873,-1077.89887514381,-76.26055276372405,-.681275682142191,-149.823329078827,343.8420630654824,128.5094648878665,56.93433791813483,90.99257885289141
evreg4,2.relative_year_bin_aux,185.079196389065,112.4798886164195,3510.741788440056,2712.862513423368,1819.554330228377,923.4626378233233,-962.6857337986708,-1838.621107316944,-2623.04048173592,-3464.416016469891,-4278.722295561124,0,0,-.9073542119033441,177.3640008689824,-347.6135569252697,-310.5708749540182,-208.433237421962,-115.9444597174208,-297.3662287428128,-223.3059990449514,-232.5256534659202,-194.2748455368299,-167.2536684034985,423.3374372956689,812.0104593720715,66.35027709029278,16.8978416498095,116.2861743221677,-215.5531851384111,-176.1018864890156,-36.69557593989281,-62.14548489994495,0,-357.3834627621449,-804.1775064985483,-57.07660739845679,-.1240065299572927,-116.9324972077663,257.7198438612727,95.72137165924136,43.27142995682043,66.51738618531313
evreg4,3.relative_year_bin_aux,119.4377837925795,112.4798886164195,2358.084583800122,1819.554330228377,1231.033668261551,624.8542728110252,-647.9440579125787,-1239.400938113407,-1770.667157232003,-2338.018902590265,-2886.417487829955,0,0,-.6055186526616474,118.9565644960983,-228.7286394225094,-201.7086029122762,-145.8190662249852,-80.8561159948781,-204.0198538679624,-153.2549998364845,-157.5454232722892,-132.029267278832,-114.8101879498754,285.33328825007,558.0378268891087,47.14543536705477,10.50939097098729,78.5402392543689,-146.3534108177654,-119.9550071030209,-25.08158949623265,-41.46582481227767,0,-242.3833281617959,-552.201197942671,-39.84812233496599,.8491575781780998,-79.07979389973616,174.3445686054304,64.71076805466478,28.16181071834613,43.35874040329778
evreg4,4.relative_year_bin_aux,63.98976678648788,112.4798886164195,1199.757709165862,923.4626378233233,624.8542728110252,322.8681952141403,-329.1555844700919,-631.5621386596804,-904.4282144815338,-1196.485003720934,-1475.90669919788,0,0,-.3043857993024426,60.58633999326046,-111.9352102213682,-96.54074961910051,-70.13950867694368,-44.70042908451337,-101.7366014184469,-76.02936213903807,-77.6400437607204,-63.27654550567646,-56.18095013383851,144.428750970493,284.9657504017929,26.70376198261523,1.76956046539542,39.37200366231171,-74.4235863974463,-61.86761678651631,-9.999646651579317,-20.83792330072004,0,-123.21493495331,-282.3657639883238,-23.27219747022116,3.580514347756921,-40.03237799204491,88.30809600318248,32.99637517800026,11.30171232307941,22.01556926227758
evreg4,6.relative_year_bin_aux,-57.17290706603994,112.4798886164195,-1246.824491720072,-962.6857337986708,-647.9440579125787,-329.1555844700919,364.1550791587089,675.4962450507755,959.2703650873657,1260.91402437649,1551.498322113642,0,0,.3182308321114198,-61.88592703655215,122.2732794038253,107.6540526374878,75.22331469435801,42.42282232797894,111.6518600135908,86.21082414509523,85.40991823865666,70.44914592857566,61.00105337049089,-161.9980697172737,-316.236568045879,-38.3388635338362,-11.59018424280425,-58.62167880219702,72.53835632135923,59.05578154312787,8.594887630767182,16.10632186125342,0,141.2498835214625,312.6034769070766,34.53009309662003,5.961719620373838,60.38825347989985,-84.69572468715873,-33.59986264461971,-10.52723727784115,-17.02142750575043
evreg4,7.relative_year_bin_aux,-107.4015459493754,112.4798886164195,-2383.649106982871,-1838.621107316944,-1239.400938113407,-631.5621386596804,675.4962450507755,1291.12915214996,1829.834965721004,2411.914860925145,2974.559473889797,0,0,.5928459484589035,-118.2240435813505,215.7411586883418,190.0348954782966,134.0890561538119,77.40447075625974,203.6885315448126,140.9277250652993,149.9547597369852,122.1454689879487,103.2606382329887,-296.6485042840241,-573.5112334954699,-60.74729732948208,-16.50676144373838,-93.25177061926712,128.6133387043435,119.0998519592787,14.93477787391703,31.14403703101472,0,257.5269412390446,567.5327107130296,53.56001536318256,6.126917984929469,97.39253475569221,-153.0687091571831,-64.32089208763749,-16.58840158223935,-32.61946791353338
evreg4,8.relative_year_bin_aux,-148.4866129300631,112.4798886164195,-3411.320564599226,-2623.04048173592,-1770.667157232003,-904.4282144815338,959.2703650873657,1829.834965721004,2624.149232035173,3460.77770611853,4270.678664049679,0,0,.8227188873746434,-170.2939111583658,285.5824112301834,245.6487448483483,175.6284085919996,103.7711900193263,273.4988507842133,201.3200482313098,199.7050287762846,164.0748939262003,140.5813663757956,-419.1702867429134,-816.3352729158087,-83.51861061975777,-22.05137762478016,-128.6039637012202,196.2639962773972,174.9225153689212,20.90322719998426,49.97514822057911,0,364.5195652527307,807.8495469055125,72.57191088235926,7.144171330612969,135.1910649641088,-231.8912540540173,-87.46848344537308,-19.96376758509445,-50.84041628358157
evreg4,9.relative_year_bin_aux,-181.6539591341359,112.4798886164195,-4511.605097175734,-3464.416016469891,-2338.018902590265,-1196.485003720934,1260.91402437649,2411.914860925145,3460.77770611853,4593.154946065806,5663.801983345798,0,0,1.062695596861399,-223.33308908939,353.3406438222719,300.5979628121698,214.2631824204661,129.7127634919821,342.0733289982952,254.5908785306316,263.7984750136231,199.2244419577799,177.7448764479294,-545.909730327034,-1065.218361923629,-106.2393243413737,-27.59645718549832,-164.0036708285541,259.6799830441308,243.6934417243316,19.00875602579932,68.94983063562327,0,478.6356013832389,1055.895625524013,91.61640181261669,7.087219919529469,173.1825608382814,-307.4122902141434,-118.9036918890307,-12.54170958672878,-68.83246865007715
evreg4,10.relative_year_bin_aux,-222.6995539664378,112.4798886164195,-5574.669813073005,-4278.722295561124,-2886.417487829955,-1475.90669919788,1551.498322113642,2974.559473889797,4270.678664049679,5663.801983345798,7015.942057351911,0,0,1.3068038056671,-278.2345808373661,424.7392343663483,360.336029922866,255.472274734111,153.8677125459509,408.9957135759416,303.3247541397758,318.9044805249108,248.9815428367784,197.2307667838889,-673.7570842502267,-1314.779939448306,-128.7791333755155,-34.89216974945071,-200.7932813390541,320.892027360514,299.7794597122848,28.45000607214292,63.34658321826099,0,590.628350523278,1303.105167579646,110.188722737393,9.390696207357598,212.2749142050058,-380.0119336572041,-139.5382955474576,-17.02653442323291,-61.22660844352807
evreg4,1o.treat,0,112.4798886164195,0,0,0,0,0,0,0,0,0,0,0,0,0,0,0,0,0,0,0,0,0,0,0,0,0,0,0,0,0,0,0,0,0,0,0,0,0,0,0,0,0
evreg4,1o.rice_harvarea_aclvl_ahigh,0,112.4798886164195,0,0,0,0,0,0,0,0,0,0,0,0,0,0,0,0,0,0,0,0,0,0,0,0,0,0,0,0,0,0,0,0,0,0,0,0,0,0,0,0,0
evreg4,wind_direction,-.6702740569860449,112.4798886164195,-1.168858997507475,-.9073542119033441,-.6055186526616474,-.3043857993024426,.3182308321114198,.5928459484589035,.8227188873746434,1.062695596861399,1.3068038056671,0,0,.0013217487050074,-.0775889974571713,.1638452468309524,.1448528380469165,.0990795685707565,.0598143242017656,.1198321388595533,.0773211223329476,.0653542923656,.0763755384824065,.0548177736293146,-.2044572727549247,-.3749792720767062,-.1017386040791923,-.0212941296416143,-.0232242952608934,.0828640357054389,-.0327363440173252,.0035343805668205,-.0018027840333449,0,.0730706104564537,.3731800025292365,.0977285093965318,.0602335360113699,.0087912982655186,-.1430978052336481,.0848399199074341,-.1143179795509302,-.0438583364059243
evreg4,av_wind_speed,66.7157665224511,112.4798886164195,231.0290666484682,177.3640008689824,118.9565644960983,60.58633999326046,-61.88592703655215,-118.2240435813505,-170.2939111583658,-223.33308908939,-278.2345808373661,0,0,-.0775889974571713,38.49385064221387,-22.91415244667548,-21.83063265594521,-15.5816694709071,-8.343299400168029,-12.54497126277766,-14.32636298085125,-10.80779390459586,-4.960773552498444,3.837966891459375,34.76565864837214,58.87442306015856,5.356161872818692,-2.847361330644029,3.700887022340907,-23.02768249933758,-7.693058875618012,.8096186202069604,4.779741212844553,0,-29.68681723274941,-57.7487826552031,-6.300768003154618,5.177385330627591,-5.806787773096921,28.6254334926079,10.33798055612126,7.668146510361686,-7.889095727446708
evreg4,1bn.relative_year_bin_aux#1.treat,-59.48062573985326,112.4798886164195,-465.0680741761147,-347.6135569252697,-228.7286394225094,-111.9352102213682,122.2732794038253,215.7411586883418,285.5824112301834,353.3406438222719,424.7392343663483,0,0,.1638452468309524,-22.91415244667548,247.775983268688,171.3076473337174,134.7745526777753,82.76396958799874,136.3019455067229,109.5463150415789,99.5654694226922,95.6638927541068,85.04546257652275,-72.71154900257262,-139.6545144987475,-9.599152828261431,.9522242937378466,-14.50563175311389,43.81702954433899,9.95400450958889,21.58327717105272,13.6676512642943,0,3.912803563592423,104.1084114952773,-31.49613416831055,-37.63081610013837,-15.39802605790724,-75.81382061441752,-51.81975929144468,-58.69910504659516,-42.52549723811155
evreg4,2.relative_year_bin_aux#1.treat,-68.21952733243079,112.4798886164195,-364.4076770816363,-310.5708749540182,-201.7086029122762,-96.54074961910051,107.6540526374878,190.0348954782966,245.6487448483483,300.5979628121698,360.336029922866,0,0,.1448528380469165,-21.83063265594521,171.3076473337174,167.5887763102014,121.4318475349921,67.47588949169061,118.2977919076124,92.33157483648364,85.1503355113263,82.04789815178613,71.74866723580378,-42.3649163455097,-92.55760034660878,-7.066664311709514,1.347580529262544,-14.19360400840908,30.54564230236544,3.610934415430643,17.72192099145749,8.657165786901443,0,2.36216411449427,62.3118651065488,-22.24324360061911,-25.11614072266843,-5.450564993595949,-52.38603477393871,-36.85954570643476,-46.06853756324909,-29.01954414665828
evreg4,3.relative_year_bin_aux#1.treat,-41.73104206167981,112.4798886164195,-247.9632813915718,-208.433237421962,-145.8190662249852,-70.13950867694368,75.22331469435801,134.0890561538119,175.6284085919996,214.2631824204661,255.472274734111,0,0,.0990795685707565,-15.5816694709071,134.7745526777753,121.4318475349921,115.4129085000244,68.90042802054525,99.90068442370304,81.21751189114185,73.1461893372154,70.87199555228486,64.88704798674581,-35.89544343200849,-79.86386174493737,-6.791242688454441,1.837677341810982,-10.14671218986633,24.01962050964755,4.315768397436051,11.93993772074894,5.020346911525797,0,-8.515368825796108,49.48118975665782,-36.18261275039754,-35.96975157483433,-14.42216057994821,-51.4071924787857,-39.39639464464693,-45.50769770425607,-32.75718505680594
evreg4,4.relative_year_bin_aux#1.treat,-27.96675201611513,112.4798886164195,-141.6115603442942,-115.9444597174208,-80.8561159948781,-44.70042908451337,42.42282232797894,77.40447075625974,103.7711900193263,129.7127634919821,153.8677125459509,0,0,.0598143242017656,-8.343299400168029,82.76396958799874,67.47588949169061,68.90042802054525,61.05380601052188,62.7828256014744,52.04018734910358,47.02059421809873,44.69932027514272,43.09176021065937,-20.11138900629931,-48.16345049873033,-7.435612356143191,4.179839294613505,-5.22115870605946,13.74249838861838,3.074838806759662,2.991809941802908,2.102521130736721,0,-18.8261060748357,24.06764562395606,-27.86819902529584,-42.92620231688569,-18.39303818817227,-38.64709985184139,-32.03542845873329,-32.09493230554051,-27.63563935877762
evreg4,6.relative_year_bin_aux#1.treat,-38.22583430481164,112.4798886164195,-370.2460291088365,-297.3662287428128,-204.0198538679624,-101.7366014184469,111.6518600135908,203.6885315448126,273.4988507842133,342.0733289982952,408.9957135759416,0,0,.1198321388595533,-12.54497126277766,136.3019455067229,118.2977919076124,99.90068442370304,62.7828256014744,172.4943716746691,119.7873667263879,113.9187320347165,103.1609728854641,102.2881522412055,-29.79111862939923,-118.1535790118379,-11.33704919777633,-3.934647412543987,-17.61835727271998,25.70960639757088,5.404756656915092,11.76747458444304,14.89368395541214,0,-3.962572789609442,95.43214919872661,-16.49452562896581,-22.75744922802439,-16.04067684765486,-35.57082874203149,-37.21341211813854,-32.34193556171773,-32.61471075465944
evreg4,7.relative_year_bin_aux#1.treat,-36.05320835742791,112.4798886164195,-281.5397357791109,-223.3059990449514,-153.2549998364845,-76.02936213903807,86.21082414509523,140.9277250652993,201.3200482313098,254.5908785306316,303.3247541397758,0,0,.0773211223329476,-14.32636298085125,109.5463150415789,92.33157483648364,81.21751189114185,52.04018734910358,119.7873667263879,139.0433585010444,102.8983671095786,86.0763572607881,75.01810691648896,-17.40153319399093,-98.90080174467064,-9.814677368050544,-5.216771183748294,-16.73139309280411,29.78054889169006,4.595136516942294,11.36161426254799,17.65915949391239,0,-13.78303056991087,76.01533216345503,-17.14626396047938,-20.58496720936416,12.55378159793873,-62.77589124288101,-26.92310251994279,-20.36328115118442,-15.12376703817772
evreg4,8.relative_year_bin_aux#1.treat,-13.64352412986288,112.4798886164195,-291.9425720068889,-232.5256534659202,-157.5454232722892,-77.6400437607204,85.40991823865666,149.9547597369852,199.7050287762846,263.7984750136231,318.9044805249108,0,0,.0653542923656,-10.80779390459586,99.5654694226922,85.1503355113263,73.1461893372154,47.02059421809873,113.9187320347165,102.8983671095786,117.9984217563134,94.50982490519765,84.88221863595992,-15.41864834255068,-89.01296613610678,-7.136446187637229,-5.530542281322127,-15.62823573850402,20.85136953461938,8.88283505797185,12.18063426154536,18.50766969686838,0,-13.50877926416553,65.31751156425339,-21.6761634947126,-21.5954283410496,-.1959442749163817,-37.16229543547199,-40.0783340621094,-25.30699451563384,-22.79123642141422
evreg4,9.relative_year_bin_aux#1.treat,-18.64556370707733,112.4798886164195,-241.5538548911232,-194.2748455368299,-132.029267278832,-63.27654550567646,70.44914592857566,122.1454689879487,164.0748939262003,199.2244419577799,248.9815428367784,0,0,.0763755384824065,-4.960773552498444,95.6638927541068,82.04789815178613,70.87199555228486,44.69932027514272,103.1609728854641,86.0763572607881,94.50982490519765,124.5324982716475,115.3905113236213,-12.7086200717624,-80.23644480625565,-6.213481289521927,-6.169400743847501,-14.56981494819919,18.11892239239928,-.8858221855628262,20.2726246897581,18.42928614796119,0,-16.48056620381648,56.34464255306092,-23.64428351810981,-20.68257460456605,-.9352757446074479,-26.97317223584346,-16.47851871677248,-55.9187154072962,-52.1484095157484
evreg4,10.relative_year_bin_aux#1.treat,-8.970816658150378,112.4798886164195,-208.0997899168563,-167.2536684034985,-114.8101879498754,-56.18095013383851,61.00105337049089,103.2606382329887,140.5813663757956,177.7448764479294,197.2307667838889,0,0,.0548177736293146,3.837966891459375,85.04546257652275,71.74866723580378,64.88704798674581,43.09176021065937,102.2881522412055,75.01810691648896,84.88221863595992,115.3905113236213,173.9945029789889,-5.701278294534204,-64.4846399250099,-3.861037978921128,-4.803942795850838,-11.80928485336164,16.08291123799915,2.632402973413543,17.33125343937505,43.36083978423528,0,-19.26760484436488,42.06468488795235,-26.30315237896881,-22.54389178307659,-10.29264023795919,-17.49748177932396,-9.918594054208981,-50.15955220425808,-118.6231709434373
evreg4,1bn.relative_year_bin_aux#1.rice_harvarea_aclvl_ahigh,58.52813829351889,112.4798886164195,579.4628659309813,423.3374372956689,285.33328825007,144.428750970493,-161.9980697172737,-296.6485042840241,-419.1702867429134,-545.909730327034,-673.7570842502267,0,0,-.2044572727549247,34.76565864837214,-72.71154900257262,-42.3649163455097,-35.89544343200849,-20.11138900629931,-29.79111862939923,-17.40153319399093,-15.41864834255068,-12.7086200717624,-5.701278294534204,512.1070962821972,271.8743823677549,43.12647349273232,26.97766155589841,42.79519856468373,-12.73253304976139,35.15261888325193,27.87389747509797,28.63307263027879,0,-499.1044667964098,-270.0198463022496,-44.20935288918406,-27.30807182509961,-28.4032661548947,34.58152877365386,-18.32310711633524,-2.183526856065692,-3.722237992475919
evreg4,2.relative_year_bin_aux#1.rice_harvarea_aclvl_ahigh,94.07979999435972,112.4798886164195,1085.451076861683,812.0104593720715,558.0378268891087,284.9657504017929,-316.236568045879,-573.5112334954699,-816.3352729158087,-1065.218361923629,-1314.779939448306,0,0,-.3749792720767062,58.87442306015856,-139.6545144987475,-92.55760034660878,-79.86386174493737,-48.16345049873033,-118.1535790118379,-98.90080174467064,-89.01296613610678,-80.23644480625565,-64.4846399250099,271.8743823677549,641.118793728778,100.7709859853953,65.22831960787424,102.8598367558688,-69.28137127261896,59.52142520295422,61.17200766035807,58.50672414676919,0,-247.57996792421,-629.8505466057646,-94.62704363960158,-60.38066466627215,-101.4102117101463,77.77724310671576,-60.82031283858429,-57.30406054144517,-55.33657559288314
evreg4,3.relative_year_bin_aux#1.rice_harvarea_aclvl_ahigh,39.17486488520835,112.4798886164195,84.82879147112006,66.35027709029278,47.14543536705477,26.70376198261523,-38.3388635338362,-60.74729732948208,-83.51861061975777,-106.2393243413737,-128.7791333755155,0,0,-.1017386040791923,5.356161872818692,-9.599152828261431,-7.066664311709514,-6.791242688454441,-7.435612356143191,-11.33704919777633,-9.814677368050544,-7.136446187637229,-6.213481289521927,-3.861037978921128,43.12647349273232,100.7709859853953,137.9260295171333,34.49648941907618,39.86933493237112,34.95670674205047,46.36497252712262,43.68416979767823,42.15562938920964,0,-50.02778677641742,-103.2693388914537,-138.2875705580018,-34.0412130350779,-40.54205175614271,-33.94444411080129,-48.89157100720266,-44.6338323632829,-44.22664924585472
evreg4,4.relative_year_bin_aux#1.rice_harvarea_aclvl_ahigh,-1.934896198145521,112.4798886164195,22.76401899889753,16.8978416498095,10.50939097098729,1.76956046539542,-11.59018424280425,-16.50676144373838,-22.05137762478016,-27.59645718549832,-34.89216974945071,0,0,-.0212941296416143,-2.847361330644029,.9522242937378466,1.347580529262544,1.837677341810982,4.179839294613505,-3.934647412543987,-5.216771183748294,-5.530542281322127,-6.169400743847501,-4.803942795850838,26.97766155589841,65.22831960787424,34.49648941907618,53.8827359979469,39.41798802494918,30.60091203491292,41.99384435982439,35.68584976836292,36.76315294125483,0,-21.54450205890064,-60.58856469425734,-32.17647665771167,-52.87620600144304,-40.13259626246754,-32.04081172875124,-45.41835185520084,-39.14722695322521,-41.14718904404433
evreg4,6.relative_year_bin_aux#1.rice_harvarea_aclvl_ahigh,-4.59023982507205,112.4798886164195,148.3165262108027,116.2861743221677,78.5402392543689,39.37200366231171,-58.62167880219702,-93.25177061926712,-128.6039637012202,-164.0036708285541,-200.7932813390541,0,0,-.0232242952608934,3.700887022340907,-14.50563175311389,-14.19360400840908,-10.14671218986633,-5.22115870605946,-17.61835727271998,-16.73139309280411,-15.62823573850402,-14.56981494819919,-11.80928485336164,42.79519856468373,102.8598367558688,39.86933493237112,39.41798802494918,68.61405071986579,28.00192863355895,44.5445237789159,41.42401395975329,40.87207042880949,0,-39.37600992634415,-98.01402981091228,-37.29509312509237,-37.37488740423274,-70.00260710101337,-29.12088265859386,-48.85276814264445,-43.79152665279904,-44.63504918674704
evreg4,7.relative_year_bin_aux#1.rice_harvarea_aclvl_ahigh,-27.62723784384095,112.4798886164195,-288.2951779919485,-215.5531851384111,-146.3534108177654,-74.4235863974463,72.53835632135923,128.6133387043435,196.2639962773972,259.6799830441308,320.892027360514,0,0,.0828640357054389,-23.02768249933758,43.81702954433899,30.54564230236544,24.01962050964755,13.74249838861838,25.70960639757088,29.78054889169006,20.85136953461938,18.11892239239928,16.08291123799915,-12.73253304976139,-69.28137127261896,34.95670674205047,30.60091203491292,28.00192863355895,130.3664811950685,65.03237730763239,46.0587285956904,47.73643307972851,0,9.689655938760186,73.13892251021126,-32.99059844476943,-29.24710390514635,-28.78506622470421,-134.2450239802958,-69.44070786698495,-52.87982661948911,-56.58535369384595
evreg4,8.relative_year_bin_aux#1.rice_harvarea_aclvl_ahigh,22.74052322736867,112.4798886164195,-236.0525717412044,-176.1018864890156,-119.9550071030209,-61.86761678651631,59.05578154312787,119.0998519592787,174.9225153689212,243.6934417243316,299.7794597122848,0,0,-.0327363440173252,-7.693058875618012,9.95400450958889,3.610934415430643,4.315768397436051,3.074838806759662,5.404756656915092,4.595136516942294,8.88283505797185,-.8858221855628262,2.632402973413543,35.15261888325193,59.52142520295422,46.36497252712262,41.99384435982439,44.5445237789159,65.03237730763239,267.9236160608365,97.92001415720785,89.03769594683907,0,-40.6012088165794,-58.48431885770894,-47.08664792112715,-41.34012435131378,-55.6420831642569,-76.37958547631416,-275.889071454609,-109.7287967358437,-98.57324285754019
evreg4,9.relative_year_bin_aux#1.rice_harvarea_aclvl_ahigh,-8.078686412480975,112.4798886164195,-46.98852731345621,-36.69557593989281,-25.08158949623265,-9.999646651579317,8.594887630767182,14.93477787391703,20.90322719998426,19.00875602579932,28.45000607214292,0,0,.0035343805668205,.8096186202069604,21.58327717105272,17.72192099145749,11.93993772074894,2.991809941802908,11.76747458444304,11.36161426254799,12.18063426154536,20.2726246897581,17.33125343937505,27.87389747509797,61.17200766035807,43.68416979767823,35.68584976836292,41.42401395975329,46.0587285956904,97.92001415720785,186.3826192672594,134.1880780407699,0,-25.84790317945045,-58.95308201378681,-43.57140587593191,-35.74930465355766,-46.02723865276965,-52.62125662874864,-99.26369831835876,-199.1919353793455,-143.6611382226704
evreg4,10.relative_year_bin_aux#1.rice_harvarea_aclvl_ahigh,12.36630939877722,112.4798886164195,-82.93030023461225,-62.14548489994495,-41.46582481227767,-20.83792330072004,16.10632186125342,31.14403703101472,49.97514822057911,68.94983063562327,63.34658321826099,0,0,-.0018027840333449,4.779741212844553,13.6676512642943,8.657165786901443,5.020346911525797,2.102521130736721,14.89368395541214,17.65915949391239,18.50766969686838,18.42928614796119,43.36083978423528,28.63307263027879,58.50672414676919,42.15562938920964,36.76315294125483,40.87207042880949,47.73643307972851,89.03769594683907,134.1880780407699,219.5719744783425,0,-25.09819079524181,-57.3898139642752,-42.93982743631428,-37.68223819817999,-40.63714146366414,-50.68024796010427,-82.23972122761701,-147.5221027434476,-227.5909519185631
evreg4,1o.treat#1o.rice_harvarea_aclvl_ahigh,0,112.4798886164195,0,0,0,0,0,0,0,0,0,0,0,0,0,0,0,0,0,0,0,0,0,0,0,0,0,0,0,0,0,0,0,0,0,0,0,0,0,0,0,0,0
evreg4,1bn.relative_year_bin_aux#1.treat#1.rice_harvarea_aclvl_ahigh,-13.53977027277497,112.4798886164195,-490.2954752483873,-357.3834627621449,-242.3833281617959,-123.21493495331,141.2498835214625,257.5269412390446,364.5195652527307,478.6356013832389,590.628350523278,0,0,.0730706104564537,-29.68681723274941,3.912803563592423,2.36216411449427,-8.515368825796108,-18.8261060748357,-3.962572789609442,-13.78303056991087,-13.50877926416553,-16.48056620381648,-19.26760484436488,-499.1044667964098,-247.57996792421,-50.02778677641742,-21.54450205890064,-39.37600992634415,9.689655938760186,-40.6012088165794,-25.84790317945045,-25.09819079524181,0,692.7404663838712,312.4374748089715,137.7466298475296,65.6334501909767,64.0034604539543,9.902048164312141,53.54715721595494,45.26461989458274,37.26220936398744
evreg4,2.relative_year_bin_aux#1.treat#1.rice_harvarea_aclvl_ahigh,-92.10258844274477,112.4798886164195,-1077.89887514381,-804.1775064985483,-552.201197942671,-282.3657639883238,312.6034769070766,567.5327107130296,807.8495469055125,1055.895625524013,1303.105167579646,0,0,.3731800025292365,-57.7487826552031,104.1084114952773,62.3118651065488,49.48118975665782,24.06764562395606,95.43214919872661,76.01533216345503,65.31751156425339,56.34464255306092,42.06468488795235,-270.0198463022496,-629.8505466057646,-103.2693388914537,-60.58856469425734,-98.01402981091228,73.13892251021126,-58.48431885770894,-58.95308201378681,-57.3898139642752,0,312.4374748089715,764.783005583604,219.3255962474863,149.4895107709919,159.8117808953512,-21.96043947630552,109.4123052156919,113.5097561487171,102.2016604321533
evreg4,3.relative_year_bin_aux#1.treat#1.rice_harvarea_aclvl_ahigh,-14.83031893460883,112.4798886164195,-76.26055276372405,-57.07660739845679,-39.84812233496599,-23.27219747022116,34.53009309662003,53.56001536318256,72.57191088235926,91.61640181261669,110.188722737393,0,0,.0977285093965318,-6.300768003154618,-31.49613416831055,-22.24324360061911,-36.18261275039754,-27.86819902529584,-16.49452562896581,-17.14626396047938,-21.6761634947126,-23.64428351810981,-26.30315237896881,-44.20935288918406,-94.62704363960158,-138.2875705580018,-32.17647665771167,-37.29509312509237,-32.99059844476943,-47.08664792112715,-43.57140587593191,-42.93982743631428,0,137.7466298475296,219.3255962474863,334.1169105307889,151.9797598295742,123.8538687335881,112.4019828975392,121.0578446561062,119.5894166237279,114.9947678629683
evreg4,4.relative_year_bin_aux#1.treat#1.rice_harvarea_aclvl_ahigh,-4.564604017918486,112.4798886164195,-.681275682142191,-.1240065299572927,.8491575781780998,3.580514347756921,5.961719620373838,6.126917984929469,7.144171330612969,7.087219919529469,9.390696207357598,0,0,.0602335360113699,5.177385330627591,-37.63081610013837,-25.11614072266843,-35.96975157483433,-42.92620231688569,-22.75744922802439,-20.58496720936416,-21.5954283410496,-20.68257460456605,-22.54389178307659,-27.30807182509961,-60.38066466627215,-34.0412130350779,-52.87620600144304,-37.37488740423274,-29.24710390514635,-41.34012435131378,-35.74930465355766,-37.68223819817999,0,65.6334501909767,149.4895107709919,151.9797598295742,211.0895247297751,116.2127670276196,107.0671808980737,113.983468199622,111.5444956821263,111.2053249288007
evreg4,6.relative_year_bin_aux#1.treat#1.rice_harvarea_aclvl_ahigh,8.594702933689948,112.4798886164195,-149.823329078827,-116.9324972077663,-79.07979389973616,-40.03237799204491,60.38825347989985,97.39253475569221,135.1910649641088,173.1825608382814,212.2749142050058,0,0,.0087912982655186,-5.806787773096921,-15.39802605790724,-5.450564993595949,-14.42216057994821,-18.39303818817227,-16.04067684765486,12.55378159793873,-.1959442749163817,-.9352757446074479,-10.29264023795919,-28.4032661548947,-101.4102117101463,-40.54205175614271,-40.13259626246754,-70.00260710101337,-28.78506622470421,-55.6420831642569,-46.02723865276965,-40.63714146366414,0,64.0034604539543,159.8117808953512,123.8538687335881,116.2127670276196,204.0260695129137,105.2520728099675,142.7559824873737,98.29427302160055,97.12774488210762
evreg4,7.relative_year_bin_aux#1.treat#1.rice_harvarea_aclvl_ahigh,67.59775604693299,112.4798886164195,343.8420630654824,257.7198438612727,174.3445686054304,88.30809600318248,-84.69572468715873,-153.0687091571831,-231.8912540540173,-307.4122902141434,-380.0119336572041,0,0,-.1430978052336481,28.6254334926079,-75.81382061441752,-52.38603477393871,-51.4071924787857,-38.64709985184139,-35.57082874203149,-62.77589124288101,-37.16229543547199,-26.97317223584346,-17.49748177932396,34.58152877365386,77.77724310671576,-33.94444411080129,-32.04081172875124,-29.12088265859386,-134.2450239802958,-76.37958547631416,-52.62125662874864,-50.68024796010427,0,9.902048164312141,-21.96043947630552,112.4019828975392,107.0671808980737,105.2520728099675,267.4006314843697,127.8498524861509,112.5017163406773,112.7755503851131
evreg4,8.relative_year_bin_aux#1.treat#1.rice_harvarea_aclvl_ahigh,-4.004691740407651,112.4798886164195,128.5094648878665,95.72137165924136,64.71076805466478,32.99637517800026,-33.59986264461971,-64.32089208763749,-87.46848344537308,-118.9036918890307,-139.5382955474576,0,0,.0848399199074341,10.33798055612126,-51.81975929144468,-36.85954570643476,-39.39639464464693,-32.03542845873329,-37.21341211813854,-26.92310251994279,-40.0783340621094,-16.47851871677248,-9.918594054208981,-18.32310711633524,-60.82031283858429,-48.89157100720266,-45.41835185520084,-48.85276814264445,-69.44070786698495,-275.889071454609,-99.26369831835876,-82.23972122761701,0,53.54715721595494,109.4123052156919,121.0578446561062,113.983468199622,142.7559824873737,127.8498524861509,469.4695858460025,138.3405551612688,120.6212992904485
evreg4,9.relative_year_bin_aux#1.treat#1.rice_harvarea_aclvl_ahigh,41.60702022798531,112.4798886164195,56.93433791813483,43.27142995682043,28.16181071834613,11.30171232307941,-10.52723727784115,-16.58840158223935,-19.96376758509445,-12.54170958672878,-17.02653442323291,0,0,-.1143179795509302,7.668146510361686,-58.69910504659516,-46.06853756324909,-45.50769770425607,-32.09493230554051,-32.34193556171773,-20.36328115118442,-25.30699451563384,-55.9187154072962,-50.15955220425808,-2.183526856065692,-57.30406054144517,-44.6338323632829,-39.14722695322521,-43.79152665279904,-52.87982661948911,-109.7287967358437,-199.1919353793455,-147.5221027434476,0,45.26461989458274,113.5097561487171,119.5894166237279,111.5444956821263,98.29427302160055,112.5017163406773,138.3405551612688,429.3043588215209,300.8376736079835
evreg4,10.relative_year_bin_aux#1.treat#1.rice_harvarea_aclvl_ahigh,17.03089768353772,112.4798886164195,90.99257885289141,66.51738618531313,43.35874040329778,22.01556926227758,-17.02142750575043,-32.61946791353338,-50.84041628358157,-68.83246865007715,-61.22660844352807,0,0,-.0438583364059243,-7.889095727446708,-42.52549723811155,-29.01954414665828,-32.75718505680594,-27.63563935877762,-32.61471075465944,-15.12376703817772,-22.79123642141422,-52.1484095157484,-118.6231709434373,-3.722237992475919,-55.33657559288314,-44.22664924585472,-41.14718904404433,-44.63504918674704,-56.58535369384595,-98.57324285754019,-143.6611382226704,-227.5909519185631,0,37.26220936398744,102.2016604321533,114.9947678629683,111.2053249288007,97.12774488210762,112.7755503851131,120.6212992904485,300.8376736079835,423.3255498718195
evreg5,1bn.relative_year_bin_aux,227.3655329636771,112.4798886164195,4587.741163198093,3468.55197138658,2343.962383403767,1190.462302726582,-1244.501277018681,-2361.512267870488,-3405.329403427571,-4497.117903922191,-5565.58407826053,0,0,-1.163220260887827,231.2477036163212,-473.088887640273,-360.1232423580833,-254.861772634774,-147.8495559947902,-381.5118879856695,-298.2721602880649,-280.8469004337135,-239.6758191579751,-182.6724411136926,514.8806589394916,1001.789295225867,88.98257179567634,33.55034022053945,134.5307709363636,-265.7650202466471,-170.7914257814417,-11.44985851895995,-27.62749544310976,0,-413.1627229638251,-939.075193653828,-56.05758794663915,10.6054596861483,-97.59908344728832,342.9317508227546,70.12968189048166,39.78292871529023,25.57297487547676
evreg5,2.relative_year_bin_aux,184.5282972865826,112.4798886164195,3468.55197138658,2659.956912751248,1797.768664325853,909.8323162065145,-955.8874727741645,-1809.888477351294,-2604.143169884237,-3434.46553225271,-4248.361329921222,0,0,-.8964524037283054,176.1012966672828,-346.3838334347057,-299.6195157351796,-211.0328700310876,-118.142268984621,-302.755387716719,-235.1061263536967,-221.39890066478,-190.4010350099257,-145.7235188767197,383.0532366661229,755.5967255601798,69.84743198316373,26.82034781604419,105.7051422345566,-200.0784617613679,-125.1606394076616,-7.481452332438993,-17.64129996198319,0,-308.9131591706459,-707.8509894257445,-44.40197288375664,5.239717962867841,-79.17527266677673,256.4566475331417,48.27997214602144,27.05042316720156,13.59863382132979
evreg5,3.relative_year_bin_aux,119.4861802070789,112.4798886164195,2343.962383403767,1797.768664325853,1223.616878545961,620.0997503861498,-646.9269919162012,-1227.841740864498,-1768.133594318331,-2331.025932853341,-2882.59912310682,0,0,-.601274624433162,118.9684032272877,-229.6905123949235,-198.724269052006,-148.387903838117,-83.52738864067169,-209.4953994839779,-161.7745729869366,-151.1914309155013,-130.6968996132958,-101.1207547864646,256.8713461897643,516.6803173655115,48.36434478949033,16.39118898479765,70.92394511444279,-136.4511214237439,-86.86095030877426,-6.556088815612193,-12.2563159365424,0,-208.613600853855,-484.635839497098,-31.1985220246789,4.742571434484191,-53.14376903613408,174.045521887442,33.91455704728592,18.64502011071026,8.641014714612881
evreg5,4.relative_year_bin_aux,64.24171539464595,112.4798886164195,1190.462302726582,909.8323162065145,620.0997503861498,319.739200131461,-328.8352117794545,-624.6080484613617,-901.9711140798308,-1191.551153804254,-1472.053351521669,0,0,-.3043527293417801,60.38634721301962,-112.0207910126741,-93.75463649863407,-71.2471301021268,-45.77582634712766,-104.1335195296594,-80.80931907247557,-74.43895394890824,-62.3713354699029,-49.01718851517411,130.4622454878479,264.7851813246139,27.18541728349305,4.959081455508564,36.13259931126993,-69.45236092106781,-44.87513706222261,-.4465995661078395,-5.735577076424797,0,-106.700003945765,-248.9649171319124,-19.00874247311575,5.279436792006408,-27.44193958649187,88.25087556393706,17.09713798295843,6.092815718438408,3.772154028996909
evreg5,6.relative_year_bin_aux,-57.38097981898702,112.4798886164195,-1244.501277018681,-955.8874727741645,-646.9269919162012,-328.8352117794545,365.1540984047725,672.837554381493,961.5526602615543,1262.540731996854,1556.080131967878,0,0,.3170478063751169,-62.15232293647797,122.6272563274506,106.8166774887421,76.58736910088223,44.41145350682706,114.2874524376461,90.05681739586012,82.62976384440623,69.81266783394652,54.01037023772292,-145.1049887500464,-290.8941264417278,-37.94357334955003,-13.67862465431034,-54.23005148987739,66.52254621132175,42.40998625005783,-.9505975337768308,1.073640409569736,0,122.2393306601568,273.9305963524822,29.78755089242406,3.459176682897295,47.74369979331027,-82.49939783795368,-17.25007728853142,-4.792085826099226,1.589095928265163
evreg5,7.relative_year_bin_aux,-105.7080108206281,112.4798886164195,-2361.512267870488,-1809.888477351294,-1227.841740864498,-624.6080484613617,672.837554381493,1274.192622564308,1821.085327062625,2397.148591803442,2960.583339701112,0,0,.5849229329660258,-117.4647586402805,213.9684262595268,184.2707459452479,134.7809475228759,78.85193963011538,206.8100731651392,149.4111089127695,142.964792659624,120.0479257494929,89.86899042405568,-266.1374238325421,-530.8911819016408,-61.6093242811196,-22.37711952517829,-86.34370453771376,119.0810393333428,85.64067714680733,-1.864507117104867,3.981403916079678,0,222.5170917599983,499.0837002876006,45.95288657549914,2.9881853200339,72.13186182445342,-152.8043854121424,-32.44702325288643,-7.360797253735314,1.620049325359961
evreg5,8.relative_year_bin_aux,-152.3161293737816,112.4798886164195,-3405.329403427571,-2604.143169884237,-1768.133594318331,-901.9711140798308,961.5526602615543,1821.085327062625,2629.378429892332,3463.297063813106,4279.89341322102,0,0,.8240109809192895,-170.8224051501874,287.707061176591,243.6930944943414,180.0590630229848,108.3146353964817,283.6256210423331,214.8172165963922,193.4613306767851,164.2989276781034,123.7703297078751,-377.2386537351554,-754.3133129383608,-83.87186575285138,-29.47106972595547,-118.0897427967908,180.8182897817381,127.4085355389972,-.6485858749693222,12.79591672816585,0,314.8387642390887,708.1040601013409,60.39385597054007,.9855084418783717,96.02696393348688,-231.9597721549452,-42.96386931630021,-9.389848294506535,-2.865072922981315
evreg5,9.relative_year_bin_aux,-185.7874208290896,112.4798886164195,-4497.117903922191,-3434.46553225271,-2331.025932853341,-1191.551153804254,1262.540731996854,2397.148591803442,3463.297063813106,4587.598758044224,5667.264511707135,0,0,1.065617183631945,-223.5976638956447,356.597222198952,298.4486306433781,220.0167883007415,135.9158363877984,357.1108191069539,273.8315214404252,255.6412413969718,202.2655176236312,155.8083375950542,-491.807357370388,-984.2166543831518,-107.3512625984674,-37.43122873482018,-151.0276372911398,237.9708803759965,176.9030216587723,-8.395428645538781,18.16233044749243,0,412.5386958230188,924.2360042170209,76.27066159648,-.9506159070112132,120.8525180153506,-307.3033817933069,-56.17622083614003,1.129547840339764,-2.130466114056634
evreg5,10.relative_year_bin_aux,-228.7974845135217,112.4798886164195,-5565.58407826053,-4248.361329921222,-2882.59912310682,-1472.053351521669,1556.080131967878,2960.583339701112,4279.89341322102,5667.264511707135,7031.630652519074,0,0,1.312621777167432,-278.8468026192913,429.6127702436334,358.1071661720618,263.2137103652529,161.8016013402738,428.850565108727,328.6628360704782,310.5325561428295,252.5422645362688,170.7356531529964,-607.2405122563005,-1215.852420345513,-131.2392789831179,-47.67505026446799,-184.3146399006623,295.9753080934651,220.9618428372419,-2.185531047015222,5.483448986093038,0,509.1523425205113,1141.709160584516,92.27525430219968,-.1369377072887553,145.4105749682844,-383.5705023381481,-66.62431547437124,-4.129371237958115,15.97118744621949
evreg5,1o.treat,0,112.4798886164195,0,0,0,0,0,0,0,0,0,0,0,0,0,0,0,0,0,0,0,0,0,0,0,0,0,0,0,0,0,0,0,0,0,0,0,0,0,0,0,0,0
evreg5,1o.rice_prod_aclvl_ahigh,0,112.4798886164195,0,0,0,0,0,0,0,0,0,0,0,0,0,0,0,0,0,0,0,0,0,0,0,0,0,0,0,0,0,0,0,0,0,0,0,0,0,0,0,0,0
evreg5,wind_direction,-.6692103455729452,112.4798886164195,-1.163220260887827,-.8964524037283054,-.601274624433162,-.3043527293417801,.3170478063751169,.5849229329660258,.8240109809192895,1.065617183631945,1.312621777167432,0,0,.0013181902575966,-.077656304905089,.1717882853946104,.1480445783989413,.1054292843198301,.0700117547730621,.124733068611186,.0819047662260832,.0655150468142974,.0763380252729642,.0451055569681842,-.1805621814280838,-.3421813348003008,-.0938512557640351,-.0157713817703586,-.0206495650515488,.0802114446123305,-.0411872815267343,-.01728996987181,-.0295451866801935,0,.0607093702396685,.3219136256144883,.0750754170236343,.0345595288720879,-.0009158680652023,-.1376829474775569,.0813687336605119,-.106944725100598,-.0198550045118915
evreg5,av_wind_speed,66.75406311009255,112.4798886164195,231.2477036163212,176.1012966672828,118.9684032272877,60.38634721301962,-62.15232293647797,-117.4647586402805,-170.8224051501874,-223.5976638956447,-278.8468026192913,0,0,-.077656304905089,38.47035547601224,-23.93248800722272,-21.51842464245967,-15.81481953112336,-8.063650733803991,-13.45928672319895,-15.78629187838906,-9.718487981109552,-5.0405829601416,5.110962899119373,29.75000605981641,54.73118822901068,5.095126669128759,-1.633976157119679,3.619552397816253,-21.44561610855556,-5.05343889696388,2.031973646171565,5.818705473153091,0,-23.67221840547097,-51.37480866703633,-5.444769220047283,3.734358540342317,-3.116289301498053,28.10765733337711,5.910857982189627,6.59088141317778,-11.12328644107862
evreg5,1bn.relative_year_bin_aux#1.treat,-65.75736361391078,112.4798886164195,-473.088887640273,-346.3838334347057,-229.6905123949235,-112.0207910126741,122.6272563274506,213.9684262595268,287.707061176591,356.597222198952,429.6127702436334,0,0,.1717882853946104,-23.93248800722272,254.8070178502763,168.0284280643349,131.4523309898737,79.89381795173195,129.8163843635499,105.9989289997066,92.30248947624227,87.56385971137634,74.77374686012696,-58.17754131521989,-127.4534816126549,-9.069785386025796,.0769953158041919,-11.56525826530476,43.53754740760834,7.034883144313754,13.03328889365994,5.011094186304227,0,-14.47808373245907,89.3753278356856,-28.95830134788777,-34.64158482777403,-10.74226041314336,-68.20879298464803,-42.98384393527635,-47.68136865862746,-30.12554659540348
evreg5,2.relative_year_bin_aux#1.treat,-70.13718922128989,112.4798886164195,-360.1232423580833,-299.6195157351796,-198.724269052006,-93.75463649863407,106.8166774887421,184.2707459452479,243.6930944943414,298.4486306433781,358.1071661720618,0,0,.1480445783989413,-21.51842464245967,168.0284280643349,156.5229756814042,113.0052717384093,58.38385592869068,108.7113659538924,87.64485960513933,75.40095809438995,71.31439609976212,59.60015423348815,-40.92949428794858,-93.49490554168877,-7.480101137362471,-1.289991114787182,-12.50645772192435,32.58522379260267,1.163950177344075,9.082120783334119,.5117966734961016,0,1.137786612157084,63.79434552966693,-14.97227365850118,-15.57982879407578,2.370175780349199,-45.37761466603468,-25.69706827884486,-32.0411894798564,-14.49311728111118
evreg5,3.relative_year_bin_aux#1.treat,-45.0982971461519,112.4798886164195,-254.861772634774,-211.0328700310876,-148.387903838117,-71.2471301021268,76.58736910088223,134.7809475228759,180.0590630229848,220.0167883007415,263.2137103652529,0,0,.1054292843198301,-15.81481953112336,131.4523309898737,113.0052717384093,102.9652405564371,58.62526564704302,90.77379209948555,74.84324410561094,63.19237143027181,59.75429730533743,52.14105152053538,-31.4683579003558,-74.95791050195724,-5.759474595566903,.858048280446382,-8.244510325877126,25.46448464422845,3.381941876918102,7.130151186634938,.3262203517470187,0,-11.0706298440932,49.09535575537559,-25.70400220193788,-25.3730389968224,-5.472853402653683,-42.39402773650905,-28.50957342783079,-31.65049924773102,-18.4098849422544
evreg5,4.relative_year_bin_aux#1.treat,-31.10981290092621,112.4798886164195,-147.8495559947902,-118.142268984621,-83.52738864067169,-45.77582634712766,44.41145350682706,78.85193963011538,108.3146353964817,135.9158363877984,161.8016013402738,0,0,.0700117547730621,-8.063650733803991,79.89381795173195,58.38385592869068,58.62526564704302,50.35650059807863,54.4672403688087,45.82469877557315,38.70171701351837,35.38669450775852,32.90345742009289,-18.69195448909505,-46.52156138184336,-6.815029285902393,3.516153225846734,-4.795247595770157,14.61464033018328,2.379549575754531,.3649412355769207,-.6470783376550617,0,-18.56594436741295,27.64473445672202,-18.8950489115444,-32.1997352977083,-10.11697074286312,-30.8830494534195,-23.03473061169395,-21.59948214665828,-16.84738430398485
evreg5,6.relative_year_bin_aux#1.treat,-43.55261816146822,112.4798886164195,-381.5118879856695,-302.755387716719,-209.4953994839779,-104.1335195296594,114.2874524376461,206.8100731651392,283.6256210423331,357.1108191069539,428.850565108727,0,0,.124733068611186,-13.45928672319895,129.8163843635499,108.7113659538924,90.77379209948555,54.4672403688087,163.3219155892017,115.2339618916118,104.5008719959266,94.6672154596602,91.92943834200445,-26.70074944061756,-108.0461517335975,-9.219522651429202,-3.901410797551926,-14.97149713590324,26.35416744063578,2.866157627312536,3.050171386796433,5.415981562942587,0,-2.812344567653189,87.97160363096297,-13.05101069915364,-17.43066534447734,-9.878907282438362,-28.48492185861117,-26.61094129185,-20.76227715430002,-20.54927723266582
evreg5,7.relative_year_bin_aux#1.treat,-38.48914074418615,112.4798886164195,-298.2721602880649,-235.1061263536967,-161.7745729869366,-80.80931907247557,90.05681739586012,149.4111089127695,214.8172165963922,273.8315214404252,328.6628360704782,0,0,.0819047662260832,-15.78629187838906,105.9989289997066,87.64485960513933,74.84324410561094,45.82469877557315,115.2339618916118,133.2292056535507,95.61864014208325,76.79861438345058,64.61427639081346,-15.60420874267249,-86.65072611762024,-7.134880116303155,-3.82184133323075,-14.05735760209595,28.17648873532025,2.691072673529509,3.84722585595835,9.174459200701575,0,-13.68543346331525,64.31346245530459,-17.6186551967679,-18.30169870327497,12.38722288121378,-55.66346724519387,-18.9937051978373,-5.897163659008158,.5674136787612898
evreg5,8.relative_year_bin_aux#1.treat,-12.93402284528566,112.4798886164195,-280.8469004337135,-221.39890066478,-151.1914309155013,-74.43895394890824,82.62976384440623,142.964792659624,193.4613306767851,255.6412413969718,310.5325561428295,0,0,.0655150468142974,-9.718487981109552,92.30248947624227,75.40095809438995,63.19237143027181,38.70171701351837,104.5008719959266,95.61864014208325,104.5529998849113,86.43908042939663,75.13764885672379,-13.27251916304218,-78.38411659463236,-5.643707861248986,-5.00166455187527,-13.5004520532254,20.04422960772168,4.718644433974806,2.759680199903044,7.245100888363073,0,-11.5205025717543,58.60086270227841,-16.99686377592913,-16.12389856564284,5.958896640158954,-27.54168033063931,-26.27293184264722,-13.1291037882771,-9.512066747597768
evreg5,9.relative_year_bin_aux#1.treat,-19.33997771280547,112.4798886164195,-239.6758191579751,-190.4010350099257,-130.6968996132958,-62.3713354699029,69.81266783394652,120.0479257494929,164.2989276781034,202.2655176236312,252.5422645362688,0,0,.0763380252729642,-5.0405829601416,87.56385971137634,71.31439609976212,59.75429730533743,35.38669450775852,94.6672154596602,76.79861438345058,86.43908042939663,109.1166202139921,102.6541817903743,-11.57384638803381,-71.75600607670874,-5.097574038181927,-5.710108443480991,-12.39469457572796,18.22266663917676,-2.58309806848148,10.06954396069422,8.276572680622968,0,-12.68878135325838,53.81344404487687,-16.59018524121829,-14.14788425506424,2.757675335473084,-18.45191177709208,-11.85768633164,-39.33113641123559,-38.19451967140026
evreg5,10.relative_year_bin_aux#1.treat,-5.672117989627917,112.4798886164195,-182.6724411136926,-145.7235188767197,-101.1207547864646,-49.01718851517411,54.01037023772292,89.86899042405568,123.7703297078751,155.8083375950542,170.7356531529964,0,0,.0451055569681842,5.110962899119373,74.77374686012696,59.60015423348815,52.14105152053538,32.90345742009289,91.92943834200445,64.61427639081346,75.13764885672379,102.6541817903743,160.7065221181045,-4.249020206567847,-54.14747579210396,-1.793846547652822,-3.781129849266602,-10.28768753594781,13.30894488546575,-3.477055507313637,3.816022840862753,27.95491156533076,0,-15.02142696350781,38.6153730424859,-19.09026210960468,-15.77824152760845,-5.398968060808477,-7.144599728659499,-2.899749462898171,-33.37245286148674,-100.1945924416513
evreg5,1bn.relative_year_bin_aux#1.rice_prod_aclvl_ahigh,40.96060074548062,112.4798886164195,514.8806589394916,383.0532366661229,256.8713461897643,130.4622454878479,-145.1049887500464,-266.1374238325421,-377.2386537351554,-491.807357370388,-607.2405122563005,0,0,-.1805621814280838,29.75000605981641,-58.17754131521989,-40.92949428794858,-31.4683579003558,-18.69195448909505,-26.70074944061756,-15.60420874267249,-13.27251916304218,-11.57384638803381,-4.249020206567847,393.8201774830849,206.4307879096301,32.13680306115675,21.3301806837196,35.31101173585186,-7.429691129888041,30.63277897914318,25.41234534925955,26.38607308481614,0,-384.2414324019121,-201.1156996760861,-34.43183532663388,-20.69707052168164,-23.57842770189301,25.04297857315315,-18.3794364042402,-2.083046134316376,-6.634549607272392
evreg5,2.relative_year_bin_aux#1.rice_prod_aclvl_ahigh,82.05502712575408,112.4798886164195,1001.789295225867,755.5967255601798,516.6803173655115,264.7851813246139,-290.8941264417278,-530.8911819016408,-754.3133129383608,-984.2166543831518,-1215.852420345513,0,0,-.3421813348003008,54.73118822901068,-127.4534816126549,-93.49490554168877,-74.95791050195724,-46.52156138184336,-108.0461517335975,-86.65072611762024,-78.38411659463236,-71.75600607670874,-54.14747579210396,206.4307879096301,494.8832534589259,76.55163538068095,51.75117806509827,81.79591102114904,-48.72675479441969,49.30617348274792,50.9186992392092,49.98912423140771,0,-187.537616003293,-478.1997934346867,-71.04319078886471,-45.86878296769304,-79.39848551376758,54.31018794679323,-53.09433015471441,-46.14042791296523,-51.1128108547441
evreg5,3.relative_year_bin_aux#1.rice_prod_aclvl_ahigh,33.60592098776863,112.4798886164195,88.98257179567634,69.84743198316373,48.36434478949033,27.18541728349305,-37.94357334955003,-61.6093242811196,-83.87186575285138,-107.3512625984674,-131.2392789831179,0,0,-.0938512557640351,5.095126669128759,-9.069785386025796,-7.480101137362471,-5.759474595566903,-6.815029285902393,-9.219522651429202,-7.134880116303155,-5.643707861248986,-5.097574038181927,-1.793846547652822,32.13680306115675,76.55163538068095,105.4469969151453,27.03489904989808,34.07647468624228,29.41293918921484,36.57190967277133,33.7679356696018,35.73327563000162,0,-38.76372094863934,-79.16628891211579,-107.5083332221913,-27.00705666620861,-36.21252476531204,-30.05447510382706,-40.43631212640208,-34.03912524298403,-37.81454988995208
evreg5,4.relative_year_bin_aux#1.rice_prod_aclvl_ahigh,-2.217825889972444,112.4798886164195,33.55034022053945,26.82034781604419,16.39118898479765,4.959081455508564,-13.67862465431034,-22.37711952517829,-29.47106972595547,-37.43122873482018,-47.67505026446799,0,0,-.0157713817703586,-1.633976157119679,.0769953158041919,-1.289991114787182,.858048280446382,3.516153225846734,-3.901410797551926,-3.82184133323075,-5.00166455187527,-5.710108443480991,-3.781129849266602,21.3301806837196,51.75117806509827,27.03489904989808,44.32626104495694,33.81729774830409,24.96581021310049,32.79559538560972,27.97726958304078,30.68370145870957,0,-17.3941121806564,-47.83203567401175,-25.20081632876028,-43.4519134028282,-34.58527040175488,-26.50085320292039,-36.36689696450871,-30.95604250341648,-34.81884040953712
evreg5,6.relative_year_bin_aux#1.rice_prod_aclvl_ahigh,-4.052590416499423,112.4798886164195,134.5307709363636,105.7051422345566,70.92394511444279,36.13259931126993,-54.23005148987739,-86.34370453771376,-118.0897427967908,-151.0276372911398,-184.3146399006623,0,0,-.0206495650515488,3.619552397816253,-11.56525826530476,-12.50645772192435,-8.244510325877126,-4.795247595770157,-14.97149713590324,-14.05735760209595,-13.5004520532254,-12.39469457572796,-10.28768753594781,35.31101173585186,81.79591102114904,34.07647468624228,33.81729774830409,58.32319973209765,24.40910053910561,37.22756434456316,35.58320282783012,33.64439567072695,0,-33.07772076445574,-76.70105956499266,-31.7117189133424,-31.62059900573518,-60.62401198355091,-26.33349531404377,-42.30661223281338,-37.66448519044519,-37.50376615709501
evreg5,7.relative_year_bin_aux#1.rice_prod_aclvl_ahigh,-28.08332866913657,112.4798886164195,-265.7650202466471,-200.0784617613679,-136.4511214237439,-69.45236092106781,66.52254621132175,119.0810393333428,180.8182897817381,237.9708803759965,295.9753080934651,0,0,.0802114446123305,-21.44561610855556,43.53754740760834,32.58522379260267,25.46448464422845,14.61464033018328,26.35416744063578,28.17648873532025,20.04422960772168,18.22266663917676,13.30894488546575,-7.429691129888041,-48.72675479441969,29.41293918921484,24.96581021310049,24.40910053910561,105.3700153611243,49.75409882353455,35.85287420090676,36.30331022817891,0,3.800994003226867,49.22018453578783,-28.74293953728507,-24.39234682840439,-27.66193737204614,-110.2672710628414,-55.30614870098828,-42.83071886311487,-43.59821603514565
evreg5,8.relative_year_bin_aux#1.rice_prod_aclvl_ahigh,27.73801250133589,112.4798886164195,-170.7914257814417,-125.1606394076616,-86.86095030877426,-44.87513706222261,42.40998625005783,85.64067714680733,127.4085355389972,176.9030216587723,220.9618428372419,0,0,-.0411872815267343,-5.05343889696388,7.034883144313754,1.163950177344075,3.381941876918102,2.379549575754531,2.866157627312536,2.691072673529509,4.718644433974806,-2.58309806848148,-3.477055507313637,30.63277897914318,49.30617348274792,36.57190967277133,32.79559538560972,37.22756434456316,49.75409882353455,198.5592945413687,73.04314313959586,65.00308399040675,0,-36.45787801323669,-51.46534405601297,-37.61141366229652,-32.1377892971062,-50.21591012928418,-62.39683763591159,-208.7194096660318,-85.40829751102682,-74.65693696399568
evreg5,9.relative_year_bin_aux#1.rice_prod_aclvl_ahigh,2.163573321249011,112.4798886164195,-11.44985851895995,-7.481452332438993,-6.556088815612193,-.4465995661078395,-.9505975337768308,-1.864507117104867,-.6485858749693222,-8.395428645538781,-2.185531047015222,0,0,-.01728996987181,2.031973646171565,13.03328889365994,9.082120783334119,7.130151186634938,.3649412355769207,3.050171386796433,3.84722585595835,2.759680199903044,10.06954396069422,3.816022840862753,25.41234534925955,50.9186992392092,33.7679356696018,27.97726958304078,35.58320282783012,35.85287420090676,73.04314313959586,151.0236551664101,99.28189114338632,0,-22.17539943080406,-47.52523902325297,-31.96894256705449,-27.10615515699588,-38.83469003008268,-42.27654983272049,-74.91050888110989,-165.9013207218838,-111.3101986133062
evreg5,10.relative_year_bin_aux#1.rice_prod_aclvl_ahigh,24.11639281112422,112.4798886164195,-27.62749544310976,-17.64129996198319,-12.2563159365424,-5.735577076424797,1.073640409569736,3.981403916079678,12.79591672816585,18.16233044749243,5.483448986093038,0,0,-.0295451866801935,5.818705473153091,5.011094186304227,.5117966734961016,.3262203517470187,-.6470783376550617,5.415981562942587,9.174459200701575,7.245100888363073,8.276572680622968,27.95491156533076,26.38607308481614,49.98912423140771,35.73327563000162,30.68370145870957,33.64439567072695,36.30331022817891,65.00308399040675,99.28189114338632,168.6594719555358,0,-23.24268016875096,-49.01073254928436,-35.28873461066701,-30.85593905115309,-32.7695240711681,-39.52764855348901,-59.33089085561267,-114.7396202956818,-178.4643091622366
evreg5,1o.treat#1o.rice_prod_aclvl_ahigh,0,112.4798886164195,0,0,0,0,0,0,0,0,0,0,0,0,0,0,0,0,0,0,0,0,0,0,0,0,0,0,0,0,0,0,0,0,0,0,0,0,0,0,0,0,0
evreg5,1bn.relative_year_bin_aux#1.treat#1.rice_prod_aclvl_ahigh,2.259757788377404,112.4798886164195,-413.1627229638251,-308.9131591706459,-208.613600853855,-106.700003945765,122.2393306601568,222.5170917599983,314.8387642390887,412.5386958230188,509.1523425205113,0,0,.0607093702396685,-23.67221840547097,-14.47808373245907,1.137786612157084,-11.0706298440932,-18.56594436741295,-2.812344567653189,-13.68543346331525,-11.5205025717543,-12.68878135325838,-15.02142696350781,-384.2414324019121,-187.537616003293,-38.76372094863934,-17.3941121806564,-33.07772076445574,3.800994003226867,-36.45787801323669,-22.17539943080406,-23.24268016875096,0,562.6531028138693,259.2951198918503,142.5026403021407,79.36820392946318,68.83613943384276,31.85584855436357,64.75030605944116,61.98682185148873,56.85617865805921
evreg5,2.relative_year_bin_aux#1.treat#1.rice_prod_aclvl_ahigh,-73.03926721707718,112.4798886164195,-939.075193653828,-707.8509894257445,-484.635839497098,-248.9649171319124,273.9305963524822,499.0837002876006,708.1040601013409,924.2360042170209,1141.709160584516,0,0,.3219136256144883,-51.37480866703633,89.3753278356856,63.79434552966693,49.09535575537559,27.64473445672202,87.97160363096297,64.31346245530459,58.60086270227841,53.81344404487687,38.6153730424859,-201.1156996760861,-478.1997934346867,-79.16628891211579,-47.83203567401175,-76.70105956499266,49.22018453578783,-51.46534405601297,-47.52523902325297,-49.01073254928436,0,259.2951198918503,593.3393335179607,196.4261930802368,139.0936457235358,135.6496767736746,9.352935180416436,106.8105215516464,112.1656352635878,109.2663396599167
evreg5,3.relative_year_bin_aux#1.treat#1.rice_prod_aclvl_ahigh,-1.887609567165005,112.4798886164195,-56.05758794663915,-44.40197288375664,-31.1985220246789,-19.00874247311575,29.78755089242406,45.95288657549914,60.39385597054007,76.27066159648,92.27525430219968,0,0,.0750754170236343,-5.444769220047283,-28.95830134788777,-14.97227365850118,-25.70400220193788,-18.8950489115444,-13.05101069915364,-17.6186551967679,-16.99686377592913,-16.59018524121829,-19.09026210960468,-34.43183532663388,-71.04319078886471,-107.5083332221913,-25.20081632876028,-31.7117189133424,-28.74293953728507,-37.61141366229652,-31.96894256705449,-35.28873461066701,0,142.5026403021407,196.4261930802368,308.7761975857563,150.4154226137656,119.5250651514175,116.5709209927285,119.2322320202558,121.7781730957699,122.5739407786862
evreg5,4.relative_year_bin_aux#1.treat#1.rice_prod_aclvl_ahigh,2.949648874209045,112.4798886164195,10.6054596861483,5.239717962867841,4.742571434484191,5.279436792006408,3.459176682897295,2.9881853200339,.9855084418783717,-.9506159070112132,-.1369377072887553,0,0,.0345595288720879,3.734358540342317,-34.64158482777403,-15.57982879407578,-25.3730389968224,-32.1997352977083,-17.43066534447734,-18.30169870327497,-16.12389856564284,-14.14788425506424,-15.77824152760845,-20.69707052168164,-45.86878296769304,-27.00705666620861,-43.4519134028282,-31.62059900573518,-24.39234682840439,-32.1377892971062,-27.10615515699588,-30.85593905115309,0,79.36820392946318,139.0936457235358,150.4154226137656,204.4633771510069,114.4762216392283,110.1514688329556,111.2738696614497,113.110097375831,115.3797877493701
evreg5,6.relative_year_bin_aux#1.treat#1.rice_prod_aclvl_ahigh,19.96823326073154,112.4798886164195,-97.59908344728832,-79.17527266677673,-53.14376903613408,-27.44193958649187,47.74369979331027,72.13186182445342,96.02696393348688,120.8525180153506,145.4105749682844,0,0,-.0009158680652023,-3.116289301498053,-10.74226041314336,2.370175780349199,-5.472853402653683,-10.11697074286312,-9.878907282438362,12.38722288121378,5.958896640158954,2.757675335473084,-5.398968060808477,-23.57842770189301,-79.39848551376758,-36.21252476531204,-34.58527040175488,-60.62401198355091,-27.66193737204614,-50.21591012928418,-38.83469003008268,-32.7695240711681,0,68.83613943384276,135.6496767736746,119.5250651514175,114.4762216392283,187.7576297189924,104.8935284693291,136.2502796154983,102.5596379443594,105.7712246031544
evreg5,7.relative_year_bin_aux#1.treat#1.rice_prod_aclvl_ahigh,68.40522082401543,112.4798886164195,342.9317508227546,256.4566475331417,174.045521887442,88.25087556393706,-82.49939783795368,-152.8043854121424,-231.9597721549452,-307.3033817933069,-383.5705023381481,0,0,-.1376829474775569,28.10765733337711,-68.20879298464803,-45.37761466603468,-42.39402773650905,-30.8830494534195,-28.48492185861117,-55.66346724519387,-27.54168033063931,-18.45191177709208,-7.144599728659499,25.04297857315315,54.31018794679323,-30.05447510382706,-26.50085320292039,-26.33349531404377,-110.2672710628414,-62.39683763591159,-42.27654983272049,-39.52764855348901,0,31.85584855436357,9.352935180416436,116.5709209927285,110.1514688329556,104.8935284693291,254.8696040249751,117.499221555077,110.9628283013303,105.6648964211475
evreg5,8.relative_year_bin_aux#1.treat#1.rice_prod_aclvl_ahigh,-3.031815667791735,112.4798886164195,70.12968189048166,48.27997214602144,33.91455704728592,17.09713798295843,-17.25007728853142,-32.44702325288643,-42.96386931630021,-56.17622083614003,-66.62431547437124,0,0,.0813687336605119,5.910857982189627,-42.98384393527635,-25.69706827884486,-28.50957342783079,-23.03473061169395,-26.61094129185,-18.9937051978373,-26.27293184264722,-11.85768633164,-2.899749462898171,-18.3794364042402,-53.09433015471441,-40.43631212640208,-36.36689696450871,-42.30661223281338,-55.30614870098828,-208.7194096660318,-74.91050888110989,-59.33089085561267,0,64.75030605944116,106.8105215516464,119.2322320202558,111.2738696614497,136.2502796154983,117.499221555077,409.709065433858,123.05255833402,112.56252529192
evreg5,9.relative_year_bin_aux#1.treat#1.rice_prod_aclvl_ahigh,40.97419977172183,112.4798886164195,39.78292871529023,27.05042316720156,18.64502011071026,6.092815718438408,-4.792085826099226,-7.360797253735314,-9.389848294506535,1.129547840339764,-4.129371237958115,0,0,-.106944725100598,6.59088141317778,-47.68136865862746,-32.0411894798564,-31.65049924773102,-21.59948214665828,-20.76227715430002,-5.897163659008158,-13.1291037882771,-39.33113641123559,-33.37245286148674,-2.083046134316376,-46.14042791296523,-34.03912524298403,-30.95604250341648,-37.66448519044519,-42.83071886311487,-85.40829751102682,-165.9013207218838,-114.7396202956818,0,61.98682185148873,112.1656352635878,121.7781730957699,113.110097375831,102.5596379443594,110.9628283013303,123.05255833402,406.525510194367,277.642014536872
evreg5,10.relative_year_bin_aux#1.treat#1.rice_prod_aclvl_ahigh,9.821696849486951,112.4798886164195,25.57297487547676,13.59863382132979,8.641014714612881,3.772154028996909,1.589095928265163,1.620049325359961,-2.865072922981315,-2.130466114056634,15.97118744621949,0,0,-.0198550045118915,-11.12328644107862,-30.12554659540348,-14.49311728111118,-18.4098849422544,-16.84738430398485,-20.54927723266582,.5674136787612898,-9.512066747597768,-38.19451967140026,-100.1945924416513,-6.634549607272392,-51.1128108547441,-37.81454988995208,-34.81884040953712,-37.50376615709501,-43.59821603514565,-74.65693696399568,-111.3101986133062,-178.4643091622366,0,56.85617865805921,109.2663396599167,122.5739407786862,115.3797877493701,105.7712246031544,105.6648964211475,112.56252529192,277.642014536872,387.0154893857911
