reg,var,beta,ymean,cov1,cov2,cov3,cov4,cov5,cov6,cov7,cov8,cov9,cov10,cov11,cov12,cov13,cov14,cov15,cov16,cov17,cov18,cov19,cov20,cov21,cov22,cov23,cov24,cov25,cov26,cov27,cov28,cov29,cov30,cov31,cov32,cov33,cov34,cov35,cov36,cov37,cov38,cov39,cov40,cov41
evreg1,1bn.relative_year_bin_aux,519.3011118869216,112.4798886164195,5434.720006560723,4263.71821546024,2706.277616200737,1355.564932900057,-1404.555380713116,-2871.295331687892,-4088.002351664314,-5338.443308751383,-6574.352353950294,0,-1.423403460443121,318.5723882495585,-451.9373907128925,-499.1096973856918,-188.2975946128044,-95.43256012217064,-348.7963505166127,-106.5344631610385,-155.8144362936661,-120.91112922918,-104.8711205184429,,,,,,,,,,,,,,,,,,,,
evreg1,2.relative_year_bin_aux,402.9721333760903,112.4798886164195,4263.71821546024,3389.592971792417,2146.941472511272,1076.778348898787,-1107.960817696538,-2273.792764782119,-3228.766803111883,-4218.185251256572,-5195.446034645717,0,-1.127165837228233,251.0567076294132,-336.6751068439993,-420.0742083494722,-160.2860668601016,-82.94347181318804,-285.7850506546295,-87.86220877219995,-132.1762573820761,-104.4902369230669,-91.11288543466139,,,,,,,,,,,,,,,,,,,,
evreg1,3.relative_year_bin_aux,268.7687579540889,112.4798886164195,2706.277616200737,2146.941472511272,1379.945551703701,687.5749469589283,-709.3360193819342,-1450.358848155526,-2067.929766576562,-2701.525117565363,-3324.618972203196,0,-.7212545114072633,161.0788200127574,-206.7635112585587,-255.1219213644338,-113.0141259217606,-53.51491409256234,-183.2087312578109,-60.19499724180194,-82.7689830953117,-63.59111094284621,-56.38840255883823,,,,,,,,,,,,,,,,,,,,
evreg1,4.relative_year_bin_aux,123.4590064305842,112.4798886164195,1355.564932900057,1076.778348898787,687.5749469589283,348.8039580902754,-351.0443251149278,-721.6372656077527,-1031.955928848717,-1349.415029084102,-1661.453460399983,0,-.3454083780975483,78.74347484177646,-103.099670836395,-128.8345074136649,-52.91142902194666,-31.10701022083863,-92.17486390173895,-31.34574144462911,-42.37315340167271,-32.81420261187454,-29.68661348610025,,,,,,,,,,,,,,,,,,,,
evreg1,6.relative_year_bin_aux,-127.5814168236308,112.4798886164195,-1404.555380713116,-1107.960817696538,-709.3360193819342,-351.0443251149278,382.2522310414656,767.147113376893,1092.22349678743,1422.522006421209,1746.759402218471,0,.3642148140096826,-83.7519794117498,106.8600987779282,125.2613544773922,51.93746896130449,22.17342148219512,92.59265541772763,30.00176357863912,36.15090759337999,26.5713646184693,22.98238332930919,,,,,,,,,,,,,,,,,,,,
evreg1,7.relative_year_bin_aux,-254.3906054772657,112.4798886164195,-2871.295331687892,-2273.792764782119,-1450.358848155526,-721.6372656077527,767.147113376893,1568.444773132186,2223.116661002657,2892.173931831523,3558.489462844657,0,.7277919673913772,-169.4868307925318,216.7742507804772,263.9580880230911,105.8700605283519,48.975783454262,194.8313639367241,52.09874853364686,76.01111825916436,61.88814052401334,50.88116480404911,,,,,,,,,,,,,,,,,,,,
evreg1,8.relative_year_bin_aux,-322.5402017192592,112.4798886164195,-4088.002351664314,-3228.766803111883,-2067.929766576562,-1031.955928848717,1092.22349678743,2223.116661002657,3202.792866805222,4149.204075412052,5102.21938136186,0,.9729285360207455,-235.5615560413113,292.2816324344976,352.8417625304372,142.2728738114614,67.59630614463738,270.711013935081,84.89270640664105,83.73270115109906,76.56194753437381,65.38476986129481,,,,,,,,,,,,,,,,,,,,
evreg1,9.relative_year_bin_aux,-439.4508274669533,112.4798886164195,-5338.443308751383,-4218.185251256572,-2701.525117565363,-1349.415029084102,1422.522006421209,2892.173931831523,4149.204075412052,5417.434877095059,6654.067982544373,0,1.306986306944321,-309.2205887081921,382.4045068570215,462.1430074653572,186.045143301538,89.5152595305493,348.8565248032488,111.97625692538,135.4634775312977,92.9167171214646,85.54538834029954,,,,,,,,,,,,,,,,,,,,
evreg1,10.relative_year_bin_aux,-522.6038232224862,112.4798886164195,-6574.352353950294,-5195.446034645717,-3324.618972203196,-1661.453460399983,1746.759402218471,3558.489462844657,5102.21938136186,6654.067982544373,8193.38018242301,0,1.595507686267169,-380.529915467277,469.0210642828423,568.4654878372731,225.7518406365529,109.1532629540925,427.0916340113362,133.1922158360196,168.4270902408476,125.202473698693,99.94482506164414,,,,,,,,,,,,,,,,,,,,
evreg1,1o.treat,0,112.4798886164195,0,0,0,0,0,0,0,0,0,0,0,0,0,0,0,0,0,0,0,0,0,,,,,,,,,,,,,,,,,,,,
evreg1,wind_direction,-.9150777473172588,112.4798886164195,-1.423403460443121,-1.127165837228233,-.7212545114072633,-.3454083780975483,.3642148140096826,.7277919673913772,.9729285360207455,1.306986306944321,1.595507686267169,0,.0011891557347818,-.1286849135485594,.1251004225633162,.1640227855577819,.0788944349903081,.0411848625461169,.0837293134316256,.0059264943932182,.0804099817453312,.0235454302084134,.0424140352942988,,,,,,,,,,,,,,,,,,,,
evreg1,av_wind_speed,122.5900310818374,112.4798886164195,318.5723882495585,251.0567076294132,161.0788200127574,78.74347484177646,-83.7519794117498,-169.4868307925318,-235.5615560413113,-309.2205887081921,-380.529915467277,0,-.1286849135485594,39.41902124374292,-25.81651448970984,-31.20116478974126,-15.07192016385229,-5.178898686268408,-18.22528337521402,-6.02494616537842,-9.983324322157474,-4.329791761123432,-3.765615210058527,,,,,,,,,,,,,,,,,,,,
evreg1,1bn.relative_year_bin_aux#1.treat,-63.30561789980727,112.4798886164195,-451.9373907128925,-336.6751068439993,-206.7635112585587,-103.099670836395,106.8600987779282,216.7742507804772,292.2816324344976,382.4045068570215,469.0210642828423,0,.1251004225633162,-25.81651448970984,158.548126780533,95.35701715707646,61.82086047011187,35.59288961639042,61.94047767865932,36.58417636940652,42.16303076371751,34.83607505735079,32.14181688396149,,,,,,,,,,,,,,,,,,,,
evreg1,2.relative_year_bin_aux#1.treat,-77.35319025153136,112.4798886164195,-499.1096973856918,-420.0742083494722,-255.1219213644338,-128.8345074136649,125.2613544773922,263.9580880230911,352.8417625304372,462.1430074653572,568.4654878372731,0,.1640227855577819,-31.20116478974126,95.35701715707646,126.0912921768329,68.97466407874792,44.10033783191364,67.52697696665973,33.36194891262702,44.37998654860675,37.7219258513709,33.95458202689645,,,,,,,,,,,,,,,,,,,,
evreg1,3.relative_year_bin_aux#1.treat,-44.62326519627534,112.4798886164195,-188.2975946128044,-160.2860668601016,-113.0141259217606,-52.91142902194666,51.93746896130449,105.8700605283519,142.2728738114614,186.045143301538,225.7518406365529,0,.0788944349903081,-15.07192016385229,61.82086047011187,68.97466407874792,77.123226858001,41.48059285904284,48.75028077834786,34.70116526323804,34.30200556829804,28.90711014700108,28.2381348389149,,,,,,,,,,,,,,,,,,,,
evreg1,4.relative_year_bin_aux#1.treat,-22.18381288880173,112.4798886164195,-95.43256012217064,-82.94347181318804,-53.51491409256234,-31.10701022083863,22.17342148219512,48.975783454262,67.59630614463738,89.5152595305493,109.1532629540925,0,.0411848625461169,-5.178898686268408,35.59288961639042,44.10033783191364,41.48059285904284,46.95822454083009,31.82595066342298,25.21949042503968,24.39721016514014,22.54991613767744,23.10672926904752,,,,,,,,,,,,,,,,,,,,
evreg1,6.relative_year_bin_aux#1.treat,-33.46177181073802,112.4798886164195,-348.7963505166127,-285.7850506546295,-183.2087312578109,-92.17486390173895,92.59265541772763,194.8313639367241,270.711013935081,348.8565248032488,427.0916340113362,0,.0837293134316256,-18.22528337521402,61.94047767865932,67.52697696665973,48.75028077834786,31.82595066342298,76.93717863908704,38.77054630456297,37.42437406930905,31.83050526804776,32.28354897285325,,,,,,,,,,,,,,,,,,,,
evreg1,7.relative_year_bin_aux#1.treat,-5.834491055586422,112.4798886164195,-106.5344631610385,-87.86220877219995,-60.19499724180194,-31.34574144462911,30.00176357863912,52.09874853364686,84.89270640664105,111.97625692538,133.1922158360196,0,.0059264943932182,-6.02494616537842,36.58417636940652,33.36194891262702,34.70116526323804,25.21949042503968,38.77054630456297,57.36217521141556,24.30962990357328,21.29009068891421,21.09414935927001,,,,,,,,,,,,,,,,,,,,
evreg1,8.relative_year_bin_aux#1.treat,-28.70653846170938,112.4798886164195,-155.8144362936661,-132.1762573820761,-82.7689830953117,-42.37315340167271,36.15090759337999,76.01111825916436,83.73270115109906,135.4634775312977,168.4270902408476,0,.0804099817453312,-9.983324322157474,42.16303076371751,44.37998654860675,34.30200556829804,24.39721016514014,37.42437406930905,24.30962990357328,72.36659022117179,29.82910966119044,28.42534194813553,,,,,,,,,,,,,,,,,,,,
evreg1,9.relative_year_bin_aux#1.treat,-9.68552802091855,112.4798886164195,-120.91112922918,-104.4902369230669,-63.59111094284621,-32.81420261187454,26.5713646184693,61.88814052401334,76.56194753437381,92.9167171214646,125.202473698693,0,.0235454302084134,-4.329791761123432,34.83607505735079,37.7219258513709,28.90711014700108,22.54991613767744,31.83050526804776,21.29009068891421,29.82910966119044,79.0281208231978,58.71610489373752,,,,,,,,,,,,,,,,,,,,
evreg1,10.relative_year_bin_aux#1.treat,-22.07455946679839,112.4798886164195,-104.8711205184429,-91.11288543466139,-56.38840255883823,-29.68661348610025,22.98238332930919,50.88116480404911,65.38476986129481,85.54538834029954,99.94482506164414,0,.0424140352942988,-3.765615210058527,32.14181688396149,33.95458202689645,28.2381348389149,23.10672926904752,32.28354897285325,21.09414935927001,28.42534194813553,58.71610489373752,79.54923706587633,,,,,,,,,,,,,,,,,,,,
evreg2,1bn.relative_year_bin_aux,519.5540943640098,112.4798886164195,5437.779188515146,4268.100559784779,2711.229654371297,1356.263656333593,-1406.465768002446,-2865.614663092782,-4083.729264965654,-5340.870306344722,-6574.575943605405,0,1.059409767487161,-1.423696604168694,318.6168953849685,-453.6713761708253,-499.8434906556978,-190.9523981378624,-93.05951734256222,-340.4048995034483,-110.2744860560481,-152.0138717347905,-113.8104048331117,-96.12335051942216,-5.593885498091764,-6.639041188017788,-9.519547506880954,-1.03893448155878,3.544347057279597,-12.01146481241926,-8.88752835871826,4.08719773388009,-.30434185074849,20.24903395457633,4.969690842921328,.6317192069748796,5.750701275734613,-4.692206139539508,-16.72178259961335,7.588580138587071,-7.696440423072539,-14.2257485315952,-17.47689244234465
evreg2,2.relative_year_bin_aux,402.9359143424149,112.4798886164195,4268.100559784779,3395.422749275999,2151.741845311908,1077.787890798853,-1109.752063480531,-2270.058686331555,-3226.227300506069,-4220.843667117396,-5196.543442418164,0,.6439417706154529,-1.129183017969037,251.1954415010938,-339.0954209961625,-422.427276829201,-162.9144715804724,-81.48829123451648,-279.4424944389262,-90.68065119155982,-129.2555924989741,-99.1793880785964,-84.59277562254951,-3.551627347358615,-8.404515704538287,-8.159961031590836,-.7536555645297623,2.901116515804957,-8.820541483954718,-6.525655256440332,3.271953576213499,-.0925094384235639,15.72968332642169,2.976690829010835,3.692885835593396,5.237053851295975,-3.484071909415351,-12.90582465145817,5.603660028599327,-6.003199274818192,-10.87158867883649,-13.31930631992883
evreg2,3.relative_year_bin_aux,268.8267451936649,112.4798886164195,2711.229654371297,2151.741845311908,1384.595127685837,688.7960953970608,-711.3819042295762,-1449.36052386855,-2068.512021182901,-2706.408026225487,-3328.982285493867,0,.4860323153656302,-.7221636189485693,161.3236933192858,-207.6688687561493,-255.5033798768242,-114.7430115359658,-52.34732575439712,-178.9626418004853,-62.2405709163022,-80.73864336460989,-59.93249307491782,-52.00277316047654,-1.402608244073041,-3.136168758375699,-6.162697581252803,-.7627989960135451,1.75903600539696,-6.285574179560146,-4.333767815253287,2.417122553656777,-.1203213139170503,10.27420402879592,.7389534772093767,-.1926668365221133,4.014552485620116,-2.195489702813142,-8.486758417333595,4.319445183184171,-4.168669100343165,-7.524645567023695,-9.09735062814805
evreg2,4.relative_year_bin_aux,123.4653867552836,112.4798886164195,1356.263656333593,1077.787890798853,688.7960953970608,349.7248887513607,-351.1356631033552,-719.8110985928856,-1031.124518589394,-1350.435537082377,-1661.761614857332,0,.6021453067272358,-.3452857593311354,78.617080736193,-103.0358724414092,-128.6056160348766,-53.2535894512551,-31.11855672856756,-90.20460430216026,-32.67127105109475,-41.09709113396228,-30.8362713779511,-27.45398454530464,-1.013632751466934,-1.749195700322582,-2.615025212010401,-1.738755173786472,.2976593991328217,-3.902349154101874,-2.672720546488911,.9638787100645879,-.4789061572276628,4.823618929593934,.5492878515221286,.0407646158288509,1.476942597519214,.2137310573405132,-3.662318258661117,2.986784436837521,-1.63238357884191,-3.541089304033328,-4.309428385128092
evreg2,6.relative_year_bin_aux,-126.2919994797434,112.4798886164195,-1406.465768002446,-1109.752063480531,-711.3819042295762,-351.1356631033552,385.4993489993784,768.4588328101423,1094.445713913415,1427.553940669904,1751.698511847863,0,1.886127745466696,.3644551148091841,-83.82916019832354,106.2408319889031,124.514548695934,52.42553482336909,21.12421113751614,89.23211046685445,30.24692441770389,34.72260531248857,23.5866096726973,19.83257526806982,-1.272331442914199,-.5920108645294447,.8031379964954237,-.9803106438364243,-4.693402839807528,1.137568434629344,.5026035841531941,-3.943986136704825,-2.069034239104115,-6.8759252919764,1.538385727043263,2.037305005407418,.0149854380333425,2.080814605613277,7.562991876383944,-.3326036264383792,3.13683775042465,6.1579277738944,5.938929703740396
evreg2,7.relative_year_bin_aux,-252.1755284322266,112.4798886164195,-2865.614663092782,-2270.058686331555,-1449.36052386855,-719.8110985928856,768.4588328101423,1564.753720116619,2218.244567851575,2890.462862170143,3553.980463766476,0,2.385024219727459,.7258899874172449,-169.2239778600093,215.1506193159219,261.9807921184528,106.1295787969603,46.9630125940376,188.6047862628047,52.06923520013319,73.10082519173274,56.22888263791209,45.00368171610265,-1.358317404711195,.2685571248543426,2.661238295061972,-.9435800254524983,-5.385521315675072,1.433119751044486,2.183133324494144,-6.129407519956945,-3.339391609203284,-12.98025968676031,1.984806240938097,2.768605817269777,-.7919898093094315,3.456852101477732,11.54955300064456,.3257542227146671,5.688563483204924,10.97549506530763,12.10095104983141
evreg2,8.relative_year_bin_aux,-321.6291997895863,112.4798886164195,-4083.729264965654,-3226.227300506069,-2068.512021182901,-1031.124518589394,1094.445713913415,2218.244567851575,3198.431655070698,4149.649667604981,5099.63922677457,0,3.57375398404445,.9730252474876884,-235.5467762883395,290.3956200516596,350.2729157712313,142.8598835560564,65.48694021235741,262.4046593145504,86.36178395023569,78.95642158933528,68.46470285984655,56.18109617328177,-2.002964664442697,-.1199871083131532,3.783626545793575,-.1423720630037563,-6.344148723501282,5.361349028616436,2.127910651706834,-9.286330374628102,-4.82948664509956,-19.50789216926282,3.48437270486183,4.966465213297966,-.5020800959767224,4.311060234674295,15.96447544149794,-2.733605484612949,10.28506672336971,16.93037413184155,18.95329794389924
evreg2,9.relative_year_bin_aux,-438.5504271757185,112.4798886164195,-5340.870306344722,-4220.843667117396,-2706.408026225487,-1350.435537082377,1427.553940669904,2890.462862170143,4149.649667604981,5430.269503416652,6663.185885909475,0,4.15732082004924,1.308020529607548,-309.2659427935886,379.5733236349368,458.1559368341485,186.4597444398391,86.57668322095371,339.2350855529482,115.2017657511807,130.6765223891148,80.17815438289141,72.83093099696049,-2.428555617406423,-.2636930287862156,5.027136129840086,-.1193708786242371,-7.543099272649699,7.518321825966739,6.405648811377763,-15.21228953812877,-5.886176793914537,-25.37652943403186,5.115051781570794,7.45120448120683,-.1394421876663962,5.944905744768124,20.4536180949799,-4.49527973113868,10.55509722847462,25.43539426842885,25.50897176600616
evreg2,10.relative_year_bin_aux,-522.2696077808058,112.4798886164195,-6574.575943605405,-5196.543442418164,-3328.982285493867,-1661.761614857332,1751.698511847863,3553.980463766476,5099.63922677457,6663.185885909475,8200.955473530928,0,4.552732715504917,1.59678967230694,-380.4760893472745,465.4265815104734,563.3533102546772,225.8416429120171,105.097958940295,413.9344133106097,136.4479890423098,161.435151941193,111.4270387154427,82.22800825326161,-2.616747128746747,-.1385856242162707,6.446806529302233,-.2369294634207854,-8.940012082846495,10.33291669907124,8.1454573700974,-15.22370423963441,-10.75229130297734,-31.1033452524269,6.211571626222106,9.353113997644844,-.0774935945916067,7.770041754396887,25.27095086303807,-6.612802093435203,13.34035404852266,28.14047527511725,35.74481133580358
evreg2,1o.treat,0,112.4798886164195,0,0,0,0,0,0,0,0,0,0,0,0,0,0,0,0,0,0,0,0,0,0,0,0,0,0,0,0,0,0,0,0,0,0,0,0,0,0,0,0,0
evreg2,1.downup_ac,6.140650507872566,112.4798886164195,1.059409767487161,.6439417706154529,.4860323153656302,.6021453067272358,1.886127745466696,2.385024219727459,3.57375398404445,4.15732082004924,4.552732715504917,0,5.053460351476438,-.003842099421535,.3634728533989371,-2.095527476092067,-1.536627004831754,-1.106155478804887,-.9779429988024299,-1.491091810083273,-1.540319418662759,-2.244896538916167,-2.589149696952797,-2.55818993369532,-3.614136161658502,-2.336539148476478,-2.883827583998796,-1.777372325110429,-3.069439409113888,-3.729206606388154,-3.703957597355493,-4.598251741970564,-4.41720951429483,-5.066807277947577,3.616038344937276,2.352937034878487,2.904614519392728,1.791978335614653,3.079971332661941,3.729979065168295,3.748442164369452,4.662332069474609,4.47922428402333
evreg2,wind_direction,-.9152399627754307,112.4798886164195,-1.423696604168694,-1.129183017969037,-.7221636189485693,-.3452857593311354,.3644551148091841,.7258899874172449,.9730252474876884,1.308020529607548,1.59678967230694,0,-.003842099421535,.0011891248482262,-.1287019807528064,.1240128699329059,.1663992731864528,.0793135457154971,.0406894732140435,.0812830659120331,.0062219359737307,.0777588131125464,.0227298785224802,.040758022166753,.0007531998786214,.0041032898326455,.0018789531313072,-.0001947778368304,-.0005035678596289,.0036874198206265,-.000333381429618,-.0022090813440178,-.0027340572461337,-.0018257841778415,.0021191454390527,-.0047128728405847,-.0008242439036288,.00096613243086,.0048307021752652,-.000574164777443,.0052777544809833,.0016498025515843,.0032911004002153
evreg2,av_wind_speed,122.5569079983389,112.4798886164195,318.6168953849685,251.1954415010938,161.3236933192858,78.617080736193,-83.82916019832354,-169.2239778600093,-235.5467762883395,-309.2659427935886,-380.4760893472745,0,.3634728533989371,-.1287019807528064,39.41663368199465,-26.27634902355109,-31.46504150284493,-15.6252012772112,-5.159567116083739,-17.81076168771322,-6.304760903499483,-9.093436808902943,-3.22791461773646,-3.57659676581848,.0500109163958951,-.1662226597208272,-.4104477565819766,.2827861432122799,.1141922227011161,-.5932741675650031,-.1362331524446888,-.0498568446413436,-.2740514326605819,.6039819083085397,.9156476710750135,.5236909242198301,1.088900000198866,-.0365652689034342,-.822459091157819,.5568622472575231,-1.770984196484932,-2.189728380166053,-.3780190965955056
evreg2,1bn.relative_year_bin_aux#1.treat,-65.0868844004021,112.4798886164195,-453.6713761708253,-339.0954209961625,-207.6688687561493,-103.0358724414092,106.2408319889031,215.1506193159219,290.3956200516596,379.5733236349368,465.4265815104734,0,-2.095527476092067,.1240128699329059,-26.27634902355109,181.7633344886432,112.7118195700381,72.01476591491607,37.08853528403113,68.13643798128771,42.70043319439385,48.38150910237339,41.29936215964628,39.2221229784357,5.0339794688938,4.393387232403338,2.929091782059879,.3366727386617508,.8055874018125824,2.579368265448944,1.519094140615974,2.082460957196958,2.406859770686925,12.87857317796909,-37.8094517085752,-25.29134420872243,-13.94185137297641,-3.293295728920621,-10.790750260502,-11.57368076531594,-11.75311270476208,-11.82942336872018,-13.51222796966739
evreg2,2.relative_year_bin_aux#1.treat,-80.23955224200984,112.4798886164195,-499.8434906556978,-422.427276829201,-255.5033798768242,-128.6056160348766,124.514548695934,261.9807921184528,350.2729157712313,458.1559368341485,563.3533102546772,0,-1.536627004831754,.1663992731864528,-31.46504150284493,112.7118195700381,143.49569540519,78.32638279360924,46.60024420664854,72.29652235143475,37.5692360424372,48.82299546420358,42.4011963240517,39.38429931828487,3.337273215866997,6.984979801826081,3.280426770254913,.2672097763296372,.399834101504361,1.754079987541951,.9123308313395154,1.592046006037207,1.851618473524526,9.787764334673366,-25.38494668354501,-27.51347896302733,-15.01778217732928,-2.745690343192877,-8.300348460540924,-8.160867052554078,-8.93723966915894,-8.981657340578222,-10.67662199534952
evreg2,3.relative_year_bin_aux#1.treat,-49.05303503664287,112.4798886164195,-190.9523981378624,-162.9144715804724,-114.7430115359658,-53.2535894512551,52.42553482336909,106.1295787969603,142.8598835560564,186.4597444398391,225.8416429120171,0,-1.106155478804887,.0793135457154971,-15.6252012772112,72.01476591491607,78.32638279360924,86.45304617898533,41.08588971226018,53.15644615307101,38.38690569580526,38.2361215233717,32.78348732276179,32.9041796134565,1.285945929804292,2.255349444906945,2.887751785278931,.3331506404729213,.3371558751661223,1.577830918588022,.5150694956325386,.8275003622236908,1.354504481845111,10.74788113660992,-19.50682043801377,-14.92851004498791,-17.7054364514012,-3.540253111558339,-9.409005778682264,-8.889456515871965,-9.415713505826355,-9.012634798073119,-10.5773757426864
evreg2,4.relative_year_bin_aux#1.treat,-25.90575976102173,112.4798886164195,-93.05951734256222,-81.48829123451648,-52.34732575439712,-31.11855672856756,21.12421113751614,46.9630125940376,65.48694021235741,86.57668322095371,105.097958940295,0,-.9779429988024299,.0406894732140435,-5.159567116083739,37.08853528403113,46.60024420664854,41.08588971226018,46.87264091310293,30.68026531316135,23.64505588133501,22.34990088466035,20.65149984372968,21.88316917897213,1.050163766154973,1.374238838777532,1.037507632801789,1.55294133924202,.7840489043015453,1.582803167487341,.7684555546712281,.6869415381390145,1.153810696560181,1.598555922763755,-5.190638858719982,-5.320784765730282,-1.93381843762431,-6.249876744853447,-1.246745092806524,-1.112693559711989,-1.247304721346678,-.8899320242438682,-2.116974286559321
evreg2,6.relative_year_bin_aux#1.treat,-39.32645990958079,112.4798886164195,-340.4048995034483,-279.4424944389262,-178.9626418004853,-90.20460430216026,89.23211046685445,188.6047862628047,262.4046593145504,339.2350855529482,413.9344133106097,0,-1.491091810083273,.0812830659120331,-17.81076168771322,68.13643798128771,72.29652235143475,53.15644615307101,30.68026531316135,90.03775841279482,54.18699245661129,47.29002667428586,44.91976138216917,44.20503770690028,1.243324133959621,1.269811051311382,1.348298869897908,.5162648519343517,2.196096243504991,2.669974308533534,2.294742570639524,.6347024820352236,2.596958644933569,10.79095069947271,-10.0308385139009,-9.523453225016672,-7.6450346332378,1.144644122197602,-30.0181797668182,-29.79630013848098,-20.68035125449056,-23.10097463947612,-20.77161205340895
evreg2,7.relative_year_bin_aux#1.treat,-11.69168402310874,112.4798886164195,-110.2744860560481,-90.68065119155982,-62.2405709163022,-32.67127105109475,30.24692441770389,52.06923520013319,86.36178395023569,115.2017657511807,136.4479890423098,0,-1.540319418662759,.0062219359737307,-6.304760903499483,42.70043319439385,37.5692360424372,38.38690569580526,23.64505588133501,54.18699245661129,71.9421745113046,35.94595038472809,29.63922899301198,28.49911619222541,1.262119970537105,.5809236194572194,.9941534278090248,.6816054081172824,1.723355088351544,4.597649897399533,2.569696529434579,.9826308322418619,3.161913658386462,10.67573200114428,-9.200050957773643,-8.111968680286353,-6.592488706779636,1.634206719139965,-27.46635518038448,-34.7469480668652,-23.19500366770688,-15.08907118055058,-17.42736424856312
evreg2,8.relative_year_bin_aux#1.treat,-31.7048187481957,112.4798886164195,-152.0138717347905,-129.2555924989741,-80.73864336460989,-41.09709113396228,34.72260531248857,73.10082519173274,78.95642158933528,130.6765223891148,161.435151941193,0,-2.244896538916167,.0777588131125464,-9.093436808902943,48.38150910237339,48.82299546420358,38.2361215233717,22.34990088466035,47.29002667428586,35.94595038472809,85.54967557193984,41.10678060606958,40.66329674785617,1.570433851008327,1.021915576073571,1.285154203380074,.020929491171107,1.49916328561209,2.822251377528869,4.517546057712718,2.235665615880873,3.832490736774881,10.72429524233847,-9.455478753106611,-8.285128157359466,-6.701482379651082,2.712509469419361,-21.62514455381713,-24.47236599788675,-28.11425831351019,-17.76691554147776,-21.07940919869959
evreg2,9.relative_year_bin_aux#1.treat,-12.82032406210273,112.4798886164195,-113.8104048331117,-99.1793880785964,-59.93249307491782,-30.8362713779511,23.5866096726973,56.22888263791209,68.46470285984655,80.17815438289141,111.4270387154427,0,-2.589149696952797,.0227298785224802,-3.22791461773646,41.29936215964628,42.4011963240517,32.78348732276179,20.65149984372968,44.91976138216917,29.63922899301198,41.10678060606958,99.57651638934024,75.28687726482327,1.928926912642925,1.521107256537472,1.749502463662058,.4671273167766816,1.75204972054265,3.089865351647748,2.381601278323276,6.534318901529987,4.247876803385939,10.79162516304868,-10.43624323146973,-9.253434705160872,-7.427988238421938,2.125411567879017,-22.59485244099441,-23.34864656868723,-25.30182987850012,-36.66653807207584,-22.54195743193527
evreg2,10.relative_year_bin_aux#1.treat,-25.41534434536107,112.4798886164195,-96.12335051942216,-84.59277562254951,-52.00277316047654,-27.45398454530464,19.83257526806982,45.00368171610265,56.18109617328177,72.83093099696049,82.22800825326161,0,-2.55818993369532,.040758022166753,-3.57659676581848,39.2221229784357,39.38429931828487,32.9041796134565,21.88316917897213,44.20503770690028,28.49911619222541,40.66329674785617,75.28687726482327,95.77145935683046,1.860547132555157,1.510265977653282,1.823072476339013,.8149815883679646,2.093336986071908,2.491976323216436,2.585934001392714,4.787463502555597,8.282993764905916,11.08660909877704,-9.915403457322236,-9.084229966947992,-7.41782102767817,1.913717106339894,-16.97626214357009,-17.46156648881892,-22.2319767827735,-31.95955921701014,-34.04582547494206
evreg2,1bn.relative_year_bin_aux#1.downup_ac,-.6365891989100424,112.4798886164195,-5.593885498091764,-3.551627347358615,-1.402608244073041,-1.013632751466934,-1.272331442914199,-1.358317404711195,-2.002964664442697,-2.428555617406423,-2.616747128746747,0,-3.614136161658502,.0007531998786214,.0500109163958951,5.0339794688938,3.337273215866997,1.285945929804292,1.050163766154973,1.243324133959621,1.262119970537105,1.570433851008327,1.928926912642925,1.860547132555157,12.5215704509511,4.887025249017257,3.513791016203279,1.911197908320854,2.246511599825739,2.81583885506797,2.735179927455184,3.441837582004829,3.336963053222444,3.717498750287128,-12.68463047525388,-4.986177069112345,-3.617244659114735,-2.061491088518057,-2.356916775503419,-2.917615846941535,-2.869482204653043,-3.586633409717006,-3.471985241277938
evreg2,2.relative_year_bin_aux#1.downup_ac,-.0441482040657909,112.4798886164195,-6.639041188017788,-8.404515704538287,-3.136168758375699,-1.749195700322582,-.5920108645294447,.2685571248543426,-.1199871083131532,-.2636930287862156,-.1385856242162707,0,-2.336539148476478,.0041032898326455,-.1662226597208272,4.393387232403338,6.984979801826081,2.255349444906945,1.374238838777532,1.269811051311382,.5809236194572194,1.021915576073571,1.521107256537472,1.510265977653282,4.887025249017257,11.90409082548354,4.571939796283282,1.462915364194259,1.861245361000663,1.204704807387625,1.579520951568512,2.28858427453652,2.166331019005474,2.375861649574019,-4.898816489043129,-11.9195533750978,-4.607697146571408,-1.50989573578829,-1.907950664954353,-1.241778013597288,-1.667272535389034,-2.386305843918274,-2.259837129814996
evreg2,3.relative_year_bin_aux#1.downup_ac,-.1819197512946534,112.4798886164195,-9.519547506880954,-8.159961031590836,-6.162697581252803,-2.615025212010401,.8031379964954237,2.661238295061972,3.783626545793575,5.027136129840086,6.446806529302233,0,-2.883827583998796,.0018789531313072,-.4104477565819766,2.929091782059879,3.280426770254913,2.887751785278931,1.037507632801789,1.348298869897908,.9941534278090248,1.285154203380074,1.749502463662058,1.823072476339013,3.513791016203279,4.571939796283282,6.874821220167414,2.217205009254822,2.531148131797905,2.494651817155141,2.234080697776449,2.874415869209387,2.760500119669191,2.905223180559082,-3.559964579569763,-4.614577147229526,-6.920996512367923,-2.261388207913009,-2.558272169575905,-2.524111474990916,-2.297779438860546,-2.949938517089676,-2.838620683569094
evreg2,4.relative_year_bin_aux#1.downup_ac,-.0459710499962577,112.4798886164195,-1.03893448155878,-.7536555645297623,-.7627989960135451,-1.738755173786472,-.9803106438364243,-.9435800254524983,-.1423720630037563,-.1193708786242371,-.2369294634207854,0,-1.777372325110429,-.0001947778368304,.2827861432122799,.3366727386617508,.2672097763296372,.3331506404729213,1.55294133924202,.5162648519343517,.6816054081172824,.020929491171107,.4671273167766816,.8149815883679646,1.911197908320854,1.462915364194259,2.217205009254822,3.418743102085248,1.526862008116477,2.090074647535248,1.787589174254548,1.623347985167757,1.790371101475823,1.778705518139515,-1.921204662434872,-1.500891361045181,-2.253713953387007,-3.440222767547897,-1.523007237046607,-2.081874331002158,-1.828891211338755,-1.686609960140316,-1.859271974008318
evreg2,6.relative_year_bin_aux#1.downup_ac,-2.491272236436556,112.4798886164195,3.544347057279597,2.901116515804957,1.75903600539696,.2976593991328217,-4.693402839807528,-5.385521315675072,-6.344148723501282,-7.543099272649699,-8.940012082846495,0,-3.069439409113888,-.0005035678596289,.1141922227011161,.8055874018125824,.399834101504361,.3371558751661223,.7840489043015453,2.196096243504991,1.723355088351544,1.49916328561209,1.75204972054265,2.093336986071908,2.246511599825739,1.861245361000663,2.531148131797905,1.526862008116477,6.088216268466372,3.704178858086844,3.498866659920948,3.885288585174604,3.473510524434538,3.099900729120028,-2.277825721723744,-1.892184666368284,-2.572243917032385,-1.568535191945773,-6.115009938011421,-3.696660891144167,-3.553495158039183,-3.947296398879753,-3.542578650903332
evreg2,7.relative_year_bin_aux#1.downup_ac,-4.274567986028758,112.4798886164195,-12.01146481241926,-8.820541483954718,-6.285574179560146,-3.902349154101874,1.137568434629344,1.433119751044486,5.361349028616436,7.518321825966739,10.33291669907124,0,-3.729206606388154,.0036874198206265,-.5932741675650031,2.579368265448944,1.754079987541951,1.577830918588022,1.582803167487341,2.669974308533534,4.597649897399533,2.822251377528869,3.089865351647748,2.491976323216436,2.81583885506797,1.204704807387625,2.494651817155141,2.090074647535248,3.704178858086844,9.591555951057975,5.367300028803732,5.580286513826032,5.765564507112087,3.710078968376152,-2.823454228083728,-1.218475849317742,-2.521110586180169,-2.106652013672825,-3.7030882056087,-9.592634498898139,-5.397610582704038,-5.629511323655367,-5.811107419549359
evreg2,8.relative_year_bin_aux#1.downup_ac,-1.654707468441859,112.4798886164195,-8.88752835871826,-6.525655256440332,-4.333767815253287,-2.672720546488911,.5026035841531941,2.183133324494144,2.127910651706834,6.405648811377763,8.1454573700974,0,-3.703957597355493,-.000333381429618,-.1362331524446888,1.519094140615974,.9123308313395154,.5150694956325386,.7684555546712281,2.294742570639524,2.569696529434579,4.517546057712718,2.381601278323276,2.585934001392714,2.735179927455184,1.579520951568512,2.234080697776449,1.787589174254548,3.498866659920948,5.367300028803732,10.48703455093406,6.402835717556467,6.466813780811645,3.695537295407253,-2.735223541018911,-1.595383014607577,-2.258894721743764,-1.807836573174458,-3.501388102877985,-5.377977707222939,-10.52090191003378,-6.454117721075776,-6.51554257208707
evreg2,9.relative_year_bin_aux#1.downup_ac,-1.607293485018967,112.4798886164195,4.08719773388009,3.271953576213499,2.417122553656777,.9638787100645879,-3.943986136704825,-6.129407519956945,-9.286330374628102,-15.21228953812877,-15.22370423963441,0,-4.598251741970564,-.0022090813440178,-.0498568446413436,2.082460957196958,1.592046006037207,.8275003622236908,.6869415381390145,.6347024820352236,.9826308322418619,2.235665615880873,6.534318901529987,4.787463502555597,3.441837582004829,2.28858427453652,2.874415869209387,1.623347985167757,3.885288585174604,5.580286513826032,6.402835717556467,13.23624657252917,9.9802146464166,4.635259150047914,-3.444204113122651,-2.307662159859512,-2.90107636133797,-1.644540954650479,-3.904431051956676,-5.605218177906326,-6.461735153528385,-13.31086516596594,-10.05469947090562
evreg2,10.relative_year_bin_aux#1.downup_ac,-.458501303929331,112.4798886164195,-.30434185074849,-.0925094384235639,-.1203213139170503,-.4789061572276628,-2.069034239104115,-3.339391609203284,-4.82948664509956,-5.886176793914537,-10.75229130297734,0,-4.41720951429483,-.0027340572461337,-.2740514326605819,2.406859770686925,1.851618473524526,1.354504481845111,1.153810696560181,2.596958644933569,3.161913658386462,3.832490736774881,4.247876803385939,8.282993764905916,3.336963053222444,2.166331019005474,2.760500119669191,1.790371101475823,3.473510524434538,5.765564507112087,6.466813780811645,9.9802146464166,17.54866084978861,4.447017455093169,-3.341012780144761,-2.187744347539315,-2.783326086701058,-1.819659262685522,-3.458338191632949,-5.847876756951645,-6.486378689412406,-10.04911910867766,-17.60510925156272
evreg2,1.treat#1.downup_ac,-7.809108737186281,112.4798886164195,20.24903395457633,15.72968332642169,10.27420402879592,4.823618929593934,-6.8759252919764,-12.98025968676031,-19.50789216926282,-25.37652943403186,-31.1033452524269,0,-5.066807277947577,-.0018257841778415,.6039819083085397,12.87857317796909,9.787764334673366,10.74788113660992,1.598555922763755,10.79095069947271,10.67573200114428,10.72429524233847,10.79162516304868,11.08660909877704,3.717498750287128,2.375861649574019,2.905223180559082,1.778705518139515,3.099900729120028,3.710078968376152,3.695537295407253,4.635259150047914,4.447017455093169,27.85420671170736,-19.19534332074181,-18.42715864251053,-18.00742810943321,-4.424895196952109,-20.93792894110074,-21.12494268632531,-22.39917523054863,-23.8791752752655,-24.174524961006
evreg2,1bn.relative_year_bin_aux#1.treat#1.downup_ac,3.545103948398958,112.4798886164195,4.969690842921328,2.976690829010835,.7389534772093767,.5492878515221286,1.538385727043263,1.984806240938097,3.48437270486183,5.115051781570794,6.211571626222106,0,3.616038344937276,.0021191454390527,.9156476710750135,-37.8094517085752,-25.38494668354501,-19.50682043801377,-5.190638858719982,-10.0308385139009,-9.200050957773643,-9.455478753106611,-10.43624323146973,-9.915403457322236,-12.68463047525388,-4.898816489043129,-3.559964579569763,-1.921204662434872,-2.277825721723744,-2.823454228083728,-2.735223541018911,-3.444204113122651,-3.341012780144761,-19.19534332074181,58.40189202738689,32.06383540040498,26.1011110076554,10.83011912712173,16.83381144545205,17.07253820262376,17.52132645502861,18.64778774305838,18.53373838728837
evreg2,2.relative_year_bin_aux#1.treat#1.downup_ac,5.76118347638992,112.4798886164195,.6317192069748796,3.692885835593396,-.1926668365221133,.0407646158288509,2.037305005407418,2.768605817269777,4.966465213297966,7.45120448120683,9.353113997644844,0,2.352937034878487,-.0047128728405847,.5236909242198301,-25.29134420872243,-27.51347896302733,-14.92851004498791,-5.320784765730282,-9.523453225016672,-8.111968680286353,-8.285128157359466,-9.253434705160872,-9.084229966947992,-4.986177069112345,-11.9195533750978,-4.614577147229526,-1.500891361045181,-1.892184666368284,-1.218475849317742,-1.595383014607577,-2.307662159859512,-2.187744347539315,-18.42715864251053,32.06383540040498,40.54318228411917,22.57372720545967,6.091408998633724,16.54933255180639,15.70836295422868,16.66528045203524,17.74494739055153,17.8267205400118
evreg2,3.relative_year_bin_aux#1.treat#1.downup_ac,8.789189849266776,112.4798886164195,5.750701275734613,5.237053851295975,4.014552485620116,1.476942597519214,.0149854380333425,-.7919898093094315,-.5020800959767224,-.1394421876663962,-.0774935945916067,0,2.904614519392728,-.0008242439036288,1.088900000198866,-13.94185137297641,-15.01778217732928,-17.7054364514012,-1.93381843762431,-7.6450346332378,-6.592488706779636,-6.701482379651082,-7.427988238421938,-7.41782102767817,-3.617244659114735,-4.607697146571408,-6.920996512367923,-2.253713953387007,-2.572243917032385,-2.521110586180169,-2.258894721743764,-2.90107636133797,-2.783326086701058,-18.00742810943321,26.1011110076554,22.57372720545967,33.47168303900244,12.32366847516498,16.4503736519594,16.17214029611713,16.46222980640542,17.32951489577885,17.32329885532097
evreg2,4.relative_year_bin_aux#1.treat#1.downup_ac,7.373952969109938,112.4798886164195,-4.692206139539508,-3.484071909415351,-2.195489702813142,.2137310573405132,2.080814605613277,3.456852101477732,4.311060234674295,5.944905744768124,7.770041754396887,0,1.791978335614653,.00096613243086,-.0365652689034342,-3.293295728920621,-2.745690343192877,-3.540253111558339,-6.249876744853447,1.144644122197602,1.634206719139965,2.712509469419361,2.125411567879017,1.913717106339894,-2.061491088518057,-1.50989573578829,-2.261388207913009,-3.440222767547897,-1.568535191945773,-2.106652013672825,-1.807836573174458,-1.644540954650479,-1.819659262685522,-4.424895196952109,10.83011912712173,6.091408998633724,12.32366847516498,25.02589113560063,4.665627042111494,5.115718988268076,5.092137887502015,4.967101136401062,5.176385053768859
evreg2,6.relative_year_bin_aux#1.treat#1.downup_ac,11.62601432838389,112.4798886164195,-16.72178259961335,-12.90582465145817,-8.486758417333595,-3.662318258661117,7.562991876383944,11.54955300064456,15.96447544149794,20.4536180949799,25.27095086303807,0,3.079971332661941,.0048307021752652,-.822459091157819,-10.790750260502,-8.300348460540924,-9.409005778682264,-1.246745092806524,-30.0181797668182,-27.46635518038448,-21.62514455381713,-22.59485244099441,-16.97626214357009,-2.356916775503419,-1.907950664954353,-2.558272169575905,-1.523007237046607,-6.115009938011421,-3.7030882056087,-3.501388102877985,-3.904431051956676,-3.458338191632949,-20.93792894110074,16.83381144545205,16.54933255180639,16.4503736519594,4.665627042111494,67.48102624119917,52.88681462478807,45.06991901125765,39.15401238877315,28.02931225695449
evreg2,7.relative_year_bin_aux#1.treat#1.downup_ac,11.59056232374965,112.4798886164195,7.588580138587071,5.603660028599327,4.319445183184171,2.986784436837521,-.3326036264383792,.3257542227146671,-2.733605484612949,-4.49527973113868,-6.612802093435203,0,3.729979065168295,-.000574164777443,.5568622472575231,-11.57368076531594,-8.160867052554078,-8.889456515871965,-1.112693559711989,-29.79630013848098,-34.7469480668652,-24.47236599788675,-23.34864656868723,-17.46156648881892,-2.917615846941535,-1.241778013597288,-2.524111474990916,-2.081874331002158,-3.696660891144167,-9.592634498898139,-5.377977707222939,-5.605218177906326,-5.847876756951645,-21.12494268632531,17.07253820262376,15.70836295422868,16.17214029611713,5.115718988268076,52.88681462478807,80.41344983898259,48.76171503447092,43.37855242344062,40.09541587881704
evreg2,8.relative_year_bin_aux#1.treat#1.downup_ac,5.922985698170654,112.4798886164195,-7.696440423072539,-6.003199274818192,-4.168669100343165,-1.63238357884191,3.13683775042465,5.688563483204924,10.28506672336971,10.55509722847462,13.34035404852266,0,3.748442164369452,.0052777544809833,-1.770984196484932,-11.75311270476208,-8.93723966915894,-9.415713505826355,-1.247304721346678,-20.68035125449056,-23.19500366770688,-28.11425831351019,-25.30182987850012,-22.2319767827735,-2.869482204653043,-1.667272535389034,-2.297779438860546,-1.828891211338755,-3.553495158039183,-5.397610582704038,-10.52090191003378,-6.461735153528385,-6.486378689412406,-22.39917523054863,17.52132645502861,16.66528045203524,16.46222980640542,5.092137887502015,45.06991901125765,48.76171503447092,59.62986974244476,41.01152570058975,37.72268155372217
evreg2,9.relative_year_bin_aux#1.treat#1.downup_ac,6.193813207497902,112.4798886164195,-14.2257485315952,-10.87158867883649,-7.524645567023695,-3.541089304033328,6.1579277738944,10.97549506530763,16.93037413184155,25.43539426842885,28.14047527511725,0,4.662332069474609,.0016498025515843,-2.189728380166053,-11.82942336872018,-8.981657340578222,-9.012634798073119,-.8899320242438682,-23.10097463947612,-15.08907118055058,-17.76691554147776,-36.66653807207584,-31.95955921701014,-3.586633409717006,-2.386305843918274,-2.949938517089676,-1.686609960140316,-3.947296398879753,-5.629511323655367,-6.454117721075776,-13.31086516596594,-10.04911910867766,-23.8791752752655,18.64778774305838,17.74494739055153,17.32951489577885,4.967101136401062,39.15401238877315,43.37855242344062,41.01152570058975,64.60257530833222,42.89119760908708
evreg2,10.relative_year_bin_aux#1.treat#1.downup_ac,6.618835501693937,112.4798886164195,-17.47689244234465,-13.31930631992883,-9.09735062814805,-4.309428385128092,5.938929703740396,12.10095104983141,18.95329794389924,25.50897176600616,35.74481133580358,0,4.47922428402333,.0032911004002153,-.3780190965955056,-13.51222796966739,-10.67662199534952,-10.5773757426864,-2.116974286559321,-20.77161205340895,-17.42736424856312,-21.07940919869959,-22.54195743193527,-34.04582547494206,-3.471985241277938,-2.259837129814996,-2.838620683569094,-1.859271974008318,-3.542578650903332,-5.811107419549359,-6.51554257208707,-10.05469947090562,-17.60510925156272,-24.174524961006,18.53373838728837,17.8267205400118,17.32329885532097,5.176385053768859,28.02931225695449,40.09541587881704,37.72268155372217,42.89119760908708,71.24319696844415
evreg3,1bn.relative_year_bin_aux,501.4917442096834,112.4798886164195,5276.22073978292,4055.568520675889,2658.48100389176,1340.137452240888,-1407.240544342608,-2772.908550183207,-3992.479706096001,-5236.506980900313,-6478.730287607606,0,0,-1.395212260219374,314.317644956619,-402.4077781057945,-346.5835197343023,-185.6443047744214,-108.2579323974745,-324.8352250972135,-185.516224088828,-197.3457540117008,-148.0910874838453,-116.1851463401845,169.861821505606,357.8617129909994,16.37795210717474,-5.10081661969561,53.07089553792063,-153.9581955425324,-122.1161219849086,-90.31947174756048,-43.20600901302143,0,-103.7260102595885,-374.4055678065981,-2.70607125875506,26.7014541969587,-57.68565739976039,186.4864388705193,115.8556861887355,68.01815706958118,35.41972753326828
evreg3,2.relative_year_bin_aux,388.9341577041062,112.4798886164195,4055.568520675889,3153.400457734817,2061.683136632649,1038.814279842645,-1086.247099461555,-2148.616054890264,-3084.102301974846,-4045.956636506499,-5005.850712186364,0,0,-1.0785758658881,243.5027880719016,-297.5980157956046,-292.0407465995438,-153.9747142038069,-88.42486067206569,-258.05201691849,-143.095686635181,-158.1955034643721,-119.7117894622862,-94.50365747654686,130.839955147114,249.6834548500031,7.852654578445147,-6.610164722024414,38.5956001469137,-111.0527395084141,-95.11766055325869,-71.03681881853588,-34.31665462268275,0,-79.5157119402047,-261.486573219394,4.372079285214313,23.36584186852399,-40.92148140141851,137.1902581816053,91.05558984556598,54.0670170582397,28.36337342821094
evreg3,3.relative_year_bin_aux,257.1104117172768,112.4798886164195,2658.48100389176,2061.683136632649,1367.501075086166,685.7389559785749,-716.9764506325324,-1414.480141100588,-2038.424745053445,-2672.590830596646,-3305.559409873223,0,0,-.7061750257518096,160.2465073994698,-187.0442097041921,-178.6636860850113,-111.5934238722457,-59.82344318224517,-172.1209862630573,-99.63323141333824,-103.5802919696008,-78.02124359002207,-61.70062327827831,91.96328038371645,183.3427304102768,-.2119720957235163,-4.664975709489307,25.30891345037798,-78.78362757840833,-63.86951728533159,-50.42091286000907,-25.40566458839372,0,-59.61722705290117,-191.1462366165568,9.449523280804224,16.18451065870429,-26.82188850272816,96.24145699773031,60.82525996989722,37.20796661721833,19.39031114328949
evreg3,4.relative_year_bin_aux,127.08884352979,112.4798886164195,1340.137452240888,1038.814279842645,685.7389559785749,350.546447506642,-358.1438687740073,-708.9198841105989,-1023.865735203758,-1344.148187263857,-1662.770834866885,0,0,-.3476995987624143,79.57894677108291,-95.44767804384003,-90.30940033984274,-53.17742407054419,-35.23112555226736,-87.52243514794613,-51.71871341279184,-53.75074713051376,-40.09004059555639,-32.47520669150596,44.35837282138726,91.33077192255573,2.439853072080052,-7.738613190592536,10.89862617025221,-42.23521830446055,-34.77088288177358,-26.74482961740774,-14.576195877406,0,-28.3559026122071,-95.51799262492609,1.939928883114736,13.35866948798841,-11.84514941876041,50.85428186092583,33.28343308043286,19.83226873204458,11.43450834148027
evreg3,6.relative_year_bin_aux,-124.6602955656646,112.4798886164195,-1407.240544342608,-1086.247099461555,-716.9764506325324,-358.1438687740073,396.2380337673742,763.6788131893546,1098.046930363318,1435.985532730983,1772.561963895147,0,0,.3652386435236259,-84.64273761009515,96.98499552148262,86.77483190987346,51.07757648662702,25.90275336770978,86.88167245995797,51.7544493455611,49.78391882255723,37.03516724556233,28.47473791101274,-54.91426478157749,-109.6341769697277,-12.20689402013548,-3.713605412032377,-24.88407262378897,38.44531892245712,30.2228417262546,23.07571466774352,9.584039665439423,0,37.7702830735458,113.5996790896925,6.947566261585947,-1.479887169422582,24.88538220559516,-47.45916363459443,-29.56244529508862,-18.30199069189682,-8.329016557355958
evreg3,7.relative_year_bin_aux,-243.3805038895758,112.4798886164195,-2772.908550183207,-2148.616054890264,-1414.480141100588,-708.9198841105989,763.6788131893546,1505.381290901836,2156.187048727739,2818.381430827366,3484.097048779736,0,0,.7076873311087315,-165.3257191660484,190.4857653226121,179.3350177399977,102.1472923880122,54.18504868314606,177.1994677858831,90.63352562460264,96.64813731949857,73.73178061444365,54.29803030363503,-96.83476816282931,-191.577375312746,-14.69522987562882,-1.991561343207088,-34.88675987081594,65.10867604043526,59.60776200750913,43.67746604551157,16.53767174932426,0,64.72704321019097,200.7568500300746,5.568375731202714,-8.011839504348393,37.38195784483087,-82.04565707649047,-57.13136617850134,-32.10898542144219,-12.66760977234233
evreg3,8.relative_year_bin_aux,-328.3742808815319,112.4798886164195,-3992.479706096001,-3084.102301974846,-2038.424745053445,-1023.865735203758,1098.046930363318,2156.187048727739,3135.412187586751,4079.000233529073,5039.636571019094,0,0,.9816459229360733,-234.1411753404144,260.1744109532593,237.0164280826215,140.2159449533863,76.27047790796652,249.7504991100977,140.7369028230837,116.0250956381401,96.82384616474175,73.15081606495714,-143.0594690996299,-289.1301579669203,-22.23256372688839,-2.208634690098314,-49.25778874534787,106.2916356259168,68.66959205625125,60.74242366445159,25.38737649704811,0,99.59466818055462,303.7525571966555,8.908065174874602,-12.43950982811985,53.57282295685314,-130.5981459242775,-63.7895578093411,-40.27475460483165,-16.33454411633849
evreg3,9.relative_year_bin_aux,-430.142166594918,112.4798886164195,-5236.506980900313,-4045.956636506499,-2672.590830596646,-1344.148187263857,1435.985532730983,2818.381430827366,4079.000233529073,5348.854924723952,6603.487532873383,0,0,1.298037087997749,-308.0815963553889,339.0638662149546,309.5116617483421,181.2252043125277,100.6514548946925,322.321166964732,185.0310704822854,179.365293996805,120.4620663401011,95.4066543061721,-185.8037226185185,-376.996218369751,-29.93426612370608,-2.477002368844257,-62.19638787264128,142.2865041072675,119.5250456952481,77.37128057324965,35.71006254549759,0,130.5721554865039,396.920313516497,12.01477218222141,-17.82610365839201,68.04589238980361,-174.8331843646192,-112.3544806487243,-46.23123752845746,-20.30483108326093
evreg3,10.relative_year_bin_aux,-526.6804016108191,112.4798886164195,-6478.730287607606,-5005.850712186364,-3305.559409873223,-1662.770834866885,1772.561963895147,3484.097048779736,5039.636571019094,6603.487532873383,8173.45731283093,0,0,1.601928025331506,-381.1681089871598,418.2712109966087,382.3378067336941,222.5515995498261,123.9914806059886,397.1586001581468,226.0456332386028,224.4981898635567,157.7019243343815,109.1327456773555,-230.3360416264377,-466.6930793086005,-35.97676018108595,-2.952931688751792,-75.47774661438216,176.4187540984126,151.5797579490506,107.4837746864185,37.16905980774187,0,162.2539906527878,491.4127800820769,13.80174542242582,-22.53974502573432,83.34458597506942,-216.3535571808834,-141.9761474204462,-66.85246818764048,-16.42867127237366
evreg3,1o.treat,0,112.4798886164195,0,0,0,0,0,0,0,0,0,0,0,0,0,0,0,0,0,0,0,0,0,0,0,0,0,0,0,0,0,0,0,0,0,0,0,0,0,0,0,0,0
evreg3,1o.rice_area_aclvl_ahigh,0,112.4798886164195,0,0,0,0,0,0,0,0,0,0,0,0,0,0,0,0,0,0,0,0,0,0,0,0,0,0,0,0,0,0,0,0,0,0,0,0,0,0,0,0,0
evreg3,wind_direction,-.9153619092401053,112.4798886164195,-1.395212260219374,-1.0785758658881,-.7061750257518096,-.3476995987624143,.3652386435236259,.7076873311087315,.9816459229360733,1.298037087997749,1.601928025331506,0,0,.0011900558670683,-.1287777942292622,.1201803832945309,.1213632980145606,.0688376474203993,.0420385726674667,.0879901797816704,.0407395569337148,.0681466773853956,.0514171097442518,.055666486433011,-.0653175379648947,-.1164463086928701,-.0321930005988864,.0014189243850174,-.0034949265715521,.0461485773777776,-.0130844848622864,.0222578712319615,-.00447312234114,0,.0124084726858727,.1050711902466069,.0239029200485187,.0029635682426477,-.0057570454291293,-.0731691538965199,.0290314764863536,-.0577346600541494,-.0312848463858358
evreg3,av_wind_speed,122.7070958382553,112.4798886164195,314.317644956619,243.5027880719016,160.2465073994698,79.57894677108291,-84.64273761009515,-165.3257191660484,-234.1411753404144,-308.0815963553889,-381.1681089871598,0,0,-.1287777942292622,39.48572577325839,-23.86095416203586,-24.05627329031876,-15.01428143924995,-7.626370544260106,-17.36979395061437,-11.67240213020872,-14.29316009228746,-6.84250773286261,-2.565117372497059,11.82778408633379,19.55075363964735,2.313110469571101,-1.501430273345473,1.968258433316221,-11.10728852784551,-5.296071207190957,-4.676109239311447,-1.122513317533142,0,-6.672101754754997,-18.96654775999339,-.3692639365600903,5.418756880485487,-2.436556229247572,13.62684602784556,11.02532687672232,6.184778818933763,-2.357467271767207
evreg3,1bn.relative_year_bin_aux#1.treat,-60.74795786262263,112.4798886164195,-402.4077781057945,-297.5980157956046,-187.0442097041921,-95.44767804384003,96.98499552148262,190.4857653226121,260.1744109532593,339.0638662149546,418.2712109966087,0,0,.1201803832945309,-23.86095416203586,199.8232305621181,113.4010763659763,95.05870166726977,62.69735148779452,82.04166551012558,64.14673477239116,65.70403401507011,61.61712457989687,56.27719132083291,7.796543566807709,-12.97453620342598,3.651273581615528,6.547212949352993,.5218153042565497,16.30893530445585,9.64455023386337,12.37212746347649,7.069156824357463,0,-123.5544397362824,-40.67172872942171,-68.45249996535112,-49.47268146849437,-41.41137349956225,-57.09873840324836,-50.34722604210003,-54.61579994670815,-48.02928950402727
evreg3,2.relative_year_bin_aux#1.treat,-69.84440802765384,112.4798886164195,-346.5835197343023,-292.0407465995438,-178.6636860850113,-90.30940033984274,86.77483190987346,179.3350177399977,237.0164280826215,309.5116617483421,382.3378067336941,0,0,.1213632980145606,-24.05627329031876,113.4010763659763,124.9859027152073,81.63605385993316,62.23127331204054,70.11785968435217,48.06331544896069,55.32511704966439,52.49722502585687,47.10306224209756,5.267225016387295,14.90094010918595,8.746566445674949,8.069338705593509,3.179216395207251,7.135216867208434,9.097743526421496,11.24897622693883,5.939157592869269,0,-64.28594120172052,-65.7897995606037,-55.00043250415118,-49.80103753521708,-32.87330382909327,-37.14699827134724,-39.45099993197212,-43.86743348309074,-37.16404713620624
evreg3,3.relative_year_bin_aux#1.treat,-45.22277069014342,112.4798886164195,-185.6443047744214,-153.9747142038069,-111.5934238722457,-53.17742407054419,51.07757648662702,102.1472923880122,140.2159449533863,181.2252043125277,222.5515995498261,0,0,.0688376474203993,-15.01428143924995,95.05870166726977,81.63605385993316,96.55521788317957,62.20895794204365,64.60582107907976,53.47231190410719,51.61203597464488,50.75573171601223,47.92729195563142,-2.696073913607287,-7.888659654455529,11.38023483598568,5.587905010497713,2.23925276722111,9.571560961615157,5.830330527630777,9.692520264421271,5.58915806106157,0,-63.00742899304416,-37.79536287046186,-74.19312830640466,-52.63600596744855,-38.3534940815037,-45.53179362875178,-41.79579109316676,-48.04310193820525,-42.79841196937363
evreg3,4.relative_year_bin_aux#1.treat,-28.41861485491491,112.4798886164195,-108.2579323974745,-88.42486067206569,-59.82344318224517,-35.23112555226736,25.90275336770978,54.18504868314606,76.27047790796652,100.6514548946925,123.9914806059886,0,0,.0420385726674667,-7.626370544260106,62.69735148779452,62.23127331204054,62.20895794204365,76.89045881842188,50.03808692020646,44.621134834378,43.42649764026895,44.11095974303445,44.0875297097508,.5038958392272225,-3.720022506367658,3.215277449663197,8.286749159932794,3.422884689478265,8.429918123512159,5.82635774106656,6.29408977875257,4.202271637122446,0,-46.82560385782872,-38.91833086230562,-51.68811083845341,-72.30789491023666,-37.58300443478979,-42.51930261476312,-39.38856770800605,-43.46233254421821,-41.66051915489501
evreg3,6.relative_year_bin_aux#1.treat,-39.99421288032761,112.4798886164195,-324.8352250972135,-258.05201691849,-172.1209862630573,-87.52243514794613,86.88167245995797,177.1994677858831,249.7504991100977,322.321166964732,397.1586001581468,0,0,.0879901797816704,-17.36979395061437,82.04166551012558,70.11785968435217,64.60582107907976,50.03808692020646,99.68533776206996,57.83028181095679,59.25493457655305,50.21815114593895,58.2673970688497,-3.453252914879083,-17.02520307474107,3.660576440992761,6.358363769377614,4.474584161458122,15.2175155128375,12.12513336708556,13.70068940913976,8.587558906074037,0,-38.80181999568875,-9.686347411512486,-38.34846085060993,-39.33792427178079,-56.1837249843215,-42.64957968056302,-48.65716805337183,-43.5000913047778,-50.74375849667732
evreg3,7.relative_year_bin_aux#1.treat,-28.30094890949262,112.4798886164195,-185.516224088828,-143.095686635181,-99.63323141333824,-51.71871341279184,51.7544493455611,90.63352562460264,140.7369028230837,185.0310704822854,226.0456332386028,0,0,.0407395569337148,-11.67240213020872,64.14673477239116,48.06331544896069,53.47231190410719,44.621134834378,57.83028181095679,87.35409935891691,45.35001248237063,41.33052169064386,27.86395999850273,-4.839131959136733,-22.59493034685897,.4339856255110534,4.403047612482304,1.126915284490384,22.76407266661814,12.44418513025581,13.24085082738888,10.74809753400374,0,-35.18323730360373,-5.296238018659101,-35.151207781266,-37.56161730765846,-29.07610437526477,-77.31366835169048,-37.93002480461535,-37.18708441000119,-21.83640555178516
evreg3,8.relative_year_bin_aux#1.treat,-29.89225741189338,112.4798886164195,-197.3457540117008,-158.1955034643721,-103.5802919696008,-53.75074713051376,49.78391882255723,96.64813731949857,116.0250956381401,179.365293996805,224.4981898635567,0,0,.0681466773853956,-14.29316009228746,65.70403401507011,55.32511704966439,51.61203597464488,43.42649764026895,59.25493457655305,45.35001248237063,102.2026349434654,42.14030414266645,35.87153153021652,-1.674835791896048,-11.35229220562738,1.912039161254823,4.227141543612175,1.9109527929398,14.60247803579548,33.35783077758476,16.4649828734796,12.00383089261142,0,-38.47290979201602,-17.14104416117419,-37.01481355573318,-38.34084352069402,-38.85398782721101,-40.4937145037126,-93.25634799775756,-32.0310034444014,-23.52059835550603
evreg3,9.relative_year_bin_aux#1.treat,-25.61495114678983,112.4798886164195,-148.0910874838453,-119.7117894622862,-78.02124359002207,-40.09004059555639,37.03516724556233,73.73178061444365,96.82384616474175,120.4620663401011,157.7019243343815,0,0,.0514171097442518,-6.84250773286261,61.61712457989687,52.49722502585687,50.75573171601223,44.11095974303445,50.21815114593895,41.33052169064386,42.14030414266645,102.8947540865739,86.35375487180038,-1.965140243729716,-10.97206202039614,3.514244892943257,4.129139952845528,1.280441686268838,12.66354259862555,12.12719001448404,20.527339601861,11.72737455313805,0,-36.40095412206397,-17.10860847581797,-38.74158568279172,-39.09233182644061,-27.5592067114316,-36.30358792474136,-30.3621610495039,-89.95515496946835,-73.3377223808659
evreg3,10.relative_year_bin_aux#1.treat,-25.7817975918735,112.4798886164195,-116.1851463401845,-94.50365747654686,-61.70062327827831,-32.47520669150596,28.47473791101274,54.29803030363503,73.15081606495714,95.4066543061721,109.1327456773555,0,0,.055666486433011,-2.565117372497059,56.27719132083291,47.10306224209756,47.92729195563142,44.0875297097508,58.2673970688497,27.86395999850273,35.87153153021652,86.35375487180038,133.617813688242,-1.290133625503578,-8.483063383978175,3.211252828160483,4.007915807856175,.7034485178637466,11.8756780227764,10.10490362926462,11.37174165316315,21.41249053848643,0,-35.96661417867632,-19.6799711419654,-39.40730249449157,-40.32131672445811,-40.46519883401638,-24.03819652232469,-24.53901532360528,-69.99236293034191,-119.4730577091714
evreg3,1bn.relative_year_bin_aux#1.rice_area_aclvl_ahigh,46.57932787827318,112.4798886164195,169.861821505606,130.839955147114,91.96328038371645,44.35837282138726,-54.91426478157749,-96.83476816282931,-143.0594690996299,-185.8037226185185,-230.3360416264377,0,0,-.0653175379648947,11.82778408633379,7.796543566807709,5.267225016387295,-2.696073913607287,.5038958392272225,-3.453252914879083,-4.839131959136733,-1.674835791896048,-1.965140243729716,-1.290133625503578,147.6869016892288,72.13425073556598,13.6229424909624,14.86477462420028,20.66822767912027,1.09397267929853,18.95449040136029,13.39640328211265,14.46723122014353,0,-138.0348829785556,-68.01227993421324,-9.599341723548029,-14.50539601487163,-17.63810673395428,2.370360922458706,-15.67702833654487,-8.621446008216251,-8.953314868573802
evreg3,2.relative_year_bin_aux#1.rice_area_aclvl_ahigh,36.01909495833325,112.4798886164195,357.8617129909994,249.6834548500031,183.3427304102768,91.33077192255573,-109.6341769697277,-191.577375312746,-289.1301579669203,-376.996218369751,-466.6930793086005,0,0,-.1164463086928701,19.55075363964735,-12.97453620342598,14.90094010918595,-7.888659654455529,-3.720022506367658,-17.02520307474107,-22.59493034685897,-11.35229220562738,-10.97206202039614,-8.483063383978175,72.13425073556598,212.8910562886546,38.1210655219817,35.73922489903735,44.46436576768199,-27.83441765459671,28.49714749441626,24.08904827508717,25.81432017041033,0,-62.56726855613898,-210.5301139372241,-34.10417043354146,-34.79129732389839,-42.97070415259613,30.72935854965856,-27.30436163410154,-21.93812566115945,-22.92959050772895
evreg3,3.relative_year_bin_aux#1.rice_area_aclvl_ahigh,29.7135054404507,112.4798886164195,16.37795210717474,7.852654578445147,-.2119720957235163,2.439853072080052,-12.20689402013548,-14.69522987562882,-22.23256372688839,-29.93426612370608,-35.97676018108595,0,0,-.0321930005988864,2.313110469571101,3.651273581615528,8.746566445674949,11.38023483598568,3.215277449663197,3.660576440992761,.4339856255110534,1.912039161254823,3.514244892943257,3.211252828160483,13.6229424909624,38.1210655219817,64.14746339408123,20.90654601728208,19.49415606882968,14.84170067136484,20.19942239280526,18.44919761601221,19.04695786405451,0,-13.14479691137946,-37.09097964766638,-62.27971818902586,-20.61997032109084,-18.66726267113589,-13.91455568118,-20.35274768565646,-18.54738853572239,-19.21112860832941
evreg3,4.relative_year_bin_aux#1.rice_area_aclvl_ahigh,-8.842948409431974,112.4798886164195,-5.10081661969561,-6.610164722024414,-4.664975709489307,-7.738613190592536,-3.713605412032377,-1.991561343207088,-2.208634690098314,-2.477002368844257,-2.952931688751792,0,0,.0014189243850174,-1.501430273345473,6.547212949352993,8.069338705593509,5.587905010497713,8.286749159932794,6.358363769377614,4.403047612482304,4.227141543612175,4.129139952845528,4.007915807856175,14.86477462420028,35.73922489903735,20.90654601728208,34.77129419855584,22.50315130149025,21.71568530147818,21.91799807315552,19.38738918891852,19.9884025959904,0,-13.4460027923201,-34.6677056495328,-19.87064488291506,-34.61959874003289,-21.30725435176911,-20.75803196080908,-21.45674009058069,-18.74103486778192,-19.55827328833617
evreg3,6.relative_year_bin_aux#1.rice_area_aclvl_ahigh,-7.034839792595797,112.4798886164195,53.07089553792063,38.5956001469137,25.30891345037798,10.89862617025221,-24.88407262378897,-34.88675987081594,-49.25778874534787,-62.19638787264128,-75.47774661438216,0,0,-.0034949265715521,1.968258433316221,.5218153042565497,3.179216395207251,2.23925276722111,3.422884689478265,4.474584161458122,1.126915284490384,1.9109527929398,1.280441686268838,.7034485178637466,20.66822767912027,44.46436576768199,19.49415606882968,22.50315130149025,36.78387381702067,14.63650521357079,21.8081664884489,21.06770806012836,19.74959571073511,0,-18.01859411365034,-42.58050592239773,-17.71708989598328,-22.1729590441012,-33.59410996137168,-12.09759545386802,-19.84982503148009,-19.74040798762574,-18.41910917964706
evreg3,7.relative_year_bin_aux#1.rice_area_aclvl_ahigh,-27.55432294136997,112.4798886164195,-153.9581955425324,-111.0527395084141,-78.78362757840833,-42.23521830446055,38.44531892245712,65.10867604043526,106.2916356259168,142.2865041072675,176.4187540984126,0,0,.0461485773777776,-11.10728852784551,16.30893530445585,7.135216867208434,9.571560961615157,8.429918123512159,15.2175155128375,22.76407266661814,14.60247803579548,12.66354259862555,11.8756780227764,1.09397267929853,-27.83441765459671,14.84170067136484,21.71568530147818,14.63650521357079,80.45494767909663,33.45459391899445,22.8709594822296,26.29068079525754,0,-3.408160802305397,29.14646715493374,-14.35926364016025,-21.89926784495475,-11.26713908067909,-78.06585005256329,-30.93584906351633,-21.24695809550449,-25.31895658677068
evreg3,8.relative_year_bin_aux#1.rice_area_aclvl_ahigh,14.04631136922631,112.4798886164195,-122.1161219849086,-95.11766055325869,-63.86951728533159,-34.77088288177358,30.2228417262546,59.60776200750913,68.66959205625125,119.5250456952481,151.5797579490506,0,0,-.0130844848622864,-5.296071207190957,9.64455023386337,9.097743526421496,5.830330527630777,5.82635774106656,12.12513336708556,12.44418513025581,33.35783077758476,12.12719001448404,10.10490362926462,18.95449040136029,28.49714749441626,20.19942239280526,21.91799807315552,21.8081664884489,33.45459391899445,138.7824951573848,50.57686763726895,43.59983612815103,0,-17.52233784051672,-25.21381942149337,-19.78850081993074,-21.48558351192424,-18.6435570419434,-30.47809094196191,-134.6513632990803,-47.43022036266897,-40.28245612276457
evreg3,9.relative_year_bin_aux#1.rice_area_aclvl_ahigh,-23.06111097253735,112.4798886164195,-90.31947174756048,-71.03681881853588,-50.42091286000907,-26.74482961740774,23.07571466774352,43.67746604551157,60.74242366445159,77.37128057324965,107.4837746864185,0,0,.0222578712319615,-4.676109239311447,12.37212746347649,11.24897622693883,9.692520264421271,6.29408977875257,13.70068940913976,13.24085082738888,16.4649828734796,20.527339601861,11.37174165316315,13.39640328211265,24.08904827508717,18.44919761601221,19.38738918891852,21.06770806012836,22.8709594822296,50.57686763726895,93.46418081686045,51.99079611045186,0,-13.40192497692172,-22.68377111484406,-19.58808956227202,-19.37899171204533,-20.03256821633298,-21.6521514870037,-47.49750388125619,-91.90771164782682,-49.98973270969374
evreg3,10.relative_year_bin_aux#1.rice_area_aclvl_ahigh,9.229581403727362,112.4798886164195,-43.20600901302143,-34.31665462268275,-25.40566458839372,-14.576195877406,9.584039665439423,16.53767174932426,25.38737649704811,35.71006254549759,37.16905980774187,0,0,-.00447312234114,-1.122513317533142,7.069156824357463,5.939157592869269,5.58915806106157,4.202271637122446,8.587558906074037,10.74809753400374,12.00383089261142,11.72737455313805,21.41249053848643,14.46723122014353,25.81432017041033,19.04695786405451,19.9884025959904,19.74959571073511,26.29068079525754,43.59983612815103,51.99079611045186,80.82727365210638,0,-14.17400120757378,-24.62068346075885,-20.38902471388521,-19.50740194179213,-19.44622344706771,-25.43744875047128,-40.46176821823433,-51.25054885772758,-79.56750336089226
evreg3,1o.treat#1o.rice_area_aclvl_ahigh,0,112.4798886164195,0,0,0,0,0,0,0,0,0,0,0,0,0,0,0,0,0,0,0,0,0,0,0,0,0,0,0,0,0,0,0,0,0,0,0,0,0,0,0,0,0
evreg3,1bn.relative_year_bin_aux#1.treat#1.rice_area_aclvl_ahigh,-11.15321740650661,112.4798886164195,-103.7260102595885,-79.5157119402047,-59.61722705290117,-28.3559026122071,37.7702830735458,64.72704321019097,99.59466818055462,130.5721554865039,162.2539906527878,0,0,.0124084726858727,-6.672101754754997,-123.5544397362824,-64.28594120172052,-63.00742899304416,-46.82560385782872,-38.80181999568875,-35.18323730360373,-38.47290979201602,-36.40095412206397,-35.96661417867632,-138.0348829785556,-62.56726855613898,-13.14479691137946,-13.4460027923201,-18.01859411365034,-3.408160802305397,-17.52233784051672,-13.40192497692172,-14.17400120757378,0,354.0582523571612,142.1287133892758,102.2425736985569,71.22264890889349,70.92089863625741,53.32292218778851,67.98508724261841,55.01636268442563,54.29693415743282
evreg3,2.relative_year_bin_aux#1.treat#1.rice_area_aclvl_ahigh,-22.93813263075914,112.4798886164195,-374.4055678065981,-261.486573219394,-191.1462366165568,-95.51799262492609,113.5996790896925,200.7568500300746,303.7525571966555,396.920313516497,491.4127800820769,0,0,.1050711902466069,-18.96654775999339,-40.67172872942171,-65.7897995606037,-37.79536287046186,-38.91833086230562,-9.686347411512486,-5.296238018659101,-17.14104416117419,-17.10860847581797,-19.6799711419654,-68.01227993421324,-210.5301139372241,-37.09097964766638,-34.6677056495328,-42.58050592239773,29.14646715493374,-25.21381942149337,-22.68377111484406,-24.62068346075885,0,142.1287133892758,334.1036802260982,142.6694462425501,110.1716678045,91.35433662105325,14.19629239738714,70.09652073645407,58.8553120276012,58.64275757766814
evreg3,3.relative_year_bin_aux#1.treat#1.rice_area_aclvl_ahigh,-1.586957787246654,112.4798886164195,-2.70607125875506,4.372079285214313,9.449523280804224,1.939928883114736,6.947566261585947,5.568375731202714,8.908065174874602,12.01477218222141,13.80174542242582,0,0,.0239029200485187,-.3692639365600903,-68.45249996535112,-55.00043250415118,-74.19312830640466,-51.68811083845341,-38.34846085060993,-35.151207781266,-37.01481355573318,-38.74158568279172,-39.40730249449157,-9.599341723548029,-34.10417043354146,-62.27971818902586,-19.87064488291506,-17.71708989598328,-14.35926364016025,-19.78850081993074,-19.58808956227202,-20.38902471388521,0,102.2425736985569,142.6694462425501,235.6867741869335,129.9108938536455,88.81211220644792,82.05398437176537,84.6397141497405,79.13407287229441,80.14527666510968
evreg3,4.relative_year_bin_aux#1.treat#1.rice_area_aclvl_ahigh,14.66429502917364,112.4798886164195,26.7014541969587,23.36584186852399,16.18451065870429,13.35866948798841,-1.479887169422582,-8.011839504348393,-12.43950982811985,-17.82610365839201,-22.53974502573432,0,0,.0029635682426477,5.418756880485487,-49.47268146849437,-49.80103753521708,-52.63600596744855,-72.30789491023666,-39.33792427178079,-37.56161730765846,-38.34084352069402,-39.09233182644061,-40.32131672445811,-14.50539601487163,-34.79129732389839,-20.61997032109084,-34.61959874003289,-22.1729590441012,-21.89926784495475,-21.48558351192424,-19.37899171204533,-19.50740194179213,0,71.22264890889349,110.1716678045,129.9108938536455,176.7979339358017,82.46379331141362,81.76926716900104,78.79810375497054,75.67317178659559,76.9755289481633
evreg3,6.relative_year_bin_aux#1.treat#1.rice_area_aclvl_ahigh,15.33274016534239,112.4798886164195,-57.68565739976039,-40.92148140141851,-26.82188850272816,-11.84514941876041,24.88538220559516,37.38195784483087,53.57282295685314,68.04589238980361,83.34458597506942,0,0,-.0057570454291293,-2.436556229247572,-41.41137349956225,-32.87330382909327,-38.3534940815037,-37.58300443478979,-56.1837249843215,-29.07610437526477,-38.85398782721101,-27.5592067114316,-40.46519883401638,-17.63810673395428,-42.97070415259613,-18.66726267113589,-21.30725435176911,-33.59410996137168,-11.26713908067909,-18.6435570419434,-20.03256821633298,-19.44622344706771,0,70.92089863625741,91.35433662105325,88.81211220644792,82.46379331141362,139.75036426001,58.64732170460812,80.50768925437674,60.77194905336908,66.07705567792155
evreg3,7.relative_year_bin_aux#1.treat#1.rice_area_aclvl_ahigh,53.22938708464017,112.4798886164195,186.4864388705193,137.1902581816053,96.24145699773031,50.85428186092583,-47.45916363459443,-82.04565707649047,-130.5981459242775,-174.8331843646192,-216.3535571808834,0,0,-.0731691538965199,13.62684602784556,-57.09873840324836,-37.14699827134724,-45.53179362875178,-42.51930261476312,-42.64957968056302,-77.31366835169048,-40.4937145037126,-36.30358792474136,-24.03819652232469,2.370360922458706,30.72935854965856,-13.91455568118,-20.75803196080908,-12.09759545386802,-78.06585005256329,-30.47809094196191,-21.6521514870037,-25.43744875047128,0,53.32292218778851,14.19629239738714,82.05398437176537,81.76926716900104,58.64732170460812,193.6054763373961,64.55955107120853,57.62819980528172,68.46390457959382
evreg3,8.relative_year_bin_aux#1.treat#1.rice_area_aclvl_ahigh,1.639924988666245,112.4798886164195,115.8556861887355,91.05558984556598,60.82525996989722,33.28343308043286,-29.56244529508862,-57.13136617850134,-63.7895578093411,-112.3544806487243,-141.9761474204462,0,0,.0290314764863536,11.02532687672232,-50.34722604210003,-39.45099993197212,-41.79579109316676,-39.38856770800605,-48.65716805337183,-37.93002480461535,-93.25634799775756,-30.3621610495039,-24.53901532360528,-15.67702833654487,-27.30436163410154,-20.35274768565646,-21.45674009058069,-19.84982503148009,-30.93584906351633,-134.6513632990803,-47.49750388125619,-40.46176821823433,0,67.98508724261841,70.09652073645407,84.6397141497405,78.79810375497054,80.50768925437674,64.55955107120853,277.9663656423879,77.08497531976577,71.85564325400253
evreg3,9.relative_year_bin_aux#1.treat#1.rice_area_aclvl_ahigh,37.0211205492744,112.4798886164195,68.01815706958118,54.0670170582397,37.20796661721833,19.83226873204458,-18.30199069189682,-32.10898542144219,-40.27475460483165,-46.23123752845746,-66.85246818764048,0,0,-.0577346600541494,6.184778818933763,-54.61579994670815,-43.86743348309074,-48.04310193820525,-43.46233254421821,-43.5000913047778,-37.18708441000119,-32.0310034444014,-89.95515496946835,-69.99236293034191,-8.621446008216251,-21.93812566115945,-18.54738853572239,-18.74103486778192,-19.74040798762574,-21.24695809550449,-47.43022036266897,-91.90771164782682,-51.25054885772758,0,55.01636268442563,58.8553120276012,79.13407287229441,75.67317178659559,60.77194905336908,57.62819980528172,77.08497531976577,288.6966794057267,182.5630150155162
evreg3,10.relative_year_bin_aux#1.treat#1.rice_area_aclvl_ahigh,7.107395862463898,112.4798886164195,35.41972753326828,28.36337342821094,19.39031114328949,11.43450834148027,-8.329016557355958,-12.66760977234233,-16.33454411633849,-20.30483108326093,-16.42867127237366,0,0,-.0312848463858358,-2.357467271767207,-48.02928950402727,-37.16404713620624,-42.79841196937363,-41.66051915489501,-50.74375849667732,-21.83640555178516,-23.52059835550603,-73.3377223808659,-119.4730577091714,-8.953314868573802,-22.92959050772895,-19.21112860832941,-19.55827328833617,-18.41910917964706,-25.31895658677068,-40.28245612276457,-49.98973270969374,-79.56750336089226,0,54.29693415743282,58.64275757766814,80.14527666510968,76.9755289481633,66.07705567792155,68.46390457959382,71.85564325400253,182.5630150155162,258.998965430061
evreg4,1bn.relative_year_bin_aux,490.7072101118917,112.4798886164195,5071.426350638792,3830.491994921721,2591.459018672697,1312.756056283166,-1391.351598025563,-2662.740211273571,-3874.78110795329,-5115.962429458185,-6345.816946990497,0,0,-1.363933379480291,307.8886823358121,-320.2316679206277,-217.3218482239094,-173.7886011395128,-106.629402630131,-310.5066103995377,-245.0195476187436,-214.2947182595601,-179.8626469690224,-133.0777426587092,398.9779946543013,688.3932623546685,56.86959812073037,7.586321769440907,73.45195705995972,-286.066303515873,-239.3863389874962,-164.0805745296095,-113.2260060620868,0,-288.0560234846542,-654.1287167434272,-31.87898563675293,18.09322638505984,-69.64072209023124,328.0704334299963,173.5672369182825,157.3742802815388,108.1470129458936
evreg4,2.relative_year_bin_aux,375.0490675129109,112.4798886164195,3830.491994921721,2904.675981988144,1964.462703786829,994.5365050661455,-1054.829548665058,-2018.370926386106,-2935.522776102356,-3875.763443272854,-4807.269092943196,0,0,-1.031907207426695,233.0380130413259,-237.0866753222678,-171.2019225127702,-135.2733186709817,-82.06555886860086,-237.2139556668933,-186.7291676239887,-164.0897207988006,-137.6693628211801,-101.9477157395336,293.2920076408581,516.9169027260756,45.76494490240363,6.291089431803133,56.76810455736263,-215.1975022617911,-181.511004561756,-125.3714167298858,-86.06645336759684,0,-210.4151947454074,-490.4214892243141,-25.52944525664184,13.52464141906792,-53.22913469191112,247.2257339743043,131.8264444030114,119.4532161442473,81.3661724259115
evreg4,3.relative_year_bin_aux,247.1514131339145,112.4798886164195,2591.459018672697,1964.462703786829,1333.916092492514,675.3682431849035,-714.3161727718764,-1367.881449170044,-1990.535459894127,-2628.229117632482,-3259.767785048897,0,0,-.6905797973896718,157.3308365439711,-159.3334085442556,-113.7797562436949,-95.28069263533952,-57.39696660836822,-163.0173300310755,-128.1798268879195,-112.2269710496309,-94.07452008681817,-69.92248476701199,193.1136398135455,351.1541960294433,31.78215303424132,3.168257365916874,37.19659099351408,-145.9461258145538,-125.9269175434454,-87.9128083535099,-60.59277198403655,0,-138.5365729126653,-333.1639315289711,-17.41018167856694,10.50616022300781,-34.60864209573018,167.4310412286252,91.77880413183986,82.70478726467053,56.62801279749126
evreg4,4.relative_year_bin_aux,127.3627447217079,112.4798886164195,1312.756056283166,994.5365050661455,675.3682431849035,344.5731198239399,-361.585674228874,-692.996394665189,-1009.094731822225,-1332.964010384828,-1653.036564009987,0,0,-.3462238757520523,79.56741248062717,-80.99741981675028,-57.02431253167238,-47.89604803313697,-31.44465259483593,-83.02616445258415,-65.2812547122405,-57.01786931210314,-47.43935624749673,-35.55142939860239,96.31778771094756,177.1542617737886,16.74585211724885,-.5235239342061005,18.29466443119883,-73.95464290994251,-64.71998320420829,-44.58760401527164,-31.25545454389734,0,-69.3011114584076,-168.3470615814776,-9.798543616882341,7.132959635631037,-17.16561467498944,84.6761550328728,46.93530050384356,41.721366769561,29.3280385272677
evreg4,6.relative_year_bin_aux,-123.7288902319534,112.4798886164195,-1391.351598025563,-1054.829548665058,-714.3161727718764,-361.585674228874,396.5696765469396,747.6230311243646,1083.8935133271,1428.693304571384,1769.407190471601,0,0,.3631990861880915,-83.88854469071724,84.11272379270986,59.49004922733751,48.61962506967417,29.61970847669113,87.06246031865032,69.56078514599683,60.14872286589384,49.11165962618769,35.74943690448234,-106.7339259835933,-193.9999373762445,-24.21104130876947,-3.570685100256857,-27.42568985478457,76.7212203015342,69.38764161812067,47.33883881641741,32.27175989889909,0,79.20306308972927,183.4096242662789,15.88974976192069,-4.269811508084064,26.14376784481693,-87.37317145652844,-54.35061231873518,-45.71179584079346,-30.22248219901728
evreg4,7.relative_year_bin_aux,-235.3164065362219,112.4798886164195,-2662.740211273571,-2018.370926386106,-1367.881449170044,-692.996394665189,747.6230311243646,1429.385724315977,2070.294493424883,2730.715046091178,3384.606248487413,0,0,.6886042192518066,-159.8692068427481,157.1820000730904,110.7635969780047,91.64153518319904,56.13883317514267,167.6026012982678,125.5557850432708,111.8166567543669,91.60047923848246,65.64555175909483,-199.9188816275049,-363.4807241466945,-40.84772659621191,-5.001304224627884,-43.944229768521,142.9814920463131,136.21603035476,89.94458660587902,61.27941356688022,0,147.8826890629631,344.7527844872531,26.00954862333955,-8.800238802365561,43.23431519109315,-163.1375527371655,-102.5455983228024,-84.68368673245455,-57.0479690721652
evreg4,8.relative_year_bin_aux,-337.4959606303262,112.4798886164195,-3874.78110795329,-2935.522776102356,-1990.535459894127,-1009.094731822225,1083.8935133271,2070.294493424883,3015.917852181039,3976.646188848093,4929.608575468326,0,0,.9916845014403319,-232.4967150014731,221.7634682891684,153.9676669478531,129.0458642082116,79.73881798804273,238.9405149128048,185.8233633875606,156.1895061931675,130.0965349883782,94.05971277034912,-288.6882063357713,-525.9134134331971,-58.17165084473802,-7.042858929913943,-61.48930992050111,212.3158243351895,198.9805812874346,132.5571828956376,91.03842565524076,0,214.5788020413189,499.573910425744,36.8664689049672,-12.44918556605515,61.04877867759361,-241.4212165842575,-145.0847812309031,-122.253987859679,-83.90556372738975
evreg4,9.relative_year_bin_aux,-431.4662695809625,112.4798886164195,-5115.962429458185,-3875.763443272854,-2628.229117632482,-1332.964010384828,1428.693304571384,2730.715046091178,3976.646188848093,5254.811444413897,6512.685167741432,0,0,1.298096702777304,-305.7269370285479,286.6319538334795,197.8403396744504,166.4761508298523,103.7077312365401,310.9002670734551,243.0372365818476,209.4534679428978,167.8540106886595,123.4990096964906,-379.7427267807161,-691.0783178194966,-76.28530544767845,-9.873990710737774,-79.84378440193245,277.5066594693369,267.2649528700179,174.8741528344804,121.7009012944672,0,284.6945728703577,657.8386252306844,48.47185497814326,-15.82127747709838,79.2185174821264,-316.302926023205,-191.5940451874928,-158.0062777858184,-111.2622739521396
evreg4,10.relative_year_bin_aux,-535.4714061541599,112.4798886164195,-6345.816946990497,-4807.269092943196,-3259.767785048897,-1653.036564009987,1769.407190471601,3384.606248487413,4929.608575468326,6512.685167741432,8083.633496056531,0,0,1.608894829444915,-379.6828062552873,353.5927536892231,243.7778996005193,205.0975720448515,127.5577116572753,383.6558403506328,299.5842211064171,259.0759397116645,210.3675980705128,145.3523479029019,-471.5593542552855,-857.380262548636,-94.13741549653189,-13.12483917830779,-97.79465675837955,344.0280173930423,329.989116947403,220.2477083471753,144.3531850477625,0,353.9364287288828,816.4719701812249,59.70193179897934,-18.56751957651614,97.30503950403543,-392.0167977994804,-233.5058460906448,-197.7098796262887,-130.8341175390344
evreg4,1o.treat,0,112.4798886164195,0,0,0,0,0,0,0,0,0,0,0,0,0,0,0,0,0,0,0,0,0,0,0,0,0,0,0,0,0,0,0,0,0,0,0,0,0,0,0,0,0
evreg4,1o.rice_harvarea_aclvl_ahigh,0,112.4798886164195,0,0,0,0,0,0,0,0,0,0,0,0,0,0,0,0,0,0,0,0,0,0,0,0,0,0,0,0,0,0,0,0,0,0,0,0,0,0,0,0,0
evreg4,wind_direction,-.9151782555215898,112.4798886164195,-1.363933379480291,-1.031907207426695,-.6905797973896718,-.3462238757520523,.3631990861880915,.6886042192518066,.9916845014403319,1.298096702777304,1.608894829444915,0,0,.0011892676252269,-.1284987653316501,.1091742623911607,.0777680492151156,.056126496953046,.0369158919690845,.0883297737738041,.0666647860416296,.0524815650251122,.0625719570241568,.045071314512021,-.1276408549816428,-.2096866118578367,-.0572857404395016,-.0039552818621882,-.0005034915071065,.0800321926071315,-.0296031745550843,.0204790301246315,-.0104687524803726,0,.0390703211273205,.1974785452470855,.0477232166131632,.0176708278894614,-.0107075635551946,-.1211073550994083,.0586271218954304,-.0795360604690965,-.0127055543757153
evreg4,av_wind_speed,122.6260333878928,112.4798886164195,307.8886823358121,233.0380130413259,157.3308365439711,79.56741248062717,-83.88854469071724,-159.8692068427481,-232.4967150014731,-305.7269370285479,-379.6828062552873,0,0,-.1284987653316501,39.35564153765424,-20.35410625567313,-15.87635378007024,-12.59907189960027,-7.308686581075849,-17.15834203438174,-16.47165465979696,-12.31188453005718,-8.626525445579986,-2.635122759902413,23.53943895609739,40.3479825027599,6.646153703262952,-1.758850709382723,1.112282548277373,-21.08474127809072,-7.107179434515118,-7.008326495472384,-2.356988618129994,0,-15.57357085367977,-37.14153025947441,-5.583031589488157,4.047720458187106,-1.822068258759681,25.04025447725366,7.586073766399806,11.28427614812283,.0498664800983875
evreg4,1bn.relative_year_bin_aux#1.treat,-58.44790989757556,112.4798886164195,-320.2316679206277,-237.0866753222678,-159.3334085442556,-80.99741981675028,84.11272379270986,157.1820000730904,221.7634682891684,286.6319538334795,353.5927536892231,0,0,.1091742623911607,-20.35410625567313,151.030524023938,90.76963182834737,85.26726394439333,64.12984310801083,74.26341271379728,64.85550860699912,59.45500805297451,55.99421062783885,48.26563451893778,-26.44912457742368,-44.74520872415906,2.543187020856026,4.947169120480142,-1.486588834106585,27.15354108282577,11.4053050873592,13.97144396012451,10.24101995336423,0,-69.46912009348165,-10.14405274845131,-60.60276652947974,-52.45214738197934,-36.43636995215595,-65.83415467031332,-50.99263078701903,-52.54765356734065,-42.80889824987558
evreg4,2.relative_year_bin_aux#1.treat,-55.40938607033075,112.4798886164195,-217.3218482239094,-171.2019225127702,-113.7797562436949,-57.02431253167238,59.49004922733751,110.7635969780047,153.9676669478531,197.8403396744504,243.7778996005193,0,0,.0777680492151156,-15.87635378007024,90.76963182834737,77.30617690184671,64.13392393902377,43.59425103995004,52.93313701715406,45.88352894503407,42.16508943198545,39.76675771928064,33.36506984241749,-12.19681453243197,-27.28070393146431,.9338139280480511,3.35080781168677,-1.971013185940723,18.78540449477973,6.174676670211493,9.778499143007551,6.40144896444597,0,-42.22973872064568,-15.71529546243694,-40.45400396323651,-33.66431978754127,-22.50967933987382,-44.02295197935538,-33.79144684121575,-36.27996387719191,-27.51451264882202
evreg4,3.relative_year_bin_aux#1.treat,-35.13861622275873,112.4798886164195,-173.7886011395128,-135.2733186709817,-95.28069263533952,-47.89604803313697,48.61962506967417,91.64153518319904,129.0458642082116,166.4761508298523,205.0975720448515,0,0,.056126496953046,-12.59907189960027,85.26726394439333,64.13392393902377,75.06753326258328,52.49162780752062,55.26326719473632,49.54273426011562,45.73516534248213,43.5467021519633,39.23464647829739,-7.703321820236162,-25.33856811353778,.0269289310087822,3.308403685768397,-.5504349672432428,15.48148015331939,7.757077684962592,9.74559207637771,6.383726065987132,0,-50.21276818255654,-14.67122147465691,-52.23219150280005,-43.78997777760846,-29.84868201492612,-46.87074994095403,-40.74859759037315,-42.36852652202867,-35.52988642408194
evreg4,4.relative_year_bin_aux#1.treat,-25.38769564863343,112.4798886164195,-106.629402630131,-82.06555886860086,-57.39696660836822,-31.44465259483593,29.61970847669113,56.13883317514267,79.73881798804273,103.7077312365401,127.5577116572753,0,0,.0369158919690845,-7.308686581075849,64.12984310801083,43.59425103995004,52.49162780752062,53.59121732293787,43.0928471443059,39.25185007670788,37.07683222237974,35.78713885443158,33.84905916176685,-4.727018751151099,-15.75615365726235,-1.35036309569491,3.648198975140494,-.0451408950003972,9.214173363451696,4.844249526124558,5.242196332812065,3.708715693435483,0,-44.45701194817686,-15.08605664505228,-39.92293425374036,-48.46990019791711,-28.73054464241066,-37.98591114659002,-35.07631879533567,-35.05937649502171,-31.32279091554098
evreg4,6.relative_year_bin_aux#1.treat,-39.48931318392145,112.4798886164195,-310.5066103995377,-237.2139556668933,-163.0173300310755,-83.02616445258415,87.06246031865032,167.6026012982678,238.9405149128048,310.9002670734551,383.6558403506328,0,0,.0883297737738041,-17.15834203438174,74.26341271379728,52.93313701715406,55.26326719473632,43.0928471443059,89.26412896718395,52.91378863749435,54.25273912536909,46.42907779235249,45.83931038221045,-14.67363566939499,-41.92024498726575,-3.157645438988218,4.452218380613009,.6027011804574331,24.89755233769876,20.83353886671825,17.81799626192983,13.42345419353771,0,-26.51330438375857,14.02158708603485,-30.20824359909425,-36.41355217395338,-48.84962957235754,-47.14393391224847,-55.78478627411645,-43.04724346419765,-39.09275391874432
evreg4,7.relative_year_bin_aux#1.treat,-43.22015792521202,112.4798886164195,-245.0195476187436,-186.7291676239887,-128.1798268879195,-65.2812547122405,69.56078514599683,125.5557850432708,185.8233633875606,243.0372365818476,299.5842211064171,0,0,.0666647860416296,-16.47165465979696,64.85550860699912,45.88352894503407,49.54273426011562,39.25185007670788,52.91378863749435,77.63530159807939,47.51068309151995,33.85304629933541,22.3140014986014,-12.03163512714665,-34.75066501808994,-3.208911619837857,2.821812530711601,-.8810534817181596,23.41596744709871,15.4792995595103,15.12815241221461,11.79187152494812,0,-26.68947194756296,7.739118451411025,-28.70408455962364,-33.52133577951344,-19.46232570016091,-70.34790535759898,-43.92437373083748,-28.9027483044366,-15.67607106786255
evreg4,8.relative_year_bin_aux#1.treat,-21.35365834141557,112.4798886164195,-214.2947182595601,-164.0897207988006,-112.2269710496309,-57.01786931210314,60.14872286589384,111.8166567543669,156.1895061931675,209.4534679428978,259.0759397116645,0,0,.0524815650251122,-12.31188453005718,59.45500805297451,42.16508943198545,45.73516534248213,37.07683222237974,54.25273912536909,47.51068309151995,62.01794745143772,44.31451020987129,35.69236302345548,-10.80294245615579,-30.1654678182154,-1.905659569613811,1.871517059392566,-1.528516970836647,16.66691234553157,14.56196283220323,12.84951757615045,10.59321141917092,0,-25.36701910704281,4.122486282631585,-29.9771184419198,-32.60092751254167,-26.75969895935649,-41.93953177388933,-53.15700574577771,-34.14917245097146,-25.6579179361263
evreg4,9.relative_year_bin_aux#1.treat,-31.58887922893463,112.4798886164195,-179.8626469690224,-137.6693628211801,-94.07452008681817,-47.43935624749673,49.11165962618769,91.60047923848246,130.0965349883782,167.8540106886595,210.3675980705128,0,0,.0625719570241568,-8.626525445579986,55.99421062783885,39.76675771928064,43.5467021519633,35.78713885443158,46.42907779235249,33.85304629933541,44.31451020987129,70.82420311832058,65.83440898527081,-10.12726169500983,-27.49004109674672,-.9865354359350978,1.604230814714299,-1.201767901002008,16.11890104268725,7.681877333396272,11.28998853817455,8.292229530320311,0,-25.49779440548573,1.797834477863412,-30.95290500859235,-31.87634282703251,-23.07262390206498,-31.11403854074726,-32.50832397949969,-56.95493996045087,-53.35549062814142
evreg4,10.relative_year_bin_aux#1.treat,-21.76133541846665,112.4798886164195,-133.0777426587092,-101.9477157395336,-69.92248476701199,-35.55142939860239,35.74943690448234,65.64555175909483,94.05971277034912,123.4990096964906,145.3523479029019,0,0,.045071314512021,-2.635122759902413,48.26563451893778,33.36506984241749,39.23464647829739,33.84905916176685,45.83931038221045,22.3140014986014,35.69236302345548,65.83440898527081,114.2142915269866,-7.107785781796631,-20.36562128608146,.5842080364345646,1.75988309372087,-1.281473187878109,12.90490604122958,6.45744371663866,6.066337321613355,13.90302710696193,0,-24.65941247226217,-2.982804963378314,-31.83234551387369,-31.63160309800399,-27.99315273525746,-19.57212363224367,-23.09500070852421,-48.68033111188063,-99.80118677663469
evreg4,1bn.relative_year_bin_aux#1.rice_harvarea_aclvl_ahigh,72.99851770349269,112.4798886164195,398.9779946543013,293.2920076408581,193.1136398135455,96.31778771094756,-106.7339259835933,-199.9188816275049,-288.6882063357713,-379.7427267807161,-471.5593542552855,0,0,-.1276408549816428,23.53943895609739,-26.44912457742368,-12.19681453243197,-7.703321820236162,-4.727018751151099,-14.67363566939499,-12.03163512714665,-10.80294245615579,-10.12726169500983,-7.107785781796631,166.5093836630386,94.61733953295604,11.50044815315744,19.01638298641518,24.91981755918482,-1.55023843397883,23.11694743805951,17.33082480581905,18.86501494843242,0,-154.5428739406425,-85.83212468471729,-5.504056874702161,-15.38886743088006,-18.60457951633234,11.35756155117271,-17.66796923724169,-5.925117192880951,-8.771480282894229
evreg4,2.relative_year_bin_aux#1.rice_harvarea_aclvl_ahigh,69.39851912296108,112.4798886164195,688.3932623546685,516.9169027260756,351.1541960294433,177.1542617737886,-193.9999373762445,-363.4807241466945,-525.9134134331971,-691.0783178194966,-857.380262548636,0,0,-.2096866118578367,40.3479825027599,-44.74520872415906,-27.28070393146431,-25.33856811353778,-15.75615365726235,-41.92024498726575,-34.75066501808994,-30.1654678182154,-27.49004109674672,-20.36562128608146,94.61733953295604,243.3525333678844,38.88969027001832,40.16819170176079,51.22385848197121,-32.43281732833765,29.43636434961059,25.39551618273283,28.16889550709931,0,-76.01106930359016,-231.8882317106856,-31.29151170062726,-35.28113464951797,-46.57103747425322,40.77371239819015,-28.4003592666905,-19.96895943500591,-24.79641377344041
evreg4,3.relative_year_bin_aux#1.rice_harvarea_aclvl_ahigh,53.36182816669896,112.4798886164195,56.86959812073037,45.76494490240363,31.78215303424132,16.74585211724885,-24.21104130876947,-40.84772659621191,-58.17165084473802,-76.28530544767845,-94.13741549653189,0,0,-.0572857404395016,6.646153703262952,2.543187020856026,.9338139280480511,.0269289310087822,-1.35036309569491,-3.157645438988218,-3.208911619837857,-1.905659569613811,-.9865354359350978,.5842080364345646,11.50044815315744,38.88969027001832,66.85710941955232,20.7261975935874,20.51496264085365,16.97029262211204,21.18495365140566,15.47905000805599,18.91256589319715,0,-13.59992270334987,-37.9224401975031,-65.20184981765465,-19.51250704131916,-19.32696152003872,-14.54651712716192,-21.7692027852474,-13.59790447131028,-18.54220923215971
evreg4,4.relative_year_bin_aux#1.rice_harvarea_aclvl_ahigh,-9.423413491496589,112.4798886164195,7.586321769440907,6.291089431803133,3.168257365916874,-.5235239342061005,-3.570685100256857,-5.001304224627884,-7.042858929913943,-9.873990710737774,-13.12483917830779,0,0,-.0039552818621882,-1.758850709382723,4.947169120480142,3.35080781168677,3.308403685768397,3.648198975140494,4.452218380613009,2.821812530711601,1.871517059392566,1.604230814714299,1.75988309372087,19.01638298641518,40.16819170176079,20.7261975935874,36.61064116648503,25.90696077247841,24.04547664328663,25.96394339751514,20.5790109634974,22.66560520592412,0,-16.02391136191522,-37.35733222378921,-18.88784750034467,-35.70097412044825,-24.04105389206324,-22.36754680234316,-25.51130672794686,-19.36958160312608,-22.50734398062634
evreg4,6.relative_year_bin_aux#1.rice_harvarea_aclvl_ahigh,-8.762827156832655,112.4798886164195,73.45195705995972,56.76810455736263,37.19659099351408,18.29466443119883,-27.42568985478457,-43.944229768521,-61.48930992050111,-79.84378440193245,-97.79465675837955,0,0,-.0005034915071065,1.112282548277373,-1.486588834106585,-1.971013185940723,-.5504349672432428,-.0451408950003972,.6027011804574331,-.8810534817181596,-1.528516970836647,-1.201767901002008,-1.281473187878109,24.91981755918482,51.22385848197121,20.51496264085365,25.90696077247841,40.47536840300166,16.44117527761562,19.78142847081395,24.52789570419037,22.07955254417232,0,-22.33118500493306,-46.36831469962904,-17.35265821792351,-22.92098045044454,-37.60868784504639,-13.98465955399997,-18.33455161448125,-22.88777947228674,-21.99470518665584
evreg4,7.relative_year_bin_aux#1.rice_harvarea_aclvl_ahigh,-45.68950599240377,112.4798886164195,-286.066303515873,-215.1975022617911,-145.9461258145538,-73.95464290994251,76.7212203015342,142.9814920463131,212.3158243351895,277.5066594693369,344.0280173930423,0,0,.0800321926071315,-21.08474127809072,27.15354108282577,18.78540449477973,15.48148015331939,9.214173363451696,24.89755233769876,23.41596744709871,16.66691234553157,16.11890104268725,12.90490604122958,-1.55023843397883,-32.43281732833765,16.97029262211204,24.04547664328663,16.44117527761562,87.18508958287582,28.47436897284371,18.84264867201086,22.91151841200417,0,-3.18266786118297,35.00921263992218,-15.31665794363659,-22.24625949067512,-13.64263942555803,-86.29240812519711,-26.88123922790092,-18.80963916600863,-24.62549440914255
evreg4,8.relative_year_bin_aux#1.rice_harvarea_aclvl_ahigh,36.75303689900548,112.4798886164195,-239.3863389874962,-181.511004561756,-125.9269175434454,-64.71998320420829,69.38764161812067,136.21603035476,198.9805812874346,267.2649528700179,329.989116947403,0,0,-.0296031745550843,-7.107179434515118,11.4053050873592,6.174676670211493,7.757077684962592,4.844249526124558,20.83353886671825,15.4792995595103,14.56196283220323,7.681877333396272,6.45744371663866,23.11694743805951,29.43636434961059,21.18495365140566,25.96394339751514,19.78142847081395,28.47436897284371,142.8137064170229,47.39431714495339,47.11593147245526,0,-25.39449318039432,-26.26080646243967,-20.41261924259912,-23.84495592758829,-20.61732845089806,-28.56685424985505,-140.8837221449515,-47.10583020765863,-45.41916381373061
evreg4,9.relative_year_bin_aux#1.rice_harvarea_aclvl_ahigh,-18.74595885604828,112.4798886164195,-164.0805745296095,-125.3714167298858,-87.9128083535099,-44.58760401527164,47.33883881641741,89.94458660587902,132.5571828956376,174.8741528344804,220.2477083471753,0,0,.0204790301246315,-7.008326495472384,13.97144396012451,9.778499143007551,9.74559207637771,5.242196332812065,17.81799626192983,15.12815241221461,12.84951757615045,11.28998853817455,6.066337321613355,17.33082480581905,25.39551618273283,15.47905000805599,20.5790109634974,24.52789570419037,18.84264867201086,47.39431714495339,90.54892607078686,51.81261065882793,0,-15.14375568311265,-20.49162803072348,-13.91476714787987,-19.07576683210978,-21.97391502382939,-17.30335239752468,-44.33302266050136,-93.55787589591715,-53.25790578617067
evreg4,10.relative_year_bin_aux#1.rice_harvarea_aclvl_ahigh,29.97656971855069,112.4798886164195,-113.2260060620868,-86.06645336759684,-60.59277198403655,-31.25545454389734,32.27175989889909,61.27941356688022,91.03842565524076,121.7009012944672,144.3531850477625,0,0,-.0104687524803726,-2.356988618129994,10.24101995336423,6.40144896444597,6.383726065987132,3.708715693435483,13.42345419353771,11.79187152494812,10.59321141917092,8.292229530320311,13.90302710696193,18.86501494843242,28.16889550709931,18.91256589319715,22.66560520592412,22.07955254417232,22.91151841200417,47.11593147245526,51.81261065882793,79.35961919665971,0,-17.65274177881536,-25.41920605074134,-18.45504778212276,-21.71176120099517,-20.96095461668616,-22.05238506197425,-43.64299072807876,-56.36285960750315,-80.2665529982841
evreg4,1o.treat#1o.rice_harvarea_aclvl_ahigh,0,112.4798886164195,0,0,0,0,0,0,0,0,0,0,0,0,0,0,0,0,0,0,0,0,0,0,0,0,0,0,0,0,0,0,0,0,0,0,0,0,0,0,0,0,0
evreg4,1bn.relative_year_bin_aux#1.treat#1.rice_harvarea_aclvl_ahigh,-15.72915978211037,112.4798886164195,-288.0560234846542,-210.4151947454074,-138.5365729126653,-69.3011114584076,79.20306308972927,147.8826890629631,214.5788020413189,284.6945728703577,353.9364287288828,0,0,.0390703211273205,-15.57357085367977,-69.46912009348165,-42.22973872064568,-50.21276818255654,-44.45701194817686,-26.51330438375857,-26.68947194756296,-25.36701910704281,-25.49779440548573,-24.65941247226217,-154.5428739406425,-76.01106930359016,-13.59992270334987,-16.02391136191522,-22.33118500493306,-3.18266786118297,-25.39449318039432,-15.14375568311265,-17.65274177881536,0,386.7566804091066,145.0844344292473,101.1656573580118,63.94169328684686,65.65763070416735,41.54977655207538,65.55794658651801,48.53503884225798,48.49853148926982
evreg4,2.relative_year_bin_aux#1.treat#1.rice_harvarea_aclvl_ahigh,-59.14571274114935,112.4798886164195,-654.1287167434272,-490.4214892243141,-333.1639315289711,-168.3470615814776,183.4096242662789,344.7527844872531,499.573910425744,657.8386252306844,816.4719701812249,0,0,.1974785452470855,-37.14153025947441,-10.14405274845131,-15.71529546243694,-14.67122147465691,-15.08605664505228,14.02158708603485,7.739118451411025,4.122486282631585,1.797834477863412,-2.982804963378314,-85.83212468471729,-231.8882317106856,-37.9224401975031,-37.35733222378921,-46.36831469962904,35.00921263992218,-26.26080646243967,-20.49162803072348,-25.41920605074134,0,145.0844344292473,362.6373513901612,148.3971048581561,126.5470629355067,99.6440794672712,9.72943529293844,76.6218947687708,64.08965698680475,65.9056871823757
evreg4,3.relative_year_bin_aux#1.treat#1.rice_harvarea_aclvl_ahigh,-24.98625181961766,112.4798886164195,-31.87898563675293,-25.52944525664184,-17.41018167856694,-9.798543616882341,15.88974976192069,26.00954862333955,36.8664689049672,48.47185497814326,59.70193179897934,0,0,.0477232166131632,-5.583031589488157,-60.60276652947974,-40.45400396323651,-52.23219150280005,-39.92293425374036,-30.20824359909425,-28.70408455962364,-29.9771184419198,-30.95290500859235,-31.83234551387369,-5.504056874702161,-31.29151170062726,-65.20184981765465,-18.88784750034467,-17.35265821792351,-15.31665794363659,-20.41261924259912,-13.91476714787987,-18.45504778212276,0,101.1656573580118,148.3971048581561,255.4084987946198,139.7856624429066,97.39203767512038,88.74397950476121,93.35602565312097,82.87658316964317,86.78916775681569
evreg4,4.relative_year_bin_aux#1.treat#1.rice_harvarea_aclvl_ahigh,6.702624944746997,112.4798886164195,18.09322638505984,13.52464141906792,10.50616022300781,7.132959635631037,-4.269811508084064,-8.800238802365561,-12.44918556605515,-15.82127747709838,-18.56751957651614,0,0,.0176708278894614,4.047720458187106,-52.45214738197934,-33.66431978754127,-43.78997777760846,-48.46990019791711,-36.41355217395338,-33.52133577951344,-32.60092751254167,-31.87634282703251,-31.63160309800399,-15.38886743088006,-35.28113464951797,-19.51250704131916,-35.70097412044825,-22.92098045044454,-22.24625949067512,-23.84495592758829,-19.07576683210978,-21.71176120099517,0,63.94169328684686,126.5470629355067,139.7856624429066,201.2687028421934,97.27513193448593,94.72892810134009,94.12697218573437,88.14684326355427,90.42972916108866
evreg4,6.relative_year_bin_aux#1.treat#1.rice_harvarea_aclvl_ahigh,15.50773513608715,112.4798886164195,-69.64072209023124,-53.22913469191112,-34.60864209573018,-17.16561467498944,26.14376784481693,43.23431519109315,61.04877867759361,79.2185174821264,97.30503950403543,0,0,-.0107075635551946,-1.822068258759681,-36.43636995215595,-22.50967933987382,-29.84868201492612,-28.73054464241066,-48.84962957235754,-19.46232570016091,-26.75969895935649,-23.07262390206498,-27.99315273525746,-18.60457951633234,-46.57103747425322,-19.32696152003872,-24.04105389206324,-37.60868784504639,-13.64263942555803,-20.61732845089806,-21.97391502382939,-20.96095461668616,0,65.65763070416735,99.6440794672712,97.39203767512038,97.27513193448593,154.159504313371,75.88058490589668,93.89514681698273,66.1202613120464,70.95009927521262
evreg4,7.relative_year_bin_aux#1.treat#1.rice_harvarea_aclvl_ahigh,90.53415051854807,112.4798886164195,328.0704334299963,247.2257339743043,167.4310412286252,84.6761550328728,-87.37317145652844,-163.1375527371655,-241.4212165842575,-316.302926023205,-392.0167977994804,0,0,-.1211073550994083,25.04025447725366,-65.83415467031332,-44.02295197935538,-46.87074994095403,-37.98591114659002,-47.14393391224847,-70.34790535759898,-41.93953177388933,-31.11403854074726,-19.57212363224367,11.35756155117271,40.77371239819015,-14.54651712716192,-22.36754680234316,-13.98465955399997,-86.29240812519711,-28.56685424985505,-17.30335239752468,-22.05238506197425,0,41.54977655207538,9.72943529293844,88.74397950476121,94.72892810134009,75.88058490589668,207.484720726328,65.27009516818276,60.06144654506322,68.89522146403199
evreg4,8.relative_year_bin_aux#1.treat#1.rice_harvarea_aclvl_ahigh,-17.92168686132775,112.4798886164195,173.5672369182825,131.8264444030114,91.77880413183986,46.93530050384356,-54.35061231873518,-102.5455983228024,-145.0847812309031,-191.5940451874928,-233.5058460906448,0,0,.0586271218954304,7.586073766399806,-50.99263078701903,-33.79144684121575,-40.74859759037315,-35.07631879533567,-55.78478627411645,-43.92437373083748,-53.15700574577771,-32.50832397949969,-23.09500070852421,-17.66796923724169,-28.4003592666905,-21.7692027852474,-25.51130672794686,-18.33455161448125,-26.88123922790092,-140.8837221449515,-44.33302266050136,-43.64299072807876,0,65.55794658651801,76.6218947687708,93.35602565312097,94.12697218573437,93.89514681698273,65.27009516818276,315.6396438965534,67.91065353591738,68.83352363518313
evreg4,9.relative_year_bin_aux#1.treat#1.rice_harvarea_aclvl_ahigh,51.97809736074078,112.4798886164195,157.3742802815388,119.4532161442473,82.70478726467053,41.721366769561,-45.71179584079346,-84.68368673245455,-122.253987859679,-158.0062777858184,-197.7098796262887,0,0,-.0795360604690965,11.28427614812283,-52.54765356734065,-36.27996387719191,-42.36852652202867,-35.05937649502171,-43.04724346419765,-28.9027483044366,-34.14917245097146,-56.95493996045087,-48.68033111188063,-5.925117192880951,-19.96895943500591,-13.59790447131028,-19.36958160312608,-22.88777947228674,-18.80963916600863,-47.10583020765863,-93.55787589591715,-56.36285960750315,0,48.53503884225798,64.08965698680475,82.87658316964317,88.14684326355427,66.1202613120464,60.06144654506322,67.91065353591738,312.9554804618846,199.0979156373699
evreg4,10.relative_year_bin_aux#1.treat#1.rice_harvarea_aclvl_ahigh,-.7161617144058393,112.4798886164195,108.1470129458936,81.3661724259115,56.62801279749126,29.3280385272677,-30.22248219901728,-57.0479690721652,-83.90556372738975,-111.2622739521396,-130.8341175390344,0,0,-.0127055543757153,.0498664800983875,-42.80889824987558,-27.51451264882202,-35.52988642408194,-31.32279091554098,-39.09275391874432,-15.67607106786255,-25.6579179361263,-53.35549062814142,-99.80118677663469,-8.771480282894229,-24.79641377344041,-18.54220923215971,-22.50734398062634,-21.99470518665584,-24.62549440914255,-45.41916381373061,-53.25790578617067,-80.2665529982841,0,48.49853148926982,65.9056871823757,86.78916775681569,90.42972916108866,70.95009927521262,68.89522146403199,68.83352363518313,199.0979156373699,267.2202954406954
evreg5,1bn.relative_year_bin_aux,491.9468181603227,112.4798886164195,5069.534772494515,3821.234298042978,2586.180411702741,1308.230097527153,-1389.852390701073,-2657.973136359228,-3876.501804254463,-5114.047831026418,-6343.55402969628,0,0,-1.36205461758081,307.1590829756412,-314.3655785883708,-222.2426404352414,-171.6581778268322,-107.8512211075711,-314.3150079407608,-245.2642760805172,-205.3108074116398,-181.5808412138268,-123.7307052435643,348.0917346763397,620.7992505462772,59.54932770621312,13.21930867966975,63.53372367728624,-251.6157650105818,-191.6860459383094,-133.8143614528837,-87.948142045661,0,-259.540328004081,-555.4359191783244,-30.64461507653946,22.80368780231856,-48.11429377396039,294.2870192944449,121.5272942571076,141.8797612427296,74.71000500344307
evreg5,2.relative_year_bin_aux,374.9077972091135,112.4798886164195,3821.234298042978,2891.928394152478,1956.738931380558,988.9608322311567,-1052.026178225066,-2011.013176099021,-2931.87532441549,-3867.704567239596,-4797.341638986733,0,0,-1.029000715500339,232.0919658552778,-230.9271596848189,-173.7040816752808,-132.7920975959625,-82.21888025715756,-239.2017663643952,-186.4999900583692,-156.6043783753766,-138.4635000467979,-94.51383211016653,257.3270406099534,466.5802145906893,47.89437825843029,11.09219957247997,49.15190568614215,-189.4474974784526,-144.7736658355231,-101.9130991964263,-66.56285835661072,0,-192.0184301536895,-417.5327068509414,-25.8345979398442,15.87768138272796,-37.66182107408652,221.2486261125661,91.30127316361798,107.0276141702007,55.72938627503542
evreg5,3.relative_year_bin_aux,246.7044737709564,112.4798886164195,2586.180411702741,1956.738931380558,1329.25225379381,672.0399640672408,-712.4123570564252,-1363.354918472547,-1988.527548619049,-2623.318322804126,-3253.767555522919,0,0,-.6885075438252055,156.704749473375,-155.4009560141239,-115.7675205660971,-93.63623785295778,-57.66535864955246,-164.6924549364147,-127.9974575164753,-107.292311664502,-94.90107566629582,-65.21566190570557,168.9639868273935,316.7760955424566,32.63681953824563,6.253445217316645,31.89579782747808,-128.7120368035013,-100.9738202732142,-71.80006143380953,-47.31624840675588,0,-126.1504241467857,-283.8775089840848,-17.75032837549641,11.87193046912632,-24.05360842524173,149.9313448402214,64.12391168032801,74.31795268974226,39.46610767914625
evreg5,4.relative_year_bin_aux,127.1378316034331,112.4798886164195,1308.230097527153,988.9608322311567,672.0399640672408,342.4763569820217,-360.2303900487623,-689.5986919883677,-1006.557327226577,-1328.573083884556,-1647.594958757301,0,0,-.3452497466989728,79.13001964529479,-79.02068741410368,-57.74559141648199,-46.96356504804698,-31.60954983916577,-83.69306333932474,-65.26633778719398,-54.50637226350708,-47.76582327239567,-33.0820490728771,83.88078656612326,159.6299669041547,17.00449387811317,.9689565352759105,15.68920298875844,-65.20354747157792,-52.13643819603712,-36.49429415717786,-24.64163728110569,0,-62.80803226073193,-143.3403979794525,-9.986393363393947,7.825452662069641,-11.86498665802339,75.83909899114418,32.84460788771,37.40532593963667,20.52375133861168
evreg5,6.relative_year_bin_aux,-124.3015402070928,112.4798886164195,-1389.852390701073,-1052.026178225066,-712.4123570564252,-360.2303900487623,396.5562943586073,746.8436493744059,1084.420517293266,1428.208117772431,1768.806676830824,0,0,.3621985981157381,-83.78276284598397,81.25812602164645,60.32297902364559,47.0296907117292,29.37409096065294,86.99349233636566,68.56539888690433,57.26399229088524,49.14332455451416,33.01465536208623,-93.79723682008344,-174.7401736439923,-24.57904113293498,-5.409606684348332,-25.0429700239935,66.37989965008389,55.74867711467822,38.27659559497421,24.80909995942557,0,73.04056132091397,156.6097110771412,16.81256816124279,-4.273364635444439,21.99215174128594,-76.04270200329759,-38.80078998285344,-40.32149081145287,-20.56099503481532
evreg5,7.relative_year_bin_aux,-234.9830251862487,112.4798886164195,-2657.973136359228,-2011.013176099021,-1363.354918472547,-689.5986919883677,746.8436493744059,1426.307281708861,2070.027404090223,2727.933619816152,3381.115972469604,0,0,.6853834790802459,-159.3350120703446,151.9520038514378,112.0276813278056,88.89588305924948,55.59254437161683,168.5465103265953,124.7323247361148,106.3543255667256,91.76799380090237,60.28953664902734,-175.8954425173363,-328.3130139058436,-42.02151694746185,-8.830930092653089,-39.33186738543329,123.9381182788845,109.7802096787211,73.55924890741383,47.62144719350026,0,135.8862204162955,294.3417137249707,27.64318433743935,-8.948210774416692,33.17150025964011,-143.6246643521286,-73.11883531979822,-75.30584344062314,-38.53360622637869
evreg5,8.relative_year_bin_aux,-340.8879100115911,112.4798886164195,-3876.501804254463,-2931.87532441549,-1988.527548619049,-1006.557327226577,1084.420517293266,2070.027404090223,3021.286085170947,3979.985972851252,4933.804014130653,0,0,.9913617326104956,-232.3382686685443,215.7171334765762,157.4173723636008,125.9288621376177,79.67631857700538,241.8429245812187,185.3323923123868,148.9653484367557,131.3834613496911,86.97978029099281,-253.5461589077364,-474.1310537250789,-59.18152534794321,-12.08702351153643,-54.38990199406116,184.8923180405106,160.5405787581037,109.6967945564656,71.81154453476664,0,195.9157212976799,425.2404288521721,38.62957139535121,-13.42145528070867,45.13676943150617,-214.2050957325704,-102.6186919056866,-109.8806443516756,-57.54627783111951
evreg5,9.relative_year_bin_aux,-435.3079454983692,112.4798886164195,-5114.047831026418,-3867.704567239596,-2623.318322804126,-1328.573083884556,1428.208117772431,2727.933619816152,3979.985972851252,5253.783811630672,6511.860026522966,0,0,1.297619430675851,-305.2333333616333,278.9285529206612,202.5013694618437,162.2656076131531,103.7628722955753,314.8114669573935,242.4689598001007,199.893885563252,170.1986195828866,114.397335351123,-333.3500396209065,-622.965475698152,-77.42892205304001,-16.2676629364942,-70.64225541378934,241.5915222000586,215.4195993917285,144.6380678324363,96.13603917836416,0,259.2945110292439,559.8975808064616,51.04966173981905,-17.21282046327728,58.0940446697061,-281.039102603262,-134.4437287393324,-141.6915560122279,-76.11160437612361
evreg5,10.relative_year_bin_aux,-539.8150989990344,112.4798886164195,-6343.55402969628,-4797.341638986733,-3253.767555522919,-1647.594958757301,1768.806676830824,3381.115972469604,4933.804014130653,6511.860026522966,8083.976136943175,0,0,1.608156852046112,-378.9597880379196,344.1942413725207,249.6192911895887,199.9729535020772,127.6994979896004,388.9545917268839,299.3236604048952,247.5001249937487,213.2810285781351,133.0676237861158,-413.8288184289572,-772.9730440673411,-95.630067933248,-21.02694861983554,-86.37383767355288,299.9854930813086,266.1469618585164,182.5834609473667,111.9210714210579,0,321.9641670024233,694.9496455105044,62.8358475163451,-20.4488255533552,70.31380474274749,-349.4914485428227,-163.3674421916045,-177.5282585975486,-86.44194284723429
evreg5,1o.treat,0,112.4798886164195,0,0,0,0,0,0,0,0,0,0,0,0,0,0,0,0,0,0,0,0,0,0,0,0,0,0,0,0,0,0,0,0,0,0,0,0,0,0,0,0,0
evreg5,1o.rice_prod_aclvl_ahigh,0,112.4798886164195,0,0,0,0,0,0,0,0,0,0,0,0,0,0,0,0,0,0,0,0,0,0,0,0,0,0,0,0,0,0,0,0,0,0,0,0,0,0,0,0,0
evreg5,wind_direction,-.9143916751768044,112.4798886164195,-1.36205461758081,-1.029000715500339,-.6885075438252055,-.3452497466989728,.3621985981157381,.6853834790802459,.9913617326104956,1.297619430675851,1.608156852046112,0,0,.0011873601141439,-.1282084212820077,.1089085393963432,.0800432229342553,.0577218851859486,.0410559389111252,.0889383010183042,.0653330812483211,.0509384574743589,.0649112913389811,.0416665404784045,-.1131550801215848,-.1880861001638336,-.0537850734262624,-.0027240831686957,.0008803011995278,.0750995536296757,-.0308336375747013,.0149092452137699,-.0153265791364698,0,.0390850184305084,.1683425577995775,.0393108581044849,.006068266979252,-.0119671807158532,-.1107666610455136,.0578805074239228,-.0834383546395783,-.0074467487075705
evreg5,av_wind_speed,122.4695620756409,112.4798886164195,307.1590829756412,232.0919658552778,156.704749473375,79.13001964529479,-83.78276284598397,-159.3350120703446,-232.3382686685443,-305.2333333616333,-378.9597880379196,0,0,-.1282084212820077,39.24360545259299,-19.94282345341439,-15.89013889152968,-12.13438544249839,-6.957331109819229,-16.96412129129721,-16.41202538341874,-11.03830757356501,-8.528245888164554,-1.716056959592303,20.5562558727062,36.37744590681458,6.49312726138895,-1.147811863024228,1.191631615421909,-18.54733238945474,-4.818544845627089,-5.210070293369228,-1.10045668504768,0,-14.21171390658516,-32.20688838901539,-5.906188248575524,3.157061010563502,-1.801390465734685,22.08934013830698,3.459430728441666,10.01266338552528,-2.626503988397743
evreg5,1bn.relative_year_bin_aux#1.treat,-59.85844132236002,112.4798886164195,-314.3655785883708,-230.9271596848189,-155.4009560141239,-79.02068741410368,81.25812602164645,151.9520038514378,215.7171334765762,278.9285529206612,344.1942413725207,0,0,.1089085393963432,-19.94282345341439,152.3542242279655,87.81864388875225,80.77611025940688,60.16611065035048,68.76649835609879,60.65053587865749,53.91983637670236,50.62992526952299,42.17170830376604,-19.25428431437034,-38.4855433018256,2.5207560175606,4.818136365745451,.1224297734077811,24.9093232350532,9.639607366645219,11.07804193405435,7.95247413277071,0,-75.57204795141206,-14.13425609100645,-55.66229925979842,-48.31307596642696,-30.83471349955005,-57.2691515459938,-42.68975753688067,-46.3264646927552,-36.23218471882279
evreg5,2.relative_year_bin_aux#1.treat,-56.54280432947402,112.4798886164195,-222.2426404352414,-173.7040816752808,-115.7675205660971,-57.74559141648199,60.32297902364559,112.0276813278056,157.4173723636008,202.5013694618437,249.6192911895887,0,0,.0800432229342553,-15.89013889152968,87.81864388875225,72.83936715523413,55.95188712662388,34.97024601407362,45.81181402348759,40.3266036323017,34.92182870055967,32.38414684846973,25.3603199855946,-10.85432877373605,-26.05551411535941,.5374422409913699,2.568203847731163,-1.051212889552655,18.34590876357249,5.337434122657422,7.561456064684965,4.878439458148025,0,-38.98727673305245,-12.90323019358914,-31.50478381101047,-24.3738203373007,-14.41683734436626,-35.70062053560253,-24.28934097464675,-28.10253827842158,-19.37343495457209
evreg5,3.relative_year_bin_aux#1.treat,-37.60593400507432,112.4798886164195,-171.6581778268322,-132.7920975959625,-93.63623785295778,-46.96356504804698,47.0296907117292,88.89588305924948,125.9288621376177,162.2656076131531,199.9729535020772,0,0,.0577218851859486,-12.13438544249839,80.77611025940688,55.95188712662388,61.62717219201498,41.26517273602428,46.33138250346975,41.55392110287797,36.45071792066451,33.98214834774433,29.17389307169978,-6.046971763882406,-22.6994451800931,.5407448693025473,2.967153151264716,.4308100838997676,14.83960143528012,6.368389194309646,7.443575952246148,4.973604815442778,0,-47.00954630420811,-9.906223376806739,-39.38845970060513,-32.38820756550486,-20.64664892319134,-36.76131441867979,-29.40623216901976,-31.35289627288387,-25.10063874026551
evreg5,4.relative_year_bin_aux#1.treat,-28.19162977035424,112.4798886164195,-107.8512211075711,-82.21888025715756,-57.66535864955246,-31.60954983916577,29.37409096065294,55.59254437161683,79.67631857700538,103.7628722955753,127.6994979896004,0,0,.0410559389111252,-6.957331109819229,60.16611065035048,34.97024601407362,41.26517273602428,42.45114991668507,34.76903450302934,31.63752397771293,28.75898427916047,27.0808455009126,24.85510281515734,-3.337978141626455,-14.07857477372622,-.8917979858467983,3.582918612312581,.5058892779117977,8.913222067459227,4.278228218505663,4.239480007136762,3.213358891523341,0,-41.71387396062752,-9.066258165109033,-29.18017138087654,-37.31733043935866,-20.48155112773086,-29.34821388961059,-25.5175634882355,-26.06101584536504,-22.73452407312278
evreg5,6.relative_year_bin_aux#1.treat,-43.24228522332276,112.4798886164195,-314.3150079407608,-239.2017663643952,-164.6924549364147,-83.69306333932474,86.99349233636566,168.5465103265953,241.8429245812187,314.8114669573935,388.9545917268839,0,0,.0889383010183042,-16.96412129129721,68.76649835609879,45.81181402348759,46.33138250346975,34.76903450302934,82.03580605532227,46.59340546833678,45.88063846386856,40.86038650705346,38.84072435753692,-11.54300312962699,-36.83258488503673,-2.195846262324262,4.078782449006071,2.19586922292807,22.71681915288106,18.0765751047593,15.08727731663662,10.99756100658392,0,-23.41096776378418,14.67500862377186,-22.79322226991258,-28.60311442834027,-41.4499681385667,-37.13729666068559,-43.92573023859779,-36.91094084759668,-32.68170577715493
evreg5,7.relative_year_bin_aux#1.treat,-42.45035034480323,112.4798886164195,-245.2642760805172,-186.4999900583692,-127.9974575164753,-65.26633778719398,68.56539888690433,124.7323247361148,185.3323923123868,242.4689598001007,299.3236604048952,0,0,.0653330812483211,-16.41202538341874,60.65053587865749,40.3266036323017,41.55392110287797,31.63752397771293,46.59340546833678,71.25966736673247,40.44654649721885,27.18014086753239,16.16989121512542,-8.692952423310386,-28.98160168837867,-1.88413040428595,2.983029429585431,.3445501917231151,21.22138868540767,13.19232580176202,12.81907187045309,10.00055147875381,0,-25.93838391105952,6.040950399349549,-23.88006648171425,-27.495106187353,-15.02621452886351,-61.82328543196643,-34.32554300449792,-20.47549712189682,-7.944141615194072
evreg5,8.relative_year_bin_aux#1.treat,-19.35203118264677,112.4798886164195,-205.3108074116398,-156.6043783753766,-107.292311664502,-54.50637226350708,57.26399229088524,106.3543255667256,148.9653484367557,199.893885563252,247.5001249937487,0,0,.0509384574743589,-11.03830757356501,53.91983637670236,34.92182870055967,36.45071792066451,28.75898427916047,45.88063846386856,40.44654649721885,51.98127356946057,39.98046937248872,31.18325531877417,-7.827825372854138,-25.6302562477885,-1.268332280916662,1.814512285417615,-.5631224751301805,14.92578609363259,12.42625711115173,10.29252590577019,8.598185341471341,0,-23.02639064512675,5.588459317126704,-22.5979996647739,-25.16872694345234,-18.71598861100536,-32.1995578709658,-41.32295945579969,-28.98002685937845,-21.25858689035776
evreg5,9.relative_year_bin_aux#1.treat,-31.98675073751301,112.4798886164195,-181.5808412138268,-138.4635000467979,-94.90107566629582,-47.76582327239567,49.14332455451416,91.76799380090237,131.3834613496911,170.1986195828866,213.2810285781351,0,0,.0649112913389811,-8.528245888164554,50.62992526952299,32.38414684846973,33.98214834774433,27.0808455009126,40.86038650705346,27.18014086753239,39.98046937248872,61.16728973650739,58.07521271945883,-7.951310979170255,-24.15503987490537,-.9562916185121645,1.458425636334336,-.340169345192263,14.80059676398685,6.503011224286694,9.20381668920488,6.637173338909735,0,-22.38214515922865,5.044739348538694,-22.47061338126569,-24.02698786354956,-18.17938845503684,-22.50849865660548,-27.77406901342161,-47.37070947118509,-45.52826761856018
evreg5,10.relative_year_bin_aux#1.treat,-18.19055614624593,112.4798886164195,-123.7307052435643,-94.51383211016653,-65.21566190570557,-33.0820490728771,33.01465536208623,60.28953664902734,86.97978029099281,114.397335351123,133.0676237861158,0,0,.0416665404784045,-1.716056959592303,42.17170830376604,25.3603199855946,29.17389307169978,24.85510281515734,38.84072435753692,16.16989121512542,31.18325531877417,58.07521271945883,106.9959184817467,-4.679017780438516,-16.51124159216873,.7617783832606905,1.723519218684758,-.5950474956102665,11.00296918077834,5.161083507397624,4.433451622724756,13.29127928019914,0,-21.53130377768572,.37563054763794,-22.98295673240656,-23.51070604806297,-22.21186892808096,-11.68050614427581,-19.72896281005155,-41.91363537276728,-93.16806305942345
evreg5,1bn.relative_year_bin_aux#1.rice_prod_aclvl_ahigh,59.89272365532428,112.4798886164195,348.0917346763397,257.3270406099534,168.9639868273935,83.88078656612326,-93.79723682008344,-175.8954425173363,-253.5461589077364,-333.3500396209065,-413.8288184289572,0,0,-.1131550801215848,20.5562558727062,-19.25428431437034,-10.85432877373605,-6.046971763882406,-3.337978141626455,-11.54300312962699,-8.692952423310386,-7.827825372854138,-7.951310979170255,-4.679017780438516,127.2085500430599,70.51250545436319,8.972028862674783,15.42691568457069,20.2338979424886,.5721250940966242,19.20656379959264,15.08055210808077,16.31067278635626,0,-122.2669782550116,-62.50888486781866,-4.319739319099516,-12.39024582339907,-15.80944837057799,6.555973335774081,-16.6810458248274,-5.277788578753197,-9.594839211975263
evreg5,2.relative_year_bin_aux#1.rice_prod_aclvl_ahigh,60.24682912166156,112.4798886164195,620.7992505462772,466.5802145906893,316.7760955424566,159.6299669041547,-174.7401736439923,-328.3130139058436,-474.1310537250789,-622.965475698152,-772.9730440673411,0,0,-.1880861001638336,36.37744590681458,-38.4855433018256,-26.05551411535941,-22.6994451800931,-14.07857477372622,-36.83258488503673,-28.98160168837867,-25.6302562477885,-24.15503987490537,-16.51124159216873,70.51250545436319,187.4022187149843,29.19409324726737,31.27958165799906,40.94104787491012,-23.01833397805828,23.8849508110497,21.10466806919007,23.78300053265474,0,-60.01260678785574,-175.2773461968341,-23.38616124971534,-26.86173106520351,-37.67080647144768,28.23035408724931,-25.32954032678698,-15.80361342201068,-23.05909608709898
evreg5,3.relative_year_bin_aux#1.rice_prod_aclvl_ahigh,47.26068112732561,112.4798886164195,59.54932770621312,47.89437825843029,32.63681953824563,17.00449387811317,-24.57904113293498,-42.02151694746185,-59.18152534794321,-77.42892205304001,-95.630067933248,0,0,-.0537850734262624,6.49312726138895,2.5207560175606,.5374422409913699,.5407448693025473,-.8917979858467983,-2.195846262324262,-1.88413040428595,-1.268332280916662,-.9562916185121645,.7617783832606905,8.972028862674783,29.19409324726737,52.1781876565624,16.47509893493976,17.42601592592778,14.82232416816298,16.93425758949571,11.61540466910836,15.30484598053353,0,-11.55404546479592,-28.90823922193516,-52.01807305671453,-15.83242775650696,-17.34395356088512,-13.45375349806609,-17.96128670987883,-9.039808741546272,-14.39716237008219
evreg5,4.relative_year_bin_aux#1.rice_prod_aclvl_ahigh,-8.041193463167277,112.4798886164195,13.21930867966975,11.09219957247997,6.253445217316645,.9689565352759105,-5.409606684348332,-8.830930092653089,-12.08702351153643,-16.2676629364942,-21.02694861983554,0,0,-.0027240831686957,-1.147811863024228,4.818136365745451,2.568203847731163,2.967153151264716,3.582918612312581,4.078782449006071,2.983029429585431,1.814512285417615,1.458425636334336,1.723519218684758,15.42691568457069,31.27958165799906,16.47509893493976,29.75176249586557,21.64743785998757,19.60224986870475,20.34236521365591,16.05532144505933,18.37404733540818,0,-13.24334062578709,-28.79021636489847,-14.9245714475661,-28.98668686455708,-20.28247676682862,-18.37673921637941,-20.05436431142914,-14.98633163482149,-18.22961110504634
evreg5,6.relative_year_bin_aux#1.rice_prod_aclvl_ahigh,-6.566996820536315,112.4798886164195,63.53372367728624,49.15190568614215,31.89579782747808,15.68920298875844,-25.0429700239935,-39.33186738543329,-54.38990199406116,-70.64225541378934,-86.37383767355288,0,0,.0008803011995278,1.191631615421909,.1224297734077811,-1.051212889552655,.4308100838997676,.5058892779117977,2.19586922292807,.3445501917231151,-.5631224751301805,-.340169345192263,-.5950474956102665,20.2338979424886,40.94104787491012,17.42601592592778,21.64743785998757,34.12650853909332,14.06873948376297,16.09161144643643,20.84734289154104,18.45142525620054,0,-19.03917905620218,-36.70057599374144,-14.76067900492975,-18.94265202392337,-32.87123331404634,-12.68043012424393,-15.6101182677189,-19.34780116328937,-18.20897025717599
evreg5,7.relative_year_bin_aux#1.rice_prod_aclvl_ahigh,-40.37231435392034,112.4798886164195,-251.6157650105818,-189.4474974784526,-128.7120368035013,-65.20354747157792,66.37989965008389,123.9381182788845,184.8923180405106,241.5915222000586,299.9854930813086,0,0,.0750995536296757,-18.54733238945474,24.9093232350532,18.34590876357249,14.83960143528012,8.913222067459227,22.71681915288106,21.22138868540767,14.92578609363259,14.80059676398685,11.00296918077834,.5721250940966242,-23.01833397805828,14.82232416816298,19.60224986870475,14.06873948376297,68.18937234508896,20.01507841695092,13.39786850830603,16.69599498899649,0,-3.201252213320434,23.92707314565202,-13.33139454419441,-18.07806296756675,-12.88306869619227,-67.79813558709174,-18.99320347258612,-14.22704781252044,-17.78656296502433
evreg5,8.relative_year_bin_aux#1.rice_prod_aclvl_ahigh,39.76657419765191,112.4798886164195,-191.6860459383094,-144.7736658355231,-100.9738202732142,-52.13643819603712,55.74867711467822,109.7802096787211,160.5405787581037,215.4195993917285,266.1469618585164,0,0,-.0308336375747013,-4.818544845627089,9.639607366645219,5.337434122657422,6.368389194309646,4.278228218505663,18.0765751047593,13.19232580176202,12.42625711115173,6.503011224286694,5.161083507397624,19.20656379959264,23.8849508110497,16.93425758949571,20.34236521365591,16.09161144643643,20.01507841695092,106.701633489194,34.38431798154001,34.93635083383396,0,-21.46010572643134,-23.02141327162908,-15.38859905293011,-18.11086507026269,-18.38232626093727,-21.22829178135207,-106.7821097852395,-35.90468524432845,-35.20611425907068
evreg5,9.relative_year_bin_aux#1.rice_prod_aclvl_ahigh,-8.077565633591098,112.4798886164195,-133.8143614528837,-101.9130991964263,-71.80006143380953,-36.49429415717786,38.27659559497421,73.55924890741383,109.6967945564656,144.6380678324363,182.5834609473667,0,0,.0149092452137699,-5.210070293369228,11.07804193405435,7.561456064684965,7.443575952246148,4.239480007136762,15.08727731663662,12.81907187045309,10.29252590577019,9.20381668920488,4.433451622724756,15.08055210808077,21.10466806919007,11.61540466910836,16.05532144505933,20.84734289154104,13.39786850830603,34.38431798154001,70.66093398543919,38.68786938486326,0,-12.44884265551895,-16.97246688958413,-8.399349479314656,-13.99100945160914,-17.83418191960738,-11.70349935122092,-31.79305764927717,-75.41625516837172,-42.17750969035267
evreg5,10.relative_year_bin_aux#1.rice_prod_aclvl_ahigh,35.84633852470773,112.4798886164195,-87.948142045661,-66.56285835661072,-47.31624840675588,-24.64163728110569,24.80909995942557,47.62144719350026,71.81154453476664,96.13603917836416,111.9210714210579,0,0,-.0153265791364698,-1.10045668504768,7.95247413277071,4.878439458148025,4.973604815442778,3.213358891523341,10.99756100658392,10.00055147875381,8.598185341471341,6.637173338909735,13.29127928019914,16.31067278635626,23.78300053265474,15.30484598053353,18.37404733540818,18.45142525620054,16.69599498899649,34.93635083383396,38.68786938486326,63.64007220616219,0,-14.6733731992845,-21.42446673881864,-13.39218406630014,-17.00977484350716,-16.34770741168281,-15.64219508922985,-31.94242026053808,-45.06345843631561,-67.08346015953326
evreg5,1o.treat#1o.rice_prod_aclvl_ahigh,0,112.4798886164195,0,0,0,0,0,0,0,0,0,0,0,0,0,0,0,0,0,0,0,0,0,0,0,0,0,0,0,0,0,0,0,0,0,0,0,0,0,0,0,0,0
evreg5,1bn.relative_year_bin_aux#1.treat#1.rice_prod_aclvl_ahigh,-9.935906009359087,112.4798886164195,-259.540328004081,-192.0184301536895,-126.1504241467857,-62.80803226073193,73.04056132091397,135.8862204162955,195.9157212976799,259.2945110292439,321.9641670024233,0,0,.0390850184305084,-14.21171390658516,-75.57204795141206,-38.98727673305245,-47.00954630420811,-41.71387396062752,-23.41096776378418,-25.93838391105952,-23.02639064512675,-22.38214515922865,-21.53130377768572,-122.2669782550116,-60.01260678785574,-11.55404546479592,-13.24334062578709,-19.03917905620218,-3.201252213320434,-21.46010572643134,-12.44884265551895,-14.6733731992845,0,343.2441237201406,140.0872309408792,116.318871227554,79.69872794622557,72.68189434461598,55.41489709275334,74.02717647917723,63.30174302391239,63.66615209080869
evreg5,2.relative_year_bin_aux#1.treat#1.rice_prod_aclvl_ahigh,-45.76576084105511,112.4798886164195,-555.4359191783244,-417.5327068509414,-283.8775089840848,-143.3403979794525,156.6097110771412,294.3417137249707,425.2404288521721,559.8975808064616,694.9496455105044,0,0,.1683425577995775,-32.20688838901539,-14.13425609100645,-12.90323019358914,-9.906223376806739,-9.066258165109033,14.67500862377186,6.040950399349549,5.588459317126704,5.044739348538694,.37563054763794,-62.50888486781866,-175.2773461968341,-28.90823922193516,-28.79021636489847,-36.70057599374144,23.92707314565202,-23.02141327162908,-16.97246688958413,-21.42446673881864,0,140.0872309408792,292.6254934407221,142.8162145605375,120.884036699803,90.45879277394175,27.48678613849686,76.78039448614976,68.47761722019645,72.28055440410942
evreg5,3.relative_year_bin_aux#1.treat#1.rice_prod_aclvl_ahigh,-12.4218585139917,112.4798886164195,-30.64461507653946,-25.8345979398442,-17.75032837549641,-9.986393363393947,16.81256816124279,27.64318433743935,38.62957139535121,51.04966173981905,62.8358475163451,0,0,.0393108581044849,-5.906188248575524,-55.66229925979842,-31.50478381101047,-39.38845970060513,-29.18017138087654,-22.79322226991258,-23.88006648171425,-22.5979996647739,-22.47061338126569,-22.98295673240656,-4.319739319099516,-23.38616124971534,-52.01807305671453,-14.9245714475661,-14.76067900492975,-13.33139454419441,-15.38859905293011,-8.399349479314656,-13.39218406630014,0,116.318871227554,142.8162145605375,248.7083652932749,141.2238029910676,97.57781243971844,93.93597221878247,93.82210098553229,86.98810939799178,92.34043725144966
evreg5,4.relative_year_bin_aux#1.treat#1.rice_prod_aclvl_ahigh,12.92304406867759,112.4798886164195,22.80368780231856,15.87768138272796,11.87193046912632,7.825452662069641,-4.273364635444439,-8.948210774416692,-13.42145528070867,-17.21282046327728,-20.4488255533552,0,0,.006068266979252,3.157061010563502,-48.31307596642696,-24.3738203373007,-32.38820756550486,-37.31733043935866,-28.60311442834027,-27.495106187353,-25.16872694345234,-24.02698786354956,-23.51070604806297,-12.39024582339907,-26.86173106520351,-15.83242775650696,-28.98668686455708,-18.94265202392337,-18.07806296756675,-18.11086507026269,-13.99100945160914,-17.00977484350716,0,79.69872794622557,120.884036699803,141.2238029910676,197.0466141239654,97.1959878283072,97.22031973117589,92.79454386099447,91.17844490040187,94.33913465490181
evreg5,6.relative_year_bin_aux#1.treat#1.rice_prod_aclvl_ahigh,23.69801105272014,112.4798886164195,-48.11429377396039,-37.66182107408652,-24.05360842524173,-11.86498665802339,21.99215174128594,33.17150025964011,45.13676943150617,58.0940446697061,70.31380474274749,0,0,-.0119671807158532,-1.801390465734685,-30.83471349955005,-14.41683734436626,-20.64664892319134,-20.48155112773086,-41.4499681385667,-15.02621452886351,-18.71598861100536,-18.17938845503684,-22.21186892808096,-15.80944837057799,-37.67080647144768,-17.34395356088512,-20.28247676682862,-32.87123331404634,-12.88306869619227,-18.38232626093727,-17.83418191960738,-16.34770741168281,0,72.68189434461598,90.45879277394175,97.57781243971844,97.1959878283072,147.4271813393237,76.39187811925574,91.90925674185893,69.85873684610372,78.23343687888006
evreg5,7.relative_year_bin_aux#1.treat#1.rice_prod_aclvl_ahigh,82.58113795319119,112.4798886164195,294.2870192944449,221.2486261125661,149.9313448402214,75.83909899114418,-76.04270200329759,-143.6246643521286,-214.2050957325704,-281.039102603262,-349.4914485428227,0,0,-.1107666610455136,22.08934013830698,-57.2691515459938,-35.70062053560253,-36.76131441867979,-29.34821388961059,-37.13729666068559,-61.82328543196643,-32.1995578709658,-22.50849865660548,-11.68050614427581,6.555973335774081,28.23035408724931,-13.45375349806609,-18.37673921637941,-12.68043012424393,-67.79813558709174,-21.22829178135207,-11.70349935122092,-15.64219508922985,0,55.41489709275334,27.48678613849686,93.93597221878247,97.22031973117589,76.39187811925574,199.4214197773415,60.26043419910455,61.48405276087725,65.92251009810295
evreg5,8.relative_year_bin_aux#1.treat#1.rice_prod_aclvl_ahigh,-17.90527537485649,112.4798886164195,121.5272942571076,91.30127316361798,64.12391168032801,32.84460788771,-38.80078998285344,-73.11883531979822,-102.6186919056866,-134.4437287393324,-163.3674421916045,0,0,.0578805074239228,3.459430728441666,-42.68975753688067,-24.28934097464675,-29.40623216901976,-25.5175634882355,-43.92573023859779,-34.32554300449792,-41.32295945579969,-27.77406901342161,-19.72896281005155,-16.6810458248274,-25.32954032678698,-17.96128670987883,-20.05436431142914,-15.6101182677189,-18.99320347258612,-106.7821097852395,-31.79305764927717,-31.94242026053808,0,74.02717647917723,76.78039448614976,93.82210098553229,92.79454386099447,91.90925674185893,60.26043419910455,286.334568554995,62.6946473318535,69.0940411803679
evreg5,9.relative_year_bin_aux#1.treat#1.rice_prod_aclvl_ahigh,51.04128144694302,112.4798886164195,141.8797612427296,107.0276141702007,74.31795268974226,37.40532593963667,-40.32149081145287,-75.30584344062314,-109.8806443516756,-141.6915560122279,-177.5282585975486,0,0,-.0834383546395783,10.01266338552528,-46.3264646927552,-28.10253827842158,-31.35289627288387,-26.06101584536504,-36.91094084759668,-20.47549712189682,-28.98002685937845,-47.37070947118509,-41.91363537276728,-5.277788578753197,-15.80361342201068,-9.039808741546272,-14.98633163482149,-19.34780116328937,-14.22704781252044,-35.90468524432845,-75.41625516837172,-45.06345843631561,0,63.30174302391239,68.47761722019645,86.98810939799178,91.17844490040187,69.85873684610372,61.48405276087725,62.6946473318535,304.742271988353,198.1863320856424
evreg5,10.relative_year_bin_aux#1.treat#1.rice_prod_aclvl_ahigh,-5.37119596427405,112.4798886164195,74.71000500344307,55.72938627503542,39.46610767914625,20.52375133861168,-20.56099503481532,-38.53360622637869,-57.54627783111951,-76.11160437612361,-86.44194284723429,0,0,-.0074467487075705,-2.626503988397743,-36.23218471882279,-19.37343495457209,-25.10063874026551,-22.73452407312278,-32.68170577715493,-7.944141615194072,-21.25858689035776,-45.52826761856018,-93.16806305942345,-9.594839211975263,-23.05909608709898,-14.39716237008219,-18.22961110504634,-18.20897025717599,-17.78656296502433,-35.20611425907068,-42.17750969035267,-67.08346015953326,0,63.66615209080869,72.28055440410942,92.34043725144966,94.33913465490181,78.23343687888006,65.92251009810295,69.0940411803679,198.1863320856424,266.651933394883
