reg,var,beta,ymean,cov1,cov2,cov3,cov4,cov5,cov6,cov7,cov8,cov9,cov10,cov11,cov12,cov13,cov14,cov15,cov16,cov17,cov18,cov19,cov20,cov21,cov22,cov23,cov24,cov25,cov26,cov27,cov28,cov29,cov30,cov31,cov32,cov33,cov34,cov35,cov36,cov37,cov38,cov39,cov40,cov41
evreg1,1bn.relative_year_bin_aux,-1553.479126533122,439.5555615837712,29371.87579476046,25572.29557564662,21058.02615453563,17059.39647955209,12214.16285086266,8350.323732888513,4047.940054787989,-4356.5566272728,-7009.835355214861,0,1.686714557793655,-967.6194496963509,-96.63981616065379,-173.953149601877,-81.5956970995708,-202.403552691737,-154.4327080739778,-102.9995257667387,-8.477281614597615,-228.6491244611321,-1998.017789051821,,,,,,,,,,,,,,,,,,,,
evreg1,2.relative_year_bin_aux,-1415.880947345133,439.5555615837712,25572.29557564662,22280.56259649975,18340.754741064,14863.59798923658,10628.28259119262,7272.719409080311,3527.651491119346,-3783.235176784076,-6107.490091233271,0,1.51273284195339,-849.418427439721,-79.76366169169961,-159.2990335540697,-71.80176483858153,-181.6834548617051,-128.9087717559661,-90.64529060343484,-8.45216808753028,-206.3244335274241,-1727.114542794207,,,,,,,,,,,,,,,,,,,,
evreg1,3.relative_year_bin_aux,-1225.794563017241,439.5555615837712,21058.02615453563,18340.754741064,15110.9193784374,12239.76209506915,8761.237613648642,5988.678311287412,2904.39327360058,-3122.197558346147,-5030.333613852215,0,1.29160029092963,-703.5380713185447,-69.91121555802172,-129.0913408428285,-65.58520159688329,-150.3130547694606,-114.5678298940024,-76.2088363240304,-8.781406329861367,-170.4382259361629,-1444.561471944049,,,,,,,,,,,,,,,,,,,,
evreg1,4.relative_year_bin_aux,-901.2945494217415,439.5555615837712,17059.39647955209,14863.59798923658,12239.76209506915,9927.397794323755,7092.343035168291,4852.526748756228,2355.044748200674,-2520.826072693432,-4077.524378555223,0,1.013968989222083,-569.5826165965666,-56.74844835072837,-109.9859968970349,-53.33956072407414,-130.2399888104395,-87.3975552712223,-63.18771738501118,-8.693296450134339,-142.618206242786,-1156.854876527441,,,,,,,,,,,,,,,,,,,,
evreg1,5.relative_year_bin_aux,-641.9418388117089,439.5555615837712,12214.16285086266,10628.28259119262,8761.237613648642,7092.343035168291,5119.186115316519,3477.726559634476,1683.842155620841,-1844.590452681375,-2912.529861803325,0,.6936789382054286,-402.1297437497611,-42.28624324816199,-72.27136597384332,-39.96689708453917,-84.42338329775231,-83.09855980862909,-44.36979867970729,-5.056671726870869,-76.83685495649758,-879.5632780529481,,,,,,,,,,,,,,,,,,,,
evreg1,6.relative_year_bin_aux,-474.5401756002748,439.5555615837712,8350.323732888513,7272.719409080311,5988.678311287412,4852.526748756228,3477.726559634476,2386.997923791669,1159.608584417366,-1239.134611705045,-1994.363184796058,0,.5090501927672743,-271.8357425890893,-29.51862325617966,-53.64604854493108,-26.35504753930465,-62.24649946828557,-44.08948229006359,-36.18733632093973,-7.716394520907722,-65.12272543323871,-568.646284945119,,,,,,,,,,,,,,,,,,,,
evreg1,7.relative_year_bin_aux,-245.6216015542116,439.5555615837712,4047.940054787989,3527.651491119346,2904.39327360058,2355.044748200674,1683.842155620841,1159.608584417366,574.3776705577474,-582.2969831727535,-975.6542624947049,0,.258373991022822,-130.834528570262,-17.61931943936765,-29.24291850165113,-15.64194551218834,-33.58527039912603,-22.93786129600848,-20.16887247670877,-12.09508225449346,-47.5143175612958,-257.7989474467581,,,,,,,,,,,,,,,,,,,,
evreg1,9.relative_year_bin_aux,213.4287858789138,439.5555615837712,-4356.5566272728,-3783.235176784076,-3122.197558346147,-2520.826072693432,-1844.590452681375,-1239.134611705045,-582.2969831727535,770.8908099563607,1036.031076517891,0,-.2291313591837985,141.5116547506991,4.460916102391747,16.26605921611436,4.737003132599912,20.13702817341028,21.51353036184834,9.283579225983161,-14.16915911028596,-76.83681172196239,343.7784579071316,,,,,,,,,,,,,,,,,,,,
evreg1,10.relative_year_bin_aux,299.4328445664647,439.5555615837712,-7009.835355214861,-6107.490091233271,-5030.333613852215,-4077.524378555223,-2912.529861803325,-1994.363184796058,-975.6542624947049,1036.031076517891,2274.385516929705,0,-.3613860593774164,227.1123477905579,28.15317834196298,52.2170870082666,25.15973572230513,57.582074309018,37.4083213488603,29.2383453845722,11.64066153244737,60.16027536449791,-94.16055867652247,,,,,,,,,,,,,,,,,,,,
evreg1,1o.treat,0,439.5555615837712,0,0,0,0,0,0,0,0,0,0,0,0,0,0,0,0,0,0,0,0,0,,,,,,,,,,,,,,,,,,,,
evreg1,wind_direction,-2.47833202358125,439.5555615837712,1.686714557793655,1.51273284195339,1.29160029092963,1.013968989222083,.6936789382054286,.5090501927672743,.258373991022822,-.2291313591837985,-.3613860593774164,0,.0018254916203917,-.1541650188804877,.0112089707297862,-.0018531387683264,-.0012125004820046,-.0317980816121056,.0092416180929564,-.0000493798222195,-.0057113932558303,-.075902489347234,-.2778391011210415,,,,,,,,,,,,,,,,,,,,
evreg1,av_wind_speed,173.1595274374262,439.5555615837712,-967.6194496963509,-849.418427439721,-703.5380713185447,-569.5826165965666,-402.1297437497611,-271.8357425890893,-130.834528570262,141.5116547506991,227.1123477905579,0,-.1541650188804877,109.7077600573511,10.40495216833496,15.9059924512044,10.98007399297428,16.67835031246815,6.966119683489636,6.305523486167366,3.336616398338164,26.00232385050961,116.5944037550117,,,,,,,,,,,,,,,,,,,,
evreg1,1bn.relative_year_bin_aux#1.treat,-30.01580468737192,439.5555615837712,-96.63981616065379,-79.76366169169961,-69.91121555802172,-56.74844835072837,-42.28624324816199,-29.51862325617966,-17.61931943936765,4.460916102391747,28.15317834196298,0,.0112089707297862,10.40495216833496,163.1684904152826,115.1255691708663,130.0938955898154,102.0887053938309,71.25718014829341,73.33725756450141,77.65947690289823,75.2725662076946,184.6168264675507,,,,,,,,,,,,,,,,,,,,
evreg1,2.relative_year_bin_aux#1.treat,-31.48167437685519,439.5555615837712,-173.953149601877,-159.2990335540697,-129.0913408428285,-109.9859968970349,-72.27136597384332,-53.64604854493108,-29.24291850165113,16.26605921611436,52.2170870082666,0,-.0018531387683264,15.9059924512044,115.1255691708663,158.4623277339318,115.8317484314427,122.6166878625824,40.50800025540046,70.95231023749817,76.41079663019767,73.62280407448016,183.0201077426864,,,,,,,,,,,,,,,,,,,,
evreg1,3.relative_year_bin_aux#1.treat,-14.00294125706593,439.5555615837712,-81.5956970995708,-71.80176483858153,-65.58520159688329,-53.33956072407414,-39.96689708453917,-26.35504753930465,-15.64194551218834,4.737003132599912,25.15973572230513,0,-.0012125004820046,10.98007399297428,130.0938955898154,115.8317484314427,156.0632896176743,100.5411639557335,73.6623299454499,68.81342025778609,77.40227996197927,71.067400940653,186.1373235170985,,,,,,,,,,,,,,,,,,,,
evreg1,4.relative_year_bin_aux#1.treat,16.85413234457979,439.5555615837712,-202.403552691737,-181.6834548617051,-150.3130547694606,-130.2399888104395,-84.42338329775231,-62.24649946828557,-33.58527039912603,20.13702817341028,57.582074309018,0,-.0317980816121056,16.67835031246815,102.0887053938309,122.6166878625824,100.5411639557335,169.9912637682597,34.35382467702985,72.32814667553276,84.84626664104137,65.76600311882027,181.8622550110978,,,,,,,,,,,,,,,,,,,,
evreg1,5.relative_year_bin_aux#1.treat,-15.81019242909221,439.5555615837712,-154.4327080739778,-128.9087717559661,-114.5678298940024,-87.3975552712223,-83.09855980862909,-44.08948229006359,-22.93786129600848,21.51353036184834,37.4083213488603,0,.0092416180929564,6.966119683489636,71.25718014829341,40.50800025540046,73.6623299454499,34.35382467702985,196.0259483994309,49.47184112295193,51.58357054358932,10.05678436572153,34.91954808415631,,,,,,,,,,,,,,,,,,,,
evreg1,6.relative_year_bin_aux#1.treat,-3.306326090965925,439.5555615837712,-102.9995257667387,-90.64529060343484,-76.2088363240304,-63.18771738501118,-44.36979867970729,-36.18733632093973,-20.16887247670877,9.283579225983161,29.2383453845722,0,-.0000493798222195,6.305523486167366,73.33725756450141,70.95231023749817,68.81342025778609,72.32814667553276,49.47184112295193,85.80737641256171,64.01339876616964,48.26536999722077,106.9558139959413,,,,,,,,,,,,,,,,,,,,
evreg1,7.relative_year_bin_aux#1.treat,-1.075345599564038,439.5555615837712,-8.477281614597615,-8.45216808753028,-8.781406329861367,-8.693296450134339,-5.056671726870869,-7.716394520907722,-12.09508225449346,-14.16915911028596,11.64066153244737,0,-.0057113932558303,3.336616398338164,77.65947690289823,76.41079663019767,77.40227996197927,84.84626664104137,51.58357054358932,64.01339876616964,120.4746964151667,51.74233079337425,159.3938685285088,,,,,,,,,,,,,,,,,,,,
evreg1,9.relative_year_bin_aux#1.treat,130.1174171798368,439.5555615837712,-228.6491244611321,-206.3244335274241,-170.4382259361629,-142.618206242786,-76.83685495649758,-65.12272543323871,-47.5143175612958,-76.83681172196239,60.16027536449791,0,-.075902489347234,26.00232385050961,75.2725662076946,73.62280407448016,71.067400940653,65.76600311882027,10.05678436572153,48.26536999722077,51.74233079337425,234.767755698653,207.1230967296067,,,,,,,,,,,,,,,,,,,,
evreg1,10.relative_year_bin_aux#1.treat,342.1867739991427,439.5555615837712,-1998.017789051821,-1727.114542794207,-1444.561471944049,-1156.854876527441,-879.5632780529481,-568.646284945119,-257.7989474467581,343.7784579071316,-94.16055867652247,0,-.2778391011210415,116.5944037550117,184.6168264675507,183.0201077426864,186.1373235170985,181.8622550110978,34.91954808415631,106.9558139959413,159.3938685285088,207.1230967296067,1661.592563491123,,,,,,,,,,,,,,,,,,,,
evreg2,1bn.relative_year_bin_aux,-1557.449921190487,439.5555615837712,29397.6263968361,25596.16238616458,21065.38215963676,17087.89147590109,12185.17276582721,8338.096188613023,4013.191543972063,-4472.470171549475,-7043.301186796611,0,-49.53092833111535,1.694780817091621,-967.5330307309737,-60.46254644624961,-132.0449542743661,-4.846104840517327,-182.5464177870784,-48.90284705574626,-46.97656059922948,15.95429428596369,-95.39064893659595,-1908.806675195138,-57.20763316536301,-48.68568132454114,-17.18263297785963,-58.94080107907367,50.2723187647882,24.39038367491939,72.26524936601008,242.3544281795342,66.64236369274492,139.4601765745164,-74.18363297569454,-86.51596243499857,-157.5507219338999,-41.68209925524177,-212.3278211396167,-114.3424218129812,-50.39634321538644,-273.0774129173511,-166.9583994090604
evreg2,2.relative_year_bin_aux,-1414.605861829258,439.5555615837712,25596.16238616458,22310.14479201837,18350.66327820135,14894.0351074243,10603.84446307505,7263.527227812343,3498.721092111348,-3880.643695586658,-6134.66039059718,0,-38.41561464738631,1.517296429396264,-848.004347772651,-50.22562992306836,-130.472685513945,-9.624153046475723,-170.4316992149431,-39.12439738100102,-43.58602946854573,11.62915423790174,-94.16772741782742,-1650.976232996469,-50.74317535431714,-57.76478575353871,-21.95077098904949,-61.52816313101246,42.97569545850709,19.12804719504354,60.98702029895978,205.2591116886447,55.62460867355542,116.4017935334699,-61.01581916206341,-59.55828555557245,-127.4042342857326,-23.65554132664411,-181.3089874567014,-96.35708937951729,-41.73700751775549,-231.4460074471602,-143.0942745556398
evreg2,3.relative_year_bin_aux,-1232.509489965509,439.5555615837712,21065.38215963676,18350.66327820135,15114.45272144602,12258.63852201095,8741.765198305755,5978.221548254079,2879.447183653276,-3199.178036971561,-5048.654382769586,0,-27.83784186903685,1.298295747822032,-701.8075199159609,-45.29855360218355,-103.6825669482733,-18.63909696930639,-142.3612614395034,-45.88294293922415,-38.00426450431816,6.968253318642323,-78.86052057170171,-1380.126954118291,-47.93712379286241,-45.7419110709473,-30.67269023956273,-56.52677415188852,21.90647173833185,13.50467700430787,48.69876716011242,168.0904658803824,44.0413235691332,92.30686056839913,-48.29604434740261,-51.09023967087052,-94.67161979715391,-14.84330117026151,-139.2820227238869,-78.31992067246273,-32.85149861658075,-189.8537823858082,-118.2368548045757
evreg2,4.relative_year_bin_aux,-909.1324494692727,439.5555615837712,17087.89147590109,14894.0351074243,12258.63852201095,9961.370635930378,7082.801638311195,4850.289454938235,2338.916783133546,-2581.227501002028,-4094.384393867271,0,-18.68369718279884,1.012391385007628,-569.3990304217796,-43.45362700037978,-96.05654663146137,-19.71248654256273,-132.485219435009,-33.19654550307045,-34.03771009115398,2.682635325447004,-72.5007021402137,-1106.121721784129,-47.81616285477855,-48.55405410673573,-30.61486846336446,-62.09032064915493,18.51633285009122,8.411526114628785,36.83091396842658,130.7703585766676,34.57274187237227,69.85152084246839,-27.28702303912523,-28.92134807037572,-69.35111934306985,5.334130517491654,-110.2982919546028,-60.11060306118912,-24.05630738554878,-148.3936592793895,-94.51974951207868
evreg2,5.relative_year_bin_aux,-644.9192241530576,439.5555615837712,12185.17276582721,10603.84446307505,8741.765198305755,7082.801638311195,5108.024856056248,3463.64399113842,1663.821966037769,-1896.315768007267,-2918.118242338379,0,-17.77805835668033,.7014137618696233,-401.5976411660286,-23.43684325802433,-53.17341598560287,-11.17087873602519,-75.29550076092335,-55.41724519535461,-20.54032213132189,6.02753109665074,-10.96303445151707,-837.9714599567802,-21.85421711094337,-19.24855001191335,-15.05289466493954,-25.57607963978981,-9.092639218012994,6.821029334060801,30.60671049697802,115.1234938169185,31.83554115354277,58.94150981289079,-35.43897526415178,-36.59129976393713,-58.79899516768894,-17.26000750819676,-59.03716530162577,-48.7122950216378,-22.63783287029044,-131.3124773735972,-81.64999425917338
evreg2,6.relative_year_bin_aux,-481.7351469160065,439.5555615837712,8338.096188613023,7263.527227812343,5978.221548254079,4850.289454938235,3463.64399113842,2383.11652489027,1150.87351066524,-1261.892848753327,-1998.812217357356,0,-5.682449276604441,.5145904124956209,-270.4617714031352,-17.64589974312506,-41.59137398725135,-4.64848728508215,-56.59413088829771,-15.12973581181019,-24.17281775465914,-3.944936447362228,-34.2485094300323,-541.7954635042605,-13.96692699703348,-14.47432643413992,-6.738421654858684,-17.94883817115721,10.20806037060627,-3.347798213256429,13.57942023467604,62.44532130722358,15.09588740499621,34.44267331353275,-24.28766725294461,-24.29590276117997,-44.09187945662629,-11.69215912528338,-58.20258019152244,-24.06669042285757,-8.799622869177593,-72.07981506829617,-45.69747788106437
evreg2,7.relative_year_bin_aux,-248.7363833860408,439.5555615837712,4013.191543972063,3498.721092111348,2879.447183653276,2338.916783133546,1663.821966037769,1150.87351066524,572.7879173227795,-576.5367478328625,-966.3467291429372,0,5.288698982908837,.2608359928408054,-128.4904757045927,-15.47415680163876,-26.73900426569037,-8.543720787905025,-34.42598991367181,-9.590560632555611,-16.33353130877569,-17.35920857911335,-44.97682358887288,-247.1464987338252,-14.66140739637412,-14.28936847444343,-10.80895092109242,-16.3582430671165,.595652094198542,-7.410104925302236,-7.067487012877719,15.17678483163284,-4.803066403222571,10.52600447248257,-5.340017730169786,-5.97487837282261,-15.15077910977366,.9314697229364552,-25.1137937757102,-6.582242598545458,8.956715309773315,-19.8098464623969,-12.41583982855783
evreg2,9.relative_year_bin_aux,219.5499334830562,439.5555615837712,-4472.470171549475,-3880.643695586658,-3199.178036971561,-2581.227501002028,-1896.315768007267,-1261.892848753327,-576.5367478328625,904.7558433138037,1090.010202355382,0,35.78120798070311,-.224555917589344,143.0516604553262,-21.30811974323536,-9.339984861036013,-25.30965896105427,-2.903628543432013,6.867887303326569,-13.54033865151403,-39.23966924199465,-199.6027889614565,304.8058586572127,-26.48263610129726,-26.45127784076167,-30.19967942487589,-25.92018138003352,-14.3979878412509,-28.86902850081873,-46.94734839784273,-181.7045481998043,-80.29602137566511,-51.47512323184858,46.91315289084378,47.01632013198185,56.02083610970478,42.112888685865,34.07747256092857,45.55699393794578,44.20421504550047,193.9124227885292,102.7542235565051
evreg2,10.relative_year_bin_aux,306.410561721902,439.5555615837712,-7043.301186796611,-6134.66039059718,-5048.654382769586,-4094.384393867271,-2918.118242338379,-1998.812217357356,-966.3467291429372,1090.010202355382,2382.936706280305,0,35.0806021756779,-.3525857937207388,225.1934338710551,-2.299205676885397,21.86083877703358,-12.21135855906779,33.42261413989909,1.469756321128828,4.348558441848363,-5.555913046415879,9.098133170561274,-202.7489019430234,-15.58245588223069,-17.25307800086714,-23.3177097850831,-15.72974608939257,-27.23512347358315,-19.02160093648448,-27.92329820353147,-69.95412586487434,-292.1988784030784,-68.79792171927231,57.11793851165343,57.60724262696021,72.72079277256938,45.98190557463166,74.27107721984933,48.23352612345189,28.30043235576277,75.14763735798255,311.5440574276774
evreg2,1o.treat,0,439.5555615837712,0,0,0,0,0,0,0,0,0,0,0,0,0,0,0,0,0,0,0,0,0,0,0,0,0,0,0,0,0,0,0,0,0,0,0,0,0,0,0,0,0
evreg2,1.downup_ac_pop,-31.28582181637078,439.5555615837712,-49.53092833111535,-38.41561464738631,-27.83784186903685,-18.68369718279884,-17.77805835668033,-5.682449276604441,5.288698982908837,35.78120798070311,35.0806021756779,0,59.44660432175137,.0608906393136433,-.5117442204947565,-25.28806289927479,-24.71721531177548,-24.82261146958232,-24.41427049448037,-13.37323892101238,-12.52301514493,-12.82698244142244,-23.81678095177922,-3.496406856007373,-44.72517677320011,-45.64739058909581,-45.01458524086761,-44.76478866617605,-27.20435440086066,-22.02497814698658,-20.96037164999118,-31.48766560926118,-34.6557510158923,-63.0721789425486,48.06110633361187,48.66071669283063,48.31701333483081,47.1632558367892,28.33671958911142,23.47702890052184,22.44079040416832,34.77123991241027,33.36110073131131
evreg2,wind_direction,-2.479224339559311,439.5555615837712,1.694780817091621,1.517296429396264,1.298295747822032,1.012391385007628,.7014137618696233,.5145904124956209,.2608359928408054,-.224555917589344,-.3525857937207388,0,.0608906393136433,.0018194620634527,-.1537174856552771,.0180853556128066,.0042616462993223,.0034869459124656,-.0270898821101386,.0166526231417224,-.0006346281634391,-.0051578201005675,-.0805231003153803,-.2658003942935613,-.0152883500997723,-.0082179317351452,-.0130353296531388,.0035885576874527,-.0150282319928394,-.0112117835898801,-.0052393836329914,-.009174173189811,-.020311382135078,-.0149846385686666,-.0134351380774836,-.0123818404045049,-.0092148830730752,-.0088287695808065,-.0150019136465108,.0012286059517684,-.000726679901431,.0095027549348898,-.0215443647901887
evreg2,av_wind_speed,173.1139485918331,439.5555615837712,-967.5330307309737,-848.004347772651,-701.8075199159609,-569.3990304217796,-401.5976411660286,-270.4617714031352,-128.4904757045927,143.0516604553262,225.1934338710551,0,-.5117442204947565,-.1537174856552771,109.5689595225086,8.38442679300462,11.90680065160181,6.298979978821002,14.91677261813094,2.321193827794376,3.672030560716653,2.341879317157998,24.71098307504711,114.0287219927015,1.29250576608275,-1.563616072961056,-2.377793713557022,.4873405063407898,-.4693317782600254,-2.351692030838566,-4.504158754078794,-3.292842140647796,4.130980032592865,-4.722942290281058,4.111463240076462,8.09256966633251,9.467329423719704,3.567164746283357,9.435507186519002,5.369756152712103,1.975959178732525,2.59083537699442,4.457878386102529
evreg2,1bn.relative_year_bin_aux#1.treat,-41.33358077102638,439.5555615837712,-60.46254644624961,-50.22562992306836,-45.29855360218355,-43.45362700037978,-23.43684325802433,-17.64589974312506,-15.47415680163876,-21.30811974323536,-2.299205676885397,0,-25.28806289927479,.0180853556128066,8.38442679300462,390.1203720468951,317.2519755558721,324.5147264125667,310.4063672987069,164.6508256595549,139.4078785815398,155.4656635415497,127.9281330140641,297.978154175641,53.42918984753706,45.97362651240299,40.64428870140724,44.69880048208238,19.66720900073271,11.01645804693564,11.4308300883724,25.91664852303854,19.43347289318172,284.3241920563055,-442.5229006357665,-386.8648924909513,-371.7903067477843,-378.7850997344021,-186.2707799475682,-112.2037916974753,-132.1956095624824,-66.40840801198772,-179.4308022305155
evreg2,2.relative_year_bin_aux#1.treat,-44.18585451953148,439.5555615837712,-132.0449542743661,-130.472685513945,-103.6825669482733,-96.05654663146137,-53.17341598560287,-41.59137398725135,-26.73900426569037,-9.339984861036013,21.86083877703358,0,-24.71721531177548,.0042616462993223,11.90680065160181,317.2519755558721,413.1033205785429,317.0532599997958,359.8042014735466,129.2387775647163,137.9386271877653,153.1025943372925,125.8318634167834,293.7786337744849,45.98090876482647,51.96956443048302,42.9697670070174,46.42335616846361,17.82347689299432,10.81581468929232,10.77638126665066,25.42877496918527,18.27501395748761,277.9207542727688,-398.7699792409633,-480.2872918451028,-395.198699580608,-433.0085467138405,-172.8423614388497,-113.6768526350624,-130.3236817535032,-65.28725658077268,-175.6674074820083
evreg2,3.relative_year_bin_aux#1.treat,-27.52898851906477,439.5555615837712,-4.846104840517327,-9.624153046475723,-18.63909696930639,-19.71248654256273,-11.17087873602519,-4.64848728508215,-8.543720787905025,-25.30965896105427,-12.21135855906779,0,-24.82261146958232,.0034869459124656,6.298979978821002,324.5147264125667,317.0532599997958,359.3966886837393,313.1710477726024,178.444781838927,138.2917539619795,158.2815783282603,123.0718702665694,296.3063283050855,45.89628203468117,45.07501145267754,48.94531535140164,47.33522735843447,28.081863734176,11.88094073102469,11.75296258073337,25.77666103003458,18.00100037322548,280.4832415078015,-377.9984001850802,-384.4026521712461,-407.9617315520157,-392.0083322242888,-211.3949431001391,-120.2222150548702,-137.2094778929662,-66.00669312733315,-176.7593037682089
evreg2,4.relative_year_bin_aux#1.treat,13.34327407353538,439.5555615837712,-182.5464177870784,-170.4316992149431,-142.3612614395034,-132.485219435009,-75.29550076092335,-56.59413088829771,-34.42598991367181,-2.903628543432013,33.42261413989909,0,-24.41427049448037,-.0270898821101386,14.91677261813094,310.4063672987069,359.8042014735466,313.1710477726024,435.4106345336584,132.7430180875393,143.4440551515227,167.2439552881104,118.3431610600915,293.8907221099494,45.37451830948547,47.02262624782691,44.86534465604075,53.39325294122099,20.73418974218048,12.07959476249714,11.66497429777943,25.11162078730313,16.77430703311498,274.2015011962531,-409.0233078951235,-448.9640524639644,-419.7025782997041,-500.4713994261279,-189.8091434332994,-123.9850210029779,-142.7399491299191,-66.10216057710193,-177.885848863636
evreg2,5.relative_year_bin_aux#1.treat,-31.83159758220894,439.5555615837712,-48.90284705574626,-39.12439738100102,-45.88294293922415,-33.19654550307045,-55.41724519535461,-15.12973581181019,-9.590560632555611,6.867887303326569,1.469756321128828,0,-13.37323892101238,.0166526231417224,2.321193827794376,164.6508256595549,129.2387775647163,178.444781838927,132.7430180875393,321.8335160697937,99.64011071812773,95.66698810284157,21.45684148609248,76.94084694253486,24.26665471350037,22.15010469669705,28.94202850814343,24.94815444249158,41.60589948824489,9.207322062399058,6.448637519626191,-.1626163273780816,1.440335256391075,169.5921778649522,-198.9922812304972,-183.4944659814881,-219.3908268812094,-190.7539977985822,-260.9632759743055,-96.62062122199139,-87.49910676856376,-14.80451387870184,-66.90139177650067
evreg2,6.relative_year_bin_aux#1.treat,-11.91028098854986,439.5555615837712,-46.97656059922948,-43.58602946854573,-38.00426450431816,-34.03771009115398,-20.54032213132189,-24.17281775465914,-16.33353130877569,-13.54033865151403,4.348558441848363,0,-12.52301514493,-.0006346281634391,3.672030560716653,139.4078785815398,137.9386271877653,138.2917539619795,143.4440551515227,99.64011071812773,145.8120724380723,117.7421871359263,86.43770131154693,160.823176663015,12.3297102075761,12.64520764330008,13.36336802605247,13.53332131718663,8.622278875566051,12.89494561650916,9.69695431093608,16.58729360395822,15.47039539253566,136.8237566879851,-127.6334471012726,-130.0830186020247,-134.6614967754715,-135.6636611410473,-92.31776819057168,-122.4769463058729,-98.71484802021619,-60.44309479511839,-113.3616072194216
evreg2,7.relative_year_bin_aux#1.treat,-4.321275061580282,439.5555615837712,15.95429428596369,11.62915423790174,6.968253318642323,2.682635325447004,6.02753109665074,-3.944936447362228,-17.35920857911335,-39.23966924199465,-5.555913046415879,0,-12.82698244142244,-.0051578201005675,2.341879317157998,155.4656635415497,153.1025943372925,158.2815783282603,167.2439552881104,95.66698810284157,117.7421871359263,229.8225073240105,122.8731728344715,296.8301259375179,12.64772756976056,12.25042886242416,12.92179062269421,12.82597517037605,7.008992366962649,11.27057505639941,18.84337938441268,30.23557459971476,20.50851317873061,154.3878124657912,-144.5463253135572,-142.7544478501524,-152.9780655812391,-150.1791633703399,-88.02538291689831,-102.2394215796431,-196.996606374982,-106.2585039269657,-223.4216545774589
evreg2,9.relative_year_bin_aux#1.treat,117.9762732825218,439.5555615837712,-95.39064893659595,-94.16772741782742,-78.86052057170171,-72.5007021402137,-10.96303445151707,-34.2485094300323,-44.97682358887288,-199.6027889614565,9.098133170561274,0,-23.81678095177922,-.0805231003153803,24.71098307504711,127.9281330140641,125.8318634167834,123.0718702665694,118.3431610600915,21.45684148609248,86.43770131154693,122.8731728344715,400.1571370356597,299.7033380818517,25.33236562635631,25.83281522587238,25.33005149003109,26.39399943113089,.9349996765187528,22.05617777661444,35.59136822468128,154.5787145611054,75.21900927201766,99.9049123319152,-101.2523154621194,-101.2110369395981,-101.4813897375279,-99.96133639266434,-25.50962796654185,-75.0973763304462,-124.2126893131844,-278.8379805839179,-225.0592794142947
evreg2,10.relative_year_bin_aux#1.treat,329.0070435380369,439.5555615837712,-1908.806675195138,-1650.976232996469,-1380.126954118291,-1106.121721784129,-837.9714599567802,-541.7954635042605,-247.1464987338252,304.8058586572127,-202.7489019430234,0,-3.496406856007373,-.2658003942935613,114.0287219927015,297.978154175641,293.7786337744849,296.3063283050855,293.8907221099494,76.94084694253486,160.823176663015,296.8301259375179,299.7033380818517,2002.189467385855,5.567017512101101,7.725972476517077,6.109273522942371,8.409812492102503,1.673530782523316,3.670385623460359,4.794655379425509,27.16713950885125,281.28244692599,251.9920644115305,-230.9754300402706,-228.4700025976616,-227.6078170818704,-225.9104794374427,-79.89827699308871,-108.2850045312144,-247.717529921754,-159.457092074307,-808.073900890802
evreg2,1bn.relative_year_bin_aux#1.downup_ac_pop,7.882111633130652,439.5555615837712,-57.20763316536301,-50.74317535431714,-47.93712379286241,-47.81616285477855,-21.85421711094337,-13.96692699703348,-14.66140739637412,-26.48263610129726,-15.58245588223069,0,-44.72517677320011,-.0152883500997723,1.29250576608275,53.42918984753706,45.98090876482647,45.89628203468117,45.37451830948547,24.26665471350037,12.3297102075761,12.64772756976056,25.33236562635631,5.567017512101101,105.7273552918201,86.00434460413624,85.57619753728194,87.04417869410435,50.69628689453,22.3828493001112,21.5358378763058,31.07194483483313,29.19394271685063,47.80488563153587,-106.4063848964727,-89.65437158390479,-88.02750538981694,-89.14611073171548,-50.71215355482347,-23.41395362561673,-22.61738946322384,-34.09939218894748,-28.23873772263028
evreg2,2.relative_year_bin_aux#1.downup_ac_pop,-2.733199000114126,439.5555615837712,-48.68568132454114,-57.76478575353871,-45.7419110709473,-48.55405410673573,-19.24855001191335,-14.47432643413992,-14.28936847444343,-26.45127784076167,-17.25307800086714,0,-45.64739058909581,-.0082179317351452,-1.563616072961056,45.97362651240299,51.96956443048302,45.07501145267754,47.02262624782691,22.15010469669705,12.64520764330008,12.25042886242416,25.83281522587238,7.725972476517077,86.00434460413624,97.63448714694869,82.58033675883117,87.6249417699503,43.06050251488188,22.56677074439403,20.39496204659451,31.24626171213744,29.37083639141646,48.71135659590356,-90.83793848447903,-102.7838004357013,-87.8133785508894,-93.76475193511892,-44.87748849709231,-23.66865219695408,-21.65908019848531,-34.36759943491089,-28.41321883589133
evreg2,3.relative_year_bin_aux#1.downup_ac_pop,13.24689387341279,439.5555615837712,-17.18263297785963,-21.95077098904949,-30.67269023956273,-30.61486846336446,-15.05289466493954,-6.738421654858684,-10.80895092109242,-30.19967942487589,-23.3177097850831,0,-45.01458524086761,-.0130353296531388,-2.377793713557022,40.64428870140724,42.9697670070174,48.94531535140164,44.86534465604075,28.94202850814343,13.36336802605247,12.92179062269421,25.33005149003109,6.109273522942371,85.57619753728194,82.58033675883117,97.09354756627872,89.38508984106551,57.84378026403216,23.99427438684094,22.28568726862883,31.60784865987706,29.82698356754696,48.11072518694579,-85.40421503311951,-87.56548475913415,-99.35145708858856,-93.48366669092186,-57.39152962114195,-25.27682011090132,-23.37625649179071,-34.74123064498109,-28.9562529146048
evreg2,4.relative_year_bin_aux#1.downup_ac_pop,15.58954115371292,439.5555615837712,-58.94080107907367,-61.52816313101246,-56.52677415188852,-62.09032064915493,-25.57607963978981,-17.94883817115721,-16.3582430671165,-25.92018138003352,-15.72974608939257,0,-44.76478866617605,.0035885576874527,.4873405063407898,44.69880048208238,46.42335616846361,47.33522735843447,53.39325294122099,24.94815444249158,13.53332131718663,12.82597517037605,26.39399943113089,8.409812492102503,87.04417869410435,87.6249417699503,89.38508984106551,104.8000802422931,47.11648210044795,24.54220966019534,22.17545059697486,31.49275550249956,28.0936326747775,47.54822532733833,-89.79998856001713,-92.45220918081118,-92.90364872276292,-109.7690410701295,-48.75046584127967,-25.33960278571444,-23.23100402417682,-34.42734798995884,-26.98390931928974
evreg2,5.relative_year_bin_aux#1.downup_ac_pop,5.942726142561163,439.5555615837712,50.2723187647882,42.97569545850709,21.90647173833185,18.51633285009122,-9.092639218012994,10.20806037060627,.595652094198542,-14.3979878412509,-27.23512347358315,0,-27.20435440086066,-.0150282319928394,-.4693317782600254,19.66720900073271,17.82347689299432,28.081863734176,20.73418974218048,41.60589948824489,8.622278875566051,7.008992366962649,.9349996765187528,1.673530782523316,50.69628689453,43.06050251488188,57.84378026403216,47.11648210044795,77.44687534579982,19.8339531109011,16.71117276893086,5.082876130711441,11.14029401668285,24.52691198503107,-45.22741786663142,-40.15880681542013,-55.56001631773592,-44.51383256221627,-77.80258056775754,-16.5923702436976,-13.23871781781246,-1.336105935200413,-3.282526312036039
evreg2,6.relative_year_bin_aux#1.downup_ac_pop,14.49931660215548,439.5555615837712,24.39038367491939,19.12804719504354,13.50467700430787,8.411526114628785,6.821029334060801,-3.347798213256429,-7.410104925302236,-28.86902850081873,-19.02160093648448,0,-22.02497814698658,-.0112117835898801,-2.351692030838566,11.01645804693564,10.81581468929232,11.88094073102469,12.07959476249714,9.207322062399058,12.89494561650916,11.27057505639941,22.05617777661444,3.670385623460359,22.3828493001112,22.56677074439403,23.99427438684094,24.54220966019534,19.8339531109011,27.25024545675415,21.8883513400837,23.66199512388221,24.21671341876118,21.70310107737367,-21.96249587607733,-22.258793750537,-23.70668789421221,-24.18267746333524,-19.23390770686823,-26.77634149441984,-20.17359305135679,-22.55944825342299,-21.28349545407439
evreg2,7.relative_year_bin_aux#1.downup_ac_pop,6.362533491883946,439.5555615837712,72.26524936601008,60.98702029895978,48.69876716011242,36.83091396842658,30.60671049697802,13.57942023467604,-7.067487012877719,-46.94734839784273,-27.92329820353147,0,-20.96037164999118,-.0052393836329914,-4.504158754078794,11.4308300883724,10.77638126665066,11.75296258073337,11.66497429777943,6.448637519626191,9.69695431093608,18.84337938441268,35.59136822468128,4.794655379425509,21.5358378763058,20.39496204659451,22.28568726862883,22.17545059697486,16.71117276893086,21.8883513400837,34.29046605662513,40.37148024417549,27.58567240641911,20.70287194765749,-21.22803539818668,-20.08960071401263,-22.22774611474014,-22.19231082650921,-16.71836701999921,-22.04536265966059,-34.55903997583121,-41.36943542009275,-26.72132566517747
evreg2,9.relative_year_bin_aux#1.downup_ac_pop,-12.13334114379763,439.5555615837712,242.3544281795342,205.2591116886447,168.0904658803824,130.7703585766676,115.1234938169185,62.44532130722358,15.17678483163284,-181.7045481998043,-69.95412586487434,0,-31.48766560926118,-.009174173189811,-3.292842140647796,25.91664852303854,25.42877496918527,25.77666103003458,25.11162078730313,-.1626163273780816,16.58729360395822,30.23557459971476,154.5787145611054,27.16713950885125,31.07194483483313,31.24626171213744,31.60784865987706,31.49275550249956,5.082876130711441,23.66199512388221,40.37148024417549,192.3966052795892,87.57330851726984,42.83055267712132,-42.04720972109168,-41.95582081551489,-42.79373945553095,-41.90034648783113,-8.539494658432389,-32.3670543322852,-48.43394811422392,-206.6779409387371,-106.2074012845245
evreg2,10.relative_year_bin_aux#1.downup_ac_pop,-13.49850239359123,439.5555615837712,66.64236369274492,55.62460867355542,44.0413235691332,34.57274187237227,31.83554115354277,15.09588740499621,-4.803066403222571,-80.29602137566511,-292.1988784030784,0,-34.6557510158923,-.020311382135078,4.130980032592865,19.43347289318172,18.27501395748761,18.00100037322548,16.77430703311498,1.440335256391075,15.47039539253566,20.50851317873061,75.21900927201766,281.28244692599,29.19394271685063,29.37083639141646,29.82698356754696,28.0936326747775,11.14029401668285,24.21671341876118,27.58567240641911,87.57330851726984,692.3819592432519,35.6767049433239,-30.69355184724787,-29.60681492201924,-30.73893420652012,-28.24614801711589,-5.994138285004155,-27.04897505016934,-29.23446078548564,-99.53156155654911,-707.1973006737728
evreg2,1.treat#1.downup_ac_pop,-.9102183597477995,439.5555615837712,139.4601765745164,116.4017935334699,92.30686056839913,69.85152084246839,58.94150981289079,34.44267331353275,10.52600447248257,-51.47512323184858,-68.79792171927231,0,-63.0721789425486,-.0149846385686666,-4.722942290281058,284.3241920563055,277.9207542727688,280.4832415078015,274.2015011962531,169.5921778649522,136.8237566879851,154.3878124657912,99.9049123319152,251.9920644115305,47.80488563153587,48.71135659590356,48.11072518694579,47.54822532733833,24.52691198503107,21.70310107737367,20.70287194765749,42.83055267712132,35.6767049433239,594.7514266336609,-484.7550039037997,-482.5986411731143,-485.5332172883589,-469.1585978392629,-274.0345076551092,-217.2328566645307,-250.1717771246986,-114.4439332945746,-392.2284896278439
evreg2,1bn.relative_year_bin_aux#1.treat#1.downup_ac_pop,22.91265790588308,439.5555615837712,-74.18363297569454,-61.01581916206341,-48.29604434740261,-27.28702303912523,-35.43897526415178,-24.28766725294461,-5.340017730169786,46.91315289084378,57.11793851165343,0,48.06110633361187,-.0134351380774836,4.111463240076462,-442.5229006357665,-398.7699792409633,-377.9984001850802,-409.0233078951235,-198.9922812304972,-127.6334471012726,-144.5463253135572,-101.2523154621194,-230.9754300402706,-106.4063848964727,-90.83793848447903,-85.40421503311951,-89.79998856001713,-45.22741786663142,-21.96249587607733,-21.22803539818668,-42.04720972109168,-30.69355184724787,-484.7550039037997,861.3944618453178,762.2665126365745,720.8048735535515,741.3076613008074,396.679099362762,214.2760548450707,241.7313770384182,124.4450107775858,368.5663436751368
evreg2,2.relative_year_bin_aux#1.treat#1.downup_ac_pop,25.65046965354286,439.5555615837712,-86.51596243499857,-59.55828555557245,-51.09023967087052,-28.92134807037572,-36.59129976393713,-24.29590276117997,-5.97487837282261,47.01632013198185,57.60724262696021,0,48.66071669283063,-.0123818404045049,8.09256966633251,-386.8648924909513,-480.2872918451028,-384.4026521712461,-448.9640524639644,-183.4944659814881,-130.0830186020247,-142.7544478501524,-101.2110369395981,-228.4700025976616,-89.65437158390479,-102.7838004357013,-87.56548475913415,-92.45220918081118,-40.15880681542013,-22.258793750537,-20.08960071401263,-41.95582081551489,-29.60681492201924,-482.5986411731143,762.2665126365745,901.380534770214,753.673892724164,813.6998487971596,357.2992574413949,218.3769385948291,238.7959120099991,123.9346478460816,366.2700488654089
evreg2,3.relative_year_bin_aux#1.treat#1.downup_ac_pop,27.36705320171592,439.5555615837712,-157.5507219338999,-127.4042342857326,-94.67161979715391,-69.35111934306985,-58.79899516768894,-44.09187945662629,-15.15077910977366,56.02083610970478,72.72079277256938,0,48.31701333483081,-.0092148830730752,9.467329423719704,-371.7903067477843,-395.198699580608,-407.9617315520157,-419.7025782997041,-219.3908268812094,-134.6614967754715,-152.9780655812391,-101.4813897375279,-227.6078170818704,-88.02750538981694,-87.8133785508894,-99.35145708858856,-92.90364872276292,-55.56001631773592,-23.70668789421221,-22.22774611474014,-42.79373945553095,-30.73893420652012,-485.5332172883589,720.8048735535515,753.673892724164,817.4835225741057,772.0062157025824,442.0679681878111,230.6517481726127,256.489944471101,126.7562696151261,368.7791701783037
evreg2,4.relative_year_bin_aux#1.treat#1.downup_ac_pop,7.214573954957509,439.5555615837712,-41.68209925524177,-23.65554132664411,-14.84330117026151,5.334130517491654,-17.26000750819676,-11.69215912528338,.9314697229364552,42.112888685865,45.98190557463166,0,47.1632558367892,-.0088287695808065,3.567164746283357,-378.7850997344021,-433.0085467138405,-392.0083322242888,-500.4713994261279,-190.7539977985822,-135.6636611410473,-150.1791633703399,-99.96133639266434,-225.9104794374427,-89.14611073171548,-93.76475193511892,-93.48366669092186,-109.7690410701295,-44.51383256221627,-24.18267746333524,-22.19231082650921,-41.90034648783113,-28.24614801711589,-469.1585978392629,741.3076613008074,813.6998487971596,772.0062157025824,938.6499179668199,366.8733052109404,233.6549417972797,255.7931709471522,121.7784298490784,360.5293491779391
evreg2,5.relative_year_bin_aux#1.treat#1.downup_ac_pop,32.36119109827338,439.5555615837712,-212.3278211396167,-181.3089874567014,-139.2820227238869,-110.2982919546028,-59.03716530162577,-58.20258019152244,-25.1137937757102,34.07747256092857,74.27107721984933,0,28.33671958911142,-.0150019136465108,9.435507186519002,-186.2707799475682,-172.8423614388497,-211.3949431001391,-189.8091434332994,-260.9632759743055,-92.31776819057168,-88.02538291689831,-25.50962796654185,-79.89827699308871,-50.71215355482347,-44.87748849709231,-57.39152962114195,-48.75046584127967,-77.80258056775754,-19.23390770686823,-16.71836701999921,-8.539494658432389,-5.994138285004155,-274.0345076551092,396.679099362762,357.2992574413949,442.0679681878111,366.8733052109404,540.2778539084524,176.2918319110761,174.6831639568851,34.72038338287474,126.2411024061065
evreg2,6.relative_year_bin_aux#1.treat#1.downup_ac_pop,17.45362089576875,439.5555615837712,-114.3424218129812,-96.35708937951729,-78.31992067246273,-60.11060306118912,-48.7122950216378,-24.06669042285757,-6.582242598545458,45.55699393794578,48.23352612345189,0,23.47702890052184,.0012286059517684,5.369756152712103,-112.2037916974753,-113.6768526350624,-120.2222150548702,-123.9850210029779,-96.62062122199139,-122.4769463058729,-102.2394215796431,-75.0973763304462,-108.2850045312144,-23.41395362561673,-23.66865219695408,-25.27682011090132,-25.33960278571444,-16.5923702436976,-26.77634149441984,-22.04536265966059,-32.3670543322852,-27.04897505016934,-217.2328566645307,214.2760548450707,218.3769385948291,230.6517481726127,233.6549417972797,176.2918319110761,248.748395068102,186.6715055592855,118.0259727912714,228.9736927046002
evreg2,7.relative_year_bin_aux#1.treat#1.downup_ac_pop,6.496128812000022,439.5555615837712,-50.39634321538644,-41.73700751775549,-32.85149861658075,-24.05630738554878,-22.63783287029044,-8.799622869177593,8.956715309773315,44.20421504550047,28.30043235576277,0,22.44079040416832,-.000726679901431,1.975959178732525,-132.1956095624824,-130.3236817535032,-137.2094778929662,-142.7399491299191,-87.49910676856376,-98.71484802021619,-196.996606374982,-124.2126893131844,-247.717529921754,-22.61738946322384,-21.65908019848531,-23.37625649179071,-23.23100402417682,-13.23871781781246,-20.17359305135679,-34.55903997583121,-48.43394811422392,-29.23446078548564,-250.1717771246986,241.7313770384182,238.7959120099991,256.489944471101,255.7931709471522,174.6831639568851,186.6715055592855,350.21646999388,176.1955244772516,393.0339356159001
evreg2,9.relative_year_bin_aux#1.treat#1.downup_ac_pop,24.05262909334373,439.5555615837712,-273.0774129173511,-231.4460074471602,-189.8537823858082,-148.3936592793895,-131.3124773735972,-72.07981506829617,-19.8098464623969,193.9124227885292,75.14763735798255,0,34.77123991241027,.0095027549348898,2.59083537699442,-66.40840801198772,-65.28725658077268,-66.00669312733315,-66.10216057710193,-14.80451387870184,-60.44309479511839,-106.2585039269657,-278.8379805839179,-159.457092074307,-34.09939218894748,-34.36759943491089,-34.74123064498109,-34.42734798995884,-1.336105935200413,-22.55944825342299,-41.36943542009275,-206.6779409387371,-99.53156155654911,-114.4439332945746,124.4450107775858,123.9346478460816,126.7562696151261,121.7784298490784,34.72038338287474,118.0259727912714,176.1955244772516,454.8728684058761,403.1322383944389
evreg2,10.relative_year_bin_aux#1.treat#1.downup_ac_pop,25.76952892391419,439.5555615837712,-166.9583994090604,-143.0942745556398,-118.2368548045757,-94.51974951207868,-81.64999425917338,-45.69747788106437,-12.41583982855783,102.7542235565051,311.5440574276774,0,33.36110073131131,-.0215443647901887,4.457878386102529,-179.4308022305155,-175.6674074820083,-176.7593037682089,-177.885848863636,-66.90139177650067,-113.3616072194216,-223.4216545774589,-225.0592794142947,-808.073900890802,-28.23873772263028,-28.41321883589133,-28.9562529146048,-26.98390931928974,-3.282526312036039,-21.28349545407439,-26.72132566517747,-106.2074012845245,-707.1973006737728,-392.2284896278439,368.5663436751368,366.2700488654089,368.7791701783037,360.5293491779391,126.2411024061065,228.9736927046002,393.0339356159001,403.1322383944389,1830.050003787393
evreg3,1bn.relative_year_bin_aux,-1581.981833342664,439.5555615837712,29295.54027810234,25465.85623831827,20985.12644623559,16988.09273718683,12278.29972316932,8327.376622063046,4077.304478184886,-4258.515596856896,-7177.510577006664,0,0,1.690608494691438,-965.3849666035674,-129.79145427359,-200.5163383218824,-108.2391359380273,-227.5608571459856,-182.0084757302284,-126.6618227448931,-13.12237599163063,-160.484239804401,-1516.381596572767,71.12320058117182,138.2266340690978,88.18944261098697,107.0178494066482,-185.7911629643457,39.36424893943632,-72.1293291885101,-247.793326461861,299.3122365942608,0,70.32558345418705,42.09681575427589,61.95196359299287,54.54850128903978,109.4638676131233,72.73983702457114,30.53938874148767,-9.159184482778228,-781.7307372735172
evreg3,2.relative_year_bin_aux,-1427.760208970299,439.5555615837712,25465.85623831827,22166.39998782806,18250.67172949487,14786.82520373814,10663.92392216134,7243.887924613983,3548.512765879428,-3693.443577863531,-6244.715703389503,0,0,1.508899140073482,-846.5164073866647,-104.1338483384691,-187.3839320334931,-94.55951443478487,-207.4504919097595,-150.2767364553277,-111.0771000448255,-11.69062435378573,-146.0331792326001,-1305.128601532843,75.45082911030731,102.8353435317131,79.46366950507947,80.42773049273063,-145.1812437596679,33.04953150830205,-62.88140906320003,-217.8395649701395,257.1290852853143,0,50.89866776955839,48.30418848800963,52.58591857405732,55.85403718678728,87.11684059844465,63.38851924436554,25.76939129920846,-7.094407070265747,-681.1536861409764
evreg3,3.relative_year_bin_aux,-1247.953671063971,439.5555615837712,20985.12644623559,18250.67172949487,15052.65640174803,12182.23402379849,8804.767488252539,5968.971924325285,2925.062721099137,-3047.252732825185,-5151.021910227455,0,0,1.298764336203845,-700.9407022682916,-92.77742754432342,-151.270464786062,-87.90873312668552,-171.74301802699,-137.4342291450909,-93.95700719693475,-12.28758625247058,-121.0946301020207,-1087.976071570088,51.29180266098592,93.99583876544973,48.31538461684934,67.72321163485007,-142.4837423248175,24.61383607910872,-56.47272045516826,-186.991131366434,220.5241103315142,0,48.79097788292079,36.10117509243831,52.84489436701278,45.97514966705473,86.34088931634281,55.0033771682231,23.29638712383624,-2.393789223706595,-578.7565886713314
evreg3,4.relative_year_bin_aux,-928.7515709359677,439.5555615837712,16988.09273718683,14786.82520373814,12182.23402379849,9881.456212630796,7114.304310281773,4834.503955029041,2371.416650541978,-2456.206354984195,-4169.567043248967,0,0,1.017918202021332,-568.4953681010123,-73.85721421358188,-130.1653027703919,-71.78343143984418,-152.938147459768,-103.3335396955858,-78.77020524909302,-12.44076406095407,-105.1346249459925,-869.8390429183587,43.63746561974123,62.79428689746498,43.5191042935183,34.59064299651649,-97.19974674184407,16.52889615529565,-49.35814295181232,-158.9904741145546,172.5251590846087,0,36.73675715827424,36.0616026917087,41.94486724810398,50.97901525374538,61.87281352483129,46.9423489282365,21.14962763469894,5.492647578332855,-465.8042743867919
evreg3,5.relative_year_bin_aux,-661.6439457739685,439.5555615837712,12278.29972316932,10663.92392216134,8804.767488252539,7114.304310281773,5199.784548315562,3494.577701172235,1711.654843330213,-1818.191598524135,-3021.256171162536,0,0,.6858791495018379,-405.3548318793864,-53.40655666758607,-80.96522852142277,-50.15550033520023,-91.92245529235474,-104.4501227262044,-55.93639922459246,-6.603244550657282,-43.82189416028936,-657.8296344469799,26.78530841100823,66.23880401748151,26.76767046567847,55.4068246865848,-126.710262302849,12.39331374102521,-35.67956142341183,-90.82097903227476,152.4866425367102,0,27.57641086808174,12.63876260187759,29.55686935156682,17.97071823373708,75.76068880611604,34.15441892857072,13.60399700621136,-18.56024927409862,-354.218727998518
evreg3,6.relative_year_bin_aux,-496.68643876357,439.5555615837712,8327.376622063046,7243.887924613983,5968.971924325285,4834.503955029041,3494.577701172235,2384.639884864428,1172.183004864728,-1206.930276282161,-2038.403400850594,0,0,.5055747009527912,-271.1354389651921,-37.69502546648805,-61.90164624720247,-32.9349042726213,-69.83916757650437,-52.30809811028562,-45.84900110145433,-10.34596288698457,-45.74616516484453,-425.7180572569955,14.33815602347658,28.63690233708968,16.14935952559575,19.58006786654115,-53.98460159618612,-3.850802065712065,-33.00498971627957,-82.26353388230166,85.33873480935623,0,19.77305878731568,16.02746722635591,18.77576674677447,19.70701133809874,32.62811073128662,29.84895226436336,14.30290873024615,1.294701280363652,-240.7076234789546
evreg3,7.relative_year_bin_aux,-260.0297002160866,439.5555615837712,4077.304478184886,3548.512765879428,2925.062721099137,2371.416650541978,1711.654843330213,1172.183004864728,590.6300558819013,-563.2550998054346,-1001.540168046086,0,0,.2527895342048176,-131.6445324480557,-23.31058514249771,-34.39969538958751,-20.06462896468389,-38.84384987339927,-28.64040161620786,-26.30529483956781,-16.72282306544183,-46.03809440510333,-191.865594494803,-3.786901248012427,3.685233796233172,-3.145768311572331,-1.419112244029734,-32.03082257132531,-8.908105809616737,-34.48517215395856,-72.1589788813293,48.51761716108064,0,15.06444224769523,12.34719301585782,13.87511947311869,14.76417875593853,19.76657825839971,18.68134653523664,18.86201906807214,27.36046726812514,-140.1935289086682
evreg3,9.relative_year_bin_aux,230.1548886017231,439.5555615837712,-4258.515596856896,-3693.443577863531,-3047.252732825185,-2456.206354984195,-1818.191598524135,-1206.930276282161,-563.2550998054346,845.1983357542987,1071.003862733619,0,0,-.2625254698807085,139.4743613196557,3.0959288527498,14.70077545434713,3.384274992846552,18.48295564576937,23.53258482632492,12.48303710395954,-20.61320848203434,-174.9914664428946,273.902328588602,-40.62324114046736,-48.13467747640598,-43.68271686094848,-45.66254989024515,24.76405890882658,-25.44228242940431,-34.34809798760784,-211.5148773003348,-63.00967588446475,0,5.75334300614895,6.872918730519867,5.330795195553663,6.156636970844877,-12.63629502638327,-4.637653053502174,19.80543848192594,217.8579512157633,39.20099563708703
evreg3,10.relative_year_bin_aux,397.0169315301678,439.5555615837712,-7177.510577006664,-6244.715703389503,-5151.021910227455,-4169.567043248967,-3021.256171162536,-2038.403400850594,-1001.540168046086,1071.003862733619,2240.262643250911,0,0,-.4791421506765138,241.1516446181618,40.38502597789789,63.94428189237976,36.88522986405791,70.01147930161764,54.86350597393745,32.66230480125184,13.92145210434219,21.48911358747003,-70.45544324433693,-9.369854532886858,-23.22012409181934,-12.03468098998852,-16.27513783046646,58.80525967269798,-14.83584655358585,16.23810744931358,21.46561367234391,-563.6824523867714,0,-32.68986084482909,-29.87586729222447,-30.31172430774818,-31.09858566037515,-43.32846179118861,-19.10959533355738,-15.86389727625262,35.51617773855541,657.0361692042306
evreg3,1o.treat,0,439.5555615837712,0,0,0,0,0,0,0,0,0,0,0,0,0,0,0,0,0,0,0,0,0,0,0,0,0,0,0,0,0,0,0,0,0,0,0,0,0,0,0,0,0
evreg3,1o.rice_area_aclvl_ahigh,0,439.5555615837712,0,0,0,0,0,0,0,0,0,0,0,0,0,0,0,0,0,0,0,0,0,0,0,0,0,0,0,0,0,0,0,0,0,0,0,0,0,0,0,0,0
evreg3,wind_direction,-2.477664192238858,439.5555615837712,1.690608494691438,1.508899140073482,1.298764336203845,1.017918202021332,.6858791495018379,.5055747009527912,.2527895342048176,-.2625254698807085,-.4791421506765138,0,0,.0018234188511023,-.154637944367929,.0188158789031768,.0028788815141965,.0153771197045386,-.0280555481550098,.0182875944786856,.0078411170587044,.0083703134671768,-.0064068188707894,-.0945386745046815,-.0001401340265199,.0104543456707462,-.0105815631015044,.0006510437142692,.0235747345174246,.0136286670189851,.0159648198482277,.0734229437711198,.1963764444887017,0,-.0170902815305583,-.0098249948530607,-.032337585760343,-.0094503508302125,-.0192965706019053,-.0170226870426451,-.0313606737589194,-.1389164212123204,-.3095454086610698
evreg3,av_wind_speed,173.5978355387406,439.5555615837712,-965.3849666035674,-846.5164073866647,-700.9407022682916,-568.4953681010123,-405.3548318793864,-271.1354389651921,-131.6445324480557,139.4743613196557,241.1516446181618,0,0,-.154637944367929,109.7041653312044,10.39875377950872,17.92571602432823,10.40155413847934,17.36550205766823,11.00542436936989,7.454991348260508,3.648849197539129,21.3916081825031,91.17045833530167,-3.801895942925283,-5.207750032396443,-5.189853999664464,-2.0297523767023,7.710620128287665,-1.995197397608032,1.425120697634126,5.938288746729453,-24.62255037516178,0,-.3542819035870495,-4.147557906319389,.8118085322350899,-2.206467034947265,-10.61769706787748,-3.442880287816377,-1.381097394002601,3.669664318624267,41.26337875423246
evreg3,1bn.relative_year_bin_aux#1.treat,-39.78322218152377,439.5555615837712,-129.79145427359,-104.1338483384691,-92.77742754432342,-73.85721421358188,-53.40655666758607,-37.69502546648805,-23.31058514249771,3.0959288527498,40.38502597789789,0,0,.0188158789031768,10.39875377950872,253.9836731960089,175.2785102632451,206.6738191910381,171.8656557976983,132.5578649255314,130.9613682247722,142.182146996173,119.4966113383551,304.1914627812235,32.58895584380636,18.37446258228699,22.63048450077817,15.89701808909416,15.35692381967131,11.1471625945244,10.60375433911441,12.39788796794127,-17.44282640111206,0,-241.6383781732093,-163.9785208711742,-196.2000361461984,-168.983403485716,-129.4705166577383,-127.3363845761346,-143.2534535686285,-113.224889740998,-269.9935316197562
evreg3,2.relative_year_bin_aux#1.treat,-41.45559700704259,439.5555615837712,-200.5163383218824,-187.3839320334931,-151.270464786062,-130.1653027703919,-80.96522852142277,-61.90164624720247,-34.39969538958751,14.70077545434713,63.94428189237976,0,0,.0028788815141965,17.92571602432823,175.2785102632451,264.7209276329204,176.0730086805346,199.6110015665258,99.47139120862614,126.6676130017711,138.4061169581018,117.2092586051385,300.9858785653867,16.88481044709232,26.66903851240605,19.33679519398245,23.1171834100439,5.146206255615629,10.40742190954445,9.457581854770003,14.75779868763109,-13.12445817651001,0,-164.2720834244448,-253.8445163414706,-166.3990261470182,-197.1470822278578,-97.18480590775894,-122.4280602769968,-137.7636203668152,-113.8594891748039,-270.4839622806978
evreg3,3.relative_year_bin_aux#1.treat,-30.58770772132922,439.5555615837712,-108.2391359380273,-94.55951443478487,-87.90873312668552,-71.78343143984418,-50.15550033520023,-32.9349042726213,-20.06462896468389,3.384274992846552,36.88522986405791,0,0,.0153771197045386,10.40155413847934,206.6738191910381,176.0730086805346,267.3420597738543,169.8852183778144,139.910601591294,122.1856493037745,138.981094467597,114.5196091733831,302.632269519953,22.14397844791624,18.69965569891826,25.32331207894248,19.38038014292416,14.68295041253809,9.989132150301394,9.857066440460882,14.32529123921659,-19.48113336179857,0,-195.0860982024493,-164.046483351903,-255.4076739856193,-164.4116143797474,-137.7224606885441,-118.7211934984599,-137.4804131776463,-113.9110459605155,-260.3004552065651
evreg3,4.relative_year_bin_aux#1.treat,8.339954176154709,439.5555615837712,-227.5608571459856,-207.4504919097595,-171.74301802699,-152.938147459768,-91.92245529235474,-69.83916757650437,-38.84384987339927,18.48295564576937,70.01147930161764,0,0,-.0280555481550098,17.36550205766823,171.8656557976983,199.6110015665258,169.8852183778144,274.7754091277227,82.44030641743387,132.0513467562948,152.271979358533,107.5655774456273,307.155855899555,15.75073776926922,23.35252617990789,18.73590530700375,30.41318498987134,2.108347416264275,9.990493109260662,10.13162022852297,14.57290885597152,-16.41652138222128,0,-166.7638629010747,-194.3586886915925,-164.1878667721306,-272.6481924960808,-79.23585961185331,-129.4389505349317,-152.246291360991,-103.3380122225923,-277.2068186820381
evreg3,5.relative_year_bin_aux#1.treat,-38.57841989399309,439.5555615837712,-182.0084757302284,-150.2767364553277,-137.4342291450909,-103.3335396955858,-104.4501227262044,-52.30809811028562,-28.64040161620786,23.53258482632492,54.86350597393745,0,0,.0182875944786856,11.00542436936989,132.5578649255314,99.47139120862614,139.910601591294,82.44030641743387,314.0653572504741,97.01849490164062,113.4672469801777,33.73961988924498,124.3251563634355,12.85581292111524,2.592215919980482,13.34597797197632,1.258892911089422,35.54236536538409,8.267955516539509,7.503184294042709,-.6332842954656593,-22.21939414078033,0,-132.1412317330577,-99.42678518764102,-140.5455594329549,-83.0579474357388,-309.0923402413601,-95.11861419485194,-115.8798950926835,-30.87269554881787,-104.0716842661244
evreg3,6.relative_year_bin_aux#1.treat,-21.33150991491512,439.5555615837712,-126.6618227448931,-111.0771000448255,-93.95700719693475,-78.77020524909302,-55.93639922459246,-45.84900110145433,-26.30529483956781,12.48303710395954,32.66230480125184,0,0,.0078411170587044,7.454991348260508,130.9613682247722,126.6676130017711,122.1856493037745,132.0513467562948,97.01849490164062,149.0426530741393,118.5141788748801,81.27559372525208,217.8579416815869,10.62874381076733,9.945846893313213,9.546702086097625,10.50023610105831,9.83694776560962,13.30260938303315,10.07450596651078,1.920864031122902,-2.066480807540125,0,-126.4300302606193,-123.1364700862844,-119.994988307988,-131.6970230094979,-93.26786047161379,-146.2088793239568,-119.690508759837,-76.27520408462956,-205.3174944165662
evreg3,7.relative_year_bin_aux#1.treat,-7.937772613627686,439.5555615837712,-13.12237599163063,-11.69062435378573,-12.28758625247058,-12.44076406095407,-6.603244550657282,-10.34596288698457,-16.72282306544183,-20.61320848203434,13.92145210434219,0,0,.0083703134671768,3.648849197539129,142.182146996173,138.4061169581018,138.981094467597,152.271979358533,113.4672469801777,118.5141788748801,209.3941425788292,72.94097960214891,263.3114792064229,11.71899420124825,10.32315103940998,11.41642036027582,11.73319927640732,7.900468383751257,10.00045441827607,16.99679975585721,22.15041638137868,-15.22113849826936,0,-139.9899734846049,-136.5047515428679,-137.9703443156764,-152.8089979397902,-112.5879439633832,-117.0342317078732,-209.4457019848614,-71.23745711127818,-238.6845959180341
evreg3,9.relative_year_bin_aux#1.treat,61.0140127071768,439.5555615837712,-160.484239804401,-146.0331792326001,-121.0946301020207,-105.1346249459925,-43.82189416028936,-45.74616516484453,-46.03809440510333,-174.9914664428946,21.48911358747003,0,0,-.0064068188707894,21.3916081825031,119.4966113383551,117.2092586051385,114.5196091733831,107.5655774456273,33.73961988924498,81.27559372525208,72.94097960214891,362.9774273848039,238.2834577936966,14.80046894795206,14.49915251952833,17.49525778896939,17.76971577259713,-3.60826471003733,11.23083697588884,35.70890818940136,216.0735436939725,8.348358079561557,0,-116.3568829854948,-113.6502191697336,-115.036816993181,-105.3870507768509,-36.85933681429572,-79.8530802691718,-71.98208357937885,-361.459720800472,-158.8324473452986
evreg3,10.relative_year_bin_aux#1.treat,170.1502792309444,439.5555615837712,-1516.381596572767,-1305.128601532843,-1087.976071570088,-869.8390429183587,-657.8296344469799,-425.7180572569955,-191.865594494803,273.902328588602,-70.45544324433693,0,0,-.0945386745046815,91.17045833530167,304.1914627812235,300.9858785653867,302.632269519953,307.155855899555,124.3251563634355,217.8579416815869,263.3114792064229,238.2834577936966,1849.480174012182,-48.53994775804693,-51.1702251544454,-46.48971370444377,-46.27297688026185,-20.93908695215065,-16.42725775363633,-19.57780246537703,-35.26043096225009,451.4860155114318,0,-264.5910137056937,-261.899833481114,-264.8208103551191,-276.9176022943034,-138.8040148273533,-211.6692307116742,-235.0604216426629,-158.6692717832384,-1435.246493515378
evreg3,1bn.relative_year_bin_aux#1.rice_area_aclvl_ahigh,61.86001687032917,439.5555615837712,71.12320058117182,75.45082911030731,51.29180266098592,43.63746561974123,26.78530841100823,14.33815602347658,-3.786901248012427,-40.62324114046736,-9.369854532886858,0,0,-.0001401340265199,-3.801895942925283,32.58895584380636,16.88481044709232,22.14397844791624,15.75073776926922,12.85581292111524,10.62874381076733,11.71899420124825,14.80046894795206,-48.53994775804693,130.094647824437,88.82075138971761,98.81529044783693,75.94004404458528,59.46487308680461,46.42287707873607,51.18069504929281,88.49322883106632,-24.696195263228,0,-78.41995531295683,-46.39208748612211,-54.2256106075356,-40.43896925177757,-39.60616884134631,-28.65887866685091,-33.11662858550921,-67.68129815015557,83.6109580737956
evreg3,2.relative_year_bin_aux#1.rice_area_aclvl_ahigh,23.64668838092209,439.5555615837712,138.2266340690978,102.8353435317131,93.99583876544973,62.79428689746498,66.23880401748151,28.63690233708968,3.685233796233172,-48.13467747640598,-23.22012409181934,0,0,.0104543456707462,-5.207750032396443,18.37446258228699,26.66903851240605,18.69965569891826,23.35252617990789,2.592215919980482,9.945846893313213,10.32315103940998,14.49915251952833,-51.1702251544454,88.82075138971761,118.2081946097334,85.66199952992343,99.75132503562172,11.44918900030373,44.965126853161,49.75578678642276,91.61137727069548,-19.12932029098197,0,-47.42933332055312,-68.95967561045347,-46.61950234821067,-58.31293551391786,-11.31094303796973,-28.13878692087373,-31.95019966742097,-70.27294124862757,80.79373325766682
evreg3,3.relative_year_bin_aux#1.rice_area_aclvl_ahigh,46.1629165774356,439.5555615837712,88.18944261098697,79.46366950507947,48.31538461684934,43.5191042935183,26.76767046567847,16.14935952559575,-3.145768311572331,-43.68271686094848,-12.03468098998852,0,0,-.0105815631015044,-5.189853999664464,22.63048450077817,19.33679519398245,25.32331207894248,18.73590530700375,13.34597797197632,9.546702086097625,11.41642036027582,17.49525778896939,-46.48971370444377,98.81529044783693,85.66199952992343,108.2367648717051,80.03604740958637,58.62760109070143,44.76046935520039,51.00558195226824,95.09809206452013,-19.64212716232892,0,-55.54673520358632,-47.62494311153993,-62.37922886128727,-45.02783195288829,-39.60157912399789,-27.56239552091023,-32.83274367068918,-73.30032099956013,81.56197996408928
evreg3,4.relative_year_bin_aux#1.rice_area_aclvl_ahigh,59.41762562378518,439.5555615837712,107.0178494066482,80.42773049273063,67.72321163485007,34.59064299651649,55.4068246865848,19.58006786654115,-1.419112244029734,-45.66254989024515,-16.27513783046646,0,0,.0006510437142692,-2.0297523767023,15.89701808909416,23.1171834100439,19.38038014292416,30.41318498987134,1.258892911089422,10.50023610105831,11.73319927640732,17.76971577259713,-46.27297688026185,75.94004404458528,99.75132503562172,80.03604740958637,119.8809236339486,6.428927393191506,44.65380218651706,51.30677688438203,95.76274223821409,-13.37706119281329,0,-40.32429404293779,-59.41019031580584,-45.25920139864911,-75.04101614622149,-6.84156118702328,-28.26308233919525,-33.12997087861626,-74.27167379858579,76.1622761703228
evreg3,5.relative_year_bin_aux#1.rice_area_aclvl_ahigh,42.10026165340996,439.5555615837712,-185.7911629643457,-145.1812437596679,-142.4837423248175,-97.19974674184407,-126.710262302849,-53.98460159618612,-32.03082257132531,24.76405890882658,58.80525967269798,0,0,.0235747345174246,7.710620128287665,15.35692381967131,5.146206255615629,14.68295041253809,2.108347416264275,35.54236536538409,9.83694776560962,7.900468383751257,-3.60826471003733,-20.93908695215065,59.46487308680461,11.44918900030373,58.62760109070143,6.428927393191506,179.5736482985809,31.52925289062731,24.36938426612546,-14.96912247107458,-21.48731777598781,0,-42.47821482895533,-13.07612556210506,-44.94273205497979,-8.791277387168329,-105.9979214644453,-23.57885354773378,-22.52834487470084,13.99712943115226,12.93619637583188
evreg3,6.relative_year_bin_aux#1.rice_area_aclvl_ahigh,47.8398189940729,439.5555615837712,39.36424893943632,33.04953150830205,24.61383607910872,16.52889615529565,12.39331374102521,-3.850802065712065,-8.908105809616737,-25.44228242940431,-14.83584655358585,0,0,.0136286670189851,-1.995197397608032,11.1471625945244,10.40742190954445,9.989132150301394,9.990493109260662,8.267955516539509,13.30260938303315,10.00045441827607,11.23083697588884,-16.42725775363633,46.42287707873607,44.965126853161,44.76046935520039,44.65380218651706,31.52925289062731,51.23153730162802,41.94838784898553,59.7914173454017,9.366501018334112,0,-29.79421495075233,-28.99613280900253,-29.19450029612301,-29.14843836099729,-24.46499005542637,-35.75958073989833,-29.02297982832512,-47.37316182581264,24.43643887199474
evreg3,7.relative_year_bin_aux#1.rice_area_aclvl_ahigh,30.665979075043,439.5555615837712,-72.1293291885101,-62.88140906320003,-56.47272045516826,-49.35814295181232,-35.67956142341183,-33.00498971627957,-34.48517215395856,-34.34809798760784,16.23810744931358,0,0,.0159648198482277,1.425120697634126,10.60375433911441,9.457581854770003,9.857066440460882,10.13162022852297,7.503184294042709,10.07450596651078,16.99679975585721,35.70890818940136,-19.57780246537703,51.18069504929281,49.75578678642276,51.00558195226824,51.30677688438203,24.36938426612546,41.94838784898553,79.18060741001433,136.9141970461902,-28.12790187910914,0,-30.16197611788939,-28.85438581177592,-30.03027052116293,-30.19277577086254,-19.91382244691924,-27.86889775965188,-52.51403727995331,-115.8314969444148,89.70574215866705
evreg3,9.relative_year_bin_aux#1.rice_area_aclvl_ahigh,-41.19968592888305,439.5555615837712,-247.793326461861,-217.8395649701395,-186.991131366434,-158.9904741145546,-90.82097903227476,-82.26353388230166,-72.1589788813293,-211.5148773003348,21.46561367234391,0,0,.0734229437711198,5.938288746729453,12.39788796794127,14.75779868763109,14.32529123921659,14.57290885597152,-.6332842954656593,1.920864031122902,22.15041638137868,216.0735436939725,-35.26043096225009,88.49322883106632,91.61137727069548,95.09809206452013,95.76274223821409,-14.96912247107458,59.7914173454017,136.9141970461902,589.0858913633168,-50.83317861928801,0,-40.96195032085033,-42.99860613758073,-45.17360303743163,-45.04730444501959,2.760953988386713,-23.56065993038602,-73.91707741681832,-519.1529015945742,267.9174809131293
evreg3,10.relative_year_bin_aux#1.rice_area_aclvl_ahigh,-316.8203339456747,439.5555615837712,299.3122365942608,257.1290852853143,220.5241103315142,172.5251590846087,152.4866425367102,85.33873480935623,48.51761716108064,-63.00967588446475,-563.6824523867714,0,0,.1963764444887017,-24.62255037516178,-17.44282640111206,-13.12445817651001,-19.48113336179857,-16.41652138222128,-22.21939414078033,-2.066480807540125,-15.22113849826936,8.348358079561557,451.4860155114318,-24.696195263228,-19.12932029098197,-19.64212716232892,-13.37706119281329,-21.48731777598781,9.366501018334112,-28.12790187910914,-50.83317861928801,3090.396700410193,0,49.36478539136923,44.46560180198502,46.86378155795125,41.74133485681294,37.39122844137579,14.78707471537869,38.96393989990124,47.38838516440872,-3020.526993950336
evreg3,1o.treat#1o.rice_area_aclvl_ahigh,0,439.5555615837712,0,0,0,0,0,0,0,0,0,0,0,0,0,0,0,0,0,0,0,0,0,0,0,0,0,0,0,0,0,0,0,0,0,0,0,0,0,0,0,0,0
evreg3,1bn.relative_year_bin_aux#1.treat#1.rice_area_aclvl_ahigh,13.1289595304735,439.5555615837712,70.32558345418705,50.89866776955839,48.79097788292079,36.73675715827424,27.57641086808174,19.77305878731568,15.06444224769523,5.75334300614895,-32.68986084482909,0,0,-.0170902815305583,-.3542819035870495,-241.6383781732093,-164.2720834244448,-195.0860982024493,-166.7638629010747,-132.1412317330577,-126.4300302606193,-139.9899734846049,-116.3568829854948,-264.5910137056937,-78.41995531295683,-47.42933332055312,-55.54673520358632,-40.32429404293779,-42.47821482895533,-29.79421495075233,-30.16197611788939,-40.96195032085033,49.36478539136923,0,583.1574079440611,396.4677282444546,454.2255993055533,372.3229732667099,267.2798586421203,254.2131654644349,294.5736298277043,255.0370136165108,530.5848176677947
evreg3,2.relative_year_bin_aux#1.treat#1.rice_area_aclvl_ahigh,17.82973024540766,439.5555615837712,42.09681575427589,48.30418848800963,36.10117509243831,36.0616026917087,12.63876260187759,16.02746722635591,12.34719301585782,6.872918730519867,-29.87586729222447,0,0,-.0098249948530607,-4.147557906319389,-163.9785208711742,-253.8445163414706,-164.046483351903,-194.3586886915925,-99.42678518764102,-123.1364700862844,-136.5047515428679,-113.6502191697336,-261.899833481114,-46.39208748612211,-68.95967561045347,-47.62494311153993,-59.41019031580584,-13.07612556210506,-28.99613280900253,-28.85438581177592,-42.99860613758073,44.46560180198502,0,396.4677282444546,567.3720741466486,402.1238023692925,459.1884998960858,150.4368613864397,247.1299267770897,287.7284364801708,254.4465567385137,534.1673180326981
evreg3,3.relative_year_bin_aux#1.treat#1.rice_area_aclvl_ahigh,29.38193982571209,439.5555615837712,61.95196359299287,52.58591857405732,52.84489436701278,41.94486724810398,29.55686935156682,18.77576674677447,13.87511947311869,5.330795195553663,-30.31172430774818,0,0,-.032337585760343,.8118085322350899,-196.2000361461984,-166.3990261470182,-255.4076739856193,-164.1878667721306,-140.5455594329549,-119.994988307988,-137.9703443156764,-115.036816993181,-264.8208103551191,-54.2256106075356,-46.61950234821067,-62.37922886128727,-45.25920139864911,-44.94273205497979,-29.19450029612301,-30.03027052116293,-45.17360303743163,46.86378155795125,0,454.2255993055533,402.1238023692925,555.7088994289093,360.0198193396304,282.3214269648302,243.3029260305729,290.916853816992,257.6041454484865,525.280857762648
evreg3,4.relative_year_bin_aux#1.treat#1.rice_area_aclvl_ahigh,11.59453136147228,439.5555615837712,54.54850128903978,55.85403718678728,45.97514966705473,50.97901525374538,17.97071823373708,19.70701133809874,14.76417875593853,6.156636970844877,-31.09858566037515,0,0,-.0094503508302125,-2.206467034947265,-168.983403485716,-197.1470822278578,-164.4116143797474,-272.6481924960808,-83.0579474357388,-131.6970230094979,-152.8089979397902,-105.3870507768509,-276.9176022943034,-40.43896925177757,-58.31293551391786,-45.02783195288829,-75.04101614622149,-8.791277387168329,-29.14843836099729,-30.19277577086254,-45.04730444501959,41.74133485681294,0,372.3229732667099,459.1884998960858,360.0198193396304,661.9600898336781,124.6648172922524,266.5337034131097,330.7156235466614,227.2123613122133,548.6248884971841
evreg3,5.relative_year_bin_aux#1.treat#1.rice_area_aclvl_ahigh,42.19542618808031,439.5555615837712,109.4638676131233,87.11684059844465,86.34088931634281,61.87281352483129,75.76068880611604,32.62811073128662,19.76657825839971,-12.63629502638327,-43.32846179118861,0,0,-.0192965706019053,-10.61769706787748,-129.4705166577383,-97.18480590775894,-137.7224606885441,-79.23585961185331,-309.0923402413601,-93.26786047161379,-112.5879439633832,-36.85933681429572,-138.8040148273533,-39.60616884134631,-11.31094303796973,-39.60157912399789,-6.84156118702328,-105.9979214644453,-24.46499005542637,-19.91382244691924,2.760953988386713,37.39122844137579,0,267.2798586421203,150.4368613864397,282.3214269648302,124.6648172922524,780.2725031863573,176.5330069440809,202.7226204862277,19.67846638408042,84.885361576105
evreg3,6.relative_year_bin_aux#1.treat#1.rice_area_aclvl_ahigh,31.57558780059087,439.5555615837712,72.73983702457114,63.38851924436554,55.0033771682231,46.9423489282365,34.15441892857072,29.84895226436336,18.68134653523664,-4.637653053502174,-19.10959533355738,0,0,-.0170226870426451,-3.442880287816377,-127.3363845761346,-122.4280602769968,-118.7211934984599,-129.4389505349317,-95.11861419485194,-146.2088793239568,-117.0342317078732,-79.8530802691718,-211.6692307116742,-28.65887866685091,-28.13878692087373,-27.56239552091023,-28.26308233919525,-23.57885354773378,-35.75958073989833,-27.86889775965188,-23.56065993038602,14.78707471537869,0,254.2131654644349,247.1299267770897,243.3029260305729,266.5337034131097,176.5330069440809,310.590643988301,244.2039406441392,150.2458623598392,328.0776589562059
evreg3,7.relative_year_bin_aux#1.treat#1.rice_area_aclvl_ahigh,11.30321547030961,439.5555615837712,30.53938874148767,25.76939129920846,23.29638712383624,21.14962763469894,13.60399700621136,14.30290873024615,18.86201906807214,19.80543848192594,-15.86389727625262,0,0,-.0313606737589194,-1.381097394002601,-143.2534535686285,-137.7636203668152,-137.4804131776463,-152.246291360991,-115.8798950926835,-119.690508759837,-209.4457019848614,-71.98208357937885,-235.0604216426629,-33.11662858550921,-31.95019966742097,-32.83274367068918,-33.12997087861626,-22.52834487470084,-29.02297982832512,-52.51403727995331,-73.91707741681832,38.96393989990124,0,294.5736298277043,287.7284364801708,290.916853816992,330.7156235466614,202.7226204862277,244.2039406441392,476.8914058884023,187.1550367034764,490.5135909550904
evreg3,9.relative_year_bin_aux#1.treat#1.rice_area_aclvl_ahigh,154.2699738126223,439.5555615837712,-9.159184482778228,-7.094407070265747,-2.393789223706595,5.492647578332855,-18.56024927409862,1.294701280363652,27.36046726812514,217.8579512157633,35.51617773855541,0,0,-.1389164212123204,3.669664318624267,-113.224889740998,-113.8594891748039,-113.9110459605155,-103.3380122225923,-30.87269554881787,-76.27520408462956,-71.23745711127818,-361.459720800472,-158.6692717832384,-67.68129815015557,-70.27294124862757,-73.30032099956013,-74.27167379858579,13.99712943115226,-47.37316182581264,-115.8314969444148,-519.1529015945742,47.38838516440872,0,255.0370136165108,254.4465567385137,257.6041454484865,227.2123613122133,19.67846638408042,150.2458623598392,187.1550367034764,888.2311123743297,346.6517256640071
evreg3,10.relative_year_bin_aux#1.treat#1.rice_area_aclvl_ahigh,468.9119014532355,439.5555615837712,-781.7307372735172,-681.1536861409764,-578.7565886713314,-465.8042743867919,-354.218727998518,-240.7076234789546,-140.1935289086682,39.20099563708703,657.0361692042306,0,0,-.3095454086610698,41.26337875423246,-269.9935316197562,-270.4839622806978,-260.3004552065651,-277.2068186820381,-104.0716842661244,-205.3174944165662,-238.6845959180341,-158.8324473452986,-1435.246493515378,83.6109580737956,80.79373325766682,81.56197996408928,76.1622761703228,12.93619637583188,24.43643887199474,89.70574215866705,267.9174809131293,-3020.526993950336,0,530.5848176677947,534.1673180326981,525.280857762648,548.6248884971841,84.885361576105,328.0776589562059,490.5135909550904,346.6517256640071,5326.009877512381
evreg4,1bn.relative_year_bin_aux,-1563.138473284469,439.5555615837712,29057.10093775615,25086.40930599705,20903.78774839435,16699.65676588863,12470.07099548442,8336.140558161884,4178.482705444617,-3486.988433099896,-6942.764903973411,0,0,1.686315357248437,-965.9145607358325,-58.94815968134238,-90.71898554762728,-108.6820850905224,-128.6687423520181,-43.14365865231118,-39.91077459196007,-12.03196008359348,-664.2066395774938,-938.5158602976668,164.0932888638821,448.8026112915181,-13.09567268501547,341.8516871203387,-492.18035398836,-59.68382633612782,-246.1061603892667,-1329.476520983191,-82.26164496252211,0,-71.93191891439474,-138.6677483499933,25.08832059341413,-99.07944167415359,-109.9528252143406,-78.4454822085824,12.64875818358912,800.5174220982734,-1379.654484019277
evreg4,2.relative_year_bin_aux,-1398.084573872636,439.5555615837712,25086.40930599705,21684.5539473971,18056.75338704495,14426.42641824518,10770.39069311113,7200.288855872802,3607.972334853305,-3010.457594326851,-5998.335161516437,0,0,1.483384767061613,-838.864480962719,-43.47387384928889,-95.33325048031401,-100.0171819526463,-116.6386794765702,-38.63769299768635,-34.57432541438227,-7.741931188600643,-573.1950773047575,-804.4935191509468,149.1194451893675,369.0197895364141,-15.1378081988805,290.6150014480262,-426.8922068534122,-51.93039539441804,-210.6676168389502,-1147.48447532817,-68.38393397562271,0,-69.67698147358875,-103.5908182319347,27.35477180384649,-80.63011552767466,-93.09080662840981,-67.74083312870798,8.216761520396178,689.3082312141534,-1197.639241789743
evreg4,3.relative_year_bin_aux,-1193.435908851847,439.5555615837712,20903.78774839435,18056.75338704495,15054.24801960098,12022.94107030072,8978.578183211621,5999.985130632122,3008.571247997108,-2507.313243677309,-4997.275908946835,0,0,1.263367624414164,-699.9234710946002,-40.46490564466786,-70.48345201724287,-87.99680547224068,-97.96882405616714,-35.90127813130606,-30.83528347100373,-10.15666155827031,-480.9047459053607,-676.9233174549821,117.4659466458587,314.1514479936746,-21.57998185925916,239.4977242487664,-358.3721747249666,-46.39183049620766,-180.4350264003823,-961.9558046813843,-57.43291789012117,0,-54.80810251432067,-96.79900651426998,25.44114232922398,-68.53079915260119,-75.60244017887393,-55.2222842651645,9.622385278566714,577.9676762256144,-1007.886685848472
evreg4,4.relative_year_bin_aux,-879.6138866657021,439.5555615837712,16699.65676588863,14426.42641824518,12022.94107030072,9611.827754275078,7172.032352911969,4795.727290271966,2405.789034495052,-2000.988575836394,-3986.319818994007,0,0,.9584042228301956,-558.0762162018698,-34.86542535012964,-61.57459498752522,-71.50367395364709,-85.5739908795186,-30.03064998099196,-28.1583791516027,-10.25954184301476,-384.8515840223691,-544.3689889495283,88.8424006742286,243.5351785498014,-19.54453254334348,180.1400192075998,-284.2718199785193,-41.78858776752885,-148.5670199374027,-775.425871852245,-52.81239541592198,0,-42.4907571133846,-72.98838601542469,20.02787776578504,-47.29591627140464,-59.95704691691736,-40.98568641668992,10.0601595610985,467.0822931969111,-801.9836682167991
evreg4,5.relative_year_bin_aux,-679.9855514996207,439.5555615837712,12470.07099548442,10770.39069311113,8978.578183211621,7172.032352911969,5367.260441072375,3586.375412505383,1801.763289910929,-1496.730759797743,-2980.479999288411,0,0,.7413826994979776,-416.7147630741025,-28.29817504180998,-44.97651821103553,-53.38747535822266,-60.27231689929488,-30.60482900597541,-23.90896036573649,-11.94314443048178,-286.2913172622862,-407.5651735755051,65.74186977877986,183.4611771172701,-14.79068260598387,139.1376936569305,-220.9284479704827,-34.87226193046551,-115.7357427090074,-584.3274873967011,-34.51863344699986,0,-29.73482478077129,-55.67907814866209,15.03826746871047,-39.97192645650325,-35.06520501635465,-28.08510110085922,11.29205575070505,352.5097895303971,-608.3717889650937
evreg4,6.relative_year_bin_aux,-503.2976784255792,439.5555615837712,8336.140558161884,7200.288855872802,5999.985130632122,4795.727290271966,3586.375412505383,2408.249315960798,1211.516384503506,-998.8404734990866,-1992.214554567935,0,0,.5225594715565476,-280.9943867885866,-23.4665843718618,-34.02635472517381,-37.8243435247344,-44.58419897715621,-20.68928459264176,-23.8341115488215,-13.69059189522214,-193.1325050066278,-271.2910100630141,39.53391369775234,118.5474582765226,-10.12739855154101,88.79138946968284,-146.7090195827564,-33.13990989485003,-83.6831386181522,-395.4645130981892,-21.41599567846063,0,-15.92937296520766,-34.11226803466991,11.52290965155687,-23.81787229426446,-21.36729816957835,-11.35651544798208,12.69168561940303,239.894310917372,-412.7070117134563
evreg4,7.relative_year_bin_aux,-263.7886333232977,439.5555615837712,4178.482705444617,3607.972334853305,3008.571247997108,2405.789034495052,1801.763289910929,1211.516384503506,617.2698162728369,-498.6954474939233,-997.8006646009654,0,0,.2675819948357955,-140.99178119924,-15.73161286442484,-18.20194631135444,-20.88243292825583,-24.98031680820665,-14.46727834637359,-16.98107856678181,-15.94533938845592,-99.22057836343748,-137.2810213944305,13.72229341793329,55.14371293691321,-10.45739443106324,38.34436193444993,-78.12950519267937,-21.5858056851737,-52.16853608876622,-204.3901392694293,-11.54175636167283,0,-4.264734130631686,-15.9613268969205,7.954867475110045,-9.191210419269002,-5.777296897383388,-1.062153009374168,15.25377798133312,126.148801670583,-207.4546963889806
evreg4,9.relative_year_bin_aux,211.0025318998692,439.5555615837712,-3486.988433099896,-3010.457594326851,-2507.313243677309,-2000.988575836394,-1496.730759797743,-998.8404734990866,-498.6954474939233,455.4415447412138,854.2556424619978,0,0,-.2217312096516446,117.0072190690896,.7809929984323056,5.136048050306719,6.698787889259879,8.454407908005718,.6442896010168789,-.1691480634011906,-1.843669616787632,47.07058135450306,98.12442695154859,-22.78650523407642,-56.27594017162527,-3.409877507592941,-46.19950668977735,54.91705109877531,3.856317306142994,26.15444165869344,126.8682377839663,-10.23414097690625,0,14.81805284586861,22.4829869253654,3.704577285514727,19.55081967374492,16.98437312429807,14.36559555385893,2.108808422422778,-64.73709384762309,189.1808412832052
evreg4,10.relative_year_bin_aux,465.6408711091659,439.5555615837712,-6942.764903973411,-5998.335161516437,-4997.275908946835,-3986.319818994007,-2980.479999288411,-1992.214554567935,-997.8006646009654,854.2556424619978,1965.260232400208,0,0,-.5521545711272406,247.9474055463999,10.49568059202938,18.83219397432365,23.40057633467596,25.78372366453918,5.568030478947636,3.984636347986215,1.362843501170488,141.8614431005668,-67.74045271447093,-37.13689177348433,-105.5190998943184,-.2219854393334086,-88.05767163955821,119.7655030272468,13.56980631861526,57.73369662329272,297.0909438463192,-282.9344428379003,0,18.43772236184178,35.60987033947089,-4.599455003708423,30.11304147264061,28.03418196464983,22.53007292554161,-2.642111831926973,-170.7476527243722,634.7020024836421
evreg4,1o.treat,0,439.5555615837712,0,0,0,0,0,0,0,0,0,0,0,0,0,0,0,0,0,0,0,0,0,0,0,0,0,0,0,0,0,0,0,0,0,0,0,0,0,0,0,0,0
evreg4,1o.rice_harvarea_aclvl_ahigh,0,439.5555615837712,0,0,0,0,0,0,0,0,0,0,0,0,0,0,0,0,0,0,0,0,0,0,0,0,0,0,0,0,0,0,0,0,0,0,0,0,0,0,0,0,0
evreg4,wind_direction,-2.479194376722788,439.5555615837712,1.686315357248437,1.483384767061613,1.263367624414164,.9584042228301956,.7413826994979776,.5225594715565476,.2675819948357955,-.2217312096516446,-.5521545711272406,0,0,.0018246820574968,-.1553164245788778,-.0069965411950933,.0164622434706957,-.0171582871806161,-.0018570316087862,.0082660676592108,-.0042275185156108,-.0160553745901514,-.0437490204702304,.0352235725883862,-.00205610616416,.0342893733088483,.0282181965399602,.0757935061363362,-.0588563350787771,-.0126259047074591,-.0083545558480522,-.0075752642371965,.2218078876580747,0,.023715178306584,-.0217626165871258,.0226937422209606,-.0360566789364043,.0057363492261223,.0060869301621026,.0101233758436651,-.0242123347279201,-.3592156737654846
evreg4,av_wind_speed,173.8472261558853,439.5555615837712,-965.9145607358325,-838.864480962719,-699.9234710946002,-558.0762162018698,-416.7147630741025,-280.9943867885866,-140.99178119924,117.0072190690896,247.9474055463999,0,0,-.1553164245788778,109.8424415883465,4.057060272177575,6.206957422008188,7.370428490782475,6.677427486075413,1.288391990900815,1.3913157417459,1.668937438472974,23.09961387492152,22.39067540357646,4.050264515260263,-9.575629784112596,.4768471146127007,-13.26865865865661,23.32980859224984,14.76768954852271,15.12347682432705,35.68669600131359,-28.46367908903679,0,8.915914149804392,13.36964052447026,4.927718235333016,13.17706093148396,5.610571788283463,5.5146035738834,2.313450647741803,-2.328090875017363,124.1755639166774
evreg4,1bn.relative_year_bin_aux#1.treat,-23.43705291818264,439.5555615837712,-58.94815968134238,-43.47387384928889,-40.46490564466786,-34.86542535012964,-28.29817504180998,-23.4665843718618,-15.73161286442484,.7809929984323056,10.49568059202938,0,0,-.0069965411950933,4.057060272177575,105.8573287344235,70.54031331054929,71.45053903449744,75.31647790473956,68.49252950667177,67.22587105140568,48.67735610864694,32.52783007173167,24.00130392006166,27.2853272839929,15.10865402329714,17.35659973051662,15.84046964960877,16.26017102057961,15.35830221524124,12.80438391907322,8.312939494558647,-.1714251775356083,0,-91.88112341802176,-56.86843029165101,-59.24606311318671,-65.19563020292762,-59.92014525608204,-61.88843041679377,-46.84955984130202,-36.81724611144676,-27.81437009593882
evreg4,2.relative_year_bin_aux#1.treat,-54.33181877577764,439.5555615837712,-90.71898554762728,-95.33325048031401,-70.48345201724287,-61.57459498752522,-44.97651821103553,-34.02635472517381,-18.20194631135444,5.136048050306719,18.83219397432365,0,0,.0164622434706957,6.206957422008188,70.54031331054929,120.563363633355,85.42578730406348,78.25136608032145,67.72656338391312,57.48795393133591,41.3753809213838,29.80585264670687,24.2468013861536,16.058166375644,30.15076800869697,19.3596568907409,19.68815491449635,15.46443432105201,13.71357158313122,9.432239127175546,12.04502358810287,3.06538017760499,0,-57.44194829237249,-106.6357465410235,-73.04572026555968,-68.58429308719148,-60.44759502219421,-52.3445360523904,-39.27497742508349,-36.36076895705728,-26.93005179653301
evreg4,3.relative_year_bin_aux#1.treat,-11.48696716511865,439.5555615837712,-108.6820850905224,-100.0171819526463,-87.99680547224068,-71.50367395364709,-53.38747535822266,-37.8243435247344,-20.88243292825583,6.698787889259879,23.40057633467596,0,0,-.0171582871806161,7.370428490782475,71.45053903449744,85.42578730406348,116.5039532231841,78.66486247352188,69.84156702427376,61.7640896717225,39.97288577929022,32.01517067784489,24.99250077614336,19.34607457974231,21.64852862199393,23.8735356616394,19.45529898702183,16.43309567766118,13.16948177060562,9.996953735490733,12.32897730536343,-.0310651295155045,0,-60.18500354462655,-73.14704661375724,-104.6372624676571,-68.31797070878341,-61.91198851995889,-56.95678660373901,-37.65273303595345,-37.54138001485892,-20.86599863178803
evreg4,4.relative_year_bin_aux#1.treat,-17.80526376830689,439.5555615837712,-128.6687423520181,-116.6386794765702,-97.96882405616714,-85.5739908795186,-60.27231689929488,-44.58419897715621,-24.98031680820665,8.454407908005718,25.78372366453918,0,0,-.0018570316087862,6.677427486075413,75.31647790473956,78.25136608032145,78.66486247352188,114.6381197938857,69.46674718732156,70.14553460855588,45.02953317753371,29.07229709677619,27.673960806124,20.24856344411933,22.34015736349861,20.85498547354401,22.82157068453666,15.25202795644466,15.30891640213936,12.23714377326475,13.84701928792105,1.969871944813755,0,-66.21651679854561,-68.59449500350794,-69.77864463030579,-105.0938805418036,-58.29168954189016,-65.22188197848537,-42.70644713744481,-35.93731133954938,-26.9811321377216
evreg4,5.relative_year_bin_aux#1.treat,-41.20979727556691,439.5555615837712,-43.14365865231118,-38.63769299768635,-35.90127813130606,-30.03064998099196,-30.60482900597541,-20.68928459264176,-14.46727834637359,.6442896010168789,5.568030478947636,0,0,.0082660676592108,1.288391990900815,68.49252950667177,67.72656338391312,69.84156702427376,69.46674718732156,102.1367137475694,75.6026512111326,52.09272725977562,25.61500074688587,11.56386034192154,15.70624457491718,14.83996106699341,16.76935470225129,14.40994173430597,19.88180110842055,14.58373686435357,12.6289210154121,8.836470030811968,4.492340163440571,0,-61.14801253971808,-61.35908747646569,-63.7804768067504,-63.44505191873377,-92.39782372298382,-70.77321753381537,-50.12877629908369,-32.33202761102761,-19.9335822024414
evreg4,6.relative_year_bin_aux#1.treat,-11.79803065884787,439.5555615837712,-39.91077459196007,-34.57432541438227,-30.83528347100373,-28.1583791516027,-23.90896036573649,-23.8341115488215,-16.98107856678181,-.1691480634011906,3.984636347986215,0,0,-.0042275185156108,1.3913157417459,67.22587105140568,57.48795393133591,61.7640896717225,70.14553460855588,75.6026512111326,118.70218182013,60.91760951417601,26.84369911296389,29.15492556843451,15.67340323450194,13.51667005982901,13.07239738304658,14.10219535121745,14.66039694895865,18.00204198690158,14.76575467309378,6.69486877933557,4.187512484437529,0,-62.24074640730073,-53.58625993778015,-58.22389838699409,-66.25504060838726,-68.58857675016958,-114.8038642155423,-59.64353109249347,-32.11254629726965,-37.953880205623
evreg4,7.relative_year_bin_aux#1.treat,9.225805400296238,439.5555615837712,-12.03196008359348,-7.741931188600643,-10.15666155827031,-10.25954184301476,-11.94314443048178,-13.69059189522214,-15.94533938845592,-1.843669616787632,1.362843501170488,0,0,-.0160553745901514,1.668937438472974,48.67735610864694,41.3753809213838,39.97288577929022,45.02953317753371,52.09272725977562,60.91760951417601,75.36200964986247,16.86191401774002,12.50157780405456,12.40623061623556,7.7378723879814,9.353206075824239,10.1549059186936,12.07757625823768,14.09075553714595,16.79575619622814,6.60203581908913,.0571781284475988,0,-46.31243565955336,-39.4324460432814,-38.59993009977399,-42.98863276382308,-48.93450266127317,-58.71548849658643,-74.17948788682,-22.05644781582968,-14.857677572437
evreg4,9.relative_year_bin_aux#1.treat,59.04842782094396,439.5555615837712,-664.2066395774938,-573.1950773047575,-480.9047459053607,-384.8515840223691,-286.2913172622862,-193.1325050066278,-99.22057836343748,47.07058135450306,141.8614431005668,0,0,-.0437490204702304,23.09961387492152,32.52783007173167,29.80585264670687,32.01517067784489,29.07229709677619,25.61500074688587,26.84369911296389,16.86191401774002,119.8970993364785,77.71813877137262,-4.089282830099949,-10.19145907676868,2.584676073795459,-4.294353206649031,10.85516706915292,4.05876506338947,9.553604867351961,62.58780987715561,20.04274459198718,0,-23.87496720638595,-19.43095752006722,-25.64020349252498,-19.55428942378765,-25.4902049922288,-21.78431807950012,-12.86433296822727,-107.4306242444505,15.41900724721404
evreg4,10.relative_year_bin_aux#1.treat,45.52731527892735,439.5555615837712,-938.5158602976668,-804.4935191509468,-676.9233174549821,-544.3689889495283,-407.5651735755051,-271.2910100630141,-137.2810213944305,98.12442695154859,-67.74045271447093,0,0,.0352235725883862,22.39067540357646,24.00130392006166,24.2468013861536,24.99250077614336,27.673960806124,11.56386034192154,29.15492556843451,12.50157780405456,77.71813877137262,499.6635001920643,-12.83430017591651,-20.30436322777106,-1.625891794223877,-7.342566078305459,4.553610262973144,2.595277829621539,11.37484567724128,67.60405007350357,298.6907839776506,0,7.696559639554816,8.948524225017117,5.142147790169731,1.947385456416689,-14.12675235979365,-12.43194044997001,13.52312274554511,-45.12730083140357,-250.8347787792019
evreg4,1bn.relative_year_bin_aux#1.rice_harvarea_aclvl_ahigh,11.1136554979114,439.5555615837712,164.0932888638821,149.1194451893675,117.4659466458587,88.8424006742286,65.74186977877986,39.53391369775234,13.72229341793329,-22.78650523407642,-37.13689177348433,0,0,-.00205610616416,4.050264515260263,27.2853272839929,16.058166375644,19.34607457974231,20.24856344411933,15.70624457491718,15.67340323450194,12.40623061623556,-4.089282830099949,-12.83430017591651,80.43019471978027,55.97347797204031,53.51463287913403,50.24162948059258,25.1585721463684,38.34746503270149,38.26160999294078,38.31322479637333,-6.014645602510323,0,-52.00320718941008,-28.1941674961972,-34.04381744775911,-30.35922645155442,-30.5498105933776,-24.06046717494772,-22.82444487192255,-35.10594069691827,30.79450360539305
evreg4,2.relative_year_bin_aux#1.rice_harvarea_aclvl_ahigh,-30.97029265103721,439.5555615837712,448.8026112915181,369.0197895364141,314.1514479936746,243.5351785498014,183.4611771172701,118.5474582765226,55.14371293691321,-56.27594017162527,-105.5190998943184,0,0,.0342893733088483,-9.575629784112596,15.10865402329714,30.15076800869697,21.64852862199393,22.34015736349861,14.83996106699341,13.51667005982901,7.7378723879814,-10.19145907676868,-20.30436322777106,55.97347797204031,91.5256630567699,54.23049827736629,70.85868480267693,3.823289057948083,36.05644486656958,35.03227894297194,41.49866154064225,-10.84911098547822,0,-29.87490289829502,-55.36372103549023,-34.33415905353532,-43.58139157913602,-18.84899842794952,-24.47247003588777,-20.06491922983565,-37.25396159150566,37.01237189271443
evreg4,3.relative_year_bin_aux#1.rice_harvarea_aclvl_ahigh,-51.95241711608699,439.5555615837712,-13.09567268501547,-15.1378081988805,-21.57998185925916,-19.54453254334348,-14.79068260598387,-10.12739855154101,-10.45739443106324,-3.409877507592941,-.2219854393334086,0,0,.0282181965399602,.4768471146127007,17.35659973051662,19.3596568907409,23.8735356616394,20.85498547354401,16.76935470225129,13.07239738304658,9.353206075824239,2.584676073795459,-1.625891794223877,53.51463287913403,54.23049827736629,62.78506975515423,52.59700576681848,26.06624500665204,30.82258637374946,34.85039594950123,49.99718972306064,-3.915454678035359,0,-33.94705016949711,-31.87585944393013,-42.63935760663894,-32.1305297249047,-32.80255773194051,-21.48015800594857,-20.68019911910685,-43.58390113579993,33.27690652880439
evreg4,4.relative_year_bin_aux#1.rice_harvarea_aclvl_ahigh,-37.69426153775564,439.5555615837712,341.8516871203387,290.6150014480262,239.4977242487664,180.1400192075998,139.1376936569305,88.79138946968284,38.34436193444993,-46.19950668977735,-88.05767163955821,0,0,.0757935061363362,-13.26865865865661,15.84046964960877,19.68815491449635,19.45529898702183,22.82157068453666,14.40994173430597,14.10219535121745,10.1549059186936,-4.294353206649031,-7.342566078305459,50.24162948059258,70.85868480267693,52.59700576681848,84.25385506085846,.1838170135853001,32.63304794289947,36.75478007292789,53.2493018983666,-4.302152989625825,0,-28.54228031994165,-42.41221018019544,-33.38769910004645,-53.10205404008117,-16.57028508937449,-24.51075516734462,-23.10803325681585,-47.36112838166943,32.71690379787938
evreg4,5.relative_year_bin_aux#1.rice_harvarea_aclvl_ahigh,54.09012927528754,439.5555615837712,-492.18035398836,-426.8922068534122,-358.3721747249666,-284.2718199785193,-220.9284479704827,-146.7090195827564,-78.12950519267937,54.91705109877531,119.7655030272468,0,0,-.0588563350787771,23.32980859224984,16.26017102057961,15.46443432105201,16.43309567766118,15.25202795644466,19.88180110842055,14.66039694895865,12.07757625823768,10.85516706915292,4.553610262973144,25.1585721463684,3.823289057948083,26.06624500665204,.1838170135853001,91.9377341938637,21.10186722467774,19.70949488869629,-2.324204908498611,3.920516325534351,0,-23.1851301224172,-10.19549985569942,-27.88421762900903,-9.687208527755697,-61.39000255623899,-15.03276510362466,-16.18813134546282,2.273171790419246,-7.214150501554688
evreg4,6.relative_year_bin_aux#1.rice_harvarea_aclvl_ahigh,41.47181761990669,439.5555615837712,-59.68382633612782,-51.93039539441804,-46.39183049620766,-41.78858776752885,-34.87226193046551,-33.13990989485003,-21.5858056851737,3.856317306142994,13.56980631861526,0,0,-.0126259047074591,14.76768954852271,15.35830221524124,13.71357158313122,13.16948177060562,15.30891640213936,14.58373686435357,18.00204198690158,14.09075553714595,4.05876506338947,2.595277829621539,38.34746503270149,36.05644486656958,30.82258637374946,32.63304794289947,21.10186722467774,48.00725202494591,37.67075621900349,36.41951048789885,-5.186160368929411,0,-23.1111064451924,-21.10145544072427,-19.88944588288208,-22.71114491336863,-20.13677184814402,-31.43681428336014,-25.45671729363688,-27.84122302466461,36.27287634217028
evreg4,7.relative_year_bin_aux#1.rice_harvarea_aclvl_ahigh,24.76673282006993,439.5555615837712,-246.1061603892667,-210.6676168389502,-180.4350264003823,-148.5670199374027,-115.7357427090074,-83.6831386181522,-52.16853608876622,26.15444165869344,57.73369662329272,0,0,-.0083545558480522,15.12347682432705,12.80438391907322,9.432239127175546,9.996953735490733,12.23714377326475,12.6289210154121,14.76575467309378,16.79575619622814,9.553604867351961,11.37484567724128,38.26160999294078,35.03227894297194,34.85039594950123,36.75478007292789,19.70949488869629,37.67075621900349,57.22881485622302,76.62340877026105,-23.03576582022794,0,-22.59276377309234,-19.03239410552329,-19.70322754712907,-22.11137739221905,-18.24121044042296,-24.77133808535209,-39.59150794828788,-64.52871840361732,64.03262953157586
evreg4,9.relative_year_bin_aux#1.rice_harvarea_aclvl_ahigh,3.640526039056037,439.5555615837712,-1329.476520983191,-1147.48447532817,-961.9558046813843,-775.425871852245,-584.3274873967011,-395.4645130981892,-204.3901392694293,126.8682377839663,297.0909438463192,0,0,-.0075752642371965,35.68669600131359,8.312939494558647,12.04502358810287,12.32897730536343,13.84701928792105,8.836470030811968,6.69486877933557,6.60203581908913,62.58780987715561,67.60405007350357,38.31322479637333,41.49866154064225,49.99718972306064,53.2493018983666,-2.324204908498611,36.41951048789885,76.62340877026105,350.1750660277809,3.950508632106182,0,-23.74357194626248,-24.96900117406387,-26.94726590523539,-27.91204617405988,-2.476695514184401,-14.60541611568109,-44.46527180127501,-310.1602187431785,108.0320163568786
evreg4,10.relative_year_bin_aux#1.rice_harvarea_aclvl_ahigh,-342.0727485206896,439.5555615837712,-82.26164496252211,-68.38393397562271,-57.43291789012117,-52.81239541592198,-34.51863344699986,-21.41599567846063,-11.54175636167283,-10.23414097690625,-282.9344428379003,0,0,.2218078876580747,-28.46367908903679,-.1714251775356083,3.06538017760499,-.0310651295155045,1.969871944813755,4.492340163440571,4.187512484437529,.0571781284475988,20.04274459198718,298.6907839776506,-6.014645602510323,-10.84911098547822,-3.915454678035359,-4.302152989625825,3.920516325534351,-5.186160368929411,-23.03576582022794,3.950508632106182,1843.918139067135,0,19.06282449802183,21.41353713093224,16.69214665881331,18.19031858919255,2.072763105576697,9.046718396349592,23.23857220339721,-8.312411261330276,-1796.00956571359
evreg4,1o.treat#1o.rice_harvarea_aclvl_ahigh,0,439.5555615837712,0,0,0,0,0,0,0,0,0,0,0,0,0,0,0,0,0,0,0,0,0,0,0,0,0,0,0,0,0,0,0,0,0,0,0,0,0,0,0,0,0
evreg4,1bn.relative_year_bin_aux#1.treat#1.rice_harvarea_aclvl_ahigh,-8.089254526873958,439.5555615837712,-71.93191891439474,-69.67698147358875,-54.80810251432067,-42.4907571133846,-29.73482478077129,-15.92937296520766,-4.264734130631686,14.81805284586861,18.43772236184178,0,0,.023715178306584,8.915914149804392,-91.88112341802176,-57.44194829237249,-60.18500354462655,-66.21651679854561,-61.14801253971808,-62.24074640730073,-46.31243565955336,-23.87496720638595,7.696559639554816,-52.00320718941008,-29.87490289829502,-33.94705016949711,-28.54228031994165,-23.1851301224172,-23.1111064451924,-22.59276377309234,-23.74357194626248,19.06282449802183,0,370.5106238547149,246.2115851752838,281.7389699617132,235.4214588426757,173.8144469585861,184.4448231513147,188.5301509382827,168.7683981783389,325.3328500703406
evreg4,2.relative_year_bin_aux#1.treat#1.rice_harvarea_aclvl_ahigh,36.74800009675522,439.5555615837712,-138.6677483499933,-103.5908182319347,-96.79900651426998,-72.98838601542469,-55.67907814866209,-34.11226803466991,-15.9613268969205,22.4829869253654,35.60987033947089,0,0,-.0217626165871258,13.36964052447026,-56.86843029165101,-106.6357465410235,-73.14704661375724,-68.59449500350794,-61.35908747646569,-53.58625993778015,-39.4324460432814,-19.43095752006722,8.948524225017117,-28.1941674961972,-55.36372103549023,-31.87585944393013,-42.41221018019544,-10.19549985569942,-21.10145544072427,-19.03239410552329,-24.96900117406387,21.41353713093224,0,246.2115851752838,373.4431527438037,260.7387457763435,278.8071701183255,115.1894818842037,174.4302979228206,180.0730338062529,164.2447110029867,318.7054416047914
evreg4,3.relative_year_bin_aux#1.treat#1.rice_harvarea_aclvl_ahigh,1.095432611879765,439.5555615837712,25.08832059341413,27.35477180384649,25.44114232922398,20.02787776578504,15.03826746871047,11.52290965155687,7.954867475110045,3.704577285514727,-4.599455003708423,0,0,.0226937422209606,4.927718235333016,-59.24606311318671,-73.04572026555968,-104.6372624676571,-69.77864463030579,-63.7804768067504,-58.22389838699409,-38.59993009977399,-25.64020349252498,5.142147790169731,-34.04381744775911,-34.33415905353532,-42.63935760663894,-33.38769910004645,-27.88421762900903,-19.88944588288208,-19.70322754712907,-26.94726590523539,16.69214665881331,0,281.7389699617132,260.7387457763435,367.2886785914417,235.7357231795084,188.3982566962287,175.4266896686155,181.6768138766164,165.1869692704958,319.9596851055669
evreg4,4.relative_year_bin_aux#1.treat#1.rice_harvarea_aclvl_ahigh,52.46884197344707,439.5555615837712,-99.07944167415359,-80.63011552767466,-68.53079915260119,-47.29591627140464,-39.97192645650325,-23.81787229426446,-9.191210419269002,19.55081967374492,30.11304147264061,0,0,-.0360566789364043,13.17706093148396,-65.19563020292762,-68.58429308719148,-68.31797070878341,-105.0938805418036,-63.44505191873377,-66.25504060838726,-42.98863276382308,-19.55428942378765,1.947385456416689,-30.35922645155442,-43.58139157913602,-32.1305297249047,-53.10205404008117,-9.687208527755697,-22.71114491336863,-22.11137739221905,-27.91204617405988,18.19031858919255,0,235.4214588426757,278.8071701183255,235.7357231795084,405.6429638603241,97.94422234922631,187.9001096979423,199.3284378648101,151.2796835793637,319.2886618193897
evreg4,5.relative_year_bin_aux#1.treat#1.rice_harvarea_aclvl_ahigh,35.90788957678133,439.5555615837712,-109.9528252143406,-93.09080662840981,-75.60244017887393,-59.95704691691736,-35.06520501635465,-21.36729816957835,-5.777296897383388,16.98437312429807,28.03418196464983,0,0,.0057363492261223,5.610571788283463,-59.92014525608204,-60.44759502219421,-61.91198851995889,-58.29168954189016,-92.39782372298382,-68.58857675016958,-48.93450266127317,-25.4902049922288,-14.12675235979365,-30.5498105933776,-18.84899842794952,-32.80255773194051,-16.57028508937449,-61.39000255623899,-20.13677184814402,-18.24121044042296,-2.476695514184401,2.072763105576697,0,173.8144469585861,115.1894818842037,188.3982566962287,97.94422234922631,449.5500965993257,140.5601659600875,137.8137200779502,44.50428509743339,71.0611933049757
evreg4,6.relative_year_bin_aux#1.treat#1.rice_harvarea_aclvl_ahigh,10.38003361581906,439.5555615837712,-78.4454822085824,-67.74083312870798,-55.2222842651645,-40.98568641668992,-28.08510110085922,-11.35651544798208,-1.062153009374168,14.36559555385893,22.53007292554161,0,0,.0060869301621026,5.5146035738834,-61.88843041679377,-52.3445360523904,-56.95678660373901,-65.22188197848537,-70.77321753381537,-114.8038642155423,-58.71548849658643,-21.78431807950012,-12.43194044997001,-24.06046717494772,-24.47247003588777,-21.48015800594857,-24.51075516734462,-15.03276510362466,-31.43681428336014,-24.77133808535209,-14.60541611568109,9.046718396349592,0,184.4448231513147,174.4302979228206,175.4266896686155,187.9001096979423,140.5601659600875,257.1217092060299,173.7804608229442,116.2166632073111,206.6528837855636
evreg4,7.relative_year_bin_aux#1.treat#1.rice_harvarea_aclvl_ahigh,-14.78059689536311,439.5555615837712,12.64875818358912,8.216761520396178,9.622385278566714,10.0601595610985,11.29205575070505,12.69168561940303,15.25377798133312,2.108808422422778,-2.642111831926973,0,0,.0101233758436651,2.313450647741803,-46.84955984130202,-39.27497742508349,-37.65273303595345,-42.70644713744481,-50.12877629908369,-59.64353109249347,-74.17948788682,-12.86433296822727,13.52312274554511,-22.82444487192255,-20.06491922983565,-20.68019911910685,-23.10803325681585,-16.18813134546282,-25.45671729363688,-39.59150794828788,-44.46527180127501,23.23857220339721,0,188.5301509382827,180.0730338062529,181.6768138766164,199.3284378648101,137.8137200779502,173.7804608229442,303.2587089962899,122.74831014161,282.9804412860435
evreg4,9.relative_year_bin_aux#1.treat#1.rice_harvarea_aclvl_ahigh,98.52545052258361,439.5555615837712,800.5174220982734,689.3082312141534,577.9676762256144,467.0822931969111,352.5097895303971,239.894310917372,126.148801670583,-64.73709384762309,-170.7476527243722,0,0,-.0242123347279201,-2.328090875017363,-36.81724611144676,-36.36076895705728,-37.54138001485892,-35.93731133954938,-32.33202761102761,-32.11254629726965,-22.05644781582968,-107.4306242444505,-45.12730083140357,-35.10594069691827,-37.25396159150566,-43.58390113579993,-47.36112838166943,2.273171790419246,-27.84122302466461,-64.52871840361732,-310.1602187431785,-8.312411261330276,0,168.7683981783389,164.2447110029867,165.1869692704958,151.2796835793637,44.50428509743339,116.2166632073111,122.74831014161,551.5349127414553,257.2126699779205
evreg4,10.relative_year_bin_aux#1.treat#1.rice_harvarea_aclvl_ahigh,526.572809128887,439.5555615837712,-1379.654484019277,-1197.639241789743,-1007.886685848472,-801.9836682167991,-608.3717889650937,-412.7070117134563,-207.4546963889806,189.1808412832052,634.7020024836421,0,0,-.3592156737654846,124.1755639166774,-27.81437009593882,-26.93005179653301,-20.86599863178803,-26.9811321377216,-19.9335822024414,-37.953880205623,-14.857677572437,15.41900724721404,-250.8347787792019,30.79450360539305,37.01237189271443,33.27690652880439,32.71690379787938,-7.214150501554688,36.27287634217028,64.03262953157586,108.0320163568786,-1796.00956571359,0,325.3328500703406,318.7054416047914,319.9596851055669,319.2886618193897,71.0611933049757,206.6528837855636,282.9804412860435,257.2126699779205,3302.299505929142
evreg5,1bn.relative_year_bin_aux,-1558.586967035799,439.5555615837712,28927.47120404495,24980.29942745661,20816.7684855289,16623.67921222843,12421.49535215266,8299.522454097107,4163.454047264555,-3466.277031906465,-6942.651280016461,0,0,1.672622142724701,-962.6540292228691,-84.47377632205044,-122.8032178060815,-121.0223482049497,-180.271832661246,-72.42327797072235,-64.64430470222446,-26.40952506305134,-701.7302378327242,-891.6116055517696,243.4198743019548,493.1296457666132,42.45874283937157,376.6007603052061,-438.0438510025034,-34.17009204219882,-226.6088947249269,-1275.161478459228,-48.17329207201725,0,-40.71059254463841,-94.31067622717094,37.32096477815896,-31.73409230961999,-78.37184556073774,-50.20005042007998,30.67735788573781,810.8404051260948,-1387.496463503757
evreg5,2.relative_year_bin_aux,-1392.689428847532,439.5555615837712,24980.29942745661,21601.09291694708,17986.39314099976,14364.71050402974,10731.25842254195,7170.252762110163,3595.238336972358,-2993.520661852292,-5999.885175199751,0,0,1.472529846175065,-836.1997979637814,-64.63974782910198,-126.5654415835116,-111.8429133593639,-162.6238932254134,-64.00799304892358,-56.0009800284786,-19.48115649853402,-605.1843943220753,-763.4943103929535,217.7390333925813,404.3026335170576,32.01267483020413,319.9005026584038,-380.7383489912672,-29.65423952245729,-193.1271764987825,-1100.474269930439,-38.30066897984213,0,-43.5576029086984,-61.76808356322759,39.02616212732114,-21.11946081043305,-65.64380474953158,-43.23967487592797,23.1767919977323,697.8775932693153,-1205.249196988026
evreg5,3.relative_year_bin_aux,-1182.582020974044,439.5555615837712,20816.7684855289,17986.39314099976,14996.23326373898,11971.58480788824,8946.780177969529,5975.313204012368,2998.427494096823,-2493.317373520984,-4998.533953627136,0,0,1.251610343176809,-696.9048464657075,-59.05699637391658,-95.10976297268071,-98.40118052904484,-136.6425788580048,-57.77313127803821,-49.08180662712751,-20.07063627938813,-507.6608909941892,-642.7058749297273,174.1891760735394,345.0970016733639,17.67409453379578,264.2212552585014,-320.4103980389917,-27.68459690244727,-166.0383855100358,-922.7037974814467,-32.36599146810163,0,-32.07648120550611,-63.36425517777395,35.73208892653095,-18.58855373067248,-51.82313130420872,-34.60316725541369,22.01611644874512,585.3239607454881,-1013.994976801822
evreg5,4.relative_year_bin_aux,-872.1031925261093,439.5555615837712,16623.67921222843,14364.71050402974,11971.58480788824,9567.542618318299,7144.114664150563,4774.910153791791,2397.316881975025,-1989.097097310518,-3985.511741892597,0,0,.9482272863825397,-555.1617250918104,-50.44235824084561,-82.10575452489331,-80.08303520954678,-117.0692512961513,-47.76906193230104,-43.1805414052461,-18.69444378159638,-405.8776051802397,-517.0119893460708,133.0885137606269,267.1569044085068,11.37047900345384,198.71772162615,-254.3993978073405,-27.57756916624471,-137.5375640875216,-743.9100434234274,-33.02544177049836,0,-23.50375180866263,-45.28420708432544,28.61060353057345,-6.791407858308527,-40.54846638754194,-24.09492372057552,20.54532355617049,473.053324726068,-805.7453163917534
evreg5,5.relative_year_bin_aux,-679.4226265976367,439.5555615837712,12421.49535215266,10731.25842254195,8946.780177969529,7144.114664150563,5349.330513764075,3572.838082404824,1796.809940558096,-1487.40007329234,-2982.395190381409,0,0,.7359355253069395,-415.4285679685301,-40.53857939252811,-60.24551722569454,-60.45277897817453,-83.92952947321091,-44.70842092531747,-35.68990069554128,-18.98249563424287,-303.8829569292106,-386.3792449049591,97.93658617161094,200.5883161861277,7.286494717095016,152.2295268748978,-198.4291107077692,-24.4503111239504,-107.9500052514425,-562.2111241930395,-19.6183451470261,0,-14.91383730804546,-34.96524709050725,22.14715014470968,-9.438043062875499,-20.05923259894365,-15.02455821363008,19.90329095222301,358.5801231128951,-611.7958515805801
evreg5,6.relative_year_bin_aux,-499.2325690541529,439.5555615837712,8299.522454097107,7170.252762110163,5975.313204012368,4774.910153791791,3572.838082404824,2397.478200997148,1207.371925697282,-992.3303311435251,-1992.884636376486,0,0,.5155386789318661,-280.3121953667974,-32.02154477485659,-44.4652315726224,-42.12270785827383,-60.55576517690366,-30.514845589845,-32.07063869538609,-18.53377530539939,-204.6210804943235,-257.8924154721759,60.83350858860522,130.0405128671179,4.881459390229647,97.24750896262678,-131.7920375930337,-26.15161888440551,-78.58576270912725,-380.7647159480805,-10.1331784683207,0,-5.605119900516354,-20.03765867059266,15.85269325447417,-3.109828959948228,-11.16966358357172,-2.131365952294308,18.74354852188712,243.8786734835338,-415.774152584265
evreg5,7.relative_year_bin_aux,-262.0668384383859,439.5555615837712,4163.454047264555,3595.238336972358,2998.427494096823,2397.316881975025,1796.809940558096,1207.371925697282,616.2277212330537,-495.9279041468091,-999.8846436379689,0,0,.264310741176955,-140.8259503490924,-20.05670586278958,-22.96022816260983,-22.84295680237837,-32.97080292536219,-19.6602440085634,-21.43787998023478,-18.9226029393436,-105.1056305255517,-130.3453759884858,24.13072658359178,61.29257777577994,-2.846484038042395,42.49943101919241,-71.25520049938972,-18.59933384628293,-50.26738506986442,-196.9914054967222,-4.874142663720502,0,1.076674906592763,-9.21385251325043,10.1511132224785,1.33160852851172,-.3917984849660993,3.978965675482896,18.94059556139814,128.2914524583976,-209.0418209571273
evreg5,9.relative_year_bin_aux,207.7563426279414,439.5555615837712,-3466.277031906465,-2993.520661852292,-2493.317373520984,-1989.097097310518,-1487.40007329234,-992.3303311435251,-495.9279041468091,438.4988728976018,850.679496919098,0,0,-.2206270600663582,116.7188614581575,4.527540547448767,9.803325659723741,8.817473568003397,15.31452381077555,4.403062889317516,2.636265858095333,-.0009217958354778,65.42208533651309,92.15976299388575,-33.33481065491129,-62.28430798951037,-10.48169888757588,-50.56536427886718,47.33614150281571,.2484513367275929,24.02941217508068,135.389534909548,-11.66746327599597,0,10.60320184008035,16.53198810201626,1.712733566465577,10.92725641170357,13.07774682645745,11.18451970865692,-.209308268925247,-80.77486406731424,191.2441811958865
evreg5,10.relative_year_bin_aux,464.1949714526226,439.5555615837712,-6942.651280016461,-5999.885175199751,-4998.533953627136,-3985.511741892597,-2982.395190381409,-1992.884636376486,-999.8846436379689,850.679496919098,2008.986825720226,0,0,-.5543824197936191,248.3370777670151,17.17230506685315,27.16731968811177,26.82106021368984,38.52873369188498,13.06018817486856,10.76221224211784,5.542208718118952,154.6192904630423,-114.2223644825679,-55.41853149911626,-115.6657548240844,-12.9683105302812,-96.48521474124132,108.1816230862833,8.520015686978891,54.84637714823651,287.4513939907112,-328.9717864088003,0,10.10547720763333,24.09320284407334,-8.372082837362555,13.26256101829992,20.05159157262966,14.44073288482785,-8.134102042134696,-177.042545275394,675.0980858142152
evreg5,1o.treat,0,439.5555615837712,0,0,0,0,0,0,0,0,0,0,0,0,0,0,0,0,0,0,0,0,0,0,0,0,0,0,0,0,0,0,0,0,0,0,0,0,0,0,0,0,0
evreg5,1o.rice_prod_aclvl_ahigh,0,439.5555615837712,0,0,0,0,0,0,0,0,0,0,0,0,0,0,0,0,0,0,0,0,0,0,0,0,0,0,0,0,0,0,0,0,0,0,0,0,0,0,0,0,0
evreg5,wind_direction,-2.478605222070579,439.5555615837712,1.672622142724701,1.472529846175065,1.251610343176809,.9482272863825397,.7359355253069395,.5155386789318661,.264310741176955,-.2206270600663582,-.5543824197936191,0,0,.0018246412044596,-.1551188304637772,-.0079170006780677,.0162138381851153,-.0173494515708926,-.0057347580578874,.0025667730376079,-.0094609726020539,-.0140767889592941,-.0472023450637925,.0377582255473606,.0135681359488179,.0449216043846846,.0398942290884149,.0832920017765598,-.0506119983616651,-.0051558926060225,-.0049056583144366,-.007776233008267,.2283050117405589,0,.0226131242508621,-.0221667891029285,.0215255482575262,-.0309762926641801,.0104860093927797,.0112622149196093,.0079939132351465,-.0202705686078044,-.360851119634153
evreg5,av_wind_speed,173.754366187982,439.5555615837712,-962.6540292228691,-836.1997979637814,-696.9048464657075,-555.1617250918104,-415.4285679685301,-280.3121953667974,-140.8259503490924,116.7188614581575,248.3370777670151,0,0,-.1551188304637772,109.8464573733022,4.6147658785467,7.238376200041985,8.06007343734956,8.346143762260139,2.081735233833861,2.102376100214406,1.619390708863114,24.96362978926941,19.89087078026031,-1.443008893222283,-13.4986218217361,-4.23230042037775,-17.09820231663846,20.08889038219897,13.1471654235413,14.19564949486913,34.16569265288148,-28.53409533375703,0,8.267225572236146,11.8595880507412,4.106872865401604,10.82509147165837,5.065251985480938,4.849843282305994,2.266335068105633,-4.57664526788483,123.3339966315547
evreg5,1bn.relative_year_bin_aux#1.treat,-22.6357183046167,439.5555615837712,-84.47377632205044,-64.63974782910198,-59.05699637391658,-50.44235824084561,-40.53857939252811,-32.02154477485659,-20.05670586278958,4.527540547448767,17.17230506685315,0,0,-.0079170006780677,4.6147658785467,104.3777389973929,69.26156329682364,69.061639117307,74.63458834301538,70.02933518403256,65.68045073039453,39.63777187677162,25.64788034937417,12.59132654132052,30.50912736774356,17.09256605231287,20.24429574087866,18.84961769830067,19.07513936062447,17.24945808072128,13.91141590932983,8.816487889910485,-1.139046446676673,0,-88.14042523450875,-54.06383446162474,-54.69056487295833,-63.14169340749757,-59.5511617324404,-59.40157084357521,-36.99161124591668,-30.13600352231344,-15.73764868556441
evreg5,2.relative_year_bin_aux#1.treat,-52.63288088894629,439.5555615837712,-122.8032178060815,-126.5654415835116,-95.10976297268071,-82.10575452489331,-60.24551722569454,-44.4652315726224,-22.96022816260983,9.803325659723741,27.16731968811177,0,0,.0162138381851153,7.238376200041985,69.26156329682364,122.7868245429711,85.13493078860294,79.09496855419597,70.16223055305515,53.66093083254093,30.81161205858458,22.77981349743444,12.62984816220056,18.06170099049375,35.32635305015278,22.90485205230899,23.10752598080815,18.42058588446062,15.34963914903035,9.842779065634703,12.33382352848319,1.743620038537708,0,-54.02219438723229,-107.1005860541989,-70.41721541510148,-67.78089122203146,-61.26402316581337,-47.53635659158832,-27.91750026625459,-29.13664151453938,-13.26315910909357
evreg5,3.relative_year_bin_aux#1.treat,-12.04088866179798,439.5555615837712,-121.0223482049497,-111.8429133593639,-98.40118052904484,-80.08303520954678,-60.45277897817453,-42.12270785827383,-22.84295680237837,8.817473568003397,26.82106021368984,0,0,-.0173494515708926,8.06007343734956,69.061639117307,85.13493078860294,117.1350482815134,75.11667877435906,72.20523853438576,59.10177656964587,28.09856750584552,25.02957315618719,13.27359321892624,22.361115593475,25.40874200935829,27.88284728394582,22.87574850630972,19.85417116864636,14.57903745099297,10.47105713970483,11.6813445196866,-1.146949638716748,0,-55.81369014950877,-71.21275209461234,-102.8410649002148,-63.35298383049617,-63.11627452171155,-53.35400731131378,-25.11181164958575,-30.00246589840941,-8.476017015094046
evreg5,4.relative_year_bin_aux#1.treat,-15.71588689617345,439.5555615837712,-180.271832661246,-162.6238932254134,-136.6425788580048,-117.0692512961513,-83.92952947321091,-60.55576517690366,-32.97080292536219,15.31452381077555,38.52873369188498,0,0,-.0057347580578874,8.346143762260139,74.63458834301538,79.09496855419597,75.11667877435906,114.5205417156962,77.52796614105189,71.96733026894879,36.50603118944797,22.29244899297827,17.58002041571651,22.65476022174044,25.35664387676329,24.5218563782925,25.93740558533683,19.28353294758259,17.08588331264795,13.205856512348,14.13394442108291,1.3936738521596,0,-63.80318488717688,-68.10611172801907,-64.3735792130288,-103.5219268248859,-64.61106368051486,-65.90169911578469,-33.53224740388323,-28.50525874285719,-15.56876430170889
evreg5,5.relative_year_bin_aux#1.treat,-34.17832487085369,439.5555615837712,-72.42327797072235,-64.00799304892358,-57.77313127803821,-47.76906193230104,-44.70842092531747,-30.514845589845,-19.6602440085634,4.403062889317516,13.06018817486856,0,0,.0025667730376079,2.081735233833861,70.02933518403256,70.16223055305515,72.20523853438576,77.52796614105189,103.7524890160665,79.49944887933944,45.63870259683888,20.9851596452139,7.258098154856992,19.41208251178263,18.03786130336134,20.41443671794571,17.67230607332346,22.91717783764618,16.88140801635112,14.22590112901142,10.18399386601672,3.394278527811818,0,-62.10036931120592,-63.25398494896422,-65.52877959990298,-70.88137773740942,-92.64921338043604,-74.27341417781999,-43.18765416102735,-28.60960461033005,-14.24663791196489
evreg5,6.relative_year_bin_aux#1.treat,-6.394870481955358,439.5555615837712,-64.64430470222446,-56.0009800284786,-49.08180662712751,-43.1805414052461,-35.68990069554128,-32.07063869538609,-21.43787998023478,2.636265858095333,10.76221224211784,0,0,-.0094609726020539,2.102376100214406,65.68045073039453,53.66093083254093,59.10177656964587,71.96733026894879,79.49944887933944,123.8532998485654,49.41699178639178,20.42788494592799,16.23166296422141,18.27882490749667,15.67568246864825,15.54745494605251,16.56136231283855,17.08757676000131,19.88838532310485,16.20984664996694,8.297885637990813,2.904026724402469,0,-60.43560542423897,-49.61111435754616,-55.43120012455277,-67.90727405569673,-71.27091858105169,-119.7062410241262,-47.9652028945464,-26.61410992948121,-24.53303112400378
evreg5,7.relative_year_bin_aux#1.treat,6.538913009861361,439.5555615837712,-26.40952506305134,-19.48115649853402,-20.07063627938813,-18.69444378159638,-18.98249563424287,-18.53377530539939,-18.9226029393436,-.0009217958354778,5.542208718118952,0,0,-.0140767889592941,1.619390708863114,39.63777187677162,30.81161205858458,28.09856750584552,36.50603118944797,45.63870259683888,49.41699178639178,65.44558442224861,3.723385500919971,-7.427255921165232,13.88281947958674,8.350787043892067,10.39996323013025,11.44279532554189,13.73991410715678,15.3041402379302,18.11819661297003,7.746468834222938,-.6903926770921244,0,-37.06662366257757,-28.68019644183678,-26.70475463687134,-34.38764712746132,-41.88619280160925,-47.08468449079847,-64.09821603493252,-9.792946009735765,5.296852053382694
evreg5,9.relative_year_bin_aux#1.treat,57.57262600772811,439.5555615837712,-701.7302378327242,-605.1843943220753,-507.6608909941892,-405.8776051802397,-303.8829569292106,-204.6210804943235,-105.1056305255517,65.42208533651309,154.6192904630423,0,0,-.0472023450637925,24.96362978926941,25.64788034937417,22.77981349743444,25.02957315618719,22.29244899297827,20.9851596452139,20.42788494592799,3.723385500919971,107.9471052560177,74.65048329165815,-5.714439741567509,-11.90463585265531,.6098873282696172,-6.155601613369874,10.37644803058592,4.057459481065204,9.435683116257698,49.08248310034393,16.4976971446613,0,-16.21295645476311,-11.66297674464731,-17.7998742483013,-12.32938519879931,-21.45547082964137,-14.87201826597197,.7345801639682009,-92.20254107035713,27.9323843313074
evreg5,10.relative_year_bin_aux#1.treat,37.22331378439566,439.5555615837712,-891.6116055517696,-763.4943103929535,-642.7058749297273,-517.0119893460708,-386.3792449049591,-257.8924154721759,-130.3453759884858,92.15976299388575,-114.2223644825679,0,0,.0377582255473606,19.89087078026031,12.59132654132052,12.62984816220056,13.27359321892624,17.58002041571651,7.258098154856992,16.23166296422141,-7.427255921165232,74.65048329165815,483.3064371255355,-16.21327901127785,-22.9567717162109,-4.815846241910219,-9.244400984301494,1.017347785882233,1.08137132265006,9.604945665393839,66.22823983330555,333.3702026274898,0,14.53639541593763,16.15154158990705,12.24318461432033,8.035458814685166,-9.317452920093659,-.4364663880202284,28.82042950344929,-46.8492401497327,-258.0630094865325
evreg5,1bn.relative_year_bin_aux#1.rice_prod_aclvl_ahigh,4.567806932480372,439.5555615837712,243.4198743019548,217.7390333925813,174.1891760735394,133.0885137606269,97.93658617161094,60.83350858860522,24.13072658359178,-33.33481065491129,-55.41853149911626,0,0,.0135681359488179,-1.443008893222283,30.50912736774356,18.06170099049375,22.361115593475,22.65476022174044,19.41208251178263,18.27882490749667,13.88281947958674,-5.714439741567509,-16.21327901127785,81.26663775970421,59.18217233523536,55.03831063920383,54.07612046814357,26.48130062457263,39.17229650825961,37.92670073413733,34.43954944626007,-7.942248773471136,0,-52.81631151918305,-29.74929084038004,-35.79300733993233,-32.54993678034624,-33.76369168787693,-25.79002255385954,-23.05487122716859,-33.4426371672612,25.23070310193066
evreg5,2.relative_year_bin_aux#1.rice_prod_aclvl_ahigh,-36.35441978000988,439.5555615837712,493.1296457666132,404.3026335170576,345.0970016733639,267.1569044085068,200.5883161861277,130.0405128671179,61.29257777577994,-62.28430798951037,-115.6657548240844,0,0,.0449216043846846,-13.4986218217361,17.09256605231287,35.32635305015278,25.40874200935829,25.35664387676329,18.03786130336134,15.67568246864825,8.350787043892067,-11.90463585265531,-22.9567717162109,59.18217233523536,97.13577972639683,57.80774807002103,74.41413955137502,8.684543180908991,36.9164017907604,33.91397265442648,36.89490191928294,-12.64578260532466,0,-30.52264128149558,-58.99868962869503,-37.09400779286021,-44.96885509609507,-22.92737244056522,-25.57036673974646,-19.31357232618581,-34.34033996609431,31.82967180496005
evreg5,3.relative_year_bin_aux#1.rice_prod_aclvl_ahigh,-63.86311525856827,439.5555615837712,42.45874283937157,32.01267483020413,17.67409453379578,11.37047900345384,7.286494717095016,4.881459390229647,-2.846484038042395,-10.48169888757588,-12.9683105302812,0,0,.0398942290884149,-4.23230042037775,20.24429574087866,22.90485205230899,27.88284728394582,24.5218563782925,20.41443671794571,15.54745494605251,10.39996323013025,.6098873282696172,-4.815846241910219,55.03831063920383,57.80774807002103,64.62684701658208,55.8339350432958,28.350793244848,30.72865081621073,33.43028230404868,44.46659709571091,-5.757498670494947,0,-35.33110133000218,-34.84376401524751,-45.06461659766642,-35.23291806569092,-36.26873136337606,-23.02470866983031,-20.3852101802796,-40.09203569628281,27.91109582073819
evreg5,4.relative_year_bin_aux#1.rice_prod_aclvl_ahigh,-46.10756685051926,439.5555615837712,376.6007603052061,319.9005026584038,264.2212552585014,198.71772162615,152.2295268748978,97.24750896262678,42.49943101919241,-50.56536427886718,-96.48521474124132,0,0,.0832920017765598,-17.09820231663846,18.84961769830067,23.10752598080815,22.87574850630972,25.93740558533683,17.67230607332346,16.56136231283855,11.44279532554189,-6.155601613369874,-9.244400984301494,54.07612046814357,74.41413955137502,55.8339350432958,86.3632670766966,5.191275052932504,33.36384741642837,35.81211138761533,47.69529452250225,-5.271595055327343,0,-30.62813803781635,-44.31291606463498,-35.79083926134344,-53.76311903854125,-21.12166594094805,-25.9076128588538,-23.01612550321975,-43.74299601216615,26.34439515821794
evreg5,5.relative_year_bin_aux#1.rice_prod_aclvl_ahigh,50.80397080373768,439.5555615837712,-438.0438510025034,-380.7383489912672,-320.4103980389917,-254.3993978073405,-198.4291107077692,-131.7920375930337,-71.25520049938972,47.33614150281571,108.1816230862833,0,0,-.0506119983616651,20.08889038219897,19.07513936062447,18.42058588446062,19.85417116864636,19.28353294758259,22.91717783764618,17.08757676000131,13.73991410715678,10.37644803058592,1.017347785882233,26.48130062457263,8.684543180908991,28.350793244848,5.191275052932504,85.41132346239714,21.3922287276033,20.4038925078476,-.304836652123939,2.536116597703484,0,-25.23386061904006,-14.22980632019176,-30.43012334877787,-15.14279037079774,-60.46337573282985,-17.17298685598779,-17.39904161962499,-.2651431307477434,-7.274000391298189
evreg5,6.relative_year_bin_aux#1.rice_prod_aclvl_ahigh,34.17935032294009,439.5555615837712,-34.17009204219882,-29.65423952245729,-27.68459690244727,-27.57756916624471,-24.4503111239504,-26.15161888440551,-18.59933384628293,.2484513367275929,8.520015686978891,0,0,-.0051558926060225,13.1471654235413,17.24945808072128,15.34963914903035,14.57903745099297,17.08588331264795,16.88140801635112,19.88838532310485,15.3041402379302,4.057459481065204,1.08137132265006,39.17229650825961,36.9164017907604,30.72865081621073,33.36384741642837,21.3922287276033,47.92332171641446,37.71006817161141,34.33716973025182,-7.556558262320932,0,-24.17296386565229,-22.19320192029121,-20.588827384732,-24.00835720631375,-21.64336115798906,-32.21843228457373,-25.86837286112515,-27.25032346518595,35.31273569418899
evreg5,7.relative_year_bin_aux#1.rice_prod_aclvl_ahigh,21.67838136854312,439.5555615837712,-226.6088947249269,-193.1271764987825,-166.0383855100358,-137.5375640875216,-107.9500052514425,-78.58576270912725,-50.26738506986442,24.02941217508068,54.84637714823651,0,0,-.0049056583144366,14.19564949486913,13.91141590932983,9.842779065634703,10.47105713970483,13.205856512348,14.22590112901142,16.20984664996694,18.11819661297003,9.435683116257698,9.604945665393839,37.92670073413733,33.91397265442648,33.43028230404868,35.81211138761533,20.4038925078476,37.71006817161141,55.5295102050347,69.33776978222934,-24.5921137023457,0,-22.99650341152828,-18.88382004920435,-19.48502543789052,-22.47516583160853,-19.39380183831596,-25.60100152885985,-39.12235878251165,-59.57296469304244,60.82685946993062
evreg5,9.relative_year_bin_aux#1.rice_prod_aclvl_ahigh,8.129712894977548,439.5555615837712,-1275.161478459228,-1100.474269930439,-922.7037974814467,-743.9100434234274,-562.2111241930395,-380.7647159480805,-196.9914054967222,135.389534909548,287.4513939907112,0,0,-.007776233008267,34.16569265288148,8.816487889910485,12.33382352848319,11.6813445196866,14.13394442108291,10.18399386601672,8.297885637990813,7.746468834222938,49.08248310034393,66.22823983330555,34.43954944626007,36.89490191928294,44.46659709571091,47.69529452250225,-.304836652123939,34.33716973025182,69.33776978222934,303.429874643162,-1.820913535529606,0,-23.79314707276831,-24.72505609438224,-25.04449063098908,-27.35825030803108,-5.168234291372954,-16.02286556623272,-42.10164138699263,-271.5920979657116,97.75732236672359
evreg5,10.relative_year_bin_aux#1.rice_prod_aclvl_ahigh,-315.9257343378069,439.5555615837712,-48.17329207201725,-38.30066897984213,-32.36599146810163,-33.02544177049836,-19.6183451470261,-10.1331784683207,-4.874142663720502,-11.66746327599597,-328.9717864088003,0,0,.2283050117405589,-28.53409533375703,-1.139046446676673,1.743620038537708,-1.146949638716748,1.3936738521596,3.394278527811818,2.904026724402469,-.6903926770921244,16.4976971446613,333.3702026274898,-7.942248773471136,-12.64578260532466,-5.757498670494947,-5.271595055327343,2.536116597703484,-7.556558262320932,-24.5921137023457,-1.820913535529606,1726.787958696087,0,19.17703999478429,21.69642297654456,17.18244773507243,17.62239909909185,3.429941914801277,10.3553988450503,23.32269841334566,-2.746134414656487,-1682.502792342827
evreg5,1o.treat#1o.rice_prod_aclvl_ahigh,0,439.5555615837712,0,0,0,0,0,0,0,0,0,0,0,0,0,0,0,0,0,0,0,0,0,0,0,0,0,0,0,0,0,0,0,0,0,0,0,0,0,0,0,0,0
evreg5,1bn.relative_year_bin_aux#1.treat#1.rice_prod_aclvl_ahigh,-7.869059043538741,439.5555615837712,-40.71059254463841,-43.5576029086984,-32.07648120550611,-23.50375180866263,-14.91383730804546,-5.605119900516354,1.076674906592763,10.60320184008035,10.10547720763333,0,0,.0226131242508621,8.267225572236146,-88.14042523450875,-54.02219438723229,-55.81369014950877,-63.80318488717688,-62.10036931120592,-60.43560542423897,-37.06662366257757,-16.21295645476311,14.53639541593763,-52.81631151918305,-30.52264128149558,-35.33110133000218,-30.62813803781635,-25.23386061904006,-24.17296386565229,-22.99650341152828,-23.79314707276831,19.17703999478429,0,337.9817834053235,222.4922665898673,253.535765023221,215.4490609887287,161.8260644637322,171.6415930933218,167.1744277543848,148.5126032127451,292.3461665767928
evreg5,2.relative_year_bin_aux#1.treat#1.rice_prod_aclvl_ahigh,33.47651981860589,439.5555615837712,-94.31067622717094,-61.76808356322759,-63.36425517777395,-45.28420708432544,-34.96524709050725,-20.03765867059266,-9.21385251325043,16.53198810201626,24.09320284407334,0,0,-.0221667891029285,11.8595880507412,-54.06383446162474,-107.1005860541989,-71.21275209461234,-68.10611172801907,-63.25398494896422,-49.61111435754616,-28.68019644183678,-11.66297674464731,16.15154158990705,-29.74929084038004,-58.99868962869503,-34.84376401524751,-44.31291606463498,-14.22980632019176,-22.19320192029121,-18.88382004920435,-24.72505609438224,21.69642297654456,0,222.4922665898673,347.7995575796171,238.5989565617871,256.8671702343843,110.2657505243067,159.5463183810321,157.3820275361733,143.4495335953357,283.5385572657634
evreg5,3.relative_year_bin_aux#1.treat#1.rice_prod_aclvl_ahigh,2.843240686306025,439.5555615837712,37.32096477815896,39.02616212732114,35.73208892653095,28.61060353057345,22.14715014470968,15.85269325447417,10.1511132224785,1.712733566465577,-8.372082837362555,0,0,.0215255482575262,4.106872865401604,-54.69056487295833,-70.41721541510148,-102.8410649002148,-64.3735792130288,-65.52877959990298,-55.43120012455277,-26.70475463687134,-17.7998742483013,12.24318461432033,-35.79300733993233,-37.09400779286021,-45.06461659766642,-35.79083926134344,-30.43012334877787,-20.588827384732,-19.48502543789052,-25.04449063098908,17.18244773507243,0,253.535765023221,238.5989565617871,338.7688356561101,213.9957349522675,177.3669838564174,162.3795597241326,157.9090518132214,144.1726096184807,287.0649930149933
evreg5,4.relative_year_bin_aux#1.treat#1.rice_prod_aclvl_ahigh,47.622579926071,439.5555615837712,-31.73409230961999,-21.11946081043305,-18.58855373067248,-6.791407858308527,-9.438043062875499,-3.109828959948228,1.33160852851172,10.92725641170357,13.26256101829992,0,0,-.0309762926641801,10.82509147165837,-63.14169340749757,-67.78089122203146,-63.35298383049617,-103.5219268248859,-70.88137773740942,-67.90727405569673,-34.38764712746132,-12.32938519879931,8.035458814685166,-32.54993678034624,-44.96885509609507,-35.23291806569092,-53.76311903854125,-15.14279037079774,-24.00835720631375,-22.47516583160853,-27.35825030803108,17.62239909909185,0,215.4490609887287,256.8671702343843,213.9957349522675,375.6597314804649,99.01241674448372,177.9747124874334,177.550794487941,131.9251775065846,288.0887508807661
evreg5,5.relative_year_bin_aux#1.treat#1.rice_prod_aclvl_ahigh,25.20287435384171,439.5555615837712,-78.37184556073774,-65.64380474953158,-51.82313130420872,-40.54846638754194,-20.05923259894365,-11.16966358357172,-.3917984849660993,13.07774682645745,20.05159157262966,0,0,.0104860093927797,5.065251985480938,-59.5511617324404,-61.26402316581337,-63.11627452171155,-64.61106368051486,-92.64921338043604,-71.27091858105169,-41.88619280160925,-21.45547082964137,-9.317452920093659,-33.76369168787693,-22.92737244056522,-36.26873136337606,-21.12166594094805,-60.46337573282985,-21.64336115798906,-19.39380183831596,-5.168234291372954,3.429941914801277,0,161.8260644637322,110.2657505243067,177.3669838564174,99.01241674448372,415.3894787456409,136.6539709123326,123.9296067511723,42.50804215935481,63.94900737950124
evreg5,6.relative_year_bin_aux#1.treat#1.rice_prod_aclvl_ahigh,3.199569085979753,439.5555615837712,-50.20005042007998,-43.23967487592797,-34.60316725541369,-24.09492372057552,-15.02455821363008,-2.131365952294308,3.978965675482896,11.18451970865692,14.44073288482785,0,0,.0112622149196093,4.849843282305994,-59.40157084357521,-47.53635659158832,-53.35400731131378,-65.90169911578469,-74.27341417781999,-119.7062410241262,-47.08468449079847,-14.87201826597197,-.4364663880202284,-25.79002255385954,-25.57036673974646,-23.02470866983031,-25.9076128588538,-17.17298685598779,-32.21843228457373,-25.60100152885985,-16.02286556623272,10.3553988450503,0,171.6415930933218,159.5463183810321,162.3795597241326,177.9747124874334,136.6539709123326,251.7146302502598,154.5699597455026,103.2933127484805,182.9763298488852
evreg5,7.relative_year_bin_aux#1.treat#1.rice_prod_aclvl_ahigh,-10.26773223919011,439.5555615837712,30.67735788573781,23.1767919977323,22.01611644874512,20.54532355617049,19.90329095222301,18.74354852188712,18.94059556139814,-.209308268925247,-8.134102042134696,0,0,.0079939132351465,2.266335068105633,-36.99161124591668,-27.91750026625459,-25.11181164958575,-33.53224740388323,-43.18765416102735,-47.9652028945464,-64.09821603493252,.7345801639682009,28.82042950344929,-23.05487122716859,-19.31357232618581,-20.3852101802796,-23.01612550321975,-17.39904161962499,-25.86837286112515,-39.12235878251165,-42.10164138699263,23.32269841334566,0,167.1744277543848,157.3820275361733,157.9090518132214,177.550794487941,123.9296067511723,154.5699597455026,275.1804680920084,101.3211657503262,245.2080038825693
evreg5,9.relative_year_bin_aux#1.treat#1.rice_prod_aclvl_ahigh,93.38684912084668,439.5555615837712,810.8404051260948,697.8775932693153,585.3239607454881,473.053324726068,358.5801231128951,243.8786734835338,128.2914524583976,-80.77486406731424,-177.042545275394,0,0,-.0202705686078044,-4.57664526788483,-30.13600352231344,-29.13664151453938,-30.00246589840941,-28.50525874285719,-28.60960461033005,-26.61410992948121,-9.792946009735765,-92.20254107035713,-46.8492401497327,-33.4426371672612,-34.34033996609431,-40.09203569628281,-43.74299601216615,-.2651431307477434,-27.25032346518595,-59.57296469304244,-271.5920979657116,-2.746134414656487,0,148.5126032127451,143.4495335953357,144.1726096184807,131.9251775065846,42.50804215935481,103.2933127484805,101.3211657503262,487.2228324272149,216.9911697200666
evreg5,10.relative_year_bin_aux#1.treat#1.rice_prod_aclvl_ahigh,503.0827392724785,439.5555615837712,-1387.496463503757,-1205.249196988026,-1013.994976801822,-805.7453163917534,-611.7958515805801,-415.774152584265,-209.0418209571273,191.2441811958865,675.0980858142152,0,0,-.360851119634153,123.3339966315547,-15.73764868556441,-13.26315910909357,-8.476017015094046,-15.56876430170889,-14.24663791196489,-24.53303112400378,5.296852053382694,27.9323843313074,-258.0630094865325,25.23070310193066,31.82967180496005,27.91109582073819,26.34439515821794,-7.274000391298189,35.31273569418899,60.82685946993062,97.75732236672359,-1682.502792342827,0,292.3461665767928,283.5385572657634,287.0649930149933,288.0887508807661,63.94900737950124,182.9763298488852,245.2080038825693,216.9911697200666,3071.09142707027
