reg,var,beta,ymean,cov1,cov2,cov3,cov4,cov5,cov6,cov7,cov8,cov9,cov10,cov11,cov12,cov13,cov14,cov15,cov16,cov17,cov18,cov19,cov20,cov21,cov22,cov23,cov24,cov25,cov26,cov27,cov28,cov29,cov30,cov31,cov32,cov33,cov34,cov35,cov36,cov37,cov38,cov39,cov40,cov41
evreg1,1bn.relative_year_bin_aux,-4.077824286963574,200.6618114041916,42.15998510762287,23.378476661551,3.087331743390091,4.763876545594965,5.717628191696161,.7400832304985807,2.829811354276016,2.224385714959701,1.855720505577197,0,-.010838456910621,-1.456211188167487,-34.81460757271004,-18.33349488010466,-1.681276689843387,-4.133206994123904,-7.701612187958827,-3.753527920731384,-6.001107617328618,-4.85564042888176,-4.477896672927102,,,,,,,,,,,,,,,,,,,,
evreg1,2.relative_year_bin_aux,4.022916801553938,200.6618114041916,23.378476661551,40.65922424131226,7.996139033082629,8.286471576272637,7.587187737281733,-3.846540265241923,2.628948569458186,2.114998009402208,1.550937947868454,0,-.0599630669637625,1.751133208308006,-16.1941678069137,-36.01863838429033,-6.021323258046192,-7.622399159246344,-10.97740956884533,-1.048261303095883,-7.965678885989365,-7.042016503355817,-6.618297691423642,,,,,,,,,,,,,,,,,,,,
evreg1,3.relative_year_bin_aux,12.80320280862967,200.6618114041916,3.087331743390091,7.996139033082629,19.43706618716887,5.964448874526123,2.934127618814703,1.671140416576321,.9255899304075214,1.824499700576255,1.984652793023652,0,-.0092975414469064,.0434266867684554,-2.239019857054286,-6.574723056891862,-18.61973692017979,-5.666088141663921,-4.751522448165177,-4.479300377024614,-4.168921541842766,-4.926708237750008,-4.870485426635856,,,,,,,,,,,,,,,,,,,,
evreg1,4.relative_year_bin_aux,-8.926789276727265,200.6618114041916,4.763876545594965,8.286471576272637,5.964448874526123,11.47400698037585,4.739555061585041,5.216667620876533,4.440766427373084,4.726040517668266,5.201555869035521,0,.0317957787619893,-2.089168741361524,-4.184224036239351,-7.902780472680415,-5.78650945096214,-11.30107627523492,-5.396695557174931,-6.000378273032323,-5.464673602499952,-5.613508301727578,-6.015648785145249,,,,,,,,,,,,,,,,,,,,
evreg1,6.relative_year_bin_aux,7.768368399029709,200.6618114041916,5.717628191696161,7.587187737281733,2.934127618814703,4.739555061585041,13.52702100145028,7.766705538419269,10.81986042658778,9.871609294981502,9.879787667724271,0,-.0151202650610072,1.025685979401701,-6.085005162761401,-8.676276489756457,-3.419225298185835,-4.701031257992818,-11.13325142010558,-4.099108327324913,-6.03687522991489,-5.234212202860834,-5.056688473492528,,,,,,,,,,,,,,,,,,,,
evreg1,7.relative_year_bin_aux,-6.411404979101874,200.6618114041916,.7400832304985807,-3.846540265241923,1.671140416576321,5.216667620876533,7.766705538419269,24.82273089681192,21.00164413115454,14.07301471994251,16.58572507949521,0,.0422095101484219,-1.332151643000815,-4.004260266637448,.1555358671166769,-3.335085928760228,-5.54032268900053,-2.57054712830207,-16.26523637717489,-10.22148162178789,-2.599796373823887,-5.158055929346079,,,,,,,,,,,,,,,,,,,,
evreg1,8.relative_year_bin_aux,7.160930365888309,200.6618114041916,2.829811354276016,2.628948569458186,.9255899304075214,4.440766427373084,10.81986042658778,21.00164413115454,53.38472803054346,31.32869640552402,31.28223423914843,0,-.0494375756390027,4.911921135605542,-6.466293821807702,-7.111534631622095,-3.06063469594331,-4.902591695080553,-1.458779562328958,-5.72060927131479,-32.51629752031135,-7.857968751954853,-7.584228855159324,,,,,,,,,,,,,,,,,,,,
evreg1,9.relative_year_bin_aux,-16.47864773264163,200.6618114041916,2.224385714959701,2.114998009402208,1.824499700576255,4.726040517668266,9.871609294981502,14.07301471994251,31.32869640552402,37.93476020870074,30.9037903614167,0,.0211397039333953,1.475060869146347,-4.635978288888473,-5.659373996990436,-3.319633559051359,-5.054660850895774,-2.740236135733635,-2.10459417219249,-14.40765465630639,-17.64019757850458,-10.18965681130517,,,,,,,,,,,,,,,,,,,,
evreg1,10.relative_year_bin_aux,3.228533191295755,200.6618114041916,1.855720505577197,1.550937947868454,1.984652793023652,5.201555869035521,9.879787667724271,16.58572507949521,31.28223423914843,30.9037903614167,38.47103649047303,0,-.0273109526053702,4.576324755514752,-4.846835640185223,-5.454595260954385,-3.279151779581559,-5.398562668462381,-2.29420257358376,-4.16586351915607,-13.79737765585539,-9.941728283810916,-16.65294577663725,,,,,,,,,,,,,,,,,,,,
evreg1,1o.treat,0,200.6618114041916,0,0,0,0,0,0,0,0,0,0,0,0,0,0,0,0,0,0,0,0,0,,,,,,,,,,,,,,,,,,,,
evreg1,wind_direction,-2.146142197152369,200.6618114041916,-.010838456910621,-.0599630669637625,-.0092975414469064,.0317957787619893,-.0151202650610072,.0422095101484219,-.0494375756390027,.0211397039333953,-.0273109526053702,0,.0060790032391221,-.3121166232642576,-.0204067934322315,.0043498705206583,-.0213987207302868,-.042021478762811,-.0316785175484875,-.0742601752175829,-.0137433252360755,-.0560364961269224,-.0391306446410766,,,,,,,,,,,,,,,,,,,,
evreg1,av_wind_speed,151.4819608692362,200.6618114041916,-1.456211188167487,1.751133208308006,.0434266867684554,-2.089168741361524,1.025685979401701,-1.332151643000815,4.911921135605542,1.475060869146347,4.576324755514752,0,-.3121166232642576,31.93987343484494,.8301891808738658,-1.994169665522089,-.3077920429072164,1.904417579522137,1.544698455501907,3.191117931743098,.2111613959292925,3.553485201979767,1.350505245260054,,,,,,,,,,,,,,,,,,,,
evreg1,1bn.relative_year_bin_aux#1.treat,18.24399766284711,200.6618114041916,-34.81460757271004,-16.1941678069137,-2.239019857054286,-4.184224036239351,-6.085005162761401,-4.004260266637448,-6.466293821807702,-4.635978288888473,-4.846835640185223,0,-.0204067934322315,.8301891808738658,65.8728669915469,26.40765281227119,14.87161628856162,12.35298772701147,13.91937677497373,11.18764021781141,15.44672259522242,11.77072162288357,11.98428427368326,,,,,,,,,,,,,,,,,,,,
evreg1,2.relative_year_bin_aux#1.treat,14.70248417554979,200.6618114041916,-18.33349488010466,-36.01863838429033,-6.574723056891862,-7.902780472680415,-8.676276489756457,.1555358671166769,-7.111534631622095,-5.659373996990436,-5.454595260954385,0,.0043498705206583,-1.994169665522089,26.40765281227119,71.97719586031999,22.23183220024074,17.92090905106936,21.56431581820359,7.477054104785283,20.33402634931278,17.19487905476073,16.60937377666362,,,,,,,,,,,,,,,,,,,,
evreg1,3.relative_year_bin_aux#1.treat,.8716694672161509,200.6618114041916,-1.681276689843387,-6.021323258046192,-18.61973692017979,-5.78650945096214,-3.419225298185835,-3.335085928760228,-3.06063469594331,-3.319633559051359,-3.279151779581559,0,-.0213987207302868,-.3077920429072164,14.87161628856162,22.23183220024074,41.5812817112561,16.83233078202252,13.1907332036406,14.44337555680147,14.53541523377488,14.47707597934112,14.11575089166818,,,,,,,,,,,,,,,,,,,,
evreg1,4.relative_year_bin_aux#1.treat,13.12235216433249,200.6618114041916,-4.133206994123904,-7.622399159246344,-5.666088141663921,-11.30107627523492,-4.701031257992818,-5.54032268900053,-4.902591695080553,-5.054660850895774,-5.398562668462381,0,-.042021478762811,1.904417579522137,12.35298772701147,17.92090905106936,16.83233078202252,25.42690133601056,12.49157373355125,14.03582197849388,14.08452678177201,13.1834377040988,13.59909298632569,,,,,,,,,,,,,,,,,,,,
evreg1,6.relative_year_bin_aux#1.treat,8.427547286627933,200.6618114041916,-7.701612187958827,-10.97740956884533,-4.751522448165177,-5.396695557174931,-11.13325142010558,-2.57054712830207,-1.458779562328958,-2.740236135733635,-2.29420257358376,0,-.0316785175484875,1.544698455501907,13.91937677497373,21.56431581820359,13.1907332036406,12.49157373355125,24.90899642460619,9.326451815973112,11.04440747591812,11.70240387525364,11.22352818589771,,,,,,,,,,,,,,,,,,,,
evreg1,7.relative_year_bin_aux#1.treat,15.69482376054873,200.6618114041916,-3.753527920731384,-1.048261303095883,-4.479300377024614,-6.000378273032323,-4.099108327324913,-16.26523637717489,-5.72060927131479,-2.10459417219249,-4.16586351915607,0,-.0742601752175829,3.191117931743098,11.18764021781141,7.477054104785283,14.44337555680147,14.03582197849388,9.326451815973112,29.75441095371086,12.14383148896562,7.535288379242226,10.5379748465638,,,,,,,,,,,,,,,,,,,,
evreg1,8.relative_year_bin_aux#1.treat,14.2030205794258,200.6618114041916,-6.001107617328618,-7.965678885989365,-4.168921541842766,-5.464673602499952,-6.03687522991489,-10.22148162178789,-32.51629752031135,-14.40765465630639,-13.79737765585539,0,-.0137433252360755,.2111613959292925,15.44672259522242,20.33402634931278,14.53541523377488,14.08452678177201,11.04440747591812,12.14383148896562,44.72265847041794,14.91649883195928,14.23372262713815,,,,,,,,,,,,,,,,,,,,
evreg1,9.relative_year_bin_aux#1.treat,24.81890081557701,200.6618114041916,-4.85564042888176,-7.042016503355817,-4.926708237750008,-5.613508301727578,-5.234212202860834,-2.599796373823887,-7.857968751954853,-17.64019757850458,-9.941728283810916,0,-.0560364961269224,3.553485201979767,11.77072162288357,17.19487905476073,14.47707597934112,13.1834377040988,11.70240387525364,7.535288379242226,14.91649883195928,33.33911991026352,20.3465334122085,,,,,,,,,,,,,,,,,,,,
evreg1,10.relative_year_bin_aux#1.treat,13.28399561087373,200.6618114041916,-4.477896672927102,-6.618297691423642,-4.870485426635856,-6.015648785145249,-5.056688473492528,-5.158055929346079,-7.584228855159324,-10.18965681130517,-16.65294577663725,0,-.0391306446410766,1.350505245260054,11.98428427368326,16.60937377666362,14.11575089166818,13.59909298632569,11.22352818589771,10.5379748465638,14.23372262713815,20.3465334122085,36.1952869237529,,,,,,,,,,,,,,,,,,,,
evreg2,1bn.relative_year_bin_aux,-5.17625652168768,200.6618114041916,48.94574908585439,24.49702315858368,4.448501443460004,5.840666744954965,6.928651211423209,2.197589631113376,4.37679200382728,3.805140614242906,3.319939521735744,0,2.326274609085381,-.0048235349127556,-2.065516604186653,-42.44031377892639,-19.91537836159007,-3.550458336053767,-5.207778724589795,-8.859570898782287,-5.091678240331363,-7.447305607404192,-6.200882337291399,-5.733688662399813,-9.739698265997053,-1.93024885527153,-2.026103076409096,-1.719972097615722,-1.63784975429524,-1.837272654813743,-1.994354566472327,-2.052594247545656,-1.893756443946791,-1.735112905507855,11.36347280754481,2.783482534316692,2.909649600686532,1.653901307598934,1.487922096690438,1.638587218531757,1.776466293323764,1.671403871244761,1.571061450826269
evreg2,2.relative_year_bin_aux,3.286536765075068,200.6618114041916,24.49702315858368,45.06568816102844,9.692286262226894,9.070874759205497,9.164093969603291,-3.506987631478521,3.376801731831081,3.035285783561883,2.399052822447884,0,.991373898438089,-.0587515521646373,1.739115085296097,-17.99407777651435,-40.79199167360678,-8.127029241572711,-8.417079866843681,-12.51817855566587,-1.410559404012552,-8.754442848983844,-7.907791327577007,-7.411879036013732,-1.774341179201519,-6.520049973706748,-2.274600979700441,-.9544944448730666,-2.230647871615135,-.2199165254609012,-.9517368333433209,-1.112599633797426,-.9415664319993997,-.6618893355119693,2.932355830708694,7.198653197561573,2.993740802389445,.942649660619338,2.049414284045919,.11989526186164,.7786682443600887,.8095778900820468,.7013917860536925
evreg2,3.relative_year_bin_aux,11.78071398983173,200.6618114041916,4.448501443460004,9.692286262226894,24.1317266315888,7.214560831425172,4.568357233946238,3.245732533550936,2.173709395328878,3.418764177642976,3.586595307296281,0,2.434450522922,-.0015462639341316,-.4549858372066053,-3.849946596630454,-8.410837120736835,-23.48137228222302,-6.916693458338702,-6.329013726314885,-5.996103406162021,-5.436644996051883,-6.477972045959234,-6.451211302929701,-2.678078356958477,-2.858360613901634,-6.346580622361906,-1.914147736379818,-2.260677742024108,-2.006077419786132,-1.967247876781021,-2.222569113950324,-2.241071593859572,-2.146361211537894,2.944290672171522,3.022970578839257,6.585968370705952,1.895363446539615,2.103527912295209,1.849263263191425,1.857335533346549,2.012851658135909,2.09736627923403
evreg2,4.relative_year_bin_aux,-9.9683632940351,200.6618114041916,5.840666744954965,9.070874759205497,7.214560831425172,13.91821856916726,6.10000916144576,6.855046001296428,6.114251349927511,6.067126234453557,6.73700516902927,0,2.092944425754521,.032926180713674,-2.318106864374426,-5.383551715943764,-8.741925900084365,-7.103988502849358,-13.75529648556448,-6.661578515738711,-7.50453745921171,-6.980810010387684,-6.757938948470229,-7.343491677708768,-1.570574053984083,-1.372043969779605,-1.632557364326708,-3.355394963875806,-1.782069460204009,-1.95249547930632,-1.98576066195068,-1.634844016839831,-1.846869062331683,-1.987830539350098,1.664893399063248,1.408637128233734,1.666860380494987,3.364180657047922,1.758506557248069,1.924539840903266,1.942779369821621,1.556683414457747,1.778204670447551
evreg2,6.relative_year_bin_aux,5.920341372533391,200.6618114041916,6.928651211423209,9.164093969603291,4.568357233946238,6.10000916144576,18.06347071301397,9.928637956264945,12.890819291866,12.26665018995926,11.91757872677011,0,2.677728811984356,-.0154276073718779,.8177579579137455,-7.397466351087006,-10.19354431032376,-5.018574028527381,-6.034894507341249,-15.76357906004009,-6.376675345394654,-8.182305330318307,-7.79621145857342,-7.155855679256884,-1.695319377523547,-1.747988787872976,-2.361018848822003,-1.974416646667289,-6.914359731178521,-3.907394555143794,-3.313606169595939,-3.55004598156428,-2.979375678921219,-3.077100860508463,1.997156037763871,1.854471713956013,2.333041938869299,1.973254570455227,7.093454022488455,4.123032544906708,3.599610177537447,3.961701554863656,3.207630053508477
evreg2,7.relative_year_bin_aux,-7.585069582844064,200.6618114041916,2.197589631113376,-3.506987631478521,3.245732533550936,6.855046001296428,9.928637956264945,31.82469727386416,25.36339197986167,17.46648917786163,20.54606082986703,0,4.4375079809438,.0447556607439995,-1.854519464191884,-5.89954440968934,-.3495218377386526,-4.937361360766871,-7.125586640890266,-4.633381446715475,-23.08679547671685,-14.33664641973022,-5.837417962789123,-8.913736742100893,-2.762795251485362,-.9616333119589148,-2.241787868787403,-2.272418451826843,-2.767205518956518,-10.05427903223848,-6.587017445961004,-5.270139777677221,-5.765005661611047,-4.973324306909652,3.162439296913912,1.161677999510388,2.144493399760293,2.195173623604453,3.153215619756447,10.43774041398019,7.057574012870051,5.878625526998711,6.185535105820053
evreg2,8.relative_year_bin_aux,6.207643676835535,200.6618114041916,4.37679200382728,3.376801731831081,2.173709395328878,6.114251349927511,12.890819291866,25.36339197986167,60.59746083207992,34.90365812036529,35.13975560378212,0,3.736143518371026,-.0465223026075072,4.493974246777627,-8.412842313555624,-8.076348720865465,-4.292826800993335,-6.494152234197501,-3.408432620379075,-9.694132651248641,-39.17169504034339,-10.88233952190395,-10.90766430130113,-2.662813477394411,-1.230680107684611,-1.524047469298146,-2.169021177744427,-2.721930514235957,-5.052976855084429,-9.318214423817178,-4.928337007338876,-4.770259114839392,-4.480401415233437,2.99334495899292,1.445265979610926,1.34245293945269,2.021551227768659,3.239338751874274,5.499168221720301,9.816975909769036,5.469490155626707,5.242721663396927
evreg2,9.relative_year_bin_aux,-18.39093024881864,200.6618114041916,3.805140614242906,3.035285783561883,3.418764177642976,6.067126234453557,12.26665018995926,17.46648917786163,34.90365812036529,43.62545871649923,35.86108007879178,0,4.872934281538356,.022920188648083,.8824735488536234,-6.489199093644904,-6.586560101672998,-4.862506923376753,-6.242013927499841,-5.29256702502906,-5.42118658217679,-17.70254589290352,-22.9717825301203,-14.82232017872852,-2.999569234708038,-1.752258170934129,-2.220788834864142,-1.9214591907519,-3.537030055827529,-4.763212187607552,-4.977496589403603,-8.236352514916153,-7.25628470075363,-5.562195176112303,3.370590881712688,1.943531768133884,2.099184123329374,1.681059480265205,4.254195199042306,5.313560339517545,5.538512724995627,8.767203458272688,7.727793465761849
evreg2,10.relative_year_bin_aux,3.088065705114249,200.6618114041916,3.319939521735744,2.399052822447884,3.586595307296281,6.73700516902927,11.91757872677011,20.54606082986703,35.13975560378212,35.86108007879178,45.82817956432579,0,4.32075726860413,-.025721608308446,4.361963487675992,-6.680350765067611,-6.363271584950462,-4.808992404229427,-6.776532104581252,-4.435234527784454,-7.965618172959137,-17.28475778523402,-14.38091157054684,-23.54125857317305,-2.8549631666348,-1.762951431790857,-2.211401590776487,-2.177280400118465,-3.190318329945684,-5.699054699338437,-5.874354396120829,-6.952149257290975,-10.85935560296669,-5.103549167561447,3.342152494094642,1.895864617483818,2.096935561640241,1.931575403921201,4.001976168103033,6.291212449742765,6.490548240632042,7.418966646546408,11.30297841503376
evreg2,1o.treat,0,200.6618114041916,0,0,0,0,0,0,0,0,0,0,0,0,0,0,0,0,0,0,0,0,0,0,0,0,0,0,0,0,0,0,0,0,0,0,0,0,0,0,0,0,0
evreg2,1.downup_ac,-19.55900981432523,200.6618114041916,2.326274609085381,.991373898438089,2.434450522922,2.092944425754521,2.677728811984356,4.4375079809438,3.736143518371026,4.872934281538356,4.32075726860413,0,9.970764590602771,.0358574343799959,-4.131439643626204,-2.482696663662411,-1.10970473488346,-2.568532955068055,-2.131773935329623,-2.859681844165343,-4.541253804645097,-3.989359815817945,-5.07265951699058,-4.587799752289042,-4.579182872044757,-2.45203896689518,-2.885275303921802,-2.522897462149723,-3.906401188208911,-5.809108920334189,-5.870876336085884,-6.873370462649752,-6.54407667755041,-9.886359616397298,4.59025852589521,2.458273912098264,2.873666903501195,2.504082423652385,3.901279220166681,5.79500109741099,5.883071985813172,6.899184911093321,6.552974911990144
evreg2,wind_direction,-2.163080200085642,200.6618114041916,-.0048235349127556,-.0587515521646373,-.0015462639341316,.032926180713674,-.0154276073718779,.0447556607439995,-.0465223026075072,.022920188648083,-.025721608308446,0,.0358574343799959,.0061620458028736,-.3188578143924133,-.0333299987944347,.0024238531393173,-.0298503590699758,-.039094777103491,-.0331853383526823,-.0804630214360895,-.0218287043387209,-.062134518325124,-.0415506055676892,-.0119107854293578,-.004935174376616,-.0152915240999398,-.0008187593668315,-.00020967318619,-.0042875050086565,-.0093252603085581,-.0043284376431119,-.0059599635438973,-.036586883663139,.0270621835523264,.0086767347212547,.0184250955457785,-.0055491463752645,.0024956070335535,.0110030410684888,.0174210014846657,.0119377131813489,.0055341359787029
evreg2,av_wind_speed,151.4204630891996,200.6618114041916,-2.065516604186653,1.739115085296097,-.4549858372066053,-2.318106864374426,.8177579579137455,-1.854519464191884,4.493974246777627,.8824735488536234,4.361963487675992,0,-4.131439643626204,-.3188578143924133,32.51497160484265,2.06272149546791,-1.530789039421102,.3105497760557706,1.913667129899651,1.518554994351053,3.339499823712743,.3726603394006321,3.883680915565631,1.232452746531025,1.153132947334786,.0734009797127913,.9467684198470206,.3435364846619303,.5157373878211109,1.042393163691526,1.217175180255822,1.361774899240077,.8017675375076531,2.38764964168046,-2.288570895772049,-.8770933874046589,-1.030870625430342,.1581273987236268,.1110766475216426,-.0501016637852138,-.2558129371648452,-.5143821932020378,.2145272967209766
evreg2,1bn.relative_year_bin_aux#1.treat,22.53059184261186,200.6618114041916,-42.44031377892639,-17.99407777651435,-3.849946596630454,-5.383551715943764,-7.397466351087006,-5.89954440968934,-8.412842313555624,-6.489199093644904,-6.680350765067611,0,-2.482696663662411,-.0333299987944347,2.06272149546791,86.53273181705363,30.65256534489598,19.4038220396582,13.83976407044028,15.90501153779634,13.49404802679896,17.69563285656306,13.95457200067025,14.4819694548441,10.02840386153449,2.313929023180206,2.200115967963913,1.832846092486027,1.559848466378587,2.238717868994309,2.35565031848165,2.198616648817941,2.126477472481312,4.281553486667776,-32.11812433041781,-9.915408712885112,-7.181485673961321,-3.571622340190429,-3.319910339691382,-4.452077151005341,-4.162820957594229,-4.452885941827045,-4.325908612379797
evreg2,2.relative_year_bin_aux#1.treat,15.66226578207234,200.6618114041916,-19.91537836159007,-40.79199167360678,-8.410837120736835,-8.741925900084365,-10.19354431032376,-.3495218377386526,-8.076348720865465,-6.586560101672998,-6.363271584950462,0,-1.10970473488346,.0024238531393173,-1.530789039421102,30.65256534489598,82.80799500803781,27.99911470499925,20.58793009502888,25.99762270254469,9.491449877925922,23.00440883680495,19.967989280423,19.58558314789241,1.938375360770879,6.750673146158372,2.341550104632247,.9985534239539976,2.152606654973685,.4059862075282423,1.218569628459122,1.066853986832305,1.102002907701377,4.247999418796641,-6.344676877469317,-17.94244206206468,-7.429265929981399,-3.566579361175891,-6.043661136595227,-2.93513175423768,-3.968074573159655,-4.353779737788265,-4.31375236004983
evreg2,3.relative_year_bin_aux#1.treat,2.309289190029404,200.6618114041916,-3.550458336053767,-8.127029241572711,-23.48137228222302,-7.103988502849358,-5.018574028527381,-4.937361360766871,-4.292826800993335,-4.862506923376753,-4.808992404229427,0,-2.568532955068055,-.0298503590699758,.3105497760557706,19.4038220396582,27.99911470499925,50.75626423529211,20.06196038880312,16.35493404432437,18.05096694827192,17.13265232093005,17.88225977814794,17.66670846618897,2.770272024393575,2.971832597793612,6.434498460796559,1.997739598427334,2.289097602221954,2.217908498198493,2.155522180688114,2.322015896570087,2.310047549131197,6.157138823448844,-8.305225202503918,-9.86610806797502,-13.90387070628239,-5.433731827142967,-5.187099175621802,-5.688338623637157,-4.350213163350585,-5.952882113923416,-5.85914761473423
evreg2,4.relative_year_bin_aux#1.treat,13.10131980878708,200.6618114041916,-5.207778724589795,-8.417079866843681,-6.916693458338702,-13.75529648556448,-6.034894507341249,-7.125586640890266,-6.494152234197501,-6.242013927499841,-6.776532104581252,0,-2.131773935329623,-.039094777103491,1.913667129899651,13.83976407044028,20.58793009502888,20.06196038880312,29.75329154877733,14.87638269640784,16.69895481665942,16.61762302893333,15.73809928418591,16.23049677520678,1.612618488168657,1.410919507284508,1.655055968015125,3.368338909707409,1.78521128688284,1.985939033803014,2.02278370007998,1.646791413086985,1.858092785048415,4.604000025293129,-2.923178696019905,-3.852089444829911,-4.494650155166068,-7.38078671537682,-3.348644492087494,-3.933904812071745,-3.71861892593803,-4.007599857727091,-4.150349388105076
evreg2,6.relative_year_bin_aux#1.treat,9.983424267358775,200.6618114041916,-8.859570898782287,-12.51817855566587,-6.329013726314885,-6.661578515738711,-15.76357906004009,-4.633381446715475,-3.408432620379075,-5.29256702502906,-4.435234527784454,0,-2.859681844165343,-.0331853383526823,1.518554994351053,15.90501153779634,25.99762270254469,16.35493404432437,14.87638269640784,34.65462612222315,13.8105517433626,14.64489157893193,15.98831150259156,13.99314384443688,1.636476553013859,1.774565595019781,2.364146063202882,1.817049716796138,7.01609156010412,3.531657881444698,2.997419656370754,3.433736786357969,2.656780361024082,6.109149338678016,-2.992802401834523,-5.522771499235856,-4.819966443241817,-4.247567458389394,-15.758918659266,-7.513500661473071,-7.18325694210313,-7.477589459634951,-5.874458195081139
evreg2,7.relative_year_bin_aux#1.treat,17.44312126453112,200.6618114041916,-5.091678240331363,-1.410559404012552,-5.996103406162021,-7.50453745921171,-6.376675345394654,-23.08679547671685,-9.694132651248641,-5.42118658217679,-7.965618172959137,0,-4.541253804645097,-.0804630214360895,3.339499823712743,13.49404802679896,9.491449877925922,18.05096694827192,16.69895481665942,13.8105517433626,40.59634687230656,17.13025633878167,12.31720621707134,16.05986606667044,2.628339787824588,.9610874916261778,2.225598088464562,2.053787731521873,2.882188763613474,9.623855567267727,6.059600585345302,5.08025656660497,5.332985084447855,8.116934024839029,-3.920751842211554,-2.497604969504284,-5.171387604074552,-4.421731231802862,-7.438271375094931,-17.95823704631404,-9.33012278126618,-9.036355235769907,-8.864091296767706
evreg2,8.relative_year_bin_aux#1.treat,15.19345324657342,200.6618114041916,-7.447305607404192,-8.754442848983844,-5.436644996051883,-6.980810010387684,-8.182305330318307,-14.33664641973022,-39.17169504034339,-17.70254589290352,-17.28475778523402,0,-3.989359815817945,-.0218287043387209,.3726603394006321,17.69563285656306,23.00440883680495,17.13265232093005,16.61762302893333,14.64489157893193,17.13025633878167,53.71123545989588,18.86488127640283,19.09065480980241,2.520984092165293,1.268347943460173,1.559289876784136,1.90665043794718,2.792607366710468,4.58486826734518,8.725409874185015,4.609044057731173,4.147885652030091,7.581492809213195,-3.537084496173147,-2.99060569362671,-3.680760686746021,-3.853472674110589,-5.92305056503259,-8.38051188537349,-14.6714377128915,-8.480363492187498,-8.683017150644423
evreg2,9.relative_year_bin_aux#1.treat,27.41926690634564,200.6618114041916,-6.200882337291399,-7.907791327577007,-6.477972045959234,-6.757938948470229,-7.79621145857342,-5.837417962789123,-10.88233952190395,-22.9717825301203,-14.38091157054684,0,-5.07265951699058,-.062134518325124,3.883680915565631,13.95457200067025,19.967989280423,17.88225977814794,15.73809928418591,15.98831150259156,12.31720621707134,18.86488127640283,41.49019843623898,27.13486054406861,2.783327640309045,1.745599623532925,2.231594455770005,1.628315933193501,3.620439071384788,4.302296202323146,4.417767181003623,7.86132566933621,6.522686111799245,9.421630200924945,-4.007096502947248,-3.78119469618874,-4.607965856975566,-3.911095460859406,-6.813890902572058,-8.885693506500642,-7.815448519449045,-14.97274525531113,-11.82138924822123
evreg2,10.relative_year_bin_aux#1.treat,12.73820108883336,200.6618114041916,-5.733688662399813,-7.411879036013732,-6.451211302929701,-7.343491677708768,-7.155855679256884,-8.913736742100893,-10.90766430130113,-14.82232017872852,-23.54125857317305,0,-4.587799752289042,-.0415506055676892,1.232452746531025,14.4819694548441,19.58558314789241,17.66670846618897,16.23049677520678,13.99314384443688,16.05986606667044,19.09065480980241,27.13486054406861,44.78849811920034,2.637768965842743,1.723309730421936,2.217642652769911,1.861952843089085,3.229206989818307,5.25585745379498,5.31306332429238,6.559994179172883,10.08254030659503,9.616075285778484,-4.397936032515625,-3.874068753343128,-4.782355732239317,-4.056296556857673,-5.192757989505106,-9.428519168510153,-9.044500530818921,-12.5923081621538,-17.03044055704692
evreg2,1bn.relative_year_bin_aux#1.downup_ac,1.860465984166919,200.6618114041916,-9.739698265997053,-1.774341179201519,-2.678078356958477,-1.570574053984083,-1.695319377523547,-2.762795251485362,-2.662813477394411,-2.999569234708038,-2.8549631666348,0,-4.579182872044757,-.0119107854293578,1.153132947334786,10.02840386153449,1.938375360770879,2.770272024393575,1.612618488168657,1.636476553013859,2.628339787824588,2.520984092165293,2.783327640309045,2.637768965842743,14.89884469876795,4.634258904962472,3.586406836785208,2.438982591220341,2.27820006675848,3.473919904122239,3.389549354941914,3.94550920687939,3.859807298662963,4.561435417169593,-14.80933689116772,-4.609952775139832,-3.581382033533168,-2.434326965243036,-2.268234240132863,-3.471629969111502,-3.398178470239636,-3.95998857498215,-3.867812551158151
evreg2,2.relative_year_bin_aux#1.downup_ac,.6241425444743539,200.6618114041916,-1.93024885527153,-6.520049973706748,-2.858360613901634,-1.372043969779605,-1.747988787872976,-.9616333119589148,-1.230680107684611,-1.752258170934129,-1.762951431790857,0,-2.45203896689518,-.004935174376616,.0734009797127913,2.313929023180206,6.750673146158372,2.971832597793612,1.410919507284508,1.774565595019781,.9610874916261778,1.268347943460173,1.745599623532925,1.723309730421936,4.634258904962472,11.11702457500492,3.845910638948434,2.151212616297775,2.443903208532026,.9184764757645019,1.709363493113977,2.265615901296267,2.298549949615706,2.463767033613073,-4.617346923625948,-11.08770318040734,-3.843197945637029,-2.145389433361645,-2.449600962086935,-.931759134746509,-1.725446537583665,-2.286444805417944,-2.315567862319812
evreg2,3.relative_year_bin_aux#1.downup_ac,2.115995541609419,200.6618114041916,-2.026103076409096,-2.274600979700441,-6.346580622361906,-1.632557364326708,-2.361018848822003,-2.241787868787403,-1.524047469298146,-2.220788834864142,-2.211401590776487,0,-2.885275303921802,-.0152915240999398,.9467684198470206,2.200115967963913,2.341550104632247,6.434498460796559,1.655055968015125,2.364146063202882,2.225598088464562,1.559289876784136,2.231594455770005,2.217642652769911,3.586406836785208,3.845910638948434,8.290503497735246,2.572192862133284,3.020673634026109,2.403640376335326,2.074689991585729,2.702006547569376,2.732407909354769,2.872584468979138,-3.601387562471134,-3.848498754695575,-8.291141103792386,-2.574103378803999,-3.020795041661314,-2.417013027714489,-2.092391760968287,-2.719877820701404,-2.747625292828809
evreg2,4.relative_year_bin_aux#1.downup_ac,1.850202914319069,200.6618114041916,-1.719972097615722,-.9544944448730666,-1.914147736379818,-3.355394963875806,-1.974416646667289,-2.272418451826843,-2.169021177744427,-1.9214591907519,-2.177280400118465,0,-2.522897462149723,-.0008187593668315,.3435364846619303,1.832846092486027,.9985534239539976,1.997739598427334,3.368338909707409,1.817049716796138,2.053787731521873,1.90665043794718,1.628315933193501,1.861952843089085,2.438982591220341,2.151212616297775,2.572192862133284,4.689494367154656,2.562763560984725,2.492424571402067,2.209934697907967,2.315656482035274,2.484693206351451,2.521545925975387,-2.441866642437241,-2.152861985606082,-2.573464461774882,-4.694106187096349,-2.562901419693056,-2.497863730649275,-2.213427681059188,-2.318096418195017,-2.489528577279652
evreg2,6.relative_year_bin_aux#1.downup_ac,4.001848861764195,200.6618114041916,-1.63784975429524,-2.230647871615135,-2.260677742024108,-1.782069460204009,-6.914359731178521,-2.767205518956518,-2.721930514235957,-3.537030055827529,-3.190318329945684,0,-3.906401188208911,-.00020967318619,.5157373878211109,1.559848466378587,2.152606654973685,2.289097602221954,1.78521128688284,7.01609156010412,2.882188763613474,2.792607366710468,3.620439071384788,3.229206989818307,2.27820006675848,2.443903208532026,3.020673634026109,2.562763560984725,10.34610362223624,5.168558355526191,4.510506215561771,5.324523480167286,4.922102952848378,3.893206534607897,-2.277697125432703,-2.456254323752153,-3.023347414485624,-2.57292316455836,-10.34582120726159,-5.172891860325606,-4.512934958943019,-5.325720090771932,-4.927859603082942
evreg2,7.relative_year_bin_aux#1.downup_ac,2.410116560347334,200.6618114041916,-1.837272654813743,-.2199165254609012,-2.006077419786132,-1.95249547930632,-3.907394555143794,-10.05427903223848,-5.052976855084429,-4.763212187607552,-5.699054699338437,0,-5.809108920334189,-.0042875050086565,1.042393163691526,2.238717868994309,.4059862075282423,2.217908498198493,1.985939033803014,3.531657881444698,9.623855567267727,4.58486826734518,4.302296202323146,5.25585745379498,3.473919904122239,.9184764757645019,2.403640376335326,2.492424571402067,5.168558355526191,13.84705016262683,7.666723136528351,7.555957434848156,8.269987643561059,5.775378249062349,-3.464473837738358,-.9149006334630084,-2.403562158026775,-2.494926633693808,-5.166666019459661,-13.83859178004212,-7.664563491502461,-7.549979736329806,-8.263841366076164
evreg2,8.relative_year_bin_aux#1.downup_ac,2.297464332627378,200.6618114041916,-1.994354566472327,-.9517368333433209,-1.967247876781021,-1.98576066195068,-3.313606169595939,-6.587017445961004,-9.318214423817178,-4.977496589403603,-5.874354396120829,0,-5.870876336085884,-.0093252603085581,1.217175180255822,2.35565031848165,1.218569628459122,2.155522180688114,2.02278370007998,2.997419656370754,6.059600585345302,8.725409874185015,4.417767181003623,5.31306332429238,3.389549354941914,1.709363493113977,2.074689991585729,2.209934697907967,4.510506215561771,7.666723136528351,13.5410039889348,8.218611854151668,8.486839932314215,5.831775882909604,-3.385386310610209,-1.711713066528153,-2.069170008409305,-2.215070398578261,-4.51452757211796,-7.663652218878431,-13.54015551890148,-8.213061104658925,-8.486165794406656
evreg2,9.relative_year_bin_aux#1.downup_ac,3.838050489854622,200.6618114041916,-2.052594247545656,-1.112599633797426,-2.222569113950324,-1.634844016839831,-3.55004598156428,-5.270139777677221,-4.928337007338876,-8.236352514916153,-6.952149257290975,0,-6.873370462649752,-.0043284376431119,1.361774899240077,2.198616648817941,1.066853986832305,2.322015896570087,1.646791413086985,3.433736786357969,5.08025656660497,4.609044057731173,7.86132566933621,6.559994179172883,3.94550920687939,2.265615901296267,2.702006547569376,2.315656482035274,5.324523480167286,7.555957434848156,8.218611854151668,13.03982244797144,11.0418726656486,6.834002396642358,-3.933028651009455,-2.262086653380111,-2.696645449741358,-2.317800344912523,-5.327169937460463,-7.555542608165698,-8.212716951314219,-13.02898634268029,-11.03761434418254
evreg2,10.relative_year_bin_aux#1.downup_ac,.967761429372885,200.6618114041916,-1.893756443946791,-.9415664319993997,-2.241071593859572,-1.846869062331683,-2.979375678921219,-5.765005661611047,-4.770259114839392,-7.25628470075363,-10.85935560296669,0,-6.54407667755041,-.0059599635438973,.8017675375076531,2.126477472481312,1.102002907701377,2.310047549131197,1.858092785048415,2.656780361024082,5.332985084447855,4.147885652030091,6.522686111799245,10.08254030659503,3.859807298662963,2.298549949615706,2.732407909354769,2.484693206351451,4.922102952848378,8.269987643561059,8.486839932314215,11.0418726656486,16.70322339435671,6.503185393889785,-3.85992523373525,-2.30036710789574,-2.729181686708066,-2.486350886116214,-4.924001890308298,-8.260844578184175,-8.475163437029346,-11.02520372620978,-16.6869338654229
evreg2,1.treat#1.downup_ac,14.22224736303286,200.6618114041916,-1.735112905507855,-.6618893355119693,-2.146361211537894,-1.987830539350098,-3.077100860508463,-4.973324306909652,-4.480401415233437,-5.562195176112303,-5.103549167561447,0,-9.886359616397298,-.036586883663139,2.38764964168046,4.281553486667776,4.247999418796641,6.157138823448844,4.604000025293129,6.109149338678016,8.116934024839029,7.581492809213195,9.421630200924945,9.616075285778484,4.561435417169593,2.463767033613073,2.872584468979138,2.521545925975387,3.893206534607897,5.775378249062349,5.831775882909604,6.834002396642358,6.503185393889785,23.106104515243,-9.685021769203065,-6.023421716888191,-8.52322188493363,-7.01852365474462,-9.610390580980534,-13.55931435723156,-13.20512728840986,-16.12411984040227,-15.90723716125087
evreg2,1bn.relative_year_bin_aux#1.treat#1.downup_ac,-8.144887373794612,200.6618114041916,11.36347280754481,2.932355830708694,2.944290672171522,1.664893399063248,1.997156037763871,3.162439296913912,2.99334495899292,3.370590881712688,3.342152494094642,0,4.59025852589521,.0270621835523264,-2.288570895772049,-32.11812433041781,-6.344676877469317,-8.305225202503918,-2.923178696019905,-2.992802401834523,-3.920751842211554,-3.537084496173147,-4.007096502947248,-4.397936032515625,-14.80933689116772,-4.617346923625948,-3.601387562471134,-2.441866642437241,-2.277697125432703,-3.464473837738358,-3.385386310610209,-3.933028651009455,-3.85992523373525,-9.685021769203065,47.5980397446152,16.28198035455874,12.05882110800312,7.198923188750188,5.54098706193138,8.221493387547559,7.271534703694768,8.721920207326969,8.14894462932031
evreg2,2.relative_year_bin_aux#1.treat#1.downup_ac,-1.45360474650254,200.6618114041916,2.783482534316692,7.198653197561573,3.022970578839257,1.408637128233734,1.854471713956013,1.161677999510388,1.445265979610926,1.943531768133884,1.895864617483818,0,2.458273912098264,.0086767347212547,-.8770933874046589,-9.915408712885112,-17.94244206206468,-9.86610806797502,-3.852089444829911,-5.522771499235856,-2.497604969504284,-2.99060569362671,-3.78119469618874,-3.874068753343128,-4.609952775139832,-11.08770318040734,-3.848498754695575,-2.152861985606082,-2.456254323752153,-.9149006334630084,-1.711713066528153,-2.262086653380111,-2.30036710789574,-6.023421716888191,16.28198035455874,30.28413286126893,11.90976620679668,4.80266303002586,6.894648563984794,3.863450059904599,4.429231493502884,6.064513504879368,5.443562234641298
evreg2,3.relative_year_bin_aux#1.treat#1.downup_ac,-2.452173862996653,200.6618114041916,2.909649600686532,2.993740802389445,6.585968370705952,1.666860380494987,2.333041938869299,2.144493399760293,1.34245293945269,2.099184123329374,2.096935561640241,0,2.873666903501195,.0184250955457785,-1.030870625430342,-7.181485673961321,-7.429265929981399,-13.90387070628239,-4.494650155166068,-4.819966443241817,-5.171387604074552,-3.680760686746021,-4.607965856975566,-4.782355732239317,-3.581382033533168,-3.843197945637029,-8.291141103792386,-2.573464461774882,-3.023347414485624,-2.403562158026775,-2.069170008409305,-2.696645449741358,-2.729181686708066,-8.52322188493363,12.05882110800312,11.90976620679668,20.95824897990606,7.577507623831002,8.259793633839006,8.10680836449478,6.212607612275558,8.16099102502935,7.775435604319064
evreg2,4.relative_year_bin_aux#1.treat#1.downup_ac,.2386779100165749,200.6618114041916,1.653901307598934,.942649660619338,1.895363446539615,3.364180657047922,1.973254570455227,2.195173623604453,2.021551227768659,1.681059480265205,1.931575403921201,0,2.504082423652385,-.0055491463752645,.1581273987236268,-3.571622340190429,-3.566579361175891,-5.433731827142967,-7.38078671537682,-4.247567458389394,-4.421731231802862,-3.853472674110589,-3.911095460859406,-4.056296556857673,-2.434326965243036,-2.145389433361645,-2.574103378803999,-4.694106187096349,-2.57292316455836,-2.494926633693808,-2.215070398578261,-2.317800344912523,-2.486350886116214,-7.01852365474462,7.198923188750188,4.80266303002586,7.577507623831002,13.60217601205863,6.401406718563668,7.213740553702154,5.749629340196368,6.338302079873495,6.61407145814736
evreg2,6.relative_year_bin_aux#1.treat#1.downup_ac,-2.885333194318541,200.6618114041916,1.487922096690438,2.049414284045919,2.103527912295209,1.758506557248069,7.093454022488455,3.153215619756447,3.239338751874274,4.254195199042306,4.001976168103033,0,3.901279220166681,.0024956070335535,.1110766475216426,-3.319910339691382,-6.043661136595227,-5.187099175621802,-3.348644492087494,-15.758918659266,-7.438271375094931,-5.92305056503259,-6.813890902572058,-5.192757989505106,-2.268234240132863,-2.449600962086935,-3.020795041661314,-2.562901419693056,-10.34582120726159,-5.166666019459661,-4.51452757211796,-5.327169937460463,-4.924001890308298,-9.610390580980534,5.54098706193138,6.894648563984794,8.259793633839006,6.401406718563668,25.60115273212975,12.61535957624236,12.12899358039337,12.09531716523263,11.87078761294758
evreg2,7.relative_year_bin_aux#1.treat#1.downup_ac,-2.970015851064738,200.6618114041916,1.638587218531757,.11989526186164,1.849263263191425,1.924539840903266,4.123032544906708,10.43774041398019,5.499168221720301,5.313560339517545,6.291212449742765,0,5.79500109741099,.0110030410684888,-.0501016637852138,-4.452077151005341,-2.93513175423768,-5.688338623637157,-3.933904812071745,-7.513500661473071,-17.95823704631404,-8.38051188537349,-8.885693506500642,-9.428519168510153,-3.471629969111502,-.931759134746509,-2.417013027714489,-2.497863730649275,-5.172891860325606,-13.83859178004212,-7.663652218878431,-7.555542608165698,-8.260844578184175,-13.55931435723156,8.221493387547559,3.863450059904599,8.10680836449478,7.213740553702154,12.61535957624236,29.55591406510557,16.12816535857111,17.52624524380635,15.69024224457819
evreg2,8.relative_year_bin_aux#1.treat#1.downup_ac,-1.348803746492044,200.6618114041916,1.776466293323764,.7786682443600887,1.857335533346549,1.942779369821621,3.599610177537447,7.057574012870051,9.816975909769036,5.538512724995627,6.490548240632042,0,5.883071985813172,.0174210014846657,-.2558129371648452,-4.162820957594229,-3.968074573159655,-4.350213163350585,-3.71861892593803,-7.18325694210313,-9.33012278126618,-14.6714377128915,-7.815448519449045,-9.044500530818921,-3.398178470239636,-1.725446537583665,-2.092391760968287,-2.213427681059188,-4.512934958943019,-7.664563491502461,-13.54015551890148,-8.212716951314219,-8.475163437029346,-13.20512728840986,7.271534703694768,4.429231493502884,6.212607612275558,5.749629340196368,12.12899358039337,16.12816535857111,26.01218722271486,17.2996623988523,17.06286872702774
evreg2,9.relative_year_bin_aux#1.treat#1.downup_ac,-4.908767119945637,200.6618114041916,1.671403871244761,.8095778900820468,2.012851658135909,1.556683414457747,3.961701554863656,5.878625526998711,5.469490155626707,8.767203458272688,7.418966646546408,0,6.899184911093321,.0119377131813489,-.5143821932020378,-4.452885941827045,-4.353779737788265,-5.952882113923416,-4.007599857727091,-7.477589459634951,-9.036355235769907,-8.480363492187498,-14.97274525531113,-12.5923081621538,-3.95998857498215,-2.286444805417944,-2.719877820701404,-2.318096418195017,-5.325720090771932,-7.549979736329806,-8.213061104658925,-13.02898634268029,-11.02520372620978,-16.12411984040227,8.721920207326969,6.064513504879368,8.16099102502935,6.338302079873495,12.09531716523263,17.52624524380635,17.2996623988523,28.31724839397642,22.15429773767474
evreg2,10.relative_year_bin_aux#1.treat#1.downup_ac,1.18969379861302,200.6618114041916,1.571061450826269,.7013917860536925,2.09736627923403,1.778204670447551,3.207630053508477,6.185535105820053,5.242721663396927,7.727793465761849,11.30297841503376,0,6.552974911990144,.0055341359787029,.2145272967209766,-4.325908612379797,-4.31375236004983,-5.85914761473423,-4.150349388105076,-5.874458195081139,-8.864091296767706,-8.683017150644423,-11.82138924822123,-17.03044055704692,-3.867812551158151,-2.315567862319812,-2.747625292828809,-2.489528577279652,-4.927859603082942,-8.263841366076164,-8.486165794406656,-11.03761434418254,-16.6869338654229,-15.90723716125087,8.14894462932031,5.443562234641298,7.775435604319064,6.61407145814736,11.87078761294758,15.69024224457819,17.06286872702774,22.15429773767474,34.27172820676964
evreg3,1bn.relative_year_bin_aux,-12.24354694174438,200.6618114041916,34.677832289836,18.10142627667492,5.12952949757426,5.417846321075675,4.845308672291226,1.843683811832763,2.504843626154641,1.758250195212916,1.431126879427878,0,7.437625516229496,-.0012800198590465,-1.841151026461725,-28.57850035283328,-14.68801222575823,-3.695815146435852,-4.816017103762882,-6.796279954248917,-4.796362276368922,-5.847209421769596,-4.679712481225637,-4.285001873329942,-13.2303323290159,-1.495347745734141,-6.397366673228539,-5.236796429828775,-2.439576179408243,-6.435760961612401,-6.403755415854214,-3.777763472903272,-3.61121786966141,-6.409646927840934,13.02550233674038,3.250263269154208,6.666509732818142,5.154498959096599,2.592026596830542,6.171502300249789,6.611181783756154,3.972758116268659,3.599732081946738
evreg3,2.relative_year_bin_aux,-.7307074419910489,200.6618114041916,18.10142627667492,32.42441617806341,8.944307761330528,6.607678256544771,5.909929027468586,-1.268188461187629,2.831195357929077,2.088919752949887,1.822964365414139,0,9.787664928856367,-.0290273482396586,1.046183802665915,-12.50421232004915,-29.10298843119632,-7.412393957289998,-6.142361460939957,-8.494143588811871,-2.486955009203007,-7.093075807638817,-6.023459808099247,-5.7064480010785,-4.602458137393771,-20.72033726632822,-9.137160336243211,-6.306075476180313,-5.875680535701822,-4.05076917975454,-8.114742186165069,-5.43004086345321,-5.658591084574839,-9.117343967560883,4.112630120938614,21.78878305325086,9.701864981785443,6.512420980607308,6.228115040412868,3.966171710754198,8.470017455915007,5.87905013049172,5.739301177514814
evreg3,3.relative_year_bin_aux,2.965035006490357,200.6618114041916,5.12952949757426,8.944307761330528,22.57695798595019,5.50565461557041,5.831360860366669,4.266474679902943,2.781933262947666,3.69157685548209,3.600892793609301,0,9.405145403834917,-.0047482550659266,-.2214690412422009,-3.552912834887574,-7.477380597135276,-21.73284796158148,-5.247899508453926,-7.339720651901543,-6.584256444844639,-5.726288323031445,-6.439665296767191,-6.089994941969694,-3.411109676223351,-5.686632280583515,-22.84762602790131,-5.202301287156108,-8.104992053029392,-9.050091622175056,-7.578417896094511,-7.380189614985804,-7.124887647864052,-9.32087241808175,3.060909499080232,6.268427834664743,23.25550418382871,5.362962126187369,8.228497535207874,8.93859059195608,7.999470190496877,7.71041599512648,7.213678975241249
evreg3,4.relative_year_bin_aux,-5.702993141577283,200.6618114041916,5.417846321075675,6.607678256544771,5.50565461557041,10.61392643275427,4.761913204555405,4.731377125615074,4.979134314354912,4.228771973089388,4.47958000991447,0,5.729565267387307,.0195332650131782,-1.552461726756313,-4.904142514281296,-6.249487185776533,-5.334919949718732,-10.42145490978559,-5.29419459621686,-5.377035079891984,-5.894022537186799,-5.128928451667901,-5.412158040501126,-4.550124682841751,-5.699743554585671,-5.188519772961306,-10.23138252087058,-5.027316237488249,-5.850550304544536,-7.238666973979571,-5.35386897337319,-5.399792491648559,-5.625855770557761,4.507922065607693,5.799024259373253,5.207938084559531,10.1470510796473,5.02099216874429,5.63721209293027,7.061553575981335,5.287913554882944,5.338751635877246
evreg3,6.relative_year_bin_aux,8.290701823945097,200.6618114041916,4.845308672291226,5.909929027468586,5.831360860366669,4.761913204555405,17.45351950830567,10.79591228041385,11.61352307885059,12.65198049305147,11.55955306412115,0,4.832658742167491,-.0192735207823918,1.191455219709167,-6.116761964889157,-7.208477016835101,-6.521565199581688,-4.959118597233338,-14.35717472133587,-6.213862566507959,-5.586815415970455,-6.387352771448754,-5.300269898786842,-5.665475604496539,-9.689849577385623,-9.482618664899652,-5.542462931262948,-16.91736481024777,-6.248783866661679,-1.211387811669929,-6.070889259738509,-4.511189930216938,-5.399005096207922,5.907654481382432,9.136225213722378,9.352330593965297,5.894945983894075,17.2401187057669,7.125845875217628,1.5917981044462,6.0229933653059,4.928774778367143
evreg3,7.relative_year_bin_aux,-.2243669716427878,200.6618114041916,1.843683811832763,-1.268188461187629,4.266474679902943,4.731377125615074,10.79591228041385,25.50543950127204,17.29011476064606,14.99070516682759,16.87926061352539,0,1.756022108448769,.009874918483954,.1967907087758021,-4.669936249739004,-1.462674827029794,-5.538677749297284,-5.181475875614383,-6.040857947395249,-18.04476389701506,-7.354137451174464,-3.784978890706096,-5.728145779260007,-4.526005067198492,-4.674619770661495,-8.551534004384639,-5.779890588877088,-9.272680099809342,-17.67288832455722,-.1705437729807844,-3.6877193368183,-4.801726878685718,-2.684757043052632,4.730156791744286,3.506639631290572,8.36370064315614,6.176617087276743,9.717354062629044,19.09771828899903,.8702802628738684,3.129111674515457,4.683208793939834
evreg3,8.relative_year_bin_aux,9.730014684890312,200.6618114041916,2.504843626154641,2.831195357929077,2.781933262947666,4.979134314354912,11.61352307885059,17.29011476064606,43.72478365502765,24.91634401646786,25.28438970901795,0,.41348282171002,-.0358849380505516,4.185902170997012,-5.64139086360466,-6.182401186939331,-4.462572020207288,-5.581896335766563,-4.588814822761852,-6.368020304686346,-27.92641400343789,-6.112498332675059,-6.009083159105108,-4.272701190625352,-8.712232519418336,-7.035726412799752,-6.396500331304141,-9.390681223342536,-6.395177196935102,-17.42944275358765,-6.212026353318624,-6.069358168892432,-2.247529135603267,4.716452963842686,7.73164558344579,7.123089735740981,6.977458661323332,9.927492224144421,8.744158709611243,18.54326343522581,4.929264424272748,4.749468289724616
evreg3,9.relative_year_bin_aux,-1.506578643595222,200.6618114041916,1.758250195212916,2.088919752949887,3.69157685548209,4.228771973089388,12.65198049305147,14.99070516682759,24.91634401646786,35.660580668439,28.14508778248547,0,-2.152157253553435,.0010376429882379,1.897685068986615,-4.216626284339998,-4.808423241567256,-5.026908977760316,-4.848599275621332,-6.338304395650446,-5.019530927784602,-9.893880592221395,-16.27665493949463,-7.831734526164854,-3.123885905063332,-7.975391346198878,-8.017864805510783,-5.297384408247047,-10.88657030670774,-4.5694732569208,2.839675066726332,-16.29888345570162,-8.143804083476816,.7592254255567754,3.41204631247995,6.531427655405215,7.888762748295225,5.912930266463726,11.61648815191957,7.063015267505659,-1.523884835875236,14.40619758278062,5.606745762935175
evreg3,10.relative_year_bin_aux,8.8370354254604,200.6618114041916,1.431126879427878,1.822964365414139,3.600892793609301,4.47958000991447,11.55955306412115,16.87926061352539,25.28438970901795,28.14508778248547,35.3698216347875,0,-3.406625420046771,-.0287617841915664,4.184600388875329,-4.20800492602618,-4.814763882736293,-4.764458178338513,-5.005184688504969,-4.934439969341183,-6.62615210795408,-9.863214723762155,-8.073092761198515,-13.82440933408714,-2.740046947524025,-7.824241888029755,-7.579762071400348,-5.00548141197281,-9.362212468313848,-5.39074007668556,4.473143489871436,-6.083329345856238,-12.81120452443146,1.978563860159678,2.879229314879794,6.44159773647824,7.57771121485024,5.68500595910605,10.21079276792791,8.333151862926105,-2.516647732820648,4.739834511252491,10.53091398457696
evreg3,1o.treat,0,200.6618114041916,0,0,0,0,0,0,0,0,0,0,0,0,0,0,0,0,0,0,0,0,0,0,0,0,0,0,0,0,0,0,0,0,0,0,0,0,0,0,0,0,0
evreg3,1.rice_area_aclvl_ahigh,227.9260810248087,200.6618114041916,7.437625516229496,9.787664928856367,9.405145403834917,5.729565267387307,4.832658742167491,1.756022108448769,.41348282171002,-2.152157253553435,-3.406625420046771,0,106.1603827709163,-.0201426477029798,-.391056781267331,-6.356311461670752,-8.640967158209142,-8.639084878048944,-5.59330192533981,-7.636135862763888,-6.393981286865897,-7.192207456573677,-6.318952288313075,-5.323386055979613,-30.08637328866909,-36.91731467134125,-27.42594511914797,-28.7420594018787,-23.78890593030767,-27.66816445661676,-52.98001412098174,-41.90871634156851,-38.52409950550405,-104.8132126540983,28.99375940927508,37.04917727731409,26.96949024869629,28.30588724597844,23.30465942502524,25.77156944101544,51.6325750811767,41.18824500080315,37.75624879321326
evreg3,wind_direction,-2.146862741695591,200.6618114041916,-.0012800198590465,-.0290273482396586,-.0047482550659266,.0195332650131782,-.0192735207823918,.009874918483954,-.0358849380505516,.0010376429882379,-.0287617841915664,0,-.0201426477029798,.0060802963265673,-.312037690401277,-.0062974680114874,-.0028485418410853,-.0091582451100772,-.0237035292635196,-.0278652138059831,-.0283877684466894,-.0175734696151772,-.0174895219020231,-.010737616628094,-.0101000841827429,-.0667131425531463,.0060944556398714,.0243211088771708,.0084253227341615,.0663097532208298,-.035624315641312,.029615258803277,-.0038134518962827,.0738914683652179,-.0405443051112504,.0130119761550074,-.0430685583637776,-.0380930467659525,-.0113825919449665,-.1026125805914137,.0109479462408933,-.075531027133009,-.0623970012049517
evreg3,av_wind_speed,151.5314536870104,200.6618114041916,-1.841151026461725,1.046183802665915,-.2214690412422009,-1.552461726756313,1.191455219709167,.1967907087758021,4.185902170997012,1.897685068986615,4.184600388875329,0,-.391056781267331,-.312037690401277,31.90872470064183,1.562148229660809,-.3203105306661539,.2660369047807622,1.366640524504852,1.777106125129655,1.612797586674026,.357341408870635,1.55832432996884,.610670615528898,.4369627319777956,1.409321008391585,-.0905351262466224,-1.081279429115848,-.3316025472361333,-3.151278665029845,1.870910424726571,-.3502002835094032,1.151619400478335,-.886121572338689,-1.596140013960963,-4.123564878934451,-.7731280474259179,1.063810514810112,-.5354217915435806,3.499078656743754,-.2650818437482684,4.305856792738484,1.766853553166341
evreg3,1bn.relative_year_bin_aux#1.treat,17.6173591498458,200.6618114041916,-28.57850035283328,-12.50421232004915,-3.552912834887574,-4.904142514281296,-6.116761964889157,-4.669936249739004,-5.64139086360466,-4.216626284339998,-4.20800492602618,0,-6.356311461670752,-.0062974680114874,1.562148229660809,77.39640936114876,32.23527336074538,23.0102132416828,19.49595256688567,18.37275331969324,16.82374437775688,19.932689623866,16.32893332684871,16.2027899466701,14.69803300188995,3.393362666497815,5.035558538355528,5.422280006186826,4.371662300898181,6.018471820095589,4.87021892325047,3.767573888236462,3.101924647656156,20.62044360419193,-68.09052772161093,-25.29372589580969,-24.41896798021314,-20.0823887731752,-16.16782031838134,-17.74358767730445,-18.50831589240747,-15.41729269889726,-15.00515997637594
evreg3,2.relative_year_bin_aux#1.treat,12.26797984315847,200.6618114041916,-14.68801222575823,-29.10298843119632,-7.477380597135276,-6.249487185776533,-7.208477016835101,-1.462674827029794,-6.182401186939331,-4.808423241567256,-4.814763882736293,0,-8.640967158209142,-.0028485418410853,-.3203105306661539,32.23527336074538,78.1339099693264,29.39474477443595,22.38321713672583,23.23031495604132,12.14109541279882,23.0335775381305,19.5394194286648,18.82384984832105,5.806329104397689,21.42698403001676,8.383563663211444,6.238027250415119,6.77087846324483,3.477733737704038,6.527136058019219,5.030234335510345,4.928080015544192,23.55815363410554,-27.05735119169843,-72.99584289178594,-30.62242815084287,-22.45257618954975,-21.88151523547412,-13.09793226630071,-22.23671272205016,-18.65347103369496,-18.09308819856394
evreg3,3.relative_year_bin_aux#1.treat,2.57618151712431,200.6618114041916,-3.695815146435852,-7.412393957289998,-21.73284796158148,-5.334919949718732,-6.521565199581688,-5.538677749297284,-4.462572020207288,-5.026908977760316,-4.764458178338513,0,-8.639084878048944,-.0091582451100772,.2660369047807622,23.0102132416828,29.39474477443595,51.46062053140722,20.08439363092478,19.99084503993631,20.22835921948266,18.94036928004638,19.56865837804517,18.71646151316867,2.64764475436556,5.545936065226661,22.26931592019542,5.155580766264779,8.702595498195109,8.573389749000762,6.445120242146426,7.126524684132523,6.726691978719839,22.70586696105586,-22.29591076961004,-28.40454205682576,-52.20778023297937,-19.9835081126824,-21.33758452322126,-22.06688251016067,-19.6443956136301,-20.3206540493901,-19.38101255691418
evreg3,4.relative_year_bin_aux#1.treat,7.617600125613665,200.6618114041916,-4.816017103762882,-6.142361460939957,-5.247899508453926,-10.42145490978559,-4.959118597233338,-5.181475875614383,-5.581896335766563,-4.848599275621332,-5.005184688504969,0,-5.59330192533981,-.0237035292635196,1.366640524504852,19.49595256688567,22.38321713672583,20.08439363092478,33.70719752266485,16.86087358276757,17.68902373386414,19.51508757461871,17.01851641746718,17.59857105401173,4.574919438794424,5.739310962415707,5.08584350685225,10.23214458561507,5.224810968902536,5.870840309180542,7.031393322031404,5.546180047303618,5.526723404385322,18.39509946619267,-19.24009574932403,-22.09890661275896,-19.98617085823388,-33.44680098537164,-16.79031237994051,-17.98276290167861,-20.42150681989571,-17.33764832722865,-17.69683064878799
evreg3,6.relative_year_bin_aux#1.treat,9.441536073499885,200.6618114041916,-6.796279954248917,-8.494143588811871,-7.339720651901543,-5.29419459621686,-14.35717472133587,-6.040857947395249,-4.588814822761852,-6.338304395650446,-4.934439969341183,0,-7.636135862763888,-.0278652138059831,1.777106125129655,18.37275331969324,23.23031495604132,19.99084503993631,16.86087358276757,32.58157728701727,13.83125285720628,16.78376940807894,15.89745809035412,15.14646946146547,5.500251550080502,7.853810623500688,8.951157675963657,5.293970193609316,14.81581877899106,6.711430675015218,6.02041978737411,7.454041032310831,6.065423681869236,17.75895851440774,-17.14035590259665,-22.73540671447569,-21.28001359385432,-16.63791489838627,-32.74749756984662,-14.16418429833439,-17.75224262778038,-16.4382894443418,-15.65857868444027
evreg3,7.relative_year_bin_aux#1.treat,5.019066448416106,200.6618114041916,-4.796362276368922,-2.486955009203007,-6.584256444844639,-5.377035079891984,-6.213862566507959,-18.04476389701506,-6.368020304686346,-5.019530927784602,-6.62615210795408,0,-6.393981286865897,-.0283877684466894,1.612797586674026,16.82374437775688,12.14109541279882,20.22835921948266,17.68902373386414,13.83125285720628,39.30700427133191,16.29378699112834,12.69555544397479,12.81705678487442,4.549563345190736,2.414202947425873,7.881546726018801,5.689055943267419,6.427592904660962,18.83789473943287,7.683235659891348,6.127231635074928,7.275668122927376,17.40385548024292,-16.16681463841017,-11.77394640642573,-21.17441155414215,-17.73100454215739,-14.10102705814203,-40.29522247224617,-17.78023714589578,-14.04796221057339,-13.57773308165871
evreg3,8.relative_year_bin_aux#1.treat,3.700627866610319,200.6618114041916,-5.847209421769596,-7.093075807638817,-5.726288323031445,-5.894022537186799,-5.586815415970455,-7.354137451174464,-27.92641400343789,-9.893880592221395,-9.863214723762155,0,-7.192207456573677,-.0175734696151772,.357341408870635,19.932689623866,23.0335775381305,18.94036928004638,19.51508757461871,16.78376940807894,16.29378699112834,51.82696500771883,18.10734921859168,15.08765859952893,4.480918621648732,6.152762530465708,6.321928704147278,6.442282018688926,6.045889101921573,7.791372263042629,27.84566900884044,9.494292566276512,9.265264307148895,22.98140046101117,-18.37973336725051,-21.87213334292947,-19.34875252626719,-19.78921720188103,-17.75366090480135,-18.06279558812426,-53.4348702854814,-19.77941543764136,-16.53137249007188
evreg3,9.relative_year_bin_aux#1.treat,3.697619881839052,200.6618114041916,-4.679712481225637,-6.023459808099247,-6.439665296767191,-5.128928451667901,-6.387352771448754,-3.784978890706096,-6.112498332675059,-16.27665493949463,-8.073092761198515,0,-6.318952288313075,-.0174895219020231,1.55832432996884,16.32893332684871,19.5394194286648,19.56865837804517,17.01851641746718,15.89745809035412,12.69555544397479,18.10734921859168,41.54339977351809,27.05543578067812,3.453479670850768,5.121468861955131,7.105745044610482,5.472642341177706,7.373042626423897,6.274638359085239,9.203000254684554,20.05429780633196,11.54409985565278,20.22506011182334,-14.95663267145537,-18.43263771120521,-19.86340490236856,-17.24590142753895,-16.25579141636083,-13.97989245644653,-19.44882723634072,-43.48692290011628,-28.60485610034634
evreg3,10.relative_year_bin_aux#1.treat,-.3022015780828653,200.6618114041916,-4.285001873329942,-5.7064480010785,-6.089994941969694,-5.412158040501126,-5.300269898786842,-5.728145779260007,-6.009083159105108,-7.831734526164854,-13.82440933408714,0,-5.323386055979613,-.010737616628094,.610670615528898,16.2027899466701,18.82384984832105,18.71646151316867,17.59857105401173,15.14646946146547,12.81705678487442,15.08765859952893,27.05543578067812,48.50855637644139,3.122359296488448,5.003849798138314,6.638375086458809,5.261465099423098,5.959733658230656,7.063321667002106,7.661520713027561,9.755923345071496,16.04823521027793,19.75774358124504,-14.4657370460918,-17.6484302825946,-18.74876204047667,-17.39370521773938,-15.42829924170282,-13.30469852632482,-15.23198634441333,-27.2582887524275,-48.84936276549676
evreg3,1bn.relative_year_bin_aux#1.rice_area_aclvl_ahigh,20.82994147509743,200.6618114041916,-13.2303323290159,-4.602458137393771,-3.411109676223351,-4.550124682841751,-5.665475604496539,-4.526005067198492,-4.272701190625352,-3.123885905063332,-2.740046947524025,0,-30.08637328866909,-.0101000841827429,.4369627319777956,14.69803300188995,5.806329104397689,2.64764475436556,4.574919438794424,5.500251550080502,4.549563345190736,4.480918621648732,3.453479670850768,3.122359296488448,116.0417114740356,45.09556050142955,10.62607760441044,20.12063738420147,24.43338847152044,20.81059323024634,27.93955311796898,20.09467748399938,18.43747372937695,28.69129137521568,-112.3173630754,-43.83000787208831,-10.66416352283622,-20.03555559340603,-24.27367178377053,-20.26354138925537,-27.51141768568617,-19.38282403108257,-17.68405165623453
evreg3,2.relative_year_bin_aux#1.rice_area_aclvl_ahigh,11.6916035368692,200.6618114041916,-1.495347745734141,-20.72033726632822,-5.686632280583515,-5.699743554585671,-9.689849577385623,-4.674619770661495,-8.712232519418336,-7.975391346198878,-7.824241888029755,0,-36.91731467134125,-.0667131425531463,1.409321008391585,3.393362666497815,21.42698403001676,5.545936065226661,5.739310962415707,7.853810623500688,2.414202947425873,6.152762530465708,5.121468861955131,5.003849798138314,45.09556050142955,146.393269018666,28.96083475193964,39.24774016484585,46.99381119010237,6.830403966156014,38.92358251826043,32.46546071852445,30.87969681342047,35.54798176771602,-41.83542697531128,-144.8985710648443,-28.46216320335839,-38.85604341465568,-47.42178657468122,-7.304299060313264,-39.32299284788061,-32.15625322397408,-30.92176597142868
evreg3,3.relative_year_bin_aux#1.rice_area_aclvl_ahigh,23.79630776619955,200.6618114041916,-6.397366673228539,-9.137160336243211,-22.84762602790131,-5.188519772961306,-9.482618664899652,-8.551534004384639,-7.035726412799752,-8.017864805510783,-7.579762071400348,0,-27.42594511914797,.0060944556398714,-.0905351262466224,5.035558538355528,8.383563663211444,22.26931592019542,5.08584350685225,8.951157675963657,7.881546726018801,6.321928704147278,7.105745044610482,6.638375086458809,10.62607760441044,28.96083475193964,91.86740474049446,27.92648019471374,25.56229254591123,28.34923598187146,24.05853776283542,26.67844744551642,26.37048246576941,27.50520755733406,-11.75888645510572,-29.38596586029107,-92.05230379287815,-28.04322571580576,-26.19830109211885,-29.07831063055086,-24.79691222148448,-27.04827738316453,-26.40497947211397
evreg3,4.relative_year_bin_aux#1.rice_area_aclvl_ahigh,-7.70859183250087,200.6618114041916,-5.236796429828775,-6.306075476180313,-5.202301287156108,-10.23138252087058,-5.542462931262948,-5.779890588877088,-6.396500331304141,-5.297384408247047,-5.00548141197281,0,-28.7420594018787,.0243211088771708,-1.081279429115848,5.422280006186826,6.238027250415119,5.155580766264779,10.23214458561507,5.293970193609316,5.689055943267419,6.442282018688926,5.472642341177706,5.261465099423098,20.12063738420147,39.24774016484585,27.92648019471374,53.61326472623077,25.29643314091568,30.36095877288181,29.90980185232743,28.45219856072579,29.08250508479055,28.73114487395302,-20.21943110217066,-39.1817812445322,-27.86180425284818,-53.57922148921549,-25.24585262572403,-30.32758127827861,-30.0848321880244,-28.53667715676309,-28.80240991365091
evreg3,6.relative_year_bin_aux#1.rice_area_aclvl_ahigh,-1.544986033896822,200.6618114041916,-2.439576179408243,-5.875680535701822,-8.104992053029392,-5.027316237488249,-16.91736481024777,-9.272680099809342,-9.390681223342536,-10.88657030670774,-9.362212468313848,0,-23.78890593030767,.0084253227341615,-.3316025472361333,4.371662300898181,6.77087846324483,8.702595498195109,5.224810968902536,14.81581877899106,6.427592904660962,6.045889101921573,7.373042626423897,5.959733658230656,24.43338847152044,46.99381119010237,25.56229254591123,25.29643314091568,58.53446875185389,20.75207134407777,22.62071478290365,25.47596863574776,24.29362632512331,24.08847871667291,-24.40900357621972,-46.7516279198302,-25.64241899712228,-25.26460451971309,-57.9987827727016,-20.67867280797436,-22.09091478419284,-25.56624112485184,-24.52448602386177
evreg3,7.relative_year_bin_aux#1.rice_area_aclvl_ahigh,-15.34427288991433,200.6618114041916,-6.435760961612401,-4.05076917975454,-9.050091622175056,-5.850550304544536,-6.248783866661679,-17.67288832455722,-6.395177196935102,-4.5694732569208,-5.39074007668556,0,-27.66816445661676,.0663097532208298,-3.151278665029845,6.018471820095589,3.477733737704038,8.573389749000762,5.870840309180542,6.711430675015218,18.83789473943287,7.791372263042629,6.274638359085239,7.063321667002106,20.81059323024634,6.830403966156014,28.34923598187146,30.36095877288181,20.75207134407777,82.80564361805047,41.77949270647127,19.41850992864257,27.11341814782545,28.20633313928469,-21.60964096188437,-7.515115141296186,-28.74296662939694,-30.61334622485595,-20.02481428640057,-81.18485864917425,-39.91710527952885,-18.14713194484787,-26.17873617798551
evreg3,8.relative_year_bin_aux#1.rice_area_aclvl_ahigh,-7.222596617403222,200.6618114041916,-6.403755415854214,-8.114742186165069,-7.578417896094511,-7.238666973979571,-1.211387811669929,-.1705437729807844,-17.42944275358765,2.839675066726332,4.473143489871436,0,-52.98001412098174,-.035624315641312,1.870910424726571,4.87021892325047,6.527136058019219,6.445120242146426,7.031393322031404,6.02041978737411,7.683235659891348,27.84566900884044,9.203000254684554,7.661520713027561,27.93955311796898,38.92358251826043,24.05853776283542,29.90980185232743,22.62071478290365,41.77949270647127,144.4692791810586,51.17325705651931,44.67650007123206,51.85389394508993,-27.26175608292827,-38.92996729622765,-23.96108418854967,-29.90366099521611,-21.16390912565177,-37.90111737686053,-140.5185940596505,-47.55594835874531,-41.75628076415428
evreg3,9.relative_year_bin_aux#1.rice_area_aclvl_ahigh,-36.12038113329947,200.6618114041916,-3.777763472903272,-5.43004086345321,-7.380189614985804,-5.35386897337319,-6.070889259738509,-3.6877193368183,-6.212026353318624,-16.29888345570162,-6.083329345856238,0,-41.90871634156851,.029615258803277,-.3502002835094032,3.767573888236462,5.030234335510345,7.126524684132523,5.546180047303618,7.454041032310831,6.127231635074928,9.494292566276512,20.05429780633196,9.755923345071496,20.09467748399938,32.46546071852445,26.67844744551642,28.45219856072579,25.47596863574776,19.41850992864257,51.17325705651931,93.21010072885441,54.96643877574582,41.71700660125401,-20.20280284615827,-32.99127028560203,-26.64596951924478,-28.6210306611853,-24.78070419271256,-17.41987353202028,-49.01289476714547,-90.65545437728028,-52.71758173517845
evreg3,10.relative_year_bin_aux#1.rice_area_aclvl_ahigh,-14.32864447364155,200.6618114041916,-3.61121786966141,-5.658591084574839,-7.124887647864052,-5.399792491648559,-4.511189930216938,-4.801726878685718,-6.069358168892432,-8.143804083476816,-12.81120452443146,0,-38.52409950550405,-.0038134518962827,1.151619400478335,3.101924647656156,4.928080015544192,6.726691978719839,5.526723404385322,6.065423681869236,7.275668122927376,9.265264307148895,11.54409985565278,16.04823521027793,18.43747372937695,30.87969681342047,26.37048246576941,29.08250508479055,24.29362632512331,27.11341814782545,44.67650007123206,54.96643877574582,82.87249487492761,38.1623288243091,-18.30308768371295,-31.11093322849898,-26.08784516504095,-29.07209911739145,-23.76357682698243,-25.41422854191316,-42.93613999838491,-52.85078642298744,-80.91959533143373
evreg3,1.treat#1.rice_area_aclvl_ahigh,-241.3872491831227,200.6618114041916,-6.409646927840934,-9.117343967560883,-9.32087241808175,-5.625855770557761,-5.399005096207922,-2.684757043052632,-2.247529135603267,.7592254255567754,1.978563860159678,0,-104.8132126540983,.0738914683652179,-.886121572338689,20.62044360419193,23.55815363410554,22.70586696105586,18.39509946619267,17.75895851440774,17.40385548024292,22.98140046101117,20.22506011182334,19.75774358124504,28.69129137521568,35.54798176771602,27.50520755733406,28.73114487395302,24.08847871667291,28.20633313928469,51.85389394508993,41.71700660125401,38.1623288243091,286.5041855280579,-70.11468208726134,-88.45902872711751,-73.2419832668557,-62.9175048141218,-53.21289530199324,-54.46127410079294,-87.93257576914084,-75.23684358191707,-73.27961725641789
evreg3,1bn.relative_year_bin_aux#1.treat#1.rice_area_aclvl_ahigh,.7230843623263041,200.6618114041916,13.02550233674038,4.112630120938614,3.060909499080232,4.507922065607693,5.907654481382432,4.730156791744286,4.716452963842686,3.41204631247995,2.879229314879794,0,28.99375940927508,-.0405443051112504,-1.596140013960963,-68.09052772161093,-27.05735119169843,-22.29591076961004,-19.24009574932403,-17.14035590259665,-16.16681463841017,-18.37973336725051,-14.95663267145537,-14.4657370460918,-112.3173630754,-41.83542697531128,-11.75888645510572,-20.21943110217066,-24.40900357621972,-21.60964096188437,-27.26175608292827,-20.20280284615827,-18.30308768371295,-70.11468208726134,270.6236501471236,90.11892512018439,62.94295610810016,52.58361023687647,52.66595798829986,46.74207639174193,60.11742809721088,45.22028769814077,44.71792816305613
evreg3,2.relative_year_bin_aux#1.treat#1.rice_area_aclvl_ahigh,5.718575449399319,200.6618114041916,3.250263269154208,21.78878305325086,6.268427834664743,5.799024259373253,9.136225213722378,3.506639631290572,7.73164558344579,6.531427655405215,6.44159773647824,0,37.04917727731409,.0130119761550074,-4.123564878934451,-25.29372589580969,-72.99584289178594,-28.40454205682576,-22.09890661275896,-22.73540671447569,-11.77394640642573,-21.87213334292947,-18.43263771120521,-17.6484302825946,-43.83000787208831,-144.8985710648443,-29.38596586029107,-39.1817812445322,-46.7516279198302,-7.515115141296186,-38.92996729622765,-32.99127028560203,-31.11093322849898,-88.45902872711751,90.11892512018439,321.09466567801,99.14330099317684,81.42974750564356,97.85633313129924,31.03115708446856,88.54040430058939,74.84246456589561,72.18361743603981
evreg3,3.relative_year_bin_aux#1.treat#1.rice_area_aclvl_ahigh,-3.577663488561555,200.6618114041916,6.666509732818142,9.701864981785443,23.25550418382871,5.207938084559531,9.352330593965297,8.36370064315614,7.123089735740981,7.888762748295225,7.57771121485024,0,26.96949024869629,-.0430685583637776,-.7731280474259179,-24.41896798021314,-30.62242815084287,-52.20778023297937,-19.98617085823388,-21.28001359385432,-21.17441155414215,-19.34875252626719,-19.86340490236856,-18.74876204047667,-10.66416352283622,-28.46216320335839,-92.05230379287815,-27.86180425284818,-25.64241899712228,-28.74296662939694,-23.96108418854967,-26.64596951924478,-26.08784516504095,-73.2419832668557,62.94295610810016,99.14330099317684,195.6947851312492,78.2992318693276,63.06376265085526,70.88064801812119,66.87728163523386,66.796412763577,64.64287287888151
evreg3,4.relative_year_bin_aux#1.treat#1.rice_area_aclvl_ahigh,13.33735173902715,200.6618114041916,5.154498959096599,6.512420980607308,5.362962126187369,10.1470510796473,5.894945983894075,6.176617087276743,6.977458661323332,5.912930266463726,5.68500595910605,0,28.30588724597844,-.0380930467659525,1.063810514810112,-20.0823887731752,-22.45257618954975,-19.9835081126824,-33.44680098537164,-16.63791489838627,-17.73100454215739,-19.78921720188103,-17.24590142753895,-17.39370521773938,-20.03555559340603,-38.85604341465568,-28.04322571580576,-53.57922148921549,-25.26460451971309,-30.61334622485595,-29.90366099521611,-28.6210306611853,-29.07209911739145,-62.9175048141218,52.58361023687647,81.42974750564356,78.2992318693276,112.6722556565126,54.96470977145118,64.47162742263545,65.19307086548473,60.78764200145947,61.02545012631912
evreg3,6.relative_year_bin_aux#1.treat#1.rice_area_aclvl_ahigh,-1.726985073198927,200.6618114041916,2.592026596830542,6.228115040412868,8.228497535207874,5.02099216874429,17.2401187057669,9.717354062629044,9.927492224144421,11.61648815191957,10.21079276792791,0,23.30465942502524,-.0113825919449665,-.5354217915435806,-16.16782031838134,-21.88151523547412,-21.33758452322126,-16.79031237994051,-32.74749756984662,-14.10102705814203,-17.75366090480135,-16.25579141636083,-15.42829924170282,-24.27367178377053,-47.42178657468122,-26.19830109211885,-25.24585262572403,-57.9987827727016,-20.02481428640057,-21.16390912565177,-24.78070419271256,-23.76357682698243,-53.21289530199324,52.66595798829986,97.85633313129924,63.06376265085526,54.96470977145118,112.4665963460866,42.20990055279379,52.60898862822478,53.37747613952565,51.13219714866671
evreg3,7.relative_year_bin_aux#1.treat#1.rice_area_aclvl_ahigh,27.26785660311287,200.6618114041916,6.171502300249789,3.966171710754198,8.93859059195608,5.63721209293027,7.125845875217628,19.09771828899903,8.744158709611243,7.063015267505659,8.333151862926105,0,25.77156944101544,-.1026125805914137,3.499078656743754,-17.74358767730445,-13.09793226630071,-22.06688251016067,-17.98276290167861,-14.16418429833439,-40.29522247224617,-18.06279558812426,-13.97989245644653,-13.30469852632482,-20.26354138925537,-7.304299060313264,-29.07831063055086,-30.32758127827861,-20.67867280797436,-81.18485864917425,-37.90111737686053,-17.41987353202028,-25.41422854191316,-54.46127410079294,46.74207639174193,31.03115708446856,70.88064801812119,64.47162742263545,42.20990055279379,138.3687944050581,62.50171009008428,38.05325017174921,52.00695817526488
evreg3,8.relative_year_bin_aux#1.treat#1.rice_area_aclvl_ahigh,27.66059375105578,200.6618114041916,6.611181783756154,8.470017455915007,7.999470190496877,7.061553575981335,1.5917981044462,.8702802628738684,18.54326343522581,-1.523884835875236,-2.516647732820648,0,51.6325750811767,.0109479462408933,-.2650818437482684,-18.50831589240747,-22.23671272205016,-19.6443956136301,-20.42150681989571,-17.75224262778038,-17.78023714589578,-53.4348702854814,-19.44882723634072,-15.23198634441333,-27.51141768568617,-39.32299284788061,-24.79691222148448,-30.0848321880244,-22.09091478419284,-39.91710527952885,-140.5185940596505,-49.01289476714547,-42.93613999838491,-87.93257576914084,60.11742809721088,88.54040430058939,66.87728163523386,65.19307086548473,52.60898862822478,62.50171009008428,216.7063241284968,77.36161491291449,73.49979714340536
evreg3,9.relative_year_bin_aux#1.treat#1.rice_area_aclvl_ahigh,51.9096963702298,200.6618114041916,3.972758116268659,5.87905013049172,7.71041599512648,5.287913554882944,6.0229933653059,3.129111674515457,4.929264424272748,14.40619758278062,4.739834511252491,0,41.18824500080315,-.075531027133009,4.305856792738484,-15.41729269889726,-18.65347103369496,-20.3206540493901,-17.33764832722865,-16.4382894443418,-14.04796221057339,-19.77941543764136,-43.48692290011628,-27.2582887524275,-19.38282403108257,-32.15625322397408,-27.04827738316453,-28.53667715676309,-25.56624112485184,-18.14713194484787,-47.55594835874531,-90.65545437728028,-52.85078642298744,-75.23684358191707,45.22028769814077,74.84246456589561,66.796412763577,60.78764200145947,53.37747613952565,38.05325017174921,77.36161491291449,160.6445427138583,97.08433061049745
evreg3,10.relative_year_bin_aux#1.treat#1.rice_area_aclvl_ahigh,34.68124170132567,200.6618114041916,3.599732081946738,5.739301177514814,7.213678975241249,5.338751635877246,4.928774778367143,4.683208793939834,4.749468289724616,5.606745762935175,10.53091398457696,0,37.75624879321326,-.0623970012049517,1.766853553166341,-15.00515997637594,-18.09308819856394,-19.38101255691418,-17.69683064878799,-15.65857868444027,-13.57773308165871,-16.53137249007188,-28.60485610034634,-48.84936276549676,-17.68405165623453,-30.92176597142868,-26.40497947211397,-28.80240991365091,-24.52448602386177,-26.17873617798551,-41.75628076415428,-52.71758173517845,-80.91959533143373,-73.27961725641789,44.71792816305613,72.18361743603981,64.64287287888151,61.02545012631912,51.13219714866671,52.00695817526488,73.49979714340536,97.08433061049745,163.7735238857098
evreg4,1bn.relative_year_bin_aux,-5.917490551387579,200.6618114041916,18.4386091738703,10.44620201866735,7.817376875735531,4.438279526915676,2.377977203474098,1.616316239829863,.7677271122257299,.4639751837281564,.391174454544825,0,5.932252650425506,-.0085818020568223,-.7623131643127702,-14.26745945102403,-8.824535947887474,-6.319875195789055,-3.881367004915748,-4.449803111255598,-4.609486681483486,-4.171399251373447,-3.927146456285198,-3.76277730420414,.438631636350548,4.469465093980625,-8.767576472361435,-4.453236156815843,-1.003420583959208,-7.274184779252122,-7.503471096982798,-4.206889312451189,-4.507530126517108,-5.609292788680129,.4367952039169401,-.3380264888541955,9.17377817343097,4.523321867518781,1.887336223497949,7.150824770826276,7.744315805170719,5.141066100531619,5.272684501483326
evreg4,2.relative_year_bin_aux,3.252037810616493,200.6618114041916,10.44620201866735,14.15931938939214,6.481930687353506,3.009592596410074,.784022906139765,.3859111793847225,-.0071683157919824,-.2156487730499562,-.373742087851339,0,5.294231099822313,-.0181423575038039,.2274577634150716,-6.752818939818035,-12.38042474169316,-5.205316502975358,-2.622359561804439,-2.835350289207591,-3.419054160726357,-3.408888220853841,-3.264769623302821,-3.072637952390565,1.11633287491831,-2.557336240636509,-5.861360677818636,-2.747452345689697,.024803769430515,-5.559581084754104,-6.489673216541637,-3.528720589184783,-3.67394925636898,-5.310055409947749,-.6550077631495098,5.774383693097022,6.667678733220349,3.101041365686491,.8709424018823293,5.672810762155185,6.829520251371756,4.481433827815282,4.490094962528038
evreg4,3.relative_year_bin_aux,1.825393052248386,200.6618114041916,7.817376875735531,6.481930687353506,10.27389437420805,3.070786861171082,2.518410410424226,1.939414276971061,.8585087830876089,1.213909833830988,1.135706912318219,0,5.428533821612981,-.0149589176538266,.2080641081836346,-5.715928739256134,-5.134443736085713,-9.403020024815437,-2.814189820203913,-3.930963479551618,-4.031986619644251,-3.371617471823563,-3.842955908548396,-3.59508835754104,-2.372007159367028,.0009849782544953,-9.057687538130523,-2.735809999821709,-2.423046555555334,-5.40646868198297,-5.755757147338935,-4.19739533357878,-4.08275463686328,-5.771538294892178,2.870165477025985,1.960303502833743,9.877323007625744,3.011523415570875,2.95713076603707,5.552893406650026,5.958487711531302,4.990319317304851,4.874487804396074
evreg4,4.relative_year_bin_aux,-2.530382943414953,200.6618114041916,4.438279526915676,3.009592596410074,3.070786861171082,5.145557093184653,1.379468297941551,1.170003003386043,.5926502633097566,.5722548734320492,.8375165686758027,0,3.001305383696634,.0118019347996676,-.8889408175186199,-3.612120963453173,-2.462397928327925,-2.769735205270106,-4.965181707797878,-2.208208073172026,-2.284243852239281,-2.055546364959016,-2.179515011090287,-2.466867371476783,-2.885398901840792,-1.283123803491827,-2.256364824281309,-4.763688001485567,-1.538004642462746,-2.454442241849541,-3.499019343377752,-2.30841090491082,-2.735220985770825,-2.860942264145236,2.747936109951375,1.609425836416581,2.403777018217201,4.75836824416002,1.574737643024424,2.260564622594963,3.214744383764465,2.234482511063157,2.57098215429894
evreg4,6.relative_year_bin_aux,8.89823309755201,200.6618114041916,2.377977203474098,.784022906139765,2.518410410424226,1.379468297941551,13.24170571413299,9.088162501550753,8.819067552987566,10.25508733558348,9.21191668959238,0,.6860892676249569,-.0243441884320921,1.844861587340916,-3.969669599482424,-1.876207996591896,-3.311687508198873,-1.729831502683413,-9.679870900446415,-4.063657991297321,-2.633724971159177,-3.565953802654457,-2.546792729572935,-4.640788593242904,-5.224907215032295,-5.154918204752088,-1.765592312520846,-12.09257724252446,-3.204377842087297,4.648823508623204,-1.63503782120845,-.2671501929287599,-1.346001884472039,4.546739517588891,3.466862236836409,4.726602214537315,2.235065973789412,12.14297973875917,4.17701720670971,-3.355586194550197,2.116200435261117,1.234638522857431
evreg4,7.relative_year_bin_aux,1.913479015692609,200.6618114041916,1.616316239829863,.3859111793847225,1.939414276971061,1.170003003386043,9.088162501550753,18.56448249233359,10.91947813736399,12.87604718087581,13.66506613982338,0,-2.368539809350196,-.0087675465190051,1.562860410649931,-3.696018323891103,-2.010902995586654,-2.871899540227687,-1.728668927762484,-4.385569489100033,-11.47499189298027,-1.793521867730148,-2.327322710822154,-3.0215318882796,-4.0257471919949,-6.526630684824983,-4.990271166125754,-1.352405705060453,-7.513657231601068,-9.248620417613749,10.37361362261201,1.334930202713992,.551298434862141,1.537595886117325,3.746166602348996,3.598693576366701,4.354502011356551,1.972552241958792,7.491518674240385,10.73031604197102,-8.452831734261691,-.8893163036177697,.2124699587709697
evreg4,8.relative_year_bin_aux,8.007822076231456,200.6618114041916,.7677271122257299,-.0071683157919824,.8585087830876089,.5926502633097566,8.819067552987566,10.91947813736399,20.46091742378715,15.53325075032186,16.66486711482436,0,-5.404465188626284,-.0252368425804171,2.964580135108319,-3.021785608270996,-1.977028012620673,-1.951317788543491,-1.277678698518825,-3.200331342443881,-2.432391625107491,-8.777851088831763,-1.444501879016452,-1.977412885019412,-2.956933549845479,-6.451996863607572,-4.212528949190533,-.7699421554430365,-6.992521292226575,.2093825372333597,7.675234618838884,3.570470726110174,2.474919243537339,3.997896095622563,2.875966180851877,3.563428959628543,3.719240478253988,1.616891236413129,7.189427328433701,2.021659818081881,-4.885128769804058,-2.846774279831286,-1.786324122231278
evreg4,9.relative_year_bin_aux,2.290646199703229,200.6618114041916,.4639751837281564,-.2156487730499562,1.213909833830988,.5722548734320492,10.25508733558348,12.87604718087581,15.53325075032186,23.10996350247132,20.36097942866197,0,-7.517049014484205,-.0101540496746356,2.553783664637066,-2.713302733097281,-1.672556608020907,-2.329128414965293,-1.396523801466024,-4.190691779204193,-3.760040026444594,-2.562630000167171,-6.736803765744338,-2.919618471173446,-2.365971004851402,-6.66798932918481,-4.787640233023438,-.454641465531742,-8.446891818206373,-.870419794540943,16.47791826322023,-.3478353396155837,2.128304639023691,6.014149446998342,2.231713057181149,3.343419844028455,4.116941954640764,1.423704099147849,8.609939581951236,3.351581453134613,-13.43501021554201,1.172062598037878,-2.010949232077182
evreg4,10.relative_year_bin_aux,5.110447768145661,200.6618114041916,.391174454544825,-.373742087851339,1.135706912318219,.8375165686758027,9.21191668959238,13.66506613982338,16.66486711482436,20.36097942866197,26.02939652792148,0,-8.354558775056816,-.0220606205387957,3.298145707997764,-2.73953115482211,-1.67173600079924,-2.081271361868132,-1.581694206626334,-2.914259024365929,-4.230269233908293,-3.14670865525413,-3.172972373971953,-7.354260839798706,-2.090273353661741,-6.307944978244483,-4.633480252686698,-.4977997714091785,-7.276790238240767,-1.379257373506699,16.90226980437782,4.327265603396723,-1.326924493441233,6.778734625377242,1.861210313391158,3.069322491754719,4.041065770169073,1.523887839896957,7.543444481418078,4.235341197165855,-13.48634864549011,-2.815392394022547,2.104350465785302
evreg4,1o.treat,0,200.6618114041916,0,0,0,0,0,0,0,0,0,0,0,0,0,0,0,0,0,0,0,0,0,0,0,0,0,0,0,0,0,0,0,0,0,0,0,0,0,0,0,0,0
evreg4,1.rice_harvarea_aclvl_ahigh,232.0271353201493,200.6618114041916,5.932252650425506,5.294231099822313,5.428533821612981,3.001305383696634,.6860892676249569,-2.368539809350196,-5.404465188626284,-7.517049014484205,-8.354558775056816,0,100.95541908123,-.023126466955945,-.4945117823544938,-5.058034571556839,-4.500971128724172,-4.670321797181747,-2.636671037067298,-4.521328341606877,-3.921667850516784,-3.45054980110511,-3.072687194987202,-2.788030291346444,-31.74302667835005,-35.70263241818006,-23.17886684307955,-29.53855898885956,-21.55856222889822,-25.76034697312623,-59.88596725776994,-44.5098976193879,-41.16612509244566,-99.80894031800598,31.60197734339733,37.53744173815027,23.21180994856268,28.3314117098848,21.68672086681044,24.64521627656151,58.5693768691757,43.18274070864241,40.71994521280087
evreg4,wind_direction,-2.146734521135608,200.6618114041916,-.0085818020568223,-.0181423575038039,-.0149589176538266,.0118019347996676,-.0243441884320921,-.0087675465190051,-.0252368425804171,-.0101540496746356,-.0220606205387957,0,-.023126466955945,.0060789620380048,-.311957648277547,.0269080287698582,.0086934649146971,.0095690147660953,-.0097105349045902,-.0096073610068535,.0005354749742203,-.0030942504401491,.0078080473608084,.0064660661911991,-.003501493437084,-.09549394178954,.0365493962413998,.0327946246658884,.0178534691148029,.0994284848933401,-.0588470417057405,.0402292216915977,-.0181818790418405,.1009650311278328,-.1068859064090837,-.0119034936668728,-.0906868530184336,-.0626123222111539,-.0549972540636125,-.1592637946447419,-.0206448297900786,-.1174363993986106,-.0973014265980219
evreg4,av_wind_speed,151.4658494552488,200.6618114041916,-.7623131643127702,.2274577634150716,.2080641081836346,-.8889408175186199,1.844861587340916,1.562860410649931,2.964580135108319,2.553783664637066,3.298145707997764,0,-.4945117823544938,-.311957648277547,31.91029224707555,-.471541043373444,-.0715490631700768,-.2415238450821163,.533066155201332,.6277015107398067,-.0952761647155157,.4790148300754291,.3363465587811127,.8883571140842441,-1.791218418853249,3.392880591731804,-1.661872677170304,-2.063050200992671,-1.672649562600234,-5.579768078046954,4.920939691338891,-.6964858243421025,3.426866766010614,-.8955116389690184,2.814122103999545,-4.951297233246896,.7717623560461323,2.470747439661643,2.206338605875688,6.824087430013293,-.553771887934439,6.217237066262038,.8269953401126415
evreg4,1bn.relative_year_bin_aux#1.treat,3.909456932263411,200.6618114041916,-14.26745945102403,-6.752818939818035,-5.715928739256134,-3.612120963453173,-3.969669599482424,-3.696018323891103,-3.021785608270996,-2.713302733097281,-2.73953115482211,0,-5.058034571556839,.0269080287698582,-.471541043373444,47.38194123417352,22.03536420577981,20.2750647554029,15.58289586196118,13.75797151833976,14.29379970286962,12.75583332360852,12.46323274697999,12.09061187371115,6.13510272955526,.73014842697723,6.572084306062655,3.881524625268907,3.475478510593367,5.702102192901534,3.955615843551111,3.636757157798638,3.48545124326132,15.11909867356214,-41.90837215215679,-17.7351828360503,-21.2523591247027,-16.03440890414107,-12.89604354247333,-15.69905661872186,-12.83301027252081,-12.55584411402953,-12.2895207660702
evreg4,2.relative_year_bin_aux#1.treat,3.605101663443849,200.6618114041916,-8.824535947887474,-12.38042474169316,-5.134443736085713,-2.462397928327925,-1.876207996591896,-2.010902995586654,-1.977028012620673,-1.672556608020907,-1.67173600079924,0,-4.500971128724172,.0086934649146971,-.0715490631700768,22.03536420577981,38.66960970872775,20.81103745894999,9.805625379869236,10.6307412257137,10.58631376216182,10.47335344240462,9.921696010033022,9.272587761516611,1.859725534199929,6.060167548282345,5.113678670681939,2.351974464352541,1.340167825965394,4.138730507398561,3.660755300995189,2.929275304976988,2.889322534164594,12.25639956458296,-18.14470175584524,-34.72609118632097,-21.17793201642822,-9.818433585134613,-9.487332044550058,-11.63118784686998,-10.88264449552511,-9.885969473572205,-9.410851423317132
evreg4,3.relative_year_bin_aux#1.treat,1.622207351502428,200.6618114041916,-6.319875195789055,-5.205316502975358,-9.403020024815437,-2.769735205270106,-3.311687508198873,-2.871899540227687,-1.951317788543491,-2.329128414965293,-2.081271361868132,0,-4.670321797181747,.0095690147660953,-.2415238450821163,20.2750647554029,20.81103745894999,30.71069949711103,13.7989780491599,14.67064405343356,14.7969422977492,12.90870609257918,13.79443607172692,13.01649331125738,3.125970340456941,1.676326109067833,9.001930194744533,2.567958018039084,3.231512107442708,4.422473758920951,3.708094818391562,3.566954868928908,3.338779813841088,15.27332633528072,-18.15949445358257,-18.55821555335146,-30.66566969339337,-13.76608029337332,-14.12308705216771,-15.43320071129729,-13.58663170393976,-13.85093651314401,-13.11596001735465
evreg4,4.relative_year_bin_aux#1.treat,4.482346571076452,200.6618114041916,-3.881367004915748,-2.622359561804439,-2.814189820203913,-4.965181707797878,-1.729831502683413,-1.728668927762484,-1.277678698518825,-1.396523801466024,-1.581694206626334,0,-2.636671037067298,-.0097105349045902,.533066155201332,15.58289586196118,9.805625379869236,13.7989780491599,19.44407952814737,9.77233572580456,11.10941299358352,9.867175482804074,9.938817355037484,10.5246037858381,2.906621848480485,1.555430905101849,2.333704194664227,4.752561844936103,1.789869902879124,2.378333290218772,2.778660337959598,2.07752542194207,2.473993667670683,10.86587101010014,-14.83329844931942,-9.115073724957526,-13.53413826688933,-19.21891872413237,-9.353080039589756,-11.07405767793357,-10.46027566160926,-9.852715824708962,-10.52062969436762
evreg4,6.relative_year_bin_aux#1.treat,5.851112737666023,200.6618114041916,-4.449803111255598,-2.835350289207591,-3.930963479551618,-2.208208073172026,-9.679870900446415,-4.385569489100033,-3.200331342443881,-4.190691779204193,-2.914259024365929,0,-4.521328341606877,-.0096073610068535,.6277015107398067,13.75797151833976,10.6307412257137,14.67064405343356,9.77233572580456,24.68731749499863,10.30354194979436,10.99392782894854,11.24646427326227,10.09420382432348,4.006320899742184,2.502848770242072,4.511505734598289,2.30490447087268,9.550649572448037,4.508782162682127,4.068472673513666,4.643121431361817,3.433102266506264,11.98250498554508,-13.09736886545385,-10.33304730867483,-15.11877998272305,-9.732854862229191,-24.61660105732444,-10.45113974599641,-11.75328329676848,-11.52220511781427,-10.36143844686655
evreg4,7.relative_year_bin_aux#1.treat,.0462453395302376,200.6618114041916,-4.609486681483486,-3.419054160726357,-4.031986619644251,-2.284243852239281,-4.063657991297321,-11.47499189298027,-2.432391625107491,-3.760040026444594,-4.230269233908293,0,-3.921667850516784,.0005354749742203,-.0952761647155157,14.29379970286962,10.58631376216182,14.7969422977492,11.10941299358352,10.30354194979436,30.25153766824638,9.121263991686874,10.04323762753054,8.083348781778989,3.661405106136535,2.646459168143832,4.207164714024272,2.409578412774553,3.831557346672012,11.54098139935529,3.22564351802197,3.951829716897569,4.488312016736844,12.54484224341386,-13.41481033723805,-10.08119534829004,-14.99757395731186,-11.11520414708365,-10.04014045180662,-30.31773011230426,-9.869610193506313,-10.28540899977157,-8.235214895040032
evreg4,8.relative_year_bin_aux#1.treat,-1.328881833356397,200.6618114041916,-4.171399251373447,-3.408888220853841,-3.371617471823563,-2.055546364959016,-2.633724971159177,-1.793521867730148,-8.777851088831763,-2.562630000167171,-3.14670865525413,0,-3.45054980110511,-.0030942504401491,.4790148300754291,12.75583332360852,10.47335344240462,12.90870609257918,9.867175482804074,10.99392782894854,9.121263991686874,23.77582140980573,10.92778114450372,8.743896788569835,3.110074771911316,2.455572101768021,3.312826707759237,2.209330314827765,2.578487978782639,2.293699624412007,10.47235092482261,3.76816082741524,4.273981951301637,13.61399378210037,-11.81863016636297,-9.752910924282952,-13.02719896682736,-9.910079737777673,-10.58208864947556,-9.114466824056493,-24.64847152591095,-11.34445177989237,-9.046931280924628
evreg4,9.relative_year_bin_aux#1.treat,-3.458124140031529,200.6618114041916,-3.927146456285198,-3.264769623302821,-3.842955908548396,-2.179515011090287,-3.565953802654457,-2.327322710822154,-1.444501879016452,-6.736803765744338,-3.172972373971953,0,-3.072687194987202,.0078080473608084,.3363465587811127,12.46323274697999,9.921696010033022,13.79443607172692,9.938817355037484,11.24646427326227,10.04323762753054,10.92778114450372,24.63731678083041,17.89532228908788,2.623553063613183,2.063875285381537,3.776233090148887,2.238970231134449,3.839110747404724,3.672036421284391,3.92293389275321,8.956764990645485,5.399950954829932,13.41059466508145,-11.19208203558675,-8.906190183000676,-13.70484617123216,-9.977114803319779,-10.86903796634849,-10.09640855185488,-11.52067560443277,-24.80955001804257,-18.00606062613092
evreg4,10.relative_year_bin_aux#1.treat,-6.065304173938715,200.6618114041916,-3.76277730420414,-3.072637952390565,-3.59508835754104,-2.466867371476783,-2.546792729572935,-3.0215318882796,-1.977412885019412,-2.919618471173446,-7.354260839798706,0,-2.788030291346444,.0064660661911991,.8883571140842441,12.09061187371115,9.272587761516611,13.01649331125738,10.5246037858381,10.09420382432348,8.083348781778989,8.743896788569835,17.89532228908788,33.58866391529313,2.493264477330297,2.049164520013248,3.511414992929353,2.317693892399077,2.745427364977319,4.075493063408517,3.927454122746375,4.583254316477262,9.270551671886439,13.69550121576281,-10.5801780610637,-8.224902052578265,-12.81876915709025,-10.40193477676722,-9.761859780014085,-8.013121578140115,-8.776643861980828,-17.51449806598064,-33.39136679718805
evreg4,1bn.relative_year_bin_aux#1.rice_harvarea_aclvl_ahigh,4.736287506063795,200.6618114041916,.438631636350548,1.11633287491831,-2.372007159367028,-2.885398901840792,-4.640788593242904,-4.0257471919949,-2.956933549845479,-2.365971004851402,-2.090273353661741,0,-31.74302667835005,-.003501493437084,-1.791218418853249,6.13510272955526,1.859725534199929,3.125970340456941,2.906621848480485,4.006320899742184,3.661405106136535,3.110074771911316,2.623553063613183,2.493264477330297,130.3425756037132,56.96740480977756,-.7411421383127362,18.70704556944593,30.54863075714007,21.43235091419097,35.12921591963109,25.02772150808029,23.40515748034179,31.36992765017094,-133.6253345265079,-55.86526900265402,-4.187987009976327,-18.5945405134912,-29.74260779062345,-20.03561495077528,-34.00892931992841,-22.66576156119138,-21.47952543937302
evreg4,2.relative_year_bin_aux#1.rice_harvarea_aclvl_ahigh,2.031683785221819,200.6618114041916,4.469465093980625,-2.557336240636509,.0009849782544953,-1.283123803491827,-5.224907215032295,-6.526630684824983,-6.451996863607572,-6.66798932918481,-6.307944978244483,0,-35.70263241818006,-.09549394178954,3.392880591731804,.73014842697723,6.060167548282345,1.676326109067833,1.555430905101849,2.502848770242072,2.646459168143832,2.455572101768021,2.063875285381537,2.049164520013248,56.96740480977756,150.4674714224872,19.25997713102561,37.38003902892306,47.9196956183984,6.08999521350411,43.63029688441355,36.25251177669961,33.51376974744356,35.59620867779431,-55.01206442179068,-153.1488536158532,-23.1049036534612,-37.45763737636053,-49.29549742609152,-5.862269036368436,-43.64043958839076,-33.79778026408238,-32.72523834899615
evreg4,3.relative_year_bin_aux#1.rice_harvarea_aclvl_ahigh,25.17757727786653,200.6618114041916,-8.767576472361435,-5.861360677818636,-9.057687538130523,-2.256364824281309,-5.154918204752088,-4.990271166125754,-4.212528949190533,-4.787640233023438,-4.633480252686698,0,-23.17886684307955,.0365493962413998,-1.661872677170304,6.572084306062655,5.113678670681939,9.001930194744533,2.333704194664227,4.511505734598289,4.207164714024272,3.312826707759237,3.776233090148887,3.511414992929353,-.7411421383127362,19.25997713102561,88.9364708792851,26.70568828048087,19.85972103832946,24.05783042658052,23.14223537531857,24.66360395298723,25.10750374950128,24.42861613619197,-3.167580488933707,-22.27563287815145,-91.85574860935199,-27.59166591949378,-21.09964341129589,-25.59505941321793,-24.33642955164133,-25.31873765656784,-25.36933280682841
evreg4,4.relative_year_bin_aux#1.rice_harvarea_aclvl_ahigh,-14.8332476343556,200.6618114041916,-4.453236156815843,-2.747452345689697,-2.735809999821709,-4.763688001485567,-1.765592312520846,-1.352405705060453,-.7699421554430365,-.454641465531742,-.4977997714091785,0,-29.53855898885956,.0327946246658884,-2.063050200992671,3.881524625268907,2.351974464352541,2.567958018039084,4.752561844936103,2.30490447087268,2.409578412774553,2.209330314827765,2.238970231134449,2.317693892399077,18.70704556944593,37.38003902892306,26.70568828048087,54.38023528288426,25.45047952889227,29.88428004219701,31.17502661216725,28.63283170138892,30.76097611035213,29.40240340820799,-18.48861309236615,-38.15177714277553,-27.41825888483495,-54.44148373891142,-25.59420995369522,-29.90439037726006,-31.18656996843228,-28.41222074727789,-29.8785972035136
evreg4,6.relative_year_bin_aux#1.rice_harvarea_aclvl_ahigh,-2.713387158700598,200.6618114041916,-1.003420583959208,.024803769430515,-2.423046555555334,-1.538004642462746,-12.09257724252446,-7.513657231601068,-6.992521292226575,-8.446891818206373,-7.276790238240767,0,-21.55856222889822,.0178534691148029,-1.672649562600234,3.475478510593367,1.340167825965394,3.231512107442708,1.789869902879124,9.550649572448037,3.831557346672012,2.578487978782639,3.839110747404724,2.745427364977319,30.54863075714007,47.9196956183984,19.85972103832946,25.45047952889227,57.31916553065993,18.85539893861112,18.71075788637253,22.39543247905873,22.19597450252198,22.03079471934061,-29.51530001339594,-47.85993895873696,-19.36753059380066,-24.96659827037974,-57.52680216569011,-19.010301242051,-18.04875948821784,-23.15742124938578,-22.96270620460796
evreg4,7.relative_year_bin_aux#1.rice_harvarea_aclvl_ahigh,-19.55507494797476,200.6618114041916,-7.274184779252122,-5.559581084754104,-5.40646868198297,-2.454442241849541,-3.204377842087297,-9.248620417613749,.2093825372333597,-.870419794540943,-1.379257373506699,0,-25.76034697312623,.0994284848933401,-5.579768078046954,5.702102192901534,4.138730507398561,4.422473758920951,2.378333290218772,4.508782162682127,11.54098139935529,2.293699624412007,3.672036421284391,4.075493063408517,21.43235091419097,6.08999521350411,24.05783042658052,29.88428004219701,18.85539893861112,78.78603578109046,36.01319913245744,11.89353466574372,22.86061177312279,26.42441201443475,-21.96947748616919,-6.910835800617078,-23.92660004185281,-29.736456436093,-19.1334574491428,-78.56574571553212,-35.51772810058455,-12.72341869669943,-24.24854292278744
evreg4,8.relative_year_bin_aux#1.rice_harvarea_aclvl_ahigh,-3.089262690115835,200.6618114041916,-7.503471096982798,-6.489673216541637,-5.755757147338935,-3.499019343377752,4.648823508623204,10.37361362261201,7.675234618838884,16.47791826322023,16.90226980437782,0,-59.88596725776994,-.0588470417057405,4.920939691338891,3.955615843551111,3.660755300995189,3.708094818391562,2.778660337959598,4.068472673513666,3.22564351802197,10.47235092482261,3.92293389275321,3.927454122746375,35.12921591963109,43.63029688441355,23.14223537531857,31.17502661216725,18.71075788637253,36.01319913245744,151.8444132558941,50.48617642552527,45.33778661817433,58.18588331239567,-33.0399913618709,-44.31414677932976,-22.71998659360984,-29.89587721399252,-18.67203633534407,-34.04203323409073,-148.3399465789225,-46.88924906494515,-43.83903354645307
evreg4,9.relative_year_bin_aux#1.rice_harvarea_aclvl_ahigh,-43.98367671699175,200.6618114041916,-4.206889312451189,-3.528720589184783,-4.19739533357878,-2.30841090491082,-1.63503782120845,1.334930202713992,3.570470726110174,-.3478353396155837,4.327265603396723,0,-44.5098976193879,.0402292216915977,-.6964858243421025,3.636757157798638,2.929275304976988,3.566954868928908,2.07752542194207,4.643121431361817,3.951829716897569,3.76816082741524,8.956764990645485,4.583254316477262,25.02772150808029,36.25251177669961,24.66360395298723,28.63283170138892,22.39543247905873,11.89353466574372,50.48617642552527,88.6002497047558,52.41277284404654,44.18978619876963,-24.09761501407081,-37.26547090469322,-23.71080110005135,-27.28802922721691,-22.43377702122285,-11.5644998087818,-49.6354196578644,-87.22879829674373,-52.77509922150973
evreg4,10.relative_year_bin_aux#1.rice_harvarea_aclvl_ahigh,-5.577890309932695,200.6618114041916,-4.507530126517108,-3.67394925636898,-4.08275463686328,-2.735220985770825,-.2671501929287599,.551298434862141,2.474919243537339,2.128304639023691,-1.326924493441233,0,-41.16612509244566,-.0181818790418405,3.426866766010614,3.48545124326132,2.889322534164594,3.338779813841088,2.473993667670683,3.433102266506264,4.488312016736844,4.273981951301637,5.399950954829932,9.270551671886439,23.40515748034179,33.51376974744356,25.10750374950128,30.76097611035213,22.19597450252198,22.86061177312279,45.33778661817433,52.41277284404654,80.54054418218527,41.49232334204245,-23.57044133653559,-35.33531814855311,-23.83669535673214,-29.23520873888283,-22.16202796393867,-22.44014681017038,-44.2561261201479,-50.86711723867593,-81.1186605436765
evreg4,1.treat#1.rice_harvarea_aclvl_ahigh,-243.5891946446615,200.6618114041916,-5.609292788680129,-5.310055409947749,-5.771538294892178,-2.860942264145236,-1.346001884472039,1.537595886117325,3.997896095622563,6.014149446998342,6.778734625377242,0,-99.80894031800598,.1009650311278328,-.8955116389690184,15.11909867356214,12.25639956458296,15.27332633528072,10.86587101010014,11.98250498554508,12.54484224341386,13.61399378210037,13.41059466508145,13.69550121576281,31.36992765017094,35.59620867779431,24.42861613619197,29.40240340820799,22.03079471934061,26.42441201443475,58.18588331239567,44.18978619876963,41.49232334204245,225.6813775567447,-79.3042078929445,-102.7977495883314,-77.68613319621616,-71.19936105207775,-57.09684397160825,-56.56193068249361,-101.6461322410308,-83.04427626723167,-82.2107984478463
evreg4,1bn.relative_year_bin_aux#1.treat#1.rice_harvarea_aclvl_ahigh,38.02800618943417,200.6618114041916,.4367952039169401,-.6550077631495098,2.870165477025985,2.747936109951375,4.546739517588891,3.746166602348996,2.875966180851877,2.231713057181149,1.861210313391158,0,31.60197734339733,-.1068859064090837,2.814122103999545,-41.90837215215679,-18.14470175584524,-18.15949445358257,-14.83329844931942,-13.09736886545385,-13.41481033723805,-11.81863016636297,-11.19208203558675,-10.5801780610637,-133.6253345265079,-55.01206442179068,-3.167580488933707,-18.48861309236615,-29.51530001339594,-21.96947748616919,-33.0399913618709,-24.09761501407081,-23.57044133653559,-79.3042078929445,321.6983512438748,109.3140618380119,64.92070136455943,55.26556543042078,60.54754387474767,48.24141312051484,71.33023802105963,50.68543409675561,51.83737549616922
evreg4,2.relative_year_bin_aux#1.treat#1.rice_harvarea_aclvl_ahigh,29.22032479491101,200.6618114041916,-.3380264888541955,5.774383693097022,1.960303502833743,1.609425836416581,3.466862236836409,3.598693576366701,3.563428959628543,3.343419844028455,3.069322491754719,0,37.53744173815027,-.0119034936668728,-4.951297233246896,-17.7351828360503,-34.72609118632097,-18.55821555335146,-9.115073724957526,-10.33304730867483,-10.08119534829004,-9.752910924282952,-8.906190183000676,-8.224902052578265,-55.86526900265402,-153.1488536158532,-22.27563287815145,-38.15177714277553,-47.85993895873696,-6.910835800617078,-44.31414677932976,-37.26547090469322,-35.33531814855311,-102.7977495883314,109.3140618380119,378.3043804895408,105.6705473648156,96.39486632180046,113.2422369558549,31.98850024716625,106.1696423546744,87.66403278764521,85.2670720821948
evreg4,3.relative_year_bin_aux#1.treat#1.rice_harvarea_aclvl_ahigh,1.7118691695105,200.6618114041916,9.17377817343097,6.667678733220349,9.877323007625744,2.403777018217201,4.726602214537315,4.354502011356551,3.719240478253988,4.116941954640764,4.041065770169073,0,23.21180994856268,-.0906868530184336,.7717623560461323,-21.2523591247027,-21.17793201642822,-30.66566969339337,-13.53413826688933,-15.11877998272305,-14.99757395731186,-13.02719896682736,-13.70484617123216,-12.81876915709025,-4.187987009976327,-23.1049036534612,-91.85574860935199,-27.41825888483495,-19.36753059380066,-23.92660004185281,-22.71998659360984,-23.71080110005135,-23.83669535673214,-77.68613319621616,64.92070136455943,105.6705473648156,214.8716521367282,86.16043166429408,62.28163631224466,73.02671377962884,72.31037785948376,70.04324613284406,68.44039947545907
evreg4,4.relative_year_bin_aux#1.treat#1.rice_harvarea_aclvl_ahigh,20.60416896749616,200.6618114041916,4.523321867518781,3.101041365686491,3.011523415570875,4.75836824416002,2.235065973789412,1.972552241958792,1.616891236413129,1.423704099147849,1.523887839896957,0,28.3314117098848,-.0626123222111539,2.470747439661643,-16.03440890414107,-9.818433585134613,-13.76608029337332,-19.21891872413237,-9.732854862229191,-11.11520414708365,-9.910079737777673,-9.977114803319779,-10.40193477676722,-18.5945405134912,-37.45763737636053,-27.59166591949378,-54.44148373891142,-24.96659827037974,-29.736456436093,-29.89587721399252,-27.28802922721691,-29.23520873888283,-71.19936105207775,55.26556543042078,96.39486632180046,86.16043166429408,128.1802689420192,62.5669733406089,70.46093538659805,75.38474872535552,67.1404606281794,68.50236275343903
evreg4,6.relative_year_bin_aux#1.treat#1.rice_harvarea_aclvl_ahigh,7.513228047205745,200.6618114041916,1.887336223497949,.8709424018823293,2.95713076603707,1.574737643024424,12.14297973875917,7.491518674240385,7.189427328433701,8.609939581951236,7.543444481418078,0,21.68672086681044,-.0549972540636125,2.206338605875688,-12.89604354247333,-9.487332044550058,-14.12308705216771,-9.353080039589756,-24.61660105732444,-10.04014045180662,-10.58208864947556,-10.86903796634849,-9.761859780014085,-29.74260779062345,-49.29549742609152,-21.09964341129589,-25.59420995369522,-57.52680216569011,-19.1334574491428,-18.67203633534407,-22.43377702122285,-22.16202796393867,-57.09684397160825,60.54754387474767,113.2422369558549,62.28163631224466,62.5669733406089,118.8936348264317,44.9666640841073,56.60250619644131,55.46033729940296,54.3951204439732
evreg4,7.relative_year_bin_aux#1.treat#1.rice_harvarea_aclvl_ahigh,40.11414826303675,200.6618114041916,7.150824770826276,5.672810762155185,5.552893406650026,2.260564622594963,4.17701720670971,10.73031604197102,2.021659818081881,3.351581453134613,4.235341197165855,0,24.64521627656151,-.1592637946447419,6.824087430013293,-15.69905661872186,-11.63118784686998,-15.43320071129729,-11.07405767793357,-10.45113974599641,-30.31773011230426,-9.114466824056493,-10.09640855185488,-8.013121578140115,-20.03561495077528,-5.862269036368436,-25.59505941321793,-29.90439037726006,-19.010301242051,-78.56574571553212,-34.04203323409073,-11.5644998087818,-22.44014681017038,-56.56193068249361,48.24141312051484,31.98850024716625,73.02671377962884,70.46093538659805,44.9666640841073,142.8808110212526,64.78368026835831,36.72704730706923,55.22674017118968
evreg4,8.relative_year_bin_aux#1.treat#1.rice_harvarea_aclvl_ahigh,42.58302803765766,200.6618114041916,7.744315805170719,6.829520251371756,5.958487711531302,3.214744383764465,-3.355586194550197,-8.452831734261691,-4.885128769804058,-13.43501021554201,-13.48634864549011,0,58.5693768691757,-.0206448297900786,-.553771887934439,-12.83301027252081,-10.88264449552511,-13.58663170393976,-10.46027566160926,-11.75328329676848,-9.869610193506313,-24.64847152591095,-11.52067560443277,-8.776643861980828,-34.00892931992841,-43.64043958839076,-24.33642955164133,-31.18656996843228,-18.04875948821784,-35.51772810058455,-148.3399465789225,-49.6354196578644,-44.2561261201479,-101.6461322410308,71.33023802105963,106.1696423546744,72.31037785948376,75.38474872535552,56.60250619644131,64.78368026835831,243.4380313069404,82.21561625743739,79.57771550224868
evreg4,9.relative_year_bin_aux#1.treat#1.rice_harvarea_aclvl_ahigh,69.52561645174572,200.6618114041916,5.141066100531619,4.481433827815282,4.990319317304851,2.234482511063157,2.116200435261117,-.8893163036177697,-2.846774279831286,1.172062598037878,-2.815392394022547,0,43.18274070864241,-.1174363993986106,6.217237066262038,-12.55584411402953,-9.885969473572205,-13.85093651314401,-9.852715824708962,-11.52220511781427,-10.28540899977157,-11.34445177989237,-24.80955001804257,-17.51449806598064,-22.66576156119138,-33.79778026408238,-25.31873765656784,-28.41222074727789,-23.15742124938578,-12.72341869669943,-46.88924906494515,-87.22879829674373,-50.86711723867593,-83.04427626723167,50.68543409675561,87.66403278764521,70.04324613284406,67.1404606281794,55.46033729940296,36.72704730706923,82.21561625743739,171.6486267596512,103.9351057018535
evreg4,10.relative_year_bin_aux#1.treat#1.rice_harvarea_aclvl_ahigh,51.83620338665202,200.6618114041916,5.272684501483326,4.490094962528038,4.874487804396074,2.57098215429894,1.234638522857431,.2124699587709697,-1.786324122231278,-2.010949232077182,2.104350465785302,0,40.71994521280087,-.0973014265980219,.8269953401126415,-12.2895207660702,-9.410851423317132,-13.11596001735465,-10.52062969436762,-10.36143844686655,-8.235214895040032,-9.046931280924628,-18.00606062613092,-33.39136679718805,-21.47952543937302,-32.72523834899615,-25.36933280682841,-29.8785972035136,-22.96270620460796,-24.24854292278744,-43.83903354645307,-52.77509922150973,-81.1186605436765,-82.2107984478463,51.83737549616922,85.2670720821948,68.44039947545907,68.50236275343903,54.3951204439732,55.22674017118968,79.57771550224868,103.9351057018535,176.2900445982411
evreg5,1bn.relative_year_bin_aux,-.3621165181839991,200.6618114041916,19.34893536778404,10.88365284024905,8.583628463949289,4.882503918017843,2.996679638579337,2.34043123111753,1.324924544853026,.9962552795120841,.8933715151596554,0,5.158221288887802,-.0205848610718269,-.0318293904829179,-15.0079812042097,-9.399579763066829,-7.238599166263567,-4.297462798501674,-5.086646971060981,-5.419049997740859,-4.71425243834436,-4.485474800137978,-4.263019852655595,-1.320138748916077,3.865436541440833,-8.330521920680166,-4.859735640615328,-1.817486610490474,-7.753671989022752,-7.450159425818162,-4.624872276242257,-4.777645487606399,-3.829868677351235,2.187971858442438,.4606951964247977,9.472459390088508,4.91970325059338,2.779473087906352,7.96097576845124,7.848688200848005,5.660554219557666,5.744637542940221
evreg5,2.relative_year_bin_aux,7.706442906666606,200.6618114041916,10.88365284024905,15.09876888231769,7.218569140388375,3.145096313019239,1.221688710024037,1.154365475471633,.4852785393392836,.2497151376552342,.0614566050313565,0,4.563874886894268,-.0280640507655102,.9019331486006643,-7.086887129834774,-13.39954882607534,-6.06487157029577,-2.752944746959658,-3.269275139741517,-4.235495430061296,-3.852390206138423,-3.710320422646517,-3.487014998279443,.2808671049917519,-3.40831127510961,-5.727263043486203,-2.811905463644774,-.5117260958245575,-6.159602488959239,-6.398572781060403,-3.917164561968497,-3.824273096790199,-3.728079776961359,.1852444920452656,6.836003528031026,7.098885077751289,3.187578005874104,1.50162831605019,6.555172320272793,6.863894954854863,4.85421515387578,4.824014472372865
evreg5,3.relative_year_bin_aux,3.336315701182821,200.6618114041916,8.583628463949289,7.218569140388375,11.51552913577166,3.459015902177017,3.182950617684628,2.603549185584631,1.403592868474682,1.755058386432052,1.67176911565061,0,5.065010697259456,-.019799123599327,.534007721096982,-6.316397259060757,-5.836833477039162,-10.68192331561068,-3.169650051881433,-4.588116960551908,-4.699116363954441,-3.813364749393199,-4.334407236428405,-4.084035255231422,-3.260538503143311,-.8285334009798028,-9.979484687372162,-3.06641393493878,-3.175941161505841,-5.894480578953363,-5.752360621951546,-4.542880930274902,-4.377288360187743,-4.885339746940025,3.553121473036376,2.639993782124623,10.97534444876478,3.294667061143424,3.737607339493705,6.232885508205011,5.977807757824368,5.376385081850604,5.286648875789915
evreg5,4.relative_year_bin_aux,-2.16172785348471,200.6618114041916,4.882503918017843,3.145096313019239,3.459015902177017,5.681927862811703,1.703410121608566,1.457812427926506,.790074204497261,.7534537438610924,1.086615241734291,0,3.297775211707522,.0095478246014292,-.7819274303990084,-4.022179014744997,-2.591583363077749,-3.197245039285772,-5.511191453622529,-2.544816284205761,-2.648234784759719,-2.285996281960242,-2.379023555898363,-2.713977192997368,-3.259327329513271,-1.34385245820957,-2.645844583572794,-5.304924563849288,-1.921284590870456,-2.725093637108479,-3.475618172682279,-2.422811191077863,-2.894405790061407,-3.233703421450346,3.138421060635099,1.652065554515968,2.861019992969356,5.318432448695994,1.960998600945238,2.720911829010313,3.311937473115127,2.391756473730889,2.774106255154938
evreg5,6.relative_year_bin_aux,8.081136703783882,200.6618114041916,2.996679638579337,1.221688710024037,3.182950617684628,1.703410121608566,14.41578599316981,9.768302880836469,9.297417239197557,10.91460663914509,9.67394379643552,0,2.438451884386445,-.0246120478247509,1.808723156108577,-4.505827767583265,-2.133760030948332,-3.976930569790875,-2.080749060853512,-10.70357761180071,-4.368537471394561,-2.851555979739703,-4.044965168227199,-2.832122091671411,-5.465336297980405,-5.369988843326465,-5.361929028435107,-2.126364652715029,-12.79984451465674,-3.833906220705888,3.756954139301981,-2.217720847973844,-.6877890976271603,-2.806269001306463,5.072899010149253,3.38632508394044,4.962856665282903,2.62692816160226,12.70353760249911,4.063686000630273,-2.852396180807486,2.662687843607343,1.546442134402963
evreg5,7.relative_year_bin_aux,.1155000760045484,200.6618114041916,2.34043123111753,1.154365475471633,2.603549185584631,1.457812427926506,9.768302880836469,20.60777549571698,11.56443955681842,13.46005894973879,14.42970191533371,0,.8149225933772447,-.0078189720298328,1.390560290588367,-4.36945504391517,-2.609286539311829,-3.48727064753325,-2.048841461762592,-4.730347753709673,-12.800099524626,-1.912488277686028,-2.53583036355013,-3.424140039001227,-5.052213295741301,-7.132343899614455,-5.383680722303478,-1.682805641228998,-7.731628328300548,-11.39790311544654,8.9075123934124,.9149167874466078,-.1736422411298754,-1.279321020311567,4.508233513334019,4.161264302433841,4.668591355900339,2.342880903953762,7.37096211104941,11.61175486443209,-7.686760846325427,-.4876930904900708,.8566196616088658
evreg5,8.relative_year_bin_aux,4.553717810787192,200.6618114041916,1.324924544853026,.4852785393392836,1.403592868474682,.790074204497261,9.297417239197557,11.56443955681842,21.89761709101073,15.6544227350583,16.75130878749415,0,-1.047684535860374,-.0228977476508248,2.747391436123554,-3.506741218653818,-2.290592132478975,-2.450321347032165,-1.49346388779771,-3.371049606814436,-2.263687928400611,-9.773750573316676,-1.484566935727102,-2.034595163134944,-4.049752662061619,-6.946939831465976,-4.63939509336279,-1.011809031363556,-7.103609825286133,-.7851578239059499,4.583436923363605,3.45144423678626,2.280257530454282,.328305313846754,3.599781748547102,4.045039599111317,4.03606366019566,1.845601838555592,6.819090091748292,1.267460270729692,-2.611261121567031,-2.334498378224309,-1.203619742315579
evreg5,9.relative_year_bin_aux,-2.641235985448367,200.6618114041916,.9962552795120841,.2497151376552342,1.755058386432052,.7534537438610924,10.91460663914509,13.46005894973879,15.6544227350583,23.33005572467935,20.51287255552868,0,-1.640577410649993,-.0041058441568818,2.175218867810046,-3.127221626590046,-1.893458089947126,-2.825593685375509,-1.58846645170212,-4.541853530663342,-3.550316116018933,-2.404008573765735,-7.225081757134131,-3.416345194922505,-3.488977669357791,-7.110414226382614,-5.180121023217845,-.7362333000776274,-8.648597028234599,-1.891229148064359,14.24850312080192,-.6742228295559244,1.727028433923401,1.104146439996711,2.985452374363015,3.834639814859958,4.45122770999401,1.669613127902081,8.151293914776836,2.3723930052929,-12.02529349411973,2.400878825872627,-.6866573894812484
evreg5,10.relative_year_bin_aux,-.7635181914600846,200.6618114041916,.8933715151596554,.0614566050313565,1.67176911565061,1.086615241734291,9.67394379643552,14.42970191533371,16.75130878749415,20.51287255552868,25.97154140657392,0,-1.974173431485416,-.0128541806387202,2.850917359688449,-3.075297003243522,-1.872299754042047,-2.54825428545563,-1.828132736488313,-3.08064887042316,-4.169552962944984,-2.945267328243787,-3.664929393358972,-7.757401859735373,-3.174136638235969,-6.713006841235,-5.066686718696205,-.9756454023165666,-7.36248200647641,-2.842371933671849,14.39169742712051,3.75653336944433,-1.609193405712463,1.623290649968098,2.608657930111566,3.593241546586808,4.348360773060828,1.923083976167498,6.847296344845376,3.433936236397518,-12.01904603901247,-1.3433014412093,3.380986663461305
evreg5,1o.treat,0,200.6618114041916,0,0,0,0,0,0,0,0,0,0,0,0,0,0,0,0,0,0,0,0,0,0,0,0,0,0,0,0,0,0,0,0,0,0,0,0,0,0,0,0,0
evreg5,1.rice_prod_aclvl_ahigh,-17.46535179696557,200.6618114041916,5.158221288887802,4.563874886894268,5.065010697259456,3.297775211707522,2.438451884386445,.8149225933772447,-1.047684535860374,-1.640577410649993,-1.974173431485416,0,34.14568733832256,.0366123203058125,-1.292165906664974,-5.026775204322055,-4.884571422328599,-5.01313976987237,-3.262686540698003,-4.210027249007016,-3.881155170551754,-3.146377341610444,-3.206741321339644,-3.183745876355096,-21.48606772556693,-24.86671002795498,-15.75752555628622,-22.51278929177905,-17.68886459125354,-26.4064348326862,-39.47651733532248,-17.89335227178925,-19.88184861402805,-33.50303337845192,20.30950087069485,23.78717875881539,14.80226788363206,22.0729374334001,17.2486964835527,26.56034715648441,38.44772780474025,16.78321450013621,19.34823558464889
evreg5,wind_direction,-2.145832941278278,200.6618114041916,-.0205848610718269,-.0280640507655102,-.019799123599327,.0095478246014292,-.0246120478247509,-.0078189720298328,-.0228977476508248,-.0041058441568818,-.0128541806387202,0,.0366123203058125,.0060760993354137,-.3119226463726014,.0254819338063763,.0091703746575044,.0082589263078847,-.0087895654962491,-.0030289769101258,-.0042420663599553,-.0089321731442801,-.0033102364972612,-.0033405394664238,.013764213352287,-.070471275997623,.0354922454902846,.0352765530722124,.0183600681289019,.0922502376543539,-.0526944751415978,.0332323214023977,-.0278143368494357,-.043141083257683,-.0866258749726476,-.0066217848484903,-.0717345388629449,-.0592374378976237,-.0617629771594574,-.1334096233904328,-.0086554719572895,-.0892796317864849,-.0730324776031023
evreg5,av_wind_speed,151.437679535865,200.6618114041916,-.0318293904829179,.9019331486006643,.534007721096982,-.7819274303990084,1.808723156108577,1.390560290588367,2.747391436123554,2.175218867810046,2.850917359688449,0,-1.292165906664974,-.3119226463726014,31.93875699188947,-.7273568042318084,-.4979791832449718,-.4376850693832097,.4776394016488634,.3861447020805531,.1424887095864523,.7154504658282961,.763105582970753,1.09143051370692,-2.695641916882442,1.948715838910256,-1.752290577096021,-2.105649304830462,-1.502393178130248,-4.869105556308551,4.685425709014434,-.2259890836184826,3.707186528635825,4.25308267639222,2.71159908659966,-3.763316000367481,.6310185049319252,2.333074066159439,2.361312223870458,5.511439115004769,-1.108840785247837,5.008399098386174,.3346916858687101
evreg5,1bn.relative_year_bin_aux#1.treat,3.295412310592867,200.6618114041916,-15.0079812042097,-7.086887129834774,-6.316397259060757,-4.022179014744997,-4.505827767583265,-4.36945504391517,-3.506741218653818,-3.127221626590046,-3.075297003243522,0,-5.026775204322055,.0254819338063763,-.7273568042318084,51.25459006438843,22.07223631752186,19.42079522324773,15.1171858585038,13.83344033193935,14.23138129017382,12.52637131050834,12.12783215705148,11.63928918787163,8.10408385693213,1.602389794024937,6.450514314068208,4.219845402284405,4.073311442211387,6.173408242956289,4.387293130317431,4.102752008244819,3.794860037400926,12.22614013449143,-46.84709682129239,-18.00261373190106,-19.70454373449703,-15.45646509439701,-12.92711852049588,-15.33762680284103,-12.41975618527142,-12.05858548281461,-11.61705386181845
evreg5,2.relative_year_bin_aux#1.treat,1.849452292648511,200.6618114041916,-9.399579763066829,-13.39954882607534,-5.836833477039162,-2.591583363077749,-2.133760030948332,-2.609286539311829,-2.290592132478975,-1.893458089947126,-1.872299754042047,0,-4.884571422328599,.0091703746575044,-.4979791832449718,22.07223631752186,38.7417320012227,18.5672377753898,7.938091990743495,9.397112995686891,10.06047980361338,9.305084937996016,8.61440426462214,7.814280172783865,2.984382969955591,7.275558467332927,5.211860457580646,2.411119401789779,1.741480330832151,4.658387486162756,4.01860087003122,3.296240479993265,3.217344396816871,9.134660741062332,-18.82691337945852,-35.04802561312511,-18.50299650434821,-7.870497959404108,-8.219957326219779,-10.87841891577618,-9.578731081539551,-8.466026574231314,-7.830356384483316
evreg5,3.relative_year_bin_aux#1.treat,.3324866060896081,200.6618114041916,-7.238599166263567,-6.06487157029577,-10.68192331561068,-3.197245039285772,-3.976930569790875,-3.48727064753325,-2.450321347032165,-2.825593685375509,-2.54825428545563,0,-5.01313976987237,.0082589263078847,-.4376850693832097,19.42079522324773,18.5672377753898,27.3740007600257,11.59906825595906,12.94044318728403,13.01136002849036,10.81050225461611,11.74437667690452,10.90458407399697,4.095948509869865,2.657216863349975,10.05573110738161,2.94364687850351,4.01507450501982,4.979533574678434,4.10847552145125,4.072036744317987,3.816034445479063,12.23531117273485,-17.44839855269464,-16.46952237481407,-27.18171053274828,-11.49702322279039,-12.35169915282498,-13.52206743895586,-11.26810252006742,-11.68603255171711,-10.90571380330513
evreg5,4.relative_year_bin_aux#1.treat,3.520104508777007,200.6618114041916,-4.297462798501674,-2.752944746959658,-3.169650051881433,-5.511191453622529,-2.080749060853512,-2.048841461762592,-1.49346388779771,-1.58846645170212,-1.828132736488313,0,-3.262686540698003,-.0087895654962491,.4776394016488634,15.1171858585038,7.938091990743495,11.59906825595906,17.47715319298425,8.43153065187936,9.54190303304688,8.250148700228902,8.263787247868555,8.963678881486207,3.355208607987573,1.70402159650812,2.744380167205071,5.312022974346778,2.167561324951061,2.695742175890707,2.891268022776699,2.295827675942772,2.692240162468162,9.561537373384997,-14.44049906722965,-7.300113929144017,-11.35568871949178,-17.28517028344451,-8.005583187681401,-9.531542536416756,-8.746905456306258,-8.180791340397892,-8.907302630964706
evreg5,6.relative_year_bin_aux#1.treat,2.861115439702201,200.6618114041916,-5.086646971060981,-3.269275139741517,-4.588116960551908,-2.544816284205761,-10.70357761180071,-4.730347753709673,-3.371049606814436,-4.541853530663342,-3.08064887042316,0,-4.210027249007016,-.0030289769101258,.3861447020805531,13.83344033193935,9.397112995686891,12.94044318728403,8.43153065187936,24.5982856225646,9.820809631812748,9.944319358385101,10.99678444067654,9.679543714696599,4.813002497121142,2.758853401030882,4.667713670600437,2.627709625157787,10.34118497615208,4.638394703754376,3.994603142827131,4.906399192720354,3.522441894152134,11.07122562437006,-13.4976086944257,-9.154840614384037,-13.10258257050513,-8.535084795287176,-24.41047045524362,-9.89813151066032,-10.56398929140882,-11.18373753347638,-9.836287410601711
evreg5,7.relative_year_bin_aux#1.treat,.5761120879953108,200.6618114041916,-5.419049997740859,-4.235495430061296,-4.699116363954441,-2.648234784759719,-4.368537471394561,-12.800099524626,-2.263687928400611,-3.550316116018933,-4.169552962944984,0,-3.881155170551754,-.0042420663599553,.1424887095864523,14.23138129017382,10.06047980361338,13.01136002849036,9.54190303304688,9.820809631812748,29.80092636756883,8.299063820097425,9.110165638583151,7.381449295526997,4.801513578079942,3.49053084474113,4.538492828151605,2.716667148620378,4.07408392565467,12.97706157552524,3.695182304513131,4.220003730286429,4.990924595499356,11.32516161868213,-13.77857810534565,-9.757398979725629,-13.07710069222138,-9.561876136320894,-9.33367670273611,-29.70780560064844,-9.242505748274201,-9.343338504798131,-7.576165229619168
evreg5,8.relative_year_bin_aux#1.treat,1.536919127737123,200.6618114041916,-4.71425243834436,-3.852390206138423,-3.813364749393199,-2.285996281960242,-2.851555979739703,-1.912488277686028,-9.773750573316676,-2.404008573765735,-2.945267328243787,0,-3.146377341610444,-.0089321731442801,.7154504658282961,12.52637131050834,9.305084937996016,10.81050225461611,8.250148700228902,9.944319358385101,8.299063820097425,22.93352494384275,9.930539617871998,7.766542466977455,4.029401985713537,3.157890551423157,3.555750223612099,2.291723532532986,2.784480324420395,2.214516377741046,11.5799850260412,3.254898265611537,3.921523917489485,12.99540906155136,-11.89424342104265,-8.824125726794747,-10.73531364031812,-8.190445278479148,-9.449837456790773,-8.066327150253349,-23.79423426752011,-9.84951821902408,-7.682520577339002
evreg5,9.relative_year_bin_aux#1.treat,.6369771225422358,200.6618114041916,-4.485474800137978,-3.710320422646517,-4.334407236428405,-2.379023555898363,-4.044965168227199,-2.53583036355013,-1.484566935727102,-7.225081757134131,-3.664929393358972,0,-3.206741321339644,-.0033102364972612,.763105582970753,12.12783215705148,8.61440426462214,11.74437667690452,8.263787247868555,10.99678444067654,9.110165638583151,9.930539617871998,22.95892060194134,16.46443076705448,3.687410765567661,2.884903404248575,4.090161975897998,2.333722433902031,4.157454684086789,3.486118248252123,3.614944999583269,8.554538897034488,5.190336234893983,13.60066326019371,-11.31672699382271,-7.953801521716139,-11.60148356498243,-8.211158713643385,-10.5374227621424,-8.981781670611111,-10.38814016373538,-22.59378482751326,-16.20878231296568
evreg5,10.relative_year_bin_aux#1.treat,-3.237989617511296,200.6618114041916,-4.263019852655595,-3.487014998279443,-4.084035255231422,-2.713977192997368,-2.832122091671411,-3.424140039001227,-2.034595163134944,-3.416345194922505,-7.757401859735373,0,-3.183745876355096,-.0033405394664238,1.09143051370692,11.63928918787163,7.814280172783865,10.90458407399697,8.963678881486207,9.679543714696599,7.381449295526997,7.766542466977455,16.46443076705448,31.73794827968593,3.461242284918161,2.754855619073791,3.863824478649278,2.565957198643098,2.892614736600709,4.310391761941268,3.870641887128512,4.450129977150169,8.995039205645249,14.60232568056745,-10.62549595536749,-7.088203557224189,-10.68304278366733,-8.851315278419374,-9.324070208042492,-7.343478721881273,-7.848580521873948,-15.78337870851779,-31.20102235400626
evreg5,1bn.relative_year_bin_aux#1.rice_prod_aclvl_ahigh,-7.852354448710289,200.6618114041916,-1.320138748916077,.2808671049917519,-3.260538503143311,-3.259327329513271,-5.465336297980405,-5.052213295741301,-4.049752662061619,-3.488977669357791,-3.174136638235969,0,-21.48606772556693,.013764213352287,-2.695641916882442,8.10408385693213,2.984382969955591,4.095948509869865,3.355208607987573,4.813002497121142,4.801513578079942,4.029401985713537,3.687410765567661,3.461242284918161,102.6902195252952,44.54117320086028,.111140339771579,15.91260078088499,25.87273312617009,18.95294575570173,29.40126411294185,21.61643369440581,20.09688361213031,23.87189064827616,-108.5856809154011,-45.46012255972467,-4.932695376087104,-16.13198104397186,-25.5892336140365,-18.67802653876307,-29.13750753382703,-20.23827045166334,-19.33623197530737
evreg5,2.relative_year_bin_aux#1.rice_prod_aclvl_ahigh,-7.678438209494258,200.6618114041916,3.865436541440833,-3.40831127510961,-.8285334009798028,-1.34385245820957,-5.369988843326465,-7.132343899614455,-6.946939831465976,-7.110414226382614,-6.713006841235,0,-24.86671002795498,-.070471275997623,1.948715838910256,1.602389794024937,7.275558467332927,2.657216863349975,1.70402159650812,2.758853401030882,3.49053084474113,3.157890551423157,2.884903404248575,2.754855619073791,44.54117320086028,119.247412364613,15.10304612733253,29.60859755679808,38.19897104094674,6.193903727000106,35.82369598555492,30.2865136030934,27.64741486686817,28.36878069761097,-44.88733794483732,-123.2528909169223,-19.34872273459773,-30.11747862082134,-39.65694696569855,-6.335896037929889,-36.33022288486828,-28.46906543188623,-27.52432796827818
evreg5,3.relative_year_bin_aux#1.rice_prod_aclvl_ahigh,19.12403284337119,200.6618114041916,-8.330521920680166,-5.727263043486203,-9.979484687372162,-2.645844583572794,-5.361929028435107,-5.383680722303478,-4.63939509336279,-5.180121023217845,-5.066686718696205,0,-15.75752555628622,.0354922454902846,-1.752290577096021,6.450514314068208,5.211860457580646,10.05573110738161,2.744380167205071,4.667713670600437,4.538492828151605,3.555750223612099,4.090161975897998,3.863824478649278,.111140339771579,15.10304612733253,72.26491834877041,21.83818982103396,16.62798420571108,20.05044077608124,19.24308722179011,20.63511806566715,20.9364306665927,16.77989167813725,-3.534362671127863,-18.10714698485823,-75.22496922999939,-22.74961612094534,-17.47135141149865,-21.27993360608015,-20.08220785523232,-21.09000571233203,-21.12817746042008
evreg5,4.relative_year_bin_aux#1.rice_prod_aclvl_ahigh,-13.85117038472425,200.6618114041916,-4.859735640615328,-2.811905463644774,-3.06641393493878,-5.304924563849288,-2.126364652715029,-1.682805641228998,-1.011809031363556,-.7362333000776274,-.9756454023165666,0,-22.51278929177905,.0352765530722124,-2.105649304830462,4.219845402284405,2.411119401789779,2.94364687850351,5.312022974346778,2.627709625157787,2.716667148620378,2.291723532532986,2.333722433902031,2.565957198643098,15.91260078088499,29.60859755679808,21.83818982103396,45.09321168773096,20.90388478855399,24.42887445772944,25.02741710666077,23.14471468288155,25.16597742869553,22.1659253329799,-15.69130496399461,-30.30554192436392,-22.512985085992,-45.19576194382338,-21.07058849229339,-24.67195166583711,-25.10279618930295,-23.00518092410412,-24.43787473097766
evreg5,6.relative_year_bin_aux#1.rice_prod_aclvl_ahigh,-.4811240074955929,200.6618114041916,-1.817486610490474,-.5117260958245575,-3.175941161505841,-1.921284590870456,-12.79984451465674,-7.731628328300548,-7.103609825286133,-8.648597028234599,-7.36248200647641,0,-17.68886459125354,.0183600681289019,-1.502393178130248,4.073311442211387,1.741480330832151,4.01507450501982,2.167561324951061,10.34118497615208,4.07408392565467,2.784480324420395,4.157454684086789,2.892614736600709,25.87273312617009,38.19897104094674,16.62798420571108,20.90388478855399,48.43321385567593,15.7257907196579,14.21589330776866,18.40769063439669,17.92738588890639,18.20363837237125,-24.92302250906861,-37.90413308800596,-16.15653852963183,-20.38643369354924,-48.64672203618814,-15.64532646398693,-13.70229505694152,-19.25933224458999,-18.69567940796687
evreg5,7.relative_year_bin_aux#1.rice_prod_aclvl_ahigh,-13.42141916646446,200.6618114041916,-7.753671989022752,-6.159602488959239,-5.894480578953363,-2.725093637108479,-3.833906220705888,-11.39790311544654,-.7851578239059499,-1.891229148064359,-2.842371933671849,0,-26.4064348326862,.0922502376543539,-4.869105556308551,6.173408242956289,4.658387486162756,4.979533574678434,2.695742175890707,4.638394703754376,12.97706157552524,2.214516377741046,3.486118248252123,4.310391761941268,18.95294575570173,6.193903727000106,20.05044077608124,24.42887445772944,15.7257907196579,65.51472467680509,25.98117342188714,7.851853794508252,17.71185481354388,25.1752262548022,-19.09313558973422,-6.382011750309854,-19.67767324430611,-24.22134754563204,-16.19836110683643,-66.05293813295592,-26.17330000393402,-9.322929812814143,-19.77009907657913
evreg5,8.relative_year_bin_aux#1.rice_prod_aclvl_ahigh,5.159972401191488,200.6618114041916,-7.450159425818162,-6.398572781060403,-5.752360621951546,-3.475618172682279,3.756954139301981,8.9075123934124,4.583436923363605,14.24850312080192,14.39169742712051,0,-39.47651733532248,-.0526944751415978,4.685425709014434,4.387293130317431,4.01860087003122,4.10847552145125,2.891268022776699,3.994603142827131,3.695182304513131,11.5799850260412,3.614944999583269,3.870641887128512,29.40126411294185,35.82369598555492,19.24308722179011,25.02741710666077,14.21589330776866,25.98117342188714,120.2750719482594,37.49178660109752,34.42891519565045,38.22907778122017,-27.91160745367257,-36.60711098435104,-19.03601525187427,-23.90722106773328,-15.20753977281494,-27.5120422247318,-119.521897775432,-35.81352906281137,-34.85658794855522
evreg5,9.relative_year_bin_aux#1.rice_prod_aclvl_ahigh,-28.04059506642184,200.6618114041916,-4.624872276242257,-3.917164561968497,-4.542880930274902,-2.422811191077863,-2.217720847973844,.9149167874466078,3.45144423678626,-.6742228295559244,3.75653336944433,0,-17.89335227178925,.0332323214023977,-.2259890836184826,4.102752008244819,3.296240479993265,4.072036744317987,2.295827675942772,4.906399192720354,4.220003730286429,3.254898265611537,8.554538897034488,4.450129977150169,21.61643369440581,30.2865136030934,20.63511806566715,23.14471468288155,18.40769063439669,7.851853794508252,37.49178660109752,69.91529688683191,39.86370655523794,16.93780652498743,-20.74761152675765,-30.87296165852966,-19.78380155975242,-22.02777077336556,-18.93716897435556,-9.606903448358707,-38.10767267645149,-69.78113491482792,-41.55286993809226
evreg5,10.relative_year_bin_aux#1.rice_prod_aclvl_ahigh,8.007626430936288,200.6618114041916,-4.777645487606399,-3.824273096790199,-4.377288360187743,-2.894405790061407,-.6877890976271603,-.1736422411298754,2.280257530454282,1.727028433923401,-1.609193405712463,0,-19.88184861402805,-.0278143368494357,3.707186528635825,3.794860037400926,3.217344396816871,3.816034445479063,2.692240162468162,3.522441894152134,4.990924595499356,3.921523917489485,5.190336234893983,8.995039205645249,20.09688361213031,27.64741486686817,20.9364306665927,25.16597742869553,17.92738588890639,17.71185481354388,34.42891519565045,39.86370655523794,64.00040901739294,19.85979098701821,-20.21356329426126,-29.36327109746667,-19.84410989522129,-23.75284323833566,-18.12061694325637,-18.92732367859754,-34.68949322054894,-39.52983982428677,-65.89621322066444
evreg5,1.treat#1.rice_prod_aclvl_ahigh,38.03215866821131,200.6618114041916,-3.829868677351235,-3.728079776961359,-4.885339746940025,-3.233703421450346,-2.806269001306463,-1.279321020311567,.328305313846754,1.104146439996711,1.623290649968098,0,-33.50303337845192,-.043141083257683,4.25308267639222,12.22614013449143,9.134660741062332,12.23531117273485,9.561537373384997,11.07122562437006,11.32516161868213,12.99540906155136,13.60066326019371,14.60232568056745,23.87189064827616,28.36878069761097,16.77989167813725,22.1659253329799,18.20363837237125,25.1752262548022,38.22907778122017,16.93780652498743,19.85979098701821,158.1775494160193,-67.08343240281206,-84.48379095318532,-66.96879898067544,-62.31232153624474,-52.05673867643454,-55.47803223072938,-77.34056822819599,-50.32279397307872,-54.9991225409414
evreg5,1bn.relative_year_bin_aux#1.treat#1.rice_prod_aclvl_ahigh,34.35395815352616,200.6618114041916,2.187971858442438,.1852444920452656,3.553121473036376,3.138421060635099,5.072899010149253,4.508233513334019,3.599781748547102,2.985452374363015,2.608657930111566,0,20.30950087069485,-.0866258749726476,2.71159908659966,-46.84709682129239,-18.82691337945852,-17.44839855269464,-14.44049906722965,-13.4976086944257,-13.77857810534565,-11.89424342104265,-11.31672699382271,-10.62549595536749,-108.5856809154011,-44.88733794483732,-3.534362671127863,-15.69130496399461,-24.92302250906861,-19.09313558973422,-27.91160745367257,-20.74761152675765,-20.21356329426126,-67.08343240281206,271.9080934809368,100.7982454459992,63.90441280466246,53.51813159966007,56.73242366691987,47.89540329224911,65.76433473091645,48.71515403299457,49.60919051563447
evreg5,2.relative_year_bin_aux#1.treat#1.rice_prod_aclvl_ahigh,29.59366554062203,200.6618114041916,.4606951964247977,6.836003528031026,2.639993782124623,1.652065554515968,3.38632508394044,4.161264302433841,4.045039599111317,3.834639814859958,3.593241546586808,0,23.78717875881539,-.0066217848484903,-3.763316000367481,-18.00261373190106,-35.04802561312511,-16.46952237481407,-7.300113929144017,-9.154840614384037,-9.757398979725629,-8.824125726794747,-7.953801521716139,-7.088203557224189,-45.46012255972467,-123.2528909169223,-18.10714698485823,-30.30554192436392,-37.90413308800596,-6.382011750309854,-36.60711098435104,-30.87296165852966,-29.36327109746667,-84.48379095318532,100.7982454459992,313.4826105824521,97.86934198619481,83.63295861746104,96.47208603049928,32.7476168791174,92.77036724416614,77.20426616035259,75.16806550127635
evreg5,3.relative_year_bin_aux#1.treat#1.rice_prod_aclvl_ahigh,5.037945094272349,200.6618114041916,9.472459390088508,7.098885077751289,10.97534444876478,2.861019992969356,4.962856665282903,4.668591355900339,4.03606366019566,4.45122770999401,4.348360773060828,0,14.80226788363206,-.0717345388629449,.6310185049319252,-19.70454373449703,-18.50299650434821,-27.18171053274828,-11.35568871949178,-13.10258257050513,-13.07710069222138,-10.73531364031812,-11.60148356498243,-10.68304278366733,-4.932695376087104,-19.34872273459773,-75.22496922999939,-22.512985085992,-16.15653852963183,-19.67767324430611,-19.03601525187427,-19.78380155975242,-19.84410989522129,-66.96879898067544,63.90441280466246,97.86934198619481,190.7340282268829,78.87753908228997,58.80430988932167,67.88664906305195,67.09048258835873,65.32647393802998,63.77993963927911
evreg5,4.relative_year_bin_aux#1.treat#1.rice_prod_aclvl_ahigh,20.6672927449251,200.6618114041916,4.91970325059338,3.187578005874104,3.294667061143424,5.318432448695994,2.62692816160226,2.342880903953762,1.845601838555592,1.669613127902081,1.923083976167498,0,22.0729374334001,-.0592374378976237,2.333074066159439,-15.45646509439701,-7.870497959404108,-11.49702322279039,-17.28517028344451,-8.535084795287176,-9.561876136320894,-8.190445278479148,-8.211158713643385,-8.851315278419374,-16.13198104397186,-30.11747862082134,-22.74961612094534,-45.19576194382338,-20.38643369354924,-24.22134754563204,-23.90722106773328,-22.02777077336556,-23.75284323833566,-62.31232153624474,53.51813159966007,83.63295861746104,78.87753908228997,115.9335173839552,57.05557919770317,64.20734622288113,67.36092798622434,60.63810533395353,61.87405142196008
evreg5,6.relative_year_bin_aux#1.treat#1.rice_prod_aclvl_ahigh,13.42019793553768,200.6618114041916,2.779473087906352,1.50162831605019,3.737607339493705,1.960998600945238,12.70353760249911,7.37096211104941,6.819090091748292,8.151293914776836,6.847296344845376,0,17.2486964835527,-.0617629771594574,2.361312223870458,-12.92711852049588,-8.219957326219779,-12.35169915282498,-8.005583187681401,-24.41047045524362,-9.33367670273611,-9.449837456790773,-10.5374227621424,-9.324070208042492,-25.5892336140365,-39.65694696569855,-17.47135141149865,-21.07058849229339,-48.64672203618814,-16.19836110683643,-15.20753977281494,-18.93716897435556,-18.12061694325637,-52.05673867643454,56.73242366691987,96.47208603049928,58.80430988932167,57.05557919770317,108.435573723124,41.35124404768751,51.72305096844427,51.03124324616994,49.70007157264498
evreg5,7.relative_year_bin_aux#1.treat#1.rice_prod_aclvl_ahigh,34.12444022705986,200.6618114041916,7.96097576845124,6.555172320272793,6.232885508205011,2.720911829010313,4.063686000630273,11.61175486443209,1.267460270729692,2.3723930052929,3.433936236397518,0,26.56034715648441,-.1334096233904328,5.511439115004769,-15.33762680284103,-10.87841891577618,-13.52206743895586,-9.531542536416756,-9.89813151066032,-29.70780560064844,-8.066327150253349,-8.981781670611111,-7.343478721881273,-18.67802653876307,-6.335896037929889,-21.27993360608015,-24.67195166583711,-15.64532646398693,-66.05293813295592,-27.5120422247318,-9.606903448358707,-18.92732367859754,-55.47803223072938,47.89540329224911,32.7476168791174,67.88664906305195,64.20734622288113,41.35124404768751,130.4034513669686,57.37080183776465,35.27833851623335,50.49113887950473
evreg5,8.relative_year_bin_aux#1.treat#1.rice_prod_aclvl_ahigh,31.76088018754881,200.6618114041916,7.848688200848005,6.863894954854863,5.977807757824368,3.311937473115127,-2.852396180807486,-7.686760846325427,-2.611261121567031,-12.02529349411973,-12.01904603901247,0,38.44772780474025,-.0086554719572895,-1.108840785247837,-12.41975618527142,-9.578731081539551,-11.26810252006742,-8.746905456306258,-10.56398929140882,-9.242505748274201,-23.79423426752011,-10.38814016373538,-7.848580521873948,-29.13750753382703,-36.33022288486828,-20.08220785523232,-25.10279618930295,-13.70229505694152,-26.17330000393402,-119.521897775432,-38.10767267645149,-34.68949322054894,-77.34056822819599,65.76433473091645,92.77036724416614,67.09048258835873,67.36092798622434,51.72305096844427,57.37080183776465,210.1385028214468,70.54026794041215,68.72320739143322
evreg5,9.relative_year_bin_aux#1.treat#1.rice_prod_aclvl_ahigh,52.90067831456167,200.6618114041916,5.660554219557666,4.85421515387578,5.376385081850604,2.391756473730889,2.662687843607343,-.4876930904900708,-2.334498378224309,2.400878825872627,-1.3433014412093,0,16.78321450013621,-.0892796317864849,5.008399098386174,-12.05858548281461,-8.466026574231314,-11.68603255171711,-8.180791340397892,-11.18373753347638,-9.343338504798131,-9.84951821902408,-22.59378482751326,-15.78337870851779,-20.23827045166334,-28.46906543188623,-21.09000571233203,-23.00518092410412,-19.25933224458999,-9.322929812814143,-35.81352906281137,-69.78113491482792,-39.52983982428677,-50.32279397307872,48.71515403299457,77.20426616035259,65.32647393802998,60.63810533395353,51.03124324616994,35.27833851623335,70.54026794041215,151.778583164593,92.46042615294905
evreg5,10.relative_year_bin_aux#1.treat#1.rice_prod_aclvl_ahigh,41.83491012456808,200.6618114041916,5.744637542940221,4.824014472372865,5.286648875789915,2.774106255154938,1.546442134402963,.8566196616088658,-1.203619742315579,-.6866573894812484,3.380986663461305,0,19.34823558464889,-.0730324776031023,.3346916858687101,-11.61705386181845,-7.830356384483316,-10.90571380330513,-8.907302630964706,-9.836287410601711,-7.576165229619168,-7.682520577339002,-16.20878231296568,-31.20102235400626,-19.33623197530737,-27.52432796827818,-21.12817746042008,-24.43787473097766,-18.69567940796687,-19.77009907657913,-34.85658794855522,-41.55286993809226,-65.89621322066444,-54.9991225409414,49.60919051563447,75.16806550127635,63.77993963927911,61.87405142196008,49.70007157264498,50.49113887950473,68.72320739143322,92.46042615294905,159.1961589169433
