reg,var,beta,ymean,cov1,cov2,cov3,cov4,cov5,cov6,cov7,cov8,cov9,cov10,cov11,cov12,cov13,cov14,cov15,cov16,cov17,cov18,cov19,cov20,cov21,cov22,cov23,cov24,cov25,cov26,cov27,cov28,cov29,cov30,cov31,cov32,cov33,cov34,cov35,cov36,cov37,cov38,cov39,cov40,cov41
evreg1,1bn.relative_year_bin_aux,-1553.479126533122,439.5555615837712,29371.87579476046,25572.29557564662,21058.02615453563,17059.39647955209,12214.16285086266,8350.323732888513,4047.940054787989,-4356.5566272728,-7009.835355214861,0,1.686714557793655,-967.6194496963509,-96.63981616065379,-173.953149601877,-81.5956970995708,-202.403552691737,-154.4327080739778,-102.9995257667387,-8.477281614597615,-228.6491244611321,-1998.017789051821,,,,,,,,,,,,,,,,,,,,
evreg1,2.relative_year_bin_aux,-1415.880947345133,439.5555615837712,25572.29557564662,22280.56259649975,18340.754741064,14863.59798923658,10628.28259119262,7272.719409080311,3527.651491119346,-3783.235176784076,-6107.490091233271,0,1.51273284195339,-849.418427439721,-79.76366169169961,-159.2990335540697,-71.80176483858153,-181.6834548617051,-128.9087717559661,-90.64529060343484,-8.45216808753028,-206.3244335274241,-1727.114542794207,,,,,,,,,,,,,,,,,,,,
evreg1,3.relative_year_bin_aux,-1225.794563017241,439.5555615837712,21058.02615453563,18340.754741064,15110.9193784374,12239.76209506915,8761.237613648642,5988.678311287412,2904.39327360058,-3122.197558346147,-5030.333613852215,0,1.29160029092963,-703.5380713185447,-69.91121555802172,-129.0913408428285,-65.58520159688329,-150.3130547694606,-114.5678298940024,-76.2088363240304,-8.781406329861367,-170.4382259361629,-1444.561471944049,,,,,,,,,,,,,,,,,,,,
evreg1,4.relative_year_bin_aux,-901.2945494217415,439.5555615837712,17059.39647955209,14863.59798923658,12239.76209506915,9927.397794323755,7092.343035168291,4852.526748756228,2355.044748200674,-2520.826072693432,-4077.524378555223,0,1.013968989222083,-569.5826165965666,-56.74844835072837,-109.9859968970349,-53.33956072407414,-130.2399888104395,-87.3975552712223,-63.18771738501118,-8.693296450134339,-142.618206242786,-1156.854876527441,,,,,,,,,,,,,,,,,,,,
evreg1,5.relative_year_bin_aux,-641.9418388117089,439.5555615837712,12214.16285086266,10628.28259119262,8761.237613648642,7092.343035168291,5119.186115316519,3477.726559634476,1683.842155620841,-1844.590452681375,-2912.529861803325,0,.6936789382054286,-402.1297437497611,-42.28624324816199,-72.27136597384332,-39.96689708453917,-84.42338329775231,-83.09855980862909,-44.36979867970729,-5.056671726870869,-76.83685495649758,-879.5632780529481,,,,,,,,,,,,,,,,,,,,
evreg1,6.relative_year_bin_aux,-474.5401756002748,439.5555615837712,8350.323732888513,7272.719409080311,5988.678311287412,4852.526748756228,3477.726559634476,2386.997923791669,1159.608584417366,-1239.134611705045,-1994.363184796058,0,.5090501927672743,-271.8357425890893,-29.51862325617966,-53.64604854493108,-26.35504753930465,-62.24649946828557,-44.08948229006359,-36.18733632093973,-7.716394520907722,-65.12272543323871,-568.646284945119,,,,,,,,,,,,,,,,,,,,
evreg1,7.relative_year_bin_aux,-245.6216015542116,439.5555615837712,4047.940054787989,3527.651491119346,2904.39327360058,2355.044748200674,1683.842155620841,1159.608584417366,574.3776705577474,-582.2969831727535,-975.6542624947049,0,.258373991022822,-130.834528570262,-17.61931943936765,-29.24291850165113,-15.64194551218834,-33.58527039912603,-22.93786129600848,-20.16887247670877,-12.09508225449346,-47.5143175612958,-257.7989474467581,,,,,,,,,,,,,,,,,,,,
evreg1,9.relative_year_bin_aux,213.4287858789138,439.5555615837712,-4356.5566272728,-3783.235176784076,-3122.197558346147,-2520.826072693432,-1844.590452681375,-1239.134611705045,-582.2969831727535,770.8908099563607,1036.031076517891,0,-.2291313591837985,141.5116547506991,4.460916102391747,16.26605921611436,4.737003132599912,20.13702817341028,21.51353036184834,9.283579225983161,-14.16915911028596,-76.83681172196239,343.7784579071316,,,,,,,,,,,,,,,,,,,,
evreg1,10.relative_year_bin_aux,299.4328445664647,439.5555615837712,-7009.835355214861,-6107.490091233271,-5030.333613852215,-4077.524378555223,-2912.529861803325,-1994.363184796058,-975.6542624947049,1036.031076517891,2274.385516929705,0,-.3613860593774164,227.1123477905579,28.15317834196298,52.2170870082666,25.15973572230513,57.582074309018,37.4083213488603,29.2383453845722,11.64066153244737,60.16027536449791,-94.16055867652247,,,,,,,,,,,,,,,,,,,,
evreg1,1o.treat,0,439.5555615837712,0,0,0,0,0,0,0,0,0,0,0,0,0,0,0,0,0,0,0,0,0,,,,,,,,,,,,,,,,,,,,
evreg1,wind_direction,-2.47833202358125,439.5555615837712,1.686714557793655,1.51273284195339,1.29160029092963,1.013968989222083,.6936789382054286,.5090501927672743,.258373991022822,-.2291313591837985,-.3613860593774164,0,.0018254916203917,-.1541650188804877,.0112089707297862,-.0018531387683264,-.0012125004820046,-.0317980816121056,.0092416180929564,-.0000493798222195,-.0057113932558303,-.075902489347234,-.2778391011210415,,,,,,,,,,,,,,,,,,,,
evreg1,av_wind_speed,173.1595274374262,439.5555615837712,-967.6194496963509,-849.418427439721,-703.5380713185447,-569.5826165965666,-402.1297437497611,-271.8357425890893,-130.834528570262,141.5116547506991,227.1123477905579,0,-.1541650188804877,109.7077600573511,10.40495216833496,15.9059924512044,10.98007399297428,16.67835031246815,6.966119683489636,6.305523486167366,3.336616398338164,26.00232385050961,116.5944037550117,,,,,,,,,,,,,,,,,,,,
evreg1,1bn.relative_year_bin_aux#1.treat,-30.01580468737192,439.5555615837712,-96.63981616065379,-79.76366169169961,-69.91121555802172,-56.74844835072837,-42.28624324816199,-29.51862325617966,-17.61931943936765,4.460916102391747,28.15317834196298,0,.0112089707297862,10.40495216833496,163.1684904152826,115.1255691708663,130.0938955898154,102.0887053938309,71.25718014829341,73.33725756450141,77.65947690289823,75.2725662076946,184.6168264675507,,,,,,,,,,,,,,,,,,,,
evreg1,2.relative_year_bin_aux#1.treat,-31.48167437685519,439.5555615837712,-173.953149601877,-159.2990335540697,-129.0913408428285,-109.9859968970349,-72.27136597384332,-53.64604854493108,-29.24291850165113,16.26605921611436,52.2170870082666,0,-.0018531387683264,15.9059924512044,115.1255691708663,158.4623277339318,115.8317484314427,122.6166878625824,40.50800025540046,70.95231023749817,76.41079663019767,73.62280407448016,183.0201077426864,,,,,,,,,,,,,,,,,,,,
evreg1,3.relative_year_bin_aux#1.treat,-14.00294125706593,439.5555615837712,-81.5956970995708,-71.80176483858153,-65.58520159688329,-53.33956072407414,-39.96689708453917,-26.35504753930465,-15.64194551218834,4.737003132599912,25.15973572230513,0,-.0012125004820046,10.98007399297428,130.0938955898154,115.8317484314427,156.0632896176743,100.5411639557335,73.6623299454499,68.81342025778609,77.40227996197927,71.067400940653,186.1373235170985,,,,,,,,,,,,,,,,,,,,
evreg1,4.relative_year_bin_aux#1.treat,16.85413234457979,439.5555615837712,-202.403552691737,-181.6834548617051,-150.3130547694606,-130.2399888104395,-84.42338329775231,-62.24649946828557,-33.58527039912603,20.13702817341028,57.582074309018,0,-.0317980816121056,16.67835031246815,102.0887053938309,122.6166878625824,100.5411639557335,169.9912637682597,34.35382467702985,72.32814667553276,84.84626664104137,65.76600311882027,181.8622550110978,,,,,,,,,,,,,,,,,,,,
evreg1,5.relative_year_bin_aux#1.treat,-15.81019242909221,439.5555615837712,-154.4327080739778,-128.9087717559661,-114.5678298940024,-87.3975552712223,-83.09855980862909,-44.08948229006359,-22.93786129600848,21.51353036184834,37.4083213488603,0,.0092416180929564,6.966119683489636,71.25718014829341,40.50800025540046,73.6623299454499,34.35382467702985,196.0259483994309,49.47184112295193,51.58357054358932,10.05678436572153,34.91954808415631,,,,,,,,,,,,,,,,,,,,
evreg1,6.relative_year_bin_aux#1.treat,-3.306326090965925,439.5555615837712,-102.9995257667387,-90.64529060343484,-76.2088363240304,-63.18771738501118,-44.36979867970729,-36.18733632093973,-20.16887247670877,9.283579225983161,29.2383453845722,0,-.0000493798222195,6.305523486167366,73.33725756450141,70.95231023749817,68.81342025778609,72.32814667553276,49.47184112295193,85.80737641256171,64.01339876616964,48.26536999722077,106.9558139959413,,,,,,,,,,,,,,,,,,,,
evreg1,7.relative_year_bin_aux#1.treat,-1.075345599564038,439.5555615837712,-8.477281614597615,-8.45216808753028,-8.781406329861367,-8.693296450134339,-5.056671726870869,-7.716394520907722,-12.09508225449346,-14.16915911028596,11.64066153244737,0,-.0057113932558303,3.336616398338164,77.65947690289823,76.41079663019767,77.40227996197927,84.84626664104137,51.58357054358932,64.01339876616964,120.4746964151667,51.74233079337425,159.3938685285088,,,,,,,,,,,,,,,,,,,,
evreg1,9.relative_year_bin_aux#1.treat,130.1174171798368,439.5555615837712,-228.6491244611321,-206.3244335274241,-170.4382259361629,-142.618206242786,-76.83685495649758,-65.12272543323871,-47.5143175612958,-76.83681172196239,60.16027536449791,0,-.075902489347234,26.00232385050961,75.2725662076946,73.62280407448016,71.067400940653,65.76600311882027,10.05678436572153,48.26536999722077,51.74233079337425,234.767755698653,207.1230967296067,,,,,,,,,,,,,,,,,,,,
evreg1,10.relative_year_bin_aux#1.treat,342.1867739991427,439.5555615837712,-1998.017789051821,-1727.114542794207,-1444.561471944049,-1156.854876527441,-879.5632780529481,-568.646284945119,-257.7989474467581,343.7784579071316,-94.16055867652247,0,-.2778391011210415,116.5944037550117,184.6168264675507,183.0201077426864,186.1373235170985,181.8622550110978,34.91954808415631,106.9558139959413,159.3938685285088,207.1230967296067,1661.592563491123,,,,,,,,,,,,,,,,,,,,
evreg2,1bn.relative_year_bin_aux,-1550.740145715618,439.5555615837712,29398.94863706209,25592.41910999237,21061.59455411014,17090.30945366061,12187.11081378068,8339.974903682007,4014.167240367637,-4458.962513008067,-7033.362715740508,0,-36.87573706987354,1.692580626489593,-966.9199707614774,-65.46684175320621,-126.7980937360597,-10.25292243605077,-180.9689873249208,-46.37052167533439,-58.98183882090161,5.263331732278526,-125.64820857726,-1913.293378799022,-59.72973230278359,-41.59615046027388,-9.280450779442761,-63.94369093682691,47.86615676216704,20.31727806797397,70.33576115558142,216.3169635776048,46.94558427390907,106.3659083332812,-64.9386972393045,-97.70216369789134,-147.5717387023298,-44.96431497647096,-219.9740861427399,-90.42731348627095,-29.11756029280303,-214.0680897811083,-160.4513817355473
evreg2,2.relative_year_bin_aux,-1410.958828038953,439.5555615837712,25592.41910999237,22301.98984292466,18344.04384140103,14892.87982818821,10603.88142476141,7263.846010409913,3498.952402295622,-3868.637356730534,-6124.908459821761,0,-27.36532206918054,1.517301946362376,-846.8043854616876,-54.28631960680997,-125.1025201921132,-13.98691156608415,-168.2435925110322,-36.88712596339931,-53.8897622136074,2.472247866942181,-119.9639632031282,-1654.918531422762,-52.20699241693436,-50.18705397509727,-14.40009889565273,-64.95147863438036,40.75449507959569,15.59063253459684,59.22687414540213,183.1307217127657,38.60748472916551,87.6160561865242,-53.50527965584187,-70.31590630974104,-119.6487534259751,-28.01398600558803,-188.2133562550448,-75.7248225299351,-23.46814822170849,-181.0381642626527,-137.4727773423753
evreg2,3.relative_year_bin_aux,-1228.547347838651,439.5555615837712,21061.59455411014,18344.04384140103,15108.60297040213,12257.40532004957,8741.540227850186,5978.309280286809,2879.469237580483,-3189.423369359404,-5040.714617746638,0,-18.87786761744264,1.298352418551338,-700.5399062581924,-48.84229209832905,-99.17957610131859,-22.20147455603661,-140.602656909058,-43.98563669164395,-46.43816629470323,-.5259829561280499,-100.1806074084936,-1383.277993811264,-48.9312247791603,-40.40123337585659,-24.55733974185696,-59.3894471842091,20.10720731392361,10.55583692993144,47.23881979965111,149.9238967446349,30.52620776148643,68.64392468477705,-41.76441103658396,-60.1263851946868,-88.24708637282473,-18.66823070217113,-144.9597043807036,-61.35679389273368,-17.76775539606827,-148.0091964160684,-114.2948342137713
evreg2,4.relative_year_bin_aux,-905.4913367207544,439.5555615837712,17090.30945366061,14892.87982818821,12257.40532004957,9963.504439678736,7085.169580026471,4852.005377932262,2339.792201330669,-2574.2428258617,-4088.934159136389,0,-11.48686145902917,1.010505234436426,-568.5414167442586,-46.17930825468694,-92.77315878213136,-22.41237514402383,-131.1079621135543,-31.32493405968889,-40.88199357265886,-3.402849270980175,-89.57671196882045,-1109.214648200457,-48.97195693761758,-43.66977990651438,-25.38301788734483,-64.61592569376411,16.56530706728663,5.809239496224077,35.49830810856246,116.4442768776238,23.53009477275172,50.95827163428219,-22.35364092364349,-35.91803934433156,-64.48240956289732,2.430535693641139,-115.399505322122,-46.39381384969182,-11.87677196481802,-115.0201375165774,-91.06375119447193
evreg2,5.relative_year_bin_aux,-641.4418128391213,439.5555615837712,12187.11081378068,10603.88142476141,8741.540227850186,7085.169580026471,5109.432097853295,3465.170359745996,1664.56152285706,-1889.655879913824,-2913.84824352704,0,-11.64346267849652,.6998764483457942,-400.9004943259502,-26.49622826798747,-51.94769975304168,-14.17836331425403,-75.6546825889569,-54.48586938083397,-26.01424326964757,1.21713064155036,-25.14999671555471,-839.868428724759,-23.90578901504246,-17.87506830104108,-13.22114211384918,-28.77865157717461,-10.87592342578968,4.275621990317588,29.4662798422933,102.6254063177402,23.1582648350319,44.06037131871292,-29.8300870055861,-39.45840328689999,-53.14899158305594,-17.33219504629774,-61.33341336076229,-37.68593793038639,-13.04338648602432,-104.1128132387621,-78.94761167397274
evreg2,6.relative_year_bin_aux,-478.8461140609963,439.5555615837712,8339.974903682007,7263.846010409913,5978.309280286809,4852.005377932262,3465.170359745996,2384.549650279596,1151.694168740975,-1258.137528946004,-1996.337801928033,0,-2.414040317476403,.5126679515708887,-270.5962345502153,-19.28072709075367,-40.22780062271351,-6.247316689009981,-56.30854433386926,-14.73722485273746,-27.98392443288033,-7.199393043605141,-42.89717394408492,-542.9718277651106,-14.27216188551968,-12.08165089009558,-4.257591283481431,-19.04542532903685,9.278084932985911,-4.71622937678122,12.93418036560405,55.10042742388514,10.57118305106562,25.01791592183727,-21.4423463973051,-27.59066712068768,-41.3208152703812,-12.67971402855908,-60.16853119388264,-17.02275760305,-2.756206410825849,-55.62436930321093,-44.37726989401697
evreg2,7.relative_year_bin_aux,-247.4969003201793,439.5555615837712,4014.167240367637,3498.952402295622,2879.469237580483,2339.792201330669,1664.56152285706,1151.694168740975,573.1276153970555,-575.2193721617276,-965.1270160836441,0,6.722180261814015,.2616713144940221,-128.3991631281247,-16.42590708202015,-26.20876408904149,-9.38136806886237,-34.39919382410947,-9.280159124979411,-18.33325056601815,-18.72080977433783,-48.6389129679347,-248.2880517273739,-14.60451930193911,-12.93430553214772,-9.230444039351003,-16.67863556762669,.3324277630897529,-7.754194686706327,-7.0671226638124,11.7865536425558,-7.743829861826182,5.87753576159689,-3.936753874393951,-7.576438186455269,-13.94186615787732,.4232480922340607,-26.30720674787522,-3.158986017130696,11.50662685769834,-12.23297506769127,-10.45894098025258
evreg2,9.relative_year_bin_aux,221.9534665768427,439.5555615837712,-4458.962513008067,-3868.637356730534,-3189.423369359404,-2574.2428258617,-1889.655879913824,-1258.137528946004,-575.2193721617276,893.887134582318,1086.982406063745,0,32.50724923393939,-.2248813301065201,143.71440550287,-20.56721165784877,-9.893484268403048,-24.45477985714889,-2.942609021408443,5.903474559652223,-12.45172988422969,-36.81039812794395,-188.6390265977569,301.175241595384,-24.903874581178,-25.97878545186395,-29.52530664662777,-23.84590184180562,-15.12765233194699,-27.56563008554797,-45.66351413656552,-170.1961401787059,-81.21805691865285,-46.81587505804616,45.94955193872607,48.52119378908289,54.71105464727977,42.61701484289172,36.36765458094077,43.70995794971672,40.46292025470037,177.3040887754585,110.3615373908165
evreg2,10.relative_year_bin_aux,312.4934273190302,439.5555615837712,-7033.362715740508,-6124.908459821761,-5040.714617746638,-4088.934159136389,-2913.84824352704,-1996.337801928033,-965.1270160836441,1086.982406063745,2376.666364435535,0,31.08975029879938,-.3546881358744988,225.0007418465165,.5723254339586985,21.82517845399155,-9.346721240022205,34.36526431502347,2.24675574561155,9.806521033895372,-.4495529456483213,15.6256463437783,-197.3014564443417,-15.42074895301163,-19.26401736575798,-25.24033803386443,-15.17282835516922,-27.94136169673981,-18.59909708817585,-27.87986447195888,-65.92841970133452,-297.4602240896118,-56.70496581058006,51.5435887745485,57.59995458808486,67.21577425904181,44.20334388995749,73.70560061875891,37.4223184738565,18.2961286703371,60.23713464112958,311.3129745854991
evreg2,1o.treat,0,439.5555615837712,0,0,0,0,0,0,0,0,0,0,0,0,0,0,0,0,0,0,0,0,0,0,0,0,0,0,0,0,0,0,0,0,0,0,0,0,0,0,0,0,0
evreg2,1.downup_ac,-28.2325389336422,439.5555615837712,-36.87573706987354,-27.36532206918054,-18.87786761744264,-11.48686145902917,-11.64346267849652,-2.414040317476403,6.722180261814015,32.50724923393939,31.08975029879938,0,57.47744051549085,.0546874011235387,-2.462687992189366,-24.35191907365177,-24.02815551083826,-24.10324949714637,-23.64680639522282,-13.10645462013894,-12.39236827664326,-11.98901021071296,-22.58557954600751,-4.394620573166182,-43.43717199982802,-44.55852375885256,-43.91047681260724,-43.54382481346053,-27.1939090402668,-21.78518094666467,-20.99362697584378,-29.96601225751599,-33.13166698065387,-61.15519249741956,47.04116640317178,47.63194622838263,47.40420181694974,46.26320457745311,27.46771619651618,23.74764463755697,21.61146339716737,32.56973969540263,32.91758728336998
evreg2,wind_direction,-2.478816323495934,439.5555615837712,1.692580626489593,1.517301946362376,1.298352418551338,1.010505234436426,.6998764483457942,.5126679515708887,.2616713144940221,-.2248813301065201,-.3546881358744988,0,.0546874011235387,.0018171567618432,-.153136398871145,.0178355502518417,.0053301611553146,.0023633664315164,-.0255747113224842,.0172443250502904,.000967354698827,-.0046536404241182,-.0785572268486198,-.2641983671622574,-.0116770859049013,-.0089564175009276,-.0138611188759962,.0069771074321678,-.0124166187424262,-.0074840194608978,-.0071302589561493,-.008447704220573,-.0163787424464139,-.0147553825691597,-.0134795350701695,-.0150000587603834,-.0074012436691301,-.0121398945336545,-.0165929298725127,-.0021637327753988,-.0019276844663177,.0054018438744596,-.0252315649100917
evreg2,av_wind_speed,172.9224221993146,439.5555615837712,-966.9199707614774,-846.8043854616876,-700.5399062581924,-568.5414167442586,-400.9004943259502,-270.5962345502153,-128.3991631281247,143.71440550287,225.0007418465165,0,-2.462687992189366,-.153136398871145,109.5088634774142,8.750783718981062,11.49945669675512,6.164711176903909,14.88360739278738,1.893995649720819,4.514778352449621,2.795909677558861,25.22212011519791,113.0422577493448,-.1299395842852219,-4.1718076054887,-5.058143470080336,-1.33095279867216,-1.944485500909712,-2.141028115396197,-4.703875154997616,-4.616785404247999,4.467460660154691,-3.636786370455938,3.450674968495441,9.012324804076581,9.840760895172597,3.624471580284068,10.43523513007374,3.72659900628987,1.082965835643223,1.577920852838884,6.701164843371309
evreg2,1bn.relative_year_bin_aux#1.treat,-41.16668265107825,439.5555615837712,-65.46684175320621,-54.28631960680997,-48.84229209832905,-46.17930825468694,-26.49622826798747,-19.28072709075367,-16.42590708202015,-20.56721165784877,.5723254339586985,0,-24.35191907365177,.0178355502518417,8.750783718981062,380.7319830526146,310.6947072023231,316.8321422730081,304.0685860900003,161.283696646047,138.6138736366187,153.9794036073311,132.9419509949357,297.2962418994801,51.64244033077117,44.2690417671875,39.234551811133,43.69047408465747,20.01664365340122,11.16240427592087,12.15624773791768,26.22567998007667,20.12283143593457,272.7590227388516,-427.1298265758805,-376.1726022556626,-360.1541861811687,-370.2328328021819,-179.9025560617236,-110.640051703315,-131.9219180457524,-79.24124624113969,-184.8842072864421
evreg2,2.relative_year_bin_aux#1.treat,-42.92846983306904,439.5555615837712,-126.7980937360597,-125.1025201921132,-99.17957610131859,-92.77315878213136,-51.94769975304168,-40.22780062271351,-26.20876408904149,-9.893484268403048,21.82517845399155,0,-24.02815551083826,.0053301611553146,11.49945669675512,310.6947072023231,400.3063625441585,308.5203296626781,350.5390697586042,125.9816810581101,136.621800552318,151.7217894384779,130.6184762567822,293.5161937755585,44.19665982795826,49.50848774798215,40.42482869436304,45.67957224544589,17.97794899734949,11.04858532625634,11.57354299238037,25.78045798155324,18.98079333808978,268.0789182770922,-385.5042677990719,-460.4998312919369,-377.1750492194707,-418.2987488803503,-165.5577570695225,-111.5250870755555,-129.8072094598339,-78.17745609802014,-181.0180946368806
evreg2,3.relative_year_bin_aux#1.treat,-28.15179667304023,439.5555615837712,-10.25292243605077,-13.98691156608415,-22.20147455603661,-22.41237514402383,-14.17836331425403,-6.247316689009981,-9.38136806886237,-24.45477985714889,-9.346721240022205,0,-24.10324949714637,.0023633664315164,6.164711176903909,316.8321422730081,308.5203296626781,353.2557874172658,304.0176146277186,176.7084214617274,137.2539217573597,156.5943604602343,128.0292998482882,295.9599908391447,43.88874613802375,43.3741138292477,46.91766543441624,46.02380149577527,27.9668877649155,11.97825547635156,12.39730626150523,26.11235531841717,18.47947821300191,269.4731317695178,-363.2545628835175,-371.1352100721239,-395.030491254184,-378.7769894925033,-205.4130685405899,-117.8213159668798,-136.1096376912486,-78.7986577407848,-181.8080146317924
evreg2,4.relative_year_bin_aux#1.treat,14.40800430569037,439.5555615837712,-180.9689873249208,-168.2435925110322,-140.602656909058,-131.1079621135543,-75.6546825889569,-56.30854433386926,-34.39919382410947,-2.942609021408443,34.36526431502347,0,-23.64680639522282,-.0255747113224842,14.88360739278738,304.0685860900003,350.5390697586042,304.0176146277186,426.7726799231769,128.6246967109726,142.8455442139689,165.5538395079502,123.3971520303286,293.9379265842756,43.50619119062965,44.51284723982143,42.67701760091808,52.19217444110924,21.24847191095405,12.31552434654209,12.32087661884968,25.44866057091981,17.26539218588582,264.2218159681943,-396.9491472570215,-435.7834189220613,-404.3857829613816,-487.3314489277308,-184.0604127085996,-122.0729524567174,-141.1458676415876,-78.75434341054437,-182.9454195487124
evreg2,5.relative_year_bin_aux#1.treat,-31.79539642560195,439.5555615837712,-46.37052167533439,-36.88712596339931,-43.98563669164395,-31.32493405968889,-54.48586938083397,-14.73722485273746,-9.280159124979411,5.903474559652223,2.24675574561155,0,-13.10645462013894,.0172443250502904,1.893995649720819,161.283696646047,125.9816810581101,176.7084214617274,128.6246967109726,317.9234316173385,99.55187909076723,99.08105522891543,25.81561769924471,84.07762492489815,24.25514276354876,22.81781533674433,29.276836271836,24.58800537731835,41.40266607668757,9.936857831568481,6.838724767241476,.8174364378646076,2.08335388273652,162.8739567733409,-192.560697648186,-176.9691695482639,-215.4519204714325,-182.1620616246358,-257.0360761584625,-94.11111782312635,-90.05090504276728,-23.47598063065962,-73.05515334915006
evreg2,6.relative_year_bin_aux#1.treat,-11.575874926268,439.5555615837712,-58.98183882090161,-53.8897622136074,-46.43816629470323,-40.88199357265886,-26.01424326964757,-27.98392443288033,-18.33325056601815,-12.45172988422969,9.806521033895372,0,-12.39236827664326,.000967354698827,4.514778352449621,138.6138736366187,136.621800552318,137.2539217573597,142.8455442139689,99.55187909076723,147.4821726754659,119.3634763841368,91.79538974702702,164.6193582063055,12.25408790574725,12.51536761387979,13.10114844834785,13.41603369445452,8.785906954117571,13.41866399685969,9.969925298291971,16.92840903103778,16.01704289178604,132.6635548968005,-124.51119522946,-125.9086639534397,-131.8291226523987,-132.8463161944506,-90.54802619423927,-121.2283231923302,-99.0501358942569,-71.44958781882244,-119.8393118265596
evreg2,7.relative_year_bin_aux#1.treat,-5.439062187167099,439.5555615837712,5.263331732278526,2.472247866942181,-.5259829561280499,-3.402849270980175,1.21713064155036,-7.199393043605141,-18.72080977433783,-36.81039812794395,-.4495529456483213,0,-11.98901021071296,-.0046536404241182,2.795909677558861,153.9794036073311,151.7217894384779,156.5943604602343,165.5538395079502,99.08105522891543,119.3634763841368,231.2144049325648,123.791837379408,300.3552066209417,11.94944193846217,11.54445600500533,12.04099614272524,12.07729172042049,6.907116520012583,11.12035062422077,18.4105744562975,29.4782071097216,20.61754424388845,147.3394485624388,-138.8016185738918,-137.3528671266021,-147.7261584408078,-144.6307775689977,-92.15342246480817,-100.8835151092612,-196.3235119690123,-111.2088888417808,-218.9871459188904
evreg2,9.relative_year_bin_aux#1.treat,115.3609619556504,439.5555615837712,-125.64820857726,-119.9639632031282,-100.1806074084936,-89.57671196882045,-25.14999671555471,-42.89717394408492,-48.6389129679347,-188.6390265977569,15.6256463437783,0,-22.58557954600751,-.0785572268486198,25.22212011519791,132.9419509949357,130.6184762567822,128.0292998482882,123.3971520303286,25.81561769924471,91.79538974702702,123.791837379408,398.5252364989487,309.6297002100906,24.53124386246479,24.8154663849255,24.10867452505463,25.47007751759505,2.369407267177587,21.86725940112349,35.07921390335999,148.5135274513678,80.34116668057744,100.8599459341202,-102.1368201709048,-101.4569316564486,-102.1694183594567,-100.9925192823325,-30.43782057506257,-77.45746872960207,-121.4203607947653,-274.7094274290179,-221.9824032907105
evreg2,10.relative_year_bin_aux#1.treat,321.6047313584743,439.5555615837712,-1913.293378799022,-1654.918531422762,-1383.277993811264,-1109.214648200457,-839.868428724759,-542.9718277651106,-248.2880517273739,301.175241595384,-197.3014564443417,0,-4.394620573166182,-.2641983671622574,113.0422577493448,297.2962418994801,293.5161937755585,295.9599908391447,293.9379265842756,84.07762492489815,164.6193582063055,300.3552066209417,309.6297002100906,1979.022562986735,7.846637122862221,9.638519047765591,8.088290044479482,11.02917810569711,3.865736510629506,4.438134088610006,6.052090396826121,32.69672357322113,294.8770116387487,247.5184208640017,-228.015693238553,-226.1341290836817,-225.6436065835962,-224.641551234307,-89.17788853197742,-113.351022834349,-255.6782285050509,-182.9350164493014,-795.3407924660045
evreg2,1bn.relative_year_bin_aux#1.downup_ac,-5.482068575539238,439.5555615837712,-59.72973230278359,-52.20699241693436,-48.9312247791603,-48.97195693761758,-23.90578901504246,-14.27216188551968,-14.60451930193911,-24.903874581178,-15.42074895301163,0,-43.43717199982802,-.0116770859049013,-.1299395842852219,51.64244033077117,44.19665982795826,43.88874613802375,43.50619119062965,24.25514276354876,12.25408790574725,11.94944193846217,24.53124386246479,7.846637122862221,104.6483159878752,84.7288713930277,83.86859683692694,86.52483369256622,50.96258442147078,22.10422533586489,21.45352202179239,29.88733515061187,28.92276718047282,46.96149552073069,-103.9987193980564,-87.83386496838412,-85.22678249119546,-86.95527291017061,-50.20619653675294,-23.86161595291867,-21.9806198749314,-32.49938024500617,-29.2759706325177
evreg2,2.relative_year_bin_aux#1.downup_ac,-10.03562304298599,439.5555615837712,-41.59615046027388,-50.18705397509727,-40.40123337585659,-43.66977990651438,-17.87506830104108,-12.08165089009558,-12.93430553214772,-25.97878545186395,-19.26401736575798,0,-44.55852375885256,-.0089564175009276,-4.1718076054887,44.2690417671875,49.50848774798215,43.3741138292477,44.51284723982143,22.81781533674433,12.51536761387979,11.54445600500533,24.8154663849255,9.638519047765591,84.7288713930277,95.74761575756918,80.7547768659982,86.63282260313973,43.87753637401713,22.30619447343639,20.3407752499558,29.87672485000207,28.72159113080444,47.98458226603606,-88.43639789478418,-100.535876523856,-84.94107231476666,-90.29709380802973,-45.37175882759051,-24.13798004555611,-20.98158671803355,-32.54391655438931,-28.98052671638943
evreg2,3.relative_year_bin_aux#1.downup_ac,5.436190513149459,439.5555615837712,-9.280450779442761,-14.40009889565273,-24.55733974185696,-25.38301788734483,-13.22114211384918,-4.257591283481431,-9.230444039351003,-29.52530664662777,-25.24033803386443,0,-43.91047681260724,-.0138611188759962,-5.058143470080336,39.234551811133,40.42482869436304,46.91766543441624,42.67701760091808,29.276836271836,13.10114844834785,12.04099614272524,24.10867452505463,8.088290044479482,83.86859683692694,80.7547768659982,94.72798438213115,88.02224103699052,58.46011755203939,23.82320034414786,22.16674361277582,30.18013720721908,28.88973721623258,47.46505082218822,-83.44224735787984,-84.75897024099118,-96.03823686057673,-89.84017519843549,-57.64593316158095,-25.54447507108687,-22.51783117375254,-32.82947693299205,-29.28750790977695
evreg2,4.relative_year_bin_aux#1.downup_ac,8.382842767816946,439.5555615837712,-63.94369093682691,-64.95147863438036,-59.3894471842091,-64.61592569376411,-28.77865157717461,-19.04542532903685,-16.67863556762669,-23.84590184180562,-15.17282835516922,0,-43.54382481346053,.0069771074321678,-1.33095279867216,43.69047408465747,45.67957224544589,46.02380149577527,52.19217444110924,24.58800537731835,13.41603369445452,12.07729172042049,25.47007751759505,11.02917810569711,86.52483369256622,86.63282260313973,88.02224103699052,104.6752137951829,47.51673459561401,24.24487316646156,22.02746791684948,30.16514834238652,27.37729499234182,46.73595341491973,-88.26507236629179,-91.92908942525206,-90.90119608894419,-108.1437762653175,-47.99540947246066,-25.62827594569291,-22.31489888066534,-32.6371214146484,-27.61070439787228
evreg2,5.relative_year_bin_aux#1.downup_ac,-1.053037257186867,439.5555615837712,47.86615676216704,40.75449507959569,20.10720731392361,16.56530706728663,-10.87592342578968,9.278084932985911,.3324277630897529,-15.12765233194699,-27.94136169673981,0,-27.1939090402668,-.0124166187424262,-1.944485500909712,20.01664365340122,17.97794899734949,27.9668877649155,21.24847191095405,41.40266607668757,8.785906954117571,6.907116520012583,2.369407267177587,3.865736510629506,50.96258442147078,43.87753637401713,58.46011755203939,47.51673459561401,79.06243443219255,20.47673164543121,16.86159558296388,6.52607091602134,12.39656873996411,25.09342220493655,-46.14443528414524,-40.97924421417353,-55.853260965783,-44.74454732368547,-78.391946416607,-17.45020541280583,-13.43768834304053,-3.270442976803442,-5.848725221225303
evreg2,6.relative_year_bin_aux#1.downup_ac,8.710706827860042,439.5555615837712,20.31727806797397,15.59063253459684,10.55583692993144,5.809239496224077,4.275621990317588,-4.71622937678122,-7.754194686706327,-27.56563008554797,-18.59909708817585,0,-21.78518094666467,-.0074840194608978,-2.141028115396197,11.16240427592087,11.04858532625634,11.97825547635156,12.31552434654209,9.936857831568481,13.41866399685969,11.12035062422077,21.86725940112349,4.438134088610006,22.10422533586489,22.30619447343639,23.82320034414786,24.24487316646156,20.47673164543121,26.66050438645665,20.66351281173282,21.69015552775386,22.61325717171229,21.85536490284166,-22.14535151198554,-22.43421906697774,-23.86238227148811,-24.28851288596043,-19.6618124996091,-26.92535574164662,-19.22515269686648,-21.21922649328211,-21.11926647794903
evreg2,7.relative_year_bin_aux#1.downup_ac,3.88013582538683,439.5555615837712,70.33576115558142,59.22687414540213,47.23881979965111,35.49830810856246,29.4662798422933,12.93418036560405,-7.0671226638124,-45.66351413656552,-27.87986447195888,0,-20.99362697584378,-.0071302589561493,-4.703875154997616,12.15624773791768,11.57354299238037,12.39730626150523,12.32087661884968,6.838724767241476,9.969925298291971,18.4105744562975,35.07921390335999,6.052090396826121,21.45352202179239,20.3407752499558,22.16674361277582,22.02746791684948,16.86159558296388,20.66351281173282,33.05411380840093,39.54702165023601,28.44916834967996,21.60321089458225,-22.04474917454211,-21.01008725080699,-22.97277720895007,-22.81346565388669,-17.06773190116841,-21.59119137282902,-33.48914045462501,-41.08928689852954,-28.91100809673843
evreg2,9.relative_year_bin_aux#1.downup_ac,-17.0694098810269,439.5555615837712,216.3169635776048,183.1307217127657,149.9238967446349,116.4442768776238,102.6254063177402,55.10042742388514,11.7865536425558,-170.1961401787059,-65.92841970133452,0,-29.96601225751599,-.008447704220573,-4.616785404247999,26.22567998007667,25.78045798155324,26.11235531841717,25.44866057091981,.8174364378646076,16.92840903103778,29.4782071097216,148.5135274513678,32.69672357322113,29.88733515061187,29.87672485000207,30.18013720721908,30.16514834238652,6.52607091602134,21.69015552775386,39.54702165023601,187.5671619616473,93.21879539687431,43.42060220071517,-43.24184740057176,-42.95585374038363,-43.77484392078726,-43.06247040231123,-10.81083631027057,-33.48283536477641,-48.86619638960126,-203.4753836405357,-118.0736362930354
evreg2,10.relative_year_bin_aux#1.downup_ac,-25.50200950170292,439.5555615837712,46.94558427390907,38.60748472916551,30.52620776148643,23.53009477275172,23.1582648350319,10.57118305106562,-7.743829861826182,-81.21805691865285,-297.4602240896118,0,-33.13166698065387,-.0163787424464139,4.467460660154691,20.12283143593457,18.98079333808978,18.47947821300191,17.26539218588582,2.08335388273652,16.01704289178604,20.61754424388845,80.34116668057744,294.8770116387487,28.92276718047282,28.72159113080444,28.88973721623258,27.37729499234182,12.39656873996411,22.61325717171229,28.44916834967996,93.21879539687431,730.2202351648831,35.20133411259215,-31.75042497943869,-30.11153410937482,-31.42523767401931,-28.99074651459161,-7.940869765991736,-28.49918775048982,-29.90838094997802,-106.1730437860849,-747.6181605607525
evreg2,1.treat#1.downup_ac,-1.005744345016292,439.5555615837712,106.3659083332812,87.6160561865242,68.64392468477705,50.95827163428219,44.06037131871292,25.01791592183727,5.87753576159689,-46.81587505804616,-56.70496581058006,0,-61.15519249741956,-.0147553825691597,-3.636786370455938,272.7590227388516,268.0789182770922,269.4731317695178,264.2218159681943,162.8739567733409,132.6635548968005,147.3394485624388,100.8599459341202,247.5184208640017,46.96149552073069,47.98458226603606,47.46505082218822,46.73595341491973,25.09342220493655,21.85536490284166,21.60321089458225,43.42060220071517,35.20133411259215,575.8718243922279,-472.8183109849823,-471.4235529296446,-473.4140787552112,-457.795874927108,-267.5231257154612,-210.0834910739732,-242.629050326973,-121.5862269338291,-398.7966614000294
evreg2,1bn.relative_year_bin_aux#1.treat#1.downup_ac,22.66887223678059,439.5555615837712,-64.9386972393045,-53.50527965584187,-41.76441103658396,-22.35364092364349,-29.8300870055861,-21.4423463973051,-3.936753874393951,45.94955193872607,51.5435887745485,0,47.04116640317178,-.0134795350701695,3.450674968495441,-427.1298265758805,-385.5042677990719,-363.2545628835175,-396.9491472570215,-192.560697648186,-124.51119522946,-138.8016185738918,-102.1368201709048,-228.015693238553,-103.9987193980564,-88.43639789478418,-83.44224735787984,-88.26507236629179,-46.14443528414524,-22.14535151198554,-22.04474917454211,-43.24184740057176,-31.75042497943869,-472.8183109849823,837.6450419044291,740.3292995902756,698.6737266475508,724.8262232375455,385.2034346309262,207.9593685918527,234.9388811515006,130.7476251017683,375.129741876994
evreg2,2.relative_year_bin_aux#1.treat#1.downup_ac,23.29087450000836,439.5555615837712,-97.70216369789134,-70.31590630974104,-60.1263851946868,-35.91803934433156,-39.45840328689999,-27.59066712068768,-7.576438186455269,48.52119378908289,57.59995458808486,0,47.63194622838263,-.0150000587603834,9.012324804076581,-376.1726022556626,-460.4998312919369,-371.1352100721239,-435.7834189220613,-176.9691695482639,-125.9086639534397,-137.3528671266021,-101.4569316564486,-226.1341290836817,-87.83386496838412,-100.535876523856,-84.75897024099118,-91.92908942525206,-40.97924421417353,-22.43421906697774,-21.01008725080699,-42.95585374038363,-30.11153410937482,-471.4235529296446,740.3292995902756,872.7575291720004,725.0307029825435,794.1083772312988,343.0792760688729,210.8989700119907,231.8100250961476,130.0292822664519,372.3464862499924
evreg2,3.relative_year_bin_aux#1.treat#1.downup_ac,28.87076787089302,439.5555615837712,-147.5717387023298,-119.6487534259751,-88.24708637282473,-64.48240956289732,-53.14899158305594,-41.3208152703812,-13.94186615787732,54.71105464727977,67.21577425904181,0,47.40420181694974,-.0074012436691301,9.840760895172597,-360.1541861811687,-377.1750492194707,-395.030491254184,-404.3857829613816,-215.4519204714325,-131.8291226523987,-147.7261584408078,-102.1694183594567,-225.6436065835962,-85.22678249119546,-84.94107231476666,-96.03823686057673,-90.90119608894419,-55.853260965783,-23.86238227148811,-22.97277720895007,-43.77484392078726,-31.42523767401931,-473.4140787552112,698.6737266475508,725.0307029825435,790.5465154542178,751.235858962429,429.692226852568,224.2682878061028,249.7876086378155,132.8539500307558,375.2686242431346
evreg2,4.relative_year_bin_aux#1.treat#1.downup_ac,5.076936759974858,439.5555615837712,-44.96431497647096,-28.01398600558803,-18.66823070217113,2.430535693641139,-17.33219504629774,-12.67971402855908,.4232480922340607,42.61701484289172,44.20334388995749,0,46.26320457745311,-.0121398945336545,3.624471580284068,-370.2328328021819,-418.2987488803503,-378.7769894925033,-487.3314489277308,-182.1620616246358,-132.8463161944506,-144.6307775689977,-100.9925192823325,-224.641551234307,-86.95527291017061,-90.29709380802973,-89.84017519843549,-108.1437762653175,-44.74454732368547,-24.28851288596043,-22.81346565388669,-43.06247040231123,-28.99074651459161,-457.795874927108,724.8262232375455,794.1083772312988,751.235858962429,919.7829749254707,354.8850360835109,226.4649929791026,247.4932858717681,127.8381648648372,366.7109434848637
evreg2,5.relative_year_bin_aux#1.treat#1.downup_ac,32.57203919238697,439.5555615837712,-219.9740861427399,-188.2133562550448,-144.9597043807036,-115.399505322122,-61.33341336076229,-60.16853119388264,-26.30720674787522,36.36765458094077,73.70560061875891,0,27.46771619651618,-.0165929298725127,10.43523513007374,-179.9025560617236,-165.5577570695225,-205.4130685405899,-184.0604127085996,-257.0360761584625,-90.54802619423927,-92.15342246480817,-30.43782057506257,-89.17788853197742,-50.20619653675294,-45.37175882759051,-57.64593316158095,-47.99540947246066,-78.391946416607,-19.6618124996091,-17.06773190116841,-10.81083631027057,-7.940869765991736,-267.5231257154612,385.2034346309262,343.0792760688729,429.692226852568,354.8850360835109,541.313782335217,168.1868116700911,174.1108196390842,44.30781622567161,127.1331933028693
evreg2,6.relative_year_bin_aux#1.treat#1.downup_ac,16.96340648206368,439.5555615837712,-90.42731348627095,-75.7248225299351,-61.35679389273368,-46.39381384969182,-37.68593793038639,-17.02275760305,-3.158986017130696,43.70995794971672,37.4223184738565,0,23.74764463755697,-.0021637327753988,3.72659900628987,-110.640051703315,-111.5250870755555,-117.8213159668798,-122.0729524567174,-94.11111782312635,-121.2283231923302,-100.8835151092612,-77.45746872960207,-113.351022834349,-23.86161595291867,-24.13798004555611,-25.54447507108687,-25.62827594569291,-17.45020541280583,-26.92535574164662,-21.59119137282902,-33.48283536477641,-28.49918775048982,-210.0834910739732,207.9593685918527,210.8989700119907,224.2682878061028,226.4649929791026,168.1868116700911,237.4101959401156,177.6740264323608,122.8494240880486,236.7119606470076
evreg2,7.relative_year_bin_aux#1.treat#1.downup_ac,8.858990594826798,439.5555615837712,-29.11756029280303,-23.46814822170849,-17.76775539606827,-11.87677196481802,-13.04338648602432,-2.756206410825849,11.50662685769834,40.46292025470037,18.2961286703371,0,21.61146339716737,-.0019276844663177,1.082965835643223,-131.9219180457524,-129.8072094598339,-136.1096376912486,-141.1458676415876,-90.05090504276728,-99.0501358942569,-196.3235119690123,-121.4203607947653,-255.6782285050509,-21.9806198749314,-20.98158671803355,-22.51783117375254,-22.31489888066534,-13.43768834304053,-19.22515269686648,-33.48914045462501,-48.86619638960126,-29.90838094997802,-242.629050326973,234.9388811515006,231.8100250961476,249.7876086378155,247.4932858717681,174.1108196390842,177.6740264323608,340.9050956552871,175.6487018121906,383.9820688339493
evreg2,9.relative_year_bin_aux#1.treat#1.downup_ac,29.53197717128091,439.5555615837712,-214.0680897811083,-181.0381642626527,-148.0091964160684,-115.0201375165774,-104.1128132387621,-55.62436930321093,-12.23297506769127,177.3040887754585,60.23713464112958,0,32.56973969540263,.0054018438744596,1.577920852838884,-79.24124624113969,-78.17745609802014,-78.7986577407848,-78.75434341054437,-23.47598063065962,-71.44958781882244,-111.2088888417808,-274.7094274290179,-182.9350164493014,-32.49938024500617,-32.54391655438931,-32.82947693299205,-32.6371214146484,-3.270442976803442,-21.21922649328211,-41.08928689852954,-203.4753836405357,-106.1730437860849,-121.5862269338291,130.7476251017683,130.0292822664519,132.8539500307558,127.8381648648372,44.30781622567161,122.8494240880486,175.6487018121906,442.5897536298565,403.4570936503476
evreg2,10.relative_year_bin_aux#1.treat#1.downup_ac,40.54061126333368,439.5555615837712,-160.4513817355473,-137.4727773423753,-114.2948342137713,-91.06375119447193,-78.94761167397274,-44.37726989401697,-10.45894098025258,110.3615373908165,311.3129745854991,0,32.91758728336998,-.0252315649100917,6.701164843371309,-184.8842072864421,-181.0180946368806,-181.8080146317924,-182.9454195487124,-73.05515334915006,-119.8393118265596,-218.9871459188904,-221.9824032907105,-795.3407924660045,-29.2759706325177,-28.98052671638943,-29.28750790977695,-27.61070439787228,-5.848725221225303,-21.11926647794903,-28.91100809673843,-118.0736362930354,-747.6181605607525,-398.7966614000294,375.129741876994,372.3464862499924,375.2686242431346,366.7109434848637,127.1331933028693,236.7119606470076,383.9820688339493,403.4570936503476,1863.856354823175
evreg3,1bn.relative_year_bin_aux,-1581.981833342664,439.5555615837712,29295.54027810234,25465.85623831827,20985.12644623559,16988.09273718683,12278.29972316932,8327.376622063046,4077.304478184886,-4258.515596856896,-7177.510577006664,0,0,1.690608494691438,-965.3849666035674,-129.79145427359,-200.5163383218824,-108.2391359380273,-227.5608571459856,-182.0084757302284,-126.6618227448931,-13.12237599163063,-160.484239804401,-1516.381596572767,71.12320058117182,138.2266340690978,88.18944261098697,107.0178494066482,-185.7911629643457,39.36424893943632,-72.1293291885101,-247.793326461861,299.3122365942608,0,70.32558345418705,42.09681575427589,61.95196359299287,54.54850128903978,109.4638676131233,72.73983702457114,30.53938874148767,-9.159184482778228,-781.7307372735172
evreg3,2.relative_year_bin_aux,-1427.760208970299,439.5555615837712,25465.85623831827,22166.39998782806,18250.67172949487,14786.82520373814,10663.92392216134,7243.887924613983,3548.512765879428,-3693.443577863531,-6244.715703389503,0,0,1.508899140073482,-846.5164073866647,-104.1338483384691,-187.3839320334931,-94.55951443478487,-207.4504919097595,-150.2767364553277,-111.0771000448255,-11.69062435378573,-146.0331792326001,-1305.128601532843,75.45082911030731,102.8353435317131,79.46366950507947,80.42773049273063,-145.1812437596679,33.04953150830205,-62.88140906320003,-217.8395649701395,257.1290852853143,0,50.89866776955839,48.30418848800963,52.58591857405732,55.85403718678728,87.11684059844465,63.38851924436554,25.76939129920846,-7.094407070265747,-681.1536861409764
evreg3,3.relative_year_bin_aux,-1247.953671063971,439.5555615837712,20985.12644623559,18250.67172949487,15052.65640174803,12182.23402379849,8804.767488252539,5968.971924325285,2925.062721099137,-3047.252732825185,-5151.021910227455,0,0,1.298764336203845,-700.9407022682916,-92.77742754432342,-151.270464786062,-87.90873312668552,-171.74301802699,-137.4342291450909,-93.95700719693475,-12.28758625247058,-121.0946301020207,-1087.976071570088,51.29180266098592,93.99583876544973,48.31538461684934,67.72321163485007,-142.4837423248175,24.61383607910872,-56.47272045516826,-186.991131366434,220.5241103315142,0,48.79097788292079,36.10117509243831,52.84489436701278,45.97514966705473,86.34088931634281,55.0033771682231,23.29638712383624,-2.393789223706595,-578.7565886713314
evreg3,4.relative_year_bin_aux,-928.7515709359677,439.5555615837712,16988.09273718683,14786.82520373814,12182.23402379849,9881.456212630796,7114.304310281773,4834.503955029041,2371.416650541978,-2456.206354984195,-4169.567043248967,0,0,1.017918202021332,-568.4953681010123,-73.85721421358188,-130.1653027703919,-71.78343143984418,-152.938147459768,-103.3335396955858,-78.77020524909302,-12.44076406095407,-105.1346249459925,-869.8390429183587,43.63746561974123,62.79428689746498,43.5191042935183,34.59064299651649,-97.19974674184407,16.52889615529565,-49.35814295181232,-158.9904741145546,172.5251590846087,0,36.73675715827424,36.0616026917087,41.94486724810398,50.97901525374538,61.87281352483129,46.9423489282365,21.14962763469894,5.492647578332855,-465.8042743867919
evreg3,5.relative_year_bin_aux,-661.6439457739685,439.5555615837712,12278.29972316932,10663.92392216134,8804.767488252539,7114.304310281773,5199.784548315562,3494.577701172235,1711.654843330213,-1818.191598524135,-3021.256171162536,0,0,.6858791495018379,-405.3548318793864,-53.40655666758607,-80.96522852142277,-50.15550033520023,-91.92245529235474,-104.4501227262044,-55.93639922459246,-6.603244550657282,-43.82189416028936,-657.8296344469799,26.78530841100823,66.23880401748151,26.76767046567847,55.4068246865848,-126.710262302849,12.39331374102521,-35.67956142341183,-90.82097903227476,152.4866425367102,0,27.57641086808174,12.63876260187759,29.55686935156682,17.97071823373708,75.76068880611604,34.15441892857072,13.60399700621136,-18.56024927409862,-354.218727998518
evreg3,6.relative_year_bin_aux,-496.68643876357,439.5555615837712,8327.376622063046,7243.887924613983,5968.971924325285,4834.503955029041,3494.577701172235,2384.639884864428,1172.183004864728,-1206.930276282161,-2038.403400850594,0,0,.5055747009527912,-271.1354389651921,-37.69502546648805,-61.90164624720247,-32.9349042726213,-69.83916757650437,-52.30809811028562,-45.84900110145433,-10.34596288698457,-45.74616516484453,-425.7180572569955,14.33815602347658,28.63690233708968,16.14935952559575,19.58006786654115,-53.98460159618612,-3.850802065712065,-33.00498971627957,-82.26353388230166,85.33873480935623,0,19.77305878731568,16.02746722635591,18.77576674677447,19.70701133809874,32.62811073128662,29.84895226436336,14.30290873024615,1.294701280363652,-240.7076234789546
evreg3,7.relative_year_bin_aux,-260.0297002160866,439.5555615837712,4077.304478184886,3548.512765879428,2925.062721099137,2371.416650541978,1711.654843330213,1172.183004864728,590.6300558819013,-563.2550998054346,-1001.540168046086,0,0,.2527895342048176,-131.6445324480557,-23.31058514249771,-34.39969538958751,-20.06462896468389,-38.84384987339927,-28.64040161620786,-26.30529483956781,-16.72282306544183,-46.03809440510333,-191.865594494803,-3.786901248012427,3.685233796233172,-3.145768311572331,-1.419112244029734,-32.03082257132531,-8.908105809616737,-34.48517215395856,-72.1589788813293,48.51761716108064,0,15.06444224769523,12.34719301585782,13.87511947311869,14.76417875593853,19.76657825839971,18.68134653523664,18.86201906807214,27.36046726812514,-140.1935289086682
evreg3,9.relative_year_bin_aux,230.1548886017231,439.5555615837712,-4258.515596856896,-3693.443577863531,-3047.252732825185,-2456.206354984195,-1818.191598524135,-1206.930276282161,-563.2550998054346,845.1983357542987,1071.003862733619,0,0,-.2625254698807085,139.4743613196557,3.0959288527498,14.70077545434713,3.384274992846552,18.48295564576937,23.53258482632492,12.48303710395954,-20.61320848203434,-174.9914664428946,273.902328588602,-40.62324114046736,-48.13467747640598,-43.68271686094848,-45.66254989024515,24.76405890882658,-25.44228242940431,-34.34809798760784,-211.5148773003348,-63.00967588446475,0,5.75334300614895,6.872918730519867,5.330795195553663,6.156636970844877,-12.63629502638327,-4.637653053502174,19.80543848192594,217.8579512157633,39.20099563708703
evreg3,10.relative_year_bin_aux,397.0169315301678,439.5555615837712,-7177.510577006664,-6244.715703389503,-5151.021910227455,-4169.567043248967,-3021.256171162536,-2038.403400850594,-1001.540168046086,1071.003862733619,2240.262643250911,0,0,-.4791421506765138,241.1516446181618,40.38502597789789,63.94428189237976,36.88522986405791,70.01147930161764,54.86350597393745,32.66230480125184,13.92145210434219,21.48911358747003,-70.45544324433693,-9.369854532886858,-23.22012409181934,-12.03468098998852,-16.27513783046646,58.80525967269798,-14.83584655358585,16.23810744931358,21.46561367234391,-563.6824523867714,0,-32.68986084482909,-29.87586729222447,-30.31172430774818,-31.09858566037515,-43.32846179118861,-19.10959533355738,-15.86389727625262,35.51617773855541,657.0361692042306
evreg3,1o.treat,0,439.5555615837712,0,0,0,0,0,0,0,0,0,0,0,0,0,0,0,0,0,0,0,0,0,0,0,0,0,0,0,0,0,0,0,0,0,0,0,0,0,0,0,0,0
evreg3,1o.rice_area_aclvl_ahigh,0,439.5555615837712,0,0,0,0,0,0,0,0,0,0,0,0,0,0,0,0,0,0,0,0,0,0,0,0,0,0,0,0,0,0,0,0,0,0,0,0,0,0,0,0,0
evreg3,wind_direction,-2.477664192238858,439.5555615837712,1.690608494691438,1.508899140073482,1.298764336203845,1.017918202021332,.6858791495018379,.5055747009527912,.2527895342048176,-.2625254698807085,-.4791421506765138,0,0,.0018234188511023,-.154637944367929,.0188158789031768,.0028788815141965,.0153771197045386,-.0280555481550098,.0182875944786856,.0078411170587044,.0083703134671768,-.0064068188707894,-.0945386745046815,-.0001401340265199,.0104543456707462,-.0105815631015044,.0006510437142692,.0235747345174246,.0136286670189851,.0159648198482277,.0734229437711198,.1963764444887017,0,-.0170902815305583,-.0098249948530607,-.032337585760343,-.0094503508302125,-.0192965706019053,-.0170226870426451,-.0313606737589194,-.1389164212123204,-.3095454086610698
evreg3,av_wind_speed,173.5978355387406,439.5555615837712,-965.3849666035674,-846.5164073866647,-700.9407022682916,-568.4953681010123,-405.3548318793864,-271.1354389651921,-131.6445324480557,139.4743613196557,241.1516446181618,0,0,-.154637944367929,109.7041653312044,10.39875377950872,17.92571602432823,10.40155413847934,17.36550205766823,11.00542436936989,7.454991348260508,3.648849197539129,21.3916081825031,91.17045833530167,-3.801895942925283,-5.207750032396443,-5.189853999664464,-2.0297523767023,7.710620128287665,-1.995197397608032,1.425120697634126,5.938288746729453,-24.62255037516178,0,-.3542819035870495,-4.147557906319389,.8118085322350899,-2.206467034947265,-10.61769706787748,-3.442880287816377,-1.381097394002601,3.669664318624267,41.26337875423246
evreg3,1bn.relative_year_bin_aux#1.treat,-39.78322218152377,439.5555615837712,-129.79145427359,-104.1338483384691,-92.77742754432342,-73.85721421358188,-53.40655666758607,-37.69502546648805,-23.31058514249771,3.0959288527498,40.38502597789789,0,0,.0188158789031768,10.39875377950872,253.9836731960089,175.2785102632451,206.6738191910381,171.8656557976983,132.5578649255314,130.9613682247722,142.182146996173,119.4966113383551,304.1914627812235,32.58895584380636,18.37446258228699,22.63048450077817,15.89701808909416,15.35692381967131,11.1471625945244,10.60375433911441,12.39788796794127,-17.44282640111206,0,-241.6383781732093,-163.9785208711742,-196.2000361461984,-168.983403485716,-129.4705166577383,-127.3363845761346,-143.2534535686285,-113.224889740998,-269.9935316197562
evreg3,2.relative_year_bin_aux#1.treat,-41.45559700704259,439.5555615837712,-200.5163383218824,-187.3839320334931,-151.270464786062,-130.1653027703919,-80.96522852142277,-61.90164624720247,-34.39969538958751,14.70077545434713,63.94428189237976,0,0,.0028788815141965,17.92571602432823,175.2785102632451,264.7209276329204,176.0730086805346,199.6110015665258,99.47139120862614,126.6676130017711,138.4061169581018,117.2092586051385,300.9858785653867,16.88481044709232,26.66903851240605,19.33679519398245,23.1171834100439,5.146206255615629,10.40742190954445,9.457581854770003,14.75779868763109,-13.12445817651001,0,-164.2720834244448,-253.8445163414706,-166.3990261470182,-197.1470822278578,-97.18480590775894,-122.4280602769968,-137.7636203668152,-113.8594891748039,-270.4839622806978
evreg3,3.relative_year_bin_aux#1.treat,-30.58770772132922,439.5555615837712,-108.2391359380273,-94.55951443478487,-87.90873312668552,-71.78343143984418,-50.15550033520023,-32.9349042726213,-20.06462896468389,3.384274992846552,36.88522986405791,0,0,.0153771197045386,10.40155413847934,206.6738191910381,176.0730086805346,267.3420597738543,169.8852183778144,139.910601591294,122.1856493037745,138.981094467597,114.5196091733831,302.632269519953,22.14397844791624,18.69965569891826,25.32331207894248,19.38038014292416,14.68295041253809,9.989132150301394,9.857066440460882,14.32529123921659,-19.48113336179857,0,-195.0860982024493,-164.046483351903,-255.4076739856193,-164.4116143797474,-137.7224606885441,-118.7211934984599,-137.4804131776463,-113.9110459605155,-260.3004552065651
evreg3,4.relative_year_bin_aux#1.treat,8.339954176154709,439.5555615837712,-227.5608571459856,-207.4504919097595,-171.74301802699,-152.938147459768,-91.92245529235474,-69.83916757650437,-38.84384987339927,18.48295564576937,70.01147930161764,0,0,-.0280555481550098,17.36550205766823,171.8656557976983,199.6110015665258,169.8852183778144,274.7754091277227,82.44030641743387,132.0513467562948,152.271979358533,107.5655774456273,307.155855899555,15.75073776926922,23.35252617990789,18.73590530700375,30.41318498987134,2.108347416264275,9.990493109260662,10.13162022852297,14.57290885597152,-16.41652138222128,0,-166.7638629010747,-194.3586886915925,-164.1878667721306,-272.6481924960808,-79.23585961185331,-129.4389505349317,-152.246291360991,-103.3380122225923,-277.2068186820381
evreg3,5.relative_year_bin_aux#1.treat,-38.57841989399309,439.5555615837712,-182.0084757302284,-150.2767364553277,-137.4342291450909,-103.3335396955858,-104.4501227262044,-52.30809811028562,-28.64040161620786,23.53258482632492,54.86350597393745,0,0,.0182875944786856,11.00542436936989,132.5578649255314,99.47139120862614,139.910601591294,82.44030641743387,314.0653572504741,97.01849490164062,113.4672469801777,33.73961988924498,124.3251563634355,12.85581292111524,2.592215919980482,13.34597797197632,1.258892911089422,35.54236536538409,8.267955516539509,7.503184294042709,-.6332842954656593,-22.21939414078033,0,-132.1412317330577,-99.42678518764102,-140.5455594329549,-83.0579474357388,-309.0923402413601,-95.11861419485194,-115.8798950926835,-30.87269554881787,-104.0716842661244
evreg3,6.relative_year_bin_aux#1.treat,-21.33150991491512,439.5555615837712,-126.6618227448931,-111.0771000448255,-93.95700719693475,-78.77020524909302,-55.93639922459246,-45.84900110145433,-26.30529483956781,12.48303710395954,32.66230480125184,0,0,.0078411170587044,7.454991348260508,130.9613682247722,126.6676130017711,122.1856493037745,132.0513467562948,97.01849490164062,149.0426530741393,118.5141788748801,81.27559372525208,217.8579416815869,10.62874381076733,9.945846893313213,9.546702086097625,10.50023610105831,9.83694776560962,13.30260938303315,10.07450596651078,1.920864031122902,-2.066480807540125,0,-126.4300302606193,-123.1364700862844,-119.994988307988,-131.6970230094979,-93.26786047161379,-146.2088793239568,-119.690508759837,-76.27520408462956,-205.3174944165662
evreg3,7.relative_year_bin_aux#1.treat,-7.937772613627686,439.5555615837712,-13.12237599163063,-11.69062435378573,-12.28758625247058,-12.44076406095407,-6.603244550657282,-10.34596288698457,-16.72282306544183,-20.61320848203434,13.92145210434219,0,0,.0083703134671768,3.648849197539129,142.182146996173,138.4061169581018,138.981094467597,152.271979358533,113.4672469801777,118.5141788748801,209.3941425788292,72.94097960214891,263.3114792064229,11.71899420124825,10.32315103940998,11.41642036027582,11.73319927640732,7.900468383751257,10.00045441827607,16.99679975585721,22.15041638137868,-15.22113849826936,0,-139.9899734846049,-136.5047515428679,-137.9703443156764,-152.8089979397902,-112.5879439633832,-117.0342317078732,-209.4457019848614,-71.23745711127818,-238.6845959180341
evreg3,9.relative_year_bin_aux#1.treat,61.0140127071768,439.5555615837712,-160.484239804401,-146.0331792326001,-121.0946301020207,-105.1346249459925,-43.82189416028936,-45.74616516484453,-46.03809440510333,-174.9914664428946,21.48911358747003,0,0,-.0064068188707894,21.3916081825031,119.4966113383551,117.2092586051385,114.5196091733831,107.5655774456273,33.73961988924498,81.27559372525208,72.94097960214891,362.9774273848039,238.2834577936966,14.80046894795206,14.49915251952833,17.49525778896939,17.76971577259713,-3.60826471003733,11.23083697588884,35.70890818940136,216.0735436939725,8.348358079561557,0,-116.3568829854948,-113.6502191697336,-115.036816993181,-105.3870507768509,-36.85933681429572,-79.8530802691718,-71.98208357937885,-361.459720800472,-158.8324473452986
evreg3,10.relative_year_bin_aux#1.treat,170.1502792309444,439.5555615837712,-1516.381596572767,-1305.128601532843,-1087.976071570088,-869.8390429183587,-657.8296344469799,-425.7180572569955,-191.865594494803,273.902328588602,-70.45544324433693,0,0,-.0945386745046815,91.17045833530167,304.1914627812235,300.9858785653867,302.632269519953,307.155855899555,124.3251563634355,217.8579416815869,263.3114792064229,238.2834577936966,1849.480174012182,-48.53994775804693,-51.1702251544454,-46.48971370444377,-46.27297688026185,-20.93908695215065,-16.42725775363633,-19.57780246537703,-35.26043096225009,451.4860155114318,0,-264.5910137056937,-261.899833481114,-264.8208103551191,-276.9176022943034,-138.8040148273533,-211.6692307116742,-235.0604216426629,-158.6692717832384,-1435.246493515378
evreg3,1bn.relative_year_bin_aux#1.rice_area_aclvl_ahigh,61.86001687032917,439.5555615837712,71.12320058117182,75.45082911030731,51.29180266098592,43.63746561974123,26.78530841100823,14.33815602347658,-3.786901248012427,-40.62324114046736,-9.369854532886858,0,0,-.0001401340265199,-3.801895942925283,32.58895584380636,16.88481044709232,22.14397844791624,15.75073776926922,12.85581292111524,10.62874381076733,11.71899420124825,14.80046894795206,-48.53994775804693,130.094647824437,88.82075138971761,98.81529044783693,75.94004404458528,59.46487308680461,46.42287707873607,51.18069504929281,88.49322883106632,-24.696195263228,0,-78.41995531295683,-46.39208748612211,-54.2256106075356,-40.43896925177757,-39.60616884134631,-28.65887866685091,-33.11662858550921,-67.68129815015557,83.6109580737956
evreg3,2.relative_year_bin_aux#1.rice_area_aclvl_ahigh,23.64668838092209,439.5555615837712,138.2266340690978,102.8353435317131,93.99583876544973,62.79428689746498,66.23880401748151,28.63690233708968,3.685233796233172,-48.13467747640598,-23.22012409181934,0,0,.0104543456707462,-5.207750032396443,18.37446258228699,26.66903851240605,18.69965569891826,23.35252617990789,2.592215919980482,9.945846893313213,10.32315103940998,14.49915251952833,-51.1702251544454,88.82075138971761,118.2081946097334,85.66199952992343,99.75132503562172,11.44918900030373,44.965126853161,49.75578678642276,91.61137727069548,-19.12932029098197,0,-47.42933332055312,-68.95967561045347,-46.61950234821067,-58.31293551391786,-11.31094303796973,-28.13878692087373,-31.95019966742097,-70.27294124862757,80.79373325766682
evreg3,3.relative_year_bin_aux#1.rice_area_aclvl_ahigh,46.1629165774356,439.5555615837712,88.18944261098697,79.46366950507947,48.31538461684934,43.5191042935183,26.76767046567847,16.14935952559575,-3.145768311572331,-43.68271686094848,-12.03468098998852,0,0,-.0105815631015044,-5.189853999664464,22.63048450077817,19.33679519398245,25.32331207894248,18.73590530700375,13.34597797197632,9.546702086097625,11.41642036027582,17.49525778896939,-46.48971370444377,98.81529044783693,85.66199952992343,108.2367648717051,80.03604740958637,58.62760109070143,44.76046935520039,51.00558195226824,95.09809206452013,-19.64212716232892,0,-55.54673520358632,-47.62494311153993,-62.37922886128727,-45.02783195288829,-39.60157912399789,-27.56239552091023,-32.83274367068918,-73.30032099956013,81.56197996408928
evreg3,4.relative_year_bin_aux#1.rice_area_aclvl_ahigh,59.41762562378518,439.5555615837712,107.0178494066482,80.42773049273063,67.72321163485007,34.59064299651649,55.4068246865848,19.58006786654115,-1.419112244029734,-45.66254989024515,-16.27513783046646,0,0,.0006510437142692,-2.0297523767023,15.89701808909416,23.1171834100439,19.38038014292416,30.41318498987134,1.258892911089422,10.50023610105831,11.73319927640732,17.76971577259713,-46.27297688026185,75.94004404458528,99.75132503562172,80.03604740958637,119.8809236339486,6.428927393191506,44.65380218651706,51.30677688438203,95.76274223821409,-13.37706119281329,0,-40.32429404293779,-59.41019031580584,-45.25920139864911,-75.04101614622149,-6.84156118702328,-28.26308233919525,-33.12997087861626,-74.27167379858579,76.1622761703228
evreg3,5.relative_year_bin_aux#1.rice_area_aclvl_ahigh,42.10026165340996,439.5555615837712,-185.7911629643457,-145.1812437596679,-142.4837423248175,-97.19974674184407,-126.710262302849,-53.98460159618612,-32.03082257132531,24.76405890882658,58.80525967269798,0,0,.0235747345174246,7.710620128287665,15.35692381967131,5.146206255615629,14.68295041253809,2.108347416264275,35.54236536538409,9.83694776560962,7.900468383751257,-3.60826471003733,-20.93908695215065,59.46487308680461,11.44918900030373,58.62760109070143,6.428927393191506,179.5736482985809,31.52925289062731,24.36938426612546,-14.96912247107458,-21.48731777598781,0,-42.47821482895533,-13.07612556210506,-44.94273205497979,-8.791277387168329,-105.9979214644453,-23.57885354773378,-22.52834487470084,13.99712943115226,12.93619637583188
evreg3,6.relative_year_bin_aux#1.rice_area_aclvl_ahigh,47.8398189940729,439.5555615837712,39.36424893943632,33.04953150830205,24.61383607910872,16.52889615529565,12.39331374102521,-3.850802065712065,-8.908105809616737,-25.44228242940431,-14.83584655358585,0,0,.0136286670189851,-1.995197397608032,11.1471625945244,10.40742190954445,9.989132150301394,9.990493109260662,8.267955516539509,13.30260938303315,10.00045441827607,11.23083697588884,-16.42725775363633,46.42287707873607,44.965126853161,44.76046935520039,44.65380218651706,31.52925289062731,51.23153730162802,41.94838784898553,59.7914173454017,9.366501018334112,0,-29.79421495075233,-28.99613280900253,-29.19450029612301,-29.14843836099729,-24.46499005542637,-35.75958073989833,-29.02297982832512,-47.37316182581264,24.43643887199474
evreg3,7.relative_year_bin_aux#1.rice_area_aclvl_ahigh,30.665979075043,439.5555615837712,-72.1293291885101,-62.88140906320003,-56.47272045516826,-49.35814295181232,-35.67956142341183,-33.00498971627957,-34.48517215395856,-34.34809798760784,16.23810744931358,0,0,.0159648198482277,1.425120697634126,10.60375433911441,9.457581854770003,9.857066440460882,10.13162022852297,7.503184294042709,10.07450596651078,16.99679975585721,35.70890818940136,-19.57780246537703,51.18069504929281,49.75578678642276,51.00558195226824,51.30677688438203,24.36938426612546,41.94838784898553,79.18060741001433,136.9141970461902,-28.12790187910914,0,-30.16197611788939,-28.85438581177592,-30.03027052116293,-30.19277577086254,-19.91382244691924,-27.86889775965188,-52.51403727995331,-115.8314969444148,89.70574215866705
evreg3,9.relative_year_bin_aux#1.rice_area_aclvl_ahigh,-41.19968592888305,439.5555615837712,-247.793326461861,-217.8395649701395,-186.991131366434,-158.9904741145546,-90.82097903227476,-82.26353388230166,-72.1589788813293,-211.5148773003348,21.46561367234391,0,0,.0734229437711198,5.938288746729453,12.39788796794127,14.75779868763109,14.32529123921659,14.57290885597152,-.6332842954656593,1.920864031122902,22.15041638137868,216.0735436939725,-35.26043096225009,88.49322883106632,91.61137727069548,95.09809206452013,95.76274223821409,-14.96912247107458,59.7914173454017,136.9141970461902,589.0858913633168,-50.83317861928801,0,-40.96195032085033,-42.99860613758073,-45.17360303743163,-45.04730444501959,2.760953988386713,-23.56065993038602,-73.91707741681832,-519.1529015945742,267.9174809131293
evreg3,10.relative_year_bin_aux#1.rice_area_aclvl_ahigh,-316.8203339456747,439.5555615837712,299.3122365942608,257.1290852853143,220.5241103315142,172.5251590846087,152.4866425367102,85.33873480935623,48.51761716108064,-63.00967588446475,-563.6824523867714,0,0,.1963764444887017,-24.62255037516178,-17.44282640111206,-13.12445817651001,-19.48113336179857,-16.41652138222128,-22.21939414078033,-2.066480807540125,-15.22113849826936,8.348358079561557,451.4860155114318,-24.696195263228,-19.12932029098197,-19.64212716232892,-13.37706119281329,-21.48731777598781,9.366501018334112,-28.12790187910914,-50.83317861928801,3090.396700410193,0,49.36478539136923,44.46560180198502,46.86378155795125,41.74133485681294,37.39122844137579,14.78707471537869,38.96393989990124,47.38838516440872,-3020.526993950336
evreg3,1o.treat#1o.rice_area_aclvl_ahigh,0,439.5555615837712,0,0,0,0,0,0,0,0,0,0,0,0,0,0,0,0,0,0,0,0,0,0,0,0,0,0,0,0,0,0,0,0,0,0,0,0,0,0,0,0,0
evreg3,1bn.relative_year_bin_aux#1.treat#1.rice_area_aclvl_ahigh,13.1289595304735,439.5555615837712,70.32558345418705,50.89866776955839,48.79097788292079,36.73675715827424,27.57641086808174,19.77305878731568,15.06444224769523,5.75334300614895,-32.68986084482909,0,0,-.0170902815305583,-.3542819035870495,-241.6383781732093,-164.2720834244448,-195.0860982024493,-166.7638629010747,-132.1412317330577,-126.4300302606193,-139.9899734846049,-116.3568829854948,-264.5910137056937,-78.41995531295683,-47.42933332055312,-55.54673520358632,-40.32429404293779,-42.47821482895533,-29.79421495075233,-30.16197611788939,-40.96195032085033,49.36478539136923,0,583.1574079440611,396.4677282444546,454.2255993055533,372.3229732667099,267.2798586421203,254.2131654644349,294.5736298277043,255.0370136165108,530.5848176677947
evreg3,2.relative_year_bin_aux#1.treat#1.rice_area_aclvl_ahigh,17.82973024540766,439.5555615837712,42.09681575427589,48.30418848800963,36.10117509243831,36.0616026917087,12.63876260187759,16.02746722635591,12.34719301585782,6.872918730519867,-29.87586729222447,0,0,-.0098249948530607,-4.147557906319389,-163.9785208711742,-253.8445163414706,-164.046483351903,-194.3586886915925,-99.42678518764102,-123.1364700862844,-136.5047515428679,-113.6502191697336,-261.899833481114,-46.39208748612211,-68.95967561045347,-47.62494311153993,-59.41019031580584,-13.07612556210506,-28.99613280900253,-28.85438581177592,-42.99860613758073,44.46560180198502,0,396.4677282444546,567.3720741466486,402.1238023692925,459.1884998960858,150.4368613864397,247.1299267770897,287.7284364801708,254.4465567385137,534.1673180326981
evreg3,3.relative_year_bin_aux#1.treat#1.rice_area_aclvl_ahigh,29.38193982571209,439.5555615837712,61.95196359299287,52.58591857405732,52.84489436701278,41.94486724810398,29.55686935156682,18.77576674677447,13.87511947311869,5.330795195553663,-30.31172430774818,0,0,-.032337585760343,.8118085322350899,-196.2000361461984,-166.3990261470182,-255.4076739856193,-164.1878667721306,-140.5455594329549,-119.994988307988,-137.9703443156764,-115.036816993181,-264.8208103551191,-54.2256106075356,-46.61950234821067,-62.37922886128727,-45.25920139864911,-44.94273205497979,-29.19450029612301,-30.03027052116293,-45.17360303743163,46.86378155795125,0,454.2255993055533,402.1238023692925,555.7088994289093,360.0198193396304,282.3214269648302,243.3029260305729,290.916853816992,257.6041454484865,525.280857762648
evreg3,4.relative_year_bin_aux#1.treat#1.rice_area_aclvl_ahigh,11.59453136147228,439.5555615837712,54.54850128903978,55.85403718678728,45.97514966705473,50.97901525374538,17.97071823373708,19.70701133809874,14.76417875593853,6.156636970844877,-31.09858566037515,0,0,-.0094503508302125,-2.206467034947265,-168.983403485716,-197.1470822278578,-164.4116143797474,-272.6481924960808,-83.0579474357388,-131.6970230094979,-152.8089979397902,-105.3870507768509,-276.9176022943034,-40.43896925177757,-58.31293551391786,-45.02783195288829,-75.04101614622149,-8.791277387168329,-29.14843836099729,-30.19277577086254,-45.04730444501959,41.74133485681294,0,372.3229732667099,459.1884998960858,360.0198193396304,661.9600898336781,124.6648172922524,266.5337034131097,330.7156235466614,227.2123613122133,548.6248884971841
evreg3,5.relative_year_bin_aux#1.treat#1.rice_area_aclvl_ahigh,42.19542618808031,439.5555615837712,109.4638676131233,87.11684059844465,86.34088931634281,61.87281352483129,75.76068880611604,32.62811073128662,19.76657825839971,-12.63629502638327,-43.32846179118861,0,0,-.0192965706019053,-10.61769706787748,-129.4705166577383,-97.18480590775894,-137.7224606885441,-79.23585961185331,-309.0923402413601,-93.26786047161379,-112.5879439633832,-36.85933681429572,-138.8040148273533,-39.60616884134631,-11.31094303796973,-39.60157912399789,-6.84156118702328,-105.9979214644453,-24.46499005542637,-19.91382244691924,2.760953988386713,37.39122844137579,0,267.2798586421203,150.4368613864397,282.3214269648302,124.6648172922524,780.2725031863573,176.5330069440809,202.7226204862277,19.67846638408042,84.885361576105
evreg3,6.relative_year_bin_aux#1.treat#1.rice_area_aclvl_ahigh,31.57558780059087,439.5555615837712,72.73983702457114,63.38851924436554,55.0033771682231,46.9423489282365,34.15441892857072,29.84895226436336,18.68134653523664,-4.637653053502174,-19.10959533355738,0,0,-.0170226870426451,-3.442880287816377,-127.3363845761346,-122.4280602769968,-118.7211934984599,-129.4389505349317,-95.11861419485194,-146.2088793239568,-117.0342317078732,-79.8530802691718,-211.6692307116742,-28.65887866685091,-28.13878692087373,-27.56239552091023,-28.26308233919525,-23.57885354773378,-35.75958073989833,-27.86889775965188,-23.56065993038602,14.78707471537869,0,254.2131654644349,247.1299267770897,243.3029260305729,266.5337034131097,176.5330069440809,310.590643988301,244.2039406441392,150.2458623598392,328.0776589562059
evreg3,7.relative_year_bin_aux#1.treat#1.rice_area_aclvl_ahigh,11.30321547030961,439.5555615837712,30.53938874148767,25.76939129920846,23.29638712383624,21.14962763469894,13.60399700621136,14.30290873024615,18.86201906807214,19.80543848192594,-15.86389727625262,0,0,-.0313606737589194,-1.381097394002601,-143.2534535686285,-137.7636203668152,-137.4804131776463,-152.246291360991,-115.8798950926835,-119.690508759837,-209.4457019848614,-71.98208357937885,-235.0604216426629,-33.11662858550921,-31.95019966742097,-32.83274367068918,-33.12997087861626,-22.52834487470084,-29.02297982832512,-52.51403727995331,-73.91707741681832,38.96393989990124,0,294.5736298277043,287.7284364801708,290.916853816992,330.7156235466614,202.7226204862277,244.2039406441392,476.8914058884023,187.1550367034764,490.5135909550904
evreg3,9.relative_year_bin_aux#1.treat#1.rice_area_aclvl_ahigh,154.2699738126223,439.5555615837712,-9.159184482778228,-7.094407070265747,-2.393789223706595,5.492647578332855,-18.56024927409862,1.294701280363652,27.36046726812514,217.8579512157633,35.51617773855541,0,0,-.1389164212123204,3.669664318624267,-113.224889740998,-113.8594891748039,-113.9110459605155,-103.3380122225923,-30.87269554881787,-76.27520408462956,-71.23745711127818,-361.459720800472,-158.6692717832384,-67.68129815015557,-70.27294124862757,-73.30032099956013,-74.27167379858579,13.99712943115226,-47.37316182581264,-115.8314969444148,-519.1529015945742,47.38838516440872,0,255.0370136165108,254.4465567385137,257.6041454484865,227.2123613122133,19.67846638408042,150.2458623598392,187.1550367034764,888.2311123743297,346.6517256640071
evreg3,10.relative_year_bin_aux#1.treat#1.rice_area_aclvl_ahigh,468.9119014532355,439.5555615837712,-781.7307372735172,-681.1536861409764,-578.7565886713314,-465.8042743867919,-354.218727998518,-240.7076234789546,-140.1935289086682,39.20099563708703,657.0361692042306,0,0,-.3095454086610698,41.26337875423246,-269.9935316197562,-270.4839622806978,-260.3004552065651,-277.2068186820381,-104.0716842661244,-205.3174944165662,-238.6845959180341,-158.8324473452986,-1435.246493515378,83.6109580737956,80.79373325766682,81.56197996408928,76.1622761703228,12.93619637583188,24.43643887199474,89.70574215866705,267.9174809131293,-3020.526993950336,0,530.5848176677947,534.1673180326981,525.280857762648,548.6248884971841,84.885361576105,328.0776589562059,490.5135909550904,346.6517256640071,5326.009877512381
evreg4,1bn.relative_year_bin_aux,-1563.138473284469,439.5555615837712,29057.10093775615,25086.40930599705,20903.78774839435,16699.65676588863,12470.07099548442,8336.140558161884,4178.482705444617,-3486.988433099896,-6942.764903973411,0,0,1.686315357248437,-965.9145607358325,-58.94815968134238,-90.71898554762728,-108.6820850905224,-128.6687423520181,-43.14365865231118,-39.91077459196007,-12.03196008359348,-664.2066395774938,-938.5158602976668,164.0932888638821,448.8026112915181,-13.09567268501547,341.8516871203387,-492.18035398836,-59.68382633612782,-246.1061603892667,-1329.476520983191,-82.26164496252211,0,-71.93191891439474,-138.6677483499933,25.08832059341413,-99.07944167415359,-109.9528252143406,-78.4454822085824,12.64875818358912,800.5174220982734,-1379.654484019277
evreg4,2.relative_year_bin_aux,-1398.084573872636,439.5555615837712,25086.40930599705,21684.5539473971,18056.75338704495,14426.42641824518,10770.39069311113,7200.288855872802,3607.972334853305,-3010.457594326851,-5998.335161516437,0,0,1.483384767061613,-838.864480962719,-43.47387384928889,-95.33325048031401,-100.0171819526463,-116.6386794765702,-38.63769299768635,-34.57432541438227,-7.741931188600643,-573.1950773047575,-804.4935191509468,149.1194451893675,369.0197895364141,-15.1378081988805,290.6150014480262,-426.8922068534122,-51.93039539441804,-210.6676168389502,-1147.48447532817,-68.38393397562271,0,-69.67698147358875,-103.5908182319347,27.35477180384649,-80.63011552767466,-93.09080662840981,-67.74083312870798,8.216761520396178,689.3082312141534,-1197.639241789743
evreg4,3.relative_year_bin_aux,-1193.435908851847,439.5555615837712,20903.78774839435,18056.75338704495,15054.24801960098,12022.94107030072,8978.578183211621,5999.985130632122,3008.571247997108,-2507.313243677309,-4997.275908946835,0,0,1.263367624414164,-699.9234710946002,-40.46490564466786,-70.48345201724287,-87.99680547224068,-97.96882405616714,-35.90127813130606,-30.83528347100373,-10.15666155827031,-480.9047459053607,-676.9233174549821,117.4659466458587,314.1514479936746,-21.57998185925916,239.4977242487664,-358.3721747249666,-46.39183049620766,-180.4350264003823,-961.9558046813843,-57.43291789012117,0,-54.80810251432067,-96.79900651426998,25.44114232922398,-68.53079915260119,-75.60244017887393,-55.2222842651645,9.622385278566714,577.9676762256144,-1007.886685848472
evreg4,4.relative_year_bin_aux,-879.6138866657021,439.5555615837712,16699.65676588863,14426.42641824518,12022.94107030072,9611.827754275078,7172.032352911969,4795.727290271966,2405.789034495052,-2000.988575836394,-3986.319818994007,0,0,.9584042228301956,-558.0762162018698,-34.86542535012964,-61.57459498752522,-71.50367395364709,-85.5739908795186,-30.03064998099196,-28.1583791516027,-10.25954184301476,-384.8515840223691,-544.3689889495283,88.8424006742286,243.5351785498014,-19.54453254334348,180.1400192075998,-284.2718199785193,-41.78858776752885,-148.5670199374027,-775.425871852245,-52.81239541592198,0,-42.4907571133846,-72.98838601542469,20.02787776578504,-47.29591627140464,-59.95704691691736,-40.98568641668992,10.0601595610985,467.0822931969111,-801.9836682167991
evreg4,5.relative_year_bin_aux,-679.9855514996207,439.5555615837712,12470.07099548442,10770.39069311113,8978.578183211621,7172.032352911969,5367.260441072375,3586.375412505383,1801.763289910929,-1496.730759797743,-2980.479999288411,0,0,.7413826994979776,-416.7147630741025,-28.29817504180998,-44.97651821103553,-53.38747535822266,-60.27231689929488,-30.60482900597541,-23.90896036573649,-11.94314443048178,-286.2913172622862,-407.5651735755051,65.74186977877986,183.4611771172701,-14.79068260598387,139.1376936569305,-220.9284479704827,-34.87226193046551,-115.7357427090074,-584.3274873967011,-34.51863344699986,0,-29.73482478077129,-55.67907814866209,15.03826746871047,-39.97192645650325,-35.06520501635465,-28.08510110085922,11.29205575070505,352.5097895303971,-608.3717889650937
evreg4,6.relative_year_bin_aux,-503.2976784255792,439.5555615837712,8336.140558161884,7200.288855872802,5999.985130632122,4795.727290271966,3586.375412505383,2408.249315960798,1211.516384503506,-998.8404734990866,-1992.214554567935,0,0,.5225594715565476,-280.9943867885866,-23.4665843718618,-34.02635472517381,-37.8243435247344,-44.58419897715621,-20.68928459264176,-23.8341115488215,-13.69059189522214,-193.1325050066278,-271.2910100630141,39.53391369775234,118.5474582765226,-10.12739855154101,88.79138946968284,-146.7090195827564,-33.13990989485003,-83.6831386181522,-395.4645130981892,-21.41599567846063,0,-15.92937296520766,-34.11226803466991,11.52290965155687,-23.81787229426446,-21.36729816957835,-11.35651544798208,12.69168561940303,239.894310917372,-412.7070117134563
evreg4,7.relative_year_bin_aux,-263.7886333232977,439.5555615837712,4178.482705444617,3607.972334853305,3008.571247997108,2405.789034495052,1801.763289910929,1211.516384503506,617.2698162728369,-498.6954474939233,-997.8006646009654,0,0,.2675819948357955,-140.99178119924,-15.73161286442484,-18.20194631135444,-20.88243292825583,-24.98031680820665,-14.46727834637359,-16.98107856678181,-15.94533938845592,-99.22057836343748,-137.2810213944305,13.72229341793329,55.14371293691321,-10.45739443106324,38.34436193444993,-78.12950519267937,-21.5858056851737,-52.16853608876622,-204.3901392694293,-11.54175636167283,0,-4.264734130631686,-15.9613268969205,7.954867475110045,-9.191210419269002,-5.777296897383388,-1.062153009374168,15.25377798133312,126.148801670583,-207.4546963889806
evreg4,9.relative_year_bin_aux,211.0025318998692,439.5555615837712,-3486.988433099896,-3010.457594326851,-2507.313243677309,-2000.988575836394,-1496.730759797743,-998.8404734990866,-498.6954474939233,455.4415447412138,854.2556424619978,0,0,-.2217312096516446,117.0072190690896,.7809929984323056,5.136048050306719,6.698787889259879,8.454407908005718,.6442896010168789,-.1691480634011906,-1.843669616787632,47.07058135450306,98.12442695154859,-22.78650523407642,-56.27594017162527,-3.409877507592941,-46.19950668977735,54.91705109877531,3.856317306142994,26.15444165869344,126.8682377839663,-10.23414097690625,0,14.81805284586861,22.4829869253654,3.704577285514727,19.55081967374492,16.98437312429807,14.36559555385893,2.108808422422778,-64.73709384762309,189.1808412832052
evreg4,10.relative_year_bin_aux,465.6408711091659,439.5555615837712,-6942.764903973411,-5998.335161516437,-4997.275908946835,-3986.319818994007,-2980.479999288411,-1992.214554567935,-997.8006646009654,854.2556424619978,1965.260232400208,0,0,-.5521545711272406,247.9474055463999,10.49568059202938,18.83219397432365,23.40057633467596,25.78372366453918,5.568030478947636,3.984636347986215,1.362843501170488,141.8614431005668,-67.74045271447093,-37.13689177348433,-105.5190998943184,-.2219854393334086,-88.05767163955821,119.7655030272468,13.56980631861526,57.73369662329272,297.0909438463192,-282.9344428379003,0,18.43772236184178,35.60987033947089,-4.599455003708423,30.11304147264061,28.03418196464983,22.53007292554161,-2.642111831926973,-170.7476527243722,634.7020024836421
evreg4,1o.treat,0,439.5555615837712,0,0,0,0,0,0,0,0,0,0,0,0,0,0,0,0,0,0,0,0,0,0,0,0,0,0,0,0,0,0,0,0,0,0,0,0,0,0,0,0,0
evreg4,1o.rice_harvarea_aclvl_ahigh,0,439.5555615837712,0,0,0,0,0,0,0,0,0,0,0,0,0,0,0,0,0,0,0,0,0,0,0,0,0,0,0,0,0,0,0,0,0,0,0,0,0,0,0,0,0
evreg4,wind_direction,-2.479194376722788,439.5555615837712,1.686315357248437,1.483384767061613,1.263367624414164,.9584042228301956,.7413826994979776,.5225594715565476,.2675819948357955,-.2217312096516446,-.5521545711272406,0,0,.0018246820574968,-.1553164245788778,-.0069965411950933,.0164622434706957,-.0171582871806161,-.0018570316087862,.0082660676592108,-.0042275185156108,-.0160553745901514,-.0437490204702304,.0352235725883862,-.00205610616416,.0342893733088483,.0282181965399602,.0757935061363362,-.0588563350787771,-.0126259047074591,-.0083545558480522,-.0075752642371965,.2218078876580747,0,.023715178306584,-.0217626165871258,.0226937422209606,-.0360566789364043,.0057363492261223,.0060869301621026,.0101233758436651,-.0242123347279201,-.3592156737654846
evreg4,av_wind_speed,173.8472261558853,439.5555615837712,-965.9145607358325,-838.864480962719,-699.9234710946002,-558.0762162018698,-416.7147630741025,-280.9943867885866,-140.99178119924,117.0072190690896,247.9474055463999,0,0,-.1553164245788778,109.8424415883465,4.057060272177575,6.206957422008188,7.370428490782475,6.677427486075413,1.288391990900815,1.3913157417459,1.668937438472974,23.09961387492152,22.39067540357646,4.050264515260263,-9.575629784112596,.4768471146127007,-13.26865865865661,23.32980859224984,14.76768954852271,15.12347682432705,35.68669600131359,-28.46367908903679,0,8.915914149804392,13.36964052447026,4.927718235333016,13.17706093148396,5.610571788283463,5.5146035738834,2.313450647741803,-2.328090875017363,124.1755639166774
evreg4,1bn.relative_year_bin_aux#1.treat,-23.43705291818264,439.5555615837712,-58.94815968134238,-43.47387384928889,-40.46490564466786,-34.86542535012964,-28.29817504180998,-23.4665843718618,-15.73161286442484,.7809929984323056,10.49568059202938,0,0,-.0069965411950933,4.057060272177575,105.8573287344235,70.54031331054929,71.45053903449744,75.31647790473956,68.49252950667177,67.22587105140568,48.67735610864694,32.52783007173167,24.00130392006166,27.2853272839929,15.10865402329714,17.35659973051662,15.84046964960877,16.26017102057961,15.35830221524124,12.80438391907322,8.312939494558647,-.1714251775356083,0,-91.88112341802176,-56.86843029165101,-59.24606311318671,-65.19563020292762,-59.92014525608204,-61.88843041679377,-46.84955984130202,-36.81724611144676,-27.81437009593882
evreg4,2.relative_year_bin_aux#1.treat,-54.33181877577764,439.5555615837712,-90.71898554762728,-95.33325048031401,-70.48345201724287,-61.57459498752522,-44.97651821103553,-34.02635472517381,-18.20194631135444,5.136048050306719,18.83219397432365,0,0,.0164622434706957,6.206957422008188,70.54031331054929,120.563363633355,85.42578730406348,78.25136608032145,67.72656338391312,57.48795393133591,41.3753809213838,29.80585264670687,24.2468013861536,16.058166375644,30.15076800869697,19.3596568907409,19.68815491449635,15.46443432105201,13.71357158313122,9.432239127175546,12.04502358810287,3.06538017760499,0,-57.44194829237249,-106.6357465410235,-73.04572026555968,-68.58429308719148,-60.44759502219421,-52.3445360523904,-39.27497742508349,-36.36076895705728,-26.93005179653301
evreg4,3.relative_year_bin_aux#1.treat,-11.48696716511865,439.5555615837712,-108.6820850905224,-100.0171819526463,-87.99680547224068,-71.50367395364709,-53.38747535822266,-37.8243435247344,-20.88243292825583,6.698787889259879,23.40057633467596,0,0,-.0171582871806161,7.370428490782475,71.45053903449744,85.42578730406348,116.5039532231841,78.66486247352188,69.84156702427376,61.7640896717225,39.97288577929022,32.01517067784489,24.99250077614336,19.34607457974231,21.64852862199393,23.8735356616394,19.45529898702183,16.43309567766118,13.16948177060562,9.996953735490733,12.32897730536343,-.0310651295155045,0,-60.18500354462655,-73.14704661375724,-104.6372624676571,-68.31797070878341,-61.91198851995889,-56.95678660373901,-37.65273303595345,-37.54138001485892,-20.86599863178803
evreg4,4.relative_year_bin_aux#1.treat,-17.80526376830689,439.5555615837712,-128.6687423520181,-116.6386794765702,-97.96882405616714,-85.5739908795186,-60.27231689929488,-44.58419897715621,-24.98031680820665,8.454407908005718,25.78372366453918,0,0,-.0018570316087862,6.677427486075413,75.31647790473956,78.25136608032145,78.66486247352188,114.6381197938857,69.46674718732156,70.14553460855588,45.02953317753371,29.07229709677619,27.673960806124,20.24856344411933,22.34015736349861,20.85498547354401,22.82157068453666,15.25202795644466,15.30891640213936,12.23714377326475,13.84701928792105,1.969871944813755,0,-66.21651679854561,-68.59449500350794,-69.77864463030579,-105.0938805418036,-58.29168954189016,-65.22188197848537,-42.70644713744481,-35.93731133954938,-26.9811321377216
evreg4,5.relative_year_bin_aux#1.treat,-41.20979727556691,439.5555615837712,-43.14365865231118,-38.63769299768635,-35.90127813130606,-30.03064998099196,-30.60482900597541,-20.68928459264176,-14.46727834637359,.6442896010168789,5.568030478947636,0,0,.0082660676592108,1.288391990900815,68.49252950667177,67.72656338391312,69.84156702427376,69.46674718732156,102.1367137475694,75.6026512111326,52.09272725977562,25.61500074688587,11.56386034192154,15.70624457491718,14.83996106699341,16.76935470225129,14.40994173430597,19.88180110842055,14.58373686435357,12.6289210154121,8.836470030811968,4.492340163440571,0,-61.14801253971808,-61.35908747646569,-63.7804768067504,-63.44505191873377,-92.39782372298382,-70.77321753381537,-50.12877629908369,-32.33202761102761,-19.9335822024414
evreg4,6.relative_year_bin_aux#1.treat,-11.79803065884787,439.5555615837712,-39.91077459196007,-34.57432541438227,-30.83528347100373,-28.1583791516027,-23.90896036573649,-23.8341115488215,-16.98107856678181,-.1691480634011906,3.984636347986215,0,0,-.0042275185156108,1.3913157417459,67.22587105140568,57.48795393133591,61.7640896717225,70.14553460855588,75.6026512111326,118.70218182013,60.91760951417601,26.84369911296389,29.15492556843451,15.67340323450194,13.51667005982901,13.07239738304658,14.10219535121745,14.66039694895865,18.00204198690158,14.76575467309378,6.69486877933557,4.187512484437529,0,-62.24074640730073,-53.58625993778015,-58.22389838699409,-66.25504060838726,-68.58857675016958,-114.8038642155423,-59.64353109249347,-32.11254629726965,-37.953880205623
evreg4,7.relative_year_bin_aux#1.treat,9.225805400296238,439.5555615837712,-12.03196008359348,-7.741931188600643,-10.15666155827031,-10.25954184301476,-11.94314443048178,-13.69059189522214,-15.94533938845592,-1.843669616787632,1.362843501170488,0,0,-.0160553745901514,1.668937438472974,48.67735610864694,41.3753809213838,39.97288577929022,45.02953317753371,52.09272725977562,60.91760951417601,75.36200964986247,16.86191401774002,12.50157780405456,12.40623061623556,7.7378723879814,9.353206075824239,10.1549059186936,12.07757625823768,14.09075553714595,16.79575619622814,6.60203581908913,.0571781284475988,0,-46.31243565955336,-39.4324460432814,-38.59993009977399,-42.98863276382308,-48.93450266127317,-58.71548849658643,-74.17948788682,-22.05644781582968,-14.857677572437
evreg4,9.relative_year_bin_aux#1.treat,59.04842782094396,439.5555615837712,-664.2066395774938,-573.1950773047575,-480.9047459053607,-384.8515840223691,-286.2913172622862,-193.1325050066278,-99.22057836343748,47.07058135450306,141.8614431005668,0,0,-.0437490204702304,23.09961387492152,32.52783007173167,29.80585264670687,32.01517067784489,29.07229709677619,25.61500074688587,26.84369911296389,16.86191401774002,119.8970993364785,77.71813877137262,-4.089282830099949,-10.19145907676868,2.584676073795459,-4.294353206649031,10.85516706915292,4.05876506338947,9.553604867351961,62.58780987715561,20.04274459198718,0,-23.87496720638595,-19.43095752006722,-25.64020349252498,-19.55428942378765,-25.4902049922288,-21.78431807950012,-12.86433296822727,-107.4306242444505,15.41900724721404
evreg4,10.relative_year_bin_aux#1.treat,45.52731527892735,439.5555615837712,-938.5158602976668,-804.4935191509468,-676.9233174549821,-544.3689889495283,-407.5651735755051,-271.2910100630141,-137.2810213944305,98.12442695154859,-67.74045271447093,0,0,.0352235725883862,22.39067540357646,24.00130392006166,24.2468013861536,24.99250077614336,27.673960806124,11.56386034192154,29.15492556843451,12.50157780405456,77.71813877137262,499.6635001920643,-12.83430017591651,-20.30436322777106,-1.625891794223877,-7.342566078305459,4.553610262973144,2.595277829621539,11.37484567724128,67.60405007350357,298.6907839776506,0,7.696559639554816,8.948524225017117,5.142147790169731,1.947385456416689,-14.12675235979365,-12.43194044997001,13.52312274554511,-45.12730083140357,-250.8347787792019
evreg4,1bn.relative_year_bin_aux#1.rice_harvarea_aclvl_ahigh,11.1136554979114,439.5555615837712,164.0932888638821,149.1194451893675,117.4659466458587,88.8424006742286,65.74186977877986,39.53391369775234,13.72229341793329,-22.78650523407642,-37.13689177348433,0,0,-.00205610616416,4.050264515260263,27.2853272839929,16.058166375644,19.34607457974231,20.24856344411933,15.70624457491718,15.67340323450194,12.40623061623556,-4.089282830099949,-12.83430017591651,80.43019471978027,55.97347797204031,53.51463287913403,50.24162948059258,25.1585721463684,38.34746503270149,38.26160999294078,38.31322479637333,-6.014645602510323,0,-52.00320718941008,-28.1941674961972,-34.04381744775911,-30.35922645155442,-30.5498105933776,-24.06046717494772,-22.82444487192255,-35.10594069691827,30.79450360539305
evreg4,2.relative_year_bin_aux#1.rice_harvarea_aclvl_ahigh,-30.97029265103721,439.5555615837712,448.8026112915181,369.0197895364141,314.1514479936746,243.5351785498014,183.4611771172701,118.5474582765226,55.14371293691321,-56.27594017162527,-105.5190998943184,0,0,.0342893733088483,-9.575629784112596,15.10865402329714,30.15076800869697,21.64852862199393,22.34015736349861,14.83996106699341,13.51667005982901,7.7378723879814,-10.19145907676868,-20.30436322777106,55.97347797204031,91.5256630567699,54.23049827736629,70.85868480267693,3.823289057948083,36.05644486656958,35.03227894297194,41.49866154064225,-10.84911098547822,0,-29.87490289829502,-55.36372103549023,-34.33415905353532,-43.58139157913602,-18.84899842794952,-24.47247003588777,-20.06491922983565,-37.25396159150566,37.01237189271443
evreg4,3.relative_year_bin_aux#1.rice_harvarea_aclvl_ahigh,-51.95241711608699,439.5555615837712,-13.09567268501547,-15.1378081988805,-21.57998185925916,-19.54453254334348,-14.79068260598387,-10.12739855154101,-10.45739443106324,-3.409877507592941,-.2219854393334086,0,0,.0282181965399602,.4768471146127007,17.35659973051662,19.3596568907409,23.8735356616394,20.85498547354401,16.76935470225129,13.07239738304658,9.353206075824239,2.584676073795459,-1.625891794223877,53.51463287913403,54.23049827736629,62.78506975515423,52.59700576681848,26.06624500665204,30.82258637374946,34.85039594950123,49.99718972306064,-3.915454678035359,0,-33.94705016949711,-31.87585944393013,-42.63935760663894,-32.1305297249047,-32.80255773194051,-21.48015800594857,-20.68019911910685,-43.58390113579993,33.27690652880439
evreg4,4.relative_year_bin_aux#1.rice_harvarea_aclvl_ahigh,-37.69426153775564,439.5555615837712,341.8516871203387,290.6150014480262,239.4977242487664,180.1400192075998,139.1376936569305,88.79138946968284,38.34436193444993,-46.19950668977735,-88.05767163955821,0,0,.0757935061363362,-13.26865865865661,15.84046964960877,19.68815491449635,19.45529898702183,22.82157068453666,14.40994173430597,14.10219535121745,10.1549059186936,-4.294353206649031,-7.342566078305459,50.24162948059258,70.85868480267693,52.59700576681848,84.25385506085846,.1838170135853001,32.63304794289947,36.75478007292789,53.2493018983666,-4.302152989625825,0,-28.54228031994165,-42.41221018019544,-33.38769910004645,-53.10205404008117,-16.57028508937449,-24.51075516734462,-23.10803325681585,-47.36112838166943,32.71690379787938
evreg4,5.relative_year_bin_aux#1.rice_harvarea_aclvl_ahigh,54.09012927528754,439.5555615837712,-492.18035398836,-426.8922068534122,-358.3721747249666,-284.2718199785193,-220.9284479704827,-146.7090195827564,-78.12950519267937,54.91705109877531,119.7655030272468,0,0,-.0588563350787771,23.32980859224984,16.26017102057961,15.46443432105201,16.43309567766118,15.25202795644466,19.88180110842055,14.66039694895865,12.07757625823768,10.85516706915292,4.553610262973144,25.1585721463684,3.823289057948083,26.06624500665204,.1838170135853001,91.9377341938637,21.10186722467774,19.70949488869629,-2.324204908498611,3.920516325534351,0,-23.1851301224172,-10.19549985569942,-27.88421762900903,-9.687208527755697,-61.39000255623899,-15.03276510362466,-16.18813134546282,2.273171790419246,-7.214150501554688
evreg4,6.relative_year_bin_aux#1.rice_harvarea_aclvl_ahigh,41.47181761990669,439.5555615837712,-59.68382633612782,-51.93039539441804,-46.39183049620766,-41.78858776752885,-34.87226193046551,-33.13990989485003,-21.5858056851737,3.856317306142994,13.56980631861526,0,0,-.0126259047074591,14.76768954852271,15.35830221524124,13.71357158313122,13.16948177060562,15.30891640213936,14.58373686435357,18.00204198690158,14.09075553714595,4.05876506338947,2.595277829621539,38.34746503270149,36.05644486656958,30.82258637374946,32.63304794289947,21.10186722467774,48.00725202494591,37.67075621900349,36.41951048789885,-5.186160368929411,0,-23.1111064451924,-21.10145544072427,-19.88944588288208,-22.71114491336863,-20.13677184814402,-31.43681428336014,-25.45671729363688,-27.84122302466461,36.27287634217028
evreg4,7.relative_year_bin_aux#1.rice_harvarea_aclvl_ahigh,24.76673282006993,439.5555615837712,-246.1061603892667,-210.6676168389502,-180.4350264003823,-148.5670199374027,-115.7357427090074,-83.6831386181522,-52.16853608876622,26.15444165869344,57.73369662329272,0,0,-.0083545558480522,15.12347682432705,12.80438391907322,9.432239127175546,9.996953735490733,12.23714377326475,12.6289210154121,14.76575467309378,16.79575619622814,9.553604867351961,11.37484567724128,38.26160999294078,35.03227894297194,34.85039594950123,36.75478007292789,19.70949488869629,37.67075621900349,57.22881485622302,76.62340877026105,-23.03576582022794,0,-22.59276377309234,-19.03239410552329,-19.70322754712907,-22.11137739221905,-18.24121044042296,-24.77133808535209,-39.59150794828788,-64.52871840361732,64.03262953157586
evreg4,9.relative_year_bin_aux#1.rice_harvarea_aclvl_ahigh,3.640526039056037,439.5555615837712,-1329.476520983191,-1147.48447532817,-961.9558046813843,-775.425871852245,-584.3274873967011,-395.4645130981892,-204.3901392694293,126.8682377839663,297.0909438463192,0,0,-.0075752642371965,35.68669600131359,8.312939494558647,12.04502358810287,12.32897730536343,13.84701928792105,8.836470030811968,6.69486877933557,6.60203581908913,62.58780987715561,67.60405007350357,38.31322479637333,41.49866154064225,49.99718972306064,53.2493018983666,-2.324204908498611,36.41951048789885,76.62340877026105,350.1750660277809,3.950508632106182,0,-23.74357194626248,-24.96900117406387,-26.94726590523539,-27.91204617405988,-2.476695514184401,-14.60541611568109,-44.46527180127501,-310.1602187431785,108.0320163568786
evreg4,10.relative_year_bin_aux#1.rice_harvarea_aclvl_ahigh,-342.0727485206896,439.5555615837712,-82.26164496252211,-68.38393397562271,-57.43291789012117,-52.81239541592198,-34.51863344699986,-21.41599567846063,-11.54175636167283,-10.23414097690625,-282.9344428379003,0,0,.2218078876580747,-28.46367908903679,-.1714251775356083,3.06538017760499,-.0310651295155045,1.969871944813755,4.492340163440571,4.187512484437529,.0571781284475988,20.04274459198718,298.6907839776506,-6.014645602510323,-10.84911098547822,-3.915454678035359,-4.302152989625825,3.920516325534351,-5.186160368929411,-23.03576582022794,3.950508632106182,1843.918139067135,0,19.06282449802183,21.41353713093224,16.69214665881331,18.19031858919255,2.072763105576697,9.046718396349592,23.23857220339721,-8.312411261330276,-1796.00956571359
evreg4,1o.treat#1o.rice_harvarea_aclvl_ahigh,0,439.5555615837712,0,0,0,0,0,0,0,0,0,0,0,0,0,0,0,0,0,0,0,0,0,0,0,0,0,0,0,0,0,0,0,0,0,0,0,0,0,0,0,0,0
evreg4,1bn.relative_year_bin_aux#1.treat#1.rice_harvarea_aclvl_ahigh,-8.089254526873958,439.5555615837712,-71.93191891439474,-69.67698147358875,-54.80810251432067,-42.4907571133846,-29.73482478077129,-15.92937296520766,-4.264734130631686,14.81805284586861,18.43772236184178,0,0,.023715178306584,8.915914149804392,-91.88112341802176,-57.44194829237249,-60.18500354462655,-66.21651679854561,-61.14801253971808,-62.24074640730073,-46.31243565955336,-23.87496720638595,7.696559639554816,-52.00320718941008,-29.87490289829502,-33.94705016949711,-28.54228031994165,-23.1851301224172,-23.1111064451924,-22.59276377309234,-23.74357194626248,19.06282449802183,0,370.5106238547149,246.2115851752838,281.7389699617132,235.4214588426757,173.8144469585861,184.4448231513147,188.5301509382827,168.7683981783389,325.3328500703406
evreg4,2.relative_year_bin_aux#1.treat#1.rice_harvarea_aclvl_ahigh,36.74800009675522,439.5555615837712,-138.6677483499933,-103.5908182319347,-96.79900651426998,-72.98838601542469,-55.67907814866209,-34.11226803466991,-15.9613268969205,22.4829869253654,35.60987033947089,0,0,-.0217626165871258,13.36964052447026,-56.86843029165101,-106.6357465410235,-73.14704661375724,-68.59449500350794,-61.35908747646569,-53.58625993778015,-39.4324460432814,-19.43095752006722,8.948524225017117,-28.1941674961972,-55.36372103549023,-31.87585944393013,-42.41221018019544,-10.19549985569942,-21.10145544072427,-19.03239410552329,-24.96900117406387,21.41353713093224,0,246.2115851752838,373.4431527438037,260.7387457763435,278.8071701183255,115.1894818842037,174.4302979228206,180.0730338062529,164.2447110029867,318.7054416047914
evreg4,3.relative_year_bin_aux#1.treat#1.rice_harvarea_aclvl_ahigh,1.095432611879765,439.5555615837712,25.08832059341413,27.35477180384649,25.44114232922398,20.02787776578504,15.03826746871047,11.52290965155687,7.954867475110045,3.704577285514727,-4.599455003708423,0,0,.0226937422209606,4.927718235333016,-59.24606311318671,-73.04572026555968,-104.6372624676571,-69.77864463030579,-63.7804768067504,-58.22389838699409,-38.59993009977399,-25.64020349252498,5.142147790169731,-34.04381744775911,-34.33415905353532,-42.63935760663894,-33.38769910004645,-27.88421762900903,-19.88944588288208,-19.70322754712907,-26.94726590523539,16.69214665881331,0,281.7389699617132,260.7387457763435,367.2886785914417,235.7357231795084,188.3982566962287,175.4266896686155,181.6768138766164,165.1869692704958,319.9596851055669
evreg4,4.relative_year_bin_aux#1.treat#1.rice_harvarea_aclvl_ahigh,52.46884197344707,439.5555615837712,-99.07944167415359,-80.63011552767466,-68.53079915260119,-47.29591627140464,-39.97192645650325,-23.81787229426446,-9.191210419269002,19.55081967374492,30.11304147264061,0,0,-.0360566789364043,13.17706093148396,-65.19563020292762,-68.58429308719148,-68.31797070878341,-105.0938805418036,-63.44505191873377,-66.25504060838726,-42.98863276382308,-19.55428942378765,1.947385456416689,-30.35922645155442,-43.58139157913602,-32.1305297249047,-53.10205404008117,-9.687208527755697,-22.71114491336863,-22.11137739221905,-27.91204617405988,18.19031858919255,0,235.4214588426757,278.8071701183255,235.7357231795084,405.6429638603241,97.94422234922631,187.9001096979423,199.3284378648101,151.2796835793637,319.2886618193897
evreg4,5.relative_year_bin_aux#1.treat#1.rice_harvarea_aclvl_ahigh,35.90788957678133,439.5555615837712,-109.9528252143406,-93.09080662840981,-75.60244017887393,-59.95704691691736,-35.06520501635465,-21.36729816957835,-5.777296897383388,16.98437312429807,28.03418196464983,0,0,.0057363492261223,5.610571788283463,-59.92014525608204,-60.44759502219421,-61.91198851995889,-58.29168954189016,-92.39782372298382,-68.58857675016958,-48.93450266127317,-25.4902049922288,-14.12675235979365,-30.5498105933776,-18.84899842794952,-32.80255773194051,-16.57028508937449,-61.39000255623899,-20.13677184814402,-18.24121044042296,-2.476695514184401,2.072763105576697,0,173.8144469585861,115.1894818842037,188.3982566962287,97.94422234922631,449.5500965993257,140.5601659600875,137.8137200779502,44.50428509743339,71.0611933049757
evreg4,6.relative_year_bin_aux#1.treat#1.rice_harvarea_aclvl_ahigh,10.38003361581906,439.5555615837712,-78.4454822085824,-67.74083312870798,-55.2222842651645,-40.98568641668992,-28.08510110085922,-11.35651544798208,-1.062153009374168,14.36559555385893,22.53007292554161,0,0,.0060869301621026,5.5146035738834,-61.88843041679377,-52.3445360523904,-56.95678660373901,-65.22188197848537,-70.77321753381537,-114.8038642155423,-58.71548849658643,-21.78431807950012,-12.43194044997001,-24.06046717494772,-24.47247003588777,-21.48015800594857,-24.51075516734462,-15.03276510362466,-31.43681428336014,-24.77133808535209,-14.60541611568109,9.046718396349592,0,184.4448231513147,174.4302979228206,175.4266896686155,187.9001096979423,140.5601659600875,257.1217092060299,173.7804608229442,116.2166632073111,206.6528837855636
evreg4,7.relative_year_bin_aux#1.treat#1.rice_harvarea_aclvl_ahigh,-14.78059689536311,439.5555615837712,12.64875818358912,8.216761520396178,9.622385278566714,10.0601595610985,11.29205575070505,12.69168561940303,15.25377798133312,2.108808422422778,-2.642111831926973,0,0,.0101233758436651,2.313450647741803,-46.84955984130202,-39.27497742508349,-37.65273303595345,-42.70644713744481,-50.12877629908369,-59.64353109249347,-74.17948788682,-12.86433296822727,13.52312274554511,-22.82444487192255,-20.06491922983565,-20.68019911910685,-23.10803325681585,-16.18813134546282,-25.45671729363688,-39.59150794828788,-44.46527180127501,23.23857220339721,0,188.5301509382827,180.0730338062529,181.6768138766164,199.3284378648101,137.8137200779502,173.7804608229442,303.2587089962899,122.74831014161,282.9804412860435
evreg4,9.relative_year_bin_aux#1.treat#1.rice_harvarea_aclvl_ahigh,98.52545052258361,439.5555615837712,800.5174220982734,689.3082312141534,577.9676762256144,467.0822931969111,352.5097895303971,239.894310917372,126.148801670583,-64.73709384762309,-170.7476527243722,0,0,-.0242123347279201,-2.328090875017363,-36.81724611144676,-36.36076895705728,-37.54138001485892,-35.93731133954938,-32.33202761102761,-32.11254629726965,-22.05644781582968,-107.4306242444505,-45.12730083140357,-35.10594069691827,-37.25396159150566,-43.58390113579993,-47.36112838166943,2.273171790419246,-27.84122302466461,-64.52871840361732,-310.1602187431785,-8.312411261330276,0,168.7683981783389,164.2447110029867,165.1869692704958,151.2796835793637,44.50428509743339,116.2166632073111,122.74831014161,551.5349127414553,257.2126699779205
evreg4,10.relative_year_bin_aux#1.treat#1.rice_harvarea_aclvl_ahigh,526.572809128887,439.5555615837712,-1379.654484019277,-1197.639241789743,-1007.886685848472,-801.9836682167991,-608.3717889650937,-412.7070117134563,-207.4546963889806,189.1808412832052,634.7020024836421,0,0,-.3592156737654846,124.1755639166774,-27.81437009593882,-26.93005179653301,-20.86599863178803,-26.9811321377216,-19.9335822024414,-37.953880205623,-14.857677572437,15.41900724721404,-250.8347787792019,30.79450360539305,37.01237189271443,33.27690652880439,32.71690379787938,-7.214150501554688,36.27287634217028,64.03262953157586,108.0320163568786,-1796.00956571359,0,325.3328500703406,318.7054416047914,319.9596851055669,319.2886618193897,71.0611933049757,206.6528837855636,282.9804412860435,257.2126699779205,3302.299505929142
evreg5,1bn.relative_year_bin_aux,-1558.586967035799,439.5555615837712,28927.47120404495,24980.29942745661,20816.7684855289,16623.67921222843,12421.49535215266,8299.522454097107,4163.454047264555,-3466.277031906465,-6942.651280016461,0,0,1.672622142724701,-962.6540292228691,-84.47377632205044,-122.8032178060815,-121.0223482049497,-180.271832661246,-72.42327797072235,-64.64430470222446,-26.40952506305134,-701.7302378327242,-891.6116055517696,243.4198743019548,493.1296457666132,42.45874283937157,376.6007603052061,-438.0438510025034,-34.17009204219882,-226.6088947249269,-1275.161478459228,-48.17329207201725,0,-40.71059254463841,-94.31067622717094,37.32096477815896,-31.73409230961999,-78.37184556073774,-50.20005042007998,30.67735788573781,810.8404051260948,-1387.496463503757
evreg5,2.relative_year_bin_aux,-1392.689428847532,439.5555615837712,24980.29942745661,21601.09291694708,17986.39314099976,14364.71050402974,10731.25842254195,7170.252762110163,3595.238336972358,-2993.520661852292,-5999.885175199751,0,0,1.472529846175065,-836.1997979637814,-64.63974782910198,-126.5654415835116,-111.8429133593639,-162.6238932254134,-64.00799304892358,-56.0009800284786,-19.48115649853402,-605.1843943220753,-763.4943103929535,217.7390333925813,404.3026335170576,32.01267483020413,319.9005026584038,-380.7383489912672,-29.65423952245729,-193.1271764987825,-1100.474269930439,-38.30066897984213,0,-43.5576029086984,-61.76808356322759,39.02616212732114,-21.11946081043305,-65.64380474953158,-43.23967487592797,23.1767919977323,697.8775932693153,-1205.249196988026
evreg5,3.relative_year_bin_aux,-1182.582020974044,439.5555615837712,20816.7684855289,17986.39314099976,14996.23326373898,11971.58480788824,8946.780177969529,5975.313204012368,2998.427494096823,-2493.317373520984,-4998.533953627136,0,0,1.251610343176809,-696.9048464657075,-59.05699637391658,-95.10976297268071,-98.40118052904484,-136.6425788580048,-57.77313127803821,-49.08180662712751,-20.07063627938813,-507.6608909941892,-642.7058749297273,174.1891760735394,345.0970016733639,17.67409453379578,264.2212552585014,-320.4103980389917,-27.68459690244727,-166.0383855100358,-922.7037974814467,-32.36599146810163,0,-32.07648120550611,-63.36425517777395,35.73208892653095,-18.58855373067248,-51.82313130420872,-34.60316725541369,22.01611644874512,585.3239607454881,-1013.994976801822
evreg5,4.relative_year_bin_aux,-872.1031925261093,439.5555615837712,16623.67921222843,14364.71050402974,11971.58480788824,9567.542618318299,7144.114664150563,4774.910153791791,2397.316881975025,-1989.097097310518,-3985.511741892597,0,0,.9482272863825397,-555.1617250918104,-50.44235824084561,-82.10575452489331,-80.08303520954678,-117.0692512961513,-47.76906193230104,-43.1805414052461,-18.69444378159638,-405.8776051802397,-517.0119893460708,133.0885137606269,267.1569044085068,11.37047900345384,198.71772162615,-254.3993978073405,-27.57756916624471,-137.5375640875216,-743.9100434234274,-33.02544177049836,0,-23.50375180866263,-45.28420708432544,28.61060353057345,-6.791407858308527,-40.54846638754194,-24.09492372057552,20.54532355617049,473.053324726068,-805.7453163917534
evreg5,5.relative_year_bin_aux,-679.4226265976367,439.5555615837712,12421.49535215266,10731.25842254195,8946.780177969529,7144.114664150563,5349.330513764075,3572.838082404824,1796.809940558096,-1487.40007329234,-2982.395190381409,0,0,.7359355253069395,-415.4285679685301,-40.53857939252811,-60.24551722569454,-60.45277897817453,-83.92952947321091,-44.70842092531747,-35.68990069554128,-18.98249563424287,-303.8829569292106,-386.3792449049591,97.93658617161094,200.5883161861277,7.286494717095016,152.2295268748978,-198.4291107077692,-24.4503111239504,-107.9500052514425,-562.2111241930395,-19.6183451470261,0,-14.91383730804546,-34.96524709050725,22.14715014470968,-9.438043062875499,-20.05923259894365,-15.02455821363008,19.90329095222301,358.5801231128951,-611.7958515805801
evreg5,6.relative_year_bin_aux,-499.2325690541529,439.5555615837712,8299.522454097107,7170.252762110163,5975.313204012368,4774.910153791791,3572.838082404824,2397.478200997148,1207.371925697282,-992.3303311435251,-1992.884636376486,0,0,.5155386789318661,-280.3121953667974,-32.02154477485659,-44.4652315726224,-42.12270785827383,-60.55576517690366,-30.514845589845,-32.07063869538609,-18.53377530539939,-204.6210804943235,-257.8924154721759,60.83350858860522,130.0405128671179,4.881459390229647,97.24750896262678,-131.7920375930337,-26.15161888440551,-78.58576270912725,-380.7647159480805,-10.1331784683207,0,-5.605119900516354,-20.03765867059266,15.85269325447417,-3.109828959948228,-11.16966358357172,-2.131365952294308,18.74354852188712,243.8786734835338,-415.774152584265
evreg5,7.relative_year_bin_aux,-262.0668384383859,439.5555615837712,4163.454047264555,3595.238336972358,2998.427494096823,2397.316881975025,1796.809940558096,1207.371925697282,616.2277212330537,-495.9279041468091,-999.8846436379689,0,0,.264310741176955,-140.8259503490924,-20.05670586278958,-22.96022816260983,-22.84295680237837,-32.97080292536219,-19.6602440085634,-21.43787998023478,-18.9226029393436,-105.1056305255517,-130.3453759884858,24.13072658359178,61.29257777577994,-2.846484038042395,42.49943101919241,-71.25520049938972,-18.59933384628293,-50.26738506986442,-196.9914054967222,-4.874142663720502,0,1.076674906592763,-9.21385251325043,10.1511132224785,1.33160852851172,-.3917984849660993,3.978965675482896,18.94059556139814,128.2914524583976,-209.0418209571273
evreg5,9.relative_year_bin_aux,207.7563426279414,439.5555615837712,-3466.277031906465,-2993.520661852292,-2493.317373520984,-1989.097097310518,-1487.40007329234,-992.3303311435251,-495.9279041468091,438.4988728976018,850.679496919098,0,0,-.2206270600663582,116.7188614581575,4.527540547448767,9.803325659723741,8.817473568003397,15.31452381077555,4.403062889317516,2.636265858095333,-.0009217958354778,65.42208533651309,92.15976299388575,-33.33481065491129,-62.28430798951037,-10.48169888757588,-50.56536427886718,47.33614150281571,.2484513367275929,24.02941217508068,135.389534909548,-11.66746327599597,0,10.60320184008035,16.53198810201626,1.712733566465577,10.92725641170357,13.07774682645745,11.18451970865692,-.209308268925247,-80.77486406731424,191.2441811958865
evreg5,10.relative_year_bin_aux,464.1949714526226,439.5555615837712,-6942.651280016461,-5999.885175199751,-4998.533953627136,-3985.511741892597,-2982.395190381409,-1992.884636376486,-999.8846436379689,850.679496919098,2008.986825720226,0,0,-.5543824197936191,248.3370777670151,17.17230506685315,27.16731968811177,26.82106021368984,38.52873369188498,13.06018817486856,10.76221224211784,5.542208718118952,154.6192904630423,-114.2223644825679,-55.41853149911626,-115.6657548240844,-12.9683105302812,-96.48521474124132,108.1816230862833,8.520015686978891,54.84637714823651,287.4513939907112,-328.9717864088003,0,10.10547720763333,24.09320284407334,-8.372082837362555,13.26256101829992,20.05159157262966,14.44073288482785,-8.134102042134696,-177.042545275394,675.0980858142152
evreg5,1o.treat,0,439.5555615837712,0,0,0,0,0,0,0,0,0,0,0,0,0,0,0,0,0,0,0,0,0,0,0,0,0,0,0,0,0,0,0,0,0,0,0,0,0,0,0,0,0
evreg5,1o.rice_prod_aclvl_ahigh,0,439.5555615837712,0,0,0,0,0,0,0,0,0,0,0,0,0,0,0,0,0,0,0,0,0,0,0,0,0,0,0,0,0,0,0,0,0,0,0,0,0,0,0,0,0
evreg5,wind_direction,-2.478605222070579,439.5555615837712,1.672622142724701,1.472529846175065,1.251610343176809,.9482272863825397,.7359355253069395,.5155386789318661,.264310741176955,-.2206270600663582,-.5543824197936191,0,0,.0018246412044596,-.1551188304637772,-.0079170006780677,.0162138381851153,-.0173494515708926,-.0057347580578874,.0025667730376079,-.0094609726020539,-.0140767889592941,-.0472023450637925,.0377582255473606,.0135681359488179,.0449216043846846,.0398942290884149,.0832920017765598,-.0506119983616651,-.0051558926060225,-.0049056583144366,-.007776233008267,.2283050117405589,0,.0226131242508621,-.0221667891029285,.0215255482575262,-.0309762926641801,.0104860093927797,.0112622149196093,.0079939132351465,-.0202705686078044,-.360851119634153
evreg5,av_wind_speed,173.754366187982,439.5555615837712,-962.6540292228691,-836.1997979637814,-696.9048464657075,-555.1617250918104,-415.4285679685301,-280.3121953667974,-140.8259503490924,116.7188614581575,248.3370777670151,0,0,-.1551188304637772,109.8464573733022,4.6147658785467,7.238376200041985,8.06007343734956,8.346143762260139,2.081735233833861,2.102376100214406,1.619390708863114,24.96362978926941,19.89087078026031,-1.443008893222283,-13.4986218217361,-4.23230042037775,-17.09820231663846,20.08889038219897,13.1471654235413,14.19564949486913,34.16569265288148,-28.53409533375703,0,8.267225572236146,11.8595880507412,4.106872865401604,10.82509147165837,5.065251985480938,4.849843282305994,2.266335068105633,-4.57664526788483,123.3339966315547
evreg5,1bn.relative_year_bin_aux#1.treat,-22.6357183046167,439.5555615837712,-84.47377632205044,-64.63974782910198,-59.05699637391658,-50.44235824084561,-40.53857939252811,-32.02154477485659,-20.05670586278958,4.527540547448767,17.17230506685315,0,0,-.0079170006780677,4.6147658785467,104.3777389973929,69.26156329682364,69.061639117307,74.63458834301538,70.02933518403256,65.68045073039453,39.63777187677162,25.64788034937417,12.59132654132052,30.50912736774356,17.09256605231287,20.24429574087866,18.84961769830067,19.07513936062447,17.24945808072128,13.91141590932983,8.816487889910485,-1.139046446676673,0,-88.14042523450875,-54.06383446162474,-54.69056487295833,-63.14169340749757,-59.5511617324404,-59.40157084357521,-36.99161124591668,-30.13600352231344,-15.73764868556441
evreg5,2.relative_year_bin_aux#1.treat,-52.63288088894629,439.5555615837712,-122.8032178060815,-126.5654415835116,-95.10976297268071,-82.10575452489331,-60.24551722569454,-44.4652315726224,-22.96022816260983,9.803325659723741,27.16731968811177,0,0,.0162138381851153,7.238376200041985,69.26156329682364,122.7868245429711,85.13493078860294,79.09496855419597,70.16223055305515,53.66093083254093,30.81161205858458,22.77981349743444,12.62984816220056,18.06170099049375,35.32635305015278,22.90485205230899,23.10752598080815,18.42058588446062,15.34963914903035,9.842779065634703,12.33382352848319,1.743620038537708,0,-54.02219438723229,-107.1005860541989,-70.41721541510148,-67.78089122203146,-61.26402316581337,-47.53635659158832,-27.91750026625459,-29.13664151453938,-13.26315910909357
evreg5,3.relative_year_bin_aux#1.treat,-12.04088866179798,439.5555615837712,-121.0223482049497,-111.8429133593639,-98.40118052904484,-80.08303520954678,-60.45277897817453,-42.12270785827383,-22.84295680237837,8.817473568003397,26.82106021368984,0,0,-.0173494515708926,8.06007343734956,69.061639117307,85.13493078860294,117.1350482815134,75.11667877435906,72.20523853438576,59.10177656964587,28.09856750584552,25.02957315618719,13.27359321892624,22.361115593475,25.40874200935829,27.88284728394582,22.87574850630972,19.85417116864636,14.57903745099297,10.47105713970483,11.6813445196866,-1.146949638716748,0,-55.81369014950877,-71.21275209461234,-102.8410649002148,-63.35298383049617,-63.11627452171155,-53.35400731131378,-25.11181164958575,-30.00246589840941,-8.476017015094046
evreg5,4.relative_year_bin_aux#1.treat,-15.71588689617345,439.5555615837712,-180.271832661246,-162.6238932254134,-136.6425788580048,-117.0692512961513,-83.92952947321091,-60.55576517690366,-32.97080292536219,15.31452381077555,38.52873369188498,0,0,-.0057347580578874,8.346143762260139,74.63458834301538,79.09496855419597,75.11667877435906,114.5205417156962,77.52796614105189,71.96733026894879,36.50603118944797,22.29244899297827,17.58002041571651,22.65476022174044,25.35664387676329,24.5218563782925,25.93740558533683,19.28353294758259,17.08588331264795,13.205856512348,14.13394442108291,1.3936738521596,0,-63.80318488717688,-68.10611172801907,-64.3735792130288,-103.5219268248859,-64.61106368051486,-65.90169911578469,-33.53224740388323,-28.50525874285719,-15.56876430170889
evreg5,5.relative_year_bin_aux#1.treat,-34.17832487085369,439.5555615837712,-72.42327797072235,-64.00799304892358,-57.77313127803821,-47.76906193230104,-44.70842092531747,-30.514845589845,-19.6602440085634,4.403062889317516,13.06018817486856,0,0,.0025667730376079,2.081735233833861,70.02933518403256,70.16223055305515,72.20523853438576,77.52796614105189,103.7524890160665,79.49944887933944,45.63870259683888,20.9851596452139,7.258098154856992,19.41208251178263,18.03786130336134,20.41443671794571,17.67230607332346,22.91717783764618,16.88140801635112,14.22590112901142,10.18399386601672,3.394278527811818,0,-62.10036931120592,-63.25398494896422,-65.52877959990298,-70.88137773740942,-92.64921338043604,-74.27341417781999,-43.18765416102735,-28.60960461033005,-14.24663791196489
evreg5,6.relative_year_bin_aux#1.treat,-6.394870481955358,439.5555615837712,-64.64430470222446,-56.0009800284786,-49.08180662712751,-43.1805414052461,-35.68990069554128,-32.07063869538609,-21.43787998023478,2.636265858095333,10.76221224211784,0,0,-.0094609726020539,2.102376100214406,65.68045073039453,53.66093083254093,59.10177656964587,71.96733026894879,79.49944887933944,123.8532998485654,49.41699178639178,20.42788494592799,16.23166296422141,18.27882490749667,15.67568246864825,15.54745494605251,16.56136231283855,17.08757676000131,19.88838532310485,16.20984664996694,8.297885637990813,2.904026724402469,0,-60.43560542423897,-49.61111435754616,-55.43120012455277,-67.90727405569673,-71.27091858105169,-119.7062410241262,-47.9652028945464,-26.61410992948121,-24.53303112400378
evreg5,7.relative_year_bin_aux#1.treat,6.538913009861361,439.5555615837712,-26.40952506305134,-19.48115649853402,-20.07063627938813,-18.69444378159638,-18.98249563424287,-18.53377530539939,-18.9226029393436,-.0009217958354778,5.542208718118952,0,0,-.0140767889592941,1.619390708863114,39.63777187677162,30.81161205858458,28.09856750584552,36.50603118944797,45.63870259683888,49.41699178639178,65.44558442224861,3.723385500919971,-7.427255921165232,13.88281947958674,8.350787043892067,10.39996323013025,11.44279532554189,13.73991410715678,15.3041402379302,18.11819661297003,7.746468834222938,-.6903926770921244,0,-37.06662366257757,-28.68019644183678,-26.70475463687134,-34.38764712746132,-41.88619280160925,-47.08468449079847,-64.09821603493252,-9.792946009735765,5.296852053382694
evreg5,9.relative_year_bin_aux#1.treat,57.57262600772811,439.5555615837712,-701.7302378327242,-605.1843943220753,-507.6608909941892,-405.8776051802397,-303.8829569292106,-204.6210804943235,-105.1056305255517,65.42208533651309,154.6192904630423,0,0,-.0472023450637925,24.96362978926941,25.64788034937417,22.77981349743444,25.02957315618719,22.29244899297827,20.9851596452139,20.42788494592799,3.723385500919971,107.9471052560177,74.65048329165815,-5.714439741567509,-11.90463585265531,.6098873282696172,-6.155601613369874,10.37644803058592,4.057459481065204,9.435683116257698,49.08248310034393,16.4976971446613,0,-16.21295645476311,-11.66297674464731,-17.7998742483013,-12.32938519879931,-21.45547082964137,-14.87201826597197,.7345801639682009,-92.20254107035713,27.9323843313074
evreg5,10.relative_year_bin_aux#1.treat,37.22331378439566,439.5555615837712,-891.6116055517696,-763.4943103929535,-642.7058749297273,-517.0119893460708,-386.3792449049591,-257.8924154721759,-130.3453759884858,92.15976299388575,-114.2223644825679,0,0,.0377582255473606,19.89087078026031,12.59132654132052,12.62984816220056,13.27359321892624,17.58002041571651,7.258098154856992,16.23166296422141,-7.427255921165232,74.65048329165815,483.3064371255355,-16.21327901127785,-22.9567717162109,-4.815846241910219,-9.244400984301494,1.017347785882233,1.08137132265006,9.604945665393839,66.22823983330555,333.3702026274898,0,14.53639541593763,16.15154158990705,12.24318461432033,8.035458814685166,-9.317452920093659,-.4364663880202284,28.82042950344929,-46.8492401497327,-258.0630094865325
evreg5,1bn.relative_year_bin_aux#1.rice_prod_aclvl_ahigh,4.567806932480372,439.5555615837712,243.4198743019548,217.7390333925813,174.1891760735394,133.0885137606269,97.93658617161094,60.83350858860522,24.13072658359178,-33.33481065491129,-55.41853149911626,0,0,.0135681359488179,-1.443008893222283,30.50912736774356,18.06170099049375,22.361115593475,22.65476022174044,19.41208251178263,18.27882490749667,13.88281947958674,-5.714439741567509,-16.21327901127785,81.26663775970421,59.18217233523536,55.03831063920383,54.07612046814357,26.48130062457263,39.17229650825961,37.92670073413733,34.43954944626007,-7.942248773471136,0,-52.81631151918305,-29.74929084038004,-35.79300733993233,-32.54993678034624,-33.76369168787693,-25.79002255385954,-23.05487122716859,-33.4426371672612,25.23070310193066
evreg5,2.relative_year_bin_aux#1.rice_prod_aclvl_ahigh,-36.35441978000988,439.5555615837712,493.1296457666132,404.3026335170576,345.0970016733639,267.1569044085068,200.5883161861277,130.0405128671179,61.29257777577994,-62.28430798951037,-115.6657548240844,0,0,.0449216043846846,-13.4986218217361,17.09256605231287,35.32635305015278,25.40874200935829,25.35664387676329,18.03786130336134,15.67568246864825,8.350787043892067,-11.90463585265531,-22.9567717162109,59.18217233523536,97.13577972639683,57.80774807002103,74.41413955137502,8.684543180908991,36.9164017907604,33.91397265442648,36.89490191928294,-12.64578260532466,0,-30.52264128149558,-58.99868962869503,-37.09400779286021,-44.96885509609507,-22.92737244056522,-25.57036673974646,-19.31357232618581,-34.34033996609431,31.82967180496005
evreg5,3.relative_year_bin_aux#1.rice_prod_aclvl_ahigh,-63.86311525856827,439.5555615837712,42.45874283937157,32.01267483020413,17.67409453379578,11.37047900345384,7.286494717095016,4.881459390229647,-2.846484038042395,-10.48169888757588,-12.9683105302812,0,0,.0398942290884149,-4.23230042037775,20.24429574087866,22.90485205230899,27.88284728394582,24.5218563782925,20.41443671794571,15.54745494605251,10.39996323013025,.6098873282696172,-4.815846241910219,55.03831063920383,57.80774807002103,64.62684701658208,55.8339350432958,28.350793244848,30.72865081621073,33.43028230404868,44.46659709571091,-5.757498670494947,0,-35.33110133000218,-34.84376401524751,-45.06461659766642,-35.23291806569092,-36.26873136337606,-23.02470866983031,-20.3852101802796,-40.09203569628281,27.91109582073819
evreg5,4.relative_year_bin_aux#1.rice_prod_aclvl_ahigh,-46.10756685051926,439.5555615837712,376.6007603052061,319.9005026584038,264.2212552585014,198.71772162615,152.2295268748978,97.24750896262678,42.49943101919241,-50.56536427886718,-96.48521474124132,0,0,.0832920017765598,-17.09820231663846,18.84961769830067,23.10752598080815,22.87574850630972,25.93740558533683,17.67230607332346,16.56136231283855,11.44279532554189,-6.155601613369874,-9.244400984301494,54.07612046814357,74.41413955137502,55.8339350432958,86.3632670766966,5.191275052932504,33.36384741642837,35.81211138761533,47.69529452250225,-5.271595055327343,0,-30.62813803781635,-44.31291606463498,-35.79083926134344,-53.76311903854125,-21.12166594094805,-25.9076128588538,-23.01612550321975,-43.74299601216615,26.34439515821794
evreg5,5.relative_year_bin_aux#1.rice_prod_aclvl_ahigh,50.80397080373768,439.5555615837712,-438.0438510025034,-380.7383489912672,-320.4103980389917,-254.3993978073405,-198.4291107077692,-131.7920375930337,-71.25520049938972,47.33614150281571,108.1816230862833,0,0,-.0506119983616651,20.08889038219897,19.07513936062447,18.42058588446062,19.85417116864636,19.28353294758259,22.91717783764618,17.08757676000131,13.73991410715678,10.37644803058592,1.017347785882233,26.48130062457263,8.684543180908991,28.350793244848,5.191275052932504,85.41132346239714,21.3922287276033,20.4038925078476,-.304836652123939,2.536116597703484,0,-25.23386061904006,-14.22980632019176,-30.43012334877787,-15.14279037079774,-60.46337573282985,-17.17298685598779,-17.39904161962499,-.2651431307477434,-7.274000391298189
evreg5,6.relative_year_bin_aux#1.rice_prod_aclvl_ahigh,34.17935032294009,439.5555615837712,-34.17009204219882,-29.65423952245729,-27.68459690244727,-27.57756916624471,-24.4503111239504,-26.15161888440551,-18.59933384628293,.2484513367275929,8.520015686978891,0,0,-.0051558926060225,13.1471654235413,17.24945808072128,15.34963914903035,14.57903745099297,17.08588331264795,16.88140801635112,19.88838532310485,15.3041402379302,4.057459481065204,1.08137132265006,39.17229650825961,36.9164017907604,30.72865081621073,33.36384741642837,21.3922287276033,47.92332171641446,37.71006817161141,34.33716973025182,-7.556558262320932,0,-24.17296386565229,-22.19320192029121,-20.588827384732,-24.00835720631375,-21.64336115798906,-32.21843228457373,-25.86837286112515,-27.25032346518595,35.31273569418899
evreg5,7.relative_year_bin_aux#1.rice_prod_aclvl_ahigh,21.67838136854312,439.5555615837712,-226.6088947249269,-193.1271764987825,-166.0383855100358,-137.5375640875216,-107.9500052514425,-78.58576270912725,-50.26738506986442,24.02941217508068,54.84637714823651,0,0,-.0049056583144366,14.19564949486913,13.91141590932983,9.842779065634703,10.47105713970483,13.205856512348,14.22590112901142,16.20984664996694,18.11819661297003,9.435683116257698,9.604945665393839,37.92670073413733,33.91397265442648,33.43028230404868,35.81211138761533,20.4038925078476,37.71006817161141,55.5295102050347,69.33776978222934,-24.5921137023457,0,-22.99650341152828,-18.88382004920435,-19.48502543789052,-22.47516583160853,-19.39380183831596,-25.60100152885985,-39.12235878251165,-59.57296469304244,60.82685946993062
evreg5,9.relative_year_bin_aux#1.rice_prod_aclvl_ahigh,8.129712894977548,439.5555615837712,-1275.161478459228,-1100.474269930439,-922.7037974814467,-743.9100434234274,-562.2111241930395,-380.7647159480805,-196.9914054967222,135.389534909548,287.4513939907112,0,0,-.007776233008267,34.16569265288148,8.816487889910485,12.33382352848319,11.6813445196866,14.13394442108291,10.18399386601672,8.297885637990813,7.746468834222938,49.08248310034393,66.22823983330555,34.43954944626007,36.89490191928294,44.46659709571091,47.69529452250225,-.304836652123939,34.33716973025182,69.33776978222934,303.429874643162,-1.820913535529606,0,-23.79314707276831,-24.72505609438224,-25.04449063098908,-27.35825030803108,-5.168234291372954,-16.02286556623272,-42.10164138699263,-271.5920979657116,97.75732236672359
evreg5,10.relative_year_bin_aux#1.rice_prod_aclvl_ahigh,-315.9257343378069,439.5555615837712,-48.17329207201725,-38.30066897984213,-32.36599146810163,-33.02544177049836,-19.6183451470261,-10.1331784683207,-4.874142663720502,-11.66746327599597,-328.9717864088003,0,0,.2283050117405589,-28.53409533375703,-1.139046446676673,1.743620038537708,-1.146949638716748,1.3936738521596,3.394278527811818,2.904026724402469,-.6903926770921244,16.4976971446613,333.3702026274898,-7.942248773471136,-12.64578260532466,-5.757498670494947,-5.271595055327343,2.536116597703484,-7.556558262320932,-24.5921137023457,-1.820913535529606,1726.787958696087,0,19.17703999478429,21.69642297654456,17.18244773507243,17.62239909909185,3.429941914801277,10.3553988450503,23.32269841334566,-2.746134414656487,-1682.502792342827
evreg5,1o.treat#1o.rice_prod_aclvl_ahigh,0,439.5555615837712,0,0,0,0,0,0,0,0,0,0,0,0,0,0,0,0,0,0,0,0,0,0,0,0,0,0,0,0,0,0,0,0,0,0,0,0,0,0,0,0,0
evreg5,1bn.relative_year_bin_aux#1.treat#1.rice_prod_aclvl_ahigh,-7.869059043538741,439.5555615837712,-40.71059254463841,-43.5576029086984,-32.07648120550611,-23.50375180866263,-14.91383730804546,-5.605119900516354,1.076674906592763,10.60320184008035,10.10547720763333,0,0,.0226131242508621,8.267225572236146,-88.14042523450875,-54.02219438723229,-55.81369014950877,-63.80318488717688,-62.10036931120592,-60.43560542423897,-37.06662366257757,-16.21295645476311,14.53639541593763,-52.81631151918305,-30.52264128149558,-35.33110133000218,-30.62813803781635,-25.23386061904006,-24.17296386565229,-22.99650341152828,-23.79314707276831,19.17703999478429,0,337.9817834053235,222.4922665898673,253.535765023221,215.4490609887287,161.8260644637322,171.6415930933218,167.1744277543848,148.5126032127451,292.3461665767928
evreg5,2.relative_year_bin_aux#1.treat#1.rice_prod_aclvl_ahigh,33.47651981860589,439.5555615837712,-94.31067622717094,-61.76808356322759,-63.36425517777395,-45.28420708432544,-34.96524709050725,-20.03765867059266,-9.21385251325043,16.53198810201626,24.09320284407334,0,0,-.0221667891029285,11.8595880507412,-54.06383446162474,-107.1005860541989,-71.21275209461234,-68.10611172801907,-63.25398494896422,-49.61111435754616,-28.68019644183678,-11.66297674464731,16.15154158990705,-29.74929084038004,-58.99868962869503,-34.84376401524751,-44.31291606463498,-14.22980632019176,-22.19320192029121,-18.88382004920435,-24.72505609438224,21.69642297654456,0,222.4922665898673,347.7995575796171,238.5989565617871,256.8671702343843,110.2657505243067,159.5463183810321,157.3820275361733,143.4495335953357,283.5385572657634
evreg5,3.relative_year_bin_aux#1.treat#1.rice_prod_aclvl_ahigh,2.843240686306025,439.5555615837712,37.32096477815896,39.02616212732114,35.73208892653095,28.61060353057345,22.14715014470968,15.85269325447417,10.1511132224785,1.712733566465577,-8.372082837362555,0,0,.0215255482575262,4.106872865401604,-54.69056487295833,-70.41721541510148,-102.8410649002148,-64.3735792130288,-65.52877959990298,-55.43120012455277,-26.70475463687134,-17.7998742483013,12.24318461432033,-35.79300733993233,-37.09400779286021,-45.06461659766642,-35.79083926134344,-30.43012334877787,-20.588827384732,-19.48502543789052,-25.04449063098908,17.18244773507243,0,253.535765023221,238.5989565617871,338.7688356561101,213.9957349522675,177.3669838564174,162.3795597241326,157.9090518132214,144.1726096184807,287.0649930149933
evreg5,4.relative_year_bin_aux#1.treat#1.rice_prod_aclvl_ahigh,47.622579926071,439.5555615837712,-31.73409230961999,-21.11946081043305,-18.58855373067248,-6.791407858308527,-9.438043062875499,-3.109828959948228,1.33160852851172,10.92725641170357,13.26256101829992,0,0,-.0309762926641801,10.82509147165837,-63.14169340749757,-67.78089122203146,-63.35298383049617,-103.5219268248859,-70.88137773740942,-67.90727405569673,-34.38764712746132,-12.32938519879931,8.035458814685166,-32.54993678034624,-44.96885509609507,-35.23291806569092,-53.76311903854125,-15.14279037079774,-24.00835720631375,-22.47516583160853,-27.35825030803108,17.62239909909185,0,215.4490609887287,256.8671702343843,213.9957349522675,375.6597314804649,99.01241674448372,177.9747124874334,177.550794487941,131.9251775065846,288.0887508807661
evreg5,5.relative_year_bin_aux#1.treat#1.rice_prod_aclvl_ahigh,25.20287435384171,439.5555615837712,-78.37184556073774,-65.64380474953158,-51.82313130420872,-40.54846638754194,-20.05923259894365,-11.16966358357172,-.3917984849660993,13.07774682645745,20.05159157262966,0,0,.0104860093927797,5.065251985480938,-59.5511617324404,-61.26402316581337,-63.11627452171155,-64.61106368051486,-92.64921338043604,-71.27091858105169,-41.88619280160925,-21.45547082964137,-9.317452920093659,-33.76369168787693,-22.92737244056522,-36.26873136337606,-21.12166594094805,-60.46337573282985,-21.64336115798906,-19.39380183831596,-5.168234291372954,3.429941914801277,0,161.8260644637322,110.2657505243067,177.3669838564174,99.01241674448372,415.3894787456409,136.6539709123326,123.9296067511723,42.50804215935481,63.94900737950124
evreg5,6.relative_year_bin_aux#1.treat#1.rice_prod_aclvl_ahigh,3.199569085979753,439.5555615837712,-50.20005042007998,-43.23967487592797,-34.60316725541369,-24.09492372057552,-15.02455821363008,-2.131365952294308,3.978965675482896,11.18451970865692,14.44073288482785,0,0,.0112622149196093,4.849843282305994,-59.40157084357521,-47.53635659158832,-53.35400731131378,-65.90169911578469,-74.27341417781999,-119.7062410241262,-47.08468449079847,-14.87201826597197,-.4364663880202284,-25.79002255385954,-25.57036673974646,-23.02470866983031,-25.9076128588538,-17.17298685598779,-32.21843228457373,-25.60100152885985,-16.02286556623272,10.3553988450503,0,171.6415930933218,159.5463183810321,162.3795597241326,177.9747124874334,136.6539709123326,251.7146302502598,154.5699597455026,103.2933127484805,182.9763298488852
evreg5,7.relative_year_bin_aux#1.treat#1.rice_prod_aclvl_ahigh,-10.26773223919011,439.5555615837712,30.67735788573781,23.1767919977323,22.01611644874512,20.54532355617049,19.90329095222301,18.74354852188712,18.94059556139814,-.209308268925247,-8.134102042134696,0,0,.0079939132351465,2.266335068105633,-36.99161124591668,-27.91750026625459,-25.11181164958575,-33.53224740388323,-43.18765416102735,-47.9652028945464,-64.09821603493252,.7345801639682009,28.82042950344929,-23.05487122716859,-19.31357232618581,-20.3852101802796,-23.01612550321975,-17.39904161962499,-25.86837286112515,-39.12235878251165,-42.10164138699263,23.32269841334566,0,167.1744277543848,157.3820275361733,157.9090518132214,177.550794487941,123.9296067511723,154.5699597455026,275.1804680920084,101.3211657503262,245.2080038825693
evreg5,9.relative_year_bin_aux#1.treat#1.rice_prod_aclvl_ahigh,93.38684912084668,439.5555615837712,810.8404051260948,697.8775932693153,585.3239607454881,473.053324726068,358.5801231128951,243.8786734835338,128.2914524583976,-80.77486406731424,-177.042545275394,0,0,-.0202705686078044,-4.57664526788483,-30.13600352231344,-29.13664151453938,-30.00246589840941,-28.50525874285719,-28.60960461033005,-26.61410992948121,-9.792946009735765,-92.20254107035713,-46.8492401497327,-33.4426371672612,-34.34033996609431,-40.09203569628281,-43.74299601216615,-.2651431307477434,-27.25032346518595,-59.57296469304244,-271.5920979657116,-2.746134414656487,0,148.5126032127451,143.4495335953357,144.1726096184807,131.9251775065846,42.50804215935481,103.2933127484805,101.3211657503262,487.2228324272149,216.9911697200666
evreg5,10.relative_year_bin_aux#1.treat#1.rice_prod_aclvl_ahigh,503.0827392724785,439.5555615837712,-1387.496463503757,-1205.249196988026,-1013.994976801822,-805.7453163917534,-611.7958515805801,-415.774152584265,-209.0418209571273,191.2441811958865,675.0980858142152,0,0,-.360851119634153,123.3339966315547,-15.73764868556441,-13.26315910909357,-8.476017015094046,-15.56876430170889,-14.24663791196489,-24.53303112400378,5.296852053382694,27.9323843313074,-258.0630094865325,25.23070310193066,31.82967180496005,27.91109582073819,26.34439515821794,-7.274000391298189,35.31273569418899,60.82685946993062,97.75732236672359,-1682.502792342827,0,292.3461665767928,283.5385572657634,287.0649930149933,288.0887508807661,63.94900737950124,182.9763298488852,245.2080038825693,216.9911697200666,3071.09142707027
