This is pdfTeX, Version 3.141592653-2.6-1.40.29 (TeX Live 2026) (preloaded format=pdflatex 2026.4.15)  23 JUN 2026 15:51
entering extended mode
 restricted \write18 enabled.
 %&-line parsing enabled.
**comparison_report.tex
(./comparison_report.tex
LaTeX2e <2025-11-01>
L3 programming layer <2026-01-19>
(/usr/local/texlive/2026/texmf-dist/tex/latex/base/article.cls
Document Class: article 2025/01/22 v1.4n Standard LaTeX document class
(/usr/local/texlive/2026/texmf-dist/tex/latex/base/size11.clo
File: size11.clo 2025/01/22 v1.4n Standard LaTeX file (size option)
)
\c@part=\count275
\c@section=\count276
\c@subsection=\count277
\c@subsubsection=\count278
\c@paragraph=\count279
\c@subparagraph=\count280
\c@figure=\count281
\c@table=\count282
\abovecaptionskip=\skip49
\belowcaptionskip=\skip50
\bibindent=\dimen148
)
(/usr/local/texlive/2026/texmf-dist/tex/latex/geometry/geometry.sty
Package: geometry 2026/03/07 v6.0 Page Geometry

(/usr/local/texlive/2026/texmf-dist/tex/latex/graphics/keyval.sty
Package: keyval 2022/05/29 v1.15 key=value parser (DPC)
\KV@toks@=\toks17
)
(/usr/local/texlive/2026/texmf-dist/tex/generic/iftex/ifvtex.sty
Package: ifvtex 2019/10/25 v1.7 ifvtex legacy package. Use iftex instead.

(/usr/local/texlive/2026/texmf-dist/tex/generic/iftex/iftex.sty
Package: iftex 2024/12/12 v1.0g TeX engine tests
))
\Gm@cnth=\count283
\Gm@cntv=\count284
\c@Gm@tempcnt=\count285
\Gm@bindingoffset=\dimen149
\Gm@wd@mp=\dimen150
\Gm@odd@mp=\dimen151
\Gm@even@mp=\dimen152
\Gm@layoutwidth=\dimen153
\Gm@layoutheight=\dimen154
\Gm@layouthoffset=\dimen155
\Gm@layoutvoffset=\dimen156
\Gm@dimlist=\toks18
)
(/usr/local/texlive/2026/texmf-dist/tex/latex/graphics/graphicx.sty
Package: graphicx 2024/12/31 v1.2e Enhanced LaTeX Graphics (DPC,SPQR)

(/usr/local/texlive/2026/texmf-dist/tex/latex/graphics/graphics.sty
Package: graphics 2024/08/06 v1.4g Standard LaTeX Graphics (DPC,SPQR)

(/usr/local/texlive/2026/texmf-dist/tex/latex/graphics/trig.sty
Package: trig 2023/12/02 v1.11 sin cos tan (DPC)
)
(/usr/local/texlive/2026/texmf-dist/tex/latex/graphics-cfg/graphics.cfg
File: graphics.cfg 2016/06/04 v1.11 sample graphics configuration
)
Package graphics Info: Driver file: pdftex.def on input line 106.

(/usr/local/texlive/2026/texmf-dist/tex/latex/graphics-def/pdftex.def
File: pdftex.def 2025/09/29 v1.2d Graphics/color driver for pdftex
))
\Gin@req@height=\dimen157
\Gin@req@width=\dimen158
)
(/usr/local/texlive/2026/texmf-dist/tex/latex/caption/caption.sty
Package: caption 2023/08/05 v3.6o Customizing captions (AR)

(/usr/local/texlive/2026/texmf-dist/tex/latex/caption/caption3.sty
Package: caption3 2023/07/31 v2.4d caption3 kernel (AR)
\caption@tempdima=\dimen159
\captionmargin=\dimen160
\caption@leftmargin=\dimen161
\caption@rightmargin=\dimen162
\caption@width=\dimen163
\caption@indent=\dimen164
\caption@parindent=\dimen165
\caption@hangindent=\dimen166
Package caption Info: Standard document class detected.
)
\c@caption@flags=\count286
\c@continuedfloat=\count287
)
(/usr/local/texlive/2026/texmf-dist/tex/latex/caption/subcaption.sty
Package: subcaption 2023/07/28 v1.6b Sub-captions (AR)
Package caption Info: New subtype `subfigure' on input line 238.
\c@subfigure=\count288
Package caption Info: New subtype `subtable' on input line 238.
\c@subtable=\count289
)
(/usr/local/texlive/2026/texmf-dist/tex/latex/xcolor/xcolor.sty
Package: xcolor 2024/09/29 v3.02 LaTeX color extensions (UK)

(/usr/local/texlive/2026/texmf-dist/tex/latex/graphics-cfg/color.cfg
File: color.cfg 2016/01/02 v1.6 sample color configuration
)
Package xcolor Info: Driver file: pdftex.def on input line 274.

(/usr/local/texlive/2026/texmf-dist/tex/latex/graphics/mathcolor.ltx)
Package xcolor Info: Model `cmy' substituted by `cmy0' on input line 1349.
Package xcolor Info: Model `hsb' substituted by `rgb' on input line 1353.
Package xcolor Info: Model `RGB' extended on input line 1365.
Package xcolor Info: Model `HTML' substituted by `rgb' on input line 1367.
Package xcolor Info: Model `Hsb' substituted by `hsb' on input line 1368.
Package xcolor Info: Model `tHsb' substituted by `hsb' on input line 1369.
Package xcolor Info: Model `HSB' substituted by `hsb' on input line 1370.
Package xcolor Info: Model `Gray' substituted by `gray' on input line 1371.
Package xcolor Info: Model `wave' substituted by `hsb' on input line 1372.
)
(/usr/local/texlive/2026/texmf-dist/tex/latex/hyperref/hyperref.sty
Package: hyperref 2026-01-29 v7.01p Hypertext links for LaTeX

(/usr/local/texlive/2026/texmf-dist/tex/latex/kvsetkeys/kvsetkeys.sty
Package: kvsetkeys 2022-10-05 v1.19 Key value parser (HO)
)
(/usr/local/texlive/2026/texmf-dist/tex/generic/kvdefinekeys/kvdefinekeys.sty
Package: kvdefinekeys 2019-12-19 v1.6 Define keys (HO)
)
(/usr/local/texlive/2026/texmf-dist/tex/generic/pdfescape/pdfescape.sty
Package: pdfescape 2019/12/09 v1.15 Implements pdfTeX's escape features (HO)

(/usr/local/texlive/2026/texmf-dist/tex/generic/ltxcmds/ltxcmds.sty
Package: ltxcmds 2023-12-04 v1.26 LaTeX kernel commands for general use (HO)
)
(/usr/local/texlive/2026/texmf-dist/tex/generic/pdftexcmds/pdftexcmds.sty
Package: pdftexcmds 2020-06-27 v0.33 Utility functions of pdfTeX for LuaTeX (HO
)

(/usr/local/texlive/2026/texmf-dist/tex/generic/infwarerr/infwarerr.sty
Package: infwarerr 2019/12/03 v1.5 Providing info/warning/error messages (HO)
)
Package pdftexcmds Info: \pdf@primitive is available.
Package pdftexcmds Info: \pdf@ifprimitive is available.
Package pdftexcmds Info: \pdfdraftmode found.
))
(/usr/local/texlive/2026/texmf-dist/tex/latex/hycolor/hycolor.sty
Package: hycolor 2020-01-27 v1.10 Color options for hyperref/bookmark (HO)
)
(/usr/local/texlive/2026/texmf-dist/tex/latex/hyperref/nameref.sty
Package: nameref 2026-01-29 v2.58 Cross-referencing by name of section

(/usr/local/texlive/2026/texmf-dist/tex/latex/refcount/refcount.sty
Package: refcount 2019/12/15 v3.6 Data extraction from label references (HO)
)
(/usr/local/texlive/2026/texmf-dist/tex/generic/gettitlestring/gettitlestring.s
ty
Package: gettitlestring 2019/12/15 v1.6 Cleanup title references (HO)
 (/usr/local/texlive/2026/texmf-dist/tex/latex/kvoptions/kvoptions.sty
Package: kvoptions 2022-06-15 v3.15 Key value format for package options (HO)
))
\c@section@level=\count290
)
(/usr/local/texlive/2026/texmf-dist/tex/latex/etoolbox/etoolbox.sty
Package: etoolbox 2025/10/02 v2.5m e-TeX tools for LaTeX (JAW)
\etb@tempcnta=\count291
)
(/usr/local/texlive/2026/texmf-dist/tex/generic/stringenc/stringenc.sty
Package: stringenc 2019/11/29 v1.12 Convert strings between diff. encodings (HO
)
)
\@linkdim=\dimen167
\Hy@linkcounter=\count292
\Hy@pagecounter=\count293

(/usr/local/texlive/2026/texmf-dist/tex/latex/hyperref/pd1enc.def
File: pd1enc.def 2026-01-29 v7.01p Hyperref: PDFDocEncoding definition (HO)
Now handling font encoding PD1 ...
... no UTF-8 mapping file for font encoding PD1
)
(/usr/local/texlive/2026/texmf-dist/tex/generic/intcalc/intcalc.sty
Package: intcalc 2019/12/15 v1.3 Expandable calculations with integers (HO)
)
\Hy@SavedSpaceFactor=\count294

(/usr/local/texlive/2026/texmf-dist/tex/latex/hyperref/puenc.def
File: puenc.def 2026-01-29 v7.01p Hyperref: PDF Unicode definition (HO)
Now handling font encoding PU ...
... no UTF-8 mapping file for font encoding PU
)
Package hyperref Info: Hyper figures OFF on input line 4201.
Package hyperref Info: Link nesting OFF on input line 4206.
Package hyperref Info: Hyper index ON on input line 4209.
Package hyperref Info: Plain pages OFF on input line 4216.
Package hyperref Info: Backreferencing OFF on input line 4221.
Package hyperref Info: Implicit mode ON; LaTeX internals redefined.
Package hyperref Info: Bookmarks ON on input line 4468.
\c@Hy@tempcnt=\count295

(/usr/local/texlive/2026/texmf-dist/tex/latex/url/url.sty
\Urlmuskip=\muskip17
Package: url 2013/09/16  ver 3.4  Verb mode for urls, etc.
)
LaTeX Info: Redefining \url on input line 4807.
\XeTeXLinkMargin=\dimen168

(/usr/local/texlive/2026/texmf-dist/tex/generic/bitset/bitset.sty
Package: bitset 2019/12/09 v1.3 Handle bit-vector datatype (HO)

(/usr/local/texlive/2026/texmf-dist/tex/generic/bigintcalc/bigintcalc.sty
Package: bigintcalc 2019/12/15 v1.5 Expandable calculations on big integers (HO
)
))
\Fld@menulength=\count296
\Field@Width=\dimen169
\Fld@charsize=\dimen170
Package hyperref Info: Hyper figures OFF on input line 6084.
Package hyperref Info: Link nesting OFF on input line 6089.
Package hyperref Info: Hyper index ON on input line 6092.
Package hyperref Info: backreferencing OFF on input line 6099.
Package hyperref Info: Link coloring OFF on input line 6104.
Package hyperref Info: Link coloring with OCG OFF on input line 6109.
Package hyperref Info: PDF/A mode OFF on input line 6114.
\Hy@abspage=\count297
\c@Item=\count298
\c@Hfootnote=\count299
)
Package hyperref Info: Driver (autodetected): hpdftex.

(/usr/local/texlive/2026/texmf-dist/tex/latex/hyperref/hpdftex.def
File: hpdftex.def 2026-01-29 v7.01p Hyperref driver for pdfTeX
\Fld@listcount=\count300
\c@bookmark@seq@number=\count301

(/usr/local/texlive/2026/texmf-dist/tex/latex/rerunfilecheck/rerunfilecheck.sty
Package: rerunfilecheck 2025-06-21 v1.11 Rerun checks for auxiliary files (HO)

(/usr/local/texlive/2026/texmf-dist/tex/generic/uniquecounter/uniquecounter.sty
Package: uniquecounter 2019/12/15 v1.4 Provide unlimited unique counter (HO)
)
Package uniquecounter Info: New unique counter `rerunfilecheck' on input line 2
84.
)
\Hy@SectionHShift=\skip51
) (/usr/local/texlive/2026/texmf-dist/tex/latex/float/float.sty
Package: float 2001/11/08 v1.3d Float enhancements (AL)
\c@float@type=\count302
\float@exts=\toks19
\float@box=\box53
\@float@everytoks=\toks20
\@floatcapt=\box54
)
(/usr/local/texlive/2026/texmf-dist/tex/latex/booktabs/booktabs.sty
Package: booktabs 2020/01/12 v1.61803398 Publication quality tables
\heavyrulewidth=\dimen171
\lightrulewidth=\dimen172
\cmidrulewidth=\dimen173
\belowrulesep=\dimen174
\belowbottomsep=\dimen175
\aboverulesep=\dimen176
\abovetopsep=\dimen177
\cmidrulesep=\dimen178
\cmidrulekern=\dimen179
\defaultaddspace=\dimen180
\@cmidla=\count303
\@cmidlb=\count304
\@aboverulesep=\dimen181
\@belowrulesep=\dimen182
\@thisruleclass=\count305
\@lastruleclass=\count306
\@thisrulewidth=\dimen183
)
(/usr/local/texlive/2026/texmf-dist/tex/latex/pdflscape/pdflscape.sty
Package: pdflscape 2025-06-23 v0.14 Display of landscape pages in PDF

(/usr/local/texlive/2026/texmf-dist/tex/latex/pdflscape/pdflscape-nometadata.st
y
Package: pdflscape-nometadata 2025-06-23 v0.14 Display of landscape pages in PD
F (HO)
 (/usr/local/texlive/2026/texmf-dist/tex/latex/graphics/lscape.sty
Package: lscape 2020/05/28 v3.02 Landscape Pages (DPC)
)
Package pdflscape Info: Auto-detected driver: pdftex on input line 81.
))
(/usr/local/texlive/2026/texmf-dist/tex/latex/adjustbox/adjustbox.sty
Package: adjustbox 2025/02/26 v1.3c Adjusting TeX boxes (trim, clip, ...)

(/usr/local/texlive/2026/texmf-dist/tex/latex/xkeyval/xkeyval.sty
Package: xkeyval 2025/11/04 v2.10 package option processing (HA)

(/usr/local/texlive/2026/texmf-dist/tex/generic/xkeyval/xkeyval.tex
(/usr/local/texlive/2026/texmf-dist/tex/generic/xkeyval/xkvutils.tex
\XKV@toks=\toks21
\XKV@tempa@toks=\toks22
\XKV@tempb@toks=\toks23
)
\XKV@depth=\count307
File: xkeyval.tex 2014/12/03 v2.7a key=value parser (HA)
))
(/usr/local/texlive/2026/texmf-dist/tex/latex/adjustbox/adjcalc.sty
Package: adjcalc 2012/05/16 v1.1 Provides advanced setlength with multiple back
-ends (calc, etex, pgfmath)
)
(/usr/local/texlive/2026/texmf-dist/tex/latex/adjustbox/trimclip.sty
Package: trimclip 2025/02/21 v1.2a Trim and clip general TeX material

(/usr/local/texlive/2026/texmf-dist/tex/latex/collectbox/collectbox.sty
Package: collectbox 2022/10/17 v0.4c Collect macro arguments as boxes
\collectedbox=\box55
)
\tc@llx=\dimen184
\tc@lly=\dimen185
\tc@urx=\dimen186
\tc@ury=\dimen187
Package trimclip Info: Using driver 'tc-pdftex.def'.

(/usr/local/texlive/2026/texmf-dist/tex/latex/adjustbox/tc-pdftex.def
File: tc-pdftex.def 2025/02/26 v2.3 Clipping driver for pdftex
))
\adjbox@Width=\dimen188
\adjbox@Height=\dimen189
\adjbox@Depth=\dimen190
\adjbox@Totalheight=\dimen191
\adjbox@pwidth=\dimen192
\adjbox@pheight=\dimen193
\adjbox@pdepth=\dimen194
\adjbox@ptotalheight=\dimen195

(/usr/local/texlive/2026/texmf-dist/tex/latex/ifoddpage/ifoddpage.sty
Package: ifoddpage 2022/10/18 v1.2 Conditionals for odd/even page detection
\c@checkoddpage=\count308
)
(/usr/local/texlive/2026/texmf-dist/tex/latex/varwidth/varwidth.sty
Package: varwidth 2009/03/30 ver 0.92;  Variable-width minipages
\@vwid@box=\box56
\sift@deathcycles=\count309
\@vwid@loff=\dimen196
\@vwid@roff=\dimen197
)
==> First Aid for varwidth.sty applied!
) (/usr/local/texlive/2026/texmf-dist/tex/latex/l3backend/l3backend-pdftex.def
File: l3backend-pdftex.def 2025-10-09 L3 backend support: PDF output (pdfTeX)
\l__color_backend_stack_int=\count310
) (./comparison_report.aux)
\openout1 = `comparison_report.aux'.

LaTeX Font Info:    Checking defaults for OML/cmm/m/it on input line 156.
LaTeX Font Info:    ... okay on input line 156.
LaTeX Font Info:    Checking defaults for OMS/cmsy/m/n on input line 156.
LaTeX Font Info:    ... okay on input line 156.
LaTeX Font Info:    Checking defaults for OT1/cmr/m/n on input line 156.
LaTeX Font Info:    ... okay on input line 156.
LaTeX Font Info:    Checking defaults for T1/cmr/m/n on input line 156.
LaTeX Font Info:    ... okay on input line 156.
LaTeX Font Info:    Checking defaults for TS1/cmr/m/n on input line 156.
LaTeX Font Info:    ... okay on input line 156.
LaTeX Font Info:    Checking defaults for OMX/cmex/m/n on input line 156.
LaTeX Font Info:    ... okay on input line 156.
LaTeX Font Info:    Checking defaults for U/cmr/m/n on input line 156.
LaTeX Font Info:    ... okay on input line 156.
LaTeX Font Info:    Checking defaults for PD1/pdf/m/n on input line 156.
LaTeX Font Info:    ... okay on input line 156.
LaTeX Font Info:    Checking defaults for PU/pdf/m/n on input line 156.
LaTeX Font Info:    ... okay on input line 156.

*geometry* driver: auto-detecting
*geometry* detected driver: pdftex
*geometry* verbose mode - [ preamble ] result:
* driver: pdftex
* paper: a4paper
* layout: <same size as paper>
* layoutoffset:(h,v)=(0.0pt,0.0pt)
* modes: 
* h-part:(L,W,R)=(51.21504pt, 495.07779pt, 51.21504pt)
* v-part:(T,H,B)=(51.21504pt, 742.61676pt, 51.21504pt)
* \paperwidth=597.50787pt
* \paperheight=845.04684pt
* \textwidth=495.07779pt
* \textheight=742.61676pt
* \oddsidemargin=-21.05495pt
* \evensidemargin=-21.05495pt
* \topmargin=-58.05495pt
* \headheight=12.0pt
* \headsep=25.0pt
* \topskip=11.0pt
* \footskip=30.0pt
* \marginparwidth=59.0pt
* \marginparsep=10.0pt
* \columnsep=10.0pt
* \skip\footins=10.0pt plus 4.0pt minus 2.0pt
* \hoffset=0.0pt
* \voffset=0.0pt
* \mag=1000
* \@twocolumnfalse
* \@twosidefalse
* \@mparswitchfalse
* \@reversemarginfalse
* (1in=72.27pt=25.4mm, 1cm=28.453pt)

(/usr/local/texlive/2026/texmf-dist/tex/context/base/mkii/supp-pdf.mkii
[Loading MPS to PDF converter (version 2006.09.02).]
\scratchcounter=\count311
\scratchdimen=\dimen198
\scratchbox=\box57
\nofMPsegments=\count312
\nofMParguments=\count313
\everyMPshowfont=\toks24
\MPscratchCnt=\count314
\MPscratchDim=\dimen199
\MPnumerator=\count315
\makeMPintoPDFobject=\count316
\everyMPtoPDFconversion=\toks25
) (/usr/local/texlive/2026/texmf-dist/tex/latex/epstopdf-pkg/epstopdf-base.sty
Package: epstopdf-base 2020-01-24 v2.11 Base part for package epstopdf
Package epstopdf-base Info: Redefining graphics rule for `.eps' on input line 4
85.

(/usr/local/texlive/2026/texmf-dist/tex/latex/latexconfig/epstopdf-sys.cfg
File: epstopdf-sys.cfg 2010/07/13 v1.3 Configuration of (r)epstopdf for TeX Liv
e
))
Package caption Info: Begin \AtBeginDocument code.
Package caption Info: float package is loaded.
Package caption Info: hyperref package is loaded.
Package caption Info: End \AtBeginDocument code.
Package hyperref Info: Link coloring OFF on input line 156.

(./comparison_report.out) (./comparison_report.out)
\@outlinefile=\write3
\openout3 = `comparison_report.out'.

LaTeX Font Info:    External font `cmex10' loaded for size
(Font)              <12> on input line 158.
LaTeX Font Info:    External font `cmex10' loaded for size
(Font)              <8> on input line 158.
LaTeX Font Info:    External font `cmex10' loaded for size
(Font)              <6> on input line 158.

Overfull \hbox (7.86514pt too wide) in paragraph at lines 159--163
\OT1/cmr/m/n/10.95 weighted vari-ant \OT1/cmtt/m/n/10.95 downup[]ac[]pop\OT1/cm
r/m/n/10.95 , across the full rural-replication, stacked event-study, and dCDH 
pipelines. 
 []

LaTeX Font Info:    External font `cmex10' loaded for size
(Font)              <10.95> on input line 165.
(./comparison_report.toc
LaTeX Font Info:    Font shape `OT1/cmtt/bx/n' in size <10.95> not available
(Font)              Font shape `OT1/cmtt/m/n' tried instead on input line 13.
 [1

{/usr/local/texlive/2026/texmf-var/fonts/map/pdftex/updmap/pdftex.map}])
\tf@toc=\write4
\openout4 = `comparison_report.toc'.

 [2]
LaTeX Font Info:    Trying to load font information for OMS+cmtt on input line 
189.
LaTeX Font Info:    No file OMScmtt.fd. on input line 189.


LaTeX Font Warning: Font shape `OMS/cmtt/m/n' undefined
(Font)              using `OMS/cmsy/m/n' instead
(Font)              for symbol `textbackslash' on input line 189.

LaTeX Font Info:    Font shape `OT1/cmtt/bx/n' in size <12> not available
(Font)              Font shape `OT1/cmtt/m/n' tried instead on input line 194.

(/Users/anzony.quisperojas/Library/CloudStorage/Dropbox/sa_fires/proj_bureaucra
ts_farms/tex/paper/tables/main_did_downup_area_ac_rural.tex)
Overfull \hbox (495.07779pt too wide) in paragraph at lines 195--195
[][][][] 
 []


(/Users/anzony.quisperojas/Library/CloudStorage/Dropbox/sa_fires/proj_bureaucra
ts_farms/tex/paper/tables/main_did_downup_area_ac_rural_acpop.tex) [3

]

Package hyperref Warning: Token not allowed in a PDF string (Unicode):
(hyperref)                removing `math shift' on input line 199.


Package hyperref Warning: Token not allowed in a PDF string (Unicode):
(hyperref)                removing `\times' on input line 199.


Package hyperref Warning: Token not allowed in a PDF string (Unicode):
(hyperref)                removing `math shift' on input line 199.


(/Users/anzony.quisperojas/Library/CloudStorage/Dropbox/sa_fires/proj_bureaucra
ts_farms/tex/paper/tables/_main_3_bureau_polisc_did_rural.tex)
Overfull \hbox (495.07779pt too wide) in paragraph at lines 200--200
[][][][] 
 []


(/Users/anzony.quisperojas/Library/CloudStorage/Dropbox/sa_fires/proj_bureaucra
ts_farms/tex/paper/tables/_main_3_bureau_polisc_did_rural_acpop.tex) [4

]

Package hyperref Warning: Token not allowed in a PDF string (Unicode):
(hyperref)                removing `\leavevmode@ifvmode' on input line 204.


Package hyperref Warning: Token not allowed in a PDF string (Unicode):
(hyperref)                \kern 1.82506pt
(hyperref)                removed on input line 204.


(/Users/anzony.quisperojas/Library/CloudStorage/Dropbox/sa_fires/proj_bureaucra
ts_farms/tex/paper/tables/_main_4_protest_5km_fe12_did_downup_rural.tex)
Overfull \hbox (495.07779pt too wide) in paragraph at lines 205--205
[][][][] 
 []


(/Users/anzony.quisperojas/Library/CloudStorage/Dropbox/sa_fires/proj_bureaucra
ts_farms/tex/paper/tables/_main_4_protest_5km_fe12_did_downup_rural_acpop.tex)
[5

]
(/Users/anzony.quisperojas/Library/CloudStorage/Dropbox/sa_fires/proj_bureaucra
ts_farms/tex/paper/tables/_main_5_polischar_fe12_did_downup_inter_rural.tex)
Overfull \hbox (495.07779pt too wide) in paragraph at lines 210--210
[][][][] 
 []


(/Users/anzony.quisperojas/Library/CloudStorage/Dropbox/sa_fires/proj_bureaucra
ts_farms/tex/paper/tables/_main_5_polischar_fe12_did_downup_inter_rural_acpop.t
ex) [6

]
(/Users/anzony.quisperojas/Library/CloudStorage/Dropbox/sa_fires/proj_bureaucra
ts_farms/tex/paper/tables/_app_7_main_did_downup_area_ac_dv_rural.tex
! Undefined control sequence.
l.7 Down $>$ Up &     -0.0022\sym
                                 {***}&     -0.0029\sym{***}&     -0.7228\sy...
The control sequence at the end of the top line
of your error message was never \def'ed. If you have
misspelled it (e.g., `\hobx'), type `I' and the correct
spelling (e.g., `I\hbox'). Otherwise just continue,
and I'll forget about whatever was undefined.

! Undefined control sequence.
l.7 ... Up &     -0.0022\sym{***}&     -0.0029\sym
                                                  {***}&     -0.7228\sym{***}\\
The control sequence at the end of the top line
of your error message was never \def'ed. If you have
misspelled it (e.g., `\hobx'), type `I' and the correct
spelling (e.g., `I\hbox'). Otherwise just continue,
and I'll forget about whatever was undefined.

! Undefined control sequence.
l.7 ...***}&     -0.0029\sym{***}&     -0.7228\sym
                                                  {***}\\
The control sequence at the end of the top line
of your error message was never \def'ed. If you have
misspelled it (e.g., `\hobx'), type `I' and the correct
spelling (e.g., `I\hbox'). Otherwise just continue,
and I'll forget about whatever was undefined.

)
Overfull \hbox (495.07779pt too wide) in paragraph at lines 215--215
[][][][] 
 []


(/Users/anzony.quisperojas/Library/CloudStorage/Dropbox/sa_fires/proj_bureaucra
ts_farms/tex/paper/tables/_app_7_main_did_downup_area_ac_dv_rural_acpop.tex
! Undefined control sequence.
l.7 Down $>$ Up (Pop)&     -0.0020\sym
                                      {***}&     -0.0027\sym{***}&     -0.66...
The control sequence at the end of the top line
of your error message was never \def'ed. If you have
misspelled it (e.g., `\hobx'), type `I' and the correct
spelling (e.g., `I\hbox'). Otherwise just continue,
and I'll forget about whatever was undefined.

! Undefined control sequence.
l.7 ...Pop)&     -0.0020\sym{***}&     -0.0027\sym
                                                  {***}&     -0.6677\sym{***}\\
The control sequence at the end of the top line
of your error message was never \def'ed. If you have
misspelled it (e.g., `\hobx'), type `I' and the correct
spelling (e.g., `I\hbox'). Otherwise just continue,
and I'll forget about whatever was undefined.

! Undefined control sequence.
l.7 ...***}&     -0.0027\sym{***}&     -0.6677\sym
                                                  {***}\\
The control sequence at the end of the top line
of your error message was never \def'ed. If you have
misspelled it (e.g., `\hobx'), type `I' and the correct
spelling (e.g., `I\hbox'). Otherwise just continue,
and I'll forget about whatever was undefined.

) [7

]
(/Users/anzony.quisperojas/Library/CloudStorage/Dropbox/sa_fires/proj_bureaucra
ts_farms/tex/paper/tables/_app_8_main_did_by_year_rural.tex
! Undefined control sequence.
l.6 Down$>$Up   &      -6.644\sym
                                 {*}  &     -10.890\sym{***}&      -6.997\sy...
The control sequence at the end of the top line
of your error message was never \def'ed. If you have
misspelled it (e.g., `\hobx'), type `I' and the correct
spelling (e.g., `I\hbox'). Otherwise just continue,
and I'll forget about whatever was undefined.

! Undefined control sequence.
l.6 ...p   &      -6.644\sym{*}  &     -10.890\sym
                                                  {***}&      -6.997\sym{*} ...
The control sequence at the end of the top line
of your error message was never \def'ed. If you have
misspelled it (e.g., `\hobx'), type `I' and the correct
spelling (e.g., `I\hbox'). Otherwise just continue,
and I'll forget about whatever was undefined.

! Undefined control sequence.
l.6 ...*}  &     -10.890\sym{***}&      -6.997\sym
                                                  {*}  &      -6.550        ...
The control sequence at the end of the top line
of your error message was never \def'ed. If you have
misspelled it (e.g., `\hobx'), type `I' and the correct
spelling (e.g., `I\hbox'). Otherwise just continue,
and I'll forget about whatever was undefined.

! Undefined control sequence.
l.6 ...*}  &      -6.550         &     -10.716\sym
                                                  {**} &      -9.904\sym{***...
The control sequence at the end of the top line
of your error message was never \def'ed. If you have
misspelled it (e.g., `\hobx'), type `I' and the correct
spelling (e.g., `I\hbox'). Otherwise just continue,
and I'll forget about whatever was undefined.

! Undefined control sequence.
l.6 ...    &     -10.716\sym{**} &      -9.904\sym
                                                  {***}&     -10.443\sym{***...
The control sequence at the end of the top line
of your error message was never \def'ed. If you have
misspelled it (e.g., `\hobx'), type `I' and the correct
spelling (e.g., `I\hbox'). Otherwise just continue,
and I'll forget about whatever was undefined.

! Undefined control sequence.
l.6 ...**} &      -9.904\sym{***}&     -10.443\sym
                                                  {***}&      -5.322\sym{**}...
The control sequence at the end of the top line
of your error message was never \def'ed. If you have
misspelled it (e.g., `\hobx'), type `I' and the correct
spelling (e.g., `I\hbox'). Otherwise just continue,
and I'll forget about whatever was undefined.

! Undefined control sequence.
l.6 ...***}&     -10.443\sym{***}&      -5.322\sym
                                                  {**} &      -5.475        ...
The control sequence at the end of the top line
of your error message was never \def'ed. If you have
misspelled it (e.g., `\hobx'), type `I' and the correct
spelling (e.g., `I\hbox'). Otherwise just continue,
and I'll forget about whatever was undefined.

)
Overfull \hbox (495.07779pt too wide) in paragraph at lines 220--220
[][][][] 
 []


(/Users/anzony.quisperojas/Library/CloudStorage/Dropbox/sa_fires/proj_bureaucra
ts_farms/tex/paper/tables/_app_8_main_did_by_year_rural_acpop.tex
! Undefined control sequence.
l.6 Down$>$Up (Pop)&      -6.795\sym
                                    {*}  &      -9.374\sym{***}&      -5.759...
The control sequence at the end of the top line
of your error message was never \def'ed. If you have
misspelled it (e.g., `\hobx'), type `I' and the correct
spelling (e.g., `I\hbox'). Otherwise just continue,
and I'll forget about whatever was undefined.

! Undefined control sequence.
l.6 ...Pop)&      -6.795\sym{*}  &      -9.374\sym
                                                  {***}&      -5.759        ...
The control sequence at the end of the top line
of your error message was never \def'ed. If you have
misspelled it (e.g., `\hobx'), type `I' and the correct
spelling (e.g., `I\hbox'). Otherwise just continue,
and I'll forget about whatever was undefined.

! Undefined control sequence.
l.6 ...    &      -6.111         &     -11.088\sym
                                                  {**} &      -9.917\sym{***...
The control sequence at the end of the top line
of your error message was never \def'ed. If you have
misspelled it (e.g., `\hobx'), type `I' and the correct
spelling (e.g., `I\hbox'). Otherwise just continue,
and I'll forget about whatever was undefined.

! Undefined control sequence.
l.6 ...    &     -11.088\sym{**} &      -9.917\sym
                                                  {***}&      -9.445\sym{***...
The control sequence at the end of the top line
of your error message was never \def'ed. If you have
misspelled it (e.g., `\hobx'), type `I' and the correct
spelling (e.g., `I\hbox'). Otherwise just continue,
and I'll forget about whatever was undefined.

! Undefined control sequence.
l.6 ...**} &      -9.917\sym{***}&      -9.445\sym
                                                  {***}&      -5.438\sym{**}...
The control sequence at the end of the top line
of your error message was never \def'ed. If you have
misspelled it (e.g., `\hobx'), type `I' and the correct
spelling (e.g., `I\hbox'). Otherwise just continue,
and I'll forget about whatever was undefined.

! Undefined control sequence.
l.6 ...***}&      -9.445\sym{***}&      -5.438\sym
                                                  {**} &      -6.374\sym{*} ...
The control sequence at the end of the top line
of your error message was never \def'ed. If you have
misspelled it (e.g., `\hobx'), type `I' and the correct
spelling (e.g., `I\hbox'). Otherwise just continue,
and I'll forget about whatever was undefined.

! Undefined control sequence.
l.6 ...***}&      -5.438\sym{**} &      -6.374\sym
                                                  {*}  &      -2.411         \\
The control sequence at the end of the top line
of your error message was never \def'ed. If you have
misspelled it (e.g., `\hobx'), type `I' and the correct
spelling (e.g., `I\hbox'). Otherwise just continue,
and I'll forget about whatever was undefined.

) [8

]
(/Users/anzony.quisperojas/Library/CloudStorage/Dropbox/sa_fires/proj_bureaucra
ts_farms/tex/paper/tables/_app_9_main_did_by_state_rural.tex
! Undefined control sequence.
l.6 ...p   &       1.167         &     -18.434\sym
                                                  {***}&     -19.560\sym{***...
The control sequence at the end of the top line
of your error message was never \def'ed. If you have
misspelled it (e.g., `\hobx'), type `I' and the correct
spelling (e.g., `I\hbox'). Otherwise just continue,
and I'll forget about whatever was undefined.

! Undefined control sequence.
l.6 ...    &     -18.434\sym{***}&     -19.560\sym
                                                  {***}&      -3.061\sym{***}\\
The control sequence at the end of the top line
of your error message was never \def'ed. If you have
misspelled it (e.g., `\hobx'), type `I' and the correct
spelling (e.g., `I\hbox'). Otherwise just continue,
and I'll forget about whatever was undefined.

! Undefined control sequence.
l.6 ...***}&     -19.560\sym{***}&      -3.061\sym
                                                  {***}\\
The control sequence at the end of the top line
of your error message was never \def'ed. If you have
misspelled it (e.g., `\hobx'), type `I' and the correct
spelling (e.g., `I\hbox'). Otherwise just continue,
and I'll forget about whatever was undefined.

)
Overfull \hbox (495.07779pt too wide) in paragraph at lines 225--225
[][][][] 
 []


(/Users/anzony.quisperojas/Library/CloudStorage/Dropbox/sa_fires/proj_bureaucra
ts_farms/tex/paper/tables/_app_9_main_did_by_state_rural_acpop.tex
! Undefined control sequence.
l.6 ...Pop)&       0.634         &     -15.775\sym
                                                  {***}&     -17.792\sym{***...
The control sequence at the end of the top line
of your error message was never \def'ed. If you have
misspelled it (e.g., `\hobx'), type `I' and the correct
spelling (e.g., `I\hbox'). Otherwise just continue,
and I'll forget about whatever was undefined.

! Undefined control sequence.
l.6 ...    &     -15.775\sym{***}&     -17.792\sym
                                                  {***}&      -3.807\sym{***}\\
The control sequence at the end of the top line
of your error message was never \def'ed. If you have
misspelled it (e.g., `\hobx'), type `I' and the correct
spelling (e.g., `I\hbox'). Otherwise just continue,
and I'll forget about whatever was undefined.

! Undefined control sequence.
l.6 ...***}&     -17.792\sym{***}&      -3.807\sym
                                                  {***}\\
The control sequence at the end of the top line
of your error message was never \def'ed. If you have
misspelled it (e.g., `\hobx'), type `I' and the correct
spelling (e.g., `I\hbox'). Otherwise just continue,
and I'll forget about whatever was undefined.

) [9

]
(/Users/anzony.quisperojas/Library/CloudStorage/Dropbox/sa_fires/proj_bureaucra
ts_farms/tex/paper/tables/_app_10_did_rice_moderators_rural.tex
! Undefined control sequence.
l.7 Down$>$up AC&      -9.176\sym
                                 {***}&      -6.234\sym{***}&      -6.705\sy...
The control sequence at the end of the top line
of your error message was never \def'ed. If you have
misspelled it (e.g., `\hobx'), type `I' and the correct
spelling (e.g., `I\hbox'). Otherwise just continue,
and I'll forget about whatever was undefined.

! Undefined control sequence.
l.7 ...p AC&      -9.176\sym{***}&      -6.234\sym
                                                  {***}&      -6.705\sym{***}\\
The control sequence at the end of the top line
of your error message was never \def'ed. If you have
misspelled it (e.g., `\hobx'), type `I' and the correct
spelling (e.g., `I\hbox'). Otherwise just continue,
and I'll forget about whatever was undefined.

! Undefined control sequence.
l.7 ...***}&      -6.234\sym{***}&      -6.705\sym
                                                  {***}\\
The control sequence at the end of the top line
of your error message was never \def'ed. If you have
misspelled it (e.g., `\hobx'), type `I' and the correct
spelling (e.g., `I\hbox'). Otherwise just continue,
and I'll forget about whatever was undefined.

)
Overfull \hbox (495.07779pt too wide) in paragraph at lines 230--230
[][][][] 
 []


(/Users/anzony.quisperojas/Library/CloudStorage/Dropbox/sa_fires/proj_bureaucra
ts_farms/tex/paper/tables/_app_10_did_rice_moderators_rural_acpop.tex
! Undefined control sequence.
l.7 Down$>$up AC (Pop)&      -9.061\sym
                                       {***}&      -6.126\sym{***}&      -6....
The control sequence at the end of the top line
of your error message was never \def'ed. If you have
misspelled it (e.g., `\hobx'), type `I' and the correct
spelling (e.g., `I\hbox'). Otherwise just continue,
and I'll forget about whatever was undefined.

! Undefined control sequence.
l.7 ...Pop)&      -9.061\sym{***}&      -6.126\sym
                                                  {***}&      -6.470\sym{***}\\
The control sequence at the end of the top line
of your error message was never \def'ed. If you have
misspelled it (e.g., `\hobx'), type `I' and the correct
spelling (e.g., `I\hbox'). Otherwise just continue,
and I'll forget about whatever was undefined.

! Undefined control sequence.
l.7 ...***}&      -6.126\sym{***}&      -6.470\sym
                                                  {***}\\
The control sequence at the end of the top line
of your error message was never \def'ed. If you have
misspelled it (e.g., `\hobx'), type `I' and the correct
spelling (e.g., `I\hbox'). Otherwise just continue,
and I'll forget about whatever was undefined.

) [10

]
(/Users/anzony.quisperojas/Library/CloudStorage/Dropbox/sa_fires/proj_bureaucra
ts_farms/tex/paper/tables/_app_14_polischar_fe12_did_ricemods_rural.tex)
Overfull \hbox (495.07779pt too wide) in paragraph at lines 235--235
[][][][] 
 []


(/Users/anzony.quisperojas/Library/CloudStorage/Dropbox/sa_fires/proj_bureaucra
ts_farms/tex/paper/tables/_app_14_polischar_fe12_did_ricemods_rural_acpop.tex)
[11

]
(/Users/anzony.quisperojas/Library/CloudStorage/Dropbox/sa_fires/proj_bureaucra
ts_farms/tex/paper/tables/_app_15_polischar_fe12_did_rural.tex)
Overfull \hbox (495.07779pt too wide) in paragraph at lines 240--240
[][][][] 
 []


(/Users/anzony.quisperojas/Library/CloudStorage/Dropbox/sa_fires/proj_bureaucra
ts_farms/tex/paper/tables/_app_15_polischar_fe12_did_rural_acpop.tex) [12

]
(/Users/anzony.quisperojas/Library/CloudStorage/Dropbox/sa_fires/proj_bureaucra
ts_farms/tex/paper/tables/_app_20_did_downwind_hm_rural.tex)
Overfull \hbox (495.07779pt too wide) in paragraph at lines 245--245
[][][][] 
 []


(/Users/anzony.quisperojas/Library/CloudStorage/Dropbox/sa_fires/proj_bureaucra
ts_farms/tex/paper/tables/_app_20_did_downwind_hm_rural_acpop.tex) [13

]
LaTeX Font Info:    Font shape `OT1/cmtt/bx/n' in size <14.4> not available
(Font)              Font shape `OT1/cmtt/m/n' tried instead on input line 249.

Overfull \hbox (83.8274pt too wide) in paragraph at lines 252--258
\OT1/cmr/m/n/10.95 Source: []\OT1/cmtt/m/n/10.95 replication[]rural/plotting[]e
vent[]studies.R \OT1/cmr/m/n/10.95 and []\OT1/cmtt/m/n/10.95 replication[]rural
[]acpop/plotting[]event[]studies.R\OT1/cmr/m/n/10.95 .
 []

</Users/anzony.quisperojas/Library/CloudStorage/Dropbox/sa_fires/proj_bureaucra
ts_farms/tex/paper/figures/main_event_study_rural_1_ori.png, id=242, 578.16pt x
 289.08pt>
File: /Users/anzony.quisperojas/Library/CloudStorage/Dropbox/sa_fires/proj_bure
aucrats_farms/tex/paper/figures/main_event_study_rural_1_ori.png Graphic file (
type png)
<use /Users/anzony.quisperojas/Library/CloudStorage/Dropbox/sa_fires/proj_burea
ucrats_farms/tex/paper/figures/main_event_study_rural_1_ori.png>
Package pdftex.def Info: /Users/anzony.quisperojas/Library/CloudStorage/Dropbox
/sa_fires/proj_bureaucrats_farms/tex/paper/figures/main_event_study_rural_1_ori
.png  used on input line 263.
(pdftex.def)             Requested size: 237.63522pt x 118.81468pt.
</Users/anzony.quisperojas/Library/CloudStorage/Dropbox/sa_fires/proj_bureaucra
ts_farms/tex/paper/figures/main_event_study_rural_1_rotated.png, id=243, 578.16
pt x 289.08pt>
File: /Users/anzony.quisperojas/Library/CloudStorage/Dropbox/sa_fires/proj_bure
aucrats_farms/tex/paper/figures/main_event_study_rural_1_rotated.png Graphic fi
le (type png)
<use /Users/anzony.quisperojas/Library/CloudStorage/Dropbox/sa_fires/proj_burea
ucrats_farms/tex/paper/figures/main_event_study_rural_1_rotated.png>
Package pdftex.def Info: /Users/anzony.quisperojas/Library/CloudStorage/Dropbox
/sa_fires/proj_bureaucrats_farms/tex/paper/figures/main_event_study_rural_1_rot
ated.png  used on input line 263.
(pdftex.def)             Requested size: 237.63522pt x 118.81468pt.
</Users/anzony.quisperojas/Library/CloudStorage/Dropbox/sa_fires/proj_bureaucra
ts_farms/tex/paper/figures/main_event_study_rural_1_honest1.png, id=244, 578.16
pt x 289.08pt>
File: /Users/anzony.quisperojas/Library/CloudStorage/Dropbox/sa_fires/proj_bure
aucrats_farms/tex/paper/figures/main_event_study_rural_1_honest1.png Graphic fi
le (type png)
<use /Users/anzony.quisperojas/Library/CloudStorage/Dropbox/sa_fires/proj_burea
ucrats_farms/tex/paper/figures/main_event_study_rural_1_honest1.png>
Package pdftex.def Info: /Users/anzony.quisperojas/Library/CloudStorage/Dropbox
/sa_fires/proj_bureaucrats_farms/tex/paper/figures/main_event_study_rural_1_hon
est1.png  used on input line 263.
(pdftex.def)             Requested size: 237.63522pt x 118.81468pt.
LaTeX Font Info:    External font `cmex10' loaded for size
(Font)              <5> on input line 263.
</Users/anzony.quisperojas/Library/CloudStorage/Dropbox/sa_fires/proj_bureaucra
ts_farms/tex/paper/figures/main_event_study_rural_1_rot_honest1.png, id=245, 57
8.16pt x 289.08pt>
File: /Users/anzony.quisperojas/Library/CloudStorage/Dropbox/sa_fires/proj_bure
aucrats_farms/tex/paper/figures/main_event_study_rural_1_rot_honest1.png Graphi
c file (type png)
<use /Users/anzony.quisperojas/Library/CloudStorage/Dropbox/sa_fires/proj_burea
ucrats_farms/tex/paper/figures/main_event_study_rural_1_rot_honest1.png>
Package pdftex.def Info: /Users/anzony.quisperojas/Library/CloudStorage/Dropbox
/sa_fires/proj_bureaucrats_farms/tex/paper/figures/main_event_study_rural_1_rot
_honest1.png  used on input line 263.
(pdftex.def)             Requested size: 237.63522pt x 118.81468pt.
</Users/anzony.quisperojas/Library/CloudStorage/Dropbox/sa_fires/proj_bureaucra
ts_farms/tex/paper/figures/main_event_study_rural_acpop_1_ori.png, id=246, 578.
16pt x 289.08pt>
File: /Users/anzony.quisperojas/Library/CloudStorage/Dropbox/sa_fires/proj_bure
aucrats_farms/tex/paper/figures/main_event_study_rural_acpop_1_ori.png Graphic 
file (type png)
<use /Users/anzony.quisperojas/Library/CloudStorage/Dropbox/sa_fires/proj_burea
ucrats_farms/tex/paper/figures/main_event_study_rural_acpop_1_ori.png>
Package pdftex.def Info: /Users/anzony.quisperojas/Library/CloudStorage/Dropbox
/sa_fires/proj_bureaucrats_farms/tex/paper/figures/main_event_study_rural_acpop
_1_ori.png  used on input line 265.
(pdftex.def)             Requested size: 237.63522pt x 118.81468pt.
</Users/anzony.quisperojas/Library/CloudStorage/Dropbox/sa_fires/proj_bureaucra
ts_farms/tex/paper/figures/main_event_study_rural_acpop_1_rotated.png, id=247, 
578.16pt x 289.08pt>
File: /Users/anzony.quisperojas/Library/CloudStorage/Dropbox/sa_fires/proj_bure
aucrats_farms/tex/paper/figures/main_event_study_rural_acpop_1_rotated.png Grap
hic file (type png)
<use /Users/anzony.quisperojas/Library/CloudStorage/Dropbox/sa_fires/proj_burea
ucrats_farms/tex/paper/figures/main_event_study_rural_acpop_1_rotated.png>
Package pdftex.def Info: /Users/anzony.quisperojas/Library/CloudStorage/Dropbox
/sa_fires/proj_bureaucrats_farms/tex/paper/figures/main_event_study_rural_acpop
_1_rotated.png  used on input line 265.
(pdftex.def)             Requested size: 237.63522pt x 118.81468pt.
</Users/anzony.quisperojas/Library/CloudStorage/Dropbox/sa_fires/proj_bureaucra
ts_farms/tex/paper/figures/main_event_study_rural_acpop_1_honest1.png, id=248, 
578.16pt x 289.08pt>
File: /Users/anzony.quisperojas/Library/CloudStorage/Dropbox/sa_fires/proj_bure
aucrats_farms/tex/paper/figures/main_event_study_rural_acpop_1_honest1.png Grap
hic file (type png)
<use /Users/anzony.quisperojas/Library/CloudStorage/Dropbox/sa_fires/proj_burea
ucrats_farms/tex/paper/figures/main_event_study_rural_acpop_1_honest1.png>
Package pdftex.def Info: /Users/anzony.quisperojas/Library/CloudStorage/Dropbox
/sa_fires/proj_bureaucrats_farms/tex/paper/figures/main_event_study_rural_acpop
_1_honest1.png  used on input line 265.
(pdftex.def)             Requested size: 237.63522pt x 118.81468pt.
</Users/anzony.quisperojas/Library/CloudStorage/Dropbox/sa_fires/proj_bureaucra
ts_farms/tex/paper/figures/main_event_study_rural_acpop_1_rot_honest1.png, id=2
49, 578.16pt x 289.08pt>
File: /Users/anzony.quisperojas/Library/CloudStorage/Dropbox/sa_fires/proj_bure
aucrats_farms/tex/paper/figures/main_event_study_rural_acpop_1_rot_honest1.png 
Graphic file (type png)
<use /Users/anzony.quisperojas/Library/CloudStorage/Dropbox/sa_fires/proj_burea
ucrats_farms/tex/paper/figures/main_event_study_rural_acpop_1_rot_honest1.png>
Package pdftex.def Info: /Users/anzony.quisperojas/Library/CloudStorage/Dropbox
/sa_fires/proj_bureaucrats_farms/tex/paper/figures/main_event_study_rural_acpop
_1_rot_honest1.png  used on input line 265.
(pdftex.def)             Requested size: 237.63522pt x 118.81468pt.
[14

 </Users/anzony.quisperojas/Library/CloudStorage/Dropbox/sa_fires/proj_bureaucr
ats_farms/tex/paper/figures/main_event_study_rural_1_ori.png> </Users/anzony.qu
isperojas/Library/CloudStorage/Dropbox/sa_fires/proj_bureaucrats_farms/tex/pape
r/figures/main_event_study_rural_1_rotated.png> </Users/anzony.quisperojas/Libr
ary/CloudStorage/Dropbox/sa_fires/proj_bureaucrats_farms/tex/paper/figures/main
_event_study_rural_1_honest1.png> </Users/anzony.quisperojas/Library/CloudStora
ge/Dropbox/sa_fires/proj_bureaucrats_farms/tex/paper/figures/main_event_study_r
ural_1_rot_honest1.png> </Users/anzony.quisperojas/Library/CloudStorage/Dropbox
/sa_fires/proj_bureaucrats_farms/tex/paper/figures/main_event_study_rural_acpop
_1_ori.png> </Users/anzony.quisperojas/Library/CloudStorage/Dropbox/sa_fires/pr
oj_bureaucrats_farms/tex/paper/figures/main_event_study_rural_acpop_1_rotated.p
ng> </Users/anzony.quisperojas/Library/CloudStorage/Dropbox/sa_fires/proj_burea
ucrats_farms/tex/paper/figures/main_event_study_rural_acpop_1_honest1.png> </Us
ers/anzony.quisperojas/Library/CloudStorage/Dropbox/sa_fires/proj_bureaucrats_f
arms/tex/paper/figures/main_event_study_rural_acpop_1_rot_honest1.png>]
</Users/anzony.quisperojas/Library/CloudStorage/Dropbox/sa_fires/proj_bureaucra
ts_farms/tex/paper/figures/main_event_study_rural_riceP_ori.png, id=258, 578.16
pt x 289.08pt>
File: /Users/anzony.quisperojas/Library/CloudStorage/Dropbox/sa_fires/proj_bure
aucrats_farms/tex/paper/figures/main_event_study_rural_riceP_ori.png Graphic fi
le (type png)
<use /Users/anzony.quisperojas/Library/CloudStorage/Dropbox/sa_fires/proj_burea
ucrats_farms/tex/paper/figures/main_event_study_rural_riceP_ori.png>
Package pdftex.def Info: /Users/anzony.quisperojas/Library/CloudStorage/Dropbox
/sa_fires/proj_bureaucrats_farms/tex/paper/figures/main_event_study_rural_riceP
_ori.png  used on input line 274.
(pdftex.def)             Requested size: 237.63522pt x 118.81468pt.
</Users/anzony.quisperojas/Library/CloudStorage/Dropbox/sa_fires/proj_bureaucra
ts_farms/tex/paper/figures/main_event_study_rural_riceP_rotated.png, id=259, 57
8.16pt x 289.08pt>
File: /Users/anzony.quisperojas/Library/CloudStorage/Dropbox/sa_fires/proj_bure
aucrats_farms/tex/paper/figures/main_event_study_rural_riceP_rotated.png Graphi
c file (type png)
<use /Users/anzony.quisperojas/Library/CloudStorage/Dropbox/sa_fires/proj_burea
ucrats_farms/tex/paper/figures/main_event_study_rural_riceP_rotated.png>
Package pdftex.def Info: /Users/anzony.quisperojas/Library/CloudStorage/Dropbox
/sa_fires/proj_bureaucrats_farms/tex/paper/figures/main_event_study_rural_riceP
_rotated.png  used on input line 274.
(pdftex.def)             Requested size: 237.63522pt x 118.81468pt.
</Users/anzony.quisperojas/Library/CloudStorage/Dropbox/sa_fires/proj_bureaucra
ts_farms/tex/paper/figures/main_event_study_rural_riceP_honest1.png, id=260, 57
8.16pt x 289.08pt>
File: /Users/anzony.quisperojas/Library/CloudStorage/Dropbox/sa_fires/proj_bure
aucrats_farms/tex/paper/figures/main_event_study_rural_riceP_honest1.png Graphi
c file (type png)
<use /Users/anzony.quisperojas/Library/CloudStorage/Dropbox/sa_fires/proj_burea
ucrats_farms/tex/paper/figures/main_event_study_rural_riceP_honest1.png>
Package pdftex.def Info: /Users/anzony.quisperojas/Library/CloudStorage/Dropbox
/sa_fires/proj_bureaucrats_farms/tex/paper/figures/main_event_study_rural_riceP
_honest1.png  used on input line 274.
(pdftex.def)             Requested size: 237.63522pt x 118.81468pt.
</Users/anzony.quisperojas/Library/CloudStorage/Dropbox/sa_fires/proj_bureaucra
ts_farms/tex/paper/figures/main_event_study_rural_riceP_rot_honest1.png, id=261
, 578.16pt x 289.08pt>
File: /Users/anzony.quisperojas/Library/CloudStorage/Dropbox/sa_fires/proj_bure
aucrats_farms/tex/paper/figures/main_event_study_rural_riceP_rot_honest1.png Gr
aphic file (type png)
<use /Users/anzony.quisperojas/Library/CloudStorage/Dropbox/sa_fires/proj_burea
ucrats_farms/tex/paper/figures/main_event_study_rural_riceP_rot_honest1.png>
Package pdftex.def Info: /Users/anzony.quisperojas/Library/CloudStorage/Dropbox
/sa_fires/proj_bureaucrats_farms/tex/paper/figures/main_event_study_rural_riceP
_rot_honest1.png  used on input line 274.
(pdftex.def)             Requested size: 237.63522pt x 118.81468pt.
</Users/anzony.quisperojas/Library/CloudStorage/Dropbox/sa_fires/proj_bureaucra
ts_farms/tex/paper/figures/main_event_study_rural_acpop_riceP_ori.png, id=262, 
578.16pt x 289.08pt>
File: /Users/anzony.quisperojas/Library/CloudStorage/Dropbox/sa_fires/proj_bure
aucrats_farms/tex/paper/figures/main_event_study_rural_acpop_riceP_ori.png Grap
hic file (type png)
<use /Users/anzony.quisperojas/Library/CloudStorage/Dropbox/sa_fires/proj_burea
ucrats_farms/tex/paper/figures/main_event_study_rural_acpop_riceP_ori.png>
Package pdftex.def Info: /Users/anzony.quisperojas/Library/CloudStorage/Dropbox
/sa_fires/proj_bureaucrats_farms/tex/paper/figures/main_event_study_rural_acpop
_riceP_ori.png  used on input line 276.
(pdftex.def)             Requested size: 237.63522pt x 118.81468pt.
</Users/anzony.quisperojas/Library/CloudStorage/Dropbox/sa_fires/proj_bureaucra
ts_farms/tex/paper/figures/main_event_study_rural_acpop_riceP_rotated.png, id=2
63, 578.16pt x 289.08pt>
File: /Users/anzony.quisperojas/Library/CloudStorage/Dropbox/sa_fires/proj_bure
aucrats_farms/tex/paper/figures/main_event_study_rural_acpop_riceP_rotated.png 
Graphic file (type png)
<use /Users/anzony.quisperojas/Library/CloudStorage/Dropbox/sa_fires/proj_burea
ucrats_farms/tex/paper/figures/main_event_study_rural_acpop_riceP_rotated.png>
Package pdftex.def Info: /Users/anzony.quisperojas/Library/CloudStorage/Dropbox
/sa_fires/proj_bureaucrats_farms/tex/paper/figures/main_event_study_rural_acpop
_riceP_rotated.png  used on input line 276.
(pdftex.def)             Requested size: 237.63522pt x 118.81468pt.
</Users/anzony.quisperojas/Library/CloudStorage/Dropbox/sa_fires/proj_bureaucra
ts_farms/tex/paper/figures/main_event_study_rural_acpop_riceP_honest1.png, id=2
64, 578.16pt x 289.08pt>
File: /Users/anzony.quisperojas/Library/CloudStorage/Dropbox/sa_fires/proj_bure
aucrats_farms/tex/paper/figures/main_event_study_rural_acpop_riceP_honest1.png 
Graphic file (type png)
<use /Users/anzony.quisperojas/Library/CloudStorage/Dropbox/sa_fires/proj_burea
ucrats_farms/tex/paper/figures/main_event_study_rural_acpop_riceP_honest1.png>
Package pdftex.def Info: /Users/anzony.quisperojas/Library/CloudStorage/Dropbox
/sa_fires/proj_bureaucrats_farms/tex/paper/figures/main_event_study_rural_acpop
_riceP_honest1.png  used on input line 276.
(pdftex.def)             Requested size: 237.63522pt x 118.81468pt.
</Users/anzony.quisperojas/Library/CloudStorage/Dropbox/sa_fires/proj_bureaucra
ts_farms/tex/paper/figures/main_event_study_rural_acpop_riceP_rot_honest1.png, 
id=265, 578.16pt x 289.08pt>
File: /Users/anzony.quisperojas/Library/CloudStorage/Dropbox/sa_fires/proj_bure
aucrats_farms/tex/paper/figures/main_event_study_rural_acpop_riceP_rot_honest1.
png Graphic file (type png)
<use /Users/anzony.quisperojas/Library/CloudStorage/Dropbox/sa_fires/proj_burea
ucrats_farms/tex/paper/figures/main_event_study_rural_acpop_riceP_rot_honest1.p
ng>
Package pdftex.def Info: /Users/anzony.quisperojas/Library/CloudStorage/Dropbox
/sa_fires/proj_bureaucrats_farms/tex/paper/figures/main_event_study_rural_acpop
_riceP_rot_honest1.png  used on input line 276.
(pdftex.def)             Requested size: 237.63522pt x 118.81468pt.

[15

 </Users/anzony.quisperojas/Library/CloudStorage/Dropbox/sa_fires/proj_bureaucr
ats_farms/tex/paper/figures/main_event_study_rural_riceP_ori.png> </Users/anzon
y.quisperojas/Library/CloudStorage/Dropbox/sa_fires/proj_bureaucrats_farms/tex/
paper/figures/main_event_study_rural_riceP_rotated.png> </Users/anzony.quispero
jas/Library/CloudStorage/Dropbox/sa_fires/proj_bureaucrats_farms/tex/paper/figu
res/main_event_study_rural_riceP_honest1.png> </Users/anzony.quisperojas/Librar
y/CloudStorage/Dropbox/sa_fires/proj_bureaucrats_farms/tex/paper/figures/main_e
vent_study_rural_riceP_rot_honest1.png> </Users/anzony.quisperojas/Library/Clou
dStorage/Dropbox/sa_fires/proj_bureaucrats_farms/tex/paper/figures/main_event_s
tudy_rural_acpop_riceP_ori.png> </Users/anzony.quisperojas/Library/CloudStorage
/Dropbox/sa_fires/proj_bureaucrats_farms/tex/paper/figures/main_event_study_rur
al_acpop_riceP_rotated.png> </Users/anzony.quisperojas/Library/CloudStorage/Dro
pbox/sa_fires/proj_bureaucrats_farms/tex/paper/figures/main_event_study_rural_a
cpop_riceP_honest1.png> </Users/anzony.quisperojas/Library/CloudStorage/Dropbox
/sa_fires/proj_bureaucrats_farms/tex/paper/figures/main_event_study_rural_acpop
_riceP_rot_honest1.png>]
Overfull \hbox (4.92345pt too wide) in paragraph at lines 285--290
\OT1/cmr/m/n/10.95 Source: []\OT1/cmtt/m/n/10.95 replication[]rural/plotting[]e
vent[]studies.R \OT1/cmr/m/n/10.95 (pro-duces both \OT1/cmtt/m/n/10.95 downup[]
ac \OT1/cmr/m/n/10.95 and \OT1/cmtt/m/n/10.95 downup[]ac[]pop
 []

</Users/anzony.quisperojas/Library/CloudStorage/Dropbox/sa_fires/proj_bureaucra
ts_farms/tex/paper/figures/stacked_event_study_rural_1_ori.png, id=271, 578.16p
t x 289.08pt>
File: /Users/anzony.quisperojas/Library/CloudStorage/Dropbox/sa_fires/proj_bure
aucrats_farms/tex/paper/figures/stacked_event_study_rural_1_ori.png Graphic fil
e (type png)
<use /Users/anzony.quisperojas/Library/CloudStorage/Dropbox/sa_fires/proj_burea
ucrats_farms/tex/paper/figures/stacked_event_study_rural_1_ori.png>
Package pdftex.def Info: /Users/anzony.quisperojas/Library/CloudStorage/Dropbox
/sa_fires/proj_bureaucrats_farms/tex/paper/figures/stacked_event_study_rural_1_
ori.png  used on input line 295.
(pdftex.def)             Requested size: 237.63522pt x 118.81468pt.
</Users/anzony.quisperojas/Library/CloudStorage/Dropbox/sa_fires/proj_bureaucra
ts_farms/tex/paper/figures/stacked_event_study_rural_1_rotated.png, id=272, 578
.16pt x 289.08pt>
File: /Users/anzony.quisperojas/Library/CloudStorage/Dropbox/sa_fires/proj_bure
aucrats_farms/tex/paper/figures/stacked_event_study_rural_1_rotated.png Graphic
 file (type png)
<use /Users/anzony.quisperojas/Library/CloudStorage/Dropbox/sa_fires/proj_burea
ucrats_farms/tex/paper/figures/stacked_event_study_rural_1_rotated.png>
Package pdftex.def Info: /Users/anzony.quisperojas/Library/CloudStorage/Dropbox
/sa_fires/proj_bureaucrats_farms/tex/paper/figures/stacked_event_study_rural_1_
rotated.png  used on input line 295.
(pdftex.def)             Requested size: 237.63522pt x 118.81468pt.
</Users/anzony.quisperojas/Library/CloudStorage/Dropbox/sa_fires/proj_bureaucra
ts_farms/tex/paper/figures/stacked_event_study_rural_1_honest1.png, id=273, 578
.16pt x 289.08pt>
File: /Users/anzony.quisperojas/Library/CloudStorage/Dropbox/sa_fires/proj_bure
aucrats_farms/tex/paper/figures/stacked_event_study_rural_1_honest1.png Graphic
 file (type png)
<use /Users/anzony.quisperojas/Library/CloudStorage/Dropbox/sa_fires/proj_burea
ucrats_farms/tex/paper/figures/stacked_event_study_rural_1_honest1.png>
Package pdftex.def Info: /Users/anzony.quisperojas/Library/CloudStorage/Dropbox
/sa_fires/proj_bureaucrats_farms/tex/paper/figures/stacked_event_study_rural_1_
honest1.png  used on input line 295.
(pdftex.def)             Requested size: 237.63522pt x 118.81468pt.
</Users/anzony.quisperojas/Library/CloudStorage/Dropbox/sa_fires/proj_bureaucra
ts_farms/tex/paper/figures/stacked_event_study_rural_1_rot_honest1.png, id=274,
 578.16pt x 289.08pt>
File: /Users/anzony.quisperojas/Library/CloudStorage/Dropbox/sa_fires/proj_bure
aucrats_farms/tex/paper/figures/stacked_event_study_rural_1_rot_honest1.png Gra
phic file (type png)
<use /Users/anzony.quisperojas/Library/CloudStorage/Dropbox/sa_fires/proj_burea
ucrats_farms/tex/paper/figures/stacked_event_study_rural_1_rot_honest1.png>
Package pdftex.def Info: /Users/anzony.quisperojas/Library/CloudStorage/Dropbox
/sa_fires/proj_bureaucrats_farms/tex/paper/figures/stacked_event_study_rural_1_
rot_honest1.png  used on input line 295.
(pdftex.def)             Requested size: 237.63522pt x 118.81468pt.
</Users/anzony.quisperojas/Library/CloudStorage/Dropbox/sa_fires/proj_bureaucra
ts_farms/tex/paper/figures/stacked_event_study_pop_rural_1_ori.png, id=275, 578
.16pt x 289.08pt>
File: /Users/anzony.quisperojas/Library/CloudStorage/Dropbox/sa_fires/proj_bure
aucrats_farms/tex/paper/figures/stacked_event_study_pop_rural_1_ori.png Graphic
 file (type png)
<use /Users/anzony.quisperojas/Library/CloudStorage/Dropbox/sa_fires/proj_burea
ucrats_farms/tex/paper/figures/stacked_event_study_pop_rural_1_ori.png>
Package pdftex.def Info: /Users/anzony.quisperojas/Library/CloudStorage/Dropbox
/sa_fires/proj_bureaucrats_farms/tex/paper/figures/stacked_event_study_pop_rura
l_1_ori.png  used on input line 297.
(pdftex.def)             Requested size: 237.63522pt x 118.81468pt.
</Users/anzony.quisperojas/Library/CloudStorage/Dropbox/sa_fires/proj_bureaucra
ts_farms/tex/paper/figures/stacked_event_study_pop_rural_1_rotated.png, id=276,
 578.16pt x 289.08pt>
File: /Users/anzony.quisperojas/Library/CloudStorage/Dropbox/sa_fires/proj_bure
aucrats_farms/tex/paper/figures/stacked_event_study_pop_rural_1_rotated.png Gra
phic file (type png)
<use /Users/anzony.quisperojas/Library/CloudStorage/Dropbox/sa_fires/proj_burea
ucrats_farms/tex/paper/figures/stacked_event_study_pop_rural_1_rotated.png>
Package pdftex.def Info: /Users/anzony.quisperojas/Library/CloudStorage/Dropbox
/sa_fires/proj_bureaucrats_farms/tex/paper/figures/stacked_event_study_pop_rura
l_1_rotated.png  used on input line 297.
(pdftex.def)             Requested size: 237.63522pt x 118.81468pt.
</Users/anzony.quisperojas/Library/CloudStorage/Dropbox/sa_fires/proj_bureaucra
ts_farms/tex/paper/figures/stacked_event_study_pop_rural_1_honest1.png, id=277,
 578.16pt x 289.08pt>
File: /Users/anzony.quisperojas/Library/CloudStorage/Dropbox/sa_fires/proj_bure
aucrats_farms/tex/paper/figures/stacked_event_study_pop_rural_1_honest1.png Gra
phic file (type png)
<use /Users/anzony.quisperojas/Library/CloudStorage/Dropbox/sa_fires/proj_burea
ucrats_farms/tex/paper/figures/stacked_event_study_pop_rural_1_honest1.png>
Package pdftex.def Info: /Users/anzony.quisperojas/Library/CloudStorage/Dropbox
/sa_fires/proj_bureaucrats_farms/tex/paper/figures/stacked_event_study_pop_rura
l_1_honest1.png  used on input line 297.
(pdftex.def)             Requested size: 237.63522pt x 118.81468pt.
</Users/anzony.quisperojas/Library/CloudStorage/Dropbox/sa_fires/proj_bureaucra
ts_farms/tex/paper/figures/stacked_event_study_pop_rural_1_rot_honest1.png, id=
278, 578.16pt x 289.08pt>
File: /Users/anzony.quisperojas/Library/CloudStorage/Dropbox/sa_fires/proj_bure
aucrats_farms/tex/paper/figures/stacked_event_study_pop_rural_1_rot_honest1.png
 Graphic file (type png)
<use /Users/anzony.quisperojas/Library/CloudStorage/Dropbox/sa_fires/proj_burea
ucrats_farms/tex/paper/figures/stacked_event_study_pop_rural_1_rot_honest1.png>

Package pdftex.def Info: /Users/anzony.quisperojas/Library/CloudStorage/Dropbox
/sa_fires/proj_bureaucrats_farms/tex/paper/figures/stacked_event_study_pop_rura
l_1_rot_honest1.png  used on input line 297.
(pdftex.def)             Requested size: 237.63522pt x 118.81468pt.
[16

 </Users/anzony.quisperojas/Library/CloudStorage/Dropbox/sa_fires/proj_bureaucr
ats_farms/tex/paper/figures/stacked_event_study_rural_1_ori.png> </Users/anzony
.quisperojas/Library/CloudStorage/Dropbox/sa_fires/proj_bureaucrats_farms/tex/p
aper/figures/stacked_event_study_rural_1_rotated.png> </Users/anzony.quisperoja
s/Library/CloudStorage/Dropbox/sa_fires/proj_bureaucrats_farms/tex/paper/figure
s/stacked_event_study_rural_1_honest1.png> </Users/anzony.quisperojas/Library/C
loudStorage/Dropbox/sa_fires/proj_bureaucrats_farms/tex/paper/figures/stacked_e
vent_study_rural_1_rot_honest1.png> </Users/anzony.quisperojas/Library/CloudSto
rage/Dropbox/sa_fires/proj_bureaucrats_farms/tex/paper/figures/stacked_event_st
udy_pop_rural_1_ori.png> </Users/anzony.quisperojas/Library/CloudStorage/Dropbo
x/sa_fires/proj_bureaucrats_farms/tex/paper/figures/stacked_event_study_pop_rur
al_1_rotated.png> </Users/anzony.quisperojas/Library/CloudStorage/Dropbox/sa_fi
res/proj_bureaucrats_farms/tex/paper/figures/stacked_event_study_pop_rural_1_ho
nest1.png> </Users/anzony.quisperojas/Library/CloudStorage/Dropbox/sa_fires/pro
j_bureaucrats_farms/tex/paper/figures/stacked_event_study_pop_rural_1_rot_hones
t1.png>]
</Users/anzony.quisperojas/Library/CloudStorage/Dropbox/sa_fires/proj_bureaucra
ts_farms/tex/paper/figures/stacked_event_study_rural_riceP_ori.png, id=284, 578
.16pt x 289.08pt>
File: /Users/anzony.quisperojas/Library/CloudStorage/Dropbox/sa_fires/proj_bure
aucrats_farms/tex/paper/figures/stacked_event_study_rural_riceP_ori.png Graphic
 file (type png)
<use /Users/anzony.quisperojas/Library/CloudStorage/Dropbox/sa_fires/proj_burea
ucrats_farms/tex/paper/figures/stacked_event_study_rural_riceP_ori.png>
Package pdftex.def Info: /Users/anzony.quisperojas/Library/CloudStorage/Dropbox
/sa_fires/proj_bureaucrats_farms/tex/paper/figures/stacked_event_study_rural_ri
ceP_ori.png  used on input line 306.
(pdftex.def)             Requested size: 237.63522pt x 118.81468pt.
</Users/anzony.quisperojas/Library/CloudStorage/Dropbox/sa_fires/proj_bureaucra
ts_farms/tex/paper/figures/stacked_event_study_rural_riceP_rotated.png, id=285,
 578.16pt x 289.08pt>
File: /Users/anzony.quisperojas/Library/CloudStorage/Dropbox/sa_fires/proj_bure
aucrats_farms/tex/paper/figures/stacked_event_study_rural_riceP_rotated.png Gra
phic file (type png)
<use /Users/anzony.quisperojas/Library/CloudStorage/Dropbox/sa_fires/proj_burea
ucrats_farms/tex/paper/figures/stacked_event_study_rural_riceP_rotated.png>
Package pdftex.def Info: /Users/anzony.quisperojas/Library/CloudStorage/Dropbox
/sa_fires/proj_bureaucrats_farms/tex/paper/figures/stacked_event_study_rural_ri
ceP_rotated.png  used on input line 306.
(pdftex.def)             Requested size: 237.63522pt x 118.81468pt.
</Users/anzony.quisperojas/Library/CloudStorage/Dropbox/sa_fires/proj_bureaucra
ts_farms/tex/paper/figures/stacked_event_study_rural_riceP_honest1.png, id=286,
 578.16pt x 289.08pt>
File: /Users/anzony.quisperojas/Library/CloudStorage/Dropbox/sa_fires/proj_bure
aucrats_farms/tex/paper/figures/stacked_event_study_rural_riceP_honest1.png Gra
phic file (type png)
<use /Users/anzony.quisperojas/Library/CloudStorage/Dropbox/sa_fires/proj_burea
ucrats_farms/tex/paper/figures/stacked_event_study_rural_riceP_honest1.png>
Package pdftex.def Info: /Users/anzony.quisperojas/Library/CloudStorage/Dropbox
/sa_fires/proj_bureaucrats_farms/tex/paper/figures/stacked_event_study_rural_ri
ceP_honest1.png  used on input line 306.
(pdftex.def)             Requested size: 237.63522pt x 118.81468pt.
</Users/anzony.quisperojas/Library/CloudStorage/Dropbox/sa_fires/proj_bureaucra
ts_farms/tex/paper/figures/stacked_event_study_rural_riceP_rot_honest1.png, id=
287, 578.16pt x 289.08pt>
File: /Users/anzony.quisperojas/Library/CloudStorage/Dropbox/sa_fires/proj_bure
aucrats_farms/tex/paper/figures/stacked_event_study_rural_riceP_rot_honest1.png
 Graphic file (type png)
<use /Users/anzony.quisperojas/Library/CloudStorage/Dropbox/sa_fires/proj_burea
ucrats_farms/tex/paper/figures/stacked_event_study_rural_riceP_rot_honest1.png>

Package pdftex.def Info: /Users/anzony.quisperojas/Library/CloudStorage/Dropbox
/sa_fires/proj_bureaucrats_farms/tex/paper/figures/stacked_event_study_rural_ri
ceP_rot_honest1.png  used on input line 306.
(pdftex.def)             Requested size: 237.63522pt x 118.81468pt.
</Users/anzony.quisperojas/Library/CloudStorage/Dropbox/sa_fires/proj_bureaucra
ts_farms/tex/paper/figures/stacked_event_study_pop_rural_riceP_ori.png, id=288,
 578.16pt x 289.08pt>
File: /Users/anzony.quisperojas/Library/CloudStorage/Dropbox/sa_fires/proj_bure
aucrats_farms/tex/paper/figures/stacked_event_study_pop_rural_riceP_ori.png Gra
phic file (type png)
<use /Users/anzony.quisperojas/Library/CloudStorage/Dropbox/sa_fires/proj_burea
ucrats_farms/tex/paper/figures/stacked_event_study_pop_rural_riceP_ori.png>
Package pdftex.def Info: /Users/anzony.quisperojas/Library/CloudStorage/Dropbox
/sa_fires/proj_bureaucrats_farms/tex/paper/figures/stacked_event_study_pop_rura
l_riceP_ori.png  used on input line 308.
(pdftex.def)             Requested size: 237.63522pt x 118.81468pt.
</Users/anzony.quisperojas/Library/CloudStorage/Dropbox/sa_fires/proj_bureaucra
ts_farms/tex/paper/figures/stacked_event_study_pop_rural_riceP_rotated.png, id=
289, 578.16pt x 289.08pt>
File: /Users/anzony.quisperojas/Library/CloudStorage/Dropbox/sa_fires/proj_bure
aucrats_farms/tex/paper/figures/stacked_event_study_pop_rural_riceP_rotated.png
 Graphic file (type png)
<use /Users/anzony.quisperojas/Library/CloudStorage/Dropbox/sa_fires/proj_burea
ucrats_farms/tex/paper/figures/stacked_event_study_pop_rural_riceP_rotated.png>

Package pdftex.def Info: /Users/anzony.quisperojas/Library/CloudStorage/Dropbox
/sa_fires/proj_bureaucrats_farms/tex/paper/figures/stacked_event_study_pop_rura
l_riceP_rotated.png  used on input line 308.
(pdftex.def)             Requested size: 237.63522pt x 118.81468pt.
</Users/anzony.quisperojas/Library/CloudStorage/Dropbox/sa_fires/proj_bureaucra
ts_farms/tex/paper/figures/stacked_event_study_pop_rural_riceP_honest1.png, id=
290, 578.16pt x 289.08pt>
File: /Users/anzony.quisperojas/Library/CloudStorage/Dropbox/sa_fires/proj_bure
aucrats_farms/tex/paper/figures/stacked_event_study_pop_rural_riceP_honest1.png
 Graphic file (type png)
<use /Users/anzony.quisperojas/Library/CloudStorage/Dropbox/sa_fires/proj_burea
ucrats_farms/tex/paper/figures/stacked_event_study_pop_rural_riceP_honest1.png>

Package pdftex.def Info: /Users/anzony.quisperojas/Library/CloudStorage/Dropbox
/sa_fires/proj_bureaucrats_farms/tex/paper/figures/stacked_event_study_pop_rura
l_riceP_honest1.png  used on input line 308.
(pdftex.def)             Requested size: 237.63522pt x 118.81468pt.
</Users/anzony.quisperojas/Library/CloudStorage/Dropbox/sa_fires/proj_bureaucra
ts_farms/tex/paper/figures/stacked_event_study_pop_rural_riceP_rot_honest1.png,
 id=291, 578.16pt x 289.08pt>
File: /Users/anzony.quisperojas/Library/CloudStorage/Dropbox/sa_fires/proj_bure
aucrats_farms/tex/paper/figures/stacked_event_study_pop_rural_riceP_rot_honest1
.png Graphic file (type png)
<use /Users/anzony.quisperojas/Library/CloudStorage/Dropbox/sa_fires/proj_burea
ucrats_farms/tex/paper/figures/stacked_event_study_pop_rural_riceP_rot_honest1.
png>
Package pdftex.def Info: /Users/anzony.quisperojas/Library/CloudStorage/Dropbox
/sa_fires/proj_bureaucrats_farms/tex/paper/figures/stacked_event_study_pop_rura
l_riceP_rot_honest1.png  used on input line 308.
(pdftex.def)             Requested size: 237.63522pt x 118.81468pt.
 [17

 </Users/anzony.quisperojas/Library/CloudStorage/Dropbox/sa_fires/proj_bureaucr
ats_farms/tex/paper/figures/stacked_event_study_rural_riceP_ori.png> </Users/an
zony.quisperojas/Library/CloudStorage/Dropbox/sa_fires/proj_bureaucrats_farms/t
ex/paper/figures/stacked_event_study_rural_riceP_rotated.png> </Users/anzony.qu
isperojas/Library/CloudStorage/Dropbox/sa_fires/proj_bureaucrats_farms/tex/pape
r/figures/stacked_event_study_rural_riceP_honest1.png> </Users/anzony.quisperoj
as/Library/CloudStorage/Dropbox/sa_fires/proj_bureaucrats_farms/tex/paper/figur
es/stacked_event_study_rural_riceP_rot_honest1.png> </Users/anzony.quisperojas/
Library/CloudStorage/Dropbox/sa_fires/proj_bureaucrats_farms/tex/paper/figures/
stacked_event_study_pop_rural_riceP_ori.png> </Users/anzony.quisperojas/Library
/CloudStorage/Dropbox/sa_fires/proj_bureaucrats_farms/tex/paper/figures/stacked
_event_study_pop_rural_riceP_rotated.png> </Users/anzony.quisperojas/Library/Cl
oudStorage/Dropbox/sa_fires/proj_bureaucrats_farms/tex/paper/figures/stacked_ev
ent_study_pop_rural_riceP_honest1.png> </Users/anzony.quisperojas/Library/Cloud
Storage/Dropbox/sa_fires/proj_bureaucrats_farms/tex/paper/figures/stacked_event
_study_pop_rural_riceP_rot_honest1.png>]
</Users/anzony.quisperojas/Library/CloudStorage/Dropbox/sa_fires/proj_bureaucra
ts_farms/tex/paper/figures/stacked_event_study_balanced_rural_1_ori.png, id=297
, 578.16pt x 289.08pt>
File: /Users/anzony.quisperojas/Library/CloudStorage/Dropbox/sa_fires/proj_bure
aucrats_farms/tex/paper/figures/stacked_event_study_balanced_rural_1_ori.png Gr
aphic file (type png)
<use /Users/anzony.quisperojas/Library/CloudStorage/Dropbox/sa_fires/proj_burea
ucrats_farms/tex/paper/figures/stacked_event_study_balanced_rural_1_ori.png>
Package pdftex.def Info: /Users/anzony.quisperojas/Library/CloudStorage/Dropbox
/sa_fires/proj_bureaucrats_farms/tex/paper/figures/stacked_event_study_balanced
_rural_1_ori.png  used on input line 317.
(pdftex.def)             Requested size: 237.63522pt x 118.81468pt.
</Users/anzony.quisperojas/Library/CloudStorage/Dropbox/sa_fires/proj_bureaucra
ts_farms/tex/paper/figures/stacked_event_study_balanced_rural_1_rotated.png, id
=298, 578.16pt x 289.08pt>
File: /Users/anzony.quisperojas/Library/CloudStorage/Dropbox/sa_fires/proj_bure
aucrats_farms/tex/paper/figures/stacked_event_study_balanced_rural_1_rotated.pn
g Graphic file (type png)
<use /Users/anzony.quisperojas/Library/CloudStorage/Dropbox/sa_fires/proj_burea
ucrats_farms/tex/paper/figures/stacked_event_study_balanced_rural_1_rotated.png
>
Package pdftex.def Info: /Users/anzony.quisperojas/Library/CloudStorage/Dropbox
/sa_fires/proj_bureaucrats_farms/tex/paper/figures/stacked_event_study_balanced
_rural_1_rotated.png  used on input line 317.
(pdftex.def)             Requested size: 237.63522pt x 118.81468pt.
</Users/anzony.quisperojas/Library/CloudStorage/Dropbox/sa_fires/proj_bureaucra
ts_farms/tex/paper/figures/stacked_event_study_balanced_rural_1_honest1.png, id
=299, 578.16pt x 289.08pt>
File: /Users/anzony.quisperojas/Library/CloudStorage/Dropbox/sa_fires/proj_bure
aucrats_farms/tex/paper/figures/stacked_event_study_balanced_rural_1_honest1.pn
g Graphic file (type png)
<use /Users/anzony.quisperojas/Library/CloudStorage/Dropbox/sa_fires/proj_burea
ucrats_farms/tex/paper/figures/stacked_event_study_balanced_rural_1_honest1.png
>
Package pdftex.def Info: /Users/anzony.quisperojas/Library/CloudStorage/Dropbox
/sa_fires/proj_bureaucrats_farms/tex/paper/figures/stacked_event_study_balanced
_rural_1_honest1.png  used on input line 317.
(pdftex.def)             Requested size: 237.63522pt x 118.81468pt.
</Users/anzony.quisperojas/Library/CloudStorage/Dropbox/sa_fires/proj_bureaucra
ts_farms/tex/paper/figures/stacked_event_study_balanced_rural_1_rot_honest1.png
, id=300, 578.16pt x 289.08pt>
File: /Users/anzony.quisperojas/Library/CloudStorage/Dropbox/sa_fires/proj_bure
aucrats_farms/tex/paper/figures/stacked_event_study_balanced_rural_1_rot_honest
1.png Graphic file (type png)
<use /Users/anzony.quisperojas/Library/CloudStorage/Dropbox/sa_fires/proj_burea
ucrats_farms/tex/paper/figures/stacked_event_study_balanced_rural_1_rot_honest1
.png>
Package pdftex.def Info: /Users/anzony.quisperojas/Library/CloudStorage/Dropbox
/sa_fires/proj_bureaucrats_farms/tex/paper/figures/stacked_event_study_balanced
_rural_1_rot_honest1.png  used on input line 317.
(pdftex.def)             Requested size: 237.63522pt x 118.81468pt.
</Users/anzony.quisperojas/Library/CloudStorage/Dropbox/sa_fires/proj_bureaucra
ts_farms/tex/paper/figures/stacked_event_study_balanced_pop_rural_1_ori.png, id
=301, 578.16pt x 289.08pt>
File: /Users/anzony.quisperojas/Library/CloudStorage/Dropbox/sa_fires/proj_bure
aucrats_farms/tex/paper/figures/stacked_event_study_balanced_pop_rural_1_ori.pn
g Graphic file (type png)
<use /Users/anzony.quisperojas/Library/CloudStorage/Dropbox/sa_fires/proj_burea
ucrats_farms/tex/paper/figures/stacked_event_study_balanced_pop_rural_1_ori.png
>
Package pdftex.def Info: /Users/anzony.quisperojas/Library/CloudStorage/Dropbox
/sa_fires/proj_bureaucrats_farms/tex/paper/figures/stacked_event_study_balanced
_pop_rural_1_ori.png  used on input line 319.
(pdftex.def)             Requested size: 237.63522pt x 118.81468pt.
</Users/anzony.quisperojas/Library/CloudStorage/Dropbox/sa_fires/proj_bureaucra
ts_farms/tex/paper/figures/stacked_event_study_balanced_pop_rural_1_rotated.png
, id=302, 578.16pt x 289.08pt>
File: /Users/anzony.quisperojas/Library/CloudStorage/Dropbox/sa_fires/proj_bure
aucrats_farms/tex/paper/figures/stacked_event_study_balanced_pop_rural_1_rotate
d.png Graphic file (type png)
<use /Users/anzony.quisperojas/Library/CloudStorage/Dropbox/sa_fires/proj_burea
ucrats_farms/tex/paper/figures/stacked_event_study_balanced_pop_rural_1_rotated
.png>
Package pdftex.def Info: /Users/anzony.quisperojas/Library/CloudStorage/Dropbox
/sa_fires/proj_bureaucrats_farms/tex/paper/figures/stacked_event_study_balanced
_pop_rural_1_rotated.png  used on input line 319.
(pdftex.def)             Requested size: 237.63522pt x 118.81468pt.
</Users/anzony.quisperojas/Library/CloudStorage/Dropbox/sa_fires/proj_bureaucra
ts_farms/tex/paper/figures/stacked_event_study_balanced_pop_rural_1_honest1.png
, id=303, 578.16pt x 289.08pt>
File: /Users/anzony.quisperojas/Library/CloudStorage/Dropbox/sa_fires/proj_bure
aucrats_farms/tex/paper/figures/stacked_event_study_balanced_pop_rural_1_honest
1.png Graphic file (type png)
<use /Users/anzony.quisperojas/Library/CloudStorage/Dropbox/sa_fires/proj_burea
ucrats_farms/tex/paper/figures/stacked_event_study_balanced_pop_rural_1_honest1
.png>
Package pdftex.def Info: /Users/anzony.quisperojas/Library/CloudStorage/Dropbox
/sa_fires/proj_bureaucrats_farms/tex/paper/figures/stacked_event_study_balanced
_pop_rural_1_honest1.png  used on input line 319.
(pdftex.def)             Requested size: 237.63522pt x 118.81468pt.
</Users/anzony.quisperojas/Library/CloudStorage/Dropbox/sa_fires/proj_bureaucra
ts_farms/tex/paper/figures/stacked_event_study_balanced_pop_rural_1_rot_honest1
.png, id=304, 578.16pt x 289.08pt>
File: /Users/anzony.quisperojas/Library/CloudStorage/Dropbox/sa_fires/proj_bure
aucrats_farms/tex/paper/figures/stacked_event_study_balanced_pop_rural_1_rot_ho
nest1.png Graphic file (type png)
<use /Users/anzony.quisperojas/Library/CloudStorage/Dropbox/sa_fires/proj_burea
ucrats_farms/tex/paper/figures/stacked_event_study_balanced_pop_rural_1_rot_hon
est1.png>
Package pdftex.def Info: /Users/anzony.quisperojas/Library/CloudStorage/Dropbox
/sa_fires/proj_bureaucrats_farms/tex/paper/figures/stacked_event_study_balanced
_pop_rural_1_rot_honest1.png  used on input line 319.
(pdftex.def)             Requested size: 237.63522pt x 118.81468pt.
 [18

 </Users/anzony.quisperojas/Library/CloudStorage/Dropbox/sa_fires/proj_bureaucr
ats_farms/tex/paper/figures/stacked_event_study_balanced_rural_1_ori.png> </Use
rs/anzony.quisperojas/Library/CloudStorage/Dropbox/sa_fires/proj_bureaucrats_fa
rms/tex/paper/figures/stacked_event_study_balanced_rural_1_rotated.png> </Users
/anzony.quisperojas/Library/CloudStorage/Dropbox/sa_fires/proj_bureaucrats_farm
s/tex/paper/figures/stacked_event_study_balanced_rural_1_honest1.png> </Users/a
nzony.quisperojas/Library/CloudStorage/Dropbox/sa_fires/proj_bureaucrats_farms/
tex/paper/figures/stacked_event_study_balanced_rural_1_rot_honest1.png> </Users
/anzony.quisperojas/Library/CloudStorage/Dropbox/sa_fires/proj_bureaucrats_farm
s/tex/paper/figures/stacked_event_study_balanced_pop_rural_1_ori.png> </Users/a
nzony.quisperojas/Library/CloudStorage/Dropbox/sa_fires/proj_bureaucrats_farms/
tex/paper/figures/stacked_event_study_balanced_pop_rural_1_rotated.png> </Users
/anzony.quisperojas/Library/CloudStorage/Dropbox/sa_fires/proj_bureaucrats_farm
s/tex/paper/figures/stacked_event_study_balanced_pop_rural_1_honest1.png> </Use
rs/anzony.quisperojas/Library/CloudStorage/Dropbox/sa_fires/proj_bureaucrats_fa
rms/tex/paper/figures/stacked_event_study_balanced_pop_rural_1_rot_honest1.png>
]
</Users/anzony.quisperojas/Library/CloudStorage/Dropbox/sa_fires/proj_bureaucra
ts_farms/tex/paper/figures/stacked_event_study_balanced_rural_riceP_ori.png, id
=310, 578.16pt x 289.08pt>
File: /Users/anzony.quisperojas/Library/CloudStorage/Dropbox/sa_fires/proj_bure
aucrats_farms/tex/paper/figures/stacked_event_study_balanced_rural_riceP_ori.pn
g Graphic file (type png)
<use /Users/anzony.quisperojas/Library/CloudStorage/Dropbox/sa_fires/proj_burea
ucrats_farms/tex/paper/figures/stacked_event_study_balanced_rural_riceP_ori.png
>
Package pdftex.def Info: /Users/anzony.quisperojas/Library/CloudStorage/Dropbox
/sa_fires/proj_bureaucrats_farms/tex/paper/figures/stacked_event_study_balanced
_rural_riceP_ori.png  used on input line 328.
(pdftex.def)             Requested size: 237.63522pt x 118.81468pt.
</Users/anzony.quisperojas/Library/CloudStorage/Dropbox/sa_fires/proj_bureaucra
ts_farms/tex/paper/figures/stacked_event_study_balanced_rural_riceP_rotated.png
, id=311, 578.16pt x 289.08pt>
File: /Users/anzony.quisperojas/Library/CloudStorage/Dropbox/sa_fires/proj_bure
aucrats_farms/tex/paper/figures/stacked_event_study_balanced_rural_riceP_rotate
d.png Graphic file (type png)
<use /Users/anzony.quisperojas/Library/CloudStorage/Dropbox/sa_fires/proj_burea
ucrats_farms/tex/paper/figures/stacked_event_study_balanced_rural_riceP_rotated
.png>
Package pdftex.def Info: /Users/anzony.quisperojas/Library/CloudStorage/Dropbox
/sa_fires/proj_bureaucrats_farms/tex/paper/figures/stacked_event_study_balanced
_rural_riceP_rotated.png  used on input line 328.
(pdftex.def)             Requested size: 237.63522pt x 118.81468pt.
</Users/anzony.quisperojas/Library/CloudStorage/Dropbox/sa_fires/proj_bureaucra
ts_farms/tex/paper/figures/stacked_event_study_balanced_rural_riceP_honest1.png
, id=312, 578.16pt x 289.08pt>
File: /Users/anzony.quisperojas/Library/CloudStorage/Dropbox/sa_fires/proj_bure
aucrats_farms/tex/paper/figures/stacked_event_study_balanced_rural_riceP_honest
1.png Graphic file (type png)
<use /Users/anzony.quisperojas/Library/CloudStorage/Dropbox/sa_fires/proj_burea
ucrats_farms/tex/paper/figures/stacked_event_study_balanced_rural_riceP_honest1
.png>
Package pdftex.def Info: /Users/anzony.quisperojas/Library/CloudStorage/Dropbox
/sa_fires/proj_bureaucrats_farms/tex/paper/figures/stacked_event_study_balanced
_rural_riceP_honest1.png  used on input line 328.
(pdftex.def)             Requested size: 237.63522pt x 118.81468pt.
</Users/anzony.quisperojas/Library/CloudStorage/Dropbox/sa_fires/proj_bureaucra
ts_farms/tex/paper/figures/stacked_event_study_balanced_rural_riceP_rot_honest1
.png, id=313, 578.16pt x 289.08pt>
File: /Users/anzony.quisperojas/Library/CloudStorage/Dropbox/sa_fires/proj_bure
aucrats_farms/tex/paper/figures/stacked_event_study_balanced_rural_riceP_rot_ho
nest1.png Graphic file (type png)
<use /Users/anzony.quisperojas/Library/CloudStorage/Dropbox/sa_fires/proj_burea
ucrats_farms/tex/paper/figures/stacked_event_study_balanced_rural_riceP_rot_hon
est1.png>
Package pdftex.def Info: /Users/anzony.quisperojas/Library/CloudStorage/Dropbox
/sa_fires/proj_bureaucrats_farms/tex/paper/figures/stacked_event_study_balanced
_rural_riceP_rot_honest1.png  used on input line 328.
(pdftex.def)             Requested size: 237.63522pt x 118.81468pt.
</Users/anzony.quisperojas/Library/CloudStorage/Dropbox/sa_fires/proj_bureaucra
ts_farms/tex/paper/figures/stacked_event_study_balanced_pop_rural_riceP_ori.png
, id=314, 578.16pt x 289.08pt>
File: /Users/anzony.quisperojas/Library/CloudStorage/Dropbox/sa_fires/proj_bure
aucrats_farms/tex/paper/figures/stacked_event_study_balanced_pop_rural_riceP_or
i.png Graphic file (type png)
<use /Users/anzony.quisperojas/Library/CloudStorage/Dropbox/sa_fires/proj_burea
ucrats_farms/tex/paper/figures/stacked_event_study_balanced_pop_rural_riceP_ori
.png>
Package pdftex.def Info: /Users/anzony.quisperojas/Library/CloudStorage/Dropbox
/sa_fires/proj_bureaucrats_farms/tex/paper/figures/stacked_event_study_balanced
_pop_rural_riceP_ori.png  used on input line 330.
(pdftex.def)             Requested size: 237.63522pt x 118.81468pt.
</Users/anzony.quisperojas/Library/CloudStorage/Dropbox/sa_fires/proj_bureaucra
ts_farms/tex/paper/figures/stacked_event_study_balanced_pop_rural_riceP_rotated
.png, id=315, 578.16pt x 289.08pt>
File: /Users/anzony.quisperojas/Library/CloudStorage/Dropbox/sa_fires/proj_bure
aucrats_farms/tex/paper/figures/stacked_event_study_balanced_pop_rural_riceP_ro
tated.png Graphic file (type png)
<use /Users/anzony.quisperojas/Library/CloudStorage/Dropbox/sa_fires/proj_burea
ucrats_farms/tex/paper/figures/stacked_event_study_balanced_pop_rural_riceP_rot
ated.png>
Package pdftex.def Info: /Users/anzony.quisperojas/Library/CloudStorage/Dropbox
/sa_fires/proj_bureaucrats_farms/tex/paper/figures/stacked_event_study_balanced
_pop_rural_riceP_rotated.png  used on input line 330.
(pdftex.def)             Requested size: 237.63522pt x 118.81468pt.
</Users/anzony.quisperojas/Library/CloudStorage/Dropbox/sa_fires/proj_bureaucra
ts_farms/tex/paper/figures/stacked_event_study_balanced_pop_rural_riceP_honest1
.png, id=316, 578.16pt x 289.08pt>
File: /Users/anzony.quisperojas/Library/CloudStorage/Dropbox/sa_fires/proj_bure
aucrats_farms/tex/paper/figures/stacked_event_study_balanced_pop_rural_riceP_ho
nest1.png Graphic file (type png)
<use /Users/anzony.quisperojas/Library/CloudStorage/Dropbox/sa_fires/proj_burea
ucrats_farms/tex/paper/figures/stacked_event_study_balanced_pop_rural_riceP_hon
est1.png>
Package pdftex.def Info: /Users/anzony.quisperojas/Library/CloudStorage/Dropbox
/sa_fires/proj_bureaucrats_farms/tex/paper/figures/stacked_event_study_balanced
_pop_rural_riceP_honest1.png  used on input line 330.
(pdftex.def)             Requested size: 237.63522pt x 118.81468pt.
</Users/anzony.quisperojas/Library/CloudStorage/Dropbox/sa_fires/proj_bureaucra
ts_farms/tex/paper/figures/stacked_event_study_balanced_pop_rural_riceP_rot_hon
est1.png, id=317, 578.16pt x 289.08pt>
File: /Users/anzony.quisperojas/Library/CloudStorage/Dropbox/sa_fires/proj_bure
aucrats_farms/tex/paper/figures/stacked_event_study_balanced_pop_rural_riceP_ro
t_honest1.png Graphic file (type png)
<use /Users/anzony.quisperojas/Library/CloudStorage/Dropbox/sa_fires/proj_burea
ucrats_farms/tex/paper/figures/stacked_event_study_balanced_pop_rural_riceP_rot
_honest1.png>
Package pdftex.def Info: /Users/anzony.quisperojas/Library/CloudStorage/Dropbox
/sa_fires/proj_bureaucrats_farms/tex/paper/figures/stacked_event_study_balanced
_pop_rural_riceP_rot_honest1.png  used on input line 330.
(pdftex.def)             Requested size: 237.63522pt x 118.81468pt.
 [19

 </Users/anzony.quisperojas/Library/CloudStorage/Dropbox/sa_fires/proj_bureaucr
ats_farms/tex/paper/figures/stacked_event_study_balanced_rural_riceP_ori.png> <
/Users/anzony.quisperojas/Library/CloudStorage/Dropbox/sa_fires/proj_bureaucrat
s_farms/tex/paper/figures/stacked_event_study_balanced_rural_riceP_rotated.png>
 </Users/anzony.quisperojas/Library/CloudStorage/Dropbox/sa_fires/proj_bureaucr
ats_farms/tex/paper/figures/stacked_event_study_balanced_rural_riceP_honest1.pn
g> </Users/anzony.quisperojas/Library/CloudStorage/Dropbox/sa_fires/proj_bureau
crats_farms/tex/paper/figures/stacked_event_study_balanced_rural_riceP_rot_hone
st1.png> </Users/anzony.quisperojas/Library/CloudStorage/Dropbox/sa_fires/proj_
bureaucrats_farms/tex/paper/figures/stacked_event_study_balanced_pop_rural_rice
P_ori.png> </Users/anzony.quisperojas/Library/CloudStorage/Dropbox/sa_fires/pro
j_bureaucrats_farms/tex/paper/figures/stacked_event_study_balanced_pop_rural_ri
ceP_rotated.png> </Users/anzony.quisperojas/Library/CloudStorage/Dropbox/sa_fir
es/proj_bureaucrats_farms/tex/paper/figures/stacked_event_study_balanced_pop_ru
ral_riceP_honest1.png> </Users/anzony.quisperojas/Library/CloudStorage/Dropbox/
sa_fires/proj_bureaucrats_farms/tex/paper/figures/stacked_event_study_balanced_
pop_rural_riceP_rot_honest1.png>]
Overfull \hbox (33.3288pt too wide) in paragraph at lines 339--347
\OT1/cmr/m/n/10.95 Columns within each row: \OT1/cmtt/m/n/10.95 downup[]ac \OT1
/cmr/m/n/10.95 no ac$\OMS/cmsy/m/n/10.95 ^^B$\OT1/cmr/m/n/10.95 monthyear FE $\
OMS/cmsy/m/n/10.95 j$ \OT1/cmtt/m/n/10.95 downup[]ac \OT1/cmr/m/n/10.95 with ac
$\OMS/cmsy/m/n/10.95 ^^B$\OT1/cmr/m/n/10.95 monthyear FE $\OMS/cmsy/m/n/10.95 j
$ \OT1/cmtt/m/n/10.95 downup[]ac[]pop
 []

</Users/anzony.quisperojas/Library/CloudStorage/Dropbox/sa_fires/proj_bureaucra
ts_farms/tex/paper/figures/dCDH_downup_ac_noreset_notrend.png, id=324, 505.89pt
 x 325.215pt>
File: /Users/anzony.quisperojas/Library/CloudStorage/Dropbox/sa_fires/proj_bure
aucrats_farms/tex/paper/figures/dCDH_downup_ac_noreset_notrend.png Graphic file
 (type png)
<use /Users/anzony.quisperojas/Library/CloudStorage/Dropbox/sa_fires/proj_burea
ucrats_farms/tex/paper/figures/dCDH_downup_ac_noreset_notrend.png>
Package pdftex.def Info: /Users/anzony.quisperojas/Library/CloudStorage/Dropbox
/sa_fires/proj_bureaucrats_farms/tex/paper/figures/dCDH_downup_ac_noreset_notre
nd.png  used on input line 352.
(pdftex.def)             Requested size: 121.29163pt x 77.97379pt.
</Users/anzony.quisperojas/Library/CloudStorage/Dropbox/sa_fires/proj_bureaucra
ts_farms/tex/paper/figures/dCDH_downup_ac_noreset_actrend.png, id=325, 505.89pt
 x 325.215pt>
File: /Users/anzony.quisperojas/Library/CloudStorage/Dropbox/sa_fires/proj_bure
aucrats_farms/tex/paper/figures/dCDH_downup_ac_noreset_actrend.png Graphic file
 (type png)
<use /Users/anzony.quisperojas/Library/CloudStorage/Dropbox/sa_fires/proj_burea
ucrats_farms/tex/paper/figures/dCDH_downup_ac_noreset_actrend.png>
Package pdftex.def Info: /Users/anzony.quisperojas/Library/CloudStorage/Dropbox
/sa_fires/proj_bureaucrats_farms/tex/paper/figures/dCDH_downup_ac_noreset_actre
nd.png  used on input line 353.
(pdftex.def)             Requested size: 121.29163pt x 77.97379pt.
</Users/anzony.quisperojas/Library/CloudStorage/Dropbox/sa_fires/proj_bureaucra
ts_farms/tex/paper/figures/dCDH_downup_ac_pop_noreset_notrend.png, id=326, 505.
89pt x 325.215pt>
File: /Users/anzony.quisperojas/Library/CloudStorage/Dropbox/sa_fires/proj_bure
aucrats_farms/tex/paper/figures/dCDH_downup_ac_pop_noreset_notrend.png Graphic 
file (type png)
<use /Users/anzony.quisperojas/Library/CloudStorage/Dropbox/sa_fires/proj_burea
ucrats_farms/tex/paper/figures/dCDH_downup_ac_pop_noreset_notrend.png>
Package pdftex.def Info: /Users/anzony.quisperojas/Library/CloudStorage/Dropbox
/sa_fires/proj_bureaucrats_farms/tex/paper/figures/dCDH_downup_ac_pop_noreset_n
otrend.png  used on input line 354.
(pdftex.def)             Requested size: 121.29163pt x 77.97379pt.

Underfull \hbox (badness 10000) in paragraph at lines 354--354
[]|\OT1/cmtt/m/n/8 downup[]ac[]pop\OT1/cmr/m/n/8 , no
 []

</Users/anzony.quisperojas/Library/CloudStorage/Dropbox/sa_fires/proj_bureaucra
ts_farms/tex/paper/figures/dCDH_downup_ac_pop_noreset_actrend.png, id=327, 505.
89pt x 325.215pt>
File: /Users/anzony.quisperojas/Library/CloudStorage/Dropbox/sa_fires/proj_bure
aucrats_farms/tex/paper/figures/dCDH_downup_ac_pop_noreset_actrend.png Graphic 
file (type png)
<use /Users/anzony.quisperojas/Library/CloudStorage/Dropbox/sa_fires/proj_burea
ucrats_farms/tex/paper/figures/dCDH_downup_ac_pop_noreset_actrend.png>
Package pdftex.def Info: /Users/anzony.quisperojas/Library/CloudStorage/Dropbox
/sa_fires/proj_bureaucrats_farms/tex/paper/figures/dCDH_downup_ac_pop_noreset_a
ctrend.png  used on input line 355.
(pdftex.def)             Requested size: 121.29163pt x 77.97379pt.

Underfull \hbox (badness 10000) in paragraph at lines 355--355
[]|\OT1/cmtt/m/n/8 downup[]ac[]pop\OT1/cmr/m/n/8 , with
 []

</Users/anzony.quisperojas/Library/CloudStorage/Dropbox/sa_fires/proj_bureaucra
ts_farms/tex/paper/figures/dCDH_downup_ac_reset6_notrend.png, id=328, 505.89pt 
x 325.215pt>
File: /Users/anzony.quisperojas/Library/CloudStorage/Dropbox/sa_fires/proj_bure
aucrats_farms/tex/paper/figures/dCDH_downup_ac_reset6_notrend.png Graphic file 
(type png)
<use /Users/anzony.quisperojas/Library/CloudStorage/Dropbox/sa_fires/proj_burea
ucrats_farms/tex/paper/figures/dCDH_downup_ac_reset6_notrend.png>
Package pdftex.def Info: /Users/anzony.quisperojas/Library/CloudStorage/Dropbox
/sa_fires/proj_bureaucrats_farms/tex/paper/figures/dCDH_downup_ac_reset6_notren
d.png  used on input line 364.
(pdftex.def)             Requested size: 121.29163pt x 77.97379pt.
</Users/anzony.quisperojas/Library/CloudStorage/Dropbox/sa_fires/proj_bureaucra
ts_farms/tex/paper/figures/dCDH_downup_ac_reset6_actrend.png, id=329, 505.89pt 
x 325.215pt>
File: /Users/anzony.quisperojas/Library/CloudStorage/Dropbox/sa_fires/proj_bure
aucrats_farms/tex/paper/figures/dCDH_downup_ac_reset6_actrend.png Graphic file 
(type png)
<use /Users/anzony.quisperojas/Library/CloudStorage/Dropbox/sa_fires/proj_burea
ucrats_farms/tex/paper/figures/dCDH_downup_ac_reset6_actrend.png>
Package pdftex.def Info: /Users/anzony.quisperojas/Library/CloudStorage/Dropbox
/sa_fires/proj_bureaucrats_farms/tex/paper/figures/dCDH_downup_ac_reset6_actren
d.png  used on input line 365.
(pdftex.def)             Requested size: 121.29163pt x 77.97379pt.
</Users/anzony.quisperojas/Library/CloudStorage/Dropbox/sa_fires/proj_bureaucra
ts_farms/tex/paper/figures/dCDH_downup_ac_pop_reset6_notrend.png, id=330, 505.8
9pt x 325.215pt>
File: /Users/anzony.quisperojas/Library/CloudStorage/Dropbox/sa_fires/proj_bure
aucrats_farms/tex/paper/figures/dCDH_downup_ac_pop_reset6_notrend.png Graphic f
ile (type png)
<use /Users/anzony.quisperojas/Library/CloudStorage/Dropbox/sa_fires/proj_burea
ucrats_farms/tex/paper/figures/dCDH_downup_ac_pop_reset6_notrend.png>
Package pdftex.def Info: /Users/anzony.quisperojas/Library/CloudStorage/Dropbox
/sa_fires/proj_bureaucrats_farms/tex/paper/figures/dCDH_downup_ac_pop_reset6_no
trend.png  used on input line 366.
(pdftex.def)             Requested size: 121.29163pt x 77.97379pt.

Underfull \hbox (badness 10000) in paragraph at lines 366--366
[]|\OT1/cmtt/m/n/8 downup[]ac[]pop\OT1/cmr/m/n/8 , no
 []

</Users/anzony.quisperojas/Library/CloudStorage/Dropbox/sa_fires/proj_bureaucra
ts_farms/tex/paper/figures/dCDH_downup_ac_pop_reset6_actrend.png, id=331, 505.8
9pt x 325.215pt>
File: /Users/anzony.quisperojas/Library/CloudStorage/Dropbox/sa_fires/proj_bure
aucrats_farms/tex/paper/figures/dCDH_downup_ac_pop_reset6_actrend.png Graphic f
ile (type png)
<use /Users/anzony.quisperojas/Library/CloudStorage/Dropbox/sa_fires/proj_burea
ucrats_farms/tex/paper/figures/dCDH_downup_ac_pop_reset6_actrend.png>
Package pdftex.def Info: /Users/anzony.quisperojas/Library/CloudStorage/Dropbox
/sa_fires/proj_bureaucrats_farms/tex/paper/figures/dCDH_downup_ac_pop_reset6_ac
trend.png  used on input line 367.
(pdftex.def)             Requested size: 121.29163pt x 77.97379pt.

Underfull \hbox (badness 10000) in paragraph at lines 367--367
[]|\OT1/cmtt/m/n/8 downup[]ac[]pop\OT1/cmr/m/n/8 , with
 []

</Users/anzony.quisperojas/Library/CloudStorage/Dropbox/sa_fires/proj_bureaucra
ts_farms/tex/paper/figures/dCDH_downup_ac_reset12_notrend.png, id=332, 505.89pt
 x 325.215pt>
File: /Users/anzony.quisperojas/Library/CloudStorage/Dropbox/sa_fires/proj_bure
aucrats_farms/tex/paper/figures/dCDH_downup_ac_reset12_notrend.png Graphic file
 (type png)
<use /Users/anzony.quisperojas/Library/CloudStorage/Dropbox/sa_fires/proj_burea
ucrats_farms/tex/paper/figures/dCDH_downup_ac_reset12_notrend.png>
Package pdftex.def Info: /Users/anzony.quisperojas/Library/CloudStorage/Dropbox
/sa_fires/proj_bureaucrats_farms/tex/paper/figures/dCDH_downup_ac_reset12_notre
nd.png  used on input line 376.
(pdftex.def)             Requested size: 121.29163pt x 77.97379pt.
</Users/anzony.quisperojas/Library/CloudStorage/Dropbox/sa_fires/proj_bureaucra
ts_farms/tex/paper/figures/dCDH_downup_ac_reset12_actrend.png, id=333, 505.89pt
 x 325.215pt>
File: /Users/anzony.quisperojas/Library/CloudStorage/Dropbox/sa_fires/proj_bure
aucrats_farms/tex/paper/figures/dCDH_downup_ac_reset12_actrend.png Graphic file
 (type png)
<use /Users/anzony.quisperojas/Library/CloudStorage/Dropbox/sa_fires/proj_burea
ucrats_farms/tex/paper/figures/dCDH_downup_ac_reset12_actrend.png>
Package pdftex.def Info: /Users/anzony.quisperojas/Library/CloudStorage/Dropbox
/sa_fires/proj_bureaucrats_farms/tex/paper/figures/dCDH_downup_ac_reset12_actre
nd.png  used on input line 377.
(pdftex.def)             Requested size: 121.29163pt x 77.97379pt.
</Users/anzony.quisperojas/Library/CloudStorage/Dropbox/sa_fires/proj_bureaucra
ts_farms/tex/paper/figures/dCDH_downup_ac_pop_reset12_notrend.png, id=334, 505.
89pt x 325.215pt>
File: /Users/anzony.quisperojas/Library/CloudStorage/Dropbox/sa_fires/proj_bure
aucrats_farms/tex/paper/figures/dCDH_downup_ac_pop_reset12_notrend.png Graphic 
file (type png)
<use /Users/anzony.quisperojas/Library/CloudStorage/Dropbox/sa_fires/proj_burea
ucrats_farms/tex/paper/figures/dCDH_downup_ac_pop_reset12_notrend.png>
Package pdftex.def Info: /Users/anzony.quisperojas/Library/CloudStorage/Dropbox
/sa_fires/proj_bureaucrats_farms/tex/paper/figures/dCDH_downup_ac_pop_reset12_n
otrend.png  used on input line 378.
(pdftex.def)             Requested size: 121.29163pt x 77.97379pt.

Underfull \hbox (badness 10000) in paragraph at lines 378--378
[]|\OT1/cmtt/m/n/8 downup[]ac[]pop\OT1/cmr/m/n/8 , no
 []

</Users/anzony.quisperojas/Library/CloudStorage/Dropbox/sa_fires/proj_bureaucra
ts_farms/tex/paper/figures/dCDH_downup_ac_pop_reset12_actrend.png, id=335, 505.
89pt x 325.215pt>
File: /Users/anzony.quisperojas/Library/CloudStorage/Dropbox/sa_fires/proj_bure
aucrats_farms/tex/paper/figures/dCDH_downup_ac_pop_reset12_actrend.png Graphic 
file (type png)
<use /Users/anzony.quisperojas/Library/CloudStorage/Dropbox/sa_fires/proj_burea
ucrats_farms/tex/paper/figures/dCDH_downup_ac_pop_reset12_actrend.png>
Package pdftex.def Info: /Users/anzony.quisperojas/Library/CloudStorage/Dropbox
/sa_fires/proj_bureaucrats_farms/tex/paper/figures/dCDH_downup_ac_pop_reset12_a
ctrend.png  used on input line 379.
(pdftex.def)             Requested size: 121.29163pt x 77.97379pt.

Underfull \hbox (badness 10000) in paragraph at lines 379--379
[]|\OT1/cmtt/m/n/8 downup[]ac[]pop\OT1/cmr/m/n/8 , with
 []

[20

 </Users/anzony.quisperojas/Library/CloudStorage/Dropbox/sa_fires/proj_bureaucr
ats_farms/tex/paper/figures/dCDH_downup_ac_noreset_notrend.png> </Users/anzony.
quisperojas/Library/CloudStorage/Dropbox/sa_fires/proj_bureaucrats_farms/tex/pa
per/figures/dCDH_downup_ac_noreset_actrend.png> </Users/anzony.quisperojas/Libr
ary/CloudStorage/Dropbox/sa_fires/proj_bureaucrats_farms/tex/paper/figures/dCDH
_downup_ac_pop_noreset_notrend.png> </Users/anzony.quisperojas/Library/CloudSto
rage/Dropbox/sa_fires/proj_bureaucrats_farms/tex/paper/figures/dCDH_downup_ac_p
op_noreset_actrend.png> </Users/anzony.quisperojas/Library/CloudStorage/Dropbox
/sa_fires/proj_bureaucrats_farms/tex/paper/figures/dCDH_downup_ac_reset6_notren
d.png> </Users/anzony.quisperojas/Library/CloudStorage/Dropbox/sa_fires/proj_bu
reaucrats_farms/tex/paper/figures/dCDH_downup_ac_reset6_actrend.png> </Users/an
zony.quisperojas/Library/CloudStorage/Dropbox/sa_fires/proj_bureaucrats_farms/t
ex/paper/figures/dCDH_downup_ac_pop_reset6_notrend.png> </Users/anzony.quispero
jas/Library/CloudStorage/Dropbox/sa_fires/proj_bureaucrats_farms/tex/paper/figu
res/dCDH_downup_ac_pop_reset6_actrend.png> </Users/anzony.quisperojas/Library/C
loudStorage/Dropbox/sa_fires/proj_bureaucrats_farms/tex/paper/figures/dCDH_down
up_ac_reset12_notrend.png> </Users/anzony.quisperojas/Library/CloudStorage/Drop
box/sa_fires/proj_bureaucrats_farms/tex/paper/figures/dCDH_downup_ac_reset12_ac
trend.png> </Users/anzony.quisperojas/Library/CloudStorage/Dropbox/sa_fires/pro
j_bureaucrats_farms/tex/paper/figures/dCDH_downup_ac_pop_reset12_notrend.png> <
/Users/anzony.quisperojas/Library/CloudStorage/Dropbox/sa_fires/proj_bureaucrat
s_farms/tex/paper/figures/dCDH_downup_ac_pop_reset12_actrend.png>]
Overfull \hbox (83.8274pt too wide) in paragraph at lines 389--393
\OT1/cmr/m/n/10.95 Source: []\OT1/cmtt/m/n/10.95 replication[]rural/plotting[]e
vent[]studies.R \OT1/cmr/m/n/10.95 and []\OT1/cmtt/m/n/10.95 replication[]rural
[]acpop/plotting[]event[]studies.R\OT1/cmr/m/n/10.95 .
 []

</Users/anzony.quisperojas/Library/CloudStorage/Dropbox/sa_fires/proj_bureaucra
ts_farms/tex/paper/figures/_app_16_polischar_fe12_evst_all_rural_1_ori.png, id=
344, 578.16pt x 289.08pt>
File: /Users/anzony.quisperojas/Library/CloudStorage/Dropbox/sa_fires/proj_bure
aucrats_farms/tex/paper/figures/_app_16_polischar_fe12_evst_all_rural_1_ori.png
 Graphic file (type png)
<use /Users/anzony.quisperojas/Library/CloudStorage/Dropbox/sa_fires/proj_burea
ucrats_farms/tex/paper/figures/_app_16_polischar_fe12_evst_all_rural_1_ori.png>

Package pdftex.def Info: /Users/anzony.quisperojas/Library/CloudStorage/Dropbox
/sa_fires/proj_bureaucrats_farms/tex/paper/figures/_app_16_polischar_fe12_evst_
all_rural_1_ori.png  used on input line 398.
(pdftex.def)             Requested size: 237.63522pt x 118.81468pt.
</Users/anzony.quisperojas/Library/CloudStorage/Dropbox/sa_fires/proj_bureaucra
ts_farms/tex/paper/figures/_app_16_polischar_fe12_evst_all_rural_1_rotated.png,
 id=345, 578.16pt x 289.08pt>
File: /Users/anzony.quisperojas/Library/CloudStorage/Dropbox/sa_fires/proj_bure
aucrats_farms/tex/paper/figures/_app_16_polischar_fe12_evst_all_rural_1_rotated
.png Graphic file (type png)
<use /Users/anzony.quisperojas/Library/CloudStorage/Dropbox/sa_fires/proj_burea
ucrats_farms/tex/paper/figures/_app_16_polischar_fe12_evst_all_rural_1_rotated.
png>
Package pdftex.def Info: /Users/anzony.quisperojas/Library/CloudStorage/Dropbox
/sa_fires/proj_bureaucrats_farms/tex/paper/figures/_app_16_polischar_fe12_evst_
all_rural_1_rotated.png  used on input line 398.
(pdftex.def)             Requested size: 237.63522pt x 118.81468pt.
</Users/anzony.quisperojas/Library/CloudStorage/Dropbox/sa_fires/proj_bureaucra
ts_farms/tex/paper/figures/_app_16_polischar_fe12_evst_all_rural_1_honest1.png,
 id=346, 578.16pt x 289.08pt>
File: /Users/anzony.quisperojas/Library/CloudStorage/Dropbox/sa_fires/proj_bure
aucrats_farms/tex/paper/figures/_app_16_polischar_fe12_evst_all_rural_1_honest1
.png Graphic file (type png)
<use /Users/anzony.quisperojas/Library/CloudStorage/Dropbox/sa_fires/proj_burea
ucrats_farms/tex/paper/figures/_app_16_polischar_fe12_evst_all_rural_1_honest1.
png>
Package pdftex.def Info: /Users/anzony.quisperojas/Library/CloudStorage/Dropbox
/sa_fires/proj_bureaucrats_farms/tex/paper/figures/_app_16_polischar_fe12_evst_
all_rural_1_honest1.png  used on input line 398.
(pdftex.def)             Requested size: 237.63522pt x 118.81468pt.
</Users/anzony.quisperojas/Library/CloudStorage/Dropbox/sa_fires/proj_bureaucra
ts_farms/tex/paper/figures/_app_16_polischar_fe12_evst_all_rural_1_rot_honest1.
png, id=347, 578.16pt x 289.08pt>
File: /Users/anzony.quisperojas/Library/CloudStorage/Dropbox/sa_fires/proj_bure
aucrats_farms/tex/paper/figures/_app_16_polischar_fe12_evst_all_rural_1_rot_hon
est1.png Graphic file (type png)
<use /Users/anzony.quisperojas/Library/CloudStorage/Dropbox/sa_fires/proj_burea
ucrats_farms/tex/paper/figures/_app_16_polischar_fe12_evst_all_rural_1_rot_hone
st1.png>
Package pdftex.def Info: /Users/anzony.quisperojas/Library/CloudStorage/Dropbox
/sa_fires/proj_bureaucrats_farms/tex/paper/figures/_app_16_polischar_fe12_evst_
all_rural_1_rot_honest1.png  used on input line 398.
(pdftex.def)             Requested size: 237.63522pt x 118.81468pt.
</Users/anzony.quisperojas/Library/CloudStorage/Dropbox/sa_fires/proj_bureaucra
ts_farms/tex/paper/figures/_app_16_polischar_fe12_evst_all_rural_acpop_1_ori.pn
g, id=348, 578.16pt x 289.08pt>
File: /Users/anzony.quisperojas/Library/CloudStorage/Dropbox/sa_fires/proj_bure
aucrats_farms/tex/paper/figures/_app_16_polischar_fe12_evst_all_rural_acpop_1_o
ri.png Graphic file (type png)
<use /Users/anzony.quisperojas/Library/CloudStorage/Dropbox/sa_fires/proj_burea
ucrats_farms/tex/paper/figures/_app_16_polischar_fe12_evst_all_rural_acpop_1_or
i.png>
Package pdftex.def Info: /Users/anzony.quisperojas/Library/CloudStorage/Dropbox
/sa_fires/proj_bureaucrats_farms/tex/paper/figures/_app_16_polischar_fe12_evst_
all_rural_acpop_1_ori.png  used on input line 400.
(pdftex.def)             Requested size: 237.63522pt x 118.81468pt.
</Users/anzony.quisperojas/Library/CloudStorage/Dropbox/sa_fires/proj_bureaucra
ts_farms/tex/paper/figures/_app_16_polischar_fe12_evst_all_rural_acpop_1_rotate
d.png, id=349, 578.16pt x 289.08pt>
File: /Users/anzony.quisperojas/Library/CloudStorage/Dropbox/sa_fires/proj_bure
aucrats_farms/tex/paper/figures/_app_16_polischar_fe12_evst_all_rural_acpop_1_r
otated.png Graphic file (type png)
<use /Users/anzony.quisperojas/Library/CloudStorage/Dropbox/sa_fires/proj_burea
ucrats_farms/tex/paper/figures/_app_16_polischar_fe12_evst_all_rural_acpop_1_ro
tated.png>
Package pdftex.def Info: /Users/anzony.quisperojas/Library/CloudStorage/Dropbox
/sa_fires/proj_bureaucrats_farms/tex/paper/figures/_app_16_polischar_fe12_evst_
all_rural_acpop_1_rotated.png  used on input line 400.
(pdftex.def)             Requested size: 237.63522pt x 118.81468pt.
</Users/anzony.quisperojas/Library/CloudStorage/Dropbox/sa_fires/proj_bureaucra
ts_farms/tex/paper/figures/_app_16_polischar_fe12_evst_all_rural_acpop_1_honest
1.png, id=350, 578.16pt x 289.08pt>
File: /Users/anzony.quisperojas/Library/CloudStorage/Dropbox/sa_fires/proj_bure
aucrats_farms/tex/paper/figures/_app_16_polischar_fe12_evst_all_rural_acpop_1_h
onest1.png Graphic file (type png)
<use /Users/anzony.quisperojas/Library/CloudStorage/Dropbox/sa_fires/proj_burea
ucrats_farms/tex/paper/figures/_app_16_polischar_fe12_evst_all_rural_acpop_1_ho
nest1.png>
Package pdftex.def Info: /Users/anzony.quisperojas/Library/CloudStorage/Dropbox
/sa_fires/proj_bureaucrats_farms/tex/paper/figures/_app_16_polischar_fe12_evst_
all_rural_acpop_1_honest1.png  used on input line 400.
(pdftex.def)             Requested size: 237.63522pt x 118.81468pt.
</Users/anzony.quisperojas/Library/CloudStorage/Dropbox/sa_fires/proj_bureaucra
ts_farms/tex/paper/figures/_app_16_polischar_fe12_evst_all_rural_acpop_1_rot_ho
nest1.png, id=351, 578.16pt x 289.08pt>
File: /Users/anzony.quisperojas/Library/CloudStorage/Dropbox/sa_fires/proj_bure
aucrats_farms/tex/paper/figures/_app_16_polischar_fe12_evst_all_rural_acpop_1_r
ot_honest1.png Graphic file (type png)
<use /Users/anzony.quisperojas/Library/CloudStorage/Dropbox/sa_fires/proj_burea
ucrats_farms/tex/paper/figures/_app_16_polischar_fe12_evst_all_rural_acpop_1_ro
t_honest1.png>
Package pdftex.def Info: /Users/anzony.quisperojas/Library/CloudStorage/Dropbox
/sa_fires/proj_bureaucrats_farms/tex/paper/figures/_app_16_polischar_fe12_evst_
all_rural_acpop_1_rot_honest1.png  used on input line 400.
(pdftex.def)             Requested size: 237.63522pt x 118.81468pt.
[21

 </Users/anzony.quisperojas/Library/CloudStorage/Dropbox/sa_fires/proj_bureaucr
ats_farms/tex/paper/figures/_app_16_polischar_fe12_evst_all_rural_1_ori.png> </
Users/anzony.quisperojas/Library/CloudStorage/Dropbox/sa_fires/proj_bureaucrats
_farms/tex/paper/figures/_app_16_polischar_fe12_evst_all_rural_1_rotated.png> <
/Users/anzony.quisperojas/Library/CloudStorage/Dropbox/sa_fires/proj_bureaucrat
s_farms/tex/paper/figures/_app_16_polischar_fe12_evst_all_rural_1_honest1.png> 
</Users/anzony.quisperojas/Library/CloudStorage/Dropbox/sa_fires/proj_bureaucra
ts_farms/tex/paper/figures/_app_16_polischar_fe12_evst_all_rural_1_rot_honest1.
png> </Users/anzony.quisperojas/Library/CloudStorage/Dropbox/sa_fires/proj_bure
aucrats_farms/tex/paper/figures/_app_16_polischar_fe12_evst_all_rural_acpop_1_o
ri.png> </Users/anzony.quisperojas/Library/CloudStorage/Dropbox/sa_fires/proj_b
ureaucrats_farms/tex/paper/figures/_app_16_polischar_fe12_evst_all_rural_acpop_
1_rotated.png> </Users/anzony.quisperojas/Library/CloudStorage/Dropbox/sa_fires
/proj_bureaucrats_farms/tex/paper/figures/_app_16_polischar_fe12_evst_all_rural
_acpop_1_honest1.png> </Users/anzony.quisperojas/Library/CloudStorage/Dropbox/s
a_fires/proj_bureaucrats_farms/tex/paper/figures/_app_16_polischar_fe12_evst_al
l_rural_acpop_1_rot_honest1.png>]
</Users/anzony.quisperojas/Library/CloudStorage/Dropbox/sa_fires/proj_bureaucra
ts_farms/tex/paper/figures/_app_16_polischar_fe12_evst_all_rural_downup_2_ori.p
ng, id=358, 578.16pt x 289.08pt>
File: /Users/anzony.quisperojas/Library/CloudStorage/Dropbox/sa_fires/proj_bure
aucrats_farms/tex/paper/figures/_app_16_polischar_fe12_evst_all_rural_downup_2_
ori.png Graphic file (type png)
<use /Users/anzony.quisperojas/Library/CloudStorage/Dropbox/sa_fires/proj_burea
ucrats_farms/tex/paper/figures/_app_16_polischar_fe12_evst_all_rural_downup_2_o
ri.png>
Package pdftex.def Info: /Users/anzony.quisperojas/Library/CloudStorage/Dropbox
/sa_fires/proj_bureaucrats_farms/tex/paper/figures/_app_16_polischar_fe12_evst_
all_rural_downup_2_ori.png  used on input line 409.
(pdftex.def)             Requested size: 237.63522pt x 118.81468pt.
</Users/anzony.quisperojas/Library/CloudStorage/Dropbox/sa_fires/proj_bureaucra
ts_farms/tex/paper/figures/_app_16_polischar_fe12_evst_all_rural_downup_2_rotat
ed.png, id=359, 578.16pt x 289.08pt>
File: /Users/anzony.quisperojas/Library/CloudStorage/Dropbox/sa_fires/proj_bure
aucrats_farms/tex/paper/figures/_app_16_polischar_fe12_evst_all_rural_downup_2_
rotated.png Graphic file (type png)
<use /Users/anzony.quisperojas/Library/CloudStorage/Dropbox/sa_fires/proj_burea
ucrats_farms/tex/paper/figures/_app_16_polischar_fe12_evst_all_rural_downup_2_r
otated.png>
Package pdftex.def Info: /Users/anzony.quisperojas/Library/CloudStorage/Dropbox
/sa_fires/proj_bureaucrats_farms/tex/paper/figures/_app_16_polischar_fe12_evst_
all_rural_downup_2_rotated.png  used on input line 409.
(pdftex.def)             Requested size: 237.63522pt x 118.81468pt.
</Users/anzony.quisperojas/Library/CloudStorage/Dropbox/sa_fires/proj_bureaucra
ts_farms/tex/paper/figures/_app_16_polischar_fe12_evst_all_rural_downup_2_hones
t1.png, id=360, 578.16pt x 289.08pt>
File: /Users/anzony.quisperojas/Library/CloudStorage/Dropbox/sa_fires/proj_bure
aucrats_farms/tex/paper/figures/_app_16_polischar_fe12_evst_all_rural_downup_2_
honest1.png Graphic file (type png)
<use /Users/anzony.quisperojas/Library/CloudStorage/Dropbox/sa_fires/proj_burea
ucrats_farms/tex/paper/figures/_app_16_polischar_fe12_evst_all_rural_downup_2_h
onest1.png>
Package pdftex.def Info: /Users/anzony.quisperojas/Library/CloudStorage/Dropbox
/sa_fires/proj_bureaucrats_farms/tex/paper/figures/_app_16_polischar_fe12_evst_
all_rural_downup_2_honest1.png  used on input line 409.
(pdftex.def)             Requested size: 237.63522pt x 118.81468pt.
</Users/anzony.quisperojas/Library/CloudStorage/Dropbox/sa_fires/proj_bureaucra
ts_farms/tex/paper/figures/_app_16_polischar_fe12_evst_all_rural_downup_2_rot_h
onest1.png, id=361, 578.16pt x 289.08pt>
File: /Users/anzony.quisperojas/Library/CloudStorage/Dropbox/sa_fires/proj_bure
aucrats_farms/tex/paper/figures/_app_16_polischar_fe12_evst_all_rural_downup_2_
rot_honest1.png Graphic file (type png)
<use /Users/anzony.quisperojas/Library/CloudStorage/Dropbox/sa_fires/proj_burea
ucrats_farms/tex/paper/figures/_app_16_polischar_fe12_evst_all_rural_downup_2_r
ot_honest1.png>
Package pdftex.def Info: /Users/anzony.quisperojas/Library/CloudStorage/Dropbox
/sa_fires/proj_bureaucrats_farms/tex/paper/figures/_app_16_polischar_fe12_evst_
all_rural_downup_2_rot_honest1.png  used on input line 409.
(pdftex.def)             Requested size: 237.63522pt x 118.81468pt.
</Users/anzony.quisperojas/Library/CloudStorage/Dropbox/sa_fires/proj_bureaucra
ts_farms/tex/paper/figures/_app_16_polischar_fe12_evst_all_rural_acpop_downup_2
_ori.png, id=362, 578.16pt x 289.08pt>
File: /Users/anzony.quisperojas/Library/CloudStorage/Dropbox/sa_fires/proj_bure
aucrats_farms/tex/paper/figures/_app_16_polischar_fe12_evst_all_rural_acpop_dow
nup_2_ori.png Graphic file (type png)
<use /Users/anzony.quisperojas/Library/CloudStorage/Dropbox/sa_fires/proj_burea
ucrats_farms/tex/paper/figures/_app_16_polischar_fe12_evst_all_rural_acpop_down
up_2_ori.png>
Package pdftex.def Info: /Users/anzony.quisperojas/Library/CloudStorage/Dropbox
/sa_fires/proj_bureaucrats_farms/tex/paper/figures/_app_16_polischar_fe12_evst_
all_rural_acpop_downup_2_ori.png  used on input line 411.
(pdftex.def)             Requested size: 237.63522pt x 118.81468pt.
</Users/anzony.quisperojas/Library/CloudStorage/Dropbox/sa_fires/proj_bureaucra
ts_farms/tex/paper/figures/_app_16_polischar_fe12_evst_all_rural_acpop_downup_2
_rotated.png, id=363, 578.16pt x 289.08pt>
File: /Users/anzony.quisperojas/Library/CloudStorage/Dropbox/sa_fires/proj_bure
aucrats_farms/tex/paper/figures/_app_16_polischar_fe12_evst_all_rural_acpop_dow
nup_2_rotated.png Graphic file (type png)
<use /Users/anzony.quisperojas/Library/CloudStorage/Dropbox/sa_fires/proj_burea
ucrats_farms/tex/paper/figures/_app_16_polischar_fe12_evst_all_rural_acpop_down
up_2_rotated.png>
Package pdftex.def Info: /Users/anzony.quisperojas/Library/CloudStorage/Dropbox
/sa_fires/proj_bureaucrats_farms/tex/paper/figures/_app_16_polischar_fe12_evst_
all_rural_acpop_downup_2_rotated.png  used on input line 411.
(pdftex.def)             Requested size: 237.63522pt x 118.81468pt.
</Users/anzony.quisperojas/Library/CloudStorage/Dropbox/sa_fires/proj_bureaucra
ts_farms/tex/paper/figures/_app_16_polischar_fe12_evst_all_rural_acpop_downup_2
_honest1.png, id=364, 578.16pt x 289.08pt>
File: /Users/anzony.quisperojas/Library/CloudStorage/Dropbox/sa_fires/proj_bure
aucrats_farms/tex/paper/figures/_app_16_polischar_fe12_evst_all_rural_acpop_dow
nup_2_honest1.png Graphic file (type png)
<use /Users/anzony.quisperojas/Library/CloudStorage/Dropbox/sa_fires/proj_burea
ucrats_farms/tex/paper/figures/_app_16_polischar_fe12_evst_all_rural_acpop_down
up_2_honest1.png>
Package pdftex.def Info: /Users/anzony.quisperojas/Library/CloudStorage/Dropbox
/sa_fires/proj_bureaucrats_farms/tex/paper/figures/_app_16_polischar_fe12_evst_
all_rural_acpop_downup_2_honest1.png  used on input line 411.
(pdftex.def)             Requested size: 237.63522pt x 118.81468pt.
</Users/anzony.quisperojas/Library/CloudStorage/Dropbox/sa_fires/proj_bureaucra
ts_farms/tex/paper/figures/_app_16_polischar_fe12_evst_all_rural_acpop_downup_2
_rot_honest1.png, id=365, 578.16pt x 289.08pt>
File: /Users/anzony.quisperojas/Library/CloudStorage/Dropbox/sa_fires/proj_bure
aucrats_farms/tex/paper/figures/_app_16_polischar_fe12_evst_all_rural_acpop_dow
nup_2_rot_honest1.png Graphic file (type png)
<use /Users/anzony.quisperojas/Library/CloudStorage/Dropbox/sa_fires/proj_burea
ucrats_farms/tex/paper/figures/_app_16_polischar_fe12_evst_all_rural_acpop_down
up_2_rot_honest1.png>
Package pdftex.def Info: /Users/anzony.quisperojas/Library/CloudStorage/Dropbox
/sa_fires/proj_bureaucrats_farms/tex/paper/figures/_app_16_polischar_fe12_evst_
all_rural_acpop_downup_2_rot_honest1.png  used on input line 411.
(pdftex.def)             Requested size: 237.63522pt x 118.81468pt.
 [22

 </Users/anzony.quisperojas/Library/CloudStorage/Dropbox/sa_fires/proj_bureaucr
ats_farms/tex/paper/figures/_app_16_polischar_fe12_evst_all_rural_downup_2_ori.
png> </Users/anzony.quisperojas/Library/CloudStorage/Dropbox/sa_fires/proj_bure
aucrats_farms/tex/paper/figures/_app_16_polischar_fe12_evst_all_rural_downup_2_
rotated.png> </Users/anzony.quisperojas/Library/CloudStorage/Dropbox/sa_fires/p
roj_bureaucrats_farms/tex/paper/figures/_app_16_polischar_fe12_evst_all_rural_d
ownup_2_honest1.png> </Users/anzony.quisperojas/Library/CloudStorage/Dropbox/sa
_fires/proj_bureaucrats_farms/tex/paper/figures/_app_16_polischar_fe12_evst_all
_rural_downup_2_rot_honest1.png> </Users/anzony.quisperojas/Library/CloudStorag
e/Dropbox/sa_fires/proj_bureaucrats_farms/tex/paper/figures/_app_16_polischar_f
e12_evst_all_rural_acpop_downup_2_ori.png> </Users/anzony.quisperojas/Library/C
loudStorage/Dropbox/sa_fires/proj_bureaucrats_farms/tex/paper/figures/_app_16_p
olischar_fe12_evst_all_rural_acpop_downup_2_rotated.png> </Users/anzony.quisper
ojas/Library/CloudStorage/Dropbox/sa_fires/proj_bureaucrats_farms/tex/paper/fig
ures/_app_16_polischar_fe12_evst_all_rural_acpop_downup_2_honest1.png> </Users/
anzony.quisperojas/Library/CloudStorage/Dropbox/sa_fires/proj_bureaucrats_farms
/tex/paper/figures/_app_16_polischar_fe12_evst_all_rural_acpop_downup_2_rot_hon
est1.png>]
</Users/anzony.quisperojas/Library/CloudStorage/Dropbox/sa_fires/proj_bureaucra
ts_farms/tex/paper/figures/_app_16_polischar_fe12_evst_all_rural_riceP_5_ori.pn
g, id=371, 578.16pt x 289.08pt>
File: /Users/anzony.quisperojas/Library/CloudStorage/Dropbox/sa_fires/proj_bure
aucrats_farms/tex/paper/figures/_app_16_polischar_fe12_evst_all_rural_riceP_5_o
ri.png Graphic file (type png)
<use /Users/anzony.quisperojas/Library/CloudStorage/Dropbox/sa_fires/proj_burea
ucrats_farms/tex/paper/figures/_app_16_polischar_fe12_evst_all_rural_riceP_5_or
i.png>
Package pdftex.def Info: /Users/anzony.quisperojas/Library/CloudStorage/Dropbox
/sa_fires/proj_bureaucrats_farms/tex/paper/figures/_app_16_polischar_fe12_evst_
all_rural_riceP_5_ori.png  used on input line 420.
(pdftex.def)             Requested size: 237.63522pt x 118.81468pt.
</Users/anzony.quisperojas/Library/CloudStorage/Dropbox/sa_fires/proj_bureaucra
ts_farms/tex/paper/figures/_app_16_polischar_fe12_evst_all_rural_riceP_5_rotate
d.png, id=372, 578.16pt x 289.08pt>
File: /Users/anzony.quisperojas/Library/CloudStorage/Dropbox/sa_fires/proj_bure
aucrats_farms/tex/paper/figures/_app_16_polischar_fe12_evst_all_rural_riceP_5_r
otated.png Graphic file (type png)
<use /Users/anzony.quisperojas/Library/CloudStorage/Dropbox/sa_fires/proj_burea
ucrats_farms/tex/paper/figures/_app_16_polischar_fe12_evst_all_rural_riceP_5_ro
tated.png>
Package pdftex.def Info: /Users/anzony.quisperojas/Library/CloudStorage/Dropbox
/sa_fires/proj_bureaucrats_farms/tex/paper/figures/_app_16_polischar_fe12_evst_
all_rural_riceP_5_rotated.png  used on input line 420.
(pdftex.def)             Requested size: 237.63522pt x 118.81468pt.
</Users/anzony.quisperojas/Library/CloudStorage/Dropbox/sa_fires/proj_bureaucra
ts_farms/tex/paper/figures/_app_16_polischar_fe12_evst_all_rural_riceP_5_honest
1.png, id=373, 578.16pt x 289.08pt>
File: /Users/anzony.quisperojas/Library/CloudStorage/Dropbox/sa_fires/proj_bure
aucrats_farms/tex/paper/figures/_app_16_polischar_fe12_evst_all_rural_riceP_5_h
onest1.png Graphic file (type png)
<use /Users/anzony.quisperojas/Library/CloudStorage/Dropbox/sa_fires/proj_burea
ucrats_farms/tex/paper/figures/_app_16_polischar_fe12_evst_all_rural_riceP_5_ho
nest1.png>
Package pdftex.def Info: /Users/anzony.quisperojas/Library/CloudStorage/Dropbox
/sa_fires/proj_bureaucrats_farms/tex/paper/figures/_app_16_polischar_fe12_evst_
all_rural_riceP_5_honest1.png  used on input line 420.
(pdftex.def)             Requested size: 237.63522pt x 118.81468pt.
</Users/anzony.quisperojas/Library/CloudStorage/Dropbox/sa_fires/proj_bureaucra
ts_farms/tex/paper/figures/_app_16_polischar_fe12_evst_all_rural_riceP_5_rot_ho
nest1.png, id=374, 578.16pt x 289.08pt>
File: /Users/anzony.quisperojas/Library/CloudStorage/Dropbox/sa_fires/proj_bure
aucrats_farms/tex/paper/figures/_app_16_polischar_fe12_evst_all_rural_riceP_5_r
ot_honest1.png Graphic file (type png)
<use /Users/anzony.quisperojas/Library/CloudStorage/Dropbox/sa_fires/proj_burea
ucrats_farms/tex/paper/figures/_app_16_polischar_fe12_evst_all_rural_riceP_5_ro
t_honest1.png>
Package pdftex.def Info: /Users/anzony.quisperojas/Library/CloudStorage/Dropbox
/sa_fires/proj_bureaucrats_farms/tex/paper/figures/_app_16_polischar_fe12_evst_
all_rural_riceP_5_rot_honest1.png  used on input line 420.
(pdftex.def)             Requested size: 237.63522pt x 118.81468pt.
</Users/anzony.quisperojas/Library/CloudStorage/Dropbox/sa_fires/proj_bureaucra
ts_farms/tex/paper/figures/_app_16_polischar_fe12_evst_all_rural_acpop_riceP_5_
ori.png, id=375, 578.16pt x 289.08pt>
File: /Users/anzony.quisperojas/Library/CloudStorage/Dropbox/sa_fires/proj_bure
aucrats_farms/tex/paper/figures/_app_16_polischar_fe12_evst_all_rural_acpop_ric
eP_5_ori.png Graphic file (type png)
<use /Users/anzony.quisperojas/Library/CloudStorage/Dropbox/sa_fires/proj_burea
ucrats_farms/tex/paper/figures/_app_16_polischar_fe12_evst_all_rural_acpop_rice
P_5_ori.png>
Package pdftex.def Info: /Users/anzony.quisperojas/Library/CloudStorage/Dropbox
/sa_fires/proj_bureaucrats_farms/tex/paper/figures/_app_16_polischar_fe12_evst_
all_rural_acpop_riceP_5_ori.png  used on input line 422.
(pdftex.def)             Requested size: 237.63522pt x 118.81468pt.
</Users/anzony.quisperojas/Library/CloudStorage/Dropbox/sa_fires/proj_bureaucra
ts_farms/tex/paper/figures/_app_16_polischar_fe12_evst_all_rural_acpop_riceP_5_
rotated.png, id=376, 578.16pt x 289.08pt>
File: /Users/anzony.quisperojas/Library/CloudStorage/Dropbox/sa_fires/proj_bure
aucrats_farms/tex/paper/figures/_app_16_polischar_fe12_evst_all_rural_acpop_ric
eP_5_rotated.png Graphic file (type png)
<use /Users/anzony.quisperojas/Library/CloudStorage/Dropbox/sa_fires/proj_burea
ucrats_farms/tex/paper/figures/_app_16_polischar_fe12_evst_all_rural_acpop_rice
P_5_rotated.png>
Package pdftex.def Info: /Users/anzony.quisperojas/Library/CloudStorage/Dropbox
/sa_fires/proj_bureaucrats_farms/tex/paper/figures/_app_16_polischar_fe12_evst_
all_rural_acpop_riceP_5_rotated.png  used on input line 422.
(pdftex.def)             Requested size: 237.63522pt x 118.81468pt.
</Users/anzony.quisperojas/Library/CloudStorage/Dropbox/sa_fires/proj_bureaucra
ts_farms/tex/paper/figures/_app_16_polischar_fe12_evst_all_rural_acpop_riceP_5_
honest1.png, id=377, 578.16pt x 289.08pt>
File: /Users/anzony.quisperojas/Library/CloudStorage/Dropbox/sa_fires/proj_bure
aucrats_farms/tex/paper/figures/_app_16_polischar_fe12_evst_all_rural_acpop_ric
eP_5_honest1.png Graphic file (type png)
<use /Users/anzony.quisperojas/Library/CloudStorage/Dropbox/sa_fires/proj_burea
ucrats_farms/tex/paper/figures/_app_16_polischar_fe12_evst_all_rural_acpop_rice
P_5_honest1.png>
Package pdftex.def Info: /Users/anzony.quisperojas/Library/CloudStorage/Dropbox
/sa_fires/proj_bureaucrats_farms/tex/paper/figures/_app_16_polischar_fe12_evst_
all_rural_acpop_riceP_5_honest1.png  used on input line 422.
(pdftex.def)             Requested size: 237.63522pt x 118.81468pt.
</Users/anzony.quisperojas/Library/CloudStorage/Dropbox/sa_fires/proj_bureaucra
ts_farms/tex/paper/figures/_app_16_polischar_fe12_evst_all_rural_acpop_riceP_5_
rot_honest1.png, id=378, 578.16pt x 289.08pt>
File: /Users/anzony.quisperojas/Library/CloudStorage/Dropbox/sa_fires/proj_bure
aucrats_farms/tex/paper/figures/_app_16_polischar_fe12_evst_all_rural_acpop_ric
eP_5_rot_honest1.png Graphic file (type png)
<use /Users/anzony.quisperojas/Library/CloudStorage/Dropbox/sa_fires/proj_burea
ucrats_farms/tex/paper/figures/_app_16_polischar_fe12_evst_all_rural_acpop_rice
P_5_rot_honest1.png>
Package pdftex.def Info: /Users/anzony.quisperojas/Library/CloudStorage/Dropbox
/sa_fires/proj_bureaucrats_farms/tex/paper/figures/_app_16_polischar_fe12_evst_
all_rural_acpop_riceP_5_rot_honest1.png  used on input line 422.
(pdftex.def)             Requested size: 237.63522pt x 118.81468pt.
 [23

 </Users/anzony.quisperojas/Library/CloudStorage/Dropbox/sa_fires/proj_bureaucr
ats_farms/tex/paper/figures/_app_16_polischar_fe12_evst_all_rural_riceP_5_ori.p
ng> </Users/anzony.quisperojas/Library/CloudStorage/Dropbox/sa_fires/proj_burea
ucrats_farms/tex/paper/figures/_app_16_polischar_fe12_evst_all_rural_riceP_5_ro
tated.png> </Users/anzony.quisperojas/Library/CloudStorage/Dropbox/sa_fires/pro
j_bureaucrats_farms/tex/paper/figures/_app_16_polischar_fe12_evst_all_rural_ric
eP_5_honest1.png> </Users/anzony.quisperojas/Library/CloudStorage/Dropbox/sa_fi
res/proj_bureaucrats_farms/tex/paper/figures/_app_16_polischar_fe12_evst_all_ru
ral_riceP_5_rot_honest1.png> </Users/anzony.quisperojas/Library/CloudStorage/Dr
opbox/sa_fires/proj_bureaucrats_farms/tex/paper/figures/_app_16_polischar_fe12_
evst_all_rural_acpop_riceP_5_ori.png> </Users/anzony.quisperojas/Library/CloudS
torage/Dropbox/sa_fires/proj_bureaucrats_farms/tex/paper/figures/_app_16_polisc
har_fe12_evst_all_rural_acpop_riceP_5_rotated.png> </Users/anzony.quisperojas/L
ibrary/CloudStorage/Dropbox/sa_fires/proj_bureaucrats_farms/tex/paper/figures/_
app_16_polischar_fe12_evst_all_rural_acpop_riceP_5_honest1.png> </Users/anzony.
quisperojas/Library/CloudStorage/Dropbox/sa_fires/proj_bureaucrats_farms/tex/pa
per/figures/_app_16_polischar_fe12_evst_all_rural_acpop_riceP_5_rot_honest1.png
>]

Package hyperref Warning: Token not allowed in a PDF string (Unicode):
(hyperref)                removing `\leavevmode@ifvmode' on input line 428.


Package hyperref Warning: Token not allowed in a PDF string (Unicode):
(hyperref)                \kern 1.82506pt
(hyperref)                removed on input line 428.


Overfull \hbox (83.8274pt too wide) in paragraph at lines 431--435
\OT1/cmr/m/n/10.95 Source: []\OT1/cmtt/m/n/10.95 replication[]rural/plotting[]e
vent[]studies.R \OT1/cmr/m/n/10.95 and []\OT1/cmtt/m/n/10.95 replication[]rural
[]acpop/plotting[]event[]studies.R\OT1/cmr/m/n/10.95 .
 []

</Users/anzony.quisperojas/Library/CloudStorage/Dropbox/sa_fires/proj_bureaucra
ts_farms/tex/paper/figures/_app_17_5km_fe12_evst_all_rural_1_ori.png, id=384, 5
78.16pt x 289.08pt>
File: /Users/anzony.quisperojas/Library/CloudStorage/Dropbox/sa_fires/proj_bure
aucrats_farms/tex/paper/figures/_app_17_5km_fe12_evst_all_rural_1_ori.png Graph
ic file (type png)
<use /Users/anzony.quisperojas/Library/CloudStorage/Dropbox/sa_fires/proj_burea
ucrats_farms/tex/paper/figures/_app_17_5km_fe12_evst_all_rural_1_ori.png>
Package pdftex.def Info: /Users/anzony.quisperojas/Library/CloudStorage/Dropbox
/sa_fires/proj_bureaucrats_farms/tex/paper/figures/_app_17_5km_fe12_evst_all_ru
ral_1_ori.png  used on input line 440.
(pdftex.def)             Requested size: 237.63522pt x 118.81468pt.
</Users/anzony.quisperojas/Library/CloudStorage/Dropbox/sa_fires/proj_bureaucra
ts_farms/tex/paper/figures/_app_17_5km_fe12_evst_all_rural_1_rotated.png, id=38
5, 578.16pt x 289.08pt>
File: /Users/anzony.quisperojas/Library/CloudStorage/Dropbox/sa_fires/proj_bure
aucrats_farms/tex/paper/figures/_app_17_5km_fe12_evst_all_rural_1_rotated.png G
raphic file (type png)
<use /Users/anzony.quisperojas/Library/CloudStorage/Dropbox/sa_fires/proj_burea
ucrats_farms/tex/paper/figures/_app_17_5km_fe12_evst_all_rural_1_rotated.png>
Package pdftex.def Info: /Users/anzony.quisperojas/Library/CloudStorage/Dropbox
/sa_fires/proj_bureaucrats_farms/tex/paper/figures/_app_17_5km_fe12_evst_all_ru
ral_1_rotated.png  used on input line 440.
(pdftex.def)             Requested size: 237.63522pt x 118.81468pt.
</Users/anzony.quisperojas/Library/CloudStorage/Dropbox/sa_fires/proj_bureaucra
ts_farms/tex/paper/figures/_app_17_5km_fe12_evst_all_rural_1_honest1.png, id=38
6, 578.16pt x 289.08pt>
File: /Users/anzony.quisperojas/Library/CloudStorage/Dropbox/sa_fires/proj_bure
aucrats_farms/tex/paper/figures/_app_17_5km_fe12_evst_all_rural_1_honest1.png G
raphic file (type png)
<use /Users/anzony.quisperojas/Library/CloudStorage/Dropbox/sa_fires/proj_burea
ucrats_farms/tex/paper/figures/_app_17_5km_fe12_evst_all_rural_1_honest1.png>
Package pdftex.def Info: /Users/anzony.quisperojas/Library/CloudStorage/Dropbox
/sa_fires/proj_bureaucrats_farms/tex/paper/figures/_app_17_5km_fe12_evst_all_ru
ral_1_honest1.png  used on input line 440.
(pdftex.def)             Requested size: 237.63522pt x 118.81468pt.
</Users/anzony.quisperojas/Library/CloudStorage/Dropbox/sa_fires/proj_bureaucra
ts_farms/tex/paper/figures/_app_17_5km_fe12_evst_all_rural_1_rot_honest1.png, i
d=387, 578.16pt x 289.08pt>
File: /Users/anzony.quisperojas/Library/CloudStorage/Dropbox/sa_fires/proj_bure
aucrats_farms/tex/paper/figures/_app_17_5km_fe12_evst_all_rural_1_rot_honest1.p
ng Graphic file (type png)
<use /Users/anzony.quisperojas/Library/CloudStorage/Dropbox/sa_fires/proj_burea
ucrats_farms/tex/paper/figures/_app_17_5km_fe12_evst_all_rural_1_rot_honest1.pn
g>
Package pdftex.def Info: /Users/anzony.quisperojas/Library/CloudStorage/Dropbox
/sa_fires/proj_bureaucrats_farms/tex/paper/figures/_app_17_5km_fe12_evst_all_ru
ral_1_rot_honest1.png  used on input line 440.
(pdftex.def)             Requested size: 237.63522pt x 118.81468pt.
</Users/anzony.quisperojas/Library/CloudStorage/Dropbox/sa_fires/proj_bureaucra
ts_farms/tex/paper/figures/_app_17_5km_fe12_evst_all_rural_acpop_1_ori.png, id=
388, 578.16pt x 289.08pt>
File: /Users/anzony.quisperojas/Library/CloudStorage/Dropbox/sa_fires/proj_bure
aucrats_farms/tex/paper/figures/_app_17_5km_fe12_evst_all_rural_acpop_1_ori.png
 Graphic file (type png)
<use /Users/anzony.quisperojas/Library/CloudStorage/Dropbox/sa_fires/proj_burea
ucrats_farms/tex/paper/figures/_app_17_5km_fe12_evst_all_rural_acpop_1_ori.png>

Package pdftex.def Info: /Users/anzony.quisperojas/Library/CloudStorage/Dropbox
/sa_fires/proj_bureaucrats_farms/tex/paper/figures/_app_17_5km_fe12_evst_all_ru
ral_acpop_1_ori.png  used on input line 442.
(pdftex.def)             Requested size: 237.63522pt x 118.81468pt.
</Users/anzony.quisperojas/Library/CloudStorage/Dropbox/sa_fires/proj_bureaucra
ts_farms/tex/paper/figures/_app_17_5km_fe12_evst_all_rural_acpop_1_rotated.png,
 id=389, 578.16pt x 289.08pt>
File: /Users/anzony.quisperojas/Library/CloudStorage/Dropbox/sa_fires/proj_bure
aucrats_farms/tex/paper/figures/_app_17_5km_fe12_evst_all_rural_acpop_1_rotated
.png Graphic file (type png)
<use /Users/anzony.quisperojas/Library/CloudStorage/Dropbox/sa_fires/proj_burea
ucrats_farms/tex/paper/figures/_app_17_5km_fe12_evst_all_rural_acpop_1_rotated.
png>
Package pdftex.def Info: /Users/anzony.quisperojas/Library/CloudStorage/Dropbox
/sa_fires/proj_bureaucrats_farms/tex/paper/figures/_app_17_5km_fe12_evst_all_ru
ral_acpop_1_rotated.png  used on input line 442.
(pdftex.def)             Requested size: 237.63522pt x 118.81468pt.
</Users/anzony.quisperojas/Library/CloudStorage/Dropbox/sa_fires/proj_bureaucra
ts_farms/tex/paper/figures/_app_17_5km_fe12_evst_all_rural_acpop_1_honest1.png,
 id=390, 578.16pt x 289.08pt>
File: /Users/anzony.quisperojas/Library/CloudStorage/Dropbox/sa_fires/proj_bure
aucrats_farms/tex/paper/figures/_app_17_5km_fe12_evst_all_rural_acpop_1_honest1
.png Graphic file (type png)
<use /Users/anzony.quisperojas/Library/CloudStorage/Dropbox/sa_fires/proj_burea
ucrats_farms/tex/paper/figures/_app_17_5km_fe12_evst_all_rural_acpop_1_honest1.
png>
Package pdftex.def Info: /Users/anzony.quisperojas/Library/CloudStorage/Dropbox
/sa_fires/proj_bureaucrats_farms/tex/paper/figures/_app_17_5km_fe12_evst_all_ru
ral_acpop_1_honest1.png  used on input line 442.
(pdftex.def)             Requested size: 237.63522pt x 118.81468pt.
</Users/anzony.quisperojas/Library/CloudStorage/Dropbox/sa_fires/proj_bureaucra
ts_farms/tex/paper/figures/_app_17_5km_fe12_evst_all_rural_acpop_1_rot_honest1.
png, id=391, 578.16pt x 289.08pt>
File: /Users/anzony.quisperojas/Library/CloudStorage/Dropbox/sa_fires/proj_bure
aucrats_farms/tex/paper/figures/_app_17_5km_fe12_evst_all_rural_acpop_1_rot_hon
est1.png Graphic file (type png)
<use /Users/anzony.quisperojas/Library/CloudStorage/Dropbox/sa_fires/proj_burea
ucrats_farms/tex/paper/figures/_app_17_5km_fe12_evst_all_rural_acpop_1_rot_hone
st1.png>
Package pdftex.def Info: /Users/anzony.quisperojas/Library/CloudStorage/Dropbox
/sa_fires/proj_bureaucrats_farms/tex/paper/figures/_app_17_5km_fe12_evst_all_ru
ral_acpop_1_rot_honest1.png  used on input line 442.
(pdftex.def)             Requested size: 237.63522pt x 118.81468pt.
[24

 </Users/anzony.quisperojas/Library/CloudStorage/Dropbox/sa_fires/proj_bureaucr
ats_farms/tex/paper/figures/_app_17_5km_fe12_evst_all_rural_1_ori.png> </Users/
anzony.quisperojas/Library/CloudStorage/Dropbox/sa_fires/proj_bureaucrats_farms
/tex/paper/figures/_app_17_5km_fe12_evst_all_rural_1_rotated.png> </Users/anzon
y.quisperojas/Library/CloudStorage/Dropbox/sa_fires/proj_bureaucrats_farms/tex/
paper/figures/_app_17_5km_fe12_evst_all_rural_1_honest1.png> </Users/anzony.qui
sperojas/Library/CloudStorage/Dropbox/sa_fires/proj_bureaucrats_farms/tex/paper
/figures/_app_17_5km_fe12_evst_all_rural_1_rot_honest1.png> </Users/anzony.quis
perojas/Library/CloudStorage/Dropbox/sa_fires/proj_bureaucrats_farms/tex/paper/
figures/_app_17_5km_fe12_evst_all_rural_acpop_1_ori.png> </Users/anzony.quisper
ojas/Library/CloudStorage/Dropbox/sa_fires/proj_bureaucrats_farms/tex/paper/fig
ures/_app_17_5km_fe12_evst_all_rural_acpop_1_rotated.png> </Users/anzony.quispe
rojas/Library/CloudStorage/Dropbox/sa_fires/proj_bureaucrats_farms/tex/paper/fi
gures/_app_17_5km_fe12_evst_all_rural_acpop_1_honest1.png> </Users/anzony.quisp
erojas/Library/CloudStorage/Dropbox/sa_fires/proj_bureaucrats_farms/tex/paper/f
igures/_app_17_5km_fe12_evst_all_rural_acpop_1_rot_honest1.png>]
</Users/anzony.quisperojas/Library/CloudStorage/Dropbox/sa_fires/proj_bureaucra
ts_farms/tex/paper/figures/_app_17_5km_fe12_evst_all_rural_downup_2_ori.png, id
=397, 578.16pt x 289.08pt>
File: /Users/anzony.quisperojas/Library/CloudStorage/Dropbox/sa_fires/proj_bure
aucrats_farms/tex/paper/figures/_app_17_5km_fe12_evst_all_rural_downup_2_ori.pn
g Graphic file (type png)
<use /Users/anzony.quisperojas/Library/CloudStorage/Dropbox/sa_fires/proj_burea
ucrats_farms/tex/paper/figures/_app_17_5km_fe12_evst_all_rural_downup_2_ori.png
>
Package pdftex.def Info: /Users/anzony.quisperojas/Library/CloudStorage/Dropbox
/sa_fires/proj_bureaucrats_farms/tex/paper/figures/_app_17_5km_fe12_evst_all_ru
ral_downup_2_ori.png  used on input line 451.
(pdftex.def)             Requested size: 237.63522pt x 118.81468pt.
</Users/anzony.quisperojas/Library/CloudStorage/Dropbox/sa_fires/proj_bureaucra
ts_farms/tex/paper/figures/_app_17_5km_fe12_evst_all_rural_downup_2_rotated.png
, id=398, 578.16pt x 289.08pt>
File: /Users/anzony.quisperojas/Library/CloudStorage/Dropbox/sa_fires/proj_bure
aucrats_farms/tex/paper/figures/_app_17_5km_fe12_evst_all_rural_downup_2_rotate
d.png Graphic file (type png)
<use /Users/anzony.quisperojas/Library/CloudStorage/Dropbox/sa_fires/proj_burea
ucrats_farms/tex/paper/figures/_app_17_5km_fe12_evst_all_rural_downup_2_rotated
.png>
Package pdftex.def Info: /Users/anzony.quisperojas/Library/CloudStorage/Dropbox
/sa_fires/proj_bureaucrats_farms/tex/paper/figures/_app_17_5km_fe12_evst_all_ru
ral_downup_2_rotated.png  used on input line 451.
(pdftex.def)             Requested size: 237.63522pt x 118.81468pt.
</Users/anzony.quisperojas/Library/CloudStorage/Dropbox/sa_fires/proj_bureaucra
ts_farms/tex/paper/figures/_app_17_5km_fe12_evst_all_rural_downup_2_honest1.png
, id=399, 578.16pt x 289.08pt>
File: /Users/anzony.quisperojas/Library/CloudStorage/Dropbox/sa_fires/proj_bure
aucrats_farms/tex/paper/figures/_app_17_5km_fe12_evst_all_rural_downup_2_honest
1.png Graphic file (type png)
<use /Users/anzony.quisperojas/Library/CloudStorage/Dropbox/sa_fires/proj_burea
ucrats_farms/tex/paper/figures/_app_17_5km_fe12_evst_all_rural_downup_2_honest1
.png>
Package pdftex.def Info: /Users/anzony.quisperojas/Library/CloudStorage/Dropbox
/sa_fires/proj_bureaucrats_farms/tex/paper/figures/_app_17_5km_fe12_evst_all_ru
ral_downup_2_honest1.png  used on input line 451.
(pdftex.def)             Requested size: 237.63522pt x 118.81468pt.
</Users/anzony.quisperojas/Library/CloudStorage/Dropbox/sa_fires/proj_bureaucra
ts_farms/tex/paper/figures/_app_17_5km_fe12_evst_all_rural_downup_2_rot_honest1
.png, id=400, 578.16pt x 289.08pt>
File: /Users/anzony.quisperojas/Library/CloudStorage/Dropbox/sa_fires/proj_bure
aucrats_farms/tex/paper/figures/_app_17_5km_fe12_evst_all_rural_downup_2_rot_ho
nest1.png Graphic file (type png)
<use /Users/anzony.quisperojas/Library/CloudStorage/Dropbox/sa_fires/proj_burea
ucrats_farms/tex/paper/figures/_app_17_5km_fe12_evst_all_rural_downup_2_rot_hon
est1.png>
Package pdftex.def Info: /Users/anzony.quisperojas/Library/CloudStorage/Dropbox
/sa_fires/proj_bureaucrats_farms/tex/paper/figures/_app_17_5km_fe12_evst_all_ru
ral_downup_2_rot_honest1.png  used on input line 451.
(pdftex.def)             Requested size: 237.63522pt x 118.81468pt.
</Users/anzony.quisperojas/Library/CloudStorage/Dropbox/sa_fires/proj_bureaucra
ts_farms/tex/paper/figures/_app_17_5km_fe12_evst_all_rural_acpop_downup_2_ori.p
ng, id=401, 578.16pt x 289.08pt>
File: /Users/anzony.quisperojas/Library/CloudStorage/Dropbox/sa_fires/proj_bure
aucrats_farms/tex/paper/figures/_app_17_5km_fe12_evst_all_rural_acpop_downup_2_
ori.png Graphic file (type png)
<use /Users/anzony.quisperojas/Library/CloudStorage/Dropbox/sa_fires/proj_burea
ucrats_farms/tex/paper/figures/_app_17_5km_fe12_evst_all_rural_acpop_downup_2_o
ri.png>
Package pdftex.def Info: /Users/anzony.quisperojas/Library/CloudStorage/Dropbox
/sa_fires/proj_bureaucrats_farms/tex/paper/figures/_app_17_5km_fe12_evst_all_ru
ral_acpop_downup_2_ori.png  used on input line 453.
(pdftex.def)             Requested size: 237.63522pt x 118.81468pt.
</Users/anzony.quisperojas/Library/CloudStorage/Dropbox/sa_fires/proj_bureaucra
ts_farms/tex/paper/figures/_app_17_5km_fe12_evst_all_rural_acpop_downup_2_rotat
ed.png, id=402, 578.16pt x 289.08pt>
File: /Users/anzony.quisperojas/Library/CloudStorage/Dropbox/sa_fires/proj_bure
aucrats_farms/tex/paper/figures/_app_17_5km_fe12_evst_all_rural_acpop_downup_2_
rotated.png Graphic file (type png)
<use /Users/anzony.quisperojas/Library/CloudStorage/Dropbox/sa_fires/proj_burea
ucrats_farms/tex/paper/figures/_app_17_5km_fe12_evst_all_rural_acpop_downup_2_r
otated.png>
Package pdftex.def Info: /Users/anzony.quisperojas/Library/CloudStorage/Dropbox
/sa_fires/proj_bureaucrats_farms/tex/paper/figures/_app_17_5km_fe12_evst_all_ru
ral_acpop_downup_2_rotated.png  used on input line 453.
(pdftex.def)             Requested size: 237.63522pt x 118.81468pt.
</Users/anzony.quisperojas/Library/CloudStorage/Dropbox/sa_fires/proj_bureaucra
ts_farms/tex/paper/figures/_app_17_5km_fe12_evst_all_rural_acpop_downup_2_hones
t1.png, id=403, 578.16pt x 289.08pt>
File: /Users/anzony.quisperojas/Library/CloudStorage/Dropbox/sa_fires/proj_bure
aucrats_farms/tex/paper/figures/_app_17_5km_fe12_evst_all_rural_acpop_downup_2_
honest1.png Graphic file (type png)
<use /Users/anzony.quisperojas/Library/CloudStorage/Dropbox/sa_fires/proj_burea
ucrats_farms/tex/paper/figures/_app_17_5km_fe12_evst_all_rural_acpop_downup_2_h
onest1.png>
Package pdftex.def Info: /Users/anzony.quisperojas/Library/CloudStorage/Dropbox
/sa_fires/proj_bureaucrats_farms/tex/paper/figures/_app_17_5km_fe12_evst_all_ru
ral_acpop_downup_2_honest1.png  used on input line 453.
(pdftex.def)             Requested size: 237.63522pt x 118.81468pt.
</Users/anzony.quisperojas/Library/CloudStorage/Dropbox/sa_fires/proj_bureaucra
ts_farms/tex/paper/figures/_app_17_5km_fe12_evst_all_rural_acpop_downup_2_rot_h
onest1.png, id=404, 578.16pt x 289.08pt>
File: /Users/anzony.quisperojas/Library/CloudStorage/Dropbox/sa_fires/proj_bure
aucrats_farms/tex/paper/figures/_app_17_5km_fe12_evst_all_rural_acpop_downup_2_
rot_honest1.png Graphic file (type png)
<use /Users/anzony.quisperojas/Library/CloudStorage/Dropbox/sa_fires/proj_burea
ucrats_farms/tex/paper/figures/_app_17_5km_fe12_evst_all_rural_acpop_downup_2_r
ot_honest1.png>
Package pdftex.def Info: /Users/anzony.quisperojas/Library/CloudStorage/Dropbox
/sa_fires/proj_bureaucrats_farms/tex/paper/figures/_app_17_5km_fe12_evst_all_ru
ral_acpop_downup_2_rot_honest1.png  used on input line 453.
(pdftex.def)             Requested size: 237.63522pt x 118.81468pt.
 [25

 </Users/anzony.quisperojas/Library/CloudStorage/Dropbox/sa_fires/proj_bureaucr
ats_farms/tex/paper/figures/_app_17_5km_fe12_evst_all_rural_downup_2_ori.png> <
/Users/anzony.quisperojas/Library/CloudStorage/Dropbox/sa_fires/proj_bureaucrat
s_farms/tex/paper/figures/_app_17_5km_fe12_evst_all_rural_downup_2_rotated.png>
 </Users/anzony.quisperojas/Library/CloudStorage/Dropbox/sa_fires/proj_bureaucr
ats_farms/tex/paper/figures/_app_17_5km_fe12_evst_all_rural_downup_2_honest1.pn
g> </Users/anzony.quisperojas/Library/CloudStorage/Dropbox/sa_fires/proj_bureau
crats_farms/tex/paper/figures/_app_17_5km_fe12_evst_all_rural_downup_2_rot_hone
st1.png> </Users/anzony.quisperojas/Library/CloudStorage/Dropbox/sa_fires/proj_
bureaucrats_farms/tex/paper/figures/_app_17_5km_fe12_evst_all_rural_acpop_downu
p_2_ori.png> </Users/anzony.quisperojas/Library/CloudStorage/Dropbox/sa_fires/p
roj_bureaucrats_farms/tex/paper/figures/_app_17_5km_fe12_evst_all_rural_acpop_d
ownup_2_rotated.png> </Users/anzony.quisperojas/Library/CloudStorage/Dropbox/sa
_fires/proj_bureaucrats_farms/tex/paper/figures/_app_17_5km_fe12_evst_all_rural
_acpop_downup_2_honest1.png> </Users/anzony.quisperojas/Library/CloudStorage/Dr
opbox/sa_fires/proj_bureaucrats_farms/tex/paper/figures/_app_17_5km_fe12_evst_a
ll_rural_acpop_downup_2_rot_honest1.png>]
</Users/anzony.quisperojas/Library/CloudStorage/Dropbox/sa_fires/proj_bureaucra
ts_farms/tex/paper/figures/_app_17_5km_fe12_evst_all_rural_riceP_5_ori.png, id=
411, 578.16pt x 289.08pt>
File: /Users/anzony.quisperojas/Library/CloudStorage/Dropbox/sa_fires/proj_bure
aucrats_farms/tex/paper/figures/_app_17_5km_fe12_evst_all_rural_riceP_5_ori.png
 Graphic file (type png)
<use /Users/anzony.quisperojas/Library/CloudStorage/Dropbox/sa_fires/proj_burea
ucrats_farms/tex/paper/figures/_app_17_5km_fe12_evst_all_rural_riceP_5_ori.png>

Package pdftex.def Info: /Users/anzony.quisperojas/Library/CloudStorage/Dropbox
/sa_fires/proj_bureaucrats_farms/tex/paper/figures/_app_17_5km_fe12_evst_all_ru
ral_riceP_5_ori.png  used on input line 462.
(pdftex.def)             Requested size: 237.63522pt x 118.81468pt.
</Users/anzony.quisperojas/Library/CloudStorage/Dropbox/sa_fires/proj_bureaucra
ts_farms/tex/paper/figures/_app_17_5km_fe12_evst_all_rural_riceP_5_rotated.png,
 id=412, 578.16pt x 289.08pt>
File: /Users/anzony.quisperojas/Library/CloudStorage/Dropbox/sa_fires/proj_bure
aucrats_farms/tex/paper/figures/_app_17_5km_fe12_evst_all_rural_riceP_5_rotated
.png Graphic file (type png)
<use /Users/anzony.quisperojas/Library/CloudStorage/Dropbox/sa_fires/proj_burea
ucrats_farms/tex/paper/figures/_app_17_5km_fe12_evst_all_rural_riceP_5_rotated.
png>
Package pdftex.def Info: /Users/anzony.quisperojas/Library/CloudStorage/Dropbox
/sa_fires/proj_bureaucrats_farms/tex/paper/figures/_app_17_5km_fe12_evst_all_ru
ral_riceP_5_rotated.png  used on input line 462.
(pdftex.def)             Requested size: 237.63522pt x 118.81468pt.
</Users/anzony.quisperojas/Library/CloudStorage/Dropbox/sa_fires/proj_bureaucra
ts_farms/tex/paper/figures/_app_17_5km_fe12_evst_all_rural_riceP_5_honest1.png,
 id=413, 578.16pt x 289.08pt>
File: /Users/anzony.quisperojas/Library/CloudStorage/Dropbox/sa_fires/proj_bure
aucrats_farms/tex/paper/figures/_app_17_5km_fe12_evst_all_rural_riceP_5_honest1
.png Graphic file (type png)
<use /Users/anzony.quisperojas/Library/CloudStorage/Dropbox/sa_fires/proj_burea
ucrats_farms/tex/paper/figures/_app_17_5km_fe12_evst_all_rural_riceP_5_honest1.
png>
Package pdftex.def Info: /Users/anzony.quisperojas/Library/CloudStorage/Dropbox
/sa_fires/proj_bureaucrats_farms/tex/paper/figures/_app_17_5km_fe12_evst_all_ru
ral_riceP_5_honest1.png  used on input line 462.
(pdftex.def)             Requested size: 237.63522pt x 118.81468pt.
</Users/anzony.quisperojas/Library/CloudStorage/Dropbox/sa_fires/proj_bureaucra
ts_farms/tex/paper/figures/_app_17_5km_fe12_evst_all_rural_riceP_5_rot_honest1.
png, id=414, 578.16pt x 289.08pt>
File: /Users/anzony.quisperojas/Library/CloudStorage/Dropbox/sa_fires/proj_bure
aucrats_farms/tex/paper/figures/_app_17_5km_fe12_evst_all_rural_riceP_5_rot_hon
est1.png Graphic file (type png)
<use /Users/anzony.quisperojas/Library/CloudStorage/Dropbox/sa_fires/proj_burea
ucrats_farms/tex/paper/figures/_app_17_5km_fe12_evst_all_rural_riceP_5_rot_hone
st1.png>
Package pdftex.def Info: /Users/anzony.quisperojas/Library/CloudStorage/Dropbox
/sa_fires/proj_bureaucrats_farms/tex/paper/figures/_app_17_5km_fe12_evst_all_ru
ral_riceP_5_rot_honest1.png  used on input line 462.
(pdftex.def)             Requested size: 237.63522pt x 118.81468pt.
</Users/anzony.quisperojas/Library/CloudStorage/Dropbox/sa_fires/proj_bureaucra
ts_farms/tex/paper/figures/_app_17_5km_fe12_evst_all_rural_acpop_riceP_5_ori.pn
g, id=415, 578.16pt x 289.08pt>
File: /Users/anzony.quisperojas/Library/CloudStorage/Dropbox/sa_fires/proj_bure
aucrats_farms/tex/paper/figures/_app_17_5km_fe12_evst_all_rural_acpop_riceP_5_o
ri.png Graphic file (type png)
<use /Users/anzony.quisperojas/Library/CloudStorage/Dropbox/sa_fires/proj_burea
ucrats_farms/tex/paper/figures/_app_17_5km_fe12_evst_all_rural_acpop_riceP_5_or
i.png>
Package pdftex.def Info: /Users/anzony.quisperojas/Library/CloudStorage/Dropbox
/sa_fires/proj_bureaucrats_farms/tex/paper/figures/_app_17_5km_fe12_evst_all_ru
ral_acpop_riceP_5_ori.png  used on input line 464.
(pdftex.def)             Requested size: 237.63522pt x 118.81468pt.
</Users/anzony.quisperojas/Library/CloudStorage/Dropbox/sa_fires/proj_bureaucra
ts_farms/tex/paper/figures/_app_17_5km_fe12_evst_all_rural_acpop_riceP_5_rotate
d.png, id=416, 578.16pt x 289.08pt>
File: /Users/anzony.quisperojas/Library/CloudStorage/Dropbox/sa_fires/proj_bure
aucrats_farms/tex/paper/figures/_app_17_5km_fe12_evst_all_rural_acpop_riceP_5_r
otated.png Graphic file (type png)
<use /Users/anzony.quisperojas/Library/CloudStorage/Dropbox/sa_fires/proj_burea
ucrats_farms/tex/paper/figures/_app_17_5km_fe12_evst_all_rural_acpop_riceP_5_ro
tated.png>
Package pdftex.def Info: /Users/anzony.quisperojas/Library/CloudStorage/Dropbox
/sa_fires/proj_bureaucrats_farms/tex/paper/figures/_app_17_5km_fe12_evst_all_ru
ral_acpop_riceP_5_rotated.png  used on input line 464.
(pdftex.def)             Requested size: 237.63522pt x 118.81468pt.
</Users/anzony.quisperojas/Library/CloudStorage/Dropbox/sa_fires/proj_bureaucra
ts_farms/tex/paper/figures/_app_17_5km_fe12_evst_all_rural_acpop_riceP_5_honest
1.png, id=417, 578.16pt x 289.08pt>
File: /Users/anzony.quisperojas/Library/CloudStorage/Dropbox/sa_fires/proj_bure
aucrats_farms/tex/paper/figures/_app_17_5km_fe12_evst_all_rural_acpop_riceP_5_h
onest1.png Graphic file (type png)
<use /Users/anzony.quisperojas/Library/CloudStorage/Dropbox/sa_fires/proj_burea
ucrats_farms/tex/paper/figures/_app_17_5km_fe12_evst_all_rural_acpop_riceP_5_ho
nest1.png>
Package pdftex.def Info: /Users/anzony.quisperojas/Library/CloudStorage/Dropbox
/sa_fires/proj_bureaucrats_farms/tex/paper/figures/_app_17_5km_fe12_evst_all_ru
ral_acpop_riceP_5_honest1.png  used on input line 464.
(pdftex.def)             Requested size: 237.63522pt x 118.81468pt.
</Users/anzony.quisperojas/Library/CloudStorage/Dropbox/sa_fires/proj_bureaucra
ts_farms/tex/paper/figures/_app_17_5km_fe12_evst_all_rural_acpop_riceP_5_rot_ho
nest1.png, id=418, 578.16pt x 289.08pt>
File: /Users/anzony.quisperojas/Library/CloudStorage/Dropbox/sa_fires/proj_bure
aucrats_farms/tex/paper/figures/_app_17_5km_fe12_evst_all_rural_acpop_riceP_5_r
ot_honest1.png Graphic file (type png)
<use /Users/anzony.quisperojas/Library/CloudStorage/Dropbox/sa_fires/proj_burea
ucrats_farms/tex/paper/figures/_app_17_5km_fe12_evst_all_rural_acpop_riceP_5_ro
t_honest1.png>
Package pdftex.def Info: /Users/anzony.quisperojas/Library/CloudStorage/Dropbox
/sa_fires/proj_bureaucrats_farms/tex/paper/figures/_app_17_5km_fe12_evst_all_ru
ral_acpop_riceP_5_rot_honest1.png  used on input line 464.
(pdftex.def)             Requested size: 237.63522pt x 118.81468pt.
 [26

 </Users/anzony.quisperojas/Library/CloudStorage/Dropbox/sa_fires/proj_bureaucr
ats_farms/tex/paper/figures/_app_17_5km_fe12_evst_all_rural_riceP_5_ori.png> </
Users/anzony.quisperojas/Library/CloudStorage/Dropbox/sa_fires/proj_bureaucrats
_farms/tex/paper/figures/_app_17_5km_fe12_evst_all_rural_riceP_5_rotated.png> <
/Users/anzony.quisperojas/Library/CloudStorage/Dropbox/sa_fires/proj_bureaucrat
s_farms/tex/paper/figures/_app_17_5km_fe12_evst_all_rural_riceP_5_honest1.png> 
</Users/anzony.quisperojas/Library/CloudStorage/Dropbox/sa_fires/proj_bureaucra
ts_farms/tex/paper/figures/_app_17_5km_fe12_evst_all_rural_riceP_5_rot_honest1.
png> </Users/anzony.quisperojas/Library/CloudStorage/Dropbox/sa_fires/proj_bure
aucrats_farms/tex/paper/figures/_app_17_5km_fe12_evst_all_rural_acpop_riceP_5_o
ri.png> </Users/anzony.quisperojas/Library/CloudStorage/Dropbox/sa_fires/proj_b
ureaucrats_farms/tex/paper/figures/_app_17_5km_fe12_evst_all_rural_acpop_riceP_
5_rotated.png> </Users/anzony.quisperojas/Library/CloudStorage/Dropbox/sa_fires
/proj_bureaucrats_farms/tex/paper/figures/_app_17_5km_fe12_evst_all_rural_acpop
_riceP_5_honest1.png> </Users/anzony.quisperojas/Library/CloudStorage/Dropbox/s
a_fires/proj_bureaucrats_farms/tex/paper/figures/_app_17_5km_fe12_evst_all_rura
l_acpop_riceP_5_rot_honest1.png>]
</Users/anzony.quisperojas/Library/CloudStorage/Dropbox/sa_fires/proj_bureaucra
ts_farms/tex/paper/figures/_app_18_protest_5km_fe12_did_downup_plot_rural_1.png
, id=424, 1050.92625pt x 700.6175pt>
File: /Users/anzony.quisperojas/Library/CloudStorage/Dropbox/sa_fires/proj_bure
aucrats_farms/tex/paper/figures/_app_18_protest_5km_fe12_did_downup_plot_rural_
1.png Graphic file (type png)
<use /Users/anzony.quisperojas/Library/CloudStorage/Dropbox/sa_fires/proj_burea
ucrats_farms/tex/paper/figures/_app_18_protest_5km_fe12_did_downup_plot_rural_1
.png>
Package pdftex.def Info: /Users/anzony.quisperojas/Library/CloudStorage/Dropbox
/sa_fires/proj_bureaucrats_farms/tex/paper/figures/_app_18_protest_5km_fe12_did
_downup_plot_rural_1.png  used on input line 483.
(pdftex.def)             Requested size: 237.63522pt x 158.42323pt.
</Users/anzony.quisperojas/Library/CloudStorage/Dropbox/sa_fires/proj_bureaucra
ts_farms/tex/paper/figures/_app_18_protest_5km_fe12_did_downup_plot_rural_acpop
_1.png, id=425, 1050.92625pt x 700.6175pt>
File: /Users/anzony.quisperojas/Library/CloudStorage/Dropbox/sa_fires/proj_bure
aucrats_farms/tex/paper/figures/_app_18_protest_5km_fe12_did_downup_plot_rural_
acpop_1.png Graphic file (type png)
<use /Users/anzony.quisperojas/Library/CloudStorage/Dropbox/sa_fires/proj_burea
ucrats_farms/tex/paper/figures/_app_18_protest_5km_fe12_did_downup_plot_rural_a
cpop_1.png>
Package pdftex.def Info: /Users/anzony.quisperojas/Library/CloudStorage/Dropbox
/sa_fires/proj_bureaucrats_farms/tex/paper/figures/_app_18_protest_5km_fe12_did
_downup_plot_rural_acpop_1.png  used on input line 488.
(pdftex.def)             Requested size: 237.63522pt x 158.42323pt.
 [27

 </Users/anzony.quisperojas/Library/CloudStorage/Dropbox/sa_fires/proj_bureaucr
ats_farms/tex/paper/figures/_app_18_protest_5km_fe12_did_downup_plot_rural_1.pn
g> </Users/anzony.quisperojas/Library/CloudStorage/Dropbox/sa_fires/proj_bureau
crats_farms/tex/paper/figures/_app_18_protest_5km_fe12_did_downup_plot_rural_ac
pop_1.png>]
</Users/anzony.quisperojas/Library/CloudStorage/Dropbox/sa_fires/proj_bureaucra
ts_farms/tex/paper/figures/_app_19_polischar_fe12_did_downup_inter_plot_rural_1
.png, id=431, 1050.92625pt x 700.6175pt>
File: /Users/anzony.quisperojas/Library/CloudStorage/Dropbox/sa_fires/proj_bure
aucrats_farms/tex/paper/figures/_app_19_polischar_fe12_did_downup_inter_plot_ru
ral_1.png Graphic file (type png)
<use /Users/anzony.quisperojas/Library/CloudStorage/Dropbox/sa_fires/proj_burea
ucrats_farms/tex/paper/figures/_app_19_polischar_fe12_did_downup_inter_plot_rur
al_1.png>
Package pdftex.def Info: /Users/anzony.quisperojas/Library/CloudStorage/Dropbox
/sa_fires/proj_bureaucrats_farms/tex/paper/figures/_app_19_polischar_fe12_did_d
ownup_inter_plot_rural_1.png  used on input line 508.
(pdftex.def)             Requested size: 237.63522pt x 158.42323pt.
</Users/anzony.quisperojas/Library/CloudStorage/Dropbox/sa_fires/proj_bureaucra
ts_farms/tex/paper/figures/_app_19_polischar_fe12_did_downup_inter_plot_rural_a
cpop_1.png, id=432, 1050.92625pt x 700.6175pt>
File: /Users/anzony.quisperojas/Library/CloudStorage/Dropbox/sa_fires/proj_bure
aucrats_farms/tex/paper/figures/_app_19_polischar_fe12_did_downup_inter_plot_ru
ral_acpop_1.png Graphic file (type png)
<use /Users/anzony.quisperojas/Library/CloudStorage/Dropbox/sa_fires/proj_burea
ucrats_farms/tex/paper/figures/_app_19_polischar_fe12_did_downup_inter_plot_rur
al_acpop_1.png>
Package pdftex.def Info: /Users/anzony.quisperojas/Library/CloudStorage/Dropbox
/sa_fires/proj_bureaucrats_farms/tex/paper/figures/_app_19_polischar_fe12_did_d
ownup_inter_plot_rural_acpop_1.png  used on input line 513.
(pdftex.def)             Requested size: 237.63522pt x 158.42323pt.
 [28

 </Users/anzony.quisperojas/Library/CloudStorage/Dropbox/sa_fires/proj_bureaucr
ats_farms/tex/paper/figures/_app_19_polischar_fe12_did_downup_inter_plot_rural_
1.png> </Users/anzony.quisperojas/Library/CloudStorage/Dropbox/sa_fires/proj_bu
reaucrats_farms/tex/paper/figures/_app_19_polischar_fe12_did_downup_inter_plot_
rural_acpop_1.png>] (./comparison_report.aux)
 ***********
LaTeX2e <2025-11-01>
L3 programming layer <2026-01-19>
 ***********


LaTeX Font Warning: Some font shapes were not available, defaults substituted.

Package rerunfilecheck Info: File `comparison_report.out' has not changed.
(rerunfilecheck)             Checksum: DE37FA289E10F93AE855F83D30311E4F;7582.
 ) 
Here is how much of TeX's memory you used:
 13390 strings out of 467525
 353994 string characters out of 5418982
 643498 words of memory out of 5000000
 42008 multiletter control sequences out of 15000+600000
 634601 words of font info for 65 fonts, out of 8000000 for 9000
 1141 hyphenation exceptions out of 8191
 75i,9n,79p,410b,698s stack positions out of 10000i,1000n,20000p,200000b,200000s
</usr/local/texlive/2026/texmf-dist/fonts/type1/public/amsfonts/cm/cmbx10.pfb
></usr/local/texlive/2026/texmf-dist/fonts/type1/public/amsfonts/cm/cmbx12.pfb>
</usr/local/texlive/2026/texmf-dist/fonts/type1/public/amsfonts/cm/cmitt10.pfb>
</usr/local/texlive/2026/texmf-dist/fonts/type1/public/amsfonts/cm/cmmi10.pfb><
/usr/local/texlive/2026/texmf-dist/fonts/type1/public/amsfonts/cm/cmr10.pfb></u
sr/local/texlive/2026/texmf-dist/fonts/type1/public/amsfonts/cm/cmr12.pfb></usr
/local/texlive/2026/texmf-dist/fonts/type1/public/amsfonts/cm/cmr17.pfb></usr/l
ocal/texlive/2026/texmf-dist/fonts/type1/public/amsfonts/cm/cmr8.pfb></usr/loca
l/texlive/2026/texmf-dist/fonts/type1/public/amsfonts/cm/cmsy10.pfb></usr/local
/texlive/2026/texmf-dist/fonts/type1/public/amsfonts/cm/cmsy6.pfb></usr/local/t
exlive/2026/texmf-dist/fonts/type1/public/amsfonts/cm/cmsy8.pfb></usr/local/tex
live/2026/texmf-dist/fonts/type1/public/amsfonts/cm/cmti10.pfb></usr/local/texl
ive/2026/texmf-dist/fonts/type1/public/amsfonts/cm/cmtt10.pfb></usr/local/texli
ve/2026/texmf-dist/fonts/type1/public/amsfonts/cm/cmtt12.pfb></usr/local/texliv
e/2026/texmf-dist/fonts/type1/public/amsfonts/cm/cmtt8.pfb>
Output written on comparison_report.pdf (28 pages, 8738882 bytes).
PDF statistics:
 522 PDF objects out of 1000 (max. 8388607)
 346 compressed objects within 4 object streams
 81 named destinations out of 1000 (max. 500000)
 833 words of extra memory for PDF output out of 10000 (max. 10000000)

