
  ___  ____  ____  ____  ____ ®
 /__    /   ____/   /   ____/      StataNow 19.5
___/   /   /___/   /   /___/       MP—Parallel Edition

 Statistics and Data Science       Copyright 1985-2025 StataCorp LLC
                                   StataCorp
                                   4905 Lakeway Drive
                                   College Station, Texas 77845 USA
                                   800-782-8272        https://www.stata.com
                                   979-696-4600        service@stata.com

Stata license: 4-user 16-core network, expiring 14 Sep 2026
Serial number: 501909301589
  Licensed to: University of Notre Dame
               Notre Dame, IN 46556

Notes:
      1. Stata is running in batch mode.
      2. Unicode is supported; see help unicode_advice.
      3. More than 2 billion observations are allowed; see help obs_advice.
      4. Maximum number of variables is set to 5,000 but can be increased;
          see help set_maxvar.

. do /users/aquisper/proj_bureaucrats_farms/code/_stacked_downup_replication/ex
> ploratory_analysis/politician_original_controls_fe_sweep/_run_politician_orig
> inal_control_all32.do 

. *****************************************************************************
> ***
. * Original politician dataset: one import, 32 FE loops, one control definitio
> n.
. *
. * One Stata process performs two independent loops and saves every FE result:
. *   1. Event study, relative years -5,...,4, omitting -1.
. *   2. DiD interaction post x treat x downup_ac_pop.
. *****************************************************************************
> ***
. version 17

. clear all

. set more off

. set processors 1
    The maximum number of processors or cores being used is changed from 16
    to 1.  It can be set to any number between 1 and 16

. 
. args control_arg

. local control_env : environment POL_ORIGINAL_CONTROL_SAMPLE

. local sample_env : environment ANALYSIS_SAMPLE_SUFFIX

. local control_sample "`control_arg'"

. if "`control_sample'" == "" local control_sample "`control_env'"

. if "`control_sample'" == "" local control_sample "never"

. if !inlist("`control_sample'", "never", "both", "notyet") {
.     display as error "Control sample must be never, both, or notyet."
.     exit 198
. }

. 
. * Standalone defaults for the five standard parameters.
. global location     "shell"

. global sample       "`sample_env'"

. global is_rural_var "is_rural"

. global fe_list      "1/32"

. global ster_suffix  "_acpop"

. global root "/groups/sgulzar/sa_fires/proj_bureaucrats_farms"

. global code "/users/aquisper/proj_bureaucrats_farms/code/_stacked_downup_repl
> ication"

. global int_data "${root}/data_output/intermediate"

. global tables "${code}/../../tables/exploratory_analysis/politician_original_
> controls_fe_sweep"

. global figures "${code}/../../figures/exploratory_analysis/politician_origina
> l_controls_fe_sweep"

. if "${sample}" == "_sample" {
.     global tables "${tables}/sample"
.     global figures "${figures}/sample"
. }

. capture mkdir "${tables}"

. capture mkdir "${figures}"

. 
. *****************************************************************************
> ***
. * Import and prepare the common sample exactly once.
. *****************************************************************************
> ***
. local input_file "${int_data}/politicians_characteristics${sample}.csv"

. confirm file "`input_file'"

. display as text "Input: `input_file' | controls: `control_sample'"
Input: /groups/sgulzar/sa_fires/proj_bureaucrats_farms/data_output/intermediate
> /politicians_characteristics.csv | controls: notyet

. import delimited using "`input_file'", clear varnames(1)
(encoding automatically selected: ISO-8859-1)
(22 vars, 42,159,947 obs)

. 
. capture confirm variable relative_year_bin

. if _rc {
.     confirm variable relative_year
.     rename relative_year relative_year_bin
. }

. local required unique_small_grid_id province ac_uq_id count month year ///
>     monthyear downup_ac_pop av_wind_speed wind_direction election_year ///
>     yeargov treat cohort relative_year_bin control_type

. foreach variable of local required {
  2.     capture confirm variable `variable'
  3.     if _rc {
  4.         display as error "Required variable absent: `variable'"
  5.         exit 111
  6.     }
  7. }

. assert control_type == 0 if treat == 1

. assert inlist(control_type, 1, 2) if treat == 0

. 
. gen double countk = count * 1000

. merge m:1 unique_small_grid_id using ///
>     "${int_data}/ghs_grid_classification_2000.dta", ///
>     keep(master match) keepusing(is_rural)

    Result                      Number of obs
    -----------------------------------------
    Not matched                             0
    Matched                        42,159,947  (_merge==3)
    -----------------------------------------

. count if _merge == 1
  0

. display as text "Rows without rural classification: " r(N)
Rows without rural classification: 0

. drop _merge

. keep if ${is_rural_var} == 1
(11,013,790 observations deleted)

. keep if year < 2022 | (year == 2022 & month <= 8)
(5,521,118 observations deleted)

. 
. if "`control_sample'" == "never" {
.     keep if treat == 1 | control_type == 1
. }

. else if "`control_sample'" == "notyet" {
.     keep if treat == 1 | control_type == 2
(13,308,960 observations deleted)
.     display as error "CAUTION: control_type 2 is the legacy partial-zero-spel
> l group."
CAUTION: control_type 2 is the legacy partial-zero-spell group.
. }

. 
. gen byte fe_complete = 1

. local complete_vars unique_small_grid_id province ac_uq_id month year ///
>     monthyear election_year yeargov cohort countk downup_ac_pop ///
>     av_wind_speed wind_direction treat relative_year_bin control_type

. foreach variable of local complete_vars {
  2.     replace fe_complete = 0 if missing(`variable')
  3. }
(0 real changes made)
(0 real changes made)
(0 real changes made)
(0 real changes made)
(0 real changes made)
(0 real changes made)
(0 real changes made)
(0 real changes made)
(0 real changes made)
(0 real changes made)
(0 real changes made)
(0 real changes made)
(0 real changes made)
(0 real changes made)
(0 real changes made)
(0 real changes made)

. count if fe_complete == 0
  0

. display as text "Rows removed by common complete-case restriction: " r(N)
Rows removed by common complete-case restriction: 0

. drop if fe_complete == 0
(0 observations deleted)

. drop fe_complete

. 
. egen long unique_small_grid_id_cohort = group(unique_small_grid_id cohort)

. egen long province_cohort = group(province cohort)

. egen long monthyearco = group(month year cohort)

. egen long ac_elec_yr = group(ac_uq_id election_year cohort)

. 
. local fe1  "unique_small_grid_id_cohort"

. local fe2  "unique_small_grid_id_cohort monthyearco"

. local fe3  "unique_small_grid_id_cohort province_cohort#c.monthyear"

. local fe4  "unique_small_grid_id_cohort yeargov"

. local fe5  "unique_small_grid_id_cohort province_cohort#election_year"

. local fe6  "unique_small_grid_id_cohort province_cohort#election_year#yeargov
> "

. local fe7  "unique_small_grid_id_cohort monthyearco province_cohort#c.monthye
> ar"

. local fe8  "unique_small_grid_id_cohort monthyearco yeargov"

. local fe9  "unique_small_grid_id_cohort monthyearco province_cohort#election_
> year"

. local fe10 "unique_small_grid_id_cohort monthyearco province_cohort#election_
> year#yeargov"

. local fe11 "unique_small_grid_id_cohort province_cohort#c.monthyear yeargov"

. local fe12 "unique_small_grid_id_cohort province_cohort#c.monthyear province_
> cohort#election_year"

. local fe13 "unique_small_grid_id_cohort province_cohort#c.monthyear province_
> cohort#election_year#yeargov"

. local fe14 "unique_small_grid_id_cohort yeargov province_cohort#election_year
> "

. local fe15 "unique_small_grid_id_cohort yeargov province_cohort#election_year
> #yeargov"

. local fe16 "unique_small_grid_id_cohort province_cohort#election_year provinc
> e_cohort#election_year#yeargov"

. local fe17 "unique_small_grid_id_cohort monthyearco province_cohort#c.monthye
> ar yeargov"

. local fe18 "unique_small_grid_id_cohort monthyearco province_cohort#c.monthye
> ar province_cohort#election_year"

. local fe19 "unique_small_grid_id_cohort monthyearco province_cohort#c.monthye
> ar province_cohort#election_year#yeargov"

. local fe20 "unique_small_grid_id_cohort monthyearco yeargov province_cohort#e
> lection_year"

. local fe21 "unique_small_grid_id_cohort monthyearco yeargov province_cohort#e
> lection_year#yeargov"

. local fe22 "unique_small_grid_id_cohort monthyearco province_cohort#election_
> year province_cohort#election_year#yeargov"

. local fe23 "unique_small_grid_id_cohort province_cohort#c.monthyear yeargov p
> rovince_cohort#election_year"

. local fe24 "unique_small_grid_id_cohort province_cohort#c.monthyear yeargov p
> rovince_cohort#election_year#yeargov"

. local fe25 "unique_small_grid_id_cohort province_cohort#c.monthyear province_
> cohort#election_year province_cohort#election_year#yeargov"

. local fe26 "unique_small_grid_id_cohort yeargov province_cohort#election_year
>  province_cohort#election_year#yeargov"

. local fe27 "unique_small_grid_id_cohort monthyearco province_cohort#c.monthye
> ar yeargov province_cohort#election_year"

. local fe28 "unique_small_grid_id_cohort monthyearco province_cohort#c.monthye
> ar yeargov province_cohort#election_year#yeargov"

. local fe29 "unique_small_grid_id_cohort monthyearco province_cohort#c.monthye
> ar province_cohort#election_year province_cohort#election_year#yeargov"

. local fe30 "unique_small_grid_id_cohort monthyearco yeargov province_cohort#e
> lection_year province_cohort#election_year#yeargov"

. local fe31 "unique_small_grid_id_cohort province_cohort#c.monthyear yeargov p
> rovince_cohort#election_year province_cohort#election_year#yeargov"

. local fe32 "unique_small_grid_id_cohort monthyearco province_cohort#c.monthye
> ar yeargov province_cohort#election_year province_cohort#election_year#yeargo
> v"

. 
. tempfile full_analysis_sample

. save `full_analysis_sample'
file /tmp/1350682.1.largemem/St2818527.000001 saved as .dta format

. 
. *****************************************************************************
> ***
. * Event-study loop: prepare once, estimate FE 1/32, save each independently.
. *****************************************************************************
> ***
. use `full_analysis_sample', clear

. keep if inrange(relative_year_bin, -5, 4)
(1,383,389 observations deleted)

. quietly summarize relative_year_bin

. assert r(min) == -5

. assert r(max) == 4

. gen int relative_year_bin_aux = relative_year_bin + 6

. local base = 5

. gen byte moderator = 0

. * local moderators_list moderator downup_ac rice_area_aclvl_ahigh rice_harvar
> ea_aclvl_ahigh rice_prod_aclvl_ahigh
. local moderators_list moderator

. 
. count if treat == 1
  3,356,320

. local event_n_treated = r(N)

. count if treat == 0
  7,576,370

. local event_n_control = r(N)

. egen byte event_tag_ac = tag(ac_uq_id)

. count if event_tag_ac
  472

. local event_numacs = r(N)

. drop event_tag_ac

. quietly summarize countk if treat == 1 & relative_year_bin <= -1

. local event_ymean = r(mean)

. quietly summarize countk if treat == 1 & relative_year_bin <= -1 & moderator 
> == 1

. local event_ymean2 = r(mean)

. 
. foreach mod of local moderators_list {
  2.     replace moderator = `mod'
  3.     local event_rhs "ib`base'.relative_year_bin_aux##ib0.treat##ib0.`mod' 
> wind_direction av_wind_speed"
  4.     foreach fe of numlist $fe_list {
  5.         local fespec "`fe`fe''"
  6.         local tag : display %02.0f `fe'
  7.         local tag = strtrim("`tag'")
  8.         local prefix "politician_original_fe`tag'_controls_`control_sample
> '"
  9.         display as result "EVENT controls=`control_sample' FE=`fe'/32: `fe
> spec'"
 10.         est clear
 11.         reghdfejl countk `event_rhs', absorb(`fespec') vce(cluster ac_elec
> _yr)
 12.         estadd scalar ymean = `event_ymean'
 13.         estadd scalar ymean2 = `event_ymean2'
 14.         estadd scalar acq = `event_numacs'
 15.         estadd scalar fe_id = `fe'
 16.         estadd scalar n_treated = `event_n_treated'
 17.         estadd scalar n_control = `event_n_control'
 18.         estadd local smpl "Rural"
 19.         estadd local fespec "`fespec'"
 20.         estadd local mod "`mod'"
 21.         estadd local controls "`control_sample'"
 22.         est store evreg1
 23.         local out "${tables}/`prefix'_event_rural_acpop_all"
 24.         estwrite evreg1 using "`out'.ster", replace
 25.         confirm file "`out'.ster"
 26.     }
 27. }
(0 real changes made)
EVENT controls=notyet FE=1/32: unique_small_grid_id_cohort
(MWFE estimator converged in 1 iterations)

HDFE linear regression with Julia                 Number of obs   = 10,932,690
Absorbing 1 HDFE group                            F(  20,   2823) =      25.46
Statistics cluster-robust                         Prob > F        =     0.0000
                                                  R-squared       =     0.1048
                                                  Adj R-squared   =     0.0905
Number of clusters (ac_elec_yr) =       2824      Within R-sq.    =     0.0065
                                                  Root MSE        =   821.3396

                         (Std. err. adjusted for 2,824 clusters in ac_elec_yr)
------------------------------------------------------------------------------
             |               Robust
      countk | Coefficient  std. err.      t    P>|t|     [95% conf. interval]
-------------+----------------------------------------------------------------
relative_y~x |
          1  |   18.03877   8.694252     2.07   0.038     .9910437     35.0865
          2  |    43.2422    8.72477     4.96   0.000     26.13463    60.34977
          3  |   12.28663   4.471753     2.75   0.006       3.5184    21.05487
          4  |   3.179331   3.109335     1.02   0.307    -2.917468     9.27613
          6  |   4.906124   3.470444     1.41   0.158    -1.898739    11.71099
          7  |  -4.386069   4.513625    -0.97   0.331    -13.23641    4.464268
          8  |   7.094092    6.79165     1.04   0.296    -6.223007    20.41119
          9  |  -5.181475   6.913367    -0.75   0.454    -18.73724    8.374289
         10  |   3.942953   6.325442     0.62   0.533    -8.460004    16.34591
             |
     1.treat |          0  (omitted)
wind_direc~n |  -.6486169   .0336246   -19.29   0.000    -.7145482   -.5826855
av_wind_sp~d |   55.89434   5.081733    11.00   0.000     45.93005    65.85862
             |
relative_y~x#|
       treat |
        1 1  |  -20.80641   10.77209    -1.93   0.054    -41.92837    .3155499
        2 1  |  -57.43425   10.33485    -5.56   0.000    -77.69888   -37.16962
        3 1  |  -7.688689   8.069845    -0.95   0.341    -23.51208    8.134701
        4 1  |  -9.667909   6.797793    -1.42   0.155    -22.99705    3.661235
        6 1  |  -.3765256    6.50455    -0.06   0.954    -13.13068    12.37763
        7 1  |   7.032377   6.916243     1.02   0.309    -6.529026    20.59378
        8 1  |   1.942429   9.271008     0.21   0.834    -16.23621    20.12106
        9 1  |   16.47868   9.595633     1.72   0.086    -2.336482    35.29384
       10 1  |   8.446275   9.794066     0.86   0.389    -10.75798    27.65053
------------------------------------------------------------------------------

added scalar:
              e(ymean) =  112.47989

added scalar:
             e(ymean2) =  .

added scalar:
                e(acq) =  472

added scalar:
              e(fe_id) =  1

added scalar:
          e(n_treated) =  3356320

added scalar:
          e(n_control) =  7576370

added macro:
               e(smpl) : "Rural"

added macro:
             e(fespec) : "unique_small_grid_id_cohort"

added macro:
                e(mod) : "moderator"

added macro:
           e(controls) : "notyet"
(saving evreg1)
(file /users/aquisper/proj_bureaucrats_farms/code/_stacked_downup_replication/.
> ./../tables/exploratory_analysis/politician_original_controls_fe_sweep/politi
> cian_original_fe01_controls_notyet_event_rural_acpop_all.ster saved)
EVENT controls=notyet FE=2/32: unique_small_grid_id_cohort monthyearco
(MWFE estimator converged in 12 iterations)

HDFE linear regression with Julia                 Number of obs   = 10,932,690
Absorbing 2 HDFE groups                           F(  11,   2823) =      15.50
Statistics cluster-robust                         Prob > F        =     0.0000
                                                  R-squared       =     0.1379
                                                  Adj R-squared   =     0.1241
Number of clusters (ac_elec_yr) =       2824      Within R-sq.    =     0.0031
                                                  Root MSE        =   806.0432

                         (Std. err. adjusted for 2,824 clusters in ac_elec_yr)
------------------------------------------------------------------------------
             |               Robust
      countk | Coefficient  std. err.      t    P>|t|     [95% conf. interval]
-------------+----------------------------------------------------------------
relative_y~x |
          1  |          0  (omitted)
          2  |          0  (omitted)
          3  |          0  (omitted)
          4  |          0  (omitted)
          6  |          0  (omitted)
          7  |          0  (omitted)
          8  |          0  (omitted)
          9  |          0  (omitted)
         10  |          0  (omitted)
             |
     1.treat |          0  (omitted)
wind_direc~n |  -.2719426   .0251843   -10.80   0.000    -.3213242    -.222561
av_wind_sp~d |   165.9949   15.16491    10.95   0.000     136.2595    195.7304
             |
relative_y~x#|
       treat |
        1 1  |  -7.938101    10.3227    -0.77   0.442     -28.1789     12.3027
        2 1  |  -25.97846   9.097199    -2.86   0.004    -43.81629   -8.140632
        3 1  |   21.44083   8.310698     2.58   0.010     5.145175    37.73649
        4 1  |   8.127051   6.849671     1.19   0.236    -5.303816    21.55792
        6 1  |   12.94402   6.884328     1.88   0.060    -.5548005    26.44285
        7 1  |   28.48397   7.623612     3.74   0.000     13.53556    43.43238
        8 1  |   28.74594   9.990476     2.88   0.004     9.156572    48.33532
        9 1  |   37.79567   10.11263     3.74   0.000     17.96677    57.62456
       10 1  |    29.3384   9.790414     3.00   0.003     10.14131    48.53549
------------------------------------------------------------------------------

added scalar:
              e(ymean) =  112.47989

added scalar:
             e(ymean2) =  .

added scalar:
                e(acq) =  472

added scalar:
              e(fe_id) =  2

added scalar:
          e(n_treated) =  3356320

added scalar:
          e(n_control) =  7576370

added macro:
               e(smpl) : "Rural"

added macro:
             e(fespec) : "unique_small_grid_id_cohort monthyearco"

added macro:
                e(mod) : "moderator"

added macro:
           e(controls) : "notyet"
(saving evreg1)
(file /users/aquisper/proj_bureaucrats_farms/code/_stacked_downup_replication/.
> ./../tables/exploratory_analysis/politician_original_controls_fe_sweep/politi
> cian_original_fe02_controls_notyet_event_rural_acpop_all.ster saved)
EVENT controls=notyet FE=3/32: unique_small_grid_id_cohort province_cohort#c.mo
> nthyear
(MWFE estimator converged in 22 iterations)

HDFE linear regression with Julia                 Number of obs   = 10,932,690
Absorbing 2 HDFE groups                           F(  20,   2823) =      26.67
Statistics cluster-robust                         Prob > F        =     0.0000
                                                  R-squared       =     0.1055
                                                  Adj R-squared   =     0.0912
Number of clusters (ac_elec_yr) =       2824      Within R-sq.    =     0.0068
                                                  Root MSE        =   821.0244

                         (Std. err. adjusted for 2,824 clusters in ac_elec_yr)
------------------------------------------------------------------------------
             |               Robust
      countk | Coefficient  std. err.      t    P>|t|     [95% conf. interval]
-------------+----------------------------------------------------------------
relative_y~x |
          1  |   231.1306   69.64763     3.32   0.001     94.56522     367.696
          2  |   195.6125   55.17488     3.55   0.000     87.42538    303.7997
          3  |    110.103   33.46801     3.29   0.001     44.47879    175.7273
          4  |    50.8473   17.11756     2.97   0.003     17.28311    84.41149
          6  |   -40.6877   16.14072    -2.52   0.012    -72.33649     -9.0389
          7  |  -92.74387   35.10858    -2.64   0.008    -161.5849   -23.90281
          8  |  -120.8112   50.96478    -2.37   0.018    -220.7431   -20.87918
          9  |  -175.4028   66.52653    -2.64   0.008    -305.8483   -44.95726
         10  |  -207.0387   82.62467    -2.51   0.012    -369.0495   -45.02782
             |
     1.treat |          0  (omitted)
wind_direc~n |  -.6692396   .0362483   -18.46   0.000    -.7403155   -.5981637
av_wind_sp~d |   66.23997   6.157403    10.76   0.000      54.1665    78.31343
             |
relative_y~x#|
       treat |
        1 1  |  -38.47664   14.22411    -2.71   0.007    -66.36733   -10.58594
        2 1  |  -66.47059   12.22562    -5.44   0.000    -90.44264   -42.49854
        3 1  |  -13.33748   8.963685    -1.49   0.137    -30.91351     4.23856
        4 1  |  -12.35779   6.844982    -1.81   0.071    -25.77947    1.063878
        6 1  |   6.085004   7.050011     0.86   0.388    -7.738691     19.9087
        7 1  |   17.34441   8.453943     2.05   0.040     .7678822    33.92094
        8 1  |   12.07498   10.96863     1.10   0.271    -9.432356    33.58233
        9 1  |    28.3465   10.75645     2.64   0.008     7.255194    49.43781
       10 1  |   20.65475   10.90812     1.89   0.058     -.733936    42.04345
------------------------------------------------------------------------------

added scalar:
              e(ymean) =  112.47989

added scalar:
             e(ymean2) =  .

added scalar:
                e(acq) =  472

added scalar:
              e(fe_id) =  3

added scalar:
          e(n_treated) =  3356320

added scalar:
          e(n_control) =  7576370

added macro:
               e(smpl) : "Rural"

added macro:
             e(fespec) : "unique_small_grid_id_cohort province_cohort#c.monthye
> ar"

added macro:
                e(mod) : "moderator"

added macro:
           e(controls) : "notyet"
(saving evreg1)
(file /users/aquisper/proj_bureaucrats_farms/code/_stacked_downup_replication/.
> ./../tables/exploratory_analysis/politician_original_controls_fe_sweep/politi
> cian_original_fe03_controls_notyet_event_rural_acpop_all.ster saved)
EVENT controls=notyet FE=4/32: unique_small_grid_id_cohort yeargov
(MWFE estimator converged in 7 iterations)

HDFE linear regression with Julia                 Number of obs   = 10,932,690
Absorbing 2 HDFE groups                           F(  20,   2823) =      25.61
Statistics cluster-robust                         Prob > F        =     0.0000
                                                  R-squared       =     0.1049
                                                  Adj R-squared   =     0.0907
Number of clusters (ac_elec_yr) =       2824      Within R-sq.    =     0.0066
                                                  Root MSE        =   821.2794

                         (Std. err. adjusted for 2,824 clusters in ac_elec_yr)
------------------------------------------------------------------------------
             |               Robust
      countk | Coefficient  std. err.      t    P>|t|     [95% conf. interval]
-------------+----------------------------------------------------------------
relative_y~x |
          1  |   24.62887   8.800253     2.80   0.005     7.373295    41.88445
          2  |   52.06104   9.115938     5.71   0.000     34.18646    69.93561
          3  |   22.58232   4.897769     4.61   0.000     12.97876    32.18589
          4  |   10.35939    3.20978     3.23   0.001     4.065634    16.65314
          6  |    .128105   3.558642     0.04   0.971    -6.849696    7.105906
          7  |  -10.83601   4.984784    -2.17   0.030     -20.6102   -1.061826
          8  |  -1.511006   7.034928    -0.21   0.830    -15.30513    12.28311
          9  |  -11.66782   7.361734    -1.58   0.113    -26.10274    2.767102
         10  |   -16.7063   7.327337    -2.28   0.023    -31.07377    -2.33882
             |
     1.treat |          0  (omitted)
wind_direc~n |  -.6509508   .0337483   -19.29   0.000    -.7171245    -.584777
av_wind_sp~d |    56.3717   5.101521    11.05   0.000     46.36862    66.37479
             |
relative_y~x#|
       treat |
        1 1  |   8.642799   10.24864     0.84   0.399    -11.45278    28.73837
        2 1  |  -25.77273   9.688414    -2.66   0.008    -44.76981   -6.775639
        3 1  |   5.355519   8.982641     0.60   0.551    -12.25769    22.96872
        4 1  |   4.717593   7.519821     0.63   0.530    -10.02731    19.46249
        6 1  |   40.47133   8.404815     4.82   0.000     23.99113    56.95153
        7 1  |   53.96222   9.862355     5.47   0.000     34.62407    73.30037
        8 1  |   33.90723   10.95302     3.10   0.002     12.43049    55.38397
        9 1  |   44.54524   10.90611     4.08   0.000     23.16048       65.93
       10 1  |   29.12858   10.51811     2.77   0.006     8.504623    49.75253
------------------------------------------------------------------------------

added scalar:
              e(ymean) =  112.47989

added scalar:
             e(ymean2) =  .

added scalar:
                e(acq) =  472

added scalar:
              e(fe_id) =  4

added scalar:
          e(n_treated) =  3356320

added scalar:
          e(n_control) =  7576370

added macro:
               e(smpl) : "Rural"

added macro:
             e(fespec) : "unique_small_grid_id_cohort yeargov"

added macro:
                e(mod) : "moderator"

added macro:
           e(controls) : "notyet"
(saving evreg1)
(file /users/aquisper/proj_bureaucrats_farms/code/_stacked_downup_replication/.
> ./../tables/exploratory_analysis/politician_original_controls_fe_sweep/politi
> cian_original_fe04_controls_notyet_event_rural_acpop_all.ster saved)
EVENT controls=notyet FE=5/32: unique_small_grid_id_cohort province_cohort#elec
> tion_year
(MWFE estimator converged in 16 iterations)

HDFE linear regression with Julia                 Number of obs   = 10,932,690
Absorbing 2 HDFE groups                           F(  20,   2823) =      25.83
Statistics cluster-robust                         Prob > F        =     0.0000
                                                  R-squared       =     0.1055
                                                  Adj R-squared   =     0.0913
Number of clusters (ac_elec_yr) =       2824      Within R-sq.    =     0.0064
                                                  Root MSE        =   821.0055

                         (Std. err. adjusted for 2,824 clusters in ac_elec_yr)
------------------------------------------------------------------------------
             |               Robust
      countk | Coefficient  std. err.      t    P>|t|     [95% conf. interval]
-------------+----------------------------------------------------------------
relative_y~x |
          1  |   16.49295   11.45086     1.44   0.150    -5.959945    38.94585
          2  |   43.34035   10.51175     4.12   0.000     22.72887    63.95184
          3  |   12.72034   4.636688     2.74   0.006     3.628705    21.81198
          4  |   3.902482   3.171944     1.23   0.219    -2.317081    10.12205
          6  |   7.110715   3.318131     2.14   0.032     .6045076    13.61692
          7  |  -.7463548   4.941535    -0.15   0.880    -10.43574     8.94303
          8  |   16.30867   7.695644     2.12   0.034      1.21901    31.39832
          9  |   10.95014   7.198703     1.52   0.128    -3.165105    25.06539
         10  |   22.65177   7.444551     3.04   0.002     8.054456    37.24907
             |
     1.treat |          0  (omitted)
wind_direc~n |  -.6486131   .0338514   -19.16   0.000    -.7149892   -.5822371
av_wind_sp~d |   55.43433   5.085261    10.90   0.000     45.46313    65.40553
             |
relative_y~x#|
       treat |
        1 1  |  -18.41272   13.10283    -1.41   0.160    -44.10481    7.279376
        2 1  |  -57.09655    11.8495    -4.82   0.000    -80.33112   -33.86199
        3 1  |  -7.430108   8.313783    -0.89   0.372    -23.73181    8.871597
        4 1  |  -10.38837   6.827192    -1.52   0.128    -23.77516    2.998421
        6 1  |   5.732659   10.72077     0.53   0.593    -15.28867    26.75399
        7 1  |   16.94254   10.33752     1.64   0.101    -3.327321    37.21239
        8 1  |   7.756218   11.57508     0.67   0.503    -14.94025    30.45268
        9 1  |    14.4929   11.47854     1.26   0.207    -8.014272    37.00007
       10 1  |   3.873579   11.56589     0.33   0.738    -18.80487    26.55203
------------------------------------------------------------------------------

added scalar:
              e(ymean) =  112.47989

added scalar:
             e(ymean2) =  .

added scalar:
                e(acq) =  472

added scalar:
              e(fe_id) =  5

added scalar:
          e(n_treated) =  3356320

added scalar:
          e(n_control) =  7576370

added macro:
               e(smpl) : "Rural"

added macro:
             e(fespec) : "unique_small_grid_id_cohort province_cohort#election_
> year"

added macro:
                e(mod) : "moderator"

added macro:
           e(controls) : "notyet"
(saving evreg1)
(file /users/aquisper/proj_bureaucrats_farms/code/_stacked_downup_replication/.
> ./../tables/exploratory_analysis/politician_original_controls_fe_sweep/politi
> cian_original_fe05_controls_notyet_event_rural_acpop_all.ster saved)
EVENT controls=notyet FE=6/32: unique_small_grid_id_cohort province_cohort#elec
> tion_year#yeargov
(MWFE estimator converged in 17 iterations)

HDFE linear regression with Julia                 Number of obs   = 10,932,690
Absorbing 2 HDFE groups                           F(  20,   2823) =      24.71
Statistics cluster-robust                         Prob > F        =     0.0000
                                                  R-squared       =     0.1082
                                                  Adj R-squared   =     0.0939
Number of clusters (ac_elec_yr) =       2824      Within R-sq.    =     0.0072
                                                  Root MSE        =   819.7919

                         (Std. err. adjusted for 2,824 clusters in ac_elec_yr)
------------------------------------------------------------------------------
             |               Robust
      countk | Coefficient  std. err.      t    P>|t|     [95% conf. interval]
-------------+----------------------------------------------------------------
relative_y~x |
          1  |   262.5882   65.57814     4.00   0.000     134.0022    391.1741
          2  |   266.6312   50.69483     5.26   0.000     167.2286    366.0339
          3  |   160.7133   26.72387     6.01   0.000      108.313    213.1136
          4  |   74.19769   13.00642     5.70   0.000     48.69464    99.70074
          6  |  -60.38494   13.53218    -4.46   0.000    -86.91889   -33.85098
          7  |  -133.5855   29.73858    -4.49   0.000     -191.897   -75.27394
          8  |  -137.8426    40.8155    -3.38   0.001    -217.8738   -57.81137
          9  |   -185.632   55.17928    -3.36   0.001    -293.8278   -77.43625
         10  |  -251.2349   73.23352    -3.43   0.001    -394.8315   -107.6382
             |
     1.treat |          0  (omitted)
wind_direc~n |  -.6750108   .0356921   -18.91   0.000     -.744996   -.6050255
av_wind_sp~d |   59.92368   5.096263    11.76   0.000      49.9309    69.91646
             |
relative_y~x#|
       treat |
        1 1  |  -9.146789   10.63461    -0.86   0.390    -29.99919    11.70561
        2 1  |  -7.261739   8.079802    -0.90   0.369    -23.10465    8.581175
        3 1  |   1.431584   9.940949     0.14   0.886    -18.06068    20.92384
        4 1  |   .3988092   7.401241     0.05   0.957    -14.11358     14.9112
        6 1  |   19.67264   9.950404     1.98   0.048     .1618411    39.18344
        7 1  |   22.75809   10.97418     2.07   0.038     1.239871     44.2763
        8 1  |   23.25943   11.70632     1.99   0.047     .3056188    46.21324
        9 1  |   25.68384   12.14414     2.11   0.035      1.87155    49.49613
       10 1  |   24.31698   12.10117     2.01   0.045     .5889443    48.04501
------------------------------------------------------------------------------

added scalar:
              e(ymean) =  112.47989

added scalar:
             e(ymean2) =  .

added scalar:
                e(acq) =  472

added scalar:
              e(fe_id) =  6

added scalar:
          e(n_treated) =  3356320

added scalar:
          e(n_control) =  7576370

added macro:
               e(smpl) : "Rural"

added macro:
             e(fespec) : "unique_small_grid_id_cohort province_cohort#election_
> year#yeargov"

added macro:
                e(mod) : "moderator"

added macro:
           e(controls) : "notyet"
(saving evreg1)
(file /users/aquisper/proj_bureaucrats_farms/code/_stacked_downup_replication/.
> ./../tables/exploratory_analysis/politician_original_controls_fe_sweep/politi
> cian_original_fe06_controls_notyet_event_rural_acpop_all.ster saved)
EVENT controls=notyet FE=7/32: unique_small_grid_id_cohort monthyearco province
> _cohort#c.monthyear
(MWFE estimator converged in 67 iterations)

HDFE linear regression with Julia                 Number of obs   = 10,932,690
Absorbing 3 HDFE groups                           F(  11,   2823) =      15.39
Statistics cluster-robust                         Prob > F        =     0.0000
                                                  R-squared       =     0.1382
                                                  Adj R-squared   =     0.1244
Number of clusters (ac_elec_yr) =       2824      Within R-sq.    =     0.0031
                                                  Root MSE        =   805.8903

                         (Std. err. adjusted for 2,824 clusters in ac_elec_yr)
------------------------------------------------------------------------------
             |               Robust
      countk | Coefficient  std. err.      t    P>|t|     [95% conf. interval]
-------------+----------------------------------------------------------------
relative_y~x |
          1  |          0  (omitted)
          2  |          0  (omitted)
          3  |          0  (omitted)
          4  |          0  (omitted)
          6  |          0  (omitted)
          7  |          0  (omitted)
          8  |          0  (omitted)
          9  |          0  (omitted)
         10  |          0  (omitted)
             |
     1.treat |          0  (omitted)
wind_direc~n |  -.2711903   .0252693   -10.73   0.000    -.3207385   -.2216421
av_wind_sp~d |   166.2163   15.18709    10.94   0.000     136.4374    195.9952
             |
relative_y~x#|
       treat |
        1 1  |  -15.72855   12.03892    -1.31   0.191    -39.33451    7.877415
        2 1  |  -32.22255   10.42475    -3.09   0.002    -52.66345   -11.78165
        3 1  |   16.18134   9.126025     1.77   0.076    -1.713011    34.07569
        4 1  |   4.942963   6.749802     0.73   0.464    -8.292081    18.17801
        6 1  |   16.15089   7.559691     2.14   0.033     1.327814    30.97397
        7 1  |   34.85002    8.64488     4.03   0.000      17.8991    51.80094
        8 1  |   36.91413   11.33885     3.26   0.001     14.68087     59.1474
        9 1  |   46.91512   11.54208     4.06   0.000     24.28335    69.54688
       10 1  |   38.59782   11.22777     3.44   0.001     16.58235    60.61328
------------------------------------------------------------------------------

added scalar:
              e(ymean) =  112.47989

added scalar:
             e(ymean2) =  .

added scalar:
                e(acq) =  472

added scalar:
              e(fe_id) =  7

added scalar:
          e(n_treated) =  3356320

added scalar:
          e(n_control) =  7576370

added macro:
               e(smpl) : "Rural"

added macro:
             e(fespec) : "unique_small_grid_id_cohort monthyearco province_coho
> rt#c.monthyear"

added macro:
                e(mod) : "moderator"

added macro:
           e(controls) : "notyet"
(saving evreg1)
(file /users/aquisper/proj_bureaucrats_farms/code/_stacked_downup_replication/.
> ./../tables/exploratory_analysis/politician_original_controls_fe_sweep/politi
> cian_original_fe07_controls_notyet_event_rural_acpop_all.ster saved)
EVENT controls=notyet FE=8/32: unique_small_grid_id_cohort monthyearco yeargov
(MWFE estimator converged in 17 iterations)

HDFE linear regression with Julia                 Number of obs   = 10,932,690
Absorbing 3 HDFE groups                           F(  11,   2823) =      15.27
Statistics cluster-robust                         Prob > F        =     0.0000
                                                  R-squared       =     0.1379
                                                  Adj R-squared   =     0.1242
Number of clusters (ac_elec_yr) =       2824      Within R-sq.    =     0.0031
                                                  Root MSE        =   806.0132

                         (Std. err. adjusted for 2,824 clusters in ac_elec_yr)
------------------------------------------------------------------------------
             |               Robust
      countk | Coefficient  std. err.      t    P>|t|     [95% conf. interval]
-------------+----------------------------------------------------------------
relative_y~x |
          1  |          0  (omitted)
          2  |          0  (omitted)
          3  |          0  (omitted)
          4  |          0  (omitted)
          6  |          0  (omitted)
          7  |          0  (omitted)
          8  |          0  (omitted)
          9  |          0  (omitted)
         10  |          0  (omitted)
             |
     1.treat |          0  (omitted)
wind_direc~n |  -.2741354   .0252243   -10.87   0.000    -.3235953   -.2246755
av_wind_sp~d |   166.2183   15.16678    10.96   0.000     136.4793    195.9574
             |
relative_y~x#|
       treat |
        1 1  |   5.425603    10.3364     0.52   0.600    -14.84205    25.69326
        2 1  |  -10.01683   9.005643    -1.11   0.266    -27.67514    7.641475
        3 1  |   16.30718   8.913563     1.83   0.067    -1.170574    33.78494
        4 1  |   5.887221   7.287235     0.81   0.419    -8.401624    20.17607
        6 1  |    32.9122    8.56555     3.84   0.000     16.11683    49.70757
        7 1  |   51.99691   9.934056     5.23   0.000     32.51816    71.47565
        8 1  |   32.60334   11.12588     2.93   0.003     10.78767    54.41902
        9 1  |   43.65702   10.90189     4.00   0.000     22.28053     65.0335
       10 1  |   37.18707   10.36425     3.59   0.000      16.8648    57.50933
------------------------------------------------------------------------------

added scalar:
              e(ymean) =  112.47989

added scalar:
             e(ymean2) =  .

added scalar:
                e(acq) =  472

added scalar:
              e(fe_id) =  8

added scalar:
          e(n_treated) =  3356320

added scalar:
          e(n_control) =  7576370

added macro:
               e(smpl) : "Rural"

added macro:
             e(fespec) : "unique_small_grid_id_cohort monthyearco yeargov"

added macro:
                e(mod) : "moderator"

added macro:
           e(controls) : "notyet"
(saving evreg1)
(file /users/aquisper/proj_bureaucrats_farms/code/_stacked_downup_replication/.
> ./../tables/exploratory_analysis/politician_original_controls_fe_sweep/politi
> cian_original_fe08_controls_notyet_event_rural_acpop_all.ster saved)
EVENT controls=notyet FE=9/32: unique_small_grid_id_cohort monthyearco province
> _cohort#election_year
(MWFE estimator converged in 33 iterations)

HDFE linear regression with Julia                 Number of obs   = 10,932,690
Absorbing 3 HDFE groups                           F(  11,   2823) =      15.05
Statistics cluster-robust                         Prob > F        =     0.0000
                                                  R-squared       =     0.1386
                                                  Adj R-squared   =     0.1248
Number of clusters (ac_elec_yr) =       2824      Within R-sq.    =     0.0030
                                                  Root MSE        =   805.7109

                         (Std. err. adjusted for 2,824 clusters in ac_elec_yr)
------------------------------------------------------------------------------
             |               Robust
      countk | Coefficient  std. err.      t    P>|t|     [95% conf. interval]
-------------+----------------------------------------------------------------
relative_y~x |
          1  |          0  (omitted)
          2  |          0  (omitted)
          3  |          0  (omitted)
          4  |          0  (omitted)
          6  |          0  (omitted)
          7  |          0  (omitted)
          8  |          0  (omitted)
          9  |          0  (omitted)
         10  |          0  (omitted)
             |
     1.treat |          0  (omitted)
wind_direc~n |  -.2661826    .025086   -10.61   0.000    -.3153714   -.2169938
av_wind_sp~d |   165.3666   15.15989    10.91   0.000      135.641    195.0922
             |
relative_y~x#|
       treat |
        1 1  |  -7.558459   12.18213    -0.62   0.535    -31.44523    16.32831
        2 1  |  -27.20389   10.60352    -2.57   0.010    -47.99532   -6.412451
        3 1  |   20.36629   9.138595     2.23   0.026     2.447292    38.28529
        4 1  |   6.970049   6.918414     1.01   0.314     -6.59561    20.53571
        6 1  |   12.27206   10.46177     1.17   0.241    -8.241434    32.78555
        7 1  |   29.94483   10.46749     2.86   0.004     9.420127    50.46954
        8 1  |   29.62726   11.72724     2.53   0.012     6.632433    52.62209
        9 1  |   36.48151   11.77959     3.10   0.002     13.38404    59.57899
       10 1  |    26.4313   11.52424     2.29   0.022      3.83451    49.02808
------------------------------------------------------------------------------

added scalar:
              e(ymean) =  112.47989

added scalar:
             e(ymean2) =  .

added scalar:
                e(acq) =  472

added scalar:
              e(fe_id) =  9

added scalar:
          e(n_treated) =  3356320

added scalar:
          e(n_control) =  7576370

added macro:
               e(smpl) : "Rural"

added macro:
             e(fespec) : "unique_small_grid_id_cohort monthyearco province_coho
> rt#election_year"

added macro:
                e(mod) : "moderator"

added macro:
           e(controls) : "notyet"
(saving evreg1)
(file /users/aquisper/proj_bureaucrats_farms/code/_stacked_downup_replication/.
> ./../tables/exploratory_analysis/politician_original_controls_fe_sweep/politi
> cian_original_fe09_controls_notyet_event_rural_acpop_all.ster saved)
EVENT controls=notyet FE=10/32: unique_small_grid_id_cohort monthyearco provinc
> e_cohort#election_year#yeargov
(MWFE estimator converged in 164 iterations)

HDFE linear regression with Julia                 Number of obs   = 10,932,690
Absorbing 3 HDFE groups                           F(  11,   2823) =      13.99
Statistics cluster-robust                         Prob > F        =     0.0000
                                                  R-squared       =     0.1413
                                                  Adj R-squared   =     0.1276
Number of clusters (ac_elec_yr) =       2824      Within R-sq.    =     0.0030
                                                  Root MSE        =   804.4356

                         (Std. err. adjusted for 2,824 clusters in ac_elec_yr)
------------------------------------------------------------------------------
             |               Robust
      countk | Coefficient  std. err.      t    P>|t|     [95% conf. interval]
-------------+----------------------------------------------------------------
relative_y~x |
          1  |          0  (omitted)
          2  |          0  (omitted)
          3  |          0  (omitted)
          4  |          0  (omitted)
          6  |          0  (omitted)
          7  |          0  (omitted)
          8  |          0  (omitted)
          9  |          0  (omitted)
         10  |          0  (omitted)
             |
     1.treat |          0  (omitted)
wind_direc~n |  -.2507556   .0245793   -10.20   0.000    -.2989508   -.2025603
av_wind_sp~d |   170.3024   15.72186    10.83   0.000     139.4749    201.1299
             |
relative_y~x#|
       treat |
        1 1  |  -5.361293   10.63767    -0.50   0.614    -26.21969     15.4971
        2 1  |  -6.152714   7.927851    -0.78   0.438    -21.69768    9.392253
        3 1  |   2.964414   9.944216     0.30   0.766    -16.53425    22.46308
        4 1  |   .3148417   7.192616     0.04   0.965    -13.78847    14.41816
        6 1  |   19.69144   9.808442     2.01   0.045     .4589969    38.92388
        7 1  |   22.77357    10.8143     2.11   0.035     1.568846    43.97829
        8 1  |   24.02497   11.70596     2.05   0.040     1.071861    46.97808
        9 1  |   27.42214   12.03102     2.28   0.023     3.831659    51.01262
       10 1  |   25.18038   11.93368     2.11   0.035     1.780755       48.58
------------------------------------------------------------------------------

added scalar:
              e(ymean) =  112.47989

added scalar:
             e(ymean2) =  .

added scalar:
                e(acq) =  472

added scalar:
              e(fe_id) =  10

added scalar:
          e(n_treated) =  3356320

added scalar:
          e(n_control) =  7576370

added macro:
               e(smpl) : "Rural"

added macro:
             e(fespec) : "unique_small_grid_id_cohort monthyearco province_coho
> rt#election_year#yeargov"

added macro:
                e(mod) : "moderator"

added macro:
           e(controls) : "notyet"
(saving evreg1)
(file /users/aquisper/proj_bureaucrats_farms/code/_stacked_downup_replication/.
> ./../tables/exploratory_analysis/politician_original_controls_fe_sweep/politi
> cian_original_fe10_controls_notyet_event_rural_acpop_all.ster saved)
EVENT controls=notyet FE=11/32: unique_small_grid_id_cohort province_cohort#c.m
> onthyear yeargov
(MWFE estimator converged in 49 iterations)

HDFE linear regression with Julia                 Number of obs   = 10,932,690
Absorbing 3 HDFE groups                           F(  20,   2823) =      26.70
Statistics cluster-robust                         Prob > F        =     0.0000
                                                  R-squared       =     0.1056
                                                  Adj R-squared   =     0.0913
Number of clusters (ac_elec_yr) =       2824      Within R-sq.    =     0.0069
                                                  Root MSE        =   820.9798

                         (Std. err. adjusted for 2,824 clusters in ac_elec_yr)
------------------------------------------------------------------------------
             |               Robust
      countk | Coefficient  std. err.      t    P>|t|     [95% conf. interval]
-------------+----------------------------------------------------------------
relative_y~x |
          1  |    227.156   69.04207     3.29   0.001     91.77797     362.534
          2  |   197.0094     54.819     3.59   0.000     89.52007    304.4988
          3  |   115.4704   33.36265     3.46   0.001     50.05277    180.8881
          4  |    55.5546   17.11215     3.25   0.001     22.00102    89.10819
          6  |  -44.13695   16.28803    -2.71   0.007    -76.07459   -12.19931
          7  |  -95.92602    35.2282    -2.72   0.007    -165.0016    -26.8504
          8  |  -125.1575   50.91814    -2.46   0.014     -224.998   -25.31698
          9  |  -176.9015   66.21482    -2.67   0.008    -306.7358   -47.06714
         10  |  -219.3938   82.72822    -2.65   0.008    -381.6077   -57.17997
             |
     1.treat |          0  (omitted)
wind_direc~n |  -.6699615    .036303   -18.45   0.000    -.7411447   -.5987783
av_wind_sp~d |   66.12853   6.150341    10.75   0.000     54.06891    78.18815
             |
relative_y~x#|
       treat |
        1 1  |   -13.8226   13.40096    -1.03   0.302    -40.09927    12.45407
        2 1  |  -38.08886   11.42512    -3.33   0.001     -60.4913   -15.68642
        3 1  |  -1.426417   9.498539    -0.15   0.881     -20.0512    17.19836
        4 1  |   .5446815   7.455074     0.07   0.942    -14.07326    15.16263
        6 1  |   41.84144   8.776778     4.77   0.000     24.63189    59.05098
        7 1  |   59.37533   10.62818     5.59   0.000     38.53555    80.21512
        8 1  |   40.87969   12.15713     3.36   0.001     17.04193    64.71745
        9 1  |   53.82322   11.83012     4.55   0.000     30.62666    77.01979
       10 1  |   38.79934   11.45282     3.39   0.001     16.34259    61.25609
------------------------------------------------------------------------------

added scalar:
              e(ymean) =  112.47989

added scalar:
             e(ymean2) =  .

added scalar:
                e(acq) =  472

added scalar:
              e(fe_id) =  11

added scalar:
          e(n_treated) =  3356320

added scalar:
          e(n_control) =  7576370

added macro:
               e(smpl) : "Rural"

added macro:
             e(fespec) : "unique_small_grid_id_cohort province_cohort#c.monthye
> ar yeargov"

added macro:
                e(mod) : "moderator"

added macro:
           e(controls) : "notyet"
(saving evreg1)
(file /users/aquisper/proj_bureaucrats_farms/code/_stacked_downup_replication/.
> ./../tables/exploratory_analysis/politician_original_controls_fe_sweep/politi
> cian_original_fe11_controls_notyet_event_rural_acpop_all.ster saved)
EVENT controls=notyet FE=12/32: unique_small_grid_id_cohort province_cohort#c.m
> onthyear province_cohort#election_year
(MWFE estimator converged in 80 iterations)

HDFE linear regression with Julia                 Number of obs   = 10,932,690
Absorbing 3 HDFE groups                           F(  20,   2823) =      27.19
Statistics cluster-robust                         Prob > F        =     0.0000
                                                  R-squared       =     0.1062
                                                  Adj R-squared   =     0.0919
Number of clusters (ac_elec_yr) =       2824      Within R-sq.    =     0.0069
                                                  Root MSE        =   820.7097

                         (Std. err. adjusted for 2,824 clusters in ac_elec_yr)
------------------------------------------------------------------------------
             |               Robust
      countk | Coefficient  std. err.      t    P>|t|     [95% conf. interval]
-------------+----------------------------------------------------------------
relative_y~x |
          1  |   242.2529   71.16222     3.40   0.001     102.7177    381.7881
          2  |   217.2302   58.09923     3.74   0.000      103.309    331.1515
          3  |   132.8293   35.83935     3.71   0.000     62.55529    203.1032
          4  |    63.2235   18.17595     3.48   0.001     27.58401    98.86298
          6  |  -58.94995    18.1512    -3.25   0.001    -94.54091   -23.35898
          7  |  -117.7604   37.45637    -3.14   0.002    -191.2051    -44.3158
          8  |  -140.4023   52.76478    -2.66   0.008    -243.8637    -36.9409
          9  |    -185.03   68.00507    -2.72   0.007    -318.3746   -51.68531
         10  |  -218.8374   84.13949    -2.60   0.009    -383.8185   -53.85631
             |
     1.treat |          0  (omitted)
wind_direc~n |  -.6697369   .0363276   -18.44   0.000    -.7409681   -.5985056
av_wind_sp~d |   66.72105     6.2038    10.75   0.000     54.55661    78.88549
             |
relative_y~x#|
       treat |
        1 1  |  -60.50927   18.37533    -3.29   0.001     -96.5397   -24.47885
        2 1  |  -98.32556   17.64263    -5.57   0.000    -132.9193    -63.7318
        3 1  |  -44.90134    11.6798    -3.84   0.000    -67.80315   -21.99954
        4 1  |  -29.49949   7.671609    -3.85   0.000    -44.54202   -14.45696
        6 1  |  -34.26941   13.75058    -2.49   0.013     -61.2316   -7.307209
        7 1  |  -8.647381   11.51783    -0.75   0.453     -31.2316    13.93684
        8 1  |  -13.57572    12.4997    -1.09   0.278    -38.08519    10.93375
        9 1  |  -1.154891   12.17666    -0.09   0.924    -25.03095    22.72117
       10 1  |  -.4971629   12.02914    -0.04   0.967    -24.08395    23.08962
------------------------------------------------------------------------------

added scalar:
              e(ymean) =  112.47989

added scalar:
             e(ymean2) =  .

added scalar:
                e(acq) =  472

added scalar:
              e(fe_id) =  12

added scalar:
          e(n_treated) =  3356320

added scalar:
          e(n_control) =  7576370

added macro:
               e(smpl) : "Rural"

added macro:
             e(fespec) : "unique_small_grid_id_cohort province_cohort#c.monthye
> ar province_cohort#election_year"

added macro:
                e(mod) : "moderator"

added macro:
           e(controls) : "notyet"
(saving evreg1)
(file /users/aquisper/proj_bureaucrats_farms/code/_stacked_downup_replication/.
> ./../tables/exploratory_analysis/politician_original_controls_fe_sweep/politi
> cian_original_fe12_controls_notyet_event_rural_acpop_all.ster saved)
EVENT controls=notyet FE=13/32: unique_small_grid_id_cohort province_cohort#c.m
> onthyear province_cohort#election_year#yeargov
(MWFE estimator converged in 48 iterations)

HDFE linear regression with Julia                 Number of obs   = 10,932,690
Absorbing 3 HDFE groups                           F(  20,   2823) =      22.87
Statistics cluster-robust                         Prob > F        =     0.0000
                                                  R-squared       =     0.1084
                                                  Adj R-squared   =     0.0941
Number of clusters (ac_elec_yr) =       2824      Within R-sq.    =     0.0074
                                                  Root MSE        =   819.7100

                         (Std. err. adjusted for 2,824 clusters in ac_elec_yr)
------------------------------------------------------------------------------
             |               Robust
      countk | Coefficient  std. err.      t    P>|t|     [95% conf. interval]
-------------+----------------------------------------------------------------
relative_y~x |
          1  |   547.3667   156.3767     3.50   0.000     240.7425     853.991
          2  |   483.9452   119.4134     4.05   0.000     249.7989    718.0915
          3  |   312.0793   72.70998     4.29   0.000     169.5092    454.6494
          4  |   150.8305   36.37355     4.15   0.000     79.50906    222.1519
          6  |  -137.8021   36.41273    -3.78   0.000    -209.2003   -66.40384
          7  |  -287.2718    76.4901    -3.76   0.000    -437.2539   -137.2896
          8  |   -370.495    110.184    -3.36   0.001    -586.5444   -154.4456
          9  |  -488.4074   143.0407    -3.41   0.001    -768.8822   -207.9326
         10  |  -625.3457   176.8529    -3.54   0.000    -972.1197   -278.5717
             |
     1.treat |          0  (omitted)
wind_direc~n |  -.7044239   .0393754   -17.89   0.000    -.7816314   -.6272163
av_wind_sp~d |   71.03266   7.434614     9.55   0.000     56.45483    85.61048
             |
relative_y~x#|
       treat |
        1 1  |  -9.226231   10.64884    -0.87   0.386    -30.10654    11.65407
        2 1  |  -7.282744   8.092728    -0.90   0.368      -23.151    8.585515
        3 1  |   1.333351   9.943445     0.13   0.893     -18.1638     20.8305
        4 1  |   .4396197   7.422497     0.06   0.953    -14.11445    14.99369
        6 1  |   19.69394   9.966465     1.98   0.048     .1516447    39.23623
        7 1  |   22.82565   10.98926     2.08   0.038     1.277863    44.37343
        8 1  |   23.31274   11.71217     1.99   0.047     .3474582    46.27803
        9 1  |   25.67641     12.159     2.11   0.035     1.834984    49.51783
       10 1  |   24.36261   12.11757     2.01   0.044      .602427    48.12279
------------------------------------------------------------------------------

added scalar:
              e(ymean) =  112.47989

added scalar:
             e(ymean2) =  .

added scalar:
                e(acq) =  472

added scalar:
              e(fe_id) =  13

added scalar:
          e(n_treated) =  3356320

added scalar:
          e(n_control) =  7576370

added macro:
               e(smpl) : "Rural"

added macro:
             e(fespec) : "unique_small_grid_id_cohort province_cohort#c.monthye
> ar province_cohort#election_year#yeargov"

added macro:
                e(mod) : "moderator"

added macro:
           e(controls) : "notyet"
(saving evreg1)
(file /users/aquisper/proj_bureaucrats_farms/code/_stacked_downup_replication/.
> ./../tables/exploratory_analysis/politician_original_controls_fe_sweep/politi
> cian_original_fe13_controls_notyet_event_rural_acpop_all.ster saved)
EVENT controls=notyet FE=14/32: unique_small_grid_id_cohort yeargov province_co
> hort#election_year
(MWFE estimator converged in 19 iterations)

HDFE linear regression with Julia                 Number of obs   = 10,932,690
Absorbing 3 HDFE groups                           F(  20,   2823) =      25.57
Statistics cluster-robust                         Prob > F        =     0.0000
                                                  R-squared       =     0.1061
                                                  Adj R-squared   =     0.0919
Number of clusters (ac_elec_yr) =       2824      Within R-sq.    =     0.0070
                                                  Root MSE        =   820.7376

                         (Std. err. adjusted for 2,824 clusters in ac_elec_yr)
------------------------------------------------------------------------------
             |               Robust
      countk | Coefficient  std. err.      t    P>|t|     [95% conf. interval]
-------------+----------------------------------------------------------------
relative_y~x |
          1  |   256.0481   50.59196     5.06   0.000     156.8472    355.2491
          2  |   221.0935    40.5478     5.45   0.000     141.5872    300.5998
          3  |   135.2994   24.07451     5.62   0.000     88.09402    182.5049
          4  |   68.18868   12.44585     5.48   0.000     43.78479    92.59257
          6  |    -56.863   11.53335    -4.93   0.000    -79.47764   -34.24835
          7  |  -120.2017   25.02851    -4.80   0.000    -169.2777   -71.12569
          8  |   -162.413   36.25839    -4.48   0.000    -233.5086   -91.31739
          9  |  -232.0664   47.61454    -4.87   0.000    -325.4292   -138.7036
         10  |  -292.2323    59.5867    -4.90   0.000    -409.0701   -175.3944
             |
     1.treat |          0  (omitted)
wind_direc~n |  -.6658888   .0352537   -18.89   0.000    -.7350144   -.5967632
av_wind_sp~d |   58.07422   5.065821    11.46   0.000     48.14114    68.00731
             |
relative_y~x#|
       treat |
        1 1  |   3.697053   11.64343     0.32   0.751    -19.13343    26.52754
        2 1  |  -25.45028    9.94369    -2.56   0.011    -44.94791   -5.952643
        3 1  |   5.769677   9.179028     0.63   0.530     -12.2286    23.76796
        4 1  |   2.850538   7.576724     0.38   0.707    -12.00594    17.70701
        6 1  |   23.28157   10.15638     2.29   0.022     3.366882    43.19625
        7 1  |   37.69731   11.02997     3.42   0.001      16.0697    59.32492
        8 1  |   14.21209   12.25737     1.16   0.246    -9.822222     38.2464
        9 1  |    26.8311   11.94793     2.25   0.025     3.403539    50.25866
       10 1  |   10.67671   11.76186     0.91   0.364      -12.386    33.73943
------------------------------------------------------------------------------

added scalar:
              e(ymean) =  112.47989

added scalar:
             e(ymean2) =  .

added scalar:
                e(acq) =  472

added scalar:
              e(fe_id) =  14

added scalar:
          e(n_treated) =  3356320

added scalar:
          e(n_control) =  7576370

added macro:
               e(smpl) : "Rural"

added macro:
             e(fespec) : "unique_small_grid_id_cohort yeargov province_cohort#e
> lection_year"

added macro:
                e(mod) : "moderator"

added macro:
           e(controls) : "notyet"
(saving evreg1)
(file /users/aquisper/proj_bureaucrats_farms/code/_stacked_downup_replication/.
> ./../tables/exploratory_analysis/politician_original_controls_fe_sweep/politi
> cian_original_fe14_controls_notyet_event_rural_acpop_all.ster saved)
EVENT controls=notyet FE=15/32: unique_small_grid_id_cohort yeargov province_co
> hort#election_year#yeargov
(MWFE estimator converged in 19 iterations)

HDFE linear regression with Julia                 Number of obs   = 10,932,690
Absorbing 3 HDFE groups                           F(  20,   2823) =      24.71
Statistics cluster-robust                         Prob > F        =     0.0000
                                                  R-squared       =     0.1082
                                                  Adj R-squared   =     0.0939
Number of clusters (ac_elec_yr) =       2824      Within R-sq.    =     0.0072
                                                  Root MSE        =   819.7921

                         (Std. err. adjusted for 2,824 clusters in ac_elec_yr)
------------------------------------------------------------------------------
             |               Robust
      countk | Coefficient  std. err.      t    P>|t|     [95% conf. interval]
-------------+----------------------------------------------------------------
relative_y~x |
          1  |   262.5882   65.57814     4.00   0.000     134.0022    391.1741
          2  |   266.6312   50.69484     5.26   0.000     167.2285    366.0339
          3  |   160.7133   26.72388     6.01   0.000      108.313    213.1136
          4  |   74.19769   13.00642     5.70   0.000     48.69464    99.70075
          6  |  -60.38494   13.53218    -4.46   0.000     -86.9189   -33.85098
          7  |  -133.5855   29.73858    -4.49   0.000     -191.897   -75.27392
          8  |  -137.8426   40.81551    -3.38   0.001    -217.8738   -57.81134
          9  |   -185.632   55.17929    -3.36   0.001    -293.8279   -77.43622
         10  |  -251.2349   73.23354    -3.43   0.001    -394.8315   -107.6382
             |
     1.treat |          0  (omitted)
wind_direc~n |  -.6750108   .0356921   -18.91   0.000     -.744996   -.6050255
av_wind_sp~d |   59.92368   5.096265    11.76   0.000      49.9309    69.91646
             |
relative_y~x#|
       treat |
        1 1  |  -9.146789   10.63463    -0.86   0.390    -29.99922    11.70564
        2 1  |  -7.261739   8.079781    -0.90   0.369    -23.10461    8.581133
        3 1  |   1.431584   9.940958     0.14   0.886    -18.06069    20.92386
        4 1  |   .3988089   7.401233     0.05   0.957    -14.11356    14.91118
        6 1  |   19.67264    9.95028     1.98   0.048     .1620835    39.18319
        7 1  |   22.75808   10.97397     2.07   0.038     1.240272     44.2759
        8 1  |   23.25943   11.70615     1.99   0.047     .3059552    46.21291
        9 1  |   25.68384   12.14399     2.11   0.035     1.871837    49.49584
       10 1  |   24.31698   12.10106     2.01   0.045     .5891731    48.04478
------------------------------------------------------------------------------

added scalar:
              e(ymean) =  112.47989

added scalar:
             e(ymean2) =  .

added scalar:
                e(acq) =  472

added scalar:
              e(fe_id) =  15

added scalar:
          e(n_treated) =  3356320

added scalar:
          e(n_control) =  7576370

added macro:
               e(smpl) : "Rural"

added macro:
             e(fespec) : "unique_small_grid_id_cohort yeargov province_cohort#e
> lection_year#yeargov"

added macro:
                e(mod) : "moderator"

added macro:
           e(controls) : "notyet"
(saving evreg1)
(file /users/aquisper/proj_bureaucrats_farms/code/_stacked_downup_replication/.
> ./../tables/exploratory_analysis/politician_original_controls_fe_sweep/politi
> cian_original_fe15_controls_notyet_event_rural_acpop_all.ster saved)
EVENT controls=notyet FE=16/32: unique_small_grid_id_cohort province_cohort#ele
> ction_year province_cohort#election_year#yeargov
(MWFE estimator converged in 17 iterations)

HDFE linear regression with Julia                 Number of obs   = 10,932,690
Absorbing 3 HDFE groups                           F(  20,   2823) =      24.71
Statistics cluster-robust                         Prob > F        =     0.0000
                                                  R-squared       =     0.1082
                                                  Adj R-squared   =     0.0939
Number of clusters (ac_elec_yr) =       2824      Within R-sq.    =     0.0072
                                                  Root MSE        =   819.7941

                         (Std. err. adjusted for 2,824 clusters in ac_elec_yr)
------------------------------------------------------------------------------
             |               Robust
      countk | Coefficient  std. err.      t    P>|t|     [95% conf. interval]
-------------+----------------------------------------------------------------
relative_y~x |
          1  |   262.5882    65.5783     4.00   0.000     134.0019    391.1744
          2  |   266.6312   50.69496     5.26   0.000     167.2283    366.0341
          3  |   160.7133   26.72394     6.01   0.000     108.3129    213.1138
          4  |   74.19769   13.00645     5.70   0.000     48.69457    99.70081
          6  |  -60.38494   13.53221    -4.46   0.000    -86.91896   -33.85091
          7  |  -133.5855   29.73866    -4.49   0.000    -191.8972   -75.27378
          8  |  -137.8426    40.8156    -3.38   0.001     -217.874   -57.81117
          9  |   -185.632   55.17942    -3.36   0.001    -293.8281   -77.43598
         10  |  -251.2349    73.2337    -3.43   0.001    -394.8318   -107.6379
             |
     1.treat |          0  (omitted)
wind_direc~n |  -.6750108   .0356922   -18.91   0.000    -.7449962   -.6050253
av_wind_sp~d |   59.92368   5.096276    11.76   0.000     49.93088    69.91648
             |
relative_y~x#|
       treat |
        1 1  |  -9.146789   10.63463    -0.86   0.390    -29.99923    11.70565
        2 1  |  -7.261739   8.079819    -0.90   0.369    -23.10469    8.581209
        3 1  |   1.431584   9.940975     0.14   0.886    -18.06073    20.92389
        4 1  |   .3988092   7.401261     0.05   0.957    -14.11362    14.91124
        6 1  |   19.67264   9.950418     1.98   0.048     .1618122    39.18347
        7 1  |   22.75809   10.97419     2.07   0.038     1.239851    44.27632
        8 1  |   23.25943   11.70634     1.99   0.047      .305587    46.21327
        9 1  |   25.68384   12.14416     2.11   0.035     1.871514    49.49616
       10 1  |   24.31698    12.1012     2.01   0.045     .5888978    48.04506
------------------------------------------------------------------------------

added scalar:
              e(ymean) =  112.47989

added scalar:
             e(ymean2) =  .

added scalar:
                e(acq) =  472

added scalar:
              e(fe_id) =  16

added scalar:
          e(n_treated) =  3356320

added scalar:
          e(n_control) =  7576370

added macro:
               e(smpl) : "Rural"

added macro:
             e(fespec) : "unique_small_grid_id_cohort province_cohort#election_
> year province_cohort#election_year#yeargov"

added macro:
                e(mod) : "moderator"

added macro:
           e(controls) : "notyet"
(saving evreg1)
(file /users/aquisper/proj_bureaucrats_farms/code/_stacked_downup_replication/.
> ./../tables/exploratory_analysis/politician_original_controls_fe_sweep/politi
> cian_original_fe16_controls_notyet_event_rural_acpop_all.ster saved)
EVENT controls=notyet FE=17/32: unique_small_grid_id_cohort monthyearco provinc
> e_cohort#c.monthyear yeargov
(MWFE estimator converged in 86 iterations)

HDFE linear regression with Julia                 Number of obs   = 10,932,690
Absorbing 4 HDFE groups                           F(  11,   2823) =      15.16
Statistics cluster-robust                         Prob > F        =     0.0000
                                                  R-squared       =     0.1383
                                                  Adj R-squared   =     0.1245
Number of clusters (ac_elec_yr) =       2824      Within R-sq.    =     0.0031
                                                  Root MSE        =   805.8659

                         (Std. err. adjusted for 2,824 clusters in ac_elec_yr)
------------------------------------------------------------------------------
             |               Robust
      countk | Coefficient  std. err.      t    P>|t|     [95% conf. interval]
-------------+----------------------------------------------------------------
relative_y~x |
          1  |          0  (omitted)
          2  |          0  (omitted)
          3  |          0  (omitted)
          4  |          0  (omitted)
          6  |          0  (omitted)
          7  |          0  (omitted)
          8  |          0  (omitted)
          9  |          0  (omitted)
         10  |          0  (omitted)
             |
     1.treat |          0  (omitted)
wind_direc~n |  -.2732445   .0252969   -10.80   0.000    -.3228468   -.2236421
av_wind_sp~d |    166.389   15.19338    10.95   0.000     136.5978    196.1803
             |
relative_y~x#|
       treat |
        1 1  |  -4.017518    11.7921    -0.34   0.733    -27.13952    19.10449
        2 1  |  -17.18901   10.00425    -1.72   0.086    -36.80538     2.42737
        3 1  |   11.36621   9.555621     1.19   0.234    -7.370491    30.10292
        4 1  |    2.24997   7.185029     0.31   0.754    -11.83847    16.33841
        6 1  |   37.12509   9.179555     4.04   0.000     19.12577     55.1244
        7 1  |   58.89567   10.75477     5.48   0.000     37.80766    79.98367
        8 1  |   41.44968   12.22049     3.39   0.001     17.48769    65.41167
        9 1  |    52.9857    12.1374     4.37   0.000     29.18662    76.78477
       10 1  |   46.36894   11.52915     4.02   0.000     23.76253    68.97536
------------------------------------------------------------------------------

added scalar:
              e(ymean) =  112.47989

added scalar:
             e(ymean2) =  .

added scalar:
                e(acq) =  472

added scalar:
              e(fe_id) =  17

added scalar:
          e(n_treated) =  3356320

added scalar:
          e(n_control) =  7576370

added macro:
               e(smpl) : "Rural"

added macro:
             e(fespec) : "unique_small_grid_id_cohort monthyearco province_coho
> rt#c.monthyear yeargov"

added macro:
                e(mod) : "moderator"

added macro:
           e(controls) : "notyet"
(saving evreg1)
(file /users/aquisper/proj_bureaucrats_farms/code/_stacked_downup_replication/.
> ./../tables/exploratory_analysis/politician_original_controls_fe_sweep/politi
> cian_original_fe17_controls_notyet_event_rural_acpop_all.ster saved)
EVENT controls=notyet FE=18/32: unique_small_grid_id_cohort monthyearco provinc
> e_cohort#c.monthyear province_cohort#election_year
(MWFE estimator converged in 102 iterations)

HDFE linear regression with Julia                 Number of obs   = 10,932,690
Absorbing 4 HDFE groups                           F(  11,   2823) =      14.75
Statistics cluster-robust                         Prob > F        =     0.0000
                                                  R-squared       =     0.1386
                                                  Adj R-squared   =     0.1248
Number of clusters (ac_elec_yr) =       2824      Within R-sq.    =     0.0030
                                                  Root MSE        =   805.7096

                         (Std. err. adjusted for 2,824 clusters in ac_elec_yr)
------------------------------------------------------------------------------
             |               Robust
      countk | Coefficient  std. err.      t    P>|t|     [95% conf. interval]
-------------+----------------------------------------------------------------
relative_y~x |
          1  |          0  (omitted)
          2  |          0  (omitted)
          3  |          0  (omitted)
          4  |          0  (omitted)
          6  |          0  (omitted)
          7  |          0  (omitted)
          8  |          0  (omitted)
          9  |          0  (omitted)
         10  |          0  (omitted)
             |
     1.treat |          0  (omitted)
wind_direc~n |  -.2658228   .0250567   -10.61   0.000    -.3149542   -.2166915
av_wind_sp~d |   165.3744   15.17453    10.90   0.000     135.6201    195.1287
             |
relative_y~x#|
       treat |
        1 1  |   -28.5653   15.47088    -1.85   0.065    -58.90067    1.770077
        2 1  |  -53.01591   14.37022    -3.69   0.000     -81.1931   -24.83872
        3 1  |  -8.483622   11.77223    -0.72   0.471    -31.56667    14.59943
        4 1  |  -8.697044   7.480775    -1.16   0.245    -23.36538    5.971295
        6 1  |  -13.76241    12.6843    -1.08   0.278    -38.63386    11.10903
        7 1  |   13.05376   11.67187     1.12   0.263    -9.832493    35.94001
        8 1  |   12.49673   12.20172     1.02   0.306    -11.42845    36.42191
        9 1  |   23.00184   11.85524     1.94   0.052    -.2439781    46.24765
       10 1  |   22.02318   11.84707     1.86   0.063    -1.206614    45.25298
------------------------------------------------------------------------------

added scalar:
              e(ymean) =  112.47989

added scalar:
             e(ymean2) =  .

added scalar:
                e(acq) =  472

added scalar:
              e(fe_id) =  18

added scalar:
          e(n_treated) =  3356320

added scalar:
          e(n_control) =  7576370

added macro:
               e(smpl) : "Rural"

added macro:
             e(fespec) : "unique_small_grid_id_cohort monthyearco province_coho
> rt#c.monthyear province_cohort#election_year"

added macro:
                e(mod) : "moderator"

added macro:
           e(controls) : "notyet"
(saving evreg1)
(file /users/aquisper/proj_bureaucrats_farms/code/_stacked_downup_replication/.
> ./../tables/exploratory_analysis/politician_original_controls_fe_sweep/politi
> cian_original_fe18_controls_notyet_event_rural_acpop_all.ster saved)
EVENT controls=notyet FE=19/32: unique_small_grid_id_cohort monthyearco provinc
> e_cohort#c.monthyear province_cohort#election_year#yeargov
(MWFE estimator converged in 230 iterations)

HDFE linear regression with Julia                 Number of obs   = 10,932,690
Absorbing 4 HDFE groups                           F(  11,   2823) =      13.99
Statistics cluster-robust                         Prob > F        =     0.0000
                                                  R-squared       =     0.1413
                                                  Adj R-squared   =     0.1276
Number of clusters (ac_elec_yr) =       2824      Within R-sq.    =     0.0030
                                                  Root MSE        =   804.4366

                         (Std. err. adjusted for 2,824 clusters in ac_elec_yr)
------------------------------------------------------------------------------
             |               Robust
      countk | Coefficient  std. err.      t    P>|t|     [95% conf. interval]
-------------+----------------------------------------------------------------
relative_y~x |
          1  |          0  (omitted)
          2  |          0  (omitted)
          3  |          0  (omitted)
          4  |          0  (omitted)
          6  |          0  (omitted)
          7  |          0  (omitted)
          8  |          0  (omitted)
          9  |          0  (omitted)
         10  |          0  (omitted)
             |
     1.treat |          0  (omitted)
wind_direc~n |  -.2507441   .0245787   -10.20   0.000    -.2989381   -.2025501
av_wind_sp~d |   170.3043   15.72201    10.83   0.000     139.4765    201.1321
             |
relative_y~x#|
       treat |
        1 1  |  -5.356147   10.63744    -0.50   0.615    -26.21409     15.5018
        2 1  |  -6.147119   7.927668    -0.78   0.438    -21.69173     9.39749
        3 1  |   2.971236   9.943936     0.30   0.765    -16.52688    22.46935
        4 1  |   .3210982   7.192603     0.04   0.964    -13.78219    14.42439
        6 1  |   19.69828   9.808315     2.01   0.045     .4660898    38.93047
        7 1  |   22.78059   10.81422     2.11   0.035     1.576028    43.98516
        8 1  |   24.03167   11.70604     2.05   0.040      1.07842    46.98492
        9 1  |   27.42898   12.03102     2.28   0.023     3.838498    51.01947
       10 1  |   25.18716   11.93374     2.11   0.035     1.787423     48.5869
------------------------------------------------------------------------------

added scalar:
              e(ymean) =  112.47989

added scalar:
             e(ymean2) =  .

added scalar:
                e(acq) =  472

added scalar:
              e(fe_id) =  19

added scalar:
          e(n_treated) =  3356320

added scalar:
          e(n_control) =  7576370

added macro:
               e(smpl) : "Rural"

added macro:
             e(fespec) : "unique_small_grid_id_cohort monthyearco province_coho
> rt#c.monthyear province_cohort#election_year#yeargov"

added macro:
                e(mod) : "moderator"

added macro:
           e(controls) : "notyet"
(saving evreg1)
(file /users/aquisper/proj_bureaucrats_farms/code/_stacked_downup_replication/.
> ./../tables/exploratory_analysis/politician_original_controls_fe_sweep/politi
> cian_original_fe19_controls_notyet_event_rural_acpop_all.ster saved)
EVENT controls=notyet FE=20/32: unique_small_grid_id_cohort monthyearco yeargov
>  province_cohort#election_year
(MWFE estimator converged in 47 iterations)

HDFE linear regression with Julia                 Number of obs   = 10,932,690
Absorbing 4 HDFE groups                           F(  11,   2823) =      14.62
Statistics cluster-robust                         Prob > F        =     0.0000
                                                  R-squared       =     0.1391
                                                  Adj R-squared   =     0.1254
Number of clusters (ac_elec_yr) =       2824      Within R-sq.    =     0.0031
                                                  Root MSE        =   805.4481

                         (Std. err. adjusted for 2,824 clusters in ac_elec_yr)
------------------------------------------------------------------------------
             |               Robust
      countk | Coefficient  std. err.      t    P>|t|     [95% conf. interval]
-------------+----------------------------------------------------------------
relative_y~x |
          1  |          0  (omitted)
          2  |          0  (omitted)
          3  |          0  (omitted)
          4  |          0  (omitted)
          6  |          0  (omitted)
          7  |          0  (omitted)
          8  |          0  (omitted)
          9  |          0  (omitted)
         10  |          0  (omitted)
             |
     1.treat |          0  (omitted)
wind_direc~n |  -.2517246   .0243758   -10.33   0.000    -.2995207   -.2039285
av_wind_sp~d |   171.4997   15.69054    10.93   0.000     140.7336    202.2657
             |
relative_y~x#|
       treat |
        1 1  |   8.132006   11.49526     0.71   0.479    -14.40796    30.67197
        2 1  |  -7.228932   9.577503    -0.75   0.450    -26.00854    11.55068
        3 1  |   19.10011   9.538795     2.00   0.045     .3963951    37.80382
        4 1  |   8.352527   7.403199     1.13   0.259      -6.1637    22.86875
        6 1  |   22.96368    10.1478     2.26   0.024     3.065815    42.86154
        7 1  |   42.42069   11.08062     3.83   0.000     20.69376    64.14762
        8 1  |   24.10941   12.15068     1.98   0.047      .284299    47.93453
        9 1  |   36.56296   12.04358     3.04   0.002     12.94785    60.17807
       10 1  |   28.06029    11.5697     2.43   0.015     5.374373    50.74621
------------------------------------------------------------------------------

added scalar:
              e(ymean) =  112.47989

added scalar:
             e(ymean2) =  .

added scalar:
                e(acq) =  472

added scalar:
              e(fe_id) =  20

added scalar:
          e(n_treated) =  3356320

added scalar:
          e(n_control) =  7576370

added macro:
               e(smpl) : "Rural"

added macro:
             e(fespec) : "unique_small_grid_id_cohort monthyearco yeargov provi
> nce_cohort#election_year"

added macro:
                e(mod) : "moderator"

added macro:
           e(controls) : "notyet"
(saving evreg1)
(file /users/aquisper/proj_bureaucrats_farms/code/_stacked_downup_replication/.
> ./../tables/exploratory_analysis/politician_original_controls_fe_sweep/politi
> cian_original_fe20_controls_notyet_event_rural_acpop_all.ster saved)
EVENT controls=notyet FE=21/32: unique_small_grid_id_cohort monthyearco yeargov
>  province_cohort#election_year#yeargov
(MWFE estimator converged in 176 iterations)

HDFE linear regression with Julia                 Number of obs   = 10,932,690
Absorbing 4 HDFE groups                           F(  11,   2823) =      13.99
Statistics cluster-robust                         Prob > F        =     0.0000
                                                  R-squared       =     0.1413
                                                  Adj R-squared   =     0.1276
Number of clusters (ac_elec_yr) =       2824      Within R-sq.    =     0.0030
                                                  Root MSE        =   804.4358

                         (Std. err. adjusted for 2,824 clusters in ac_elec_yr)
------------------------------------------------------------------------------
             |               Robust
      countk | Coefficient  std. err.      t    P>|t|     [95% conf. interval]
-------------+----------------------------------------------------------------
relative_y~x |
          1  |          0  (omitted)
          2  |          0  (omitted)
          3  |          0  (omitted)
          4  |          0  (omitted)
          6  |          0  (omitted)
          7  |          0  (omitted)
          8  |          0  (omitted)
          9  |          0  (omitted)
         10  |          0  (omitted)
             |
     1.treat |          0  (omitted)
wind_direc~n |  -.2507558   .0245795   -10.20   0.000    -.2989513   -.2025602
av_wind_sp~d |   170.3024   15.72182    10.83   0.000      139.475    201.1298
             |
relative_y~x#|
       treat |
        1 1  |  -5.361326    10.6374    -0.50   0.614    -26.21919    15.49654
        2 1  |   -6.15277   7.927718    -0.78   0.438    -21.69748    9.391936
        3 1  |   2.964395   9.944043     0.30   0.766    -16.53393    22.46272
        4 1  |    .314833   7.192791     0.04   0.965    -13.78882    14.41849
        6 1  |   19.69175   9.808616     2.01   0.045     .4589701    38.92453
        7 1  |   22.77389   10.81445     2.11   0.035     1.568858    43.97892
        8 1  |   24.02531   11.70611     2.05   0.040     1.071916    46.97871
        9 1  |   27.42251   12.03116     2.28   0.023     3.831756    51.01327
       10 1  |   25.18057    11.9338     2.11   0.035     1.780709    48.58043
------------------------------------------------------------------------------

added scalar:
              e(ymean) =  112.47989

added scalar:
             e(ymean2) =  .

added scalar:
                e(acq) =  472

added scalar:
              e(fe_id) =  21

added scalar:
          e(n_treated) =  3356320

added scalar:
          e(n_control) =  7576370

added macro:
               e(smpl) : "Rural"

added macro:
             e(fespec) : "unique_small_grid_id_cohort monthyearco yeargov provi
> nce_cohort#election_year#yeargov"

added macro:
                e(mod) : "moderator"

added macro:
           e(controls) : "notyet"
(saving evreg1)
(file /users/aquisper/proj_bureaucrats_farms/code/_stacked_downup_replication/.
> ./../tables/exploratory_analysis/politician_original_controls_fe_sweep/politi
> cian_original_fe21_controls_notyet_event_rural_acpop_all.ster saved)
EVENT controls=notyet FE=22/32: unique_small_grid_id_cohort monthyearco provinc
> e_cohort#election_year province_cohort#election_year#yeargov
(MWFE estimator converged in 171 iterations)

HDFE linear regression with Julia                 Number of obs   = 10,932,690
Absorbing 4 HDFE groups                           F(  11,   2823) =      13.99
Statistics cluster-robust                         Prob > F        =     0.0000
                                                  R-squared       =     0.1413
                                                  Adj R-squared   =     0.1276
Number of clusters (ac_elec_yr) =       2824      Within R-sq.    =     0.0030
                                                  Root MSE        =   804.4379

                         (Std. err. adjusted for 2,824 clusters in ac_elec_yr)
------------------------------------------------------------------------------
             |               Robust
      countk | Coefficient  std. err.      t    P>|t|     [95% conf. interval]
-------------+----------------------------------------------------------------
relative_y~x |
          1  |          0  (omitted)
          2  |          0  (omitted)
          3  |          0  (omitted)
          4  |          0  (omitted)
          6  |          0  (omitted)
          7  |          0  (omitted)
          8  |          0  (omitted)
          9  |          0  (omitted)
         10  |          0  (omitted)
             |
     1.treat |          0  (omitted)
wind_direc~n |  -.2507557   .0245791   -10.20   0.000    -.2989506   -.2025609
av_wind_sp~d |   170.3024   15.72198    10.83   0.000     139.4747    201.1301
             |
relative_y~x#|
       treat |
        1 1  |  -5.362326   10.63778    -0.50   0.614    -26.22093    15.49628
        2 1  |  -6.153863   7.928107    -0.78   0.438    -21.69933    9.391606
        3 1  |   2.963139   9.944354     0.30   0.766     -16.5358    22.46207
        4 1  |    .313685   7.192617     0.04   0.965    -13.78963      14.417
        6 1  |   19.68985   9.808713     2.01   0.045     .4568825    38.92282
        7 1  |    22.7714   10.81392     2.11   0.035     1.567408    43.97539
        8 1  |   24.02319    11.7071     2.05   0.040     1.067862    46.97852
        9 1  |   27.42089   12.03103     2.28   0.023     3.830401    51.01138
       10 1  |   25.17896   11.93396     2.11   0.035     1.778797    48.57913
------------------------------------------------------------------------------

added scalar:
              e(ymean) =  112.47989

added scalar:
             e(ymean2) =  .

added scalar:
                e(acq) =  472

added scalar:
              e(fe_id) =  22

added scalar:
          e(n_treated) =  3356320

added scalar:
          e(n_control) =  7576370

added macro:
               e(smpl) : "Rural"

added macro:
             e(fespec) : "unique_small_grid_id_cohort monthyearco province_coho
> rt#election_year province_cohort#election_year#yeargov"

added macro:
                e(mod) : "moderator"

added macro:
           e(controls) : "notyet"
(saving evreg1)
(file /users/aquisper/proj_bureaucrats_farms/code/_stacked_downup_replication/.
> ./../tables/exploratory_analysis/politician_original_controls_fe_sweep/politi
> cian_original_fe22_controls_notyet_event_rural_acpop_all.ster saved)
EVENT controls=notyet FE=23/32: unique_small_grid_id_cohort province_cohort#c.m
> onthyear yeargov province_cohort#election_year
(MWFE estimator converged in 109 iterations)

HDFE linear regression with Julia                 Number of obs   = 10,932,690
Absorbing 4 HDFE groups                           F(  20,   2823) =      25.49
Statistics cluster-robust                         Prob > F        =     0.0000
                                                  R-squared       =     0.1065
                                                  Adj R-squared   =     0.0923
Number of clusters (ac_elec_yr) =       2824      Within R-sq.    =     0.0071
                                                  Root MSE        =   820.5579

                         (Std. err. adjusted for 2,824 clusters in ac_elec_yr)
------------------------------------------------------------------------------
             |               Robust
      countk | Coefficient  std. err.      t    P>|t|     [95% conf. interval]
-------------+----------------------------------------------------------------
relative_y~x |
          1  |   311.4694   57.45768     5.42   0.000     198.8061    424.1327
          2  |   266.4947   47.18654     5.65   0.000     173.9711    359.0183
          3  |   166.9736   28.43061     5.87   0.000     111.2267    222.7204
          4  |   82.38764   14.43507     5.71   0.000     54.08329     110.692
          6  |  -79.13004    14.2121    -5.57   0.000    -106.9972   -51.26289
          7  |  -151.8556   29.23773    -5.19   0.000    -209.1851   -94.52616
          8  |  -192.3721   40.81841    -4.71   0.000     -272.409   -112.3351
          9  |  -257.6537   52.66328    -4.89   0.000    -360.9161   -154.3913
         10  |  -320.0079   65.52961    -4.88   0.000    -448.4986   -191.5171
             |
     1.treat |          0  (omitted)
wind_direc~n |  -.6723663   .0356486   -18.86   0.000    -.7422662   -.6024664
av_wind_sp~d |   62.11345   5.559529    11.17   0.000      51.2123     73.0146
             |
relative_y~x#|
       treat |
        1 1  |  -36.67936    15.8773    -2.31   0.021    -67.81164   -5.547069
        2 1  |  -62.94987   14.78573    -4.26   0.000     -91.9418   -33.95794
        3 1  |  -22.96535   11.19257    -2.05   0.040     -44.9118   -1.018897
        4 1  |  -12.64663   7.901592    -1.60   0.110     -28.1401    2.846853
        6 1  |  -15.92666   12.14809    -1.31   0.190    -39.74669    7.893361
        7 1  |   16.39877   11.57188     1.42   0.157    -6.291429    39.08898
        8 1  |   .8870017   12.69316     0.07   0.944    -24.00181    25.77582
        9 1  |   14.31011   12.21834     1.17   0.242    -9.647677    38.26789
       10 1  |   7.542372   11.98206     0.63   0.529    -15.95211    31.03685
------------------------------------------------------------------------------

added scalar:
              e(ymean) =  112.47989

added scalar:
             e(ymean2) =  .

added scalar:
                e(acq) =  472

added scalar:
              e(fe_id) =  23

added scalar:
          e(n_treated) =  3356320

added scalar:
          e(n_control) =  7576370

added macro:
               e(smpl) : "Rural"

added macro:
             e(fespec) : "unique_small_grid_id_cohort province_cohort#c.monthye
> ar yeargov province_cohort#election_year"

added macro:
                e(mod) : "moderator"

added macro:
           e(controls) : "notyet"
(saving evreg1)
(file /users/aquisper/proj_bureaucrats_farms/code/_stacked_downup_replication/.
> ./../tables/exploratory_analysis/politician_original_controls_fe_sweep/politi
> cian_original_fe23_controls_notyet_event_rural_acpop_all.ster saved)
EVENT controls=notyet FE=24/32: unique_small_grid_id_cohort province_cohort#c.m
> onthyear yeargov province_cohort#election_year#yeargov
(MWFE estimator converged in 50 iterations)

HDFE linear regression with Julia                 Number of obs   = 10,932,690
Absorbing 4 HDFE groups                           F(  20,   2823) =      22.92
Statistics cluster-robust                         Prob > F        =     0.0000
                                                  R-squared       =     0.1083
                                                  Adj R-squared   =     0.0941
Number of clusters (ac_elec_yr) =       2824      Within R-sq.    =     0.0074
                                                  Root MSE        =   819.7414

                         (Std. err. adjusted for 2,824 clusters in ac_elec_yr)
------------------------------------------------------------------------------
             |               Robust
      countk | Coefficient  std. err.      t    P>|t|     [95% conf. interval]
-------------+----------------------------------------------------------------
relative_y~x |
          1  |   521.3073   154.8698     3.37   0.001     217.6379    824.9768
          2  |   465.2165   118.2467     3.93   0.000     233.3578    697.0751
          3  |   298.8441   71.89955     4.16   0.000     157.8632    439.8251
          4  |   143.9507   35.96418     4.00   0.000     73.43197    214.4694
          6  |  -132.6034   35.77997    -3.71   0.000    -202.7609   -62.44588
          7  |   -276.341   75.40244    -3.66   0.000    -424.1905   -128.4915
          8  |  -353.6547    108.631    -3.26   0.001    -566.6588   -140.6505
          9  |  -470.0984    140.911    -3.34   0.001    -746.3974   -193.7995
         10  |  -600.2609   174.3205    -3.44   0.001    -942.0694   -258.4524
             |
     1.treat |          0  (omitted)
wind_direc~n |  -.7027029   .0392915   -17.88   0.000     -.779746   -.6256599
av_wind_sp~d |   70.04698   7.436793     9.42   0.000     55.46488    84.62908
             |
relative_y~x#|
       treat |
        1 1  |  -9.224745   10.64797    -0.87   0.386    -30.10333    11.65384
        2 1  |  -7.282301   8.092004    -0.90   0.368    -23.14914    8.584538
        3 1  |   1.339141   9.943213     0.13   0.893    -18.15756    20.83584
        4 1  |   .4367574   7.421224     0.06   0.953    -14.11481    14.98833
        6 1  |   19.69243   9.965376     1.98   0.048     .1522753    39.23259
        7 1  |   22.82068   10.98829     2.08   0.038     1.274784    44.36657
        8 1  |   23.30789   11.71168     1.99   0.047     .3435727    46.27221
        9 1  |   25.67499   12.15796     2.11   0.035     1.835605    49.51437
       10 1  |   24.35821   12.11662     2.01   0.044     .5998814    48.11654
------------------------------------------------------------------------------

added scalar:
              e(ymean) =  112.47989

added scalar:
             e(ymean2) =  .

added scalar:
                e(acq) =  472

added scalar:
              e(fe_id) =  24

added scalar:
          e(n_treated) =  3356320

added scalar:
          e(n_control) =  7576370

added macro:
               e(smpl) : "Rural"

added macro:
             e(fespec) : "unique_small_grid_id_cohort province_cohort#c.monthye
> ar yeargov province_cohort#election_year#yeargov"

added macro:
                e(mod) : "moderator"

added macro:
           e(controls) : "notyet"
(saving evreg1)
(file /users/aquisper/proj_bureaucrats_farms/code/_stacked_downup_replication/.
> ./../tables/exploratory_analysis/politician_original_controls_fe_sweep/politi
> cian_original_fe24_controls_notyet_event_rural_acpop_all.ster saved)
EVENT controls=notyet FE=25/32: unique_small_grid_id_cohort province_cohort#c.m
> onthyear province_cohort#election_year province_cohort#election_year#yeargov
(MWFE estimator converged in 39 iterations)

HDFE linear regression with Julia                 Number of obs   = 10,932,690
Absorbing 4 HDFE groups                           F(  20,   2823) =      22.96
Statistics cluster-robust                         Prob > F        =     0.0000
                                                  R-squared       =     0.1084
                                                  Adj R-squared   =     0.0942
Number of clusters (ac_elec_yr) =       2824      Within R-sq.    =     0.0075
                                                  Root MSE        =   819.6986

                         (Std. err. adjusted for 2,824 clusters in ac_elec_yr)
------------------------------------------------------------------------------
             |               Robust
      countk | Coefficient  std. err.      t    P>|t|     [95% conf. interval]
-------------+----------------------------------------------------------------
relative_y~x |
          1  |   551.2741   155.6709     3.54   0.000     246.0339    856.5143
          2  |   487.5039   118.8775     4.10   0.000     254.4083    720.5995
          3  |   314.1531   72.40579     4.34   0.000     172.1795    456.1267
          4  |   151.7052   36.23481     4.19   0.000     80.65581    222.7546
          6  |  -138.3393   36.23233    -3.82   0.000    -209.3839   -67.29481
          7  |  -288.1519    76.1943    -3.78   0.000    -437.5541   -138.7498
          8  |  -371.5638   109.7685    -3.38   0.001    -586.7985   -156.3291
          9  |  -489.9451   142.5707    -3.44   0.001    -769.4983   -210.3919
         10  |  -627.3594   176.2865    -3.56   0.000    -973.0228    -281.696
             |
     1.treat |          0  (omitted)
wind_direc~n |  -.7050614   .0393308   -17.93   0.000    -.7821814   -.6279415
av_wind_sp~d |   71.50769   7.402832     9.66   0.000     56.99218    86.02319
             |
relative_y~x#|
       treat |
        1 1  |  -9.232944   10.64929    -0.87   0.386    -30.11411    11.64822
        2 1  |  -7.289874   8.093057    -0.90   0.368    -23.15878    8.579029
        3 1  |   1.323787   9.943743     0.13   0.894    -18.17395    20.82153
        4 1  |   .4334287   7.423017     0.06   0.953    -14.12166    14.98852
        6 1  |   19.68694   9.966879     1.98   0.048     .1438345    39.23004
        7 1  |   22.82013   10.98979     2.08   0.038     1.271302    44.36895
        8 1  |   23.30746   11.71232     1.99   0.047     .3418826    46.27304
        9 1  |   25.66989   12.15947     2.11   0.035     1.827552    49.51223
       10 1  |   24.35715   12.11817     2.01   0.045     .5957807    48.11852
------------------------------------------------------------------------------

added scalar:
              e(ymean) =  112.47989

added scalar:
             e(ymean2) =  .

added scalar:
                e(acq) =  472

added scalar:
              e(fe_id) =  25

added scalar:
          e(n_treated) =  3356320

added scalar:
          e(n_control) =  7576370

added macro:
               e(smpl) : "Rural"

added macro:
             e(fespec) : "unique_small_grid_id_cohort province_cohort#c.monthye
> ar province_cohort#election_year province_cohort#election_year#yeargov"

added macro:
                e(mod) : "moderator"

added macro:
           e(controls) : "notyet"
(saving evreg1)
(file /users/aquisper/proj_bureaucrats_farms/code/_stacked_downup_replication/.
> ./../tables/exploratory_analysis/politician_original_controls_fe_sweep/politi
> cian_original_fe25_controls_notyet_event_rural_acpop_all.ster saved)
EVENT controls=notyet FE=26/32: unique_small_grid_id_cohort yeargov province_co
> hort#election_year province_cohort#election_year#yeargov
(MWFE estimator converged in 19 iterations)

HDFE linear regression with Julia                 Number of obs   = 10,932,690
Absorbing 4 HDFE groups                           F(  20,   2823) =      24.71
Statistics cluster-robust                         Prob > F        =     0.0000
                                                  R-squared       =     0.1082
                                                  Adj R-squared   =     0.0939
Number of clusters (ac_elec_yr) =       2824      Within R-sq.    =     0.0072
                                                  Root MSE        =   819.7943

                         (Std. err. adjusted for 2,824 clusters in ac_elec_yr)
------------------------------------------------------------------------------
             |               Robust
      countk | Coefficient  std. err.      t    P>|t|     [95% conf. interval]
-------------+----------------------------------------------------------------
relative_y~x |
          1  |   262.5882    65.5783     4.00   0.000     134.0019    391.1744
          2  |   266.6312   50.69496     5.26   0.000     167.2283    366.0341
          3  |   160.7133   26.72394     6.01   0.000     108.3129    213.1138
          4  |   74.19769   13.00646     5.70   0.000     48.69457    99.70081
          6  |  -60.38494   13.53222    -4.46   0.000    -86.91897   -33.85091
          7  |  -133.5855   29.73867    -4.49   0.000    -191.8972   -75.27376
          8  |  -137.8426   40.81563    -3.38   0.001    -217.8741   -57.81112
          9  |   -185.632   55.17945    -3.36   0.001    -293.8282   -77.43591
         10  |  -251.2349   73.23375    -3.43   0.001    -394.8319   -107.6378
             |
     1.treat |          0  (omitted)
wind_direc~n |  -.6750108   .0356922   -18.91   0.000    -.7449962   -.6050253
av_wind_sp~d |   59.92368   5.096278    11.76   0.000     49.93088    69.91649
             |
relative_y~x#|
       treat |
        1 1  |  -9.146789   10.63466    -0.86   0.390    -29.99929    11.70571
        2 1  |  -7.261739   8.079799    -0.90   0.369    -23.10465    8.581168
        3 1  |   1.431584   9.940966     0.14   0.886    -18.06071    20.92388
        4 1  |   .3988089   7.401259     0.05   0.957    -14.11361    14.91123
        6 1  |   19.67264    9.95041     1.98   0.048     .1618281    39.18345
        7 1  |   22.75809   10.97415     2.07   0.038     1.239928    44.27624
        8 1  |   23.25943   11.70631     1.99   0.047     .3056453    46.21322
        9 1  |   25.68384   12.14415     2.11   0.035     1.871538    49.49614
       10 1  |   24.31698   12.10118     2.01   0.045     .5889211    48.04504
------------------------------------------------------------------------------

added scalar:
              e(ymean) =  112.47989

added scalar:
             e(ymean2) =  .

added scalar:
                e(acq) =  472

added scalar:
              e(fe_id) =  26

added scalar:
          e(n_treated) =  3356320

added scalar:
          e(n_control) =  7576370

added macro:
               e(smpl) : "Rural"

added macro:
             e(fespec) : "unique_small_grid_id_cohort yeargov province_cohort#e
> lection_year province_cohort#election_year#yeargov"

added macro:
                e(mod) : "moderator"

added macro:
           e(controls) : "notyet"
(saving evreg1)
(file /users/aquisper/proj_bureaucrats_farms/code/_stacked_downup_replication/.
> ./../tables/exploratory_analysis/politician_original_controls_fe_sweep/politi
> cian_original_fe26_controls_notyet_event_rural_acpop_all.ster saved)
EVENT controls=notyet FE=27/32: unique_small_grid_id_cohort monthyearco provinc
> e_cohort#c.monthyear yeargov province_cohort#election_year
(MWFE estimator converged in 128 iterations)

HDFE linear regression with Julia                 Number of obs   = 10,932,690
Absorbing 5 HDFE groups                           F(  11,   2823) =      14.55
Statistics cluster-robust                         Prob > F        =     0.0000
                                                  R-squared       =     0.1391
                                                  Adj R-squared   =     0.1254
Number of clusters (ac_elec_yr) =       2824      Within R-sq.    =     0.0031
                                                  Root MSE        =   805.4510

                         (Std. err. adjusted for 2,824 clusters in ac_elec_yr)
------------------------------------------------------------------------------
             |               Robust
      countk | Coefficient  std. err.      t    P>|t|     [95% conf. interval]
-------------+----------------------------------------------------------------
relative_y~x |
          1  |          0  (omitted)
          2  |          0  (omitted)
          3  |          0  (omitted)
          4  |          0  (omitted)
          6  |          0  (omitted)
          7  |          0  (omitted)
          8  |          0  (omitted)
          9  |          0  (omitted)
         10  |          0  (omitted)
             |
     1.treat |          0  (omitted)
wind_direc~n |  -.2518559   .0243799   -10.33   0.000    -.2996602   -.2040517
av_wind_sp~d |   171.2979   15.69476    10.91   0.000     140.5235    202.0722
             |
relative_y~x#|
       treat |
        1 1  |  -3.771092   13.94456    -0.27   0.787    -31.11364    23.57146
        2 1  |   -19.8848   12.29981    -1.62   0.106    -44.00231    4.232721
        3 1  |   10.00198   11.19273     0.89   0.372    -11.94477    31.94873
        4 1  |   3.676329   7.588427     0.48   0.628    -11.20309    18.55575
        6 1  |   5.746359   11.43394     0.50   0.615    -16.67336    28.16608
        7 1  |   34.67054   11.75349     2.95   0.003     11.62424    57.71683
        8 1  |   20.01955   12.36531     1.62   0.106    -4.226417    44.26551
        9 1  |   30.97136   11.98381     2.58   0.010     7.473453    54.46927
       10 1  |   24.70191   11.74896     2.10   0.036     1.664502    47.73931
------------------------------------------------------------------------------

added scalar:
              e(ymean) =  112.47989

added scalar:
             e(ymean2) =  .

added scalar:
                e(acq) =  472

added scalar:
              e(fe_id) =  27

added scalar:
          e(n_treated) =  3356320

added scalar:
          e(n_control) =  7576370

added macro:
               e(smpl) : "Rural"

added macro:
             e(fespec) : "unique_small_grid_id_cohort monthyearco province_coho
> rt#c.monthyear yeargov province_cohort#election_year"

added macro:
                e(mod) : "moderator"

added macro:
           e(controls) : "notyet"
(saving evreg1)
(file /users/aquisper/proj_bureaucrats_farms/code/_stacked_downup_replication/.
> ./../tables/exploratory_analysis/politician_original_controls_fe_sweep/politi
> cian_original_fe27_controls_notyet_event_rural_acpop_all.ster saved)
EVENT controls=notyet FE=28/32: unique_small_grid_id_cohort monthyearco provinc
> e_cohort#c.monthyear yeargov province_cohort#election_year#yeargov
(MWFE estimator converged in 190 iterations)

HDFE linear regression with Julia                 Number of obs   = 10,932,690
Absorbing 5 HDFE groups                           F(  11,   2823) =      13.99
Statistics cluster-robust                         Prob > F        =     0.0000
                                                  R-squared       =     0.1413
                                                  Adj R-squared   =     0.1276
Number of clusters (ac_elec_yr) =       2824      Within R-sq.    =     0.0030
                                                  Root MSE        =   804.4368

                         (Std. err. adjusted for 2,824 clusters in ac_elec_yr)
------------------------------------------------------------------------------
             |               Robust
      countk | Coefficient  std. err.      t    P>|t|     [95% conf. interval]
-------------+----------------------------------------------------------------
relative_y~x |
          1  |          0  (omitted)
          2  |          0  (omitted)
          3  |          0  (omitted)
          4  |          0  (omitted)
          6  |          0  (omitted)
          7  |          0  (omitted)
          8  |          0  (omitted)
          9  |          0  (omitted)
         10  |          0  (omitted)
             |
     1.treat |          0  (omitted)
wind_direc~n |  -.2507441   .0245789   -10.20   0.000    -.2989385   -.2025498
av_wind_sp~d |   170.3043   15.72198    10.83   0.000     139.4766     201.132
             |
relative_y~x#|
       treat |
        1 1  |   -5.35554   10.63718    -0.50   0.615    -26.21297    15.50189
        2 1  |  -6.146497   7.927544    -0.78   0.438    -21.69086    9.397869
        3 1  |   2.971598    9.94386     0.30   0.765    -16.52637    22.46956
        4 1  |   .3214751   7.192764     0.04   0.964    -13.78213    14.42508
        6 1  |   19.69941   9.808572     2.01   0.045      .466716     38.9321
        7 1  |   22.78186   10.81435     2.11   0.035     1.577019    43.98669
        8 1  |   24.03265   11.70622     2.05   0.040     1.079043    46.98626
        9 1  |   27.43003   12.03113     2.28   0.023     3.839331    51.02073
       10 1  |   25.18789   11.93358     2.11   0.035     1.788473     48.5873
------------------------------------------------------------------------------

added scalar:
              e(ymean) =  112.47989

added scalar:
             e(ymean2) =  .

added scalar:
                e(acq) =  472

added scalar:
              e(fe_id) =  28

added scalar:
          e(n_treated) =  3356320

added scalar:
          e(n_control) =  7576370

added macro:
               e(smpl) : "Rural"

added macro:
             e(fespec) : "unique_small_grid_id_cohort monthyearco province_coho
> rt#c.monthyear yeargov province_cohort#election_year#yeargov"

added macro:
                e(mod) : "moderator"

added macro:
           e(controls) : "notyet"
(saving evreg1)
(file /users/aquisper/proj_bureaucrats_farms/code/_stacked_downup_replication/.
> ./../tables/exploratory_analysis/politician_original_controls_fe_sweep/politi
> cian_original_fe28_controls_notyet_event_rural_acpop_all.ster saved)
EVENT controls=notyet FE=29/32: unique_small_grid_id_cohort monthyearco provinc
> e_cohort#c.monthyear province_cohort#election_year province_cohort#election_y
> ear#yeargov
(MWFE estimator converged in 183 iterations)

HDFE linear regression with Julia                 Number of obs   = 10,932,690
Absorbing 5 HDFE groups                           F(  11,   2823) =      13.99
Statistics cluster-robust                         Prob > F        =     0.0000
                                                  R-squared       =     0.1413
                                                  Adj R-squared   =     0.1276
Number of clusters (ac_elec_yr) =       2824      Within R-sq.    =     0.0030
                                                  Root MSE        =   804.4389

                         (Std. err. adjusted for 2,824 clusters in ac_elec_yr)
------------------------------------------------------------------------------
             |               Robust
      countk | Coefficient  std. err.      t    P>|t|     [95% conf. interval]
-------------+----------------------------------------------------------------
relative_y~x |
          1  |          0  (omitted)
          2  |          0  (omitted)
          3  |          0  (omitted)
          4  |          0  (omitted)
          6  |          0  (omitted)
          7  |          0  (omitted)
          8  |          0  (omitted)
          9  |          0  (omitted)
         10  |          0  (omitted)
             |
     1.treat |          0  (omitted)
wind_direc~n |  -.2507474   .0245787   -10.20   0.000    -.2989413   -.2025534
av_wind_sp~d |   170.3038   15.72209    10.83   0.000     139.4758    201.1318
             |
relative_y~x#|
       treat |
        1 1  |  -5.358878   10.63778    -0.50   0.614    -26.21748    15.49972
        2 1  |   -6.15017   7.928051    -0.78   0.438    -21.69553     9.39519
        3 1  |   2.967747   9.944276     0.30   0.765    -16.53104    22.46653
        4 1  |   .3179268   7.192639     0.04   0.965    -13.78543    14.42129
        6 1  |   19.69439   9.808685     2.01   0.045     .4614765    38.92731
        7 1  |    22.7759    10.8138     2.11   0.035     1.572152    43.97965
        8 1  |   24.02756   11.70721     2.05   0.040     1.072007    46.98312
        9 1  |   27.42572   12.03096     2.28   0.023     3.835353    51.01609
       10 1  |   25.18357   11.93402     2.11   0.035     1.783293    48.58385
------------------------------------------------------------------------------

added scalar:
              e(ymean) =  112.47989

added scalar:
             e(ymean2) =  .

added scalar:
                e(acq) =  472

added scalar:
              e(fe_id) =  29

added scalar:
          e(n_treated) =  3356320

added scalar:
          e(n_control) =  7576370

added macro:
               e(smpl) : "Rural"

added macro:
             e(fespec) : "unique_small_grid_id_cohort monthyearco province_coho
> rt#c.monthyear province_cohort#election_year province_cohort#election_year#ye
> argov"

added macro:
                e(mod) : "moderator"

added macro:
           e(controls) : "notyet"
(saving evreg1)
(file /users/aquisper/proj_bureaucrats_farms/code/_stacked_downup_replication/.
> ./../tables/exploratory_analysis/politician_original_controls_fe_sweep/politi
> cian_original_fe29_controls_notyet_event_rural_acpop_all.ster saved)
EVENT controls=notyet FE=30/32: unique_small_grid_id_cohort monthyearco yeargov
>  province_cohort#election_year province_cohort#election_year#yeargov
(MWFE estimator converged in 186 iterations)

HDFE linear regression with Julia                 Number of obs   = 10,932,690
Absorbing 5 HDFE groups                           F(  11,   2823) =      13.99
Statistics cluster-robust                         Prob > F        =     0.0000
                                                  R-squared       =     0.1413
                                                  Adj R-squared   =     0.1276
Number of clusters (ac_elec_yr) =       2824      Within R-sq.    =     0.0030
                                                  Root MSE        =   804.4381

                         (Std. err. adjusted for 2,824 clusters in ac_elec_yr)
------------------------------------------------------------------------------
             |               Robust
      countk | Coefficient  std. err.      t    P>|t|     [95% conf. interval]
-------------+----------------------------------------------------------------
relative_y~x |
          1  |          0  (omitted)
          2  |          0  (omitted)
          3  |          0  (omitted)
          4  |          0  (omitted)
          6  |          0  (omitted)
          7  |          0  (omitted)
          8  |          0  (omitted)
          9  |          0  (omitted)
         10  |          0  (omitted)
             |
     1.treat |          0  (omitted)
wind_direc~n |  -.2507559   .0245787   -10.20   0.000      -.29895   -.2025618
av_wind_sp~d |   170.3023   15.72191    10.83   0.000     139.4747    201.1299
             |
relative_y~x#|
       treat |
        1 1  |  -5.361907   10.63694    -0.50   0.614    -26.21887    15.49506
        2 1  |  -6.153596   7.927628    -0.78   0.438    -21.69813    9.390934
        3 1  |   2.963323   9.943814     0.30   0.766    -16.53455     22.4612
        4 1  |    .313801   7.193097     0.04   0.965    -13.79046    14.41806
        6 1  |   19.69028   9.808819     2.01   0.045     .4571003    38.92346
        7 1  |   22.77177    10.8142     2.11   0.035     1.567241    43.97629
        8 1  |   24.02392   11.70723     2.05   0.040     1.068324    46.97952
        9 1  |   27.42166   12.03128     2.28   0.023     3.830665    51.01266
       10 1  |   25.17944   11.93389     2.11   0.035     1.779417    48.57946
------------------------------------------------------------------------------

added scalar:
              e(ymean) =  112.47989

added scalar:
             e(ymean2) =  .

added scalar:
                e(acq) =  472

added scalar:
              e(fe_id) =  30

added scalar:
          e(n_treated) =  3356320

added scalar:
          e(n_control) =  7576370

added macro:
               e(smpl) : "Rural"

added macro:
             e(fespec) : "unique_small_grid_id_cohort monthyearco yeargov provi
> nce_cohort#election_year province_cohort#election_year#yeargov"

added macro:
                e(mod) : "moderator"

added macro:
           e(controls) : "notyet"
(saving evreg1)
(file /users/aquisper/proj_bureaucrats_farms/code/_stacked_downup_replication/.
> ./../tables/exploratory_analysis/politician_original_controls_fe_sweep/politi
> cian_original_fe30_controls_notyet_event_rural_acpop_all.ster saved)
EVENT controls=notyet FE=31/32: unique_small_grid_id_cohort province_cohort#c.m
> onthyear yeargov province_cohort#election_year province_cohort#election_year#
> yeargov
(MWFE estimator converged in 47 iterations)

HDFE linear regression with Julia                 Number of obs   = 10,932,690
Absorbing 5 HDFE groups                           F(  20,   2823) =      22.97
Statistics cluster-robust                         Prob > F        =     0.0000
                                                  R-squared       =     0.1083
                                                  Adj R-squared   =     0.0941
Number of clusters (ac_elec_yr) =       2824      Within R-sq.    =     0.0074
                                                  Root MSE        =   819.7216

                         (Std. err. adjusted for 2,824 clusters in ac_elec_yr)
------------------------------------------------------------------------------
             |               Robust
      countk | Coefficient  std. err.      t    P>|t|     [95% conf. interval]
-------------+----------------------------------------------------------------
relative_y~x |
          1  |      534.7   155.4822     3.44   0.001     229.8298    839.5703
          2  |   474.5207   118.7722     4.00   0.000     241.6317    707.4098
          3  |   305.3535   72.27187     4.23   0.000     163.6425    447.0645
          4  |   147.1036   36.15898     4.07   0.000      76.2029    218.0043
          6  |   -136.084   35.94319    -3.79   0.000    -206.5615    -65.6064
          7  |  -283.3347   75.71638    -3.74   0.000    -431.7998   -134.8697
          8  |  -364.8822   109.0541    -3.35   0.001    -578.7161   -151.0483
          9  |  -486.3283   141.3471    -3.44   0.001    -763.4823   -209.1742
         10  |  -622.2178   174.8314    -3.56   0.000    -965.0281   -279.4076
             |
     1.treat |          0  (omitted)
wind_direc~n |  -.7036742   .0393169   -17.90   0.000    -.7807669   -.6265815
av_wind_sp~d |   71.10053   7.425771     9.57   0.000     56.54005    85.66102
             |
relative_y~x#|
       treat |
        1 1  |  -9.228498   10.64883    -0.87   0.386    -30.10877    11.65177
        2 1  |  -7.288918   8.092496    -0.90   0.368    -23.15672    8.578887
        3 1  |   1.328074   9.943496     0.13   0.894    -18.16918    20.82533
        4 1  |   .4313137   7.421989     0.06   0.954    -14.12176    14.98438
        6 1  |   19.68564   9.966072     1.98   0.048     .1441239    39.22717
        7 1  |   22.81698   10.98907     2.08   0.038     1.269555    44.36441
        8 1  |    23.3052   11.71204     1.99   0.047     .3401752    46.27022
        9 1  |   25.67052   12.15875     2.11   0.035     1.829583    49.51146
       10 1  |   24.35522   12.11743     2.01   0.045     .5953143    48.11513
------------------------------------------------------------------------------

added scalar:
              e(ymean) =  112.47989

added scalar:
             e(ymean2) =  .

added scalar:
                e(acq) =  472

added scalar:
              e(fe_id) =  31

added scalar:
          e(n_treated) =  3356320

added scalar:
          e(n_control) =  7576370

added macro:
               e(smpl) : "Rural"

added macro:
             e(fespec) : "unique_small_grid_id_cohort province_cohort#c.monthye
> ar yeargov province_cohort#election_year province_cohort#election_year#yeargo
> v"

added macro:
                e(mod) : "moderator"

added macro:
           e(controls) : "notyet"
(saving evreg1)
(file /users/aquisper/proj_bureaucrats_farms/code/_stacked_downup_replication/.
> ./../tables/exploratory_analysis/politician_original_controls_fe_sweep/politi
> cian_original_fe31_controls_notyet_event_rural_acpop_all.ster saved)
EVENT controls=notyet FE=32/32: unique_small_grid_id_cohort monthyearco provinc
> e_cohort#c.monthyear yeargov province_cohort#election_year province_cohort#el
> ection_year#yeargov
(MWFE estimator converged in 198 iterations)

HDFE linear regression with Julia                 Number of obs   = 10,932,690
Absorbing 6 HDFE groups                           F(  11,   2823) =      13.99
Statistics cluster-robust                         Prob > F        =     0.0000
                                                  R-squared       =     0.1413
                                                  Adj R-squared   =     0.1276
Number of clusters (ac_elec_yr) =       2824      Within R-sq.    =     0.0030
                                                  Root MSE        =   804.4391

                         (Std. err. adjusted for 2,824 clusters in ac_elec_yr)
------------------------------------------------------------------------------
             |               Robust
      countk | Coefficient  std. err.      t    P>|t|     [95% conf. interval]
-------------+----------------------------------------------------------------
relative_y~x |
          1  |          0  (omitted)
          2  |          0  (omitted)
          3  |          0  (omitted)
          4  |          0  (omitted)
          6  |          0  (omitted)
          7  |          0  (omitted)
          8  |          0  (omitted)
          9  |          0  (omitted)
         10  |          0  (omitted)
             |
     1.treat |          0  (omitted)
wind_direc~n |  -.2507473   .0245783   -10.20   0.000    -.2989406   -.2025541
av_wind_sp~d |   170.3038   15.72204    10.83   0.000     139.4759    201.1316
             |
relative_y~x#|
       treat |
        1 1  |  -5.357861   10.63668    -0.50   0.615    -26.21431    15.49859
        2 1  |  -6.149248   7.927446    -0.78   0.438    -21.69342    9.394924
        3 1  |   2.968317   9.943514     0.30   0.765    -16.52897     22.4656
        4 1  |    .318387    7.19317     0.04   0.965    -13.78601    14.42279
        6 1  |   19.69543     9.8088     2.01   0.045      .462288    38.92857
        7 1  |   22.77695   10.81415     2.11   0.035     1.572518    43.98138
        8 1  |   24.02879   11.70737     2.05   0.040     1.072931    46.98465
        9 1  |   27.42701   12.03135     2.28   0.023     3.835885    51.01813
       10 1  |   25.18446   11.93386     2.11   0.035     1.784488    48.58444
------------------------------------------------------------------------------

added scalar:
              e(ymean) =  112.47989

added scalar:
             e(ymean2) =  .

added scalar:
                e(acq) =  472

added scalar:
              e(fe_id) =  32

added scalar:
          e(n_treated) =  3356320

added scalar:
          e(n_control) =  7576370

added macro:
               e(smpl) : "Rural"

added macro:
             e(fespec) : "unique_small_grid_id_cohort monthyearco province_coho
> rt#c.monthyear yeargov province_cohort#election_year province_cohort#election
> _year#yeargov"

added macro:
                e(mod) : "moderator"

added macro:
           e(controls) : "notyet"
(saving evreg1)
(file /users/aquisper/proj_bureaucrats_farms/code/_stacked_downup_replication/.
> ./../tables/exploratory_analysis/politician_original_controls_fe_sweep/politi
> cian_original_fe32_controls_notyet_event_rural_acpop_all.ster saved)

. 
. *****************************************************************************
> ***
. * DiD loop: reload prepared sample once, estimate FE 1/32, save independently
> .
. *****************************************************************************
> ***
. use `full_analysis_sample', clear

. gen byte post_ = relative_year_bin >= 0

. gen byte moderator = downup_ac_pop

. local moderators_list downup_ac_pop

. count if treat == 1
  3,965,599

. local did_n_treated = r(N)

. count if treat == 0
  8,350,480

. local did_n_control = r(N)

. egen byte did_tag_ac = tag(ac_uq_id)

. count if did_tag_ac
  472

. local did_numacs = r(N)

. drop did_tag_ac

. quietly summarize countk if treat == 1 & relative_year_bin <= -1

. local did_ymean = r(mean)

. quietly summarize countk if treat == 1 & relative_year_bin <= -1 & moderator 
> == 1

. local did_ymean2 = r(mean)

. 
. foreach mod of local moderators_list {
  2.     local did_rhs "ib0.post_##ib0.treat##ib0.`mod' wind_direction av_wind_
> speed"
  3.     foreach fe of numlist $fe_list {
  4.         local fespec "`fe`fe''"
  5.         local tag : display %02.0f `fe'
  6.         local tag = strtrim("`tag'")
  7.         local prefix "politician_original_fe`tag'_controls_`control_sample
> '"
  8.         display as result "DID controls=`control_sample' FE=`fe'/32: `fesp
> ec'"
  9.         est clear
 10.         reghdfejl countk `did_rhs', absorb(`fespec') vce(cluster ac_elec_y
> r)
 11.         estadd scalar ymean = `did_ymean'
 12.         estadd scalar ymean2 = `did_ymean2'
 13.         estadd scalar acq = `did_numacs'
 14.         estadd scalar fe_id = `fe'
 15.         estadd scalar n_treated = `did_n_treated'
 16.         estadd scalar n_control = `did_n_control'
 17.         estadd local smpl "Rural"
 18.         estadd local fespec "`fespec'"
 19.         estadd local mod "`mod'"
 20.         estadd local controls "`control_sample'"
 21.         est store evreg1
 22.         local out "${tables}/`prefix'_did_interaction_rural_acpop_all"
 23.         estwrite evreg1 using "`out'.ster", replace
 24.         confirm file "`out'.ster"
 25.     }
 26. }
DID controls=notyet FE=1/32: unique_small_grid_id_cohort
(MWFE estimator converged in 1 iterations)

HDFE linear regression with Julia                 Number of obs   = 12,316,079
Absorbing 1 HDFE group                            F(   8,   3149) =      64.92
Statistics cluster-robust                         Prob > F        =     0.0000
                                                  R-squared       =     0.1034
                                                  Adj R-squared   =     0.0907
Number of clusters (ac_elec_yr) =       3150      Within R-sq.    =     0.0064
                                                  Root MSE        =   827.3291

                         (Std. err. adjusted for 3,150 clusters in ac_elec_yr)
------------------------------------------------------------------------------
             |               Robust
      countk | Coefficient  std. err.      t    P>|t|     [95% conf. interval]
-------------+----------------------------------------------------------------
     1.post_ |  -6.982473   3.465438    -2.01   0.044    -13.77722    -.187728
     1.treat |          0  (omitted)
1.downup_a~p |    5.46798   2.445345     2.24   0.025     .6733491    10.26261
wind_direc~n |  -.6482411   .0314233   -20.63   0.000    -.7098533   -.5866288
av_wind_sp~d |   58.15481     4.9552    11.74   0.000     48.43906    67.87056
             |
 post_#treat |
        1 1  |   18.90812   6.053494     3.12   0.002     7.038926    30.77731
             |
       post_#|
downup_ac_~p |
        1 1  |  -2.547639   2.843702    -0.90   0.370    -8.123335    3.028057
             |
       treat#|
downup_ac_~p |
        1 1  |  -2.961919   4.755991    -0.62   0.533    -12.28707    6.363236
             |
 post_#treat#|
downup_ac_~p |
      1 1 1  |   2.739597   6.622082     0.41   0.679    -10.24443    15.72363
------------------------------------------------------------------------------

added scalar:
              e(ymean) =  120.68671

added scalar:
             e(ymean2) =  121.71761

added scalar:
                e(acq) =  472

added scalar:
              e(fe_id) =  1

added scalar:
          e(n_treated) =  3965599

added scalar:
          e(n_control) =  8350480

added macro:
               e(smpl) : "Rural"

added macro:
             e(fespec) : "unique_small_grid_id_cohort"

added macro:
                e(mod) : "downup_ac_pop"

added macro:
           e(controls) : "notyet"
(saving evreg1)
(file /users/aquisper/proj_bureaucrats_farms/code/_stacked_downup_replication/.
> ./../tables/exploratory_analysis/politician_original_controls_fe_sweep/politi
> cian_original_fe01_controls_notyet_did_interaction_rural_acpop_all.ster saved
> )
DID controls=notyet FE=2/32: unique_small_grid_id_cohort monthyearco
(MWFE estimator converged in 13 iterations)

HDFE linear regression with Julia                 Number of obs   = 12,316,079
Absorbing 2 HDFE groups                           F(   7,   3149) =      25.59
Statistics cluster-robust                         Prob > F        =     0.0000
                                                  R-squared       =     0.1380
                                                  Adj R-squared   =     0.1258
Number of clusters (ac_elec_yr) =       3150      Within R-sq.    =     0.0033
                                                  Root MSE        =   811.2291

                         (Std. err. adjusted for 3,150 clusters in ac_elec_yr)
------------------------------------------------------------------------------
             |               Robust
      countk | Coefficient  std. err.      t    P>|t|     [95% conf. interval]
-------------+----------------------------------------------------------------
     1.post_ |          0  (omitted)
     1.treat |          0  (omitted)
1.downup_a~p |     5.1316   2.447005     2.10   0.036     .3337144    9.929485
wind_direc~n |  -.2689964   .0233039   -11.54   0.000    -.3146888   -.2233041
av_wind_sp~d |   176.8877   15.32256    11.54   0.000     146.8445    206.9309
             |
 post_#treat |
        1 1  |    22.5426   7.231594     3.12   0.002     8.363487    36.72171
             |
       post_#|
downup_ac_~p |
        1 1  |  -2.435074   2.814581    -0.87   0.387    -7.953673    3.083525
             |
       treat#|
downup_ac_~p |
        1 1  |  -2.612625   4.770535    -0.55   0.584     -11.9663    6.741047
             |
 post_#treat#|
downup_ac_~p |
      1 1 1  |   3.611974   6.700256     0.54   0.590    -9.525337    16.74928
------------------------------------------------------------------------------

added scalar:
              e(ymean) =  120.68671

added scalar:
             e(ymean2) =  121.71761

added scalar:
                e(acq) =  472

added scalar:
              e(fe_id) =  2

added scalar:
          e(n_treated) =  3965599

added scalar:
          e(n_control) =  8350480

added macro:
               e(smpl) : "Rural"

added macro:
             e(fespec) : "unique_small_grid_id_cohort monthyearco"

added macro:
                e(mod) : "downup_ac_pop"

added macro:
           e(controls) : "notyet"
(saving evreg1)
(file /users/aquisper/proj_bureaucrats_farms/code/_stacked_downup_replication/.
> ./../tables/exploratory_analysis/politician_original_controls_fe_sweep/politi
> cian_original_fe02_controls_notyet_did_interaction_rural_acpop_all.ster saved
> )
DID controls=notyet FE=3/32: unique_small_grid_id_cohort province_cohort#c.mont
> hyear
(MWFE estimator converged in 19 iterations)

HDFE linear regression with Julia                 Number of obs   = 12,316,079
Absorbing 2 HDFE groups                           F(   8,   3149) =      64.47
Statistics cluster-robust                         Prob > F        =     0.0000
                                                  R-squared       =     0.1040
                                                  Adj R-squared   =     0.0913
Number of clusters (ac_elec_yr) =       3150      Within R-sq.    =     0.0063
                                                  Root MSE        =   827.0502

                         (Std. err. adjusted for 3,150 clusters in ac_elec_yr)
------------------------------------------------------------------------------
             |               Robust
      countk | Coefficient  std. err.      t    P>|t|     [95% conf. interval]
-------------+----------------------------------------------------------------
     1.post_ |   .0257068   4.495013     0.01   0.995    -8.787744    8.839158
     1.treat |          0  (omitted)
1.downup_a~p |   5.716673   2.426185     2.36   0.019     .9596089    10.47374
wind_direc~n |  -.6468748   .0315329   -20.51   0.000    -.7087019   -.5850477
av_wind_sp~d |   58.27067   4.976333    11.71   0.000     48.51349    68.02786
             |
 post_#treat |
        1 1  |   13.45917   7.034055     1.91   0.056     -.332622    27.25097
             |
       post_#|
downup_ac_~p |
        1 1  |  -3.086126   2.818064    -1.10   0.274    -8.611554    2.439302
             |
       treat#|
downup_ac_~p |
        1 1  |   -3.25843   4.739551    -0.69   0.492    -12.55135    6.034492
             |
 post_#treat#|
downup_ac_~p |
      1 1 1  |   3.392739   6.613634     0.51   0.608     -9.57473    16.36021
------------------------------------------------------------------------------

added scalar:
              e(ymean) =  120.68671

added scalar:
             e(ymean2) =  121.71761

added scalar:
                e(acq) =  472

added scalar:
              e(fe_id) =  3

added scalar:
          e(n_treated) =  3965599

added scalar:
          e(n_control) =  8350480

added macro:
               e(smpl) : "Rural"

added macro:
             e(fespec) : "unique_small_grid_id_cohort province_cohort#c.monthye
> ar"

added macro:
                e(mod) : "downup_ac_pop"

added macro:
           e(controls) : "notyet"
(saving evreg1)
(file /users/aquisper/proj_bureaucrats_farms/code/_stacked_downup_replication/.
> ./../tables/exploratory_analysis/politician_original_controls_fe_sweep/politi
> cian_original_fe03_controls_notyet_did_interaction_rural_acpop_all.ster saved
> )
DID controls=notyet FE=4/32: unique_small_grid_id_cohort yeargov
(MWFE estimator converged in 6 iterations)

HDFE linear regression with Julia                 Number of obs   = 12,316,079
Absorbing 2 HDFE groups                           F(   8,   3149) =      65.85
Statistics cluster-robust                         Prob > F        =     0.0000
                                                  R-squared       =     0.1035
                                                  Adj R-squared   =     0.0908
Number of clusters (ac_elec_yr) =       3150      Within R-sq.    =     0.0064
                                                  Root MSE        =   827.2937

                         (Std. err. adjusted for 3,150 clusters in ac_elec_yr)
------------------------------------------------------------------------------
             |               Robust
      countk | Coefficient  std. err.      t    P>|t|     [95% conf. interval]
-------------+----------------------------------------------------------------
     1.post_ |  -13.79686   3.950024    -3.49   0.000    -21.54174   -6.051976
     1.treat |          0  (omitted)
1.downup_a~p |   5.476168   2.445163     2.24   0.025     .6818938    10.27044
wind_direc~n |  -.6502263   .0315178   -20.63   0.000    -.7120238   -.5884288
av_wind_sp~d |   58.52096   4.983267    11.74   0.000     48.75019    68.29174
             |
 post_#treat |
        1 1  |   28.14509   6.593573     4.27   0.000     15.21696    41.07323
             |
       post_#|
downup_ac_~p |
        1 1  |  -2.582131   2.844629    -0.91   0.364    -8.159644    2.995383
             |
       treat#|
downup_ac_~p |
        1 1  |  -2.984981   4.756474    -0.63   0.530    -12.31108    6.341122
             |
 post_#treat#|
downup_ac_~p |
      1 1 1  |    2.80891   6.623111     0.42   0.672    -10.17714    15.79496
------------------------------------------------------------------------------

added scalar:
              e(ymean) =  120.68671

added scalar:
             e(ymean2) =  121.71761

added scalar:
                e(acq) =  472

added scalar:
              e(fe_id) =  4

added scalar:
          e(n_treated) =  3965599

added scalar:
          e(n_control) =  8350480

added macro:
               e(smpl) : "Rural"

added macro:
             e(fespec) : "unique_small_grid_id_cohort yeargov"

added macro:
                e(mod) : "downup_ac_pop"

added macro:
           e(controls) : "notyet"
(saving evreg1)
(file /users/aquisper/proj_bureaucrats_farms/code/_stacked_downup_replication/.
> ./../tables/exploratory_analysis/politician_original_controls_fe_sweep/politi
> cian_original_fe04_controls_notyet_did_interaction_rural_acpop_all.ster saved
> )
DID controls=notyet FE=5/32: unique_small_grid_id_cohort province_cohort#electi
> on_year
(MWFE estimator converged in 16 iterations)

HDFE linear regression with Julia                 Number of obs   = 12,316,079
Absorbing 2 HDFE groups                           F(   8,   3149) =      63.38
Statistics cluster-robust                         Prob > F        =     0.0000
                                                  R-squared       =     0.1046
                                                  Adj R-squared   =     0.0919
Number of clusters (ac_elec_yr) =       3150      Within R-sq.    =     0.0063
                                                  Root MSE        =   826.7731

                         (Std. err. adjusted for 3,150 clusters in ac_elec_yr)
------------------------------------------------------------------------------
             |               Robust
      countk | Coefficient  std. err.      t    P>|t|     [95% conf. interval]
-------------+----------------------------------------------------------------
     1.post_ |   1.345138   3.489959     0.39   0.700    -5.497687    8.187963
     1.treat |          0  (omitted)
1.downup_a~p |   5.714345   2.432532     2.35   0.019     .9448366    10.48385
wind_direc~n |  -.6470909   .0315694   -20.50   0.000    -.7089895   -.5851922
av_wind_sp~d |   57.39487   4.948234    11.60   0.000     47.69279    67.09696
             |
 post_#treat |
        1 1  |   22.08472   9.409043     2.35   0.019     3.636248     40.5332
             |
       post_#|
downup_ac_~p |
        1 1  |  -3.312328   2.822951    -1.17   0.241    -8.847339    2.222682
             |
       treat#|
downup_ac_~p |
        1 1  |  -3.167199    4.73098    -0.67   0.503    -12.44331    6.108916
             |
 post_#treat#|
downup_ac_~p |
      1 1 1  |   3.274951   6.604729     0.50   0.620    -9.675057    16.22496
------------------------------------------------------------------------------

added scalar:
              e(ymean) =  120.68671

added scalar:
             e(ymean2) =  121.71761

added scalar:
                e(acq) =  472

added scalar:
              e(fe_id) =  5

added scalar:
          e(n_treated) =  3965599

added scalar:
          e(n_control) =  8350480

added macro:
               e(smpl) : "Rural"

added macro:
             e(fespec) : "unique_small_grid_id_cohort province_cohort#election_
> year"

added macro:
                e(mod) : "downup_ac_pop"

added macro:
           e(controls) : "notyet"
(saving evreg1)
(file /users/aquisper/proj_bureaucrats_farms/code/_stacked_downup_replication/.
> ./../tables/exploratory_analysis/politician_original_controls_fe_sweep/politi
> cian_original_fe05_controls_notyet_did_interaction_rural_acpop_all.ster saved
> )
DID controls=notyet FE=6/32: unique_small_grid_id_cohort province_cohort#electi
> on_year#yeargov
(MWFE estimator converged in 16 iterations)

HDFE linear regression with Julia                 Number of obs   = 12,316,079
Absorbing 2 HDFE groups                           F(   8,   3149) =      62.95
Statistics cluster-robust                         Prob > F        =     0.0000
                                                  R-squared       =     0.1066
                                                  Adj R-squared   =     0.0940
Number of clusters (ac_elec_yr) =       3150      Within R-sq.    =     0.0065
                                                  Root MSE        =   825.8365

                         (Std. err. adjusted for 3,150 clusters in ac_elec_yr)
------------------------------------------------------------------------------
             |               Robust
      countk | Coefficient  std. err.      t    P>|t|     [95% conf. interval]
-------------+----------------------------------------------------------------
     1.post_ |  -58.26865    13.5172    -4.31   0.000    -84.77207   -31.76523
     1.treat |          0  (omitted)
1.downup_a~p |    5.68119   2.404017     2.36   0.018     .9675909    10.39479
wind_direc~n |  -.6591949   .0322665   -20.43   0.000    -.7224604   -.5959293
av_wind_sp~d |   59.38837   5.003394    11.87   0.000     49.57813    69.19862
             |
 post_#treat |
        1 1  |   22.06148    9.40851     2.34   0.019     3.614045    40.50891
             |
       post_#|
downup_ac_~p |
        1 1  |   -3.44945   2.801833    -1.23   0.218    -8.943055    2.044154
             |
       treat#|
downup_ac_~p |
        1 1  |  -3.074972   4.702897    -0.65   0.513    -12.29602    6.146082
             |
 post_#treat#|
downup_ac_~p |
      1 1 1  |   3.355166   6.590554     0.51   0.611     -9.56705    16.27738
------------------------------------------------------------------------------

added scalar:
              e(ymean) =  120.68671

added scalar:
             e(ymean2) =  121.71761

added scalar:
                e(acq) =  472

added scalar:
              e(fe_id) =  6

added scalar:
          e(n_treated) =  3965599

added scalar:
          e(n_control) =  8350480

added macro:
               e(smpl) : "Rural"

added macro:
             e(fespec) : "unique_small_grid_id_cohort province_cohort#election_
> year#yeargov"

added macro:
                e(mod) : "downup_ac_pop"

added macro:
           e(controls) : "notyet"
(saving evreg1)
(file /users/aquisper/proj_bureaucrats_farms/code/_stacked_downup_replication/.
> ./../tables/exploratory_analysis/politician_original_controls_fe_sweep/politi
> cian_original_fe06_controls_notyet_did_interaction_rural_acpop_all.ster saved
> )
DID controls=notyet FE=7/32: unique_small_grid_id_cohort monthyearco province_c
> ohort#c.monthyear
(MWFE estimator converged in 75 iterations)

HDFE linear regression with Julia                 Number of obs   = 12,316,079
Absorbing 3 HDFE groups                           F(   7,   3149) =      25.52
Statistics cluster-robust                         Prob > F        =     0.0000
                                                  R-squared       =     0.1386
                                                  Adj R-squared   =     0.1263
Number of clusters (ac_elec_yr) =       3150      Within R-sq.    =     0.0033
                                                  Root MSE        =   810.9616

                         (Std. err. adjusted for 3,150 clusters in ac_elec_yr)
------------------------------------------------------------------------------
             |               Robust
      countk | Coefficient  std. err.      t    P>|t|     [95% conf. interval]
-------------+----------------------------------------------------------------
     1.post_ |          0  (omitted)
     1.treat |          0  (omitted)
1.downup_a~p |    5.28344   2.432652     2.17   0.030      .513695    10.05318
wind_direc~n |  -.2670187   .0234432   -11.39   0.000    -.3129842   -.2210533
av_wind_sp~d |   177.3723   15.36436    11.54   0.000     147.2471    207.4975
             |
 post_#treat |
        1 1  |   22.25485   8.044992     2.77   0.006     6.480889     38.0288
             |
       post_#|
downup_ac_~p |
        1 1  |  -2.753394   2.802118    -0.98   0.326    -8.247555    2.740767
             |
       treat#|
downup_ac_~p |
        1 1  |   -2.76905   4.750391    -0.58   0.560    -12.08322    6.545124
             |
 post_#treat#|
downup_ac_~p |
      1 1 1  |   3.972085   6.691978     0.59   0.553    -9.148995    17.09316
------------------------------------------------------------------------------

added scalar:
              e(ymean) =  120.68671

added scalar:
             e(ymean2) =  121.71761

added scalar:
                e(acq) =  472

added scalar:
              e(fe_id) =  7

added scalar:
          e(n_treated) =  3965599

added scalar:
          e(n_control) =  8350480

added macro:
               e(smpl) : "Rural"

added macro:
             e(fespec) : "unique_small_grid_id_cohort monthyearco province_coho
> rt#c.monthyear"

added macro:
                e(mod) : "downup_ac_pop"

added macro:
           e(controls) : "notyet"
(saving evreg1)
(file /users/aquisper/proj_bureaucrats_farms/code/_stacked_downup_replication/.
> ./../tables/exploratory_analysis/politician_original_controls_fe_sweep/politi
> cian_original_fe07_controls_notyet_did_interaction_rural_acpop_all.ster saved
> )
DID controls=notyet FE=8/32: unique_small_grid_id_cohort monthyearco yeargov
(MWFE estimator converged in 18 iterations)

HDFE linear regression with Julia                 Number of obs   = 12,316,079
Absorbing 3 HDFE groups                           F(   7,   3149) =      25.84
Statistics cluster-robust                         Prob > F        =     0.0000
                                                  R-squared       =     0.1381
                                                  Adj R-squared   =     0.1258
Number of clusters (ac_elec_yr) =       3150      Within R-sq.    =     0.0033
                                                  Root MSE        =   811.1976

                         (Std. err. adjusted for 3,150 clusters in ac_elec_yr)
------------------------------------------------------------------------------
             |               Robust
      countk | Coefficient  std. err.      t    P>|t|     [95% conf. interval]
-------------+----------------------------------------------------------------
     1.post_ |          0  (omitted)
     1.treat |          0  (omitted)
1.downup_a~p |   5.120565   2.446619     2.09   0.036     .3234366    9.917693
wind_direc~n |  -.2713559    .023339   -11.63   0.000    -.3171171   -.2255946
av_wind_sp~d |   177.0705   15.32442    11.55   0.000     147.0236    207.1173
             |
 post_#treat |
        1 1  |   35.48691   8.168086     4.34   0.000      19.4716    51.50223
             |
       post_#|
downup_ac_~p |
        1 1  |   -2.41779   2.814321    -0.86   0.390    -7.935878    3.100298
             |
       treat#|
downup_ac_~p |
        1 1  |  -2.623061   4.770844    -0.55   0.582    -11.97734    6.731216
             |
 post_#treat#|
downup_ac_~p |
      1 1 1  |   3.626879     6.7028     0.54   0.588    -9.515418    16.76918
------------------------------------------------------------------------------

added scalar:
              e(ymean) =  120.68671

added scalar:
             e(ymean2) =  121.71761

added scalar:
                e(acq) =  472

added scalar:
              e(fe_id) =  8

added scalar:
          e(n_treated) =  3965599

added scalar:
          e(n_control) =  8350480

added macro:
               e(smpl) : "Rural"

added macro:
             e(fespec) : "unique_small_grid_id_cohort monthyearco yeargov"

added macro:
                e(mod) : "downup_ac_pop"

added macro:
           e(controls) : "notyet"
(saving evreg1)
(file /users/aquisper/proj_bureaucrats_farms/code/_stacked_downup_replication/.
> ./../tables/exploratory_analysis/politician_original_controls_fe_sweep/politi
> cian_original_fe08_controls_notyet_did_interaction_rural_acpop_all.ster saved
> )
DID controls=notyet FE=9/32: unique_small_grid_id_cohort monthyearco province_c
> ohort#election_year
(MWFE estimator converged in 58 iterations)

HDFE linear regression with Julia                 Number of obs   = 12,316,079
Absorbing 3 HDFE groups                           F(   7,   3149) =      25.22
Statistics cluster-robust                         Prob > F        =     0.0000
                                                  R-squared       =     0.1391
                                                  Adj R-squared   =     0.1269
Number of clusters (ac_elec_yr) =       3150      Within R-sq.    =     0.0032
                                                  Root MSE        =   810.6910

                         (Std. err. adjusted for 3,150 clusters in ac_elec_yr)
------------------------------------------------------------------------------
             |               Robust
      countk | Coefficient  std. err.      t    P>|t|     [95% conf. interval]
-------------+----------------------------------------------------------------
     1.post_ |          0  (omitted)
     1.treat |          0  (omitted)
1.downup_a~p |   5.334718   2.434343     2.19   0.028     .5616587    10.10778
wind_direc~n |  -.2617682   .0232057   -11.28   0.000     -.307268   -.2162683
av_wind_sp~d |   176.5313    15.3286    11.52   0.000     146.4762    206.5863
             |
 post_#treat |
        1 1  |   21.45181   9.437231     2.27   0.023     2.948061    39.95555
             |
       post_#|
downup_ac_~p |
        1 1  |  -3.092782   2.792199    -1.11   0.268    -8.567495    2.381931
             |
       treat#|
downup_ac_~p |
        1 1  |  -2.764523    4.74246    -0.58   0.560    -12.06315    6.534103
             |
 post_#treat#|
downup_ac_~p |
      1 1 1  |   4.068614   6.676712     0.61   0.542    -9.022534    17.15976
------------------------------------------------------------------------------

added scalar:
              e(ymean) =  120.68671

added scalar:
             e(ymean2) =  121.71761

added scalar:
                e(acq) =  472

added scalar:
              e(fe_id) =  9

added scalar:
          e(n_treated) =  3965599

added scalar:
          e(n_control) =  8350480

added macro:
               e(smpl) : "Rural"

added macro:
             e(fespec) : "unique_small_grid_id_cohort monthyearco province_coho
> rt#election_year"

added macro:
                e(mod) : "downup_ac_pop"

added macro:
           e(controls) : "notyet"
(saving evreg1)
(file /users/aquisper/proj_bureaucrats_farms/code/_stacked_downup_replication/.
> ./../tables/exploratory_analysis/politician_original_controls_fe_sweep/politi
> cian_original_fe09_controls_notyet_did_interaction_rural_acpop_all.ster saved
> )
DID controls=notyet FE=10/32: unique_small_grid_id_cohort monthyearco province_
> cohort#election_year#yeargov
(MWFE estimator converged in 204 iterations)

HDFE linear regression with Julia                 Number of obs   = 12,316,079
Absorbing 3 HDFE groups                           F(   7,   3149) =      24.62
Statistics cluster-robust                         Prob > F        =     0.0000
                                                  R-squared       =     0.1419
                                                  Adj R-squared   =     0.1297
Number of clusters (ac_elec_yr) =       3150      Within R-sq.    =     0.0033
                                                  Root MSE        =   809.4227

                         (Std. err. adjusted for 3,150 clusters in ac_elec_yr)
------------------------------------------------------------------------------
             |               Robust
      countk | Coefficient  std. err.      t    P>|t|     [95% conf. interval]
-------------+----------------------------------------------------------------
     1.post_ |          0  (omitted)
     1.treat |          0  (omitted)
1.downup_a~p |    4.79852   2.403479     2.00   0.046     .0859772    9.511063
wind_direc~n |  -.2429815   .0227627   -10.67   0.000    -.2876128   -.1983503
av_wind_sp~d |   182.7041   15.93509    11.47   0.000     151.4599    213.9483
             |
 post_#treat |
        1 1  |   21.34189   9.437159     2.26   0.024     2.838283    39.84549
             |
       post_#|
downup_ac_~p |
        1 1  |  -3.151951   2.764429    -1.14   0.254    -8.572216    2.268315
             |
       treat#|
downup_ac_~p |
        1 1  |  -2.542266   4.693265    -0.54   0.588    -11.74443    6.659902
             |
 post_#treat#|
downup_ac_~p |
      1 1 1  |   4.264673   6.666812     0.64   0.522    -8.807062    17.33641
------------------------------------------------------------------------------

added scalar:
              e(ymean) =  120.68671

added scalar:
             e(ymean2) =  121.71761

added scalar:
                e(acq) =  472

added scalar:
              e(fe_id) =  10

added scalar:
          e(n_treated) =  3965599

added scalar:
          e(n_control) =  8350480

added macro:
               e(smpl) : "Rural"

added macro:
             e(fespec) : "unique_small_grid_id_cohort monthyearco province_coho
> rt#election_year#yeargov"

added macro:
                e(mod) : "downup_ac_pop"

added macro:
           e(controls) : "notyet"
(saving evreg1)
(file /users/aquisper/proj_bureaucrats_farms/code/_stacked_downup_replication/.
> ./../tables/exploratory_analysis/politician_original_controls_fe_sweep/politi
> cian_original_fe10_controls_notyet_did_interaction_rural_acpop_all.ster saved
> )
DID controls=notyet FE=11/32: unique_small_grid_id_cohort province_cohort#c.mon
> thyear yeargov
(MWFE estimator converged in 41 iterations)

HDFE linear regression with Julia                 Number of obs   = 12,316,079
Absorbing 3 HDFE groups                           F(   8,   3149) =      64.34
Statistics cluster-robust                         Prob > F        =     0.0000
                                                  R-squared       =     0.1041
                                                  Adj R-squared   =     0.0914
Number of clusters (ac_elec_yr) =       3150      Within R-sq.    =     0.0063
                                                  Root MSE        =   827.0143

                         (Std. err. adjusted for 3,150 clusters in ac_elec_yr)
------------------------------------------------------------------------------
             |               Robust
      countk | Coefficient  std. err.      t    P>|t|     [95% conf. interval]
-------------+----------------------------------------------------------------
     1.post_ |  -2.987828   4.544636    -0.66   0.511    -11.89858     5.92292
     1.treat |          0  (omitted)
1.downup_a~p |   5.712408   2.428523     2.35   0.019       .95076    10.47406
wind_direc~n |  -.6477542   .0315591   -20.53   0.000    -.7096327   -.5858757
av_wind_sp~d |   58.28665   4.982251    11.70   0.000     48.51786    68.05544
             |
 post_#treat |
        1 1  |   30.34316   7.929837     3.83   0.000     14.79499    45.89133
             |
       post_#|
downup_ac_~p |
        1 1  |  -3.090106   2.822321    -1.09   0.274    -8.623882    2.443669
             |
       treat#|
downup_ac_~p |
        1 1  |  -3.269007   4.739519    -0.69   0.490    -12.56187    6.023852
             |
 post_#treat#|
downup_ac_~p |
      1 1 1  |   3.412302   6.618905     0.52   0.606    -9.565501     16.3901
------------------------------------------------------------------------------

added scalar:
              e(ymean) =  120.68671

added scalar:
             e(ymean2) =  121.71761

added scalar:
                e(acq) =  472

added scalar:
              e(fe_id) =  11

added scalar:
          e(n_treated) =  3965599

added scalar:
          e(n_control) =  8350480

added macro:
               e(smpl) : "Rural"

added macro:
             e(fespec) : "unique_small_grid_id_cohort province_cohort#c.monthye
> ar yeargov"

added macro:
                e(mod) : "downup_ac_pop"

added macro:
           e(controls) : "notyet"
(saving evreg1)
(file /users/aquisper/proj_bureaucrats_farms/code/_stacked_downup_replication/.
> ./../tables/exploratory_analysis/politician_original_controls_fe_sweep/politi
> cian_original_fe11_controls_notyet_did_interaction_rural_acpop_all.ster saved
> )
DID controls=notyet FE=12/32: unique_small_grid_id_cohort province_cohort#c.mon
> thyear province_cohort#election_year
(MWFE estimator converged in 68 iterations)

HDFE linear regression with Julia                 Number of obs   = 12,316,079
Absorbing 3 HDFE groups                           F(   8,   3149) =      63.66
Statistics cluster-robust                         Prob > F        =     0.0000
                                                  R-squared       =     0.1047
                                                  Adj R-squared   =     0.0920
Number of clusters (ac_elec_yr) =       3150      Within R-sq.    =     0.0063
                                                  Root MSE        =   826.7427

                         (Std. err. adjusted for 3,150 clusters in ac_elec_yr)
------------------------------------------------------------------------------
             |               Robust
      countk | Coefficient  std. err.      t    P>|t|     [95% conf. interval]
-------------+----------------------------------------------------------------
     1.post_ |  -8.421515   5.413418    -1.56   0.120     -19.0357     2.19267
     1.treat |          0  (omitted)
1.downup_a~p |   5.753522   2.436213     2.36   0.018     .9767962    10.53025
wind_direc~n |  -.6488029   .0316728   -20.48   0.000    -.7109044   -.5867014
av_wind_sp~d |   58.21995   5.013828    11.61   0.000     48.38925    68.05065
             |
 post_#treat |
        1 1  |   22.05998   9.409811     2.34   0.019     3.609997    40.50996
             |
       post_#|
downup_ac_~p |
        1 1  |  -3.388534   2.828528    -1.20   0.231    -8.934479    2.157411
             |
       treat#|
downup_ac_~p |
        1 1  |  -3.185939   4.732189    -0.67   0.501    -12.46443    6.092547
             |
 post_#treat#|
downup_ac_~p |
      1 1 1  |   3.349963   6.606098     0.51   0.612    -9.602731    16.30266
------------------------------------------------------------------------------

added scalar:
              e(ymean) =  120.68671

added scalar:
             e(ymean2) =  121.71761

added scalar:
                e(acq) =  472

added scalar:
              e(fe_id) =  12

added scalar:
          e(n_treated) =  3965599

added scalar:
          e(n_control) =  8350480

added macro:
               e(smpl) : "Rural"

added macro:
             e(fespec) : "unique_small_grid_id_cohort province_cohort#c.monthye
> ar province_cohort#election_year"

added macro:
                e(mod) : "downup_ac_pop"

added macro:
           e(controls) : "notyet"
(saving evreg1)
(file /users/aquisper/proj_bureaucrats_farms/code/_stacked_downup_replication/.
> ./../tables/exploratory_analysis/politician_original_controls_fe_sweep/politi
> cian_original_fe12_controls_notyet_did_interaction_rural_acpop_all.ster saved
> )
DID controls=notyet FE=13/32: unique_small_grid_id_cohort province_cohort#c.mon
> thyear province_cohort#election_year#yeargov
(MWFE estimator converged in 39 iterations)

HDFE linear regression with Julia                 Number of obs   = 12,316,079
Absorbing 3 HDFE groups                           F(   8,   3149) =      58.80
Statistics cluster-robust                         Prob > F        =     0.0000
                                                  R-squared       =     0.1065
                                                  Adj R-squared   =     0.0938
Number of clusters (ac_elec_yr) =       3150      Within R-sq.    =     0.0063
                                                  Root MSE        =   825.9107

                         (Std. err. adjusted for 3,150 clusters in ac_elec_yr)
------------------------------------------------------------------------------
             |               Robust
      countk | Coefficient  std. err.      t    P>|t|     [95% conf. interval]
-------------+----------------------------------------------------------------
     1.post_ |  -42.77598   14.40964    -2.97   0.003     -71.0292   -14.52275
     1.treat |          0  (omitted)
1.downup_a~p |   7.323276   2.434585     3.01   0.003     2.549742    12.09681
wind_direc~n |  -.6715705   .0336905   -19.93   0.000    -.7376281    -.605513
av_wind_sp~d |   55.28337   5.316761    10.40   0.000      44.8587    65.70803
             |
 post_#treat |
        1 1  |   20.27291   9.419958     2.15   0.031     1.803032    38.74279
             |
       post_#|
downup_ac_~p |
        1 1  |  -7.045821   2.903664    -2.43   0.015    -12.73909   -1.352555
             |
       treat#|
downup_ac_~p |
        1 1  |  -4.650276   4.734284    -0.98   0.326    -13.93287    4.632319
             |
 post_#treat#|
downup_ac_~p |
      1 1 1  |   6.944259   6.649233     1.04   0.296    -6.093008    19.98153
------------------------------------------------------------------------------

added scalar:
              e(ymean) =  120.68671

added scalar:
             e(ymean2) =  121.71761

added scalar:
                e(acq) =  472

added scalar:
              e(fe_id) =  13

added scalar:
          e(n_treated) =  3965599

added scalar:
          e(n_control) =  8350480

added macro:
               e(smpl) : "Rural"

added macro:
             e(fespec) : "unique_small_grid_id_cohort province_cohort#c.monthye
> ar province_cohort#election_year#yeargov"

added macro:
                e(mod) : "downup_ac_pop"

added macro:
           e(controls) : "notyet"
(saving evreg1)
(file /users/aquisper/proj_bureaucrats_farms/code/_stacked_downup_replication/.
> ./../tables/exploratory_analysis/politician_original_controls_fe_sweep/politi
> cian_original_fe13_controls_notyet_did_interaction_rural_acpop_all.ster saved
> )
DID controls=notyet FE=14/32: unique_small_grid_id_cohort yeargov province_coho
> rt#election_year
(MWFE estimator converged in 20 iterations)

HDFE linear regression with Julia                 Number of obs   = 12,316,079
Absorbing 3 HDFE groups                           F(   8,   3149) =      64.08
Statistics cluster-robust                         Prob > F        =     0.0000
                                                  R-squared       =     0.1047
                                                  Adj R-squared   =     0.0920
Number of clusters (ac_elec_yr) =       3150      Within R-sq.    =     0.0063
                                                  Root MSE        =   826.7410

                         (Std. err. adjusted for 3,150 clusters in ac_elec_yr)
------------------------------------------------------------------------------
             |               Robust
      countk | Coefficient  std. err.      t    P>|t|     [95% conf. interval]
-------------+----------------------------------------------------------------
     1.post_ |  -10.43633   4.336707    -2.41   0.016    -18.93939   -1.933275
     1.treat |          0  (omitted)
1.downup_a~p |    5.69287   2.432773     2.34   0.019     .9228882    10.46285
wind_direc~n |  -.6496647   .0317018   -20.49   0.000     -.711823   -.5875064
av_wind_sp~d |   57.69126    4.97058    11.61   0.000     47.94536    67.43717
             |
 post_#treat |
        1 1  |    22.0775   9.408603     2.35   0.019     3.629891    40.52512
             |
       post_#|
downup_ac_~p |
        1 1  |  -3.319127   2.823403    -1.18   0.240    -8.855023    2.216768
             |
       treat#|
downup_ac_~p |
        1 1  |  -3.151168   4.731195    -0.67   0.505    -12.42771     6.12537
             |
 post_#treat#|
downup_ac_~p |
      1 1 1  |   3.295907   6.604446     0.50   0.618    -9.653547    16.24536
------------------------------------------------------------------------------

added scalar:
              e(ymean) =  120.68671

added scalar:
             e(ymean2) =  121.71761

added scalar:
                e(acq) =  472

added scalar:
              e(fe_id) =  14

added scalar:
          e(n_treated) =  3965599

added scalar:
          e(n_control) =  8350480

added macro:
               e(smpl) : "Rural"

added macro:
             e(fespec) : "unique_small_grid_id_cohort yeargov province_cohort#e
> lection_year"

added macro:
                e(mod) : "downup_ac_pop"

added macro:
           e(controls) : "notyet"
(saving evreg1)
(file /users/aquisper/proj_bureaucrats_farms/code/_stacked_downup_replication/.
> ./../tables/exploratory_analysis/politician_original_controls_fe_sweep/politi
> cian_original_fe14_controls_notyet_did_interaction_rural_acpop_all.ster saved
> )
DID controls=notyet FE=15/32: unique_small_grid_id_cohort yeargov province_coho
> rt#election_year#yeargov
(MWFE estimator converged in 19 iterations)

HDFE linear regression with Julia                 Number of obs   = 12,316,079
Absorbing 3 HDFE groups                           F(   8,   3149) =      62.95
Statistics cluster-robust                         Prob > F        =     0.0000
                                                  R-squared       =     0.1066
                                                  Adj R-squared   =     0.0940
Number of clusters (ac_elec_yr) =       3150      Within R-sq.    =     0.0065
                                                  Root MSE        =   825.8367

                         (Std. err. adjusted for 3,150 clusters in ac_elec_yr)
------------------------------------------------------------------------------
             |               Robust
      countk | Coefficient  std. err.      t    P>|t|     [95% conf. interval]
-------------+----------------------------------------------------------------
     1.post_ |  -58.26865   13.51721    -4.31   0.000    -84.77207   -31.76523
     1.treat |          0  (omitted)
1.downup_a~p |    5.68119   2.404018     2.36   0.018     .9675898    10.39479
wind_direc~n |  -.6591949   .0322665   -20.43   0.000    -.7224604   -.5959293
av_wind_sp~d |   59.38837   5.003395    11.87   0.000     49.57813    69.19862
             |
 post_#treat |
        1 1  |   22.06148   9.408508     2.34   0.019     3.614049    40.50891
             |
       post_#|
downup_ac_~p |
        1 1  |   -3.44945   2.801834    -1.23   0.218    -8.943055    2.044154
             |
       treat#|
downup_ac_~p |
        1 1  |  -3.074972   4.702897    -0.65   0.513    -12.29602    6.146081
             |
 post_#treat#|
downup_ac_~p |
      1 1 1  |   3.355166   6.590558     0.51   0.611    -9.567058    16.27739
------------------------------------------------------------------------------

added scalar:
              e(ymean) =  120.68671

added scalar:
             e(ymean2) =  121.71761

added scalar:
                e(acq) =  472

added scalar:
              e(fe_id) =  15

added scalar:
          e(n_treated) =  3965599

added scalar:
          e(n_control) =  8350480

added macro:
               e(smpl) : "Rural"

added macro:
             e(fespec) : "unique_small_grid_id_cohort yeargov province_cohort#e
> lection_year#yeargov"

added macro:
                e(mod) : "downup_ac_pop"

added macro:
           e(controls) : "notyet"
(saving evreg1)
(file /users/aquisper/proj_bureaucrats_farms/code/_stacked_downup_replication/.
> ./../tables/exploratory_analysis/politician_original_controls_fe_sweep/politi
> cian_original_fe15_controls_notyet_did_interaction_rural_acpop_all.ster saved
> )
DID controls=notyet FE=16/32: unique_small_grid_id_cohort province_cohort#elect
> ion_year province_cohort#election_year#yeargov
(MWFE estimator converged in 16 iterations)

HDFE linear regression with Julia                 Number of obs   = 12,316,079
Absorbing 3 HDFE groups                           F(   8,   3149) =      62.95
Statistics cluster-robust                         Prob > F        =     0.0000
                                                  R-squared       =     0.1066
                                                  Adj R-squared   =     0.0940
Number of clusters (ac_elec_yr) =       3150      Within R-sq.    =     0.0065
                                                  Root MSE        =   825.8389

                         (Std. err. adjusted for 3,150 clusters in ac_elec_yr)
------------------------------------------------------------------------------
             |               Robust
      countk | Coefficient  std. err.      t    P>|t|     [95% conf. interval]
-------------+----------------------------------------------------------------
     1.post_ |  -58.26865   13.51724    -4.31   0.000    -84.77215   -31.76515
     1.treat |          0  (omitted)
1.downup_a~p |    5.68119   2.404024     2.36   0.018     .9675774     10.3948
wind_direc~n |  -.6591949   .0322666   -20.43   0.000    -.7224606   -.5959291
av_wind_sp~d |   59.38837   5.003408    11.87   0.000      49.5781    69.19864
             |
 post_#treat |
        1 1  |   22.06148   9.408557     2.34   0.019     3.613954      40.509
             |
       post_#|
downup_ac_~p |
        1 1  |   -3.44945   2.801842    -1.23   0.218     -8.94307     2.04417
             |
       treat#|
downup_ac_~p |
        1 1  |  -3.074971   4.702911    -0.65   0.513    -12.29605    6.146108
             |
 post_#treat#|
downup_ac_~p |
      1 1 1  |   3.355166   6.590576     0.51   0.611    -9.567093    16.27742
------------------------------------------------------------------------------

added scalar:
              e(ymean) =  120.68671

added scalar:
             e(ymean2) =  121.71761

added scalar:
                e(acq) =  472

added scalar:
              e(fe_id) =  16

added scalar:
          e(n_treated) =  3965599

added scalar:
          e(n_control) =  8350480

added macro:
               e(smpl) : "Rural"

added macro:
             e(fespec) : "unique_small_grid_id_cohort province_cohort#election_
> year province_cohort#election_year#yeargov"

added macro:
                e(mod) : "downup_ac_pop"

added macro:
           e(controls) : "notyet"
(saving evreg1)
(file /users/aquisper/proj_bureaucrats_farms/code/_stacked_downup_replication/.
> ./../tables/exploratory_analysis/politician_original_controls_fe_sweep/politi
> cian_original_fe16_controls_notyet_did_interaction_rural_acpop_all.ster saved
> )
DID controls=notyet FE=17/32: unique_small_grid_id_cohort monthyearco province_
> cohort#c.monthyear yeargov
(MWFE estimator converged in 92 iterations)

HDFE linear regression with Julia                 Number of obs   = 12,316,079
Absorbing 4 HDFE groups                           F(   7,   3149) =      25.67
Statistics cluster-robust                         Prob > F        =     0.0000
                                                  R-squared       =     0.1386
                                                  Adj R-squared   =     0.1264
Number of clusters (ac_elec_yr) =       3150      Within R-sq.    =     0.0033
                                                  Root MSE        =   810.9258

                         (Std. err. adjusted for 3,150 clusters in ac_elec_yr)
------------------------------------------------------------------------------
             |               Robust
      countk | Coefficient  std. err.      t    P>|t|     [95% conf. interval]
-------------+----------------------------------------------------------------
     1.post_ |          0  (omitted)
     1.treat |          0  (omitted)
1.downup_a~p |   5.269227   2.431603     2.17   0.030     .5015397    10.03691
wind_direc~n |  -.2692457   .0234797   -11.47   0.000    -.3152827   -.2232086
av_wind_sp~d |   177.4974   15.36941    11.55   0.000     147.3624    207.6325
             |
 post_#treat |
        1 1  |    34.7656   8.750529     3.97   0.000     17.60828    51.92292
             |
       post_#|
downup_ac_~p |
        1 1  |  -2.722278    2.79975    -0.97   0.331    -8.211796     2.76724
             |
       treat#|
downup_ac_~p |
        1 1  |  -2.754989   4.749861    -0.58   0.562    -12.06813    6.558148
             |
 post_#treat#|
downup_ac_~p |
      1 1 1  |   3.928723   6.691958     0.59   0.557    -9.192317    17.04976
------------------------------------------------------------------------------

added scalar:
              e(ymean) =  120.68671

added scalar:
             e(ymean2) =  121.71761

added scalar:
                e(acq) =  472

added scalar:
              e(fe_id) =  17

added scalar:
          e(n_treated) =  3965599

added scalar:
          e(n_control) =  8350480

added macro:
               e(smpl) : "Rural"

added macro:
             e(fespec) : "unique_small_grid_id_cohort monthyearco province_coho
> rt#c.monthyear yeargov"

added macro:
                e(mod) : "downup_ac_pop"

added macro:
           e(controls) : "notyet"
(saving evreg1)
(file /users/aquisper/proj_bureaucrats_farms/code/_stacked_downup_replication/.
> ./../tables/exploratory_analysis/politician_original_controls_fe_sweep/politi
> cian_original_fe17_controls_notyet_did_interaction_rural_acpop_all.ster saved
> )
DID controls=notyet FE=18/32: unique_small_grid_id_cohort monthyearco province_
> cohort#c.monthyear province_cohort#election_year
(MWFE estimator converged in 132 iterations)

HDFE linear regression with Julia                 Number of obs   = 12,316,079
Absorbing 4 HDFE groups                           F(   7,   3149) =      25.22
Statistics cluster-robust                         Prob > F        =     0.0000
                                                  R-squared       =     0.1391
                                                  Adj R-squared   =     0.1269
Number of clusters (ac_elec_yr) =       3150      Within R-sq.    =     0.0032
                                                  Root MSE        =   810.6915

                         (Std. err. adjusted for 3,150 clusters in ac_elec_yr)
------------------------------------------------------------------------------
             |               Robust
      countk | Coefficient  std. err.      t    P>|t|     [95% conf. interval]
-------------+----------------------------------------------------------------
     1.post_ |          0  (omitted)
     1.treat |          0  (omitted)
1.downup_a~p |   5.331461   2.434238     2.19   0.029     .5586082    10.10431
wind_direc~n |  -.2618011   .0232068   -11.28   0.000     -.307303   -.2162991
av_wind_sp~d |   176.5979   15.34201    11.51   0.000     146.5165    206.6792
             |
 post_#treat |
        1 1  |   21.46183   9.437252     2.27   0.023     2.958043    39.96562
             |
       post_#|
downup_ac_~p |
        1 1  |  -3.086197   2.792029    -1.11   0.269    -8.560577    2.388182
             |
       treat#|
downup_ac_~p |
        1 1  |  -2.758906   4.742381    -0.58   0.561    -12.05738    6.539563
             |
 post_#treat#|
downup_ac_~p |
      1 1 1  |   4.061842   6.676654     0.61   0.543    -9.029192    17.15288
------------------------------------------------------------------------------

added scalar:
              e(ymean) =  120.68671

added scalar:
             e(ymean2) =  121.71761

added scalar:
                e(acq) =  472

added scalar:
              e(fe_id) =  18

added scalar:
          e(n_treated) =  3965599

added scalar:
          e(n_control) =  8350480

added macro:
               e(smpl) : "Rural"

added macro:
             e(fespec) : "unique_small_grid_id_cohort monthyearco province_coho
> rt#c.monthyear province_cohort#election_year"

added macro:
                e(mod) : "downup_ac_pop"

added macro:
           e(controls) : "notyet"
(saving evreg1)
(file /users/aquisper/proj_bureaucrats_farms/code/_stacked_downup_replication/.
> ./../tables/exploratory_analysis/politician_original_controls_fe_sweep/politi
> cian_original_fe18_controls_notyet_did_interaction_rural_acpop_all.ster saved
> )
DID controls=notyet FE=19/32: unique_small_grid_id_cohort monthyearco province_
> cohort#c.monthyear province_cohort#election_year#yeargov
(MWFE estimator converged in 242 iterations)

HDFE linear regression with Julia                 Number of obs   = 12,316,079
Absorbing 4 HDFE groups                           F(   7,   3149) =      24.62
Statistics cluster-robust                         Prob > F        =     0.0000
                                                  R-squared       =     0.1419
                                                  Adj R-squared   =     0.1297
Number of clusters (ac_elec_yr) =       3150      Within R-sq.    =     0.0033
                                                  Root MSE        =   809.4236

                         (Std. err. adjusted for 3,150 clusters in ac_elec_yr)
------------------------------------------------------------------------------
             |               Robust
      countk | Coefficient  std. err.      t    P>|t|     [95% conf. interval]
-------------+----------------------------------------------------------------
     1.post_ |          0  (omitted)
     1.treat |          0  (omitted)
1.downup_a~p |   4.797908   2.403459     2.00   0.046     .0854041    9.510411
wind_direc~n |  -.2429696   .0227621   -10.67   0.000    -.2875996   -.1983396
av_wind_sp~d |    182.706   15.93524    11.47   0.000     151.4615    213.9505
             |
 post_#treat |
        1 1  |   21.34538   9.437068     2.26   0.024     2.841956    39.84881
             |
       post_#|
downup_ac_~p |
        1 1  |  -3.151693   2.764468    -1.14   0.254    -8.572034    2.268649
             |
       treat#|
downup_ac_~p |
        1 1  |  -2.540606   4.693151    -0.54   0.588    -11.74255    6.661337
             |
 post_#treat#|
downup_ac_~p |
      1 1 1  |   4.263476   6.666829     0.64   0.523    -8.808293    17.33524
------------------------------------------------------------------------------

added scalar:
              e(ymean) =  120.68671

added scalar:
             e(ymean2) =  121.71761

added scalar:
                e(acq) =  472

added scalar:
              e(fe_id) =  19

added scalar:
          e(n_treated) =  3965599

added scalar:
          e(n_control) =  8350480

added macro:
               e(smpl) : "Rural"

added macro:
             e(fespec) : "unique_small_grid_id_cohort monthyearco province_coho
> rt#c.monthyear province_cohort#election_year#yeargov"

added macro:
                e(mod) : "downup_ac_pop"

added macro:
           e(controls) : "notyet"
(saving evreg1)
(file /users/aquisper/proj_bureaucrats_farms/code/_stacked_downup_replication/.
> ./../tables/exploratory_analysis/politician_original_controls_fe_sweep/politi
> cian_original_fe19_controls_notyet_did_interaction_rural_acpop_all.ster saved
> )
DID controls=notyet FE=20/32: unique_small_grid_id_cohort monthyearco yeargov p
> rovince_cohort#election_year
(MWFE estimator converged in 74 iterations)

HDFE linear regression with Julia                 Number of obs   = 12,316,079
Absorbing 4 HDFE groups                           F(   7,   3149) =      25.26
Statistics cluster-robust                         Prob > F        =     0.0000
                                                  R-squared       =     0.1397
                                                  Adj R-squared   =     0.1275
Number of clusters (ac_elec_yr) =       3150      Within R-sq.    =     0.0034
                                                  Root MSE        =   810.4107

                         (Std. err. adjusted for 3,150 clusters in ac_elec_yr)
------------------------------------------------------------------------------
             |               Robust
      countk | Coefficient  std. err.      t    P>|t|     [95% conf. interval]
-------------+----------------------------------------------------------------
     1.post_ |          0  (omitted)
     1.treat |          0  (omitted)
1.downup_a~p |   4.868053   2.428856     2.00   0.045     .1057531    9.630353
wind_direc~n |  -.2463198   .0225376   -10.93   0.000    -.2905096     -.20213
av_wind_sp~d |   183.4373   15.91111    11.53   0.000     152.2401    214.6345
             |
 post_#treat |
        1 1  |   21.29245   9.441488     2.26   0.024     2.780362    39.80455
             |
       post_#|
downup_ac_~p |
        1 1  |  -3.203569   2.781807    -1.15   0.250    -8.657906    2.250768
             |
       treat#|
downup_ac_~p |
        1 1  |  -2.548858   4.731748    -0.54   0.590    -11.82648    6.728763
             |
 post_#treat#|
downup_ac_~p |
      1 1 1  |   4.371407   6.686286     0.65   0.513    -8.738512    17.48133
------------------------------------------------------------------------------

added scalar:
              e(ymean) =  120.68671

added scalar:
             e(ymean2) =  121.71761

added scalar:
                e(acq) =  472

added scalar:
              e(fe_id) =  20

added scalar:
          e(n_treated) =  3965599

added scalar:
          e(n_control) =  8350480

added macro:
               e(smpl) : "Rural"

added macro:
             e(fespec) : "unique_small_grid_id_cohort monthyearco yeargov provi
> nce_cohort#election_year"

added macro:
                e(mod) : "downup_ac_pop"

added macro:
           e(controls) : "notyet"
(saving evreg1)
(file /users/aquisper/proj_bureaucrats_farms/code/_stacked_downup_replication/.
> ./../tables/exploratory_analysis/politician_original_controls_fe_sweep/politi
> cian_original_fe20_controls_notyet_did_interaction_rural_acpop_all.ster saved
> )
DID controls=notyet FE=21/32: unique_small_grid_id_cohort monthyearco yeargov p
> rovince_cohort#election_year#yeargov
(MWFE estimator converged in 224 iterations)

HDFE linear regression with Julia                 Number of obs   = 12,316,079
Absorbing 4 HDFE groups                           F(   7,   3149) =      24.62
Statistics cluster-robust                         Prob > F        =     0.0000
                                                  R-squared       =     0.1419
                                                  Adj R-squared   =     0.1297
Number of clusters (ac_elec_yr) =       3150      Within R-sq.    =     0.0033
                                                  Root MSE        =   809.4229

                         (Std. err. adjusted for 3,150 clusters in ac_elec_yr)
------------------------------------------------------------------------------
             |               Robust
      countk | Coefficient  std. err.      t    P>|t|     [95% conf. interval]
-------------+----------------------------------------------------------------
     1.post_ |          0  (omitted)
     1.treat |          0  (omitted)
1.downup_a~p |   4.798667   2.403453     2.00   0.046     .0861747    9.511158
wind_direc~n |  -.2429814   .0227626   -10.67   0.000    -.2876124   -.1983505
av_wind_sp~d |   182.7041   15.93506    11.47   0.000       151.46    213.9483
             |
 post_#treat |
        1 1  |   21.34182   9.437086     2.26   0.024     2.838355    39.84528
             |
       post_#|
downup_ac_~p |
        1 1  |  -3.152216   2.764467    -1.14   0.254    -8.572555    2.268123
             |
       treat#|
downup_ac_~p |
        1 1  |  -2.542385   4.693155    -0.54   0.588    -11.74434    6.659567
             |
 post_#treat#|
downup_ac_~p |
      1 1 1  |   4.264993   6.666796     0.64   0.522    -8.806711     17.3367
------------------------------------------------------------------------------

added scalar:
              e(ymean) =  120.68671

added scalar:
             e(ymean2) =  121.71761

added scalar:
                e(acq) =  472

added scalar:
              e(fe_id) =  21

added scalar:
          e(n_treated) =  3965599

added scalar:
          e(n_control) =  8350480

added macro:
               e(smpl) : "Rural"

added macro:
             e(fespec) : "unique_small_grid_id_cohort monthyearco yeargov provi
> nce_cohort#election_year#yeargov"

added macro:
                e(mod) : "downup_ac_pop"

added macro:
           e(controls) : "notyet"
(saving evreg1)
(file /users/aquisper/proj_bureaucrats_farms/code/_stacked_downup_replication/.
> ./../tables/exploratory_analysis/politician_original_controls_fe_sweep/politi
> cian_original_fe21_controls_notyet_did_interaction_rural_acpop_all.ster saved
> )
DID controls=notyet FE=22/32: unique_small_grid_id_cohort monthyearco province_
> cohort#election_year province_cohort#election_year#yeargov
(MWFE estimator converged in 217 iterations)

HDFE linear regression with Julia                 Number of obs   = 12,316,079
Absorbing 4 HDFE groups                           F(   7,   3149) =      24.62
Statistics cluster-robust                         Prob > F        =     0.0000
                                                  R-squared       =     0.1419
                                                  Adj R-squared   =     0.1297
Number of clusters (ac_elec_yr) =       3150      Within R-sq.    =     0.0033
                                                  Root MSE        =   809.4251

                         (Std. err. adjusted for 3,150 clusters in ac_elec_yr)
------------------------------------------------------------------------------
             |               Robust
      countk | Coefficient  std. err.      t    P>|t|     [95% conf. interval]
-------------+----------------------------------------------------------------
     1.post_ |          0  (omitted)
     1.treat |          0  (omitted)
1.downup_a~p |   4.798675   2.403635     2.00   0.046     .0858262    9.511524
wind_direc~n |  -.2429814   .0227626   -10.67   0.000    -.2876125   -.1983504
av_wind_sp~d |   182.7041   15.93527    11.47   0.000     151.4596    213.9487
             |
 post_#treat |
        1 1  |   21.34167   9.437312     2.26   0.024      2.83777    39.84558
             |
       post_#|
downup_ac_~p |
        1 1  |  -3.152198   2.764566    -1.14   0.254    -8.572731    2.268335
             |
       treat#|
downup_ac_~p |
        1 1  |  -2.542398   4.693485    -0.54   0.588      -11.745    6.660201
             |
 post_#treat#|
downup_ac_~p |
      1 1 1  |   4.264974   6.666951     0.64   0.522    -8.807034    17.33698
------------------------------------------------------------------------------

added scalar:
              e(ymean) =  120.68671

added scalar:
             e(ymean2) =  121.71761

added scalar:
                e(acq) =  472

added scalar:
              e(fe_id) =  22

added scalar:
          e(n_treated) =  3965599

added scalar:
          e(n_control) =  8350480

added macro:
               e(smpl) : "Rural"

added macro:
             e(fespec) : "unique_small_grid_id_cohort monthyearco province_coho
> rt#election_year province_cohort#election_year#yeargov"

added macro:
                e(mod) : "downup_ac_pop"

added macro:
           e(controls) : "notyet"
(saving evreg1)
(file /users/aquisper/proj_bureaucrats_farms/code/_stacked_downup_replication/.
> ./../tables/exploratory_analysis/politician_original_controls_fe_sweep/politi
> cian_original_fe22_controls_notyet_did_interaction_rural_acpop_all.ster saved
> )
DID controls=notyet FE=23/32: unique_small_grid_id_cohort province_cohort#c.mon
> thyear yeargov province_cohort#election_year
(MWFE estimator converged in 114 iterations)

HDFE linear regression with Julia                 Number of obs   = 12,316,079
Absorbing 4 HDFE groups                           F(   8,   3149) =      62.25
Statistics cluster-robust                         Prob > F        =     0.0000
                                                  R-squared       =     0.1046
                                                  Adj R-squared   =     0.0919
Number of clusters (ac_elec_yr) =       3150      Within R-sq.    =     0.0062
                                                  Root MSE        =   826.7771

                         (Std. err. adjusted for 3,150 clusters in ac_elec_yr)
------------------------------------------------------------------------------
             |               Robust
      countk | Coefficient  std. err.      t    P>|t|     [95% conf. interval]
-------------+----------------------------------------------------------------
     1.post_ |  -14.89262    5.56613    -2.68   0.007    -25.80623   -3.979013
     1.treat |          0  (omitted)
1.downup_a~p |   6.611637   2.439243     2.71   0.007      1.82897     11.3943
wind_direc~n |  -.6508426   .0316425   -20.57   0.000    -.7128846   -.5888007
av_wind_sp~d |   54.74601    5.24924    10.43   0.000     44.45373    65.03828
             |
 post_#treat |
        1 1  |   21.16934   9.410837     2.25   0.025     2.717348    39.62134
             |
       post_#|
downup_ac_~p |
        1 1  |  -5.190327   2.847238    -1.82   0.068    -10.77296    .3923033
             |
       treat#|
downup_ac_~p |
        1 1  |  -4.008787   4.740711    -0.85   0.398    -13.30398    5.286409
             |
 post_#treat#|
downup_ac_~p |
      1 1 1  |    5.12055   6.620868     0.77   0.439    -7.861103     18.1022
------------------------------------------------------------------------------

added scalar:
              e(ymean) =  120.68671

added scalar:
             e(ymean2) =  121.71761

added scalar:
                e(acq) =  472

added scalar:
              e(fe_id) =  23

added scalar:
          e(n_treated) =  3965599

added scalar:
          e(n_control) =  8350480

added macro:
               e(smpl) : "Rural"

added macro:
             e(fespec) : "unique_small_grid_id_cohort province_cohort#c.monthye
> ar yeargov province_cohort#election_year"

added macro:
                e(mod) : "downup_ac_pop"

added macro:
           e(controls) : "notyet"
(saving evreg1)
(file /users/aquisper/proj_bureaucrats_farms/code/_stacked_downup_replication/.
> ./../tables/exploratory_analysis/politician_original_controls_fe_sweep/politi
> cian_original_fe23_controls_notyet_did_interaction_rural_acpop_all.ster saved
> )
DID controls=notyet FE=24/32: unique_small_grid_id_cohort province_cohort#c.mon
> thyear yeargov province_cohort#election_year#yeargov
(MWFE estimator converged in 54 iterations)

HDFE linear regression with Julia                 Number of obs   = 12,316,079
Absorbing 4 HDFE groups                           F(   8,   3149) =      59.45
Statistics cluster-robust                         Prob > F        =     0.0000
                                                  R-squared       =     0.1065
                                                  Adj R-squared   =     0.0938
Number of clusters (ac_elec_yr) =       3150      Within R-sq.    =     0.0063
                                                  Root MSE        =   825.9114

                         (Std. err. adjusted for 3,150 clusters in ac_elec_yr)
------------------------------------------------------------------------------
             |               Robust
      countk | Coefficient  std. err.      t    P>|t|     [95% conf. interval]
-------------+----------------------------------------------------------------
     1.post_ |  -40.46587   14.39919    -2.81   0.005    -68.69861   -12.23313
     1.treat |          0  (omitted)
1.downup_a~p |   7.924501   2.443799     3.24   0.001     3.132901     12.7161
wind_direc~n |   -.671144   .0336669   -19.93   0.000    -.7371554   -.6051326
av_wind_sp~d |   55.62625   5.313975    10.47   0.000     45.20704    66.04545
             |
 post_#treat |
        1 1  |   19.61448   9.424057     2.08   0.037     1.136567    38.09239
             |
       post_#|
downup_ac_~p |
        1 1  |  -8.355146    2.94629    -2.84   0.005    -14.13199   -2.578304
             |
       treat#|
downup_ac_~p |
        1 1  |   -5.24107   4.740831    -1.11   0.269     -14.5365    4.054361
             |
 post_#treat#|
downup_ac_~p |
      1 1 1  |   8.250316   6.669161     1.24   0.216    -4.826026    21.32666
------------------------------------------------------------------------------

added scalar:
              e(ymean) =  120.68671

added scalar:
             e(ymean2) =  121.71761

added scalar:
                e(acq) =  472

added scalar:
              e(fe_id) =  24

added scalar:
          e(n_treated) =  3965599

added scalar:
          e(n_control) =  8350480

added macro:
               e(smpl) : "Rural"

added macro:
             e(fespec) : "unique_small_grid_id_cohort province_cohort#c.monthye
> ar yeargov province_cohort#election_year#yeargov"

added macro:
                e(mod) : "downup_ac_pop"

added macro:
           e(controls) : "notyet"
(saving evreg1)
(file /users/aquisper/proj_bureaucrats_farms/code/_stacked_downup_replication/.
> ./../tables/exploratory_analysis/politician_original_controls_fe_sweep/politi
> cian_original_fe24_controls_notyet_did_interaction_rural_acpop_all.ster saved
> )
DID controls=notyet FE=25/32: unique_small_grid_id_cohort province_cohort#c.mon
> thyear province_cohort#election_year province_cohort#election_year#yeargov
(MWFE estimator converged in 39 iterations)

HDFE linear regression with Julia                 Number of obs   = 12,316,079
Absorbing 4 HDFE groups                           F(   8,   3149) =      59.27
Statistics cluster-robust                         Prob > F        =     0.0000
                                                  R-squared       =     0.1065
                                                  Adj R-squared   =     0.0938
Number of clusters (ac_elec_yr) =       3150      Within R-sq.    =     0.0063
                                                  Root MSE        =   825.9066

                         (Std. err. adjusted for 3,150 clusters in ac_elec_yr)
------------------------------------------------------------------------------
             |               Robust
      countk | Coefficient  std. err.      t    P>|t|     [95% conf. interval]
-------------+----------------------------------------------------------------
     1.post_ |  -43.03635   14.41161    -2.99   0.003    -71.29345   -14.77926
     1.treat |          0  (omitted)
1.downup_a~p |   7.539393    2.44032     3.09   0.002     2.754614    12.32417
wind_direc~n |  -.6715373   .0336922   -19.93   0.000    -.7375981   -.6054765
av_wind_sp~d |   56.09575   5.295709    10.59   0.000     45.71236    66.47914
             |
 post_#treat |
        1 1  |   20.02012   9.423723     2.12   0.034     1.542862    38.49738
             |
       post_#|
downup_ac_~p |
        1 1  |  -7.539786   2.934291    -2.57   0.010     -13.2931    -1.78647
             |
       treat#|
downup_ac_~p |
        1 1  |  -4.868444   4.737848    -1.03   0.304    -14.15803    4.421137
             |
 post_#treat#|
downup_ac_~p |
      1 1 1  |   7.444904    6.66292     1.12   0.264      -5.6192    20.50901
------------------------------------------------------------------------------

added scalar:
              e(ymean) =  120.68671

added scalar:
             e(ymean2) =  121.71761

added scalar:
                e(acq) =  472

added scalar:
              e(fe_id) =  25

added scalar:
          e(n_treated) =  3965599

added scalar:
          e(n_control) =  8350480

added macro:
               e(smpl) : "Rural"

added macro:
             e(fespec) : "unique_small_grid_id_cohort province_cohort#c.monthye
> ar province_cohort#election_year province_cohort#election_year#yeargov"

added macro:
                e(mod) : "downup_ac_pop"

added macro:
           e(controls) : "notyet"
(saving evreg1)
(file /users/aquisper/proj_bureaucrats_farms/code/_stacked_downup_replication/.
> ./../tables/exploratory_analysis/politician_original_controls_fe_sweep/politi
> cian_original_fe25_controls_notyet_did_interaction_rural_acpop_all.ster saved
> )
DID controls=notyet FE=26/32: unique_small_grid_id_cohort yeargov province_coho
> rt#election_year province_cohort#election_year#yeargov
(MWFE estimator converged in 19 iterations)

HDFE linear regression with Julia                 Number of obs   = 12,316,079
Absorbing 4 HDFE groups                           F(   8,   3149) =      62.95
Statistics cluster-robust                         Prob > F        =     0.0000
                                                  R-squared       =     0.1066
                                                  Adj R-squared   =     0.0940
Number of clusters (ac_elec_yr) =       3150      Within R-sq.    =     0.0065
                                                  Root MSE        =   825.8391

                         (Std. err. adjusted for 3,150 clusters in ac_elec_yr)
------------------------------------------------------------------------------
             |               Robust
      countk | Coefficient  std. err.      t    P>|t|     [95% conf. interval]
-------------+----------------------------------------------------------------
     1.post_ |  -58.26865   13.51725    -4.31   0.000    -84.77215   -31.76515
     1.treat |          0  (omitted)
1.downup_a~p |    5.68119   2.404025     2.36   0.018     .9675766     10.3948
wind_direc~n |  -.6591949   .0322666   -20.43   0.000    -.7224606   -.5959291
av_wind_sp~d |   59.38837   5.003409    11.87   0.000      49.5781    69.19865
             |
 post_#treat |
        1 1  |   22.06148   9.408605     2.34   0.019      3.61386     40.5091
             |
       post_#|
downup_ac_~p |
        1 1  |   -3.44945   2.801842    -1.23   0.218    -8.943071    2.044171
             |
       treat#|
downup_ac_~p |
        1 1  |  -3.074971   4.702912    -0.65   0.513    -12.29605     6.14611
             |
 post_#treat#|
downup_ac_~p |
      1 1 1  |   3.355166   6.590572     0.51   0.611    -9.567086    16.27742
------------------------------------------------------------------------------

added scalar:
              e(ymean) =  120.68671

added scalar:
             e(ymean2) =  121.71761

added scalar:
                e(acq) =  472

added scalar:
              e(fe_id) =  26

added scalar:
          e(n_treated) =  3965599

added scalar:
          e(n_control) =  8350480

added macro:
               e(smpl) : "Rural"

added macro:
             e(fespec) : "unique_small_grid_id_cohort yeargov province_cohort#e
> lection_year province_cohort#election_year#yeargov"

added macro:
                e(mod) : "downup_ac_pop"

added macro:
           e(controls) : "notyet"
(saving evreg1)
(file /users/aquisper/proj_bureaucrats_farms/code/_stacked_downup_replication/.
> ./../tables/exploratory_analysis/politician_original_controls_fe_sweep/politi
> cian_original_fe26_controls_notyet_did_interaction_rural_acpop_all.ster saved
> )
DID controls=notyet FE=27/32: unique_small_grid_id_cohort monthyearco province_
> cohort#c.monthyear yeargov province_cohort#election_year
(MWFE estimator converged in 160 iterations)

HDFE linear regression with Julia                 Number of obs   = 12,316,079
Absorbing 5 HDFE groups                           F(   7,   3149) =      25.26
Statistics cluster-robust                         Prob > F        =     0.0000
                                                  R-squared       =     0.1397
                                                  Adj R-squared   =     0.1275
Number of clusters (ac_elec_yr) =       3150      Within R-sq.    =     0.0034
                                                  Root MSE        =   810.4118

                         (Std. err. adjusted for 3,150 clusters in ac_elec_yr)
------------------------------------------------------------------------------
             |               Robust
      countk | Coefficient  std. err.      t    P>|t|     [95% conf. interval]
-------------+----------------------------------------------------------------
     1.post_ |          0  (omitted)
     1.treat |          0  (omitted)
1.downup_a~p |   4.865926   2.428791     2.00   0.045     .1037533    9.628099
wind_direc~n |  -.2463233   .0225377   -10.93   0.000    -.2905134   -.2021331
av_wind_sp~d |   183.4456   15.91969    11.52   0.000     152.2316    214.6596
             |
 post_#treat |
        1 1  |   21.29974   9.441452     2.26   0.024     2.787723    39.81177
             |
       post_#|
downup_ac_~p |
        1 1  |  -3.199217   2.781717    -1.15   0.250    -8.653379    2.254944
             |
       treat#|
downup_ac_~p |
        1 1  |  -2.545104   4.731685    -0.54   0.591     -11.8226    6.732396
             |
 post_#treat#|
downup_ac_~p |
      1 1 1  |   4.366589   6.686258     0.65   0.514    -8.743276    17.47645
------------------------------------------------------------------------------

added scalar:
              e(ymean) =  120.68671

added scalar:
             e(ymean2) =  121.71761

added scalar:
                e(acq) =  472

added scalar:
              e(fe_id) =  27

added scalar:
          e(n_treated) =  3965599

added scalar:
          e(n_control) =  8350480

added macro:
               e(smpl) : "Rural"

added macro:
             e(fespec) : "unique_small_grid_id_cohort monthyearco province_coho
> rt#c.monthyear yeargov province_cohort#election_year"

added macro:
                e(mod) : "downup_ac_pop"

added macro:
           e(controls) : "notyet"
(saving evreg1)
(file /users/aquisper/proj_bureaucrats_farms/code/_stacked_downup_replication/.
> ./../tables/exploratory_analysis/politician_original_controls_fe_sweep/politi
> cian_original_fe27_controls_notyet_did_interaction_rural_acpop_all.ster saved
> )
DID controls=notyet FE=28/32: unique_small_grid_id_cohort monthyearco province_
> cohort#c.monthyear yeargov province_cohort#election_year#yeargov
(MWFE estimator converged in 244 iterations)

HDFE linear regression with Julia                 Number of obs   = 12,316,079
Absorbing 5 HDFE groups                           F(   7,   3149) =      24.62
Statistics cluster-robust                         Prob > F        =     0.0000
                                                  R-squared       =     0.1419
                                                  Adj R-squared   =     0.1297
Number of clusters (ac_elec_yr) =       3150      Within R-sq.    =     0.0033
                                                  Root MSE        =   809.4237

                         (Std. err. adjusted for 3,150 clusters in ac_elec_yr)
------------------------------------------------------------------------------
             |               Robust
      countk | Coefficient  std. err.      t    P>|t|     [95% conf. interval]
-------------+----------------------------------------------------------------
     1.post_ |          0  (omitted)
     1.treat |          0  (omitted)
1.downup_a~p |   4.798091   2.403444     2.00   0.046     .0856165    9.510565
wind_direc~n |  -.2429694    .022762   -10.67   0.000    -.2875992   -.1983395
av_wind_sp~d |   182.7061   15.93523    11.47   0.000     151.4616    213.9505
             |
 post_#treat |
        1 1  |   21.34539      9.437     2.26   0.024     2.842102    39.84869
             |
       post_#|
downup_ac_~p |
        1 1  |  -3.152034   2.764502    -1.14   0.254    -8.572442    2.268373
             |
       treat#|
downup_ac_~p |
        1 1  |  -2.540798   4.693096    -0.54   0.588    -11.74263    6.661039
             |
 post_#treat#|
downup_ac_~p |
      1 1 1  |   4.263913   6.666834     0.64   0.522    -8.807866    17.33569
------------------------------------------------------------------------------

added scalar:
              e(ymean) =  120.68671

added scalar:
             e(ymean2) =  121.71761

added scalar:
                e(acq) =  472

added scalar:
              e(fe_id) =  28

added scalar:
          e(n_treated) =  3965599

added scalar:
          e(n_control) =  8350480

added macro:
               e(smpl) : "Rural"

added macro:
             e(fespec) : "unique_small_grid_id_cohort monthyearco province_coho
> rt#c.monthyear yeargov province_cohort#election_year#yeargov"

added macro:
                e(mod) : "downup_ac_pop"

added macro:
           e(controls) : "notyet"
(saving evreg1)
(file /users/aquisper/proj_bureaucrats_farms/code/_stacked_downup_replication/.
> ./../tables/exploratory_analysis/politician_original_controls_fe_sweep/politi
> cian_original_fe28_controls_notyet_did_interaction_rural_acpop_all.ster saved
> )
DID controls=notyet FE=29/32: unique_small_grid_id_cohort monthyearco province_
> cohort#c.monthyear province_cohort#election_year province_cohort#election_yea
> r#yeargov
(MWFE estimator converged in 231 iterations)

HDFE linear regression with Julia                 Number of obs   = 12,316,079
Absorbing 5 HDFE groups                           F(   7,   3149) =      24.62
Statistics cluster-robust                         Prob > F        =     0.0000
                                                  R-squared       =     0.1419
                                                  Adj R-squared   =     0.1297
Number of clusters (ac_elec_yr) =       3150      Within R-sq.    =     0.0033
                                                  Root MSE        =   809.4260

                         (Std. err. adjusted for 3,150 clusters in ac_elec_yr)
------------------------------------------------------------------------------
             |               Robust
      countk | Coefficient  std. err.      t    P>|t|     [95% conf. interval]
-------------+----------------------------------------------------------------
     1.post_ |          0  (omitted)
     1.treat |          0  (omitted)
1.downup_a~p |   4.798256   2.403595     2.00   0.046     .0854846    9.511028
wind_direc~n |  -.2429728   .0227622   -10.67   0.000     -.287603   -.1983425
av_wind_sp~d |   182.7055   15.93538    11.47   0.000     151.4608    213.9503
             |
 post_#treat |
        1 1  |   21.34424   9.437284     2.26   0.024     2.840395    39.84809
             |
       post_#|
downup_ac_~p |
        1 1  |  -3.152108   2.764573    -1.14   0.254    -8.572654    2.268439
             |
       treat#|
downup_ac_~p |
        1 1  |   -2.54119   4.693381    -0.54   0.588    -11.74359    6.661205
             |
 post_#treat#|
downup_ac_~p |
      1 1 1  |   4.264218   6.666899     0.64   0.522    -8.807688    17.33612
------------------------------------------------------------------------------

added scalar:
              e(ymean) =  120.68671

added scalar:
             e(ymean2) =  121.71761

added scalar:
                e(acq) =  472

added scalar:
              e(fe_id) =  29

added scalar:
          e(n_treated) =  3965599

added scalar:
          e(n_control) =  8350480

added macro:
               e(smpl) : "Rural"

added macro:
             e(fespec) : "unique_small_grid_id_cohort monthyearco province_coho
> rt#c.monthyear province_cohort#election_year province_cohort#election_year#ye
> argov"

added macro:
                e(mod) : "downup_ac_pop"

added macro:
           e(controls) : "notyet"
(saving evreg1)
(file /users/aquisper/proj_bureaucrats_farms/code/_stacked_downup_replication/.
> ./../tables/exploratory_analysis/politician_original_controls_fe_sweep/politi
> cian_original_fe29_controls_notyet_did_interaction_rural_acpop_all.ster saved
> )
DID controls=notyet FE=30/32: unique_small_grid_id_cohort monthyearco yeargov p
> rovince_cohort#election_year province_cohort#election_year#yeargov
(MWFE estimator converged in 233 iterations)

HDFE linear regression with Julia                 Number of obs   = 12,316,079
Absorbing 5 HDFE groups                           F(   7,   3149) =      24.62
Statistics cluster-robust                         Prob > F        =     0.0000
                                                  R-squared       =     0.1419
                                                  Adj R-squared   =     0.1297
Number of clusters (ac_elec_yr) =       3150      Within R-sq.    =     0.0033
                                                  Root MSE        =   809.4252

                         (Std. err. adjusted for 3,150 clusters in ac_elec_yr)
------------------------------------------------------------------------------
             |               Robust
      countk | Coefficient  std. err.      t    P>|t|     [95% conf. interval]
-------------+----------------------------------------------------------------
     1.post_ |          0  (omitted)
     1.treat |          0  (omitted)
1.downup_a~p |   4.798818    2.40361     2.00   0.046     .0860174    9.511618
wind_direc~n |  -.2429814   .0227626   -10.67   0.000    -.2876125   -.1983502
av_wind_sp~d |   182.7042   15.93525    11.47   0.000     151.4597    213.9487
             |
 post_#treat |
        1 1  |   21.34151   9.437299     2.26   0.024     2.837635    39.84539
             |
       post_#|
downup_ac_~p |
        1 1  |  -3.152449   2.764583    -1.14   0.254    -8.573016    2.268118
             |
       treat#|
downup_ac_~p |
        1 1  |  -2.542614   4.693506    -0.54   0.588    -11.74525    6.660026
             |
 post_#treat#|
downup_ac_~p |
      1 1 1  |   4.265403   6.666995     0.64   0.522    -8.806691     17.3375
------------------------------------------------------------------------------

added scalar:
              e(ymean) =  120.68671

added scalar:
             e(ymean2) =  121.71761

added scalar:
                e(acq) =  472

added scalar:
              e(fe_id) =  30

added scalar:
          e(n_treated) =  3965599

added scalar:
          e(n_control) =  8350480

added macro:
               e(smpl) : "Rural"

added macro:
             e(fespec) : "unique_small_grid_id_cohort monthyearco yeargov provi
> nce_cohort#election_year province_cohort#election_year#yeargov"

added macro:
                e(mod) : "downup_ac_pop"

added macro:
           e(controls) : "notyet"
(saving evreg1)
(file /users/aquisper/proj_bureaucrats_farms/code/_stacked_downup_replication/.
> ./../tables/exploratory_analysis/politician_original_controls_fe_sweep/politi
> cian_original_fe30_controls_notyet_did_interaction_rural_acpop_all.ster saved
> )
DID controls=notyet FE=31/32: unique_small_grid_id_cohort province_cohort#c.mon
> thyear yeargov province_cohort#election_year province_cohort#election_year#ye
> argov
(MWFE estimator converged in 52 iterations)

HDFE linear regression with Julia                 Number of obs   = 12,316,079
Absorbing 5 HDFE groups                           F(   8,   3149) =      59.61
Statistics cluster-robust                         Prob > F        =     0.0000
                                                  R-squared       =     0.1065
                                                  Adj R-squared   =     0.0939
Number of clusters (ac_elec_yr) =       3150      Within R-sq.    =     0.0063
                                                  Root MSE        =   825.9053

                         (Std. err. adjusted for 3,150 clusters in ac_elec_yr)
------------------------------------------------------------------------------
             |               Robust
      countk | Coefficient  std. err.      t    P>|t|     [95% conf. interval]
-------------+----------------------------------------------------------------
     1.post_ |  -41.18278   14.40545    -2.86   0.004    -69.42779   -12.93777
     1.treat |          0  (omitted)
1.downup_a~p |   7.884893   2.443243     3.23   0.001     3.094383     12.6754
wind_direc~n |  -.6724639   .0336015   -20.01   0.000     -.738347   -.6065807
av_wind_sp~d |   55.31845    5.31632    10.41   0.000     44.89465    65.74226
             |
 post_#treat |
        1 1  |   19.67253   9.424084     2.09   0.037     1.194563     38.1505
             |
       post_#|
downup_ac_~p |
        1 1  |    -8.2431   2.946992    -2.80   0.005    -14.02132    -2.46488
             |
       treat#|
downup_ac_~p |
        1 1  |  -5.205491   4.738162    -1.10   0.272    -14.49569    4.084707
             |
 post_#treat#|
downup_ac_~p |
      1 1 1  |   8.133365   6.667147     1.22   0.223    -4.939028    21.20576
------------------------------------------------------------------------------

added scalar:
              e(ymean) =  120.68671

added scalar:
             e(ymean2) =  121.71761

added scalar:
                e(acq) =  472

added scalar:
              e(fe_id) =  31

added scalar:
          e(n_treated) =  3965599

added scalar:
          e(n_control) =  8350480

added macro:
               e(smpl) : "Rural"

added macro:
             e(fespec) : "unique_small_grid_id_cohort province_cohort#c.monthye
> ar yeargov province_cohort#election_year province_cohort#election_year#yeargo
> v"

added macro:
                e(mod) : "downup_ac_pop"

added macro:
           e(controls) : "notyet"
(saving evreg1)
(file /users/aquisper/proj_bureaucrats_farms/code/_stacked_downup_replication/.
> ./../tables/exploratory_analysis/politician_original_controls_fe_sweep/politi
> cian_original_fe31_controls_notyet_did_interaction_rural_acpop_all.ster saved
> )
DID controls=notyet FE=32/32: unique_small_grid_id_cohort monthyearco province_
> cohort#c.monthyear yeargov province_cohort#election_year province_cohort#elec
> tion_year#yeargov
(MWFE estimator converged in 250 iterations)

HDFE linear regression with Julia                 Number of obs   = 12,316,079
Absorbing 6 HDFE groups                           F(   7,   3149) =      24.62
Statistics cluster-robust                         Prob > F        =     0.0000
                                                  R-squared       =     0.1419
                                                  Adj R-squared   =     0.1296
Number of clusters (ac_elec_yr) =       3150      Within R-sq.    =     0.0033
                                                  Root MSE        =   809.4261

                         (Std. err. adjusted for 3,150 clusters in ac_elec_yr)
------------------------------------------------------------------------------
             |               Robust
      countk | Coefficient  std. err.      t    P>|t|     [95% conf. interval]
-------------+----------------------------------------------------------------
     1.post_ |          0  (omitted)
     1.treat |          0  (omitted)
1.downup_a~p |   4.798379   2.403563     2.00   0.046     .0856701    9.511088
wind_direc~n |  -.2429725   .0227622   -10.67   0.000    -.2876028   -.1983422
av_wind_sp~d |   182.7056   15.93536    11.47   0.000     151.4609    213.9504
             |
 post_#treat |
        1 1  |    21.3442   9.437261     2.26   0.024     2.840394      39.848
             |
       post_#|
downup_ac_~p |
        1 1  |  -3.152345   2.764569    -1.14   0.254    -8.572884    2.268194
             |
       treat#|
downup_ac_~p |
        1 1  |  -2.541375   4.693406    -0.54   0.588    -11.74382    6.661068
             |
 post_#treat#|
downup_ac_~p |
      1 1 1  |   4.264606   6.666939     0.64   0.522    -8.807378    17.33659
------------------------------------------------------------------------------

added scalar:
              e(ymean) =  120.68671

added scalar:
             e(ymean2) =  121.71761

added scalar:
                e(acq) =  472

added scalar:
              e(fe_id) =  32

added scalar:
          e(n_treated) =  3965599

added scalar:
          e(n_control) =  8350480

added macro:
               e(smpl) : "Rural"

added macro:
             e(fespec) : "unique_small_grid_id_cohort monthyearco province_coho
> rt#c.monthyear yeargov province_cohort#election_year province_cohort#election
> _year#yeargov"

added macro:
                e(mod) : "downup_ac_pop"

added macro:
           e(controls) : "notyet"
(saving evreg1)
(file /users/aquisper/proj_bureaucrats_farms/code/_stacked_downup_replication/.
> ./../tables/exploratory_analysis/politician_original_controls_fe_sweep/politi
> cian_original_fe32_controls_notyet_did_interaction_rural_acpop_all.ster saved
> )

. 
. display as result "COMPLETED politician STER files: controls=`control_sample'
> , FE 1/32"
COMPLETED politician STER files: controls=notyet, FE 1/32

. 
end of do-file
