
  ___  ____  ____  ____  ____ ®
 /__    /   ____/   /   ____/      StataNow 19.5
___/   /   /___/   /   /___/       MP—Parallel Edition

 Statistics and Data Science       Copyright 1985-2025 StataCorp LLC
                                   StataCorp
                                   4905 Lakeway Drive
                                   College Station, Texas 77845 USA
                                   800-782-8272        https://www.stata.com
                                   979-696-4600        service@stata.com

Stata license: 4-user 16-core network, expiring  1 Apr 2027
Serial number: 501909301589
  Licensed to: University of Notre Dame
               Notre Dame, IN

Notes:
      1. Stata is running in batch mode.
      2. Unicode is supported; see help unicode_advice.
      3. More than 2 billion observations are allowed; see help obs_advice.
      4. Maximum number of variables is set to 5,000 but can be increased;
          see help set_maxvar.

. do /users/aquispe/proj_bureaucrats_farms_git/code/_stacked_downup_replication
> /sbatch/_run_dofile.do 

. *****************************************************************************
> ***
. * Environment bridge: one invocation runs exactly one result-generating dofil
> e.
. *****************************************************************************
> ***
. 
. version 17

. set more off

. 
. local dofile        : environment FARMS_DOFILE

. local root          : environment FARMS_ROOT

. local code          : environment FARMS_CODE

. local location      : environment FARMS_LOCATION

. local sample        : environment FARMS_SAMPLE

. local is_rural_var  : environment FARMS_RURAL_VAR

. local fe_list       : environment FARMS_FE_LIST

. local ster_suffix   : environment FARMS_STER_SUFFIX

. local downup_var    : environment FARMS_DOWNUP_VAR

. local stacked_file  : environment FARMS_STACKED_FILE

. local did_output    : environment FARMS_DID_OUTPUT

. local control_samples : environment FARMS_CONTROL_SAMPLES

. local analysis_subsample : environment FARMS_ANALYSIS_SUBSAMPLE

. local processors    : environment FARMS_CPUS

. 
. if "`processors'" == "" local processors "1"

. set processors `processors'
    The maximum number of processors or cores being used is changed from 16
    to 1.  It can be set to any number between 1 and 16

. 
. if "`dofile'" == "" {
.     display as error "FARMS_DOFILE is empty; use sbatch/run_dofile.sbatch."
.     exit 198
. }

. if "`root'" == "" {
.     display as error "FARMS_ROOT is empty; use sbatch/run_dofile.sbatch."
.     exit 198
. }

. if "`code'" == "" {
.     display as error "FARMS_CODE is empty; use sbatch/run_dofile.sbatch."
.     exit 198
. }

. 
. if "`sample'" == "none" local sample ""

. if "`ster_suffix'" == "none" local ster_suffix ""

. if "`downup_var'" == "none" local downup_var ""

. if "`stacked_file'" == "none" local stacked_file ""

. if "`did_output'" == "none" local did_output ""

. if "`control_samples'" == "all" local control_samples ""

. if "`analysis_subsample'" == "all" local analysis_subsample ""

. 
. global root          "`root'"

. global code          "`code'"

. global location      "`location'"

. global sample        "`sample'"

. global is_rural_var  "`is_rural_var'"

. global fe_list       "`fe_list'"

. global ster_suffix   "`ster_suffix'"

. global downup_var    "`downup_var'"

. global stacked_file  "`stacked_file'"

. global did_output    "`did_output'"

. global control_samples "`control_samples'"

. global analysis_subsample "`analysis_subsample'"

. 
. global int_data    "${root}/data_output/intermediate"

. global int_farms   "${int_data}"

. global tables      "${code}/../../tables"

. global table_farms "${tables}"

. global figures     "${code}/../../figures"

. global figure_farms "${figures}"

. 
. capture mkdir "${tables}"

. capture mkdir "${figures}"

. capture mkdir "${code}/logs"

. 
. adopath ++ "${code}"
  [1]              "/users/aquispe/proj_bureaucrats_farms_git/code/_stacked_dow
> nup_replication"
  [2]  (BASE)      "/software/s/stata/19.5-1/ado/base/"
  [3]  (SITE)      "/software/s/stata/ado/"
  [4]              "."
  [5]  (PERSONAL)  "~/ado/personal/"
  [6]  (PLUS)      "~/ado/plus/"
  [7]  (OLDPLACE)  "~/ado/"

. capture noisily do "${code}/estsave_csv.ado"

. *! estsave_csv v1.2 - Export stored estimates and covariance matrices to CSV
. program define estsave_csv
  1.     version 14.0
  2.     syntax namelist using/, [replace append]
  3. 
.     local outfile `"`using'"'
  4.     tempfile coef_all coef_cur scalar_all scalar_cur
  5.     local first = 1
  6. 
.     foreach est of local namelist {
  7.         quietly estimates restore `est'
  8.         matrix b = e(b)
  9.         matrix V = e(V)
 10.         local k = colsof(b)
 11.         local cnames : colfullnames b
 12. 
.         preserve
 13.         clear
 14.         quietly set obs `k'
 15.         gen strL reg = "`est'"
 16.         gen strL var = ""
 17.         gen double beta = .
 18.         capture local ymean_val `"`e(ymean)'"'
 19.         if !_rc & `"`ymean_val'"' != "" gen strL ymean = `"`ymean_val'"'
 20.         else gen strL ymean = ""
 21. 
.         forvalues j = 1/`k' {
 22.             local nm : word `j' of `cnames'
 23.             quietly replace var = "`nm'" in `j'
 24.             quietly replace beta = b[1, `j'] in `j'
 25.             gen double cov`j' = .
 26.         }
 27.         forvalues i = 1/`k' {
 28.             forvalues j = 1/`k' {
 29.                 quietly replace cov`j' = V[`i', `j'] in `i'
 30.             }
 31.         }
 32.         quietly save `coef_cur', replace
 33.         if `first' quietly save `coef_all', replace
 34.         else {
 35.             quietly use `coef_all', clear
 36.             quietly append using `coef_cur'
 37.             quietly save `coef_all', replace
 38.         }
 39.         restore
 40. 
.         preserve
 41.         clear
 42.         quietly set obs 1
 43.         gen strL reg = "`est'"
 44.         local escalars : e(scalars)
 45.         foreach sc of local escalars {
 46.             local scval = e(`sc')
 47.             local safe = subinstr("`sc'", "-", "_", .)
 48.             capture gen double `safe' = `scval'
 49.             if _rc capture gen double sc_`safe' = `scval'
 50.         }
 51.         local emacros : e(macros)
 52.         foreach mc of local emacros {
 53.             capture local mcval `"`e(`mc')'"'
 54.             if !_rc & `"`mcval'"' != "" {
 55.                 if strlen(`"`mcval'"') > 244 local mcval = substr(`"`mcval
> '"', 1, 244)
 56.                 local safe = subinstr("`mc'", "-", "_", .)
 57.                 capture gen strL `safe' = `"`mcval'"'
 58.                 if _rc capture gen strL mc_`safe' = `"`mcval'"'
 59.             }
 60.         }
 61.         quietly save `scalar_cur', replace
 62.         if `first' {
 63.             quietly save `scalar_all', replace
 64.             local first = 0
 65.         }
 66.         else {
 67.             quietly use `scalar_all', clear
 68.             quietly append using `scalar_cur'
 69.             quietly save `scalar_all', replace
 70.         }
 71.         restore
 72.     }
 73. 
.     local basefile = subinstr(`"`outfile'"', ".csv", "", .)
 74.     quietly use `coef_all', clear
 75.     order reg var beta ymean
 76.     quietly export delimited using "`basefile'.csv", `replace' `append'
 77.     quietly use `scalar_all', clear
 78.     quietly export delimited using "`basefile'_scalars.csv", `replace' `ap
> pend'
 79.     display as result "Estimates exported to `basefile'.csv"
 80. end

. 
. 
end of do-file

. capture noisily do "${code}/estload_csv.ado"

. *! estload_csv v1.0 - Reconstruct estimate objects exported by estsave_csv
. program define estload_csv
  1.     version 14.0
  2.     syntax using/
  3. 
.     local infile `"`using'"'
  4.     local basefile = subinstr(`"`infile'"', ".csv", "", .)
  5.     preserve
  6.     quietly import delimited using "`basefile'.csv", clear varnames(1)
  7.     quietly levelsof reg, local(regs)
  8. 
.     foreach r of local regs {
  9.         preserve
 10.         quietly keep if reg == "`r'"
 11.         local k = _N
 12.         matrix b = J(1, `k', .)
 13.         matrix V = J(`k', `k', .)
 14.         local varnames ""
 15.         forvalues i = 1/`k' {
 16.             local vname = var[`i']
 17.             local varnames `"`varnames' `vname'"'
 18.             matrix b[1, `i'] = beta[`i']
 19.             forvalues j = 1/`k' {
 20.                 matrix V[`i', `j'] = cov`j'[`i']
 21.             }
 22.         }
 23.         matrix colnames b = `varnames'
 24.         matrix rownames V = `varnames'
 25.         matrix colnames V = `varnames'
 26.         restore, preserve
 27.         quietly ereturn post b V
 28.         estimates store `r'
 29.         display as text "Loaded estimate: `r'"
 30.     }
 31.     restore
 32. end

. 
. 
end of do-file

. 
. display "============================================================"
============================================================

. display "Independent dofile job: `dofile'"
Independent dofile job: _run_local_ster_postprocessing.do

. display "Data root: ${root}"
Data root: /users/aquispe/proj_bureaucrats_farms

. display "Tables output: ${tables}"
Tables output: /users/aquispe/proj_bureaucrats_farms_git/code/_stacked_downup_r
> eplication/../../tables

. display "Figures output: ${figures}"
Figures output: /users/aquispe/proj_bureaucrats_farms_git/code/_stacked_downup_
> replication/../../figures

. display "Code root: ${code}"
Code root: /users/aquispe/proj_bureaucrats_farms_git/code/_stacked_downup_repli
> cation

. display "Sample: ${sample}; rural: ${is_rural_var}; FE: ${fe_list}"
Sample: ; rural: is_rural; FE: 1

. display "Suffix: ${ster_suffix}; moderator: ${downup_var}"
Suffix: ; moderator: 

. display "Control samples: ${control_samples}"
Control samples: 

. display "Analysis subsample: ${analysis_subsample}"
Analysis subsample: 

. display "Stata processors: " c(processors)
Stata processors: 1

. display "============================================================"
============================================================

. 
. do "${code}/`dofile'"

. *****************************************************************************
> ***
. * Local post-processing of already-generated .ster files.
. *
. * Inputs:  .ster files in the repository-level tables folder
. * Outputs: the same tables folder (.csv and .tex files)
. *
. * Cluster jobs stop after creating .ster files. Run this dofile in local Stat
> a.
. *****************************************************************************
> ***
. 
. version 17

. set more off

. 
. if "$root" == "" {
.     clear all
.     global location "dbox"
.     global sample ""
.     global is_rural_var "is_rural"
.     global fe_list "1"
.     global ster_suffix ""
.     global root "C:/Users/eunic/Dropbox/sa_fires/proj_bureaucrats_farms"
.     global repo "C:/Users/eunic/OneDrive/Documents/GitHub/proj_bureaucrats_fa
> rms"
.     global code "${repo}/code/_stacked_downup_replication"
.     global tables "${repo}/tables"
.     global figures "${repo}/figures"
. }

. else {
.     clear
.     if "$repo" == "" global repo "${code}/../.."
.     global tables "${repo}/tables"
.     global figures "${repo}/figures"
. }

. 
. capture mkdir "${tables}"

. capture mkdir "${figures}"

. adopath ++ "${code}"
  [1]              "/users/aquispe/proj_bureaucrats_farms_git/code/_stacked_dow
> nup_replication"
  [2]  (BASE)      "/software/s/stata/19.5-1/ado/base/"
  [3]  (SITE)      "/software/s/stata/ado/"
  [4]              "."
  [5]  (PERSONAL)  "~/ado/personal/"
  [6]  (PLUS)      "~/ado/plus/"
  [7]  (OLDPLACE)  "~/ado/"

. 
. display as text "Local .ster input folder: ${tables}"
Local .ster input folder: /users/aquispe/proj_bureaucrats_farms_git/code/_stack
> ed_downup_replication/../../tables

. 
. * Both production analyses use their final pooled samples. Protest produces a
. * single ster containing FE1-FE5 for the baseline and rice-production result.
. local control_sters ///
>     "_app_16_polischar_fe12_evst_all${sample}_rural_acpop${ster_suffix}_contr
> ols_both.ster" ///
>     "_app_17_5km_fe12_evst_all${sample}_rural${ster_suffix}.ster"

. 
. local missing_controls = 0

. foreach ster_file of local control_sters {
  2.     capture confirm file "${tables}/`ster_file'"
  3.     if _rc {
  4.         display as error "MISSING OPTIONAL CONTROL-SAMPLE STER: `ster_file
> '"
  5.         local missing_controls = `missing_controls' + 1
  6.     }
  7. }
MISSING OPTIONAL CONTROL-SAMPLE STER: _app_16_polischar_fe12_evst_all_rural_acp
> op_controls_both.ster

. if `missing_controls' > 0 {
.     display as error "Control-sample event-study ster files missing: `missing
> _controls'"
Control-sample event-study ster files missing: 1
.     display as error "Their R figures cannot be made until these files are co
> pied locally."
Their R figures cannot be made until these files are copied locally.
. }

. 
. display as text "Exporting event-study CSV files..."
Exporting event-study CSV files...

. do "${code}/_export_event_study_csv.do"

. *****************************************************************************
> ***
. * Export every event-study .ster result to the CSV format used by the R plots
> .
. *
. * This dofile is intentionally separate from estimation. It discovers all
. * event-study .ster files in ${tables}, restores their explicitly stored
. * estimate names, and passes that expanded name list to estsave_csv. The
. * estsave_csv command does not accept wildcard names such as evreg*.
. *****************************************************************************
> ***
. 
. version 17

. set more off

. 
. if "$root" == "" {
.     clear all
.     set more off
.     global location "dbox"
.     global sample ""
.     global is_rural_var "is_rural"
.     global fe_list "1"
.     global ster_suffix ""
.     global shell "/groups/sgulzar/sa_fires/proj_bureaucrats_farms"
.     global dbox "C:/Users/eunic/Dropbox/sa_fires/proj_bureaucrats_farms"
.     global code_shell "/users/aquisper/proj_bureaucrats_farms/code/_stacked_d
> ownup_replication"
.     global code_dbox "C:/Users/eunic/OneDrive/Documents/GitHub/proj_bureaucra
> ts_farms/code/_stacked_downup_replication"
.     if "$location" == "dbox" {
.         global root "$dbox"
.         global code "$code_dbox"
.     }
.     else {
.         global root "$shell"
.         global code "$code_shell"
.     }
. }

. 
. global tables "${code}/../../tables"

. 
. * The common cluster bridge may already have defined the program. Dropping it
. * makes this dofile safe both as a standalone local job and after another
. * dofile has loaded the same ado in the current Stata session.
. capture program drop estsave_csv

. quietly do "${code}/estsave_csv.ado"

. 
. capture which estread

. if _rc {
.     display as error "estread is required to restore the .ster files."
.     exit 199
. }

. 
. local ster_files : dir "${tables}" files "*.ster"

. local exported = 0

. local failed = 0

. 
. foreach ster_file of local ster_files {
  2.     * A sample smoke test must never rewrite production CSV/scalar outputs
> .
.     local matches_sample = strpos("`ster_file'", "_sample") == 0
  3.     if "$sample" != "" {
  4.         local matches_sample = strpos("`ster_file'", "$sample") > 0
  5.     }
  6.     local matches_suffix = strpos("`ster_file'", "_rice_high") == 0
  7.     if "$ster_suffix" != "" {
  8.         local matches_suffix = strpos("`ster_file'", "$ster_suffix") > 0
  9.     }
 10.     local is_event = ///
>         strpos("`ster_file'", "main_event_study") == 1 | ///
>         strpos("`ster_file'", "stacked_event_study") == 1 | ///
>         strpos("`ster_file'", "_app_16_polischar_fe12_evst_all") == 1 | ///
>         strpos("`ster_file'", "_app_17_5km_fe12_evst_all") == 1
 11. 
.     * The production Windows bridge exports only the three selected main
.     * results. Legacy standalone use may still export the wider event set.
.     if "$production_only" == "1" {
 12.         local is_event = ///
>             strpos("`ster_file'", "stacked_event_study_5pre") == 1 | ///
>             strpos("`ster_file'", "stacked_event_study_pop_5pre") == 1 | ///
>             (strpos("`ster_file'", "_app_16_polischar_fe12_evst_all") == 1 & 
> ///
>              strpos("`ster_file'", "_rural_acpop") > 0) | ///
>             strpos("`ster_file'", "_app_17_5km_fe12_evst_all") == 1
 13.     }
 14. 
.     if `is_event' & `matches_sample' & `matches_suffix' {
 15.         est clear
 16.         capture noisily estread using "${tables}/`ster_file'"
 17.         if _rc {
 18.             display as error "Could not read: ${tables}/`ster_file'"
 19.             local failed = `failed' + 1
 20.         }
 21.         else {
 22.             quietly estimates dir
 23.             local estimate_names `r(names)'
 24.             if `"`estimate_names'"' == "" {
 25.                 display as error "No stored estimates found in: `ster_file
> '"
 26.                 local failed = `failed' + 1
 27.             }
 28.             else {
 29.                 local csv_file = subinstr("`ster_file'", ".ster", ".csv", 
> .)
 30.                 capture noisily estsave_csv `estimate_names' using ///
>                     "${tables}/`csv_file'", replace
 31.                 if _rc {
 32.                     display as error "CSV export failed: `csv_file'"
 33.                     local failed = `failed' + 1
 34.                 }
 35.                 else {
 36.                     display as result "Exported: ${tables}/`csv_file'"
 37.                     local exported = `exported' + 1
 38.                 }
 39.             }
 40.         }
 41.     }
 42. }

-------------------------------------------------------------------------------
             |           Dependent  Number of        
        Name | Command    variable     param.  Title 
-------------+-----------------------------------------------------------------
      evreg1 | reghdfejl    countk         21  HDFE linear regression with
             |                                 Julia
      evreg2 | reghdfejl    countk         41  HDFE linear regression with
             |                                 Julia
      evreg3 | reghdfejl    countk         41  HDFE linear regression with
             |                                 Julia
      evreg4 | reghdfejl    countk         41  HDFE linear regression with
             |                                 Julia
      evreg5 | reghdfejl    countk         41  HDFE linear regression with
             |                                 Julia
-------------------------------------------------------------------------------
(21 missing values generated)
(21 missing values generated)
(21 missing values generated)
(21 missing values generated)
(21 missing values generated)
(21 missing values generated)
(21 missing values generated)
(21 missing values generated)
(21 missing values generated)
(21 missing values generated)
(21 missing values generated)
(21 missing values generated)
(21 missing values generated)
(21 missing values generated)
(21 missing values generated)
(21 missing values generated)
(21 missing values generated)
(21 missing values generated)
(21 missing values generated)
(21 missing values generated)
(21 missing values generated)
(21 missing values generated)
(21 missing values generated)
(41 missing values generated)
(41 missing values generated)
(41 missing values generated)
(41 missing values generated)
(41 missing values generated)
(41 missing values generated)
(41 missing values generated)
(41 missing values generated)
(41 missing values generated)
(41 missing values generated)
(41 missing values generated)
(41 missing values generated)
(41 missing values generated)
(41 missing values generated)
(41 missing values generated)
(41 missing values generated)
(41 missing values generated)
(41 missing values generated)
(41 missing values generated)
(41 missing values generated)
(41 missing values generated)
(41 missing values generated)
(41 missing values generated)
(41 missing values generated)
(41 missing values generated)
(41 missing values generated)
(41 missing values generated)
(41 missing values generated)
(41 missing values generated)
(41 missing values generated)
(41 missing values generated)
(41 missing values generated)
(41 missing values generated)
(41 missing values generated)
(41 missing values generated)
(41 missing values generated)
(41 missing values generated)
(41 missing values generated)
(41 missing values generated)
(41 missing values generated)
(41 missing values generated)
(41 missing values generated)
(41 missing values generated)
(41 missing values generated)
(41 missing values generated)
(41 missing values generated)
(41 missing values generated)
(41 missing values generated)
(41 missing values generated)
(41 missing values generated)
(41 missing values generated)
(41 missing values generated)
(41 missing values generated)
(41 missing values generated)
(41 missing values generated)
(41 missing values generated)
(41 missing values generated)
(41 missing values generated)
(41 missing values generated)
(41 missing values generated)
(41 missing values generated)
(41 missing values generated)
(41 missing values generated)
(41 missing values generated)
(41 missing values generated)
(41 missing values generated)
(41 missing values generated)
(41 missing values generated)
(41 missing values generated)
(41 missing values generated)
(41 missing values generated)
(41 missing values generated)
(41 missing values generated)
(41 missing values generated)
(41 missing values generated)
(41 missing values generated)
(41 missing values generated)
(41 missing values generated)
(41 missing values generated)
(41 missing values generated)
(41 missing values generated)
(41 missing values generated)
(41 missing values generated)
(41 missing values generated)
(41 missing values generated)
(41 missing values generated)
(41 missing values generated)
(41 missing values generated)
(41 missing values generated)
(41 missing values generated)
(41 missing values generated)
(41 missing values generated)
(41 missing values generated)
(41 missing values generated)
(41 missing values generated)
(41 missing values generated)
(41 missing values generated)
(41 missing values generated)
(41 missing values generated)
(41 missing values generated)
(41 missing values generated)
(41 missing values generated)
(41 missing values generated)
(41 missing values generated)
(41 missing values generated)
(41 missing values generated)
(41 missing values generated)
(41 missing values generated)
(41 missing values generated)
(41 missing values generated)
(41 missing values generated)
(41 missing values generated)
(41 missing values generated)
(41 missing values generated)
(41 missing values generated)
(41 missing values generated)
(41 missing values generated)
(41 missing values generated)
(41 missing values generated)
(41 missing values generated)
(41 missing values generated)
(41 missing values generated)
(41 missing values generated)
(41 missing values generated)
(41 missing values generated)
(41 missing values generated)
(41 missing values generated)
(41 missing values generated)
(41 missing values generated)
(41 missing values generated)
(41 missing values generated)
(41 missing values generated)
(41 missing values generated)
(41 missing values generated)
(41 missing values generated)
(41 missing values generated)
(41 missing values generated)
(41 missing values generated)
(41 missing values generated)
(41 missing values generated)
(41 missing values generated)
(41 missing values generated)
(41 missing values generated)
(41 missing values generated)
(41 missing values generated)
(41 missing values generated)
(41 missing values generated)
(41 missing values generated)
(41 missing values generated)
(41 missing values generated)
(41 missing values generated)
(41 missing values generated)
(41 missing values generated)
(41 missing values generated)
(41 missing values generated)
(41 missing values generated)
(41 missing values generated)
(41 missing values generated)
(41 missing values generated)
(41 missing values generated)
(41 missing values generated)
(41 missing values generated)
(41 missing values generated)
(41 missing values generated)
(41 missing values generated)
(41 missing values generated)
(41 missing values generated)
(41 missing values generated)
(41 missing values generated)
(41 missing values generated)
(41 missing values generated)
(41 missing values generated)
Estimates exported to /users/aquispe/proj_bureaucrats_farms_git/code/_stacked_d
> ownup_replication/../../tables/_app_16_polischar_fe12_evst_all_rural.csv
Exported: /users/aquispe/proj_bureaucrats_farms_git/code/_stacked_downup_replic
> ation/../../tables/_app_16_polischar_fe12_evst_all_rural.csv

-------------------------------------------------------------------------------
             |           Dependent  Number of        
        Name | Command    variable     param.  Title 
-------------+-----------------------------------------------------------------
      evreg1 | reghdfejl    countk         21  HDFE linear regression with
             |                                 Julia
      evreg2 | reghdfejl    countk         41  HDFE linear regression with
             |                                 Julia
      evreg3 | reghdfejl    countk         41  HDFE linear regression with
             |                                 Julia
      evreg4 | reghdfejl    countk         41  HDFE linear regression with
             |                                 Julia
      evreg5 | reghdfejl    countk         41  HDFE linear regression with
             |                                 Julia
-------------------------------------------------------------------------------
(21 missing values generated)
(21 missing values generated)
(21 missing values generated)
(21 missing values generated)
(21 missing values generated)
(21 missing values generated)
(21 missing values generated)
(21 missing values generated)
(21 missing values generated)
(21 missing values generated)
(21 missing values generated)
(21 missing values generated)
(21 missing values generated)
(21 missing values generated)
(21 missing values generated)
(21 missing values generated)
(21 missing values generated)
(21 missing values generated)
(21 missing values generated)
(21 missing values generated)
(21 missing values generated)
(21 missing values generated)
(21 missing values generated)
(41 missing values generated)
(41 missing values generated)
(41 missing values generated)
(41 missing values generated)
(41 missing values generated)
(41 missing values generated)
(41 missing values generated)
(41 missing values generated)
(41 missing values generated)
(41 missing values generated)
(41 missing values generated)
(41 missing values generated)
(41 missing values generated)
(41 missing values generated)
(41 missing values generated)
(41 missing values generated)
(41 missing values generated)
(41 missing values generated)
(41 missing values generated)
(41 missing values generated)
(41 missing values generated)
(41 missing values generated)
(41 missing values generated)
(41 missing values generated)
(41 missing values generated)
(41 missing values generated)
(41 missing values generated)
(41 missing values generated)
(41 missing values generated)
(41 missing values generated)
(41 missing values generated)
(41 missing values generated)
(41 missing values generated)
(41 missing values generated)
(41 missing values generated)
(41 missing values generated)
(41 missing values generated)
(41 missing values generated)
(41 missing values generated)
(41 missing values generated)
(41 missing values generated)
(41 missing values generated)
(41 missing values generated)
(41 missing values generated)
(41 missing values generated)
(41 missing values generated)
(41 missing values generated)
(41 missing values generated)
(41 missing values generated)
(41 missing values generated)
(41 missing values generated)
(41 missing values generated)
(41 missing values generated)
(41 missing values generated)
(41 missing values generated)
(41 missing values generated)
(41 missing values generated)
(41 missing values generated)
(41 missing values generated)
(41 missing values generated)
(41 missing values generated)
(41 missing values generated)
(41 missing values generated)
(41 missing values generated)
(41 missing values generated)
(41 missing values generated)
(41 missing values generated)
(41 missing values generated)
(41 missing values generated)
(41 missing values generated)
(41 missing values generated)
(41 missing values generated)
(41 missing values generated)
(41 missing values generated)
(41 missing values generated)
(41 missing values generated)
(41 missing values generated)
(41 missing values generated)
(41 missing values generated)
(41 missing values generated)
(41 missing values generated)
(41 missing values generated)
(41 missing values generated)
(41 missing values generated)
(41 missing values generated)
(41 missing values generated)
(41 missing values generated)
(41 missing values generated)
(41 missing values generated)
(41 missing values generated)
(41 missing values generated)
(41 missing values generated)
(41 missing values generated)
(41 missing values generated)
(41 missing values generated)
(41 missing values generated)
(41 missing values generated)
(41 missing values generated)
(41 missing values generated)
(41 missing values generated)
(41 missing values generated)
(41 missing values generated)
(41 missing values generated)
(41 missing values generated)
(41 missing values generated)
(41 missing values generated)
(41 missing values generated)
(41 missing values generated)
(41 missing values generated)
(41 missing values generated)
(41 missing values generated)
(41 missing values generated)
(41 missing values generated)
(41 missing values generated)
(41 missing values generated)
(41 missing values generated)
(41 missing values generated)
(41 missing values generated)
(41 missing values generated)
(41 missing values generated)
(41 missing values generated)
(41 missing values generated)
(41 missing values generated)
(41 missing values generated)
(41 missing values generated)
(41 missing values generated)
(41 missing values generated)
(41 missing values generated)
(41 missing values generated)
(41 missing values generated)
(41 missing values generated)
(41 missing values generated)
(41 missing values generated)
(41 missing values generated)
(41 missing values generated)
(41 missing values generated)
(41 missing values generated)
(41 missing values generated)
(41 missing values generated)
(41 missing values generated)
(41 missing values generated)
(41 missing values generated)
(41 missing values generated)
(41 missing values generated)
(41 missing values generated)
(41 missing values generated)
(41 missing values generated)
(41 missing values generated)
(41 missing values generated)
(41 missing values generated)
(41 missing values generated)
(41 missing values generated)
(41 missing values generated)
(41 missing values generated)
(41 missing values generated)
(41 missing values generated)
(41 missing values generated)
(41 missing values generated)
(41 missing values generated)
(41 missing values generated)
(41 missing values generated)
(41 missing values generated)
(41 missing values generated)
(41 missing values generated)
(41 missing values generated)
(41 missing values generated)
(41 missing values generated)
(41 missing values generated)
(41 missing values generated)
(41 missing values generated)
(41 missing values generated)
(41 missing values generated)
Estimates exported to /users/aquispe/proj_bureaucrats_farms_git/code/_stacked_d
> ownup_replication/../../tables/_app_16_polischar_fe12_evst_all_rural_acpop.cs
> v
Exported: /users/aquispe/proj_bureaucrats_farms_git/code/_stacked_downup_replic
> ation/../../tables/_app_16_polischar_fe12_evst_all_rural_acpop.csv

-------------------------------------------------------------------------------
             |           Dependent  Number of        
        Name | Command    variable     param.  Title 
-------------+-----------------------------------------------------------------
      evreg1 | reghdfejl    countk         21  HDFE linear regression with
             |                                 Julia
      evreg2 | reghdfejl    countk         41  HDFE linear regression with
             |                                 Julia
-------------------------------------------------------------------------------
(21 missing values generated)
(21 missing values generated)
(21 missing values generated)
(21 missing values generated)
(21 missing values generated)
(21 missing values generated)
(21 missing values generated)
(21 missing values generated)
(21 missing values generated)
(21 missing values generated)
(21 missing values generated)
(21 missing values generated)
(21 missing values generated)
(21 missing values generated)
(21 missing values generated)
(21 missing values generated)
(21 missing values generated)
(21 missing values generated)
(21 missing values generated)
(21 missing values generated)
(21 missing values generated)
(21 missing values generated)
(21 missing values generated)
(41 missing values generated)
(41 missing values generated)
(41 missing values generated)
(41 missing values generated)
(41 missing values generated)
(41 missing values generated)
(41 missing values generated)
(41 missing values generated)
(41 missing values generated)
(41 missing values generated)
(41 missing values generated)
(41 missing values generated)
(41 missing values generated)
(41 missing values generated)
(41 missing values generated)
(41 missing values generated)
(41 missing values generated)
(41 missing values generated)
(41 missing values generated)
(41 missing values generated)
(41 missing values generated)
(41 missing values generated)
(41 missing values generated)
(41 missing values generated)
(41 missing values generated)
(41 missing values generated)
(41 missing values generated)
(41 missing values generated)
(41 missing values generated)
(41 missing values generated)
(41 missing values generated)
(41 missing values generated)
(41 missing values generated)
(41 missing values generated)
(41 missing values generated)
(41 missing values generated)
(41 missing values generated)
(41 missing values generated)
(41 missing values generated)
(41 missing values generated)
(41 missing values generated)
(41 missing values generated)
(41 missing values generated)
Estimates exported to /users/aquispe/proj_bureaucrats_farms_git/code/_stacked_d
> ownup_replication/../../tables/_app_16_polischar_fe12_evst_all_rural_acpop_co
> ntrols_both.csv
Exported: /users/aquispe/proj_bureaucrats_farms_git/code/_stacked_downup_replic
> ation/../../tables/_app_16_polischar_fe12_evst_all_rural_acpop_controls_both.
> csv

-------------------------------------------------------------------------------
             |           Dependent  Number of        
        Name | Command    variable     param.  Title 
-------------+-----------------------------------------------------------------
      evreg1 | reghdfejl    countk         21  HDFE linear regression with
             |                                 Julia
      evreg2 | reghdfejl    countk         41  HDFE linear regression with
             |                                 Julia
      evreg3 | reghdfejl    countk         41  HDFE linear regression with
             |                                 Julia
      evreg4 | reghdfejl    countk         41  HDFE linear regression with
             |                                 Julia
      evreg5 | reghdfejl    countk         41  HDFE linear regression with
             |                                 Julia
-------------------------------------------------------------------------------
(21 missing values generated)
(21 missing values generated)
(21 missing values generated)
(21 missing values generated)
(21 missing values generated)
(21 missing values generated)
(21 missing values generated)
(21 missing values generated)
(21 missing values generated)
(21 missing values generated)
(21 missing values generated)
(21 missing values generated)
(21 missing values generated)
(21 missing values generated)
(21 missing values generated)
(21 missing values generated)
(21 missing values generated)
(21 missing values generated)
(21 missing values generated)
(21 missing values generated)
(21 missing values generated)
(21 missing values generated)
(21 missing values generated)
(41 missing values generated)
(41 missing values generated)
(41 missing values generated)
(41 missing values generated)
(41 missing values generated)
(41 missing values generated)
(41 missing values generated)
(41 missing values generated)
(41 missing values generated)
(41 missing values generated)
(41 missing values generated)
(41 missing values generated)
(41 missing values generated)
(41 missing values generated)
(41 missing values generated)
(41 missing values generated)
(41 missing values generated)
(41 missing values generated)
(41 missing values generated)
(41 missing values generated)
(41 missing values generated)
(41 missing values generated)
(41 missing values generated)
(41 missing values generated)
(41 missing values generated)
(41 missing values generated)
(41 missing values generated)
(41 missing values generated)
(41 missing values generated)
(41 missing values generated)
(41 missing values generated)
(41 missing values generated)
(41 missing values generated)
(41 missing values generated)
(41 missing values generated)
(41 missing values generated)
(41 missing values generated)
(41 missing values generated)
(41 missing values generated)
(41 missing values generated)
(41 missing values generated)
(41 missing values generated)
(41 missing values generated)
(41 missing values generated)
(41 missing values generated)
(41 missing values generated)
(41 missing values generated)
(41 missing values generated)
(41 missing values generated)
(41 missing values generated)
(41 missing values generated)
(41 missing values generated)
(41 missing values generated)
(41 missing values generated)
(41 missing values generated)
(41 missing values generated)
(41 missing values generated)
(41 missing values generated)
(41 missing values generated)
(41 missing values generated)
(41 missing values generated)
(41 missing values generated)
(41 missing values generated)
(41 missing values generated)
(41 missing values generated)
(41 missing values generated)
(41 missing values generated)
(41 missing values generated)
(41 missing values generated)
(41 missing values generated)
(41 missing values generated)
(41 missing values generated)
(41 missing values generated)
(41 missing values generated)
(41 missing values generated)
(41 missing values generated)
(41 missing values generated)
(41 missing values generated)
(41 missing values generated)
(41 missing values generated)
(41 missing values generated)
(41 missing values generated)
(41 missing values generated)
(41 missing values generated)
(41 missing values generated)
(41 missing values generated)
(41 missing values generated)
(41 missing values generated)
(41 missing values generated)
(41 missing values generated)
(41 missing values generated)
(41 missing values generated)
(41 missing values generated)
(41 missing values generated)
(41 missing values generated)
(41 missing values generated)
(41 missing values generated)
(41 missing values generated)
(41 missing values generated)
(41 missing values generated)
(41 missing values generated)
(41 missing values generated)
(41 missing values generated)
(41 missing values generated)
(41 missing values generated)
(41 missing values generated)
(41 missing values generated)
(41 missing values generated)
(41 missing values generated)
(41 missing values generated)
(41 missing values generated)
(41 missing values generated)
(41 missing values generated)
(41 missing values generated)
(41 missing values generated)
(41 missing values generated)
(41 missing values generated)
(41 missing values generated)
(41 missing values generated)
(41 missing values generated)
(41 missing values generated)
(41 missing values generated)
(41 missing values generated)
(41 missing values generated)
(41 missing values generated)
(41 missing values generated)
(41 missing values generated)
(41 missing values generated)
(41 missing values generated)
(41 missing values generated)
(41 missing values generated)
(41 missing values generated)
(41 missing values generated)
(41 missing values generated)
(41 missing values generated)
(41 missing values generated)
(41 missing values generated)
(41 missing values generated)
(41 missing values generated)
(41 missing values generated)
(41 missing values generated)
(41 missing values generated)
(41 missing values generated)
(41 missing values generated)
(41 missing values generated)
(41 missing values generated)
(41 missing values generated)
(41 missing values generated)
(41 missing values generated)
(41 missing values generated)
(41 missing values generated)
(41 missing values generated)
(41 missing values generated)
(41 missing values generated)
(41 missing values generated)
(41 missing values generated)
(41 missing values generated)
(41 missing values generated)
(41 missing values generated)
(41 missing values generated)
(41 missing values generated)
(41 missing values generated)
(41 missing values generated)
(41 missing values generated)
(41 missing values generated)
(41 missing values generated)
(41 missing values generated)
(41 missing values generated)
(41 missing values generated)
(41 missing values generated)
(41 missing values generated)
(41 missing values generated)
Estimates exported to /users/aquispe/proj_bureaucrats_farms_git/code/_stacked_d
> ownup_replication/../../tables/_app_16_polischar_fe12_evst_all_rural_acpop_co
> ntrols_never.csv
Exported: /users/aquispe/proj_bureaucrats_farms_git/code/_stacked_downup_replic
> ation/../../tables/_app_16_polischar_fe12_evst_all_rural_acpop_controls_never
> .csv

-------------------------------------------------------------------------------
             |           Dependent  Number of        
        Name | Command    variable     param.  Title 
-------------+-----------------------------------------------------------------
      evreg1 | reghdfejl    countk         21  HDFE linear regression with
             |                                 Julia
      evreg2 | reghdfejl    countk         41  HDFE linear regression with
             |                                 Julia
      evreg3 | reghdfejl    countk         41  HDFE linear regression with
             |                                 Julia
      evreg4 | reghdfejl    countk         41  HDFE linear regression with
             |                                 Julia
      evreg5 | reghdfejl    countk         41  HDFE linear regression with
             |                                 Julia
-------------------------------------------------------------------------------
(21 missing values generated)
(21 missing values generated)
(21 missing values generated)
(21 missing values generated)
(21 missing values generated)
(21 missing values generated)
(21 missing values generated)
(21 missing values generated)
(21 missing values generated)
(21 missing values generated)
(21 missing values generated)
(21 missing values generated)
(21 missing values generated)
(21 missing values generated)
(21 missing values generated)
(21 missing values generated)
(21 missing values generated)
(21 missing values generated)
(21 missing values generated)
(21 missing values generated)
(21 missing values generated)
(21 missing values generated)
(21 missing values generated)
(41 missing values generated)
(41 missing values generated)
(41 missing values generated)
(41 missing values generated)
(41 missing values generated)
(41 missing values generated)
(41 missing values generated)
(41 missing values generated)
(41 missing values generated)
(41 missing values generated)
(41 missing values generated)
(41 missing values generated)
(41 missing values generated)
(41 missing values generated)
(41 missing values generated)
(41 missing values generated)
(41 missing values generated)
(41 missing values generated)
(41 missing values generated)
(41 missing values generated)
(41 missing values generated)
(41 missing values generated)
(41 missing values generated)
(41 missing values generated)
(41 missing values generated)
(41 missing values generated)
(41 missing values generated)
(41 missing values generated)
(41 missing values generated)
(41 missing values generated)
(41 missing values generated)
(41 missing values generated)
(41 missing values generated)
(41 missing values generated)
(41 missing values generated)
(41 missing values generated)
(41 missing values generated)
(41 missing values generated)
(41 missing values generated)
(41 missing values generated)
(41 missing values generated)
(41 missing values generated)
(41 missing values generated)
(41 missing values generated)
(41 missing values generated)
(41 missing values generated)
(41 missing values generated)
(41 missing values generated)
(41 missing values generated)
(41 missing values generated)
(41 missing values generated)
(41 missing values generated)
(41 missing values generated)
(41 missing values generated)
(41 missing values generated)
(41 missing values generated)
(41 missing values generated)
(41 missing values generated)
(41 missing values generated)
(41 missing values generated)
(41 missing values generated)
(41 missing values generated)
(41 missing values generated)
(41 missing values generated)
(41 missing values generated)
(41 missing values generated)
(41 missing values generated)
(41 missing values generated)
(41 missing values generated)
(41 missing values generated)
(41 missing values generated)
(41 missing values generated)
(41 missing values generated)
(41 missing values generated)
(41 missing values generated)
(41 missing values generated)
(41 missing values generated)
(41 missing values generated)
(41 missing values generated)
(41 missing values generated)
(41 missing values generated)
(41 missing values generated)
(41 missing values generated)
(41 missing values generated)
(41 missing values generated)
(41 missing values generated)
(41 missing values generated)
(41 missing values generated)
(41 missing values generated)
(41 missing values generated)
(41 missing values generated)
(41 missing values generated)
(41 missing values generated)
(41 missing values generated)
(41 missing values generated)
(41 missing values generated)
(41 missing values generated)
(41 missing values generated)
(41 missing values generated)
(41 missing values generated)
(41 missing values generated)
(41 missing values generated)
(41 missing values generated)
(41 missing values generated)
(41 missing values generated)
(41 missing values generated)
(41 missing values generated)
(41 missing values generated)
(41 missing values generated)
(41 missing values generated)
(41 missing values generated)
(41 missing values generated)
(41 missing values generated)
(41 missing values generated)
(41 missing values generated)
(41 missing values generated)
(41 missing values generated)
(41 missing values generated)
(41 missing values generated)
(41 missing values generated)
(41 missing values generated)
(41 missing values generated)
(41 missing values generated)
(41 missing values generated)
(41 missing values generated)
(41 missing values generated)
(41 missing values generated)
(41 missing values generated)
(41 missing values generated)
(41 missing values generated)
(41 missing values generated)
(41 missing values generated)
(41 missing values generated)
(41 missing values generated)
(41 missing values generated)
(41 missing values generated)
(41 missing values generated)
(41 missing values generated)
(41 missing values generated)
(41 missing values generated)
(41 missing values generated)
(41 missing values generated)
(41 missing values generated)
(41 missing values generated)
(41 missing values generated)
(41 missing values generated)
(41 missing values generated)
(41 missing values generated)
(41 missing values generated)
(41 missing values generated)
(41 missing values generated)
(41 missing values generated)
(41 missing values generated)
(41 missing values generated)
(41 missing values generated)
(41 missing values generated)
(41 missing values generated)
(41 missing values generated)
(41 missing values generated)
(41 missing values generated)
(41 missing values generated)
(41 missing values generated)
(41 missing values generated)
(41 missing values generated)
(41 missing values generated)
(41 missing values generated)
(41 missing values generated)
(41 missing values generated)
(41 missing values generated)
(41 missing values generated)
(41 missing values generated)
(41 missing values generated)
Estimates exported to /users/aquispe/proj_bureaucrats_farms_git/code/_stacked_d
> ownup_replication/../../tables/_app_16_polischar_fe12_evst_all_rural_acpop_co
> ntrols_notyet.csv
Exported: /users/aquispe/proj_bureaucrats_farms_git/code/_stacked_downup_replic
> ation/../../tables/_app_16_polischar_fe12_evst_all_rural_acpop_controls_notye
> t.csv

-------------------------------------------------------------------------------
             |           Dependent  Number of        
        Name | Command    variable     param.  Title 
-------------+-----------------------------------------------------------------
      evreg1 | reghdfejl    countk         21  HDFE linear regression with
             |                                 Julia
      evreg2 | reghdfejl    countk         41  HDFE linear regression with
             |                                 Julia
      evreg3 | reghdfejl    countk         41  HDFE linear regression with
             |                                 Julia
      evreg4 | reghdfejl    countk         41  HDFE linear regression with
             |                                 Julia
      evreg5 | reghdfejl    countk         41  HDFE linear regression with
             |                                 Julia
-------------------------------------------------------------------------------
(21 missing values generated)
(21 missing values generated)
(21 missing values generated)
(21 missing values generated)
(21 missing values generated)
(21 missing values generated)
(21 missing values generated)
(21 missing values generated)
(21 missing values generated)
(21 missing values generated)
(21 missing values generated)
(21 missing values generated)
(21 missing values generated)
(21 missing values generated)
(21 missing values generated)
(21 missing values generated)
(21 missing values generated)
(21 missing values generated)
(21 missing values generated)
(21 missing values generated)
(21 missing values generated)
(21 missing values generated)
(21 missing values generated)
(41 missing values generated)
(41 missing values generated)
(41 missing values generated)
(41 missing values generated)
(41 missing values generated)
(41 missing values generated)
(41 missing values generated)
(41 missing values generated)
(41 missing values generated)
(41 missing values generated)
(41 missing values generated)
(41 missing values generated)
(41 missing values generated)
(41 missing values generated)
(41 missing values generated)
(41 missing values generated)
(41 missing values generated)
(41 missing values generated)
(41 missing values generated)
(41 missing values generated)
(41 missing values generated)
(41 missing values generated)
(41 missing values generated)
(41 missing values generated)
(41 missing values generated)
(41 missing values generated)
(41 missing values generated)
(41 missing values generated)
(41 missing values generated)
(41 missing values generated)
(41 missing values generated)
(41 missing values generated)
(41 missing values generated)
(41 missing values generated)
(41 missing values generated)
(41 missing values generated)
(41 missing values generated)
(41 missing values generated)
(41 missing values generated)
(41 missing values generated)
(41 missing values generated)
(41 missing values generated)
(41 missing values generated)
(41 missing values generated)
(41 missing values generated)
(41 missing values generated)
(41 missing values generated)
(41 missing values generated)
(41 missing values generated)
(41 missing values generated)
(41 missing values generated)
(41 missing values generated)
(41 missing values generated)
(41 missing values generated)
(41 missing values generated)
(41 missing values generated)
(41 missing values generated)
(41 missing values generated)
(41 missing values generated)
(41 missing values generated)
(41 missing values generated)
(41 missing values generated)
(41 missing values generated)
(41 missing values generated)
(41 missing values generated)
(41 missing values generated)
(41 missing values generated)
(41 missing values generated)
(41 missing values generated)
(41 missing values generated)
(41 missing values generated)
(41 missing values generated)
(41 missing values generated)
(41 missing values generated)
(41 missing values generated)
(41 missing values generated)
(41 missing values generated)
(41 missing values generated)
(41 missing values generated)
(41 missing values generated)
(41 missing values generated)
(41 missing values generated)
(41 missing values generated)
(41 missing values generated)
(41 missing values generated)
(41 missing values generated)
(41 missing values generated)
(41 missing values generated)
(41 missing values generated)
(41 missing values generated)
(41 missing values generated)
(41 missing values generated)
(41 missing values generated)
(41 missing values generated)
(41 missing values generated)
(41 missing values generated)
(41 missing values generated)
(41 missing values generated)
(41 missing values generated)
(41 missing values generated)
(41 missing values generated)
(41 missing values generated)
(41 missing values generated)
(41 missing values generated)
(41 missing values generated)
(41 missing values generated)
(41 missing values generated)
(41 missing values generated)
(41 missing values generated)
(41 missing values generated)
(41 missing values generated)
(41 missing values generated)
(41 missing values generated)
(41 missing values generated)
(41 missing values generated)
(41 missing values generated)
(41 missing values generated)
(41 missing values generated)
(41 missing values generated)
(41 missing values generated)
(41 missing values generated)
(41 missing values generated)
(41 missing values generated)
(41 missing values generated)
(41 missing values generated)
(41 missing values generated)
(41 missing values generated)
(41 missing values generated)
(41 missing values generated)
(41 missing values generated)
(41 missing values generated)
(41 missing values generated)
(41 missing values generated)
(41 missing values generated)
(41 missing values generated)
(41 missing values generated)
(41 missing values generated)
(41 missing values generated)
(41 missing values generated)
(41 missing values generated)
(41 missing values generated)
(41 missing values generated)
(41 missing values generated)
(41 missing values generated)
(41 missing values generated)
(41 missing values generated)
(41 missing values generated)
(41 missing values generated)
(41 missing values generated)
(41 missing values generated)
(41 missing values generated)
(41 missing values generated)
(41 missing values generated)
(41 missing values generated)
(41 missing values generated)
(41 missing values generated)
(41 missing values generated)
(41 missing values generated)
(41 missing values generated)
(41 missing values generated)
(41 missing values generated)
(41 missing values generated)
(41 missing values generated)
(41 missing values generated)
(41 missing values generated)
(41 missing values generated)
(41 missing values generated)
(41 missing values generated)
(41 missing values generated)
(41 missing values generated)
(41 missing values generated)
(41 missing values generated)
Estimates exported to /users/aquispe/proj_bureaucrats_farms_git/code/_stacked_d
> ownup_replication/../../tables/_app_16_polischar_fe12_evst_all_rural_controls
> _both.csv
Exported: /users/aquispe/proj_bureaucrats_farms_git/code/_stacked_downup_replic
> ation/../../tables/_app_16_polischar_fe12_evst_all_rural_controls_both.csv

-------------------------------------------------------------------------------
             |           Dependent  Number of        
        Name | Command    variable     param.  Title 
-------------+-----------------------------------------------------------------
      evreg1 | reghdfejl    countk         21  HDFE linear regression with
             |                                 Julia
      evreg2 | reghdfejl    countk         41  HDFE linear regression with
             |                                 Julia
      evreg3 | reghdfejl    countk         41  HDFE linear regression with
             |                                 Julia
      evreg4 | reghdfejl    countk         41  HDFE linear regression with
             |                                 Julia
      evreg5 | reghdfejl    countk         41  HDFE linear regression with
             |                                 Julia
-------------------------------------------------------------------------------
(21 missing values generated)
(21 missing values generated)
(21 missing values generated)
(21 missing values generated)
(21 missing values generated)
(21 missing values generated)
(21 missing values generated)
(21 missing values generated)
(21 missing values generated)
(21 missing values generated)
(21 missing values generated)
(21 missing values generated)
(21 missing values generated)
(21 missing values generated)
(21 missing values generated)
(21 missing values generated)
(21 missing values generated)
(21 missing values generated)
(21 missing values generated)
(21 missing values generated)
(21 missing values generated)
(21 missing values generated)
(21 missing values generated)
(41 missing values generated)
(41 missing values generated)
(41 missing values generated)
(41 missing values generated)
(41 missing values generated)
(41 missing values generated)
(41 missing values generated)
(41 missing values generated)
(41 missing values generated)
(41 missing values generated)
(41 missing values generated)
(41 missing values generated)
(41 missing values generated)
(41 missing values generated)
(41 missing values generated)
(41 missing values generated)
(41 missing values generated)
(41 missing values generated)
(41 missing values generated)
(41 missing values generated)
(41 missing values generated)
(41 missing values generated)
(41 missing values generated)
(41 missing values generated)
(41 missing values generated)
(41 missing values generated)
(41 missing values generated)
(41 missing values generated)
(41 missing values generated)
(41 missing values generated)
(41 missing values generated)
(41 missing values generated)
(41 missing values generated)
(41 missing values generated)
(41 missing values generated)
(41 missing values generated)
(41 missing values generated)
(41 missing values generated)
(41 missing values generated)
(41 missing values generated)
(41 missing values generated)
(41 missing values generated)
(41 missing values generated)
(41 missing values generated)
(41 missing values generated)
(41 missing values generated)
(41 missing values generated)
(41 missing values generated)
(41 missing values generated)
(41 missing values generated)
(41 missing values generated)
(41 missing values generated)
(41 missing values generated)
(41 missing values generated)
(41 missing values generated)
(41 missing values generated)
(41 missing values generated)
(41 missing values generated)
(41 missing values generated)
(41 missing values generated)
(41 missing values generated)
(41 missing values generated)
(41 missing values generated)
(41 missing values generated)
(41 missing values generated)
(41 missing values generated)
(41 missing values generated)
(41 missing values generated)
(41 missing values generated)
(41 missing values generated)
(41 missing values generated)
(41 missing values generated)
(41 missing values generated)
(41 missing values generated)
(41 missing values generated)
(41 missing values generated)
(41 missing values generated)
(41 missing values generated)
(41 missing values generated)
(41 missing values generated)
(41 missing values generated)
(41 missing values generated)
(41 missing values generated)
(41 missing values generated)
(41 missing values generated)
(41 missing values generated)
(41 missing values generated)
(41 missing values generated)
(41 missing values generated)
(41 missing values generated)
(41 missing values generated)
(41 missing values generated)
(41 missing values generated)
(41 missing values generated)
(41 missing values generated)
(41 missing values generated)
(41 missing values generated)
(41 missing values generated)
(41 missing values generated)
(41 missing values generated)
(41 missing values generated)
(41 missing values generated)
(41 missing values generated)
(41 missing values generated)
(41 missing values generated)
(41 missing values generated)
(41 missing values generated)
(41 missing values generated)
(41 missing values generated)
(41 missing values generated)
(41 missing values generated)
(41 missing values generated)
(41 missing values generated)
(41 missing values generated)
(41 missing values generated)
(41 missing values generated)
(41 missing values generated)
(41 missing values generated)
(41 missing values generated)
(41 missing values generated)
(41 missing values generated)
(41 missing values generated)
(41 missing values generated)
(41 missing values generated)
(41 missing values generated)
(41 missing values generated)
(41 missing values generated)
(41 missing values generated)
(41 missing values generated)
(41 missing values generated)
(41 missing values generated)
(41 missing values generated)
(41 missing values generated)
(41 missing values generated)
(41 missing values generated)
(41 missing values generated)
(41 missing values generated)
(41 missing values generated)
(41 missing values generated)
(41 missing values generated)
(41 missing values generated)
(41 missing values generated)
(41 missing values generated)
(41 missing values generated)
(41 missing values generated)
(41 missing values generated)
(41 missing values generated)
(41 missing values generated)
(41 missing values generated)
(41 missing values generated)
(41 missing values generated)
(41 missing values generated)
(41 missing values generated)
(41 missing values generated)
(41 missing values generated)
(41 missing values generated)
(41 missing values generated)
(41 missing values generated)
(41 missing values generated)
(41 missing values generated)
(41 missing values generated)
(41 missing values generated)
(41 missing values generated)
(41 missing values generated)
(41 missing values generated)
(41 missing values generated)
(41 missing values generated)
(41 missing values generated)
(41 missing values generated)
(41 missing values generated)
(41 missing values generated)
(41 missing values generated)
Estimates exported to /users/aquispe/proj_bureaucrats_farms_git/code/_stacked_d
> ownup_replication/../../tables/_app_16_polischar_fe12_evst_all_rural_controls
> _never.csv
Exported: /users/aquispe/proj_bureaucrats_farms_git/code/_stacked_downup_replic
> ation/../../tables/_app_16_polischar_fe12_evst_all_rural_controls_never.csv

-------------------------------------------------------------------------------
             |           Dependent  Number of        
        Name | Command    variable     param.  Title 
-------------+-----------------------------------------------------------------
      evreg1 | reghdfejl    countk         21  HDFE linear regression with
             |                                 Julia
      evreg2 | reghdfejl    countk         41  HDFE linear regression with
             |                                 Julia
      evreg3 | reghdfejl    countk         41  HDFE linear regression with
             |                                 Julia
      evreg4 | reghdfejl    countk         41  HDFE linear regression with
             |                                 Julia
      evreg5 | reghdfejl    countk         41  HDFE linear regression with
             |                                 Julia
-------------------------------------------------------------------------------
(21 missing values generated)
(21 missing values generated)
(21 missing values generated)
(21 missing values generated)
(21 missing values generated)
(21 missing values generated)
(21 missing values generated)
(21 missing values generated)
(21 missing values generated)
(21 missing values generated)
(21 missing values generated)
(21 missing values generated)
(21 missing values generated)
(21 missing values generated)
(21 missing values generated)
(21 missing values generated)
(21 missing values generated)
(21 missing values generated)
(21 missing values generated)
(21 missing values generated)
(21 missing values generated)
(21 missing values generated)
(21 missing values generated)
(41 missing values generated)
(41 missing values generated)
(41 missing values generated)
(41 missing values generated)
(41 missing values generated)
(41 missing values generated)
(41 missing values generated)
(41 missing values generated)
(41 missing values generated)
(41 missing values generated)
(41 missing values generated)
(41 missing values generated)
(41 missing values generated)
(41 missing values generated)
(41 missing values generated)
(41 missing values generated)
(41 missing values generated)
(41 missing values generated)
(41 missing values generated)
(41 missing values generated)
(41 missing values generated)
(41 missing values generated)
(41 missing values generated)
(41 missing values generated)
(41 missing values generated)
(41 missing values generated)
(41 missing values generated)
(41 missing values generated)
(41 missing values generated)
(41 missing values generated)
(41 missing values generated)
(41 missing values generated)
(41 missing values generated)
(41 missing values generated)
(41 missing values generated)
(41 missing values generated)
(41 missing values generated)
(41 missing values generated)
(41 missing values generated)
(41 missing values generated)
(41 missing values generated)
(41 missing values generated)
(41 missing values generated)
(41 missing values generated)
(41 missing values generated)
(41 missing values generated)
(41 missing values generated)
(41 missing values generated)
(41 missing values generated)
(41 missing values generated)
(41 missing values generated)
(41 missing values generated)
(41 missing values generated)
(41 missing values generated)
(41 missing values generated)
(41 missing values generated)
(41 missing values generated)
(41 missing values generated)
(41 missing values generated)
(41 missing values generated)
(41 missing values generated)
(41 missing values generated)
(41 missing values generated)
(41 missing values generated)
(41 missing values generated)
(41 missing values generated)
(41 missing values generated)
(41 missing values generated)
(41 missing values generated)
(41 missing values generated)
(41 missing values generated)
(41 missing values generated)
(41 missing values generated)
(41 missing values generated)
(41 missing values generated)
(41 missing values generated)
(41 missing values generated)
(41 missing values generated)
(41 missing values generated)
(41 missing values generated)
(41 missing values generated)
(41 missing values generated)
(41 missing values generated)
(41 missing values generated)
(41 missing values generated)
(41 missing values generated)
(41 missing values generated)
(41 missing values generated)
(41 missing values generated)
(41 missing values generated)
(41 missing values generated)
(41 missing values generated)
(41 missing values generated)
(41 missing values generated)
(41 missing values generated)
(41 missing values generated)
(41 missing values generated)
(41 missing values generated)
(41 missing values generated)
(41 missing values generated)
(41 missing values generated)
(41 missing values generated)
(41 missing values generated)
(41 missing values generated)
(41 missing values generated)
(41 missing values generated)
(41 missing values generated)
(41 missing values generated)
(41 missing values generated)
(41 missing values generated)
(41 missing values generated)
(41 missing values generated)
(41 missing values generated)
(41 missing values generated)
(41 missing values generated)
(41 missing values generated)
(41 missing values generated)
(41 missing values generated)
(41 missing values generated)
(41 missing values generated)
(41 missing values generated)
(41 missing values generated)
(41 missing values generated)
(41 missing values generated)
(41 missing values generated)
(41 missing values generated)
(41 missing values generated)
(41 missing values generated)
(41 missing values generated)
(41 missing values generated)
(41 missing values generated)
(41 missing values generated)
(41 missing values generated)
(41 missing values generated)
(41 missing values generated)
(41 missing values generated)
(41 missing values generated)
(41 missing values generated)
(41 missing values generated)
(41 missing values generated)
(41 missing values generated)
(41 missing values generated)
(41 missing values generated)
(41 missing values generated)
(41 missing values generated)
(41 missing values generated)
(41 missing values generated)
(41 missing values generated)
(41 missing values generated)
(41 missing values generated)
(41 missing values generated)
(41 missing values generated)
(41 missing values generated)
(41 missing values generated)
(41 missing values generated)
(41 missing values generated)
(41 missing values generated)
(41 missing values generated)
(41 missing values generated)
(41 missing values generated)
(41 missing values generated)
(41 missing values generated)
(41 missing values generated)
(41 missing values generated)
(41 missing values generated)
(41 missing values generated)
(41 missing values generated)
(41 missing values generated)
(41 missing values generated)
(41 missing values generated)
(41 missing values generated)
(41 missing values generated)
Estimates exported to /users/aquispe/proj_bureaucrats_farms_git/code/_stacked_d
> ownup_replication/../../tables/_app_16_polischar_fe12_evst_all_rural_controls
> _notyet.csv
Exported: /users/aquispe/proj_bureaucrats_farms_git/code/_stacked_downup_replic
> ation/../../tables/_app_16_polischar_fe12_evst_all_rural_controls_notyet.csv

-------------------------------------------------------------------------------
             |           Dependent  Number of        
        Name | Command    variable     param.  Title 
-------------+-----------------------------------------------------------------
      evreg1 | reghdfejl    countk         13  HDFE linear regression with
             |                                 Julia
      evreg2 | reghdfejl    countk         25  HDFE linear regression with
             |                                 Julia
-------------------------------------------------------------------------------
(13 missing values generated)
(13 missing values generated)
(13 missing values generated)
(13 missing values generated)
(13 missing values generated)
(13 missing values generated)
(13 missing values generated)
(13 missing values generated)
(13 missing values generated)
(13 missing values generated)
(13 missing values generated)
(13 missing values generated)
(13 missing values generated)
(13 missing values generated)
(13 missing values generated)
(25 missing values generated)
(25 missing values generated)
(25 missing values generated)
(25 missing values generated)
(25 missing values generated)
(25 missing values generated)
(25 missing values generated)
(25 missing values generated)
(25 missing values generated)
(25 missing values generated)
(25 missing values generated)
(25 missing values generated)
(25 missing values generated)
(25 missing values generated)
(25 missing values generated)
(25 missing values generated)
(25 missing values generated)
(25 missing values generated)
(25 missing values generated)
(25 missing values generated)
(25 missing values generated)
(25 missing values generated)
(25 missing values generated)
(25 missing values generated)
(25 missing values generated)
(25 missing values generated)
(25 missing values generated)
Estimates exported to /users/aquispe/proj_bureaucrats_farms_git/code/_stacked_d
> ownup_replication/../../tables/_app_17_5km_fe12_evst_all_rural.csv
Exported: /users/aquispe/proj_bureaucrats_farms_git/code/_stacked_downup_replic
> ation/../../tables/_app_17_5km_fe12_evst_all_rural.csv

-------------------------------------------------------------------------------
             |           Dependent  Number of        
        Name | Command    variable     param.  Title 
-------------+-----------------------------------------------------------------
      evreg1 | reghdfejl    countk         21  HDFE linear regression with
             |                                 Julia
      evreg2 | reghdfejl    countk         41  HDFE linear regression with
             |                                 Julia
      evreg3 | reghdfejl    countk         41  HDFE linear regression with
             |                                 Julia
      evreg4 | reghdfejl    countk         41  HDFE linear regression with
             |                                 Julia
      evreg5 | reghdfejl    countk         41  HDFE linear regression with
             |                                 Julia
-------------------------------------------------------------------------------
(21 missing values generated)
(21 missing values generated)
(21 missing values generated)
(21 missing values generated)
(21 missing values generated)
(21 missing values generated)
(21 missing values generated)
(21 missing values generated)
(21 missing values generated)
(21 missing values generated)
(21 missing values generated)
(21 missing values generated)
(21 missing values generated)
(21 missing values generated)
(21 missing values generated)
(21 missing values generated)
(21 missing values generated)
(21 missing values generated)
(21 missing values generated)
(21 missing values generated)
(21 missing values generated)
(21 missing values generated)
(21 missing values generated)
(41 missing values generated)
(41 missing values generated)
(41 missing values generated)
(41 missing values generated)
(41 missing values generated)
(41 missing values generated)
(41 missing values generated)
(41 missing values generated)
(41 missing values generated)
(41 missing values generated)
(41 missing values generated)
(41 missing values generated)
(41 missing values generated)
(41 missing values generated)
(41 missing values generated)
(41 missing values generated)
(41 missing values generated)
(41 missing values generated)
(41 missing values generated)
(41 missing values generated)
(41 missing values generated)
(41 missing values generated)
(41 missing values generated)
(41 missing values generated)
(41 missing values generated)
(41 missing values generated)
(41 missing values generated)
(41 missing values generated)
(41 missing values generated)
(41 missing values generated)
(41 missing values generated)
(41 missing values generated)
(41 missing values generated)
(41 missing values generated)
(41 missing values generated)
(41 missing values generated)
(41 missing values generated)
(41 missing values generated)
(41 missing values generated)
(41 missing values generated)
(41 missing values generated)
(41 missing values generated)
(41 missing values generated)
(41 missing values generated)
(41 missing values generated)
(41 missing values generated)
(41 missing values generated)
(41 missing values generated)
(41 missing values generated)
(41 missing values generated)
(41 missing values generated)
(41 missing values generated)
(41 missing values generated)
(41 missing values generated)
(41 missing values generated)
(41 missing values generated)
(41 missing values generated)
(41 missing values generated)
(41 missing values generated)
(41 missing values generated)
(41 missing values generated)
(41 missing values generated)
(41 missing values generated)
(41 missing values generated)
(41 missing values generated)
(41 missing values generated)
(41 missing values generated)
(41 missing values generated)
(41 missing values generated)
(41 missing values generated)
(41 missing values generated)
(41 missing values generated)
(41 missing values generated)
(41 missing values generated)
(41 missing values generated)
(41 missing values generated)
(41 missing values generated)
(41 missing values generated)
(41 missing values generated)
(41 missing values generated)
(41 missing values generated)
(41 missing values generated)
(41 missing values generated)
(41 missing values generated)
(41 missing values generated)
(41 missing values generated)
(41 missing values generated)
(41 missing values generated)
(41 missing values generated)
(41 missing values generated)
(41 missing values generated)
(41 missing values generated)
(41 missing values generated)
(41 missing values generated)
(41 missing values generated)
(41 missing values generated)
(41 missing values generated)
(41 missing values generated)
(41 missing values generated)
(41 missing values generated)
(41 missing values generated)
(41 missing values generated)
(41 missing values generated)
(41 missing values generated)
(41 missing values generated)
(41 missing values generated)
(41 missing values generated)
(41 missing values generated)
(41 missing values generated)
(41 missing values generated)
(41 missing values generated)
(41 missing values generated)
(41 missing values generated)
(41 missing values generated)
(41 missing values generated)
(41 missing values generated)
(41 missing values generated)
(41 missing values generated)
(41 missing values generated)
(41 missing values generated)
(41 missing values generated)
(41 missing values generated)
(41 missing values generated)
(41 missing values generated)
(41 missing values generated)
(41 missing values generated)
(41 missing values generated)
(41 missing values generated)
(41 missing values generated)
(41 missing values generated)
(41 missing values generated)
(41 missing values generated)
(41 missing values generated)
(41 missing values generated)
(41 missing values generated)
(41 missing values generated)
(41 missing values generated)
(41 missing values generated)
(41 missing values generated)
(41 missing values generated)
(41 missing values generated)
(41 missing values generated)
(41 missing values generated)
(41 missing values generated)
(41 missing values generated)
(41 missing values generated)
(41 missing values generated)
(41 missing values generated)
(41 missing values generated)
(41 missing values generated)
(41 missing values generated)
(41 missing values generated)
(41 missing values generated)
(41 missing values generated)
(41 missing values generated)
(41 missing values generated)
(41 missing values generated)
(41 missing values generated)
(41 missing values generated)
(41 missing values generated)
(41 missing values generated)
(41 missing values generated)
(41 missing values generated)
(41 missing values generated)
(41 missing values generated)
(41 missing values generated)
(41 missing values generated)
(41 missing values generated)
(41 missing values generated)
(41 missing values generated)
(41 missing values generated)
(41 missing values generated)
Estimates exported to /users/aquispe/proj_bureaucrats_farms_git/code/_stacked_d
> ownup_replication/../../tables/_app_17_5km_fe12_evst_all_rural_acpop.csv
Exported: /users/aquispe/proj_bureaucrats_farms_git/code/_stacked_downup_replic
> ation/../../tables/_app_17_5km_fe12_evst_all_rural_acpop.csv

-------------------------------------------------------------------------------
             |           Dependent  Number of        
        Name | Command    variable     param.  Title 
-------------+-----------------------------------------------------------------
      evreg1 | reghdfejl    countk         13  HDFE linear regression with
             |                                 Julia
      evreg2 | reghdfejl    countk         25  HDFE linear regression with
             |                                 Julia
      evreg3 | reghdfejl    countk         25  HDFE linear regression with
             |                                 Julia
      evreg4 | reghdfejl    countk         25  HDFE linear regression with
             |                                 Julia
      evreg5 | reghdfejl    countk         25  HDFE linear regression with
             |                                 Julia
-------------------------------------------------------------------------------
(13 missing values generated)
(13 missing values generated)
(13 missing values generated)
(13 missing values generated)
(13 missing values generated)
(13 missing values generated)
(13 missing values generated)
(13 missing values generated)
(13 missing values generated)
(13 missing values generated)
(13 missing values generated)
(13 missing values generated)
(13 missing values generated)
(13 missing values generated)
(13 missing values generated)
(25 missing values generated)
(25 missing values generated)
(25 missing values generated)
(25 missing values generated)
(25 missing values generated)
(25 missing values generated)
(25 missing values generated)
(25 missing values generated)
(25 missing values generated)
(25 missing values generated)
(25 missing values generated)
(25 missing values generated)
(25 missing values generated)
(25 missing values generated)
(25 missing values generated)
(25 missing values generated)
(25 missing values generated)
(25 missing values generated)
(25 missing values generated)
(25 missing values generated)
(25 missing values generated)
(25 missing values generated)
(25 missing values generated)
(25 missing values generated)
(25 missing values generated)
(25 missing values generated)
(25 missing values generated)
(25 missing values generated)
(25 missing values generated)
(25 missing values generated)
(25 missing values generated)
(25 missing values generated)
(25 missing values generated)
(25 missing values generated)
(25 missing values generated)
(25 missing values generated)
(25 missing values generated)
(25 missing values generated)
(25 missing values generated)
(25 missing values generated)
(25 missing values generated)
(25 missing values generated)
(25 missing values generated)
(25 missing values generated)
(25 missing values generated)
(25 missing values generated)
(25 missing values generated)
(25 missing values generated)
(25 missing values generated)
(25 missing values generated)
(25 missing values generated)
(25 missing values generated)
(25 missing values generated)
(25 missing values generated)
(25 missing values generated)
(25 missing values generated)
(25 missing values generated)
(25 missing values generated)
(25 missing values generated)
(25 missing values generated)
(25 missing values generated)
(25 missing values generated)
(25 missing values generated)
(25 missing values generated)
(25 missing values generated)
(25 missing values generated)
(25 missing values generated)
(25 missing values generated)
(25 missing values generated)
(25 missing values generated)
(25 missing values generated)
(25 missing values generated)
(25 missing values generated)
(25 missing values generated)
(25 missing values generated)
(25 missing values generated)
(25 missing values generated)
(25 missing values generated)
(25 missing values generated)
(25 missing values generated)
(25 missing values generated)
(25 missing values generated)
(25 missing values generated)
(25 missing values generated)
(25 missing values generated)
(25 missing values generated)
(25 missing values generated)
(25 missing values generated)
(25 missing values generated)
(25 missing values generated)
(25 missing values generated)
(25 missing values generated)
(25 missing values generated)
(25 missing values generated)
(25 missing values generated)
(25 missing values generated)
(25 missing values generated)
(25 missing values generated)
(25 missing values generated)
(25 missing values generated)
(25 missing values generated)
(25 missing values generated)
(25 missing values generated)
(25 missing values generated)
(25 missing values generated)
(25 missing values generated)
(25 missing values generated)
(25 missing values generated)
Estimates exported to /users/aquispe/proj_bureaucrats_farms_git/code/_stacked_d
> ownup_replication/../../tables/_app_17_5km_fe12_evst_all_rural_acpop_controls
> _both.csv
Exported: /users/aquispe/proj_bureaucrats_farms_git/code/_stacked_downup_replic
> ation/../../tables/_app_17_5km_fe12_evst_all_rural_acpop_controls_both.csv

-------------------------------------------------------------------------------
             |           Dependent  Number of        
        Name | Command    variable     param.  Title 
-------------+-----------------------------------------------------------------
      evreg1 | reghdfejl    countk         13  HDFE linear regression with
             |                                 Julia
      evreg2 | reghdfejl    countk         25  HDFE linear regression with
             |                                 Julia
      evreg3 | reghdfejl    countk         25  HDFE linear regression with
             |                                 Julia
      evreg4 | reghdfejl    countk         25  HDFE linear regression with
             |                                 Julia
      evreg5 | reghdfejl    countk         25  HDFE linear regression with
             |                                 Julia
-------------------------------------------------------------------------------
(13 missing values generated)
(13 missing values generated)
(13 missing values generated)
(13 missing values generated)
(13 missing values generated)
(13 missing values generated)
(13 missing values generated)
(13 missing values generated)
(13 missing values generated)
(13 missing values generated)
(13 missing values generated)
(13 missing values generated)
(13 missing values generated)
(13 missing values generated)
(13 missing values generated)
(25 missing values generated)
(25 missing values generated)
(25 missing values generated)
(25 missing values generated)
(25 missing values generated)
(25 missing values generated)
(25 missing values generated)
(25 missing values generated)
(25 missing values generated)
(25 missing values generated)
(25 missing values generated)
(25 missing values generated)
(25 missing values generated)
(25 missing values generated)
(25 missing values generated)
(25 missing values generated)
(25 missing values generated)
(25 missing values generated)
(25 missing values generated)
(25 missing values generated)
(25 missing values generated)
(25 missing values generated)
(25 missing values generated)
(25 missing values generated)
(25 missing values generated)
(25 missing values generated)
(25 missing values generated)
(25 missing values generated)
(25 missing values generated)
(25 missing values generated)
(25 missing values generated)
(25 missing values generated)
(25 missing values generated)
(25 missing values generated)
(25 missing values generated)
(25 missing values generated)
(25 missing values generated)
(25 missing values generated)
(25 missing values generated)
(25 missing values generated)
(25 missing values generated)
(25 missing values generated)
(25 missing values generated)
(25 missing values generated)
(25 missing values generated)
(25 missing values generated)
(25 missing values generated)
(25 missing values generated)
(25 missing values generated)
(25 missing values generated)
(25 missing values generated)
(25 missing values generated)
(25 missing values generated)
(25 missing values generated)
(25 missing values generated)
(25 missing values generated)
(25 missing values generated)
(25 missing values generated)
(25 missing values generated)
(25 missing values generated)
(25 missing values generated)
(25 missing values generated)
(25 missing values generated)
(25 missing values generated)
(25 missing values generated)
(25 missing values generated)
(25 missing values generated)
(25 missing values generated)
(25 missing values generated)
(25 missing values generated)
(25 missing values generated)
(25 missing values generated)
(25 missing values generated)
(25 missing values generated)
(25 missing values generated)
(25 missing values generated)
(25 missing values generated)
(25 missing values generated)
(25 missing values generated)
(25 missing values generated)
(25 missing values generated)
(25 missing values generated)
(25 missing values generated)
(25 missing values generated)
(25 missing values generated)
(25 missing values generated)
(25 missing values generated)
(25 missing values generated)
(25 missing values generated)
(25 missing values generated)
(25 missing values generated)
(25 missing values generated)
(25 missing values generated)
(25 missing values generated)
(25 missing values generated)
(25 missing values generated)
(25 missing values generated)
(25 missing values generated)
(25 missing values generated)
(25 missing values generated)
(25 missing values generated)
(25 missing values generated)
(25 missing values generated)
(25 missing values generated)
(25 missing values generated)
(25 missing values generated)
(25 missing values generated)
(25 missing values generated)
Estimates exported to /users/aquispe/proj_bureaucrats_farms_git/code/_stacked_d
> ownup_replication/../../tables/_app_17_5km_fe12_evst_all_rural_acpop_controls
> _never.csv
Exported: /users/aquispe/proj_bureaucrats_farms_git/code/_stacked_downup_replic
> ation/../../tables/_app_17_5km_fe12_evst_all_rural_acpop_controls_never.csv

-------------------------------------------------------------------------------
             |           Dependent  Number of        
        Name | Command    variable     param.  Title 
-------------+-----------------------------------------------------------------
      evreg1 | reghdfejl    countk         13  HDFE linear regression with
             |                                 Julia
      evreg2 | reghdfejl    countk         25  HDFE linear regression with
             |                                 Julia
      evreg3 | reghdfejl    countk         25  HDFE linear regression with
             |                                 Julia
      evreg4 | reghdfejl    countk         25  HDFE linear regression with
             |                                 Julia
      evreg5 | reghdfejl    countk         25  HDFE linear regression with
             |                                 Julia
-------------------------------------------------------------------------------
(13 missing values generated)
(13 missing values generated)
(13 missing values generated)
(13 missing values generated)
(13 missing values generated)
(13 missing values generated)
(13 missing values generated)
(13 missing values generated)
(13 missing values generated)
(13 missing values generated)
(13 missing values generated)
(13 missing values generated)
(13 missing values generated)
(13 missing values generated)
(13 missing values generated)
(25 missing values generated)
(25 missing values generated)
(25 missing values generated)
(25 missing values generated)
(25 missing values generated)
(25 missing values generated)
(25 missing values generated)
(25 missing values generated)
(25 missing values generated)
(25 missing values generated)
(25 missing values generated)
(25 missing values generated)
(25 missing values generated)
(25 missing values generated)
(25 missing values generated)
(25 missing values generated)
(25 missing values generated)
(25 missing values generated)
(25 missing values generated)
(25 missing values generated)
(25 missing values generated)
(25 missing values generated)
(25 missing values generated)
(25 missing values generated)
(25 missing values generated)
(25 missing values generated)
(25 missing values generated)
(25 missing values generated)
(25 missing values generated)
(25 missing values generated)
(25 missing values generated)
(25 missing values generated)
(25 missing values generated)
(25 missing values generated)
(25 missing values generated)
(25 missing values generated)
(25 missing values generated)
(25 missing values generated)
(25 missing values generated)
(25 missing values generated)
(25 missing values generated)
(25 missing values generated)
(25 missing values generated)
(25 missing values generated)
(25 missing values generated)
(25 missing values generated)
(25 missing values generated)
(25 missing values generated)
(25 missing values generated)
(25 missing values generated)
(25 missing values generated)
(25 missing values generated)
(25 missing values generated)
(25 missing values generated)
(25 missing values generated)
(25 missing values generated)
(25 missing values generated)
(25 missing values generated)
(25 missing values generated)
(25 missing values generated)
(25 missing values generated)
(25 missing values generated)
(25 missing values generated)
(25 missing values generated)
(25 missing values generated)
(25 missing values generated)
(25 missing values generated)
(25 missing values generated)
(25 missing values generated)
(25 missing values generated)
(25 missing values generated)
(25 missing values generated)
(25 missing values generated)
(25 missing values generated)
(25 missing values generated)
(25 missing values generated)
(25 missing values generated)
(25 missing values generated)
(25 missing values generated)
(25 missing values generated)
(25 missing values generated)
(25 missing values generated)
(25 missing values generated)
(25 missing values generated)
(25 missing values generated)
(25 missing values generated)
(25 missing values generated)
(25 missing values generated)
(25 missing values generated)
(25 missing values generated)
(25 missing values generated)
(25 missing values generated)
(25 missing values generated)
(25 missing values generated)
(25 missing values generated)
(25 missing values generated)
(25 missing values generated)
(25 missing values generated)
(25 missing values generated)
(25 missing values generated)
(25 missing values generated)
(25 missing values generated)
(25 missing values generated)
(25 missing values generated)
(25 missing values generated)
(25 missing values generated)
(25 missing values generated)
(25 missing values generated)
Estimates exported to /users/aquispe/proj_bureaucrats_farms_git/code/_stacked_d
> ownup_replication/../../tables/_app_17_5km_fe12_evst_all_rural_acpop_controls
> _notyet.csv
Exported: /users/aquispe/proj_bureaucrats_farms_git/code/_stacked_downup_replic
> ation/../../tables/_app_17_5km_fe12_evst_all_rural_acpop_controls_notyet.csv

-------------------------------------------------------------------------------
             |           Dependent  Number of        
        Name | Command    variable     param.  Title 
-------------+-----------------------------------------------------------------
      evreg1 | reghdfejl    countk         21  HDFE linear regression with
             |                                 Julia
      evreg2 | reghdfejl    countk         41  HDFE linear regression with
             |                                 Julia
      evreg3 | reghdfejl    countk         41  HDFE linear regression with
             |                                 Julia
      evreg4 | reghdfejl    countk         41  HDFE linear regression with
             |                                 Julia
      evreg5 | reghdfejl    countk         41  HDFE linear regression with
             |                                 Julia
-------------------------------------------------------------------------------
(21 missing values generated)
(21 missing values generated)
(21 missing values generated)
(21 missing values generated)
(21 missing values generated)
(21 missing values generated)
(21 missing values generated)
(21 missing values generated)
(21 missing values generated)
(21 missing values generated)
(21 missing values generated)
(21 missing values generated)
(21 missing values generated)
(21 missing values generated)
(21 missing values generated)
(21 missing values generated)
(21 missing values generated)
(21 missing values generated)
(21 missing values generated)
(21 missing values generated)
(21 missing values generated)
(21 missing values generated)
(21 missing values generated)
(41 missing values generated)
(41 missing values generated)
(41 missing values generated)
(41 missing values generated)
(41 missing values generated)
(41 missing values generated)
(41 missing values generated)
(41 missing values generated)
(41 missing values generated)
(41 missing values generated)
(41 missing values generated)
(41 missing values generated)
(41 missing values generated)
(41 missing values generated)
(41 missing values generated)
(41 missing values generated)
(41 missing values generated)
(41 missing values generated)
(41 missing values generated)
(41 missing values generated)
(41 missing values generated)
(41 missing values generated)
(41 missing values generated)
(41 missing values generated)
(41 missing values generated)
(41 missing values generated)
(41 missing values generated)
(41 missing values generated)
(41 missing values generated)
(41 missing values generated)
(41 missing values generated)
(41 missing values generated)
(41 missing values generated)
(41 missing values generated)
(41 missing values generated)
(41 missing values generated)
(41 missing values generated)
(41 missing values generated)
(41 missing values generated)
(41 missing values generated)
(41 missing values generated)
(41 missing values generated)
(41 missing values generated)
(41 missing values generated)
(41 missing values generated)
(41 missing values generated)
(41 missing values generated)
(41 missing values generated)
(41 missing values generated)
(41 missing values generated)
(41 missing values generated)
(41 missing values generated)
(41 missing values generated)
(41 missing values generated)
(41 missing values generated)
(41 missing values generated)
(41 missing values generated)
(41 missing values generated)
(41 missing values generated)
(41 missing values generated)
(41 missing values generated)
(41 missing values generated)
(41 missing values generated)
(41 missing values generated)
(41 missing values generated)
(41 missing values generated)
(41 missing values generated)
(41 missing values generated)
(41 missing values generated)
(41 missing values generated)
(41 missing values generated)
(41 missing values generated)
(41 missing values generated)
(41 missing values generated)
(41 missing values generated)
(41 missing values generated)
(41 missing values generated)
(41 missing values generated)
(41 missing values generated)
(41 missing values generated)
(41 missing values generated)
(41 missing values generated)
(41 missing values generated)
(41 missing values generated)
(41 missing values generated)
(41 missing values generated)
(41 missing values generated)
(41 missing values generated)
(41 missing values generated)
(41 missing values generated)
(41 missing values generated)
(41 missing values generated)
(41 missing values generated)
(41 missing values generated)
(41 missing values generated)
(41 missing values generated)
(41 missing values generated)
(41 missing values generated)
(41 missing values generated)
(41 missing values generated)
(41 missing values generated)
(41 missing values generated)
(41 missing values generated)
(41 missing values generated)
(41 missing values generated)
(41 missing values generated)
(41 missing values generated)
(41 missing values generated)
(41 missing values generated)
(41 missing values generated)
(41 missing values generated)
(41 missing values generated)
(41 missing values generated)
(41 missing values generated)
(41 missing values generated)
(41 missing values generated)
(41 missing values generated)
(41 missing values generated)
(41 missing values generated)
(41 missing values generated)
(41 missing values generated)
(41 missing values generated)
(41 missing values generated)
(41 missing values generated)
(41 missing values generated)
(41 missing values generated)
(41 missing values generated)
(41 missing values generated)
(41 missing values generated)
(41 missing values generated)
(41 missing values generated)
(41 missing values generated)
(41 missing values generated)
(41 missing values generated)
(41 missing values generated)
(41 missing values generated)
(41 missing values generated)
(41 missing values generated)
(41 missing values generated)
(41 missing values generated)
(41 missing values generated)
(41 missing values generated)
(41 missing values generated)
(41 missing values generated)
(41 missing values generated)
(41 missing values generated)
(41 missing values generated)
(41 missing values generated)
(41 missing values generated)
(41 missing values generated)
(41 missing values generated)
(41 missing values generated)
(41 missing values generated)
(41 missing values generated)
(41 missing values generated)
(41 missing values generated)
(41 missing values generated)
(41 missing values generated)
(41 missing values generated)
(41 missing values generated)
(41 missing values generated)
(41 missing values generated)
(41 missing values generated)
(41 missing values generated)
(41 missing values generated)
(41 missing values generated)
(41 missing values generated)
(41 missing values generated)
(41 missing values generated)
(41 missing values generated)
(41 missing values generated)
(41 missing values generated)
Estimates exported to /users/aquispe/proj_bureaucrats_farms_git/code/_stacked_d
> ownup_replication/../../tables/_app_17_5km_fe12_evst_all_rural_controls_both.
> csv
Exported: /users/aquispe/proj_bureaucrats_farms_git/code/_stacked_downup_replic
> ation/../../tables/_app_17_5km_fe12_evst_all_rural_controls_both.csv

-------------------------------------------------------------------------------
             |           Dependent  Number of        
        Name | Command    variable     param.  Title 
-------------+-----------------------------------------------------------------
      evreg1 | reghdfejl    countk         21  HDFE linear regression with
             |                                 Julia
      evreg2 | reghdfejl    countk         41  HDFE linear regression with
             |                                 Julia
      evreg3 | reghdfejl    countk         41  HDFE linear regression with
             |                                 Julia
      evreg4 | reghdfejl    countk         41  HDFE linear regression with
             |                                 Julia
      evreg5 | reghdfejl    countk         41  HDFE linear regression with
             |                                 Julia
-------------------------------------------------------------------------------
(21 missing values generated)
(21 missing values generated)
(21 missing values generated)
(21 missing values generated)
(21 missing values generated)
(21 missing values generated)
(21 missing values generated)
(21 missing values generated)
(21 missing values generated)
(21 missing values generated)
(21 missing values generated)
(21 missing values generated)
(21 missing values generated)
(21 missing values generated)
(21 missing values generated)
(21 missing values generated)
(21 missing values generated)
(21 missing values generated)
(21 missing values generated)
(21 missing values generated)
(21 missing values generated)
(21 missing values generated)
(21 missing values generated)
(41 missing values generated)
(41 missing values generated)
(41 missing values generated)
(41 missing values generated)
(41 missing values generated)
(41 missing values generated)
(41 missing values generated)
(41 missing values generated)
(41 missing values generated)
(41 missing values generated)
(41 missing values generated)
(41 missing values generated)
(41 missing values generated)
(41 missing values generated)
(41 missing values generated)
(41 missing values generated)
(41 missing values generated)
(41 missing values generated)
(41 missing values generated)
(41 missing values generated)
(41 missing values generated)
(41 missing values generated)
(41 missing values generated)
(41 missing values generated)
(41 missing values generated)
(41 missing values generated)
(41 missing values generated)
(41 missing values generated)
(41 missing values generated)
(41 missing values generated)
(41 missing values generated)
(41 missing values generated)
(41 missing values generated)
(41 missing values generated)
(41 missing values generated)
(41 missing values generated)
(41 missing values generated)
(41 missing values generated)
(41 missing values generated)
(41 missing values generated)
(41 missing values generated)
(41 missing values generated)
(41 missing values generated)
(41 missing values generated)
(41 missing values generated)
(41 missing values generated)
(41 missing values generated)
(41 missing values generated)
(41 missing values generated)
(41 missing values generated)
(41 missing values generated)
(41 missing values generated)
(41 missing values generated)
(41 missing values generated)
(41 missing values generated)
(41 missing values generated)
(41 missing values generated)
(41 missing values generated)
(41 missing values generated)
(41 missing values generated)
(41 missing values generated)
(41 missing values generated)
(41 missing values generated)
(41 missing values generated)
(41 missing values generated)
(41 missing values generated)
(41 missing values generated)
(41 missing values generated)
(41 missing values generated)
(41 missing values generated)
(41 missing values generated)
(41 missing values generated)
(41 missing values generated)
(41 missing values generated)
(41 missing values generated)
(41 missing values generated)
(41 missing values generated)
(41 missing values generated)
(41 missing values generated)
(41 missing values generated)
(41 missing values generated)
(41 missing values generated)
(41 missing values generated)
(41 missing values generated)
(41 missing values generated)
(41 missing values generated)
(41 missing values generated)
(41 missing values generated)
(41 missing values generated)
(41 missing values generated)
(41 missing values generated)
(41 missing values generated)
(41 missing values generated)
(41 missing values generated)
(41 missing values generated)
(41 missing values generated)
(41 missing values generated)
(41 missing values generated)
(41 missing values generated)
(41 missing values generated)
(41 missing values generated)
(41 missing values generated)
(41 missing values generated)
(41 missing values generated)
(41 missing values generated)
(41 missing values generated)
(41 missing values generated)
(41 missing values generated)
(41 missing values generated)
(41 missing values generated)
(41 missing values generated)
(41 missing values generated)
(41 missing values generated)
(41 missing values generated)
(41 missing values generated)
(41 missing values generated)
(41 missing values generated)
(41 missing values generated)
(41 missing values generated)
(41 missing values generated)
(41 missing values generated)
(41 missing values generated)
(41 missing values generated)
(41 missing values generated)
(41 missing values generated)
(41 missing values generated)
(41 missing values generated)
(41 missing values generated)
(41 missing values generated)
(41 missing values generated)
(41 missing values generated)
(41 missing values generated)
(41 missing values generated)
(41 missing values generated)
(41 missing values generated)
(41 missing values generated)
(41 missing values generated)
(41 missing values generated)
(41 missing values generated)
(41 missing values generated)
(41 missing values generated)
(41 missing values generated)
(41 missing values generated)
(41 missing values generated)
(41 missing values generated)
(41 missing values generated)
(41 missing values generated)
(41 missing values generated)
(41 missing values generated)
(41 missing values generated)
(41 missing values generated)
(41 missing values generated)
(41 missing values generated)
(41 missing values generated)
(41 missing values generated)
(41 missing values generated)
(41 missing values generated)
(41 missing values generated)
(41 missing values generated)
(41 missing values generated)
(41 missing values generated)
(41 missing values generated)
(41 missing values generated)
(41 missing values generated)
(41 missing values generated)
(41 missing values generated)
(41 missing values generated)
(41 missing values generated)
(41 missing values generated)
(41 missing values generated)
(41 missing values generated)
(41 missing values generated)
Estimates exported to /users/aquispe/proj_bureaucrats_farms_git/code/_stacked_d
> ownup_replication/../../tables/_app_17_5km_fe12_evst_all_rural_controls_never
> .csv
Exported: /users/aquispe/proj_bureaucrats_farms_git/code/_stacked_downup_replic
> ation/../../tables/_app_17_5km_fe12_evst_all_rural_controls_never.csv

-------------------------------------------------------------------------------
             |           Dependent  Number of        
        Name | Command    variable     param.  Title 
-------------+-----------------------------------------------------------------
      evreg1 | reghdfejl    countk         21  HDFE linear regression with
             |                                 Julia
      evreg2 | reghdfejl    countk         41  HDFE linear regression with
             |                                 Julia
      evreg3 | reghdfejl    countk         41  HDFE linear regression with
             |                                 Julia
      evreg4 | reghdfejl    countk         41  HDFE linear regression with
             |                                 Julia
      evreg5 | reghdfejl    countk         41  HDFE linear regression with
             |                                 Julia
-------------------------------------------------------------------------------
(21 missing values generated)
(21 missing values generated)
(21 missing values generated)
(21 missing values generated)
(21 missing values generated)
(21 missing values generated)
(21 missing values generated)
(21 missing values generated)
(21 missing values generated)
(21 missing values generated)
(21 missing values generated)
(21 missing values generated)
(21 missing values generated)
(21 missing values generated)
(21 missing values generated)
(21 missing values generated)
(21 missing values generated)
(21 missing values generated)
(21 missing values generated)
(21 missing values generated)
(21 missing values generated)
(21 missing values generated)
(21 missing values generated)
(41 missing values generated)
(41 missing values generated)
(41 missing values generated)
(41 missing values generated)
(41 missing values generated)
(41 missing values generated)
(41 missing values generated)
(41 missing values generated)
(41 missing values generated)
(41 missing values generated)
(41 missing values generated)
(41 missing values generated)
(41 missing values generated)
(41 missing values generated)
(41 missing values generated)
(41 missing values generated)
(41 missing values generated)
(41 missing values generated)
(41 missing values generated)
(41 missing values generated)
(41 missing values generated)
(41 missing values generated)
(41 missing values generated)
(41 missing values generated)
(41 missing values generated)
(41 missing values generated)
(41 missing values generated)
(41 missing values generated)
(41 missing values generated)
(41 missing values generated)
(41 missing values generated)
(41 missing values generated)
(41 missing values generated)
(41 missing values generated)
(41 missing values generated)
(41 missing values generated)
(41 missing values generated)
(41 missing values generated)
(41 missing values generated)
(41 missing values generated)
(41 missing values generated)
(41 missing values generated)
(41 missing values generated)
(41 missing values generated)
(41 missing values generated)
(41 missing values generated)
(41 missing values generated)
(41 missing values generated)
(41 missing values generated)
(41 missing values generated)
(41 missing values generated)
(41 missing values generated)
(41 missing values generated)
(41 missing values generated)
(41 missing values generated)
(41 missing values generated)
(41 missing values generated)
(41 missing values generated)
(41 missing values generated)
(41 missing values generated)
(41 missing values generated)
(41 missing values generated)
(41 missing values generated)
(41 missing values generated)
(41 missing values generated)
(41 missing values generated)
(41 missing values generated)
(41 missing values generated)
(41 missing values generated)
(41 missing values generated)
(41 missing values generated)
(41 missing values generated)
(41 missing values generated)
(41 missing values generated)
(41 missing values generated)
(41 missing values generated)
(41 missing values generated)
(41 missing values generated)
(41 missing values generated)
(41 missing values generated)
(41 missing values generated)
(41 missing values generated)
(41 missing values generated)
(41 missing values generated)
(41 missing values generated)
(41 missing values generated)
(41 missing values generated)
(41 missing values generated)
(41 missing values generated)
(41 missing values generated)
(41 missing values generated)
(41 missing values generated)
(41 missing values generated)
(41 missing values generated)
(41 missing values generated)
(41 missing values generated)
(41 missing values generated)
(41 missing values generated)
(41 missing values generated)
(41 missing values generated)
(41 missing values generated)
(41 missing values generated)
(41 missing values generated)
(41 missing values generated)
(41 missing values generated)
(41 missing values generated)
(41 missing values generated)
(41 missing values generated)
(41 missing values generated)
(41 missing values generated)
(41 missing values generated)
(41 missing values generated)
(41 missing values generated)
(41 missing values generated)
(41 missing values generated)
(41 missing values generated)
(41 missing values generated)
(41 missing values generated)
(41 missing values generated)
(41 missing values generated)
(41 missing values generated)
(41 missing values generated)
(41 missing values generated)
(41 missing values generated)
(41 missing values generated)
(41 missing values generated)
(41 missing values generated)
(41 missing values generated)
(41 missing values generated)
(41 missing values generated)
(41 missing values generated)
(41 missing values generated)
(41 missing values generated)
(41 missing values generated)
(41 missing values generated)
(41 missing values generated)
(41 missing values generated)
(41 missing values generated)
(41 missing values generated)
(41 missing values generated)
(41 missing values generated)
(41 missing values generated)
(41 missing values generated)
(41 missing values generated)
(41 missing values generated)
(41 missing values generated)
(41 missing values generated)
(41 missing values generated)
(41 missing values generated)
(41 missing values generated)
(41 missing values generated)
(41 missing values generated)
(41 missing values generated)
(41 missing values generated)
(41 missing values generated)
(41 missing values generated)
(41 missing values generated)
(41 missing values generated)
(41 missing values generated)
(41 missing values generated)
(41 missing values generated)
(41 missing values generated)
(41 missing values generated)
(41 missing values generated)
(41 missing values generated)
(41 missing values generated)
(41 missing values generated)
(41 missing values generated)
(41 missing values generated)
(41 missing values generated)
(41 missing values generated)
(41 missing values generated)
Estimates exported to /users/aquispe/proj_bureaucrats_farms_git/code/_stacked_d
> ownup_replication/../../tables/_app_17_5km_fe12_evst_all_rural_controls_notye
> t.csv
Exported: /users/aquispe/proj_bureaucrats_farms_git/code/_stacked_downup_replic
> ation/../../tables/_app_17_5km_fe12_evst_all_rural_controls_notyet.csv

-------------------------------------------------------------------------------
             |           Dependent  Number of        
        Name | Command    variable     param.  Title 
-------------+-----------------------------------------------------------------
      evreg1 | reghdfejl    countk         25  HDFE linear regression with
             |                                 Julia
      evreg2 | reghdfejl    countk         49  HDFE linear regression with
             |                                 Julia
-------------------------------------------------------------------------------
(25 missing values generated)
(25 missing values generated)
(25 missing values generated)
(25 missing values generated)
(25 missing values generated)
(25 missing values generated)
(25 missing values generated)
(25 missing values generated)
(25 missing values generated)
(25 missing values generated)
(25 missing values generated)
(25 missing values generated)
(25 missing values generated)
(25 missing values generated)
(25 missing values generated)
(25 missing values generated)
(25 missing values generated)
(25 missing values generated)
(25 missing values generated)
(25 missing values generated)
(25 missing values generated)
(25 missing values generated)
(25 missing values generated)
(25 missing values generated)
(25 missing values generated)
(25 missing values generated)
(25 missing values generated)
(49 missing values generated)
(49 missing values generated)
(49 missing values generated)
(49 missing values generated)
(49 missing values generated)
(49 missing values generated)
(49 missing values generated)
(49 missing values generated)
(49 missing values generated)
(49 missing values generated)
(49 missing values generated)
(49 missing values generated)
(49 missing values generated)
(49 missing values generated)
(49 missing values generated)
(49 missing values generated)
(49 missing values generated)
(49 missing values generated)
(49 missing values generated)
(49 missing values generated)
(49 missing values generated)
(49 missing values generated)
(49 missing values generated)
(49 missing values generated)
(49 missing values generated)
(49 missing values generated)
(49 missing values generated)
(49 missing values generated)
(49 missing values generated)
(49 missing values generated)
(49 missing values generated)
(49 missing values generated)
(49 missing values generated)
(49 missing values generated)
(49 missing values generated)
(49 missing values generated)
(49 missing values generated)
(49 missing values generated)
(49 missing values generated)
(49 missing values generated)
(49 missing values generated)
(49 missing values generated)
(49 missing values generated)
(49 missing values generated)
(49 missing values generated)
(49 missing values generated)
(49 missing values generated)
(49 missing values generated)
(49 missing values generated)
(49 missing values generated)
(49 missing values generated)
Estimates exported to /users/aquispe/proj_bureaucrats_farms_git/code/_stacked_d
> ownup_replication/../../tables/stacked_event_study_5pre_rural.csv
Exported: /users/aquispe/proj_bureaucrats_farms_git/code/_stacked_downup_replic
> ation/../../tables/stacked_event_study_5pre_rural.csv

-------------------------------------------------------------------------------
             |           Dependent  Number of        
        Name | Command    variable     param.  Title 
-------------+-----------------------------------------------------------------
      evreg1 | reghdfejl    countk         25  HDFE linear regression with
             |                                 Julia
      evreg2 | reghdfejl    countk         49  HDFE linear regression with
             |                                 Julia
-------------------------------------------------------------------------------
(25 missing values generated)
(25 missing values generated)
(25 missing values generated)
(25 missing values generated)
(25 missing values generated)
(25 missing values generated)
(25 missing values generated)
(25 missing values generated)
(25 missing values generated)
(25 missing values generated)
(25 missing values generated)
(25 missing values generated)
(25 missing values generated)
(25 missing values generated)
(25 missing values generated)
(25 missing values generated)
(25 missing values generated)
(25 missing values generated)
(25 missing values generated)
(25 missing values generated)
(25 missing values generated)
(25 missing values generated)
(25 missing values generated)
(25 missing values generated)
(25 missing values generated)
(25 missing values generated)
(25 missing values generated)
(49 missing values generated)
(49 missing values generated)
(49 missing values generated)
(49 missing values generated)
(49 missing values generated)
(49 missing values generated)
(49 missing values generated)
(49 missing values generated)
(49 missing values generated)
(49 missing values generated)
(49 missing values generated)
(49 missing values generated)
(49 missing values generated)
(49 missing values generated)
(49 missing values generated)
(49 missing values generated)
(49 missing values generated)
(49 missing values generated)
(49 missing values generated)
(49 missing values generated)
(49 missing values generated)
(49 missing values generated)
(49 missing values generated)
(49 missing values generated)
(49 missing values generated)
(49 missing values generated)
(49 missing values generated)
(49 missing values generated)
(49 missing values generated)
(49 missing values generated)
(49 missing values generated)
(49 missing values generated)
(49 missing values generated)
(49 missing values generated)
(49 missing values generated)
(49 missing values generated)
(49 missing values generated)
(49 missing values generated)
(49 missing values generated)
(49 missing values generated)
(49 missing values generated)
(49 missing values generated)
(49 missing values generated)
(49 missing values generated)
(49 missing values generated)
(49 missing values generated)
(49 missing values generated)
(49 missing values generated)
(49 missing values generated)
(49 missing values generated)
(49 missing values generated)
Estimates exported to /users/aquispe/proj_bureaucrats_farms_git/code/_stacked_d
> ownup_replication/../../tables/stacked_event_study_pop_5pre_rural.csv
Exported: /users/aquispe/proj_bureaucrats_farms_git/code/_stacked_downup_replic
> ation/../../tables/stacked_event_study_pop_5pre_rural.csv

-------------------------------------------------------------------------------
             |           Dependent  Number of        
        Name | Command    variable     param.  Title 
-------------+-----------------------------------------------------------------
      evreg1 | reghdfejl    countk         14  HDFE linear regression with
             |                                 Julia
-------------------------------------------------------------------------------
(14 missing values generated)
(14 missing values generated)
(14 missing values generated)
(14 missing values generated)
(14 missing values generated)
(14 missing values generated)
(14 missing values generated)
(14 missing values generated)
(14 missing values generated)
(14 missing values generated)
(14 missing values generated)
(14 missing values generated)
(14 missing values generated)
(14 missing values generated)
(14 missing values generated)
(14 missing values generated)
Estimates exported to /users/aquispe/proj_bureaucrats_farms_git/code/_stacked_d
> ownup_replication/../../tables/main_event_study.csv
Exported: /users/aquispe/proj_bureaucrats_farms_git/code/_stacked_downup_replic
> ation/../../tables/main_event_study.csv

-------------------------------------------------------------------------------
             |           Dependent  Number of        
        Name | Command    variable     param.  Title 
-------------+-----------------------------------------------------------------
      evreg1 | reghdfejl    countk         14  HDFE linear regression with
             |                                 Julia
      evreg2 | reghdfejl    countk         28  HDFE linear regression with
             |                                 Julia
      evreg3 | reghdfejl    countk         28  HDFE linear regression with
             |                                 Julia
      evreg4 | reghdfejl    countk         28  HDFE linear regression with
             |                                 Julia
-------------------------------------------------------------------------------
(14 missing values generated)
(14 missing values generated)
(14 missing values generated)
(14 missing values generated)
(14 missing values generated)
(14 missing values generated)
(14 missing values generated)
(14 missing values generated)
(14 missing values generated)
(14 missing values generated)
(14 missing values generated)
(14 missing values generated)
(14 missing values generated)
(14 missing values generated)
(14 missing values generated)
(14 missing values generated)
(28 missing values generated)
(28 missing values generated)
(28 missing values generated)
(28 missing values generated)
(28 missing values generated)
(28 missing values generated)
(28 missing values generated)
(28 missing values generated)
(28 missing values generated)
(28 missing values generated)
(28 missing values generated)
(28 missing values generated)
(28 missing values generated)
(28 missing values generated)
(28 missing values generated)
(28 missing values generated)
(28 missing values generated)
(28 missing values generated)
(28 missing values generated)
(28 missing values generated)
(28 missing values generated)
(28 missing values generated)
(28 missing values generated)
(28 missing values generated)
(28 missing values generated)
(28 missing values generated)
(28 missing values generated)
(28 missing values generated)
(28 missing values generated)
(28 missing values generated)
(28 missing values generated)
(28 missing values generated)
(28 missing values generated)
(28 missing values generated)
(28 missing values generated)
(28 missing values generated)
(28 missing values generated)
(28 missing values generated)
(28 missing values generated)
(28 missing values generated)
(28 missing values generated)
(28 missing values generated)
(28 missing values generated)
(28 missing values generated)
(28 missing values generated)
(28 missing values generated)
(28 missing values generated)
(28 missing values generated)
(28 missing values generated)
(28 missing values generated)
(28 missing values generated)
(28 missing values generated)
(28 missing values generated)
(28 missing values generated)
(28 missing values generated)
(28 missing values generated)
(28 missing values generated)
(28 missing values generated)
(28 missing values generated)
(28 missing values generated)
(28 missing values generated)
(28 missing values generated)
(28 missing values generated)
(28 missing values generated)
(28 missing values generated)
(28 missing values generated)
(28 missing values generated)
(28 missing values generated)
(28 missing values generated)
(28 missing values generated)
(28 missing values generated)
(28 missing values generated)
(28 missing values generated)
(28 missing values generated)
(28 missing values generated)
(28 missing values generated)
(28 missing values generated)
(28 missing values generated)
(28 missing values generated)
(28 missing values generated)
(28 missing values generated)
(28 missing values generated)
(28 missing values generated)
(28 missing values generated)
(28 missing values generated)
(28 missing values generated)
(28 missing values generated)
(28 missing values generated)
(28 missing values generated)
(28 missing values generated)
Estimates exported to /users/aquispe/proj_bureaucrats_farms_git/code/_stacked_d
> ownup_replication/../../tables/main_event_study_rural.csv
Exported: /users/aquispe/proj_bureaucrats_farms_git/code/_stacked_downup_replic
> ation/../../tables/main_event_study_rural.csv

-------------------------------------------------------------------------------
             |           Dependent  Number of        
        Name | Command    variable     param.  Title 
-------------+-----------------------------------------------------------------
      evreg1 | reghdfejl    countk         26  HDFE linear regression with
             |                                 Julia
      evreg2 | reghdfejl    countk         26  HDFE linear regression with
             |                                 Julia
      evreg3 | reghdfejl    countk         26  HDFE linear regression with
             |                                 Julia
      evreg4 | reghdfejl    countk         26  HDFE linear regression with
             |                                 Julia
-------------------------------------------------------------------------------
(26 missing values generated)
(26 missing values generated)
(26 missing values generated)
(26 missing values generated)
(26 missing values generated)
(26 missing values generated)
(26 missing values generated)
(26 missing values generated)
(26 missing values generated)
(26 missing values generated)
(26 missing values generated)
(26 missing values generated)
(26 missing values generated)
(26 missing values generated)
(26 missing values generated)
(26 missing values generated)
(26 missing values generated)
(26 missing values generated)
(26 missing values generated)
(26 missing values generated)
(26 missing values generated)
(26 missing values generated)
(26 missing values generated)
(26 missing values generated)
(26 missing values generated)
(26 missing values generated)
(26 missing values generated)
(26 missing values generated)
(26 missing values generated)
(26 missing values generated)
(26 missing values generated)
(26 missing values generated)
(26 missing values generated)
(26 missing values generated)
(26 missing values generated)
(26 missing values generated)
(26 missing values generated)
(26 missing values generated)
(26 missing values generated)
(26 missing values generated)
(26 missing values generated)
(26 missing values generated)
(26 missing values generated)
(26 missing values generated)
(26 missing values generated)
(26 missing values generated)
(26 missing values generated)
(26 missing values generated)
(26 missing values generated)
(26 missing values generated)
(26 missing values generated)
(26 missing values generated)
(26 missing values generated)
(26 missing values generated)
(26 missing values generated)
(26 missing values generated)
(26 missing values generated)
(26 missing values generated)
(26 missing values generated)
(26 missing values generated)
(26 missing values generated)
(26 missing values generated)
(26 missing values generated)
(26 missing values generated)
(26 missing values generated)
(26 missing values generated)
(26 missing values generated)
(26 missing values generated)
(26 missing values generated)
(26 missing values generated)
(26 missing values generated)
(26 missing values generated)
(26 missing values generated)
(26 missing values generated)
(26 missing values generated)
(26 missing values generated)
(26 missing values generated)
(26 missing values generated)
(26 missing values generated)
(26 missing values generated)
(26 missing values generated)
(26 missing values generated)
(26 missing values generated)
(26 missing values generated)
(26 missing values generated)
(26 missing values generated)
(26 missing values generated)
(26 missing values generated)
(26 missing values generated)
(26 missing values generated)
(26 missing values generated)
(26 missing values generated)
(26 missing values generated)
(26 missing values generated)
(26 missing values generated)
(26 missing values generated)
(26 missing values generated)
(26 missing values generated)
(26 missing values generated)
(26 missing values generated)
(26 missing values generated)
(26 missing values generated)
(26 missing values generated)
(26 missing values generated)
(26 missing values generated)
(26 missing values generated)
(26 missing values generated)
(26 missing values generated)
(26 missing values generated)
(26 missing values generated)
(26 missing values generated)
(26 missing values generated)
Estimates exported to /users/aquispe/proj_bureaucrats_farms_git/code/_stacked_d
> ownup_replication/../../tables/main_event_study_rural_acpop.csv
Exported: /users/aquispe/proj_bureaucrats_farms_git/code/_stacked_downup_replic
> ation/../../tables/main_event_study_rural_acpop.csv

-------------------------------------------------------------------------------
             |           Dependent  Number of        
        Name | Command    variable     param.  Title 
-------------+-----------------------------------------------------------------
      evreg1 | reghdfejl    countk         26  HDFE linear regression with
             |                                 Julia
      evreg2 | reghdfejl    countk         26  HDFE linear regression with
             |                                 Julia
      evreg3 | reghdfejl    countk         26  HDFE linear regression with
             |                                 Julia
      evreg4 | reghdfejl    countk         26  HDFE linear regression with
             |                                 Julia
-------------------------------------------------------------------------------
(26 missing values generated)
(26 missing values generated)
(26 missing values generated)
(26 missing values generated)
(26 missing values generated)
(26 missing values generated)
(26 missing values generated)
(26 missing values generated)
(26 missing values generated)
(26 missing values generated)
(26 missing values generated)
(26 missing values generated)
(26 missing values generated)
(26 missing values generated)
(26 missing values generated)
(26 missing values generated)
(26 missing values generated)
(26 missing values generated)
(26 missing values generated)
(26 missing values generated)
(26 missing values generated)
(26 missing values generated)
(26 missing values generated)
(26 missing values generated)
(26 missing values generated)
(26 missing values generated)
(26 missing values generated)
(26 missing values generated)
(26 missing values generated)
(26 missing values generated)
(26 missing values generated)
(26 missing values generated)
(26 missing values generated)
(26 missing values generated)
(26 missing values generated)
(26 missing values generated)
(26 missing values generated)
(26 missing values generated)
(26 missing values generated)
(26 missing values generated)
(26 missing values generated)
(26 missing values generated)
(26 missing values generated)
(26 missing values generated)
(26 missing values generated)
(26 missing values generated)
(26 missing values generated)
(26 missing values generated)
(26 missing values generated)
(26 missing values generated)
(26 missing values generated)
(26 missing values generated)
(26 missing values generated)
(26 missing values generated)
(26 missing values generated)
(26 missing values generated)
(26 missing values generated)
(26 missing values generated)
(26 missing values generated)
(26 missing values generated)
(26 missing values generated)
(26 missing values generated)
(26 missing values generated)
(26 missing values generated)
(26 missing values generated)
(26 missing values generated)
(26 missing values generated)
(26 missing values generated)
(26 missing values generated)
(26 missing values generated)
(26 missing values generated)
(26 missing values generated)
(26 missing values generated)
(26 missing values generated)
(26 missing values generated)
(26 missing values generated)
(26 missing values generated)
(26 missing values generated)
(26 missing values generated)
(26 missing values generated)
(26 missing values generated)
(26 missing values generated)
(26 missing values generated)
(26 missing values generated)
(26 missing values generated)
(26 missing values generated)
(26 missing values generated)
(26 missing values generated)
(26 missing values generated)
(26 missing values generated)
(26 missing values generated)
(26 missing values generated)
(26 missing values generated)
(26 missing values generated)
(26 missing values generated)
(26 missing values generated)
(26 missing values generated)
(26 missing values generated)
(26 missing values generated)
(26 missing values generated)
(26 missing values generated)
(26 missing values generated)
(26 missing values generated)
(26 missing values generated)
(26 missing values generated)
(26 missing values generated)
(26 missing values generated)
(26 missing values generated)
(26 missing values generated)
(26 missing values generated)
(26 missing values generated)
(26 missing values generated)
Estimates exported to /users/aquispe/proj_bureaucrats_farms_git/code/_stacked_d
> ownup_replication/../../tables/main_event_study_rural_stacked.csv
Exported: /users/aquispe/proj_bureaucrats_farms_git/code/_stacked_downup_replic
> ation/../../tables/main_event_study_rural_stacked.csv

-------------------------------------------------------------------------------
             |           Dependent  Number of        
        Name | Command    variable     param.  Title 
-------------+-----------------------------------------------------------------
      evreg1 | reghdfejl    countk         25  HDFE linear regression with
             |                                 Julia
      evreg2 | reghdfejl    countk         49  HDFE linear regression with
             |                                 Julia
-------------------------------------------------------------------------------
(25 missing values generated)
(25 missing values generated)
(25 missing values generated)
(25 missing values generated)
(25 missing values generated)
(25 missing values generated)
(25 missing values generated)
(25 missing values generated)
(25 missing values generated)
(25 missing values generated)
(25 missing values generated)
(25 missing values generated)
(25 missing values generated)
(25 missing values generated)
(25 missing values generated)
(25 missing values generated)
(25 missing values generated)
(25 missing values generated)
(25 missing values generated)
(25 missing values generated)
(25 missing values generated)
(25 missing values generated)
(25 missing values generated)
(25 missing values generated)
(25 missing values generated)
(25 missing values generated)
(25 missing values generated)
(49 missing values generated)
(49 missing values generated)
(49 missing values generated)
(49 missing values generated)
(49 missing values generated)
(49 missing values generated)
(49 missing values generated)
(49 missing values generated)
(49 missing values generated)
(49 missing values generated)
(49 missing values generated)
(49 missing values generated)
(49 missing values generated)
(49 missing values generated)
(49 missing values generated)
(49 missing values generated)
(49 missing values generated)
(49 missing values generated)
(49 missing values generated)
(49 missing values generated)
(49 missing values generated)
(49 missing values generated)
(49 missing values generated)
(49 missing values generated)
(49 missing values generated)
(49 missing values generated)
(49 missing values generated)
(49 missing values generated)
(49 missing values generated)
(49 missing values generated)
(49 missing values generated)
(49 missing values generated)
(49 missing values generated)
(49 missing values generated)
(49 missing values generated)
(49 missing values generated)
(49 missing values generated)
(49 missing values generated)
(49 missing values generated)
(49 missing values generated)
(49 missing values generated)
(49 missing values generated)
(49 missing values generated)
(49 missing values generated)
(49 missing values generated)
(49 missing values generated)
(49 missing values generated)
(49 missing values generated)
(49 missing values generated)
(49 missing values generated)
(49 missing values generated)
Estimates exported to /users/aquispe/proj_bureaucrats_farms_git/code/_stacked_d
> ownup_replication/../../tables/stacked_event_study_5pre_grid_monthyear_fe_rur
> al.csv
Exported: /users/aquispe/proj_bureaucrats_farms_git/code/_stacked_downup_replic
> ation/../../tables/stacked_event_study_5pre_grid_monthyear_fe_rural.csv

-------------------------------------------------------------------------------
             |           Dependent  Number of        
        Name | Command    variable     param.  Title 
-------------+-----------------------------------------------------------------
      evreg1 | reghdfejl    countk         25  HDFE linear regression with
             |                                 Julia
      evreg2 | reghdfejl    countk         49  HDFE linear regression with
             |                                 Julia
-------------------------------------------------------------------------------
(25 missing values generated)
(25 missing values generated)
(25 missing values generated)
(25 missing values generated)
(25 missing values generated)
(25 missing values generated)
(25 missing values generated)
(25 missing values generated)
(25 missing values generated)
(25 missing values generated)
(25 missing values generated)
(25 missing values generated)
(25 missing values generated)
(25 missing values generated)
(25 missing values generated)
(25 missing values generated)
(25 missing values generated)
(25 missing values generated)
(25 missing values generated)
(25 missing values generated)
(25 missing values generated)
(25 missing values generated)
(25 missing values generated)
(25 missing values generated)
(25 missing values generated)
(25 missing values generated)
(25 missing values generated)
(49 missing values generated)
(49 missing values generated)
(49 missing values generated)
(49 missing values generated)
(49 missing values generated)
(49 missing values generated)
(49 missing values generated)
(49 missing values generated)
(49 missing values generated)
(49 missing values generated)
(49 missing values generated)
(49 missing values generated)
(49 missing values generated)
(49 missing values generated)
(49 missing values generated)
(49 missing values generated)
(49 missing values generated)
(49 missing values generated)
(49 missing values generated)
(49 missing values generated)
(49 missing values generated)
(49 missing values generated)
(49 missing values generated)
(49 missing values generated)
(49 missing values generated)
(49 missing values generated)
(49 missing values generated)
(49 missing values generated)
(49 missing values generated)
(49 missing values generated)
(49 missing values generated)
(49 missing values generated)
(49 missing values generated)
(49 missing values generated)
(49 missing values generated)
(49 missing values generated)
(49 missing values generated)
(49 missing values generated)
(49 missing values generated)
(49 missing values generated)
(49 missing values generated)
(49 missing values generated)
(49 missing values generated)
(49 missing values generated)
(49 missing values generated)
(49 missing values generated)
(49 missing values generated)
(49 missing values generated)
(49 missing values generated)
(49 missing values generated)
(49 missing values generated)
Estimates exported to /users/aquispe/proj_bureaucrats_farms_git/code/_stacked_d
> ownup_replication/../../tables/stacked_event_study_pop_5pre_grid_monthyear_fe
> _gridmonth_cluster_omit0_rural.csv
Exported: /users/aquispe/proj_bureaucrats_farms_git/code/_stacked_downup_replic
> ation/../../tables/stacked_event_study_pop_5pre_grid_monthyear_fe_gridmonth_c
> luster_omit0_rural.csv

-------------------------------------------------------------------------------
             |           Dependent  Number of        
        Name | Command    variable     param.  Title 
-------------+-----------------------------------------------------------------
      evreg1 | reghdfejl    countk         25  HDFE linear regression with
             |                                 Julia
      evreg2 | reghdfejl    countk         49  HDFE linear regression with
             |                                 Julia
-------------------------------------------------------------------------------
(25 missing values generated)
(25 missing values generated)
(25 missing values generated)
(25 missing values generated)
(25 missing values generated)
(25 missing values generated)
(25 missing values generated)
(25 missing values generated)
(25 missing values generated)
(25 missing values generated)
(25 missing values generated)
(25 missing values generated)
(25 missing values generated)
(25 missing values generated)
(25 missing values generated)
(25 missing values generated)
(25 missing values generated)
(25 missing values generated)
(25 missing values generated)
(25 missing values generated)
(25 missing values generated)
(25 missing values generated)
(25 missing values generated)
(25 missing values generated)
(25 missing values generated)
(25 missing values generated)
(25 missing values generated)
(49 missing values generated)
(49 missing values generated)
(49 missing values generated)
(49 missing values generated)
(49 missing values generated)
(49 missing values generated)
(49 missing values generated)
(49 missing values generated)
(49 missing values generated)
(49 missing values generated)
(49 missing values generated)
(49 missing values generated)
(49 missing values generated)
(49 missing values generated)
(49 missing values generated)
(49 missing values generated)
(49 missing values generated)
(49 missing values generated)
(49 missing values generated)
(49 missing values generated)
(49 missing values generated)
(49 missing values generated)
(49 missing values generated)
(49 missing values generated)
(49 missing values generated)
(49 missing values generated)
(49 missing values generated)
(49 missing values generated)
(49 missing values generated)
(49 missing values generated)
(49 missing values generated)
(49 missing values generated)
(49 missing values generated)
(49 missing values generated)
(49 missing values generated)
(49 missing values generated)
(49 missing values generated)
(49 missing values generated)
(49 missing values generated)
(49 missing values generated)
(49 missing values generated)
(49 missing values generated)
(49 missing values generated)
(49 missing values generated)
(49 missing values generated)
(49 missing values generated)
(49 missing values generated)
(49 missing values generated)
(49 missing values generated)
(49 missing values generated)
(49 missing values generated)
Estimates exported to /users/aquispe/proj_bureaucrats_farms_git/code/_stacked_d
> ownup_replication/../../tables/stacked_event_study_pop_5pre_grid_monthyear_fe
> _gridmonth_cluster_rural.csv
Exported: /users/aquispe/proj_bureaucrats_farms_git/code/_stacked_downup_replic
> ation/../../tables/stacked_event_study_pop_5pre_grid_monthyear_fe_gridmonth_c
> luster_rural.csv

-------------------------------------------------------------------------------
             |           Dependent  Number of        
        Name | Command    variable     param.  Title 
-------------+-----------------------------------------------------------------
      evreg1 | reghdfejl    countk         23  HDFE linear regression with
             |                                 Julia
      evreg2 | reghdfejl    countk         47  HDFE linear regression with
             |                                 Julia
-------------------------------------------------------------------------------
(23 missing values generated)
(23 missing values generated)
(23 missing values generated)
(23 missing values generated)
(23 missing values generated)
(23 missing values generated)
(23 missing values generated)
(23 missing values generated)
(23 missing values generated)
(23 missing values generated)
(23 missing values generated)
(23 missing values generated)
(23 missing values generated)
(23 missing values generated)
(23 missing values generated)
(23 missing values generated)
(23 missing values generated)
(23 missing values generated)
(23 missing values generated)
(23 missing values generated)
(23 missing values generated)
(23 missing values generated)
(23 missing values generated)
(23 missing values generated)
(23 missing values generated)
(47 missing values generated)
(47 missing values generated)
(47 missing values generated)
(47 missing values generated)
(47 missing values generated)
(47 missing values generated)
(47 missing values generated)
(47 missing values generated)
(47 missing values generated)
(47 missing values generated)
(47 missing values generated)
(47 missing values generated)
(47 missing values generated)
(47 missing values generated)
(47 missing values generated)
(47 missing values generated)
(47 missing values generated)
(47 missing values generated)
(47 missing values generated)
(47 missing values generated)
(47 missing values generated)
(47 missing values generated)
(47 missing values generated)
(47 missing values generated)
(47 missing values generated)
(47 missing values generated)
(47 missing values generated)
(47 missing values generated)
(47 missing values generated)
(47 missing values generated)
(47 missing values generated)
(47 missing values generated)
(47 missing values generated)
(47 missing values generated)
(47 missing values generated)
(47 missing values generated)
(47 missing values generated)
(47 missing values generated)
(47 missing values generated)
(47 missing values generated)
(47 missing values generated)
(47 missing values generated)
(47 missing values generated)
(47 missing values generated)
(47 missing values generated)
(47 missing values generated)
(47 missing values generated)
(47 missing values generated)
(47 missing values generated)
Estimates exported to /users/aquispe/proj_bureaucrats_farms_git/code/_stacked_d
> ownup_replication/../../tables/stacked_event_study_pop_5pre_grid_monthyear_fe
> _nocontrols_gridmonth_cluster_omit0_rural.csv
Exported: /users/aquispe/proj_bureaucrats_farms_git/code/_stacked_downup_replic
> ation/../../tables/stacked_event_study_pop_5pre_grid_monthyear_fe_nocontrols_
> gridmonth_cluster_omit0_rural.csv

-------------------------------------------------------------------------------
             |           Dependent  Number of        
        Name | Command    variable     param.  Title 
-------------+-----------------------------------------------------------------
      evreg1 | reghdfejl    countk         23  HDFE linear regression with
             |                                 Julia
      evreg2 | reghdfejl    countk         47  HDFE linear regression with
             |                                 Julia
-------------------------------------------------------------------------------
(23 missing values generated)
(23 missing values generated)
(23 missing values generated)
(23 missing values generated)
(23 missing values generated)
(23 missing values generated)
(23 missing values generated)
(23 missing values generated)
(23 missing values generated)
(23 missing values generated)
(23 missing values generated)
(23 missing values generated)
(23 missing values generated)
(23 missing values generated)
(23 missing values generated)
(23 missing values generated)
(23 missing values generated)
(23 missing values generated)
(23 missing values generated)
(23 missing values generated)
(23 missing values generated)
(23 missing values generated)
(23 missing values generated)
(23 missing values generated)
(23 missing values generated)
(47 missing values generated)
(47 missing values generated)
(47 missing values generated)
(47 missing values generated)
(47 missing values generated)
(47 missing values generated)
(47 missing values generated)
(47 missing values generated)
(47 missing values generated)
(47 missing values generated)
(47 missing values generated)
(47 missing values generated)
(47 missing values generated)
(47 missing values generated)
(47 missing values generated)
(47 missing values generated)
(47 missing values generated)
(47 missing values generated)
(47 missing values generated)
(47 missing values generated)
(47 missing values generated)
(47 missing values generated)
(47 missing values generated)
(47 missing values generated)
(47 missing values generated)
(47 missing values generated)
(47 missing values generated)
(47 missing values generated)
(47 missing values generated)
(47 missing values generated)
(47 missing values generated)
(47 missing values generated)
(47 missing values generated)
(47 missing values generated)
(47 missing values generated)
(47 missing values generated)
(47 missing values generated)
(47 missing values generated)
(47 missing values generated)
(47 missing values generated)
(47 missing values generated)
(47 missing values generated)
(47 missing values generated)
(47 missing values generated)
(47 missing values generated)
(47 missing values generated)
(47 missing values generated)
(47 missing values generated)
(47 missing values generated)
Estimates exported to /users/aquispe/proj_bureaucrats_farms_git/code/_stacked_d
> ownup_replication/../../tables/stacked_event_study_pop_5pre_grid_monthyear_fe
> _nocontrols_gridmonth_cluster_rural.csv
Exported: /users/aquispe/proj_bureaucrats_farms_git/code/_stacked_downup_replic
> ation/../../tables/stacked_event_study_pop_5pre_grid_monthyear_fe_nocontrols_
> gridmonth_cluster_rural.csv

-------------------------------------------------------------------------------
             |           Dependent  Number of        
        Name | Command    variable     param.  Title 
-------------+-----------------------------------------------------------------
      evreg1 | reghdfejl    countk         23  HDFE linear regression with
             |                                 Julia
      evreg2 | reghdfejl    countk         47  HDFE linear regression with
             |                                 Julia
-------------------------------------------------------------------------------
(23 missing values generated)
(23 missing values generated)
(23 missing values generated)
(23 missing values generated)
(23 missing values generated)
(23 missing values generated)
(23 missing values generated)
(23 missing values generated)
(23 missing values generated)
(23 missing values generated)
(23 missing values generated)
(23 missing values generated)
(23 missing values generated)
(23 missing values generated)
(23 missing values generated)
(23 missing values generated)
(23 missing values generated)
(23 missing values generated)
(23 missing values generated)
(23 missing values generated)
(23 missing values generated)
(23 missing values generated)
(23 missing values generated)
(23 missing values generated)
(23 missing values generated)
(47 missing values generated)
(47 missing values generated)
(47 missing values generated)
(47 missing values generated)
(47 missing values generated)
(47 missing values generated)
(47 missing values generated)
(47 missing values generated)
(47 missing values generated)
(47 missing values generated)
(47 missing values generated)
(47 missing values generated)
(47 missing values generated)
(47 missing values generated)
(47 missing values generated)
(47 missing values generated)
(47 missing values generated)
(47 missing values generated)
(47 missing values generated)
(47 missing values generated)
(47 missing values generated)
(47 missing values generated)
(47 missing values generated)
(47 missing values generated)
(47 missing values generated)
(47 missing values generated)
(47 missing values generated)
(47 missing values generated)
(47 missing values generated)
(47 missing values generated)
(47 missing values generated)
(47 missing values generated)
(47 missing values generated)
(47 missing values generated)
(47 missing values generated)
(47 missing values generated)
(47 missing values generated)
(47 missing values generated)
(47 missing values generated)
(47 missing values generated)
(47 missing values generated)
(47 missing values generated)
(47 missing values generated)
(47 missing values generated)
(47 missing values generated)
(47 missing values generated)
(47 missing values generated)
(47 missing values generated)
(47 missing values generated)
Estimates exported to /users/aquispe/proj_bureaucrats_farms_git/code/_stacked_d
> ownup_replication/../../tables/stacked_event_study_pop_5pre_grid_monthyear_fe
> _nocontrols_omit0_rural.csv
Exported: /users/aquispe/proj_bureaucrats_farms_git/code/_stacked_downup_replic
> ation/../../tables/stacked_event_study_pop_5pre_grid_monthyear_fe_nocontrols_
> omit0_rural.csv

-------------------------------------------------------------------------------
             |           Dependent  Number of        
        Name | Command    variable     param.  Title 
-------------+-----------------------------------------------------------------
      evreg1 | reghdfejl    countk         23  HDFE linear regression with
             |                                 Julia
      evreg2 | reghdfejl    countk         47  HDFE linear regression with
             |                                 Julia
-------------------------------------------------------------------------------
(23 missing values generated)
(23 missing values generated)
(23 missing values generated)
(23 missing values generated)
(23 missing values generated)
(23 missing values generated)
(23 missing values generated)
(23 missing values generated)
(23 missing values generated)
(23 missing values generated)
(23 missing values generated)
(23 missing values generated)
(23 missing values generated)
(23 missing values generated)
(23 missing values generated)
(23 missing values generated)
(23 missing values generated)
(23 missing values generated)
(23 missing values generated)
(23 missing values generated)
(23 missing values generated)
(23 missing values generated)
(23 missing values generated)
(23 missing values generated)
(23 missing values generated)
(47 missing values generated)
(47 missing values generated)
(47 missing values generated)
(47 missing values generated)
(47 missing values generated)
(47 missing values generated)
(47 missing values generated)
(47 missing values generated)
(47 missing values generated)
(47 missing values generated)
(47 missing values generated)
(47 missing values generated)
(47 missing values generated)
(47 missing values generated)
(47 missing values generated)
(47 missing values generated)
(47 missing values generated)
(47 missing values generated)
(47 missing values generated)
(47 missing values generated)
(47 missing values generated)
(47 missing values generated)
(47 missing values generated)
(47 missing values generated)
(47 missing values generated)
(47 missing values generated)
(47 missing values generated)
(47 missing values generated)
(47 missing values generated)
(47 missing values generated)
(47 missing values generated)
(47 missing values generated)
(47 missing values generated)
(47 missing values generated)
(47 missing values generated)
(47 missing values generated)
(47 missing values generated)
(47 missing values generated)
(47 missing values generated)
(47 missing values generated)
(47 missing values generated)
(47 missing values generated)
(47 missing values generated)
(47 missing values generated)
(47 missing values generated)
(47 missing values generated)
(47 missing values generated)
(47 missing values generated)
(47 missing values generated)
Estimates exported to /users/aquispe/proj_bureaucrats_farms_git/code/_stacked_d
> ownup_replication/../../tables/stacked_event_study_pop_5pre_grid_monthyear_fe
> _nocontrols_rural.csv
Exported: /users/aquispe/proj_bureaucrats_farms_git/code/_stacked_downup_replic
> ation/../../tables/stacked_event_study_pop_5pre_grid_monthyear_fe_nocontrols_
> rural.csv

-------------------------------------------------------------------------------
             |           Dependent  Number of        
        Name | Command    variable     param.  Title 
-------------+-----------------------------------------------------------------
      evreg1 | reghdfejl    countk         25  HDFE linear regression with
             |                                 Julia
      evreg2 | reghdfejl    countk         49  HDFE linear regression with
             |                                 Julia
-------------------------------------------------------------------------------
(25 missing values generated)
(25 missing values generated)
(25 missing values generated)
(25 missing values generated)
(25 missing values generated)
(25 missing values generated)
(25 missing values generated)
(25 missing values generated)
(25 missing values generated)
(25 missing values generated)
(25 missing values generated)
(25 missing values generated)
(25 missing values generated)
(25 missing values generated)
(25 missing values generated)
(25 missing values generated)
(25 missing values generated)
(25 missing values generated)
(25 missing values generated)
(25 missing values generated)
(25 missing values generated)
(25 missing values generated)
(25 missing values generated)
(25 missing values generated)
(25 missing values generated)
(25 missing values generated)
(25 missing values generated)
(49 missing values generated)
(49 missing values generated)
(49 missing values generated)
(49 missing values generated)
(49 missing values generated)
(49 missing values generated)
(49 missing values generated)
(49 missing values generated)
(49 missing values generated)
(49 missing values generated)
(49 missing values generated)
(49 missing values generated)
(49 missing values generated)
(49 missing values generated)
(49 missing values generated)
(49 missing values generated)
(49 missing values generated)
(49 missing values generated)
(49 missing values generated)
(49 missing values generated)
(49 missing values generated)
(49 missing values generated)
(49 missing values generated)
(49 missing values generated)
(49 missing values generated)
(49 missing values generated)
(49 missing values generated)
(49 missing values generated)
(49 missing values generated)
(49 missing values generated)
(49 missing values generated)
(49 missing values generated)
(49 missing values generated)
(49 missing values generated)
(49 missing values generated)
(49 missing values generated)
(49 missing values generated)
(49 missing values generated)
(49 missing values generated)
(49 missing values generated)
(49 missing values generated)
(49 missing values generated)
(49 missing values generated)
(49 missing values generated)
(49 missing values generated)
(49 missing values generated)
(49 missing values generated)
(49 missing values generated)
(49 missing values generated)
(49 missing values generated)
(49 missing values generated)
Estimates exported to /users/aquispe/proj_bureaucrats_farms_git/code/_stacked_d
> ownup_replication/../../tables/stacked_event_study_pop_5pre_grid_monthyear_fe
> _omit0_rural.csv
Exported: /users/aquispe/proj_bureaucrats_farms_git/code/_stacked_downup_replic
> ation/../../tables/stacked_event_study_pop_5pre_grid_monthyear_fe_omit0_rural
> .csv

-------------------------------------------------------------------------------
             |           Dependent  Number of        
        Name | Command    variable     param.  Title 
-------------+-----------------------------------------------------------------
      evreg1 | reghdfejl    countk         25  HDFE linear regression with
             |                                 Julia
      evreg2 | reghdfejl    countk         49  HDFE linear regression with
             |                                 Julia
-------------------------------------------------------------------------------
(25 missing values generated)
(25 missing values generated)
(25 missing values generated)
(25 missing values generated)
(25 missing values generated)
(25 missing values generated)
(25 missing values generated)
(25 missing values generated)
(25 missing values generated)
(25 missing values generated)
(25 missing values generated)
(25 missing values generated)
(25 missing values generated)
(25 missing values generated)
(25 missing values generated)
(25 missing values generated)
(25 missing values generated)
(25 missing values generated)
(25 missing values generated)
(25 missing values generated)
(25 missing values generated)
(25 missing values generated)
(25 missing values generated)
(25 missing values generated)
(25 missing values generated)
(25 missing values generated)
(25 missing values generated)
(49 missing values generated)
(49 missing values generated)
(49 missing values generated)
(49 missing values generated)
(49 missing values generated)
(49 missing values generated)
(49 missing values generated)
(49 missing values generated)
(49 missing values generated)
(49 missing values generated)
(49 missing values generated)
(49 missing values generated)
(49 missing values generated)
(49 missing values generated)
(49 missing values generated)
(49 missing values generated)
(49 missing values generated)
(49 missing values generated)
(49 missing values generated)
(49 missing values generated)
(49 missing values generated)
(49 missing values generated)
(49 missing values generated)
(49 missing values generated)
(49 missing values generated)
(49 missing values generated)
(49 missing values generated)
(49 missing values generated)
(49 missing values generated)
(49 missing values generated)
(49 missing values generated)
(49 missing values generated)
(49 missing values generated)
(49 missing values generated)
(49 missing values generated)
(49 missing values generated)
(49 missing values generated)
(49 missing values generated)
(49 missing values generated)
(49 missing values generated)
(49 missing values generated)
(49 missing values generated)
(49 missing values generated)
(49 missing values generated)
(49 missing values generated)
(49 missing values generated)
(49 missing values generated)
(49 missing values generated)
(49 missing values generated)
(49 missing values generated)
(49 missing values generated)
Estimates exported to /users/aquispe/proj_bureaucrats_farms_git/code/_stacked_d
> ownup_replication/../../tables/stacked_event_study_pop_5pre_grid_monthyear_fe
> _rural.csv
Exported: /users/aquispe/proj_bureaucrats_farms_git/code/_stacked_downup_replic
> ation/../../tables/stacked_event_study_pop_5pre_grid_monthyear_fe_rural.csv

-------------------------------------------------------------------------------
             |           Dependent  Number of        
        Name | Command    variable     param.  Title 
-------------+-----------------------------------------------------------------
      evreg1 | reghdfejl    countk         25  HDFE linear regression with
             |                                 Julia
      evreg2 | reghdfejl    countk         49  HDFE linear regression with
             |                                 Julia
-------------------------------------------------------------------------------
(25 missing values generated)
(25 missing values generated)
(25 missing values generated)
(25 missing values generated)
(25 missing values generated)
(25 missing values generated)
(25 missing values generated)
(25 missing values generated)
(25 missing values generated)
(25 missing values generated)
(25 missing values generated)
(25 missing values generated)
(25 missing values generated)
(25 missing values generated)
(25 missing values generated)
(25 missing values generated)
(25 missing values generated)
(25 missing values generated)
(25 missing values generated)
(25 missing values generated)
(25 missing values generated)
(25 missing values generated)
(25 missing values generated)
(25 missing values generated)
(25 missing values generated)
(25 missing values generated)
(25 missing values generated)
(49 missing values generated)
(49 missing values generated)
(49 missing values generated)
(49 missing values generated)
(49 missing values generated)
(49 missing values generated)
(49 missing values generated)
(49 missing values generated)
(49 missing values generated)
(49 missing values generated)
(49 missing values generated)
(49 missing values generated)
(49 missing values generated)
(49 missing values generated)
(49 missing values generated)
(49 missing values generated)
(49 missing values generated)
(49 missing values generated)
(49 missing values generated)
(49 missing values generated)
(49 missing values generated)
(49 missing values generated)
(49 missing values generated)
(49 missing values generated)
(49 missing values generated)
(49 missing values generated)
(49 missing values generated)
(49 missing values generated)
(49 missing values generated)
(49 missing values generated)
(49 missing values generated)
(49 missing values generated)
(49 missing values generated)
(49 missing values generated)
(49 missing values generated)
(49 missing values generated)
(49 missing values generated)
(49 missing values generated)
(49 missing values generated)
(49 missing values generated)
(49 missing values generated)
(49 missing values generated)
(49 missing values generated)
(49 missing values generated)
(49 missing values generated)
(49 missing values generated)
(49 missing values generated)
(49 missing values generated)
(49 missing values generated)
(49 missing values generated)
(49 missing values generated)
Estimates exported to /users/aquispe/proj_bureaucrats_farms_git/code/_stacked_d
> ownup_replication/../../tables/stacked_event_study_pop_5pre_omit0_rural.csv
Exported: /users/aquispe/proj_bureaucrats_farms_git/code/_stacked_downup_replic
> ation/../../tables/stacked_event_study_pop_5pre_omit0_rural.csv

-------------------------------------------------------------------------------
             |           Dependent  Number of        
        Name | Command    variable     param.  Title 
-------------+-----------------------------------------------------------------
      evreg1 | reghdfejl    countk         25  HDFE linear regression with
             |                                 Julia
      evreg2 | reghdfejl    countk         49  HDFE linear regression with
             |                                 Julia
-------------------------------------------------------------------------------
(25 missing values generated)
(25 missing values generated)
(25 missing values generated)
(25 missing values generated)
(25 missing values generated)
(25 missing values generated)
(25 missing values generated)
(25 missing values generated)
(25 missing values generated)
(25 missing values generated)
(25 missing values generated)
(25 missing values generated)
(25 missing values generated)
(25 missing values generated)
(25 missing values generated)
(25 missing values generated)
(25 missing values generated)
(25 missing values generated)
(25 missing values generated)
(25 missing values generated)
(25 missing values generated)
(25 missing values generated)
(25 missing values generated)
(25 missing values generated)
(25 missing values generated)
(25 missing values generated)
(25 missing values generated)
(49 missing values generated)
(49 missing values generated)
(49 missing values generated)
(49 missing values generated)
(49 missing values generated)
(49 missing values generated)
(49 missing values generated)
(49 missing values generated)
(49 missing values generated)
(49 missing values generated)
(49 missing values generated)
(49 missing values generated)
(49 missing values generated)
(49 missing values generated)
(49 missing values generated)
(49 missing values generated)
(49 missing values generated)
(49 missing values generated)
(49 missing values generated)
(49 missing values generated)
(49 missing values generated)
(49 missing values generated)
(49 missing values generated)
(49 missing values generated)
(49 missing values generated)
(49 missing values generated)
(49 missing values generated)
(49 missing values generated)
(49 missing values generated)
(49 missing values generated)
(49 missing values generated)
(49 missing values generated)
(49 missing values generated)
(49 missing values generated)
(49 missing values generated)
(49 missing values generated)
(49 missing values generated)
(49 missing values generated)
(49 missing values generated)
(49 missing values generated)
(49 missing values generated)
(49 missing values generated)
(49 missing values generated)
(49 missing values generated)
(49 missing values generated)
(49 missing values generated)
(49 missing values generated)
(49 missing values generated)
(49 missing values generated)
(49 missing values generated)
(49 missing values generated)
Estimates exported to /users/aquispe/proj_bureaucrats_farms_git/code/_stacked_d
> ownup_replication/../../tables/stacked_event_study_pop_5pre_rural_stacked.csv
Exported: /users/aquispe/proj_bureaucrats_farms_git/code/_stacked_downup_replic
> ation/../../tables/stacked_event_study_pop_5pre_rural_stacked.csv

-------------------------------------------------------------------------------
             |           Dependent  Number of        
        Name | Command    variable     param.  Title 
-------------+-----------------------------------------------------------------
      evreg1 | reghdfejl    countk         25  HDFE linear regression with
             |                                 Julia
      evreg2 | reghdfejl    countk         49  HDFE linear regression with
             |                                 Julia
-------------------------------------------------------------------------------
(25 missing values generated)
(25 missing values generated)
(25 missing values generated)
(25 missing values generated)
(25 missing values generated)
(25 missing values generated)
(25 missing values generated)
(25 missing values generated)
(25 missing values generated)
(25 missing values generated)
(25 missing values generated)
(25 missing values generated)
(25 missing values generated)
(25 missing values generated)
(25 missing values generated)
(25 missing values generated)
(25 missing values generated)
(25 missing values generated)
(25 missing values generated)
(25 missing values generated)
(25 missing values generated)
(25 missing values generated)
(25 missing values generated)
(25 missing values generated)
(25 missing values generated)
(25 missing values generated)
(25 missing values generated)
(49 missing values generated)
(49 missing values generated)
(49 missing values generated)
(49 missing values generated)
(49 missing values generated)
(49 missing values generated)
(49 missing values generated)
(49 missing values generated)
(49 missing values generated)
(49 missing values generated)
(49 missing values generated)
(49 missing values generated)
(49 missing values generated)
(49 missing values generated)
(49 missing values generated)
(49 missing values generated)
(49 missing values generated)
(49 missing values generated)
(49 missing values generated)
(49 missing values generated)
(49 missing values generated)
(49 missing values generated)
(49 missing values generated)
(49 missing values generated)
(49 missing values generated)
(49 missing values generated)
(49 missing values generated)
(49 missing values generated)
(49 missing values generated)
(49 missing values generated)
(49 missing values generated)
(49 missing values generated)
(49 missing values generated)
(49 missing values generated)
(49 missing values generated)
(49 missing values generated)
(49 missing values generated)
(49 missing values generated)
(49 missing values generated)
(49 missing values generated)
(49 missing values generated)
(49 missing values generated)
(49 missing values generated)
(49 missing values generated)
(49 missing values generated)
(49 missing values generated)
(49 missing values generated)
(49 missing values generated)
(49 missing values generated)
(49 missing values generated)
(49 missing values generated)
Estimates exported to /users/aquispe/proj_bureaucrats_farms_git/code/_stacked_d
> ownup_replication/../../tables/stacked_event_study_pop_grid_monthyear_fe_grid
> month_cluster_m5_p6_omit0_rural.csv
Exported: /users/aquispe/proj_bureaucrats_farms_git/code/_stacked_downup_replic
> ation/../../tables/stacked_event_study_pop_grid_monthyear_fe_gridmonth_cluste
> r_m5_p6_omit0_rural.csv

-------------------------------------------------------------------------------
             |           Dependent  Number of        
        Name | Command    variable     param.  Title 
-------------+-----------------------------------------------------------------
      evreg1 | reghdfejl    countk         27  HDFE linear regression with
             |                                 Julia
      evreg2 | reghdfejl    countk         53  HDFE linear regression with
             |                                 Julia
-------------------------------------------------------------------------------
(27 missing values generated)
(27 missing values generated)
(27 missing values generated)
(27 missing values generated)
(27 missing values generated)
(27 missing values generated)
(27 missing values generated)
(27 missing values generated)
(27 missing values generated)
(27 missing values generated)
(27 missing values generated)
(27 missing values generated)
(27 missing values generated)
(27 missing values generated)
(27 missing values generated)
(27 missing values generated)
(27 missing values generated)
(27 missing values generated)
(27 missing values generated)
(27 missing values generated)
(27 missing values generated)
(27 missing values generated)
(27 missing values generated)
(27 missing values generated)
(27 missing values generated)
(27 missing values generated)
(27 missing values generated)
(27 missing values generated)
(27 missing values generated)
(53 missing values generated)
(53 missing values generated)
(53 missing values generated)
(53 missing values generated)
(53 missing values generated)
(53 missing values generated)
(53 missing values generated)
(53 missing values generated)
(53 missing values generated)
(53 missing values generated)
(53 missing values generated)
(53 missing values generated)
(53 missing values generated)
(53 missing values generated)
(53 missing values generated)
(53 missing values generated)
(53 missing values generated)
(53 missing values generated)
(53 missing values generated)
(53 missing values generated)
(53 missing values generated)
(53 missing values generated)
(53 missing values generated)
(53 missing values generated)
(53 missing values generated)
(53 missing values generated)
(53 missing values generated)
(53 missing values generated)
(53 missing values generated)
(53 missing values generated)
(53 missing values generated)
(53 missing values generated)
(53 missing values generated)
(53 missing values generated)
(53 missing values generated)
(53 missing values generated)
(53 missing values generated)
(53 missing values generated)
(53 missing values generated)
(53 missing values generated)
(53 missing values generated)
(53 missing values generated)
(53 missing values generated)
(53 missing values generated)
(53 missing values generated)
(53 missing values generated)
(53 missing values generated)
(53 missing values generated)
(53 missing values generated)
(53 missing values generated)
(53 missing values generated)
(53 missing values generated)
(53 missing values generated)
(53 missing values generated)
(53 missing values generated)
Estimates exported to /users/aquispe/proj_bureaucrats_farms_git/code/_stacked_d
> ownup_replication/../../tables/stacked_event_study_pop_grid_monthyear_fe_grid
> month_cluster_m6_p6_omit0_rural.csv
Exported: /users/aquispe/proj_bureaucrats_farms_git/code/_stacked_downup_replic
> ation/../../tables/stacked_event_study_pop_grid_monthyear_fe_gridmonth_cluste
> r_m6_p6_omit0_rural.csv

-------------------------------------------------------------------------------
             |           Dependent  Number of        
        Name | Command    variable     param.  Title 
-------------+-----------------------------------------------------------------
      evreg1 | reghdfejl    countk         25  HDFE linear regression with
             |                                 Julia
      evreg2 | reghdfejl    countk         49  HDFE linear regression with
             |                                 Julia
-------------------------------------------------------------------------------
(25 missing values generated)
(25 missing values generated)
(25 missing values generated)
(25 missing values generated)
(25 missing values generated)
(25 missing values generated)
(25 missing values generated)
(25 missing values generated)
(25 missing values generated)
(25 missing values generated)
(25 missing values generated)
(25 missing values generated)
(25 missing values generated)
(25 missing values generated)
(25 missing values generated)
(25 missing values generated)
(25 missing values generated)
(25 missing values generated)
(25 missing values generated)
(25 missing values generated)
(25 missing values generated)
(25 missing values generated)
(25 missing values generated)
(25 missing values generated)
(25 missing values generated)
(25 missing values generated)
(25 missing values generated)
(49 missing values generated)
(49 missing values generated)
(49 missing values generated)
(49 missing values generated)
(49 missing values generated)
(49 missing values generated)
(49 missing values generated)
(49 missing values generated)
(49 missing values generated)
(49 missing values generated)
(49 missing values generated)
(49 missing values generated)
(49 missing values generated)
(49 missing values generated)
(49 missing values generated)
(49 missing values generated)
(49 missing values generated)
(49 missing values generated)
(49 missing values generated)
(49 missing values generated)
(49 missing values generated)
(49 missing values generated)
(49 missing values generated)
(49 missing values generated)
(49 missing values generated)
(49 missing values generated)
(49 missing values generated)
(49 missing values generated)
(49 missing values generated)
(49 missing values generated)
(49 missing values generated)
(49 missing values generated)
(49 missing values generated)
(49 missing values generated)
(49 missing values generated)
(49 missing values generated)
(49 missing values generated)
(49 missing values generated)
(49 missing values generated)
(49 missing values generated)
(49 missing values generated)
(49 missing values generated)
(49 missing values generated)
(49 missing values generated)
(49 missing values generated)
(49 missing values generated)
(49 missing values generated)
(49 missing values generated)
(49 missing values generated)
(49 missing values generated)
(49 missing values generated)
Estimates exported to /users/aquispe/proj_bureaucrats_farms_git/code/_stacked_d
> ownup_replication/../../tables/stacked_event_study_pop_grid_monthyear_fe_m5_p
> 6_omit0_rural.csv
Exported: /users/aquispe/proj_bureaucrats_farms_git/code/_stacked_downup_replic
> ation/../../tables/stacked_event_study_pop_grid_monthyear_fe_m5_p6_omit0_rura
> l.csv

-------------------------------------------------------------------------------
             |           Dependent  Number of        
        Name | Command    variable     param.  Title 
-------------+-----------------------------------------------------------------
      evreg1 | reghdfejl    countk         27  HDFE linear regression with
             |                                 Julia
      evreg2 | reghdfejl    countk         53  HDFE linear regression with
             |                                 Julia
-------------------------------------------------------------------------------
(27 missing values generated)
(27 missing values generated)
(27 missing values generated)
(27 missing values generated)
(27 missing values generated)
(27 missing values generated)
(27 missing values generated)
(27 missing values generated)
(27 missing values generated)
(27 missing values generated)
(27 missing values generated)
(27 missing values generated)
(27 missing values generated)
(27 missing values generated)
(27 missing values generated)
(27 missing values generated)
(27 missing values generated)
(27 missing values generated)
(27 missing values generated)
(27 missing values generated)
(27 missing values generated)
(27 missing values generated)
(27 missing values generated)
(27 missing values generated)
(27 missing values generated)
(27 missing values generated)
(27 missing values generated)
(27 missing values generated)
(27 missing values generated)
(53 missing values generated)
(53 missing values generated)
(53 missing values generated)
(53 missing values generated)
(53 missing values generated)
(53 missing values generated)
(53 missing values generated)
(53 missing values generated)
(53 missing values generated)
(53 missing values generated)
(53 missing values generated)
(53 missing values generated)
(53 missing values generated)
(53 missing values generated)
(53 missing values generated)
(53 missing values generated)
(53 missing values generated)
(53 missing values generated)
(53 missing values generated)
(53 missing values generated)
(53 missing values generated)
(53 missing values generated)
(53 missing values generated)
(53 missing values generated)
(53 missing values generated)
(53 missing values generated)
(53 missing values generated)
(53 missing values generated)
(53 missing values generated)
(53 missing values generated)
(53 missing values generated)
(53 missing values generated)
(53 missing values generated)
(53 missing values generated)
(53 missing values generated)
(53 missing values generated)
(53 missing values generated)
(53 missing values generated)
(53 missing values generated)
(53 missing values generated)
(53 missing values generated)
(53 missing values generated)
(53 missing values generated)
(53 missing values generated)
(53 missing values generated)
(53 missing values generated)
(53 missing values generated)
(53 missing values generated)
(53 missing values generated)
(53 missing values generated)
(53 missing values generated)
(53 missing values generated)
(53 missing values generated)
(53 missing values generated)
(53 missing values generated)
Estimates exported to /users/aquispe/proj_bureaucrats_farms_git/code/_stacked_d
> ownup_replication/../../tables/stacked_event_study_pop_grid_monthyear_fe_m6_p
> 6_omit0_rural.csv
Exported: /users/aquispe/proj_bureaucrats_farms_git/code/_stacked_downup_replic
> ation/../../tables/stacked_event_study_pop_grid_monthyear_fe_m6_p6_omit0_rura
> l.csv

-------------------------------------------------------------------------------
             |           Dependent  Number of        
        Name | Command    variable     param.  Title 
-------------+-----------------------------------------------------------------
      evreg1 | reghdfejl    countk         23  HDFE linear regression with
             |                                 Julia
      evreg2 | reghdfejl    countk         47  HDFE linear regression with
             |                                 Julia
-------------------------------------------------------------------------------
(23 missing values generated)
(23 missing values generated)
(23 missing values generated)
(23 missing values generated)
(23 missing values generated)
(23 missing values generated)
(23 missing values generated)
(23 missing values generated)
(23 missing values generated)
(23 missing values generated)
(23 missing values generated)
(23 missing values generated)
(23 missing values generated)
(23 missing values generated)
(23 missing values generated)
(23 missing values generated)
(23 missing values generated)
(23 missing values generated)
(23 missing values generated)
(23 missing values generated)
(23 missing values generated)
(23 missing values generated)
(23 missing values generated)
(23 missing values generated)
(23 missing values generated)
(47 missing values generated)
(47 missing values generated)
(47 missing values generated)
(47 missing values generated)
(47 missing values generated)
(47 missing values generated)
(47 missing values generated)
(47 missing values generated)
(47 missing values generated)
(47 missing values generated)
(47 missing values generated)
(47 missing values generated)
(47 missing values generated)
(47 missing values generated)
(47 missing values generated)
(47 missing values generated)
(47 missing values generated)
(47 missing values generated)
(47 missing values generated)
(47 missing values generated)
(47 missing values generated)
(47 missing values generated)
(47 missing values generated)
(47 missing values generated)
(47 missing values generated)
(47 missing values generated)
(47 missing values generated)
(47 missing values generated)
(47 missing values generated)
(47 missing values generated)
(47 missing values generated)
(47 missing values generated)
(47 missing values generated)
(47 missing values generated)
(47 missing values generated)
(47 missing values generated)
(47 missing values generated)
(47 missing values generated)
(47 missing values generated)
(47 missing values generated)
(47 missing values generated)
(47 missing values generated)
(47 missing values generated)
(47 missing values generated)
(47 missing values generated)
(47 missing values generated)
(47 missing values generated)
(47 missing values generated)
(47 missing values generated)
Estimates exported to /users/aquispe/proj_bureaucrats_farms_git/code/_stacked_d
> ownup_replication/../../tables/stacked_event_study_pop_grid_monthyear_fe_noco
> ntrols_gridmonth_cluster_m5_p6_omit0_rural.csv
Exported: /users/aquispe/proj_bureaucrats_farms_git/code/_stacked_downup_replic
> ation/../../tables/stacked_event_study_pop_grid_monthyear_fe_nocontrols_gridm
> onth_cluster_m5_p6_omit0_rural.csv

-------------------------------------------------------------------------------
             |           Dependent  Number of        
        Name | Command    variable     param.  Title 
-------------+-----------------------------------------------------------------
      evreg1 | reghdfejl    countk         25  HDFE linear regression with
             |                                 Julia
      evreg2 | reghdfejl    countk         51  HDFE linear regression with
             |                                 Julia
-------------------------------------------------------------------------------
(25 missing values generated)
(25 missing values generated)
(25 missing values generated)
(25 missing values generated)
(25 missing values generated)
(25 missing values generated)
(25 missing values generated)
(25 missing values generated)
(25 missing values generated)
(25 missing values generated)
(25 missing values generated)
(25 missing values generated)
(25 missing values generated)
(25 missing values generated)
(25 missing values generated)
(25 missing values generated)
(25 missing values generated)
(25 missing values generated)
(25 missing values generated)
(25 missing values generated)
(25 missing values generated)
(25 missing values generated)
(25 missing values generated)
(25 missing values generated)
(25 missing values generated)
(25 missing values generated)
(25 missing values generated)
(51 missing values generated)
(51 missing values generated)
(51 missing values generated)
(51 missing values generated)
(51 missing values generated)
(51 missing values generated)
(51 missing values generated)
(51 missing values generated)
(51 missing values generated)
(51 missing values generated)
(51 missing values generated)
(51 missing values generated)
(51 missing values generated)
(51 missing values generated)
(51 missing values generated)
(51 missing values generated)
(51 missing values generated)
(51 missing values generated)
(51 missing values generated)
(51 missing values generated)
(51 missing values generated)
(51 missing values generated)
(51 missing values generated)
(51 missing values generated)
(51 missing values generated)
(51 missing values generated)
(51 missing values generated)
(51 missing values generated)
(51 missing values generated)
(51 missing values generated)
(51 missing values generated)
(51 missing values generated)
(51 missing values generated)
(51 missing values generated)
(51 missing values generated)
(51 missing values generated)
(51 missing values generated)
(51 missing values generated)
(51 missing values generated)
(51 missing values generated)
(51 missing values generated)
(51 missing values generated)
(51 missing values generated)
(51 missing values generated)
(51 missing values generated)
(51 missing values generated)
(51 missing values generated)
(51 missing values generated)
(51 missing values generated)
(51 missing values generated)
(51 missing values generated)
(51 missing values generated)
(51 missing values generated)
Estimates exported to /users/aquispe/proj_bureaucrats_farms_git/code/_stacked_d
> ownup_replication/../../tables/stacked_event_study_pop_grid_monthyear_fe_noco
> ntrols_gridmonth_cluster_m6_p6_omit0_rural.csv
Exported: /users/aquispe/proj_bureaucrats_farms_git/code/_stacked_downup_replic
> ation/../../tables/stacked_event_study_pop_grid_monthyear_fe_nocontrols_gridm
> onth_cluster_m6_p6_omit0_rural.csv

-------------------------------------------------------------------------------
             |           Dependent  Number of        
        Name | Command    variable     param.  Title 
-------------+-----------------------------------------------------------------
      evreg1 | reghdfejl    countk         23  HDFE linear regression with
             |                                 Julia
      evreg2 | reghdfejl    countk         47  HDFE linear regression with
             |                                 Julia
-------------------------------------------------------------------------------
(23 missing values generated)
(23 missing values generated)
(23 missing values generated)
(23 missing values generated)
(23 missing values generated)
(23 missing values generated)
(23 missing values generated)
(23 missing values generated)
(23 missing values generated)
(23 missing values generated)
(23 missing values generated)
(23 missing values generated)
(23 missing values generated)
(23 missing values generated)
(23 missing values generated)
(23 missing values generated)
(23 missing values generated)
(23 missing values generated)
(23 missing values generated)
(23 missing values generated)
(23 missing values generated)
(23 missing values generated)
(23 missing values generated)
(23 missing values generated)
(23 missing values generated)
(47 missing values generated)
(47 missing values generated)
(47 missing values generated)
(47 missing values generated)
(47 missing values generated)
(47 missing values generated)
(47 missing values generated)
(47 missing values generated)
(47 missing values generated)
(47 missing values generated)
(47 missing values generated)
(47 missing values generated)
(47 missing values generated)
(47 missing values generated)
(47 missing values generated)
(47 missing values generated)
(47 missing values generated)
(47 missing values generated)
(47 missing values generated)
(47 missing values generated)
(47 missing values generated)
(47 missing values generated)
(47 missing values generated)
(47 missing values generated)
(47 missing values generated)
(47 missing values generated)
(47 missing values generated)
(47 missing values generated)
(47 missing values generated)
(47 missing values generated)
(47 missing values generated)
(47 missing values generated)
(47 missing values generated)
(47 missing values generated)
(47 missing values generated)
(47 missing values generated)
(47 missing values generated)
(47 missing values generated)
(47 missing values generated)
(47 missing values generated)
(47 missing values generated)
(47 missing values generated)
(47 missing values generated)
(47 missing values generated)
(47 missing values generated)
(47 missing values generated)
(47 missing values generated)
(47 missing values generated)
(47 missing values generated)
Estimates exported to /users/aquispe/proj_bureaucrats_farms_git/code/_stacked_d
> ownup_replication/../../tables/stacked_event_study_pop_grid_monthyear_fe_noco
> ntrols_m5_p6_omit0_rural.csv
Exported: /users/aquispe/proj_bureaucrats_farms_git/code/_stacked_downup_replic
> ation/../../tables/stacked_event_study_pop_grid_monthyear_fe_nocontrols_m5_p6
> _omit0_rural.csv

-------------------------------------------------------------------------------
             |           Dependent  Number of        
        Name | Command    variable     param.  Title 
-------------+-----------------------------------------------------------------
      evreg1 | reghdfejl    countk         25  HDFE linear regression with
             |                                 Julia
      evreg2 | reghdfejl    countk         51  HDFE linear regression with
             |                                 Julia
-------------------------------------------------------------------------------
(25 missing values generated)
(25 missing values generated)
(25 missing values generated)
(25 missing values generated)
(25 missing values generated)
(25 missing values generated)
(25 missing values generated)
(25 missing values generated)
(25 missing values generated)
(25 missing values generated)
(25 missing values generated)
(25 missing values generated)
(25 missing values generated)
(25 missing values generated)
(25 missing values generated)
(25 missing values generated)
(25 missing values generated)
(25 missing values generated)
(25 missing values generated)
(25 missing values generated)
(25 missing values generated)
(25 missing values generated)
(25 missing values generated)
(25 missing values generated)
(25 missing values generated)
(25 missing values generated)
(25 missing values generated)
(51 missing values generated)
(51 missing values generated)
(51 missing values generated)
(51 missing values generated)
(51 missing values generated)
(51 missing values generated)
(51 missing values generated)
(51 missing values generated)
(51 missing values generated)
(51 missing values generated)
(51 missing values generated)
(51 missing values generated)
(51 missing values generated)
(51 missing values generated)
(51 missing values generated)
(51 missing values generated)
(51 missing values generated)
(51 missing values generated)
(51 missing values generated)
(51 missing values generated)
(51 missing values generated)
(51 missing values generated)
(51 missing values generated)
(51 missing values generated)
(51 missing values generated)
(51 missing values generated)
(51 missing values generated)
(51 missing values generated)
(51 missing values generated)
(51 missing values generated)
(51 missing values generated)
(51 missing values generated)
(51 missing values generated)
(51 missing values generated)
(51 missing values generated)
(51 missing values generated)
(51 missing values generated)
(51 missing values generated)
(51 missing values generated)
(51 missing values generated)
(51 missing values generated)
(51 missing values generated)
(51 missing values generated)
(51 missing values generated)
(51 missing values generated)
(51 missing values generated)
(51 missing values generated)
(51 missing values generated)
(51 missing values generated)
(51 missing values generated)
(51 missing values generated)
(51 missing values generated)
(51 missing values generated)
Estimates exported to /users/aquispe/proj_bureaucrats_farms_git/code/_stacked_d
> ownup_replication/../../tables/stacked_event_study_pop_grid_monthyear_fe_noco
> ntrols_m6_p6_omit0_rural.csv
Exported: /users/aquispe/proj_bureaucrats_farms_git/code/_stacked_downup_replic
> ation/../../tables/stacked_event_study_pop_grid_monthyear_fe_nocontrols_m6_p6
> _omit0_rural.csv

-------------------------------------------------------------------------------
             |           Dependent  Number of        
        Name | Command    variable     param.  Title 
-------------+-----------------------------------------------------------------
      evreg1 | reghdfejl    countk         25  HDFE linear regression with
             |                                 Julia
      evreg2 | reghdfejl    countk         49  HDFE linear regression with
             |                                 Julia
-------------------------------------------------------------------------------
(25 missing values generated)
(25 missing values generated)
(25 missing values generated)
(25 missing values generated)
(25 missing values generated)
(25 missing values generated)
(25 missing values generated)
(25 missing values generated)
(25 missing values generated)
(25 missing values generated)
(25 missing values generated)
(25 missing values generated)
(25 missing values generated)
(25 missing values generated)
(25 missing values generated)
(25 missing values generated)
(25 missing values generated)
(25 missing values generated)
(25 missing values generated)
(25 missing values generated)
(25 missing values generated)
(25 missing values generated)
(25 missing values generated)
(25 missing values generated)
(25 missing values generated)
(25 missing values generated)
(25 missing values generated)
(49 missing values generated)
(49 missing values generated)
(49 missing values generated)
(49 missing values generated)
(49 missing values generated)
(49 missing values generated)
(49 missing values generated)
(49 missing values generated)
(49 missing values generated)
(49 missing values generated)
(49 missing values generated)
(49 missing values generated)
(49 missing values generated)
(49 missing values generated)
(49 missing values generated)
(49 missing values generated)
(49 missing values generated)
(49 missing values generated)
(49 missing values generated)
(49 missing values generated)
(49 missing values generated)
(49 missing values generated)
(49 missing values generated)
(49 missing values generated)
(49 missing values generated)
(49 missing values generated)
(49 missing values generated)
(49 missing values generated)
(49 missing values generated)
(49 missing values generated)
(49 missing values generated)
(49 missing values generated)
(49 missing values generated)
(49 missing values generated)
(49 missing values generated)
(49 missing values generated)
(49 missing values generated)
(49 missing values generated)
(49 missing values generated)
(49 missing values generated)
(49 missing values generated)
(49 missing values generated)
(49 missing values generated)
(49 missing values generated)
(49 missing values generated)
(49 missing values generated)
(49 missing values generated)
(49 missing values generated)
(49 missing values generated)
(49 missing values generated)
(49 missing values generated)
Estimates exported to /users/aquispe/proj_bureaucrats_farms_git/code/_stacked_d
> ownup_replication/../../tables/stacked_event_study_pop_m5_p6_omit0_rural.csv
Exported: /users/aquispe/proj_bureaucrats_farms_git/code/_stacked_downup_replic
> ation/../../tables/stacked_event_study_pop_m5_p6_omit0_rural.csv

-------------------------------------------------------------------------------
             |           Dependent  Number of        
        Name | Command    variable     param.  Title 
-------------+-----------------------------------------------------------------
      evreg1 | reghdfejl    countk         27  HDFE linear regression with
             |                                 Julia
      evreg2 | reghdfejl    countk         53  HDFE linear regression with
             |                                 Julia
-------------------------------------------------------------------------------
(27 missing values generated)
(27 missing values generated)
(27 missing values generated)
(27 missing values generated)
(27 missing values generated)
(27 missing values generated)
(27 missing values generated)
(27 missing values generated)
(27 missing values generated)
(27 missing values generated)
(27 missing values generated)
(27 missing values generated)
(27 missing values generated)
(27 missing values generated)
(27 missing values generated)
(27 missing values generated)
(27 missing values generated)
(27 missing values generated)
(27 missing values generated)
(27 missing values generated)
(27 missing values generated)
(27 missing values generated)
(27 missing values generated)
(27 missing values generated)
(27 missing values generated)
(27 missing values generated)
(27 missing values generated)
(27 missing values generated)
(27 missing values generated)
(53 missing values generated)
(53 missing values generated)
(53 missing values generated)
(53 missing values generated)
(53 missing values generated)
(53 missing values generated)
(53 missing values generated)
(53 missing values generated)
(53 missing values generated)
(53 missing values generated)
(53 missing values generated)
(53 missing values generated)
(53 missing values generated)
(53 missing values generated)
(53 missing values generated)
(53 missing values generated)
(53 missing values generated)
(53 missing values generated)
(53 missing values generated)
(53 missing values generated)
(53 missing values generated)
(53 missing values generated)
(53 missing values generated)
(53 missing values generated)
(53 missing values generated)
(53 missing values generated)
(53 missing values generated)
(53 missing values generated)
(53 missing values generated)
(53 missing values generated)
(53 missing values generated)
(53 missing values generated)
(53 missing values generated)
(53 missing values generated)
(53 missing values generated)
(53 missing values generated)
(53 missing values generated)
(53 missing values generated)
(53 missing values generated)
(53 missing values generated)
(53 missing values generated)
(53 missing values generated)
(53 missing values generated)
(53 missing values generated)
(53 missing values generated)
(53 missing values generated)
(53 missing values generated)
(53 missing values generated)
(53 missing values generated)
(53 missing values generated)
(53 missing values generated)
(53 missing values generated)
(53 missing values generated)
(53 missing values generated)
(53 missing values generated)
Estimates exported to /users/aquispe/proj_bureaucrats_farms_git/code/_stacked_d
> ownup_replication/../../tables/stacked_event_study_pop_m6_p6_omit0_rural.csv
Exported: /users/aquispe/proj_bureaucrats_farms_git/code/_stacked_downup_replic
> ation/../../tables/stacked_event_study_pop_m6_p6_omit0_rural.csv

. 
. display as result "Event-study CSV files exported: `exported'"
Event-study CSV files exported: 43

. if `failed' > 0 {
.     display as error "Event-study CSV exports failed: `failed'"
.     exit 459
. }

. if `exported' == 0 {
.     display as error "No event-study .ster files were found in ${tables}."
.     exit 601
. }

. 
. *****************************************************************************
> ***
. 
end of do-file

. 
. display as text "Generating LaTeX tables..."
Generating LaTeX tables...

. do "${code}/_generate_all_tables.do"

. *****************************************************************************
> ***
. * _generate_all_tables.do
. * Single LaTeX-table entry point for rural area and population specifications
. * Run this AFTER analysis do-files have produced .ster files.
. *
. * All regression estimates now use their corresponding final stacked sample.
. * Historical .ster/.tex stems are retained so downstream \input paths resolve
> .
. *
. * Also writes a single side-by-side comparison document:
. *   ${tables}/_comparison_downup_ac_vs_acpop.tex
. * which \input's BOTH the original (_rural.tex) and the new (_rural_acpop.tex
> )
. * tables so they can be eyeballed in one PDF.
. *
. * This dofile is intended to run LOCALLY (location="dbox") - it reads ster
. * files and writes tex. The analysis dofiles handle the cluster work.
. *****************************************************************************
> ***
. 
. *****************************************************************************
> ***
. * Setup
. *****************************************************************************
> ***
. 
. if "$root" == "" {
.     clear all
.     set more off
. 
.     global location "dbox"
.     global sample ""
. 
.     global shell "/groups/sgulzar/sa_fires/proj_bureaucrats_farms"
.     global dbox "C:/Users/eunic/Dropbox/sa_fires/proj_bureaucrats_farms"
.     global code_shell "/users/aquisper/proj_bureaucrats_farms/code/_stacked_d
> ownup_replication"
.     global code_dbox "C:/Users/eunic/OneDrive/Documents/GitHub/proj_bureaucra
> ts_farms/code/_stacked_downup_replication"
. 
.     if "$location" == "dbox" {
.         global root "$dbox"
.         global code "$code_dbox"
.     }
.     else {
.         global root "$shell"
.         global code "$code_shell"
.     }
. }

. 
. global tables "${code}/../../tables"

. global presentation_tables "${tables}/presentations"

. capture mkdir "${presentation_tables}"

. 
. *****************************************************************************
> ***
. * Helper: strip trailing zeros from one or more e()-stored stats.
. *****************************************************************************
> ***
. 
. capture program drop _strip_zeros_stats

. program define _strip_zeros_stats
  1.     syntax , Models(string) Stats(string)
  2.     foreach m of local models {
  3.         capture estimates restore `m'
  4.         if _rc continue
  5.         foreach s of local stats {
  6.             capture local rnum = e(`s')
  7.             if _rc continue
  8.             local raw = strtrim(string(`rnum', "%9.3f"))
  9.             local cleaned = regexr(regexr("`raw'", "0+$", ""), "\.$", "")
 10.             estadd local `s'_clean "`cleaned'"
 11.         }
 12.         estimates store `m'
 13.     }
 14. end

. 
. * The stacked main-DiD ster files predate reliable string-local roundtripping
. * through estread. Reattach the known FE tags so the original Y/N rows render
> .
. capture program drop _set_main_fe_tags

. program define _set_main_fe_tags
  1.     forvalues i = 1/4 {
  2.         local monthyearfe "N"
  3.         local acfe "N"
  4.         local acmonthfe "N"
  5.         local gridfe "N"
  6.         if `i' == 2 {
  7.             local monthyearfe "Y"
  8.         }
  9.         if `i' == 3 {
 10.             local monthyearfe "Y"
 11.             local gridfe "Y"
 12.         }
 13.         if `i' == 4 {
 14.             local acmonthfe "Y"
 15.             local gridfe "Y"
 16.         }
 17.         estimates restore eq`i'
 18.         estadd local monthyearfe "`monthyearfe'", replace
 19.         estadd local acfe "`acfe'", replace
 20.         estadd local acmonthfe "`acmonthfe'", replace
 21.         estadd local gridfe "`gridfe'", replace
 22.         estimates store eq`i'
 23.     }
 24. end

. 
. 
. * Program to add a lincom result with stars + SE in parentheses
. capture program drop _add_lincom

. program define _add_lincom
  1.     args k   // suffix number for the stored stat
  2.     local b  = r(estimate)
  3.     local se = r(se)
  4.     * two-sided p-value (use r(df) if available, otherwise normal)
.     if r(df) != . & r(df) > 0 {
  5.         local p = 2*ttail(r(df), abs(`b'/`se'))
  6.     }
  7.     else {
  8.         local p = 2*normal(-abs(`b'/`se'))
  9.     }
 10.     local stars ""
 11.     if `p' < 0.01      local stars "\sym{***}"
 12.     else if `p' < 0.05 local stars "\sym{**}"
 13.     else if `p' < 0.10 local stars "\sym{*}"
 14.     estadd local ysum`k' = string(`b', "%12.3fc") + "`stars'"
 15.     estadd local ysd`k'  = "(" + string(`se', "%12.3fc") + ")"
 16. end

. 
. 
. *****************************************************************************
> ***
. * 0. Area-weighted tables generated by the new stacked master
. *****************************************************************************
> ***
. 
. est clear

. estread using "${tables}/main_did_downup_area_ac${sample}_rural_stacked${ster
> _suffix}.ster"

-------------------------------------------------------------------------------
             |           Dependent  Number of        
        Name | Command    variable     param.  Title 
-------------+-----------------------------------------------------------------
         eq1 | regress      countk          4  Linear regression
         eq2 | reghdfejl    countk          3  HDFE linear regression with
             |                                 Julia
         eq3 | reghdfejl    countk          3  HDFE linear regression with
             |                                 Julia
         eq4 | reghdfejl    countk          3  HDFE linear regression with
             |                                 Julia
-------------------------------------------------------------------------------

. _set_main_fe_tags
(results eq1 are active now)

added macro:
        e(monthyearfe) : "N"

added macro:
               e(acfe) : "N"

added macro:
          e(acmonthfe) : "N"

added macro:
             e(gridfe) : "N"
(results eq2 are active now)

added macro:
        e(monthyearfe) : "Y"

added macro:
               e(acfe) : "N"

added macro:
          e(acmonthfe) : "N"

added macro:
             e(gridfe) : "N"
(results eq3 are active now)

added macro:
        e(monthyearfe) : "Y"

added macro:
               e(acfe) : "N"

added macro:
          e(acmonthfe) : "N"

added macro:
             e(gridfe) : "Y"
(results eq4 are active now)

added macro:
        e(monthyearfe) : "N"

added macro:
               e(acfe) : "N"

added macro:
          e(acmonthfe) : "Y"

added macro:
             e(gridfe) : "Y"

. _strip_zeros_stats, models(eq1 eq2 eq3 eq4) stats(ymean)

added macro:
        e(ymean_clean) : "91.271"

added macro:
        e(ymean_clean) : "91.271"

added macro:
        e(ymean_clean) : "91.271"

added macro:
        e(ymean_clean) : "91.271"

. 
. esttab eq1 eq2 eq3 eq4 using ///
>     "${tables}/main_did_downup_area_ac${sample}_rural${ster_suffix}.tex", ///
>     replace ///
>     cells(b(fmt(3) star) se(par fmt(3))) ///
>     star(* 0.10 ** 0.05 *** 0.01) ///
>     keep(downup_ac) order(downup_ac) ///
>     varlabels(downup_ac "Down \$>\$ Up") ///
>     stats(N acq monthyearfe gridfe acmonthfe ymean_clean, ///
>           fmt(%12.0fc %12.0fc %s %s %s %s) ///
>           labels("Observations" "N Assembly Constituencies" ///
>                  "Month-Year \$\times\$ Cohort FE" ///
>                  "Grid \$\times\$ Cohort FE" ///
>                  "AC \$\times\$ Month-Year \$\times\$ Cohort FE" ///
>                  "Mean DV")) ///
>     nomtitles nonumbers collabels(none) nobaselevels ///
>     prehead("{" ///
>             "\def\sym#1{\ifmmode^{#1}\else\(^{#1}\)\fi}" ///
>             "\begin{tabular}{l*{4}{c}}" ///
>             "\hline" ///
>             "            &\multicolumn{1}{c}{(1)}         &\multicolumn{1}{c}
> {(2)}         &\multicolumn{1}{c}{(3)}         &\multicolumn{1}{c}{(4)}      
>    \\" ///
>             "            & \multicolumn{4}{c}{Number of Fires (in 1,000 units
> )} \\ \hline") ///
>     posthead("") ///
>     postfoot("\hline" "\end{tabular}" "}")
(output written to /users/aquispe/proj_bureaucrats_farms_git/code/_stacked_down
> up_replication/../../tables/main_did_downup_area_ac_rural.tex)

. 
. est clear

. estread using "${tables}/_main_4_protest_5km_fe12_did_downup${sample}_rural${
> ster_suffix}.ster"

-------------------------------------------------------------------------------
             |           Dependent  Number of        
        Name | Command    variable     param.  Title 
-------------+-----------------------------------------------------------------
      evreg1 | reghdfejl    countk          5  HDFE linear regression with
             |                                 Julia
      evreg2 | reghdfejl    countk          5  HDFE linear regression with
             |                                 Julia
      evreg3 | reghdfejl    countk          5  HDFE linear regression with
             |                                 Julia
      evreg4 | reghdfejl    countk          5  HDFE linear regression with
             |                                 Julia
      evreg5 | reghdfejl    countk          9  HDFE linear regression with
             |                                 Julia
      evreg6 | reghdfejl    countk          9  HDFE linear regression with
             |                                 Julia
      evreg7 | reghdfejl    countk          9  HDFE linear regression with
             |                                 Julia
      evreg8 | reghdfejl    countk          9  HDFE linear regression with
             |                                 Julia
-------------------------------------------------------------------------------

. _strip_zeros_stats, models(evreg1 evreg2 evreg3 evreg4 evreg5 evreg6) stats(y
> mean ymean2)

added macro:
        e(ymean_clean) : "473.109"

added macro:
       e(ymean2_clean) : ""

added macro:
        e(ymean_clean) : "473.109"

added macro:
       e(ymean2_clean) : ""

added macro:
        e(ymean_clean) : "473.109"

added macro:
       e(ymean2_clean) : ""

added macro:
        e(ymean_clean) : "473.109"

added macro:
       e(ymean2_clean) : ""

added macro:
        e(ymean_clean) : "473.109"

added macro:
       e(ymean2_clean) : "458.614"

added macro:
        e(ymean_clean) : "473.109"

added macro:
       e(ymean2_clean) : "458.614"

. 
. esttab evreg1 evreg2 evreg3 evreg4 evreg5 evreg6 using ///
>     "${tables}/_main_4_protest_5km_fe12_did_downup${sample}_rural${ster_suffi
> x}.tex", ///
>     replace ///
>     cells(b(fmt(3) star) se(par fmt(3))) ///
>     star(* 0.10 ** 0.05 *** 0.01) ///
>     keep(1.post_#1.treat 1.downup_ac 1.post_#1.downup_ac ///
>          1.treat#1.downup_ac 1.post_#1.treat#1.downup_ac) ///
>     order(1.post_#1.treat 1.downup_ac 1.post_#1.downup_ac ///
>           1.treat#1.downup_ac 1.post_#1.treat#1.downup_ac) ///
>     varlabels(1.post_#1.treat "Post \$\times\$ Protest" ///
>               1.downup_ac "Down \$>\$ Up" ///
>               1.post_#1.downup_ac "Post \$\times\$ Down \$>\$ Up" ///
>               1.treat#1.downup_ac "Protest \$\times\$ Down \$>\$ Up" ///
>               1.post_#1.treat#1.downup_ac "Post \$\times\$ Protest \$\times\$
>  Down \$>\$ Up") ///
>     stats(N acq gridfe time electionfe provtrendfe ymean_clean ymean2_clean, 
> ///
>           fmt(%12.0fc %12.0fc %s %s %s %s %s %s) ///
>           labels("Observations" "N Assembly Constituencies" ///
>                  "Grid FE" "Relative Time FE" "Legislature FE" ///
>                  "Province Trend FE" "Mean DV" "Mean DV2 (Down\$>\$Up=1)")) /
> //
>     nomtitles nonumbers collabels(none) nobaselevels ///
>     prehead("{" ///
>             "\def\sym#1{\ifmmode^{#1}\else\(^{#1}\)\fi}" ///
>             "\begin{tabular}{l*{6}{c}}" ///
>             "\hline" ///
>             "            &\multicolumn{1}{c}{(1)}         &\multicolumn{1}{c}
> {(2)}         &\multicolumn{1}{c}{(3)}         &\multicolumn{1}{c}{(4)}      
>    &\multicolumn{1}{c}{(5)}         &\multicolumn{1}{c}{(6)}         \\" ///
>             "            & \multicolumn{6}{c}{Number of Fires (in 1,000 units
> )} \\ \hline") ///
>     posthead("") prefoot("\hline") ///
>     postfoot("\hline" "\end{tabular}" "}")
(output written to /users/aquispe/proj_bureaucrats_farms_git/code/_stacked_down
> up_replication/../../tables/_main_4_protest_5km_fe12_did_downup_rural.tex)

. 
. est clear

. estread using "${tables}/_main_5_polischar_fe12_did_downup_inter${sample}_rur
> al${ster_suffix}.ster"

-------------------------------------------------------------------------------
             |           Dependent  Number of        
        Name | Command    variable     param.  Title 
-------------+-----------------------------------------------------------------
      evreg1 | reghdfejl    countk          5  HDFE linear regression with
             |                                 Julia
      evreg2 | reghdfejl    countk          5  HDFE linear regression with
             |                                 Julia
      evreg3 | reghdfejl    countk          5  HDFE linear regression with
             |                                 Julia
      evreg4 | reghdfejl    countk          5  HDFE linear regression with
             |                                 Julia
      evreg5 | reghdfejl    countk          9  HDFE linear regression with
             |                                 Julia
      evreg6 | reghdfejl    countk          9  HDFE linear regression with
             |                                 Julia
      evreg7 | reghdfejl    countk          9  HDFE linear regression with
             |                                 Julia
      evreg8 | reghdfejl    countk          9  HDFE linear regression with
             |                                 Julia
-------------------------------------------------------------------------------

. _strip_zeros_stats, models(evreg1 evreg2) stats(ymean ymean2)

added macro:
        e(ymean_clean) : "105.231"

added macro:
       e(ymean2_clean) : ""

added macro:
        e(ymean_clean) : "105.231"

added macro:
       e(ymean2_clean) : ""

. 
. esttab evreg1 evreg2 using ///
>     "${tables}/_main_5_polischar_fe12_did_downup_inter${sample}_rural${ster_s
> uffix}.tex", ///
>     replace ///
>     cells(b(fmt(3) star) se(par fmt(3))) ///
>     star(* 0.10 ** 0.05 *** 0.01) ///
>     keep(1.post_#1.treat 1.downup_ac 1.post_#1.downup_ac ///
>          1.treat#1.downup_ac 1.post_#1.treat#1.downup_ac) ///
>     order(1.post_#1.treat 1.downup_ac 1.post_#1.downup_ac ///
>           1.treat#1.downup_ac 1.post_#1.treat#1.downup_ac) ///
>     varlabels(1.post_#1.treat "Post \$\times\$ Agriculturalist" ///
>               1.downup_ac "Down \$>\$ Up" ///
>               1.post_#1.downup_ac "Post \$\times\$ Down \$>\$ Up" ///
>               1.treat#1.downup_ac "Agriculturalist \$\times\$ Down \$>\$ Up" 
> ///
>               1.post_#1.treat#1.downup_ac "Post \$\times\$ Agriculturalist \$
> \times\$ Down \$>\$ Up") ///
>     stats(N acq gridfe time electionfe provtrendfe ymean_clean ymean2_clean, 
> ///
>           fmt(%12.0fc %12.0fc %s %s %s %s %s %s) ///
>           labels("Observations" "N Assembly Constituencies" ///
>                  "Grid FE" "Relative Time FE" "Legislature FE" ///
>                  "Province Linear Time Trend FE" "Mean DV" ///
>                  "Mean DV (Down \$>\$ Up=1)")) ///
>     nomtitles nonumbers collabels(none) nobaselevels ///
>     prehead("{" ///
>             "\def\sym#1{\ifmmode^{#1}\else\(^{#1}\)\fi}" ///
>             "\begin{tabular}{l*{2}{c}}" ///
>             "\hline" ///
>             "            &\multicolumn{1}{c}{(1)}         &\multicolumn{1}{c}
> {(2)}         \\" ///
>             "            & \multicolumn{2}{c}{Number of Fires (in 1,000 units
> )} \\ \hline") ///
>     posthead("") prefoot("\hline") ///
>     postfoot("\hline" "\end{tabular}" "}")
(output written to /users/aquispe/proj_bureaucrats_farms_git/code/_stacked_down
> up_replication/../../tables/_main_5_polischar_fe12_did_downup_inter_rural.tex
> )

. 
. *****************************************************************************
> ***
. * 1. Main DiD Table (_main_1_did)
. *****************************************************************************
> ***
. est clear

. estread using "${tables}/main_did_downup_pop_ac${sample}_rural_stacked${ster_
> suffix}.ster"

-------------------------------------------------------------------------------
             |           Dependent  Number of        
        Name | Command    variable     param.  Title 
-------------+-----------------------------------------------------------------
         eq1 | regress      countk          4  Linear regression
         eq2 | reghdfejl    countk          3  HDFE linear regression with
             |                                 Julia
         eq3 | reghdfejl    countk          3  HDFE linear regression with
             |                                 Julia
         eq4 | reghdfejl    countk          3  HDFE linear regression with
             |                                 Julia
-------------------------------------------------------------------------------

. _set_main_fe_tags
(results eq1 are active now)

added macro:
        e(monthyearfe) : "N"

added macro:
               e(acfe) : "N"

added macro:
          e(acmonthfe) : "N"

added macro:
             e(gridfe) : "N"
(results eq2 are active now)

added macro:
        e(monthyearfe) : "Y"

added macro:
               e(acfe) : "N"

added macro:
          e(acmonthfe) : "N"

added macro:
             e(gridfe) : "N"
(results eq3 are active now)

added macro:
        e(monthyearfe) : "Y"

added macro:
               e(acfe) : "N"

added macro:
          e(acmonthfe) : "N"

added macro:
             e(gridfe) : "Y"
(results eq4 are active now)

added macro:
        e(monthyearfe) : "N"

added macro:
               e(acfe) : "N"

added macro:
          e(acmonthfe) : "Y"

added macro:
             e(gridfe) : "Y"

. _strip_zeros_stats, models(eq1 eq2 eq3 eq4) stats(ymean)

added macro:
        e(ymean_clean) : "92.122"

added macro:
        e(ymean_clean) : "92.122"

added macro:
        e(ymean_clean) : "92.122"

added macro:
        e(ymean_clean) : "92.122"

. 
. * Four-column progression: no FE; month-year x cohort; grid x cohort plus
. * month-year x cohort; grid x cohort plus AC x month-year x cohort.
. esttab eq1 eq2 eq3 eq4 using "${tables}/main_did_downup_ac${sample}_rural_acp
> op${ster_suffix}.tex", ///
>     replace ///
>     cells(b(fmt(3) star) se(par fmt(3))) ///
>     star(* 0.10 ** 0.05 *** 0.01) ///
>     keep(downup_ac_pop) ///
>     order(downup_ac_pop) ///
>     varlabels(downup_ac_pop "Down \$>\$ Up") ///
>     stats(N acq monthyearfe gridfe acmonthfe ymean_clean, ///
>           fmt(%12.0fc %12.0fc %s %s %s %s) ///
>           labels("Observations" "N Assembly Constituencies" ///
>                  "Month-Year \$\times\$ Cohort FE" ///
>                  "Grid \$\times\$ Cohort FE" ///
>                  "AC \$\times\$ Month-Year \$\times\$ Cohort FE" ///
>                  "Mean DV")) ///
>     nomtitles nonumbers ///
>     collabels(none) ///
>     nobaselevels ///
>     prehead("{" ///
>             "\def\sym#1{\ifmmode^{#1}\else\(^{#1}\)\fi}" ///
>             "\begin{tabular}{l*{4}{c}}" ///
>             "\hline" ///
>             "            &\multicolumn{1}{c}{(1)}         &\multicolumn{1}{c}
> {(2)}         &\multicolumn{1}{c}{(3)}         &\multicolumn{1}{c}{(4)}      
>        \\" ///
>             "            & \multicolumn{4}{c}{Number of Fires (in 1,000 units
> )} \\ \hline") ///
>     posthead("") ///
>     postfoot("\hline" "\end{tabular}" "}")
(output written to /users/aquispe/proj_bureaucrats_farms_git/code/_stacked_down
> up_replication/../../tables/main_did_downup_ac_rural_acpop.tex)

. 
. display "Generated: main_did_downup_ac_rural_acpop.tex"
Generated: main_did_downup_ac_rural_acpop.tex

. 
. *****************************************************************************
> ***
. * 2. Bureaucrat-Politician DiD (_main_3_bureau_polisc_did)
. *****************************************************************************
> ***
. capture confirm file ///
>     "${tables}/_main_3_bureau_polisc_did${sample}_rural_stacked${ster_suffix}
> .ster"

. if _rc {
.     display as error ///
>         "SKIPPED OPTIONAL TABLE: missing bureaucrat-politician ster for ${ste
> r_suffix}"
. }

. else {
.     est clear
.     estread using "${tables}/_main_3_bureau_polisc_did${sample}_rural_stacked
> ${ster_suffix}.ster"

-------------------------------------------------------------------------------
             |           Dependent  Number of        
        Name | Command    variable     param.  Title 
-------------+-----------------------------------------------------------------
         eq1 | reghdfejl    countk          5  HDFE linear regression with
             |                                 Julia
         eq2 | reghdfejl    countk          5  HDFE linear regression with
             |                                 Julia
         eq3 | reghdfejl    countk          5  HDFE linear regression with
             |                                 Julia
         eq4 | reghdfejl    countk          5  HDFE linear regression with
             |                                 Julia
-------------------------------------------------------------------------------
.     _strip_zeros_stats, models(eq1 eq2 eq3 eq4) stats(ymean ymean2)

added macro:
        e(ymean_clean) : "92"

added macro:
       e(ymean2_clean) : "86.385"

added macro:
        e(ymean_clean) : "92"

added macro:
       e(ymean2_clean) : "86.385"

added macro:
        e(ymean_clean) : "92"

added macro:
       e(ymean2_clean) : "86.385"

added macro:
        e(ymean_clean) : "92"

added macro:
       e(ymean2_clean) : "86.385"
. 
.     esttab eq1 eq2 eq3 eq4 using "${tables}/_main_3_bureau_polisc_did${sample
> }_rural_acpop${ster_suffix}.tex", ///
>         replace ///
>         cells(b(fmt(3) star) se(par fmt(3))) ///
>         star(* 0.10 ** 0.05 *** 0.01) ///
>         keep(downup_ac_pop downup_dummy downup_interaction) ///
>         order( downup_dummy downup_ac_pop downup_interaction) ///
>         varlabels(downup_ac_pop "Down\$>\$ Up Politician" ///
>                   downup_dummy "Down\$>\$ Up Bureaucrat" ///
>                   downup_interaction "Down\$>\$ Up Pol. \$\times\$ Down\$>\$ 
> Up Bur.") ///
>         stats(N nacs ndists monthyearfe gridfe acmonthfe distmonthfe ymean_cl
> ean, ///
>               fmt(%12.0fc %12.0fc %12.0fc %s %s %s %s %s) ///
>               labels("Observations" "N Assembly Constituencies" "N Districts"
>  ///
>                      "Month-Year \$\times\$ Cohort FE" "Grid \$\times\$ Cohor
> t FE" ///
>                      "AC \$\times\$ Month-Year \$\times\$ Cohort FE" ///
>                      "District \$\times\$ Month-Year \$\times\$ Cohort FE" "M
> ean DV")) ///
>         nomtitles nonumbers ///
>         collabels(none) ///
>         nobaselevels ///
>         prehead("{\def\sym#1{\ifmmode^{#1}\else\(^{#1}\)\fi}" ///
>                 "\begin{tabular}{l*{4}{c}}" ///
>                 "\hline" ///
>                 " & (1) & (2) & (3) & (4) \\" ///
>                 " & \multicolumn{4}{c}{Number of Fires (in 1,000 units)} \\ \
> hline") ///
>         posthead("") ///
>         postfoot("\hline" "\end{tabular}" "}")
(output written to /users/aquispe/proj_bureaucrats_farms_git/code/_stacked_down
> up_replication/../../tables/_main_3_bureau_polisc_did_rural_acpop.tex)
. 
.     display "Generated: _main_3_bureau_polisc_did_rural_acpop.tex"
Generated: _main_3_bureau_polisc_did_rural_acpop.tex
. }

. 
. *****************************************************************************
> ***
. * 3. Protest DiD with Downup (_main_4_protest_5km_fe12_did_downup)
. *****************************************************************************
> ***
. {
. est clear
. estread using "${tables}/_main_4_protest_5km_fe12_did_downup${sample}_rural_a
> cpop${ster_suffix}.ster"

-------------------------------------------------------------------------------
             |           Dependent  Number of        
        Name | Command    variable     param.  Title 
-------------+-----------------------------------------------------------------
      evreg1 | reghdfejl    countk          5  HDFE linear regression with
             |                                 Julia
      evreg2 | reghdfejl    countk          5  HDFE linear regression with
             |                                 Julia
      evreg3 | reghdfejl    countk          5  HDFE linear regression with
             |                                 Julia
      evreg4 | reghdfejl    countk          5  HDFE linear regression with
             |                                 Julia
      evreg5 | reghdfejl    countk          9  HDFE linear regression with
             |                                 Julia
      evreg6 | reghdfejl    countk          9  HDFE linear regression with
             |                                 Julia
      evreg7 | reghdfejl    countk          9  HDFE linear regression with
             |                                 Julia
      evreg8 | reghdfejl    countk          9  HDFE linear regression with
             |                                 Julia
-------------------------------------------------------------------------------
. _strip_zeros_stats, models(evreg1 evreg2 evreg3 evreg4 evreg5 evreg6 evreg7 e
> vreg8) stats(ymean ymean2)

added macro:
        e(ymean_clean) : "473.109"

added macro:
       e(ymean2_clean) : ""

added macro:
        e(ymean_clean) : "473.109"

added macro:
       e(ymean2_clean) : ""

added macro:
        e(ymean_clean) : "473.109"

added macro:
       e(ymean2_clean) : ""

added macro:
        e(ymean_clean) : "473.109"

added macro:
       e(ymean2_clean) : ""

added macro:
        e(ymean_clean) : "473.109"

added macro:
       e(ymean2_clean) : "459.315"

added macro:
        e(ymean_clean) : "473.109"

added macro:
       e(ymean2_clean) : "459.315"

added macro:
        e(ymean_clean) : "473.109"

added macro:
       e(ymean2_clean) : "459.315"

added macro:
        e(ymean_clean) : "473.109"

added macro:
       e(ymean2_clean) : "459.315"
. 
. 
. forval i = 5/8 {
  2.     est restore evreg`i'
  3. 
.     lincom 1.downup_ac_pop
  4.     _add_lincom 1
  5. 
.     lincom 1.post_#1.downup_ac_pop
  6.     _add_lincom 2
  7. 
.     lincom 1.post_#1.treat + 1.post_#1.downup_ac_pop + ///
>            1.treat#1.downup_ac_pop + ///
>            1.post_#1.treat#1.downup_ac_pop
  8.     _add_lincom 3
  9. 
.     lincom (1.post_#1.treat + 1.post_#1.downup_ac_pop + ///
>            1.treat#1.downup_ac_pop + ///
>            1.post_#1.treat#1.downup_ac_pop) - ///
>            (1.post_#1.downup_ac_pop)
 10.     _add_lincom 4
 11. 
.     est store evreg`i'
 12. }
(results evreg5 are active now)

 ( 1)  1.downup_ac_pop = 0

------------------------------------------------------------------------------
      countk | Coefficient  Std. err.      t    P>|t|     [95% conf. interval]
-------------+----------------------------------------------------------------
         (1) |   4.379738   5.961239     0.73   0.463    -7.312637    16.07211
------------------------------------------------------------------------------

added macro:
              e(ysum1) : "4.380"

added macro:
               e(ysd1) : "(5.961)"

 ( 1)  1.post_#1.downup_ac_pop = 0

------------------------------------------------------------------------------
      countk | Coefficient  Std. err.      t    P>|t|     [95% conf. interval]
-------------+----------------------------------------------------------------
         (1) |   1.623393    3.05851     0.53   0.596    -4.375569    7.622355
------------------------------------------------------------------------------

added macro:
              e(ysum2) : "1.623"

added macro:
               e(ysd2) : "(3.059)"

 ( 1)  1.post_#1.treat + 1.post_#1.downup_ac_pop + 1.treat#1.downup_ac_pop +
       1.post_#1.treat#1.downup_ac_pop = 0

------------------------------------------------------------------------------
      countk | Coefficient  Std. err.      t    P>|t|     [95% conf. interval]
-------------+----------------------------------------------------------------
         (1) |   20.94996   42.41701     0.49   0.621    -62.24677    104.1467
------------------------------------------------------------------------------

added macro:
              e(ysum3) : "20.950"

added macro:
               e(ysd3) : "(42.417)"

 ( 1)  1.post_#1.treat + 1.treat#1.downup_ac_pop +
       1.post_#1.treat#1.downup_ac_pop = 0

------------------------------------------------------------------------------
      countk | Coefficient  Std. err.      t    P>|t|     [95% conf. interval]
-------------+----------------------------------------------------------------
         (1) |   19.32657   43.33317     0.45   0.656    -65.66712    104.3203
------------------------------------------------------------------------------

added macro:
              e(ysum4) : "19.327"

added macro:
               e(ysd4) : "(43.333)"
(results evreg6 are active now)

 ( 1)  1.downup_ac_pop = 0

------------------------------------------------------------------------------
      countk | Coefficient  Std. err.      t    P>|t|     [95% conf. interval]
-------------+----------------------------------------------------------------
         (1) |   5.018533   4.494477     1.12   0.264    -3.796934      13.834
------------------------------------------------------------------------------

added macro:
              e(ysum1) : "5.019"

added macro:
               e(ysd1) : "(4.494)"

 ( 1)  1.post_#1.downup_ac_pop = 0

------------------------------------------------------------------------------
      countk | Coefficient  Std. err.      t    P>|t|     [95% conf. interval]
-------------+----------------------------------------------------------------
         (1) |  -.7497365   2.542708    -0.29   0.768    -5.737005    4.237532
------------------------------------------------------------------------------

added macro:
              e(ysum2) : "-0.750"

added macro:
               e(ysd2) : "(2.543)"

 ( 1)  1.post_#1.treat + 1.post_#1.downup_ac_pop + 1.treat#1.downup_ac_pop +
       1.post_#1.treat#1.downup_ac_pop = 0

------------------------------------------------------------------------------
      countk | Coefficient  Std. err.      t    P>|t|     [95% conf. interval]
-------------+----------------------------------------------------------------
         (1) |   142.6117     39.588     3.60   0.000     64.96381    220.2596
------------------------------------------------------------------------------

added macro:
              e(ysum3) : "142.612\sym{***}"

added macro:
               e(ysd3) : "(39.588)"

 ( 1)  1.post_#1.treat + 1.treat#1.downup_ac_pop +
       1.post_#1.treat#1.downup_ac_pop = 0

------------------------------------------------------------------------------
      countk | Coefficient  Std. err.      t    P>|t|     [95% conf. interval]
-------------+----------------------------------------------------------------
         (1) |   143.3615     40.098     3.58   0.000     64.71322    222.0097
------------------------------------------------------------------------------

added macro:
              e(ysum4) : "143.361\sym{***}"

added macro:
               e(ysd4) : "(40.098)"
(results evreg7 are active now)

 ( 1)  1.downup_ac_pop = 0

------------------------------------------------------------------------------
      countk | Coefficient  Std. err.      t    P>|t|     [95% conf. interval]
-------------+----------------------------------------------------------------
         (1) |   5.044079   4.490439     1.12   0.261    -3.763468    13.85163
------------------------------------------------------------------------------

added macro:
              e(ysum1) : "5.044"

added macro:
               e(ysd1) : "(4.490)"

 ( 1)  1.post_#1.downup_ac_pop = 0

------------------------------------------------------------------------------
      countk | Coefficient  Std. err.      t    P>|t|     [95% conf. interval]
-------------+----------------------------------------------------------------
         (1) |  -.9872356   2.561617    -0.39   0.700    -6.011592    4.037121
------------------------------------------------------------------------------

added macro:
              e(ysum2) : "-0.987"

added macro:
               e(ysd2) : "(2.562)"

 ( 1)  1.post_#1.treat + 1.post_#1.downup_ac_pop + 1.treat#1.downup_ac_pop +
       1.post_#1.treat#1.downup_ac_pop = 0

------------------------------------------------------------------------------
      countk | Coefficient  Std. err.      t    P>|t|     [95% conf. interval]
-------------+----------------------------------------------------------------
         (1) |   132.4493   39.17497     3.38   0.001     55.61152    209.2871
------------------------------------------------------------------------------

added macro:
              e(ysum3) : "132.449\sym{***}"

added macro:
               e(ysd3) : "(39.175)"

 ( 1)  1.post_#1.treat + 1.treat#1.downup_ac_pop +
       1.post_#1.treat#1.downup_ac_pop = 0

------------------------------------------------------------------------------
      countk | Coefficient  Std. err.      t    P>|t|     [95% conf. interval]
-------------+----------------------------------------------------------------
         (1) |   133.4365   39.69242     3.36   0.001     55.58383    211.2893
------------------------------------------------------------------------------

added macro:
              e(ysum4) : "133.437\sym{***}"

added macro:
               e(ysd4) : "(39.692)"
(results evreg8 are active now)

 ( 1)  1.downup_ac_pop = 0

------------------------------------------------------------------------------
      countk | Coefficient  Std. err.      t    P>|t|     [95% conf. interval]
-------------+----------------------------------------------------------------
         (1) |   4.903786   4.512607     1.09   0.277    -3.947241    13.75481
------------------------------------------------------------------------------

added macro:
              e(ysum1) : "4.904"

added macro:
               e(ysd1) : "(4.513)"

 ( 1)  1.post_#1.downup_ac_pop = 0

------------------------------------------------------------------------------
      countk | Coefficient  Std. err.      t    P>|t|     [95% conf. interval]
-------------+----------------------------------------------------------------
         (1) |  -1.801193   2.546796    -0.71   0.480     -6.79648    3.194094
------------------------------------------------------------------------------

added macro:
              e(ysum2) : "-1.801"

added macro:
               e(ysd2) : "(2.547)"

 ( 1)  1.post_#1.treat + 1.post_#1.downup_ac_pop + 1.treat#1.downup_ac_pop +
       1.post_#1.treat#1.downup_ac_pop = 0

------------------------------------------------------------------------------
      countk | Coefficient  Std. err.      t    P>|t|     [95% conf. interval]
-------------+----------------------------------------------------------------
         (1) |   82.36535   39.18337     2.10   0.036     5.511074    159.2196
------------------------------------------------------------------------------

added macro:
              e(ysum3) : "82.365\sym{**}"

added macro:
               e(ysd3) : "(39.183)"

 ( 1)  1.post_#1.treat + 1.treat#1.downup_ac_pop +
       1.post_#1.treat#1.downup_ac_pop = 0

------------------------------------------------------------------------------
      countk | Coefficient  Std. err.      t    P>|t|     [95% conf. interval]
-------------+----------------------------------------------------------------
         (1) |   84.16654   39.69678     2.12   0.034     6.305265    162.0278
------------------------------------------------------------------------------

added macro:
              e(ysum4) : "84.167\sym{**}"

added macro:
               e(ysd4) : "(39.697)"
. 
. 
. 
. 
. *---------------------------------------------------------------
. * Panel A: estimated coefficients
. *---------------------------------------------------------------
. esttab evreg1 evreg2 evreg3 evreg4 evreg5 evreg6 evreg7 evreg8 ///
>     using "${tables}/_main_4_protest_5km_fe12_did_downup${sample}_rural_acpop
> _new${ster_suffix}.tex", ///
>     replace fragment ///
>     cells(b(fmt(3) star) se(par fmt(3))) ///
>     star(* 0.10 ** 0.05 *** 0.01) ///
>     keep(1.post_#1.treat ///
>           1.downup_ac_pop ///
>           1.post_#1.downup_ac_pop ///
>           1.treat#1.downup_ac_pop ///
>           1.post_#1.treat#1.downup_ac_pop) ///
>     order(1.post_#1.treat ///
>           1.downup_ac_pop ///
>           1.post_#1.downup_ac_pop ///
>           1.treat#1.downup_ac_pop ///
>           1.post_#1.treat#1.downup_ac_pop) ///
>     varlabels(1.post_#1.treat "(1) Post \$\times\$ Protest" ///
>               1.downup_ac_pop "(2) Down \$>\$ Up" ///
>               1.post_#1.downup_ac_pop "(3) Post \$\times\$ Down \$>\$ Up" ///
>               1.treat#1.downup_ac_pop "(4) Protest \$\times\$ Down \$>\$ Up" 
> ///
>               1.post_#1.treat#1.downup_ac_pop "(5) Post \$\times\$ Protest \$
> \times\$ Down \$>\$ Up") ///
>     nomtitles nonumbers collabels(none) nobaselevels noobs ///
>     prehead("{" ///
>             "\def\sym#1{\ifmmode^{#1}\else\(^{#1}\)\fi}" ///
>             "\begin{tabular}{l*{8}{c}}" ///
>             "\hline" ///
>             "            & \multicolumn{8}{c}{Number of Fires (per 1,000 unit
> s)} \\" ///
>             "            & \multicolumn{4}{c}{Without Downwind Interaction} &
>  \multicolumn{4}{c}{With Downwind Interaction} \\" ///
>             "            & (1) & (2) & (3) & (4) & (5) & (6) & (7) & (8) \\ \
> hline") ///
>     posthead("\multicolumn{9}{l}{\textbf{Panel A: Estimated Coefficients}} \\
>  \hline") ///
>     prefoot("") postfoot("")
(output written to /users/aquispe/proj_bureaucrats_farms_git/code/_stacked_down
> up_replication/../../tables/_main_4_protest_5km_fe12_did_downup_rural_acpop_n
> ew.tex)
. 
. *---------------------------------------------------------------
. * Panel B: linear combinations
. *---------------------------------------------------------------
. * The row label spans the label column plus model column (1). Therefore the
. * Seven cells correspond to columns (2)--(8); evreg2--evreg4 are blank,
. * and the lincoms stored in evreg5--evreg8 land in columns (5)--(8).
. esttab evreg2 evreg3 evreg4 evreg5 evreg6 evreg7 evreg8 ///
>     using "${tables}/_main_4_protest_5km_fe12_did_downup${sample}_rural_acpop
> _new${ster_suffix}.tex", ///
>     append fragment ///
>     cells(none) ///
>     stats(ysum1 ysd1 ysum2 ysd2 ysum3 ysd3 ysum4 ysd4, ///
>           fmt(%s %s %s %s %s %s %s %s) ///
>           labels("\multicolumn{2}{l}{Down\$>\$Up Effect, pre-period in no pro
> test areas (2)}" "\multicolumn{2}{l}{}" ///
>                  "\multicolumn{2}{l}{Down\$>\$Up Effect, post-period in no pr
> otest areas (3)}" "\multicolumn{2}{l}{}" ///
>                  "\multicolumn{2}{l}{Down\$>\$Up Effect, post-period in prote
> st areas (1+3+4+5)}" "\multicolumn{2}{l}{}" ///
>                  "\multicolumn{2}{l}{Differential downwind effect, post perio
> d (1+3+4+5)-(3)}" "\multicolumn{2}{l}{}")) ///
>     nomtitles nonumbers collabels(none) nobaselevels noobs ///
>     prehead("") posthead("") ///
>     prefoot("\hline" ///
>             "\multicolumn{9}{l}{\textbf{Panel B: Linear Combinations}} \\ \hl
> ine") ///
>     postfoot("")
(output written to /users/aquispe/proj_bureaucrats_farms_git/code/_stacked_down
> up_replication/../../tables/_main_4_protest_5km_fe12_did_downup_rural_acpop_n
> ew.tex)
. 
. *---------------------------------------------------------------
. * Footer: sample info and fixed effects
. *---------------------------------------------------------------
. esttab evreg1 evreg2 evreg3 evreg4 evreg5 evreg6 evreg7 evreg8 ///
>     using "${tables}/_main_4_protest_5km_fe12_did_downup${sample}_rural_acpop
> _new${ster_suffix}.tex", ///
>     append fragment ///
>     cells(none) ///
>     stats(N acq gridfe time provtrendfe ymean_clean ymean2_clean, ///
>           fmt(%12.0fc %12.0fc %s %s %s %s %s) ///
>           labels("Observations" "N Assembly Constituencies" ///
>                  "Grid \$\times\$ Cohort FE" "Relative Time \$\times\$ Cohort
>  FE" ///
>                  "Province Trend \$\times\$ Cohort FE" ///
>                  "Mean DV" "Mean DV2 (Down\$>\$Up=1)")) ///
>     nomtitles nonumbers collabels(none) nobaselevels noobs ///
>     prehead("") posthead("") ///
>     prefoot("\hline") ///
>     postfoot("\hline" "\end{tabular}" "}")
(output written to /users/aquispe/proj_bureaucrats_farms_git/code/_stacked_down
> up_replication/../../tables/_main_4_protest_5km_fe12_did_downup_rural_acpop_n
> ew.tex)
. 
. display "Generated: _main_4_protest_5km_fe12_did_downup_rural_acpop_new.tex"
Generated: _main_4_protest_5km_fe12_did_downup_rural_acpop_new.tex
. }

. 
. 
. *****************************************************************************
> ***
. * 4. Politician Char DiD with Downup (_main_5_polischar_fe12_did_downup_inter
> )
. *****************************************************************************
> ***
. {
. est clear
. estread using "${tables}/_main_5_polischar_fe12_did_downup_inter${sample}_rur
> al_acpop${ster_suffix}.ster"

-------------------------------------------------------------------------------
             |           Dependent  Number of        
        Name | Command    variable     param.  Title 
-------------+-----------------------------------------------------------------
      evreg1 | reghdfejl    countk          5  HDFE linear regression with
             |                                 Julia
      evreg2 | reghdfejl    countk          5  HDFE linear regression with
             |                                 Julia
      evreg3 | reghdfejl    countk          5  HDFE linear regression with
             |                                 Julia
      evreg4 | reghdfejl    countk          5  HDFE linear regression with
             |                                 Julia
      evreg5 | reghdfejl    countk          9  HDFE linear regression with
             |                                 Julia
      evreg6 | reghdfejl    countk          9  HDFE linear regression with
             |                                 Julia
      evreg7 | reghdfejl    countk          9  HDFE linear regression with
             |                                 Julia
      evreg8 | reghdfejl    countk          9  HDFE linear regression with
             |                                 Julia
-------------------------------------------------------------------------------
. _strip_zeros_stats, models(evreg1 evreg2 evreg3 evreg4 evreg5 evreg6 evreg7 e
> vreg8) stats(ymean ymean2)

added macro:
        e(ymean_clean) : "105.231"

added macro:
       e(ymean2_clean) : ""

added macro:
        e(ymean_clean) : "105.231"

added macro:
       e(ymean2_clean) : ""

added macro:
        e(ymean_clean) : "105.231"

added macro:
       e(ymean2_clean) : ""

added macro:
        e(ymean_clean) : "105.231"

added macro:
       e(ymean2_clean) : ""

added macro:
        e(ymean_clean) : "105.231"

added macro:
       e(ymean2_clean) : "106.124"

added macro:
        e(ymean_clean) : "105.231"

added macro:
       e(ymean2_clean) : "106.124"

added macro:
        e(ymean_clean) : "105.231"

added macro:
       e(ymean2_clean) : "106.124"

added macro:
        e(ymean_clean) : "105.231"

added macro:
       e(ymean2_clean) : "106.124"
. 
. forval i = 5/8 {
  2.     est restore evreg`i'
  3. 
.     lincom 1.downup_ac_pop
  4.     _add_lincom 1
  5. 
.     lincom 1.post_#1.downup_ac_pop
  6.     _add_lincom 2
  7. 
.     lincom 1.post_#1.treat + 1.post_#1.downup_ac_pop + ///
>            1.treat#1.downup_ac_pop + ///
>            1.post_#1.treat#1.downup_ac_pop
  8.     _add_lincom 3
  9. 
.     lincom (1.post_#1.treat + 1.post_#1.downup_ac_pop + ///
>            1.treat#1.downup_ac_pop + ///
>            1.post_#1.treat#1.downup_ac_pop) - ///
>            (1.post_#1.downup_ac_pop)
 10.     _add_lincom 4
 11. 
.     est store evreg`i'
 12. }
(results evreg5 are active now)

 ( 1)  1.downup_ac_pop = 0

------------------------------------------------------------------------------
      countk | Coefficient  Std. err.      t    P>|t|     [95% conf. interval]
-------------+----------------------------------------------------------------
         (1) |  -8.812855   6.474291    -1.36   0.174    -21.50927    3.883561
------------------------------------------------------------------------------

added macro:
              e(ysum1) : "-8.813"

added macro:
               e(ysd1) : "(6.474)"

 ( 1)  1.post_#1.downup_ac_pop = 0

------------------------------------------------------------------------------
      countk | Coefficient  Std. err.      t    P>|t|     [95% conf. interval]
-------------+----------------------------------------------------------------
         (1) |   4.460077   8.404569     0.53   0.596    -12.02171    20.94187
------------------------------------------------------------------------------

added macro:
              e(ysum2) : "4.460"

added macro:
               e(ysd2) : "(8.405)"

 ( 1)  1.post_#1.treat + 1.post_#1.downup_ac_pop + 1.treat#1.downup_ac_pop +
       1.post_#1.treat#1.downup_ac_pop = 0

------------------------------------------------------------------------------
      countk | Coefficient  Std. err.      t    P>|t|     [95% conf. interval]
-------------+----------------------------------------------------------------
         (1) |   95.78201   35.15077     2.72   0.006     26.84955    164.7145
------------------------------------------------------------------------------

added macro:
              e(ysum3) : "95.782\sym{***}"

added macro:
               e(ysd3) : "(35.151)"

 ( 1)  1.post_#1.treat + 1.treat#1.downup_ac_pop +
       1.post_#1.treat#1.downup_ac_pop = 0

------------------------------------------------------------------------------
      countk | Coefficient  Std. err.      t    P>|t|     [95% conf. interval]
-------------+----------------------------------------------------------------
         (1) |   91.32194   33.01076     2.77   0.006     26.58614    156.0577
------------------------------------------------------------------------------

added macro:
              e(ysum4) : "91.322\sym{***}"

added macro:
               e(ysd4) : "(33.011)"
(results evreg6 are active now)

 ( 1)  1.downup_ac_pop = 0

------------------------------------------------------------------------------
      countk | Coefficient  Std. err.      t    P>|t|     [95% conf. interval]
-------------+----------------------------------------------------------------
         (1) |   3.499445   4.742831     0.74   0.461     -5.80149    12.80038
------------------------------------------------------------------------------

added macro:
              e(ysum1) : "3.499"

added macro:
               e(ysd1) : "(4.743)"

 ( 1)  1.post_#1.downup_ac_pop = 0

------------------------------------------------------------------------------
      countk | Coefficient  Std. err.      t    P>|t|     [95% conf. interval]
-------------+----------------------------------------------------------------
         (1) |   .6503692   5.609137     0.12   0.908    -10.34944    11.65017
------------------------------------------------------------------------------

added macro:
              e(ysum2) : "0.650"

added macro:
               e(ysd2) : "(5.609)"

 ( 1)  1.post_#1.treat + 1.post_#1.downup_ac_pop + 1.treat#1.downup_ac_pop +
       1.post_#1.treat#1.downup_ac_pop = 0

------------------------------------------------------------------------------
      countk | Coefficient  Std. err.      t    P>|t|     [95% conf. interval]
-------------+----------------------------------------------------------------
         (1) |   28.96629   9.685368     2.99   0.003     9.972787     47.9598
------------------------------------------------------------------------------

added macro:
              e(ysum3) : "28.966\sym{***}"

added macro:
               e(ysd3) : "(9.685)"

 ( 1)  1.post_#1.treat + 1.treat#1.downup_ac_pop +
       1.post_#1.treat#1.downup_ac_pop = 0

------------------------------------------------------------------------------
      countk | Coefficient  Std. err.      t    P>|t|     [95% conf. interval]
-------------+----------------------------------------------------------------
         (1) |   28.31592     7.4448     3.80   0.000     13.71629    42.91556
------------------------------------------------------------------------------

added macro:
              e(ysum4) : "28.316\sym{***}"

added macro:
               e(ysd4) : "(7.445)"
(results evreg7 are active now)

 ( 1)  1.downup_ac_pop = 0

------------------------------------------------------------------------------
      countk | Coefficient  Std. err.      t    P>|t|     [95% conf. interval]
-------------+----------------------------------------------------------------
         (1) |   4.164889   4.706997     0.88   0.376    -5.065774    13.39555
------------------------------------------------------------------------------

added macro:
              e(ysum1) : "4.165"

added macro:
               e(ysd1) : "(4.707)"

 ( 1)  1.post_#1.downup_ac_pop = 0

------------------------------------------------------------------------------
      countk | Coefficient  Std. err.      t    P>|t|     [95% conf. interval]
-------------+----------------------------------------------------------------
         (1) |  -.8395962   5.591656    -0.15   0.881    -11.80512    10.12593
------------------------------------------------------------------------------

added macro:
              e(ysum2) : "-0.840"

added macro:
               e(ysd2) : "(5.592)"

 ( 1)  1.post_#1.treat + 1.post_#1.downup_ac_pop + 1.treat#1.downup_ac_pop +
       1.post_#1.treat#1.downup_ac_pop = 0

------------------------------------------------------------------------------
      countk | Coefficient  Std. err.      t    P>|t|     [95% conf. interval]
-------------+----------------------------------------------------------------
         (1) |   10.08368   9.079502     1.11   0.267    -7.721688    27.88905
------------------------------------------------------------------------------

added macro:
              e(ysum3) : "10.084"

added macro:
               e(ysd3) : "(9.080)"

 ( 1)  1.post_#1.treat + 1.treat#1.downup_ac_pop +
       1.post_#1.treat#1.downup_ac_pop = 0

------------------------------------------------------------------------------
      countk | Coefficient  Std. err.      t    P>|t|     [95% conf. interval]
-------------+----------------------------------------------------------------
         (1) |   10.92328   6.657833     1.64   0.101    -2.133075    23.97963
------------------------------------------------------------------------------

added macro:
              e(ysum4) : "10.923"

added macro:
               e(ysd4) : "(6.658)"
(results evreg8 are active now)

 ( 1)  1.downup_ac_pop = 0

------------------------------------------------------------------------------
      countk | Coefficient  Std. err.      t    P>|t|     [95% conf. interval]
-------------+----------------------------------------------------------------
         (1) |   4.045248   4.704219     0.86   0.390    -5.179966    13.27046
------------------------------------------------------------------------------

added macro:
              e(ysum1) : "4.045"

added macro:
               e(ysd1) : "(4.704)"

 ( 1)  1.post_#1.downup_ac_pop = 0

------------------------------------------------------------------------------
      countk | Coefficient  Std. err.      t    P>|t|     [95% conf. interval]
-------------+----------------------------------------------------------------
         (1) |  -.8481268   5.592237    -0.15   0.879    -11.81479    10.11854
------------------------------------------------------------------------------

added macro:
              e(ysum2) : "-0.848"

added macro:
               e(ysd2) : "(5.592)"

 ( 1)  1.post_#1.treat + 1.post_#1.downup_ac_pop + 1.treat#1.downup_ac_pop +
       1.post_#1.treat#1.downup_ac_pop = 0

------------------------------------------------------------------------------
      countk | Coefficient  Std. err.      t    P>|t|     [95% conf. interval]
-------------+----------------------------------------------------------------
         (1) |   10.00424   9.078156     1.10   0.271    -7.798486    27.80697
------------------------------------------------------------------------------

added macro:
              e(ysum3) : "10.004"

added macro:
               e(ysd3) : "(9.078)"

 ( 1)  1.post_#1.treat + 1.treat#1.downup_ac_pop +
       1.post_#1.treat#1.downup_ac_pop = 0

------------------------------------------------------------------------------
      countk | Coefficient  Std. err.      t    P>|t|     [95% conf. interval]
-------------+----------------------------------------------------------------
         (1) |   10.85237   6.655992     1.63   0.103    -2.200371    23.90511
------------------------------------------------------------------------------

added macro:
              e(ysum4) : "10.852"

added macro:
               e(ysd4) : "(6.656)"
. 
. 
. 
. *---------------------------------------------------------------
. * Panel A: estimated coefficients
. *---------------------------------------------------------------
. esttab evreg1 evreg2 evreg3 evreg4 evreg5 evreg6 evreg7 evreg8 ///
>     using "${tables}/_main_5_polischar_fe12_did_downup_inter${sample}_rural_a
> cpop${ster_suffix}.tex", ///
>     replace fragment ///
>     cells(b(fmt(3) star) se(par fmt(3))) ///
>     star(* 0.10 ** 0.05 *** 0.01) ///
>     keep(1.post_#1.treat ///
>           1.downup_ac_pop ///
>           1.post_#1.downup_ac_pop ///
>           1.treat#1.downup_ac_pop ///
>           1.post_#1.treat#1.downup_ac_pop) ///
>     order(1.post_#1.treat ///
>           1.downup_ac_pop ///
>           1.post_#1.downup_ac_pop ///
>           1.treat#1.downup_ac_pop ///
>           1.post_#1.treat#1.downup_ac_pop) ///
>     varlabels(1.post_#1.treat "(1) Post \$\times\$ Switch Agric" ///
>               1.downup_ac_pop "(2) Down \$>\$ Up" ///
>               1.post_#1.downup_ac_pop "(3) Post \$\times\$ Down \$>\$ Up" ///
>               1.treat#1.downup_ac_pop "(4) Switch Agric  \$\times\$ Down \$>\
> $ Up" ///
>               1.post_#1.treat#1.downup_ac_pop "(5) Post \$\times\$ Switch Agr
> ic  \$\times\$ Down \$>\$ Up") ///
>     nomtitles nonumbers collabels(none) nobaselevels noobs ///
>     prehead("{" ///
>             "\def\sym#1{\ifmmode^{#1}\else\(^{#1}\)\fi}" ///
>             "\begin{tabular}{l*{8}{c}}" ///
>             "\hline" ///
>             "            & \multicolumn{8}{c}{Number of Fires (in 1,000 units
> )} \\" ///
>             "            & \multicolumn{4}{c}{Without Downwind Interaction} &
>  \multicolumn{4}{c}{With Downwind Interaction} \\" ///
>             "            & (1) & (2) & (3) & (4) & (5) & (6) & (7) & (8) \\ \
> hline") ///
>     posthead("\multicolumn{9}{l}{\textbf{Panel A: Estimated Coefficients}} \\
>  \hline") ///
>     prefoot("") postfoot("")
(output written to /users/aquispe/proj_bureaucrats_farms_git/code/_stacked_down
> up_replication/../../tables/_main_5_polischar_fe12_did_downup_inter_rural_acp
> op.tex)
. 
. *---------------------------------------------------------------
. * Panel B: linear combinations
. *---------------------------------------------------------------
. * The row label spans the label column plus model column (1). Therefore the
. * five cells below must correspond to model columns (2)--(6); evreg2 and
. * evreg3 are blank, and the lincoms stored in evreg4--evreg6 land correctly.
. esttab evreg2 evreg3 evreg4 evreg5 evreg6 evreg7 evreg8 ///
>     using "${tables}/_main_5_polischar_fe12_did_downup_inter${sample}_rural_a
> cpop${ster_suffix}.tex", ///
>     append fragment ///
>     cells(none) ///
>     stats(ysum1 ysd1 ysum2 ysd2 ysum3 ysd3 ysum4 ysd4, ///
>           fmt(%s %s %s %s %s %s %s %s) ///
>           labels("\multicolumn{2}{l}{Down\$>\$Up Effect, pre-period of no-swi
> tch politicians (2)}" "\multicolumn{2}{l}{}" ///
>                  "\multicolumn{2}{l}{Down\$>\$Up Effect, post-period of no-sw
> itch politicians (3)}" "\multicolumn{2}{l}{}" ///
>                  "\multicolumn{2}{l}{Down\$>\$Up Effect, post-period of switc
> h politicians (1+3+4+5)}" "\multicolumn{2}{l}{}" ///
>                  "\multicolumn{2}{l}{Differential downwind effect, post perio
> d (1+3+4+5)-(3)}" "\multicolumn{2}{l}{}")) ///
>     nomtitles nonumbers collabels(none) nobaselevels noobs ///
>     prehead("") posthead("") ///
>     prefoot("\hline" ///
>             "\multicolumn{9}{l}{\textbf{Panel B: Linear Combinations}} \\ \hl
> ine") ///
>     postfoot("")
(output written to /users/aquispe/proj_bureaucrats_farms_git/code/_stacked_down
> up_replication/../../tables/_main_5_polischar_fe12_did_downup_inter_rural_acp
> op.tex)
. 
. *---------------------------------------------------------------
. * Footer: sample info and fixed effects
. *---------------------------------------------------------------
. esttab evreg1 evreg2 evreg3 evreg4 evreg5 evreg6 evreg7 evreg8 ///
>     using "${tables}/_main_5_polischar_fe12_did_downup_inter${sample}_rural_a
> cpop${ster_suffix}.tex", ///
>     append fragment ///
>     cells(none) ///
>     stats(N acq gridfe time provtrendfe ymean_clean ymean2_clean, ///
>           fmt(%12.0fc %12.0fc %s %s %s %s %s) ///
>           labels("Observations" "N Assembly Constituencies" ///
>                  "Grid \$\times\$ Cohort FE" "Relative Time \$\times\$ Cohort
>  FE" ///
>                  "Province Trend \$\times\$ Cohort FE" ///
>                  "Mean DV" "Mean DV2 (Down\$>\$Up=1)")) ///
>     nomtitles nonumbers collabels(none) nobaselevels noobs ///
>     prehead("") posthead("") ///
>     prefoot("\hline") ///
>     postfoot("\hline" "\end{tabular}" "}")
(output written to /users/aquispe/proj_bureaucrats_farms_git/code/_stacked_down
> up_replication/../../tables/_main_5_polischar_fe12_did_downup_inter_rural_acp
> op.tex)
. 
. display "Generated: _main_5_polischar_fe12_did_downup_inter_rural_acpop.tex"
Generated: _main_5_polischar_fe12_did_downup_inter_rural_acpop.tex
.         }

. 
. 
. *****************************************************************************
> ***
. * 5. Alternative DVs (_app_7_main_did_downup_area_ac_dv)
. *****************************************************************************
> ***
. est clear

. estread using "${tables}/_app_7_main_did_downup_area_ac_dv${sample}_rural_sta
> cked${ster_suffix}.ster"

-------------------------------------------------------------------------------
             |           Dependent  Number of        
        Name | Command    variable     param.  Title 
-------------+-----------------------------------------------------------------
         eq1 | reghdfejl   anyfire          3  HDFE linear regression with
             |                                 Julia
         eq2 | reghdfejl   logfire          3  HDFE linear regression with
             |                                 Julia
         eq3 | reghdfejl mean_brigh~s       3  HDFE linear regression with
             |                                 Julia
-------------------------------------------------------------------------------

. _strip_zeros_stats, models(eq1 eq2 eq3) stats(ymean)

added macro:
        e(ymean_clean) : "0.037"

added macro:
        e(ymean_clean) : "0.04"

added macro:
        e(ymean_clean) : "12.416"

. 
. esttab eq1 eq2 eq3 ///
>     using "${tables}/_app_7_main_did_downup_area_ac_dv${sample}_rural_acpop${
> ster_suffix}.tex", ///
>     replace ///
>     cells(b(fmt(4) star) se(par fmt(4))) ///
>     star(* 0.10 ** 0.05 *** 0.01) ///
>     keep(downup_ac_pop) ///
>     varlabels(downup_ac_pop "Down \$>\$ Up") ///
>     stats(N acq gridfe acmonthfe ymean_clean, ///
>           fmt(%12.0fc %12.0fc %s %s %s) ///
>           labels("Observations" "N Assembly Constituencies" ///
>                  "Grid FE \$\times\$ Cohort" ///
>                  "Assembly \$\times\$ Month-Year \$\times\$ Cohort FE" ///
>                  "Mean DV")) ///
>     nomtitles nonumbers ///
>     collabels(none) ///
>     nobaselevels ///
>     prehead("\begin{tabular}{lccc}" ///
>             "\tabularnewline \hline" ///
>             "& (1) & (2) & (3)\\" ///
>             "& Any Fire & Log (N) Fires & Mean Brightness\\" ///
>             "\hline") ///
>     posthead("") ///
>     prefoot("\hline") ///
>     postfoot("\hline" "\end{tabular}")
(output written to /users/aquispe/proj_bureaucrats_farms_git/code/_stacked_down
> up_replication/../../tables/_app_7_main_did_downup_area_ac_dv_rural_acpop.tex
> )

. 
. display "Generated: _app_7_main_did_downup_area_ac_dv_rural_acpop.tex"
Generated: _app_7_main_did_downup_area_ac_dv_rural_acpop.tex

. 
. *****************************************************************************
> ***
. * 6. DiD by Year (_app_8_main_did_by_year)
. *****************************************************************************
> ***
. est clear

. estread using "${tables}/_app_8_main_did_by_year${sample}_rural_stacked${ster
> _suffix}.ster"

-------------------------------------------------------------------------------
             |           Dependent  Number of        
        Name | Command    variable     param.  Title 
-------------+-----------------------------------------------------------------
         eq1 | reghdfejl    countk          3  HDFE linear regression with
             |                                 Julia
         eq2 | reghdfejl    countk          3  HDFE linear regression with
             |                                 Julia
         eq3 | reghdfejl    countk          3  HDFE linear regression with
             |                                 Julia
         eq4 | reghdfejl    countk          3  HDFE linear regression with
             |                                 Julia
         eq5 | reghdfejl    countk          3  HDFE linear regression with
             |                                 Julia
         eq6 | reghdfejl    countk          3  HDFE linear regression with
             |                                 Julia
         eq7 | reghdfejl    countk          3  HDFE linear regression with
             |                                 Julia
         eq8 | reghdfejl    countk          3  HDFE linear regression with
             |                                 Julia
         eq9 | reghdfejl    countk          3  HDFE linear regression with
             |                                 Julia
        eq10 | reghdfejl    countk          3  HDFE linear regression with
             |                                 Julia
-------------------------------------------------------------------------------

. _strip_zeros_stats, models(eq1 eq2 eq3 eq4 eq5 eq6 eq7 eq8 eq9 eq10) stats(ym
> ean)

added macro:
        e(ymean_clean) : "85.414"

added macro:
        e(ymean_clean) : "86.673"

added macro:
        e(ymean_clean) : "75.648"

added macro:
        e(ymean_clean) : "97.275"

added macro:
        e(ymean_clean) : "95.212"

added macro:
        e(ymean_clean) : "101.575"

added macro:
        e(ymean_clean) : "114.869"

added macro:
        e(ymean_clean) : "63.589"

added macro:
        e(ymean_clean) : "105.679"

added macro:
        e(ymean_clean) : "99.962"

. 
. esttab eq1 eq2 eq3 eq4 eq5 eq6 eq7 eq8 eq9 eq10 ///
>     using "${tables}/_app_8_main_did_by_year${sample}_rural_acpop${ster_suffi
> x}.tex", ///
>     replace ///
>     cells(b(fmt(3) star) se(par fmt(3))) ///
>     star(* 0.10 ** 0.05 *** 0.01) ///
>     keep(downup_ac_pop) ///
>     varlabels(downup_ac_pop "Down\$>\$Up") ///
>     stats(N acq gridfe acmonthfe ymean_clean, ///
>           fmt(%12.0fc %12.0fc %s %s %s) ///
>           labels("Observations" "N Assembly Constituencies" ///
>                  "Grid FE \$\times\$ Cohort" ///
>                  "Assembly \$\times\$ Month-Year \$\times\$ Cohort FE" ///
>                  "Mean DV")) ///
>     nomtitles nonumbers ///
>     collabels(none) ///
>     nobaselevels ///
>     prehead("\begin{tabular}{lcccccccccc} \hline" ///
>             " & (1) & (2) & (3) & (4) & (5) & (6) & (7) & (8) & (9) & (10) \\
> " ///
>             " & \multicolumn{10}{c}{Number of Fires (per 1,000 units)}\\" ///
>             " & 2012/2013 & 2013/2014 & 2014/2015 & 2015/2016 & 2016/2017 & 2
> 017/2018 & 2018/2019 & 2019/2020 & 2020/2021 & 2021/2022 \\ \hline") ///
>     posthead("") ///
>     postfoot("\hline" "\end{tabular}")
(output written to /users/aquispe/proj_bureaucrats_farms_git/code/_stacked_down
> up_replication/../../tables/_app_8_main_did_by_year_rural_acpop.tex)

. 
. display "Generated: _app_8_main_did_by_year_rural_acpop.tex"
Generated: _app_8_main_did_by_year_rural_acpop.tex

. 
. *****************************************************************************
> ***
. * 7. DiD by State (_app_9_main_did_by_state)
. *****************************************************************************
> ***
. est clear

. estread using "${tables}/_app_9_main_did_by_state${sample}_rural_stacked${ste
> r_suffix}.ster"

-------------------------------------------------------------------------------
             |           Dependent  Number of        
        Name | Command    variable     param.  Title 
-------------+-----------------------------------------------------------------
         eq1 | reghdfejl    countk          3  HDFE linear regression with
             |                                 Julia
         eq2 | reghdfejl    countk          3  HDFE linear regression with
             |                                 Julia
         eq3 | reghdfejl    countk          3  HDFE linear regression with
             |                                 Julia
         eq4 | reghdfejl    countk          3  HDFE linear regression with
             |                                 Julia
-------------------------------------------------------------------------------

. _strip_zeros_stats, models(eq1 eq2 eq3 eq4) stats(ymean)

added macro:
        e(ymean_clean) : "55.338"

added macro:
        e(ymean_clean) : "103.371"

added macro:
        e(ymean_clean) : "348.824"

added macro:
        e(ymean_clean) : "44.445"

. 
. esttab eq1 eq2 eq3 eq4 ///
>     using "${tables}/_app_9_main_did_by_state${sample}_rural_acpop${ster_suff
> ix}.tex", ///
>     replace ///
>     cells(b(fmt(3) star) se(par fmt(3))) ///
>     star(* 0.10 ** 0.05 *** 0.01) ///
>     keep(downup_ac_pop) ///
>     varlabels(downup_ac_pop "Down\$>\$Up (Pop)") ///
>     stats(N acq gridfe acmonthfe ymean_clean, ///
>           fmt(%12.0fc %12.0fc %s %s %s) ///
>           labels("Observations" "N Assembly Constituencies" ///
>                  "Grid FE  \$\times\$ Cohort" ///
>                  "Assembly \$\times\$ Month-Year \$\times\$ Cohort FE" ///
>                  "Mean DV")) ///
>     nomtitles nonumbers ///
>     collabels(none) ///
>     nobaselevels ///
>     prehead("\begin{tabular}{lcccc} \hline" ///
>             " & (1) & (2) & (3) & (4) \\" ///
>             " & \multicolumn{4}{c}{Number of Fires (in 1,000 units)}\\" ///
>             " & Bihar & Haryana & Punjab & Uttar Pradesh \\ \hline") ///
>     posthead("") ///
>     postfoot("\hline" "\end{tabular}")
(output written to /users/aquispe/proj_bureaucrats_farms_git/code/_stacked_down
> up_replication/../../tables/_app_9_main_did_by_state_rural_acpop.tex)

. 
. display "Generated: _app_9_main_did_by_state_rural_acpop.tex"
Generated: _app_9_main_did_by_state_rural_acpop.tex

. 
. *****************************************************************************
> ***
. * 8. Presentation rice-production heterogeneity tables
. * Each table begins with a no-FE baseline. A10 then uses its monthly
. * downwind FE sequence; A13/A14 use the annual cohort FE sequence.
. *****************************************************************************
> ***
. 
. * A10: Downwind exposure x high rice production
. est clear

. estread using "${tables}/_app_10_did_rice_moderators${sample}_rural_acpop${st
> er_suffix}.ster"

-------------------------------------------------------------------------------
             |           Dependent  Number of        
        Name | Command    variable     param.  Title 
-------------+-----------------------------------------------------------------
         eq1 | reghdfejl    countk          3  HDFE linear regression with
             |                                 Julia
         eq2 | reghdfejl    countk          3  HDFE linear regression with
             |                                 Julia
         eq3 | reghdfejl    countk          3  HDFE linear regression with
             |                                 Julia
         eq4 | reghdfejl    countk          3  HDFE linear regression with
             |                                 Julia
         eq5 | reghdfejl    countk          5  HDFE linear regression with
             |                                 Julia
         eq6 | reghdfejl    countk          5  HDFE linear regression with
             |                                 Julia
         eq7 | reghdfejl    countk          5  HDFE linear regression with
             |                                 Julia
         eq8 | reghdfejl    countk          5  HDFE linear regression with
             |                                 Julia
-------------------------------------------------------------------------------

. _strip_zeros_stats, models(eq1 eq2 eq3 eq4 eq5 eq6 eq7 eq8) stats(ymean ymean
> 2)

added macro:
        e(ymean_clean) : ""

added macro:
       e(ymean2_clean) : ""

added macro:
        e(ymean_clean) : ""

added macro:
       e(ymean2_clean) : ""

added macro:
        e(ymean_clean) : ""

added macro:
       e(ymean2_clean) : ""

added macro:
        e(ymean_clean) : ""

added macro:
       e(ymean2_clean) : ""

added macro:
        e(ymean_clean) : ""

added macro:
       e(ymean2_clean) : ""

added macro:
        e(ymean_clean) : ""

added macro:
       e(ymean2_clean) : ""

added macro:
        e(ymean_clean) : ""

added macro:
       e(ymean2_clean) : ""

added macro:
        e(ymean_clean) : ""

added macro:
       e(ymean2_clean) : ""

. esttab eq1 eq2 eq3 eq4 eq5 eq6 eq7 eq8 using ///
>     "${presentation_tables}/_app_10_did_rice_moderators_rural${sample}${ster_
> suffix}.tex", ///
>     replace cells(b(fmt(3) star) se(par fmt(3))) ///
>     star(* 0.10 ** 0.05 *** 0.01) ///
>     keep(1.downup_ac_pop 1.downup_ac_pop#1.rice_prod_aclvl_ahigh) ///
>     order(1.downup_ac_pop 1.downup_ac_pop#1.rice_prod_aclvl_ahigh) ///
>     varlabels(1.downup_ac_pop "Down\$>\$Up" ///
>         1.downup_ac_pop#1.rice_prod_aclvl_ahigh ///
>         "Down\$>\$Up \$\times\$ High Rice Production") ///
>     stats(N acq gridfe time actimefe ymean_clean ymean2_clean, ///
>         fmt(%12.0fc %12.0fc %s %s %s %s %s) ///
>         labels("Observations" "N Assembly Constituencies" ///
>         "Grid \$\times\$ Cohort FE" "Relative Month \$\times\$ Cohort FE" ///
>         "AC \$\times\$ Relative Month \$\times\$ Cohort FE" "Mean DV" ///
>         "Mean DV, High Rice Production")) ///
>     nomtitles nonumbers collabels(none) nobaselevels ///
>     prehead("{\def\sym#1{\ifmmode^{#1}\else\(^{#1}\)\fi}" ///
>         "\begin{tabular}{l*{8}{c}}" "\hline" ///
>         " & \multicolumn{8}{c}{Number of Fires (in 1,000 units)} \\" ///
>         " & \multicolumn{4}{c}{Without Rice Interaction} & \multicolumn{4}{c}
> {With Rice Interaction} \\" ///
>         " & (1) & (2) & (3) & (4) & (5) & (6) & (7) & (8) \\ \hline") ///
>     posthead("") prefoot("\hline") postfoot("\hline" "\end{tabular}" "}")
(output written to /users/aquispe/proj_bureaucrats_farms_git/code/_stacked_down
> up_replication/../../tables/presentations/_app_10_did_rice_moderators_rural.t
> ex)

. 
. * A13: Protest x high rice production
. est clear

. estread using "${tables}/_app_13_protest_5km_fe12_did_ricemods${sample}_rural
> _acpop${ster_suffix}.ster"

-------------------------------------------------------------------------------
             |           Dependent  Number of        
        Name | Command    variable     param.  Title 
-------------+-----------------------------------------------------------------
         eq1 | reghdfejl    countk          5  HDFE linear regression with
             |                                 Julia
         eq2 | reghdfejl    countk          5  HDFE linear regression with
             |                                 Julia
         eq3 | reghdfejl    countk          5  HDFE linear regression with
             |                                 Julia
         eq4 | reghdfejl    countk          5  HDFE linear regression with
             |                                 Julia
         eq5 | reghdfejl    countk          9  HDFE linear regression with
             |                                 Julia
         eq6 | reghdfejl    countk          9  HDFE linear regression with
             |                                 Julia
         eq7 | reghdfejl    countk          9  HDFE linear regression with
             |                                 Julia
         eq8 | reghdfejl    countk          9  HDFE linear regression with
             |                                 Julia
-------------------------------------------------------------------------------

. _strip_zeros_stats, models(eq1 eq2 eq3 eq4 eq5 eq6 eq7 eq8) stats(ymean ymean
> 2)

added macro:
        e(ymean_clean) : "473.109"

added macro:
       e(ymean2_clean) : ""

added macro:
        e(ymean_clean) : "473.109"

added macro:
       e(ymean2_clean) : ""

added macro:
        e(ymean_clean) : "473.109"

added macro:
       e(ymean2_clean) : ""

added macro:
        e(ymean_clean) : "473.109"

added macro:
       e(ymean2_clean) : ""

added macro:
        e(ymean_clean) : "473.109"

added macro:
       e(ymean2_clean) : "592.523"

added macro:
        e(ymean_clean) : "473.109"

added macro:
       e(ymean2_clean) : "592.523"

added macro:
        e(ymean_clean) : "473.109"

added macro:
       e(ymean2_clean) : "592.523"

added macro:
        e(ymean_clean) : "473.109"

added macro:
       e(ymean2_clean) : "592.523"

. esttab eq1 eq2 eq3 eq4 eq5 eq6 eq7 eq8 using ///
>     "${presentation_tables}/_app_13_protest_5km_fe12_did_ricemods_rural${samp
> le}${ster_suffix}.tex", ///
>     replace cells(b(fmt(3) star) se(par fmt(3))) ///
>     star(* 0.10 ** 0.05 *** 0.01) ///
>     keep(1.post_#1.treat 1.post_#1.treat#1.rice_prod_aclvl_ahigh) ///
>     order(1.post_#1.treat 1.post_#1.treat#1.rice_prod_aclvl_ahigh) ///
>     varlabels(1.post_#1.treat "Post \$\times\$ Protest" ///
>         1.post_#1.treat#1.rice_prod_aclvl_ahigh ///
>         "Post \$\times\$ Protest \$\times\$ High Rice Production") ///
>     stats(N acq gridfe time provtrendfe ymean_clean ymean2_clean, ///
>         fmt(%12.0fc %12.0fc %s %s %s %s %s) ///
>         labels("Observations" "N Assembly Constituencies" ///
>         "Grid \$\times\$ Cohort FE" "Relative Time \$\times\$ Cohort FE" ///
>         "Province Trend \$\times\$ Cohort FE" "Mean DV" ///
>         "Mean DV, High Rice Production")) ///
>     nomtitles nonumbers collabels(none) nobaselevels ///
>     prehead("{\def\sym#1{\ifmmode^{#1}\else\(^{#1}\)\fi}" ///
>         "\begin{tabular}{l*{8}{c}}" "\hline" ///
>         " & \multicolumn{8}{c}{Number of Fires (in 1,000 units)} \\" ///
>         " & \multicolumn{4}{c}{Without Rice Interaction} & \multicolumn{4}{c}
> {With Rice Interaction} \\" ///
>         " & (1) & (2) & (3) & (4) & (5) & (6) & (7) & (8) \\ \hline") ///
>     posthead("") prefoot("\hline") postfoot("\hline" "\end{tabular}" "}")
(output written to /users/aquispe/proj_bureaucrats_farms_git/code/_stacked_down
> up_replication/../../tables/presentations/_app_13_protest_5km_fe12_did_ricemo
> ds_rural.tex)

. 
. * A14: Agricultural politician x high rice production
. est clear

. estread using "${tables}/_app_14_polischar_fe12_did_ricemods${sample}_rural_a
> cpop${ster_suffix}.ster"

-------------------------------------------------------------------------------
             |           Dependent  Number of        
        Name | Command    variable     param.  Title 
-------------+-----------------------------------------------------------------
         eq1 | reghdfejl    countk          5  HDFE linear regression with
             |                                 Julia
         eq2 | reghdfejl    countk          5  HDFE linear regression with
             |                                 Julia
         eq3 | reghdfejl    countk          5  HDFE linear regression with
             |                                 Julia
         eq4 | reghdfejl    countk          5  HDFE linear regression with
             |                                 Julia
         eq5 | reghdfejl    countk          9  HDFE linear regression with
             |                                 Julia
         eq6 | reghdfejl    countk          9  HDFE linear regression with
             |                                 Julia
         eq7 | reghdfejl    countk          9  HDFE linear regression with
             |                                 Julia
         eq8 | reghdfejl    countk          9  HDFE linear regression with
             |                                 Julia
-------------------------------------------------------------------------------

. _strip_zeros_stats, models(eq1 eq2 eq3 eq4 eq5 eq6 eq7 eq8) stats(ymean ymean
> 2)

added macro:
        e(ymean_clean) : "105.231"

added macro:
       e(ymean2_clean) : ""

added macro:
        e(ymean_clean) : "105.231"

added macro:
       e(ymean2_clean) : ""

added macro:
        e(ymean_clean) : "105.231"

added macro:
       e(ymean2_clean) : ""

added macro:
        e(ymean_clean) : "105.231"

added macro:
       e(ymean2_clean) : ""

added macro:
        e(ymean_clean) : "105.231"

added macro:
       e(ymean2_clean) : "194.691"

added macro:
        e(ymean_clean) : "105.231"

added macro:
       e(ymean2_clean) : "194.691"

added macro:
        e(ymean_clean) : "105.231"

added macro:
       e(ymean2_clean) : "194.691"

added macro:
        e(ymean_clean) : "105.231"

added macro:
       e(ymean2_clean) : "194.691"

. esttab eq1 eq2 eq3 eq4 eq5 eq6 eq7 eq8 using ///
>     "${presentation_tables}/_app_14_polischar_fe12_did_ricemods_rural${sample
> }${ster_suffix}.tex", ///
>     replace cells(b(fmt(3) star) se(par fmt(3))) ///
>     star(* 0.10 ** 0.05 *** 0.01) ///
>     keep(1.post_#1.treat 1.post_#1.treat#1.rice_prod_aclvl_ahigh) ///
>     order(1.post_#1.treat 1.post_#1.treat#1.rice_prod_aclvl_ahigh) ///
>     varlabels(1.post_#1.treat "Post \$\times\$ Agriculturalist" ///
>         1.post_#1.treat#1.rice_prod_aclvl_ahigh ///
>         "Post \$\times\$ Agriculturalist \$\times\$ High Rice Production") //
> /
>     stats(N acq gridfe time provtrendfe ymean_clean ymean2_clean, ///
>         fmt(%12.0fc %12.0fc %s %s %s %s %s) ///
>         labels("Observations" "N Assembly Constituencies" ///
>         "Grid \$\times\$ Cohort FE" "Relative Time \$\times\$ Cohort FE" ///
>         "Province Trend \$\times\$ Cohort FE" "Mean DV" ///
>         "Mean DV, High Rice Production")) ///
>     nomtitles nonumbers collabels(none) nobaselevels ///
>     prehead("{\def\sym#1{\ifmmode^{#1}\else\(^{#1}\)\fi}" ///
>         "\begin{tabular}{l*{8}{c}}" "\hline" ///
>         " & \multicolumn{8}{c}{Number of Fires (in 1,000 units)} \\" ///
>         " & \multicolumn{4}{c}{Without Rice Interaction} & \multicolumn{4}{c}
> {With Rice Interaction} \\" ///
>         " & (1) & (2) & (3) & (4) & (5) & (6) & (7) & (8) \\ \hline") ///
>     posthead("") prefoot("\hline") postfoot("\hline" "\end{tabular}" "}")
(output written to /users/aquispe/proj_bureaucrats_farms_git/code/_stacked_down
> up_replication/../../tables/presentations/_app_14_polischar_fe12_did_ricemods
> _rural.tex)

. 
. display "Generated three updated presentation rice-production tables."
Generated three updated presentation rice-production tables.

. 
. *****************************************************************************
> ***
. * 10. Politician FE DiD (_app_15_polischar_fe12_did)
. *****************************************************************************
> ***
. if "$production_only" != "1" {
. est clear
. capture noisily estread using "${tables}/_app_15_polischar_fe12_did${sample}_
> rural_stacked${ster_suffix}.ster"

-------------------------------------------------------------------------------
             |           Dependent  Number of        
        Name | Command    variable     param.  Title 
-------------+-----------------------------------------------------------------
      evreg1 | reghdfejl    countk          5  HDFE linear regression with
             |                                 Julia
      evreg2 | reghdfejl    countk          5  HDFE linear regression with
             |                                 Julia
      evreg3 | reghdfejl    countk          5  HDFE linear regression with
             |                                 Julia
-------------------------------------------------------------------------------
. _strip_zeros_stats, models(evreg1 evreg2 evreg3) stats(ymean)

added macro:
        e(ymean_clean) : "200.662"

added macro:
        e(ymean_clean) : "200.662"

added macro:
        e(ymean_clean) : "200.662"
. 
. capture noisily esttab evreg1 evreg2 evreg3 ///
>     using "${tables}/_app_15_polischar_fe12_did${sample}_rural_acpop${ster_su
> ffix}.tex", ///
>     replace ///
>     cells(b(fmt(3) star) se(par fmt(3))) ///
>     star(* 0.10 ** 0.05 *** 0.01) ///
>     keep(1.post_#1.treat) ///
>     order(1.post_#1.treat) ///
>     varlabels(1.post_#1.treat "Post \$\times\$ Agriculturalist") ///
>     stats(N acq gridfe time electionfe provtrendfe ymean_clean, ///
>           fmt(%12.0fc %12.0fc %s %s %s %s %s) ///
>           labels("Observations" "N Assembly Constituencies" ///
>                  "Grid \$\times\$ Cohort FE" "Relative Time FE" "Legislature 
>  \$\times\$ Cohort FE" "Province  \$\times\$ Cohort Trend FE" "Mean DV")) ///
>     nomtitles nonumbers ///
>     collabels(none) ///
>     nobaselevels ///
>     prehead("{" ///
>             "\def\sym#1{\ifmmode^{#1}\else\(^{#1}\)\fi}" ///
>             "\begin{tabular}{l*{3}{c}}" ///
>             "\hline" ///
>             "            &\multicolumn{1}{c}{(1)}         &\multicolumn{1}{c}
> {(2)}         &\multicolumn{1}{c}{(3)}         \\" ///
>             "            & \multicolumn{3}{c}{Number of Fires (in 1,000 units
> ) } \\ \hline") ///
>     posthead("") ///
>     prefoot("\hline") ///
>     postfoot("\hline" "\end{tabular}" "}")
(output written to /users/aquispe/proj_bureaucrats_farms_git/code/_stacked_down
> up_replication/../../tables/_app_15_polischar_fe12_did_rural_acpop.tex)
. 
. display "Generated: _app_15_polischar_fe12_did_rural_acpop.tex"
Generated: _app_15_polischar_fe12_did_rural_acpop.tex
. }

. 
. *****************************************************************************
> ***
. * 11. Canonical treatment-definition table (version 3 specification)
. *****************************************************************************
> ***
. est clear

. estread using "${tables}/_app_6_main_did_treat_definition${sample}_rural_acpo
> p${ster_suffix}.ster"

-------------------------------------------------------------------------------
             |           Dependent  Number of        
        Name | Command    variable     param.  Title 
-------------+-----------------------------------------------------------------
         eq1 | reghdfejl    countk          3  HDFE linear regression with
             |                                 Julia
         eq2 | reghdfejl    countk          3  HDFE linear regression with
             |                                 Julia
         eq3 | reghdfejl    countk          3  HDFE linear regression with
             |                                 Julia
         eq4 | reghdfejl    countk          3  HDFE linear regression with
             |                                 Julia
         eq5 | reghdfejl    countk          3  HDFE linear regression with
             |                                 Julia
         eq6 | reghdfejl    countk          3  HDFE linear regression with
             |                                 Julia
         eq7 | reghdfejl    countk          5  HDFE linear regression with
             |                                 Julia
-------------------------------------------------------------------------------

. _strip_zeros_stats, models(eq1 eq2 eq3 eq4 eq5 eq6 eq7) stats(ymean)

added macro:
        e(ymean_clean) : "92.122"

added macro:
        e(ymean_clean) : "159.115"

added macro:
        e(ymean_clean) : "73.078"

added macro:
        e(ymean_clean) : "155.731"

added macro:
        e(ymean_clean) : "155.731"

added macro:
        e(ymean_clean) : "155.731"

added macro:
        e(ymean_clean) : "92.122"

. 
. * Exclude eq2: the downup_ac area treatment is no longer reported here.
. esttab eq1 eq3 eq6 eq5 eq7 using ///
>     "${tables}/_app_6_main_did_treat_definition${sample}_rural_acpop${ster_su
> ffix}.tex", ///
>     replace cells(b(fmt(4) star) se(par fmt(4))) ///
>     star(* 0.10 ** 0.05 *** 0.01) ///
>     rename(1.downup_ac_pop downup_ac_pop) ///
>     keep(downup_ac_pop downup_1sd_pop down_percent ///
>          downup_diff_percent_pop 1.downup_ac_pop#1.rice_prod_aclvl_ahigh) ///
>     order(downup_ac_pop downup_1sd_pop down_percent ///
>           downup_diff_percent_pop 1.downup_ac_pop#1.rice_prod_aclvl_ahigh) //
> /
>     varlabels(downup_ac_pop "Down\$>\$Up (Pop)" ///
>               downup_1sd_pop "Down\$>\$Up by 1std" ///
>               down_percent "Downwind over total Population" ///
>               downup_diff_percent_pop "Down-Up Percent" ///
>               1.downup_ac_pop#1.rice_prod_aclvl_ahigh "Down\$>\$Up (Pop) \$\t
> imes\$ Above Median Rice Production") ///
>     stats(N acq gridfe acmonthfe ymean_clean, ///
>           fmt(%12.0fc %12.0fc %s %s %s) ///
>           labels("Observations" "N Assembly Constituencies" ///
>                  "Grid \$\times\$ Cohort FE" ///
>                  "Assembly \$\times\$ Month-Year \$\times\$ Cohort FE" ///
>                  "Mean DV")) ///
>     nomtitles nonumbers collabels(none) nobaselevels ///
>     prehead("\begin{tabular}{lccccc}" ///
>              "\hline" ///
>              "& (1) & (2) & (3) & (4) & (5)\\" ///
>              "& \multicolumn{5}{c}{Number of Fires (in 1,000 units) }\\" ///
>             "\hline") ///
>     posthead("") prefoot("\hline") ///
>     postfoot("\hline" "\end{tabular}")
(output written to /users/aquispe/proj_bureaucrats_farms_git/code/_stacked_down
> up_replication/../../tables/_app_6_main_did_treat_definition_rural_acpop.tex)

. 
. display "Generated: _app_6_main_did_treat_definition_rural_acpop.tex (version
>  3)"
Generated: _app_6_main_did_treat_definition_rural_acpop.tex (version 3)

. 
. *****************************************************************************
> ***
. * 12. Population placebo within 13 km
. *****************************************************************************
> ***
. est clear

. estread using "${tables}/_app_11_placebo_pop_13km${sample}_rural${ster_suffix
> }.ster"

-------------------------------------------------------------------------------
             |           Dependent  Number of        
        Name | Command    variable     param.  Title 
-------------+-----------------------------------------------------------------
         eq1 | reghdfejl    countk          3  HDFE linear regression with
             |                                 Julia
         eq2 | reghdfejl    countk          3  HDFE linear regression with
             |                                 Julia
         eq3 | reghdfejl    countk          3  HDFE linear regression with
             |                                 Julia
-------------------------------------------------------------------------------

. _strip_zeros_stats, models(eq1 eq2 eq3) stats(ymean)

added macro:
        e(ymean_clean) : "90.983"

added macro:
        e(ymean_clean) : "90.983"

added macro:
        e(ymean_clean) : "90.983"

. 
. esttab eq1 eq2 eq3 using ///
>     "${tables}/_app_11_placebo_pop_13km${sample}_rural${ster_suffix}.tex", //
> /
>     replace ///
>     cells(b(fmt(3) star) se(par fmt(3))) ///
>     star(* 0.10 ** 0.05 *** 0.01) ///
>     keep(downup_pop_13km) order(downup_pop_13km) ///
>     varlabels(downup_pop_13km "Down\$>\$Up (Placebo)") ///
>     stats(N acq gridfe acmonthfe ymean_clean, ///
>           fmt(%12.0fc %12.0fc %s %s %s) ///
>           labels("Observations" "N Assembly Constituencies" ///
>                  "Grid \$\times\$ Cohort FE" ///
>                  "AC \$\times\$ Month-Year \$\times\$ Cohort FE" ///
>                  "Mean DV")) ///
>     nomtitles nonumbers collabels(none) nobaselevels ///
>     prehead("\begin{tabular}{lccc}" ///
>             "\hline" ///
>             "& \multicolumn{3}{c}{Number of Fires (in 1,000 units)}\\" ///
>             "& Full Sample & Treated for Politicians & Control for Politician
> s \\" ///
>             "& (1) & (2) & (3) \\" ///
>             "\midrule") ///
>     posthead("") prefoot("\hline") ///
>     postfoot("\hline" "\end{tabular}")
(output written to /users/aquispe/proj_bureaucrats_farms_git/code/_stacked_down
> up_replication/../../tables/_app_11_placebo_pop_13km_rural.tex)

. 
. display "Generated: _app_11_placebo_pop_13km_rural.tex"
Generated: _app_11_placebo_pop_13km_rural.tex

. 
. *****************************************************************************
> ***
. * 13. Downwind Heterogeneity (_app_20_did_downwind_hm)
. *****************************************************************************
> ***
. if "$production_only" != "1" {
. est clear
. estread using "${tables}/_app_20_did_downwind_hm_rural_stacked${ster_suffix}.
> ster"

-------------------------------------------------------------------------------
             |           Dependent  Number of        
        Name | Command    variable     param.  Title 
-------------+-----------------------------------------------------------------
         eq1 | regress      countk         11  Linear regression
         eq2 | reghdfejl    countk          5  HDFE linear regression with
             |                                 Julia
         eq3 | reghdfejl    countk          5  HDFE linear regression with
             |                                 Julia
         eq4 | reghdfejl    countk          5  HDFE linear regression with
             |                                 Julia
-------------------------------------------------------------------------------
. _strip_zeros_stats, models(eq1 eq2 eq3 eq4) stats(ymean)

added macro:
        e(ymean_clean) : "539.585"

added macro:
        e(ymean_clean) : "539.585"

added macro:
        e(ymean_clean) : "539.585"

added macro:
        e(ymean_clean) : "539.585"
. _strip_zeros_stats, models(eq1 eq2 eq3 eq4) stats(ymean2)

added macro:
       e(ymean2_clean) : "1107.366"

added macro:
       e(ymean2_clean) : "1107.366"

added macro:
       e(ymean2_clean) : "1107.366"

added macro:
       e(ymean2_clean) : "1107.366"
. 
. esttab eq1 eq2 eq3 eq4 using "${tables}/_app_20_did_downwind_hm${sample}_rura
> l_acpop${ster_suffix}.tex", ///
>     replace ///
>     cells(b(fmt(3) star) se(par fmt(3))) ///
>     star(* 0.10 ** 0.05 *** 0.01) ///
>     keep(1.downup_ac_pop 1.downup_ac_pop#1.rice_prod_aclvl_ahigh ) ///
>     order(1.downup_ac_pop 1.downup_ac_pop#1.rice_prod_aclvl_ahigh) ///
>     varlabels(1.downup_ac_pop "Down \$>\$ Up (Pop)" 1.downup_ac_pop#1.rice_pr
> od_aclvl_ahigh "Down \$>\$ Up (Pop) \$\times\$ Rice Production" ) ///
>     stats(N acq monthyearfe acfe acmonthfe gridfe ymean_clean ymean2_clean, /
> //
>           fmt(%12.0fc %12.0fc %s %s %s %s %s %s) ///
>           labels("Observations" "N Assembly Constituencies" ///
>                  "Month-Year FE" "AC FE" "AC \$\times\$ Month-Year FE" ///
>                  "Grid FE" "Mean DV" "ymean2\_clean")) ///
>     nomtitles nonumbers ///
>     collabels(none) ///
>     nobaselevels ///
>     prehead("{" ///
>             "\def\sym#1{\ifmmode^{#1}\else\(^{#1}\)\fi}" ///
>             "\begin{tabular}{l*{4}{c}}" ///
>             "\hline" ///
>             "            &\multicolumn{1}{c}{(1)}         &\multicolumn{1}{c}
> {(2)}         &\multicolumn{1}{c}{(3)}         &\multicolumn{1}{c}{(4)}      
>    \\" ///
>             "            & \multicolumn{4}{c}{Number of Fires (in 1,000 units
> )} \\ \hline") ///
>     posthead("") ///
>     postfoot("\hline" "\end{tabular}" "}")
(output written to /users/aquispe/proj_bureaucrats_farms_git/code/_stacked_down
> up_replication/../../tables/_app_20_did_downwind_hm_rural_acpop.tex)
. 
. display "Generated: _app_20_did_downwind_hm_rural_acpop.tex"
Generated: _app_20_did_downwind_hm_rural_acpop.tex
. }

. 
. *****************************************************************************
> ***
. * Side-by-side comparison document
. * Writes ${tables}/_comparison_downup_ac_vs_acpop.tex
. * Each section \input's the original (_rural.tex) and the new (_rural_acpop.t
> ex)
. * so the two can be eyeballed in a single PDF.
. *****************************************************************************
> ***
. 
. if "$production_only" != "1" {
. 
. tempname cmp
. file open `cmp' using "${tables}/_comparison_downup_ac_vs_acpop${sample}${ste
> r_suffix}.tex", write replace
. 
. file write `cmp' "\documentclass[10pt]{article}" _n
. file write `cmp' "\usepackage[margin=0.6in]{geometry}" _n
. file write `cmp' "\usepackage{booktabs}" _n
. file write `cmp' "\usepackage{array}" _n
. file write `cmp' "\usepackage{multirow}" _n
. file write `cmp' "\usepackage{xcolor}" _n
. file write `cmp' "\usepackage{colortbl}" _n
. file write `cmp' "\usepackage{tabularx}" _n
. file write `cmp' "\usepackage{graphicx}" _n
. file write `cmp' "\usepackage{adjustbox}" _n
. file write `cmp' "\usepackage{amsmath}" _n
. file write `cmp' "\usepackage{amssymb}" _n
. file write `cmp' "\usepackage{titlesec}" _n
. file write `cmp' "\providecommand{\sym}[1]{\ifmmode^{#1}\else\(^{#1}\)\fi}" _
> n
. file write `cmp' "\titleformat{\section}{\normalfont\Large\bfseries\color{blu
> e!60!black}}{\thesection}{1em}{}" _n
. file write `cmp' "\newcommand{\OLD}[1]{\begin{center}\colorbox{red!8}{\parbox
> {0.97\linewidth}{\textbf{\textcolor{red!60!black}{ORIGINAL (downup\_ac):}}\pa
> r\vspace{0.4em}\centering\begin{adjustbox}{max width=\linewidth}#1\end{adjust
> box}}}\end{center}}" _n
. file write `cmp' "\newcommand{\NEW}[1]{\begin{center}\colorbox{green!8}{\parb
> ox{0.97\linewidth}{\textbf{\textcolor{green!50!black}{NEW (downup\_ac\_pop):}
> }\par\vspace{0.4em}\centering\begin{adjustbox}{max width=\linewidth}#1\end{ad
> justbox}}}\end{center}}" _n
. file write `cmp' "\begin{document}" _n
. file write `cmp' "\begin{center}{\Huge\bfseries Rural Replication Comparison}
> \\[0.4em]" _n
. file write `cmp' "{\large Treatment: \texttt{downup\_ac} vs \texttt{downup\_a
> c\_pop}}\\[0.4em]" _n
. file write `cmp' "{\normalsize Generated \today}\end{center}" _n
. file write `cmp' "\vspace{1em}" _n
. file write `cmp' "\noindent Each section shows the original specification (re
> d, treatment = \texttt{downup\_ac}) above the new specification (green, treat
> ment = \texttt{downup\_ac\_pop}). Both tex files are produced by the \texttt{
> \_generate\_all\_tables} dofiles in \texttt{code/\_replication\_rural} and \t
> exttt{code/\_replication\_rural\_acpop}.\par" _n
. file write `cmp' "\newpage" _n
. 
. * Emit a comparison section: title (already TeX-escaped), old tex stem, new t
> ex stem
. capture program drop _cmpsection
. program define _cmpsection
  1.     args fh title old new
  2.     file write `fh' "\section{`title'}" _n
  3.     file write `fh' "\noindent\textbf{Original file:} \texttt{`old'}\par" 
> _n
  4.     file write `fh' "\OLD{\IfFileExists{`old'}{\input{`old'}}{\textit{(mis
> sing: `old')}}}" _n
  5.     file write `fh' "\vspace{0.4em}" _n
  6.     file write `fh' "\noindent\textbf{New file:} \texttt{`new'}\par" _n
  7.     file write `fh' "\NEW{\IfFileExists{`new'}{\input{`new'}}{\textit{(mis
> sing: `new')}}}" _n
  8.     file write `fh' "\clearpage" _n
  9. end
. 
. _cmpsection `cmp' "Main DiD (\_main\_1\_did)" ///
>     "main_did_downup_area_ac${sample}_rural${ster_suffix}.tex" ///
>     "main_did_downup_ac${sample}_rural_acpop${ster_suffix}.tex"
. 
. _cmpsection `cmp' "Bureaucrat $\times$ Politician DiD (\_main\_3\_bureau\_pol
> isc\_did)" ///
>     "_main_3_bureau_polisc_did${sample}_rural${ster_suffix}.tex" ///
>     "_main_3_bureau_polisc_did${sample}_rural_acpop${ster_suffix}.tex"
. 
. _cmpsection `cmp' "Protest DiD with Down$>$Up (\_main\_4\_protest\_5km\_fe12\
> _did\_downup)" ///
>     "_main_4_protest_5km_fe12_did_downup${sample}_rural${ster_suffix}.tex" //
> /
>     "_main_4_protest_5km_fe12_did_downup${sample}_rural_acpop_new${ster_suffi
> x}.tex"
. 
. _cmpsection `cmp' "Politician Char DiD with Down$>$Up (\_main\_5\_polischar\_
> fe12\_did\_downup\_inter)" ///
>     "_main_5_polischar_fe12_did_downup_inter${sample}_rural${ster_suffix}.tex
> " ///
>     "_main_5_polischar_fe12_did_downup_inter${sample}_rural_acpop${ster_suffi
> x}.tex"
. 
. _cmpsection `cmp' "Alternative DVs (\_app\_7\_main\_did\_downup\_area\_ac\_dv
> )" ///
>     "_app_7_main_did_downup_area_ac_dv${sample}_rural${ster_suffix}.tex" ///
>     "_app_7_main_did_downup_area_ac_dv${sample}_rural_acpop${ster_suffix}.tex
> "
. 
. _cmpsection `cmp' "DiD by Year (\_app\_8\_main\_did\_by\_year)" ///
>     "_app_8_main_did_by_year${sample}_rural${ster_suffix}.tex" ///
>     "_app_8_main_did_by_year${sample}_rural_acpop${ster_suffix}.tex"
. 
. _cmpsection `cmp' "DiD by State (\_app\_9\_main\_did\_by\_state)" ///
>     "_app_9_main_did_by_state${sample}_rural${ster_suffix}.tex" ///
>     "_app_9_main_did_by_state${sample}_rural_acpop${ster_suffix}.tex"
. 
. _cmpsection `cmp' "Rice Moderators (\_app\_10\_did\_rice\_moderators)" ///
>     "_app_10_did_rice_moderators${sample}_rural${ster_suffix}.tex" ///
>     "_app_10_did_rice_moderators${sample}_rural_acpop${ster_suffix}.tex"
. 
. _cmpsection `cmp' "Politician Rice Mods (\_app\_14\_polischar\_fe12\_did\_ric
> emods)" ///
>     "_app_14_polischar_fe12_did_ricemods${sample}_rural${ster_suffix}.tex" //
> /
>     "_app_14_polischar_fe12_did_ricemods${sample}_rural_acpop${ster_suffix}.t
> ex"
. 
. _cmpsection `cmp' "Politician FE DiD (\_app\_15\_polischar\_fe12\_did)" ///
>     "_app_15_polischar_fe12_did${sample}_rural${ster_suffix}.tex" ///
>     "_app_15_polischar_fe12_did${sample}_rural_acpop${ster_suffix}.tex"
. 
. _cmpsection `cmp' "Downwind Heterogeneity (\_app\_20\_did\_downwind\_hm)" ///
>     "_app_20_did_downwind_hm${sample}_rural${ster_suffix}.tex" ///
>     "_app_20_did_downwind_hm${sample}_rural_acpop${ster_suffix}.tex"
. 
. file write `cmp' "\end{document}" _n
. file close `cmp'
. 
. display "Comparison document: ${tables}/_comparison_downup_ac_vs_acpop${sampl
> e}.tex"
Comparison document: /users/aquispe/proj_bureaucrats_farms_git/code/_stacked_do
> wnup_replication/../../tables/_comparison_downup_ac_vs_acpop.tex
. display "Compile with: pdflatex ${tables}/_comparison_downup_ac_vs_acpop${sam
> ple}.tex"
Compile with: pdflatex /users/aquispe/proj_bureaucrats_farms_git/code/_stacked_
> downup_replication/../../tables/_comparison_downup_ac_vs_acpop.tex
. }

. 
. *****************************************************************************
> ***
. if "$production_only" == "1" {
.     display as result "Production table pass completed."
. }

. else {
.     display "Table pass completed. Missing optional .ster files or model name
> s were reported above; available tables were generated."
Table pass completed. Missing optional .ster files or model names were reported
>  above; available tables were generated.
. }

. *****************************************************************************
> ***
. 
end of do-file

. 
. display as text "Generating interaction figures from local .ster files..."
Generating interaction figures from local .ster files...

. do "${code}/_generate_interaction_plots.do"

. *****************************************************************************
> ***
. * Generate every interaction figure from independently produced .ster files
. *****************************************************************************
> ***
. 
. version 17

. set more off

. set graphics off

. 
. if "$root" == "" {
.     clear all
.     global location     "dbox"
.     global sample       ""
.     global is_rural_var "is_rural"
.     global fe_list      "1"
.     global ster_suffix  ""
.     global shell "/groups/sgulzar/sa_fires/proj_bureaucrats_farms"
.     global dbox  "C:/Users/eunic/Dropbox/sa_fires/proj_bureaucrats_farms"
.     global code_shell "/users/aquisper/proj_bureaucrats_farms/code/_stacked_d
> ownup_replication"
.     global code_dbox "C:/Users/eunic/OneDrive/Documents/GitHub/proj_bureaucra
> ts_farms/code/_stacked_downup_replication"
.     if "$location" == "dbox" {
.         global root "$dbox"
.         global code "$code_dbox"
.     }
.     else {
.         global root "$shell"
.         global code "$code_shell"
.     }
. }

. 
. * Direct local runs generate only the two production population-weighted
. * figures. Set production_only=0 explicitly to request historical area plots.
. if "$production_only" == "" global production_only "1"

. 
. global tables  "${code}/../../tables"

. global figures "${code}/../../figures"

. capture mkdir "${figures}/Interaction_downwind"

. quietly do "${code}/interaction_graph.ado"

. 
. * Population-weighted figures actively referenced by main.tex.
. est clear

. interaction_graph using ///
>     "${tables}/_app_18_protest_5km_fe12_did_downup_plot${sample}_rural_acpop$
> {ster_suffix}.ster", ///
>     estimates(1) ///
>     output("${figures}/_app_18_protest_5km_fe12_did_downup_plot_rural_acpop${
> sample}${ster_suffix}") ///
>     type(protest) modvar(downup_ac_pop)

-------------------------------------------------------------------------------
             |           Dependent  Number of        
        Name | Command    variable     param.  Title 
-------------+-----------------------------------------------------------------
      evreg1 | reghdfejl    countk          9  HDFE linear regression with
             |                                 Julia
-------------------------------------------------------------------------------
(results evreg1 are active now)

INTERACTION AUDIT (CONTROL-PRE STANDARDIZED): protest, estimate evreg1, moderat
> or downup_ac_pop
Control pre  : b =     0.000000   95% CI [    0.000000,     0.000000]   90% CI 
> [    0.000000,     0.000000]
Control post : b =    -1.801207   95% CI [   -6.796530,     3.194117]   90% CI 
> [   -5.992694,     2.390280]
Treated post : b =    82.365557   95% CI [    5.509180,   159.221933]   90% CI 
> [   17.876739,   146.854374]
Difference   : b =    84.166763   SE =    39.697865   95% CI [    6.303364,   1
> 62.030162]   90% CI [   18.832970,   149.500556]   p =  0.034139
(file /users/aquispe/proj_bureaucrats_farms_git/code/_stacked_downup_replicatio
> n/../../figures/_app_18_protest_5km_fe12_did_downup_plot_rural_acpop_1.png no
> t found)
file /users/aquispe/proj_bureaucrats_farms_git/code/_stacked_downup_replication
> /../../figures/_app_18_protest_5km_fe12_did_downup_plot_rural_acpop_1.png wri
> tten in PNG format
Exported: /users/aquispe/proj_bureaucrats_farms_git/code/_stacked_downup_replic
> ation/../../figures/_app_18_protest_5km_fe12_did_downup_plot_rural_acpop_1.pn
> g

. copy "${figures}/_app_18_protest_5km_fe12_did_downup_plot_rural_acpop${sample
> }${ster_suffix}_1.png" ///
>      "${figures}/_app_18_protest_5km_fe12_did_downup_plot_rural_acpop${sample
> }${ster_suffix}.png", replace

. erase "${figures}/_app_18_protest_5km_fe12_did_downup_plot_rural_acpop${sampl
> e}${ster_suffix}_1.png"

. 
. est clear

. interaction_graph using ///
>     "${tables}/_app_19_polischar_fe12_did_downup_inter_plot${sample}_rural_ac
> pop${ster_suffix}.ster", ///
>     estimates(1) ///
>     output("${figures}/_app_19_polischar_fe12_did_downup_inter_plot_rural_acp
> op${sample}${ster_suffix}") ///
>     type(politician) modvar(downup_ac_pop)

-------------------------------------------------------------------------------
             |           Dependent  Number of        
        Name | Command    variable     param.  Title 
-------------+-----------------------------------------------------------------
      evreg1 | reghdfejl    countk          9  HDFE linear regression with
             |                                 Julia
-------------------------------------------------------------------------------
(results evreg1 are active now)

INTERACTION AUDIT (CONTROL-PRE STANDARDIZED): politician, estimate evreg1, mode
> rator downup_ac_pop
Control pre  : b =     0.000000   95% CI [    0.000000,     0.000000]   90% CI 
> [    0.000000,     0.000000]
Control post : b =    -0.839596   95% CI [  -11.805121,    10.125928]   90% CI 
> [  -10.040957,     8.361764]
Treated post : b =    10.083680   95% CI [   -7.721688,    27.889049]   90% CI 
> [   -4.857112,    25.024472]
Difference   : b =    10.923277   SE =     6.657833   95% CI [   -2.133075,    
> 23.979628]   90% CI [   -0.032533,    21.879086]   p =  0.101011
(file /users/aquispe/proj_bureaucrats_farms_git/code/_stacked_downup_replicatio
> n/../../figures/_app_19_polischar_fe12_did_downup_inter_plot_rural_acpop_1.pn
> g not found)
file /users/aquispe/proj_bureaucrats_farms_git/code/_stacked_downup_replication
> /../../figures/_app_19_polischar_fe12_did_downup_inter_plot_rural_acpop_1.png
>  written in PNG format
Exported: /users/aquispe/proj_bureaucrats_farms_git/code/_stacked_downup_replic
> ation/../../figures/_app_19_polischar_fe12_did_downup_inter_plot_rural_acpop_
> 1.png

. copy "${figures}/_app_19_polischar_fe12_did_downup_inter_plot_rural_acpop${sa
> mple}${ster_suffix}_1.png" ///
>      "${figures}/_app_19_polischar_fe12_did_downup_inter_plot_rural_acpop${sa
> mple}${ster_suffix}.png", replace

. erase "${figures}/_app_19_polischar_fe12_did_downup_inter_plot_rural_acpop${s
> ample}${ster_suffix}_1.png"

. 
. * Area-weighted historical figures are excluded from the production pass.
. if "$production_only" != "1" {
.     est clear
.     interaction_graph using ///
>         "${tables}/_app_18_protest_5km_fe12_did_downup_plot${sample}_rural${s
> ter_suffix}.ster", ///
>         estimates(1) ///
>         output("${figures}/Interaction_downwind/_app_downup_rel_protest${samp
> le}${ster_suffix}") ///
>         type(protest) modvar(downup_ac)
.     copy "${figures}/Interaction_downwind/_app_downup_rel_protest${sample}${s
> ter_suffix}_1.png" ///
>          "${figures}/Interaction_downwind/_app_downup_rel_protest${sample}${s
> ter_suffix}.png", replace
. 
.     est clear
.     interaction_graph using ///
>         "${tables}/_app_19_polischar_fe12_did_downup_inter_plot${sample}_rura
> l${ster_suffix}.ster", ///
>         estimates(1) ///
>         output("${figures}/Interaction_downwind/_app_downup_rel_polischar${sa
> mple}${ster_suffix}") ///
>         type(politician) modvar(downup_ac)
.     copy "${figures}/Interaction_downwind/_app_downup_rel_polischar${sample}$
> {ster_suffix}_1.png" ///
>          "${figures}/Interaction_downwind/_app_downup_rel_polischar${sample}$
> {ster_suffix}.png", replace
. }

. 
. display as result "Generated protest and politician interaction figures in ${
> figures}"
Generated protest and politician interaction figures in /users/aquispe/proj_bur
> eaucrats_farms_git/code/_stacked_downup_replication/../../figures

. 
end of do-file

. 
. display as text "Generating the neighbour figure from its local .ster file...
> "
Generating the neighbour figure from its local .ster file...

. do "${code}/_main_6_neighbour_plot.do"

. *****************************************************************************
> ***
. * Plot neighbour-border estimates used by main.tex
. *****************************************************************************
> ***
. 
. if "$root" == "" {
.     clear all
.     set more off
.     global location     "dbox"
.     global sample       ""
.     global is_rural_var "is_rural"
.     global fe_list      "1"
.     global ster_suffix  ""
.     global shell "/groups/sgulzar/sa_fires/proj_bureaucrats_farms"
.     global dbox  "/Users/anzony.quisperojas/Library/CloudStorage/Dropbox/sa_f
> ires/proj_bureaucrats_farms"
.     if "$location" == "dbox" {
.         global root "$dbox"
.     }
.     else {
.         global root "$shell"
.     }
. }

. 
. global tables  "${code}/../../tables"

. global figures "${code}/../../figures"

. 
. est clear

. estread using "${tables}/main_figure4_neighbour${sample}_rural${ster_suffix}.
> ster"

-------------------------------------------------------------------------------
             |           Dependent  Number of        
        Name | Command    variable     param.  Title 
-------------+-----------------------------------------------------------------
        reg1 | reghdfejl    countk          9  HDFE linear regression with
             |                                 Julia
-------------------------------------------------------------------------------

. est restore reg1
(results reg1 are active now)

. 
. tempfile plotdata controls

. clear

. set obs 1
Number of observations (_N) was 0, now 1.

. forvalues q = 1/4 {
  2.     gen point`q' = _b[`q'.dist_q#1.downwind_neighbours]
  3.     gen lo`q' = point`q' - 1.96 * _se[`q'.dist_q#1.downwind_neighbours]
  4.     gen hi`q' = point`q' + 1.96 * _se[`q'.dist_q#1.downwind_neighbours]
  5.     gen cpoint`q' = _b[`q'.dist_q]
  6.     gen clo`q' = cpoint`q' - 1.96 * _se[`q'.dist_q]
  7.     gen chi`q' = cpoint`q' + 1.96 * _se[`q'.dist_q]
  8. }

. save `plotdata'
file /tmp/1508735.1.long/St1126673.000001 saved as .dta format

. 
. keep cpoint* clo* chi*

. rename (cpoint1 clo1 chi1 cpoint2 clo2 chi2 cpoint3 clo3 chi3 cpoint4 clo4 ch
> i4) ///
>        (point1  lo1  hi1  point2  lo2  hi2  point3  lo3  hi3  point4  lo4  hi
> 4)

. gen series = 2

. save `controls'
file /tmp/1508735.1.long/St1126673.000002 saved as .dta format

. 
. use `plotdata', clear

. keep point* lo* hi*

. gen series = 1

. append using `controls'

. gen point5 = 0

. gen lo5 = 0

. gen hi5 = 0

. reshape long point lo hi, i(series) j(order)
(j = 1 2 3 4 5)

Data                               Wide   ->   Long
-----------------------------------------------------------------------------
Number of observations                2   ->   10          
Number of variables                  16   ->   5           
j variable (5 values)                     ->   order
xij variables:
               point1 point2 ... point5   ->   point
                        lo1 lo2 ... lo5   ->   lo
                        hi1 hi2 ... hi5   ->   hi
-----------------------------------------------------------------------------

. 
. set scheme plotplainblind

. twoway ///
>     (rarea lo hi order if series == 1, color(red%10)) ///
>     (connect point order if series == 1, msymbol(S) color(red)) ///
>     (rarea lo hi order if series == 2, color(blue%10)) ///
>     (connect point order if series == 2, msymbol(T) color(blue)), ///
>     xtitle("Distance from Assembly border segment g (quintiles)") ///
>     ytitle("Effect on number of fires (x 1,000 units)") ///
>     yline(0, lpattern(dash)) xlabel(1 "Closest" 5 "Farthest") legend(off)

. 
. graph export "${figures}/neighbor_output${sample}${ster_suffix}.pdf", replace
>  as(pdf)
file
    /users/aquispe/proj_bureaucrats_farms_git/code/_stacked_downup_replicatio
    > n/../../figures/neighbor_output.pdf saved as PDF format

. 
. *****************************************************************************
> ***
. 
end of do-file

. 
. display as result "LOCAL STATA POST-PROCESSING COMPLETED"
LOCAL STATA POST-PROCESSING COMPLETED

. display as result "CSV/TEX outputs: ${tables}"
CSV/TEX outputs: /users/aquispe/proj_bureaucrats_farms_git/code/_stacked_downup
> _replication/../../tables

. display as result "Stata figure outputs: ${figures}"
Stata figure outputs: /users/aquispe/proj_bureaucrats_farms_git/code/_stacked_d
> ownup_replication/../../figures

. 
end of do-file

. 
. display as result "COMPLETED: `dofile' at $S_DATE $S_TIME"
COMPLETED: _run_local_ster_postprocessing.do at  5 Oct 2026 16:29:30

. 
end of do-file
