
  ___  ____  ____  ____  ____ ®
 /__    /   ____/   /   ____/      StataNow 19.5
___/   /   /___/   /   /___/       MP—Parallel Edition

 Statistics and Data Science       Copyright 1985-2025 StataCorp LLC
                                   StataCorp
                                   4905 Lakeway Drive
                                   College Station, Texas 77845 USA
                                   800-782-8272        https://www.stata.com
                                   979-696-4600        service@stata.com

Stata license: 4-user 16-core network, expiring 14 Sep 2026
Serial number: 501909301589
  Licensed to: University of Notre Dame
               Notre Dame, IN 46556

Notes:
      1. Stata is running in batch mode.
      2. Unicode is supported; see help unicode_advice.
      3. More than 2 billion observations are allowed; see help obs_advice.
      4. Maximum number of variables is set to 5,000 but can be increased;
          see help set_maxvar.

. do /users/aquisper/proj_bureaucrats_farms/code/_stacked_downup_replication/ex
> ploratory_analysis/politician_original_controls_fe_sweep/_run_politician_orig
> inal_control_all32.do 

. *****************************************************************************
> ***
. * Original politician dataset: one import, 32 FE loops, one control definitio
> n.
. *
. * One Stata process performs two independent loops and saves every FE result:
. *   1. Event study, relative years -5,...,4, omitting -1.
. *   2. DiD interaction post x treat x downup_ac_pop.
. *****************************************************************************
> ***
. version 17

. clear all

. set more off

. set processors 1
    The maximum number of processors or cores being used is changed from 16
    to 1.  It can be set to any number between 1 and 16

. 
. args control_arg

. local control_env : environment POL_ORIGINAL_CONTROL_SAMPLE

. local sample_env : environment ANALYSIS_SAMPLE_SUFFIX

. local control_sample "`control_arg'"

. if "`control_sample'" == "" local control_sample "`control_env'"

. if "`control_sample'" == "" local control_sample "never"

. if !inlist("`control_sample'", "never", "both", "notyet") {
.     display as error "Control sample must be never, both, or notyet."
.     exit 198
. }

. 
. * Standalone defaults for the five standard parameters.
. global location     "shell"

. global sample       "`sample_env'"

. global is_rural_var "is_rural"

. global fe_list      "1/32"

. global ster_suffix  "_acpop"

. global root "/groups/sgulzar/sa_fires/proj_bureaucrats_farms"

. global code "/users/aquisper/proj_bureaucrats_farms/code/_stacked_downup_repl
> ication"

. global int_data "${root}/data_output/intermediate"

. global tables "${code}/../../tables/exploratory_analysis/politician_original_
> controls_fe_sweep"

. global figures "${code}/../../figures/exploratory_analysis/politician_origina
> l_controls_fe_sweep"

. if "${sample}" == "_sample" {
.     global tables "${tables}/sample"
.     global figures "${figures}/sample"
. }

. capture mkdir "${tables}"

. capture mkdir "${figures}"

. 
. *****************************************************************************
> ***
. * Import and prepare the common sample exactly once.
. *****************************************************************************
> ***
. local input_file "${int_data}/politicians_characteristics${sample}.csv"

. confirm file "`input_file'"

. display as text "Input: `input_file' | controls: `control_sample'"
Input: /groups/sgulzar/sa_fires/proj_bureaucrats_farms/data_output/intermediate
> /politicians_characteristics_sample.csv | controls: notyet

. import delimited using "`input_file'", clear varnames(1)
(encoding automatically selected: ISO-8859-1)
(22 vars, 265,377 obs)

. 
. capture confirm variable relative_year_bin

. if _rc {
.     confirm variable relative_year
.     rename relative_year relative_year_bin
. }

. local required unique_small_grid_id province ac_uq_id count month year ///
>     monthyear downup_ac_pop av_wind_speed wind_direction election_year ///
>     yeargov treat cohort relative_year_bin control_type

. foreach variable of local required {
  2.     capture confirm variable `variable'
  3.     if _rc {
  4.         display as error "Required variable absent: `variable'"
  5.         exit 111
  6.     }
  7. }

. assert control_type == 0 if treat == 1

. assert inlist(control_type, 1, 2) if treat == 0

. 
. gen double countk = count * 1000

. merge m:1 unique_small_grid_id using ///
>     "${int_data}/ghs_grid_classification_2000.dta", ///
>     keep(master match) keepusing(is_rural)

    Result                      Number of obs
    -----------------------------------------
    Not matched                             0
    Matched                           265,377  (_merge==3)
    -----------------------------------------

. count if _merge == 1
  0

. display as text "Rows without rural classification: " r(N)
Rows without rural classification: 0

. drop _merge

. keep if ${is_rural_var} == 1
(65,640 observations deleted)

. keep if year < 2022 | (year == 2022 & month <= 8)
(40,908 observations deleted)

. 
. if "`control_sample'" == "never" {
.     keep if treat == 1 | control_type == 1
. }

. else if "`control_sample'" == "notyet" {
.     keep if treat == 1 | control_type == 2
(75,000 observations deleted)
.     display as error "CAUTION: control_type 2 is the legacy partial-zero-spel
> l group."
CAUTION: control_type 2 is the legacy partial-zero-spell group.
. }

. 
. gen byte fe_complete = 1

. local complete_vars unique_small_grid_id province ac_uq_id month year ///
>     monthyear election_year yeargov cohort countk downup_ac_pop ///
>     av_wind_speed wind_direction treat relative_year_bin control_type

. foreach variable of local complete_vars {
  2.     replace fe_complete = 0 if missing(`variable')
  3. }
(0 real changes made)
(0 real changes made)
(0 real changes made)
(0 real changes made)
(0 real changes made)
(0 real changes made)
(0 real changes made)
(0 real changes made)
(0 real changes made)
(0 real changes made)
(0 real changes made)
(0 real changes made)
(0 real changes made)
(0 real changes made)
(0 real changes made)
(0 real changes made)

. count if fe_complete == 0
  0

. display as text "Rows removed by common complete-case restriction: " r(N)
Rows removed by common complete-case restriction: 0

. drop if fe_complete == 0
(0 observations deleted)

. drop fe_complete

. 
. egen long unique_small_grid_id_cohort = group(unique_small_grid_id cohort)

. egen long province_cohort = group(province cohort)

. egen long monthyearco = group(month year cohort)

. egen long ac_elec_yr = group(ac_uq_id election_year cohort)

. 
. local fe1  "unique_small_grid_id_cohort"

. local fe2  "unique_small_grid_id_cohort monthyearco"

. local fe3  "unique_small_grid_id_cohort province_cohort#c.monthyear"

. local fe4  "unique_small_grid_id_cohort yeargov"

. local fe5  "unique_small_grid_id_cohort province_cohort#election_year"

. local fe6  "unique_small_grid_id_cohort province_cohort#election_year#yeargov
> "

. local fe7  "unique_small_grid_id_cohort monthyearco province_cohort#c.monthye
> ar"

. local fe8  "unique_small_grid_id_cohort monthyearco yeargov"

. local fe9  "unique_small_grid_id_cohort monthyearco province_cohort#election_
> year"

. local fe10 "unique_small_grid_id_cohort monthyearco province_cohort#election_
> year#yeargov"

. local fe11 "unique_small_grid_id_cohort province_cohort#c.monthyear yeargov"

. local fe12 "unique_small_grid_id_cohort province_cohort#c.monthyear province_
> cohort#election_year"

. local fe13 "unique_small_grid_id_cohort province_cohort#c.monthyear province_
> cohort#election_year#yeargov"

. local fe14 "unique_small_grid_id_cohort yeargov province_cohort#election_year
> "

. local fe15 "unique_small_grid_id_cohort yeargov province_cohort#election_year
> #yeargov"

. local fe16 "unique_small_grid_id_cohort province_cohort#election_year provinc
> e_cohort#election_year#yeargov"

. local fe17 "unique_small_grid_id_cohort monthyearco province_cohort#c.monthye
> ar yeargov"

. local fe18 "unique_small_grid_id_cohort monthyearco province_cohort#c.monthye
> ar province_cohort#election_year"

. local fe19 "unique_small_grid_id_cohort monthyearco province_cohort#c.monthye
> ar province_cohort#election_year#yeargov"

. local fe20 "unique_small_grid_id_cohort monthyearco yeargov province_cohort#e
> lection_year"

. local fe21 "unique_small_grid_id_cohort monthyearco yeargov province_cohort#e
> lection_year#yeargov"

. local fe22 "unique_small_grid_id_cohort monthyearco province_cohort#election_
> year province_cohort#election_year#yeargov"

. local fe23 "unique_small_grid_id_cohort province_cohort#c.monthyear yeargov p
> rovince_cohort#election_year"

. local fe24 "unique_small_grid_id_cohort province_cohort#c.monthyear yeargov p
> rovince_cohort#election_year#yeargov"

. local fe25 "unique_small_grid_id_cohort province_cohort#c.monthyear province_
> cohort#election_year province_cohort#election_year#yeargov"

. local fe26 "unique_small_grid_id_cohort yeargov province_cohort#election_year
>  province_cohort#election_year#yeargov"

. local fe27 "unique_small_grid_id_cohort monthyearco province_cohort#c.monthye
> ar yeargov province_cohort#election_year"

. local fe28 "unique_small_grid_id_cohort monthyearco province_cohort#c.monthye
> ar yeargov province_cohort#election_year#yeargov"

. local fe29 "unique_small_grid_id_cohort monthyearco province_cohort#c.monthye
> ar province_cohort#election_year province_cohort#election_year#yeargov"

. local fe30 "unique_small_grid_id_cohort monthyearco yeargov province_cohort#e
> lection_year province_cohort#election_year#yeargov"

. local fe31 "unique_small_grid_id_cohort province_cohort#c.monthyear yeargov p
> rovince_cohort#election_year province_cohort#election_year#yeargov"

. local fe32 "unique_small_grid_id_cohort monthyearco province_cohort#c.monthye
> ar yeargov province_cohort#election_year province_cohort#election_year#yeargo
> v"

. 
. tempfile full_analysis_sample

. save `full_analysis_sample'
file /tmp/1350517.1.largemem/St2812688.000001 saved as .dta format

. 
. *****************************************************************************
> ***
. * Event-study loop: prepare once, estimate FE 1/32, save each independently.
. *****************************************************************************
> ***
. use `full_analysis_sample', clear

. keep if inrange(relative_year_bin, -5, 4)
(6,625 observations deleted)

. quietly summarize relative_year_bin

. assert r(min) == -5

. assert r(max) == 4

. gen int relative_year_bin_aux = relative_year_bin + 6

. local base = 5

. gen byte moderator = 0

. * local moderators_list moderator downup_ac rice_area_aclvl_ahigh rice_harvar
> ea_aclvl_ahigh rice_prod_aclvl_ahigh
. local moderators_list moderator

. 
. count if treat == 1
  37,910

. local event_n_treated = r(N)

. count if treat == 0
  39,294

. local event_n_control = r(N)

. egen byte event_tag_ac = tag(ac_uq_id)

. count if event_tag_ac
  313

. local event_numacs = r(N)

. drop event_tag_ac

. quietly summarize countk if treat == 1 & relative_year_bin <= -1

. local event_ymean = r(mean)

. quietly summarize countk if treat == 1 & relative_year_bin <= -1 & moderator 
> == 1

. local event_ymean2 = r(mean)

. 
. foreach mod of local moderators_list {
  2.     replace moderator = `mod'
  3.     local event_rhs "ib`base'.relative_year_bin_aux##ib0.treat##ib0.`mod' 
> wind_direction av_wind_speed"
  4.     foreach fe of numlist $fe_list {
  5.         local fespec "`fe`fe''"
  6.         local tag : display %02.0f `fe'
  7.         local tag = strtrim("`tag'")
  8.         local prefix "politician_original_fe`tag'_controls_`control_sample
> '"
  9.         display as result "EVENT controls=`control_sample' FE=`fe'/32: `fe
> spec'"
 10.         est clear
 11.         reghdfejl countk `event_rhs', absorb(`fespec') vce(cluster ac_elec
> _yr)
 12.         estadd scalar ymean = `event_ymean'
 13.         estadd scalar ymean2 = `event_ymean2'
 14.         estadd scalar acq = `event_numacs'
 15.         estadd scalar fe_id = `fe'
 16.         estadd scalar n_treated = `event_n_treated'
 17.         estadd scalar n_control = `event_n_control'
 18.         estadd local smpl "Rural"
 19.         estadd local fespec "`fespec'"
 20.         estadd local mod "`mod'"
 21.         estadd local controls "`control_sample'"
 22.         est store evreg1
 23.         local out "${tables}/`prefix'_event_rural_acpop_all"
 24.         estwrite evreg1 using "`out'.ster", replace
 25.         confirm file "`out'.ster"
 26.     }
 27. }
(0 real changes made)
EVENT controls=notyet FE=1/32: unique_small_grid_id_cohort
(MWFE estimator converged in 1 iterations)

HDFE linear regression with Julia                 Number of obs   =     77,204
Absorbing 1 HDFE group                            F(  20,    683) =       6.12
Statistics cluster-robust                         Prob > F        =     0.0000
                                                  R-squared       =     0.1007
                                                  Adj R-squared   =     0.0872
Number of clusters (ac_elec_yr) =        684      Within R-sq.    =     0.0069
                                                  Root MSE        =   809.1281

                           (Std. err. adjusted for 684 clusters in ac_elec_yr)
------------------------------------------------------------------------------
             |               Robust
      countk | Coefficient  std. err.      t    P>|t|     [95% conf. interval]
-------------+----------------------------------------------------------------
relative_y~x |
          1  |  -13.00319   16.74012    -0.78   0.438    -45.87147    19.86508
          2  |  -45.25267   12.59355    -3.59   0.000    -69.97939   -20.52594
          3  |  -36.90817   13.59375    -2.72   0.007    -63.59873   -10.21762
          4  |  -18.53073   11.72003    -1.58   0.114    -41.54234    4.480889
          6  |  -26.22408   15.22134    -1.72   0.085    -56.11031    3.662147
          7  |  -43.39474   16.89426    -2.57   0.010    -76.56567   -10.22381
          8  |  -34.80367    17.5769    -1.98   0.048     -69.3149   -.2924255
          9  |  -25.36299   17.22902    -1.47   0.141     -59.1912    8.465211
         10  |  -8.664264   18.92365    -0.46   0.647    -45.81979    28.49126
             |
     1.treat |          0  (omitted)
wind_direc~n |  -.6514653   .0732011    -8.90   0.000    -.7951914   -.5077391
av_wind_sp~d |   59.26516   13.72123     4.32   0.000      32.3243    86.20601
             |
relative_y~x#|
       treat |
        1 1  |  -.1807628   19.91205    -0.01   0.993    -39.27694    38.91541
        2 1  |   18.90231   17.08273     1.11   0.269    -14.63867    52.44329
        3 1  |   2.443961    17.6918     0.14   0.890     -32.2929    37.18082
        4 1  |  -15.82302   15.78363    -1.00   0.316    -46.81328    15.16725
        6 1  |   34.08778   20.23379     1.68   0.093    -5.640112    73.81568
        7 1  |   33.44702   20.78785     1.61   0.108    -7.368747    74.26278
        8 1  |   23.68838   22.90375     1.03   0.301    -21.28185     68.6586
        9 1  |   34.80198    22.3745     1.56   0.120    -9.129082    78.73304
       10 1  |    34.8041   24.51417     1.42   0.156    -13.32808    82.93629
------------------------------------------------------------------------------

added scalar:
              e(ymean) =  105.52546

added scalar:
             e(ymean2) =  .

added scalar:
                e(acq) =  313

added scalar:
              e(fe_id) =  1

added scalar:
          e(n_treated) =  37910

added scalar:
          e(n_control) =  39294

added macro:
               e(smpl) : "Rural"

added macro:
             e(fespec) : "unique_small_grid_id_cohort"

added macro:
                e(mod) : "moderator"

added macro:
           e(controls) : "notyet"
(saving evreg1)
(file /users/aquisper/proj_bureaucrats_farms/code/_stacked_downup_replication/.
> ./../tables/exploratory_analysis/politician_original_controls_fe_sweep/sample
> /politician_original_fe01_controls_notyet_event_rural_acpop_all.ster saved)
EVENT controls=notyet FE=2/32: unique_small_grid_id_cohort monthyearco
(MWFE estimator converged in 10 iterations)

HDFE linear regression with Julia                 Number of obs   =     77,204
Absorbing 2 HDFE groups                           F(  11,    683) =       3.64
Statistics cluster-robust                         Prob > F        =     0.0000
                                                  R-squared       =     0.1299
                                                  Adj R-squared   =     0.1148
Number of clusters (ac_elec_yr) =        684      Within R-sq.    =     0.0024
                                                  Root MSE        =   796.7912

                           (Std. err. adjusted for 684 clusters in ac_elec_yr)
------------------------------------------------------------------------------
             |               Robust
      countk | Coefficient  std. err.      t    P>|t|     [95% conf. interval]
-------------+----------------------------------------------------------------
relative_y~x |
          1  |          0  (omitted)
          2  |          0  (omitted)
          3  |          0  (omitted)
          4  |          0  (omitted)
          6  |          0  (omitted)
          7  |          0  (omitted)
          8  |          0  (omitted)
          9  |          0  (omitted)
         10  |          0  (omitted)
             |
     1.treat |          0  (omitted)
wind_direc~n |  -.3099246   .0605022    -5.12   0.000    -.4287172   -.1911321
av_wind_sp~d |   148.6197   37.89971     3.92   0.000     74.20574    223.0336
             |
relative_y~x#|
       treat |
        1 1  |   3.029104   19.69928     0.15   0.878    -35.64932    41.70753
        2 1  |   22.33173   16.89926     1.32   0.187      -10.849    55.51247
        3 1  |   .1711416   17.34349     0.01   0.992    -33.88181    34.22409
        4 1  |  -14.47063   15.74625    -0.92   0.358    -45.38749    16.44623
        6 1  |   37.00077   20.23297     1.83   0.068    -2.725518    76.72706
        7 1  |   39.42693   21.07711     1.87   0.062    -1.956785    80.81064
        8 1  |    29.2393    23.2236     1.26   0.208    -16.35892    74.83751
        9 1  |   43.84966    22.8009     1.92   0.055    -.9186172    88.61793
       10 1  |   41.33657   24.16523     1.71   0.088    -6.110496    88.78364
------------------------------------------------------------------------------

added scalar:
              e(ymean) =  105.52546

added scalar:
             e(ymean2) =  .

added scalar:
                e(acq) =  313

added scalar:
              e(fe_id) =  2

added scalar:
          e(n_treated) =  37910

added scalar:
          e(n_control) =  39294

added macro:
               e(smpl) : "Rural"

added macro:
             e(fespec) : "unique_small_grid_id_cohort monthyearco"

added macro:
                e(mod) : "moderator"

added macro:
           e(controls) : "notyet"
(saving evreg1)
(file /users/aquisper/proj_bureaucrats_farms/code/_stacked_downup_replication/.
> ./../tables/exploratory_analysis/politician_original_controls_fe_sweep/sample
> /politician_original_fe02_controls_notyet_event_rural_acpop_all.ster saved)
EVENT controls=notyet FE=3/32: unique_small_grid_id_cohort province_cohort#c.mo
> nthyear
(MWFE estimator converged in 19 iterations)

HDFE linear regression with Julia                 Number of obs   =     77,204
Absorbing 2 HDFE groups                           F(  20,    683) =       6.75
Statistics cluster-robust                         Prob > F        =     0.0000
                                                  R-squared       =     0.1016
                                                  Adj R-squared   =     0.0879
Number of clusters (ac_elec_yr) =        684      Within R-sq.    =     0.0076
                                                  Root MSE        =   808.8035

                           (Std. err. adjusted for 684 clusters in ac_elec_yr)
------------------------------------------------------------------------------
             |               Robust
      countk | Coefficient  std. err.      t    P>|t|     [95% conf. interval]
-------------+----------------------------------------------------------------
relative_y~x |
          1  |  -329.0445   67.91576    -4.84   0.000    -462.3932   -195.6957
          2  |  -290.1344   52.48015    -5.53   0.000    -393.1762   -187.0926
          3  |  -197.6435   36.04874    -5.48   0.000    -268.4232   -126.8639
          4  |  -98.68237   21.00624    -4.70   0.000    -139.9269    -57.4378
          6  |   54.97076   23.91863     2.30   0.022     8.007878    101.9336
          7  |   124.9218   40.91636     3.05   0.002     44.58482    205.2587
          8  |   213.5722   56.77415     3.76   0.000     102.0993     325.045
          9  |   301.6605   67.47313     4.47   0.000     169.1808    434.1401
         10  |   401.1562   86.95587     4.61   0.000     230.4233    571.8891
             |
     1.treat |          0  (omitted)
wind_direc~n |  -.6788007   .0757724    -8.96   0.000    -.8275754    -.530026
av_wind_sp~d |   45.31031   14.57421     3.11   0.002     16.69467    73.92595
             |
relative_y~x#|
       treat |
        1 1  |   4.627786   20.18574     0.23   0.819    -35.00577    44.26134
        2 1  |    24.1333   17.53548     1.38   0.169    -10.29662    58.56322
        3 1  |   3.332874   17.82624     0.19   0.852    -31.66794    38.33369
        4 1  |  -16.07116   16.15805    -0.99   0.320    -47.79657    15.65425
        6 1  |   28.49875   20.79079     1.37   0.171    -12.32279    69.32029
        7 1  |   26.34177   21.77777     1.21   0.227    -16.41765    69.10119
        8 1  |   17.53177     23.893     0.73   0.463    -29.38078    64.44432
        9 1  |    30.8496   23.21643     1.33   0.184    -14.73455    76.43375
       10 1  |   28.82972   24.46733     1.18   0.239     -19.2105    76.86994
------------------------------------------------------------------------------

added scalar:
              e(ymean) =  105.52546

added scalar:
             e(ymean2) =  .

added scalar:
                e(acq) =  313

added scalar:
              e(fe_id) =  3

added scalar:
          e(n_treated) =  37910

added scalar:
          e(n_control) =  39294

added macro:
               e(smpl) : "Rural"

added macro:
             e(fespec) : "unique_small_grid_id_cohort province_cohort#c.monthye
> ar"

added macro:
                e(mod) : "moderator"

added macro:
           e(controls) : "notyet"
(saving evreg1)
(file /users/aquisper/proj_bureaucrats_farms/code/_stacked_downup_replication/.
> ./../tables/exploratory_analysis/politician_original_controls_fe_sweep/sample
> /politician_original_fe03_controls_notyet_event_rural_acpop_all.ster saved)
EVENT controls=notyet FE=4/32: unique_small_grid_id_cohort yeargov
(MWFE estimator converged in 7 iterations)

HDFE linear regression with Julia                 Number of obs   =     77,204
Absorbing 2 HDFE groups                           F(  20,    683) =       6.06
Statistics cluster-robust                         Prob > F        =     0.0000
                                                  R-squared       =     0.1008
                                                  Adj R-squared   =     0.0872
Number of clusters (ac_elec_yr) =        684      Within R-sq.    =     0.0069
                                                  Root MSE        =   809.1193

                           (Std. err. adjusted for 684 clusters in ac_elec_yr)
------------------------------------------------------------------------------
             |               Robust
      countk | Coefficient  std. err.      t    P>|t|     [95% conf. interval]
-------------+----------------------------------------------------------------
relative_y~x |
          1  |   3.669749   20.49337     0.18   0.858    -36.56783    43.90733
          2  |  -31.49959   14.96227    -2.11   0.036    -60.87716   -2.122013
          3  |  -43.46797   17.20402    -2.53   0.012    -77.24709   -9.688841
          4  |  -17.12343   13.88904    -1.23   0.218    -44.39376    10.14691
          6  |  -11.76558   17.75322    -0.66   0.508    -46.62302    23.09186
          7  |   -29.1842   17.60073    -1.66   0.098    -63.74223    5.373829
          8  |  -48.45746   21.00511    -2.31   0.021    -89.69981   -7.215114
          9  |  -35.54766   19.85263    -1.79   0.074    -74.52718    3.431858
         10  |  -21.15498   20.51379    -1.03   0.303    -61.43265    19.12269
             |
     1.treat |          0  (omitted)
wind_direc~n |  -.6536786   .0733118    -8.92   0.000    -.7976222   -.5097349
av_wind_sp~d |   59.18722   13.71342     4.32   0.000     32.26169    86.11275
             |
relative_y~x#|
       treat |
        1 1  |   14.55629   19.96669     0.73   0.466    -24.64717    53.75975
        2 1  |   37.17274    18.2483     2.04   0.042     1.343238    73.00224
        3 1  |    6.03682   18.69625     0.32   0.747    -30.67221    42.74585
        4 1  |  -15.75777   16.31828    -0.97   0.335    -47.79779    16.28224
        6 1  |   51.10249   21.76131     2.35   0.019     8.375395    93.82958
        7 1  |   51.24842   22.46846     2.28   0.023      7.13287    95.36397
        8 1  |   34.39865   24.58111     1.40   0.162    -13.86496    82.66226
        9 1  |   46.49594   23.83954     1.95   0.052     -.311652    93.30353
       10 1  |   47.29185   25.77429     1.83   0.067    -3.314516    97.89821
------------------------------------------------------------------------------

added scalar:
              e(ymean) =  105.52546

added scalar:
             e(ymean2) =  .

added scalar:
                e(acq) =  313

added scalar:
              e(fe_id) =  4

added scalar:
          e(n_treated) =  37910

added scalar:
          e(n_control) =  39294

added macro:
               e(smpl) : "Rural"

added macro:
             e(fespec) : "unique_small_grid_id_cohort yeargov"

added macro:
                e(mod) : "moderator"

added macro:
           e(controls) : "notyet"
(saving evreg1)
(file /users/aquisper/proj_bureaucrats_farms/code/_stacked_downup_replication/.
> ./../tables/exploratory_analysis/politician_original_controls_fe_sweep/sample
> /politician_original_fe04_controls_notyet_event_rural_acpop_all.ster saved)
EVENT controls=notyet FE=5/32: unique_small_grid_id_cohort province_cohort#elec
> tion_year
(MWFE estimator converged in 12 iterations)

HDFE linear regression with Julia                 Number of obs   =     77,204
Absorbing 2 HDFE groups                           F(  20,    683) =       5.98
Statistics cluster-robust                         Prob > F        =     0.0000
                                                  R-squared       =     0.1012
                                                  Adj R-squared   =     0.0874
Number of clusters (ac_elec_yr) =        684      Within R-sq.    =     0.0069
                                                  Root MSE        =   809.0175

                           (Std. err. adjusted for 684 clusters in ac_elec_yr)
------------------------------------------------------------------------------
             |               Robust
      countk | Coefficient  std. err.      t    P>|t|     [95% conf. interval]
-------------+----------------------------------------------------------------
relative_y~x |
          1  |  -21.63942   16.91445    -1.28   0.201    -54.84999    11.57114
          2  |  -54.71963   13.46015    -4.07   0.000    -81.14788   -28.29139
          3  |  -43.16894   14.71803    -2.93   0.003    -72.06696   -14.27091
          4  |  -20.13598   11.54758    -1.74   0.082    -42.80899    2.537029
          6  |  -9.379543   21.47227    -0.44   0.662    -51.53912    32.78004
          7  |  -23.65343   22.46947    -1.05   0.293    -67.77097    20.46411
          8  |  -13.24871   22.82182    -0.58   0.562    -58.05807    31.56065
          9  |  -.5772208   23.36993    -0.02   0.980    -46.46276    45.30832
         10  |   17.38041   25.40227     0.68   0.494     -32.4955    67.25632
             |
     1.treat |          0  (omitted)
wind_direc~n |  -.6546915   .0740289    -8.84   0.000     -.800043     -.50934
av_wind_sp~d |   58.81308   13.75721     4.28   0.000     31.80158    85.82458
             |
relative_y~x#|
       treat |
        1 1  |   8.874809   20.07326     0.44   0.659    -30.53789    48.28751
        2 1  |    28.3343   17.77147     1.59   0.111    -6.558969    63.22756
        3 1  |   8.665154   18.50228     0.47   0.640    -27.66302    44.99332
        4 1  |  -14.27501   15.58644    -0.92   0.360    -44.87809    16.32808
        6 1  |   40.06827   21.85084     1.83   0.067    -2.834626    82.97116
        7 1  |   43.87724   23.28844     1.88   0.060    -1.848302    89.60277
        8 1  |   32.34462   24.61398     1.31   0.189    -15.98353    80.67278
        9 1  |   40.23463   24.16073     1.67   0.096    -7.203586    87.67285
       10 1  |   38.97202   24.71979     1.58   0.115     -9.56388    87.50793
------------------------------------------------------------------------------

added scalar:
              e(ymean) =  105.52546

added scalar:
             e(ymean2) =  .

added scalar:
                e(acq) =  313

added scalar:
              e(fe_id) =  5

added scalar:
          e(n_treated) =  37910

added scalar:
          e(n_control) =  39294

added macro:
               e(smpl) : "Rural"

added macro:
             e(fespec) : "unique_small_grid_id_cohort province_cohort#election_
> year"

added macro:
                e(mod) : "moderator"

added macro:
           e(controls) : "notyet"
(saving evreg1)
(file /users/aquisper/proj_bureaucrats_farms/code/_stacked_downup_replication/.
> ./../tables/exploratory_analysis/politician_original_controls_fe_sweep/sample
> /politician_original_fe05_controls_notyet_event_rural_acpop_all.ster saved)
EVENT controls=notyet FE=6/32: unique_small_grid_id_cohort province_cohort#elec
> tion_year#yeargov
(MWFE estimator converged in 12 iterations)

HDFE linear regression with Julia                 Number of obs   =     77,204
Absorbing 2 HDFE groups                           F(  20,    683) =       6.45
Statistics cluster-robust                         Prob > F        =     0.0000
                                                  R-squared       =     0.1025
                                                  Adj R-squared   =     0.0882
Number of clusters (ac_elec_yr) =        684      Within R-sq.    =     0.0068
                                                  Root MSE        =   808.6600

                           (Std. err. adjusted for 684 clusters in ac_elec_yr)
------------------------------------------------------------------------------
             |               Robust
      countk | Coefficient  std. err.      t    P>|t|     [95% conf. interval]
-------------+----------------------------------------------------------------
relative_y~x |
          1  |  -43.73655   100.4284    -0.44   0.663    -240.9221    153.4489
          2  |  -63.64816   78.61087    -0.81   0.418    -217.9962    90.69983
          3  |  -24.42836   60.34638    -0.40   0.686    -142.9151    94.05833
          4  |   2.359136   40.34121     0.06   0.953    -76.84855    81.56682
          6  |  -43.51841   55.94282    -0.78   0.437     -153.359    66.32215
          7  |  -147.3857   86.48993    -1.70   0.089    -317.2038    22.43233
          8  |  -148.3505   112.6594    -1.32   0.188    -369.5508    72.84975
          9  |  -73.28928   121.5177    -0.60   0.547    -311.8825    165.3039
         10  |  -160.7788   162.5891    -0.99   0.323    -480.0132    158.4556
             |
     1.treat |          0  (omitted)
wind_direc~n |  -.6561389   .0746927    -8.78   0.000    -.8027939    -.509484
av_wind_sp~d |   58.36418   13.73688     4.25   0.000      31.3926    85.33577
             |
relative_y~x#|
       treat |
        1 1  |   19.44743   21.25747     0.91   0.361     -22.2904    61.18526
        2 1  |    28.9648   16.86229     1.72   0.086    -4.143358    62.07295
        3 1  |   7.980209    17.2026     0.46   0.643    -25.79613    41.75655
        4 1  |  -11.47819    16.1781    -0.71   0.478    -43.24297    20.28659
        6 1  |   42.61693   21.26407     2.00   0.045     .8661273    84.36774
        7 1  |   45.58042   23.68799     1.92   0.055    -.9296164    92.09045
        8 1  |   33.09805   24.56583     1.35   0.178    -15.13556    81.33167
        9 1  |    44.4891    23.4048     1.90   0.058    -1.464895    90.44309
       10 1  |   39.52059    24.5456     1.61   0.108    -8.673305    87.71449
------------------------------------------------------------------------------

added scalar:
              e(ymean) =  105.52546

added scalar:
             e(ymean2) =  .

added scalar:
                e(acq) =  313

added scalar:
              e(fe_id) =  6

added scalar:
          e(n_treated) =  37910

added scalar:
          e(n_control) =  39294

added macro:
               e(smpl) : "Rural"

added macro:
             e(fespec) : "unique_small_grid_id_cohort province_cohort#election_
> year#yeargov"

added macro:
                e(mod) : "moderator"

added macro:
           e(controls) : "notyet"
(saving evreg1)
(file /users/aquisper/proj_bureaucrats_farms/code/_stacked_downup_replication/.
> ./../tables/exploratory_analysis/politician_original_controls_fe_sweep/sample
> /politician_original_fe06_controls_notyet_event_rural_acpop_all.ster saved)
EVENT controls=notyet FE=7/32: unique_small_grid_id_cohort monthyearco province
> _cohort#c.monthyear
(MWFE estimator converged in 45 iterations)

HDFE linear regression with Julia                 Number of obs   =     77,204
Absorbing 3 HDFE groups                           F(  11,    683) =       3.34
Statistics cluster-robust                         Prob > F        =     0.0002
                                                  R-squared       =     0.1300
                                                  Adj R-squared   =     0.1148
Number of clusters (ac_elec_yr) =        684      Within R-sq.    =     0.0023
                                                  Root MSE        =   796.7792

                           (Std. err. adjusted for 684 clusters in ac_elec_yr)
------------------------------------------------------------------------------
             |               Robust
      countk | Coefficient  std. err.      t    P>|t|     [95% conf. interval]
-------------+----------------------------------------------------------------
relative_y~x |
          1  |          0  (omitted)
          2  |          0  (omitted)
          3  |          0  (omitted)
          4  |          0  (omitted)
          6  |          0  (omitted)
          7  |          0  (omitted)
          8  |          0  (omitted)
          9  |          0  (omitted)
         10  |          0  (omitted)
             |
     1.treat |          0  (omitted)
wind_direc~n |  -.3090161   .0605706    -5.10   0.000    -.4279431   -.1900891
av_wind_sp~d |   148.5817   37.95913     3.91   0.000     74.05111    223.1123
             |
relative_y~x#|
       treat |
        1 1  |   9.621458   20.09736     0.48   0.632    -29.83858    49.08149
        2 1  |    28.5439   17.43225     1.64   0.102    -5.683337    62.77114
        3 1  |     3.7267   17.50715     0.21   0.831    -30.64759    38.10099
        4 1  |  -12.86307   15.96445    -0.81   0.421    -44.20836    18.48223
        6 1  |   30.34187   20.87201     1.45   0.146    -10.63915    71.32288
        7 1  |   29.27461   22.21099     1.32   0.188     -14.3354    72.88463
        8 1  |   19.11124   24.46053     0.78   0.435    -28.91563    67.13811
        9 1  |    35.2389   23.83589     1.48   0.140    -11.56152    82.03932
       10 1  |   31.93163   24.50874     1.30   0.193    -16.18989    80.05314
------------------------------------------------------------------------------

added scalar:
              e(ymean) =  105.52546

added scalar:
             e(ymean2) =  .

added scalar:
                e(acq) =  313

added scalar:
              e(fe_id) =  7

added scalar:
          e(n_treated) =  37910

added scalar:
          e(n_control) =  39294

added macro:
               e(smpl) : "Rural"

added macro:
             e(fespec) : "unique_small_grid_id_cohort monthyearco province_coho
> rt#c.monthyear"

added macro:
                e(mod) : "moderator"

added macro:
           e(controls) : "notyet"
(saving evreg1)
(file /users/aquisper/proj_bureaucrats_farms/code/_stacked_downup_replication/.
> ./../tables/exploratory_analysis/politician_original_controls_fe_sweep/sample
> /politician_original_fe07_controls_notyet_event_rural_acpop_all.ster saved)
EVENT controls=notyet FE=8/32: unique_small_grid_id_cohort monthyearco yeargov
(MWFE estimator converged in 20 iterations)

HDFE linear regression with Julia                 Number of obs   =     77,204
Absorbing 3 HDFE groups                           F(  11,    683) =       3.88
Statistics cluster-robust                         Prob > F        =     0.0000
                                                  R-squared       =     0.1300
                                                  Adj R-squared   =     0.1148
Number of clusters (ac_elec_yr) =        684      Within R-sq.    =     0.0024
                                                  Root MSE        =   796.7778

                           (Std. err. adjusted for 684 clusters in ac_elec_yr)
------------------------------------------------------------------------------
             |               Robust
      countk | Coefficient  std. err.      t    P>|t|     [95% conf. interval]
-------------+----------------------------------------------------------------
relative_y~x |
          1  |          0  (omitted)
          2  |          0  (omitted)
          3  |          0  (omitted)
          4  |          0  (omitted)
          6  |          0  (omitted)
          7  |          0  (omitted)
          8  |          0  (omitted)
          9  |          0  (omitted)
         10  |          0  (omitted)
             |
     1.treat |          0  (omitted)
wind_direc~n |  -.3126991   .0604998    -5.17   0.000    -.4314871   -.1939111
av_wind_sp~d |   148.8261   37.91342     3.93   0.000     74.38525    223.2669
             |
relative_y~x#|
       treat |
        1 1  |    20.8216   19.64328     1.06   0.290    -17.74686    59.39006
        2 1  |   44.96864   18.20426     2.47   0.014     9.225609    80.71168
        3 1  |   11.01235   18.43474     0.60   0.550    -25.18321    47.20791
        4 1  |  -11.26201   15.90473    -0.71   0.479    -42.49004    19.96603
        6 1  |   58.16265   21.63651     2.69   0.007     15.68059    100.6447
        7 1  |   61.69756   22.78451     2.71   0.007     16.96146    106.4337
        8 1  |   45.71331   24.80312     1.84   0.066    -2.986226    94.41284
        9 1  |   59.75533   24.09278     2.48   0.013     12.45053    107.0601
       10 1  |   57.74047   25.41118     2.27   0.023     7.847051    107.6339
------------------------------------------------------------------------------

added scalar:
              e(ymean) =  105.52546

added scalar:
             e(ymean2) =  .

added scalar:
                e(acq) =  313

added scalar:
              e(fe_id) =  8

added scalar:
          e(n_treated) =  37910

added scalar:
          e(n_control) =  39294

added macro:
               e(smpl) : "Rural"

added macro:
             e(fespec) : "unique_small_grid_id_cohort monthyearco yeargov"

added macro:
                e(mod) : "moderator"

added macro:
           e(controls) : "notyet"
(saving evreg1)
(file /users/aquisper/proj_bureaucrats_farms/code/_stacked_downup_replication/.
> ./../tables/exploratory_analysis/politician_original_controls_fe_sweep/sample
> /politician_original_fe08_controls_notyet_event_rural_acpop_all.ster saved)
EVENT controls=notyet FE=9/32: unique_small_grid_id_cohort monthyearco province
> _cohort#election_year
(MWFE estimator converged in 22 iterations)

HDFE linear regression with Julia                 Number of obs   =     77,204
Absorbing 3 HDFE groups                           F(  11,    683) =       3.29
Statistics cluster-robust                         Prob > F        =     0.0002
                                                  R-squared       =     0.1303
                                                  Adj R-squared   =     0.1150
Number of clusters (ac_elec_yr) =        684      Within R-sq.    =     0.0023
                                                  Root MSE        =   796.6863

                           (Std. err. adjusted for 684 clusters in ac_elec_yr)
------------------------------------------------------------------------------
             |               Robust
      countk | Coefficient  std. err.      t    P>|t|     [95% conf. interval]
-------------+----------------------------------------------------------------
relative_y~x |
          1  |          0  (omitted)
          2  |          0  (omitted)
          3  |          0  (omitted)
          4  |          0  (omitted)
          6  |          0  (omitted)
          7  |          0  (omitted)
          8  |          0  (omitted)
          9  |          0  (omitted)
         10  |          0  (omitted)
             |
     1.treat |          0  (omitted)
wind_direc~n |  -.3055235   .0604045    -5.06   0.000    -.4241243   -.1869227
av_wind_sp~d |   148.3397   37.92296     3.91   0.000     73.88012    222.7993
             |
relative_y~x#|
       treat |
        1 1  |   3.448349   20.21898     0.17   0.865    -36.25047    43.14717
        2 1  |   22.68312   17.46645     1.30   0.194    -11.61127    56.97751
        3 1  |  -.8699849   18.53559    -0.05   0.963    -37.26357     35.5236
        4 1  |  -16.26829   15.71176    -1.04   0.301    -47.11745    14.58087
        6 1  |   32.37905   21.86675     1.48   0.139    -10.55507    75.31318
        7 1  |   39.13164   23.24307     1.68   0.093    -6.504811    84.76809
        8 1  |   27.50699   24.77228     1.11   0.267    -21.13199    76.14596
        9 1  |   39.48735   24.33928     1.62   0.105    -8.301438    87.27614
       10 1  |     35.652   24.66922     1.45   0.149    -12.78462    84.08862
------------------------------------------------------------------------------

added scalar:
              e(ymean) =  105.52546

added scalar:
             e(ymean2) =  .

added scalar:
                e(acq) =  313

added scalar:
              e(fe_id) =  9

added scalar:
          e(n_treated) =  37910

added scalar:
          e(n_control) =  39294

added macro:
               e(smpl) : "Rural"

added macro:
             e(fespec) : "unique_small_grid_id_cohort monthyearco province_coho
> rt#election_year"

added macro:
                e(mod) : "moderator"

added macro:
           e(controls) : "notyet"
(saving evreg1)
(file /users/aquisper/proj_bureaucrats_farms/code/_stacked_downup_replication/.
> ./../tables/exploratory_analysis/politician_original_controls_fe_sweep/sample
> /politician_original_fe09_controls_notyet_event_rural_acpop_all.ster saved)
EVENT controls=notyet FE=10/32: unique_small_grid_id_cohort monthyearco provinc
> e_cohort#election_year#yeargov
(MWFE estimator converged in 77 iterations)

HDFE linear regression with Julia                 Number of obs   =     77,204
Absorbing 3 HDFE groups                           F(  11,    683) =       3.30
Statistics cluster-robust                         Prob > F        =     0.0002
                                                  R-squared       =     0.1322
                                                  Adj R-squared   =     0.1164
Number of clusters (ac_elec_yr) =        684      Within R-sq.    =     0.0022
                                                  Root MSE        =   796.0618

                           (Std. err. adjusted for 684 clusters in ac_elec_yr)
------------------------------------------------------------------------------
             |               Robust
      countk | Coefficient  std. err.      t    P>|t|     [95% conf. interval]
-------------+----------------------------------------------------------------
relative_y~x |
          1  |          0  (omitted)
          2  |          0  (omitted)
          3  |          0  (omitted)
          4  |          0  (omitted)
          6  |          0  (omitted)
          7  |          0  (omitted)
          8  |          0  (omitted)
          9  |          0  (omitted)
         10  |          0  (omitted)
             |
     1.treat |          0  (omitted)
wind_direc~n |  -.2873545    .059319    -4.84   0.000    -.4038241    -.170885
av_wind_sp~d |   149.1443   38.24289     3.90   0.000      74.0566    224.2321
             |
relative_y~x#|
       treat |
        1 1  |    23.5017   21.33456     1.10   0.271     -18.3875     65.3909
        2 1  |   29.40994   16.76868     1.75   0.080    -3.514411    62.33429
        3 1  |   9.580233   16.95513     0.57   0.572    -23.71021    42.87068
        4 1  |  -9.918115   16.09211    -0.62   0.538    -41.51405    21.67782
        6 1  |   43.30877   21.20405     2.04   0.041     1.675823    84.94172
        7 1  |   46.85796   23.56735     1.99   0.047     .5847971    93.13113
        8 1  |   33.33498   24.68362     1.35   0.177     -15.1299    81.79987
        9 1  |   45.97597   23.34057     1.97   0.049     .1480818    91.80385
       10 1  |    41.4211    24.4594     1.69   0.091    -6.603537    89.44574
------------------------------------------------------------------------------

added scalar:
              e(ymean) =  105.52546

added scalar:
             e(ymean2) =  .

added scalar:
                e(acq) =  313

added scalar:
              e(fe_id) =  10

added scalar:
          e(n_treated) =  37910

added scalar:
          e(n_control) =  39294

added macro:
               e(smpl) : "Rural"

added macro:
             e(fespec) : "unique_small_grid_id_cohort monthyearco province_coho
> rt#election_year#yeargov"

added macro:
                e(mod) : "moderator"

added macro:
           e(controls) : "notyet"
(saving evreg1)
(file /users/aquisper/proj_bureaucrats_farms/code/_stacked_downup_replication/.
> ./../tables/exploratory_analysis/politician_original_controls_fe_sweep/sample
> /politician_original_fe10_controls_notyet_event_rural_acpop_all.ster saved)
EVENT controls=notyet FE=11/32: unique_small_grid_id_cohort province_cohort#c.m
> onthyear yeargov
(MWFE estimator converged in 43 iterations)

HDFE linear regression with Julia                 Number of obs   =     77,204
Absorbing 3 HDFE groups                           F(  20,    683) =       6.66
Statistics cluster-robust                         Prob > F        =     0.0000
                                                  R-squared       =     0.1016
                                                  Adj R-squared   =     0.0879
Number of clusters (ac_elec_yr) =        684      Within R-sq.    =     0.0076
                                                  Root MSE        =   808.8021

                           (Std. err. adjusted for 684 clusters in ac_elec_yr)
------------------------------------------------------------------------------
             |               Robust
      countk | Coefficient  std. err.      t    P>|t|     [95% conf. interval]
-------------+----------------------------------------------------------------
relative_y~x |
          1  |  -316.7392   68.50335    -4.62   0.000    -451.2417   -182.2368
          2  |  -280.3536   53.12871    -5.28   0.000    -384.6689   -176.0384
          3  |  -207.1198   38.14686    -5.43   0.000     -282.019   -132.2206
          4  |   -98.6569   21.88618    -4.51   0.000    -141.6292   -55.68463
          6  |     66.663   26.04665     2.56   0.011     15.52188    117.8041
          7  |   133.7879   40.69979     3.29   0.001     53.87614    213.6996
          8  |   195.7146   58.38937     3.35   0.001     81.07036    310.3588
          9  |   290.1954   69.01886     4.20   0.000     154.6808    425.7101
         10  |   388.5711   87.04639     4.46   0.000     217.6604    559.4817
             |
     1.treat |          0  (omitted)
wind_direc~n |  -.6798182   .0758058    -8.97   0.000    -.8286586   -.5309779
av_wind_sp~d |    45.1678   14.54897     3.10   0.002     16.60172    73.73388
             |
relative_y~x#|
       treat |
        1 1  |   17.59222   20.65035     0.85   0.395    -22.95358    58.13803
        2 1  |   39.44527   18.87966     2.09   0.037     2.376127    76.51442
        3 1  |   4.853483   18.75885     0.26   0.796    -31.97846    41.68542
        4 1  |  -15.71485   16.69221    -0.94   0.347    -48.48906    17.05935
        6 1  |   45.36539   22.06915     2.06   0.040     2.033857    88.69692
        7 1  |   44.18585   23.39905     1.89   0.059    -1.756866    90.12856
        8 1  |   28.63392   25.26615     1.13   0.257    -20.97473    78.24257
        9 1  |   43.34919   24.47021     1.77   0.077    -4.696676    91.39506
       10 1  |   41.52803   25.54647     1.63   0.104    -8.631013    91.68707
------------------------------------------------------------------------------

added scalar:
              e(ymean) =  105.52546

added scalar:
             e(ymean2) =  .

added scalar:
                e(acq) =  313

added scalar:
              e(fe_id) =  11

added scalar:
          e(n_treated) =  37910

added scalar:
          e(n_control) =  39294

added macro:
               e(smpl) : "Rural"

added macro:
             e(fespec) : "unique_small_grid_id_cohort province_cohort#c.monthye
> ar yeargov"

added macro:
                e(mod) : "moderator"

added macro:
           e(controls) : "notyet"
(saving evreg1)
(file /users/aquisper/proj_bureaucrats_farms/code/_stacked_downup_replication/.
> ./../tables/exploratory_analysis/politician_original_controls_fe_sweep/sample
> /politician_original_fe11_controls_notyet_event_rural_acpop_all.ster saved)
EVENT controls=notyet FE=12/32: unique_small_grid_id_cohort province_cohort#c.m
> onthyear province_cohort#election_year
(MWFE estimator converged in 36 iterations)

HDFE linear regression with Julia                 Number of obs   =     77,204
Absorbing 3 HDFE groups                           F(  20,    683) =       6.45
Statistics cluster-robust                         Prob > F        =     0.0000
                                                  R-squared       =     0.1021
                                                  Adj R-squared   =     0.0883
Number of clusters (ac_elec_yr) =        684      Within R-sq.    =     0.0076
                                                  Root MSE        =   808.6381

                           (Std. err. adjusted for 684 clusters in ac_elec_yr)
------------------------------------------------------------------------------
             |               Robust
      countk | Coefficient  std. err.      t    P>|t|     [95% conf. interval]
-------------+----------------------------------------------------------------
relative_y~x |
          1  |  -330.4851   66.61794    -4.96   0.000    -461.2856   -199.6845
          2  |  -290.1646   51.24567    -5.66   0.000    -390.7826   -189.5466
          3  |  -197.5464   35.46605    -5.57   0.000     -267.182   -127.9108
          4  |   -99.9521    20.5654    -4.86   0.000    -140.3311    -59.5731
          6  |   93.16585   34.22495     2.72   0.007      25.9671    160.3646
          7  |   164.8007   46.30702     3.56   0.000     73.87948    255.7219
          8  |   254.7536   59.98429     4.25   0.000     136.9778    372.5293
          9  |   343.7141   69.98846     4.91   0.000     206.2957    481.1325
         10  |   440.6404   88.26143     4.99   0.000     267.3441    613.9367
             |
     1.treat |          0  (omitted)
wind_direc~n |  -.6782173    .075909    -8.93   0.000    -.8272604   -.5291742
av_wind_sp~d |   44.49861   14.53228     3.06   0.002      15.9653    73.03192
             |
relative_y~x#|
       treat |
        1 1  |   10.73528   21.26771     0.50   0.614    -31.02268    52.49323
        2 1  |   28.11114   17.23828     1.63   0.103    -5.735251    61.95753
        3 1  |    5.87145    18.1245     0.32   0.746    -29.71499    41.45789
        4 1  |  -13.49381    16.0664    -0.84   0.401    -45.03927    18.05165
        6 1  |   44.44028   21.42728     2.07   0.038     2.369035    86.51152
        7 1  |   41.11374   23.30654     1.76   0.078    -4.647327    86.87481
        8 1  |   28.84325   24.62299     1.17   0.242    -19.50261     77.1891
        9 1  |   39.14697   23.88212     1.64   0.102    -7.744224    86.03817
       10 1  |    37.5601    24.1989     1.55   0.121    -9.953074    85.07327
------------------------------------------------------------------------------

added scalar:
              e(ymean) =  105.52546

added scalar:
             e(ymean2) =  .

added scalar:
                e(acq) =  313

added scalar:
              e(fe_id) =  12

added scalar:
          e(n_treated) =  37910

added scalar:
          e(n_control) =  39294

added macro:
               e(smpl) : "Rural"

added macro:
             e(fespec) : "unique_small_grid_id_cohort province_cohort#c.monthye
> ar province_cohort#election_year"

added macro:
                e(mod) : "moderator"

added macro:
           e(controls) : "notyet"
(saving evreg1)
(file /users/aquisper/proj_bureaucrats_farms/code/_stacked_downup_replication/.
> ./../tables/exploratory_analysis/politician_original_controls_fe_sweep/sample
> /politician_original_fe12_controls_notyet_event_rural_acpop_all.ster saved)
EVENT controls=notyet FE=13/32: unique_small_grid_id_cohort province_cohort#c.m
> onthyear province_cohort#election_year#yeargov
(MWFE estimator converged in 18 iterations)

HDFE linear regression with Julia                 Number of obs   =     77,204
Absorbing 3 HDFE groups                           F(  20,    683) =       6.32
Statistics cluster-robust                         Prob > F        =     0.0000
                                                  R-squared       =     0.1024
                                                  Adj R-squared   =     0.0881
Number of clusters (ac_elec_yr) =        684      Within R-sq.    =     0.0068
                                                  Root MSE        =   808.7236

                           (Std. err. adjusted for 684 clusters in ac_elec_yr)
------------------------------------------------------------------------------
             |               Robust
      countk | Coefficient  std. err.      t    P>|t|     [95% conf. interval]
-------------+----------------------------------------------------------------
relative_y~x |
          1  |  -781.5187   202.8456    -3.85   0.000    -1179.795   -383.2429
          2  |  -605.2557   154.3973    -3.92   0.000    -908.4061   -302.1052
          3  |  -370.4779   102.6795    -3.61   0.000    -572.0832   -168.8725
          4  |  -161.3875    45.0185    -3.58   0.000    -249.7787    -72.9962
          6  |   113.6609   48.32915     2.35   0.019     18.76932    208.5524
          7  |   210.4018   87.04718     2.42   0.016      39.4896     381.314
          8  |   410.4223   131.3593     3.12   0.002     152.5057    668.3388
          9  |    664.097   176.1128     3.77   0.000     318.3094    1009.885
         10  |   834.7802   279.9158     2.98   0.003     285.1813    1384.379
             |
     1.treat |          0  (omitted)
wind_direc~n |  -.6664062   .0754268    -8.84   0.000    -.8145025     -.51831
av_wind_sp~d |   36.66962   15.09904     2.43   0.015     7.023517    66.31572
             |
relative_y~x#|
       treat |
        1 1  |   19.23011   21.25819     0.90   0.366    -22.50914    60.96935
        2 1  |    28.9753   16.86785     1.72   0.086    -4.143766    62.09436
        3 1  |   7.955211   17.22225     0.46   0.644    -25.85971    41.77013
        4 1  |  -11.49957   16.17925    -0.71   0.477    -43.26661    20.26746
        6 1  |   42.66978   21.26163     2.01   0.045     .9237801    84.41579
        7 1  |   45.51641   23.71193     1.92   0.055    -1.040627    92.07344
        8 1  |    33.0836   24.57364     1.35   0.179    -15.16535    81.33255
        9 1  |   44.41496    23.4092     1.90   0.058    -1.547675     90.3776
       10 1  |   39.40705   24.55406     1.60   0.109    -8.803448    87.61756
------------------------------------------------------------------------------

added scalar:
              e(ymean) =  105.52546

added scalar:
             e(ymean2) =  .

added scalar:
                e(acq) =  313

added scalar:
              e(fe_id) =  13

added scalar:
          e(n_treated) =  37910

added scalar:
          e(n_control) =  39294

added macro:
               e(smpl) : "Rural"

added macro:
             e(fespec) : "unique_small_grid_id_cohort province_cohort#c.monthye
> ar province_cohort#election_year#yeargov"

added macro:
                e(mod) : "moderator"

added macro:
           e(controls) : "notyet"
(saving evreg1)
(file /users/aquisper/proj_bureaucrats_farms/code/_stacked_downup_replication/.
> ./../tables/exploratory_analysis/politician_original_controls_fe_sweep/sample
> /politician_original_fe13_controls_notyet_event_rural_acpop_all.ster saved)
EVENT controls=notyet FE=14/32: unique_small_grid_id_cohort yeargov province_co
> hort#election_year
(MWFE estimator converged in 15 iterations)

HDFE linear regression with Julia                 Number of obs   =     77,204
Absorbing 3 HDFE groups                           F(  20,    683) =       6.00
Statistics cluster-robust                         Prob > F        =     0.0000
                                                  R-squared       =     0.1012
                                                  Adj R-squared   =     0.0874
Number of clusters (ac_elec_yr) =        684      Within R-sq.    =     0.0068
                                                  Root MSE        =   809.0282

                           (Std. err. adjusted for 684 clusters in ac_elec_yr)
------------------------------------------------------------------------------
             |               Robust
      countk | Coefficient  std. err.      t    P>|t|     [95% conf. interval]
-------------+----------------------------------------------------------------
relative_y~x |
          1  |   12.89216   98.73295     0.13   0.896    -180.9644    206.7487
          2  |  -25.72507   76.71571    -0.34   0.737     -176.352    124.9019
          3  |  -37.81559    49.5414    -0.76   0.446    -135.0873    59.45614
          4  |  -11.81185   26.73671    -0.44   0.659    -64.30787    40.68417
          6  |  -22.61223   34.16342    -0.66   0.508    -89.69018    44.46572
          7  |  -42.35532   54.90765    -0.77   0.441    -150.1634    65.45275
          8  |   -60.8618   84.17795    -0.72   0.470    -226.1404    104.4168
          9  |   -42.9926   104.9871    -0.41   0.682    -249.1289    163.1437
         10  |  -29.46976   129.1377    -0.23   0.820    -283.0243    224.0848
             |
     1.treat |          0  (omitted)
wind_direc~n |  -.6539368   .0743938    -8.79   0.000    -.8000049   -.5078687
av_wind_sp~d |   58.84572    13.7505     4.28   0.000      31.8474    85.84405
             |
relative_y~x#|
       treat |
        1 1  |   9.497251    20.0756     0.47   0.636    -29.92006    48.91456
        2 1  |   30.07697   17.84747     1.69   0.092    -4.965522    65.11945
        3 1  |  -1.518323   18.39739    -0.08   0.934    -37.64055     34.6039
        4 1  |  -19.30947    16.4117    -1.18   0.240    -51.53291    12.91396
        6 1  |   38.68681   21.74387     1.78   0.076    -4.006045    81.37967
        7 1  |   43.68299     23.628     1.85   0.065    -2.709244    90.07522
        8 1  |   25.48242    25.2869     1.01   0.314    -24.16698    75.13182
        9 1  |   36.28986   24.42594     1.49   0.138    -11.66908     84.2488
       10 1  |   36.18601    24.9056     1.45   0.147    -12.71473    85.08676
------------------------------------------------------------------------------

added scalar:
              e(ymean) =  105.52546

added scalar:
             e(ymean2) =  .

added scalar:
                e(acq) =  313

added scalar:
              e(fe_id) =  14

added scalar:
          e(n_treated) =  37910

added scalar:
          e(n_control) =  39294

added macro:
               e(smpl) : "Rural"

added macro:
             e(fespec) : "unique_small_grid_id_cohort yeargov province_cohort#e
> lection_year"

added macro:
                e(mod) : "moderator"

added macro:
           e(controls) : "notyet"
(saving evreg1)
(file /users/aquisper/proj_bureaucrats_farms/code/_stacked_downup_replication/.
> ./../tables/exploratory_analysis/politician_original_controls_fe_sweep/sample
> /politician_original_fe14_controls_notyet_event_rural_acpop_all.ster saved)
EVENT controls=notyet FE=15/32: unique_small_grid_id_cohort yeargov province_co
> hort#election_year#yeargov
(MWFE estimator converged in 16 iterations)

HDFE linear regression with Julia                 Number of obs   =     77,204
Absorbing 3 HDFE groups                           F(  20,    683) =       6.45
Statistics cluster-robust                         Prob > F        =     0.0000
                                                  R-squared       =     0.1025
                                                  Adj R-squared   =     0.0881
Number of clusters (ac_elec_yr) =        684      Within R-sq.    =     0.0068
                                                  Root MSE        =   808.6866

                           (Std. err. adjusted for 684 clusters in ac_elec_yr)
------------------------------------------------------------------------------
             |               Robust
      countk | Coefficient  std. err.      t    P>|t|     [95% conf. interval]
-------------+----------------------------------------------------------------
relative_y~x |
          1  |  -43.73655   100.4317    -0.44   0.663    -240.9285    153.4554
          2  |  -63.64816   78.61344    -0.81   0.418    -218.0012    90.70488
          3  |  -24.42836   60.34835    -0.40   0.686    -142.9189    94.06221
          4  |   2.359136   40.34253     0.06   0.953    -76.85115    81.56942
          6  |  -43.51841   55.94466    -0.78   0.437    -153.3626    66.32577
          7  |  -147.3857   86.49279    -1.70   0.089    -317.2094    22.43794
          8  |  -148.3505   112.6631    -1.32   0.188    -369.5582    72.85708
          9  |  -73.28928   121.5218    -0.60   0.547    -311.8905     165.312
         10  |  -160.7788   162.5949    -0.99   0.323    -480.0246     158.467
             |
     1.treat |          0  (omitted)
wind_direc~n |  -.6561389   .0746952    -8.78   0.000    -.8027987   -.5094792
av_wind_sp~d |   58.36418   13.73733     4.25   0.000     31.39172    85.33665
             |
relative_y~x#|
       treat |
        1 1  |   19.44743   21.25819     0.91   0.361    -22.29182    61.18669
        2 1  |    28.9648   16.86287     1.72   0.086    -4.144486    62.07408
        3 1  |   7.980209   17.20319     0.46   0.643    -25.79729    41.75771
        4 1  |  -11.47819   16.17863    -0.71   0.478    -43.24401    20.28764
        6 1  |   42.61693   21.26474     2.00   0.045     .8648121    84.36905
        7 1  |   45.58042   23.68878     1.92   0.055    -.9311536    92.09199
        8 1  |   33.09805   24.56663     1.35   0.178    -15.13713    81.33324
        9 1  |    44.4891   23.40558     1.90   0.058    -1.466438    90.44463
       10 1  |   39.52059    24.5464     1.61   0.108    -8.674867    87.71605
------------------------------------------------------------------------------

added scalar:
              e(ymean) =  105.52546

added scalar:
             e(ymean2) =  .

added scalar:
                e(acq) =  313

added scalar:
              e(fe_id) =  15

added scalar:
          e(n_treated) =  37910

added scalar:
          e(n_control) =  39294

added macro:
               e(smpl) : "Rural"

added macro:
             e(fespec) : "unique_small_grid_id_cohort yeargov province_cohort#e
> lection_year#yeargov"

added macro:
                e(mod) : "moderator"

added macro:
           e(controls) : "notyet"
(saving evreg1)
(file /users/aquisper/proj_bureaucrats_farms/code/_stacked_downup_replication/.
> ./../tables/exploratory_analysis/politician_original_controls_fe_sweep/sample
> /politician_original_fe15_controls_notyet_event_rural_acpop_all.ster saved)
EVENT controls=notyet FE=16/32: unique_small_grid_id_cohort province_cohort#ele
> ction_year province_cohort#election_year#yeargov
(MWFE estimator converged in 12 iterations)

HDFE linear regression with Julia                 Number of obs   =     77,204
Absorbing 3 HDFE groups                           F(  20,    683) =       6.45
Statistics cluster-robust                         Prob > F        =     0.0000
                                                  R-squared       =     0.1025
                                                  Adj R-squared   =     0.0880
Number of clusters (ac_elec_yr) =        684      Within R-sq.    =     0.0068
                                                  Root MSE        =   808.7452

                           (Std. err. adjusted for 684 clusters in ac_elec_yr)
------------------------------------------------------------------------------
             |               Robust
      countk | Coefficient  std. err.      t    P>|t|     [95% conf. interval]
-------------+----------------------------------------------------------------
relative_y~x |
          1  |  -43.73655    100.439    -0.44   0.663    -240.9428    153.4696
          2  |  -63.64816   78.61912    -0.81   0.418    -218.0124    90.71604
          3  |  -24.42836   60.35271    -0.40   0.686    -142.9275    94.07076
          4  |   2.359136   40.34545     0.06   0.953    -76.85687    81.57514
          6  |  -43.51841   55.94871    -0.78   0.437    -153.3705    66.33371
          7  |  -147.3857   86.49903    -1.70   0.089    -317.2217     22.4502
          8  |  -148.3505   112.6712    -1.32   0.188    -369.5741    72.87304
          9  |  -73.28928   121.5305    -0.60   0.547    -311.9076     165.329
         10  |  -160.7788   162.6062    -0.99   0.323    -480.0469    158.4893
             |
     1.treat |          0  (omitted)
wind_direc~n |  -.6561389   .0747006    -8.78   0.000    -.8028093   -.5094686
av_wind_sp~d |   58.36418   13.73833     4.25   0.000     31.38976    85.33861
             |
relative_y~x#|
       treat |
        1 1  |   19.44743   21.25969     0.91   0.361    -22.29477    61.18963
        2 1  |    28.9648   16.86407     1.72   0.086    -4.146844    62.07644
        3 1  |   7.980209   17.20442     0.46   0.643    -25.79969     41.7601
        4 1  |  -11.47819   16.17981    -0.71   0.478    -43.24632    20.28995
        6 1  |   42.61693   21.26632     2.00   0.045     .8617188    84.37215
        7 1  |   45.58042   23.69048     1.92   0.055    -.9344979    92.09533
        8 1  |   33.09805    24.5684     1.35   0.178    -15.14061    81.33672
        9 1  |    44.4891   23.40725     1.90   0.058    -1.469708     90.4479
       10 1  |   39.52059   24.54817     1.61   0.108    -8.678342    87.71953
------------------------------------------------------------------------------

added scalar:
              e(ymean) =  105.52546

added scalar:
             e(ymean2) =  .

added scalar:
                e(acq) =  313

added scalar:
              e(fe_id) =  16

added scalar:
          e(n_treated) =  37910

added scalar:
          e(n_control) =  39294

added macro:
               e(smpl) : "Rural"

added macro:
             e(fespec) : "unique_small_grid_id_cohort province_cohort#election_
> year province_cohort#election_year#yeargov"

added macro:
                e(mod) : "moderator"

added macro:
           e(controls) : "notyet"
(saving evreg1)
(file /users/aquisper/proj_bureaucrats_farms/code/_stacked_downup_replication/.
> ./../tables/exploratory_analysis/politician_original_controls_fe_sweep/sample
> /politician_original_fe16_controls_notyet_event_rural_acpop_all.ster saved)
EVENT controls=notyet FE=17/32: unique_small_grid_id_cohort monthyearco provinc
> e_cohort#c.monthyear yeargov
(MWFE estimator converged in 59 iterations)

HDFE linear regression with Julia                 Number of obs   =     77,204
Absorbing 4 HDFE groups                           F(  11,    683) =       3.59
Statistics cluster-robust                         Prob > F        =     0.0001
                                                  R-squared       =     0.1301
                                                  Adj R-squared   =     0.1148
Number of clusters (ac_elec_yr) =        684      Within R-sq.    =     0.0024
                                                  Root MSE        =   796.7753

                           (Std. err. adjusted for 684 clusters in ac_elec_yr)
------------------------------------------------------------------------------
             |               Robust
      countk | Coefficient  std. err.      t    P>|t|     [95% conf. interval]
-------------+----------------------------------------------------------------
relative_y~x |
          1  |          0  (omitted)
          2  |          0  (omitted)
          3  |          0  (omitted)
          4  |          0  (omitted)
          6  |          0  (omitted)
          7  |          0  (omitted)
          8  |          0  (omitted)
          9  |          0  (omitted)
         10  |          0  (omitted)
             |
     1.treat |          0  (omitted)
wind_direc~n |  -.3116707     .06054    -5.15   0.000    -.4305375   -.1928039
av_wind_sp~d |   148.7803   37.97579     3.92   0.000     74.21702    223.3437
             |
relative_y~x#|
       treat |
        1 1  |   25.15041   20.45837     1.23   0.219    -15.01844    65.31927
        2 1  |   48.08312   18.54903     2.59   0.010     11.66315    84.50308
        3 1  |    12.2081   18.26566     0.67   0.504    -23.65549    48.07169
        4 1  |  -9.656003   16.02113    -0.60   0.547    -41.11258    21.80057
        6 1  |    51.5195     21.819     2.36   0.018     8.679118    94.35988
        7 1  |   51.67225   23.65922     2.18   0.029     5.218724    98.12578
        8 1  |   35.90576   25.63291     1.40   0.162      -14.423    86.23453
        9 1  |   52.03319   24.71894     2.10   0.036     3.498954    100.5674
       10 1  |   48.73821   25.28985     1.93   0.054    -.9169842    98.39341
------------------------------------------------------------------------------

added scalar:
              e(ymean) =  105.52546

added scalar:
             e(ymean2) =  .

added scalar:
                e(acq) =  313

added scalar:
              e(fe_id) =  17

added scalar:
          e(n_treated) =  37910

added scalar:
          e(n_control) =  39294

added macro:
               e(smpl) : "Rural"

added macro:
             e(fespec) : "unique_small_grid_id_cohort monthyearco province_coho
> rt#c.monthyear yeargov"

added macro:
                e(mod) : "moderator"

added macro:
           e(controls) : "notyet"
(saving evreg1)
(file /users/aquisper/proj_bureaucrats_farms/code/_stacked_downup_replication/.
> ./../tables/exploratory_analysis/politician_original_controls_fe_sweep/sample
> /politician_original_fe17_controls_notyet_event_rural_acpop_all.ster saved)
EVENT controls=notyet FE=18/32: unique_small_grid_id_cohort monthyearco provinc
> e_cohort#c.monthyear province_cohort#election_year
(MWFE estimator converged in 57 iterations)

HDFE linear regression with Julia                 Number of obs   =     77,204
Absorbing 4 HDFE groups                           F(  11,    683) =       3.31
Statistics cluster-robust                         Prob > F        =     0.0002
                                                  R-squared       =     0.1306
                                                  Adj R-squared   =     0.1152
Number of clusters (ac_elec_yr) =        684      Within R-sq.    =     0.0023
                                                  Root MSE        =   796.5959

                           (Std. err. adjusted for 684 clusters in ac_elec_yr)
------------------------------------------------------------------------------
             |               Robust
      countk | Coefficient  std. err.      t    P>|t|     [95% conf. interval]
-------------+----------------------------------------------------------------
relative_y~x |
          1  |          0  (omitted)
          2  |          0  (omitted)
          3  |          0  (omitted)
          4  |          0  (omitted)
          6  |          0  (omitted)
          7  |          0  (omitted)
          8  |          0  (omitted)
          9  |          0  (omitted)
         10  |          0  (omitted)
             |
     1.treat |          0  (omitted)
wind_direc~n |  -.3038455   .0601481    -5.05   0.000    -.4219429   -.1857482
av_wind_sp~d |   147.3234   37.93001     3.88   0.000     72.84995    221.7968
             |
relative_y~x#|
       treat |
        1 1  |   12.78814   21.38936     0.60   0.550    -29.20865    54.78493
        2 1  |   27.65568   16.91029     1.64   0.102    -5.546712    60.85807
        3 1  |  -2.142465   17.99031    -0.12   0.905    -37.46542    33.18049
        4 1  |  -17.64308   16.18403    -1.09   0.276    -49.41951    14.13334
        6 1  |   39.94407   21.26993     1.88   0.061    -1.818237    81.70637
        7 1  |   40.44398   22.88151     1.77   0.078    -4.482577    85.37053
        8 1  |    24.7365   24.60685     1.01   0.315    -23.57766    73.05067
        9 1  |   37.46695   23.82455     1.57   0.116    -9.311195     84.2451
       10 1  |   35.93511   24.10026     1.49   0.136    -11.38438    83.25459
------------------------------------------------------------------------------

added scalar:
              e(ymean) =  105.52546

added scalar:
             e(ymean2) =  .

added scalar:
                e(acq) =  313

added scalar:
              e(fe_id) =  18

added scalar:
          e(n_treated) =  37910

added scalar:
          e(n_control) =  39294

added macro:
               e(smpl) : "Rural"

added macro:
             e(fespec) : "unique_small_grid_id_cohort monthyearco province_coho
> rt#c.monthyear province_cohort#election_year"

added macro:
                e(mod) : "moderator"

added macro:
           e(controls) : "notyet"
(saving evreg1)
(file /users/aquisper/proj_bureaucrats_farms/code/_stacked_downup_replication/.
> ./../tables/exploratory_analysis/politician_original_controls_fe_sweep/sample
> /politician_original_fe18_controls_notyet_event_rural_acpop_all.ster saved)
EVENT controls=notyet FE=19/32: unique_small_grid_id_cohort monthyearco provinc
> e_cohort#c.monthyear province_cohort#election_year#yeargov
(MWFE estimator converged in 85 iterations)

HDFE linear regression with Julia                 Number of obs   =     77,204
Absorbing 4 HDFE groups                           F(  11,    683) =       3.30
Statistics cluster-robust                         Prob > F        =     0.0002
                                                  R-squared       =     0.1322
                                                  Adj R-squared   =     0.1163
Number of clusters (ac_elec_yr) =        684      Within R-sq.    =     0.0022
                                                  Root MSE        =   796.1037

                           (Std. err. adjusted for 684 clusters in ac_elec_yr)
------------------------------------------------------------------------------
             |               Robust
      countk | Coefficient  std. err.      t    P>|t|     [95% conf. interval]
-------------+----------------------------------------------------------------
relative_y~x |
          1  |          0  (omitted)
          2  |          0  (omitted)
          3  |          0  (omitted)
          4  |          0  (omitted)
          6  |          0  (omitted)
          7  |          0  (omitted)
          8  |          0  (omitted)
          9  |          0  (omitted)
         10  |          0  (omitted)
             |
     1.treat |          0  (omitted)
wind_direc~n |  -.2873429   .0593208    -4.84   0.000     -.403816   -.1708698
av_wind_sp~d |    149.145   38.24505     3.90   0.000     74.05301     224.237
             |
relative_y~x#|
       treat |
        1 1  |    23.4953   21.33579     1.10   0.271    -18.39632    65.38692
        2 1  |   29.40318   16.76922     1.75   0.080     -3.52223     62.3286
        3 1  |   9.573523   16.95597     0.56   0.573    -23.71856    42.86561
        4 1  |  -9.924831   16.09323    -0.62   0.538    -41.52297    21.67331
        6 1  |   43.30146    21.2049     2.04   0.042     1.666845    84.93608
        7 1  |   46.85038   23.56812     1.99   0.047     .5757166    93.12504
        8 1  |   33.32737   24.68465     1.35   0.177    -15.13955    81.79429
        9 1  |   45.96838   23.34132     1.97   0.049     .1390236    91.79774
       10 1  |   41.41353   24.46073     1.69   0.091     -6.61373    89.44079
------------------------------------------------------------------------------

added scalar:
              e(ymean) =  105.52546

added scalar:
             e(ymean2) =  .

added scalar:
                e(acq) =  313

added scalar:
              e(fe_id) =  19

added scalar:
          e(n_treated) =  37910

added scalar:
          e(n_control) =  39294

added macro:
               e(smpl) : "Rural"

added macro:
             e(fespec) : "unique_small_grid_id_cohort monthyearco province_coho
> rt#c.monthyear province_cohort#election_year#yeargov"

added macro:
                e(mod) : "moderator"

added macro:
           e(controls) : "notyet"
(saving evreg1)
(file /users/aquisper/proj_bureaucrats_farms/code/_stacked_downup_replication/.
> ./../tables/exploratory_analysis/politician_original_controls_fe_sweep/sample
> /politician_original_fe19_controls_notyet_event_rural_acpop_all.ster saved)
EVENT controls=notyet FE=20/32: unique_small_grid_id_cohort monthyearco yeargov
>  province_cohort#election_year
(MWFE estimator converged in 35 iterations)

HDFE linear regression with Julia                 Number of obs   =     77,204
Absorbing 4 HDFE groups                           F(  11,    683) =       3.33
Statistics cluster-robust                         Prob > F        =     0.0002
                                                  R-squared       =     0.1308
                                                  Adj R-squared   =     0.1155
Number of clusters (ac_elec_yr) =        684      Within R-sq.    =     0.0023
                                                  Root MSE        =   796.4794

                           (Std. err. adjusted for 684 clusters in ac_elec_yr)
------------------------------------------------------------------------------
             |               Robust
      countk | Coefficient  std. err.      t    P>|t|     [95% conf. interval]
-------------+----------------------------------------------------------------
relative_y~x |
          1  |          0  (omitted)
          2  |          0  (omitted)
          3  |          0  (omitted)
          4  |          0  (omitted)
          6  |          0  (omitted)
          7  |          0  (omitted)
          8  |          0  (omitted)
          9  |          0  (omitted)
         10  |          0  (omitted)
             |
     1.treat |          0  (omitted)
wind_direc~n |  -.2918985   .0592987    -4.92   0.000    -.4083282   -.1754687
av_wind_sp~d |   151.5889   38.35948     3.95   0.000     76.27221    226.9055
             |
relative_y~x#|
       treat |
        1 1  |   21.19253   19.71953     1.07   0.283    -17.52565     59.9107
        2 1  |   36.21063   17.65996     2.05   0.041      1.53629    70.88497
        3 1  |   5.766226   18.08551     0.32   0.750    -29.74366    41.27611
        4 1  |   -13.2042   15.78303    -0.84   0.403    -44.19329    17.78488
        6 1  |   41.59579   21.66317     1.92   0.055    -.9386217     84.1302
        7 1  |   50.71922    23.7358     2.14   0.033     4.115326    97.32311
        8 1  |   31.77191   25.41674     1.25   0.212    -18.13241    81.67623
        9 1  |    43.1824   24.53384     1.76   0.079    -4.988397     91.3532
       10 1  |   42.72195   24.82039     1.72   0.086    -6.011475    91.45538
------------------------------------------------------------------------------

added scalar:
              e(ymean) =  105.52546

added scalar:
             e(ymean2) =  .

added scalar:
                e(acq) =  313

added scalar:
              e(fe_id) =  20

added scalar:
          e(n_treated) =  37910

added scalar:
          e(n_control) =  39294

added macro:
               e(smpl) : "Rural"

added macro:
             e(fespec) : "unique_small_grid_id_cohort monthyearco yeargov provi
> nce_cohort#election_year"

added macro:
                e(mod) : "moderator"

added macro:
           e(controls) : "notyet"
(saving evreg1)
(file /users/aquisper/proj_bureaucrats_farms/code/_stacked_downup_replication/.
> ./../tables/exploratory_analysis/politician_original_controls_fe_sweep/sample
> /politician_original_fe20_controls_notyet_event_rural_acpop_all.ster saved)
EVENT controls=notyet FE=21/32: unique_small_grid_id_cohort monthyearco yeargov
>  province_cohort#election_year#yeargov
(MWFE estimator converged in 83 iterations)

HDFE linear regression with Julia                 Number of obs   =     77,204
Absorbing 4 HDFE groups                           F(  11,    683) =       3.30
Statistics cluster-robust                         Prob > F        =     0.0002
                                                  R-squared       =     0.1322
                                                  Adj R-squared   =     0.1163
Number of clusters (ac_elec_yr) =        684      Within R-sq.    =     0.0022
                                                  Root MSE        =   796.0881

                           (Std. err. adjusted for 684 clusters in ac_elec_yr)
------------------------------------------------------------------------------
             |               Robust
      countk | Coefficient  std. err.      t    P>|t|     [95% conf. interval]
-------------+----------------------------------------------------------------
relative_y~x |
          1  |          0  (omitted)
          2  |          0  (omitted)
          3  |          0  (omitted)
          4  |          0  (omitted)
          6  |          0  (omitted)
          7  |          0  (omitted)
          8  |          0  (omitted)
          9  |          0  (omitted)
         10  |          0  (omitted)
             |
     1.treat |          0  (omitted)
wind_direc~n |  -.2873546    .059321    -4.84   0.000    -.4038279   -.1708812
av_wind_sp~d |   149.1443   38.24446     3.90   0.000     74.05351    224.2352
             |
relative_y~x#|
       treat |
        1 1  |   23.50178    21.3353     1.10   0.271    -18.38887    65.39244
        2 1  |   29.41005   16.76912     1.75   0.080    -3.515158    62.33527
        3 1  |   9.580491   16.95572     0.57   0.572    -23.71111    42.87209
        4 1  |   -9.91794   16.09288    -0.62   0.538    -41.51541    21.67953
        6 1  |   43.30897     21.205     2.04   0.041     1.674153    84.94379
        7 1  |   46.85823   23.56848     1.99   0.047     .5828475    93.13361
        8 1  |    33.3352   24.68459     1.35   0.177    -15.13161      81.802
        9 1  |   45.97617   23.34154     1.97   0.049     .1463767    91.80596
       10 1  |   41.42133   24.46029     1.69   0.091    -6.605063    89.44773
------------------------------------------------------------------------------

added scalar:
              e(ymean) =  105.52546

added scalar:
             e(ymean2) =  .

added scalar:
                e(acq) =  313

added scalar:
              e(fe_id) =  21

added scalar:
          e(n_treated) =  37910

added scalar:
          e(n_control) =  39294

added macro:
               e(smpl) : "Rural"

added macro:
             e(fespec) : "unique_small_grid_id_cohort monthyearco yeargov provi
> nce_cohort#election_year#yeargov"

added macro:
                e(mod) : "moderator"

added macro:
           e(controls) : "notyet"
(saving evreg1)
(file /users/aquisper/proj_bureaucrats_farms/code/_stacked_downup_replication/.
> ./../tables/exploratory_analysis/politician_original_controls_fe_sweep/sample
> /politician_original_fe21_controls_notyet_event_rural_acpop_all.ster saved)
EVENT controls=notyet FE=22/32: unique_small_grid_id_cohort monthyearco provinc
> e_cohort#election_year province_cohort#election_year#yeargov
(MWFE estimator converged in 84 iterations)

HDFE linear regression with Julia                 Number of obs   =     77,204
Absorbing 4 HDFE groups                           F(  11,    683) =       3.30
Statistics cluster-robust                         Prob > F        =     0.0002
                                                  R-squared       =     0.1322
                                                  Adj R-squared   =     0.1162
Number of clusters (ac_elec_yr) =        684      Within R-sq.    =     0.0022
                                                  Root MSE        =   796.1458

                           (Std. err. adjusted for 684 clusters in ac_elec_yr)
------------------------------------------------------------------------------
             |               Robust
      countk | Coefficient  std. err.      t    P>|t|     [95% conf. interval]
-------------+----------------------------------------------------------------
relative_y~x |
          1  |          0  (omitted)
          2  |          0  (omitted)
          3  |          0  (omitted)
          4  |          0  (omitted)
          6  |          0  (omitted)
          7  |          0  (omitted)
          8  |          0  (omitted)
          9  |          0  (omitted)
         10  |          0  (omitted)
             |
     1.treat |          0  (omitted)
wind_direc~n |  -.2873545   .0593253    -4.84   0.000    -.4038365   -.1708726
av_wind_sp~d |   149.1443   38.24688     3.90   0.000     74.04876    224.2399
             |
relative_y~x#|
       treat |
        1 1  |   23.50162   21.33715     1.10   0.271    -18.39266    65.39591
        2 1  |   29.40987   16.76968     1.75   0.080    -3.516449     62.3362
        3 1  |   9.580163   16.95675     0.56   0.572    -23.71346    42.87379
        4 1  |  -9.918183   16.09425    -0.62   0.538    -41.51833    21.68196
        6 1  |   43.30871   21.20603     2.04   0.042     1.671878    84.94554
        7 1  |   46.85791   23.56899     1.99   0.047     .5815342    93.13428
        8 1  |   33.33494   24.68585     1.35   0.177    -15.13433    81.80421
        9 1  |   45.97591   23.34203     1.97   0.049     .1451544    91.80667
       10 1  |   41.42105   24.46241     1.69   0.091    -6.609509    89.45161
------------------------------------------------------------------------------

added scalar:
              e(ymean) =  105.52546

added scalar:
             e(ymean2) =  .

added scalar:
                e(acq) =  313

added scalar:
              e(fe_id) =  22

added scalar:
          e(n_treated) =  37910

added scalar:
          e(n_control) =  39294

added macro:
               e(smpl) : "Rural"

added macro:
             e(fespec) : "unique_small_grid_id_cohort monthyearco province_coho
> rt#election_year province_cohort#election_year#yeargov"

added macro:
                e(mod) : "moderator"

added macro:
           e(controls) : "notyet"
(saving evreg1)
(file /users/aquisper/proj_bureaucrats_farms/code/_stacked_downup_replication/.
> ./../tables/exploratory_analysis/politician_original_controls_fe_sweep/sample
> /politician_original_fe22_controls_notyet_event_rural_acpop_all.ster saved)
EVENT controls=notyet FE=23/32: unique_small_grid_id_cohort province_cohort#c.m
> onthyear yeargov province_cohort#election_year
(MWFE estimator converged in 66 iterations)

HDFE linear regression with Julia                 Number of obs   =     77,204
Absorbing 4 HDFE groups                           F(  20,    683) =       5.79
Statistics cluster-robust                         Prob > F        =     0.0000
                                                  R-squared       =     0.1014
                                                  Adj R-squared   =     0.0875
Number of clusters (ac_elec_yr) =        684      Within R-sq.    =     0.0066
                                                  Root MSE        =   808.9948

                           (Std. err. adjusted for 684 clusters in ac_elec_yr)
------------------------------------------------------------------------------
             |               Robust
      countk | Coefficient  std. err.      t    P>|t|     [95% conf. interval]
-------------+----------------------------------------------------------------
relative_y~x |
          1  |   10.62706   95.92486     0.11   0.912     -177.716    198.9701
          2  |  -22.85409   75.62655    -0.30   0.763    -171.3425    125.6344
          3  |  -35.56438   49.43835    -0.72   0.472    -132.6338    61.50502
          4  |  -14.48864   26.50114    -0.55   0.585    -66.52214    37.54485
          6  |  -14.84461   42.34394    -0.35   0.726    -97.98453    68.29532
          7  |  -25.33584   57.47397    -0.44   0.659    -138.1827    87.51104
          8  |  -44.57743   86.83077    -0.51   0.608    -215.0647    125.9099
          9  |  -33.90734   105.4445    -0.32   0.748    -240.9416     173.127
         10  |  -22.60264   126.3526    -0.18   0.858    -270.6888    225.4836
             |
     1.treat |          0  (omitted)
wind_direc~n |  -.6575617   .0745152    -8.82   0.000    -.8038682   -.5112552
av_wind_sp~d |   47.23142   14.43867     3.27   0.001     18.88191    75.58092
             |
relative_y~x#|
       treat |
        1 1  |   11.95905   21.46527     0.56   0.578    -30.18679    54.10488
        2 1  |   34.06815    17.2678     1.97   0.049     .1637979     67.9725
        3 1  |   4.114057   17.93997     0.23   0.819    -31.11006    39.33817
        4 1  |  -14.43825   16.24943    -0.89   0.375     -46.3431     17.4666
        6 1  |   42.97643   21.39142     2.01   0.045     .9755767    84.97728
        7 1  |   45.08734   23.54046     1.92   0.056    -1.133019    91.30769
        8 1  |    27.7279   25.23433     1.10   0.272    -21.81828    77.27407
        9 1  |   39.17807   23.82609     1.64   0.101     -7.60312    85.95925
       10 1  |   38.20793   24.19393     1.58   0.115    -9.295472    85.71133
------------------------------------------------------------------------------

added scalar:
              e(ymean) =  105.52546

added scalar:
             e(ymean2) =  .

added scalar:
                e(acq) =  313

added scalar:
              e(fe_id) =  23

added scalar:
          e(n_treated) =  37910

added scalar:
          e(n_control) =  39294

added macro:
               e(smpl) : "Rural"

added macro:
             e(fespec) : "unique_small_grid_id_cohort province_cohort#c.monthye
> ar yeargov province_cohort#election_year"

added macro:
                e(mod) : "moderator"

added macro:
           e(controls) : "notyet"
(saving evreg1)
(file /users/aquisper/proj_bureaucrats_farms/code/_stacked_downup_replication/.
> ./../tables/exploratory_analysis/politician_original_controls_fe_sweep/sample
> /politician_original_fe23_controls_notyet_event_rural_acpop_all.ster saved)
EVENT controls=notyet FE=24/32: unique_small_grid_id_cohort province_cohort#c.m
> onthyear yeargov province_cohort#election_year#yeargov
(MWFE estimator converged in 26 iterations)

HDFE linear regression with Julia                 Number of obs   =     77,204
Absorbing 4 HDFE groups                           F(  20,    683) =       6.40
Statistics cluster-robust                         Prob > F        =     0.0000
                                                  R-squared       =     0.1025
                                                  Adj R-squared   =     0.0881
Number of clusters (ac_elec_yr) =        684      Within R-sq.    =     0.0069
                                                  Root MSE        =   808.7201

                           (Std. err. adjusted for 684 clusters in ac_elec_yr)
------------------------------------------------------------------------------
             |               Robust
      countk | Coefficient  std. err.      t    P>|t|     [95% conf. interval]
-------------+----------------------------------------------------------------
relative_y~x |
          1  |  -837.0079   203.8237    -4.11   0.000    -1237.204   -436.8116
          2  |  -647.5278   155.1354    -4.17   0.000    -952.1274   -342.9282
          3  |  -399.5562   103.4251    -3.86   0.000    -602.6255   -196.4869
          4  |  -176.2273   45.56335    -3.87   0.000    -265.6884   -86.76627
          6  |   127.2842   48.48297     2.63   0.009     32.09059    222.4777
          7  |    238.183   87.41087     2.72   0.007     66.55673    409.8093
          8  |   452.3903   132.2786     3.42   0.001     192.6688    712.1119
          9  |   720.1385   177.0441     4.07   0.000     372.5224    1067.754
         10  |   905.4328   281.8685     3.21   0.001     351.9999    1458.866
             |
     1.treat |          0  (omitted)
wind_direc~n |   -.667267   .0754644    -8.84   0.000    -.8154371   -.5190969
av_wind_sp~d |   36.07778   15.12515     2.39   0.017     6.380399    65.77516
             |
relative_y~x#|
       treat |
        1 1  |   19.20961   21.25894     0.90   0.367    -22.53111    60.95033
        2 1  |   28.96563   16.86869     1.72   0.086    -4.155084    62.08634
        3 1  |   7.942706    17.2237     0.46   0.645    -25.87505    41.76046
        4 1  |  -11.51196   16.18047    -0.71   0.477     -43.2814    20.25748
        6 1  |   42.66012   21.26261     2.01   0.045     .9121851    84.40805
        7 1  |   45.50322   23.71403     1.92   0.055    -1.057942    92.06437
        8 1  |   33.07321   24.57467     1.35   0.179    -15.17776    81.32417
        9 1  |   44.40115   23.41056     1.90   0.058    -1.564152    90.36645
       10 1  |   39.39172   24.55517     1.60   0.109    -8.820961     87.6044
------------------------------------------------------------------------------

added scalar:
              e(ymean) =  105.52546

added scalar:
             e(ymean2) =  .

added scalar:
                e(acq) =  313

added scalar:
              e(fe_id) =  24

added scalar:
          e(n_treated) =  37910

added scalar:
          e(n_control) =  39294

added macro:
               e(smpl) : "Rural"

added macro:
             e(fespec) : "unique_small_grid_id_cohort province_cohort#c.monthye
> ar yeargov province_cohort#election_year#yeargov"

added macro:
                e(mod) : "moderator"

added macro:
           e(controls) : "notyet"
(saving evreg1)
(file /users/aquisper/proj_bureaucrats_farms/code/_stacked_downup_replication/.
> ./../tables/exploratory_analysis/politician_original_controls_fe_sweep/sample
> /politician_original_fe24_controls_notyet_event_rural_acpop_all.ster saved)
EVENT controls=notyet FE=25/32: unique_small_grid_id_cohort province_cohort#c.m
> onthyear province_cohort#election_year province_cohort#election_year#yeargov
(MWFE estimator converged in 20 iterations)

HDFE linear regression with Julia                 Number of obs   =     77,204
Absorbing 4 HDFE groups                           F(  20,    683) =       6.32
Statistics cluster-robust                         Prob > F        =     0.0000
                                                  R-squared       =     0.1024
                                                  Adj R-squared   =     0.0879
Number of clusters (ac_elec_yr) =        684      Within R-sq.    =     0.0068
                                                  Root MSE        =   808.8090

                           (Std. err. adjusted for 684 clusters in ac_elec_yr)
------------------------------------------------------------------------------
             |               Robust
      countk | Coefficient  std. err.      t    P>|t|     [95% conf. interval]
-------------+----------------------------------------------------------------
relative_y~x |
          1  |  -781.1645   202.8319    -3.85   0.000    -1179.414   -382.9156
          2  |  -605.0005   154.3813    -3.92   0.000    -908.1195   -301.8815
          3  |  -370.3105   102.6758    -3.61   0.000    -571.9086   -168.7125
          4  |  -161.3033   45.02204    -3.58   0.000    -249.7015   -72.90507
          6  |   113.5186   48.30538     2.35   0.019     18.67376    208.3635
          7  |    210.031   86.99776     2.41   0.016     39.21585    380.8462
          8  |   409.8328   131.2768     3.12   0.002     152.0782    667.5873
          9  |   663.2373   175.9829     3.77   0.000     317.7049     1008.77
         10  |   833.8178   279.8321     2.98   0.003     284.3833    1383.252
             |
     1.treat |          0  (omitted)
wind_direc~n |  -.6663993   .0754348    -8.83   0.000    -.8145111   -.5182874
av_wind_sp~d |   36.67595   15.10067     2.43   0.015     7.026648    66.32526
             |
relative_y~x#|
       treat |
        1 1  |    19.2241   21.26042     0.90   0.366    -22.51953    60.96772
        2 1  |   28.96913   16.86947     1.72   0.086    -4.153108    62.09137
        3 1  |   7.949066   17.22394     0.46   0.645    -25.86916    41.76729
        4 1  |  -11.50572   16.18119    -0.71   0.477    -43.27658    20.26514
        6 1  |   42.66347    21.2639     2.01   0.045     .9130004    84.41394
        7 1  |   45.51006   23.71473     1.92   0.055    -1.052461    92.07258
        8 1  |   33.07723   24.57632     1.35   0.179    -15.17699    81.33145
        9 1  |   44.40862   23.41176     1.90   0.058    -1.559048    90.37629
       10 1  |   39.40073   24.55659     1.60   0.109    -8.814747     87.6162
------------------------------------------------------------------------------

added scalar:
              e(ymean) =  105.52546

added scalar:
             e(ymean2) =  .

added scalar:
                e(acq) =  313

added scalar:
              e(fe_id) =  25

added scalar:
          e(n_treated) =  37910

added scalar:
          e(n_control) =  39294

added macro:
               e(smpl) : "Rural"

added macro:
             e(fespec) : "unique_small_grid_id_cohort province_cohort#c.monthye
> ar province_cohort#election_year province_cohort#election_year#yeargov"

added macro:
                e(mod) : "moderator"

added macro:
           e(controls) : "notyet"
(saving evreg1)
(file /users/aquisper/proj_bureaucrats_farms/code/_stacked_downup_replication/.
> ./../tables/exploratory_analysis/politician_original_controls_fe_sweep/sample
> /politician_original_fe25_controls_notyet_event_rural_acpop_all.ster saved)
EVENT controls=notyet FE=26/32: unique_small_grid_id_cohort yeargov province_co
> hort#election_year province_cohort#election_year#yeargov
(MWFE estimator converged in 16 iterations)

HDFE linear regression with Julia                 Number of obs   =     77,204
Absorbing 4 HDFE groups                           F(  20,    683) =       6.45
Statistics cluster-robust                         Prob > F        =     0.0000
                                                  R-squared       =     0.1025
                                                  Adj R-squared   =     0.0880
Number of clusters (ac_elec_yr) =        684      Within R-sq.    =     0.0068
                                                  Root MSE        =   808.7718

                           (Std. err. adjusted for 684 clusters in ac_elec_yr)
------------------------------------------------------------------------------
             |               Robust
      countk | Coefficient  std. err.      t    P>|t|     [95% conf. interval]
-------------+----------------------------------------------------------------
relative_y~x |
          1  |  -43.73655   100.4423    -0.44   0.663    -240.9493    153.4762
          2  |  -63.64816   78.62172    -0.81   0.418    -218.0174    90.72113
          3  |  -24.42836   60.35471    -0.40   0.686    -142.9314    94.07469
          4  |   2.359136   40.34679     0.06   0.953     -76.8595    81.57777
          6  |  -43.51841   55.95054    -0.78   0.437    -153.3741    66.33731
          7  |  -147.3857   86.50185    -1.70   0.089    -317.2272    22.45573
          8  |  -148.3505   112.6749    -1.32   0.188    -369.5814    72.88029
          9  |  -73.28928   121.5345    -0.60   0.547    -311.9154    165.3368
         10  |  -160.7788   162.6116    -0.99   0.323    -480.0574    158.4998
             |
     1.treat |          0  (omitted)
wind_direc~n |  -.6561389    .074703    -8.78   0.000    -.8028141   -.5094638
av_wind_sp~d |   58.36418   13.73878     4.25   0.000     31.38888    85.33949
             |
relative_y~x#|
       treat |
        1 1  |   19.44743   21.26039     0.91   0.361    -22.29615    61.19101
        2 1  |    28.9648   16.86461     1.72   0.086    -4.147913    62.07751
        3 1  |   7.980209   17.20498     0.46   0.643     -25.8008    41.76122
        4 1  |  -11.47819   16.18034    -0.71   0.478    -43.24738      20.291
        6 1  |   42.61693   21.26697     2.00   0.045      .860433    84.37343
        7 1  |   45.58042    23.6912     1.92   0.055    -.9359035    92.09674
        8 1  |   33.09805   24.56912     1.35   0.178    -15.14203    81.33814
        9 1  |    44.4891   23.40798     1.90   0.058    -1.471147    90.44934
       10 1  |   39.52059   24.54891     1.61   0.108    -8.679799    87.72099
------------------------------------------------------------------------------

added scalar:
              e(ymean) =  105.52546

added scalar:
             e(ymean2) =  .

added scalar:
                e(acq) =  313

added scalar:
              e(fe_id) =  26

added scalar:
          e(n_treated) =  37910

added scalar:
          e(n_control) =  39294

added macro:
               e(smpl) : "Rural"

added macro:
             e(fespec) : "unique_small_grid_id_cohort yeargov province_cohort#e
> lection_year province_cohort#election_year#yeargov"

added macro:
                e(mod) : "moderator"

added macro:
           e(controls) : "notyet"
(saving evreg1)
(file /users/aquisper/proj_bureaucrats_farms/code/_stacked_downup_replication/.
> ./../tables/exploratory_analysis/politician_original_controls_fe_sweep/sample
> /politician_original_fe26_controls_notyet_event_rural_acpop_all.ster saved)
EVENT controls=notyet FE=27/32: unique_small_grid_id_cohort monthyearco provinc
> e_cohort#c.monthyear yeargov province_cohort#election_year
(MWFE estimator converged in 63 iterations)

HDFE linear regression with Julia                 Number of obs   =     77,204
Absorbing 5 HDFE groups                           F(  11,    683) =       3.40
Statistics cluster-robust                         Prob > F        =     0.0001
                                                  R-squared       =     0.1310
                                                  Adj R-squared   =     0.1156
Number of clusters (ac_elec_yr) =        684      Within R-sq.    =     0.0023
                                                  Root MSE        =   796.4258

                           (Std. err. adjusted for 684 clusters in ac_elec_yr)
------------------------------------------------------------------------------
             |               Robust
      countk | Coefficient  std. err.      t    P>|t|     [95% conf. interval]
-------------+----------------------------------------------------------------
relative_y~x |
          1  |          0  (omitted)
          2  |          0  (omitted)
          3  |          0  (omitted)
          4  |          0  (omitted)
          6  |          0  (omitted)
          7  |          0  (omitted)
          8  |          0  (omitted)
          9  |          0  (omitted)
         10  |          0  (omitted)
             |
     1.treat |          0  (omitted)
wind_direc~n |  -.2897402   .0591062    -4.90   0.000    -.4057918   -.1736885
av_wind_sp~d |   150.3575   38.34649     3.92   0.000     75.06628    225.6486
             |
relative_y~x#|
       treat |
        1 1  |   35.55475   20.90971     1.70   0.090    -5.500275    76.60977
        2 1  |   49.62509   17.73885     2.80   0.005     14.79587    84.45431
        3 1  |   20.60847   17.93673     1.15   0.251    -14.60927    55.82622
        4 1  |   .8737153   15.53633     0.06   0.955      -29.631    31.37843
        6 1  |   57.20527   21.62214     2.65   0.008     14.75141    99.65912
        7 1  |   62.35503   23.83101     2.62   0.009     15.56418    109.1459
        8 1  |    42.5604    25.4443     1.67   0.095    -7.398034    92.51884
        9 1  |   54.56383   24.21361     2.25   0.025      7.02177    102.1059
       10 1  |   54.13612   24.35757     2.22   0.027     6.311406    101.9608
------------------------------------------------------------------------------

added scalar:
              e(ymean) =  105.52546

added scalar:
             e(ymean2) =  .

added scalar:
                e(acq) =  313

added scalar:
              e(fe_id) =  27

added scalar:
          e(n_treated) =  37910

added scalar:
          e(n_control) =  39294

added macro:
               e(smpl) : "Rural"

added macro:
             e(fespec) : "unique_small_grid_id_cohort monthyearco province_coho
> rt#c.monthyear yeargov province_cohort#election_year"

added macro:
                e(mod) : "moderator"

added macro:
           e(controls) : "notyet"
(saving evreg1)
(file /users/aquisper/proj_bureaucrats_farms/code/_stacked_downup_replication/.
> ./../tables/exploratory_analysis/politician_original_controls_fe_sweep/sample
> /politician_original_fe27_controls_notyet_event_rural_acpop_all.ster saved)
EVENT controls=notyet FE=28/32: unique_small_grid_id_cohort monthyearco provinc
> e_cohort#c.monthyear yeargov province_cohort#election_year#yeargov
(MWFE estimator converged in 89 iterations)

HDFE linear regression with Julia                 Number of obs   =     77,204
Absorbing 5 HDFE groups                           F(  11,    683) =       3.30
Statistics cluster-robust                         Prob > F        =     0.0002
                                                  R-squared       =     0.1322
                                                  Adj R-squared   =     0.1162
Number of clusters (ac_elec_yr) =        684      Within R-sq.    =     0.0022
                                                  Root MSE        =   796.1300

                           (Std. err. adjusted for 684 clusters in ac_elec_yr)
------------------------------------------------------------------------------
             |               Robust
      countk | Coefficient  std. err.      t    P>|t|     [95% conf. interval]
-------------+----------------------------------------------------------------
relative_y~x |
          1  |          0  (omitted)
          2  |          0  (omitted)
          3  |          0  (omitted)
          4  |          0  (omitted)
          6  |          0  (omitted)
          7  |          0  (omitted)
          8  |          0  (omitted)
          9  |          0  (omitted)
         10  |          0  (omitted)
             |
     1.treat |          0  (omitted)
wind_direc~n |  -.2873427   .0593227    -4.84   0.000    -.4038196   -.1708659
av_wind_sp~d |    149.145   38.24669     3.90   0.000     74.04979    224.2402
             |
relative_y~x#|
       treat |
        1 1  |   23.49562   21.33656     1.10   0.271    -18.39751    65.38875
        2 1  |   29.40357   16.76971     1.75   0.080    -3.522812    62.32995
        3 1  |   9.573935   16.95672     0.56   0.573    -23.71962    42.86749
        4 1  |    -9.9244   16.09435    -0.62   0.538    -41.52474    21.67594
        6 1  |   43.30188   21.20592     2.04   0.042     1.665258    84.93849
        7 1  |   46.85086   23.56924     1.99   0.047     .5739884    93.12772
        8 1  |   33.32774   24.68568     1.35   0.177     -15.1412    81.79669
        9 1  |   45.96875   23.34241     1.97   0.049     .1372416    91.80026
       10 1  |   41.41392   24.46164     1.69   0.091    -6.615117    89.44295
------------------------------------------------------------------------------

added scalar:
              e(ymean) =  105.52546

added scalar:
             e(ymean2) =  .

added scalar:
                e(acq) =  313

added scalar:
              e(fe_id) =  28

added scalar:
          e(n_treated) =  37910

added scalar:
          e(n_control) =  39294

added macro:
               e(smpl) : "Rural"

added macro:
             e(fespec) : "unique_small_grid_id_cohort monthyearco province_coho
> rt#c.monthyear yeargov province_cohort#election_year#yeargov"

added macro:
                e(mod) : "moderator"

added macro:
           e(controls) : "notyet"
(saving evreg1)
(file /users/aquisper/proj_bureaucrats_farms/code/_stacked_downup_replication/.
> ./../tables/exploratory_analysis/politician_original_controls_fe_sweep/sample
> /politician_original_fe28_controls_notyet_event_rural_acpop_all.ster saved)
EVENT controls=notyet FE=29/32: unique_small_grid_id_cohort monthyearco provinc
> e_cohort#c.monthyear province_cohort#election_year province_cohort#election_y
> ear#yeargov
(MWFE estimator converged in 89 iterations)

HDFE linear regression with Julia                 Number of obs   =     77,204
Absorbing 5 HDFE groups                           F(  11,    683) =       3.30
Statistics cluster-robust                         Prob > F        =     0.0002
                                                  R-squared       =     0.1322
                                                  Adj R-squared   =     0.1161
Number of clusters (ac_elec_yr) =        684      Within R-sq.    =     0.0022
                                                  Root MSE        =   796.1878

                           (Std. err. adjusted for 684 clusters in ac_elec_yr)
------------------------------------------------------------------------------
             |               Robust
      countk | Coefficient  std. err.      t    P>|t|     [95% conf. interval]
-------------+----------------------------------------------------------------
relative_y~x |
          1  |          0  (omitted)
          2  |          0  (omitted)
          3  |          0  (omitted)
          4  |          0  (omitted)
          6  |          0  (omitted)
          7  |          0  (omitted)
          8  |          0  (omitted)
          9  |          0  (omitted)
         10  |          0  (omitted)
             |
     1.treat |          0  (omitted)
wind_direc~n |  -.2873458   .0593277    -4.84   0.000    -.4038323   -.1708593
av_wind_sp~d |   149.1448   38.24903     3.90   0.000     74.04502    224.2446
             |
relative_y~x#|
       treat |
        1 1  |   23.49683   21.33835     1.10   0.271    -18.39981    65.39347
        2 1  |    29.4048   16.77037     1.75   0.080    -3.522863    62.33246
        3 1  |   9.575123   16.95757     0.56   0.572     -23.7201    42.87035
        4 1  |  -9.923233   16.09511    -0.62   0.538    -41.52507     21.6786
        6 1  |   43.30323   21.20699     2.04   0.042       1.6645    84.94195
        7 1  |   46.85221   23.56978     1.99   0.047     .5742851    93.13014
        8 1  |   33.32922   24.68696     1.35   0.177    -15.14222    81.80066
        9 1  |   45.97022   23.34286     1.97   0.049     .1378408     91.8026
       10 1  |   41.41536   24.46385     1.69   0.091    -6.618024    89.44875
------------------------------------------------------------------------------

added scalar:
              e(ymean) =  105.52546

added scalar:
             e(ymean2) =  .

added scalar:
                e(acq) =  313

added scalar:
              e(fe_id) =  29

added scalar:
          e(n_treated) =  37910

added scalar:
          e(n_control) =  39294

added macro:
               e(smpl) : "Rural"

added macro:
             e(fespec) : "unique_small_grid_id_cohort monthyearco province_coho
> rt#c.monthyear province_cohort#election_year province_cohort#election_year#ye
> argov"

added macro:
                e(mod) : "moderator"

added macro:
           e(controls) : "notyet"
(saving evreg1)
(file /users/aquisper/proj_bureaucrats_farms/code/_stacked_downup_replication/.
> ./../tables/exploratory_analysis/politician_original_controls_fe_sweep/sample
> /politician_original_fe29_controls_notyet_event_rural_acpop_all.ster saved)
EVENT controls=notyet FE=30/32: unique_small_grid_id_cohort monthyearco yeargov
>  province_cohort#election_year province_cohort#election_year#yeargov
(MWFE estimator converged in 87 iterations)

HDFE linear regression with Julia                 Number of obs   =     77,204
Absorbing 5 HDFE groups                           F(  11,    683) =       3.30
Statistics cluster-robust                         Prob > F        =     0.0002
                                                  R-squared       =     0.1322
                                                  Adj R-squared   =     0.1162
Number of clusters (ac_elec_yr) =        684      Within R-sq.    =     0.0022
                                                  Root MSE        =   796.1721

                           (Std. err. adjusted for 684 clusters in ac_elec_yr)
------------------------------------------------------------------------------
             |               Robust
      countk | Coefficient  std. err.      t    P>|t|     [95% conf. interval]
-------------+----------------------------------------------------------------
relative_y~x |
          1  |          0  (omitted)
          2  |          0  (omitted)
          3  |          0  (omitted)
          4  |          0  (omitted)
          6  |          0  (omitted)
          7  |          0  (omitted)
          8  |          0  (omitted)
          9  |          0  (omitted)
         10  |          0  (omitted)
             |
     1.treat |          0  (omitted)
wind_direc~n |  -.2873546   .0593274    -4.84   0.000    -.4038406   -.1708685
av_wind_sp~d |   149.1443   38.24843     3.90   0.000      74.0457     224.243
             |
relative_y~x#|
       treat |
        1 1  |   23.50174   21.33749     1.10   0.271    -18.39321    65.39669
        2 1  |   29.40994   16.77063     1.75   0.080    -3.518228    62.33812
        3 1  |   9.580297   16.95728     0.56   0.572    -23.71436    42.87496
        4 1  |   -9.91805   16.09453    -0.62   0.538    -41.51875    21.68265
        6 1  |   43.30881   21.20686     2.04   0.042     1.670332    84.94728
        7 1  |   46.85785    23.5699     1.99   0.047     .5796789    93.13602
        8 1  |   33.33502   24.68692     1.35   0.177    -15.13635    81.80638
        9 1  |   45.97598   23.34329     1.97   0.049     .1427484    91.80921
       10 1  |   41.42117   24.46314     1.69   0.091    -6.610824    89.45317
------------------------------------------------------------------------------

added scalar:
              e(ymean) =  105.52546

added scalar:
             e(ymean2) =  .

added scalar:
                e(acq) =  313

added scalar:
              e(fe_id) =  30

added scalar:
          e(n_treated) =  37910

added scalar:
          e(n_control) =  39294

added macro:
               e(smpl) : "Rural"

added macro:
             e(fespec) : "unique_small_grid_id_cohort monthyearco yeargov provi
> nce_cohort#election_year province_cohort#election_year#yeargov"

added macro:
                e(mod) : "moderator"

added macro:
           e(controls) : "notyet"
(saving evreg1)
(file /users/aquisper/proj_bureaucrats_farms/code/_stacked_downup_replication/.
> ./../tables/exploratory_analysis/politician_original_controls_fe_sweep/sample
> /politician_original_fe30_controls_notyet_event_rural_acpop_all.ster saved)
EVENT controls=notyet FE=31/32: unique_small_grid_id_cohort province_cohort#c.m
> onthyear yeargov province_cohort#election_year province_cohort#election_year#
> yeargov
(MWFE estimator converged in 28 iterations)

HDFE linear regression with Julia                 Number of obs   =     77,204
Absorbing 5 HDFE groups                           F(  20,    683) =       6.34
Statistics cluster-robust                         Prob > F        =     0.0000
                                                  R-squared       =     0.1025
                                                  Adj R-squared   =     0.0879
Number of clusters (ac_elec_yr) =        684      Within R-sq.    =     0.0068
                                                  Root MSE        =   808.8153

                           (Std. err. adjusted for 684 clusters in ac_elec_yr)
------------------------------------------------------------------------------
             |               Robust
      countk | Coefficient  std. err.      t    P>|t|     [95% conf. interval]
-------------+----------------------------------------------------------------
relative_y~x |
          1  |  -778.9081    198.517    -3.92   0.000    -1168.685   -389.1312
          2  |  -603.8913   152.2323    -3.97   0.000    -902.7907   -304.9919
          3  |  -370.4231   102.2589    -3.62   0.000    -571.2026   -169.6437
          4  |  -161.5233   44.42944    -3.64   0.000     -248.758   -74.28865
          6  |   107.3441   48.83584     2.20   0.028     11.45773    203.2305
          7  |   189.7326   87.65637     2.16   0.031     17.62427    361.8409
          8  |    375.439   129.9719     2.89   0.004     120.2466    630.6315
          9  |   628.3111   171.6668     3.66   0.000      291.253    965.3692
         10  |   797.6304   266.0761     3.00   0.003      275.205    1320.056
             |
     1.treat |          0  (omitted)
wind_direc~n |  -.6690353   .0755028    -8.86   0.000    -.8172807   -.5207898
av_wind_sp~d |   37.05307   15.04765     2.46   0.014     7.507856    66.59828
             |
relative_y~x#|
       treat |
        1 1  |   19.19758    21.2613     0.90   0.367    -22.54779    60.94294
        2 1  |   28.96157   16.87126     1.72   0.087    -4.164199    62.08733
        3 1  |   7.933371   17.22657     0.46   0.645    -25.89002    41.75676
        4 1  |  -11.52129   16.18375    -0.71   0.477    -43.29716    20.25458
        6 1  |   42.65137   21.26617     2.01   0.045      .896443    84.40629
        7 1  |   45.49911   23.71642     1.92   0.055    -1.066739    92.06496
        8 1  |   33.07258   24.57655     1.35   0.179    -15.18208    81.32725
        9 1  |   44.39636   23.41402     1.90   0.058    -1.575737    90.36846
       10 1  |     39.387   24.55872     1.60   0.109    -8.832658    87.60666
------------------------------------------------------------------------------

added scalar:
              e(ymean) =  105.52546

added scalar:
             e(ymean2) =  .

added scalar:
                e(acq) =  313

added scalar:
              e(fe_id) =  31

added scalar:
          e(n_treated) =  37910

added scalar:
          e(n_control) =  39294

added macro:
               e(smpl) : "Rural"

added macro:
             e(fespec) : "unique_small_grid_id_cohort province_cohort#c.monthye
> ar yeargov province_cohort#election_year province_cohort#election_year#yeargo
> v"

added macro:
                e(mod) : "moderator"

added macro:
           e(controls) : "notyet"
(saving evreg1)
(file /users/aquisper/proj_bureaucrats_farms/code/_stacked_downup_replication/.
> ./../tables/exploratory_analysis/politician_original_controls_fe_sweep/sample
> /politician_original_fe31_controls_notyet_event_rural_acpop_all.ster saved)
EVENT controls=notyet FE=32/32: unique_small_grid_id_cohort monthyearco provinc
> e_cohort#c.monthyear yeargov province_cohort#election_year province_cohort#el
> ection_year#yeargov
(MWFE estimator converged in 91 iterations)

HDFE linear regression with Julia                 Number of obs   =     77,204
Absorbing 6 HDFE groups                           F(  11,    683) =       3.30
Statistics cluster-robust                         Prob > F        =     0.0002
                                                  R-squared       =     0.1322
                                                  Adj R-squared   =     0.1161
Number of clusters (ac_elec_yr) =        684      Within R-sq.    =     0.0022
                                                  Root MSE        =   796.2140

                           (Std. err. adjusted for 684 clusters in ac_elec_yr)
------------------------------------------------------------------------------
             |               Robust
      countk | Coefficient  std. err.      t    P>|t|     [95% conf. interval]
-------------+----------------------------------------------------------------
relative_y~x |
          1  |          0  (omitted)
          2  |          0  (omitted)
          3  |          0  (omitted)
          4  |          0  (omitted)
          6  |          0  (omitted)
          7  |          0  (omitted)
          8  |          0  (omitted)
          9  |          0  (omitted)
         10  |          0  (omitted)
             |
     1.treat |          0  (omitted)
wind_direc~n |  -.2873457   .0593295    -4.84   0.000    -.4038358   -.1708555
av_wind_sp~d |   149.1448   38.25051     3.90   0.000      74.0421    224.2475
             |
relative_y~x#|
       treat |
        1 1  |   23.49702    21.3386     1.10   0.271    -18.40011    65.39416
        2 1  |   29.40496   16.77146     1.75   0.080    -3.524847    62.33477
        3 1  |    9.57527   16.95818     0.56   0.573    -23.72116     42.8717
        4 1  |  -9.923092   16.09542    -0.62   0.538    -41.52553    21.67935
        6 1  |   43.30338   21.20792     2.04   0.042     1.662835    84.94392
        7 1  |   46.85221   23.57101     1.99   0.047     .5718612    93.13255
        8 1  |   33.32932   24.68814     1.35   0.177    -15.14445    81.80309
        9 1  |    45.9703   23.34439     1.97   0.049     .1349137    91.80569
       10 1  |    41.4155   24.46444     1.69   0.091    -6.619045    89.45005
------------------------------------------------------------------------------

added scalar:
              e(ymean) =  105.52546

added scalar:
             e(ymean2) =  .

added scalar:
                e(acq) =  313

added scalar:
              e(fe_id) =  32

added scalar:
          e(n_treated) =  37910

added scalar:
          e(n_control) =  39294

added macro:
               e(smpl) : "Rural"

added macro:
             e(fespec) : "unique_small_grid_id_cohort monthyearco province_coho
> rt#c.monthyear yeargov province_cohort#election_year province_cohort#election
> _year#yeargov"

added macro:
                e(mod) : "moderator"

added macro:
           e(controls) : "notyet"
(saving evreg1)
(file /users/aquisper/proj_bureaucrats_farms/code/_stacked_downup_replication/.
> ./../tables/exploratory_analysis/politician_original_controls_fe_sweep/sample
> /politician_original_fe32_controls_notyet_event_rural_acpop_all.ster saved)

. 
. *****************************************************************************
> ***
. * DiD loop: reload prepared sample once, estimate FE 1/32, save independently
> .
. *****************************************************************************
> ***
. use `full_analysis_sample', clear

. gen byte post_ = relative_year_bin >= 0

. gen byte moderator = downup_ac_pop

. local moderators_list downup_ac_pop

. count if treat == 1
  43,420

. local did_n_treated = r(N)

. count if treat == 0
  40,409

. local did_n_control = r(N)

. egen byte did_tag_ac = tag(ac_uq_id)

. count if did_tag_ac
  313

. local did_numacs = r(N)

. drop did_tag_ac

. quietly summarize countk if treat == 1 & relative_year_bin <= -1

. local did_ymean = r(mean)

. quietly summarize countk if treat == 1 & relative_year_bin <= -1 & moderator 
> == 1

. local did_ymean2 = r(mean)

. 
. foreach mod of local moderators_list {
  2.     local did_rhs "ib0.post_##ib0.treat##ib0.`mod' wind_direction av_wind_
> speed"
  3.     foreach fe of numlist $fe_list {
  4.         local fespec "`fe`fe''"
  5.         local tag : display %02.0f `fe'
  6.         local tag = strtrim("`tag'")
  7.         local prefix "politician_original_fe`tag'_controls_`control_sample
> '"
  8.         display as result "DID controls=`control_sample' FE=`fe'/32: `fesp
> ec'"
  9.         est clear
 10.         reghdfejl countk `did_rhs', absorb(`fespec') vce(cluster ac_elec_y
> r)
 11.         estadd scalar ymean = `did_ymean'
 12.         estadd scalar ymean2 = `did_ymean2'
 13.         estadd scalar acq = `did_numacs'
 14.         estadd scalar fe_id = `fe'
 15.         estadd scalar n_treated = `did_n_treated'
 16.         estadd scalar n_control = `did_n_control'
 17.         estadd local smpl "Rural"
 18.         estadd local fespec "`fespec'"
 19.         estadd local mod "`mod'"
 20.         estadd local controls "`control_sample'"
 21.         est store evreg1
 22.         local out "${tables}/`prefix'_did_interaction_rural_acpop_all"
 23.         estwrite evreg1 using "`out'.ster", replace
 24.         confirm file "`out'.ster"
 25.     }
 26. }
DID controls=notyet FE=1/32: unique_small_grid_id_cohort
(MWFE estimator converged in 1 iterations)

HDFE linear regression with Julia                 Number of obs   =     83,829
Absorbing 1 HDFE group                            F(   8,    821) =      16.39
Statistics cluster-robust                         Prob > F        =     0.0000
                                                  R-squared       =     0.0999
                                                  Adj R-squared   =     0.0876
Number of clusters (ac_elec_yr) =        821      Within R-sq.    =     0.0069
                                                  Root MSE        =   825.1450

                           (Std. err. adjusted for 821 clusters in ac_elec_yr)
------------------------------------------------------------------------------
             |               Robust
      countk | Coefficient  std. err.      t    P>|t|     [95% conf. interval]
-------------+----------------------------------------------------------------
     1.post_ |  -17.77791   15.10312    -1.18   0.239    -47.42318    11.86736
     1.treat |          0  (omitted)
1.downup_a~p |   4.450196   18.43085     0.24   0.809    -31.72695    40.62734
wind_direc~n |  -.6566482   .0678552    -9.68   0.000    -.7898383   -.5234581
av_wind_sp~d |   59.08742   13.07493     4.52   0.000      33.4232    84.75165
             |
 post_#treat |
        1 1  |   12.94201   21.94118     0.59   0.555     -30.1254    56.00942
             |
       post_#|
downup_ac_~p |
        1 1  |   22.80604   24.45422     0.93   0.351     -25.1941    70.80619
             |
       treat#|
downup_ac_~p |
        1 1  |  -40.59059   24.51219    -1.66   0.098    -88.70453    7.523345
             |
 post_#treat#|
downup_ac_~p |
      1 1 1  |   40.53929   37.74726     1.07   0.283    -33.55321    114.6318
------------------------------------------------------------------------------

added scalar:
              e(ymean) =  125.72667

added scalar:
             e(ymean2) =  103.34127

added scalar:
                e(acq) =  313

added scalar:
              e(fe_id) =  1

added scalar:
          e(n_treated) =  43420

added scalar:
          e(n_control) =  40409

added macro:
               e(smpl) : "Rural"

added macro:
             e(fespec) : "unique_small_grid_id_cohort"

added macro:
                e(mod) : "downup_ac_pop"

added macro:
           e(controls) : "notyet"
(saving evreg1)
(file /users/aquisper/proj_bureaucrats_farms/code/_stacked_downup_replication/.
> ./../tables/exploratory_analysis/politician_original_controls_fe_sweep/sample
> /politician_original_fe01_controls_notyet_did_interaction_rural_acpop_all.ste
> r saved)
DID controls=notyet FE=2/32: unique_small_grid_id_cohort monthyearco
(MWFE estimator converged in 11 iterations)

HDFE linear regression with Julia                 Number of obs   =     83,829
Absorbing 2 HDFE groups                           F(   7,    821) =       6.18
Statistics cluster-robust                         Prob > F        =     0.0000
                                                  R-squared       =     0.1343
                                                  Adj R-squared   =     0.1199
Number of clusters (ac_elec_yr) =        821      Within R-sq.    =     0.0028
                                                  Root MSE        =   810.4165

                           (Std. err. adjusted for 821 clusters in ac_elec_yr)
------------------------------------------------------------------------------
             |               Robust
      countk | Coefficient  std. err.      t    P>|t|     [95% conf. interval]
-------------+----------------------------------------------------------------
     1.post_ |          0  (omitted)
     1.treat |          0  (omitted)
1.downup_a~p |  -1.766823   18.17273    -0.10   0.923     -37.4373    33.90366
wind_direc~n |  -.3078186   .0559492    -5.50   0.000    -.4176389   -.1979984
av_wind_sp~d |   166.0979   40.59644     4.09   0.000      86.4129     245.783
             |
 post_#treat |
        1 1  |   18.19542   22.21105     0.82   0.413    -25.40171    61.79255
             |
       post_#|
downup_ac_~p |
        1 1  |   26.11397   24.47345     1.07   0.286    -21.92392    74.15186
             |
       treat#|
downup_ac_~p |
        1 1  |  -29.18081   24.00004    -1.22   0.224    -76.28947    17.92784
             |
 post_#treat#|
downup_ac_~p |
      1 1 1  |   34.94751   38.16469     0.92   0.360    -39.96435    109.8594
------------------------------------------------------------------------------

added scalar:
              e(ymean) =  125.72667

added scalar:
             e(ymean2) =  103.34127

added scalar:
                e(acq) =  313

added scalar:
              e(fe_id) =  2

added scalar:
          e(n_treated) =  43420

added scalar:
          e(n_control) =  40409

added macro:
               e(smpl) : "Rural"

added macro:
             e(fespec) : "unique_small_grid_id_cohort monthyearco"

added macro:
                e(mod) : "downup_ac_pop"

added macro:
           e(controls) : "notyet"
(saving evreg1)
(file /users/aquisper/proj_bureaucrats_farms/code/_stacked_downup_replication/.
> ./../tables/exploratory_analysis/politician_original_controls_fe_sweep/sample
> /politician_original_fe02_controls_notyet_did_interaction_rural_acpop_all.ste
> r saved)
DID controls=notyet FE=3/32: unique_small_grid_id_cohort province_cohort#c.mont
> hyear
(MWFE estimator converged in 16 iterations)

HDFE linear regression with Julia                 Number of obs   =     83,829
Absorbing 2 HDFE groups                           F(   8,    821) =      16.32
Statistics cluster-robust                         Prob > F        =     0.0000
                                                  R-squared       =     0.1011
                                                  Adj R-squared   =     0.0886
Number of clusters (ac_elec_yr) =        821      Within R-sq.    =     0.0068
                                                  Root MSE        =   824.6644

                           (Std. err. adjusted for 821 clusters in ac_elec_yr)
------------------------------------------------------------------------------
             |               Robust
      countk | Coefficient  std. err.      t    P>|t|     [95% conf. interval]
-------------+----------------------------------------------------------------
     1.post_ |  -13.57044   18.60338    -0.73   0.466    -50.08623    22.94535
     1.treat |          0  (omitted)
1.downup_a~p |    4.82087   18.37744     0.26   0.793    -31.25143    40.89317
wind_direc~n |  -.6511935   .0675911    -9.63   0.000    -.7838652   -.5185217
av_wind_sp~d |   59.51889    13.2095     4.51   0.000     33.59053    85.44725
             |
 post_#treat |
        1 1  |   3.910219    22.8881     0.17   0.864    -41.01586     48.8363
             |
       post_#|
downup_ac_~p |
        1 1  |   22.06042    24.5171     0.90   0.368    -26.06315      70.184
             |
       treat#|
downup_ac_~p |
        1 1  |  -40.89706   24.54936    -1.67   0.096    -89.08396    7.289831
             |
 post_#treat#|
downup_ac_~p |
      1 1 1  |   42.06143   37.87969     1.11   0.267    -32.29101    116.4139
------------------------------------------------------------------------------

added scalar:
              e(ymean) =  125.72667

added scalar:
             e(ymean2) =  103.34127

added scalar:
                e(acq) =  313

added scalar:
              e(fe_id) =  3

added scalar:
          e(n_treated) =  43420

added scalar:
          e(n_control) =  40409

added macro:
               e(smpl) : "Rural"

added macro:
             e(fespec) : "unique_small_grid_id_cohort province_cohort#c.monthye
> ar"

added macro:
                e(mod) : "downup_ac_pop"

added macro:
           e(controls) : "notyet"
(saving evreg1)
(file /users/aquisper/proj_bureaucrats_farms/code/_stacked_downup_replication/.
> ./../tables/exploratory_analysis/politician_original_controls_fe_sweep/sample
> /politician_original_fe03_controls_notyet_did_interaction_rural_acpop_all.ste
> r saved)
DID controls=notyet FE=4/32: unique_small_grid_id_cohort yeargov
(MWFE estimator converged in 6 iterations)

HDFE linear regression with Julia                 Number of obs   =     83,829
Absorbing 2 HDFE groups                           F(   8,    821) =      16.56
Statistics cluster-robust                         Prob > F        =     0.0000
                                                  R-squared       =     0.1001
                                                  Adj R-squared   =     0.0877
Number of clusters (ac_elec_yr) =        821      Within R-sq.    =     0.0070
                                                  Root MSE        =   825.0933

                           (Std. err. adjusted for 821 clusters in ac_elec_yr)
------------------------------------------------------------------------------
             |               Robust
      countk | Coefficient  std. err.      t    P>|t|     [95% conf. interval]
-------------+----------------------------------------------------------------
     1.post_ |  -17.88232   15.12194    -1.18   0.237    -47.56454    11.79989
     1.treat |          0  (omitted)
1.downup_a~p |   4.391391   18.43372     0.24   0.812    -31.79137    40.57416
wind_direc~n |  -.6620076   .0679589    -9.74   0.000    -.7954012   -.5286139
av_wind_sp~d |    59.9723    13.2041     4.54   0.000     34.05452    85.89007
             |
 post_#treat |
        1 1  |    12.4083   22.03138     0.56   0.573    -30.83616    55.65276
             |
       post_#|
downup_ac_~p |
        1 1  |   22.89556   24.44438     0.94   0.349    -25.08529    70.87641
             |
       treat#|
downup_ac_~p |
        1 1  |  -40.56707   24.51069    -1.66   0.098    -88.67806    7.543933
             |
 post_#treat#|
downup_ac_~p |
      1 1 1  |   40.48568    37.7336     1.07   0.284       -33.58    114.5514
------------------------------------------------------------------------------

added scalar:
              e(ymean) =  125.72667

added scalar:
             e(ymean2) =  103.34127

added scalar:
                e(acq) =  313

added scalar:
              e(fe_id) =  4

added scalar:
          e(n_treated) =  43420

added scalar:
          e(n_control) =  40409

added macro:
               e(smpl) : "Rural"

added macro:
             e(fespec) : "unique_small_grid_id_cohort yeargov"

added macro:
                e(mod) : "downup_ac_pop"

added macro:
           e(controls) : "notyet"
(saving evreg1)
(file /users/aquisper/proj_bureaucrats_farms/code/_stacked_downup_replication/.
> ./../tables/exploratory_analysis/politician_original_controls_fe_sweep/sample
> /politician_original_fe04_controls_notyet_did_interaction_rural_acpop_all.ste
> r saved)
DID controls=notyet FE=5/32: unique_small_grid_id_cohort province_cohort#electi
> on_year
(MWFE estimator converged in 16 iterations)

HDFE linear regression with Julia                 Number of obs   =     83,829
Absorbing 2 HDFE groups                           F(   8,    821) =      15.99
Statistics cluster-robust                         Prob > F        =     0.0000
                                                  R-squared       =     0.1018
                                                  Adj R-squared   =     0.0892
Number of clusters (ac_elec_yr) =        821      Within R-sq.    =     0.0067
                                                  Root MSE        =   824.3898

                           (Std. err. adjusted for 821 clusters in ac_elec_yr)
------------------------------------------------------------------------------
             |               Robust
      countk | Coefficient  std. err.      t    P>|t|     [95% conf. interval]
-------------+----------------------------------------------------------------
     1.post_ |  -13.54662   20.32522    -0.67   0.505    -53.44213    26.34889
     1.treat |          0  (omitted)
1.downup_a~p |   5.077823   18.29429     0.28   0.781    -30.83127    40.98691
wind_direc~n |  -.6521864   .0687201    -9.49   0.000    -.7870742   -.5172986
av_wind_sp~d |   58.28543   13.11653     4.44   0.000     32.53955    84.03131
             |
 post_#treat |
        1 1  |    11.6993   24.17853     0.48   0.629    -35.75971    59.15831
             |
       post_#|
downup_ac_~p |
        1 1  |   21.35834   24.26188     0.88   0.379    -26.26428    68.98095
             |
       treat#|
downup_ac_~p |
        1 1  |  -40.70041   24.41767    -1.67   0.096    -88.62882    7.228003
             |
 post_#treat#|
downup_ac_~p |
      1 1 1  |   42.18296   37.69477     1.12   0.263    -31.80651    116.1724
------------------------------------------------------------------------------

added scalar:
              e(ymean) =  125.72667

added scalar:
             e(ymean2) =  103.34127

added scalar:
                e(acq) =  313

added scalar:
              e(fe_id) =  5

added scalar:
          e(n_treated) =  43420

added scalar:
          e(n_control) =  40409

added macro:
               e(smpl) : "Rural"

added macro:
             e(fespec) : "unique_small_grid_id_cohort province_cohort#election_
> year"

added macro:
                e(mod) : "downup_ac_pop"

added macro:
           e(controls) : "notyet"
(saving evreg1)
(file /users/aquisper/proj_bureaucrats_farms/code/_stacked_downup_replication/.
> ./../tables/exploratory_analysis/politician_original_controls_fe_sweep/sample
> /politician_original_fe05_controls_notyet_did_interaction_rural_acpop_all.ste
> r saved)
DID controls=notyet FE=6/32: unique_small_grid_id_cohort province_cohort#electi
> on_year#yeargov
(MWFE estimator converged in 16 iterations)

HDFE linear regression with Julia                 Number of obs   =     83,829
Absorbing 2 HDFE groups                           F(   8,    821) =      15.99
Statistics cluster-robust                         Prob > F        =     0.0000
                                                  R-squared       =     0.1039
                                                  Adj R-squared   =     0.0907
Number of clusters (ac_elec_yr) =        821      Within R-sq.    =     0.0068
                                                  Root MSE        =   823.7363

                           (Std. err. adjusted for 821 clusters in ac_elec_yr)
------------------------------------------------------------------------------
             |               Robust
      countk | Coefficient  std. err.      t    P>|t|     [95% conf. interval]
-------------+----------------------------------------------------------------
     1.post_ |  -54.55176   53.37917    -1.02   0.307    -159.3275    50.22396
     1.treat |          0  (omitted)
1.downup_a~p |   5.244132   18.25702     0.29   0.774    -30.59179    41.08006
wind_direc~n |  -.6598197   .0690752    -9.55   0.000    -.7954044    -.524235
av_wind_sp~d |   59.66672   13.24381     4.51   0.000     33.67101    85.66242
             |
 post_#treat |
        1 1  |   12.20148   24.15109     0.51   0.614    -35.20368    59.60664
             |
       post_#|
downup_ac_~p |
        1 1  |   21.18936    24.3117     0.87   0.384    -26.53105    68.90977
             |
       treat#|
downup_ac_~p |
        1 1  |  -39.73404   24.19205    -1.64   0.101    -87.21959    7.751508
             |
 post_#treat#|
downup_ac_~p |
      1 1 1  |   41.20854   37.65564     1.09   0.274    -32.70411    115.1212
------------------------------------------------------------------------------

added scalar:
              e(ymean) =  125.72667

added scalar:
             e(ymean2) =  103.34127

added scalar:
                e(acq) =  313

added scalar:
              e(fe_id) =  6

added scalar:
          e(n_treated) =  43420

added scalar:
          e(n_control) =  40409

added macro:
               e(smpl) : "Rural"

added macro:
             e(fespec) : "unique_small_grid_id_cohort province_cohort#election_
> year#yeargov"

added macro:
                e(mod) : "downup_ac_pop"

added macro:
           e(controls) : "notyet"
(saving evreg1)
(file /users/aquisper/proj_bureaucrats_farms/code/_stacked_downup_replication/.
> ./../tables/exploratory_analysis/politician_original_controls_fe_sweep/sample
> /politician_original_fe06_controls_notyet_did_interaction_rural_acpop_all.ste
> r saved)
DID controls=notyet FE=7/32: unique_small_grid_id_cohort monthyearco province_c
> ohort#c.monthyear
(MWFE estimator converged in 43 iterations)

HDFE linear regression with Julia                 Number of obs   =     83,829
Absorbing 3 HDFE groups                           F(   7,    821) =       5.59
Statistics cluster-robust                         Prob > F        =     0.0000
                                                  R-squared       =     0.1354
                                                  Adj R-squared   =     0.1209
Number of clusters (ac_elec_yr) =        821      Within R-sq.    =     0.0028
                                                  Root MSE        =   809.9523

                           (Std. err. adjusted for 821 clusters in ac_elec_yr)
------------------------------------------------------------------------------
             |               Robust
      countk | Coefficient  std. err.      t    P>|t|     [95% conf. interval]
-------------+----------------------------------------------------------------
     1.post_ |          0  (omitted)
     1.treat |          0  (omitted)
1.downup_a~p |  -1.126723   18.13888    -0.06   0.950    -36.73076    34.47731
wind_direc~n |  -.3014038   .0560004    -5.38   0.000    -.4113247    -.191483
av_wind_sp~d |   166.9167   40.78086     4.09   0.000     86.86964    246.9637
             |
 post_#treat |
        1 1  |   8.243536   23.31359     0.35   0.724    -37.51771    54.00479
             |
       post_#|
downup_ac_~p |
        1 1  |   24.84133   24.47841     1.01   0.310     -23.2063    72.88897
             |
       treat#|
downup_ac_~p |
        1 1  |  -29.94035   24.04126    -1.25   0.213    -77.12991    17.24922
             |
 post_#treat#|
downup_ac_~p |
      1 1 1  |   37.27168   38.20775     0.98   0.330     -37.7247    112.2681
------------------------------------------------------------------------------

added scalar:
              e(ymean) =  125.72667

added scalar:
             e(ymean2) =  103.34127

added scalar:
                e(acq) =  313

added scalar:
              e(fe_id) =  7

added scalar:
          e(n_treated) =  43420

added scalar:
          e(n_control) =  40409

added macro:
               e(smpl) : "Rural"

added macro:
             e(fespec) : "unique_small_grid_id_cohort monthyearco province_coho
> rt#c.monthyear"

added macro:
                e(mod) : "downup_ac_pop"

added macro:
           e(controls) : "notyet"
(saving evreg1)
(file /users/aquisper/proj_bureaucrats_farms/code/_stacked_downup_replication/.
> ./../tables/exploratory_analysis/politician_original_controls_fe_sweep/sample
> /politician_original_fe07_controls_notyet_did_interaction_rural_acpop_all.ste
> r saved)
DID controls=notyet FE=8/32: unique_small_grid_id_cohort monthyearco yeargov
(MWFE estimator converged in 20 iterations)

HDFE linear regression with Julia                 Number of obs   =     83,829
Absorbing 3 HDFE groups                           F(   7,    821) =       6.45
Statistics cluster-robust                         Prob > F        =     0.0000
                                                  R-squared       =     0.1343
                                                  Adj R-squared   =     0.1198
Number of clusters (ac_elec_yr) =        821      Within R-sq.    =     0.0029
                                                  Root MSE        =   810.4226

                           (Std. err. adjusted for 821 clusters in ac_elec_yr)
------------------------------------------------------------------------------
             |               Robust
      countk | Coefficient  std. err.      t    P>|t|     [95% conf. interval]
-------------+----------------------------------------------------------------
     1.post_ |          0  (omitted)
     1.treat |          0  (omitted)
1.downup_a~p |  -1.643886   18.18623    -0.09   0.928    -37.34087     34.0531
wind_direc~n |   -.309961   .0558714    -5.55   0.000    -.4196286   -.2002934
av_wind_sp~d |   166.2671   40.60176     4.10   0.000     86.57164    245.9626
             |
 post_#treat |
        1 1  |   23.91297   22.73644     1.05   0.293    -20.71543    68.54136
             |
       post_#|
downup_ac_~p |
        1 1  |   25.88284   24.44917     1.06   0.290     -22.1074    73.87307
             |
       treat#|
downup_ac_~p |
        1 1  |  -29.31558   24.00772    -1.22   0.222    -76.43932    17.80816
             |
 post_#treat#|
downup_ac_~p |
      1 1 1  |   35.23314   38.14869     0.92   0.356     -39.6473    110.1136
------------------------------------------------------------------------------

added scalar:
              e(ymean) =  125.72667

added scalar:
             e(ymean2) =  103.34127

added scalar:
                e(acq) =  313

added scalar:
              e(fe_id) =  8

added scalar:
          e(n_treated) =  43420

added scalar:
          e(n_control) =  40409

added macro:
               e(smpl) : "Rural"

added macro:
             e(fespec) : "unique_small_grid_id_cohort monthyearco yeargov"

added macro:
                e(mod) : "downup_ac_pop"

added macro:
           e(controls) : "notyet"
(saving evreg1)
(file /users/aquisper/proj_bureaucrats_farms/code/_stacked_downup_replication/.
> ./../tables/exploratory_analysis/politician_original_controls_fe_sweep/sample
> /politician_original_fe08_controls_notyet_did_interaction_rural_acpop_all.ste
> r saved)
DID controls=notyet FE=9/32: unique_small_grid_id_cohort monthyearco province_c
> ohort#election_year
(MWFE estimator converged in 34 iterations)

HDFE linear regression with Julia                 Number of obs   =     83,829
Absorbing 3 HDFE groups                           F(   7,    821) =       5.45
Statistics cluster-robust                         Prob > F        =     0.0000
                                                  R-squared       =     0.1362
                                                  Adj R-squared   =     0.1215
Number of clusters (ac_elec_yr) =        821      Within R-sq.    =     0.0027
                                                  Root MSE        =   809.6470

                           (Std. err. adjusted for 821 clusters in ac_elec_yr)
------------------------------------------------------------------------------
             |               Robust
      countk | Coefficient  std. err.      t    P>|t|     [95% conf. interval]
-------------+----------------------------------------------------------------
     1.post_ |          0  (omitted)
     1.treat |          0  (omitted)
1.downup_a~p |  -1.416167   18.01694    -0.08   0.937    -36.78085    33.94852
wind_direc~n |   -.293398   .0555918    -5.28   0.000    -.4025168   -.1842792
av_wind_sp~d |   165.6335   40.66242     4.07   0.000     85.81892     245.448
             |
 post_#treat |
        1 1  |    14.4275    24.4564     0.59   0.555    -33.57694    62.43195
             |
       post_#|
downup_ac_~p |
        1 1  |   25.19828   24.29012     1.04   0.300    -22.47977    72.87632
             |
       treat#|
downup_ac_~p |
        1 1  |  -29.09669   23.86923    -1.22   0.223    -75.94858    17.75521
             |
 post_#treat#|
downup_ac_~p |
      1 1 1  |   35.98549   38.07046     0.95   0.345     -38.7414    110.7124
------------------------------------------------------------------------------

added scalar:
              e(ymean) =  125.72667

added scalar:
             e(ymean2) =  103.34127

added scalar:
                e(acq) =  313

added scalar:
              e(fe_id) =  9

added scalar:
          e(n_treated) =  43420

added scalar:
          e(n_control) =  40409

added macro:
               e(smpl) : "Rural"

added macro:
             e(fespec) : "unique_small_grid_id_cohort monthyearco province_coho
> rt#election_year"

added macro:
                e(mod) : "downup_ac_pop"

added macro:
           e(controls) : "notyet"
(saving evreg1)
(file /users/aquisper/proj_bureaucrats_farms/code/_stacked_downup_replication/.
> ./../tables/exploratory_analysis/politician_original_controls_fe_sweep/sample
> /politician_original_fe09_controls_notyet_did_interaction_rural_acpop_all.ste
> r saved)
DID controls=notyet FE=10/32: unique_small_grid_id_cohort monthyearco province_
> cohort#election_year#yeargov
(MWFE estimator converged in 99 iterations)

HDFE linear regression with Julia                 Number of obs   =     83,829
Absorbing 3 HDFE groups                           F(   7,    821) =       5.25
Statistics cluster-robust                         Prob > F        =     0.0000
                                                  R-squared       =     0.1384
                                                  Adj R-squared   =     0.1232
Number of clusters (ac_elec_yr) =        821      Within R-sq.    =     0.0026
                                                  Root MSE        =   808.8624

                           (Std. err. adjusted for 821 clusters in ac_elec_yr)
------------------------------------------------------------------------------
             |               Robust
      countk | Coefficient  std. err.      t    P>|t|     [95% conf. interval]
-------------+----------------------------------------------------------------
     1.post_ |          0  (omitted)
     1.treat |          0  (omitted)
1.downup_a~p |  -2.901217   17.97029    -0.16   0.872    -38.17434     32.3719
wind_direc~n |  -.2742483   .0546128    -5.02   0.000    -.3814454   -.1670512
av_wind_sp~d |   165.6729   40.87249     4.05   0.000     85.44597    245.8998
             |
 post_#treat |
        1 1  |   14.98474   24.52952     0.61   0.541    -33.16321    63.13269
             |
       post_#|
downup_ac_~p |
        1 1  |   25.22877   24.33025     1.04   0.300    -22.52806    72.98559
             |
       treat#|
downup_ac_~p |
        1 1  |  -25.79272   23.71142    -1.09   0.277    -72.33486    20.74943
             |
 post_#treat#|
downup_ac_~p |
      1 1 1  |   34.83035   38.15337     0.91   0.362     -40.0593      109.72
------------------------------------------------------------------------------

added scalar:
              e(ymean) =  125.72667

added scalar:
             e(ymean2) =  103.34127

added scalar:
                e(acq) =  313

added scalar:
              e(fe_id) =  10

added scalar:
          e(n_treated) =  43420

added scalar:
          e(n_control) =  40409

added macro:
               e(smpl) : "Rural"

added macro:
             e(fespec) : "unique_small_grid_id_cohort monthyearco province_coho
> rt#election_year#yeargov"

added macro:
                e(mod) : "downup_ac_pop"

added macro:
           e(controls) : "notyet"
(saving evreg1)
(file /users/aquisper/proj_bureaucrats_farms/code/_stacked_downup_replication/.
> ./../tables/exploratory_analysis/politician_original_controls_fe_sweep/sample
> /politician_original_fe10_controls_notyet_did_interaction_rural_acpop_all.ste
> r saved)
DID controls=notyet FE=11/32: unique_small_grid_id_cohort province_cohort#c.mon
> thyear yeargov
(MWFE estimator converged in 32 iterations)

HDFE linear regression with Julia                 Number of obs   =     83,829
Absorbing 3 HDFE groups                           F(   8,    821) =      16.46
Statistics cluster-robust                         Prob > F        =     0.0000
                                                  R-squared       =     0.1013
                                                  Adj R-squared   =     0.0888
Number of clusters (ac_elec_yr) =        821      Within R-sq.    =     0.0069
                                                  Root MSE        =   824.5761

                           (Std. err. adjusted for 821 clusters in ac_elec_yr)
------------------------------------------------------------------------------
             |               Robust
      countk | Coefficient  std. err.      t    P>|t|     [95% conf. interval]
-------------+----------------------------------------------------------------
     1.post_ |   12.84112   19.47996     0.66   0.510    -25.39527     51.0775
     1.treat |          0  (omitted)
1.downup_a~p |   4.957816   18.38277     0.27   0.787    -31.12494    41.04058
wind_direc~n |  -.6552902   .0677642    -9.67   0.000    -.7883017   -.5222787
av_wind_sp~d |   59.22558   13.17639     4.49   0.000      33.3622    85.08895
             |
 post_#treat |
        1 1  |   12.19232   23.19124     0.53   0.599    -33.32878    57.71343
             |
       post_#|
downup_ac_~p |
        1 1  |    21.8445   24.41117     0.89   0.371    -26.07116    69.76016
             |
       treat#|
downup_ac_~p |
        1 1  |  -41.05565   24.53739    -1.67   0.095    -89.21906    7.107754
             |
 post_#treat#|
downup_ac_~p |
      1 1 1  |   42.12972   37.80595     1.11   0.265    -32.07798    116.3374
------------------------------------------------------------------------------

added scalar:
              e(ymean) =  125.72667

added scalar:
             e(ymean2) =  103.34127

added scalar:
                e(acq) =  313

added scalar:
              e(fe_id) =  11

added scalar:
          e(n_treated) =  43420

added scalar:
          e(n_control) =  40409

added macro:
               e(smpl) : "Rural"

added macro:
             e(fespec) : "unique_small_grid_id_cohort province_cohort#c.monthye
> ar yeargov"

added macro:
                e(mod) : "downup_ac_pop"

added macro:
           e(controls) : "notyet"
(saving evreg1)
(file /users/aquisper/proj_bureaucrats_farms/code/_stacked_downup_replication/.
> ./../tables/exploratory_analysis/politician_original_controls_fe_sweep/sample
> /politician_original_fe11_controls_notyet_did_interaction_rural_acpop_all.ste
> r saved)
DID controls=notyet FE=12/32: unique_small_grid_id_cohort province_cohort#c.mon
> thyear province_cohort#election_year
(MWFE estimator converged in 50 iterations)

HDFE linear regression with Julia                 Number of obs   =     83,829
Absorbing 3 HDFE groups                           F(   8,    821) =      16.04
Statistics cluster-robust                         Prob > F        =     0.0000
                                                  R-squared       =     0.1020
                                                  Adj R-squared   =     0.0894
Number of clusters (ac_elec_yr) =        821      Within R-sq.    =     0.0067
                                                  Root MSE        =   824.3328

                           (Std. err. adjusted for 821 clusters in ac_elec_yr)
------------------------------------------------------------------------------
             |               Robust
      countk | Coefficient  std. err.      t    P>|t|     [95% conf. interval]
-------------+----------------------------------------------------------------
     1.post_ |   12.85014   28.37633     0.45   0.651    -42.84855    68.54883
     1.treat |          0  (omitted)
1.downup_a~p |   5.463333   18.35757     0.30   0.766    -30.56997    41.49663
wind_direc~n |   -.653677   .0685694    -9.53   0.000     -.788269    -.519085
av_wind_sp~d |   58.27479   13.30747     4.38   0.000     32.15412    84.39547
             |
 post_#treat |
        1 1  |   11.45284   24.17245     0.47   0.636    -35.99423    58.89992
             |
       post_#|
downup_ac_~p |
        1 1  |   20.75715   24.29587     0.85   0.393    -26.93219     68.4465
             |
       treat#|
downup_ac_~p |
        1 1  |  -41.23856    24.4657    -1.69   0.092    -89.26125    6.784134
             |
 post_#treat#|
downup_ac_~p |
      1 1 1  |   42.67265   37.65564     1.13   0.257    -31.24002    116.5853
------------------------------------------------------------------------------

added scalar:
              e(ymean) =  125.72667

added scalar:
             e(ymean2) =  103.34127

added scalar:
                e(acq) =  313

added scalar:
              e(fe_id) =  12

added scalar:
          e(n_treated) =  43420

added scalar:
          e(n_control) =  40409

added macro:
               e(smpl) : "Rural"

added macro:
             e(fespec) : "unique_small_grid_id_cohort province_cohort#c.monthye
> ar province_cohort#election_year"

added macro:
                e(mod) : "downup_ac_pop"

added macro:
           e(controls) : "notyet"
(saving evreg1)
(file /users/aquisper/proj_bureaucrats_farms/code/_stacked_downup_replication/.
> ./../tables/exploratory_analysis/politician_original_controls_fe_sweep/sample
> /politician_original_fe12_controls_notyet_did_interaction_rural_acpop_all.ste
> r saved)
DID controls=notyet FE=13/32: unique_small_grid_id_cohort province_cohort#c.mon
> thyear province_cohort#election_year#yeargov
(MWFE estimator converged in 27 iterations)

HDFE linear regression with Julia                 Number of obs   =     83,829
Absorbing 3 HDFE groups                           F(   8,    821) =      15.04
Statistics cluster-robust                         Prob > F        =     0.0000
                                                  R-squared       =     0.1035
                                                  Adj R-squared   =     0.0902
Number of clusters (ac_elec_yr) =        821      Within R-sq.    =     0.0064
                                                  Root MSE        =   823.9425

                           (Std. err. adjusted for 821 clusters in ac_elec_yr)
------------------------------------------------------------------------------
             |               Robust
      countk | Coefficient  std. err.      t    P>|t|     [95% conf. interval]
-------------+----------------------------------------------------------------
     1.post_ |  -10.47318   43.30352    -0.24   0.809    -95.47182    74.52547
     1.treat |          0  (omitted)
1.downup_a~p |   9.000432    18.9903     0.47   0.636    -28.27482    46.27568
wind_direc~n |  -.6643291   .0702065    -9.46   0.000    -.8021346   -.5265236
av_wind_sp~d |    47.1744   14.14481     3.34   0.001     19.41015    74.93864
             |
 post_#treat |
        1 1  |   8.650811   24.31677     0.36   0.722    -39.07954    56.38116
             |
       post_#|
downup_ac_~p |
        1 1  |   14.03467   24.75748     0.57   0.571    -34.56074    62.63008
             |
       treat#|
downup_ac_~p |
        1 1  |  -43.06646   24.95699    -1.73   0.085    -92.05348    5.920567
             |
 post_#treat#|
downup_ac_~p |
      1 1 1  |   48.22426   38.13975     1.26   0.206    -26.63865    123.0872
------------------------------------------------------------------------------

added scalar:
              e(ymean) =  125.72667

added scalar:
             e(ymean2) =  103.34127

added scalar:
                e(acq) =  313

added scalar:
              e(fe_id) =  13

added scalar:
          e(n_treated) =  43420

added scalar:
          e(n_control) =  40409

added macro:
               e(smpl) : "Rural"

added macro:
             e(fespec) : "unique_small_grid_id_cohort province_cohort#c.monthye
> ar province_cohort#election_year#yeargov"

added macro:
                e(mod) : "downup_ac_pop"

added macro:
           e(controls) : "notyet"
(saving evreg1)
(file /users/aquisper/proj_bureaucrats_farms/code/_stacked_downup_replication/.
> ./../tables/exploratory_analysis/politician_original_controls_fe_sweep/sample
> /politician_original_fe13_controls_notyet_did_interaction_rural_acpop_all.ste
> r saved)
DID controls=notyet FE=14/32: unique_small_grid_id_cohort yeargov province_coho
> rt#election_year
(MWFE estimator converged in 19 iterations)

HDFE linear regression with Julia                 Number of obs   =     83,829
Absorbing 3 HDFE groups                           F(   8,    821) =      16.19
Statistics cluster-robust                         Prob > F        =     0.0000
                                                  R-squared       =     0.1020
                                                  Adj R-squared   =     0.0893
Number of clusters (ac_elec_yr) =        821      Within R-sq.    =     0.0068
                                                  Root MSE        =   824.3413

                           (Std. err. adjusted for 821 clusters in ac_elec_yr)
------------------------------------------------------------------------------
             |               Robust
      countk | Coefficient  std. err.      t    P>|t|     [95% conf. interval]
-------------+----------------------------------------------------------------
     1.post_ |  -16.90333    21.5116    -0.79   0.432    -59.12754    25.32089
     1.treat |          0  (omitted)
1.downup_a~p |   4.965753   18.29319     0.27   0.786    -30.94118    40.87269
wind_direc~n |  -.6568389   .0687246    -9.56   0.000    -.7917355   -.5219424
av_wind_sp~d |   59.27646    13.2389     4.48   0.000     33.29038    85.26254
             |
 post_#treat |
        1 1  |   11.77107    24.1777     0.49   0.626     -35.6863    59.22845
             |
       post_#|
downup_ac_~p |
        1 1  |    21.5253   24.25671     0.89   0.375    -26.08716    69.13777
             |
       treat#|
downup_ac_~p |
        1 1  |  -40.62062   24.41749    -1.66   0.097    -88.54868    7.307445
             |
 post_#treat#|
downup_ac_~p |
      1 1 1  |   42.05165   37.68273     1.12   0.265    -31.91418    116.0175
------------------------------------------------------------------------------

added scalar:
              e(ymean) =  125.72667

added scalar:
             e(ymean2) =  103.34127

added scalar:
                e(acq) =  313

added scalar:
              e(fe_id) =  14

added scalar:
          e(n_treated) =  43420

added scalar:
          e(n_control) =  40409

added macro:
               e(smpl) : "Rural"

added macro:
             e(fespec) : "unique_small_grid_id_cohort yeargov province_cohort#e
> lection_year"

added macro:
                e(mod) : "downup_ac_pop"

added macro:
           e(controls) : "notyet"
(saving evreg1)
(file /users/aquisper/proj_bureaucrats_farms/code/_stacked_downup_replication/.
> ./../tables/exploratory_analysis/politician_original_controls_fe_sweep/sample
> /politician_original_fe14_controls_notyet_did_interaction_rural_acpop_all.ste
> r saved)
DID controls=notyet FE=15/32: unique_small_grid_id_cohort yeargov province_coho
> rt#election_year#yeargov
(MWFE estimator converged in 19 iterations)

HDFE linear regression with Julia                 Number of obs   =     83,829
Absorbing 3 HDFE groups                           F(   8,    821) =      15.99
Statistics cluster-robust                         Prob > F        =     0.0000
                                                  R-squared       =     0.1039
                                                  Adj R-squared   =     0.0906
Number of clusters (ac_elec_yr) =        821      Within R-sq.    =     0.0068
                                                  Root MSE        =   823.7612

                           (Std. err. adjusted for 821 clusters in ac_elec_yr)
------------------------------------------------------------------------------
             |               Robust
      countk | Coefficient  std. err.      t    P>|t|     [95% conf. interval]
-------------+----------------------------------------------------------------
     1.post_ |  -54.55176   53.38079    -1.02   0.307    -159.3306    50.22712
     1.treat |          0  (omitted)
1.downup_a~p |   5.244132   18.25757     0.29   0.774    -30.59287    41.08114
wind_direc~n |  -.6598197   .0690773    -9.55   0.000    -.7954086   -.5242309
av_wind_sp~d |   59.66672   13.24421     4.51   0.000     33.67022    85.66321
             |
 post_#treat |
        1 1  |   12.20148   24.15179     0.51   0.614    -35.20504      59.608
             |
       post_#|
downup_ac_~p |
        1 1  |   21.18936   24.31242     0.87   0.384    -26.53247    68.91119
             |
       treat#|
downup_ac_~p |
        1 1  |  -39.73404   24.19278    -1.64   0.101    -87.22102    7.752935
             |
 post_#treat#|
downup_ac_~p |
      1 1 1  |   41.20854   37.65673     1.09   0.274    -32.70625    115.1233
------------------------------------------------------------------------------

added scalar:
              e(ymean) =  125.72667

added scalar:
             e(ymean2) =  103.34127

added scalar:
                e(acq) =  313

added scalar:
              e(fe_id) =  15

added scalar:
          e(n_treated) =  43420

added scalar:
          e(n_control) =  40409

added macro:
               e(smpl) : "Rural"

added macro:
             e(fespec) : "unique_small_grid_id_cohort yeargov province_cohort#e
> lection_year#yeargov"

added macro:
                e(mod) : "downup_ac_pop"

added macro:
           e(controls) : "notyet"
(saving evreg1)
(file /users/aquisper/proj_bureaucrats_farms/code/_stacked_downup_replication/.
> ./../tables/exploratory_analysis/politician_original_controls_fe_sweep/sample
> /politician_original_fe15_controls_notyet_did_interaction_rural_acpop_all.ste
> r saved)
DID controls=notyet FE=16/32: unique_small_grid_id_cohort province_cohort#elect
> ion_year province_cohort#election_year#yeargov
(MWFE estimator converged in 16 iterations)

HDFE linear regression with Julia                 Number of obs   =     83,829
Absorbing 3 HDFE groups                           F(   8,    821) =      15.99
Statistics cluster-robust                         Prob > F        =     0.0000
                                                  R-squared       =     0.1039
                                                  Adj R-squared   =     0.0905
Number of clusters (ac_elec_yr) =        821      Within R-sq.    =     0.0068
                                                  Root MSE        =   823.8410

                           (Std. err. adjusted for 821 clusters in ac_elec_yr)
------------------------------------------------------------------------------
             |               Robust
      countk | Coefficient  std. err.      t    P>|t|     [95% conf. interval]
-------------+----------------------------------------------------------------
     1.post_ |  -54.55176   53.38597    -1.02   0.307    -159.3408     50.2373
     1.treat |          0  (omitted)
1.downup_a~p |   5.244132   18.25933     0.29   0.774    -30.59634    41.08461
wind_direc~n |  -.6598197    .069084    -9.55   0.000    -.7954217   -.5242177
av_wind_sp~d |   59.66672   13.24549     4.50   0.000      33.6677    85.66573
             |
 post_#treat |
        1 1  |   12.20148   24.15418     0.51   0.614    -35.20974    59.61271
             |
       post_#|
downup_ac_~p |
        1 1  |   21.18936    24.3148     0.87   0.384    -26.53712    68.91585
             |
       treat#|
downup_ac_~p |
        1 1  |  -39.73404   24.19512    -1.64   0.101    -87.22562    7.757537
             |
 post_#treat#|
downup_ac_~p |
      1 1 1  |   41.20854   37.66041     1.09   0.274    -32.71348    115.1306
------------------------------------------------------------------------------

added scalar:
              e(ymean) =  125.72667

added scalar:
             e(ymean2) =  103.34127

added scalar:
                e(acq) =  313

added scalar:
              e(fe_id) =  16

added scalar:
          e(n_treated) =  43420

added scalar:
          e(n_control) =  40409

added macro:
               e(smpl) : "Rural"

added macro:
             e(fespec) : "unique_small_grid_id_cohort province_cohort#election_
> year province_cohort#election_year#yeargov"

added macro:
                e(mod) : "downup_ac_pop"

added macro:
           e(controls) : "notyet"
(saving evreg1)
(file /users/aquisper/proj_bureaucrats_farms/code/_stacked_downup_replication/.
> ./../tables/exploratory_analysis/politician_original_controls_fe_sweep/sample
> /politician_original_fe16_controls_notyet_did_interaction_rural_acpop_all.ste
> r saved)
DID controls=notyet FE=17/32: unique_small_grid_id_cohort monthyearco province_
> cohort#c.monthyear yeargov
(MWFE estimator converged in 43 iterations)

HDFE linear regression with Julia                 Number of obs   =     83,829
Absorbing 4 HDFE groups                           F(   7,    821) =       5.77
Statistics cluster-robust                         Prob > F        =     0.0000
                                                  R-squared       =     0.1354
                                                  Adj R-squared   =     0.1208
Number of clusters (ac_elec_yr) =        821      Within R-sq.    =     0.0028
                                                  Root MSE        =   809.9614

                           (Std. err. adjusted for 821 clusters in ac_elec_yr)
------------------------------------------------------------------------------
             |               Robust
      countk | Coefficient  std. err.      t    P>|t|     [95% conf. interval]
-------------+----------------------------------------------------------------
     1.post_ |          0  (omitted)
     1.treat |          0  (omitted)
1.downup_a~p |  -1.279953   18.14663    -0.07   0.944     -36.8992     34.3393
wind_direc~n |  -.3033256   .0559122    -5.43   0.000    -.4130733   -.1935779
av_wind_sp~d |   167.0384   40.78749     4.10   0.000     86.97836    247.0984
             |
 post_#treat |
        1 1  |   16.54877   23.85378     0.69   0.488     -30.2728    63.37035
             |
       post_#|
downup_ac_~p |
        1 1  |   25.12785   24.50692     1.03   0.306    -22.97575    73.23146
             |
       treat#|
downup_ac_~p |
        1 1  |  -29.63056   24.03024    -1.23   0.218    -76.79851    17.53738
             |
 post_#treat#|
downup_ac_~p |
      1 1 1  |   36.56128   38.24483     0.96   0.339    -38.50788    111.6304
------------------------------------------------------------------------------

added scalar:
              e(ymean) =  125.72667

added scalar:
             e(ymean2) =  103.34127

added scalar:
                e(acq) =  313

added scalar:
              e(fe_id) =  17

added scalar:
          e(n_treated) =  43420

added scalar:
          e(n_control) =  40409

added macro:
               e(smpl) : "Rural"

added macro:
             e(fespec) : "unique_small_grid_id_cohort monthyearco province_coho
> rt#c.monthyear yeargov"

added macro:
                e(mod) : "downup_ac_pop"

added macro:
           e(controls) : "notyet"
(saving evreg1)
(file /users/aquisper/proj_bureaucrats_farms/code/_stacked_downup_replication/.
> ./../tables/exploratory_analysis/politician_original_controls_fe_sweep/sample
> /politician_original_fe17_controls_notyet_did_interaction_rural_acpop_all.ste
> r saved)
DID controls=notyet FE=18/32: unique_small_grid_id_cohort monthyearco province_
> cohort#c.monthyear province_cohort#election_year
(MWFE estimator converged in 67 iterations)

HDFE linear regression with Julia                 Number of obs   =     83,829
Absorbing 4 HDFE groups                           F(   7,    821) =       5.44
Statistics cluster-robust                         Prob > F        =     0.0000
                                                  R-squared       =     0.1363
                                                  Adj R-squared   =     0.1215
Number of clusters (ac_elec_yr) =        821      Within R-sq.    =     0.0027
                                                  Root MSE        =   809.6436

                           (Std. err. adjusted for 821 clusters in ac_elec_yr)
------------------------------------------------------------------------------
             |               Robust
      countk | Coefficient  std. err.      t    P>|t|     [95% conf. interval]
-------------+----------------------------------------------------------------
     1.post_ |          0  (omitted)
     1.treat |          0  (omitted)
1.downup_a~p |  -1.412615    18.0179    -0.08   0.938     -36.7792    33.95397
wind_direc~n |   -.292997   .0555321    -5.28   0.000    -.4019986   -.1839954
av_wind_sp~d |   165.1303   40.74276     4.05   0.000      85.1581    245.1026
             |
 post_#treat |
        1 1  |   14.43934   24.45361     0.59   0.555    -33.55961    62.43829
             |
       post_#|
downup_ac_~p |
        1 1  |   25.20628   24.29348     1.04   0.300    -22.47837    72.89094
             |
       treat#|
downup_ac_~p |
        1 1  |  -29.13335   23.87194    -1.22   0.223    -75.99057    17.72387
             |
 post_#treat#|
downup_ac_~p |
      1 1 1  |     35.956   38.05854     0.94   0.345    -38.74749    110.6595
------------------------------------------------------------------------------

added scalar:
              e(ymean) =  125.72667

added scalar:
             e(ymean2) =  103.34127

added scalar:
                e(acq) =  313

added scalar:
              e(fe_id) =  18

added scalar:
          e(n_treated) =  43420

added scalar:
          e(n_control) =  40409

added macro:
               e(smpl) : "Rural"

added macro:
             e(fespec) : "unique_small_grid_id_cohort monthyearco province_coho
> rt#c.monthyear province_cohort#election_year"

added macro:
                e(mod) : "downup_ac_pop"

added macro:
           e(controls) : "notyet"
(saving evreg1)
(file /users/aquisper/proj_bureaucrats_farms/code/_stacked_downup_replication/.
> ./../tables/exploratory_analysis/politician_original_controls_fe_sweep/sample
> /politician_original_fe18_controls_notyet_did_interaction_rural_acpop_all.ste
> r saved)
DID controls=notyet FE=19/32: unique_small_grid_id_cohort monthyearco province_
> cohort#c.monthyear province_cohort#election_year#yeargov
(MWFE estimator converged in 107 iterations)

HDFE linear regression with Julia                 Number of obs   =     83,829
Absorbing 4 HDFE groups                           F(   7,    821) =       5.25
Statistics cluster-robust                         Prob > F        =     0.0000
                                                  R-squared       =     0.1384
                                                  Adj R-squared   =     0.1231
Number of clusters (ac_elec_yr) =        821      Within R-sq.    =     0.0026
                                                  Root MSE        =   808.9016

                           (Std. err. adjusted for 821 clusters in ac_elec_yr)
------------------------------------------------------------------------------
             |               Robust
      countk | Coefficient  std. err.      t    P>|t|     [95% conf. interval]
-------------+----------------------------------------------------------------
     1.post_ |          0  (omitted)
     1.treat |          0  (omitted)
1.downup_a~p |  -2.899302   17.97111    -0.16   0.872    -38.17403    32.37542
wind_direc~n |  -.2742363   .0546143    -5.02   0.000    -.3814363   -.1670363
av_wind_sp~d |   165.6734   40.87483     4.05   0.000     85.44195    245.9049
             |
 post_#treat |
        1 1  |   14.98125   24.53061     0.61   0.542    -33.16885    63.13135
             |
       post_#|
downup_ac_~p |
        1 1  |   25.22702   24.33134     1.04   0.300    -22.53194    72.98598
             |
       treat#|
downup_ac_~p |
        1 1  |  -25.79486   23.71255    -1.09   0.277    -72.33921    20.74949
             |
 post_#treat#|
downup_ac_~p |
      1 1 1  |   34.83221   38.15488     0.91   0.362    -40.06038    109.7248
------------------------------------------------------------------------------

added scalar:
              e(ymean) =  125.72667

added scalar:
             e(ymean2) =  103.34127

added scalar:
                e(acq) =  313

added scalar:
              e(fe_id) =  19

added scalar:
          e(n_treated) =  43420

added scalar:
          e(n_control) =  40409

added macro:
               e(smpl) : "Rural"

added macro:
             e(fespec) : "unique_small_grid_id_cohort monthyearco province_coho
> rt#c.monthyear province_cohort#election_year#yeargov"

added macro:
                e(mod) : "downup_ac_pop"

added macro:
           e(controls) : "notyet"
(saving evreg1)
(file /users/aquisper/proj_bureaucrats_farms/code/_stacked_downup_replication/.
> ./../tables/exploratory_analysis/politician_original_controls_fe_sweep/sample
> /politician_original_fe19_controls_notyet_did_interaction_rural_acpop_all.ste
> r saved)
DID controls=notyet FE=20/32: unique_small_grid_id_cohort monthyearco yeargov p
> rovince_cohort#election_year
(MWFE estimator converged in 49 iterations)

HDFE linear regression with Julia                 Number of obs   =     83,829
Absorbing 4 HDFE groups                           F(   7,    821) =       5.35
Statistics cluster-robust                         Prob > F        =     0.0000
                                                  R-squared       =     0.1365
                                                  Adj R-squared   =     0.1219
Number of clusters (ac_elec_yr) =        821      Within R-sq.    =     0.0028
                                                  Root MSE        =   809.4922

                           (Std. err. adjusted for 821 clusters in ac_elec_yr)
------------------------------------------------------------------------------
             |               Robust
      countk | Coefficient  std. err.      t    P>|t|     [95% conf. interval]
-------------+----------------------------------------------------------------
     1.post_ |          0  (omitted)
     1.treat |          0  (omitted)
1.downup_a~p |  -3.833757   17.79176    -0.22   0.829    -38.75645    31.08894
wind_direc~n |  -.2804254   .0545984    -5.14   0.000    -.3875942   -.1732566
av_wind_sp~d |   168.9957   41.08352     4.11   0.000     88.35464    249.6369
             |
 post_#treat |
        1 1  |   14.77793   24.47897     0.60   0.546     -33.2708    62.82667
             |
       post_#|
downup_ac_~p |
        1 1  |   26.37798   24.22272     1.09   0.276    -21.16777    73.92373
             |
       treat#|
downup_ac_~p |
        1 1  |  -26.62435   23.70407    -1.12   0.262    -73.15206    19.90335
             |
 post_#treat#|
downup_ac_~p |
      1 1 1  |   35.25421   38.06468     0.93   0.355    -39.46134    109.9698
------------------------------------------------------------------------------

added scalar:
              e(ymean) =  125.72667

added scalar:
             e(ymean2) =  103.34127

added scalar:
                e(acq) =  313

added scalar:
              e(fe_id) =  20

added scalar:
          e(n_treated) =  43420

added scalar:
          e(n_control) =  40409

added macro:
               e(smpl) : "Rural"

added macro:
             e(fespec) : "unique_small_grid_id_cohort monthyearco yeargov provi
> nce_cohort#election_year"

added macro:
                e(mod) : "downup_ac_pop"

added macro:
           e(controls) : "notyet"
(saving evreg1)
(file /users/aquisper/proj_bureaucrats_farms/code/_stacked_downup_replication/.
> ./../tables/exploratory_analysis/politician_original_controls_fe_sweep/sample
> /politician_original_fe20_controls_notyet_did_interaction_rural_acpop_all.ste
> r saved)
DID controls=notyet FE=21/32: unique_small_grid_id_cohort monthyearco yeargov p
> rovince_cohort#election_year#yeargov
(MWFE estimator converged in 115 iterations)

HDFE linear regression with Julia                 Number of obs   =     83,829
Absorbing 4 HDFE groups                           F(   7,    821) =       5.25
Statistics cluster-robust                         Prob > F        =     0.0000
                                                  R-squared       =     0.1384
                                                  Adj R-squared   =     0.1232
Number of clusters (ac_elec_yr) =        821      Within R-sq.    =     0.0026
                                                  Root MSE        =   808.8870

                           (Std. err. adjusted for 821 clusters in ac_elec_yr)
------------------------------------------------------------------------------
             |               Robust
      countk | Coefficient  std. err.      t    P>|t|     [95% conf. interval]
-------------+----------------------------------------------------------------
     1.post_ |          0  (omitted)
     1.treat |          0  (omitted)
1.downup_a~p |  -2.901382   17.97039    -0.16   0.872     -38.1747    32.37193
wind_direc~n |  -.2742483   .0546142    -5.02   0.000    -.3814483   -.1670483
av_wind_sp~d |   165.6729   40.87397     4.05   0.000     85.44309    245.9027
             |
 post_#treat |
        1 1  |   14.98489   24.53015     0.61   0.541    -33.16429    63.13408
             |
       post_#|
downup_ac_~p |
        1 1  |   25.22908   24.33074     1.04   0.300    -22.52871    72.98687
             |
       treat#|
downup_ac_~p |
        1 1  |  -25.79261   23.71159    -1.09   0.277    -72.33507    20.74986
             |
 post_#treat#|
downup_ac_~p |
      1 1 1  |   34.83004   38.15395     0.91   0.362    -40.06074    109.7208
------------------------------------------------------------------------------

added scalar:
              e(ymean) =  125.72667

added scalar:
             e(ymean2) =  103.34127

added scalar:
                e(acq) =  313

added scalar:
              e(fe_id) =  21

added scalar:
          e(n_treated) =  43420

added scalar:
          e(n_control) =  40409

added macro:
               e(smpl) : "Rural"

added macro:
             e(fespec) : "unique_small_grid_id_cohort monthyearco yeargov provi
> nce_cohort#election_year#yeargov"

added macro:
                e(mod) : "downup_ac_pop"

added macro:
           e(controls) : "notyet"
(saving evreg1)
(file /users/aquisper/proj_bureaucrats_farms/code/_stacked_downup_replication/.
> ./../tables/exploratory_analysis/politician_original_controls_fe_sweep/sample
> /politician_original_fe21_controls_notyet_did_interaction_rural_acpop_all.ste
> r saved)
DID controls=notyet FE=22/32: unique_small_grid_id_cohort monthyearco province_
> cohort#election_year province_cohort#election_year#yeargov
(MWFE estimator converged in 115 iterations)

HDFE linear regression with Julia                 Number of obs   =     83,829
Absorbing 4 HDFE groups                           F(   7,    821) =       5.25
Statistics cluster-robust                         Prob > F        =     0.0000
                                                  R-squared       =     0.1384
                                                  Adj R-squared   =     0.1230
Number of clusters (ac_elec_yr) =        821      Within R-sq.    =     0.0026
                                                  Root MSE        =   808.9655

                           (Std. err. adjusted for 821 clusters in ac_elec_yr)
------------------------------------------------------------------------------
             |               Robust
      countk | Coefficient  std. err.      t    P>|t|     [95% conf. interval]
-------------+----------------------------------------------------------------
     1.post_ |          0  (omitted)
     1.treat |          0  (omitted)
1.downup_a~p |  -2.901076   17.97182    -0.16   0.872    -38.17721    32.37506
wind_direc~n |  -.2742484   .0546196    -5.02   0.000    -.3814589   -.1670378
av_wind_sp~d |   165.6729   40.87826     4.05   0.000     85.43468    245.9111
             |
 post_#treat |
        1 1  |   14.98492    24.5323     0.61   0.541    -33.16848    63.13833
             |
       post_#|
downup_ac_~p |
        1 1  |    25.2286   24.33302     1.04   0.300    -22.53366    72.99086
             |
       treat#|
downup_ac_~p |
        1 1  |  -25.79288   23.71381    -1.09   0.277    -72.33971    20.75395
             |
 post_#treat#|
downup_ac_~p |
      1 1 1  |   34.83048   38.15672     0.91   0.362    -40.06573    109.7267
------------------------------------------------------------------------------

added scalar:
              e(ymean) =  125.72667

added scalar:
             e(ymean2) =  103.34127

added scalar:
                e(acq) =  313

added scalar:
              e(fe_id) =  22

added scalar:
          e(n_treated) =  43420

added scalar:
          e(n_control) =  40409

added macro:
               e(smpl) : "Rural"

added macro:
             e(fespec) : "unique_small_grid_id_cohort monthyearco province_coho
> rt#election_year province_cohort#election_year#yeargov"

added macro:
                e(mod) : "downup_ac_pop"

added macro:
           e(controls) : "notyet"
(saving evreg1)
(file /users/aquisper/proj_bureaucrats_farms/code/_stacked_downup_replication/.
> ./../tables/exploratory_analysis/politician_original_controls_fe_sweep/sample
> /politician_original_fe22_controls_notyet_did_interaction_rural_acpop_all.ste
> r saved)
DID controls=notyet FE=23/32: unique_small_grid_id_cohort province_cohort#c.mon
> thyear yeargov province_cohort#election_year
(MWFE estimator converged in 66 iterations)

HDFE linear regression with Julia                 Number of obs   =     83,829
Absorbing 4 HDFE groups                           F(   8,    821) =      15.58
Statistics cluster-robust                         Prob > F        =     0.0000
                                                  R-squared       =     0.1021
                                                  Adj R-squared   =     0.0894
Number of clusters (ac_elec_yr) =        821      Within R-sq.    =     0.0066
                                                  Root MSE        =   824.3156

                           (Std. err. adjusted for 821 clusters in ac_elec_yr)
------------------------------------------------------------------------------
             |               Robust
      countk | Coefficient  std. err.      t    P>|t|     [95% conf. interval]
-------------+----------------------------------------------------------------
     1.post_ |    16.4341   29.49599     0.56   0.578    -41.46233    74.33053
     1.treat |          0  (omitted)
1.downup_a~p |   5.707748   18.35329     0.31   0.756    -30.31714    41.73263
wind_direc~n |  -.6614504   .0688232    -9.61   0.000    -.7965405   -.5263604
av_wind_sp~d |   48.57386   13.91686     3.49   0.001     21.25704    75.89068
             |
 post_#treat |
        1 1  |   11.35844    24.1664     0.47   0.638    -36.07677    58.79365
             |
       post_#|
downup_ac_~p |
        1 1  |   20.38986   24.25358     0.84   0.401    -27.21647    67.99619
             |
       treat#|
downup_ac_~p |
        1 1  |  -41.42737   24.44439    -1.69   0.091    -89.40823    6.553485
             |
 post_#treat#|
downup_ac_~p |
      1 1 1  |   42.88703    37.6006     1.14   0.254    -30.91759    116.6916
------------------------------------------------------------------------------

added scalar:
              e(ymean) =  125.72667

added scalar:
             e(ymean2) =  103.34127

added scalar:
                e(acq) =  313

added scalar:
              e(fe_id) =  23

added scalar:
          e(n_treated) =  43420

added scalar:
          e(n_control) =  40409

added macro:
               e(smpl) : "Rural"

added macro:
             e(fespec) : "unique_small_grid_id_cohort province_cohort#c.monthye
> ar yeargov province_cohort#election_year"

added macro:
                e(mod) : "downup_ac_pop"

added macro:
           e(controls) : "notyet"
(saving evreg1)
(file /users/aquisper/proj_bureaucrats_farms/code/_stacked_downup_replication/.
> ./../tables/exploratory_analysis/politician_original_controls_fe_sweep/sample
> /politician_original_fe23_controls_notyet_did_interaction_rural_acpop_all.ste
> r saved)
DID controls=notyet FE=24/32: unique_small_grid_id_cohort province_cohort#c.mon
> thyear yeargov province_cohort#election_year#yeargov
(MWFE estimator converged in 33 iterations)

HDFE linear regression with Julia                 Number of obs   =     83,829
Absorbing 4 HDFE groups                           F(   8,    821) =      15.05
Statistics cluster-robust                         Prob > F        =     0.0000
                                                  R-squared       =     0.1035
                                                  Adj R-squared   =     0.0902
Number of clusters (ac_elec_yr) =        821      Within R-sq.    =     0.0065
                                                  Root MSE        =   823.9654

                           (Std. err. adjusted for 821 clusters in ac_elec_yr)
------------------------------------------------------------------------------
             |               Robust
      countk | Coefficient  std. err.      t    P>|t|     [95% conf. interval]
-------------+----------------------------------------------------------------
     1.post_ |  -6.760163   43.51995    -0.16   0.877    -92.18363     78.6633
     1.treat |          0  (omitted)
1.downup_a~p |   11.73796   19.24185     0.61   0.542    -26.03105    49.50696
wind_direc~n |  -.6651263   .0702258    -9.47   0.000    -.8029696   -.5272831
av_wind_sp~d |    46.3662   14.18564     3.27   0.001     18.52181    74.21059
             |
 post_#treat |
        1 1  |   7.124296   24.39424     0.29   0.770    -40.75813    55.00672
             |
       post_#|
downup_ac_~p |
        1 1  |   11.35403   25.10629     0.45   0.651    -37.92605    60.63411
             |
       treat#|
downup_ac_~p |
        1 1  |  -46.18417   24.99408    -1.85   0.065      -95.244    2.875653
             |
 post_#treat#|
downup_ac_~p |
      1 1 1  |   51.23853   38.29535     1.34   0.181    -23.92981    126.4069
------------------------------------------------------------------------------

added scalar:
              e(ymean) =  125.72667

added scalar:
             e(ymean2) =  103.34127

added scalar:
                e(acq) =  313

added scalar:
              e(fe_id) =  24

added scalar:
          e(n_treated) =  43420

added scalar:
          e(n_control) =  40409

added macro:
               e(smpl) : "Rural"

added macro:
             e(fespec) : "unique_small_grid_id_cohort province_cohort#c.monthye
> ar yeargov province_cohort#election_year#yeargov"

added macro:
                e(mod) : "downup_ac_pop"

added macro:
           e(controls) : "notyet"
(saving evreg1)
(file /users/aquisper/proj_bureaucrats_farms/code/_stacked_downup_replication/.
> ./../tables/exploratory_analysis/politician_original_controls_fe_sweep/sample
> /politician_original_fe24_controls_notyet_did_interaction_rural_acpop_all.ste
> r saved)
DID controls=notyet FE=25/32: unique_small_grid_id_cohort province_cohort#c.mon
> thyear province_cohort#election_year province_cohort#election_year#yeargov
(MWFE estimator converged in 26 iterations)

HDFE linear regression with Julia                 Number of obs   =     83,829
Absorbing 4 HDFE groups                           F(   8,    821) =      15.08
Statistics cluster-robust                         Prob > F        =     0.0000
                                                  R-squared       =     0.1035
                                                  Adj R-squared   =     0.0900
Number of clusters (ac_elec_yr) =        821      Within R-sq.    =     0.0065
                                                  Root MSE        =   824.0399

                           (Std. err. adjusted for 821 clusters in ac_elec_yr)
------------------------------------------------------------------------------
             |               Robust
      countk | Coefficient  std. err.      t    P>|t|     [95% conf. interval]
-------------+----------------------------------------------------------------
     1.post_ |  -10.02461   43.18038    -0.23   0.816    -94.78154    74.73233
     1.treat |          0  (omitted)
1.downup_a~p |   10.50497   19.16458     0.55   0.584    -27.11237    48.12231
wind_direc~n |  -.6653904   .0702226    -9.48   0.000    -.8032274   -.5275534
av_wind_sp~d |   47.01227   14.14859     3.32   0.001      19.2406    74.78393
             |
 post_#treat |
        1 1  |   8.014964   24.34092     0.33   0.742    -39.76279    55.79272
             |
       post_#|
downup_ac_~p |
        1 1  |    12.7163   24.83449     0.51   0.609    -36.03027    61.46287
             |
       treat#|
downup_ac_~p |
        1 1  |  -44.55019   25.12251    -1.77   0.077    -93.86209    4.761714
             |
 post_#treat#|
downup_ac_~p |
      1 1 1  |   49.48136   38.20156     1.30   0.196    -25.50285    124.4656
------------------------------------------------------------------------------

added scalar:
              e(ymean) =  125.72667

added scalar:
             e(ymean2) =  103.34127

added scalar:
                e(acq) =  313

added scalar:
              e(fe_id) =  25

added scalar:
          e(n_treated) =  43420

added scalar:
          e(n_control) =  40409

added macro:
               e(smpl) : "Rural"

added macro:
             e(fespec) : "unique_small_grid_id_cohort province_cohort#c.monthye
> ar province_cohort#election_year province_cohort#election_year#yeargov"

added macro:
                e(mod) : "downup_ac_pop"

added macro:
           e(controls) : "notyet"
(saving evreg1)
(file /users/aquisper/proj_bureaucrats_farms/code/_stacked_downup_replication/.
> ./../tables/exploratory_analysis/politician_original_controls_fe_sweep/sample
> /politician_original_fe25_controls_notyet_did_interaction_rural_acpop_all.ste
> r saved)
DID controls=notyet FE=26/32: unique_small_grid_id_cohort yeargov province_coho
> rt#election_year province_cohort#election_year#yeargov
(MWFE estimator converged in 19 iterations)

HDFE linear regression with Julia                 Number of obs   =     83,829
Absorbing 4 HDFE groups                           F(   8,    821) =      15.99
Statistics cluster-robust                         Prob > F        =     0.0000
                                                  R-squared       =     0.1039
                                                  Adj R-squared   =     0.0904
Number of clusters (ac_elec_yr) =        821      Within R-sq.    =     0.0068
                                                  Root MSE        =   823.8660

                           (Std. err. adjusted for 821 clusters in ac_elec_yr)
------------------------------------------------------------------------------
             |               Robust
      countk | Coefficient  std. err.      t    P>|t|     [95% conf. interval]
-------------+----------------------------------------------------------------
     1.post_ |  -54.55176   53.38758    -1.02   0.307     -159.344    50.24046
     1.treat |          0  (omitted)
1.downup_a~p |   5.244132    18.2599     0.29   0.774    -30.59745    41.08572
wind_direc~n |  -.6598197    .069086    -9.55   0.000    -.7954258   -.5242136
av_wind_sp~d |   59.66672   13.24589     4.50   0.000     33.66692    85.66652
             |
 post_#treat |
        1 1  |   12.20148    24.1549     0.51   0.614    -35.21115    59.61411
             |
       post_#|
downup_ac_~p |
        1 1  |   21.18936   24.31554     0.87   0.384    -26.53859    68.91732
             |
       treat#|
downup_ac_~p |
        1 1  |  -39.73404   24.19586    -1.64   0.101    -87.22706    7.758982
             |
 post_#treat#|
downup_ac_~p |
      1 1 1  |   41.20854    37.6616     1.09   0.274    -32.71581    115.1329
------------------------------------------------------------------------------

added scalar:
              e(ymean) =  125.72667

added scalar:
             e(ymean2) =  103.34127

added scalar:
                e(acq) =  313

added scalar:
              e(fe_id) =  26

added scalar:
          e(n_treated) =  43420

added scalar:
          e(n_control) =  40409

added macro:
               e(smpl) : "Rural"

added macro:
             e(fespec) : "unique_small_grid_id_cohort yeargov province_cohort#e
> lection_year province_cohort#election_year#yeargov"

added macro:
                e(mod) : "downup_ac_pop"

added macro:
           e(controls) : "notyet"
(saving evreg1)
(file /users/aquisper/proj_bureaucrats_farms/code/_stacked_downup_replication/.
> ./../tables/exploratory_analysis/politician_original_controls_fe_sweep/sample
> /politician_original_fe26_controls_notyet_did_interaction_rural_acpop_all.ste
> r saved)
DID controls=notyet FE=27/32: unique_small_grid_id_cohort monthyearco province_
> cohort#c.monthyear yeargov province_cohort#election_year
(MWFE estimator converged in 82 iterations)

HDFE linear regression with Julia                 Number of obs   =     83,829
Absorbing 5 HDFE groups                           F(   7,    821) =       5.33
Statistics cluster-robust                         Prob > F        =     0.0000
                                                  R-squared       =     0.1365
                                                  Adj R-squared   =     0.1218
Number of clusters (ac_elec_yr) =        821      Within R-sq.    =     0.0027
                                                  Root MSE        =   809.5375

                           (Std. err. adjusted for 821 clusters in ac_elec_yr)
------------------------------------------------------------------------------
             |               Robust
      countk | Coefficient  std. err.      t    P>|t|     [95% conf. interval]
-------------+----------------------------------------------------------------
     1.post_ |          0  (omitted)
     1.treat |          0  (omitted)
1.downup_a~p |  -3.844554   17.79057    -0.22   0.829    -38.76491    31.07581
wind_direc~n |   -.280382   .0546156    -5.13   0.000    -.3875847   -.1731794
av_wind_sp~d |   168.3674   41.15071     4.09   0.000     87.59436    249.1403
             |
 post_#treat |
        1 1  |   14.78814   24.47973     0.60   0.546    -33.26209    62.83836
             |
       post_#|
downup_ac_~p |
        1 1  |   26.41256   24.22145     1.09   0.276    -21.13069    73.95581
             |
       treat#|
downup_ac_~p |
        1 1  |  -26.62187   23.70472    -1.12   0.262    -73.15086    19.90712
             |
 post_#treat#|
downup_ac_~p |
      1 1 1  |    35.2289   38.06586     0.93   0.355    -39.48897    109.9468
------------------------------------------------------------------------------

added scalar:
              e(ymean) =  125.72667

added scalar:
             e(ymean2) =  103.34127

added scalar:
                e(acq) =  313

added scalar:
              e(fe_id) =  27

added scalar:
          e(n_treated) =  43420

added scalar:
          e(n_control) =  40409

added macro:
               e(smpl) : "Rural"

added macro:
             e(fespec) : "unique_small_grid_id_cohort monthyearco province_coho
> rt#c.monthyear yeargov province_cohort#election_year"

added macro:
                e(mod) : "downup_ac_pop"

added macro:
           e(controls) : "notyet"
(saving evreg1)
(file /users/aquisper/proj_bureaucrats_farms/code/_stacked_downup_replication/.
> ./../tables/exploratory_analysis/politician_original_controls_fe_sweep/sample
> /politician_original_fe27_controls_notyet_did_interaction_rural_acpop_all.ste
> r saved)
DID controls=notyet FE=28/32: unique_small_grid_id_cohort monthyearco province_
> cohort#c.monthyear yeargov province_cohort#election_year#yeargov
(MWFE estimator converged in 121 iterations)

HDFE linear regression with Julia                 Number of obs   =     83,829
Absorbing 5 HDFE groups                           F(   7,    821) =       5.25
Statistics cluster-robust                         Prob > F        =     0.0000
                                                  R-squared       =     0.1384
                                                  Adj R-squared   =     0.1231
Number of clusters (ac_elec_yr) =        821      Within R-sq.    =     0.0026
                                                  Root MSE        =   808.9262

                           (Std. err. adjusted for 821 clusters in ac_elec_yr)
------------------------------------------------------------------------------
             |               Robust
      countk | Coefficient  std. err.      t    P>|t|     [95% conf. interval]
-------------+----------------------------------------------------------------
     1.post_ |          0  (omitted)
     1.treat |          0  (omitted)
1.downup_a~p |  -2.899532    17.9714    -0.16   0.872    -38.17483    32.37576
wind_direc~n |  -.2742361   .0546157    -5.02   0.000    -.3814391   -.1670332
av_wind_sp~d |   165.6734   40.87627     4.05   0.000     85.43909    245.9077
             |
 post_#treat |
        1 1  |   14.98155   24.53138     0.61   0.542    -33.17006    63.13315
             |
       post_#|
downup_ac_~p |
        1 1  |   25.22736   24.33186     1.04   0.300    -22.53261    72.98734
             |
       treat#|
downup_ac_~p |
        1 1  |  -25.79455   23.71295    -1.09   0.277     -72.3397    20.75059
             |
 post_#treat#|
downup_ac_~p |
      1 1 1  |   34.83167   38.15596     0.91   0.362    -40.06305    109.7264
------------------------------------------------------------------------------

added scalar:
              e(ymean) =  125.72667

added scalar:
             e(ymean2) =  103.34127

added scalar:
                e(acq) =  313

added scalar:
              e(fe_id) =  28

added scalar:
          e(n_treated) =  43420

added scalar:
          e(n_control) =  40409

added macro:
               e(smpl) : "Rural"

added macro:
             e(fespec) : "unique_small_grid_id_cohort monthyearco province_coho
> rt#c.monthyear yeargov province_cohort#election_year#yeargov"

added macro:
                e(mod) : "downup_ac_pop"

added macro:
           e(controls) : "notyet"
(saving evreg1)
(file /users/aquisper/proj_bureaucrats_farms/code/_stacked_downup_replication/.
> ./../tables/exploratory_analysis/politician_original_controls_fe_sweep/sample
> /politician_original_fe28_controls_notyet_did_interaction_rural_acpop_all.ste
> r saved)
DID controls=notyet FE=29/32: unique_small_grid_id_cohort monthyearco province_
> cohort#c.monthyear province_cohort#election_year province_cohort#election_yea
> r#yeargov
(MWFE estimator converged in 123 iterations)

HDFE linear regression with Julia                 Number of obs   =     83,829
Absorbing 5 HDFE groups                           F(   7,    821) =       5.25
Statistics cluster-robust                         Prob > F        =     0.0000
                                                  R-squared       =     0.1384
                                                  Adj R-squared   =     0.1229
Number of clusters (ac_elec_yr) =        821      Within R-sq.    =     0.0026
                                                  Root MSE        =   809.0048

                           (Std. err. adjusted for 821 clusters in ac_elec_yr)
------------------------------------------------------------------------------
             |               Robust
      countk | Coefficient  std. err.      t    P>|t|     [95% conf. interval]
-------------+----------------------------------------------------------------
     1.post_ |          0  (omitted)
     1.treat |          0  (omitted)
1.downup_a~p |  -2.899675   17.97271    -0.16   0.872    -38.17755     32.3782
wind_direc~n |  -.2742393   .0546216    -5.02   0.000    -.3814537    -.167025
av_wind_sp~d |   165.6733   40.88021     4.05   0.000     85.43124    245.9153
             |
 post_#treat |
        1 1  |   14.98253   24.53335     0.61   0.542    -33.17295      63.138
             |
       post_#|
downup_ac_~p |
        1 1  |   25.22727   24.33403     1.04   0.300    -22.53697    72.99151
             |
       treat#|
downup_ac_~p |
        1 1  |  -25.79434   23.71494    -1.09   0.277     -72.3434    20.75471
             |
 post_#treat#|
downup_ac_~p |
      1 1 1  |   34.83173   38.15821     0.91   0.362    -40.06741    109.7309
------------------------------------------------------------------------------

added scalar:
              e(ymean) =  125.72667

added scalar:
             e(ymean2) =  103.34127

added scalar:
                e(acq) =  313

added scalar:
              e(fe_id) =  29

added scalar:
          e(n_treated) =  43420

added scalar:
          e(n_control) =  40409

added macro:
               e(smpl) : "Rural"

added macro:
             e(fespec) : "unique_small_grid_id_cohort monthyearco province_coho
> rt#c.monthyear province_cohort#election_year province_cohort#election_year#ye
> argov"

added macro:
                e(mod) : "downup_ac_pop"

added macro:
           e(controls) : "notyet"
(saving evreg1)
(file /users/aquisper/proj_bureaucrats_farms/code/_stacked_downup_replication/.
> ./../tables/exploratory_analysis/politician_original_controls_fe_sweep/sample
> /politician_original_fe29_controls_notyet_did_interaction_rural_acpop_all.ste
> r saved)
DID controls=notyet FE=30/32: unique_small_grid_id_cohort monthyearco yeargov p
> rovince_cohort#election_year province_cohort#election_year#yeargov
(MWFE estimator converged in 121 iterations)

HDFE linear regression with Julia                 Number of obs   =     83,829
Absorbing 5 HDFE groups                           F(   7,    821) =       5.25
Statistics cluster-robust                         Prob > F        =     0.0000
                                                  R-squared       =     0.1384
                                                  Adj R-squared   =     0.1229
Number of clusters (ac_elec_yr) =        821      Within R-sq.    =     0.0026
                                                  Root MSE        =   808.9901

                           (Std. err. adjusted for 821 clusters in ac_elec_yr)
------------------------------------------------------------------------------
             |               Robust
      countk | Coefficient  std. err.      t    P>|t|     [95% conf. interval]
-------------+----------------------------------------------------------------
     1.post_ |          0  (omitted)
     1.treat |          0  (omitted)
1.downup_a~p |  -2.901181    17.9718    -0.16   0.872    -38.17726     32.3749
wind_direc~n |  -.2742483   .0546208    -5.02   0.000    -.3814613   -.1670354
av_wind_sp~d |   165.6729   40.88006     4.05   0.000     85.43119    245.9147
             |
 post_#treat |
        1 1  |   14.98491   24.53309     0.61   0.541    -33.17004    63.13987
             |
       post_#|
downup_ac_~p |
        1 1  |   25.22885   24.33342     1.04   0.300    -22.53419     72.9919
             |
       treat#|
downup_ac_~p |
        1 1  |   -25.7928   23.71433    -1.09   0.277    -72.34066    20.75506
             |
 post_#treat#|
downup_ac_~p |
      1 1 1  |   34.83006   38.15785     0.91   0.362    -40.06838    109.7285
------------------------------------------------------------------------------

added scalar:
              e(ymean) =  125.72667

added scalar:
             e(ymean2) =  103.34127

added scalar:
                e(acq) =  313

added scalar:
              e(fe_id) =  30

added scalar:
          e(n_treated) =  43420

added scalar:
          e(n_control) =  40409

added macro:
               e(smpl) : "Rural"

added macro:
             e(fespec) : "unique_small_grid_id_cohort monthyearco yeargov provi
> nce_cohort#election_year province_cohort#election_year#yeargov"

added macro:
                e(mod) : "downup_ac_pop"

added macro:
           e(controls) : "notyet"
(saving evreg1)
(file /users/aquisper/proj_bureaucrats_farms/code/_stacked_downup_replication/.
> ./../tables/exploratory_analysis/politician_original_controls_fe_sweep/sample
> /politician_original_fe30_controls_notyet_did_interaction_rural_acpop_all.ste
> r saved)
DID controls=notyet FE=31/32: unique_small_grid_id_cohort province_cohort#c.mon
> thyear yeargov province_cohort#election_year province_cohort#election_year#ye
> argov
(MWFE estimator converged in 34 iterations)

HDFE linear regression with Julia                 Number of obs   =     83,829
Absorbing 5 HDFE groups                           F(   8,    821) =      15.05
Statistics cluster-robust                         Prob > F        =     0.0000
                                                  R-squared       =     0.1035
                                                  Adj R-squared   =     0.0899
Number of clusters (ac_elec_yr) =        821      Within R-sq.    =     0.0065
                                                  Root MSE        =   824.0692

                           (Std. err. adjusted for 821 clusters in ac_elec_yr)
------------------------------------------------------------------------------
             |               Robust
      countk | Coefficient  std. err.      t    P>|t|     [95% conf. interval]
-------------+----------------------------------------------------------------
     1.post_ |  -6.676278   43.26415    -0.15   0.877    -91.59765    78.24509
     1.treat |          0  (omitted)
1.downup_a~p |   11.71354    19.2624     0.61   0.543    -26.09581    49.52289
wind_direc~n |  -.6652031   .0702299    -9.47   0.000    -.8030544   -.5273518
av_wind_sp~d |   46.40938   14.18034     3.27   0.001     18.57539    74.24338
             |
 post_#treat |
        1 1  |   7.143425   24.39945     0.29   0.770    -40.74923    55.03608
             |
       post_#|
downup_ac_~p |
        1 1  |   11.38821    25.1273     0.45   0.651     -37.9331    60.70951
             |
       treat#|
downup_ac_~p |
        1 1  |   -46.1603   25.00878    -1.85   0.065    -95.24897    2.928372
             |
 post_#treat#|
downup_ac_~p |
      1 1 1  |    51.1993   38.30787     1.34   0.182    -23.99359    126.3922
------------------------------------------------------------------------------

added scalar:
              e(ymean) =  125.72667

added scalar:
             e(ymean2) =  103.34127

added scalar:
                e(acq) =  313

added scalar:
              e(fe_id) =  31

added scalar:
          e(n_treated) =  43420

added scalar:
          e(n_control) =  40409

added macro:
               e(smpl) : "Rural"

added macro:
             e(fespec) : "unique_small_grid_id_cohort province_cohort#c.monthye
> ar yeargov province_cohort#election_year province_cohort#election_year#yeargo
> v"

added macro:
                e(mod) : "downup_ac_pop"

added macro:
           e(controls) : "notyet"
(saving evreg1)
(file /users/aquisper/proj_bureaucrats_farms/code/_stacked_downup_replication/.
> ./../tables/exploratory_analysis/politician_original_controls_fe_sweep/sample
> /politician_original_fe31_controls_notyet_did_interaction_rural_acpop_all.ste
> r saved)
DID controls=notyet FE=32/32: unique_small_grid_id_cohort monthyearco province_
> cohort#c.monthyear yeargov province_cohort#election_year province_cohort#elec
> tion_year#yeargov
(MWFE estimator converged in 126 iterations)

HDFE linear regression with Julia                 Number of obs   =     83,829
Absorbing 6 HDFE groups                           F(   7,    821) =       5.24
Statistics cluster-robust                         Prob > F        =     0.0000
                                                  R-squared       =     0.1384
                                                  Adj R-squared   =     0.1229
Number of clusters (ac_elec_yr) =        821      Within R-sq.    =     0.0026
                                                  Root MSE        =   809.0294

                           (Std. err. adjusted for 821 clusters in ac_elec_yr)
------------------------------------------------------------------------------
             |               Robust
      countk | Coefficient  std. err.      t    P>|t|     [95% conf. interval]
-------------+----------------------------------------------------------------
     1.post_ |          0  (omitted)
     1.treat |          0  (omitted)
1.downup_a~p |  -2.900094   17.97256    -0.16   0.872    -38.17767    32.37749
wind_direc~n |  -.2742392   .0546228    -5.02   0.000    -.3814559   -.1670225
av_wind_sp~d |   165.6733    40.8822     4.05   0.000     85.42737    245.9193
             |
 post_#treat |
        1 1  |    14.9828   24.53414     0.61   0.542    -33.17423    63.13983
             |
       post_#|
downup_ac_~p |
        1 1  |   25.22805   24.33439     1.04   0.300     -22.5369      72.993
             |
       treat#|
downup_ac_~p |
        1 1  |  -25.79396    23.7155    -1.09   0.277     -72.3441    20.75619
             |
 post_#treat#|
downup_ac_~p |
      1 1 1  |   34.83075   38.15949     0.91   0.362     -40.0709    109.7324
------------------------------------------------------------------------------

added scalar:
              e(ymean) =  125.72667

added scalar:
             e(ymean2) =  103.34127

added scalar:
                e(acq) =  313

added scalar:
              e(fe_id) =  32

added scalar:
          e(n_treated) =  43420

added scalar:
          e(n_control) =  40409

added macro:
               e(smpl) : "Rural"

added macro:
             e(fespec) : "unique_small_grid_id_cohort monthyearco province_coho
> rt#c.monthyear yeargov province_cohort#election_year province_cohort#election
> _year#yeargov"

added macro:
                e(mod) : "downup_ac_pop"

added macro:
           e(controls) : "notyet"
(saving evreg1)
(file /users/aquisper/proj_bureaucrats_farms/code/_stacked_downup_replication/.
> ./../tables/exploratory_analysis/politician_original_controls_fe_sweep/sample
> /politician_original_fe32_controls_notyet_did_interaction_rural_acpop_all.ste
> r saved)

. 
. display as result "COMPLETED politician STER files: controls=`control_sample'
> , FE 1/32"
COMPLETED politician STER files: controls=notyet, FE 1/32

. 
end of do-file
