
  ___  ____  ____  ____  ____ ®
 /__    /   ____/   /   ____/      StataNow 19.5
___/   /   /___/   /   /___/       MP—Parallel Edition

 Statistics and Data Science       Copyright 1985-2025 StataCorp LLC
                                   StataCorp
                                   4905 Lakeway Drive
                                   College Station, Texas 77845 USA
                                   800-782-8272        https://www.stata.com
                                   979-696-4600        service@stata.com

Stata license: 4-user 16-core network, expiring 14 Sep 2026
Serial number: 501909301589
  Licensed to: University of Notre Dame
               Notre Dame, IN 46556

Notes:
      1. Stata is running in batch mode.
      2. Unicode is supported; see help unicode_advice.
      3. More than 2 billion observations are allowed; see help obs_advice.
      4. Maximum number of variables is set to 5,000 but can be increased;
          see help set_maxvar.

. do /users/aquisper/proj_bureaucrats_farms/code/_stacked_downup_replication/ex
> ploratory_analysis/politician_original_controls_fe_sweep/_run_politician_orig
> inal_control_all32.do 

. *****************************************************************************
> ***
. * Original politician dataset: one import, 32 FE loops, one control definitio
> n.
. *
. * One Stata process performs two independent loops and saves every FE result:
. *   1. Event study, relative years -5,...,4, omitting -1.
. *   2. DiD interaction post x treat x downup_ac_pop.
. *****************************************************************************
> ***
. version 17

. clear all

. set more off

. set processors 1
    The maximum number of processors or cores being used is changed from 16
    to 1.  It can be set to any number between 1 and 16

. 
. args control_arg

. local control_env : environment POL_ORIGINAL_CONTROL_SAMPLE

. local sample_env : environment ANALYSIS_SAMPLE_SUFFIX

. local control_sample "`control_arg'"

. if "`control_sample'" == "" local control_sample "`control_env'"

. if "`control_sample'" == "" local control_sample "never"

. if !inlist("`control_sample'", "never", "both", "notyet") {
.     display as error "Control sample must be never, both, or notyet."
.     exit 198
. }

. 
. * Standalone defaults for the five standard parameters.
. global location     "shell"

. global sample       "`sample_env'"

. global is_rural_var "is_rural"

. global fe_list      "1/32"

. global ster_suffix  "_acpop"

. global root "/groups/sgulzar/sa_fires/proj_bureaucrats_farms"

. global code "/users/aquisper/proj_bureaucrats_farms/code/_stacked_downup_repl
> ication"

. global int_data "${root}/data_output/intermediate"

. global tables "${code}/../../tables/exploratory_analysis/politician_original_
> controls_fe_sweep"

. global figures "${code}/../../figures/exploratory_analysis/politician_origina
> l_controls_fe_sweep"

. if "${sample}" == "_sample" {
.     global tables "${tables}/sample"
.     global figures "${figures}/sample"
. }

. capture mkdir "${tables}"

. capture mkdir "${figures}"

. 
. *****************************************************************************
> ***
. * Import and prepare the common sample exactly once.
. *****************************************************************************
> ***
. local input_file "${int_data}/politicians_characteristics${sample}.csv"

. confirm file "`input_file'"

. display as text "Input: `input_file' | controls: `control_sample'"
Input: /groups/sgulzar/sa_fires/proj_bureaucrats_farms/data_output/intermediate
> /politicians_characteristics_sample.csv | controls: never

. import delimited using "`input_file'", clear varnames(1)
(encoding automatically selected: ISO-8859-1)
(22 vars, 265,377 obs)

. 
. capture confirm variable relative_year_bin

. if _rc {
.     confirm variable relative_year
.     rename relative_year relative_year_bin
. }

. local required unique_small_grid_id province ac_uq_id count month year ///
>     monthyear downup_ac_pop av_wind_speed wind_direction election_year ///
>     yeargov treat cohort relative_year_bin control_type

. foreach variable of local required {
  2.     capture confirm variable `variable'
  3.     if _rc {
  4.         display as error "Required variable absent: `variable'"
  5.         exit 111
  6.     }
  7. }

. assert control_type == 0 if treat == 1

. assert inlist(control_type, 1, 2) if treat == 0

. 
. gen double countk = count * 1000

. merge m:1 unique_small_grid_id using ///
>     "${int_data}/ghs_grid_classification_2000.dta", ///
>     keep(master match) keepusing(is_rural)

    Result                      Number of obs
    -----------------------------------------
    Not matched                             0
    Matched                           265,377  (_merge==3)
    -----------------------------------------

. count if _merge == 1
  0

. display as text "Rows without rural classification: " r(N)
Rows without rural classification: 0

. drop _merge

. keep if ${is_rural_var} == 1
(65,640 observations deleted)

. keep if year < 2022 | (year == 2022 & month <= 8)
(40,908 observations deleted)

. 
. if "`control_sample'" == "never" {
.     keep if treat == 1 | control_type == 1
(40,409 observations deleted)
. }

. else if "`control_sample'" == "notyet" {
.     keep if treat == 1 | control_type == 2
.     display as error "CAUTION: control_type 2 is the legacy partial-zero-spel
> l group."
. }

. 
. gen byte fe_complete = 1

. local complete_vars unique_small_grid_id province ac_uq_id month year ///
>     monthyear election_year yeargov cohort countk downup_ac_pop ///
>     av_wind_speed wind_direction treat relative_year_bin control_type

. foreach variable of local complete_vars {
  2.     replace fe_complete = 0 if missing(`variable')
  3. }
(0 real changes made)
(0 real changes made)
(0 real changes made)
(0 real changes made)
(0 real changes made)
(0 real changes made)
(0 real changes made)
(0 real changes made)
(0 real changes made)
(0 real changes made)
(0 real changes made)
(0 real changes made)
(0 real changes made)
(0 real changes made)
(0 real changes made)
(0 real changes made)

. count if fe_complete == 0
  0

. display as text "Rows removed by common complete-case restriction: " r(N)
Rows removed by common complete-case restriction: 0

. drop if fe_complete == 0
(0 observations deleted)

. drop fe_complete

. 
. egen long unique_small_grid_id_cohort = group(unique_small_grid_id cohort)

. egen long province_cohort = group(province cohort)

. egen long monthyearco = group(month year cohort)

. egen long ac_elec_yr = group(ac_uq_id election_year cohort)

. 
. local fe1  "unique_small_grid_id_cohort"

. local fe2  "unique_small_grid_id_cohort monthyearco"

. local fe3  "unique_small_grid_id_cohort province_cohort#c.monthyear"

. local fe4  "unique_small_grid_id_cohort yeargov"

. local fe5  "unique_small_grid_id_cohort province_cohort#election_year"

. local fe6  "unique_small_grid_id_cohort province_cohort#election_year#yeargov
> "

. local fe7  "unique_small_grid_id_cohort monthyearco province_cohort#c.monthye
> ar"

. local fe8  "unique_small_grid_id_cohort monthyearco yeargov"

. local fe9  "unique_small_grid_id_cohort monthyearco province_cohort#election_
> year"

. local fe10 "unique_small_grid_id_cohort monthyearco province_cohort#election_
> year#yeargov"

. local fe11 "unique_small_grid_id_cohort province_cohort#c.monthyear yeargov"

. local fe12 "unique_small_grid_id_cohort province_cohort#c.monthyear province_
> cohort#election_year"

. local fe13 "unique_small_grid_id_cohort province_cohort#c.monthyear province_
> cohort#election_year#yeargov"

. local fe14 "unique_small_grid_id_cohort yeargov province_cohort#election_year
> "

. local fe15 "unique_small_grid_id_cohort yeargov province_cohort#election_year
> #yeargov"

. local fe16 "unique_small_grid_id_cohort province_cohort#election_year provinc
> e_cohort#election_year#yeargov"

. local fe17 "unique_small_grid_id_cohort monthyearco province_cohort#c.monthye
> ar yeargov"

. local fe18 "unique_small_grid_id_cohort monthyearco province_cohort#c.monthye
> ar province_cohort#election_year"

. local fe19 "unique_small_grid_id_cohort monthyearco province_cohort#c.monthye
> ar province_cohort#election_year#yeargov"

. local fe20 "unique_small_grid_id_cohort monthyearco yeargov province_cohort#e
> lection_year"

. local fe21 "unique_small_grid_id_cohort monthyearco yeargov province_cohort#e
> lection_year#yeargov"

. local fe22 "unique_small_grid_id_cohort monthyearco province_cohort#election_
> year province_cohort#election_year#yeargov"

. local fe23 "unique_small_grid_id_cohort province_cohort#c.monthyear yeargov p
> rovince_cohort#election_year"

. local fe24 "unique_small_grid_id_cohort province_cohort#c.monthyear yeargov p
> rovince_cohort#election_year#yeargov"

. local fe25 "unique_small_grid_id_cohort province_cohort#c.monthyear province_
> cohort#election_year province_cohort#election_year#yeargov"

. local fe26 "unique_small_grid_id_cohort yeargov province_cohort#election_year
>  province_cohort#election_year#yeargov"

. local fe27 "unique_small_grid_id_cohort monthyearco province_cohort#c.monthye
> ar yeargov province_cohort#election_year"

. local fe28 "unique_small_grid_id_cohort monthyearco province_cohort#c.monthye
> ar yeargov province_cohort#election_year#yeargov"

. local fe29 "unique_small_grid_id_cohort monthyearco province_cohort#c.monthye
> ar province_cohort#election_year province_cohort#election_year#yeargov"

. local fe30 "unique_small_grid_id_cohort monthyearco yeargov province_cohort#e
> lection_year province_cohort#election_year#yeargov"

. local fe31 "unique_small_grid_id_cohort province_cohort#c.monthyear yeargov p
> rovince_cohort#election_year province_cohort#election_year#yeargov"

. local fe32 "unique_small_grid_id_cohort monthyearco province_cohort#c.monthye
> ar yeargov province_cohort#election_year province_cohort#election_year#yeargo
> v"

. 
. tempfile full_analysis_sample

. save `full_analysis_sample'
file /tmp/1350510.1.largemem/St2812689.000001 saved as .dta format

. 
. *****************************************************************************
> ***
. * Event-study loop: prepare once, estimate FE 1/32, save each independently.
. *****************************************************************************
> ***
. use `full_analysis_sample', clear

. keep if inrange(relative_year_bin, -5, 4)
(24,785 observations deleted)

. quietly summarize relative_year_bin

. assert r(min) == -5

. assert r(max) == 4

. gen int relative_year_bin_aux = relative_year_bin + 6

. local base = 5

. gen byte moderator = 0

. * local moderators_list moderator downup_ac rice_area_aclvl_ahigh rice_harvar
> ea_aclvl_ahigh rice_prod_aclvl_ahigh
. local moderators_list moderator

. 
. count if treat == 1
  37,910

. local event_n_treated = r(N)

. count if treat == 0
  55,725

. local event_n_control = r(N)

. egen byte event_tag_ac = tag(ac_uq_id)

. count if event_tag_ac
  317

. local event_numacs = r(N)

. drop event_tag_ac

. quietly summarize countk if treat == 1 & relative_year_bin <= -1

. local event_ymean = r(mean)

. quietly summarize countk if treat == 1 & relative_year_bin <= -1 & moderator 
> == 1

. local event_ymean2 = r(mean)

. 
. foreach mod of local moderators_list {
  2.     replace moderator = `mod'
  3.     local event_rhs "ib`base'.relative_year_bin_aux##ib0.treat##ib0.`mod' 
> wind_direction av_wind_speed"
  4.     foreach fe of numlist $fe_list {
  5.         local fespec "`fe`fe''"
  6.         local tag : display %02.0f `fe'
  7.         local tag = strtrim("`tag'")
  8.         local prefix "politician_original_fe`tag'_controls_`control_sample
> '"
  9.         display as result "EVENT controls=`control_sample' FE=`fe'/32: `fe
> spec'"
 10.         est clear
 11.         reghdfejl countk `event_rhs', absorb(`fespec') vce(cluster ac_elec
> _yr)
 12.         estadd scalar ymean = `event_ymean'
 13.         estadd scalar ymean2 = `event_ymean2'
 14.         estadd scalar acq = `event_numacs'
 15.         estadd scalar fe_id = `fe'
 16.         estadd scalar n_treated = `event_n_treated'
 17.         estadd scalar n_control = `event_n_control'
 18.         estadd local smpl "Rural"
 19.         estadd local fespec "`fespec'"
 20.         estadd local mod "`mod'"
 21.         estadd local controls "`control_sample'"
 22.         est store evreg1
 23.         local out "${tables}/`prefix'_event_rural_acpop_all"
 24.         estwrite evreg1 using "`out'.ster", replace
 25.         confirm file "`out'.ster"
 26.     }
 27. }
(0 real changes made)
EVENT controls=never FE=1/32: unique_small_grid_id_cohort
(MWFE estimator converged in 1 iterations)

HDFE linear regression with Julia                 Number of obs   =     93,635
Absorbing 1 HDFE group                            F(  20,    879) =       8.14
Statistics cluster-robust                         Prob > F        =     0.0000
                                                  R-squared       =     0.1097
                                                  Adj R-squared   =     0.0996
Number of clusters (ac_elec_yr) =        879      Within R-sq.    =     0.0103
                                                  Root MSE        =  1091.5432

                           (Std. err. adjusted for 879 clusters in ac_elec_yr)
------------------------------------------------------------------------------
             |               Robust
      countk | Coefficient  std. err.      t    P>|t|     [95% conf. interval]
-------------+----------------------------------------------------------------
relative_y~x |
          1  |  -40.45338   16.22984    -2.49   0.013    -72.30714   -8.599621
          2  |  -57.02719   12.99634    -4.39   0.000    -82.53466   -31.51972
          3  |  -51.17493   14.10137    -3.63   0.000    -78.85122   -23.49865
          4  |  -47.12749   14.98815    -3.14   0.002    -76.54422   -17.71076
          6  |  -94.73914   16.55811    -5.72   0.000    -127.2372   -62.24109
          7  |  -100.7438   17.73698    -5.68   0.000    -135.5555   -65.93197
          8  |  -91.65925   17.77957    -5.16   0.000    -126.5546   -56.76388
          9  |  -30.83193   15.15528    -2.03   0.042    -60.57669    -1.08717
         10  |  -11.66089   15.52713    -0.75   0.453    -42.13546    18.81369
             |
     1.treat |          0  (omitted)
wind_direc~n |  -1.082591   .1009149   -10.73   0.000    -1.280653   -.8845288
av_wind_sp~d |   107.8006   14.80018     7.28   0.000      78.7528    136.8484
             |
relative_y~x#|
       treat |
        1 1  |   16.39476   19.32859     0.85   0.397    -21.54082    54.33034
        2 1  |   22.19559   17.49729     1.27   0.205    -12.14575    56.53694
        3 1  |   8.385997   18.10593     0.46   0.643    -27.14991     43.9219
        4 1  |   5.496114   18.74764     0.29   0.769    -31.29925    42.29147
        6 1  |   101.6446     21.225     4.79   0.000     59.98705    143.3022
        7 1  |   81.21049   21.23022     3.83   0.000     39.54264    122.8783
        8 1  |   79.19399   22.92798     3.45   0.001     34.19401     124.194
        9 1  |   41.54045   21.14869     1.96   0.050     .0326243    83.04827
       10 1  |   39.58196   22.21584     1.78   0.075    -4.020329    83.18424
------------------------------------------------------------------------------

added scalar:
              e(ymean) =  105.52546

added scalar:
             e(ymean2) =  .

added scalar:
                e(acq) =  317

added scalar:
              e(fe_id) =  1

added scalar:
          e(n_treated) =  37910

added scalar:
          e(n_control) =  55725

added macro:
               e(smpl) : "Rural"

added macro:
             e(fespec) : "unique_small_grid_id_cohort"

added macro:
                e(mod) : "moderator"

added macro:
           e(controls) : "never"
(saving evreg1)
(file /users/aquisper/proj_bureaucrats_farms/code/_stacked_downup_replication/.
> ./../tables/exploratory_analysis/politician_original_controls_fe_sweep/sample
> /politician_original_fe01_controls_never_event_rural_acpop_all.ster saved)
EVENT controls=never FE=2/32: unique_small_grid_id_cohort monthyearco
(MWFE estimator converged in 2 iterations)

HDFE linear regression with Julia                 Number of obs   =     93,635
Absorbing 2 HDFE groups                           F(  11,    879) =       9.04
Statistics cluster-robust                         Prob > F        =     0.0000
                                                  R-squared       =     0.1737
                                                  Adj R-squared   =     0.1628
Number of clusters (ac_elec_yr) =        879      Within R-sq.    =     0.0068
                                                  Root MSE        =  1052.5526

                           (Std. err. adjusted for 879 clusters in ac_elec_yr)
------------------------------------------------------------------------------
             |               Robust
      countk | Coefficient  std. err.      t    P>|t|     [95% conf. interval]
-------------+----------------------------------------------------------------
relative_y~x |
          1  |          0  (omitted)
          2  |          0  (omitted)
          3  |          0  (omitted)
          4  |          0  (omitted)
          6  |          0  (omitted)
          7  |          0  (omitted)
          8  |          0  (omitted)
          9  |          0  (omitted)
         10  |          0  (omitted)
             |
     1.treat |          0  (omitted)
wind_direc~n |  -.6343634    .077083    -8.23   0.000    -.7856516   -.4830752
av_wind_sp~d |   344.0628   43.16816     7.97   0.000     259.3381    428.7875
             |
relative_y~x#|
       treat |
        1 1  |   5.613515   20.04252     0.28   0.779    -33.72327     44.9503
        2 1  |   22.69595   16.78651     1.35   0.177    -10.25038    55.64227
        3 1  |   6.585705   17.69169     0.37   0.710    -28.13718    41.30859
        4 1  |   11.99135   18.19579     0.66   0.510    -23.72091    47.70361
        6 1  |   102.8933   20.72834     4.96   0.000     62.21052    143.5762
        7 1  |   84.92884    20.7737     4.09   0.000     44.15699    125.7007
        8 1  |   80.68451   22.69613     3.55   0.000     36.13958    125.2294
        9 1  |   43.96944     20.886     2.11   0.036     2.977191    84.96169
       10 1  |   44.66648   21.65549     2.06   0.039     2.163988    87.16898
------------------------------------------------------------------------------

added scalar:
              e(ymean) =  105.52546

added scalar:
             e(ymean2) =  .

added scalar:
                e(acq) =  317

added scalar:
              e(fe_id) =  2

added scalar:
          e(n_treated) =  37910

added scalar:
          e(n_control) =  55725

added macro:
               e(smpl) : "Rural"

added macro:
             e(fespec) : "unique_small_grid_id_cohort monthyearco"

added macro:
                e(mod) : "moderator"

added macro:
           e(controls) : "never"
(saving evreg1)
(file /users/aquisper/proj_bureaucrats_farms/code/_stacked_downup_replication/.
> ./../tables/exploratory_analysis/politician_original_controls_fe_sweep/sample
> /politician_original_fe02_controls_never_event_rural_acpop_all.ster saved)
EVENT controls=never FE=3/32: unique_small_grid_id_cohort province_cohort#c.mon
> thyear
(MWFE estimator converged in 7 iterations)

HDFE linear regression with Julia                 Number of obs   =     93,635
Absorbing 2 HDFE groups                           F(  20,    879) =       8.64
Statistics cluster-robust                         Prob > F        =     0.0000
                                                  R-squared       =     0.1101
                                                  Adj R-squared   =     0.1000
Number of clusters (ac_elec_yr) =        879      Within R-sq.    =     0.0106
                                                  Root MSE        =  1091.3213

                           (Std. err. adjusted for 879 clusters in ac_elec_yr)
------------------------------------------------------------------------------
             |               Robust
      countk | Coefficient  std. err.      t    P>|t|     [95% conf. interval]
-------------+----------------------------------------------------------------
relative_y~x |
          1  |  -270.0201   68.47118    -3.94   0.000    -404.4062    -135.634
          2  |  -237.1567   51.76353    -4.58   0.000    -338.7513   -135.5622
          3  |  -171.5755   34.96682    -4.91   0.000    -240.2037   -102.9473
          4  |  -107.6271   24.01205    -4.48   0.000    -154.7547   -60.49943
          6  |  -29.26052    23.0734    -1.27   0.205    -74.54591    16.02486
          7  |   51.01325   36.03295     1.42   0.157    -19.70741    121.7339
          8  |   129.6198   50.76282     2.55   0.011     29.98928    229.2502
          9  |   259.9516   64.26756     4.04   0.000     133.8158    386.0874
         10  |   348.6726   80.04507     4.36   0.000     191.5708    505.7744
             |
     1.treat |          0  (omitted)
wind_direc~n |  -1.116655   .1033674   -10.80   0.000    -1.319531   -.9137796
av_wind_sp~d |   95.49355   16.02551     5.96   0.000     64.04081    126.9463
             |
relative_y~x#|
       treat |
        1 1  |   8.428044   21.40971     0.39   0.694    -33.59208    50.44817
        2 1  |   16.49011   18.83953     0.88   0.382    -20.48559    53.46582
        3 1  |   4.759436   18.42572     0.26   0.796    -31.40411    40.92298
        4 1  |   3.455883   19.60001     0.18   0.860    -35.01241    41.92417
        6 1  |   100.6318   21.33422     4.72   0.000     58.75982    142.5037
        7 1  |    70.7472   20.51496     3.45   0.001     30.48317    111.0112
        8 1  |    66.7542   21.21758     3.15   0.002     25.11115    108.3972
        9 1  |   26.88738   22.32648     1.20   0.229    -16.93206    70.70682
       10 1  |   22.55752   22.84156     0.99   0.324    -22.27284    67.38789
------------------------------------------------------------------------------

added scalar:
              e(ymean) =  105.52546

added scalar:
             e(ymean2) =  .

added scalar:
                e(acq) =  317

added scalar:
              e(fe_id) =  3

added scalar:
          e(n_treated) =  37910

added scalar:
          e(n_control) =  55725

added macro:
               e(smpl) : "Rural"

added macro:
             e(fespec) : "unique_small_grid_id_cohort province_cohort#c.monthye
> ar"

added macro:
                e(mod) : "moderator"

added macro:
           e(controls) : "never"
(saving evreg1)
(file /users/aquisper/proj_bureaucrats_farms/code/_stacked_downup_replication/.
> ./../tables/exploratory_analysis/politician_original_controls_fe_sweep/sample
> /politician_original_fe03_controls_never_event_rural_acpop_all.ster saved)
EVENT controls=never FE=4/32: unique_small_grid_id_cohort yeargov
(MWFE estimator converged in 6 iterations)

HDFE linear regression with Julia                 Number of obs   =     93,635
Absorbing 2 HDFE groups                           F(  20,    879) =       8.32
Statistics cluster-robust                         Prob > F        =     0.0000
                                                  R-squared       =     0.1098
                                                  Adj R-squared   =     0.0997
Number of clusters (ac_elec_yr) =        879      Within R-sq.    =     0.0103
                                                  Root MSE        =  1091.5201

                           (Std. err. adjusted for 879 clusters in ac_elec_yr)
------------------------------------------------------------------------------
             |               Robust
      countk | Coefficient  std. err.      t    P>|t|     [95% conf. interval]
-------------+----------------------------------------------------------------
relative_y~x |
          1  |   -27.4166   14.64746    -1.87   0.062    -56.16468    1.331478
          2  |   -46.5424   10.91514    -4.26   0.000    -67.96517   -25.11962
          3  |  -59.08317   13.06201    -4.52   0.000    -84.71954    -33.4468
          4  |  -47.45295   13.20446    -3.59   0.000    -73.36889     -21.537
          6  |  -79.76921   14.81996    -5.38   0.000    -108.8559   -50.68257
          7  |  -89.83849   16.25111    -5.53   0.000     -121.734   -57.94298
          8  |  -99.20325   17.47506    -5.68   0.000     -133.501   -64.90554
          9  |  -30.76217   13.75774    -2.24   0.026    -57.76402   -3.760326
         10  |  -11.47325   15.40724    -0.74   0.457    -41.71253    18.76603
             |
     1.treat |          0  (omitted)
wind_direc~n |  -1.085846   .1010211   -10.75   0.000    -1.284117   -.8875754
av_wind_sp~d |   107.4331   14.77633     7.27   0.000     78.43214    136.4341
             |
relative_y~x#|
       treat |
        1 1  |   36.56415   22.23727     1.64   0.100    -7.080201     80.2085
        2 1  |    49.5271   20.01075     2.48   0.014     10.25266    88.80153
        3 1  |   19.25505   21.41474     0.90   0.369    -22.77494    61.28503
        4 1  |   13.42032   21.61833     0.62   0.535    -29.00925    55.84989
        6 1  |   119.9834   23.34868     5.14   0.000      74.1577    165.8091
        7 1  |   108.0999   23.29908     4.64   0.000     62.37161    153.8283
        8 1  |   89.72366   25.00374     3.59   0.000     40.64965    138.7977
        9 1  |   49.11797   23.05668     2.13   0.033     3.865395    94.37055
       10 1  |   39.38057   22.13409     1.78   0.076    -4.061271    82.82241
------------------------------------------------------------------------------

added scalar:
              e(ymean) =  105.52546

added scalar:
             e(ymean2) =  .

added scalar:
                e(acq) =  317

added scalar:
              e(fe_id) =  4

added scalar:
          e(n_treated) =  37910

added scalar:
          e(n_control) =  55725

added macro:
               e(smpl) : "Rural"

added macro:
             e(fespec) : "unique_small_grid_id_cohort yeargov"

added macro:
                e(mod) : "moderator"

added macro:
           e(controls) : "never"
(saving evreg1)
(file /users/aquisper/proj_bureaucrats_farms/code/_stacked_downup_replication/.
> ./../tables/exploratory_analysis/politician_original_controls_fe_sweep/sample
> /politician_original_fe04_controls_never_event_rural_acpop_all.ster saved)
EVENT controls=never FE=5/32: unique_small_grid_id_cohort province_cohort#elect
> ion_year
(MWFE estimator converged in 2 iterations)

HDFE linear regression with Julia                 Number of obs   =     93,635
Absorbing 2 HDFE groups                           F(  20,    879) =       7.49
Statistics cluster-robust                         Prob > F        =     0.0000
                                                  R-squared       =     0.1106
                                                  Adj R-squared   =     0.1003
Number of clusters (ac_elec_yr) =        879      Within R-sq.    =     0.0100
                                                  Root MSE        =  1091.1282

                           (Std. err. adjusted for 879 clusters in ac_elec_yr)
------------------------------------------------------------------------------
             |               Robust
      countk | Coefficient  std. err.      t    P>|t|     [95% conf. interval]
-------------+----------------------------------------------------------------
relative_y~x |
          1  |  -57.84686   20.46572    -2.83   0.005    -98.01425   -17.67947
          2  |  -74.45813   16.35944    -4.55   0.000    -106.5662   -42.35001
          3  |  -66.40044   17.55207    -3.78   0.000    -100.8493   -31.95159
          4  |  -55.24225   16.01229    -3.45   0.001    -86.66903   -23.81546
          6  |  -4.069813   12.00953    -0.34   0.735    -27.64051    19.50088
          7  |  -16.59612   14.36743    -1.16   0.248    -44.79459    11.60236
          8  |  -.2602677   13.59192    -0.02   0.985    -26.93667    26.41613
          9  |   77.02859    22.1067     3.48   0.001     33.64051    120.4167
         10  |   108.6809    24.9915     4.35   0.000      59.6309    157.7308
             |
     1.treat |          0  (omitted)
wind_direc~n |  -1.079201   .1022515   -10.55   0.000    -1.279887   -.8785154
av_wind_sp~d |   106.6672   14.75672     7.23   0.000     77.70469    135.6297
             |
relative_y~x#|
       treat |
        1 1  |   34.60851   22.92158     1.51   0.131    -10.37891    79.59593
        2 1  |   39.71949   20.07741     1.98   0.048      .314242    79.12475
        3 1  |   23.69792   20.79468     1.14   0.255     -17.1151    64.51095
        4 1  |   13.66553   19.48296     0.70   0.483    -24.57302    51.90409
        6 1  |   97.20048   20.58231     4.72   0.000     56.80428    137.5967
        7 1  |   94.30514   22.04042     4.28   0.000     51.04714    137.5631
        8 1  |    84.9523   22.38001     3.80   0.000      41.0278    128.8768
        9 1  |    30.8052   23.88441     1.29   0.197    -16.07192    77.68232
       10 1  |   16.35254   25.10924     0.65   0.515    -32.92853     65.6336
------------------------------------------------------------------------------

added scalar:
              e(ymean) =  105.52546

added scalar:
             e(ymean2) =  .

added scalar:
                e(acq) =  317

added scalar:
              e(fe_id) =  5

added scalar:
          e(n_treated) =  37910

added scalar:
          e(n_control) =  55725

added macro:
               e(smpl) : "Rural"

added macro:
             e(fespec) : "unique_small_grid_id_cohort province_cohort#election_
> year"

added macro:
                e(mod) : "moderator"

added macro:
           e(controls) : "never"
(saving evreg1)
(file /users/aquisper/proj_bureaucrats_farms/code/_stacked_downup_replication/.
> ./../tables/exploratory_analysis/politician_original_controls_fe_sweep/sample
> /politician_original_fe05_controls_never_event_rural_acpop_all.ster saved)
EVENT controls=never FE=6/32: unique_small_grid_id_cohort province_cohort#elect
> ion_year#yeargov
(MWFE estimator converged in 2 iterations)

HDFE linear regression with Julia                 Number of obs   =     93,635
Absorbing 2 HDFE groups                           F(  20,    879) =       6.81
Statistics cluster-robust                         Prob > F        =     0.0000
                                                  R-squared       =     0.1124
                                                  Adj R-squared   =     0.1017
Number of clusters (ac_elec_yr) =        879      Within R-sq.    =     0.0099
                                                  Root MSE        =  1090.2620

                           (Std. err. adjusted for 879 clusters in ac_elec_yr)
------------------------------------------------------------------------------
             |               Robust
      countk | Coefficient  std. err.      t    P>|t|     [95% conf. interval]
-------------+----------------------------------------------------------------
relative_y~x |
          1  |  -260.2744   51.54752    -5.05   0.000    -361.4449   -159.1038
          2  |  -175.2496   41.09754    -4.26   0.000    -255.9104   -94.58884
          3  |  -114.7171   34.46593    -3.33   0.001    -182.3622   -47.07195
          4  |   -34.7177   30.16926    -1.15   0.250    -93.92989    24.49448
          6  |   52.29335   19.84811     2.63   0.009     13.33813    91.24857
          7  |   97.69851   37.76861     2.59   0.010     23.57132    171.8257
          8  |   174.6046    50.5651     3.45   0.001     75.36221    273.8471
          9  |   247.7093    56.1156     4.41   0.000     137.5731    357.8455
         10  |   300.0941   64.39307     4.66   0.000     173.7119    426.4762
             |
     1.treat |          0  (omitted)
wind_direc~n |  -1.099926   .1039711   -10.58   0.000    -1.303986   -.8958653
av_wind_sp~d |   105.9533   14.90477     7.11   0.000     76.70017    135.2063
             |
relative_y~x#|
       treat |
        1 1  |   12.13657   25.54534     0.48   0.635    -38.00042    62.27356
        2 1  |   34.30773    23.8355     1.44   0.150    -12.47341    81.08886
        3 1  |   -11.0356   21.23365    -0.52   0.603    -52.71018    30.63899
        4 1  |   7.167571   21.28729     0.34   0.736    -34.61229    48.94743
        6 1  |    64.0533   20.69708     3.09   0.002     23.43184    104.6748
        7 1  |    77.9232   23.49523     3.32   0.001     31.80989    124.0365
        8 1  |   46.99096   24.83436     1.89   0.059    -1.750604    95.73253
        9 1  |   46.29205    24.4101     1.90   0.058    -1.616832    94.20093
       10 1  |   35.65526   25.20133     1.41   0.157    -13.80656    85.11707
------------------------------------------------------------------------------

added scalar:
              e(ymean) =  105.52546

added scalar:
             e(ymean2) =  .

added scalar:
                e(acq) =  317

added scalar:
              e(fe_id) =  6

added scalar:
          e(n_treated) =  37910

added scalar:
          e(n_control) =  55725

added macro:
               e(smpl) : "Rural"

added macro:
             e(fespec) : "unique_small_grid_id_cohort province_cohort#election_
> year#yeargov"

added macro:
                e(mod) : "moderator"

added macro:
           e(controls) : "never"
(saving evreg1)
(file /users/aquisper/proj_bureaucrats_farms/code/_stacked_downup_replication/.
> ./../tables/exploratory_analysis/politician_original_controls_fe_sweep/sample
> /politician_original_fe06_controls_never_event_rural_acpop_all.ster saved)
EVENT controls=never FE=7/32: unique_small_grid_id_cohort monthyearco province_
> cohort#c.monthyear
(MWFE estimator converged in 10 iterations)

HDFE linear regression with Julia                 Number of obs   =     93,635
Absorbing 3 HDFE groups                           F(  11,    879) =       9.11
Statistics cluster-robust                         Prob > F        =     0.0000
                                                  R-squared       =     0.1738
                                                  Adj R-squared   =     0.1629
Number of clusters (ac_elec_yr) =        879      Within R-sq.    =     0.0068
                                                  Root MSE        =  1052.5023

                           (Std. err. adjusted for 879 clusters in ac_elec_yr)
------------------------------------------------------------------------------
             |               Robust
      countk | Coefficient  std. err.      t    P>|t|     [95% conf. interval]
-------------+----------------------------------------------------------------
relative_y~x |
          1  |          0  (omitted)
          2  |          0  (omitted)
          3  |          0  (omitted)
          4  |          0  (omitted)
          6  |          0  (omitted)
          7  |          0  (omitted)
          8  |          0  (omitted)
          9  |          0  (omitted)
         10  |          0  (omitted)
             |
     1.treat |          0  (omitted)
wind_direc~n |  -.6332999   .0772518    -8.20   0.000    -.7849194   -.4816804
av_wind_sp~d |    345.126   43.28791     7.97   0.000     260.1663    430.0857
             |
relative_y~x#|
       treat |
        1 1  |   2.793936    21.4859     0.13   0.897    -39.37572    44.96359
        2 1  |   21.95561   17.83573     1.23   0.219    -13.04998    56.96119
        3 1  |   6.085627   17.72846     0.34   0.731    -28.70943    40.88069
        4 1  |   11.74851   18.76163     0.63   0.531    -25.07431    48.57133
        6 1  |   100.3043   20.53957     4.88   0.000     59.99197    140.6166
        7 1  |   77.03351   20.10583     3.83   0.000     37.57246    116.4946
        8 1  |   70.69559    21.2381     3.33   0.001     29.01228    112.3789
        9 1  |   31.89478   21.96588     1.45   0.147    -11.21691    75.00647
       10 1  |   30.50771   22.24908     1.37   0.171    -13.15981    74.17523
------------------------------------------------------------------------------

added scalar:
              e(ymean) =  105.52546

added scalar:
             e(ymean2) =  .

added scalar:
                e(acq) =  317

added scalar:
              e(fe_id) =  7

added scalar:
          e(n_treated) =  37910

added scalar:
          e(n_control) =  55725

added macro:
               e(smpl) : "Rural"

added macro:
             e(fespec) : "unique_small_grid_id_cohort monthyearco province_coho
> rt#c.monthyear"

added macro:
                e(mod) : "moderator"

added macro:
           e(controls) : "never"
(saving evreg1)
(file /users/aquisper/proj_bureaucrats_farms/code/_stacked_downup_replication/.
> ./../tables/exploratory_analysis/politician_original_controls_fe_sweep/sample
> /politician_original_fe07_controls_never_event_rural_acpop_all.ster saved)
EVENT controls=never FE=8/32: unique_small_grid_id_cohort monthyearco yeargov
(MWFE estimator converged in 9 iterations)

HDFE linear regression with Julia                 Number of obs   =     93,635
Absorbing 3 HDFE groups                           F(  11,    879) =       9.52
Statistics cluster-robust                         Prob > F        =     0.0000
                                                  R-squared       =     0.1738
                                                  Adj R-squared   =     0.1628
Number of clusters (ac_elec_yr) =        879      Within R-sq.    =     0.0069
                                                  Root MSE        =  1052.5459

                           (Std. err. adjusted for 879 clusters in ac_elec_yr)
------------------------------------------------------------------------------
             |               Robust
      countk | Coefficient  std. err.      t    P>|t|     [95% conf. interval]
-------------+----------------------------------------------------------------
relative_y~x |
          1  |          0  (omitted)
          2  |          0  (omitted)
          3  |          0  (omitted)
          4  |          0  (omitted)
          6  |          0  (omitted)
          7  |          0  (omitted)
          8  |          0  (omitted)
          9  |          0  (omitted)
         10  |          0  (omitted)
             |
     1.treat |          0  (omitted)
wind_direc~n |   -.636638   .0768626    -8.28   0.000    -.7874938   -.4857823
av_wind_sp~d |   343.8291   43.14067     7.97   0.000     259.1584    428.4999
             |
relative_y~x#|
       treat |
        1 1  |   24.32054   22.31627     1.09   0.276    -19.47886    68.11994
        2 1  |   43.58341   19.60711     2.22   0.026     5.101184    82.06563
        3 1  |   21.58011   20.98033     1.03   0.304    -19.59728    62.75751
        4 1  |   17.94361   21.33667     0.84   0.401    -23.93315    59.82038
        6 1  |   120.3766   22.74665     5.29   0.000     75.73253    165.0207
        7 1  |   105.5852    22.8577     4.62   0.000     60.72317    150.4473
        8 1  |   95.43062    24.7587     3.85   0.000     46.83756    144.0237
        9 1  |   49.72071   22.94108     2.17   0.030     4.695031     94.7464
       10 1  |   44.57452    21.5978     2.06   0.039     2.185238    86.96381
------------------------------------------------------------------------------

added scalar:
              e(ymean) =  105.52546

added scalar:
             e(ymean2) =  .

added scalar:
                e(acq) =  317

added scalar:
              e(fe_id) =  8

added scalar:
          e(n_treated) =  37910

added scalar:
          e(n_control) =  55725

added macro:
               e(smpl) : "Rural"

added macro:
             e(fespec) : "unique_small_grid_id_cohort monthyearco yeargov"

added macro:
                e(mod) : "moderator"

added macro:
           e(controls) : "never"
(saving evreg1)
(file /users/aquisper/proj_bureaucrats_farms/code/_stacked_downup_replication/.
> ./../tables/exploratory_analysis/politician_original_controls_fe_sweep/sample
> /politician_original_fe08_controls_never_event_rural_acpop_all.ster saved)
EVENT controls=never FE=9/32: unique_small_grid_id_cohort monthyearco province_
> cohort#election_year
(MWFE estimator converged in 16 iterations)

HDFE linear regression with Julia                 Number of obs   =     93,635
Absorbing 3 HDFE groups                           F(  11,    879) =       8.62
Statistics cluster-robust                         Prob > F        =     0.0000
                                                  R-squared       =     0.1745
                                                  Adj R-squared   =     0.1635
Number of clusters (ac_elec_yr) =        879      Within R-sq.    =     0.0065
                                                  Root MSE        =  1052.1384

                           (Std. err. adjusted for 879 clusters in ac_elec_yr)
------------------------------------------------------------------------------
             |               Robust
      countk | Coefficient  std. err.      t    P>|t|     [95% conf. interval]
-------------+----------------------------------------------------------------
relative_y~x |
          1  |          0  (omitted)
          2  |          0  (omitted)
          3  |          0  (omitted)
          4  |          0  (omitted)
          6  |          0  (omitted)
          7  |          0  (omitted)
          8  |          0  (omitted)
          9  |          0  (omitted)
         10  |          0  (omitted)
             |
     1.treat |          0  (omitted)
wind_direc~n |  -.6139752   .0766038    -8.01   0.000    -.7643229   -.4636276
av_wind_sp~d |   342.0616   43.25239     7.91   0.000     257.1716    426.9516
             |
relative_y~x#|
       treat |
        1 1  |  -.8083298   23.21077    -0.03   0.972    -46.36334    44.74668
        2 1  |   15.22733   19.54575     0.78   0.436    -23.13446    53.58912
        3 1  |  -.4476133    20.5163    -0.02   0.983    -40.71427    39.81904
        4 1  |   7.928497   19.42846     0.41   0.683     -30.2031    46.06009
        6 1  |   69.85653   20.18554     3.46   0.001     30.23905     109.474
        7 1  |   69.39661   20.95723     3.31   0.001     28.26457    110.5287
        8 1  |   61.67883   21.69496     2.84   0.005     19.09886    104.2588
        9 1  |   21.42339   23.59418     0.91   0.364    -24.88413     67.7309
       10 1  |   24.48404   23.99557     1.02   0.308    -22.61127    71.57935
------------------------------------------------------------------------------

added scalar:
              e(ymean) =  105.52546

added scalar:
             e(ymean2) =  .

added scalar:
                e(acq) =  317

added scalar:
              e(fe_id) =  9

added scalar:
          e(n_treated) =  37910

added scalar:
          e(n_control) =  55725

added macro:
               e(smpl) : "Rural"

added macro:
             e(fespec) : "unique_small_grid_id_cohort monthyearco province_coho
> rt#election_year"

added macro:
                e(mod) : "moderator"

added macro:
           e(controls) : "never"
(saving evreg1)
(file /users/aquisper/proj_bureaucrats_farms/code/_stacked_downup_replication/.
> ./../tables/exploratory_analysis/politician_original_controls_fe_sweep/sample
> /politician_original_fe09_controls_never_event_rural_acpop_all.ster saved)
EVENT controls=never FE=10/32: unique_small_grid_id_cohort monthyearco province
> _cohort#election_year#yeargov
(MWFE estimator converged in 61 iterations)

HDFE linear regression with Julia                 Number of obs   =     93,635
Absorbing 3 HDFE groups                           F(  11,    879) =       8.51
Statistics cluster-robust                         Prob > F        =     0.0000
                                                  R-squared       =     0.1774
                                                  Adj R-squared   =     0.1660
Number of clusters (ac_elec_yr) =        879      Within R-sq.    =     0.0066
                                                  Root MSE        =  1050.5464

                           (Std. err. adjusted for 879 clusters in ac_elec_yr)
------------------------------------------------------------------------------
             |               Robust
      countk | Coefficient  std. err.      t    P>|t|     [95% conf. interval]
-------------+----------------------------------------------------------------
relative_y~x |
          1  |          0  (omitted)
          2  |          0  (omitted)
          3  |          0  (omitted)
          4  |          0  (omitted)
          6  |          0  (omitted)
          7  |          0  (omitted)
          8  |          0  (omitted)
          9  |          0  (omitted)
         10  |          0  (omitted)
             |
     1.treat |          0  (omitted)
wind_direc~n |  -.5853179   .0754719    -7.76   0.000     -.733444   -.4371918
av_wind_sp~d |   350.6442   43.96497     7.98   0.000     264.3557    436.9328
             |
relative_y~x#|
       treat |
        1 1  |   14.66822   25.25994     0.58   0.562    -34.90862    64.24507
        2 1  |   32.05818   23.60479     1.36   0.175    -14.27015    78.38652
        3 1  |   -11.3618   21.25018    -0.53   0.593    -53.06882    30.34522
        4 1  |   6.681969   21.01049     0.32   0.751    -34.55461    47.91855
        6 1  |   62.87759   20.60924     3.05   0.002     22.42853    103.3266
        7 1  |   77.18997   23.11241     3.34   0.001     31.82803    122.5519
        8 1  |   46.97615   24.73369     1.90   0.058     -1.56784    95.52014
        9 1  |   43.37689   24.14656     1.80   0.073    -4.014747    90.76853
       10 1  |   38.77344    25.0223     1.55   0.122    -10.33699    87.88387
------------------------------------------------------------------------------

added scalar:
              e(ymean) =  105.52546

added scalar:
             e(ymean2) =  .

added scalar:
                e(acq) =  317

added scalar:
              e(fe_id) =  10

added scalar:
          e(n_treated) =  37910

added scalar:
          e(n_control) =  55725

added macro:
               e(smpl) : "Rural"

added macro:
             e(fespec) : "unique_small_grid_id_cohort monthyearco province_coho
> rt#election_year#yeargov"

added macro:
                e(mod) : "moderator"

added macro:
           e(controls) : "never"
(saving evreg1)
(file /users/aquisper/proj_bureaucrats_farms/code/_stacked_downup_replication/.
> ./../tables/exploratory_analysis/politician_original_controls_fe_sweep/sample
> /politician_original_fe10_controls_never_event_rural_acpop_all.ster saved)
EVENT controls=never FE=11/32: unique_small_grid_id_cohort province_cohort#c.mo
> nthyear yeargov
(MWFE estimator converged in 21 iterations)

HDFE linear regression with Julia                 Number of obs   =     93,635
Absorbing 3 HDFE groups                           F(  20,    879) =       8.93
Statistics cluster-robust                         Prob > F        =     0.0000
                                                  R-squared       =     0.1103
                                                  Adj R-squared   =     0.1001
Number of clusters (ac_elec_yr) =        879      Within R-sq.    =     0.0106
                                                  Root MSE        =  1091.2766

                           (Std. err. adjusted for 879 clusters in ac_elec_yr)
------------------------------------------------------------------------------
             |               Robust
      countk | Coefficient  std. err.      t    P>|t|     [95% conf. interval]
-------------+----------------------------------------------------------------
relative_y~x |
          1  |  -244.6704   68.21275    -3.59   0.000    -378.5493   -110.7915
          2  |  -218.6787   50.87844    -4.30   0.000    -318.5361   -118.8212
          3  |  -178.0809   34.51463    -5.16   0.000    -245.8216   -110.3402
          4  |  -107.9455   22.69391    -4.76   0.000    -152.4861   -63.40497
          6  |  -8.212495   21.15784    -0.39   0.698    -49.73827    33.31328
          7  |   64.83554   35.78275     1.81   0.070    -5.394068    135.0651
          8  |   119.0665   50.61876     2.35   0.019     19.71871    218.4142
          9  |   256.1364    64.3104     3.98   0.000     129.9166    382.3563
         10  |   345.6572   80.08082     4.32   0.000     188.4853    502.8292
             |
     1.treat |          0  (omitted)
wind_direc~n |  -1.119512   .1033878   -10.83   0.000    -1.322428   -.9165962
av_wind_sp~d |   95.03997   15.99971     5.94   0.000     63.63787    126.4421
             |
relative_y~x#|
       treat |
        1 1  |   22.43312   22.83471     0.98   0.326     -22.3838    67.25005
        2 1  |   43.65645   20.91695     2.09   0.037      2.60345    84.70946
        3 1  |    15.1574   21.26656     0.71   0.476    -26.58176    56.89656
        4 1  |   10.07432   22.46254     0.45   0.654    -34.01215    54.16078
        6 1  |   128.4766   24.61829     5.22   0.000     80.15911    176.7941
        7 1  |    110.041   23.89955     4.60   0.000     63.13416    156.9478
        8 1  |   87.98167   24.77727     3.55   0.000     39.35214    136.6112
        9 1  |   43.19512   24.41583     1.77   0.077    -4.725004    91.11525
       10 1  |   31.15743   23.02798     1.35   0.176    -14.03882    76.35368
------------------------------------------------------------------------------

added scalar:
              e(ymean) =  105.52546

added scalar:
             e(ymean2) =  .

added scalar:
                e(acq) =  317

added scalar:
              e(fe_id) =  11

added scalar:
          e(n_treated) =  37910

added scalar:
          e(n_control) =  55725

added macro:
               e(smpl) : "Rural"

added macro:
             e(fespec) : "unique_small_grid_id_cohort province_cohort#c.monthye
> ar yeargov"

added macro:
                e(mod) : "moderator"

added macro:
           e(controls) : "never"
(saving evreg1)
(file /users/aquisper/proj_bureaucrats_farms/code/_stacked_downup_replication/.
> ./../tables/exploratory_analysis/politician_original_controls_fe_sweep/sample
> /politician_original_fe11_controls_never_event_rural_acpop_all.ster saved)
EVENT controls=never FE=12/32: unique_small_grid_id_cohort province_cohort#c.mo
> nthyear province_cohort#election_year
(MWFE estimator converged in 13 iterations)

HDFE linear regression with Julia                 Number of obs   =     93,635
Absorbing 3 HDFE groups                           F(  20,    879) =       8.28
Statistics cluster-robust                         Prob > F        =     0.0000
                                                  R-squared       =     0.1111
                                                  Adj R-squared   =     0.1008
Number of clusters (ac_elec_yr) =        879      Within R-sq.    =     0.0103
                                                  Root MSE        =  1090.8433

                           (Std. err. adjusted for 879 clusters in ac_elec_yr)
------------------------------------------------------------------------------
             |               Robust
      countk | Coefficient  std. err.      t    P>|t|     [95% conf. interval]
-------------+----------------------------------------------------------------
relative_y~x |
          1  |   -258.567   69.81751    -3.70   0.000    -395.5955   -121.5385
          2  |  -231.4525   53.02104    -4.37   0.000    -335.5151   -127.3899
          3  |  -166.5725   36.38502    -4.58   0.000    -237.9842   -95.16085
          4  |  -102.6913   25.34333    -4.05   0.000    -152.4318   -52.95078
          6  |   66.29348   20.89323     3.17   0.002     25.28703    107.2999
          7  |   133.1677   36.33242     3.67   0.000     61.85925    204.4761
          8  |   222.8166   51.39497     4.34   0.000     121.9455    323.6878
          9  |   368.8727   66.86925     5.52   0.000     237.6306    500.1147
         10  |   464.6659   81.92096     5.67   0.000     303.8824    625.4494
             |
     1.treat |          0  (omitted)
wind_direc~n |  -1.105032   .1032404   -10.70   0.000    -1.307658   -.9024053
av_wind_sp~d |   94.28343   15.99641     5.89   0.000      62.8878     125.679
             |
relative_y~x#|
       treat |
        1 1  |  -18.43613   26.06537    -0.71   0.480    -69.59376     32.7215
        2 1  |  -1.917206   21.52259    -0.09   0.929    -44.15888    40.32446
        3 1  |  -8.640749   19.93265    -0.43   0.665    -47.76189    30.48039
        4 1  |  -5.592802   21.12482    -0.26   0.791    -47.05378    35.86818
        6 1  |   71.53111   20.95446     3.41   0.001      30.4045    112.6577
        7 1  |   62.18952   21.85406     2.85   0.005     19.29729    105.0817
        8 1  |   52.60617   22.16003     2.37   0.018     9.113413    96.09892
        9 1  |   2.617615   23.90612     0.11   0.913    -44.30212    49.53735
       10 1  |  -3.125626    24.0994    -0.13   0.897    -50.42471    44.17346
------------------------------------------------------------------------------

added scalar:
              e(ymean) =  105.52546

added scalar:
             e(ymean2) =  .

added scalar:
                e(acq) =  317

added scalar:
              e(fe_id) =  12

added scalar:
          e(n_treated) =  37910

added scalar:
          e(n_control) =  55725

added macro:
               e(smpl) : "Rural"

added macro:
             e(fespec) : "unique_small_grid_id_cohort province_cohort#c.monthye
> ar province_cohort#election_year"

added macro:
                e(mod) : "moderator"

added macro:
           e(controls) : "never"
(saving evreg1)
(file /users/aquisper/proj_bureaucrats_farms/code/_stacked_downup_replication/.
> ./../tables/exploratory_analysis/politician_original_controls_fe_sweep/sample
> /politician_original_fe12_controls_never_event_rural_acpop_all.ster saved)
EVENT controls=never FE=13/32: unique_small_grid_id_cohort province_cohort#c.mo
> nthyear province_cohort#election_year#yeargov
(MWFE estimator converged in 6 iterations)

HDFE linear regression with Julia                 Number of obs   =     93,635
Absorbing 3 HDFE groups                           F(  20,    879) =       7.81
Statistics cluster-robust                         Prob > F        =     0.0000
                                                  R-squared       =     0.1123
                                                  Adj R-squared   =     0.1016
Number of clusters (ac_elec_yr) =        879      Within R-sq.    =     0.0098
                                                  Root MSE        =  1090.3582

                           (Std. err. adjusted for 879 clusters in ac_elec_yr)
------------------------------------------------------------------------------
             |               Robust
      countk | Coefficient  std. err.      t    P>|t|     [95% conf. interval]
-------------+----------------------------------------------------------------
relative_y~x |
          1  |  -357.4151   117.1101    -3.05   0.002    -587.2632    -127.567
          2  |  -248.1586   88.10294    -2.82   0.005    -421.0753   -75.24189
          3  |  -163.6306   61.00417    -2.68   0.007    -283.3614   -43.89972
          4  |  -59.31507   41.46641    -1.43   0.153    -140.6998    22.06967
          6  |   76.00098      31.45     2.42   0.016     14.27512    137.7268
          7  |   151.4201   65.98921     2.29   0.022     21.90524    280.9349
          8  |   258.5387   97.08081     2.66   0.008     68.00146     449.076
          9  |   362.3806   121.6432     2.98   0.003     123.6356    601.1255
         10  |   445.3288   148.7495     2.99   0.003     153.3831    737.2745
             |
     1.treat |          0  (omitted)
wind_direc~n |  -1.111344   .1050778   -10.58   0.000    -1.317576   -.9051109
av_wind_sp~d |   95.67904    16.9452     5.65   0.000     62.42128    128.9368
             |
relative_y~x#|
       treat |
        1 1  |    12.0823    25.5539     0.47   0.636    -38.07148    62.23608
        2 1  |   34.37982   23.85269     1.44   0.150    -12.43505    81.19469
        3 1  |  -11.01351   21.23885    -0.52   0.604    -52.69829    30.67128
        4 1  |   7.192554   21.29872     0.34   0.736    -34.60973    48.99484
        6 1  |   64.13399   20.70765     3.10   0.002     23.49177    104.7762
        7 1  |   77.98413   23.50981     3.32   0.001     31.84221    124.1261
        8 1  |   47.04551   24.83859     1.89   0.059    -1.704351    95.79537
        9 1  |   46.39888   24.42129     1.90   0.058    -1.531979    94.32973
       10 1  |   35.60707   25.20222     1.41   0.158    -13.85647    85.07062
------------------------------------------------------------------------------

added scalar:
              e(ymean) =  105.52546

added scalar:
             e(ymean2) =  .

added scalar:
                e(acq) =  317

added scalar:
              e(fe_id) =  13

added scalar:
          e(n_treated) =  37910

added scalar:
          e(n_control) =  55725

added macro:
               e(smpl) : "Rural"

added macro:
             e(fespec) : "unique_small_grid_id_cohort province_cohort#c.monthye
> ar province_cohort#election_year#yeargov"

added macro:
                e(mod) : "moderator"

added macro:
           e(controls) : "never"
(saving evreg1)
(file /users/aquisper/proj_bureaucrats_farms/code/_stacked_downup_replication/.
> ./../tables/exploratory_analysis/politician_original_controls_fe_sweep/sample
> /politician_original_fe13_controls_never_event_rural_acpop_all.ster saved)
EVENT controls=never FE=14/32: unique_small_grid_id_cohort yeargov province_coh
> ort#election_year
(MWFE estimator converged in 9 iterations)

HDFE linear regression with Julia                 Number of obs   =     93,635
Absorbing 3 HDFE groups                           F(  20,    879) =       7.58
Statistics cluster-robust                         Prob > F        =     0.0000
                                                  R-squared       =     0.1107
                                                  Adj R-squared   =     0.1004
Number of clusters (ac_elec_yr) =        879      Within R-sq.    =     0.0101
                                                  Root MSE        =  1091.0850

                           (Std. err. adjusted for 879 clusters in ac_elec_yr)
------------------------------------------------------------------------------
             |               Robust
      countk | Coefficient  std. err.      t    P>|t|     [95% conf. interval]
-------------+----------------------------------------------------------------
relative_y~x |
          1  |  -239.5352   44.97913    -5.33   0.000    -327.8142   -151.2562
          2  |  -199.4916    33.4732    -5.96   0.000    -265.1884   -133.7949
          3  |   -161.224   25.86516    -6.23   0.000    -211.9886   -110.4593
          4  |  -100.3573   18.86317    -5.32   0.000    -137.3794   -63.33514
          6  |   28.44046   14.37272     1.98   0.048     .2316169    56.64931
          7  |   74.52228   23.79077     3.13   0.002     27.82893    121.2156
          8  |   121.0571   32.90502     3.68   0.000     56.47554    185.6387
          9  |   248.2823   44.77197     5.55   0.000     160.4098    336.1547
         10  |   325.4824   55.29631     5.89   0.000     216.9542    434.0106
             |
     1.treat |          0  (omitted)
wind_direc~n |  -1.096189   .1035948   -10.58   0.000    -1.299511    -.892867
av_wind_sp~d |   105.0427   14.74807     7.12   0.000     76.09714    133.9882
             |
relative_y~x#|
       treat |
        1 1  |   22.87391   23.71461     0.96   0.335    -23.66997    69.41778
        2 1  |   43.91572   20.63183     2.13   0.034     3.422318    84.40912
        3 1  |   15.42035   22.22245     0.69   0.488    -28.19491     59.0356
        4 1  |   12.27284   22.04829     0.56   0.578     -31.0006    55.54628
        6 1  |   89.15777   20.44313     4.36   0.000     49.03471    129.2808
        7 1  |    99.2793   22.69786     4.37   0.000     54.73097    143.8276
        8 1  |    77.7118   23.55182     3.30   0.001     31.48743    123.9362
        9 1  |    30.3407   25.57444     1.19   0.236    -19.85339    80.53479
       10 1  |    16.5273   25.16176     0.66   0.511    -32.85683    65.91144
------------------------------------------------------------------------------

added scalar:
              e(ymean) =  105.52546

added scalar:
             e(ymean2) =  .

added scalar:
                e(acq) =  317

added scalar:
              e(fe_id) =  14

added scalar:
          e(n_treated) =  37910

added scalar:
          e(n_control) =  55725

added macro:
               e(smpl) : "Rural"

added macro:
             e(fespec) : "unique_small_grid_id_cohort yeargov province_cohort#e
> lection_year"

added macro:
                e(mod) : "moderator"

added macro:
           e(controls) : "never"
(saving evreg1)
(file /users/aquisper/proj_bureaucrats_farms/code/_stacked_downup_replication/.
> ./../tables/exploratory_analysis/politician_original_controls_fe_sweep/sample
> /politician_original_fe14_controls_never_event_rural_acpop_all.ster saved)
EVENT controls=never FE=15/32: unique_small_grid_id_cohort yeargov province_coh
> ort#election_year#yeargov
(MWFE estimator converged in 6 iterations)

HDFE linear regression with Julia                 Number of obs   =     93,635
Absorbing 3 HDFE groups                           F(  20,    879) =       6.81
Statistics cluster-robust                         Prob > F        =     0.0000
                                                  R-squared       =     0.1124
                                                  Adj R-squared   =     0.1017
Number of clusters (ac_elec_yr) =        879      Within R-sq.    =     0.0099
                                                  Root MSE        =  1090.2915

                           (Std. err. adjusted for 879 clusters in ac_elec_yr)
------------------------------------------------------------------------------
             |               Robust
      countk | Coefficient  std. err.      t    P>|t|     [95% conf. interval]
-------------+----------------------------------------------------------------
relative_y~x |
          1  |  -260.2744   51.54892    -5.05   0.000    -361.4477    -159.101
          2  |  -175.2496   41.09865    -4.26   0.000    -255.9126   -94.58666
          3  |  -114.7171   34.46687    -3.33   0.001     -182.364   -47.07011
          4  |   -34.7177   30.17007    -1.15   0.250    -93.93149    24.49608
          6  |   52.29335   19.84865     2.63   0.009     13.33708    91.24962
          7  |   97.69851   37.76963     2.59   0.010     23.56932    171.8277
          8  |   174.6046   50.56647     3.45   0.001     75.35952    273.8497
          9  |   247.7093   56.11712     4.41   0.000     137.5701    357.8484
         10  |   300.0941   64.39481     4.66   0.000     173.7085    426.4796
             |
     1.treat |          0  (omitted)
wind_direc~n |  -1.099926   .1039739   -10.58   0.000    -1.303992   -.8958598
av_wind_sp~d |   105.9533   14.90517     7.11   0.000     76.69937    135.2071
             |
relative_y~x#|
       treat |
        1 1  |   12.13657   25.54603     0.48   0.635    -38.00177    62.27491
        2 1  |   34.30773   23.83614     1.44   0.150    -12.47467    81.09013
        3 1  |   -11.0356   21.23423    -0.52   0.603     -52.7113    30.64011
        4 1  |   7.167571   21.28787     0.34   0.736    -34.61341    48.94856
        6 1  |    64.0533   20.69764     3.09   0.002     23.43074    104.6759
        7 1  |    77.9232   23.49587     3.32   0.001     31.80864    124.0377
        8 1  |   46.99096   24.83503     1.89   0.059    -1.751919    95.73384
        9 1  |   46.29205   24.41076     1.90   0.058    -1.618125    94.20222
       10 1  |   35.65526   25.20202     1.41   0.157    -13.80789    85.11841
------------------------------------------------------------------------------

added scalar:
              e(ymean) =  105.52546

added scalar:
             e(ymean2) =  .

added scalar:
                e(acq) =  317

added scalar:
              e(fe_id) =  15

added scalar:
          e(n_treated) =  37910

added scalar:
          e(n_control) =  55725

added macro:
               e(smpl) : "Rural"

added macro:
             e(fespec) : "unique_small_grid_id_cohort yeargov province_cohort#e
> lection_year#yeargov"

added macro:
                e(mod) : "moderator"

added macro:
           e(controls) : "never"
(saving evreg1)
(file /users/aquisper/proj_bureaucrats_farms/code/_stacked_downup_replication/.
> ./../tables/exploratory_analysis/politician_original_controls_fe_sweep/sample
> /politician_original_fe15_controls_never_event_rural_acpop_all.ster saved)
EVENT controls=never FE=16/32: unique_small_grid_id_cohort province_cohort#elec
> tion_year province_cohort#election_year#yeargov
(MWFE estimator converged in 3 iterations)

HDFE linear regression with Julia                 Number of obs   =     93,635
Absorbing 3 HDFE groups                           F(  20,    879) =       6.81
Statistics cluster-robust                         Prob > F        =     0.0000
                                                  R-squared       =     0.1124
                                                  Adj R-squared   =     0.1016
Number of clusters (ac_elec_yr) =        879      Within R-sq.    =     0.0099
                                                  Root MSE        =  1090.3681

                           (Std. err. adjusted for 879 clusters in ac_elec_yr)
------------------------------------------------------------------------------
             |               Robust
      countk | Coefficient  std. err.      t    P>|t|     [95% conf. interval]
-------------+----------------------------------------------------------------
relative_y~x |
          1  |  -260.2744   51.55254    -5.05   0.000    -361.4548   -159.0939
          2  |  -175.2496   41.10154    -4.26   0.000    -255.9182     -94.581
          3  |  -114.7171   34.46929    -3.33   0.001    -182.3688   -47.06537
          4  |   -34.7177   30.17219    -1.15   0.250    -93.93565    24.50024
          6  |   52.29335   19.85004     2.63   0.009     13.33434    91.25236
          7  |   97.69851   37.77229     2.59   0.010     23.56411    171.8329
          8  |   174.6046   50.57002     3.45   0.001     75.35255    273.8567
          9  |   247.7093   56.12106     4.41   0.000     137.5623    357.8562
         10  |   300.0941   64.39934     4.66   0.000     173.6997    426.4885
             |
     1.treat |          0  (omitted)
wind_direc~n |  -1.099926   .1039812   -10.58   0.000    -1.304006   -.8958454
av_wind_sp~d |   105.9533   14.90622     7.11   0.000     76.69732    135.2092
             |
relative_y~x#|
       treat |
        1 1  |   12.13657   25.54783     0.48   0.635     -38.0053    62.27844
        2 1  |   34.30773   23.83782     1.44   0.150    -12.47796    81.09341
        3 1  |   -11.0356   21.23572    -0.52   0.603    -52.71423    30.64304
        4 1  |   7.167571   21.28936     0.34   0.736    -34.61635    48.95149
        6 1  |    64.0533   20.69909     3.09   0.002     23.42789    104.6787
        7 1  |    77.9232   23.49752     3.32   0.001      31.8054     124.041
        8 1  |   46.99096   24.83678     1.89   0.059    -1.755346    95.73727
        9 1  |   46.29205   24.41247     1.90   0.058    -1.621493    94.20559
       10 1  |   35.65526   25.20379     1.41   0.158    -13.81137    85.12188
------------------------------------------------------------------------------

added scalar:
              e(ymean) =  105.52546

added scalar:
             e(ymean2) =  .

added scalar:
                e(acq) =  317

added scalar:
              e(fe_id) =  16

added scalar:
          e(n_treated) =  37910

added scalar:
          e(n_control) =  55725

added macro:
               e(smpl) : "Rural"

added macro:
             e(fespec) : "unique_small_grid_id_cohort province_cohort#election_
> year province_cohort#election_year#yeargov"

added macro:
                e(mod) : "moderator"

added macro:
           e(controls) : "never"
(saving evreg1)
(file /users/aquisper/proj_bureaucrats_farms/code/_stacked_downup_replication/.
> ./../tables/exploratory_analysis/politician_original_controls_fe_sweep/sample
> /politician_original_fe16_controls_never_event_rural_acpop_all.ster saved)
EVENT controls=never FE=17/32: unique_small_grid_id_cohort monthyearco province
> _cohort#c.monthyear yeargov
(MWFE estimator converged in 30 iterations)

HDFE linear regression with Julia                 Number of obs   =     93,635
Absorbing 4 HDFE groups                           F(  11,    879) =       9.78
Statistics cluster-robust                         Prob > F        =     0.0000
                                                  R-squared       =     0.1739
                                                  Adj R-squared   =     0.1629
Number of clusters (ac_elec_yr) =        879      Within R-sq.    =     0.0069
                                                  Root MSE        =  1052.4682

                           (Std. err. adjusted for 879 clusters in ac_elec_yr)
------------------------------------------------------------------------------
             |               Robust
      countk | Coefficient  std. err.      t    P>|t|     [95% conf. interval]
-------------+----------------------------------------------------------------
relative_y~x |
          1  |          0  (omitted)
          2  |          0  (omitted)
          3  |          0  (omitted)
          4  |          0  (omitted)
          6  |          0  (omitted)
          7  |          0  (omitted)
          8  |          0  (omitted)
          9  |          0  (omitted)
         10  |          0  (omitted)
             |
     1.treat |          0  (omitted)
wind_direc~n |   -.634724   .0769178    -8.25   0.000    -.7856879     -.48376
av_wind_sp~d |   344.8226      43.26     7.97   0.000     259.9176    429.7275
             |
relative_y~x#|
       treat |
        1 1  |   16.88826   22.59158     0.75   0.455    -27.45148    61.22799
        2 1  |   44.41372   20.27327     2.19   0.029     4.624047    84.20339
        3 1  |   22.44907   20.56354     1.09   0.275     -17.9103    62.80844
        4 1  |    16.7785   21.87685     0.77   0.443    -26.15846    59.71545
        6 1  |   127.3988   23.75829     5.36   0.000     80.76923    174.0284
        7 1  |    110.773   23.53977     4.71   0.000     64.57229    156.9737
        8 1  |    97.0326   24.58617     3.95   0.000     48.77815     145.287
        9 1  |   45.93029   24.17535     1.90   0.058    -1.517863    93.37845
       10 1  |   38.59373   22.44232     1.72   0.086    -5.453052    82.64051
------------------------------------------------------------------------------

added scalar:
              e(ymean) =  105.52546

added scalar:
             e(ymean2) =  .

added scalar:
                e(acq) =  317

added scalar:
              e(fe_id) =  17

added scalar:
          e(n_treated) =  37910

added scalar:
          e(n_control) =  55725

added macro:
               e(smpl) : "Rural"

added macro:
             e(fespec) : "unique_small_grid_id_cohort monthyearco province_coho
> rt#c.monthyear yeargov"

added macro:
                e(mod) : "moderator"

added macro:
           e(controls) : "never"
(saving evreg1)
(file /users/aquisper/proj_bureaucrats_farms/code/_stacked_downup_replication/.
> ./../tables/exploratory_analysis/politician_original_controls_fe_sweep/sample
> /politician_original_fe17_controls_never_event_rural_acpop_all.ster saved)
EVENT controls=never FE=18/32: unique_small_grid_id_cohort monthyearco province
> _cohort#c.monthyear province_cohort#election_year
(MWFE estimator converged in 43 iterations)

HDFE linear regression with Julia                 Number of obs   =     93,635
Absorbing 4 HDFE groups                           F(  11,    879) =       8.49
Statistics cluster-robust                         Prob > F        =     0.0000
                                                  R-squared       =     0.1749
                                                  Adj R-squared   =     0.1638
Number of clusters (ac_elec_yr) =        879      Within R-sq.    =     0.0065
                                                  Root MSE        =  1051.9448

                           (Std. err. adjusted for 879 clusters in ac_elec_yr)
------------------------------------------------------------------------------
             |               Robust
      countk | Coefficient  std. err.      t    P>|t|     [95% conf. interval]
-------------+----------------------------------------------------------------
relative_y~x |
          1  |          0  (omitted)
          2  |          0  (omitted)
          3  |          0  (omitted)
          4  |          0  (omitted)
          6  |          0  (omitted)
          7  |          0  (omitted)
          8  |          0  (omitted)
          9  |          0  (omitted)
         10  |          0  (omitted)
             |
     1.treat |          0  (omitted)
wind_direc~n |  -.6061476   .0756154    -8.02   0.000    -.7545553   -.4577399
av_wind_sp~d |   341.0136   43.17477     7.90   0.000     256.2759    425.7512
             |
relative_y~x#|
       treat |
        1 1  |  -22.21198   26.81004    -0.83   0.408    -74.83114    30.40717
        2 1  |  -6.203034   21.10819    -0.29   0.769    -47.63138    35.22531
        3 1  |  -28.13792   20.40834    -1.38   0.168    -68.19269    11.91685
        4 1  |  -13.90718   21.12975    -0.66   0.511    -55.37783    27.56348
        6 1  |   62.29253   20.77046     3.00   0.003     21.52706     103.058
        7 1  |   53.83742   21.35363     2.52   0.012     11.92736    95.74748
        8 1  |   34.38622   22.13781     1.55   0.121    -9.062922    77.83536
        9 1  |  -7.520573   23.76335    -0.32   0.752    -54.16011    39.11896
       10 1  |   6.920991   23.37244     0.30   0.767    -38.95131    52.79329
------------------------------------------------------------------------------

added scalar:
              e(ymean) =  105.52546

added scalar:
             e(ymean2) =  .

added scalar:
                e(acq) =  317

added scalar:
              e(fe_id) =  18

added scalar:
          e(n_treated) =  37910

added scalar:
          e(n_control) =  55725

added macro:
               e(smpl) : "Rural"

added macro:
             e(fespec) : "unique_small_grid_id_cohort monthyearco province_coho
> rt#c.monthyear province_cohort#election_year"

added macro:
                e(mod) : "moderator"

added macro:
           e(controls) : "never"
(saving evreg1)
(file /users/aquisper/proj_bureaucrats_farms/code/_stacked_downup_replication/.
> ./../tables/exploratory_analysis/politician_original_controls_fe_sweep/sample
> /politician_original_fe18_controls_never_event_rural_acpop_all.ster saved)
EVENT controls=never FE=19/32: unique_small_grid_id_cohort monthyearco province
> _cohort#c.monthyear province_cohort#election_year#yeargov
(MWFE estimator converged in 78 iterations)

HDFE linear regression with Julia                 Number of obs   =     93,635
Absorbing 4 HDFE groups                           F(  11,    879) =       8.73
Statistics cluster-robust                         Prob > F        =     0.0000
                                                  R-squared       =     0.1774
                                                  Adj R-squared   =     0.1659
Number of clusters (ac_elec_yr) =        879      Within R-sq.    =     0.0066
                                                  Root MSE        =  1050.6273

                           (Std. err. adjusted for 879 clusters in ac_elec_yr)
------------------------------------------------------------------------------
             |               Robust
      countk | Coefficient  std. err.      t    P>|t|     [95% conf. interval]
-------------+----------------------------------------------------------------
relative_y~x |
          1  |          0  (omitted)
          2  |          0  (omitted)
          3  |          0  (omitted)
          4  |          0  (omitted)
          6  |          0  (omitted)
          7  |          0  (omitted)
          8  |          0  (omitted)
          9  |          0  (omitted)
         10  |          0  (omitted)
             |
     1.treat |          0  (omitted)
wind_direc~n |  -.5747851    .073647    -7.80   0.000    -.7193296   -.4302405
av_wind_sp~d |   350.2488   43.87217     7.98   0.000     264.1424    436.3553
             |
relative_y~x#|
       treat |
        1 1  |   14.69579   25.25524     0.58   0.561    -34.87182    64.26339
        2 1  |   32.01015   23.60528     1.36   0.175    -14.31915    78.33945
        3 1  |  -11.37864   21.25413    -0.54   0.593    -53.09341    30.33613
        4 1  |   6.661134   21.00861     0.32   0.751    -34.57176    47.89402
        6 1  |   62.88715   20.61016     3.05   0.002     22.43629     103.338
        7 1  |   77.19685   23.10942     3.34   0.001     31.84076    122.5529
        8 1  |   47.00838   24.73128     1.90   0.058    -1.530883    95.54763
        9 1  |   43.33629   24.14518     1.79   0.073    -4.052655    90.72522
       10 1  |   38.83273   25.01844     1.55   0.121    -10.27011    87.93558
------------------------------------------------------------------------------

added scalar:
              e(ymean) =  105.52546

added scalar:
             e(ymean2) =  .

added scalar:
                e(acq) =  317

added scalar:
              e(fe_id) =  19

added scalar:
          e(n_treated) =  37910

added scalar:
          e(n_control) =  55725

added macro:
               e(smpl) : "Rural"

added macro:
             e(fespec) : "unique_small_grid_id_cohort monthyearco province_coho
> rt#c.monthyear province_cohort#election_year#yeargov"

added macro:
                e(mod) : "moderator"

added macro:
           e(controls) : "never"
(saving evreg1)
(file /users/aquisper/proj_bureaucrats_farms/code/_stacked_downup_replication/.
> ./../tables/exploratory_analysis/politician_original_controls_fe_sweep/sample
> /politician_original_fe19_controls_never_event_rural_acpop_all.ster saved)
EVENT controls=never FE=20/32: unique_small_grid_id_cohort monthyearco yeargov 
> province_cohort#election_year
(MWFE estimator converged in 27 iterations)

HDFE linear regression with Julia                 Number of obs   =     93,635
Absorbing 4 HDFE groups                           F(  11,    879) =       8.91
Statistics cluster-robust                         Prob > F        =     0.0000
                                                  R-squared       =     0.1756
                                                  Adj R-squared   =     0.1645
Number of clusters (ac_elec_yr) =        879      Within R-sq.    =     0.0069
                                                  Root MSE        =  1051.4595

                           (Std. err. adjusted for 879 clusters in ac_elec_yr)
------------------------------------------------------------------------------
             |               Robust
      countk | Coefficient  std. err.      t    P>|t|     [95% conf. interval]
-------------+----------------------------------------------------------------
relative_y~x |
          1  |          0  (omitted)
          2  |          0  (omitted)
          3  |          0  (omitted)
          4  |          0  (omitted)
          6  |          0  (omitted)
          7  |          0  (omitted)
          8  |          0  (omitted)
          9  |          0  (omitted)
         10  |          0  (omitted)
             |
     1.treat |          0  (omitted)
wind_direc~n |  -.5969289   .0759559    -7.86   0.000    -.7460051   -.4478527
av_wind_sp~d |   354.5559   44.18669     8.02   0.000     267.8321    441.2796
             |
relative_y~x#|
       treat |
        1 1  |   20.25121   23.31599     0.87   0.385    -25.51029    66.01271
        2 1  |   39.21262   20.17323     1.94   0.052    -.3806941    78.80594
        3 1  |   18.21121   22.06909     0.83   0.409    -25.10306    61.52548
        4 1  |   16.70947   21.68777     0.77   0.441     -25.8564    59.27534
        6 1  |   84.02287   20.11056     4.18   0.000     44.55255    123.4932
        7 1  |   95.76741   22.03488     4.35   0.000      52.5203    139.0145
        8 1  |   82.20347   23.35243     3.52   0.000     36.37044    128.0365
        9 1  |   30.57739    25.2904     1.21   0.227    -19.05922    80.21401
       10 1  |   23.81319   23.90478     1.00   0.319    -23.10392     70.7303
------------------------------------------------------------------------------

added scalar:
              e(ymean) =  105.52546

added scalar:
             e(ymean2) =  .

added scalar:
                e(acq) =  317

added scalar:
              e(fe_id) =  20

added scalar:
          e(n_treated) =  37910

added scalar:
          e(n_control) =  55725

added macro:
               e(smpl) : "Rural"

added macro:
             e(fespec) : "unique_small_grid_id_cohort monthyearco yeargov provi
> nce_cohort#election_year"

added macro:
                e(mod) : "moderator"

added macro:
           e(controls) : "never"
(saving evreg1)
(file /users/aquisper/proj_bureaucrats_farms/code/_stacked_downup_replication/.
> ./../tables/exploratory_analysis/politician_original_controls_fe_sweep/sample
> /politician_original_fe20_controls_never_event_rural_acpop_all.ster saved)
EVENT controls=never FE=21/32: unique_small_grid_id_cohort monthyearco yeargov 
> province_cohort#election_year#yeargov
(MWFE estimator converged in 68 iterations)

HDFE linear regression with Julia                 Number of obs   =     93,635
Absorbing 4 HDFE groups                           F(  11,    879) =       8.51
Statistics cluster-robust                         Prob > F        =     0.0000
                                                  R-squared       =     0.1774
                                                  Adj R-squared   =     0.1659
Number of clusters (ac_elec_yr) =        879      Within R-sq.    =     0.0066
                                                  Root MSE        =  1050.5748

                           (Std. err. adjusted for 879 clusters in ac_elec_yr)
------------------------------------------------------------------------------
             |               Robust
      countk | Coefficient  std. err.      t    P>|t|     [95% conf. interval]
-------------+----------------------------------------------------------------
relative_y~x |
          1  |          0  (omitted)
          2  |          0  (omitted)
          3  |          0  (omitted)
          4  |          0  (omitted)
          6  |          0  (omitted)
          7  |          0  (omitted)
          8  |          0  (omitted)
          9  |          0  (omitted)
         10  |          0  (omitted)
             |
     1.treat |          0  (omitted)
wind_direc~n |  -.5853179   .0754742    -7.76   0.000    -.7334485   -.4371873
av_wind_sp~d |   350.6442    43.9662     7.98   0.000     264.3532    436.9352
             |
relative_y~x#|
       treat |
        1 1  |   14.66824   25.26049     0.58   0.562    -34.90968    64.24616
        2 1  |    32.0582   23.60565     1.36   0.175    -14.27182    78.38822
        3 1  |  -11.36177   21.25087    -0.53   0.593    -53.07014    30.34661
        4 1  |   6.681988   21.01125     0.32   0.751    -34.55609    47.92006
        6 1  |   62.87761   20.61005     3.05   0.002     22.42695    103.3283
        7 1  |      77.19    23.1134     3.34   0.001     31.82611    122.5539
        8 1  |   46.97619   24.73485     1.90   0.058    -1.570079    95.52246
        9 1  |   43.37691   24.14754     1.80   0.073    -4.016659    90.77048
       10 1  |   38.77346   25.02327     1.55   0.122    -10.33887    87.88579
------------------------------------------------------------------------------

added scalar:
              e(ymean) =  105.52546

added scalar:
             e(ymean2) =  .

added scalar:
                e(acq) =  317

added scalar:
              e(fe_id) =  21

added scalar:
          e(n_treated) =  37910

added scalar:
          e(n_control) =  55725

added macro:
               e(smpl) : "Rural"

added macro:
             e(fespec) : "unique_small_grid_id_cohort monthyearco yeargov provi
> nce_cohort#election_year#yeargov"

added macro:
                e(mod) : "moderator"

added macro:
           e(controls) : "never"
(saving evreg1)
(file /users/aquisper/proj_bureaucrats_farms/code/_stacked_downup_replication/.
> ./../tables/exploratory_analysis/politician_original_controls_fe_sweep/sample
> /politician_original_fe21_controls_never_event_rural_acpop_all.ster saved)
EVENT controls=never FE=22/32: unique_small_grid_id_cohort monthyearco province
> _cohort#election_year province_cohort#election_year#yeargov
(MWFE estimator converged in 69 iterations)

HDFE linear regression with Julia                 Number of obs   =     93,635
Absorbing 4 HDFE groups                           F(  11,    879) =       8.51
Statistics cluster-robust                         Prob > F        =     0.0000
                                                  R-squared       =     0.1774
                                                  Adj R-squared   =     0.1658
Number of clusters (ac_elec_yr) =        879      Within R-sq.    =     0.0066
                                                  Root MSE        =  1050.6488

                           (Std. err. adjusted for 879 clusters in ac_elec_yr)
------------------------------------------------------------------------------
             |               Robust
      countk | Coefficient  std. err.      t    P>|t|     [95% conf. interval]
-------------+----------------------------------------------------------------
relative_y~x |
          1  |          0  (omitted)
          2  |          0  (omitted)
          3  |          0  (omitted)
          4  |          0  (omitted)
          6  |          0  (omitted)
          7  |          0  (omitted)
          8  |          0  (omitted)
          9  |          0  (omitted)
         10  |          0  (omitted)
             |
     1.treat |          0  (omitted)
wind_direc~n |  -.5853179   .0754793    -7.75   0.000    -.7334586   -.4371772
av_wind_sp~d |   350.6442   43.96916     7.97   0.000     264.3474     436.941
             |
relative_y~x#|
       treat |
        1 1  |   14.66825   25.26214     0.58   0.562    -34.91291     64.2494
        2 1  |    32.0582   23.60705     1.36   0.175    -14.27456    78.39097
        3 1  |  -11.36176   21.25259    -0.53   0.593     -53.0735    30.34999
        4 1  |   6.682009   21.01289     0.32   0.751    -34.55929    47.92331
        6 1  |   62.87762   20.61121     3.05   0.002      22.4247    103.3305
        7 1  |      77.19   23.11417     3.34   0.001     31.82459    122.5554
        8 1  |   46.97618   24.73582     1.90   0.058    -1.571991    95.52435
        9 1  |   43.37692   24.14883     1.80   0.073    -4.019182    90.77302
       10 1  |   38.77347   25.02515     1.55   0.122    -10.34255    87.88949
------------------------------------------------------------------------------

added scalar:
              e(ymean) =  105.52546

added scalar:
             e(ymean2) =  .

added scalar:
                e(acq) =  317

added scalar:
              e(fe_id) =  22

added scalar:
          e(n_treated) =  37910

added scalar:
          e(n_control) =  55725

added macro:
               e(smpl) : "Rural"

added macro:
             e(fespec) : "unique_small_grid_id_cohort monthyearco province_coho
> rt#election_year province_cohort#election_year#yeargov"

added macro:
                e(mod) : "moderator"

added macro:
           e(controls) : "never"
(saving evreg1)
(file /users/aquisper/proj_bureaucrats_farms/code/_stacked_downup_replication/.
> ./../tables/exploratory_analysis/politician_original_controls_fe_sweep/sample
> /politician_original_fe22_controls_never_event_rural_acpop_all.ster saved)
EVENT controls=never FE=23/32: unique_small_grid_id_cohort province_cohort#c.mo
> nthyear yeargov province_cohort#election_year
(MWFE estimator converged in 40 iterations)

HDFE linear regression with Julia                 Number of obs   =     93,635
Absorbing 4 HDFE groups                           F(  20,    879) =       7.23
Statistics cluster-robust                         Prob > F        =     0.0000
                                                  R-squared       =     0.1109
                                                  Adj R-squared   =     0.1005
Number of clusters (ac_elec_yr) =        879      Within R-sq.    =     0.0100
                                                  Root MSE        =  1090.9876

                           (Std. err. adjusted for 879 clusters in ac_elec_yr)
------------------------------------------------------------------------------
             |               Robust
      countk | Coefficient  std. err.      t    P>|t|     [95% conf. interval]
-------------+----------------------------------------------------------------
relative_y~x |
          1  |  -190.9948   44.87586    -4.26   0.000    -279.0711   -102.9185
          2  |  -164.4969   33.74583    -4.87   0.000    -230.7287   -98.26512
          3  |  -132.4468   25.30018    -5.24   0.000    -182.1026     -82.791
          4  |  -83.55753   19.97599    -4.18   0.000    -122.7637   -44.35132
          6  |     40.029   16.78125     2.39   0.017     7.093001      72.965
          7  |     100.55   27.73505     3.63   0.000     46.11538    154.9847
          8  |   156.5747   37.44743     4.18   0.000     83.07791    230.0715
          9  |   287.7667   49.93328     5.76   0.000     189.7643    385.7691
         10  |   365.1887    60.2463     6.06   0.000     246.9453    483.4321
             |
     1.treat |          0  (omitted)
wind_direc~n |  -1.097789   .1031135   -10.65   0.000    -1.300167   -.8954122
av_wind_sp~d |   99.08841   15.87551     6.24   0.000     67.93008    130.2468
             |
relative_y~x#|
       treat |
        1 1  |  -33.27383   27.01207    -1.23   0.218     -86.2895    19.74185
        2 1  |   4.168256   22.79426     0.18   0.855    -40.56928    48.90579
        3 1  |  -11.36739   21.79258    -0.52   0.602    -54.13896    31.40419
        4 1  |  -2.937714   23.41016    -0.13   0.900    -48.88405    43.00863
        6 1  |    61.0451   20.95615     2.91   0.004     19.91516     102.175
        7 1  |   70.10474   23.17403     3.03   0.003     24.62186    115.5876
        8 1  |   51.68146   23.66901     2.18   0.029     5.227093    98.13583
        9 1  |   6.195776   25.56101     0.24   0.809    -43.97197    56.36352
       10 1  |   -3.73685   24.04133    -0.16   0.877    -50.92196    43.44826
------------------------------------------------------------------------------

added scalar:
              e(ymean) =  105.52546

added scalar:
             e(ymean2) =  .

added scalar:
                e(acq) =  317

added scalar:
              e(fe_id) =  23

added scalar:
          e(n_treated) =  37910

added scalar:
          e(n_control) =  55725

added macro:
               e(smpl) : "Rural"

added macro:
             e(fespec) : "unique_small_grid_id_cohort province_cohort#c.monthye
> ar yeargov province_cohort#election_year"

added macro:
                e(mod) : "moderator"

added macro:
           e(controls) : "never"
(saving evreg1)
(file /users/aquisper/proj_bureaucrats_farms/code/_stacked_downup_replication/.
> ./../tables/exploratory_analysis/politician_original_controls_fe_sweep/sample
> /politician_original_fe23_controls_never_event_rural_acpop_all.ster saved)
EVENT controls=never FE=24/32: unique_small_grid_id_cohort province_cohort#c.mo
> nthyear yeargov province_cohort#election_year#yeargov
(MWFE estimator converged in 13 iterations)

HDFE linear regression with Julia                 Number of obs   =     93,635
Absorbing 4 HDFE groups                           F(  20,    879) =       8.03
Statistics cluster-robust                         Prob > F        =     0.0000
                                                  R-squared       =     0.1124
                                                  Adj R-squared   =     0.1015
Number of clusters (ac_elec_yr) =        879      Within R-sq.    =     0.0099
                                                  Root MSE        =  1090.3796

                           (Std. err. adjusted for 879 clusters in ac_elec_yr)
------------------------------------------------------------------------------
             |               Robust
      countk | Coefficient  std. err.      t    P>|t|     [95% conf. interval]
-------------+----------------------------------------------------------------
relative_y~x |
          1  |  -377.6243   117.8046    -3.21   0.001    -608.8353   -146.4132
          2  |  -263.3244   88.62304    -2.97   0.003    -437.2619   -89.38696
          3  |  -173.7591   61.34003    -2.83   0.005    -294.1491   -53.36904
          4  |  -64.38902    41.5922    -1.55   0.122    -146.0206     17.2426
          6  |   80.48541   31.63412     2.54   0.011     18.39817    142.5726
          7  |   161.4133   66.34531     2.43   0.015     31.19958     291.627
          8  |   274.0536   97.61317     2.81   0.005      82.4715    465.6357
          9  |   383.4465    122.446     3.13   0.002     143.1259    623.7671
         10  |   471.9422   149.7548     3.15   0.002     178.0236    765.8609
             |
     1.treat |          0  (omitted)
wind_direc~n |  -1.111791   .1050565   -10.58   0.000    -1.317982   -.9056003
av_wind_sp~d |   95.10911   17.02536     5.59   0.000     61.69401    128.5242
             |
relative_y~x#|
       treat |
        1 1  |   12.07559   25.55455     0.47   0.637    -38.07947    62.23065
        2 1  |    34.3787   23.85373     1.44   0.150    -12.43821    81.19561
        3 1  |  -11.01684   21.23952    -0.52   0.604    -52.70292    30.66925
        4 1  |   7.189313   21.29967     0.34   0.736    -34.61483    48.99346
        6 1  |   64.13423   20.70876     3.10   0.002     23.48984    104.7786
        7 1  |   77.98314   23.51099     3.32   0.001     31.83891    124.1274
        8 1  |    47.0446   24.83945     1.89   0.059    -1.706945    95.79615
        9 1  |    46.3996   24.42231     1.90   0.058    -1.533256    94.33246
       10 1  |   35.60099   25.20273     1.41   0.158    -13.86356    85.06554
------------------------------------------------------------------------------

added scalar:
              e(ymean) =  105.52546

added scalar:
             e(ymean2) =  .

added scalar:
                e(acq) =  317

added scalar:
              e(fe_id) =  24

added scalar:
          e(n_treated) =  37910

added scalar:
          e(n_control) =  55725

added macro:
               e(smpl) : "Rural"

added macro:
             e(fespec) : "unique_small_grid_id_cohort province_cohort#c.monthye
> ar yeargov province_cohort#election_year#yeargov"

added macro:
                e(mod) : "moderator"

added macro:
           e(controls) : "never"
(saving evreg1)
(file /users/aquisper/proj_bureaucrats_farms/code/_stacked_downup_replication/.
> ./../tables/exploratory_analysis/politician_original_controls_fe_sweep/sample
> /politician_original_fe24_controls_never_event_rural_acpop_all.ster saved)
EVENT controls=never FE=25/32: unique_small_grid_id_cohort province_cohort#c.mo
> nthyear province_cohort#election_year province_cohort#election_year#yeargov
(MWFE estimator converged in 8 iterations)

HDFE linear regression with Julia                 Number of obs   =     93,635
Absorbing 4 HDFE groups                           F(  20,    879) =       7.81
Statistics cluster-robust                         Prob > F        =     0.0000
                                                  R-squared       =     0.1123
                                                  Adj R-squared   =     0.1014
Number of clusters (ac_elec_yr) =        879      Within R-sq.    =     0.0098
                                                  Root MSE        =  1090.4644

                           (Std. err. adjusted for 879 clusters in ac_elec_yr)
------------------------------------------------------------------------------
             |               Robust
      countk | Coefficient  std. err.      t    P>|t|     [95% conf. interval]
-------------+----------------------------------------------------------------
relative_y~x |
          1  |  -357.2375   117.1172    -3.05   0.002    -587.0995   -127.3754
          2  |  -248.0288   88.10897    -2.82   0.005    -420.9573   -75.10028
          3  |  -163.5463   61.00977    -2.68   0.007    -283.2881   -43.80442
          4  |  -59.27398   41.47247    -1.43   0.153    -140.6706    22.12264
          6  |   75.81837   31.45096     2.41   0.016     14.09063    137.5461
          7  |   151.1779   65.99178     2.29   0.022     21.65807    280.6978
          8  |   258.2395   97.08493     2.66   0.008     67.69416    448.7848
          9  |   362.0265   121.6481     2.98   0.003     123.2719    600.7812
         10  |   444.9226   148.7562     2.99   0.003     152.9638    736.8814
             |
     1.treat |          0  (omitted)
wind_direc~n |  -1.111342   .1050884   -10.58   0.000    -1.317595   -.9050882
av_wind_sp~d |   95.68654   16.94702     5.65   0.000     62.42519    128.9479
             |
relative_y~x#|
       treat |
        1 1  |   12.07851   25.55622     0.47   0.637    -38.07982    62.23683
        2 1  |   34.37596   23.85476     1.44   0.150    -12.44299     81.1949
        3 1  |  -11.01736   21.24069    -0.52   0.604    -52.70575    30.67104
        4 1  |   7.188705    21.3007     0.34   0.736    -34.61747    48.99488
        6 1  |   64.13003   20.70946     3.10   0.002     23.48427    104.7758
        7 1  |   77.98014   23.51198     3.32   0.001     31.83397    124.1263
        8 1  |   47.04151   24.84076     1.89   0.059    -1.712609    95.79563
        9 1  |   46.39488   24.42364     1.90   0.058    -1.540586    94.33035
       10 1  |   35.60313   25.20438     1.41   0.158    -13.86466    85.07092
------------------------------------------------------------------------------

added scalar:
              e(ymean) =  105.52546

added scalar:
             e(ymean2) =  .

added scalar:
                e(acq) =  317

added scalar:
              e(fe_id) =  25

added scalar:
          e(n_treated) =  37910

added scalar:
          e(n_control) =  55725

added macro:
               e(smpl) : "Rural"

added macro:
             e(fespec) : "unique_small_grid_id_cohort province_cohort#c.monthye
> ar province_cohort#election_year province_cohort#election_year#yeargov"

added macro:
                e(mod) : "moderator"

added macro:
           e(controls) : "never"
(saving evreg1)
(file /users/aquisper/proj_bureaucrats_farms/code/_stacked_downup_replication/.
> ./../tables/exploratory_analysis/politician_original_controls_fe_sweep/sample
> /politician_original_fe25_controls_never_event_rural_acpop_all.ster saved)
EVENT controls=never FE=26/32: unique_small_grid_id_cohort yeargov province_coh
> ort#election_year province_cohort#election_year#yeargov
(MWFE estimator converged in 9 iterations)

HDFE linear regression with Julia                 Number of obs   =     93,635
Absorbing 4 HDFE groups                           F(  20,    879) =       6.81
Statistics cluster-robust                         Prob > F        =     0.0000
                                                  R-squared       =     0.1124
                                                  Adj R-squared   =     0.1015
Number of clusters (ac_elec_yr) =        879      Within R-sq.    =     0.0099
                                                  Root MSE        =  1090.3976

                           (Std. err. adjusted for 879 clusters in ac_elec_yr)
------------------------------------------------------------------------------
             |               Robust
      countk | Coefficient  std. err.      t    P>|t|     [95% conf. interval]
-------------+----------------------------------------------------------------
relative_y~x |
          1  |  -260.2744   51.55393    -5.05   0.000    -361.4575   -159.0912
          2  |  -175.2496   41.10264    -4.26   0.000    -255.9204   -94.57883
          3  |  -114.7171   34.47021    -3.33   0.001    -182.3706   -47.06355
          4  |   -34.7177     30.173    -1.15   0.250    -93.93725    24.50184
          6  |   52.29335   19.85058     2.63   0.009     13.33328    91.25342
          7  |   97.69851   37.77331     2.59   0.010      23.5621    171.8349
          8  |   174.6046   50.57138     3.45   0.001     75.34987    273.8594
          9  |   247.7093   56.12257     4.41   0.000     137.5594    357.8592
         10  |   300.0941   64.40108     4.66   0.000     173.6962    426.4919
             |
     1.treat |          0  (omitted)
wind_direc~n |  -1.099926    .103984   -10.58   0.000    -1.304012   -.8958399
av_wind_sp~d |   105.9533   14.90662     7.11   0.000     76.69653      135.21
             |
relative_y~x#|
       treat |
        1 1  |   12.13657   25.54853     0.48   0.635    -38.00668    62.27982
        2 1  |   34.30773   23.83847     1.44   0.150    -12.47925     81.0947
        3 1  |   -11.0356   21.23629    -0.52   0.603    -52.71535    30.64416
        4 1  |   7.167571   21.28995     0.34   0.736    -34.61749    48.95263
        6 1  |    64.0533   20.69965     3.09   0.002     23.42679    104.6798
        7 1  |    77.9232   23.49814     3.32   0.001     31.80418    124.0422
        8 1  |   46.99096   24.83746     1.89   0.059    -1.756698    95.73862
        9 1  |   46.29205   24.41315     1.90   0.058    -1.622825    94.20692
       10 1  |   35.65526   25.20449     1.41   0.158    -13.81274    85.12325
------------------------------------------------------------------------------

added scalar:
              e(ymean) =  105.52546

added scalar:
             e(ymean2) =  .

added scalar:
                e(acq) =  317

added scalar:
              e(fe_id) =  26

added scalar:
          e(n_treated) =  37910

added scalar:
          e(n_control) =  55725

added macro:
               e(smpl) : "Rural"

added macro:
             e(fespec) : "unique_small_grid_id_cohort yeargov province_cohort#e
> lection_year province_cohort#election_year#yeargov"

added macro:
                e(mod) : "moderator"

added macro:
           e(controls) : "never"
(saving evreg1)
(file /users/aquisper/proj_bureaucrats_farms/code/_stacked_downup_replication/.
> ./../tables/exploratory_analysis/politician_original_controls_fe_sweep/sample
> /politician_original_fe26_controls_never_event_rural_acpop_all.ster saved)
EVENT controls=never FE=27/32: unique_small_grid_id_cohort monthyearco province
> _cohort#c.monthyear yeargov province_cohort#election_year
(MWFE estimator converged in 47 iterations)

HDFE linear regression with Julia                 Number of obs   =     93,635
Absorbing 5 HDFE groups                           F(  11,    879) =       8.69
Statistics cluster-robust                         Prob > F        =     0.0000
                                                  R-squared       =     0.1760
                                                  Adj R-squared   =     0.1648
Number of clusters (ac_elec_yr) =        879      Within R-sq.    =     0.0068
                                                  Root MSE        =  1051.2721

                           (Std. err. adjusted for 879 clusters in ac_elec_yr)
------------------------------------------------------------------------------
             |               Robust
      countk | Coefficient  std. err.      t    P>|t|     [95% conf. interval]
-------------+----------------------------------------------------------------
relative_y~x |
          1  |          0  (omitted)
          2  |          0  (omitted)
          3  |          0  (omitted)
          4  |          0  (omitted)
          6  |          0  (omitted)
          7  |          0  (omitted)
          8  |          0  (omitted)
          9  |          0  (omitted)
         10  |          0  (omitted)
             |
     1.treat |          0  (omitted)
wind_direc~n |   -.588494    .074982    -7.85   0.000    -.7356586   -.4413294
av_wind_sp~d |    353.392   44.12238     8.01   0.000     266.7945    439.9895
             |
relative_y~x#|
       treat |
        1 1  |    3.17883   26.32744     0.12   0.904    -48.49315    54.85081
        2 1  |   21.14954   22.25146     0.95   0.342    -22.52266    64.82174
        3 1  |   5.169989   21.55242     0.24   0.810    -37.13022     47.4702
        4 1  |   6.758927   22.99227     0.29   0.769    -38.36723    51.88508
        6 1  |   79.63249   21.14645     3.77   0.000     38.12906    121.1359
        7 1  |   84.19578   22.94913     3.67   0.000     39.15429    129.2373
        8 1  |   70.50091   23.52895     3.00   0.003     24.32144    116.6804
        9 1  |   14.22058   25.29684     0.56   0.574    -35.42869    63.86984
       10 1  |   4.233623   23.75019     0.18   0.859    -42.38007    50.84732
------------------------------------------------------------------------------

added scalar:
              e(ymean) =  105.52546

added scalar:
             e(ymean2) =  .

added scalar:
                e(acq) =  317

added scalar:
              e(fe_id) =  27

added scalar:
          e(n_treated) =  37910

added scalar:
          e(n_control) =  55725

added macro:
               e(smpl) : "Rural"

added macro:
             e(fespec) : "unique_small_grid_id_cohort monthyearco province_coho
> rt#c.monthyear yeargov province_cohort#election_year"

added macro:
                e(mod) : "moderator"

added macro:
           e(controls) : "never"
(saving evreg1)
(file /users/aquisper/proj_bureaucrats_farms/code/_stacked_downup_replication/.
> ./../tables/exploratory_analysis/politician_original_controls_fe_sweep/sample
> /politician_original_fe27_controls_never_event_rural_acpop_all.ster saved)
EVENT controls=never FE=28/32: unique_small_grid_id_cohort monthyearco province
> _cohort#c.monthyear yeargov province_cohort#election_year#yeargov
(MWFE estimator converged in 88 iterations)

HDFE linear regression with Julia                 Number of obs   =     93,635
Absorbing 5 HDFE groups                           F(  11,    879) =       8.63
Statistics cluster-robust                         Prob > F        =     0.0000
                                                  R-squared       =     0.1774
                                                  Adj R-squared   =     0.1658
Number of clusters (ac_elec_yr) =        879      Within R-sq.    =     0.0066
                                                  Root MSE        =  1050.6396

                           (Std. err. adjusted for 879 clusters in ac_elec_yr)
------------------------------------------------------------------------------
             |               Robust
      countk | Coefficient  std. err.      t    P>|t|     [95% conf. interval]
-------------+----------------------------------------------------------------
relative_y~x |
          1  |          0  (omitted)
          2  |          0  (omitted)
          3  |          0  (omitted)
          4  |          0  (omitted)
          6  |          0  (omitted)
          7  |          0  (omitted)
          8  |          0  (omitted)
          9  |          0  (omitted)
         10  |          0  (omitted)
             |
     1.treat |          0  (omitted)
wind_direc~n |  -.5801734   .0745016    -7.79   0.000    -.7263951   -.4339517
av_wind_sp~d |   350.4381   43.91578     7.98   0.000     264.2461    436.6302
             |
relative_y~x#|
       treat |
        1 1  |   14.67639   25.25889     0.58   0.561    -34.89839    64.25118
        2 1  |   32.02936   23.60673     1.36   0.175    -14.30278     78.3615
        3 1  |  -11.37535   21.25338    -0.54   0.593    -53.08864    30.33794
        4 1  |   6.666427   21.01101     0.32   0.751    -34.57119    47.90404
        6 1  |   62.87682   20.61131     3.05   0.002     22.42369      103.33
        7 1  |   77.18764    23.1127     3.34   0.001     31.82513    122.5502
        8 1  |   46.98628   24.73418     1.90   0.058    -1.558667    95.53123
        9 1  |   43.35138    24.1474     1.80   0.073    -4.041912    90.74466
       10 1  |   38.79666   25.02167     1.55   0.121    -10.31253    87.90584
------------------------------------------------------------------------------

added scalar:
              e(ymean) =  105.52546

added scalar:
             e(ymean2) =  .

added scalar:
                e(acq) =  317

added scalar:
              e(fe_id) =  28

added scalar:
          e(n_treated) =  37910

added scalar:
          e(n_control) =  55725

added macro:
               e(smpl) : "Rural"

added macro:
             e(fespec) : "unique_small_grid_id_cohort monthyearco province_coho
> rt#c.monthyear yeargov province_cohort#election_year#yeargov"

added macro:
                e(mod) : "moderator"

added macro:
           e(controls) : "never"
(saving evreg1)
(file /users/aquisper/proj_bureaucrats_farms/code/_stacked_downup_replication/.
> ./../tables/exploratory_analysis/politician_original_controls_fe_sweep/sample
> /politician_original_fe28_controls_never_event_rural_acpop_all.ster saved)
EVENT controls=never FE=29/32: unique_small_grid_id_cohort monthyearco province
> _cohort#c.monthyear province_cohort#election_year province_cohort#election_ye
> ar#yeargov
(MWFE estimator converged in 88 iterations)

HDFE linear regression with Julia                 Number of obs   =     93,635
Absorbing 5 HDFE groups                           F(  11,    879) =       8.77
Statistics cluster-robust                         Prob > F        =     0.0000
                                                  R-squared       =     0.1774
                                                  Adj R-squared   =     0.1657
Number of clusters (ac_elec_yr) =        879      Within R-sq.    =     0.0066
                                                  Root MSE        =  1050.7381

                           (Std. err. adjusted for 879 clusters in ac_elec_yr)
------------------------------------------------------------------------------
             |               Robust
      countk | Coefficient  std. err.      t    P>|t|     [95% conf. interval]
-------------+----------------------------------------------------------------
relative_y~x |
          1  |          0  (omitted)
          2  |          0  (omitted)
          3  |          0  (omitted)
          4  |          0  (omitted)
          6  |          0  (omitted)
          7  |          0  (omitted)
          8  |          0  (omitted)
          9  |          0  (omitted)
         10  |          0  (omitted)
             |
     1.treat |          0  (omitted)
wind_direc~n |  -.5717262   .0732089    -7.81   0.000     -.715411   -.4280415
av_wind_sp~d |   350.1468   43.85493     7.98   0.000     264.0742    436.2194
             |
relative_y~x#|
       treat |
        1 1  |   14.70905   25.25596     0.58   0.560    -34.85999    64.27808
        2 1  |   32.00153   23.60713     1.36   0.176     -14.3314    78.33445
        3 1  |  -11.37817   21.25764    -0.54   0.593    -53.09983     30.3435
        4 1  |   6.660456   21.01034     0.32   0.751    -34.57582    47.89674
        6 1  |   62.89537   20.61236     3.05   0.002     22.44019    103.3506
        7 1  |   77.20454   23.11027     3.34   0.001     31.84678    122.5623
        8 1  |   47.02341   24.73265     1.90   0.058    -1.518537    95.56535
        9 1  |    43.3302   24.14656     1.79   0.073     -4.06144    90.72184
       10 1  |   38.85571   25.01984     1.55   0.121    -10.24988     87.9613
------------------------------------------------------------------------------

added scalar:
              e(ymean) =  105.52546

added scalar:
             e(ymean2) =  .

added scalar:
                e(acq) =  317

added scalar:
              e(fe_id) =  29

added scalar:
          e(n_treated) =  37910

added scalar:
          e(n_control) =  55725

added macro:
               e(smpl) : "Rural"

added macro:
             e(fespec) : "unique_small_grid_id_cohort monthyearco province_coho
> rt#c.monthyear province_cohort#election_year province_cohort#election_year#ye
> argov"

added macro:
                e(mod) : "moderator"

added macro:
           e(controls) : "never"
(saving evreg1)
(file /users/aquisper/proj_bureaucrats_farms/code/_stacked_downup_replication/.
> ./../tables/exploratory_analysis/politician_original_controls_fe_sweep/sample
> /politician_original_fe29_controls_never_event_rural_acpop_all.ster saved)
EVENT controls=never FE=30/32: unique_small_grid_id_cohort monthyearco yeargov 
> province_cohort#election_year province_cohort#election_year#yeargov
(MWFE estimator converged in 74 iterations)

HDFE linear regression with Julia                 Number of obs   =     93,635
Absorbing 5 HDFE groups                           F(  11,    879) =       8.51
Statistics cluster-robust                         Prob > F        =     0.0000
                                                  R-squared       =     0.1774
                                                  Adj R-squared   =     0.1658
Number of clusters (ac_elec_yr) =        879      Within R-sq.    =     0.0066
                                                  Root MSE        =  1050.6772

                           (Std. err. adjusted for 879 clusters in ac_elec_yr)
------------------------------------------------------------------------------
             |               Robust
      countk | Coefficient  std. err.      t    P>|t|     [95% conf. interval]
-------------+----------------------------------------------------------------
relative_y~x |
          1  |          0  (omitted)
          2  |          0  (omitted)
          3  |          0  (omitted)
          4  |          0  (omitted)
          6  |          0  (omitted)
          7  |          0  (omitted)
          8  |          0  (omitted)
          9  |          0  (omitted)
         10  |          0  (omitted)
             |
     1.treat |          0  (omitted)
wind_direc~n |  -.5853179   .0754811    -7.75   0.000     -.733462   -.4371738
av_wind_sp~d |   350.6442   43.97054     7.97   0.000     264.3447    436.9437
             |
relative_y~x#|
       treat |
        1 1  |   14.66824   25.26297     0.58   0.562    -34.91454    64.25102
        2 1  |    32.0582   23.60749     1.36   0.175    -14.27542    78.39183
        3 1  |  -11.36177   21.25311    -0.53   0.593    -53.07453      30.351
        4 1  |    6.68198    21.0136     0.32   0.751    -34.56072    47.92468
        6 1  |    62.8776   20.61178     3.05   0.002     22.42355    103.3316
        7 1  |   77.18999   23.11506     3.34   0.001     31.82284    122.5571
        8 1  |   46.97617   24.73687     1.90   0.058    -1.574053    95.52639
        9 1  |    43.3769   24.14979     1.80   0.073    -4.021075    90.77488
       10 1  |   38.77345    25.0257     1.55   0.122    -10.34365    87.89056
------------------------------------------------------------------------------

added scalar:
              e(ymean) =  105.52546

added scalar:
             e(ymean2) =  .

added scalar:
                e(acq) =  317

added scalar:
              e(fe_id) =  30

added scalar:
          e(n_treated) =  37910

added scalar:
          e(n_control) =  55725

added macro:
               e(smpl) : "Rural"

added macro:
             e(fespec) : "unique_small_grid_id_cohort monthyearco yeargov provi
> nce_cohort#election_year province_cohort#election_year#yeargov"

added macro:
                e(mod) : "moderator"

added macro:
           e(controls) : "never"
(saving evreg1)
(file /users/aquisper/proj_bureaucrats_farms/code/_stacked_downup_replication/.
> ./../tables/exploratory_analysis/politician_original_controls_fe_sweep/sample
> /politician_original_fe30_controls_never_event_rural_acpop_all.ster saved)
EVENT controls=never FE=31/32: unique_small_grid_id_cohort province_cohort#c.mo
> nthyear yeargov province_cohort#election_year province_cohort#election_year#y
> eargov
(MWFE estimator converged in 17 iterations)

HDFE linear regression with Julia                 Number of obs   =     93,635
Absorbing 5 HDFE groups                           F(  20,    879) =       7.94
Statistics cluster-robust                         Prob > F        =     0.0000
                                                  R-squared       =     0.1124
                                                  Adj R-squared   =     0.1014
Number of clusters (ac_elec_yr) =        879      Within R-sq.    =     0.0098
                                                  Root MSE        =  1090.4879

                           (Std. err. adjusted for 879 clusters in ac_elec_yr)
------------------------------------------------------------------------------
             |               Robust
      countk | Coefficient  std. err.      t    P>|t|     [95% conf. interval]
-------------+----------------------------------------------------------------
relative_y~x |
          1  |  -369.8116   117.5699    -3.15   0.002    -600.5622    -139.061
          2  |  -257.4636   88.44208    -2.91   0.004    -431.0459   -83.88134
          3  |   -169.845   61.21585    -2.77   0.006    -289.9913   -49.69869
          4  |  -62.42761   41.54049    -1.50   0.133    -143.9577    19.10252
          6  |   79.13832   31.56764     2.51   0.012     17.18156    141.0951
          7  |   157.8188   66.21464     2.38   0.017     27.86159    287.7761
          8  |   268.2079   97.41495     2.75   0.006     77.01486     459.401
          9  |   375.3364   122.1285     3.07   0.002     135.6389    615.0339
         10  |   461.5721    149.357     3.09   0.002     168.4342    754.7101
             |
     1.treat |          0  (omitted)
wind_direc~n |  -1.111588   .1050794   -10.58   0.000    -1.317824   -.9053524
av_wind_sp~d |   95.44589   16.97733     5.62   0.000     62.12504    128.7667
             |
relative_y~x#|
       treat |
        1 1  |   12.07495   25.55694     0.47   0.637    -38.08479    62.23469
        2 1  |   34.37517    23.8556     1.44   0.150    -12.44542    81.19575
        3 1  |  -11.01925   21.24124    -0.52   0.604    -52.70872    30.67022
        4 1  |   7.186872   21.30145     0.34   0.736    -34.62077    48.99451
        6 1  |   64.12951   20.71018     3.10   0.002     23.48234    104.7767
        7 1  |   77.97909   23.51282     3.32   0.001     31.83126    124.1269
        8 1  |   47.04036   24.84154     1.89   0.059    -1.715295    95.79602
        9 1  |   46.39481   24.42451     1.90   0.058    -1.542348    94.33198
       10 1  |   35.59963   25.20496     1.41   0.158    -13.86929    85.06855
------------------------------------------------------------------------------

added scalar:
              e(ymean) =  105.52546

added scalar:
             e(ymean2) =  .

added scalar:
                e(acq) =  317

added scalar:
              e(fe_id) =  31

added scalar:
          e(n_treated) =  37910

added scalar:
          e(n_control) =  55725

added macro:
               e(smpl) : "Rural"

added macro:
             e(fespec) : "unique_small_grid_id_cohort province_cohort#c.monthye
> ar yeargov province_cohort#election_year province_cohort#election_year#yeargo
> v"

added macro:
                e(mod) : "moderator"

added macro:
           e(controls) : "never"
(saving evreg1)
(file /users/aquisper/proj_bureaucrats_farms/code/_stacked_downup_replication/.
> ./../tables/exploratory_analysis/politician_original_controls_fe_sweep/sample
> /politician_original_fe31_controls_never_event_rural_acpop_all.ster saved)
EVENT controls=never FE=32/32: unique_small_grid_id_cohort monthyearco province
> _cohort#c.monthyear yeargov province_cohort#election_year province_cohort#ele
> ction_year#yeargov
(MWFE estimator converged in 91 iterations)

HDFE linear regression with Julia                 Number of obs   =     93,635
Absorbing 6 HDFE groups                           F(  11,    879) =       8.56
Statistics cluster-robust                         Prob > F        =     0.0000
                                                  R-squared       =     0.1774
                                                  Adj R-squared   =     0.1657
Number of clusters (ac_elec_yr) =        879      Within R-sq.    =     0.0066
                                                  Root MSE        =  1050.7307

                           (Std. err. adjusted for 879 clusters in ac_elec_yr)
------------------------------------------------------------------------------
             |               Robust
      countk | Coefficient  std. err.      t    P>|t|     [95% conf. interval]
-------------+----------------------------------------------------------------
relative_y~x |
          1  |          0  (omitted)
          2  |          0  (omitted)
          3  |          0  (omitted)
          4  |          0  (omitted)
          6  |          0  (omitted)
          7  |          0  (omitted)
          8  |          0  (omitted)
          9  |          0  (omitted)
         10  |          0  (omitted)
             |
     1.treat |          0  (omitted)
wind_direc~n |  -.5833875   .0750869    -7.77   0.000    -.7307581    -.436017
av_wind_sp~d |   350.5623   43.95048     7.98   0.000     264.3022    436.8225
             |
relative_y~x#|
       treat |
        1 1  |   14.66732   25.26331     0.58   0.562    -34.91613    64.25077
        2 1  |   32.04333   23.60847     1.36   0.175    -14.29223    78.37889
        3 1  |   -11.3709   21.25472    -0.53   0.593    -53.08684    30.34503
        4 1  |   6.672094   21.01402     0.32   0.751    -34.57142    47.91561
        6 1  |   62.87317   20.61262     3.05   0.002     22.41747    103.3289
        7 1  |    77.1848   23.11514     3.34   0.001     31.81749    122.5521
        8 1  |   46.97567   24.73704     1.90   0.058    -1.574894    95.52624
        9 1  |   43.36302   24.15008     1.80   0.073    -4.035542    90.76158
       10 1  |   38.77783   25.02564     1.55   0.122    -10.33915    87.89481
------------------------------------------------------------------------------

added scalar:
              e(ymean) =  105.52546

added scalar:
             e(ymean2) =  .

added scalar:
                e(acq) =  317

added scalar:
              e(fe_id) =  32

added scalar:
          e(n_treated) =  37910

added scalar:
          e(n_control) =  55725

added macro:
               e(smpl) : "Rural"

added macro:
             e(fespec) : "unique_small_grid_id_cohort monthyearco province_coho
> rt#c.monthyear yeargov province_cohort#election_year province_cohort#election
> _year#yeargov"

added macro:
                e(mod) : "moderator"

added macro:
           e(controls) : "never"
(saving evreg1)
(file /users/aquisper/proj_bureaucrats_farms/code/_stacked_downup_replication/.
> ./../tables/exploratory_analysis/politician_original_controls_fe_sweep/sample
> /politician_original_fe32_controls_never_event_rural_acpop_all.ster saved)

. 
. *****************************************************************************
> ***
. * DiD loop: reload prepared sample once, estimate FE 1/32, save independently
> .
. *****************************************************************************
> ***
. use `full_analysis_sample', clear

. gen byte post_ = relative_year_bin >= 0

. gen byte moderator = downup_ac_pop

. local moderators_list downup_ac_pop

. count if treat == 1
  43,420

. local did_n_treated = r(N)

. count if treat == 0
  75,000

. local did_n_control = r(N)

. egen byte did_tag_ac = tag(ac_uq_id)

. count if did_tag_ac
  317

. local did_numacs = r(N)

. drop did_tag_ac

. quietly summarize countk if treat == 1 & relative_year_bin <= -1

. local did_ymean = r(mean)

. quietly summarize countk if treat == 1 & relative_year_bin <= -1 & moderator 
> == 1

. local did_ymean2 = r(mean)

. 
. foreach mod of local moderators_list {
  2.     local did_rhs "ib0.post_##ib0.treat##ib0.`mod' wind_direction av_wind_
> speed"
  3.     foreach fe of numlist $fe_list {
  4.         local fespec "`fe`fe''"
  5.         local tag : display %02.0f `fe'
  6.         local tag = strtrim("`tag'")
  7.         local prefix "politician_original_fe`tag'_controls_`control_sample
> '"
  8.         display as result "DID controls=`control_sample' FE=`fe'/32: `fesp
> ec'"
  9.         est clear
 10.         reghdfejl countk `did_rhs', absorb(`fespec') vce(cluster ac_elec_y
> r)
 11.         estadd scalar ymean = `did_ymean'
 12.         estadd scalar ymean2 = `did_ymean2'
 13.         estadd scalar acq = `did_numacs'
 14.         estadd scalar fe_id = `fe'
 15.         estadd scalar n_treated = `did_n_treated'
 16.         estadd scalar n_control = `did_n_control'
 17.         estadd local smpl "Rural"
 18.         estadd local fespec "`fespec'"
 19.         estadd local mod "`mod'"
 20.         estadd local controls "`control_sample'"
 21.         est store evreg1
 22.         local out "${tables}/`prefix'_did_interaction_rural_acpop_all"
 23.         estwrite evreg1 using "`out'.ster", replace
 24.         confirm file "`out'.ster"
 25.     }
 26. }
DID controls=never FE=1/32: unique_small_grid_id_cohort
(MWFE estimator converged in 1 iterations)

HDFE linear regression with Julia                 Number of obs   =    118,420
Absorbing 1 HDFE group                            F(   8,   1173) =      22.71
Statistics cluster-robust                         Prob > F        =     0.0000
                                                  R-squared       =     0.1091
                                                  Adj R-squared   =     0.1012
Number of clusters (ac_elec_yr) =       1173      Within R-sq.    =     0.0098
                                                  Root MSE        =  1121.0613

                         (Std. err. adjusted for 1,173 clusters in ac_elec_yr)
------------------------------------------------------------------------------
             |               Robust
      countk | Coefficient  std. err.      t    P>|t|     [95% conf. interval]
-------------+----------------------------------------------------------------
     1.post_ |  -21.80506   18.21213    -1.20   0.231    -57.53705    13.92692
     1.treat |          0  (omitted)
1.downup_a~p |   19.18922   18.84671     1.02   0.309     -17.7878    56.16624
wind_direc~n |  -1.087942   .0881837   -12.34   0.000    -1.260957   -.9149263
av_wind_sp~d |   110.5185   13.33877     8.29   0.000     84.34803    136.6891
             |
 post_#treat |
        1 1  |   26.05657    24.0979     1.08   0.280    -21.22323    73.33638
             |
       post_#|
downup_ac_~p |
        1 1  |   -19.6705   28.57782    -0.69   0.491    -75.73984    36.39885
             |
       treat#|
downup_ac_~p |
        1 1  |  -55.94821   24.62381    -2.27   0.023    -104.2598   -7.636573
             |
 post_#treat#|
downup_ac_~p |
      1 1 1  |   78.23037   40.33053     1.94   0.053    -.8976626    157.3584
------------------------------------------------------------------------------

added scalar:
              e(ymean) =  125.72667

added scalar:
             e(ymean2) =  103.34127

added scalar:
                e(acq) =  317

added scalar:
              e(fe_id) =  1

added scalar:
          e(n_treated) =  43420

added scalar:
          e(n_control) =  75000

added macro:
               e(smpl) : "Rural"

added macro:
             e(fespec) : "unique_small_grid_id_cohort"

added macro:
                e(mod) : "downup_ac_pop"

added macro:
           e(controls) : "never"
(saving evreg1)
(file /users/aquisper/proj_bureaucrats_farms/code/_stacked_downup_replication/.
> ./../tables/exploratory_analysis/politician_original_controls_fe_sweep/sample
> /politician_original_fe01_controls_never_did_interaction_rural_acpop_all.ster
>  saved)
DID controls=never FE=2/32: unique_small_grid_id_cohort monthyearco
(MWFE estimator converged in 6 iterations)

HDFE linear regression with Julia                 Number of obs   =    118,420
Absorbing 2 HDFE groups                           F(   7,   1173) =      17.47
Statistics cluster-robust                         Prob > F        =     0.0000
                                                  R-squared       =     0.1818
                                                  Adj R-squared   =     0.1729
Number of clusters (ac_elec_yr) =       1173      Within R-sq.    =     0.0082
                                                  Root MSE        =  1075.4134

                         (Std. err. adjusted for 1,173 clusters in ac_elec_yr)
------------------------------------------------------------------------------
             |               Robust
      countk | Coefficient  std. err.      t    P>|t|     [95% conf. interval]
-------------+----------------------------------------------------------------
     1.post_ |          0  (omitted)
     1.treat |          0  (omitted)
1.downup_a~p |   16.39583   18.93624     0.87   0.387    -20.75686    53.54853
wind_direc~n |  -.6315729   .0700422    -9.02   0.000    -.7689949    -.494151
av_wind_sp~d |   394.6378   41.39985     9.53   0.000     313.4117    475.8638
             |
 post_#treat |
        1 1  |   27.60465   24.82722     1.11   0.266    -21.10607    76.31538
             |
       post_#|
downup_ac_~p |
        1 1  |  -24.39942   29.26173    -0.83   0.405     -81.8106    33.01176
             |
       treat#|
downup_ac_~p |
        1 1  |  -41.95175   25.36709    -1.65   0.098    -91.72168    7.818176
             |
 post_#treat#|
downup_ac_~p |
      1 1 1  |   79.62829   42.00356     1.90   0.058    -2.782214    162.0388
------------------------------------------------------------------------------

added scalar:
              e(ymean) =  125.72667

added scalar:
             e(ymean2) =  103.34127

added scalar:
                e(acq) =  317

added scalar:
              e(fe_id) =  2

added scalar:
          e(n_treated) =  43420

added scalar:
          e(n_control) =  75000

added macro:
               e(smpl) : "Rural"

added macro:
             e(fespec) : "unique_small_grid_id_cohort monthyearco"

added macro:
                e(mod) : "downup_ac_pop"

added macro:
           e(controls) : "never"
(saving evreg1)
(file /users/aquisper/proj_bureaucrats_farms/code/_stacked_downup_replication/.
> ./../tables/exploratory_analysis/politician_original_controls_fe_sweep/sample
> /politician_original_fe02_controls_never_did_interaction_rural_acpop_all.ster
>  saved)
DID controls=never FE=3/32: unique_small_grid_id_cohort province_cohort#c.month
> year
(MWFE estimator converged in 7 iterations)

HDFE linear regression with Julia                 Number of obs   =    118,420
Absorbing 2 HDFE groups                           F(   8,   1173) =      22.05
Statistics cluster-robust                         Prob > F        =     0.0000
                                                  R-squared       =     0.1095
                                                  Adj R-squared   =     0.1016
Number of clusters (ac_elec_yr) =       1173      Within R-sq.    =     0.0096
                                                  Root MSE        =  1120.8051

                         (Std. err. adjusted for 1,173 clusters in ac_elec_yr)
------------------------------------------------------------------------------
             |               Robust
      countk | Coefficient  std. err.      t    P>|t|     [95% conf. interval]
-------------+----------------------------------------------------------------
     1.post_ |  -36.51396   19.91452    -1.83   0.067    -75.58601    2.558093
     1.treat |          0  (omitted)
1.downup_a~p |   19.53467   18.74003     1.04   0.297    -17.23304    56.30239
wind_direc~n |  -1.084175   .0892448   -12.15   0.000    -1.259273   -.9090783
av_wind_sp~d |   112.8687   13.43117     8.40   0.000     86.51688    139.2205
             |
 post_#treat |
        1 1  |   10.60457   23.17217     0.46   0.647    -34.85897    56.06811
             |
       post_#|
downup_ac_~p |
        1 1  |  -22.03351    28.6809    -0.77   0.443    -78.30511     34.2381
             |
       treat#|
downup_ac_~p |
        1 1  |  -56.40739   24.55305    -2.30   0.022    -104.5802   -8.234592
             |
 post_#treat#|
downup_ac_~p |
      1 1 1  |   81.28447   40.51282     2.01   0.045     1.798786    160.7701
------------------------------------------------------------------------------

added scalar:
              e(ymean) =  125.72667

added scalar:
             e(ymean2) =  103.34127

added scalar:
                e(acq) =  317

added scalar:
              e(fe_id) =  3

added scalar:
          e(n_treated) =  43420

added scalar:
          e(n_control) =  75000

added macro:
               e(smpl) : "Rural"

added macro:
             e(fespec) : "unique_small_grid_id_cohort province_cohort#c.monthye
> ar"

added macro:
                e(mod) : "downup_ac_pop"

added macro:
           e(controls) : "never"
(saving evreg1)
(file /users/aquisper/proj_bureaucrats_farms/code/_stacked_downup_replication/.
> ./../tables/exploratory_analysis/politician_original_controls_fe_sweep/sample
> /politician_original_fe03_controls_never_did_interaction_rural_acpop_all.ster
>  saved)
DID controls=never FE=4/32: unique_small_grid_id_cohort yeargov
(MWFE estimator converged in 4 iterations)

HDFE linear regression with Julia                 Number of obs   =    118,420
Absorbing 2 HDFE groups                           F(   8,   1173) =      22.78
Statistics cluster-robust                         Prob > F        =     0.0000
                                                  R-squared       =     0.1093
                                                  Adj R-squared   =     0.1014
Number of clusters (ac_elec_yr) =       1173      Within R-sq.    =     0.0099
                                                  Root MSE        =  1120.9512

                         (Std. err. adjusted for 1,173 clusters in ac_elec_yr)
------------------------------------------------------------------------------
             |               Robust
      countk | Coefficient  std. err.      t    P>|t|     [95% conf. interval]
-------------+----------------------------------------------------------------
     1.post_ |  -20.36828   18.28227    -1.11   0.265    -56.23789    15.50133
     1.treat |          0  (omitted)
1.downup_a~p |   19.14552   18.83929     1.02   0.310    -17.81695      56.108
wind_direc~n |  -1.096719   .0886884   -12.37   0.000    -1.270724   -.9227132
av_wind_sp~d |    111.466   13.39424     8.32   0.000     85.18667    137.7454
             |
 post_#treat |
        1 1  |   24.00111   24.08588     1.00   0.319     -23.2551    71.25732
             |
       post_#|
downup_ac_~p |
        1 1  |  -19.54898   28.56956    -0.68   0.494    -75.60212    36.50417
             |
       treat#|
downup_ac_~p |
        1 1  |  -55.95605   24.61621    -2.27   0.023    -104.2528   -7.659318
             |
 post_#treat#|
downup_ac_~p |
      1 1 1  |   78.15758   40.31461     1.94   0.053    -.9392108    157.2544
------------------------------------------------------------------------------

added scalar:
              e(ymean) =  125.72667

added scalar:
             e(ymean2) =  103.34127

added scalar:
                e(acq) =  317

added scalar:
              e(fe_id) =  4

added scalar:
          e(n_treated) =  43420

added scalar:
          e(n_control) =  75000

added macro:
               e(smpl) : "Rural"

added macro:
             e(fespec) : "unique_small_grid_id_cohort yeargov"

added macro:
                e(mod) : "downup_ac_pop"

added macro:
           e(controls) : "never"
(saving evreg1)
(file /users/aquisper/proj_bureaucrats_farms/code/_stacked_downup_replication/.
> ./../tables/exploratory_analysis/politician_original_controls_fe_sweep/sample
> /politician_original_fe04_controls_never_did_interaction_rural_acpop_all.ster
>  saved)
DID controls=never FE=5/32: unique_small_grid_id_cohort province_cohort#electio
> n_year
(MWFE estimator converged in 6 iterations)

HDFE linear regression with Julia                 Number of obs   =    118,420
Absorbing 2 HDFE groups                           F(   8,   1173) =      21.44
Statistics cluster-robust                         Prob > F        =     0.0000
                                                  R-squared       =     0.1102
                                                  Adj R-squared   =     0.1022
Number of clusters (ac_elec_yr) =       1173      Within R-sq.    =     0.0093
                                                  Root MSE        =  1120.4494

                         (Std. err. adjusted for 1,173 clusters in ac_elec_yr)
------------------------------------------------------------------------------
             |               Robust
      countk | Coefficient  std. err.      t    P>|t|     [95% conf. interval]
-------------+----------------------------------------------------------------
     1.post_ |   34.12932   18.02092     1.89   0.058    -1.227509    69.48615
     1.treat |          0  (omitted)
1.downup_a~p |   19.46091   18.70381     1.04   0.298    -17.23576    56.15758
wind_direc~n |  -1.071207   .0897006   -11.94   0.000    -1.247199   -.8952153
av_wind_sp~d |   110.8973   13.30787     8.33   0.000     84.78741    137.0072
             |
 post_#treat |
        1 1  |   .5016293   22.80028     0.02   0.982    -44.23225    45.23551
             |
       post_#|
downup_ac_~p |
        1 1  |  -23.73981   28.55895    -0.83   0.406    -79.77215    32.29253
             |
       treat#|
downup_ac_~p |
        1 1  |   -55.7288   24.50275    -2.27   0.023    -103.8029   -7.654688
             |
 post_#treat#|
downup_ac_~p |
      1 1 1  |   82.85739   40.35201     2.05   0.040      3.68722    162.0276
------------------------------------------------------------------------------

added scalar:
              e(ymean) =  125.72667

added scalar:
             e(ymean2) =  103.34127

added scalar:
                e(acq) =  317

added scalar:
              e(fe_id) =  5

added scalar:
          e(n_treated) =  43420

added scalar:
          e(n_control) =  75000

added macro:
               e(smpl) : "Rural"

added macro:
             e(fespec) : "unique_small_grid_id_cohort province_cohort#election_
> year"

added macro:
                e(mod) : "downup_ac_pop"

added macro:
           e(controls) : "never"
(saving evreg1)
(file /users/aquisper/proj_bureaucrats_farms/code/_stacked_downup_replication/.
> ./../tables/exploratory_analysis/politician_original_controls_fe_sweep/sample
> /politician_original_fe05_controls_never_did_interaction_rural_acpop_all.ster
>  saved)
DID controls=never FE=6/32: unique_small_grid_id_cohort province_cohort#electio
> n_year#yeargov
(MWFE estimator converged in 6 iterations)

HDFE linear regression with Julia                 Number of obs   =    118,420
Absorbing 2 HDFE groups                           F(   8,   1173) =      21.45
Statistics cluster-robust                         Prob > F        =     0.0000
                                                  R-squared       =     0.1127
                                                  Adj R-squared   =     0.1042
Number of clusters (ac_elec_yr) =       1173      Within R-sq.    =     0.0095
                                                  Root MSE        =  1119.1553

                         (Std. err. adjusted for 1,173 clusters in ac_elec_yr)
------------------------------------------------------------------------------
             |               Robust
      countk | Coefficient  std. err.      t    P>|t|     [95% conf. interval]
-------------+----------------------------------------------------------------
     1.post_ |   62.51357    24.8833     2.51   0.012     13.69282    111.3343
     1.treat |          0  (omitted)
1.downup_a~p |   19.26768   18.61111     1.04   0.301    -17.24711    55.78247
wind_direc~n |   -1.09065   .0911598   -11.96   0.000    -1.269504   -.9117952
av_wind_sp~d |   114.8285   13.63503     8.42   0.000     88.07669    141.5802
             |
 post_#treat |
        1 1  |   .6575828   22.78871     0.03   0.977    -44.05359    45.36876
             |
       post_#|
downup_ac_~p |
        1 1  |  -23.99202   28.59932    -0.84   0.402    -80.10355    32.11951
             |
       treat#|
downup_ac_~p |
        1 1  |  -55.08741   24.32061    -2.27   0.024    -102.8042   -7.370659
             |
 post_#treat#|
downup_ac_~p |
      1 1 1  |   82.39443   40.34293     2.04   0.041     3.242069    161.5468
------------------------------------------------------------------------------

added scalar:
              e(ymean) =  125.72667

added scalar:
             e(ymean2) =  103.34127

added scalar:
                e(acq) =  317

added scalar:
              e(fe_id) =  6

added scalar:
          e(n_treated) =  43420

added scalar:
          e(n_control) =  75000

added macro:
               e(smpl) : "Rural"

added macro:
             e(fespec) : "unique_small_grid_id_cohort province_cohort#election_
> year#yeargov"

added macro:
                e(mod) : "downup_ac_pop"

added macro:
           e(controls) : "never"
(saving evreg1)
(file /users/aquisper/proj_bureaucrats_farms/code/_stacked_downup_replication/.
> ./../tables/exploratory_analysis/politician_original_controls_fe_sweep/sample
> /politician_original_fe06_controls_never_did_interaction_rural_acpop_all.ster
>  saved)
DID controls=never FE=7/32: unique_small_grid_id_cohort monthyearco province_co
> hort#c.monthyear
(MWFE estimator converged in 17 iterations)

HDFE linear regression with Julia                 Number of obs   =    118,420
Absorbing 3 HDFE groups                           F(   7,   1173) =      17.14
Statistics cluster-robust                         Prob > F        =     0.0000
                                                  R-squared       =     0.1823
                                                  Adj R-squared   =     0.1734
Number of clusters (ac_elec_yr) =       1173      Within R-sq.    =     0.0082
                                                  Root MSE        =  1075.1140

                         (Std. err. adjusted for 1,173 clusters in ac_elec_yr)
------------------------------------------------------------------------------
             |               Robust
      countk | Coefficient  std. err.      t    P>|t|     [95% conf. interval]
-------------+----------------------------------------------------------------
     1.post_ |          0  (omitted)
     1.treat |          0  (omitted)
1.downup_a~p |    16.7111    18.8079     0.89   0.374    -20.18978    53.61199
wind_direc~n |  -.6235842   .0708585    -8.80   0.000    -.7626077   -.4845607
av_wind_sp~d |   397.2549   41.62939     9.54   0.000     315.5785    478.9313
             |
 post_#treat |
        1 1  |   10.84119   23.87006     0.45   0.650    -35.99159    57.67396
             |
       post_#|
downup_ac_~p |
        1 1  |  -26.74211   29.38959    -0.91   0.363    -84.40415    30.91993
             |
       treat#|
downup_ac_~p |
        1 1  |  -42.37774   25.28316    -1.68   0.094      -91.983    7.227534
             |
 post_#treat#|
downup_ac_~p |
      1 1 1  |   82.56692   42.22893     1.96   0.051    -.2857583    165.4196
------------------------------------------------------------------------------

added scalar:
              e(ymean) =  125.72667

added scalar:
             e(ymean2) =  103.34127

added scalar:
                e(acq) =  317

added scalar:
              e(fe_id) =  7

added scalar:
          e(n_treated) =  43420

added scalar:
          e(n_control) =  75000

added macro:
               e(smpl) : "Rural"

added macro:
             e(fespec) : "unique_small_grid_id_cohort monthyearco province_coho
> rt#c.monthyear"

added macro:
                e(mod) : "downup_ac_pop"

added macro:
           e(controls) : "never"
(saving evreg1)
(file /users/aquisper/proj_bureaucrats_farms/code/_stacked_downup_replication/.
> ./../tables/exploratory_analysis/politician_original_controls_fe_sweep/sample
> /politician_original_fe07_controls_never_did_interaction_rural_acpop_all.ster
>  saved)
DID controls=never FE=8/32: unique_small_grid_id_cohort monthyearco yeargov
(MWFE estimator converged in 11 iterations)

HDFE linear regression with Julia                 Number of obs   =    118,420
Absorbing 3 HDFE groups                           F(   7,   1173) =      17.57
Statistics cluster-robust                         Prob > F        =     0.0000
                                                  R-squared       =     0.1818
                                                  Adj R-squared   =     0.1729
Number of clusters (ac_elec_yr) =       1173      Within R-sq.    =     0.0083
                                                  Root MSE        =  1075.4154

                         (Std. err. adjusted for 1,173 clusters in ac_elec_yr)
------------------------------------------------------------------------------
             |               Robust
      countk | Coefficient  std. err.      t    P>|t|     [95% conf. interval]
-------------+----------------------------------------------------------------
     1.post_ |          0  (omitted)
     1.treat |          0  (omitted)
1.downup_a~p |   16.41108   18.93673     0.87   0.386    -20.74256    53.56472
wind_direc~n |  -.6356344   .0702236    -9.05   0.000    -.7734123   -.4978566
av_wind_sp~d |   394.7799   41.40943     9.53   0.000     313.5351    476.0247
             |
 post_#treat |
        1 1  |   27.48012   24.88392     1.10   0.270    -21.34185    76.30209
             |
       post_#|
downup_ac_~p |
        1 1  |  -24.41891   29.26957    -0.83   0.404    -81.84547    33.00765
             |
       treat#|
downup_ac_~p |
        1 1  |  -41.98352   25.36733    -1.66   0.098    -91.75393    7.786893
             |
 post_#treat#|
downup_ac_~p |
      1 1 1  |   79.65806   42.00677     1.90   0.058    -2.758746    162.0749
------------------------------------------------------------------------------

added scalar:
              e(ymean) =  125.72667

added scalar:
             e(ymean2) =  103.34127

added scalar:
                e(acq) =  317

added scalar:
              e(fe_id) =  8

added scalar:
          e(n_treated) =  43420

added scalar:
          e(n_control) =  75000

added macro:
               e(smpl) : "Rural"

added macro:
             e(fespec) : "unique_small_grid_id_cohort monthyearco yeargov"

added macro:
                e(mod) : "downup_ac_pop"

added macro:
           e(controls) : "never"
(saving evreg1)
(file /users/aquisper/proj_bureaucrats_farms/code/_stacked_downup_replication/.
> ./../tables/exploratory_analysis/politician_original_controls_fe_sweep/sample
> /politician_original_fe08_controls_never_did_interaction_rural_acpop_all.ster
>  saved)
DID controls=never FE=9/32: unique_small_grid_id_cohort monthyearco province_co
> hort#election_year
(MWFE estimator converged in 23 iterations)

HDFE linear regression with Julia                 Number of obs   =    118,420
Absorbing 3 HDFE groups                           F(   7,   1173) =      16.32
Statistics cluster-robust                         Prob > F        =     0.0000
                                                  R-squared       =     0.1830
                                                  Adj R-squared   =     0.1740
Number of clusters (ac_elec_yr) =       1173      Within R-sq.    =     0.0080
                                                  Root MSE        =  1074.7091

                         (Std. err. adjusted for 1,173 clusters in ac_elec_yr)
------------------------------------------------------------------------------
             |               Robust
      countk | Coefficient  std. err.      t    P>|t|     [95% conf. interval]
-------------+----------------------------------------------------------------
     1.post_ |          0  (omitted)
     1.treat |          0  (omitted)
1.downup_a~p |   16.72218   18.76271     0.89   0.373    -20.09005     53.5344
wind_direc~n |  -.6021554   .0701016    -8.59   0.000    -.7396939   -.4646169
av_wind_sp~d |   393.8232   41.54472     9.48   0.000     312.3129    475.3335
             |
 post_#treat |
        1 1  |   -2.07645   23.54991    -0.09   0.930     -48.2811     44.1282
             |
       post_#|
downup_ac_~p |
        1 1  |  -28.64096   29.25192    -0.98   0.328    -86.03289    28.75097
             |
       treat#|
downup_ac_~p |
        1 1  |  -41.84423   25.21799    -1.66   0.097    -91.32162    7.633172
             |
 post_#treat#|
downup_ac_~p |
      1 1 1  |    84.2548   42.03091     2.00   0.045     1.790647    166.7189
------------------------------------------------------------------------------

added scalar:
              e(ymean) =  125.72667

added scalar:
             e(ymean2) =  103.34127

added scalar:
                e(acq) =  317

added scalar:
              e(fe_id) =  9

added scalar:
          e(n_treated) =  43420

added scalar:
          e(n_control) =  75000

added macro:
               e(smpl) : "Rural"

added macro:
             e(fespec) : "unique_small_grid_id_cohort monthyearco province_coho
> rt#election_year"

added macro:
                e(mod) : "downup_ac_pop"

added macro:
           e(controls) : "never"
(saving evreg1)
(file /users/aquisper/proj_bureaucrats_farms/code/_stacked_downup_replication/.
> ./../tables/exploratory_analysis/politician_original_controls_fe_sweep/sample
> /politician_original_fe09_controls_never_did_interaction_rural_acpop_all.ster
>  saved)
DID controls=never FE=10/32: unique_small_grid_id_cohort monthyearco province_c
> ohort#election_year#yeargov
(MWFE estimator converged in 84 iterations)

HDFE linear regression with Julia                 Number of obs   =    118,420
Absorbing 3 HDFE groups                           F(   7,   1173) =      16.30
Statistics cluster-robust                         Prob > F        =     0.0000
                                                  R-squared       =     0.1866
                                                  Adj R-squared   =     0.1771
Number of clusters (ac_elec_yr) =       1173      Within R-sq.    =     0.0080
                                                  Root MSE        =  1072.6730

                         (Std. err. adjusted for 1,173 clusters in ac_elec_yr)
------------------------------------------------------------------------------
             |               Robust
      countk | Coefficient  std. err.      t    P>|t|     [95% conf. interval]
-------------+----------------------------------------------------------------
     1.post_ |          0  (omitted)
     1.treat |          0  (omitted)
1.downup_a~p |   19.49363   18.99801     1.03   0.305    -17.78024    56.76751
wind_direc~n |  -.5624385   .0692233    -8.12   0.000    -.6982539   -.4266232
av_wind_sp~d |   401.2225   42.07384     9.54   0.000     318.6741    483.7709
             |
 post_#treat |
        1 1  |  -3.433668   23.73936    -0.14   0.885    -50.01002    43.14269
             |
       post_#|
downup_ac_~p |
        1 1  |  -28.97059   29.67825    -0.98   0.329    -87.19898     29.2578
             |
       treat#|
downup_ac_~p |
        1 1  |   -44.9942   25.33382    -1.78   0.076    -94.69886    4.710458
             |
 post_#treat#|
downup_ac_~p |
      1 1 1  |   86.91737    42.4065     2.05   0.041     3.716303    170.1184
------------------------------------------------------------------------------

added scalar:
              e(ymean) =  125.72667

added scalar:
             e(ymean2) =  103.34127

added scalar:
                e(acq) =  317

added scalar:
              e(fe_id) =  10

added scalar:
          e(n_treated) =  43420

added scalar:
          e(n_control) =  75000

added macro:
               e(smpl) : "Rural"

added macro:
             e(fespec) : "unique_small_grid_id_cohort monthyearco province_coho
> rt#election_year#yeargov"

added macro:
                e(mod) : "downup_ac_pop"

added macro:
           e(controls) : "never"
(saving evreg1)
(file /users/aquisper/proj_bureaucrats_farms/code/_stacked_downup_replication/.
> ./../tables/exploratory_analysis/politician_original_controls_fe_sweep/sample
> /politician_original_fe10_controls_never_did_interaction_rural_acpop_all.ster
>  saved)
DID controls=never FE=11/32: unique_small_grid_id_cohort province_cohort#c.mont
> hyear yeargov
(MWFE estimator converged in 16 iterations)

HDFE linear regression with Julia                 Number of obs   =    118,420
Absorbing 3 HDFE groups                           F(   8,   1173) =      22.23
Statistics cluster-robust                         Prob > F        =     0.0000
                                                  R-squared       =     0.1097
                                                  Adj R-squared   =     0.1018
Number of clusters (ac_elec_yr) =       1173      Within R-sq.    =     0.0097
                                                  Root MSE        =  1120.6867

                         (Std. err. adjusted for 1,173 clusters in ac_elec_yr)
------------------------------------------------------------------------------
             |               Robust
      countk | Coefficient  std. err.      t    P>|t|     [95% conf. interval]
-------------+----------------------------------------------------------------
     1.post_ |  -12.09466   20.01927    -0.60   0.546    -51.37225    27.18292
     1.treat |          0  (omitted)
1.downup_a~p |   19.41967   18.73287     1.04   0.300    -17.33402    56.17335
wind_direc~n |  -1.090477   .0895974   -12.17   0.000    -1.266266   -.9146875
av_wind_sp~d |   112.6143   13.42397     8.39   0.000     86.27662     138.952
             |
 post_#treat |
        1 1  |   15.20906   23.42817     0.65   0.516    -30.75674    61.17486
             |
       post_#|
downup_ac_~p |
        1 1  |  -21.74782   28.68672    -0.76   0.449    -78.03084    34.53519
             |
       treat#|
downup_ac_~p |
        1 1  |  -56.35138   24.55039    -2.30   0.022     -104.519   -8.183785
             |
 post_#treat#|
downup_ac_~p |
      1 1 1  |   80.92589   40.51283     2.00   0.046     1.440192    160.4116
------------------------------------------------------------------------------

added scalar:
              e(ymean) =  125.72667

added scalar:
             e(ymean2) =  103.34127

added scalar:
                e(acq) =  317

added scalar:
              e(fe_id) =  11

added scalar:
          e(n_treated) =  43420

added scalar:
          e(n_control) =  75000

added macro:
               e(smpl) : "Rural"

added macro:
             e(fespec) : "unique_small_grid_id_cohort province_cohort#c.monthye
> ar yeargov"

added macro:
                e(mod) : "downup_ac_pop"

added macro:
           e(controls) : "never"
(saving evreg1)
(file /users/aquisper/proj_bureaucrats_farms/code/_stacked_downup_replication/.
> ./../tables/exploratory_analysis/politician_original_controls_fe_sweep/sample
> /politician_original_fe11_controls_never_did_interaction_rural_acpop_all.ster
>  saved)
DID controls=never FE=12/32: unique_small_grid_id_cohort province_cohort#c.mont
> hyear province_cohort#election_year
(MWFE estimator converged in 16 iterations)

HDFE linear regression with Julia                 Number of obs   =    118,420
Absorbing 3 HDFE groups                           F(   8,   1173) =      21.56
Statistics cluster-robust                         Prob > F        =     0.0000
                                                  R-squared       =     0.1103
                                                  Adj R-squared   =     0.1022
Number of clusters (ac_elec_yr) =       1173      Within R-sq.    =     0.0093
                                                  Root MSE        =  1120.4013

                         (Std. err. adjusted for 1,173 clusters in ac_elec_yr)
------------------------------------------------------------------------------
             |               Robust
      countk | Coefficient  std. err.      t    P>|t|     [95% conf. interval]
-------------+----------------------------------------------------------------
     1.post_ |   31.65782   19.92803     1.59   0.112    -7.440741    70.75639
     1.treat |          0  (omitted)
1.downup_a~p |   19.40768   18.69225     1.04   0.299    -17.26631    56.08166
wind_direc~n |  -1.074649   .0899385   -11.95   0.000    -1.251108   -.8981911
av_wind_sp~d |   112.4038   13.47054     8.34   0.000     85.97481    138.8329
             |
 post_#treat |
        1 1  |   .6446116   22.77716     0.03   0.977    -44.04391    45.33314
             |
       post_#|
downup_ac_~p |
        1 1  |  -23.73167   28.52923    -0.83   0.406     -79.7057    32.24236
             |
       treat#|
downup_ac_~p |
        1 1  |  -55.59892   24.47376    -2.27   0.023    -103.6162   -7.581681
             |
 post_#treat#|
downup_ac_~p |
      1 1 1  |   82.53568   40.28552     2.05   0.041     3.495958    161.5754
------------------------------------------------------------------------------

added scalar:
              e(ymean) =  125.72667

added scalar:
             e(ymean2) =  103.34127

added scalar:
                e(acq) =  317

added scalar:
              e(fe_id) =  12

added scalar:
          e(n_treated) =  43420

added scalar:
          e(n_control) =  75000

added macro:
               e(smpl) : "Rural"

added macro:
             e(fespec) : "unique_small_grid_id_cohort province_cohort#c.monthye
> ar province_cohort#election_year"

added macro:
                e(mod) : "downup_ac_pop"

added macro:
           e(controls) : "never"
(saving evreg1)
(file /users/aquisper/proj_bureaucrats_farms/code/_stacked_downup_replication/.
> ./../tables/exploratory_analysis/politician_original_controls_fe_sweep/sample
> /politician_original_fe12_controls_never_did_interaction_rural_acpop_all.ster
>  saved)
DID controls=never FE=13/32: unique_small_grid_id_cohort province_cohort#c.mont
> hyear province_cohort#election_year#yeargov
(MWFE estimator converged in 13 iterations)

HDFE linear regression with Julia                 Number of obs   =    118,420
Absorbing 3 HDFE groups                           F(   8,   1173) =      21.00
Statistics cluster-robust                         Prob > F        =     0.0000
                                                  R-squared       =     0.1128
                                                  Adj R-squared   =     0.1042
Number of clusters (ac_elec_yr) =       1173      Within R-sq.    =     0.0095
                                                  Root MSE        =  1119.1777

                         (Std. err. adjusted for 1,173 clusters in ac_elec_yr)
------------------------------------------------------------------------------
             |               Robust
      countk | Coefficient  std. err.      t    P>|t|     [95% conf. interval]
-------------+----------------------------------------------------------------
     1.post_ |   30.68029   25.26888     1.21   0.225    -18.89697    80.25754
     1.treat |          0  (omitted)
1.downup_a~p |   19.02287   18.76152     1.01   0.311    -17.78701    55.83275
wind_direc~n |   -1.12211   .0942836   -11.90   0.000    -1.307093   -.9371266
av_wind_sp~d |   111.2746   14.75357     7.54   0.000     82.32821    140.2209
             |
 post_#treat |
        1 1  |   1.604765   22.97483     0.07   0.944    -43.47158    46.68111
             |
       post_#|
downup_ac_~p |
        1 1  |  -22.57634   28.84753    -0.78   0.434    -79.17487    34.02219
             |
       treat#|
downup_ac_~p |
        1 1  |  -54.17175   24.49176    -2.21   0.027    -102.2243   -6.119201
             |
 post_#treat#|
downup_ac_~p |
      1 1 1  |   80.54289   40.71767     1.98   0.048     .6552839    160.4305
------------------------------------------------------------------------------

added scalar:
              e(ymean) =  125.72667

added scalar:
             e(ymean2) =  103.34127

added scalar:
                e(acq) =  317

added scalar:
              e(fe_id) =  13

added scalar:
          e(n_treated) =  43420

added scalar:
          e(n_control) =  75000

added macro:
               e(smpl) : "Rural"

added macro:
             e(fespec) : "unique_small_grid_id_cohort province_cohort#c.monthye
> ar province_cohort#election_year#yeargov"

added macro:
                e(mod) : "downup_ac_pop"

added macro:
           e(controls) : "never"
(saving evreg1)
(file /users/aquisper/proj_bureaucrats_farms/code/_stacked_downup_replication/.
> ./../tables/exploratory_analysis/politician_original_controls_fe_sweep/sample
> /politician_original_fe13_controls_never_did_interaction_rural_acpop_all.ster
>  saved)
DID controls=never FE=14/32: unique_small_grid_id_cohort yeargov province_cohor
> t#election_year
(MWFE estimator converged in 11 iterations)

HDFE linear regression with Julia                 Number of obs   =    118,420
Absorbing 3 HDFE groups                           F(   8,   1173) =      21.51
Statistics cluster-robust                         Prob > F        =     0.0000
                                                  R-squared       =     0.1105
                                                  Adj R-squared   =     0.1024
Number of clusters (ac_elec_yr) =       1173      Within R-sq.    =     0.0094
                                                  Root MSE        =  1120.3198

                         (Std. err. adjusted for 1,173 clusters in ac_elec_yr)
------------------------------------------------------------------------------
             |               Robust
      countk | Coefficient  std. err.      t    P>|t|     [95% conf. interval]
-------------+----------------------------------------------------------------
     1.post_ |   32.08732   18.59546     1.73   0.085    -4.396761    68.57141
     1.treat |          0  (omitted)
1.downup_a~p |   19.41013   18.69556     1.04   0.299    -17.27034    56.09059
wind_direc~n |   -1.07902   .0902554   -11.96   0.000      -1.2561   -.9019396
av_wind_sp~d |   112.1498   13.38477     8.38   0.000     85.88899    138.4105
             |
 post_#treat |
        1 1  |   .5118334   22.79621     0.02   0.982    -44.21407    45.23774
             |
       post_#|
downup_ac_~p |
        1 1  |   -23.6068   28.55442    -0.83   0.409    -79.63026    32.41665
             |
       treat#|
downup_ac_~p |
        1 1  |  -55.73537   24.49356    -2.28   0.023    -103.7914   -7.679293
             |
 post_#treat#|
downup_ac_~p |
      1 1 1  |   82.79052   40.34008     2.05   0.040     3.643751    161.9373
------------------------------------------------------------------------------

added scalar:
              e(ymean) =  125.72667

added scalar:
             e(ymean2) =  103.34127

added scalar:
                e(acq) =  317

added scalar:
              e(fe_id) =  14

added scalar:
          e(n_treated) =  43420

added scalar:
          e(n_control) =  75000

added macro:
               e(smpl) : "Rural"

added macro:
             e(fespec) : "unique_small_grid_id_cohort yeargov province_cohort#e
> lection_year"

added macro:
                e(mod) : "downup_ac_pop"

added macro:
           e(controls) : "never"
(saving evreg1)
(file /users/aquisper/proj_bureaucrats_farms/code/_stacked_downup_replication/.
> ./../tables/exploratory_analysis/politician_original_controls_fe_sweep/sample
> /politician_original_fe14_controls_never_did_interaction_rural_acpop_all.ster
>  saved)
DID controls=never FE=15/32: unique_small_grid_id_cohort yeargov province_cohor
> t#election_year#yeargov
(MWFE estimator converged in 9 iterations)

HDFE linear regression with Julia                 Number of obs   =    118,420
Absorbing 3 HDFE groups                           F(   8,   1173) =      21.45
Statistics cluster-robust                         Prob > F        =     0.0000
                                                  R-squared       =     0.1127
                                                  Adj R-squared   =     0.1042
Number of clusters (ac_elec_yr) =       1173      Within R-sq.    =     0.0095
                                                  Root MSE        =  1119.1791

                         (Std. err. adjusted for 1,173 clusters in ac_elec_yr)
------------------------------------------------------------------------------
             |               Robust
      countk | Coefficient  std. err.      t    P>|t|     [95% conf. interval]
-------------+----------------------------------------------------------------
     1.post_ |   62.51357   24.88383     2.51   0.012     13.69178    111.3354
     1.treat |          0  (omitted)
1.downup_a~p |   19.26768   18.61151     1.04   0.301    -17.24789    55.78325
wind_direc~n |   -1.09065   .0911618   -11.96   0.000    -1.269508   -.9117913
av_wind_sp~d |   114.8285   13.63532     8.42   0.000     88.07612    141.5808
             |
 post_#treat |
        1 1  |   .6575828   22.78919     0.03   0.977    -44.05455    45.36971
             |
       post_#|
downup_ac_~p |
        1 1  |  -23.99202   28.59992    -0.84   0.402    -80.10474     32.1207
             |
       treat#|
downup_ac_~p |
        1 1  |  -55.08741   24.32112    -2.27   0.024    -102.8052   -7.369646
             |
 post_#treat#|
downup_ac_~p |
      1 1 1  |   82.39443   40.34378     2.04   0.041     3.240387    161.5485
------------------------------------------------------------------------------

added scalar:
              e(ymean) =  125.72667

added scalar:
             e(ymean2) =  103.34127

added scalar:
                e(acq) =  317

added scalar:
              e(fe_id) =  15

added scalar:
          e(n_treated) =  43420

added scalar:
          e(n_control) =  75000

added macro:
               e(smpl) : "Rural"

added macro:
             e(fespec) : "unique_small_grid_id_cohort yeargov province_cohort#e
> lection_year#yeargov"

added macro:
                e(mod) : "downup_ac_pop"

added macro:
           e(controls) : "never"
(saving evreg1)
(file /users/aquisper/proj_bureaucrats_farms/code/_stacked_downup_replication/.
> ./../tables/exploratory_analysis/politician_original_controls_fe_sweep/sample
> /politician_original_fe15_controls_never_did_interaction_rural_acpop_all.ster
>  saved)
DID controls=never FE=16/32: unique_small_grid_id_cohort province_cohort#electi
> on_year province_cohort#election_year#yeargov
(MWFE estimator converged in 7 iterations)

HDFE linear regression with Julia                 Number of obs   =    118,420
Absorbing 3 HDFE groups                           F(   8,   1173) =      21.45
Statistics cluster-robust                         Prob > F        =     0.0000
                                                  R-squared       =     0.1127
                                                  Adj R-squared   =     0.1041
Number of clusters (ac_elec_yr) =       1173      Within R-sq.    =     0.0095
                                                  Root MSE        =  1119.2698

                         (Std. err. adjusted for 1,173 clusters in ac_elec_yr)
------------------------------------------------------------------------------
             |               Robust
      countk | Coefficient  std. err.      t    P>|t|     [95% conf. interval]
-------------+----------------------------------------------------------------
     1.post_ |   62.51357   24.88585     2.51   0.012     13.68782    111.3393
     1.treat |          0  (omitted)
1.downup_a~p |   19.26768   18.61302     1.04   0.301    -17.25085     55.7862
wind_direc~n |   -1.09065   .0911692   -11.96   0.000    -1.269523   -.9117769
av_wind_sp~d |   114.8285   13.63643     8.42   0.000     88.07395     141.583
             |
 post_#treat |
        1 1  |   .6575828   22.79104     0.03   0.977    -44.05817    45.37334
             |
       post_#|
downup_ac_~p |
        1 1  |  -23.99202   28.60224    -0.84   0.402    -80.10929    32.12525
             |
       treat#|
downup_ac_~p |
        1 1  |  -55.08741    24.3231    -2.26   0.024     -102.809   -7.365774
             |
 post_#treat#|
downup_ac_~p |
      1 1 1  |   82.39443   40.34706     2.04   0.041     3.233969    161.5549
------------------------------------------------------------------------------

added scalar:
              e(ymean) =  125.72667

added scalar:
             e(ymean2) =  103.34127

added scalar:
                e(acq) =  317

added scalar:
              e(fe_id) =  16

added scalar:
          e(n_treated) =  43420

added scalar:
          e(n_control) =  75000

added macro:
               e(smpl) : "Rural"

added macro:
             e(fespec) : "unique_small_grid_id_cohort province_cohort#election_
> year province_cohort#election_year#yeargov"

added macro:
                e(mod) : "downup_ac_pop"

added macro:
           e(controls) : "never"
(saving evreg1)
(file /users/aquisper/proj_bureaucrats_farms/code/_stacked_downup_replication/.
> ./../tables/exploratory_analysis/politician_original_controls_fe_sweep/sample
> /politician_original_fe16_controls_never_did_interaction_rural_acpop_all.ster
>  saved)
DID controls=never FE=17/32: unique_small_grid_id_cohort monthyearco province_c
> ohort#c.monthyear yeargov
(MWFE estimator converged in 27 iterations)

HDFE linear regression with Julia                 Number of obs   =    118,420
Absorbing 4 HDFE groups                           F(   7,   1173) =      17.52
Statistics cluster-robust                         Prob > F        =     0.0000
                                                  R-squared       =     0.1824
                                                  Adj R-squared   =     0.1734
Number of clusters (ac_elec_yr) =       1173      Within R-sq.    =     0.0082
                                                  Root MSE        =  1075.0930

                         (Std. err. adjusted for 1,173 clusters in ac_elec_yr)
------------------------------------------------------------------------------
             |               Robust
      countk | Coefficient  std. err.      t    P>|t|     [95% conf. interval]
-------------+----------------------------------------------------------------
     1.post_ |          0  (omitted)
     1.treat |          0  (omitted)
1.downup_a~p |   16.70801   18.79858     0.89   0.374    -20.17458     53.5906
wind_direc~n |  -.6265724   .0709969    -8.83   0.000    -.7658675   -.4872774
av_wind_sp~d |   397.1275    41.6295     9.54   0.000     315.4509    478.8041
             |
 post_#treat |
        1 1  |   17.24331   24.11382     0.72   0.475    -30.06773    64.55435
             |
       post_#|
downup_ac_~p |
        1 1  |  -26.70754   29.41258    -0.91   0.364    -84.41467     30.9996
             |
       treat#|
downup_ac_~p |
        1 1  |  -42.37839   25.28473    -1.68   0.094    -91.98673    7.229955
             |
 post_#treat#|
downup_ac_~p |
      1 1 1  |    82.5087   42.24971     1.95   0.051    -.3847394    165.4021
------------------------------------------------------------------------------

added scalar:
              e(ymean) =  125.72667

added scalar:
             e(ymean2) =  103.34127

added scalar:
                e(acq) =  317

added scalar:
              e(fe_id) =  17

added scalar:
          e(n_treated) =  43420

added scalar:
          e(n_control) =  75000

added macro:
               e(smpl) : "Rural"

added macro:
             e(fespec) : "unique_small_grid_id_cohort monthyearco province_coho
> rt#c.monthyear yeargov"

added macro:
                e(mod) : "downup_ac_pop"

added macro:
           e(controls) : "never"
(saving evreg1)
(file /users/aquisper/proj_bureaucrats_farms/code/_stacked_downup_replication/.
> ./../tables/exploratory_analysis/politician_original_controls_fe_sweep/sample
> /politician_original_fe17_controls_never_did_interaction_rural_acpop_all.ster
>  saved)
DID controls=never FE=18/32: unique_small_grid_id_cohort monthyearco province_c
> ohort#c.monthyear province_cohort#election_year
(MWFE estimator converged in 48 iterations)

HDFE linear regression with Julia                 Number of obs   =    118,420
Absorbing 4 HDFE groups                           F(   7,   1173) =      16.28
Statistics cluster-robust                         Prob > F        =     0.0000
                                                  R-squared       =     0.1832
                                                  Adj R-squared   =     0.1741
Number of clusters (ac_elec_yr) =       1173      Within R-sq.    =     0.0079
                                                  Root MSE        =  1074.6561

                         (Std. err. adjusted for 1,173 clusters in ac_elec_yr)
------------------------------------------------------------------------------
             |               Robust
      countk | Coefficient  std. err.      t    P>|t|     [95% conf. interval]
-------------+----------------------------------------------------------------
     1.post_ |          0  (omitted)
     1.treat |          0  (omitted)
1.downup_a~p |   16.74532   18.76323     0.89   0.372    -20.06793    53.55856
wind_direc~n |   -.597438   .0697094    -8.57   0.000     -.734207   -.4606691
av_wind_sp~d |   394.1247   41.62891     9.47   0.000     312.4493    475.8001
             |
 post_#treat |
        1 1  |  -2.035084   23.54409    -0.09   0.931    -48.22831    44.15814
             |
       post_#|
downup_ac_~p |
        1 1  |   -28.6054   29.23981    -0.98   0.328    -85.97358    28.76278
             |
       treat#|
downup_ac_~p |
        1 1  |  -41.83215   25.21577    -1.66   0.097    -91.30519    7.640893
             |
 post_#treat#|
downup_ac_~p |
      1 1 1  |   84.18462   42.01707     2.00   0.045     1.747623    166.6216
------------------------------------------------------------------------------

added scalar:
              e(ymean) =  125.72667

added scalar:
             e(ymean2) =  103.34127

added scalar:
                e(acq) =  317

added scalar:
              e(fe_id) =  18

added scalar:
          e(n_treated) =  43420

added scalar:
          e(n_control) =  75000

added macro:
               e(smpl) : "Rural"

added macro:
             e(fespec) : "unique_small_grid_id_cohort monthyearco province_coho
> rt#c.monthyear province_cohort#election_year"

added macro:
                e(mod) : "downup_ac_pop"

added macro:
           e(controls) : "never"
(saving evreg1)
(file /users/aquisper/proj_bureaucrats_farms/code/_stacked_downup_replication/.
> ./../tables/exploratory_analysis/politician_original_controls_fe_sweep/sample
> /politician_original_fe18_controls_never_did_interaction_rural_acpop_all.ster
>  saved)
DID controls=never FE=19/32: unique_small_grid_id_cohort monthyearco province_c
> ohort#c.monthyear province_cohort#election_year#yeargov
(MWFE estimator converged in 111 iterations)

HDFE linear regression with Julia                 Number of obs   =    118,420
Absorbing 4 HDFE groups                           F(   7,   1173) =      16.76
Statistics cluster-robust                         Prob > F        =     0.0000
                                                  R-squared       =     0.1866
                                                  Adj R-squared   =     0.1770
Number of clusters (ac_elec_yr) =       1173      Within R-sq.    =     0.0080
                                                  Root MSE        =  1072.7208

                         (Std. err. adjusted for 1,173 clusters in ac_elec_yr)
------------------------------------------------------------------------------
             |               Robust
      countk | Coefficient  std. err.      t    P>|t|     [95% conf. interval]
-------------+----------------------------------------------------------------
     1.post_ |          0  (omitted)
     1.treat |          0  (omitted)
1.downup_a~p |   19.78406   19.06516     1.04   0.300    -17.62155    57.18968
wind_direc~n |  -.5616735   .0682965    -8.22   0.000    -.6956705   -.4276765
av_wind_sp~d |   400.8616   41.96631     9.55   0.000     318.5242    483.1991
             |
 post_#treat |
        1 1  |  -3.693065   23.80138    -0.16   0.877     -50.3911    43.00496
             |
       post_#|
downup_ac_~p |
        1 1  |  -29.31261   29.77722    -0.98   0.325    -87.73517    29.10996
             |
       treat#|
downup_ac_~p |
        1 1  |  -45.46618   25.42525    -1.79   0.074    -95.35023    4.417867
             |
 post_#treat#|
downup_ac_~p |
      1 1 1  |   87.41758   42.54501     2.05   0.040      3.94476    170.8904
------------------------------------------------------------------------------

added scalar:
              e(ymean) =  125.72667

added scalar:
             e(ymean2) =  103.34127

added scalar:
                e(acq) =  317

added scalar:
              e(fe_id) =  19

added scalar:
          e(n_treated) =  43420

added scalar:
          e(n_control) =  75000

added macro:
               e(smpl) : "Rural"

added macro:
             e(fespec) : "unique_small_grid_id_cohort monthyearco province_coho
> rt#c.monthyear province_cohort#election_year#yeargov"

added macro:
                e(mod) : "downup_ac_pop"

added macro:
           e(controls) : "never"
(saving evreg1)
(file /users/aquisper/proj_bureaucrats_farms/code/_stacked_downup_replication/.
> ./../tables/exploratory_analysis/politician_original_controls_fe_sweep/sample
> /politician_original_fe19_controls_never_did_interaction_rural_acpop_all.ster
>  saved)
DID controls=never FE=20/32: unique_small_grid_id_cohort monthyearco yeargov pr
> ovince_cohort#election_year
(MWFE estimator converged in 33 iterations)

HDFE linear regression with Julia                 Number of obs   =    118,420
Absorbing 4 HDFE groups                           F(   7,   1173) =      16.36
Statistics cluster-robust                         Prob > F        =     0.0000
                                                  R-squared       =     0.1844
                                                  Adj R-squared   =     0.1753
Number of clusters (ac_elec_yr) =       1173      Within R-sq.    =     0.0083
                                                  Root MSE        =  1073.8681

                         (Std. err. adjusted for 1,173 clusters in ac_elec_yr)
------------------------------------------------------------------------------
             |               Robust
      countk | Coefficient  std. err.      t    P>|t|     [95% conf. interval]
-------------+----------------------------------------------------------------
     1.post_ |          0  (omitted)
     1.treat |          0  (omitted)
1.downup_a~p |   19.52096   19.09445     1.02   0.307    -17.94213    56.98405
wind_direc~n |  -.5820204    .069734    -8.35   0.000    -.7188377   -.4452031
av_wind_sp~d |   406.5863   42.43913     9.58   0.000     323.3212    489.8514
             |
 post_#treat |
        1 1  |  -3.714052   23.76329    -0.16   0.876    -50.33734    42.90924
             |
       post_#|
downup_ac_~p |
        1 1  |  -28.62833   29.67191    -0.96   0.335    -86.84427    29.58761
             |
       treat#|
downup_ac_~p |
        1 1  |  -45.39279   25.45637    -1.78   0.075    -95.33789    4.552309
             |
 post_#treat#|
downup_ac_~p |
      1 1 1  |    87.3112    42.4779     2.06   0.040     3.970044    170.6523
------------------------------------------------------------------------------

added scalar:
              e(ymean) =  125.72667

added scalar:
             e(ymean2) =  103.34127

added scalar:
                e(acq) =  317

added scalar:
              e(fe_id) =  20

added scalar:
          e(n_treated) =  43420

added scalar:
          e(n_control) =  75000

added macro:
               e(smpl) : "Rural"

added macro:
             e(fespec) : "unique_small_grid_id_cohort monthyearco yeargov provi
> nce_cohort#election_year"

added macro:
                e(mod) : "downup_ac_pop"

added macro:
           e(controls) : "never"
(saving evreg1)
(file /users/aquisper/proj_bureaucrats_farms/code/_stacked_downup_replication/.
> ./../tables/exploratory_analysis/politician_original_controls_fe_sweep/sample
> /politician_original_fe20_controls_never_did_interaction_rural_acpop_all.ster
>  saved)
DID controls=never FE=21/32: unique_small_grid_id_cohort monthyearco yeargov pr
> ovince_cohort#election_year#yeargov
(MWFE estimator converged in 92 iterations)

HDFE linear regression with Julia                 Number of obs   =    118,420
Absorbing 4 HDFE groups                           F(   7,   1173) =      16.30
Statistics cluster-robust                         Prob > F        =     0.0000
                                                  R-squared       =     0.1866
                                                  Adj R-squared   =     0.1771
Number of clusters (ac_elec_yr) =       1173      Within R-sq.    =     0.0080
                                                  Root MSE        =  1072.6959

                         (Std. err. adjusted for 1,173 clusters in ac_elec_yr)
------------------------------------------------------------------------------
             |               Robust
      countk | Coefficient  std. err.      t    P>|t|     [95% conf. interval]
-------------+----------------------------------------------------------------
     1.post_ |          0  (omitted)
     1.treat |          0  (omitted)
1.downup_a~p |   19.49363    18.9984     1.03   0.305    -17.78102    56.76828
wind_direc~n |  -.5624385   .0692249    -8.12   0.000     -.698257   -.4266201
av_wind_sp~d |   401.2225   42.07478     9.54   0.000     318.6723    483.7727
             |
 post_#treat |
        1 1  |  -3.433649   23.74014    -0.14   0.885    -50.01152    43.14422
             |
       post_#|
downup_ac_~p |
        1 1  |  -28.97059   29.67885    -0.98   0.329    -87.20014    29.25897
             |
       treat#|
downup_ac_~p |
        1 1  |  -44.99419   25.33449    -1.78   0.076    -94.70018    4.711789
             |
 post_#treat#|
downup_ac_~p |
      1 1 1  |   86.91736   42.40775     2.05   0.041     3.713849    170.1209
------------------------------------------------------------------------------

added scalar:
              e(ymean) =  125.72667

added scalar:
             e(ymean2) =  103.34127

added scalar:
                e(acq) =  317

added scalar:
              e(fe_id) =  21

added scalar:
          e(n_treated) =  43420

added scalar:
          e(n_control) =  75000

added macro:
               e(smpl) : "Rural"

added macro:
             e(fespec) : "unique_small_grid_id_cohort monthyearco yeargov provi
> nce_cohort#election_year#yeargov"

added macro:
                e(mod) : "downup_ac_pop"

added macro:
           e(controls) : "never"
(saving evreg1)
(file /users/aquisper/proj_bureaucrats_farms/code/_stacked_downup_replication/.
> ./../tables/exploratory_analysis/politician_original_controls_fe_sweep/sample
> /politician_original_fe21_controls_never_did_interaction_rural_acpop_all.ster
>  saved)
DID controls=never FE=22/32: unique_small_grid_id_cohort monthyearco province_c
> ohort#election_year province_cohort#election_year#yeargov
(MWFE estimator converged in 97 iterations)

HDFE linear regression with Julia                 Number of obs   =    118,420
Absorbing 4 HDFE groups                           F(   7,   1173) =      16.29
Statistics cluster-robust                         Prob > F        =     0.0000
                                                  R-squared       =     0.1866
                                                  Adj R-squared   =     0.1769
Number of clusters (ac_elec_yr) =       1173      Within R-sq.    =     0.0080
                                                  Root MSE        =  1072.7830

                         (Std. err. adjusted for 1,173 clusters in ac_elec_yr)
------------------------------------------------------------------------------
             |               Robust
      countk | Coefficient  std. err.      t    P>|t|     [95% conf. interval]
-------------+----------------------------------------------------------------
     1.post_ |          0  (omitted)
     1.treat |          0  (omitted)
1.downup_a~p |   19.49365   18.99992     1.03   0.305    -17.78399    56.77128
wind_direc~n |  -.5624386   .0692307    -8.12   0.000    -.6982685   -.4266087
av_wind_sp~d |   401.2225   42.07811     9.54   0.000     318.6657    483.7793
             |
 post_#treat |
        1 1  |  -3.433677   23.74121    -0.14   0.885    -50.01366     43.1463
             |
       post_#|
downup_ac_~p |
        1 1  |   -28.9706   29.68114    -0.98   0.329    -87.20465    29.26344
             |
       treat#|
downup_ac_~p |
        1 1  |  -44.99424   25.33656    -1.78   0.076    -94.70429    4.715801
             |
 post_#treat#|
downup_ac_~p |
      1 1 1  |   86.91738    42.4094     2.05   0.041     3.710632    170.1241
------------------------------------------------------------------------------

added scalar:
              e(ymean) =  125.72667

added scalar:
             e(ymean2) =  103.34127

added scalar:
                e(acq) =  317

added scalar:
              e(fe_id) =  22

added scalar:
          e(n_treated) =  43420

added scalar:
          e(n_control) =  75000

added macro:
               e(smpl) : "Rural"

added macro:
             e(fespec) : "unique_small_grid_id_cohort monthyearco province_coho
> rt#election_year province_cohort#election_year#yeargov"

added macro:
                e(mod) : "downup_ac_pop"

added macro:
           e(controls) : "never"
(saving evreg1)
(file /users/aquisper/proj_bureaucrats_farms/code/_stacked_downup_replication/.
> ./../tables/exploratory_analysis/politician_original_controls_fe_sweep/sample
> /politician_original_fe22_controls_never_did_interaction_rural_acpop_all.ster
>  saved)
DID controls=never FE=23/32: unique_small_grid_id_cohort province_cohort#c.mont
> hyear yeargov province_cohort#election_year
(MWFE estimator converged in 40 iterations)

HDFE linear regression with Julia                 Number of obs   =    118,420
Absorbing 4 HDFE groups                           F(   8,   1173) =      21.06
Statistics cluster-robust                         Prob > F        =     0.0000
                                                  R-squared       =     0.1104
                                                  Adj R-squared   =     0.1023
Number of clusters (ac_elec_yr) =       1173      Within R-sq.    =     0.0093
                                                  Root MSE        =  1120.3750

                         (Std. err. adjusted for 1,173 clusters in ac_elec_yr)
------------------------------------------------------------------------------
             |               Robust
      countk | Coefficient  std. err.      t    P>|t|     [95% conf. interval]
-------------+----------------------------------------------------------------
     1.post_ |    51.7157    20.6785     2.50   0.013     11.14473    92.28668
     1.treat |          0  (omitted)
1.downup_a~p |   19.42975   18.65911     1.04   0.298     -17.1792     56.0387
wind_direc~n |  -1.078729   .0898713   -12.00   0.000    -1.255055   -.9024022
av_wind_sp~d |   109.6489   14.37894     7.63   0.000     81.43757    137.8602
             |
 post_#treat |
        1 1  |   .3828925   22.74028     0.02   0.987    -44.23327    44.99905
             |
       post_#|
downup_ac_~p |
        1 1  |   -24.4744   28.43406    -0.86   0.390    -80.26169    31.31289
             |
       treat#|
downup_ac_~p |
        1 1  |  -55.59101   24.44723    -2.27   0.023    -103.5562   -7.625823
             |
 post_#treat#|
downup_ac_~p |
      1 1 1  |   83.06203   40.22339     2.07   0.039     4.144197    161.9799
------------------------------------------------------------------------------

added scalar:
              e(ymean) =  125.72667

added scalar:
             e(ymean2) =  103.34127

added scalar:
                e(acq) =  317

added scalar:
              e(fe_id) =  23

added scalar:
          e(n_treated) =  43420

added scalar:
          e(n_control) =  75000

added macro:
               e(smpl) : "Rural"

added macro:
             e(fespec) : "unique_small_grid_id_cohort province_cohort#c.monthye
> ar yeargov province_cohort#election_year"

added macro:
                e(mod) : "downup_ac_pop"

added macro:
           e(controls) : "never"
(saving evreg1)
(file /users/aquisper/proj_bureaucrats_farms/code/_stacked_downup_replication/.
> ./../tables/exploratory_analysis/politician_original_controls_fe_sweep/sample
> /politician_original_fe23_controls_never_did_interaction_rural_acpop_all.ster
>  saved)
DID controls=never FE=24/32: unique_small_grid_id_cohort province_cohort#c.mont
> hyear yeargov province_cohort#election_year#yeargov
(MWFE estimator converged in 18 iterations)

HDFE linear regression with Julia                 Number of obs   =    118,420
Absorbing 4 HDFE groups                           F(   8,   1173) =      21.01
Statistics cluster-robust                         Prob > F        =     0.0000
                                                  R-squared       =     0.1128
                                                  Adj R-squared   =     0.1042
Number of clusters (ac_elec_yr) =       1173      Within R-sq.    =     0.0095
                                                  Root MSE        =  1119.1986

                         (Std. err. adjusted for 1,173 clusters in ac_elec_yr)
------------------------------------------------------------------------------
             |               Robust
      countk | Coefficient  std. err.      t    P>|t|     [95% conf. interval]
-------------+----------------------------------------------------------------
     1.post_ |   33.92338   25.24109     1.34   0.179    -15.59935    83.44612
     1.treat |          0  (omitted)
1.downup_a~p |   19.99081   18.76555     1.07   0.287    -16.82698    56.80861
wind_direc~n |  -1.122085    .094262   -11.90   0.000    -1.307025   -.9371436
av_wind_sp~d |   111.2805   14.74588     7.55   0.000      82.3492    140.2117
             |
 post_#treat |
        1 1  |  -1.036541   22.90936    -0.05   0.964    -45.98445    43.91137
             |
       post_#|
downup_ac_~p |
        1 1  |  -26.72212   28.73612    -0.93   0.353    -83.10205    29.65781
             |
       treat#|
downup_ac_~p |
        1 1  |   -56.1264   24.53748    -2.29   0.022    -104.2687   -7.984148
             |
 post_#treat#|
downup_ac_~p |
      1 1 1  |   85.57109   40.61316     2.11   0.035     5.888547    165.2536
------------------------------------------------------------------------------

added scalar:
              e(ymean) =  125.72667

added scalar:
             e(ymean2) =  103.34127

added scalar:
                e(acq) =  317

added scalar:
              e(fe_id) =  24

added scalar:
          e(n_treated) =  43420

added scalar:
          e(n_control) =  75000

added macro:
               e(smpl) : "Rural"

added macro:
             e(fespec) : "unique_small_grid_id_cohort province_cohort#c.monthye
> ar yeargov province_cohort#election_year#yeargov"

added macro:
                e(mod) : "downup_ac_pop"

added macro:
           e(controls) : "never"
(saving evreg1)
(file /users/aquisper/proj_bureaucrats_farms/code/_stacked_downup_replication/.
> ./../tables/exploratory_analysis/politician_original_controls_fe_sweep/sample
> /politician_original_fe24_controls_never_did_interaction_rural_acpop_all.ster
>  saved)
DID controls=never FE=25/32: unique_small_grid_id_cohort province_cohort#c.mont
> hyear province_cohort#election_year province_cohort#election_year#yeargov
(MWFE estimator converged in 14 iterations)

HDFE linear regression with Julia                 Number of obs   =    118,420
Absorbing 4 HDFE groups                           F(   8,   1173) =      20.99
Statistics cluster-robust                         Prob > F        =     0.0000
                                                  R-squared       =     0.1128
                                                  Adj R-squared   =     0.1040
Number of clusters (ac_elec_yr) =       1173      Within R-sq.    =     0.0095
                                                  Root MSE        =  1119.2879

                         (Std. err. adjusted for 1,173 clusters in ac_elec_yr)
------------------------------------------------------------------------------
             |               Robust
      countk | Coefficient  std. err.      t    P>|t|     [95% conf. interval]
-------------+----------------------------------------------------------------
     1.post_ |   31.92491   25.26973     1.26   0.207    -17.65402    81.50383
     1.treat |          0  (omitted)
1.downup_a~p |    19.6573   18.78402     1.05   0.296    -17.19674    56.51134
wind_direc~n |  -1.122233    .094286   -11.90   0.000    -1.307221   -.9372452
av_wind_sp~d |   111.3608   14.74253     7.55   0.000     82.43615    140.2855
             |
 post_#treat |
        1 1  |   .0654228   22.94002     0.00   0.998    -44.94263    45.07347
             |
       post_#|
downup_ac_~p |
        1 1  |  -24.66317   28.81375    -0.86   0.392    -81.19542    31.86908
             |
       treat#|
downup_ac_~p |
        1 1  |  -55.77007    24.5369    -2.27   0.023    -103.9112   -7.628948
             |
 post_#treat#|
downup_ac_~p |
      1 1 1  |   83.48388   40.65876     2.05   0.040     3.711863    163.2559
------------------------------------------------------------------------------

added scalar:
              e(ymean) =  125.72667

added scalar:
             e(ymean2) =  103.34127

added scalar:
                e(acq) =  317

added scalar:
              e(fe_id) =  25

added scalar:
          e(n_treated) =  43420

added scalar:
          e(n_control) =  75000

added macro:
               e(smpl) : "Rural"

added macro:
             e(fespec) : "unique_small_grid_id_cohort province_cohort#c.monthye
> ar province_cohort#election_year province_cohort#election_year#yeargov"

added macro:
                e(mod) : "downup_ac_pop"

added macro:
           e(controls) : "never"
(saving evreg1)
(file /users/aquisper/proj_bureaucrats_farms/code/_stacked_downup_replication/.
> ./../tables/exploratory_analysis/politician_original_controls_fe_sweep/sample
> /politician_original_fe25_controls_never_did_interaction_rural_acpop_all.ster
>  saved)
DID controls=never FE=26/32: unique_small_grid_id_cohort yeargov province_cohor
> t#election_year province_cohort#election_year#yeargov
(MWFE estimator converged in 11 iterations)

HDFE linear regression with Julia                 Number of obs   =    118,420
Absorbing 4 HDFE groups                           F(   8,   1173) =      21.45
Statistics cluster-robust                         Prob > F        =     0.0000
                                                  R-squared       =     0.1127
                                                  Adj R-squared   =     0.1040
Number of clusters (ac_elec_yr) =       1173      Within R-sq.    =     0.0095
                                                  Root MSE        =  1119.2936

                         (Std. err. adjusted for 1,173 clusters in ac_elec_yr)
------------------------------------------------------------------------------
             |               Robust
      countk | Coefficient  std. err.      t    P>|t|     [95% conf. interval]
-------------+----------------------------------------------------------------
     1.post_ |   62.51357   24.88637     2.51   0.012      13.6868    111.3403
     1.treat |          0  (omitted)
1.downup_a~p |   19.26768   18.61341     1.04   0.301    -17.25162    55.78697
wind_direc~n |   -1.09065   .0911711   -11.96   0.000    -1.269526    -.911773
av_wind_sp~d |   114.8285   13.63672     8.42   0.000     88.07338    141.5836
             |
 post_#treat |
        1 1  |   .6575829   22.79154     0.03   0.977    -44.05916    45.37433
             |
       post_#|
downup_ac_~p |
        1 1  |  -23.99202   28.60281    -0.84   0.402    -80.11041    32.12637
             |
       treat#|
downup_ac_~p |
        1 1  |  -55.08741   24.32362    -2.26   0.024    -102.8101   -7.364752
             |
 post_#treat#|
downup_ac_~p |
      1 1 1  |   82.39443    40.3479     2.04   0.041     3.232308    161.5565
------------------------------------------------------------------------------

added scalar:
              e(ymean) =  125.72667

added scalar:
             e(ymean2) =  103.34127

added scalar:
                e(acq) =  317

added scalar:
              e(fe_id) =  26

added scalar:
          e(n_treated) =  43420

added scalar:
          e(n_control) =  75000

added macro:
               e(smpl) : "Rural"

added macro:
             e(fespec) : "unique_small_grid_id_cohort yeargov province_cohort#e
> lection_year province_cohort#election_year#yeargov"

added macro:
                e(mod) : "downup_ac_pop"

added macro:
           e(controls) : "never"
(saving evreg1)
(file /users/aquisper/proj_bureaucrats_farms/code/_stacked_downup_replication/.
> ./../tables/exploratory_analysis/politician_original_controls_fe_sweep/sample
> /politician_original_fe26_controls_never_did_interaction_rural_acpop_all.ster
>  saved)
DID controls=never FE=27/32: unique_small_grid_id_cohort monthyearco province_c
> ohort#c.monthyear yeargov province_cohort#election_year
(MWFE estimator converged in 63 iterations)

HDFE linear regression with Julia                 Number of obs   =    118,420
Absorbing 5 HDFE groups                           F(   7,   1173) =      16.31
Statistics cluster-robust                         Prob > F        =     0.0000
                                                  R-squared       =     0.1843
                                                  Adj R-squared   =     0.1752
Number of clusters (ac_elec_yr) =       1173      Within R-sq.    =     0.0083
                                                  Root MSE        =  1073.9156

                         (Std. err. adjusted for 1,173 clusters in ac_elec_yr)
------------------------------------------------------------------------------
             |               Robust
      countk | Coefficient  std. err.      t    P>|t|     [95% conf. interval]
-------------+----------------------------------------------------------------
     1.post_ |          0  (omitted)
     1.treat |          0  (omitted)
1.downup_a~p |    19.5175   19.09807     1.02   0.307     -17.9527     56.9877
wind_direc~n |  -.5778455   .0694865    -8.32   0.000    -.7141772   -.4415139
av_wind_sp~d |   406.6104   42.51108     9.56   0.000     323.2042    490.0167
             |
 post_#treat |
        1 1  |    -3.7133   23.76849    -0.16   0.876    -50.34681    42.92021
             |
       post_#|
downup_ac_~p |
        1 1  |   -28.6088   29.67887    -0.96   0.335    -86.83841     29.6208
             |
       treat#|
downup_ac_~p |
        1 1  |  -45.39023   25.46244    -1.78   0.075    -95.34725    4.566786
             |
 post_#treat#|
downup_ac_~p |
      1 1 1  |   87.32528   42.49027     2.06   0.040     3.959855    170.6907
------------------------------------------------------------------------------

added scalar:
              e(ymean) =  125.72667

added scalar:
             e(ymean2) =  103.34127

added scalar:
                e(acq) =  317

added scalar:
              e(fe_id) =  27

added scalar:
          e(n_treated) =  43420

added scalar:
          e(n_control) =  75000

added macro:
               e(smpl) : "Rural"

added macro:
             e(fespec) : "unique_small_grid_id_cohort monthyearco province_coho
> rt#c.monthyear yeargov province_cohort#election_year"

added macro:
                e(mod) : "downup_ac_pop"

added macro:
           e(controls) : "never"
(saving evreg1)
(file /users/aquisper/proj_bureaucrats_farms/code/_stacked_downup_replication/.
> ./../tables/exploratory_analysis/politician_original_controls_fe_sweep/sample
> /politician_original_fe27_controls_never_did_interaction_rural_acpop_all.ster
>  saved)
DID controls=never FE=28/32: unique_small_grid_id_cohort monthyearco province_c
> ohort#c.monthyear yeargov province_cohort#election_year#yeargov
(MWFE estimator converged in 117 iterations)

HDFE linear regression with Julia                 Number of obs   =    118,420
Absorbing 5 HDFE groups                           F(   7,   1173) =      16.33
Statistics cluster-robust                         Prob > F        =     0.0000
                                                  R-squared       =     0.1866
                                                  Adj R-squared   =     0.1770
Number of clusters (ac_elec_yr) =       1173      Within R-sq.    =     0.0080
                                                  Root MSE        =  1072.7326

                         (Std. err. adjusted for 1,173 clusters in ac_elec_yr)
------------------------------------------------------------------------------
             |               Robust
      countk | Coefficient  std. err.      t    P>|t|     [95% conf. interval]
-------------+----------------------------------------------------------------
     1.post_ |          0  (omitted)
     1.treat |          0  (omitted)
1.downup_a~p |   19.52165    19.0049     1.03   0.305    -17.76574    56.80904
wind_direc~n |  -.5628491   .0691908    -8.13   0.000    -.6986006   -.4270976
av_wind_sp~d |   401.2032   42.06739     9.54   0.000     318.6674    483.7389
             |
 post_#treat |
        1 1  |  -3.462846   23.74634    -0.15   0.884    -50.05289     43.1272
             |
       post_#|
downup_ac_~p |
        1 1  |  -29.00441   29.68837    -0.98   0.329    -87.25265    29.24383
             |
       treat#|
downup_ac_~p |
        1 1  |  -45.04222   25.34342    -1.78   0.076    -94.76572    4.681277
             |
 post_#treat#|
downup_ac_~p |
      1 1 1  |   86.96622   42.42134     2.05   0.041     3.736051    170.1964
------------------------------------------------------------------------------

added scalar:
              e(ymean) =  125.72667

added scalar:
             e(ymean2) =  103.34127

added scalar:
                e(acq) =  317

added scalar:
              e(fe_id) =  28

added scalar:
          e(n_treated) =  43420

added scalar:
          e(n_control) =  75000

added macro:
               e(smpl) : "Rural"

added macro:
             e(fespec) : "unique_small_grid_id_cohort monthyearco province_coho
> rt#c.monthyear yeargov province_cohort#election_year#yeargov"

added macro:
                e(mod) : "downup_ac_pop"

added macro:
           e(controls) : "never"
(saving evreg1)
(file /users/aquisper/proj_bureaucrats_farms/code/_stacked_downup_replication/.
> ./../tables/exploratory_analysis/politician_original_controls_fe_sweep/sample
> /politician_original_fe28_controls_never_did_interaction_rural_acpop_all.ster
>  saved)
DID controls=never FE=29/32: unique_small_grid_id_cohort monthyearco province_c
> ohort#c.monthyear province_cohort#election_year province_cohort#election_year
> #yeargov
(MWFE estimator converged in 117 iterations)

HDFE linear regression with Julia                 Number of obs   =    118,420
Absorbing 5 HDFE groups                           F(   7,   1173) =      16.30
Statistics cluster-robust                         Prob > F        =     0.0000
                                                  R-squared       =     0.1866
                                                  Adj R-squared   =     0.1769
Number of clusters (ac_elec_yr) =       1173      Within R-sq.    =     0.0080
                                                  Root MSE        =  1072.8194

                         (Std. err. adjusted for 1,173 clusters in ac_elec_yr)
------------------------------------------------------------------------------
             |               Robust
      countk | Coefficient  std. err.      t    P>|t|     [95% conf. interval]
-------------+----------------------------------------------------------------
     1.post_ |          0  (omitted)
     1.treat |          0  (omitted)
1.downup_a~p |   19.49827   19.00135     1.03   0.305    -17.78216    56.77869
wind_direc~n |  -.5624883   .0692273    -8.13   0.000    -.6983114   -.4266652
av_wind_sp~d |   401.2214   42.07842     9.54   0.000      318.664    483.7788
             |
 post_#treat |
        1 1  |  -3.440595   23.74268    -0.14   0.885    -50.02345    43.14226
             |
       post_#|
downup_ac_~p |
        1 1  |  -28.97589   29.68323    -0.98   0.329    -87.21403    29.26226
             |
       treat#|
downup_ac_~p |
        1 1  |  -45.00311   25.33855    -1.78   0.076    -94.71705    4.710835
             |
 post_#treat#|
downup_ac_~p |
      1 1 1  |   86.92609   42.41243     2.05   0.041     3.713397    170.1388
------------------------------------------------------------------------------

added scalar:
              e(ymean) =  125.72667

added scalar:
             e(ymean2) =  103.34127

added scalar:
                e(acq) =  317

added scalar:
              e(fe_id) =  29

added scalar:
          e(n_treated) =  43420

added scalar:
          e(n_control) =  75000

added macro:
               e(smpl) : "Rural"

added macro:
             e(fespec) : "unique_small_grid_id_cohort monthyearco province_coho
> rt#c.monthyear province_cohort#election_year province_cohort#election_year#ye
> argov"

added macro:
                e(mod) : "downup_ac_pop"

added macro:
           e(controls) : "never"
(saving evreg1)
(file /users/aquisper/proj_bureaucrats_farms/code/_stacked_downup_replication/.
> ./../tables/exploratory_analysis/politician_original_controls_fe_sweep/sample
> /politician_original_fe29_controls_never_did_interaction_rural_acpop_all.ster
>  saved)
DID controls=never FE=30/32: unique_small_grid_id_cohort monthyearco yeargov pr
> ovince_cohort#election_year province_cohort#election_year#yeargov
(MWFE estimator converged in 102 iterations)

HDFE linear regression with Julia                 Number of obs   =    118,420
Absorbing 5 HDFE groups                           F(   7,   1173) =      16.29
Statistics cluster-robust                         Prob > F        =     0.0000
                                                  R-squared       =     0.1866
                                                  Adj R-squared   =     0.1769
Number of clusters (ac_elec_yr) =       1173      Within R-sq.    =     0.0080
                                                  Root MSE        =  1072.8059

                         (Std. err. adjusted for 1,173 clusters in ac_elec_yr)
------------------------------------------------------------------------------
             |               Robust
      countk | Coefficient  std. err.      t    P>|t|     [95% conf. interval]
-------------+----------------------------------------------------------------
     1.post_ |          0  (omitted)
     1.treat |          0  (omitted)
1.downup_a~p |   19.49364   19.00018     1.03   0.305     -17.7845    56.77178
wind_direc~n |  -.5624386   .0692321    -8.12   0.000    -.6982711    -.426606
av_wind_sp~d |   401.2225   42.07906     9.53   0.000     318.6639    483.7811
             |
 post_#treat |
        1 1  |  -3.433641   23.74201    -0.14   0.885    -50.01519    43.14791
             |
       post_#|
downup_ac_~p |
        1 1  |  -28.97057   29.68157    -0.98   0.329    -87.20547    29.26433
             |
       treat#|
downup_ac_~p |
        1 1  |  -44.99424   25.33709    -1.78   0.076    -94.70531    4.716841
             |
 post_#treat#|
downup_ac_~p |
      1 1 1  |   86.91734   42.41045     2.05   0.041     3.708528    170.1262
------------------------------------------------------------------------------

added scalar:
              e(ymean) =  125.72667

added scalar:
             e(ymean2) =  103.34127

added scalar:
                e(acq) =  317

added scalar:
              e(fe_id) =  30

added scalar:
          e(n_treated) =  43420

added scalar:
          e(n_control) =  75000

added macro:
               e(smpl) : "Rural"

added macro:
             e(fespec) : "unique_small_grid_id_cohort monthyearco yeargov provi
> nce_cohort#election_year province_cohort#election_year#yeargov"

added macro:
                e(mod) : "downup_ac_pop"

added macro:
           e(controls) : "never"
(saving evreg1)
(file /users/aquisper/proj_bureaucrats_farms/code/_stacked_downup_replication/.
> ./../tables/exploratory_analysis/politician_original_controls_fe_sweep/sample
> /politician_original_fe30_controls_never_did_interaction_rural_acpop_all.ster
>  saved)
DID controls=never FE=31/32: unique_small_grid_id_cohort province_cohort#c.mont
> hyear yeargov province_cohort#election_year province_cohort#election_year#yea
> rgov
(MWFE estimator converged in 21 iterations)

HDFE linear regression with Julia                 Number of obs   =    118,420
Absorbing 5 HDFE groups                           F(   8,   1173) =      20.98
Statistics cluster-robust                         Prob > F        =     0.0000
                                                  R-squared       =     0.1128
                                                  Adj R-squared   =     0.1040
Number of clusters (ac_elec_yr) =       1173      Within R-sq.    =     0.0095
                                                  Root MSE        =  1119.3140

                         (Std. err. adjusted for 1,173 clusters in ac_elec_yr)
------------------------------------------------------------------------------
             |               Robust
      countk | Coefficient  std. err.      t    P>|t|     [95% conf. interval]
-------------+----------------------------------------------------------------
     1.post_ |   33.67374   25.24827     1.33   0.183    -15.86308    83.21055
     1.treat |          0  (omitted)
1.downup_a~p |   20.11494   18.76733     1.07   0.284    -16.70634    56.93622
wind_direc~n |  -1.122029   .0942672   -11.90   0.000     -1.30698   -.9370777
av_wind_sp~d |   111.2347    14.7551     7.54   0.000     82.28541    140.1841
             |
 post_#treat |
        1 1  |  -1.282762    22.9016    -0.06   0.955    -46.21543    43.64991
             |
       post_#|
downup_ac_~p |
        1 1  |  -27.18607   28.71559    -0.95   0.344    -83.52573    29.15359
             |
       treat#|
downup_ac_~p |
        1 1  |  -56.24619   24.53983    -2.29   0.022     -104.393   -8.099325
             |
 post_#treat#|
downup_ac_~p |
      1 1 1  |   86.03618   40.60072     2.12   0.034     6.378035    165.6943
------------------------------------------------------------------------------

added scalar:
              e(ymean) =  125.72667

added scalar:
             e(ymean2) =  103.34127

added scalar:
                e(acq) =  317

added scalar:
              e(fe_id) =  31

added scalar:
          e(n_treated) =  43420

added scalar:
          e(n_control) =  75000

added macro:
               e(smpl) : "Rural"

added macro:
             e(fespec) : "unique_small_grid_id_cohort province_cohort#c.monthye
> ar yeargov province_cohort#election_year province_cohort#election_year#yeargo
> v"

added macro:
                e(mod) : "downup_ac_pop"

added macro:
           e(controls) : "never"
(saving evreg1)
(file /users/aquisper/proj_bureaucrats_farms/code/_stacked_downup_replication/.
> ./../tables/exploratory_analysis/politician_original_controls_fe_sweep/sample
> /politician_original_fe31_controls_never_did_interaction_rural_acpop_all.ster
>  saved)
DID controls=never FE=32/32: unique_small_grid_id_cohort monthyearco province_c
> ohort#c.monthyear yeargov province_cohort#election_year province_cohort#elect
> ion_year#yeargov
(MWFE estimator converged in 107 iterations)

HDFE linear regression with Julia                 Number of obs   =    118,420
Absorbing 6 HDFE groups                           F(   7,   1173) =      16.29
Statistics cluster-robust                         Prob > F        =     0.0000
                                                  R-squared       =     0.1866
                                                  Adj R-squared   =     0.1768
Number of clusters (ac_elec_yr) =       1173      Within R-sq.    =     0.0080
                                                  Root MSE        =  1072.8422

                         (Std. err. adjusted for 1,173 clusters in ac_elec_yr)
------------------------------------------------------------------------------
             |               Robust
      countk | Coefficient  std. err.      t    P>|t|     [95% conf. interval]
-------------+----------------------------------------------------------------
     1.post_ |          0  (omitted)
     1.treat |          0  (omitted)
1.downup_a~p |   19.49418   19.00076     1.03   0.305     -17.7851    56.77346
wind_direc~n |  -.5624161   .0692334    -8.12   0.000    -.6982513   -.4265809
av_wind_sp~d |   401.2246   42.08074     9.53   0.000     318.6626    483.7865
             |
 post_#treat |
        1 1  |  -3.436805   23.74273    -0.14   0.885    -50.01977    43.14616
             |
       post_#|
downup_ac_~p |
        1 1  |  -28.97084   29.68228    -0.98   0.329    -87.20714    29.26546
             |
       treat#|
downup_ac_~p |
        1 1  |  -44.99632   25.33798    -1.78   0.076    -94.70915    4.716499
             |
 post_#treat#|
downup_ac_~p |
      1 1 1  |   86.91909   42.41153     2.05   0.041     3.708162      170.13
------------------------------------------------------------------------------

added scalar:
              e(ymean) =  125.72667

added scalar:
             e(ymean2) =  103.34127

added scalar:
                e(acq) =  317

added scalar:
              e(fe_id) =  32

added scalar:
          e(n_treated) =  43420

added scalar:
          e(n_control) =  75000

added macro:
               e(smpl) : "Rural"

added macro:
             e(fespec) : "unique_small_grid_id_cohort monthyearco province_coho
> rt#c.monthyear yeargov province_cohort#election_year province_cohort#election
> _year#yeargov"

added macro:
                e(mod) : "downup_ac_pop"

added macro:
           e(controls) : "never"
(saving evreg1)
(file /users/aquisper/proj_bureaucrats_farms/code/_stacked_downup_replication/.
> ./../tables/exploratory_analysis/politician_original_controls_fe_sweep/sample
> /politician_original_fe32_controls_never_did_interaction_rural_acpop_all.ster
>  saved)

. 
. display as result "COMPLETED politician STER files: controls=`control_sample'
> , FE 1/32"
COMPLETED politician STER files: controls=never, FE 1/32

. 
end of do-file
